bill_no,line_no,product_code,qty,unit_price,line_type,ts,store_id,business_date
S10/20240601/00001,1,P107215,3,153.85,SALE,1717247920,S10,20240601
S10/20240601/00001,2,P101747,5,245.75,SALE,1717247920,S10,20240601
S10/20240601/00001,3,TAX,1,116.82,TAX,1717247920,S10,20240601
S10/20240601/00001,4,TENDER,1,1807.12,TENDER,1717247920,S10,20240601
S10/20240601/00002,1,P104944,2,46.58,SALE,1717261486,S10,20240601
S10/20240601/00002,2,P100855,2,345.07,SALE,1717261486,S10,20240601
S10/20240601/00002,3,TAX,1,140.99,TAX,1717261486,S10,20240601
S10/20240601/00002,4,TENDER,1,924.29,TENDER,1717261486,S10,20240601
S10/20240601/00003,1,P102738,2,236.55,SALE,1717245010,S10,20240601
S10/20240601/00003,2,P103487,1,353.08,SALE,1717245010,S10,20240601
S10/20240601/00003,3,P107458,3,1239.88,SALE,1717245010,S10,20240601
S10/20240601/00003,4,P105268,2,255.65,SALE,1717245010,S10,20240601
S10/20240601/00003,5,P103843,3,636.12,SALE,1717245010,S10,20240601
S10/20240601/00003,6,TAX,1,534.68,TAX,1717245010,S10,20240601
S10/20240601/00003,7,TENDER,1,7500.16,TENDER,1717245010,S10,20240601
S10/20240601/00004,1,P103234,-3,128.39,RETURN,1717252947,S10,20240601
S10/20240601/00004,2,P104756,-3,334.95,RETURN,1717252947,S10,20240601
S10/20240601/00004,3,P106059,-1,301.80,RETURN,1717252947,S10,20240601
S10/20240601/00004,4,TAX,1,-244.24,TAX,1717252947,S10,20240601
S10/20240601/00004,5,TENDER,1,-1936.06,TENDER,1717252947,S10,20240601
S10/20240601/00005,1,P103978,2,347.08,SALE,1717260528,S10,20240601
S10/20240601/00005,2,P100717,1,505.95,SALE,1717260528,S10,20240601
S10/20240601/00005,3,P106115,5,128.36,SALE,1717260528,S10,20240601
S10/20240601/00005,4,P104072,1,708.34,SALE,1717260528,S10,20240601
S10/20240601/00005,5,TAX,1,276.72,TAX,1717260528,S10,20240601
S10/20240601/00005,6,TENDER,1,2826.97,TENDER,1717260528,S10,20240601
S10/20240601/00006,1,P107775,1,755.55,SALE,1717263057,S10,20240601
S10/20240601/00006,2,P105453,2,393.95,SALE,1717263057,S10,20240601
S10/20240601/00006,3,P107815,2,106.85,SALE,1717263057,S10,20240601
S10/20240601/00006,4,P103496,3,70.71,SALE,1717263057,S10,20240601
S10/20240601/00006,5,P107536,3,1495.35,SALE,1717263057,S10,20240601
S10/20240601/00006,6,P105288,2,271.73,SALE,1717263057,S10,20240601
S10/20240601/00006,7,TAX,1,243.43,TAX,1717263057,S10,20240601
S10/20240601/00006,8,TENDER,1,7242.22,TENDER,1717263057,S10,20240601
S10/20240601/00007,1,P101982,5,366.95,SALE,1717250474,S10,20240601
S10/20240601/00007,2,P103922,1,51.00,SALE,1717250474,S10,20240601
S10/20240601/00007,3,P108149,2,985.90,SALE,1717250474,S10,20240601
S10/20240601/00007,4,TAX,1,339.44,TAX,1717250474,S10,20240601
S10/20240601/00007,5,TENDER,1,4196.99,TENDER,1717250474,S10,20240601
S10/20240601/00008,1,P102972,2,250.10,SALE,1717261387,S10,20240601
S10/20240601/00008,2,P102346,2,79.95,SALE,1717261387,S10,20240601
S10/20240601/00008,3,TAX,1,79.21,TAX,1717261387,S10,20240601
S10/20240601/00008,4,TENDER,1,739.31,TENDER,1717261387,S10,20240601
S10/20240601/00009,1,P102103,1,345.70,SALE,1717254983,S10,20240601
S10/20240601/00009,2,P107555,2,1314.43,SALE,1717254983,S10,20240601
S10/20240601/00009,3,P104800,1,692.51,SALE,1717254983,S10,20240601
S10/20240601/00009,4,P106659,2,88.95,SALE,1717254983,S10,20240601
S10/20240601/00009,5,P106373,2,48.45,SALE,1717254983,S10,20240601
S10/20240601/00009,6,P107414,2,539.23,SALE,1717254983,S10,20240601
S10/20240601/00009,7,P106920,2,1398.34,SALE,1717254983,S10,20240601
S10/20240601/00009,8,TAX,1,225.44,TAX,1717254983,S10,20240601
S10/20240601/00009,9,TENDER,1,8042.45,TENDER,1717254983,S10,20240601
S10/20240601/00010,1,P104651,2,540.51,SALE,1717256793,S10,20240601
S10/20240601/00010,2,P107609,1,108.46,SALE,1717256793,S10,20240601
S10/20240601/00010,3,TAX,1,149.25,TAX,1717256793,S10,20240601
S10/20240601/00010,4,TENDER,1,1338.73,TENDER,1717256793,S10,20240601
S10/20240601/00011,1,P102290,1,547.95,SALE,1717245902,S10,20240601
S10/20240601/00011,2,P102954,3,122.32,SALE,1717245902,S10,20240601
S10/20240601/00011,3,P103214,2,283.38,SALE,1717245902,S10,20240601
S10/20240601/00011,4,P103712,2,481.86,SALE,1717245902,S10,20240601
S10/20240601/00011,5,TAX,1,253.77,TAX,1717245902,S10,20240601
S10/20240601/00011,6,TENDER,1,2699.16,TENDER,1717245902,S10,20240601
S10/20240601/00012,1,P101762,3,529.95,SALE,1717263873,S10,20240601
S10/20240601/00012,2,P104665,2,217.71,SALE,1717263873,S10,20240601
S10/20240601/00012,3,P103040,1,402.85,SALE,1717263873,S10,20240601
S10/20240601/00012,4,P106620,2,296.41,SALE,1717263873,S10,20240601
S10/20240601/00012,5,P103096,2,277.95,SALE,1717263873,S10,20240601
S10/20240601/00012,6,P105908,1,638.48,SALE,1717263873,S10,20240601
S10/20240601/00012,7,P105400,4,48.10,SALE,1717263873,S10,20240601
S10/20240601/00012,8,P105944,1,985.47,SALE,1717263873,S10,20240601
S10/20240601/00012,9,P102311,4,302.05,SALE,1717263873,S10,20240601
S10/20240601/00012,10,TAX,1,731.97,TAX,1717263873,S10,20240601
S10/20240601/00012,11,TENDER,1,7333.36,TENDER,1717263873,S10,20240601
S10/20240601/00013,1,P104625,2,265.44,SALE,1717254751,S10,20240601
S10/20240601/00013,2,P106209,1,182.34,SALE,1717254751,S10,20240601
S10/20240601/00013,3,P104294,1,115.73,SALE,1717254751,S10,20240601
S10/20240601/00013,4,P102375,2,487.64,SALE,1717254751,S10,20240601
S10/20240601/00013,5,TAX,1,211.32,TAX,1717254751,S10,20240601
S10/20240601/00013,6,TENDER,1,2015.55,TENDER,1717254751,S10,20240601
S10/20240601/00014,1,P105075,1,49.58,SALE,1717264003,S10,20240601
S10/20240601/00014,2,P104872,2,132.95,SALE,1717264003,S10,20240601
S10/20240601/00014,3,P107373,2,96.95,SALE,1717264003,S10,20240601
S10/20240601/00014,4,P104842,2,357.87,SALE,1717264003,S10,20240601
S10/20240601/00014,5,P107477,1,116.48,SALE,1717264003,S10,20240601
S10/20240601/00014,6,P106123,4,248.44,SALE,1717264003,S10,20240601
S10/20240601/00014,7,P103137,1,218.09,SALE,1717264003,S10,20240601
S10/20240601/00014,8,P100499,4,234.95,SALE,1717264003,S10,20240601
S10/20240601/00014,9,P104651,2,540.51,SALE,1717264003,S10,20240601
S10/20240601/00014,10,P106948,2,160.95,SALE,1717264003,S10,20240601
S10/20240601/00014,11,P106200,2,117.95,SALE,1717264003,S10,20240601
S10/20240601/00014,12,P106130,2,1254.95,SALE,1717264003,S10,20240601
S10/20240601/00014,13,TAX,1,445.62,TAX,1717264003,S10,20240601
S10/20240601/00014,14,TENDER,1,8087.59,TENDER,1717264003,S10,20240601
S10/20240601/00015,1,P107920,3,109.22,SALE,1717250578,S10,20240601
S10/20240601/00015,2,P104695,4,74.85,SALE,1717250578,S10,20240601
S10/20240601/00015,3,P108227,4,551.58,SALE,1717250578,S10,20240601
S10/20240601/00015,4,P107872,1,583.81,SALE,1717250578,S10,20240601
S10/20240601/00015,5,P104446,1,56.83,SALE,1717250578,S10,20240601
S10/20240601/00015,6,DISC,1,-344.44,DISCOUNT,1717250578,S10,20240601
S10/20240601/00015,7,TAX,1,102.13,TAX,1717250578,S10,20240601
S10/20240601/00015,8,TENDER,1,3231.71,TENDER,1717250578,S10,20240601
S10/20240601/00016,1,P104212,2,401.95,SALE,1717245066,S10,20240601
S10/20240601/00016,2,P102674,3,496.43,SALE,1717245066,S10,20240601
S10/20240601/00016,3,P108313,2,372.95,SALE,1717245066,S10,20240601
S10/20240601/00016,4,P100761,1,51.26,SALE,1717245066,S10,20240601
S10/20240601/00016,5,P104328,1,66.17,SALE,1717245066,S10,20240601
S10/20240601/00016,6,DISC,1,-345.02,DISCOUNT,1717245066,S10,20240601
S10/20240601/00016,7,TAX,1,452.61,TAX,1717245066,S10,20240601
S10/20240601/00016,8,TENDER,1,3264.11,TENDER,1717245066,S10,20240601
S10/20240601/00017,1,P102695,4,1259.21,SALE,1717260810,S10,20240601
S10/20240601/00017,2,P103054,3,104.95,SALE,1717260810,S10,20240601
S10/20240601/00017,3,P105187,2,1057.95,SALE,1717260810,S10,20240601
S10/20240601/00017,4,TAX,1,604.42,TAX,1717260810,S10,20240601
S10/20240601/00017,5,TENDER,1,8072.01,TENDER,1717260810,S10,20240601
S10/20240601/00018,1,P101384,2,42.99,SALE,1717260785,S10,20240601
S10/20240601/00018,2,P100791,2,40.18,SALE,1717260785,S10,20240601
S10/20240601/00018,3,P102290,2,547.95,SALE,1717260785,S10,20240601
S10/20240601/00018,4,TAX,1,139.83,TAX,1717260785,S10,20240601
S10/20240601/00018,5,TENDER,1,1402.07,TENDER,1717260785,S10,20240601
S10/20240601/00019,1,P107178,3,287.34,SALE,1717264915,S10,20240601
S10/20240601/00019,2,P106200,2,117.95,SALE,1717264915,S10,20240601
S10/20240601/00019,3,TAX,1,131.75,TAX,1717264915,S10,20240601
S10/20240601/00019,4,TENDER,1,1229.67,TENDER,1717264915,S10,20240601
S10/20240601/00020,1,P107409,2,419.09,SALE,1717255878,S10,20240601
S10/20240601/00020,2,P108272,1,101.95,SALE,1717255878,S10,20240601
S10/20240601/00020,3,P107822,4,68.95,SALE,1717255878,S10,20240601
S10/20240601/00020,4,P106254,4,1135.50,SALE,1717255878,S10,20240601
S10/20240601/00020,5,P106277,2,425.71,SALE,1717255878,S10,20240601
S10/20240601/00020,6,TAX,1,146.36,TAX,1717255878,S10,20240601
S10/20240601/00020,7,TENDER,1,6755.71,TENDER,1717255878,S10,20240601
S10/20240601/00021,1,P102566,4,415.94,SALE,1717271572,S10,20240601
S10/20240601/00021,2,P101404,5,213.08,SALE,1717271572,S10,20240601
S10/20240601/00021,3,P103766,3,191.95,SALE,1717271572,S10,20240601
S10/20240601/00021,4,P100121,3,102.39,SALE,1717271572,S10,20240601
S10/20240601/00021,5,P101613,2,117.31,SALE,1717271572,S10,20240601
S10/20240601/00021,6,P101859,1,68.39,SALE,1717271572,S10,20240601
S10/20240601/00021,7,TAX,1,231.05,TAX,1717271572,S10,20240601
S10/20240601/00021,8,TENDER,1,4146.24,TENDER,1717271572,S10,20240601
S10/20240601/00022,1,P108292,2,104.02,SALE,1717242741,S10,20240601
S10/20240601/00022,2,P104032,2,568.95,SALE,1717242741,S10,20240601
S10/20240601/00022,3,P107960,3,1047.81,SALE,1717242741,S10,20240601
S10/20240601/00022,4,P100066,2,251.22,SALE,1717242741,S10,20240601
S10/20240601/00022,5,TAX,1,672.47,TAX,1717242741,S10,20240601
S10/20240601/00022,6,TENDER,1,5664.28,TENDER,1717242741,S10,20240601
S10/20240601/00023,1,P100731,1,254.77,SALE,1717261259,S10,20240601
S10/20240601/00023,2,P107733,2,55.17,SALE,1717261259,S10,20240601
S10/20240601/00023,3,TAX,1,51.38,TAX,1717261259,S10,20240601
S10/20240601/00023,4,TENDER,1,416.49,TENDER,1717261259,S10,20240601
S10/20240601/00024,1,P106336,6,456.47,SALE,1717259954,S10,20240601
S10/20240601/00024,2,P107346,3,449.29,SALE,1717259954,S10,20240601
S10/20240601/00024,3,P100904,1,68.79,SALE,1717259954,S10,20240601
S10/20240601/00024,4,P107472,2,60.81,SALE,1717259954,S10,20240601
S10/20240601/00024,5,P107743,4,206.95,SALE,1717259954,S10,20240601
S10/20240601/00024,6,TAX,1,678.18,TAX,1717259954,S10,20240601
S10/20240601/00024,7,TENDER,1,5783.08,TENDER,1717259954,S10,20240601
S10/20240601/00025,1,P104593,1,867.34,SALE,1717258496,S10,20240601
S10/20240601/00025,2,P103986,2,455.45,SALE,1717258496,S10,20240601
S10/20240601/00025,3,P100560,2,176.85,SALE,1717258496,S10,20240601
S10/20240601/00025,4,P106686,1,301.28,SALE,1717258496,S10,20240601
S10/20240601/00025,5,TAX,1,325.55,TAX,1717258496,S10,20240601
S10/20240601/00025,6,TENDER,1,2758.77,TENDER,1717258496,S10,20240601
S10/20240601/00026,1,P105838,2,594.50,SALE,1717258689,S10,20240601
S10/20240601/00026,2,P101961,1,679.58,SALE,1717258689,S10,20240601
S10/20240601/00026,3,P106793,3,298.28,SALE,1717258689,S10,20240601
S10/20240601/00026,4,P104718,2,364.54,SALE,1717258689,S10,20240601
S10/20240601/00026,5,P102364,1,104.57,SALE,1717258689,S10,20240601
S10/20240601/00026,6,DISC,1,-154.12,DISCOUNT,1717258689,S10,20240601
S10/20240601/00026,7,TAX,1,261.67,TAX,1717258689,S10,20240601
S10/20240601/00026,8,TENDER,1,3704.62,TENDER,1717258689,S10,20240601
S10/20240601/00027,1,P108017,3,103.22,SALE,1717259194,S10,20240601
S10/20240601/00027,2,P100985,1,288.61,SALE,1717259194,S10,20240601
S10/20240601/00027,3,TAX,1,51.95,TAX,1717259194,S10,20240601
S10/20240601/00027,4,TENDER,1,650.22,TENDER,1717259194,S10,20240601
S10/20240601/00028,1,P106452,2,27.90,SALE,1717252131,S10,20240601
S10/20240601/00028,2,P105490,1,154.49,SALE,1717252131,S10,20240601
S10/20240601/00028,3,P104089,1,335.03,SALE,1717252131,S10,20240601
S10/20240601/00028,4,P106344,3,817.92,SALE,1717252131,S10,20240601
S10/20240601/00028,5,P104938,1,999.94,SALE,1717252131,S10,20240601
S10/20240601/00028,6,TAX,1,210.90,TAX,1717252131,S10,20240601
S10/20240601/00028,7,TENDER,1,4209.92,TENDER,1717252131,S10,20240601
S10/20240601/00029,1,P107705,1,706.38,SALE,1717245187,S10,20240601
S10/20240601/00029,2,P102081,2,164.15,SALE,1717245187,S10,20240601
S10/20240601/00029,3,P101311,1,481.74,SALE,1717245187,S10,20240601
S10/20240601/00029,4,P106059,3,317.68,SALE,1717245187,S10,20240601
S10/20240601/00029,5,P104351,1,1128.29,SALE,1717245187,S10,20240601
S10/20240601/00029,6,P105021,1,1086.75,SALE,1717245187,S10,20240601
S10/20240601/00029,7,TAX,1,526.32,TAX,1717245187,S10,20240601
S10/20240601/00029,8,TENDER,1,5210.82,TENDER,1717245187,S10,20240601
S10/20240601/00030,1,P105069,3,162.60,SALE,1717251059,S10,20240601
S10/20240601/00030,2,P101925,1,181.41,SALE,1717251059,S10,20240601
S10/20240601/00030,3,P100736,1,700.87,SALE,1717251059,S10,20240601
S10/20240601/00030,4,P102714,1,80.41,SALE,1717251059,S10,20240601
S10/20240601/00030,5,P105209,1,399.92,SALE,1717251059,S10,20240601
S10/20240601/00030,6,P104334,1,294.34,SALE,1717251059,S10,20240601
S10/20240601/00030,7,P104676,1,89.78,SALE,1717251059,S10,20240601
S10/20240601/00030,8,TAX,1,317.07,TAX,1717251059,S10,20240601
S10/20240601/00030,9,TENDER,1,2551.60,TENDER,1717251059,S10,20240601
S10/20240601/00031,1,P107715,1,241.95,SALE,1717272842,S10,20240601
S10/20240601/00031,2,P108292,1,104.02,SALE,1717272842,S10,20240601
S10/20240601/00031,3,P100224,2,78.05,SALE,1717272842,S10,20240601
S10/20240601/00031,4,TAX,1,51.36,TAX,1717272842,S10,20240601
S10/20240601/00031,5,TENDER,1,553.43,TENDER,1717272842,S10,20240601
S10/20240601/00032,1,P107400,2,274.90,SALE,1717237344,S10,20240601
S10/20240601/00032,2,P101090,2,24.06,SALE,1717237344,S10,20240601
S10/20240601/00032,3,P108159,3,488.81,SALE,1717237344,S10,20240601
S10/20240601/00032,4,P105230,4,112.14,SALE,1717237344,S10,20240601
S10/20240601/00032,5,P104454,1,47.84,SALE,1717237344,S10,20240601
S10/20240601/00032,6,P106659,1,88.95,SALE,1717237344,S10,20240601
S10/20240601/00032,7,P101034,2,85.95,SALE,1717237344,S10,20240601
S10/20240601/00032,8,TAX,1,195.15,TAX,1717237344,S10,20240601
S10/20240601/00032,9,TENDER,1,3016.75,TENDER,1717237344,S10,20240601
S10/20240601/00033,1,P103309,4,59.57,SALE,1717256583,S10,20240601
S10/20240601/00033,2,P103620,5,468.18,SALE,1717256583,S10,20240601
S10/20240601/00033,3,DISC,1,-71.44,DISCOUNT,1717256583,S10,20240601
S10/20240601/00033,4,TAX,1,11.58,TAX,1717256583,S10,20240601
S10/20240601/00033,5,TENDER,1,2519.32,TENDER,1717256583,S10,20240601
S10/20240601/00034,1,P105187,4,1057.95,SALE,1717265669,S10,20240601
S10/20240601/00034,2,P108050,4,1178.10,SALE,1717265669,S10,20240601
S10/20240601/00034,3,P105845,6,102.36,SALE,1717265669,S10,20240601
S10/20240601/00034,4,P106611,3,341.44,SALE,1717265669,S10,20240601
S10/20240601/00034,5,P102931,1,185.66,SALE,1717265669,S10,20240601
S10/20240601/00034,6,P101037,2,537.96,SALE,1717265669,S10,20240601
S10/20240601/00034,7,P105633,1,46.25,SALE,1717265669,S10,20240601
S10/20240601/00034,8,P105624,3,380.06,SALE,1717265669,S10,20240601
S10/20240601/00034,9,TAX,1,722.07,TAX,1717265669,S10,20240601
S10/20240601/00034,10,TENDER,1,13752.76,TENDER,1717265669,S10,20240601
S10/20240601/00035,1,P107807,2,118.66,SALE,1717263076,S10,20240601
S10/20240601/00035,2,P107952,1,1852.40,SALE,1717263076,S10,20240601
S10/20240601/00035,3,TAX,1,11.87,TAX,1717263076,S10,20240601
S10/20240601/00035,4,TENDER,1,2101.59,TENDER,1717263076,S10,20240601
S10/20240601/00036,1,P101389,2,430.39,SALE,1717256716,S10,20240601
S10/20240601/00036,2,P103964,2,134.15,SALE,1717256716,S10,20240601
S10/20240601/00036,3,P105003,2,285.67,SALE,1717256716,S10,20240601
S10/20240601/00036,4,P105313,2,51.83,SALE,1717256716,S10,20240601
S10/20240601/00036,5,P104133,2,248.31,SALE,1717256716,S10,20240601
S10/20240601/00036,6,P102181,2,1394.08,SALE,1717256716,S10,20240601
S10/20240601/00036,7,P108319,3,253.21,SALE,1717256716,S10,20240601
S10/20240601/00036,8,P106858,1,257.07,SALE,1717256716,S10,20240601
S10/20240601/00036,9,TAX,1,355.45,TAX,1717256716,S10,20240601
S10/20240601/00036,10,TENDER,1,6461.01,TENDER,1717256716,S10,20240601
S10/20240601/00037,1,P103438,2,187.96,SALE,1717250478,S10,20240601
S10/20240601/00037,2,P108374,2,1354.57,SALE,1717250478,S10,20240601
S10/20240601/00037,3,P100308,2,277.54,SALE,1717250478,S10,20240601
S10/20240601/00037,4,TAX,1,85.41,TAX,1717250478,S10,20240601
S10/20240601/00037,5,TENDER,1,3725.55,TENDER,1717250478,S10,20240601
S10/20240601/00038,1,P103461,3,104.95,SALE,1717258252,S10,20240601
S10/20240601/00038,2,P103600,2,98.09,SALE,1717258252,S10,20240601
S10/20240601/00038,3,P107843,2,486.47,SALE,1717258252,S10,20240601
S10/20240601/00038,4,P101023,1,193.95,SALE,1717258252,S10,20240601
S10/20240601/00038,5,TAX,1,232.42,TAX,1717258252,S10,20240601
S10/20240601/00038,6,TENDER,1,1910.34,TENDER,1717258252,S10,20240601
S10/20240601/00039,1,P105624,1,380.06,SALE,1717255475,S10,20240601
S10/20240601/00039,2,P107246,1,310.13,SALE,1717255475,S10,20240601
S10/20240601/00039,3,P105636,1,543.66,SALE,1717255475,S10,20240601
S10/20240601/00039,4,TAX,1,74.83,TAX,1717255475,S10,20240601
S10/20240601/00039,5,TENDER,1,1308.68,TENDER,1717255475,S10,20240601
S10/20240601/00040,1,P100095,1,92.95,SALE,1717247633,S10,20240601
S10/20240601/00040,2,P100367,3,537.90,SALE,1717247633,S10,20240601
S10/20240601/00040,3,P105971,2,1150.46,SALE,1717247633,S10,20240601
S10/20240601/00040,4,P105636,5,543.66,SALE,1717247633,S10,20240601
S10/20240601/00040,5,TAX,1,410.16,TAX,1717247633,S10,20240601
S10/20240601/00040,6,TENDER,1,7136.03,TENDER,1717247633,S10,20240601
S10/20240601/00041,1,P102074,-1,415.90,RETURN,1717246812,S10,20240601
S10/20240601/00041,2,P106143,-4,56.15,RETURN,1717246812,S10,20240601
S10/20240601/00041,3,P104891,-4,692.46,RETURN,1717246812,S10,20240601
S10/20240601/00041,4,P105918,-2,294.44,RETURN,1717246812,S10,20240601
S10/20240601/00041,5,P107040,-2,474.18,RETURN,1717246812,S10,20240601
S10/20240601/00041,6,P107654,-2,363.70,RETURN,1717246812,S10,20240601
S10/20240601/00041,7,P103978,-2,347.08,RETURN,1717246812,S10,20240601
S10/20240601/00041,8,P103243,-1,195.61,RETURN,1717246812,S10,20240601
S10/20240601/00041,9,P105302,-3,258.62,RETURN,1717246812,S10,20240601
S10/20240601/00041,10,P105845,-2,102.36,RETURN,1717246812,S10,20240601
S10/20240601/00041,11,TAX,1,-754.44,TAX,1717246812,S10,20240601
S10/20240601/00041,12,TENDER,1,-8299.77,TENDER,1717246812,S10,20240601
S10/20240601/00042,1,P102236,4,928.51,SALE,1717258553,S10,20240601
S10/20240601/00042,2,P104187,2,86.95,SALE,1717258553,S10,20240601
S10/20240601/00042,3,P105507,2,20.17,SALE,1717258553,S10,20240601
S10/20240601/00042,4,P108186,2,336.07,SALE,1717258553,S10,20240601
S10/20240601/00042,5,P102346,1,79.95,SALE,1717258553,S10,20240601
S10/20240601/00042,6,P101961,2,679.58,SALE,1717258553,S10,20240601
S10/20240601/00042,7,TAX,1,529.30,TAX,1717258553,S10,20240601
S10/20240601/00042,8,TENDER,1,6568.83,TENDER,1717258553,S10,20240601
S10/20240601/00043,1,P101492,1,113.44,SALE,1717268315,S10,20240601
S10/20240601/00043,2,P102353,4,139.83,SALE,1717268315,S10,20240601
S10/20240601/00043,3,P106415,1,911.99,SALE,1717268315,S10,20240601
S10/20240601/00043,4,P106106,1,219.14,SALE,1717268315,S10,20240601
S10/20240601/00043,5,TAX,1,197.27,TAX,1717268315,S10,20240601
S10/20240601/00043,6,TENDER,1,2001.16,TENDER,1717268315,S10,20240601
S10/20240601/00044,1,P101851,1,1750.29,SALE,1717248371,S10,20240601
S10/20240601/00044,2,P102181,2,1394.08,SALE,1717248371,S10,20240601
S10/20240601/00044,3,P107231,2,1193.22,SALE,1717248371,S10,20240601
S10/20240601/00044,4,P105747,1,287.56,SALE,1717248371,S10,20240601
S10/20240601/00044,5,P107654,2,363.70,SALE,1717248371,S10,20240601
S10/20240601/00044,6,P103591,2,102.70,SALE,1717248371,S10,20240601
S10/20240601/00044,7,P104956,2,133.95,SALE,1717248371,S10,20240601
S10/20240601/00044,8,P104902,1,445.79,SALE,1717248371,S10,20240601
S10/20240601/00044,9,P106072,3,78.69,SALE,1717248371,S10,20240601
S10/20240601/00044,10,TAX,1,332.81,TAX,1717248371,S10,20240601
S10/20240601/00044,11,TENDER,1,9427.82,TENDER,1717248371,S10,20240601
S10/20240601/00045,1,P106221,2,31.65,SALE,1717251395,S10,20240601
S10/20240601/00045,2,P106542,1,122.90,SALE,1717251395,S10,20240601
S10/20240601/00045,3,P103473,1,424.75,SALE,1717251395,S10,20240601
S10/20240601/00045,4,P106911,1,232.77,SALE,1717251395,S10,20240601
S10/20240601/00045,5,P105069,1,162.60,SALE,1717251395,S10,20240601
S10/20240601/00045,6,P107740,1,1366.88,SALE,1717251395,S10,20240601
S10/20240601/00045,7,TAX,1,277.78,TAX,1717251395,S10,20240601
S10/20240601/00045,8,TENDER,1,2650.98,TENDER,1717251395,S10,20240601
S10/20240601/00046,1,P100233,1,67.07,SALE,1717281022,S10,20240601
S10/20240601/00046,2,P100260,1,1124.20,SALE,1717281022,S10,20240601
S10/20240601/00046,3,P103946,2,328.70,SALE,1717281022,S10,20240601
S10/20240601/00046,4,P101500,1,330.53,SALE,1717281022,S10,20240601
S10/20240601/00046,5,P100731,3,254.77,SALE,1717281022,S10,20240601
S10/20240601/00046,6,P107137,3,32.59,SALE,1717281022,S10,20240601
S10/20240601/00046,7,TAX,1,140.93,TAX,1717281022,S10,20240601
S10/20240601/00046,8,TENDER,1,3182.21,TENDER,1717281022,S10,20240601
S10/20240601/00047,1,P100864,2,193.24,SALE,1717267490,S10,20240601
S10/20240601/00047,2,P103178,1,21.21,SALE,1717267490,S10,20240601
S10/20240601/00047,3,P104236,1,289.43,SALE,1717267490,S10,20240601
S10/20240601/00047,4,P107278,3,57.40,SALE,1717267490,S10,20240601
S10/20240601/00047,5,P100593,2,29.38,SALE,1717267490,S10,20240601
S10/20240601/00047,6,TAX,1,149.08,TAX,1717267490,S10,20240601
S10/20240601/00047,7,TENDER,1,1077.16,TENDER,1717267490,S10,20240601
S10/20240601/00048,1,P100571,3,117.95,SALE,1717264651,S10,20240601
S10/20240601/00048,2,P107100,2,171.95,SALE,1717264651,S10,20240601
S10/20240601/00048,3,P103693,1,102.71,SALE,1717264651,S10,20240601
S10/20240601/00048,4,P103438,3,187.96,SALE,1717264651,S10,20240601
S10/20240601/00048,5,P102691,1,219.72,SALE,1717264651,S10,20240601
S10/20240601/00048,6,TAX,1,144.14,TAX,1717264651,S10,20240601
S10/20240601/00048,7,TENDER,1,1728.20,TENDER,1717264651,S10,20240601
S10/20240601/00049,1,P100418,3,204.95,SALE,1717269455,S10,20240601
S10/20240601/00049,2,P107197,1,669.72,SALE,1717269455,S10,20240601
S10/20240601/00049,3,P104351,4,1128.29,SALE,1717269455,S10,20240601
S10/20240601/00049,4,P102945,1,43.42,SALE,1717269455,S10,20240601
S10/20240601/00049,5,P101004,2,324.97,SALE,1717269455,S10,20240601
S10/20240601/00049,6,P106534,3,87.55,SALE,1717269455,S10,20240601
S10/20240601/00049,7,P101213,4,232.84,SALE,1717269455,S10,20240601
S10/20240601/00049,8,TAX,1,601.44,TAX,1717269455,S10,20240601
S10/20240601/00049,9,TENDER,1,8286.54,TENDER,1717269455,S10,20240601
S10/20240601/00050,1,P107145,3,235.69,SALE,1717268197,S10,20240601
S10/20240601/00050,2,P105433,3,144.32,SALE,1717268197,S10,20240601
S10/20240601/00050,3,P106330,1,199.12,SALE,1717268197,S10,20240601
S10/20240601/00050,4,TAX,1,198.62,TAX,1717268197,S10,20240601
S10/20240601/00050,5,TENDER,1,1537.77,TENDER,1717268197,S10,20240601
S10/20240601/00051,1,P103197,2,292.95,SALE,1717267622,S10,20240601
S10/20240601/00051,2,P107555,3,1314.43,SALE,1717267622,S10,20240601
S10/20240601/00051,3,P103637,3,338.13,SALE,1717267622,S10,20240601
S10/20240601/00051,4,P103616,2,621.95,SALE,1717267622,S10,20240601
S10/20240601/00051,5,TAX,1,315.09,TAX,1717267622,S10,20240601
S10/20240601/00051,6,TENDER,1,7102.57,TENDER,1717267622,S10,20240601
S10/20240601/00052,1,P107520,2,136.95,SALE,1717265916,S10,20240601
S10/20240601/00052,2,P108200,1,336.95,SALE,1717265916,S10,20240601
S10/20240601/00052,3,P106592,2,690.17,SALE,1717265916,S10,20240601
S10/20240601/00052,4,P101884,3,352.98,SALE,1717265916,S10,20240601
S10/20240601/00052,5,TAX,1,250.22,TAX,1717265916,S10,20240601
S10/20240601/00052,6,TENDER,1,3300.35,TENDER,1717265916,S10,20240601
S10/20240601/00053,1,P105897,3,249.03,SALE,1717253618,S10,20240601
S10/20240601/00053,2,P102067,4,181.50,SALE,1717253618,S10,20240601
S10/20240601/00053,3,P106813,2,277.41,SALE,1717253618,S10,20240601
S10/20240601/00053,4,P101810,2,765.83,SALE,1717253618,S10,20240601
S10/20240601/00053,5,P105017,2,193.22,SALE,1717253618,S10,20240601
S10/20240601/00053,6,P106399,1,198.14,SALE,1717253618,S10,20240601
S10/20240601/00053,7,P106123,1,248.44,SALE,1717253618,S10,20240601
S10/20240601/00053,8,TAX,1,455.79,TAX,1717253618,S10,20240601
S10/20240601/00053,9,TENDER,1,4848.38,TENDER,1717253618,S10,20240601
S10/20240601/00054,1,P102280,2,611.53,SALE,1717289452,S10,20240601
S10/20240601/00054,2,P106965,3,78.22,SALE,1717289452,S10,20240601
S10/20240601/00054,3,P105827,1,96.95,SALE,1717289452,S10,20240601
S10/20240601/00054,4,TAX,1,236.73,TAX,1717289452,S10,20240601
S10/20240601/00054,5,TENDER,1,1791.40,TENDER,1717289452,S10,20240601
S10/20240601/00055,1,P103719,2,957.52,SALE,1717258248,S10,20240601
S10/20240601/00055,2,P103645,3,241.18,SALE,1717258248,S10,20240601
S10/20240601/00055,3,P106592,1,690.17,SALE,1717258248,S10,20240601
S10/20240601/00055,4,P105677,2,89.95,SALE,1717258248,S10,20240601
S10/20240601/00055,5,P100511,1,407.54,SALE,1717258248,S10,20240601
S10/20240601/00055,6,P106802,2,689.06,SALE,1717258248,S10,20240601
S10/20240601/00055,7,P106997,1,39.70,SALE,1717258248,S10,20240601
S10/20240601/00055,8,TAX,1,419.27,TAX,1717258248,S10,20240601
S10/20240601/00055,9,TENDER,1,5753.28,TENDER,1717258248,S10,20240601
S10/20240601/00056,1,P106059,1,317.68,SALE,1717256249,S10,20240601
S10/20240601/00056,2,P108292,1,104.02,SALE,1717256249,S10,20240601
S10/20240601/00056,3,P102202,2,184.86,SALE,1717256249,S10,20240601
S10/20240601/00056,4,TAX,1,123.73,TAX,1717256249,S10,20240601
S10/20240601/00056,5,TENDER,1,915.15,TENDER,1717256249,S10,20240601
S10/20240601/00057,1,P103701,3,1171.33,SALE,1717257980,S10,20240601
S10/20240601/00057,2,P105440,2,107.89,SALE,1717257980,S10,20240601
S10/20240601/00057,3,P107215,2,153.85,SALE,1717257980,S10,20240601
S10/20240601/00057,4,P103946,3,328.70,SALE,1717257980,S10,20240601
S10/20240601/00057,5,DISC,1,-500.24,DISCOUNT,1717257980,S10,20240601
S10/20240601/00057,6,TAX,1,201.17,TAX,1717257980,S10,20240601
S10/20240601/00057,7,TENDER,1,4724.50,TENDER,1717257980,S10,20240601
S10/20240601/00058,1,P106317,2,423.01,SALE,1717283947,S10,20240601
S10/20240601/00058,2,P101779,1,198.09,SALE,1717283947,S10,20240601
S10/20240601/00058,3,P105468,3,1100.43,SALE,1717283947,S10,20240601
S10/20240601/00058,4,DISC,1,-87.61,DISCOUNT,1717283947,S10,20240601
S10/20240601/00058,5,TAX,1,270.92,TAX,1717283947,S10,20240601
S10/20240601/00058,6,TENDER,1,4528.71,TENDER,1717283947,S10,20240601
S10/20240601/00059,1,P106200,2,117.95,SALE,1717256629,S10,20240601
S10/20240601/00059,2,P104501,4,449.67,SALE,1717256629,S10,20240601
S10/20240601/00059,3,P103927,2,206.11,SALE,1717256629,S10,20240601
S10/20240601/00059,4,TAX,1,48.92,TAX,1717256629,S10,20240601
S10/20240601/00059,5,TENDER,1,2495.72,TENDER,1717256629,S10,20240601
S10/20240601/00060,1,P102193,2,343.13,SALE,1717243487,S10,20240601
S10/20240601/00060,2,P107984,3,357.15,SALE,1717243487,S10,20240601
S10/20240601/00060,3,P106710,5,93.71,SALE,1717243487,S10,20240601
S10/20240601/00060,4,P101292,1,380.75,SALE,1717243487,S10,20240601
S10/20240601/00060,5,P104302,3,1205.95,SALE,1717243487,S10,20240601
S10/20240601/00060,6,TAX,1,853.91,TAX,1717243487,S10,20240601
S10/20240601/00060,7,TENDER,1,7078.77,TENDER,1717243487,S10,20240601
S10/20240601/00061,1,P100649,1,592.52,SALE,1717255777,S10,20240601
S10/20240601/00061,2,P102982,1,263.07,SALE,1717255777,S10,20240601
S10/20240601/00061,3,TAX,1,76.98,TAX,1717255777,S10,20240601
S10/20240601/00061,4,TENDER,1,932.57,TENDER,1717255777,S10,20240601
S10/20240601/00062,1,P104112,2,51.43,SALE,1717251321,S10,20240601
S10/20240601/00062,2,P100178,1,480.34,SALE,1717251321,S10,20240601
S10/20240601/00062,3,P102383,2,10.62,SALE,1717251321,S10,20240601
S10/20240601/00062,4,P107646,4,225.19,SALE,1717251321,S10,20240601
S10/20240601/00062,5,P104765,2,401.36,SALE,1717251321,S10,20240601
S10/20240601/00062,6,TAX,1,236.79,TAX,1717251321,S10,20240601
S10/20240601/00062,7,TENDER,1,2544.71,TENDER,1717251321,S10,20240601
S10/20240601/00063,1,P107943,3,252.32,SALE,1717260632,S10,20240601
S10/20240601/00063,2,P106162,4,527.95,SALE,1717260632,S10,20240601
S10/20240601/00063,3,P106426,1,149.87,SALE,1717260632,S10,20240601
S10/20240601/00063,4,TAX,1,163.23,TAX,1717260632,S10,20240601
S10/20240601/00063,5,TENDER,1,3181.86,TENDER,1717260632,S10,20240601
S10/20240601/00064,1,P103105,1,29.46,SALE,1717241670,S10,20240601
S10/20240601/00064,2,P103785,3,491.90,SALE,1717241670,S10,20240601
S10/20240601/00064,3,P105468,4,1100.43,SALE,1717241670,S10,20240601
S10/20240601/00064,4,P108338,1,218.68,SALE,1717241670,S10,20240601
S10/20240601/00064,5,P102103,2,345.70,SALE,1717241670,S10,20240601
S10/20240601/00064,6,P107960,1,1047.81,SALE,1717241670,S10,20240601
S10/20240601/00064,7,DISC,1,-222.95,DISCOUNT,1717241670,S10,20240601
S10/20240601/00064,8,TAX,1,672.41,TAX,1717241670,S10,20240601
S10/20240601/00064,9,TENDER,1,8314.23,TENDER,1717241670,S10,20240601
S10/20240602/00001,1,P104361,2,1350.95,SALE,1717321964,S10,20240602
S10/20240602/00001,2,P105351,2,102.95,SALE,1717321964,S10,20240602
S10/20240602/00001,3,P101859,1,68.39,SALE,1717321964,S10,20240602
S10/20240602/00001,4,P102559,2,86.19,SALE,1717321964,S10,20240602
S10/20240602/00001,5,P105272,4,351.65,SALE,1717321964,S10,20240602
S10/20240602/00001,6,P103861,3,52.95,SALE,1717321964,S10,20240602
S10/20240602/00001,7,P101558,1,43.49,SALE,1717321964,S10,20240602
S10/20240602/00001,8,TAX,1,562.68,TAX,1717321964,S10,20240602
S10/20240602/00001,9,TENDER,1,5320.19,TENDER,1717321964,S10,20240602
S10/20240602/00002,1,P108032,2,726.41,SALE,1717351271,S10,20240602
S10/20240602/00002,2,P106207,1,459.95,SALE,1717351271,S10,20240602
S10/20240602/00002,3,P101327,1,233.22,SALE,1717351271,S10,20240602
S10/20240602/00002,4,TAX,1,299.11,TAX,1717351271,S10,20240602
S10/20240602/00002,5,TENDER,1,2445.10,TENDER,1717351271,S10,20240602
S10/20240602/00003,1,P103620,3,468.18,SALE,1717357226,S10,20240602
S10/20240602/00003,2,P106955,3,204.37,SALE,1717357226,S10,20240602
S10/20240602/00003,3,P107767,1,510.38,SALE,1717357226,S10,20240602
S10/20240602/00003,4,P108335,2,165.51,SALE,1717357226,S10,20240602
S10/20240602/00003,5,P101638,2,373.95,SALE,1717357226,S10,20240602
S10/20240602/00003,6,TAX,1,145.92,TAX,1717357226,S10,20240602
S10/20240602/00003,7,TENDER,1,3752.87,TENDER,1717357226,S10,20240602
S10/20240602/00004,1,P100326,4,47.79,SALE,1717326494,S10,20240602
S10/20240602/00004,2,P100077,4,181.42,SALE,1717326494,S10,20240602
S10/20240602/00004,3,P105507,1,20.17,SALE,1717326494,S10,20240602
S10/20240602/00004,4,P105418,5,243.05,SALE,1717326494,S10,20240602
S10/20240602/00004,5,TAX,1,289.44,TAX,1717326494,S10,20240602
S10/20240602/00004,6,TENDER,1,2441.70,TENDER,1717326494,S10,20240602
S10/20240602/00005,1,P104446,2,56.83,SALE,1717336919,S10,20240602
S10/20240602/00005,2,P107242,1,589.95,SALE,1717336919,S10,20240602
S10/20240602/00005,3,P107662,4,330.01,SALE,1717336919,S10,20240602
S10/20240602/00005,4,TAX,1,287.56,TAX,1717336919,S10,20240602
S10/20240602/00005,5,TENDER,1,2311.21,TENDER,1717336919,S10,20240602
S10/20240602/00006,1,P103777,2,44.82,SALE,1717345975,S10,20240602
S10/20240602/00006,2,P100744,2,61.87,SALE,1717345975,S10,20240602
S10/20240602/00006,3,P106975,3,136.95,SALE,1717345975,S10,20240602
S10/20240602/00006,4,TAX,1,84.62,TAX,1717345975,S10,20240602
S10/20240602/00006,5,TENDER,1,708.85,TENDER,1717345975,S10,20240602
S10/20240602/00007,1,P101367,1,466.61,SALE,1717341960,S10,20240602
S10/20240602/00007,2,P104226,1,303.01,SALE,1717341960,S10,20240602
S10/20240602/00007,3,P107903,1,22.86,SALE,1717341960,S10,20240602
S10/20240602/00007,4,TAX,1,88.10,TAX,1717341960,S10,20240602
S10/20240602/00007,5,TENDER,1,880.58,TENDER,1717341960,S10,20240602
S10/20240602/00008,1,P100810,1,200.65,SALE,1717349460,S10,20240602
S10/20240602/00008,2,P100164,5,593.34,SALE,1717349460,S10,20240602
S10/20240602/00008,3,P104800,1,692.51,SALE,1717349460,S10,20240602
S10/20240602/00008,4,P105789,1,42.75,SALE,1717349460,S10,20240602
S10/20240602/00008,5,TAX,1,634.83,TAX,1717349460,S10,20240602
S10/20240602/00008,6,TENDER,1,4537.44,TENDER,1717349460,S10,20240602
S10/20240602/00009,1,P105868,2,68.91,SALE,1717332869,S10,20240602
S10/20240602/00009,2,P101470,2,155.81,SALE,1717332869,S10,20240602
S10/20240602/00009,3,P104155,1,138.95,SALE,1717332869,S10,20240602
S10/20240602/00009,4,P106948,3,160.95,SALE,1717332869,S10,20240602
S10/20240602/00009,5,P101585,1,11.51,SALE,1717332869,S10,20240602
S10/20240602/00009,6,P103946,1,328.70,SALE,1717332869,S10,20240602
S10/20240602/00009,7,DISC,1,-48.77,DISCOUNT,1717332869,S10,20240602
S10/20240602/00009,8,TAX,1,31.96,TAX,1717332869,S10,20240602
S10/20240602/00009,9,TENDER,1,1394.64,TENDER,1717332869,S10,20240602
S10/20240602/00010,1,P107163,3,171.95,SALE,1717352391,S10,20240602
S10/20240602/00010,2,P101356,1,1054.95,SALE,1717352391,S10,20240602
S10/20240602/00010,3,P108247,2,242.95,SALE,1717352391,S10,20240602
S10/20240602/00010,4,P103732,1,94.74,SALE,1717352391,S10,20240602
S10/20240602/00010,5,DISC,1,-255.91,DISCOUNT,1717352391,S10,20240602
S10/20240602/00010,6,TAX,1,150.43,TAX,1717352391,S10,20240602
S10/20240602/00010,7,TENDER,1,2045.96,TENDER,1717352391,S10,20240602
S10/20240602/00011,1,P100855,1,345.07,SALE,1717333648,S10,20240602
S10/20240602/00011,2,P106984,2,28.34,SALE,1717333648,S10,20240602
S10/20240602/00011,3,P104226,2,303.01,SALE,1717333648,S10,20240602
S10/20240602/00011,4,P100033,3,763.12,SALE,1717333648,S10,20240602
S10/20240602/00011,5,P103864,4,452.72,SALE,1717333648,S10,20240602
S10/20240602/00011,6,TAX,1,269.96,TAX,1717333648,S10,20240602
S10/20240602/00011,7,TENDER,1,5377.97,TENDER,1717333648,S10,20240602
S10/20240602/00012,1,P105815,3,320.65,SALE,1717352425,S10,20240602
S10/20240602/00012,2,P106191,4,1230.97,SALE,1717352425,S10,20240602
S10/20240602/00012,3,P101779,2,198.09,SALE,1717352425,S10,20240602
S10/20240602/00012,4,P105042,3,66.53,SALE,1717352425,S10,20240602
S10/20240602/00012,5,TAX,1,171.17,TAX,1717352425,S10,20240602
S10/20240602/00012,6,TENDER,1,6652.77,TENDER,1717352425,S10,20240602
S10/20240602/00013,1,P103864,2,452.72,SALE,1717354481,S10,20240602
S10/20240602/00013,2,P100803,1,278.56,SALE,1717354481,S10,20240602
S10/20240602/00013,3,P105923,2,242.95,SALE,1717354481,S10,20240602
S10/20240602/00013,4,P107609,2,108.46,SALE,1717354481,S10,20240602
S10/20240602/00013,5,P107110,6,76.95,SALE,1717354481,S10,20240602
S10/20240602/00013,6,TAX,1,205.65,TAX,1717354481,S10,20240602
S10/20240602/00013,7,TENDER,1,2554.17,TENDER,1717354481,S10,20240602
S10/20240602/00014,1,P101444,1,834.95,SALE,1717335655,S10,20240602
S10/20240602/00014,2,P106773,4,371.20,SALE,1717335655,S10,20240602
S10/20240602/00014,3,P102886,1,136.91,SALE,1717335655,S10,20240602
S10/20240602/00014,4,TAX,1,315.86,TAX,1717335655,S10,20240602
S10/20240602/00014,5,TENDER,1,2772.52,TENDER,1717335655,S10,20240602
S10/20240602/00015,1,P105030,1,211.39,SALE,1717326461,S10,20240602
S10/20240602/00015,2,P101732,1,1250.95,SALE,1717326461,S10,20240602
S10/20240602/00015,3,P101564,2,155.83,SALE,1717326461,S10,20240602
S10/20240602/00015,4,TAX,1,244.26,TAX,1717326461,S10,20240602
S10/20240602/00015,5,TENDER,1,2018.26,TENDER,1717326461,S10,20240602
S10/20240602/00016,1,P106745,1,564.66,SALE,1717340947,S10,20240602
S10/20240602/00016,2,P100627,3,415.95,SALE,1717340947,S10,20240602
S10/20240602/00016,3,DISC,1,-214.88,DISCOUNT,1717340947,S10,20240602
S10/20240602/00016,4,TAX,1,144.58,TAX,1717340947,S10,20240602
S10/20240602/00016,5,TENDER,1,1742.21,TENDER,1717340947,S10,20240602
S10/20240602/00017,1,P107859,3,130.84,SALE,1717355557,S10,20240602
S10/20240602/00017,2,P105636,1,543.66,SALE,1717355557,S10,20240602
S10/20240602/00017,3,P104827,3,168.97,SALE,1717355557,S10,20240602
S10/20240602/00017,4,P101876,3,71.32,SALE,1717355557,S10,20240602
S10/20240602/00017,5,TAX,1,30.32,TAX,1717355557,S10,20240602
S10/20240602/00017,6,TENDER,1,1687.37,TENDER,1717355557,S10,20240602
S10/20240602/00018,1,P100380,2,136.58,SALE,1717327811,S10,20240602
S10/20240602/00018,2,P105198,2,15.39,SALE,1717327811,S10,20240602
S10/20240602/00018,3,P107807,2,118.66,SALE,1717327811,S10,20240602
S10/20240602/00018,4,P107581,1,243.81,SALE,1717327811,S10,20240602
S10/20240602/00018,5,P103406,3,1248.48,SALE,1717327811,S10,20240602
S10/20240602/00018,6,TAX,1,527.05,TAX,1717327811,S10,20240602
S10/20240602/00018,7,TENDER,1,5057.56,TENDER,1717327811,S10,20240602
S10/20240602/00019,1,P106599,1,224.95,SALE,1717344606,S10,20240602
S10/20240602/00019,2,P105119,1,91.19,SALE,1717344606,S10,20240602
S10/20240602/00019,3,P108131,1,611.06,SALE,1717344606,S10,20240602
S10/20240602/00019,4,P106671,3,101.77,SALE,1717344606,S10,20240602
S10/20240602/00019,5,TAX,1,73.48,TAX,1717344606,S10,20240602
S10/20240602/00019,6,TENDER,1,1305.99,TENDER,1717344606,S10,20240602
S10/20240602/00020,1,P101720,2,43.95,SALE,1717314650,S10,20240602
S10/20240602/00020,2,P106382,3,81.60,SALE,1717314650,S10,20240602
S10/20240602/00020,3,P107182,2,109.95,SALE,1717314650,S10,20240602
S10/20240602/00020,4,P105345,2,295.95,SALE,1717314650,S10,20240602
S10/20240602/00020,5,P100330,3,188.77,SALE,1717314650,S10,20240602
S10/20240602/00020,6,P100106,3,287.42,SALE,1717314650,S10,20240602
S10/20240602/00020,7,P107393,2,413.99,SALE,1717314650,S10,20240602
S10/20240602/00020,8,P105845,4,102.36,SALE,1717314650,S10,20240602
S10/20240602/00020,9,TAX,1,430.15,TAX,1717314650,S10,20240602
S10/20240602/00020,10,TENDER,1,4240.64,TENDER,1717314650,S10,20240602
S10/20240602/00021,1,P106473,1,298.68,SALE,1717353465,S10,20240602
S10/20240602/00021,2,P105201,1,331.23,SALE,1717353465,S10,20240602
S10/20240602/00021,3,P103096,2,277.95,SALE,1717353465,S10,20240602
S10/20240602/00021,4,TAX,1,170.39,TAX,1717353465,S10,20240602
S10/20240602/00021,5,TENDER,1,1356.20,TENDER,1717353465,S10,20240602
S10/20240602/00022,1,P103843,1,636.12,SALE,1717356128,S10,20240602
S10/20240602/00022,2,P100057,1,215.95,SALE,1717356128,S10,20240602
S10/20240602/00022,3,P103552,3,120.81,SALE,1717356128,S10,20240602
S10/20240602/00022,4,P105198,2,15.39,SALE,1717356128,S10,20240602
S10/20240602/00022,5,P101242,2,83.48,SALE,1717356128,S10,20240602
S10/20240602/00022,6,DISC,1,-138.06,DISCOUNT,1717356128,S10,20240602
S10/20240602/00022,7,TAX,1,157.14,TAX,1717356128,S10,20240602
S10/20240602/00022,8,TENDER,1,1431.32,TENDER,1717356128,S10,20240602
S10/20240602/00023,1,P100658,2,50.53,SALE,1717334768,S10,20240602
S10/20240602/00023,2,P105092,3,53.12,SALE,1717334768,S10,20240602
S10/20240602/00023,3,P105331,1,270.95,SALE,1717334768,S10,20240602
S10/20240602/00023,4,DISC,1,-26.41,DISCOUNT,1717334768,S10,20240602
S10/20240602/00023,5,TAX,1,40.13,TAX,1717334768,S10,20240602
S10/20240602/00023,6,TENDER,1,545.09,TENDER,1717334768,S10,20240602
S10/20240602/00024,1,P102636,2,114.77,SALE,1717343086,S10,20240602
S10/20240602/00024,2,P103864,2,452.72,SALE,1717343086,S10,20240602
S10/20240602/00024,3,P104670,3,108.77,SALE,1717343086,S10,20240602
S10/20240602/00024,4,TAX,1,115.48,TAX,1717343086,S10,20240602
S10/20240602/00024,5,TENDER,1,1576.77,TENDER,1717343086,S10,20240602
S10/20240602/00025,1,P101904,2,634.24,SALE,1717334408,S10,20240602
S10/20240602/00025,2,P106277,1,425.71,SALE,1717334408,S10,20240602
S10/20240602/00025,3,P105997,2,109.75,SALE,1717334408,S10,20240602
S10/20240602/00025,4,TAX,1,260.59,TAX,1717334408,S10,20240602
S10/20240602/00025,5,TENDER,1,2174.28,TENDER,1717334408,S10,20240602
S10/20240602/00026,1,P104168,2,512.27,SALE,1717355625,S10,20240602
S10/20240602/00026,2,P107393,3,413.99,SALE,1717355625,S10,20240602
S10/20240602/00026,3,P106270,3,308.83,SALE,1717355625,S10,20240602
S10/20240602/00026,4,P105805,2,111.39,SALE,1717355625,S10,20240602
S10/20240602/00026,5,TAX,1,200.26,TAX,1717355625,S10,20240602
S10/20240602/00026,6,TENDER,1,3616.04,TENDER,1717355625,S10,20240602
S10/20240602/00027,1,P101421,1,112.02,SALE,1717324669,S10,20240602
S10/20240602/00027,2,P102060,1,165.83,SALE,1717324669,S10,20240602
S10/20240602/00027,3,P103159,3,1193.28,SALE,1717324669,S10,20240602
S10/20240602/00027,4,P100156,1,1576.32,SALE,1717324669,S10,20240602
S10/20240602/00027,5,P105819,2,66.64,SALE,1717324669,S10,20240602
S10/20240602/00027,6,TAX,1,44.15,TAX,1717324669,S10,20240602
S10/20240602/00027,7,TENDER,1,5611.44,TENDER,1717324669,S10,20240602
S10/20240602/00028,1,P102342,2,99.85,SALE,1717358583,S10,20240602
S10/20240602/00028,2,P104579,1,67.48,SALE,1717358583,S10,20240602
S10/20240602/00028,3,P107549,1,47.87,SALE,1717358583,S10,20240602
S10/20240602/00028,4,P103577,4,99.48,SALE,1717358583,S10,20240602
S10/20240602/00028,5,P101613,4,117.31,SALE,1717358583,S10,20240602
S10/20240602/00028,6,P100326,3,47.79,SALE,1717358583,S10,20240602
S10/20240602/00028,7,TAX,1,190.60,TAX,1717358583,S10,20240602
S10/20240602/00028,8,TENDER,1,1516.18,TENDER,1717358583,S10,20240602
S10/20240602/00029,1,P101018,2,136.50,SALE,1717326471,S10,20240602
S10/20240602/00029,2,P103348,3,485.60,SALE,1717326471,S10,20240602
S10/20240602/00029,3,P100693,4,99.05,SALE,1717326471,S10,20240602
S10/20240602/00029,4,P101990,2,408.52,SALE,1717326471,S10,20240602
S10/20240602/00029,5,P100543,3,123.06,SALE,1717326471,S10,20240602
S10/20240602/00029,6,TAX,1,242.20,TAX,1717326471,S10,20240602
S10/20240602/00029,7,TENDER,1,3554.42,TENDER,1717326471,S10,20240602
S10/20240602/00030,1,P100394,3,320.36,SALE,1717349913,S10,20240602
S10/20240602/00030,2,P102913,2,347.82,SALE,1717349913,S10,20240602
S10/20240602/00030,3,P100528,1,623.32,SALE,1717349913,S10,20240602
S10/20240602/00030,4,P105083,2,245.38,SALE,1717349913,S10,20240602
S10/20240602/00030,5,P103424,2,295.58,SALE,1717349913,S10,20240602
S10/20240602/00030,6,TAX,1,358.08,TAX,1717349913,S10,20240602
S10/20240602/00030,7,TENDER,1,3720.04,TENDER,1717349913,S10,20240602
S10/20240602/00031,1,P100074,1,57.78,SALE,1717342846,S10,20240602
S10/20240602/00031,2,TAX,1,2.89,TAX,1717342846,S10,20240602
S10/20240602/00031,3,TENDER,1,60.67,TENDER,1717342846,S10,20240602
S10/20240602/00032,1,P105740,1,103.24,SALE,1717336574,S10,20240602
S10/20240602/00032,2,P101440,1,234.68,SALE,1717336574,S10,20240602
S10/20240602/00032,3,TAX,1,18.58,TAX,1717336574,S10,20240602
S10/20240602/00032,4,TENDER,1,356.50,TENDER,1717336574,S10,20240602
S10/20240602/00033,1,P103424,1,295.58,SALE,1717341663,S10,20240602
S10/20240602/00033,2,P107903,3,22.86,SALE,1717341663,S10,20240602
S10/20240602/00033,3,P105062,1,14.84,SALE,1717341663,S10,20240602
S10/20240602/00033,4,TAX,1,50.49,TAX,1717341663,S10,20240602
S10/20240602/00033,5,TENDER,1,429.49,TENDER,1717341663,S10,20240602
S10/20240602/00034,1,P106115,1,128.36,SALE,1717346831,S10,20240602
S10/20240602/00034,2,P106174,2,229.89,SALE,1717346831,S10,20240602
S10/20240602/00034,3,P105531,2,502.91,SALE,1717346831,S10,20240602
S10/20240602/00034,4,P104867,1,190.50,SALE,1717346831,S10,20240602
S10/20240602/00034,5,P107110,2,76.95,SALE,1717346831,S10,20240602
S10/20240602/00034,6,P104772,3,332.47,SALE,1717346831,S10,20240602
S10/20240602/00034,7,TAX,1,360.56,TAX,1717346831,S10,20240602
S10/20240602/00034,8,TENDER,1,3296.33,TENDER,1717346831,S10,20240602
S10/20240602/00035,1,P106671,1,101.77,SALE,1717340252,S10,20240602
S10/20240602/00035,2,P102424,3,333.88,SALE,1717340252,S10,20240602
S10/20240602/00035,3,TAX,1,55.17,TAX,1717340252,S10,20240602
S10/20240602/00035,4,TENDER,1,1158.58,TENDER,1717340252,S10,20240602
S10/20240602/00036,1,P107449,2,1495.62,SALE,1717337494,S10,20240602
S10/20240602/00036,2,P107767,2,510.38,SALE,1717337494,S10,20240602
S10/20240602/00036,3,P102768,2,152.65,SALE,1717337494,S10,20240602
S10/20240602/00036,4,P101911,2,1431.80,SALE,1717337494,S10,20240602
S10/20240602/00036,5,P103542,3,398.89,SALE,1717337494,S10,20240602
S10/20240602/00036,6,TAX,1,608.54,TAX,1717337494,S10,20240602
S10/20240602/00036,7,TENDER,1,8986.11,TENDER,1717337494,S10,20240602
S10/20240602/00037,1,P105882,1,221.21,SALE,1717348457,S10,20240602
S10/20240602/00037,2,P100959,1,280.97,SALE,1717348457,S10,20240602
S10/20240602/00037,3,P100711,2,101.23,SALE,1717348457,S10,20240602
S10/20240602/00037,4,P106123,3,248.44,SALE,1717348457,S10,20240602
S10/20240602/00037,5,P107575,3,65.95,SALE,1717348457,S10,20240602
S10/20240602/00037,6,P102874,1,142.11,SALE,1717348457,S10,20240602
S10/20240602/00037,7,P105570,3,345.21,SALE,1717348457,S10,20240602
S10/20240602/00037,8,TAX,1,185.72,TAX,1717348457,S10,20240602
S10/20240602/00037,9,TENDER,1,3011.27,TENDER,1717348457,S10,20240602
S10/20240602/00038,1,P106130,1,1254.95,SALE,1717323619,S10,20240602
S10/20240602/00038,2,P100026,1,304.63,SALE,1717323619,S10,20240602
S10/20240602/00038,3,P108179,1,290.92,SALE,1717323619,S10,20240602
S10/20240602/00038,4,P101454,2,130.95,SALE,1717323619,S10,20240602
S10/20240602/00038,5,P102598,1,132.95,SALE,1717323619,S10,20240602
S10/20240602/00038,6,TAX,1,81.57,TAX,1717323619,S10,20240602
S10/20240602/00038,7,TENDER,1,2326.92,TENDER,1717323619,S10,20240602
S10/20240602/00039,1,P106611,-4,341.44,RETURN,1717348485,S10,20240602
S10/20240602/00039,2,P102849,-1,641.17,RETURN,1717348485,S10,20240602
S10/20240602/00039,3,P105252,-3,10.57,RETURN,1717348485,S10,20240602
S10/20240602/00039,4,P106735,-2,320.99,RETURN,1717348485,S10,20240602
S10/20240602/00039,5,P104708,-2,487.33,RETURN,1717348485,S10,20240602
S10/20240602/00039,6,TAX,1,-410.83,TAX,1717348485,S10,20240602
S10/20240602/00039,7,TENDER,1,-4066.11,TENDER,1717348485,S10,20240602
S10/20240602/00040,1,P100879,2,159.93,SALE,1717346677,S10,20240602
S10/20240602/00040,2,P105187,1,1057.95,SALE,1717346677,S10,20240602
S10/20240602/00040,3,P103606,2,178.05,SALE,1717346677,S10,20240602
S10/20240602/00040,4,P101955,4,356.95,SALE,1717346677,S10,20240602
S10/20240602/00040,5,TAX,1,274.81,TAX,1717346677,S10,20240602
S10/20240602/00040,6,TENDER,1,3436.52,TENDER,1717346677,S10,20240602
S10/20240602/00041,1,P104637,1,294.49,SALE,1717354890,S10,20240602
S10/20240602/00041,2,P100543,1,123.06,SALE,1717354890,S10,20240602
S10/20240602/00041,3,P108300,3,260.37,SALE,1717354890,S10,20240602
S10/20240602/00041,4,P100593,4,29.38,SALE,1717354890,S10,20240602
S10/20240602/00041,5,P106382,3,81.60,SALE,1717354890,S10,20240602
S10/20240602/00041,6,DISC,1,-59.22,DISCOUNT,1717354890,S10,20240602
S10/20240602/00041,7,TAX,1,174.92,TAX,1717354890,S10,20240602
S10/20240602/00041,8,TENDER,1,1676.68,TENDER,1717354890,S10,20240602
S10/20240603/00001,1,P107502,1,311.85,SALE,1717413975,S10,20240603
S10/20240603/00001,2,P103934,3,260.38,SALE,1717413975,S10,20240603
S10/20240603/00001,3,P107516,3,598.37,SALE,1717413975,S10,20240603
S10/20240603/00001,4,P102880,3,575.53,SALE,1717413975,S10,20240603
S10/20240603/00001,5,P107381,2,195.99,SALE,1717413975,S10,20240603
S10/20240603/00001,6,P108234,3,33.09,SALE,1717413975,S10,20240603
S10/20240603/00001,7,DISC,1,-440.37,DISCOUNT,1717413975,S10,20240603
S10/20240603/00001,8,TAX,1,613.21,TAX,1717413975,S10,20240603
S10/20240603/00001,9,TENDER,1,5278.78,TENDER,1717413975,S10,20240603
S10/20240603/00002,1,P108097,1,83.76,SALE,1717436948,S10,20240603
S10/20240603/00002,2,P103074,2,52.85,SALE,1717436948,S10,20240603
S10/20240603/00002,3,P102096,3,982.72,SALE,1717436948,S10,20240603
S10/20240603/00002,4,P102424,4,333.88,SALE,1717436948,S10,20240603
S10/20240603/00002,5,P105112,2,179.95,SALE,1717436948,S10,20240603
S10/20240603/00002,6,P103281,2,163.32,SALE,1717436948,S10,20240603
S10/20240603/00002,7,P107555,3,1314.43,SALE,1717436948,S10,20240603
S10/20240603/00002,8,TAX,1,526.42,TAX,1717436948,S10,20240603
S10/20240603/00002,9,TENDER,1,9629.39,TENDER,1717436948,S10,20240603
S10/20240603/00003,1,P105139,2,100.45,SALE,1717443083,S10,20240603
S10/20240603/00003,2,P101101,3,74.25,SALE,1717443083,S10,20240603
S10/20240603/00003,3,DISC,1,-28.83,DISCOUNT,1717443083,S10,20240603
S10/20240603/00003,4,TAX,1,47.38,TAX,1717443083,S10,20240603
S10/20240603/00003,5,TENDER,1,442.20,TENDER,1717443083,S10,20240603
S10/20240603/00004,1,P102471,1,137.95,SALE,1717442718,S10,20240603
S10/20240603/00004,2,P106776,4,404.48,SALE,1717442718,S10,20240603
S10/20240603/00004,3,P103262,2,54.76,SALE,1717442718,S10,20240603
S10/20240603/00004,4,P102035,1,493.95,SALE,1717442718,S10,20240603
S10/20240603/00004,5,TAX,1,135.90,TAX,1717442718,S10,20240603
S10/20240603/00004,6,TENDER,1,2495.24,TENDER,1717442718,S10,20240603
S10/20240603/00005,1,P105083,5,245.38,SALE,1717433906,S10,20240603
S10/20240603/00005,2,P105136,2,158.61,SALE,1717433906,S10,20240603
S10/20240603/00005,3,P105918,1,294.44,SALE,1717433906,S10,20240603
S10/20240603/00005,4,P105518,2,729.30,SALE,1717433906,S10,20240603
S10/20240603/00005,5,P104277,1,136.79,SALE,1717433906,S10,20240603
S10/20240603/00005,6,DISC,1,-164.64,DISCOUNT,1717433906,S10,20240603
S10/20240603/00005,7,TAX,1,526.30,TAX,1717433906,S10,20240603
S10/20240603/00005,8,TENDER,1,3795.61,TENDER,1717433906,S10,20240603
S10/20240603/00006,1,P100967,4,1052.07,SALE,1717430068,S10,20240603
S10/20240603/00006,2,P101740,3,800.86,SALE,1717430068,S10,20240603
S10/20240603/00006,3,P107623,1,442.34,SALE,1717430068,S10,20240603
S10/20240603/00006,4,P102060,2,165.83,SALE,1717430068,S10,20240603
S10/20240603/00006,5,P101345,1,69.59,SALE,1717430068,S10,20240603
S10/20240603/00006,6,P103012,1,256.77,SALE,1717430068,S10,20240603
S10/20240603/00006,7,TAX,1,618.91,TAX,1717430068,S10,20240603
S10/20240603/00006,8,TENDER,1,8330.13,TENDER,1717430068,S10,20240603
S10/20240603/00007,1,P105524,1,77.90,SALE,1717427035,S10,20240603
S10/20240603/00007,2,P104358,2,1189.17,SALE,1717427035,S10,20240603
S10/20240603/00007,3,P101428,4,394.08,SALE,1717427035,S10,20240603
S10/20240603/00007,4,P102892,1,220.95,SALE,1717427035,S10,20240603
S10/20240603/00007,5,P104858,2,297.94,SALE,1717427035,S10,20240603
S10/20240603/00007,6,TAX,1,694.44,TAX,1717427035,S10,20240603
S10/20240603/00007,7,TENDER,1,5543.83,TENDER,1717427035,S10,20240603
S10/20240603/00008,1,P100924,3,49.24,SALE,1717432669,S10,20240603
S10/20240603/00008,2,P105897,2,249.03,SALE,1717432669,S10,20240603
S10/20240603/00008,3,P107960,4,1047.81,SALE,1717432669,S10,20240603
S10/20240603/00008,4,P100005,2,103.45,SALE,1717432669,S10,20240603
S10/20240603/00008,5,P107609,2,108.46,SALE,1717432669,S10,20240603
S10/20240603/00008,6,P103214,3,283.38,SALE,1717432669,S10,20240603
S10/20240603/00008,7,TAX,1,708.10,TAX,1717432669,S10,20240603
S10/20240603/00008,8,TENDER,1,6819.08,TENDER,1717432669,S10,20240603
S10/20240603/00009,1,P104181,4,279.95,SALE,1717429395,S10,20240603
S10/20240603/00009,2,P101751,4,460.11,SALE,1717429395,S10,20240603
S10/20240603/00009,3,P100810,4,200.65,SALE,1717429395,S10,20240603
S10/20240603/00009,4,P105490,1,154.49,SALE,1717429395,S10,20240603
S10/20240603/00009,5,P106344,3,817.92,SALE,1717429395,S10,20240603
S10/20240603/00009,6,TAX,1,533.59,TAX,1717429395,S10,20240603
S10/20240603/00009,7,TENDER,1,6904.68,TENDER,1717429395,S10,20240603
S10/20240603/00010,1,P104334,2,294.34,SALE,1717422149,S10,20240603
S10/20240603/00010,2,P106858,4,257.07,SALE,1717422149,S10,20240603
S10/20240603/00010,3,TAX,1,214.52,TAX,1717422149,S10,20240603
S10/20240603/00010,4,TENDER,1,1831.48,TENDER,1717422149,S10,20240603
S10/20240603/00011,1,P101796,3,990.67,SALE,1717400568,S10,20240603
S10/20240603/00011,2,P101052,1,198.99,SALE,1717400568,S10,20240603
S10/20240603/00011,3,P105971,2,1150.46,SALE,1717400568,S10,20240603
S10/20240603/00011,4,P102324,1,194.59,SALE,1717400568,S10,20240603
S10/20240603/00011,5,TAX,1,309.19,TAX,1717400568,S10,20240603
S10/20240603/00011,6,TENDER,1,5975.70,TENDER,1717400568,S10,20240603
S10/20240603/00012,1,P108292,2,104.02,SALE,1717427028,S10,20240603
S10/20240603/00012,2,P104891,3,692.46,SALE,1717427028,S10,20240603
S10/20240603/00012,3,P101648,2,334.22,SALE,1717427028,S10,20240603
S10/20240603/00012,4,P102243,3,133.95,SALE,1717427028,S10,20240603
S10/20240603/00012,5,P107094,2,87.94,SALE,1717427028,S10,20240603
S10/20240603/00012,6,P106955,1,204.37,SALE,1717427028,S10,20240603
S10/20240603/00012,7,P104285,2,639.46,SALE,1717427028,S10,20240603
S10/20240603/00012,8,TAX,1,408.62,TAX,1717427028,S10,20240603
S10/20240603/00012,9,TENDER,1,5423.50,TENDER,1717427028,S10,20240603
S10/20240603/00013,1,P107777,3,222.77,SALE,1717418644,S10,20240603
S10/20240603/00013,2,P107215,2,153.85,SALE,1717418644,S10,20240603
S10/20240603/00013,3,P104081,1,586.63,SALE,1717418644,S10,20240603
S10/20240603/00013,4,P103785,2,491.90,SALE,1717418644,S10,20240603
S10/20240603/00013,5,P106718,2,448.91,SALE,1717418644,S10,20240603
S10/20240603/00013,6,TAX,1,316.59,TAX,1717418644,S10,20240603
S10/20240603/00013,7,TENDER,1,3760.85,TENDER,1717418644,S10,20240603
S10/20240603/00014,1,P103946,1,328.70,SALE,1717433313,S10,20240603
S10/20240603/00014,2,P103316,3,1774.02,SALE,1717433313,S10,20240603
S10/20240603/00014,3,P103629,3,57.95,SALE,1717433313,S10,20240603
S10/20240603/00014,4,P101440,4,234.68,SALE,1717433313,S10,20240603
S10/20240603/00014,5,P103171,3,58.65,SALE,1717433313,S10,20240603
S10/20240603/00014,6,P100210,2,1073.90,SALE,1717433313,S10,20240603
S10/20240603/00014,7,P100999,4,153.43,SALE,1717433313,S10,20240603
S10/20240603/00014,8,DISC,1,-302.17,DISCOUNT,1717433313,S10,20240603
S10/20240603/00014,9,TAX,1,907.30,TAX,1717433313,S10,20240603
S10/20240603/00014,10,TENDER,1,10305.93,TENDER,1717433313,S10,20240603
S10/20240603/00015,1,P108162,1,221.93,SALE,1717407555,S10,20240603
S10/20240603/00015,2,P103105,2,29.46,SALE,1717407555,S10,20240603
S10/20240603/00015,3,P106084,3,592.14,SALE,1717407555,S10,20240603
S10/20240603/00015,4,P106833,2,397.38,SALE,1717407555,S10,20240603
S10/20240603/00015,5,P107733,2,55.17,SALE,1717407555,S10,20240603
S10/20240603/00015,6,TAX,1,259.10,TAX,1717407555,S10,20240603
S10/20240603/00015,7,TENDER,1,3221.47,TENDER,1717407555,S10,20240603
S10/20240603/00016,1,P101106,2,542.84,SALE,1717419588,S10,20240603
S10/20240603/00016,2,P104487,3,388.90,SALE,1717419588,S10,20240603
S10/20240603/00016,3,P105845,1,102.36,SALE,1717419588,S10,20240603
S10/20240603/00016,4,P104774,2,84.34,SALE,1717419588,S10,20240603
S10/20240603/00016,5,TAX,1,221.15,TAX,1717419588,S10,20240603
S10/20240603/00016,6,TENDER,1,2744.57,TENDER,1717419588,S10,20240603
S10/20240603/00017,1,P106277,1,425.71,SALE,1717440589,S10,20240603
S10/20240603/00017,2,P108300,1,275.99,SALE,1717440589,S10,20240603
S10/20240603/00017,3,TAX,1,70.96,TAX,1717440589,S10,20240603
S10/20240603/00017,4,TENDER,1,772.66,TENDER,1717440589,S10,20240603
S10/20240603/00018,1,P102324,3,194.59,SALE,1717432289,S10,20240603
S10/20240603/00018,2,P107053,1,524.95,SALE,1717432289,S10,20240603
S10/20240603/00018,3,P101010,4,71.39,SALE,1717432289,S10,20240603
S10/20240603/00018,4,P101740,2,800.86,SALE,1717432289,S10,20240603
S10/20240603/00018,5,P102166,2,52.54,SALE,1717432289,S10,20240603
S10/20240603/00018,6,DISC,1,-111.35,DISCOUNT,1717432289,S10,20240603
S10/20240603/00018,7,TAX,1,104.72,TAX,1717432289,S10,20240603
S10/20240603/00018,8,TENDER,1,3094.45,TENDER,1717432289,S10,20240603
S10/20240603/00019,1,P107536,3,1495.35,SALE,1717407839,S10,20240603
S10/20240603/00019,2,P106550,4,28.48,SALE,1717407839,S10,20240603
S10/20240603/00019,3,TAX,1,20.51,TAX,1717407839,S10,20240603
S10/20240603/00019,4,TENDER,1,4620.48,TENDER,1717407839,S10,20240603
S10/20240603/00020,1,P108041,1,368.87,SALE,1717419689,S10,20240603
S10/20240603/00020,2,P108282,2,360.34,SALE,1717419689,S10,20240603
S10/20240603/00020,3,P101458,1,1309.22,SALE,1717419689,S10,20240603
S10/20240603/00020,4,P106958,2,120.44,SALE,1717419689,S10,20240603
S10/20240603/00020,5,P102485,3,202.08,SALE,1717419689,S10,20240603
S10/20240603/00020,6,TAX,1,153.97,TAX,1717419689,S10,20240603
S10/20240603/00020,7,TENDER,1,3399.86,TENDER,1717419689,S10,20240603
S10/20240603/00021,1,P107542,4,162.57,SALE,1717431775,S10,20240603
S10/20240603/00021,2,P105377,2,262.95,SALE,1717431775,S10,20240603
S10/20240603/00021,3,P105624,1,380.06,SALE,1717431775,S10,20240603
S10/20240603/00021,4,P101648,3,334.22,SALE,1717431775,S10,20240603
S10/20240603/00021,5,TAX,1,132.24,TAX,1717431775,S10,20240603
S10/20240603/00021,6,TENDER,1,2691.14,TENDER,1717431775,S10,20240603
S10/20240603/00022,1,P105307,2,863.64,SALE,1717426007,S10,20240603
S10/20240603/00022,2,P105583,2,179.43,SALE,1717426007,S10,20240603
S10/20240603/00022,3,P101010,2,71.39,SALE,1717426007,S10,20240603
S10/20240603/00022,4,P104257,2,41.91,SALE,1717426007,S10,20240603
S10/20240603/00022,5,P100106,6,287.42,SALE,1717426007,S10,20240603
S10/20240603/00022,6,P107516,3,598.37,SALE,1717426007,S10,20240603
S10/20240603/00022,7,TAX,1,805.82,TAX,1717426007,S10,20240603
S10/20240603/00022,8,TENDER,1,6638.19,TENDER,1717426007,S10,20240603
S10/20240603/00023,1,P101564,3,155.83,SALE,1717430649,S10,20240603
S10/20240603/00023,2,P108067,2,640.50,SALE,1717430649,S10,20240603
S10/20240603/00023,3,P103575,1,54.47,SALE,1717430649,S10,20240603
S10/20240603/00023,4,P100339,1,299.99,SALE,1717430649,S10,20240603
S10/20240603/00023,5,P106106,2,219.14,SALE,1717430649,S10,20240603
S10/20240603/00023,6,P102814,3,543.50,SALE,1717430649,S10,20240603
S10/20240603/00023,7,DISC,1,-205.67,DISCOUNT,1717430649,S10,20240603
S10/20240603/00023,8,TAX,1,286.43,TAX,1717430649,S10,20240603
S10/20240603/00023,9,TENDER,1,4252.49,TENDER,1717430649,S10,20240603
S10/20240603/00024,1,P104316,-1,406.45,RETURN,1717434495,S10,20240603
S10/20240603/00024,2,P100879,-5,159.93,RETURN,1717434495,S10,20240603
S10/20240603/00024,3,TAX,1,-73.16,TAX,1717434495,S10,20240603
S10/20240603/00024,4,TENDER,1,-1279.26,TENDER,1717434495,S10,20240603
S10/20240603/00025,1,P105511,2,270.77,SALE,1717411574,S10,20240603
S10/20240603/00025,2,P102389,2,74.34,SALE,1717411574,S10,20240603
S10/20240603/00025,3,P100744,2,61.87,SALE,1717411574,S10,20240603
S10/20240603/00025,4,P103510,4,183.91,SALE,1717411574,S10,20240603
S10/20240603/00025,5,P100387,2,104.82,SALE,1717411574,S10,20240603
S10/20240603/00025,6,TAX,1,177.69,TAX,1717411574,S10,20240603
S10/20240603/00025,7,TENDER,1,1936.93,TENDER,1717411574,S10,20240603
S10/20240603/00026,1,P102598,3,132.95,SALE,1717417683,S10,20240603
S10/20240603/00026,2,P107859,4,130.84,SALE,1717417683,S10,20240603
S10/20240603/00026,3,P103214,2,283.38,SALE,1717417683,S10,20240603
S10/20240603/00026,4,P107089,3,208.16,SALE,1717417683,S10,20240603
S10/20240603/00026,5,P101489,1,493.95,SALE,1717417683,S10,20240603
S10/20240603/00026,6,TAX,1,85.73,TAX,1717417683,S10,20240603
S10/20240603/00026,7,TENDER,1,2693.13,TENDER,1717417683,S10,20240603
S10/20240603/00027,1,P105707,5,130.64,SALE,1717422426,S10,20240603
S10/20240603/00027,2,P104344,3,407.54,SALE,1717422426,S10,20240603
S10/20240603/00027,3,P101184,2,55.85,SALE,1717422426,S10,20240603
S10/20240603/00027,4,P107807,2,118.66,SALE,1717422426,S10,20240603
S10/20240603/00027,5,TAX,1,323.73,TAX,1717422426,S10,20240603
S10/20240603/00027,6,TENDER,1,2548.57,TENDER,1717422426,S10,20240603
S10/20240603/00028,1,P107242,1,589.95,SALE,1717442786,S10,20240603
S10/20240603/00028,2,P103309,1,59.57,SALE,1717442786,S10,20240603
S10/20240603/00028,3,P104544,3,93.89,SALE,1717442786,S10,20240603
S10/20240603/00028,4,P102335,1,94.25,SALE,1717442786,S10,20240603
S10/20240603/00028,5,P106191,1,1230.97,SALE,1717442786,S10,20240603
S10/20240603/00028,6,DISC,1,-203.74,DISCOUNT,1717442786,S10,20240603
S10/20240603/00028,7,TAX,1,57.79,TAX,1717442786,S10,20240603
S10/20240603/00028,8,TENDER,1,2110.46,TENDER,1717442786,S10,20240603
S10/20240603/00029,1,P107495,2,387.50,SALE,1717428323,S10,20240603
S10/20240603/00029,2,P108060,2,217.09,SALE,1717428323,S10,20240603
S10/20240603/00029,3,P103986,1,495.05,SALE,1717428323,S10,20240603
S10/20240603/00029,4,P105789,3,42.75,SALE,1717428323,S10,20240603
S10/20240603/00029,5,TAX,1,283.35,TAX,1717428323,S10,20240603
S10/20240603/00029,6,TENDER,1,2115.83,TENDER,1717428323,S10,20240603
S10/20240603/00030,1,P101305,3,110.46,SALE,1717430032,S10,20240603
S10/20240603/00030,2,P102903,2,51.46,SALE,1717430032,S10,20240603
S10/20240603/00030,3,P107197,2,669.72,SALE,1717430032,S10,20240603
S10/20240603/00030,4,P105677,3,89.95,SALE,1717430032,S10,20240603
S10/20240603/00030,5,TAX,1,367.85,TAX,1717430032,S10,20240603
S10/20240603/00030,6,TENDER,1,2411.44,TENDER,1717430032,S10,20240603
S10/20240603/00031,1,P107115,2,172.62,SALE,1717456305,S10,20240603
S10/20240603/00031,2,P101389,1,430.39,SALE,1717456305,S10,20240603
S10/20240603/00031,3,P105119,1,91.19,SALE,1717456305,S10,20240603
S10/20240603/00031,4,P106872,3,73.31,SALE,1717456305,S10,20240603
S10/20240603/00031,5,P106697,1,342.69,SALE,1717456305,S10,20240603
S10/20240603/00031,6,DISC,1,-138.97,DISCOUNT,1717456305,S10,20240603
S10/20240603/00031,7,TAX,1,173.20,TAX,1717456305,S10,20240603
S10/20240603/00031,8,TENDER,1,1463.67,TENDER,1717456305,S10,20240603
S10/20240603/00032,1,P102718,5,306.66,SALE,1717398461,S10,20240603
S10/20240603/00032,2,P105450,2,252.15,SALE,1717398461,S10,20240603
S10/20240603/00032,3,P105017,3,193.22,SALE,1717398461,S10,20240603
S10/20240603/00032,4,P103833,1,1136.81,SALE,1717398461,S10,20240603
S10/20240603/00032,5,P107705,1,706.38,SALE,1717398461,S10,20240603
S10/20240603/00032,6,TAX,1,521.94,TAX,1717398461,S10,20240603
S10/20240603/00032,7,TENDER,1,4982.39,TENDER,1717398461,S10,20240603
S10/20240603/00033,1,P103197,1,292.95,SALE,1717427039,S10,20240603
S10/20240603/00033,2,P108326,1,473.88,SALE,1717427039,S10,20240603
S10/20240603/00033,3,P100221,3,140.95,SALE,1717427039,S10,20240603
S10/20240603/00033,4,P102045,2,21.31,SALE,1717427039,S10,20240603
S10/20240603/00033,5,P102744,1,86.95,SALE,1717427039,S10,20240603
S10/20240603/00033,6,P103584,2,402.02,SALE,1717427039,S10,20240603
S10/20240603/00033,7,P107946,1,303.95,SALE,1717427039,S10,20240603
S10/20240603/00033,8,TAX,1,299.51,TAX,1717427039,S10,20240603
S10/20240603/00033,9,TENDER,1,2726.75,TENDER,1717427039,S10,20240603
S10/20240603/00034,1,P102335,3,94.25,SALE,1717452394,S10,20240603
S10/20240603/00034,2,P104544,2,93.89,SALE,1717452394,S10,20240603
S10/20240603/00034,3,P101117,4,195.82,SALE,1717452394,S10,20240603
S10/20240603/00034,4,P106823,3,136.43,SALE,1717452394,S10,20240603
S10/20240603/00034,5,P105944,1,985.47,SALE,1717452394,S10,20240603
S10/20240603/00034,6,TAX,1,227.66,TAX,1717452394,S10,20240603
S10/20240603/00034,7,TENDER,1,2876.23,TENDER,1717452394,S10,20240603
S10/20240603/00035,1,P106234,3,78.81,SALE,1717406809,S10,20240603
S10/20240603/00035,2,P102060,1,165.83,SALE,1717406809,S10,20240603
S10/20240603/00035,3,DISC,1,-8.44,DISCOUNT,1717406809,S10,20240603
S10/20240603/00035,4,TAX,1,27.78,TAX,1717406809,S10,20240603
S10/20240603/00035,5,TENDER,1,421.60,TENDER,1717406809,S10,20240603
S10/20240603/00036,1,P104938,2,999.94,SALE,1717429290,S10,20240603
S10/20240603/00036,2,P100287,2,218.95,SALE,1717429290,S10,20240603
S10/20240603/00036,3,P107003,2,1186.93,SALE,1717429290,S10,20240603
S10/20240603/00036,4,P101454,3,130.95,SALE,1717429290,S10,20240603
S10/20240603/00036,5,P102091,1,87.60,SALE,1717429290,S10,20240603
S10/20240603/00036,6,TAX,1,339.68,TAX,1717429290,S10,20240603
S10/20240603/00036,7,TENDER,1,5631.77,TENDER,1717429290,S10,20240603
S10/20240603/00037,1,P106599,1,224.95,SALE,1717441204,S10,20240603
S10/20240603/00037,2,P102963,2,365.76,SALE,1717441204,S10,20240603
S10/20240603/00037,3,P105747,5,287.56,SALE,1717441204,S10,20240603
S10/20240603/00037,4,TAX,1,401.73,TAX,1717441204,S10,20240603
S10/20240603/00037,5,TENDER,1,2796.00,TENDER,1717441204,S10,20240603
S10/20240603/00038,1,P106426,5,149.87,SALE,1717427632,S10,20240603
S10/20240603/00038,2,P108135,1,539.95,SALE,1717427632,S10,20240603
S10/20240603/00038,3,P106434,1,174.56,SALE,1717427632,S10,20240603
S10/20240603/00038,4,P100049,2,66.95,SALE,1717427632,S10,20240603
S10/20240603/00038,5,P104226,2,303.01,SALE,1717427632,S10,20240603
S10/20240603/00038,6,P104378,1,95.33,SALE,1717427632,S10,20240603
S10/20240603/00038,7,TAX,1,191.37,TAX,1717427632,S10,20240603
S10/20240603/00038,8,TENDER,1,2490.48,TENDER,1717427632,S10,20240603
S10/20240603/00039,1,P105369,2,135.84,SALE,1717434070,S10,20240603
S10/20240603/00039,2,P104133,2,248.31,SALE,1717434070,S10,20240603
S10/20240603/00039,3,P106823,4,136.43,SALE,1717434070,S10,20240603
S10/20240603/00039,4,P103068,2,151.27,SALE,1717434070,S10,20240603
S10/20240603/00039,5,P104867,3,190.50,SALE,1717434070,S10,20240603
S10/20240603/00039,6,P106093,2,315.93,SALE,1717434070,S10,20240603
S10/20240603/00039,7,TAX,1,233.91,TAX,1717434070,S10,20240603
S10/20240603/00039,8,TENDER,1,3053.83,TENDER,1717434070,S10,20240603
S10/20240603/00040,1,P106072,2,78.69,SALE,1717422635,S10,20240603
S10/20240603/00040,2,P103424,2,295.58,SALE,1717422635,S10,20240603
S10/20240603/00040,3,P106391,3,747.95,SALE,1717422635,S10,20240603
S10/20240603/00040,4,P103062,3,179.06,SALE,1717422635,S10,20240603
S10/20240603/00040,5,P107409,1,419.09,SALE,1717422635,S10,20240603
S10/20240603/00040,6,TAX,1,249.83,TAX,1717422635,S10,20240603
S10/20240603/00040,7,TENDER,1,4198.49,TENDER,1717422635,S10,20240603
S10/20240603/00041,1,P105980,1,263.95,SALE,1717441278,S10,20240603
S10/20240603/00041,2,P101949,1,857.51,SALE,1717441278,S10,20240603
S10/20240603/00041,3,P104089,1,335.03,SALE,1717441278,S10,20240603
S10/20240603/00041,4,P108374,4,1354.57,SALE,1717441278,S10,20240603
S10/20240603/00041,5,P103822,3,594.96,SALE,1717441278,S10,20240603
S10/20240603/00041,6,P106080,2,361.06,SALE,1717441278,S10,20240603
S10/20240603/00041,7,TAX,1,542.79,TAX,1717441278,S10,20240603
S10/20240603/00041,8,TENDER,1,9924.56,TENDER,1717441278,S10,20240603
S10/20240603/00042,1,P101558,3,43.49,SALE,1717424488,S10,20240603
S10/20240603/00042,2,P106317,1,423.01,SALE,1717424488,S10,20240603
S10/20240603/00042,3,TAX,1,74.25,TAX,1717424488,S10,20240603
S10/20240603/00042,4,TENDER,1,627.73,TENDER,1717424488,S10,20240603
S10/20240603/00043,1,P102913,1,347.82,SALE,1717437997,S10,20240603
S10/20240603/00043,2,P102772,2,151.97,SALE,1717437997,S10,20240603
S10/20240603/00043,3,P102691,1,219.72,SALE,1717437997,S10,20240603
S10/20240603/00043,4,P100298,2,53.95,SALE,1717437997,S10,20240603
S10/20240603/00043,5,P101213,2,232.84,SALE,1717437997,S10,20240603
S10/20240603/00043,6,P104389,1,169.98,SALE,1717437997,S10,20240603
S10/20240603/00043,7,TAX,1,187.74,TAX,1717437997,S10,20240603
S10/20240603/00043,8,TENDER,1,1802.78,TENDER,1717437997,S10,20240603
S10/20240603/00044,1,P101578,1,39.77,SALE,1717451944,S10,20240603
S10/20240603/00044,2,TAX,1,1.99,TAX,1717451944,S10,20240603
S10/20240603/00044,3,TENDER,1,41.76,TENDER,1717451944,S10,20240603
S10/20240603/00045,1,P106813,-1,277.41,RETURN,1717424954,S10,20240603
S10/20240603/00045,2,TAX,1,-33.29,TAX,1717424954,S10,20240603
S10/20240603/00045,3,TENDER,1,-310.70,TENDER,1717424954,S10,20240603
S10/20240604/00001,1,P100543,1,123.06,SALE,1717512365,S10,20240604
S10/20240604/00001,2,P102286,2,238.95,SALE,1717512365,S10,20240604
S10/20240604/00001,3,P108032,1,660.37,SALE,1717512365,S10,20240604
S10/20240604/00001,4,TAX,1,165.27,TAX,1717512365,S10,20240604
S10/20240604/00001,5,TENDER,1,1426.60,TENDER,1717512365,S10,20240604
S10/20240604/00002,1,P100904,1,68.79,SALE,1717512528,S10,20240604
S10/20240604/00002,2,P103129,3,79.05,SALE,1717512528,S10,20240604
S10/20240604/00002,3,P100855,1,345.07,SALE,1717512528,S10,20240604
S10/20240604/00002,4,P103504,2,361.87,SALE,1717512528,S10,20240604
S10/20240604/00002,5,P107208,1,323.06,SALE,1717512528,S10,20240604
S10/20240604/00002,6,P101515,2,53.95,SALE,1717512528,S10,20240604
S10/20240604/00002,7,P103743,2,1117.90,SALE,1717512528,S10,20240604
S10/20240604/00002,8,P102424,2,333.88,SALE,1717512528,S10,20240604
S10/20240604/00002,9,P104417,1,322.95,SALE,1717512528,S10,20240604
S10/20240604/00002,10,TAX,1,292.33,TAX,1717512528,S10,20240604
S10/20240604/00002,11,TENDER,1,5324.55,TENDER,1717512528,S10,20240604
S10/20240604/00003,1,P102280,2,611.53,SALE,1717535357,S10,20240604
S10/20240604/00003,2,TAX,1,220.15,TAX,1717535357,S10,20240604
S10/20240604/00003,3,TENDER,1,1443.21,TENDER,1717535357,S10,20240604
S10/20240604/00004,1,P102569,3,116.37,SALE,1717526282,S10,20240604
S10/20240604/00004,2,P107767,2,510.38,SALE,1717526282,S10,20240604
S10/20240604/00004,3,P107807,2,118.66,SALE,1717526282,S10,20240604
S10/20240604/00004,4,TAX,1,104.80,TAX,1717526282,S10,20240604
S10/20240604/00004,5,TENDER,1,1711.99,TENDER,1717526282,S10,20240604
S10/20240604/00005,1,P103105,1,29.46,SALE,1717523308,S10,20240604
S10/20240604/00005,2,P100112,2,91.95,SALE,1717523308,S10,20240604
S10/20240604/00005,3,TAX,1,38.40,TAX,1717523308,S10,20240604
S10/20240604/00005,4,TENDER,1,251.76,TENDER,1717523308,S10,20240604
S10/20240604/00006,1,P103111,1,40.41,SALE,1717545318,S10,20240604
S10/20240604/00006,2,P102353,1,139.83,SALE,1717545318,S10,20240604
S10/20240604/00006,3,P104772,2,332.47,SALE,1717545318,S10,20240604
S10/20240604/00006,4,P105021,2,1086.75,SALE,1717545318,S10,20240604
S10/20240604/00006,5,P102255,2,167.76,SALE,1717545318,S10,20240604
S10/20240604/00006,6,P101305,1,110.46,SALE,1717545318,S10,20240604
S10/20240604/00006,7,P103022,2,47.95,SALE,1717545318,S10,20240604
S10/20240604/00006,8,TAX,1,420.91,TAX,1717545318,S10,20240604
S10/20240604/00006,9,TENDER,1,3981.47,TENDER,1717545318,S10,20240604
S10/20240604/00007,1,P107872,3,583.81,SALE,1717516264,S10,20240604
S10/20240604/00007,2,P105198,5,15.39,SALE,1717516264,S10,20240604
S10/20240604/00007,3,P105377,4,262.95,SALE,1717516264,S10,20240604
S10/20240604/00007,4,P104485,2,643.04,SALE,1717516264,S10,20240604
S10/20240604/00007,5,TAX,1,377.35,TAX,1717516264,S10,20240604
S10/20240604/00007,6,TENDER,1,4543.61,TENDER,1717516264,S10,20240604
S10/20240604/00008,1,P105698,3,165.72,SALE,1717529760,S10,20240604
S10/20240604/00008,2,P103340,2,466.84,SALE,1717529760,S10,20240604
S10/20240604/00008,3,P106473,1,298.68,SALE,1717529760,S10,20240604
S10/20240604/00008,4,P101669,4,49.56,SALE,1717529760,S10,20240604
S10/20240604/00008,5,P100255,3,1250.31,SALE,1717529760,S10,20240604
S10/20240604/00008,6,P104123,2,372.65,SALE,1717529760,S10,20240604
S10/20240604/00008,7,P106452,2,27.90,SALE,1717529760,S10,20240604
S10/20240604/00008,8,TAX,1,601.00,TAX,1717529760,S10,20240604
S10/20240604/00008,9,TENDER,1,7080.79,TENDER,1717529760,S10,20240604
S10/20240604/00009,1,P107759,1,229.95,SALE,1717531598,S10,20240604
S10/20240604/00009,2,P107777,1,222.77,SALE,1717531598,S10,20240604
S10/20240604/00009,3,P103855,2,322.11,SALE,1717531598,S10,20240604
S10/20240604/00009,4,P101599,3,417.76,SALE,1717531598,S10,20240604
S10/20240604/00009,5,TAX,1,341.55,TAX,1717531598,S10,20240604
S10/20240604/00009,6,TENDER,1,2691.77,TENDER,1717531598,S10,20240604
S10/20240604/00010,1,P101465,3,550.58,SALE,1717509407,S10,20240604
S10/20240604/00010,2,P105698,1,165.72,SALE,1717509407,S10,20240604
S10/20240604/00010,3,P102375,1,487.64,SALE,1717509407,S10,20240604
S10/20240604/00010,4,P102903,3,51.46,SALE,1717509407,S10,20240604
S10/20240604/00010,5,P105460,1,143.35,SALE,1717509407,S10,20240604
S10/20240604/00010,6,P100441,2,419.95,SALE,1717509407,S10,20240604
S10/20240604/00010,7,P106639,5,415.94,SALE,1717509407,S10,20240604
S10/20240604/00010,8,TAX,1,818.86,TAX,1717509407,S10,20240604
S10/20240604/00010,9,TENDER,1,6341.29,TENDER,1717509407,S10,20240604
S10/20240604/00011,1,P105944,2,985.47,SALE,1717511676,S10,20240604
S10/20240604/00011,2,P106710,3,93.71,SALE,1717511676,S10,20240604
S10/20240604/00011,3,P107100,2,171.95,SALE,1717511676,S10,20240604
S10/20240604/00011,4,P100883,3,723.68,SALE,1717511676,S10,20240604
S10/20240604/00011,5,TAX,1,436.94,TAX,1717511676,S10,20240604
S10/20240604/00011,6,TENDER,1,5203.95,TENDER,1717511676,S10,20240604
S10/20240604/00012,1,P102801,4,108.87,SALE,1717520141,S10,20240604
S10/20240604/00012,2,P100921,2,441.43,SALE,1717520141,S10,20240604
S10/20240604/00012,3,P102335,1,94.25,SALE,1717520141,S10,20240604
S10/20240604/00012,4,P101802,3,40.81,SALE,1717520141,S10,20240604
S10/20240604/00012,5,P106084,2,592.14,SALE,1717520141,S10,20240604
S10/20240604/00012,6,TAX,1,319.60,TAX,1717520141,S10,20240604
S10/20240604/00012,7,TENDER,1,3038.90,TENDER,1717520141,S10,20240604
S10/20240604/00013,1,P103081,4,480.46,SALE,1717498866,S10,20240604
S10/20240604/00013,2,P101444,1,834.95,SALE,1717498866,S10,20240604
S10/20240604/00013,3,TAX,1,387.68,TAX,1717498866,S10,20240604
S10/20240604/00013,4,TENDER,1,3144.47,TENDER,1717498866,S10,20240604
S10/20240604/00014,1,P108234,5,33.09,SALE,1717507961,S10,20240604
S10/20240604/00014,2,P103704,2,164.95,SALE,1717507961,S10,20240604
S10/20240604/00014,3,P105127,1,62.95,SALE,1717507961,S10,20240604
S10/20240604/00014,4,P108131,2,611.06,SALE,1717507961,S10,20240604
S10/20240604/00014,5,P100354,1,182.63,SALE,1717507961,S10,20240604
S10/20240604/00014,6,TAX,1,175.33,TAX,1717507961,S10,20240604
S10/20240604/00014,7,TENDER,1,2138.38,TENDER,1717507961,S10,20240604
S10/20240604/00015,1,P106300,3,387.92,SALE,1717519774,S10,20240604
S10/20240604/00015,2,P105636,2,543.66,SALE,1717519774,S10,20240604
S10/20240604/00015,3,P105959,1,477.24,SALE,1717519774,S10,20240604
S10/20240604/00015,4,P101122,2,70.14,SALE,1717519774,S10,20240604
S10/20240604/00015,5,P103337,3,84.50,SALE,1717519774,S10,20240604
S10/20240604/00015,6,P108162,1,221.93,SALE,1717519774,S10,20240604
S10/20240604/00015,7,DISC,1,-341.47,DISCOUNT,1717519774,S10,20240604
S10/20240604/00015,8,TAX,1,246.54,TAX,1717519774,S10,20240604
S10/20240604/00015,9,TENDER,1,3249.10,TENDER,1717519774,S10,20240604
S10/20240604/00016,1,P100233,2,67.07,SALE,1717522432,S10,20240604
S10/20240604/00016,2,P107520,4,136.95,SALE,1717522432,S10,20240604
S10/20240604/00016,3,TAX,1,34.10,TAX,1717522432,S10,20240604
S10/20240604/00016,4,TENDER,1,716.04,TENDER,1717522432,S10,20240604
S10/20240604/00017,1,P101827,1,139.26,SALE,1717507788,S10,20240604
S10/20240604/00017,2,P104149,2,85.95,SALE,1717507788,S10,20240604
S10/20240604/00017,3,P102585,5,516.36,SALE,1717507788,S10,20240604
S10/20240604/00017,4,P101933,1,1344.63,SALE,1717507788,S10,20240604
S10/20240604/00017,5,P107526,4,50.67,SALE,1717507788,S10,20240604
S10/20240604/00017,6,TAX,1,342.49,TAX,1717507788,S10,20240604
S10/20240604/00017,7,TENDER,1,4782.76,TENDER,1717507788,S10,20240604
S10/20240604/00018,1,P103591,2,102.70,SALE,1717514601,S10,20240604
S10/20240604/00018,2,P102581,4,189.36,SALE,1717514601,S10,20240604
S10/20240604/00018,3,P102375,1,487.64,SALE,1717514601,S10,20240604
S10/20240604/00018,4,P103591,-2,102.70,VOID,1717514601,S10,20240604
S10/20240604/00018,5,P102581,-4,189.36,VOID,1717514601,S10,20240604
S10/20240604/00018,6,P102375,-1,487.64,VOID,1717514601,S10,20240604
S10/20240604/00018,7,TAX,1,0.00,TAX,1717514601,S10,20240604
S10/20240604/00018,8,TENDER,1,0.00,TENDER,1717514601,S10,20240604
S10/20240604/00019,1,P102510,4,35.56,SALE,1717544839,S10,20240604
S10/20240604/00019,2,P102248,1,21.80,SALE,1717544839,S10,20240604
S10/20240604/00019,3,P104765,2,369.25,SALE,1717544839,S10,20240604
S10/20240604/00019,4,P104257,4,41.91,SALE,1717544839,S10,20240604
S10/20240604/00019,5,TAX,1,114.07,TAX,1717544839,S10,20240604
S10/20240604/00019,6,TENDER,1,1184.25,TENDER,1717544839,S10,20240604
S10/20240604/00020,1,P101899,2,345.29,SALE,1717535854,S10,20240604
S10/20240604/00020,2,P104081,3,586.63,SALE,1717535854,S10,20240604
S10/20240604/00020,3,TAX,1,124.30,TAX,1717535854,S10,20240604
S10/20240604/00020,4,TENDER,1,2574.77,TENDER,1717535854,S10,20240604
S10/20240604/00021,1,P107899,3,197.21,SALE,1717497610,S10,20240604
S10/20240604/00021,2,P105236,3,552.60,SALE,1717497610,S10,20240604
S10/20240604/00021,3,P103886,3,302.49,SALE,1717497610,S10,20240604
S10/20240604/00021,4,P107621,2,119.64,SALE,1717497610,S10,20240604
S10/20240604/00021,5,P105377,2,249.80,SALE,1717497610,S10,20240604
S10/20240604/00021,6,P102494,1,11.95,SALE,1717497610,S10,20240604
S10/20240604/00021,7,P105959,3,477.24,SALE,1717497610,S10,20240604
S10/20240604/00021,8,TAX,1,548.33,TAX,1717497610,S10,20240604
S10/20240604/00021,9,TENDER,1,5887.78,TENDER,1717497610,S10,20240604
S10/20240604/00022,1,P101874,3,19.95,SALE,1717529790,S10,20240604
S10/20240604/00022,2,P104658,3,73.05,SALE,1717529790,S10,20240604
S10/20240604/00022,3,P100754,4,91.60,SALE,1717529790,S10,20240604
S10/20240604/00022,4,P103757,2,147.98,SALE,1717529790,S10,20240604
S10/20240604/00022,5,P103904,2,1081.09,SALE,1717529790,S10,20240604
S10/20240604/00022,6,TAX,1,152.18,TAX,1717529790,S10,20240604
S10/20240604/00022,7,TENDER,1,3255.72,TENDER,1717529790,S10,20240604
S10/20240604/00023,1,P101225,3,452.38,SALE,1717520802,S10,20240604
S10/20240604/00023,2,P104593,1,867.34,SALE,1717520802,S10,20240604
S10/20240604/00023,3,P108174,2,235.92,SALE,1717520802,S10,20240604
S10/20240604/00023,4,P105698,2,165.72,SALE,1717520802,S10,20240604
S10/20240604/00023,5,DISC,1,-130.59,DISCOUNT,1717520802,S10,20240604
S10/20240604/00023,6,TAX,1,335.08,TAX,1717520802,S10,20240604
S10/20240604/00023,7,TENDER,1,3232.25,TENDER,1717520802,S10,20240604
S10/20240604/00024,1,P102835,1,101.19,SALE,1717496208,S10,20240604
S10/20240604/00024,2,P103090,1,805.95,SALE,1717496208,S10,20240604
S10/20240604/00024,3,P101152,2,478.44,SALE,1717496208,S10,20240604
S10/20240604/00024,4,P105062,1,14.84,SALE,1717496208,S10,20240604
S10/20240604/00024,5,P102139,1,1521.81,SALE,1717496208,S10,20240604
S10/20240604/00024,6,P107520,2,136.95,SALE,1717496208,S10,20240604
S10/20240604/00024,7,P102114,2,128.95,SALE,1717496208,S10,20240604
S10/20240604/00024,8,P103202,1,262.07,SALE,1717496208,S10,20240604
S10/20240604/00024,9,P101034,1,85.95,SALE,1717496208,S10,20240604
S10/20240604/00024,10,TAX,1,371.79,TAX,1717496208,S10,20240604
S10/20240604/00024,11,TENDER,1,4652.28,TENDER,1717496208,S10,20240604
S10/20240604/00025,1,P106143,2,56.15,SALE,1717545428,S10,20240604
S10/20240604/00025,2,P101911,1,1431.80,SALE,1717545428,S10,20240604
S10/20240604/00025,3,P101248,2,497.50,SALE,1717545428,S10,20240604
S10/20240604/00025,4,P100717,1,505.95,SALE,1717545428,S10,20240604
S10/20240604/00025,5,P100221,1,140.95,SALE,1717545428,S10,20240604
S10/20240604/00025,6,P100033,1,763.12,SALE,1717545428,S10,20240604
S10/20240604/00025,7,P100959,4,280.97,SALE,1717545428,S10,20240604
S10/20240604/00025,8,P105918,2,294.44,SALE,1717545428,S10,20240604
S10/20240604/00025,9,TAX,1,653.75,TAX,1717545428,S10,20240604
S10/20240604/00025,10,TENDER,1,6315.63,TENDER,1717545428,S10,20240604
S10/20240604/00026,1,P103283,3,147.93,SALE,1717514125,S10,20240604
S10/20240604/00026,2,P101339,4,222.95,SALE,1717514125,S10,20240604
S10/20240604/00026,3,P106773,2,371.20,SALE,1717514125,S10,20240604
S10/20240604/00026,4,P104986,3,204.89,SALE,1717514125,S10,20240604
S10/20240604/00026,5,P107822,3,68.95,SALE,1717514125,S10,20240604
S10/20240604/00026,6,P100781,3,611.95,SALE,1717514125,S10,20240604
S10/20240604/00026,7,P102636,1,114.77,SALE,1717514125,S10,20240604
S10/20240604/00026,8,TAX,1,684.48,TAX,1717514125,S10,20240604
S10/20240604/00026,9,TENDER,1,5534.61,TENDER,1717514125,S10,20240604
S10/20240604/00027,1,P101064,-3,33.84,RETURN,1717512820,S10,20240604
S10/20240604/00027,2,P105394,-2,335.45,RETURN,1717512820,S10,20240604
S10/20240604/00027,3,P103792,-3,26.45,RETURN,1717512820,S10,20240604
S10/20240604/00027,4,P107508,-3,1537.63,RETURN,1717512820,S10,20240604
S10/20240604/00027,5,TAX,1,-696.55,TAX,1717512820,S10,20240604
S10/20240604/00027,6,TENDER,1,-6161.21,TENDER,1717512820,S10,20240604
S10/20240604/00028,1,P101359,2,51.47,SALE,1717499729,S10,20240604
S10/20240604/00028,2,TAX,1,18.53,TAX,1717499729,S10,20240604
S10/20240604/00028,3,TENDER,1,121.47,TENDER,1717499729,S10,20240604
S10/20240604/00029,1,P102193,2,343.13,SALE,1717514211,S10,20240604
S10/20240604/00029,2,P106793,1,298.28,SALE,1717514211,S10,20240604
S10/20240604/00029,3,P106207,3,459.95,SALE,1717514211,S10,20240604
S10/20240604/00029,4,P101393,2,32.95,SALE,1717514211,S10,20240604
S10/20240604/00029,5,TAX,1,390.11,TAX,1717514211,S10,20240604
S10/20240604/00029,6,TENDER,1,2820.40,TENDER,1717514211,S10,20240604
S10/20240604/00030,1,P107110,4,76.95,SALE,1717508017,S10,20240604
S10/20240604/00030,2,P101258,2,208.34,SALE,1717508017,S10,20240604
S10/20240604/00030,3,P100924,1,49.24,SALE,1717508017,S10,20240604
S10/20240604/00030,4,P107400,1,274.90,SALE,1717508017,S10,20240604
S10/20240604/00030,5,P101842,1,210.53,SALE,1717508017,S10,20240604
S10/20240604/00030,6,P105453,2,393.95,SALE,1717508017,S10,20240604
S10/20240604/00030,7,P105609,2,817.71,SALE,1717508017,S10,20240604
S10/20240604/00030,8,TAX,1,341.10,TAX,1717508017,S10,20240604
S10/20240604/00030,9,TENDER,1,4023.57,TENDER,1717508017,S10,20240604
S10/20240604/00031,1,P101440,1,234.68,SALE,1717517212,S10,20240604
S10/20240604/00031,2,P101374,2,49.36,SALE,1717517212,S10,20240604
S10/20240604/00031,3,P106080,2,361.06,SALE,1717517212,S10,20240604
S10/20240604/00031,4,P101533,1,1020.37,SALE,1717517212,S10,20240604
S10/20240604/00031,5,P108101,2,1603.81,SALE,1717517212,S10,20240604
S10/20240604/00031,6,P107799,1,738.35,SALE,1717517212,S10,20240604
S10/20240604/00031,7,TAX,1,648.70,TAX,1717517212,S10,20240604
S10/20240604/00031,8,TENDER,1,6670.56,TENDER,1717517212,S10,20240604
S10/20240604/00032,1,P107246,2,310.13,SALE,1717532587,S10,20240604
S10/20240604/00032,2,P100438,4,64.40,SALE,1717532587,S10,20240604
S10/20240604/00032,3,P101592,2,295.58,SALE,1717532587,S10,20240604
S10/20240604/00032,4,P102424,4,333.88,SALE,1717532587,S10,20240604
S10/20240604/00032,5,P108234,2,33.09,SALE,1717532587,S10,20240604
S10/20240604/00032,6,P100850,5,166.95,SALE,1717532587,S10,20240604
S10/20240604/00032,7,TAX,1,409.79,TAX,1717532587,S10,20240604
S10/20240604/00032,8,TENDER,1,4115.26,TENDER,1717532587,S10,20240604
S10/20240604/00033,1,P102998,1,145.74,SALE,1717510490,S10,20240604
S10/20240604/00033,2,P108379,2,305.48,SALE,1717510490,S10,20240604
S10/20240604/00033,3,P105176,4,509.66,SALE,1717510490,S10,20240604
S10/20240604/00033,4,DISC,1,-226.16,DISCOUNT,1717510490,S10,20240604
S10/20240604/00033,5,TAX,1,428.76,TAX,1717510490,S10,20240604
S10/20240604/00033,6,TENDER,1,2997.94,TENDER,1717510490,S10,20240604
S10/20240604/00034,1,P108131,2,611.06,SALE,1717527647,S10,20240604
S10/20240604/00034,2,P104382,1,58.95,SALE,1717527647,S10,20240604
S10/20240604/00034,3,P104155,2,138.95,SALE,1717527647,S10,20240604
S10/20240604/00034,4,P100198,2,156.66,SALE,1717527647,S10,20240604
S10/20240604/00034,5,P100112,2,91.95,SALE,1717527647,S10,20240604
S10/20240604/00034,6,P101603,2,911.37,SALE,1717527647,S10,20240604
S10/20240604/00034,7,P101023,3,193.95,SALE,1717527647,S10,20240604
S10/20240604/00034,8,TAX,1,360.64,TAX,1717527647,S10,20240604
S10/20240604/00034,9,TENDER,1,4821.42,TENDER,1717527647,S10,20240604
S10/20240604/00035,1,P102202,2,184.86,SALE,1717509044,S10,20240604
S10/20240604/00035,2,P100974,2,39.19,SALE,1717509044,S10,20240604
S10/20240604/00035,3,P103484,3,109.59,SALE,1717509044,S10,20240604
S10/20240604/00035,4,TAX,1,129.65,TAX,1717509044,S10,20240604
S10/20240604/00035,5,TENDER,1,906.52,TENDER,1717509044,S10,20240604
S10/20240604/00036,1,P100418,4,204.95,SALE,1717500537,S10,20240604
S10/20240604/00036,2,P105672,4,62.95,SALE,1717500537,S10,20240604
S10/20240604/00036,3,P105845,2,102.36,SALE,1717500537,S10,20240604
S10/20240604/00036,4,TAX,1,36.85,TAX,1717500537,S10,20240604
S10/20240604/00036,5,TENDER,1,1313.17,TENDER,1717500537,S10,20240604
S10/20240604/00037,1,P105062,1,14.84,SALE,1717507431,S10,20240604
S10/20240604/00037,2,P102248,1,21.80,SALE,1717507431,S10,20240604
S10/20240604/00037,3,P106611,3,341.44,SALE,1717507431,S10,20240604
S10/20240604/00037,4,P104270,1,1036.53,SALE,1717507431,S10,20240604
S10/20240604/00037,5,P107414,2,539.23,SALE,1717507431,S10,20240604
S10/20240604/00037,6,P107409,1,419.09,SALE,1717507431,S10,20240604
S10/20240604/00037,7,P106336,1,456.47,SALE,1717507431,S10,20240604
S10/20240604/00037,8,TAX,1,334.46,TAX,1717507431,S10,20240604
S10/20240604/00037,9,TENDER,1,4385.97,TENDER,1717507431,S10,20240604
S10/20240604/00038,1,P107777,-2,222.77,RETURN,1717524659,S10,20240604
S10/20240604/00038,2,TAX,1,0.00,TAX,1717524659,S10,20240604
S10/20240604/00038,3,TENDER,1,-445.54,TENDER,1717524659,S10,20240604
S10/20240604/00039,1,P107414,3,539.23,SALE,1717488204,S10,20240604
S10/20240604/00039,2,P100754,2,91.60,SALE,1717488204,S10,20240604
S10/20240604/00039,3,P103022,2,47.95,SALE,1717488204,S10,20240604
S10/20240604/00039,4,P108216,1,69.70,SALE,1717488204,S10,20240604
S10/20240604/00039,5,P107946,4,303.95,SALE,1717488204,S10,20240604
S10/20240604/00039,6,TAX,1,105.04,TAX,1717488204,S10,20240604
S10/20240604/00039,7,TENDER,1,3287.33,TENDER,1717488204,S10,20240604
S10/20240604/00040,1,P107373,1,96.95,SALE,1717512325,S10,20240604
S10/20240604/00040,2,P106907,4,295.56,SALE,1717512325,S10,20240604
S10/20240604/00040,3,P100803,3,278.56,SALE,1717512325,S10,20240604
S10/20240604/00040,4,P105882,1,206.76,SALE,1717512325,S10,20240604
S10/20240604/00040,5,P103871,1,196.47,SALE,1717512325,S10,20240604
S10/20240604/00040,6,P106415,1,911.99,SALE,1717512325,S10,20240604
S10/20240604/00040,7,P106093,1,315.93,SALE,1717512325,S10,20240604
S10/20240604/00040,8,TAX,1,236.17,TAX,1717512325,S10,20240604
S10/20240604/00040,9,TENDER,1,3982.19,TENDER,1717512325,S10,20240604
S10/20240604/00041,1,P108200,1,336.95,SALE,1717519028,S10,20240604
S10/20240604/00041,2,P103777,2,44.82,SALE,1717519028,S10,20240604
S10/20240604/00041,3,P106997,1,39.70,SALE,1717519028,S10,20240604
S10/20240604/00041,4,P107337,1,365.85,SALE,1717519028,S10,20240604
S10/20240604/00041,5,P107946,2,303.95,SALE,1717519028,S10,20240604
S10/20240604/00041,6,TAX,1,67.97,TAX,1717519028,S10,20240604
S10/20240604/00041,7,TENDER,1,1508.01,TENDER,1717519028,S10,20240604
S10/20240604/00042,1,P105971,3,1150.46,SALE,1717514996,S10,20240604
S10/20240604/00042,2,P101648,2,367.64,SALE,1717514996,S10,20240604
S10/20240604/00042,3,P101062,2,47.97,SALE,1717514996,S10,20240604
S10/20240604/00042,4,P105845,3,102.36,SALE,1717514996,S10,20240604
S10/20240604/00042,5,TAX,1,269.40,TAX,1717514996,S10,20240604
S10/20240604/00042,6,TENDER,1,4859.08,TENDER,1717514996,S10,20240604
S10/20240604/00043,1,P100305,2,818.12,SALE,1717516590,S10,20240604
S10/20240604/00043,2,P102656,2,176.92,SALE,1717516590,S10,20240604
S10/20240604/00043,3,P104593,1,867.34,SALE,1717516590,S10,20240604
S10/20240604/00043,4,TAX,1,121.77,TAX,1717516590,S10,20240604
S10/20240604/00043,5,TENDER,1,2979.19,TENDER,1717516590,S10,20240604
S10/20240604/00044,1,P105497,3,70.98,SALE,1717519848,S10,20240604
S10/20240604/00044,2,P101339,1,222.95,SALE,1717519848,S10,20240604
S10/20240604/00044,3,P101134,3,986.02,SALE,1717519848,S10,20240604
S10/20240604/00044,4,P105651,1,110.95,SALE,1717519848,S10,20240604
S10/20240604/00044,5,P106955,1,204.37,SALE,1717519848,S10,20240604
S10/20240604/00044,6,P108262,2,601.82,SALE,1717519848,S10,20240604
S10/20240604/00044,7,P101656,2,262.95,SALE,1717519848,S10,20240604
S10/20240604/00044,8,TAX,1,346.65,TAX,1717519848,S10,20240604
S10/20240604/00044,9,TENDER,1,5785.46,TENDER,1717519848,S10,20240604
S10/20240604/00045,1,P101492,1,113.44,SALE,1717516117,S10,20240604
S10/20240604/00045,2,P107508,3,1450.59,SALE,1717516117,S10,20240604
S10/20240604/00045,3,P105845,3,102.36,SALE,1717516117,S10,20240604
S10/20240604/00045,4,TAX,1,597.91,TAX,1717516117,S10,20240604
S10/20240604/00045,5,TENDER,1,5370.20,TENDER,1717516117,S10,20240604
S10/20240605/00001,1,P103022,4,47.95,SALE,1717583909,S10,20240605
S10/20240605/00001,2,P107623,3,442.34,SALE,1717583909,S10,20240605
S10/20240605/00001,3,P102682,1,95.25,SALE,1717583909,S10,20240605
S10/20240605/00001,4,P100453,1,195.74,SALE,1717583909,S10,20240605
S10/20240605/00001,5,TAX,1,290.13,TAX,1717583909,S10,20240605
S10/20240605/00001,6,TENDER,1,2099.94,TENDER,1717583909,S10,20240605
S10/20240605/00002,1,P100543,2,123.06,SALE,1717606520,S10,20240605
S10/20240605/00002,2,P108319,1,253.21,SALE,1717606520,S10,20240605
S10/20240605/00002,3,P106209,2,182.34,SALE,1717606520,S10,20240605
S10/20240605/00002,4,P106133,2,307.37,SALE,1717606520,S10,20240605
S10/20240605/00002,5,DISC,1,-51.76,DISCOUNT,1717606520,S10,20240605
S10/20240605/00002,6,TAX,1,161.23,TAX,1717606520,S10,20240605
S10/20240605/00002,7,TENDER,1,1588.22,TENDER,1717606520,S10,20240605
S10/20240605/00003,1,P108131,1,611.06,SALE,1717587524,S10,20240605
S10/20240605/00003,2,P101732,1,1250.95,SALE,1717587524,S10,20240605
S10/20240605/00003,3,P104478,1,17.21,SALE,1717587524,S10,20240605
S10/20240605/00003,4,P105684,3,1114.27,SALE,1717587524,S10,20240605
S10/20240605/00003,5,TAX,1,350.91,TAX,1717587524,S10,20240605
S10/20240605/00003,6,TENDER,1,5572.94,TENDER,1717587524,S10,20240605
S10/20240605/00004,1,P107330,2,115.95,SALE,1717604007,S10,20240605
S10/20240605/00004,2,P101444,2,834.95,SALE,1717604007,S10,20240605
S10/20240605/00004,3,P106534,3,87.55,SALE,1717604007,S10,20240605
S10/20240605/00004,4,P100693,2,99.05,SALE,1717604007,S10,20240605
S10/20240605/00004,5,P107056,2,341.76,SALE,1717604007,S10,20240605
S10/20240605/00004,6,P100985,1,288.61,SALE,1717604007,S10,20240605
S10/20240605/00004,7,TAX,1,383.16,TAX,1717604007,S10,20240605
S10/20240605/00004,8,TENDER,1,3717.84,TENDER,1717604007,S10,20240605
S10/20240605/00005,1,P103816,3,209.63,SALE,1717625680,S10,20240605
S10/20240605/00005,2,P107215,3,153.85,SALE,1717625680,S10,20240605
S10/20240605/00005,3,P101533,2,1020.37,SALE,1717625680,S10,20240605
S10/20240605/00005,4,P103473,1,424.75,SALE,1717625680,S10,20240605
S10/20240605/00005,5,TAX,1,464.45,TAX,1717625680,S10,20240605
S10/20240605/00005,6,TENDER,1,4020.38,TENDER,1717625680,S10,20240605
S10/20240605/00006,1,P100899,6,131.46,SALE,1717580828,S10,20240605
S10/20240605/00006,2,P102324,3,194.59,SALE,1717580828,S10,20240605
S10/20240605/00006,3,P106900,2,179.85,SALE,1717580828,S10,20240605
S10/20240605/00006,4,P107508,1,1450.59,SALE,1717580828,S10,20240605
S10/20240605/00006,5,P105280,1,220.35,SALE,1717580828,S10,20240605
S10/20240605/00006,6,P100348,3,478.95,SALE,1717580828,S10,20240605
S10/20240605/00006,7,TAX,1,304.10,TAX,1717580828,S10,20240605
S10/20240605/00006,8,TENDER,1,5144.12,TENDER,1717580828,S10,20240605
S10/20240605/00007,1,P107989,2,184.95,SALE,1717587504,S10,20240605
S10/20240605/00007,2,P101515,1,53.95,SALE,1717587504,S10,20240605
S10/20240605/00007,3,P108302,2,855.55,SALE,1717587504,S10,20240605
S10/20240605/00007,4,P106024,3,472.89,SALE,1717587504,S10,20240605
S10/20240605/00007,5,P102779,2,25.62,SALE,1717587504,S10,20240605
S10/20240605/00007,6,TAX,1,413.65,TAX,1717587504,S10,20240605
S10/20240605/00007,7,TENDER,1,4018.51,TENDER,1717587504,S10,20240605
S10/20240605/00008,1,P103452,2,1033.70,SALE,1717587265,S10,20240605
S10/20240605/00008,2,P105003,4,285.67,SALE,1717587265,S10,20240605
S10/20240605/00008,3,P100731,2,254.77,SALE,1717587265,S10,20240605
S10/20240605/00008,4,P106072,1,78.69,SALE,1717587265,S10,20240605
S10/20240605/00008,5,P105918,3,294.44,SALE,1717587265,S10,20240605
S10/20240605/00008,6,TAX,1,569.21,TAX,1717587265,S10,20240605
S10/20240605/00008,7,TENDER,1,5250.84,TENDER,1717587265,S10,20240605
S10/20240605/00009,1,P104123,1,372.65,SALE,1717604799,S10,20240605
S10/20240605/00009,2,P108335,1,165.51,SALE,1717604799,S10,20240605
S10/20240605/00009,3,P104831,3,1516.75,SALE,1717604799,S10,20240605
S10/20240605/00009,4,P107549,4,47.87,SALE,1717604799,S10,20240605
S10/20240605/00009,5,P102569,3,116.37,SALE,1717604799,S10,20240605
S10/20240605/00009,6,P100339,2,299.99,SALE,1717604799,S10,20240605
S10/20240605/00009,7,TAX,1,775.10,TAX,1717604799,S10,20240605
S10/20240605/00009,8,TENDER,1,7004.08,TENDER,1717604799,S10,20240605
S10/20240605/00010,1,P102494,2,11.95,SALE,1717621796,S10,20240605
S10/20240605/00010,2,P103591,3,102.70,SALE,1717621796,S10,20240605
S10/20240605/00010,3,P103231,1,235.56,SALE,1717621796,S10,20240605
S10/20240605/00010,4,P108050,2,1178.10,SALE,1717621796,S10,20240605
S10/20240605/00010,5,P101899,3,345.29,SALE,1717621796,S10,20240605
S10/20240605/00010,6,P104181,1,279.95,SALE,1717621796,S10,20240605
S10/20240605/00010,7,TAX,1,409.40,TAX,1717621796,S10,20240605
S10/20240605/00010,8,TENDER,1,4648.98,TENDER,1717621796,S10,20240605
S10/20240605/00011,1,P104867,2,190.50,SALE,1717612501,S10,20240605
S10/20240605/00011,2,P103811,2,801.95,SALE,1717612501,S10,20240605
S10/20240605/00011,3,P100438,1,64.40,SALE,1717612501,S10,20240605
S10/20240605/00011,4,P102566,4,415.94,SALE,1717612501,S10,20240605
S10/20240605/00011,5,P101410,5,798.18,SALE,1717612501,S10,20240605
S10/20240605/00011,6,TAX,1,584.37,TAX,1717612501,S10,20240605
S10/20240605/00011,7,TENDER,1,8288.33,TENDER,1717612501,S10,20240605
S10/20240605/00012,1,P106452,1,27.90,SALE,1717593717,S10,20240605
S10/20240605/00012,2,P102383,2,10.62,SALE,1717593717,S10,20240605
S10/20240605/00012,3,P104872,2,132.95,SALE,1717593717,S10,20240605
S10/20240605/00012,4,TAX,1,37.13,TAX,1717593717,S10,20240605
S10/20240605/00012,5,TENDER,1,352.17,TENDER,1717593717,S10,20240605
S10/20240605/00013,1,P104854,1,35.76,SALE,1717601079,S10,20240605
S10/20240605/00013,2,P101419,4,179.95,SALE,1717601079,S10,20240605
S10/20240605/00013,3,P100771,1,703.95,SALE,1717601079,S10,20240605
S10/20240605/00013,4,P102874,1,142.11,SALE,1717601079,S10,20240605
S10/20240605/00013,5,P108101,3,1603.81,SALE,1717601079,S10,20240605
S10/20240605/00013,6,TAX,1,755.33,TAX,1717601079,S10,20240605
S10/20240605/00013,7,TENDER,1,7168.38,TENDER,1717601079,S10,20240605
S10/20240605/00014,1,P105425,1,146.30,SALE,1717595707,S10,20240605
S10/20240605/00014,2,P101492,3,113.44,SALE,1717595707,S10,20240605
S10/20240605/00014,3,P106027,3,1436.61,SALE,1717595707,S10,20240605
S10/20240605/00014,4,P103882,4,269.95,SALE,1717595707,S10,20240605
S10/20240605/00014,5,P103806,1,305.95,SALE,1717595707,S10,20240605
S10/20240605/00014,6,P104226,3,303.01,SALE,1717595707,S10,20240605
S10/20240605/00014,7,TAX,1,262.94,TAX,1717595707,S10,20240605
S10/20240605/00014,8,TENDER,1,7354.17,TENDER,1717595707,S10,20240605
S10/20240605/00015,1,P106592,2,690.17,SALE,1717611036,S10,20240605
S10/20240605/00015,2,P101751,2,460.11,SALE,1717611036,S10,20240605
S10/20240605/00015,3,P101062,2,47.97,SALE,1717611036,S10,20240605
S10/20240605/00015,4,P108374,1,1354.57,SALE,1717611036,S10,20240605
S10/20240605/00015,5,TAX,1,239.45,TAX,1717611036,S10,20240605
S10/20240605/00015,6,TENDER,1,3990.52,TENDER,1717611036,S10,20240605
S10/20240605/00016,1,P102272,5,373.95,SALE,1717598676,S10,20240605
S10/20240605/00016,2,P105413,2,158.95,SALE,1717598676,S10,20240605
S10/20240605/00016,3,P106955,1,204.37,SALE,1717598676,S10,20240605
S10/20240605/00016,4,P101279,4,237.59,SALE,1717598676,S10,20240605
S10/20240605/00016,5,P102296,1,43.24,SALE,1717598676,S10,20240605
S10/20240605/00016,6,DISC,1,-391.44,DISCOUNT,1717598676,S10,20240605
S10/20240605/00016,7,TAX,1,248.09,TAX,1717598676,S10,20240605
S10/20240605/00016,8,TENDER,1,3242.27,TENDER,1717598676,S10,20240605
S10/20240605/00017,1,P104175,1,846.06,SALE,1717588363,S10,20240605
S10/20240605/00017,2,P102389,1,74.34,SALE,1717588363,S10,20240605
S10/20240605/00017,3,P101010,2,71.39,SALE,1717588363,S10,20240605
S10/20240605/00017,4,P100183,2,1426.11,SALE,1717588363,S10,20240605
S10/20240605/00017,5,P101083,1,312.05,SALE,1717588363,S10,20240605
S10/20240605/00017,6,DISC,1,-165.92,DISCOUNT,1717588363,S10,20240605
S10/20240605/00017,7,TAX,1,412.11,TAX,1717588363,S10,20240605
S10/20240605/00017,8,TENDER,1,4473.64,TENDER,1717588363,S10,20240605
S10/20240605/00018,1,P101747,2,245.75,SALE,1717622162,S10,20240605
S10/20240605/00018,2,P105030,4,211.39,SALE,1717622162,S10,20240605
S10/20240605/00018,3,P105507,2,20.17,SALE,1717622162,S10,20240605
S10/20240605/00018,4,P107266,1,69.30,SALE,1717622162,S10,20240605
S10/20240605/00018,5,P104302,1,1205.95,SALE,1717622162,S10,20240605
S10/20240605/00018,6,TAX,1,324.95,TAX,1717622162,S10,20240605
S10/20240605/00018,7,TENDER,1,2977.60,TENDER,1717622162,S10,20240605
S10/20240605/00019,1,P101076,4,606.89,SALE,1717577841,S10,20240605
S10/20240605/00019,2,P104072,2,708.34,SALE,1717577841,S10,20240605
S10/20240605/00019,3,DISC,1,-77.82,DISCOUNT,1717577841,S10,20240605
S10/20240605/00019,4,TAX,1,188.32,TAX,1717577841,S10,20240605
S10/20240605/00019,5,TENDER,1,3954.74,TENDER,1717577841,S10,20240605
S10/20240605/00020,1,P103465,2,27.30,SALE,1717603711,S10,20240605
S10/20240605/00020,2,P107026,2,65.23,SALE,1717603711,S10,20240605
S10/20240605/00020,3,P102636,2,114.77,SALE,1717603711,S10,20240605
S10/20240605/00020,4,P101702,2,491.39,SALE,1717603711,S10,20240605
S10/20240605/00020,5,TAX,1,221.69,TAX,1717603711,S10,20240605
S10/20240605/00020,6,TENDER,1,1619.07,TENDER,1717603711,S10,20240605
S10/20240605/00021,1,P102857,4,116.85,SALE,1717605076,S10,20240605
S10/20240605/00021,2,P101052,2,198.99,SALE,1717605076,S10,20240605
S10/20240605/00021,3,P107508,2,1450.59,SALE,1717605076,S10,20240605
S10/20240605/00021,4,P107952,2,1852.40,SALE,1717605076,S10,20240605
S10/20240605/00021,5,P100991,2,173.46,SALE,1717605076,S10,20240605
S10/20240605/00021,6,P105260,1,72.61,SALE,1717605076,S10,20240605
S10/20240605/00021,7,TAX,1,529.97,TAX,1717605076,S10,20240605
S10/20240605/00021,8,TENDER,1,8420.86,TENDER,1717605076,S10,20240605
S10/20240605/00022,1,P108082,2,236.40,SALE,1717611154,S10,20240605
S10/20240605/00022,2,P101570,1,288.76,SALE,1717611154,S10,20240605
S10/20240605/00022,3,P100095,1,92.95,SALE,1717611154,S10,20240605
S10/20240605/00022,4,P100044,2,737.05,SALE,1717611154,S10,20240605
S10/20240605/00022,5,P107012,1,104.24,SALE,1717611154,S10,20240605
S10/20240605/00022,6,P102559,3,86.19,SALE,1717611154,S10,20240605
S10/20240605/00022,7,P100406,3,435.20,SALE,1717611154,S10,20240605
S10/20240605/00022,8,P104992,1,889.34,SALE,1717611154,S10,20240605
S10/20240605/00022,9,TAX,1,384.72,TAX,1717611154,S10,20240605
S10/20240605/00022,10,TENDER,1,5271.08,TENDER,1717611154,S10,20240605
S10/20240605/00023,1,P101174,1,49.27,SALE,1717614935,S10,20240605
S10/20240605/00023,2,P105042,4,66.53,SALE,1717614935,S10,20240605
S10/20240605/00023,3,P103435,1,443.24,SALE,1717614935,S10,20240605
S10/20240605/00023,4,TAX,1,130.15,TAX,1717614935,S10,20240605
S10/20240605/00023,5,TENDER,1,888.78,TENDER,1717614935,S10,20240605
S10/20240605/00024,1,P101955,5,356.95,SALE,1717606741,S10,20240605
S10/20240605/00024,2,P107003,2,1186.93,SALE,1717606741,S10,20240605
S10/20240605/00024,3,P102042,3,151.18,SALE,1717606741,S10,20240605
S10/20240605/00024,4,P100150,3,280.80,SALE,1717606741,S10,20240605
S10/20240605/00024,5,P104501,1,449.67,SALE,1717606741,S10,20240605
S10/20240605/00024,6,TAX,1,417.80,TAX,1717606741,S10,20240605
S10/20240605/00024,7,TENDER,1,6322.02,TENDER,1717606741,S10,20240605
S10/20240605/00025,1,P101802,2,40.81,SALE,1717583162,S10,20240605
S10/20240605/00025,2,TAX,1,4.08,TAX,1717583162,S10,20240605
S10/20240605/00025,3,TENDER,1,85.70,TENDER,1717583162,S10,20240605
S10/20240605/00026,1,P105636,3,543.66,SALE,1717624159,S10,20240605
S10/20240605/00026,2,P105418,3,243.05,SALE,1717624159,S10,20240605
S10/20240605/00026,3,P101034,3,85.95,SALE,1717624159,S10,20240605
S10/20240605/00026,4,P101740,3,855.00,SALE,1717624159,S10,20240605
S10/20240605/00026,5,P103449,1,381.08,SALE,1717624159,S10,20240605
S10/20240605/00026,6,DISC,1,-259.47,DISCOUNT,1717624159,S10,20240605
S10/20240605/00026,7,TAX,1,172.79,TAX,1717624159,S10,20240605
S10/20240605/00026,8,TENDER,1,5477.38,TENDER,1717624159,S10,20240605
S10/20240605/00027,1,P101101,3,74.25,SALE,1717620535,S10,20240605
S10/20240605/00027,2,TAX,1,26.73,TAX,1717620535,S10,20240605
S10/20240605/00027,3,TENDER,1,249.48,TENDER,1717620535,S10,20240605
S10/20240605/00028,1,P102857,4,116.85,SALE,1717607689,S10,20240605
S10/20240605/00028,2,P101327,1,233.22,SALE,1717607689,S10,20240605
S10/20240605/00028,3,P107589,5,266.18,SALE,1717607689,S10,20240605
S10/20240605/00028,4,TAX,1,365.67,TAX,1717607689,S10,20240605
S10/20240605/00028,5,TENDER,1,2397.19,TENDER,1717607689,S10,20240605
S10/20240605/00029,1,P103904,2,1081.09,SALE,1717621423,S10,20240605
S10/20240605/00029,2,P103299,3,220.95,SALE,1717621423,S10,20240605
S10/20240605/00029,3,P103542,1,398.89,SALE,1717621423,S10,20240605
S10/20240605/00029,4,P105042,2,66.53,SALE,1717621423,S10,20240605
S10/20240605/00029,5,P105633,2,46.25,SALE,1717621423,S10,20240605
S10/20240605/00029,6,TAX,1,303.86,TAX,1717621423,S10,20240605
S10/20240605/00029,7,TENDER,1,3753.34,TENDER,1717621423,S10,20240605
S10/20240605/00030,1,P104149,2,85.95,SALE,1717616099,S10,20240605
S10/20240605/00030,2,P106522,1,208.95,SALE,1717616099,S10,20240605
S10/20240605/00030,3,P104533,2,271.68,SALE,1717616099,S10,20240605
S10/20240605/00030,4,TAX,1,46.21,TAX,1717616099,S10,20240605
S10/20240605/00030,5,TENDER,1,970.42,TENDER,1717616099,S10,20240605
S10/20240605/00031,1,P108060,2,217.09,SALE,1717589362,S10,20240605
S10/20240605/00031,2,P105819,2,66.64,SALE,1717589362,S10,20240605
S10/20240605/00031,3,TAX,1,102.14,TAX,1717589362,S10,20240605
S10/20240605/00031,4,TENDER,1,669.60,TENDER,1717589362,S10,20240605
S10/20240605/00032,1,P104478,2,17.21,SALE,1717594838,S10,20240605
S10/20240605/00032,2,P106802,2,689.06,SALE,1717594838,S10,20240605
S10/20240605/00032,3,P102006,3,1489.27,SALE,1717594838,S10,20240605
S10/20240605/00032,4,P105136,1,158.61,SALE,1717594838,S10,20240605
S10/20240605/00032,5,TAX,1,75.10,TAX,1717594838,S10,20240605
S10/20240605/00032,6,TENDER,1,6114.06,TENDER,1717594838,S10,20240605
S10/20240605/00033,1,P103712,2,481.86,SALE,1717608578,S10,20240605
S10/20240605/00033,2,P101213,1,232.84,SALE,1717608578,S10,20240605
S10/20240605/00033,3,P102755,3,68.95,SALE,1717608578,S10,20240605
S10/20240605/00033,4,P100233,4,67.07,SALE,1717608578,S10,20240605
S10/20240605/00033,5,TAX,1,181.31,TAX,1717608578,S10,20240605
S10/20240605/00033,6,TENDER,1,1853.00,TENDER,1717608578,S10,20240605
S10/20240605/00034,1,P106067,1,417.22,SALE,1717614898,S10,20240605
S10/20240605/00034,2,P105280,2,220.35,SALE,1717614898,S10,20240605
S10/20240605/00034,3,P106200,2,117.95,SALE,1717614898,S10,20240605
S10/20240605/00034,4,P103105,2,29.46,SALE,1717614898,S10,20240605
S10/20240605/00034,5,P102014,2,261.84,SALE,1717614898,S10,20240605
S10/20240605/00034,6,P105918,1,294.44,SALE,1717614898,S10,20240605
S10/20240605/00034,7,TAX,1,229.07,TAX,1717614898,S10,20240605
S10/20240605/00034,8,TENDER,1,2199.93,TENDER,1717614898,S10,20240605
S10/20240605/00035,1,P102811,2,199.15,SALE,1717583548,S10,20240605
S10/20240605/00035,2,P103012,5,256.77,SALE,1717583548,S10,20240605
S10/20240605/00035,3,TAX,1,173.98,TAX,1717583548,S10,20240605
S10/20240605/00035,4,TENDER,1,1856.13,TENDER,1717583548,S10,20240605
S10/20240605/00036,1,P105260,2,72.61,SALE,1717610008,S10,20240605
S10/20240605/00036,2,P103855,1,322.11,SALE,1717610008,S10,20240605
S10/20240605/00036,3,P104789,1,65.95,SALE,1717610008,S10,20240605
S10/20240605/00036,4,P103413,1,1352.06,SALE,1717610008,S10,20240605
S10/20240605/00036,5,P106865,1,299.72,SALE,1717610008,S10,20240605
S10/20240605/00036,6,P102415,1,1123.24,SALE,1717610008,S10,20240605
S10/20240605/00036,7,TAX,1,253.12,TAX,1717610008,S10,20240605
S10/20240605/00036,8,TENDER,1,3561.42,TENDER,1717610008,S10,20240605
S10/20240605/00037,1,P101710,1,307.38,SALE,1717610120,S10,20240605
S10/20240605/00037,2,P104992,3,889.34,SALE,1717610120,S10,20240605
S10/20240605/00037,3,P102236,2,928.51,SALE,1717610120,S10,20240605
S10/20240605/00037,4,P105236,3,552.60,SALE,1717610120,S10,20240605
S10/20240605/00037,5,P103886,2,302.49,SALE,1717610120,S10,20240605
S10/20240605/00037,6,TAX,1,328.67,TAX,1717610120,S10,20240605
S10/20240605/00037,7,TENDER,1,7423.87,TENDER,1717610120,S10,20240605
S10/20240605/00038,1,P101164,2,322.78,SALE,1717598606,S10,20240605
S10/20240605/00038,2,P102006,2,1489.27,SALE,1717598606,S10,20240605
S10/20240605/00038,3,P106522,1,208.95,SALE,1717598606,S10,20240605
S10/20240605/00038,4,P108046,3,95.35,SALE,1717598606,S10,20240605
S10/20240605/00038,5,P106174,1,229.89,SALE,1717598606,S10,20240605
S10/20240605/00038,6,P103647,1,42.17,SALE,1717598606,S10,20240605
S10/20240605/00038,7,P103577,2,99.48,SALE,1717598606,S10,20240605
S10/20240605/00038,8,P104700,2,1389.68,SALE,1717598606,S10,20240605
S10/20240605/00038,9,TAX,1,202.01,TAX,1717598606,S10,20240605
S10/20240605/00038,10,TENDER,1,7571.49,TENDER,1717598606,S10,20240605
S10/20240605/00039,1,P105547,2,406.95,SALE,1717613301,S10,20240605
S10/20240605/00039,2,P104670,2,108.77,SALE,1717613301,S10,20240605
S10/20240605/00039,3,P105805,5,111.39,SALE,1717613301,S10,20240605
S10/20240605/00039,4,P106297,2,155.50,SALE,1717613301,S10,20240605
S10/20240605/00039,5,P103680,3,210.26,SALE,1717613301,S10,20240605
S10/20240605/00039,6,P105035,1,158.77,SALE,1717613301,S10,20240605
S10/20240605/00039,7,TAX,1,192.81,TAX,1717613301,S10,20240605
S10/20240605/00039,8,TENDER,1,2881.75,TENDER,1717613301,S10,20240605
S10/20240605/00040,1,P103283,2,147.93,SALE,1717619611,S10,20240605
S10/20240605/00040,2,P101603,4,911.37,SALE,1717619611,S10,20240605
S10/20240605/00040,3,P106067,3,417.22,SALE,1717619611,S10,20240605
S10/20240605/00040,4,P100711,2,101.23,SALE,1717619611,S10,20240605
S10/20240605/00040,5,P106848,1,16.02,SALE,1717619611,S10,20240605
S10/20240605/00040,6,TAX,1,551.28,TAX,1717619611,S10,20240605
S10/20240605/00040,7,TENDER,1,5962.76,TENDER,1717619611,S10,20240605
S10/20240606/00001,1,P107253,1,232.65,SALE,1717715626,S10,20240606
S10/20240606/00001,2,P101421,2,112.02,SALE,1717715626,S10,20240606
S10/20240606/00001,3,P104417,2,322.95,SALE,1717715626,S10,20240606
S10/20240606/00001,4,P101710,1,307.38,SALE,1717715626,S10,20240606
S10/20240606/00001,5,P107373,3,96.95,SALE,1717715626,S10,20240606
S10/20240606/00001,6,TAX,1,154.72,TAX,1717715626,S10,20240606
S10/20240606/00001,7,TENDER,1,1855.54,TENDER,1717715626,S10,20240606
S10/20240606/00002,1,P102389,3,74.34,SALE,1717691284,S10,20240606
S10/20240606/00002,2,P103833,1,1136.81,SALE,1717691284,S10,20240606
S10/20240606/00002,3,DISC,1,-47.53,DISCOUNT,1717691284,S10,20240606
S10/20240606/00002,4,TAX,1,93.59,TAX,1717691284,S10,20240606
S10/20240606/00002,5,TENDER,1,1405.89,TENDER,1717691284,S10,20240606
S10/20240606/00003,1,P106872,2,73.31,SALE,1717705952,S10,20240606
S10/20240606/00003,2,P106234,3,78.81,SALE,1717705952,S10,20240606
S10/20240606/00003,3,P102389,2,74.34,SALE,1717705952,S10,20240606
S10/20240606/00003,4,P102166,2,52.54,SALE,1717705952,S10,20240606
S10/20240606/00003,5,TAX,1,100.44,TAX,1717705952,S10,20240606
S10/20240606/00003,6,TENDER,1,737.25,TENDER,1717705952,S10,20240606
S10/20240606/00004,1,P100967,1,1052.07,SALE,1717686166,S10,20240606
S10/20240606/00004,2,P101393,2,32.95,SALE,1717686166,S10,20240606
S10/20240606/00004,3,TAX,1,129.54,TAX,1717686166,S10,20240606
S10/20240606/00004,4,TENDER,1,1247.51,TENDER,1717686166,S10,20240606
S10/20240606/00005,1,P100933,1,257.95,SALE,1717678525,S10,20240606
S10/20240606/00005,2,P108110,2,15.95,SALE,1717678525,S10,20240606
S10/20240606/00005,3,P101613,3,117.31,SALE,1717678525,S10,20240606
S10/20240606/00005,4,P105246,3,840.69,SALE,1717678525,S10,20240606
S10/20240606/00005,5,TAX,1,241.62,TAX,1717678525,S10,20240606
S10/20240606/00005,6,TENDER,1,3405.47,TENDER,1717678525,S10,20240606
S10/20240606/00006,1,P107078,2,111.95,SALE,1717673334,S10,20240606
S10/20240606/00006,2,P106454,2,118.78,SALE,1717673334,S10,20240606
S10/20240606/00006,3,P102375,3,487.64,SALE,1717673334,S10,20240606
S10/20240606/00006,4,P100319,3,48.05,SALE,1717673334,S10,20240606
S10/20240606/00006,5,P104389,4,169.98,SALE,1717673334,S10,20240606
S10/20240606/00006,6,P105819,3,66.64,SALE,1717673334,S10,20240606
S10/20240606/00006,7,DISC,1,-282.17,DISCOUNT,1717673334,S10,20240606
S10/20240606/00006,8,TAX,1,398.60,TAX,1717673334,S10,20240606
S10/20240606/00006,9,TENDER,1,3064.80,TENDER,1717673334,S10,20240606
S10/20240606/00007,1,P104064,1,318.07,SALE,1717686435,S10,20240606
S10/20240606/00007,2,P100469,2,47.31,SALE,1717686435,S10,20240606
S10/20240606/00007,3,P103129,3,79.05,SALE,1717686435,S10,20240606
S10/20240606/00007,4,TAX,1,85.59,TAX,1717686435,S10,20240606
S10/20240606/00007,5,TENDER,1,735.43,TENDER,1717686435,S10,20240606
S10/20240606/00008,1,P106478,3,56.12,SALE,1717701664,S10,20240606
S10/20240606/00008,2,P105633,2,46.25,SALE,1717701664,S10,20240606
S10/20240606/00008,3,TAX,1,13.04,TAX,1717701664,S10,20240606
S10/20240606/00008,4,TENDER,1,273.90,TENDER,1717701664,S10,20240606
S10/20240606/00009,1,P105651,4,110.95,SALE,1717703466,S10,20240606
S10/20240606/00009,2,P103416,2,73.27,SALE,1717703466,S10,20240606
S10/20240606/00009,3,P107848,3,267.41,SALE,1717703466,S10,20240606
S10/20240606/00009,4,P102485,2,202.08,SALE,1717703466,S10,20240606
S10/20240606/00009,5,P101558,3,43.49,SALE,1717703466,S10,20240606
S10/20240606/00009,6,P105698,1,165.72,SALE,1717703466,S10,20240606
S10/20240606/00009,7,P104139,1,202.92,SALE,1717703466,S10,20240606
S10/20240606/00009,8,TAX,1,219.89,TAX,1717703466,S10,20240606
S10/20240606/00009,9,TENDER,1,2515.73,TENDER,1717703466,S10,20240606
S10/20240606/00010,1,P100156,2,1576.32,SALE,1717701518,S10,20240606
S10/20240606/00010,2,P106169,3,221.03,SALE,1717701518,S10,20240606
S10/20240606/00010,3,P107784,1,245.59,SALE,1717701518,S10,20240606
S10/20240606/00010,4,P104320,3,128.95,SALE,1717701518,S10,20240606
S10/20240606/00010,5,P101720,3,41.75,SALE,1717701518,S10,20240606
S10/20240606/00010,6,P104774,1,84.34,SALE,1717701518,S10,20240606
S10/20240606/00010,7,P102122,2,126.23,SALE,1717701518,S10,20240606
S10/20240606/00010,8,P106478,5,56.12,SALE,1717701518,S10,20240606
S10/20240606/00010,9,TAX,1,218.78,TAX,1717701518,S10,20240606
S10/20240606/00010,10,TENDER,1,5409.60,TENDER,1717701518,S10,20240606
S10/20240606/00011,1,P103986,2,495.05,SALE,1717679804,S10,20240606
S10/20240606/00011,2,P107435,3,549.51,SALE,1717679804,S10,20240606
S10/20240606/00011,3,P105050,2,103.36,SALE,1717679804,S10,20240606
S10/20240606/00011,4,P100019,2,64.89,SALE,1717679804,S10,20240606
S10/20240606/00011,5,TAX,1,508.65,TAX,1717679804,S10,20240606
S10/20240606/00011,6,TENDER,1,3483.78,TENDER,1717679804,S10,20240606
S10/20240606/00012,1,P107966,3,391.71,SALE,1717680183,S10,20240606
S10/20240606/00012,2,P103864,4,452.72,SALE,1717680183,S10,20240606
S10/20240606/00012,3,P104219,4,249.74,SALE,1717680183,S10,20240606
S10/20240606/00012,4,P104497,2,212.37,SALE,1717680183,S10,20240606
S10/20240606/00012,5,P105201,1,331.23,SALE,1717680183,S10,20240606
S10/20240606/00012,6,P105541,3,201.95,SALE,1717680183,S10,20240606
S10/20240606/00012,7,TAX,1,357.27,TAX,1717680183,S10,20240606
S10/20240606/00012,8,TENDER,1,5704.06,TENDER,1717680183,S10,20240606
S10/20240606/00013,1,P106048,1,310.59,SALE,1717691105,S10,20240606
S10/20240606/00013,2,P104708,2,487.33,SALE,1717691105,S10,20240606
S10/20240606/00013,3,P101393,4,32.95,SALE,1717691105,S10,20240606
S10/20240606/00013,4,P108179,1,290.92,SALE,1717691105,S10,20240606
S10/20240606/00013,5,P106984,2,28.34,SALE,1717691105,S10,20240606
S10/20240606/00013,6,P102364,3,104.57,SALE,1717691105,S10,20240606
S10/20240606/00013,7,P104554,3,437.01,SALE,1717691105,S10,20240606
S10/20240606/00013,8,TAX,1,344.13,TAX,1717691105,S10,20240606
S10/20240606/00013,9,TENDER,1,3733.52,TENDER,1717691105,S10,20240606
S10/20240606/00014,1,P105636,3,543.66,SALE,1717694966,S10,20240606
S10/20240606/00014,2,P104133,2,248.31,SALE,1717694966,S10,20240606
S10/20240606/00014,3,P107463,2,188.92,SALE,1717694966,S10,20240606
S10/20240606/00014,4,P103484,2,109.59,SALE,1717694966,S10,20240606
S10/20240606/00014,5,P100560,3,176.85,SALE,1717694966,S10,20240606
S10/20240606/00014,6,TAX,1,171.13,TAX,1717694966,S10,20240606
S10/20240606/00014,7,TENDER,1,3426.30,TENDER,1717694966,S10,20240606
S10/20240606/00015,1,P102045,2,21.31,SALE,1717681389,S10,20240606
S10/20240606/00015,2,P107264,2,181.93,SALE,1717681389,S10,20240606
S10/20240606/00015,3,DISC,1,-37.26,DISCOUNT,1717681389,S10,20240606
S10/20240606/00015,4,TAX,1,66.46,TAX,1717681389,S10,20240606
S10/20240606/00015,5,TENDER,1,435.68,TENDER,1717681389,S10,20240606
S10/20240606/00016,1,P106731,3,142.59,SALE,1717668908,S10,20240606
S10/20240606/00016,2,P105294,1,126.15,SALE,1717668908,S10,20240606
S10/20240606/00016,3,P104802,3,194.24,SALE,1717668908,S10,20240606
S10/20240606/00016,4,P102707,3,419.47,SALE,1717668908,S10,20240606
S10/20240606/00016,5,P107502,3,311.85,SALE,1717668908,S10,20240606
S10/20240606/00016,6,P104572,3,179.13,SALE,1717668908,S10,20240606
S10/20240606/00016,7,P100172,2,196.62,SALE,1717668908,S10,20240606
S10/20240606/00016,8,P105345,2,295.95,SALE,1717668908,S10,20240606
S10/20240606/00016,9,P104168,2,512.27,SALE,1717668908,S10,20240606
S10/20240606/00016,10,P104628,3,196.55,SALE,1717668908,S10,20240606
S10/20240606/00016,11,P105057,2,254.08,SALE,1717668908,S10,20240606
S10/20240606/00016,12,P100621,3,134.28,SALE,1717668908,S10,20240606
S10/20240606/00016,13,TAX,1,844.48,TAX,1717668908,S10,20240606
S10/20240606/00016,14,TENDER,1,8222.80,TENDER,1717668908,S10,20240606
S10/20240606/00017,1,P104302,1,1205.95,SALE,1717689786,S10,20240606
S10/20240606/00017,2,P107686,1,347.22,SALE,1717689786,S10,20240606
S10/20240606/00017,3,TAX,1,207.21,TAX,1717689786,S10,20240606
S10/20240606/00017,4,TENDER,1,1760.38,TENDER,1717689786,S10,20240606
S10/20240606/00018,1,P108017,2,103.22,SALE,1717709546,S10,20240606
S10/20240606/00018,2,P102193,1,343.13,SALE,1717709546,S10,20240606
S10/20240606/00018,3,TAX,1,61.76,TAX,1717709546,S10,20240606
S10/20240606/00018,4,TENDER,1,611.33,TENDER,1717709546,S10,20240606
S10/20240606/00019,1,P103118,4,42.98,SALE,1717694407,S10,20240606
S10/20240606/00019,2,P106239,2,803.36,SALE,1717694407,S10,20240606
S10/20240606/00019,3,P100330,2,188.77,SALE,1717694407,S10,20240606
S10/20240606/00019,4,P108397,3,286.03,SALE,1717694407,S10,20240606
S10/20240606/00019,5,P101779,2,198.09,SALE,1717694407,S10,20240606
S10/20240606/00019,6,TAX,1,150.25,TAX,1717694407,S10,20240606
S10/20240606/00019,7,TENDER,1,3560.70,TENDER,1717694407,S10,20240606
S10/20240606/00020,1,P107740,3,1366.88,SALE,1717709720,S10,20240606
S10/20240606/00020,2,P103882,2,269.95,SALE,1717709720,S10,20240606
S10/20240606/00020,3,P103833,2,1136.81,SALE,1717709720,S10,20240606
S10/20240606/00020,4,P104617,1,107.09,SALE,1717709720,S10,20240606
S10/20240606/00020,5,P100276,3,888.32,SALE,1717709720,S10,20240606
S10/20240606/00020,6,P108046,3,95.35,SALE,1717709720,S10,20240606
S10/20240606/00020,7,P103908,3,104.62,SALE,1717709720,S10,20240606
S10/20240606/00020,8,TAX,1,944.62,TAX,1717709720,S10,20240606
S10/20240606/00020,9,TENDER,1,11230.74,TENDER,1717709720,S10,20240606
S10/20240606/00021,1,P104308,2,53.87,SALE,1717706075,S10,20240606
S10/20240606/00021,2,P106501,3,165.98,SALE,1717706075,S10,20240606
S10/20240606/00021,3,P104334,1,294.34,SALE,1717706075,S10,20240606
S10/20240606/00021,4,P106671,3,101.77,SALE,1717706075,S10,20240606
S10/20240606/00021,5,P101470,1,172.36,SALE,1717706075,S10,20240606
S10/20240606/00021,6,DISC,1,-103.44,DISCOUNT,1717706075,S10,20240606
S10/20240606/00021,7,TAX,1,128.57,TAX,1717706075,S10,20240606
S10/20240606/00021,8,TENDER,1,1402.82,TENDER,1717706075,S10,20240606
S10/20240606/00022,1,P108346,2,478.23,SALE,1717705719,S10,20240606
S10/20240606/00022,2,P106745,1,564.66,SALE,1717705719,S10,20240606
S10/20240606/00022,3,P103424,3,295.58,SALE,1717705719,S10,20240606
S10/20240606/00022,4,P105351,2,102.95,SALE,1717705719,S10,20240606
S10/20240606/00022,5,P106522,1,208.95,SALE,1717705719,S10,20240606
S10/20240606/00022,6,P107472,5,60.81,SALE,1717705719,S10,20240606
S10/20240606/00022,7,TAX,1,318.58,TAX,1717705719,S10,20240606
S10/20240606/00022,8,TENDER,1,3445.34,TENDER,1717705719,S10,20240606
S10/20240606/00023,1,P103833,1,1136.81,SALE,1717695560,S10,20240606
S10/20240606/00023,2,P105490,1,154.49,SALE,1717695560,S10,20240606
S10/20240606/00023,3,P102779,5,25.62,SALE,1717695560,S10,20240606
S10/20240606/00023,4,P100703,2,164.26,SALE,1717695560,S10,20240606
S10/20240606/00023,5,P105050,1,103.36,SALE,1717695560,S10,20240606
S10/20240606/00023,6,P102353,1,139.83,SALE,1717695560,S10,20240606
S10/20240606/00023,7,TAX,1,151.60,TAX,1717695560,S10,20240606
S10/20240606/00023,8,TENDER,1,2142.71,TENDER,1717695560,S10,20240606
S10/20240606/00024,1,P100203,1,241.95,SALE,1717687931,S10,20240606
S10/20240606/00024,2,P106577,2,46.90,SALE,1717687931,S10,20240606
S10/20240606/00024,3,P108082,3,236.40,SALE,1717687931,S10,20240606
S10/20240606/00024,4,TAX,1,144.44,TAX,1717687931,S10,20240606
S10/20240606/00024,5,TENDER,1,1189.39,TENDER,1717687931,S10,20240606
S10/20240606/00025,1,P102432,1,819.74,SALE,1717678536,S10,20240606
S10/20240606/00025,2,TAX,1,98.37,TAX,1717678536,S10,20240606
S10/20240606/00025,3,TENDER,1,918.11,TENDER,1717678536,S10,20240606
S10/20240606/00026,1,P103760,2,96.74,SALE,1717686848,S10,20240606
S10/20240606/00026,2,P102236,2,928.51,SALE,1717686848,S10,20240606
S10/20240606/00026,3,P104462,1,86.38,SALE,1717686848,S10,20240606
S10/20240606/00026,4,P103896,2,200.95,SALE,1717686848,S10,20240606
S10/20240606/00026,5,TAX,1,204.34,TAX,1717686848,S10,20240606
S10/20240606/00026,6,TENDER,1,2743.12,TENDER,1717686848,S10,20240606
S10/20240606/00027,1,P103766,3,191.95,SALE,1717692384,S10,20240606
S10/20240606/00027,2,P107253,2,232.65,SALE,1717692384,S10,20240606
S10/20240606/00027,3,P103704,3,164.95,SALE,1717692384,S10,20240606
S10/20240606/00027,4,P107278,2,57.40,SALE,1717692384,S10,20240606
S10/20240606/00027,5,TAX,1,131.64,TAX,1717692384,S10,20240606
S10/20240606/00027,6,TENDER,1,1782.44,TENDER,1717692384,S10,20240606
S10/20240606/00028,1,P103749,1,15.85,SALE,1717685054,S10,20240606
S10/20240606/00028,2,P102035,1,493.95,SALE,1717685054,S10,20240606
S10/20240606/00028,3,P108149,2,985.90,SALE,1717685054,S10,20240606
S10/20240606/00028,4,TAX,1,27.55,TAX,1717685054,S10,20240606
S10/20240606/00028,5,TENDER,1,2509.15,TENDER,1717685054,S10,20240606
S10/20240606/00029,1,P100172,2,196.62,SALE,1717702287,S10,20240606
S10/20240606/00029,2,P101894,1,662.70,SALE,1717702287,S10,20240606
S10/20240606/00029,3,P105747,3,287.56,SALE,1717702287,S10,20240606
S10/20240606/00029,4,P104462,2,86.38,SALE,1717702287,S10,20240606
S10/20240606/00029,5,TAX,1,263.11,TAX,1717702287,S10,20240606
S10/20240606/00029,6,TENDER,1,2354.49,TENDER,1717702287,S10,20240606
S10/20240606/00030,1,P104155,3,138.95,SALE,1717662339,S10,20240606
S10/20240606/00030,2,P104079,4,72.20,SALE,1717662339,S10,20240606
S10/20240606/00030,3,P104554,2,437.01,SALE,1717662339,S10,20240606
S10/20240606/00030,4,P100469,4,49.80,SALE,1717662339,S10,20240606
S10/20240606/00030,5,P107435,3,549.51,SALE,1717662339,S10,20240606
S10/20240606/00030,6,TAX,1,411.58,TAX,1717662339,S10,20240606
S10/20240606/00030,7,TENDER,1,3838.98,TENDER,1717662339,S10,20240606
S10/20240606/00031,1,P102947,2,59.21,SALE,1717685439,S10,20240606
S10/20240606/00031,2,P100421,2,121.56,SALE,1717685439,S10,20240606
S10/20240606/00031,3,P106802,3,689.06,SALE,1717685439,S10,20240606
S10/20240606/00031,4,P105155,2,317.12,SALE,1717685439,S10,20240606
S10/20240606/00031,5,TAX,1,135.07,TAX,1717685439,S10,20240606
S10/20240606/00031,6,TENDER,1,3198.03,TENDER,1717685439,S10,20240606
S10/20240606/00032,1,P104133,8,248.31,SALE,1717709862,S10,20240606
S10/20240606/00032,2,P107654,2,363.70,SALE,1717709862,S10,20240606
S10/20240606/00032,3,P103081,3,456.44,SALE,1717709862,S10,20240606
S10/20240606/00032,4,P102886,2,136.91,SALE,1717709862,S10,20240606
S10/20240606/00032,5,P107721,1,92.25,SALE,1717709862,S10,20240606
S10/20240606/00032,6,P107264,2,181.93,SALE,1717709862,S10,20240606
S10/20240606/00032,7,TAX,1,412.95,TAX,1717709862,S10,20240606
S10/20240606/00032,8,TENDER,1,5226.08,TENDER,1717709862,S10,20240606
S10/20240606/00033,1,P101520,3,168.04,SALE,1717673082,S10,20240606
S10/20240606/00033,2,P106710,3,93.71,SALE,1717673082,S10,20240606
S10/20240606/00033,3,P103397,2,371.02,SALE,1717673082,S10,20240606
S10/20240606/00033,4,P102922,4,120.15,SALE,1717673082,S10,20240606
S10/20240606/00033,5,TAX,1,162.32,TAX,1717673082,S10,20240606
S10/20240606/00033,6,TENDER,1,2170.21,TENDER,1717673082,S10,20240606
S10/20240606/00034,1,P105176,1,509.66,SALE,1717681776,S10,20240606
S10/20240606/00034,2,P107609,2,108.46,SALE,1717681776,S10,20240606
S10/20240606/00034,3,P103397,4,371.02,SALE,1717681776,S10,20240606
S10/20240606/00034,4,TAX,1,130.78,TAX,1717681776,S10,20240606
S10/20240606/00034,5,TENDER,1,2341.44,TENDER,1717681776,S10,20240606
S10/20240606/00035,1,P106757,2,387.50,SALE,1717679497,S10,20240606
S10/20240606/00035,2,P103606,2,181.69,SALE,1717679497,S10,20240606
S10/20240606/00035,3,P100940,1,199.52,SALE,1717679497,S10,20240606
S10/20240606/00035,4,TAX,1,92.83,TAX,1717679497,S10,20240606
S10/20240606/00035,5,TENDER,1,1430.73,TENDER,1717679497,S10,20240606
S10/20240606/00036,1,P102202,2,184.86,SALE,1717691855,S10,20240606
S10/20240606/00036,2,P100463,2,281.78,SALE,1717691855,S10,20240606
S10/20240606/00036,3,P104168,3,471.29,SALE,1717691855,S10,20240606
S10/20240606/00036,4,TAX,1,204.87,TAX,1717691855,S10,20240606
S10/20240606/00036,5,TENDER,1,2552.02,TENDER,1717691855,S10,20240606
S10/20240606/00037,1,P108041,3,368.87,SALE,1717676306,S10,20240606
S10/20240606/00037,2,P104854,1,35.76,SALE,1717676306,S10,20240606
S10/20240606/00037,3,P108135,3,539.95,SALE,1717676306,S10,20240606
S10/20240606/00037,4,TAX,1,132.79,TAX,1717676306,S10,20240606
S10/20240606/00037,5,TENDER,1,2895.01,TENDER,1717676306,S10,20240606
S10/20240606/00038,1,P104579,3,67.48,SALE,1717687115,S10,20240606
S10/20240606/00038,2,P102569,3,116.37,SALE,1717687115,S10,20240606
S10/20240606/00038,3,P103882,2,269.95,SALE,1717687115,S10,20240606
S10/20240606/00038,4,P101564,1,155.83,SALE,1717687115,S10,20240606
S10/20240606/00038,5,P107381,2,195.99,SALE,1717687115,S10,20240606
S10/20240606/00038,6,TAX,1,214.16,TAX,1717687115,S10,20240606
S10/20240606/00038,7,TENDER,1,1853.42,TENDER,1717687115,S10,20240606
S10/20240606/00039,1,P103449,3,381.08,SALE,1717699014,S10,20240606
S10/20240606/00039,2,TAX,1,57.16,TAX,1717699014,S10,20240606
S10/20240606/00039,3,TENDER,1,1200.40,TENDER,1717699014,S10,20240606
S10/20240607/00001,1,P103792,2,26.45,SALE,1717785947,S10,20240607
S10/20240607/00001,2,P101004,2,324.97,SALE,1717785947,S10,20240607
S10/20240607/00001,3,P106452,4,27.90,SALE,1717785947,S10,20240607
S10/20240607/00001,4,P104688,2,178.09,SALE,1717785947,S10,20240607
S10/20240607/00001,5,TAX,1,58.53,TAX,1717785947,S10,20240607
S10/20240607/00001,6,TENDER,1,1229.15,TENDER,1717785947,S10,20240607
S10/20240607/00002,1,P102074,3,415.90,SALE,1717782979,S10,20240607
S10/20240607/00002,2,P103701,2,1171.33,SALE,1717782979,S10,20240607
S10/20240607/00002,3,P102598,2,132.95,SALE,1717782979,S10,20240607
S10/20240607/00002,4,P100855,2,345.07,SALE,1717782979,S10,20240607
S10/20240607/00002,5,P103484,1,109.59,SALE,1717782979,S10,20240607
S10/20240607/00002,6,P101283,1,263.48,SALE,1717782979,S10,20240607
S10/20240607/00002,7,P104023,2,630.48,SALE,1717782979,S10,20240607
S10/20240607/00002,8,P103243,2,195.61,SALE,1717782979,S10,20240607
S10/20240607/00002,9,TAX,1,453.50,TAX,1717782979,S10,20240607
S10/20240607/00002,10,TENDER,1,7025.15,TENDER,1717782979,S10,20240607
S10/20240607/00003,1,P106072,2,78.69,SALE,1717786179,S10,20240607
S10/20240607/00003,2,P101747,3,245.75,SALE,1717786179,S10,20240607
S10/20240607/00003,3,P102707,2,385.91,SALE,1717786179,S10,20240607
S10/20240607/00003,4,P104658,2,73.05,SALE,1717786179,S10,20240607
S10/20240607/00003,5,TAX,1,155.67,TAX,1717786179,S10,20240607
S10/20240607/00003,6,TENDER,1,1968.22,TENDER,1717786179,S10,20240607
S10/20240607/00004,1,P107775,2,755.55,SALE,1717784655,S10,20240607
S10/20240607/00004,2,P101762,2,529.95,SALE,1717784655,S10,20240607
S10/20240607/00004,3,P105167,2,826.20,SALE,1717784655,S10,20240607
S10/20240607/00004,4,TAX,1,285.36,TAX,1717784655,S10,20240607
S10/20240607/00004,5,TENDER,1,4508.76,TENDER,1717784655,S10,20240607
S10/20240607/00005,1,P103908,4,104.62,SALE,1717780792,S10,20240607
S10/20240607/00005,2,P106288,2,45.93,SALE,1717780792,S10,20240607
S10/20240607/00005,3,P107899,2,197.21,SALE,1717780792,S10,20240607
S10/20240607/00005,4,P100367,2,537.90,SALE,1717780792,S10,20240607
S10/20240607/00005,5,P101690,1,1048.95,SALE,1717780792,S10,20240607
S10/20240607/00005,6,TAX,1,320.62,TAX,1717780792,S10,20240607
S10/20240607/00005,7,TENDER,1,3350.13,TENDER,1717780792,S10,20240607
S10/20240607/00006,1,P105890,1,1196.88,SALE,1717754498,S10,20240607
S10/20240607/00006,2,P101603,2,911.37,SALE,1717754498,S10,20240607
S10/20240607/00006,3,P100582,3,159.72,SALE,1717754498,S10,20240607
S10/20240607/00006,4,P101339,1,222.95,SALE,1717754498,S10,20240607
S10/20240607/00006,5,P106872,3,73.31,SALE,1717754498,S10,20240607
S10/20240607/00006,6,P108206,1,78.93,SALE,1717754498,S10,20240607
S10/20240607/00006,7,TAX,1,415.56,TAX,1717754498,S10,20240607
S10/20240607/00006,8,TENDER,1,4436.15,TENDER,1717754498,S10,20240607
S10/20240607/00007,1,P104277,2,136.79,SALE,1717770232,S10,20240607
S10/20240607/00007,2,P106751,2,132.55,SALE,1717770232,S10,20240607
S10/20240607/00007,3,P107943,3,252.32,SALE,1717770232,S10,20240607
S10/20240607/00007,4,P103973,2,112.64,SALE,1717770232,S10,20240607
S10/20240607/00007,5,TAX,1,222.89,TAX,1717770232,S10,20240607
S10/20240607/00007,6,TENDER,1,1743.81,TENDER,1717770232,S10,20240607
S10/20240607/00008,1,P101048,2,208.35,SALE,1717792134,S10,20240607
S10/20240607/00008,2,P103994,3,148.39,SALE,1717792134,S10,20240607
S10/20240607/00008,3,P108335,1,165.51,SALE,1717792134,S10,20240607
S10/20240607/00008,4,P103438,1,187.96,SALE,1717792134,S10,20240607
S10/20240607/00008,5,DISC,1,-70.61,DISCOUNT,1717792134,S10,20240607
S10/20240607/00008,6,TAX,1,28.48,TAX,1717792134,S10,20240607
S10/20240607/00008,7,TENDER,1,1173.21,TENDER,1717792134,S10,20240607
S10/20240607/00009,1,P103062,2,179.06,SALE,1717775070,S10,20240607
S10/20240607/00009,2,P104558,2,429.56,SALE,1717775070,S10,20240607
S10/20240607/00009,3,P102207,3,342.36,SALE,1717775070,S10,20240607
S10/20240607/00009,4,P102272,3,373.95,SALE,1717775070,S10,20240607
S10/20240607/00009,5,P100722,1,287.33,SALE,1717775070,S10,20240607
S10/20240607/00009,6,TAX,1,378.87,TAX,1717775070,S10,20240607
S10/20240607/00009,7,TENDER,1,4032.37,TENDER,1717775070,S10,20240607
S10/20240607/00010,1,P108338,1,218.68,SALE,1717773801,S10,20240607
S10/20240607/00010,2,TAX,1,39.36,TAX,1717773801,S10,20240607
S10/20240607/00010,3,TENDER,1,258.04,TENDER,1717773801,S10,20240607
S10/20240607/00011,1,P102280,1,611.53,SALE,1717787214,S10,20240607
S10/20240607/00011,2,P107294,1,83.95,SALE,1717787214,S10,20240607
S10/20240607/00011,3,TAX,1,114.27,TAX,1717787214,S10,20240607
S10/20240607/00011,4,TENDER,1,809.75,TENDER,1717787214,S10,20240607
S10/20240607/00012,1,P107943,3,252.32,SALE,1717773684,S10,20240607
S10/20240607/00012,2,P103680,2,210.26,SALE,1717773684,S10,20240607
S10/20240607/00012,3,P103542,2,398.89,SALE,1717773684,S10,20240607
S10/20240607/00012,4,P103340,2,466.84,SALE,1717773684,S10,20240607
S10/20240607/00012,5,P102648,3,397.04,SALE,1717773684,S10,20240607
S10/20240607/00012,6,P104802,4,194.24,SALE,1717773684,S10,20240607
S10/20240607/00012,7,TAX,1,754.30,TAX,1717773684,S10,20240607
S10/20240607/00012,8,TENDER,1,5631.32,TENDER,1717773684,S10,20240607
S10/20240607/00013,1,P107381,2,195.99,SALE,1717776662,S10,20240607
S10/20240607/00013,2,P101543,1,178.10,SALE,1717776662,S10,20240607
S10/20240607/00013,3,P107458,2,1239.88,SALE,1717776662,S10,20240607
S10/20240607/00013,4,P101681,3,139.09,SALE,1717776662,S10,20240607
S10/20240607/00013,5,TAX,1,129.17,TAX,1717776662,S10,20240607
S10/20240607/00013,6,TENDER,1,3596.28,TENDER,1717776662,S10,20240607
S10/20240607/00014,1,P107903,1,22.86,SALE,1717774826,S10,20240607
S10/20240607/00014,2,P106891,1,642.78,SALE,1717774826,S10,20240607
S10/20240607/00014,3,P100178,2,480.34,SALE,1717774826,S10,20240607
S10/20240607/00014,4,P101859,2,68.39,SALE,1717774826,S10,20240607
S10/20240607/00014,5,TAX,1,225.59,TAX,1717774826,S10,20240607
S10/20240607/00014,6,TENDER,1,1988.69,TENDER,1717774826,S10,20240607
S10/20240607/00015,1,P104512,2,94.53,SALE,1717767611,S10,20240607
S10/20240607/00015,2,P101127,1,45.95,SALE,1717767611,S10,20240607
S10/20240607/00015,3,P100967,2,1052.07,SALE,1717767611,S10,20240607
S10/20240607/00015,4,P105433,1,144.32,SALE,1717767611,S10,20240607
S10/20240607/00015,5,TAX,1,287.93,TAX,1717767611,S10,20240607
S10/20240607/00015,6,TENDER,1,2771.40,TENDER,1717767611,S10,20240607
S10/20240607/00016,1,P100077,3,181.42,SALE,1717746797,S10,20240607
S10/20240607/00016,2,P108125,2,129.06,SALE,1717746797,S10,20240607
S10/20240607/00016,3,P103449,2,381.08,SALE,1717746797,S10,20240607
S10/20240607/00016,4,TAX,1,65.32,TAX,1717746797,S10,20240607
S10/20240607/00016,5,TENDER,1,1629.86,TENDER,1717746797,S10,20240607
S10/20240607/00017,1,P100479,3,342.53,SALE,1717786103,S10,20240607
S10/20240607/00017,2,P103864,3,452.72,SALE,1717786103,S10,20240607
S10/20240607/00017,3,P103886,1,302.49,SALE,1717786103,S10,20240607
S10/20240607/00017,4,TAX,1,191.22,TAX,1717786103,S10,20240607
S10/20240607/00017,5,TENDER,1,2879.46,TENDER,1717786103,S10,20240607
S10/20240607/00018,1,P100044,1,737.05,SALE,1717755428,S10,20240607
S10/20240607/00018,2,P107843,1,486.47,SALE,1717755428,S10,20240607
S10/20240607/00018,3,P103259,1,274.41,SALE,1717755428,S10,20240607
S10/20240607/00018,4,P107137,3,32.59,SALE,1717755428,S10,20240607
S10/20240607/00018,5,TAX,1,176.01,TAX,1717755428,S10,20240607
S10/20240607/00018,6,TENDER,1,1771.71,TENDER,1717755428,S10,20240607
S10/20240607/00019,1,P103591,2,102.70,SALE,1717778423,S10,20240607
S10/20240607/00019,2,P100883,1,723.68,SALE,1717778423,S10,20240607
S10/20240607/00019,3,TAX,1,73.16,TAX,1717778423,S10,20240607
S10/20240607/00019,4,TENDER,1,1002.24,TENDER,1717778423,S10,20240607
S10/20240607/00020,1,P101533,3,1020.37,SALE,1717762543,S10,20240607
S10/20240607/00020,2,P102788,2,871.07,SALE,1717762543,S10,20240607
S10/20240607/00020,3,P100007,2,149.27,SALE,1717762543,S10,20240607
S10/20240607/00020,4,P107094,2,87.94,SALE,1717762543,S10,20240607
S10/20240607/00020,5,P100319,1,48.05,SALE,1717762543,S10,20240607
S10/20240607/00020,6,P104637,3,270.93,SALE,1717762543,S10,20240607
S10/20240607/00020,7,P107925,3,1023.82,SALE,1717762543,S10,20240607
S10/20240607/00020,8,TAX,1,793.35,TAX,1717762543,S10,20240607
S10/20240607/00020,9,TENDER,1,10003.32,TENDER,1717762543,S10,20240607
S10/20240607/00021,1,P103816,1,209.63,SALE,1717796628,S10,20240607
S10/20240607/00021,2,P101859,3,68.39,SALE,1717796628,S10,20240607
S10/20240607/00021,3,P105400,1,48.10,SALE,1717796628,S10,20240607
S10/20240607/00021,4,P104382,2,58.95,SALE,1717796628,S10,20240607
S10/20240607/00021,5,P105901,2,73.95,SALE,1717796628,S10,20240607
S10/20240607/00021,6,P107089,2,208.16,SALE,1717796628,S10,20240607
S10/20240607/00021,7,P102129,3,252.76,SALE,1717796628,S10,20240607
S10/20240607/00021,8,TAX,1,153.38,TAX,1717796628,S10,20240607
S10/20240607/00021,9,TENDER,1,2056.68,TENDER,1717796628,S10,20240607
S10/20240607/00022,1,P105119,2,91.19,SALE,1717764127,S10,20240607
S10/20240607/00022,2,P105236,2,552.60,SALE,1717764127,S10,20240607
S10/20240607/00022,3,P101444,3,834.95,SALE,1717764127,S10,20240607
S10/20240607/00022,4,P107149,1,145.83,SALE,1717764127,S10,20240607
S10/20240607/00022,5,P100840,2,248.08,SALE,1717764127,S10,20240607
S10/20240607/00022,6,TAX,1,406.25,TAX,1717764127,S10,20240607
S10/20240607/00022,7,TENDER,1,4840.67,TENDER,1717764127,S10,20240607
S10/20240607/00023,1,P103029,2,11.28,SALE,1717788631,S10,20240607
S10/20240607/00023,2,P101421,3,112.02,SALE,1717788631,S10,20240607
S10/20240607/00023,3,P103896,1,200.95,SALE,1717788631,S10,20240607
S10/20240607/00023,4,P100164,3,545.87,SALE,1717788631,S10,20240607
S10/20240607/00023,5,P102175,2,191.56,SALE,1717788631,S10,20240607
S10/20240607/00023,6,TAX,1,395.49,TAX,1717788631,S10,20240607
S10/20240607/00023,7,TENDER,1,2975.79,TENDER,1717788631,S10,20240607
S10/20240607/00024,1,P106528,2,832.82,SALE,1717788364,S10,20240607
S10/20240607/00024,2,P105882,2,206.76,SALE,1717788364,S10,20240607
S10/20240607/00024,3,TAX,1,274.31,TAX,1717788364,S10,20240607
S10/20240607/00024,4,TENDER,1,2353.47,TENDER,1717788364,S10,20240607
S10/20240607/00025,1,P103372,3,43.95,SALE,1717772706,S10,20240607
S10/20240607/00025,2,P101298,2,199.67,SALE,1717772706,S10,20240607
S10/20240607/00025,3,P106563,3,426.95,SALE,1717772706,S10,20240607
S10/20240607/00025,4,TAX,1,225.36,TAX,1717772706,S10,20240607
S10/20240607/00025,5,TENDER,1,2037.40,TENDER,1717772706,S10,20240607
S10/20240607/00026,1,P107018,1,187.58,SALE,1717778063,S10,20240607
S10/20240607/00026,2,P102502,2,366.79,SALE,1717778063,S10,20240607
S10/20240607/00026,3,P108131,2,611.06,SALE,1717778063,S10,20240607
S10/20240607/00026,4,P107197,1,669.72,SALE,1717778063,S10,20240607
S10/20240607/00026,5,P107589,2,266.18,SALE,1717778063,S10,20240607
S10/20240607/00026,6,P105944,3,985.47,SALE,1717778063,S10,20240607
S10/20240607/00026,7,TAX,1,773.67,TAX,1717778063,S10,20240607
S10/20240607/00026,8,TENDER,1,7075.44,TENDER,1717778063,S10,20240607
S10/20240607/00027,1,P101384,2,42.99,SALE,1717761692,S10,20240607
S10/20240607/00027,2,P100511,2,407.54,SALE,1717761692,S10,20240607
S10/20240607/00027,3,P107630,1,290.66,SALE,1717761692,S10,20240607
S10/20240607/00027,4,P104883,3,342.92,SALE,1717761692,S10,20240607
S10/20240607/00027,5,P104008,2,107.37,SALE,1717761692,S10,20240607
S10/20240607/00027,6,TAX,1,216.60,TAX,1717761692,S10,20240607
S10/20240607/00027,7,TENDER,1,2651.82,TENDER,1717761692,S10,20240607
S10/20240607/00028,1,P101578,4,39.77,SALE,1717777808,S10,20240607
S10/20240607/00028,2,P104651,1,540.51,SALE,1717777808,S10,20240607
S10/20240607/00028,3,P105868,2,68.91,SALE,1717777808,S10,20240607
S10/20240607/00028,4,P102175,3,191.56,SALE,1717777808,S10,20240607
S10/20240607/00028,5,P108374,1,1354.57,SALE,1717777808,S10,20240607
S10/20240607/00028,6,P102868,3,471.29,SALE,1717777808,S10,20240607
S10/20240607/00028,7,P103168,2,923.59,SALE,1717777808,S10,20240607
S10/20240607/00028,8,P101674,2,373.95,SALE,1717777808,S10,20240607
S10/20240607/00028,9,TAX,1,690.49,TAX,1717777808,S10,20240607
S10/20240607/00028,10,TENDER,1,7466.10,TENDER,1717777808,S10,20240607
S10/20240607/00029,1,P101603,4,911.37,SALE,1717775511,S10,20240607
S10/20240607/00029,2,P105119,1,91.19,SALE,1717775511,S10,20240607
S10/20240607/00029,3,P105268,1,255.65,SALE,1717775511,S10,20240607
S10/20240607/00029,4,P103584,2,402.02,SALE,1717775511,S10,20240607
S10/20240607/00029,5,P108001,1,87.00,SALE,1717775511,S10,20240607
S10/20240607/00029,6,TAX,1,644.62,TAX,1717775511,S10,20240607
S10/20240607/00029,7,TENDER,1,5527.98,TENDER,1717775511,S10,20240607
S10/20240607/00030,1,P106382,1,81.60,SALE,1717772959,S10,20240607
S10/20240607/00030,2,P107973,2,271.34,SALE,1717772959,S10,20240607
S10/20240607/00030,3,P101190,1,84.60,SALE,1717772959,S10,20240607
S10/20240607/00030,4,P101722,2,1331.86,SALE,1717772959,S10,20240607
S10/20240607/00030,5,P104294,2,115.73,SALE,1717772959,S10,20240607
S10/20240607/00030,6,TAX,1,203.32,TAX,1717772959,S10,20240607
S10/20240607/00030,7,TENDER,1,3807.38,TENDER,1717772959,S10,20240607
S10/20240607/00031,1,P106542,2,122.90,SALE,1717758726,S10,20240607
S10/20240607/00031,2,P100889,3,976.95,SALE,1717758726,S10,20240607
S10/20240607/00031,3,P100560,1,176.85,SALE,1717758726,S10,20240607
S10/20240607/00031,4,P104048,1,168.34,SALE,1717758726,S10,20240607
S10/20240607/00031,5,P106258,1,423.67,SALE,1717758726,S10,20240607
S10/20240607/00031,6,TAX,1,253.39,TAX,1717758726,S10,20240607
S10/20240607/00031,7,TENDER,1,4198.90,TENDER,1717758726,S10,20240607
S10/20240607/00032,1,P106900,1,179.85,SALE,1717792943,S10,20240607
S10/20240607/00032,2,P100711,1,101.23,SALE,1717792943,S10,20240607
S10/20240607/00032,3,P103575,3,54.47,SALE,1717792943,S10,20240607
S10/20240607/00032,4,P101674,3,373.95,SALE,1717792943,S10,20240607
S10/20240607/00032,5,P101052,2,198.99,SALE,1717792943,S10,20240607
S10/20240607/00032,6,DISC,1,-60.22,DISCOUNT,1717792943,S10,20240607
S10/20240607/00032,7,TAX,1,299.48,TAX,1717792943,S10,20240607
S10/20240607/00032,8,TENDER,1,2203.58,TENDER,1717792943,S10,20240607
S10/20240607/00033,1,P106975,2,136.95,SALE,1717748405,S10,20240607
S10/20240607/00033,2,P104975,1,496.12,SALE,1717748405,S10,20240607
S10/20240607/00033,3,P103438,1,187.96,SALE,1717748405,S10,20240607
S10/20240607/00033,4,P101796,2,990.67,SALE,1717748405,S10,20240607
S10/20240607/00033,5,P108361,3,69.61,SALE,1717748405,S10,20240607
S10/20240607/00033,6,TAX,1,157.77,TAX,1717748405,S10,20240607
S10/20240607/00033,7,TENDER,1,3305.92,TENDER,1717748405,S10,20240607
S10/20240607/00034,1,P105997,3,109.75,SALE,1717786833,S10,20240607
S10/20240607/00034,2,P103978,2,347.08,SALE,1717786833,S10,20240607
S10/20240607/00034,3,P102342,1,99.85,SALE,1717786833,S10,20240607
S10/20240607/00034,4,TAX,1,63.15,TAX,1717786833,S10,20240607
S10/20240607/00034,5,TENDER,1,1186.41,TENDER,1717786833,S10,20240607
S10/20240607/00035,1,P100198,2,156.66,SALE,1717778398,S10,20240607
S10/20240607/00035,2,P102480,1,198.67,SALE,1717778398,S10,20240607
S10/20240607/00035,3,P101500,3,330.53,SALE,1717778398,S10,20240607
S10/20240607/00035,4,P106323,4,218.99,SALE,1717778398,S10,20240607
S10/20240607/00035,5,P105483,3,153.63,SALE,1717778398,S10,20240607
S10/20240607/00035,6,P108326,3,473.88,SALE,1717778398,S10,20240607
S10/20240607/00035,7,DISC,1,-479.13,DISCOUNT,1717778398,S10,20240607
S10/20240607/00035,8,TAX,1,286.65,TAX,1717778398,S10,20240607
S10/20240607/00035,9,TENDER,1,4069.59,TENDER,1717778398,S10,20240607
S10/20240607/00036,1,P104558,2,429.56,SALE,1717797377,S10,20240607
S10/20240607/00036,2,P104478,1,17.21,SALE,1717797377,S10,20240607
S10/20240607/00036,3,P102691,2,219.72,SALE,1717797377,S10,20240607
S10/20240607/00036,4,TAX,1,128.16,TAX,1717797377,S10,20240607
S10/20240607/00036,5,TENDER,1,1443.93,TENDER,1717797377,S10,20240607
S10/20240607/00037,1,P108369,1,318.67,SALE,1717788116,S10,20240607
S10/20240607/00037,2,P108206,1,78.93,SALE,1717788116,S10,20240607
S10/20240607/00037,3,P107767,2,510.38,SALE,1717788116,S10,20240607
S10/20240607/00037,4,P105959,2,477.24,SALE,1717788116,S10,20240607
S10/20240607/00037,5,P108191,2,309.71,SALE,1717788116,S10,20240607
S10/20240607/00037,6,P104011,2,657.72,SALE,1717788116,S10,20240607
S10/20240607/00037,7,P104747,3,342.93,SALE,1717788116,S10,20240607
S10/20240607/00037,8,TAX,1,500.40,TAX,1717788116,S10,20240607
S10/20240607/00037,9,TENDER,1,5836.89,TENDER,1717788116,S10,20240607
S10/20240607/00038,1,P107784,1,245.59,SALE,1717774290,S10,20240607
S10/20240607/00038,2,P101968,1,9.95,SALE,1717774290,S10,20240607
S10/20240607/00038,3,P100428,3,122.83,SALE,1717774290,S10,20240607
S10/20240607/00038,4,P104242,3,275.95,SALE,1717774290,S10,20240607
S10/20240607/00038,5,P103552,2,120.81,SALE,1717774290,S10,20240607
S10/20240607/00038,6,TAX,1,130.60,TAX,1717774290,S10,20240607
S10/20240607/00038,7,TENDER,1,1824.10,TENDER,1717774290,S10,20240607
S10/20240607/00039,1,P102593,1,92.93,SALE,1717782152,S10,20240607
S10/20240607/00039,2,P100250,3,544.91,SALE,1717782152,S10,20240607
S10/20240607/00039,3,P106162,2,527.95,SALE,1717782152,S10,20240607
S10/20240607/00039,4,DISC,1,-117.93,DISCOUNT,1717782152,S10,20240607
S10/20240607/00039,5,TAX,1,94.29,TAX,1717782152,S10,20240607
S10/20240607/00039,6,TENDER,1,2759.92,TENDER,1717782152,S10,20240607
S10/20240607/00040,1,P105860,2,674.13,SALE,1717767247,S10,20240607
S10/20240607/00040,2,P103986,2,495.05,SALE,1717767247,S10,20240607
S10/20240607/00040,3,P104700,2,1389.68,SALE,1717767247,S10,20240607
S10/20240607/00040,4,DISC,1,-151.41,DISCOUNT,1717767247,S10,20240607
S10/20240607/00040,5,TAX,1,238.36,TAX,1717767247,S10,20240607
S10/20240607/00040,6,TENDER,1,5204.67,TENDER,1717767247,S10,20240607
S10/20240607/00041,1,P107826,4,106.95,SALE,1717788054,S10,20240607
S10/20240607/00041,2,P102424,1,333.88,SALE,1717788054,S10,20240607
S10/20240607/00041,3,P105855,1,128.68,SALE,1717788054,S10,20240607
S10/20240607/00041,4,P106330,2,199.12,SALE,1717788054,S10,20240607
S10/20240607/00041,5,P101656,2,249.80,SALE,1717788054,S10,20240607
S10/20240607/00041,6,P101292,1,380.75,SALE,1717788054,S10,20240607
S10/20240607/00041,7,TAX,1,225.14,TAX,1717788054,S10,20240607
S10/20240607/00041,8,TENDER,1,2394.09,TENDER,1717788054,S10,20240607
S10/20240607/00042,1,P102480,4,198.67,SALE,1717772929,S10,20240607
S10/20240607/00042,2,P101083,4,287.09,SALE,1717772929,S10,20240607
S10/20240607/00042,3,TAX,1,246.44,TAX,1717772929,S10,20240607
S10/20240607/00042,4,TENDER,1,2189.48,TENDER,1717772929,S10,20240607
S10/20240607/00043,1,P102139,3,1521.81,SALE,1717765168,S10,20240607
S10/20240607/00043,2,P100086,1,88.95,SALE,1717765168,S10,20240607
S10/20240607/00043,3,P103994,1,148.39,SALE,1717765168,S10,20240607
S10/20240607/00043,4,P101851,2,1750.29,SALE,1717765168,S10,20240607
S10/20240607/00043,5,P107903,1,22.86,SALE,1717765168,S10,20240607
S10/20240607/00043,6,P101543,3,178.10,SALE,1717765168,S10,20240607
S10/20240607/00043,7,DISC,1,-1025.40,DISCOUNT,1717765168,S10,20240607
S10/20240607/00043,8,TAX,1,294.47,TAX,1717765168,S10,20240607
S10/20240607/00043,9,TENDER,1,8129.58,TENDER,1717765168,S10,20240607
S10/20240607/00044,1,P105050,1,103.36,SALE,1717780856,S10,20240607
S10/20240607/00044,2,P103340,2,466.84,SALE,1717780856,S10,20240607
S10/20240607/00044,3,P104517,2,1474.90,SALE,1717780856,S10,20240607
S10/20240607/00044,4,P106093,2,315.93,SALE,1717780856,S10,20240607
S10/20240607/00044,5,TAX,1,249.05,TAX,1717780856,S10,20240607
S10/20240607/00044,6,TENDER,1,4867.75,TENDER,1717780856,S10,20240607
S10/20240607/00045,1,P102445,2,29.80,SALE,1717791823,S10,20240607
S10/20240607/00045,2,P103719,5,957.52,SALE,1717791823,S10,20240607
S10/20240607/00045,3,P107182,2,109.95,SALE,1717791823,S10,20240607
S10/20240607/00045,4,P102243,2,133.95,SALE,1717791823,S10,20240607
S10/20240607/00045,5,P100621,1,134.28,SALE,1717791823,S10,20240607
S10/20240607/00045,6,P102761,2,159.81,SALE,1717791823,S10,20240607
S10/20240607/00045,7,DISC,1,-314.77,DISCOUNT,1717791823,S10,20240607
S10/20240607/00045,8,TAX,1,626.37,TAX,1717791823,S10,20240607
S10/20240607/00045,9,TENDER,1,6100.50,TENDER,1717791823,S10,20240607
S10/20240607/00046,1,P100855,1,345.07,SALE,1717770389,S10,20240607
S10/20240607/00046,2,P100810,2,200.65,SALE,1717770389,S10,20240607
S10/20240607/00046,3,TAX,1,82.18,TAX,1717770389,S10,20240607
S10/20240607/00046,4,TENDER,1,828.55,TENDER,1717770389,S10,20240607
S10/20240607/00047,1,P107549,2,47.87,SALE,1717769269,S10,20240607
S10/20240607/00047,2,P102585,1,516.36,SALE,1717769269,S10,20240607
S10/20240607/00047,3,P100632,2,331.55,SALE,1717769269,S10,20240607
S10/20240607/00047,4,P104328,1,66.17,SALE,1717769269,S10,20240607
S10/20240607/00047,5,TAX,1,165.72,TAX,1717769269,S10,20240607
S10/20240607/00047,6,TENDER,1,1507.09,TENDER,1717769269,S10,20240607
S10/20240607/00048,1,P106735,3,320.99,SALE,1717758752,S10,20240607
S10/20240607/00048,2,P107516,6,598.37,SALE,1717758752,S10,20240607
S10/20240607/00048,3,P106872,2,73.31,SALE,1717758752,S10,20240607
S10/20240607/00048,4,P105092,1,53.12,SALE,1717758752,S10,20240607
S10/20240607/00048,5,P104212,6,401.95,SALE,1717758752,S10,20240607
S10/20240607/00048,6,P104765,1,401.36,SALE,1717758752,S10,20240607
S10/20240607/00048,7,TAX,1,1337.80,TAX,1717758752,S10,20240607
S10/20240607/00048,8,TENDER,1,8903.79,TENDER,1717758752,S10,20240607
S10/20240607/00049,1,P103424,1,295.58,SALE,1717782550,S10,20240607
S10/20240607/00049,2,P106735,2,320.99,SALE,1717782550,S10,20240607
S10/20240607/00049,3,P102263,2,116.79,SALE,1717782550,S10,20240607
S10/20240607/00049,4,P107264,2,181.93,SALE,1717782550,S10,20240607
S10/20240607/00049,5,P100509,1,154.51,SALE,1717782550,S10,20240607
S10/20240607/00049,6,P106865,2,299.72,SALE,1717782550,S10,20240607
S10/20240607/00049,7,TAX,1,360.18,TAX,1717782550,S10,20240607
S10/20240607/00049,8,TENDER,1,2649.13,TENDER,1717782550,S10,20240607
S10/20240607/00050,1,P102707,1,419.47,SALE,1717745953,S10,20240607
S10/20240607/00050,2,P103811,4,801.95,SALE,1717745953,S10,20240607
S10/20240607/00050,3,P100771,2,703.95,SALE,1717745953,S10,20240607
S10/20240607/00050,4,P100233,2,67.07,SALE,1717745953,S10,20240607
S10/20240607/00050,5,P100380,3,136.58,SALE,1717745953,S10,20240607
S10/20240607/00050,6,TAX,1,275.16,TAX,1717745953,S10,20240607
S10/20240607/00050,7,TENDER,1,5854.21,TENDER,1717745953,S10,20240607
S10/20240607/00051,1,P103904,1,1081.09,SALE,1717789717,S10,20240607
S10/20240607/00051,2,P100940,4,199.52,SALE,1717789717,S10,20240607
S10/20240607/00051,3,P107346,3,449.29,SALE,1717789717,S10,20240607
S10/20240607/00051,4,DISC,1,-233.85,DISCOUNT,1717789717,S10,20240607
S10/20240607/00051,5,TAX,1,245.89,TAX,1717789717,S10,20240607
S10/20240607/00051,6,TENDER,1,3239.08,TENDER,1717789717,S10,20240607
S10/20240607/00052,1,P102129,1,252.76,SALE,1717786890,S10,20240607
S10/20240607/00052,2,P107362,2,62.10,SALE,1717786890,S10,20240607
S10/20240607/00052,3,P102636,4,114.77,SALE,1717786890,S10,20240607
S10/20240607/00052,4,P100693,2,99.05,SALE,1717786890,S10,20240607
S10/20240607/00052,5,P100287,2,218.95,SALE,1717786890,S10,20240607
S10/20240607/00052,6,P101023,2,193.95,SALE,1717786890,S10,20240607
S10/20240607/00052,7,TAX,1,165.55,TAX,1717786890,S10,20240607
S10/20240607/00052,8,TENDER,1,2025.49,TENDER,1717786890,S10,20240607
S10/20240607/00053,1,P100077,2,181.42,SALE,1717776681,S10,20240607
S10/20240607/00053,2,P101638,2,373.95,SALE,1717776681,S10,20240607
S10/20240607/00053,3,P104980,1,73.54,SALE,1717776681,S10,20240607
S10/20240607/00053,4,TAX,1,111.57,TAX,1717776681,S10,20240607
S10/20240607/00053,5,TENDER,1,1295.85,TENDER,1717776681,S10,20240607
S10/20240607/00054,1,P107266,2,69.30,SALE,1717761649,S10,20240607
S10/20240607/00054,2,P106024,2,472.89,SALE,1717761649,S10,20240607
S10/20240607/00054,3,P107740,3,1366.88,SALE,1717761649,S10,20240607
S10/20240607/00054,4,P102913,1,347.82,SALE,1717761649,S10,20240607
S10/20240607/00054,5,P105698,2,165.72,SALE,1717761649,S10,20240607
S10/20240607/00054,6,P102096,2,982.72,SALE,1717761649,S10,20240607
S10/20240607/00054,7,P106592,1,738.06,SALE,1717761649,S10,20240607
S10/20240607/00054,8,DISC,1,-620.88,DISCOUNT,1717761649,S10,20240607
S10/20240607/00054,9,TAX,1,967.79,TAX,1717761649,S10,20240607
S10/20240607/00054,10,TENDER,1,8914.69,TENDER,1717761649,S10,20240607
S10/20240607/00055,1,P107597,1,519.83,SALE,1717751394,S10,20240607
S10/20240607/00055,2,P105651,2,110.95,SALE,1717751394,S10,20240607
S10/20240607/00055,3,P107654,1,363.70,SALE,1717751394,S10,20240607
S10/20240607/00055,4,P101968,3,9.95,SALE,1717751394,S10,20240607
S10/20240607/00055,5,TAX,1,114.95,TAX,1717751394,S10,20240607
S10/20240607/00055,6,TENDER,1,1250.23,TENDER,1717751394,S10,20240607
S10/20240607/00056,1,P102768,2,152.65,SALE,1717774585,S10,20240607
S10/20240607/00056,2,P106388,2,1042.36,SALE,1717774585,S10,20240607
S10/20240607/00056,3,P103766,3,191.95,SALE,1717774585,S10,20240607
S10/20240607/00056,4,P101076,1,606.89,SALE,1717774585,S10,20240607
S10/20240607/00056,5,P101332,1,400.98,SALE,1717774585,S10,20240607
S10/20240607/00056,6,TAX,1,186.27,TAX,1717774585,S10,20240607
S10/20240607/00056,7,TENDER,1,4160.01,TENDER,1717774585,S10,20240607
S10/20240607/00057,1,P102014,3,261.84,SALE,1717793963,S10,20240607
S10/20240607/00057,2,P103777,3,44.82,SALE,1717793963,S10,20240607
S10/20240607/00057,3,P104820,4,207.26,SALE,1717793963,S10,20240607
S10/20240607/00057,4,P100112,2,91.95,SALE,1717793963,S10,20240607
S10/20240607/00057,5,TAX,1,330.45,TAX,1717793963,S10,20240607
S10/20240607/00057,6,TENDER,1,2263.37,TENDER,1717793963,S10,20240607
S10/20240608/00001,1,P104784,3,370.89,SALE,1717871233,S10,20240608
S10/20240608/00001,2,DISC,1,-84.45,DISCOUNT,1717871233,S10,20240608
S10/20240608/00001,3,TAX,1,123.39,TAX,1717871233,S10,20240608
S10/20240608/00001,4,TENDER,1,1151.61,TENDER,1717871233,S10,20240608
S10/20240608/00002,1,P100276,3,965.56,SALE,1717856933,S10,20240608
S10/20240608/00002,2,P108125,2,129.06,SALE,1717856933,S10,20240608
S10/20240608/00002,3,P106027,2,1436.61,SALE,1717856933,S10,20240608
S10/20240608/00002,4,P103584,1,402.02,SALE,1717856933,S10,20240608
S10/20240608/00002,5,P102353,2,139.83,SALE,1717856933,S10,20240608
S10/20240608/00002,6,TAX,1,231.18,TAX,1717856933,S10,20240608
S10/20240608/00002,7,TENDER,1,6940.88,TENDER,1717856933,S10,20240608
S10/20240608/00003,1,P107639,3,128.49,SALE,1717861515,S10,20240608
S10/20240608/00003,2,P104902,1,445.79,SALE,1717861515,S10,20240608
S10/20240608/00003,3,P108174,1,235.92,SALE,1717861515,S10,20240608
S10/20240608/00003,4,P100348,5,478.95,SALE,1717861515,S10,20240608
S10/20240608/00003,5,P104079,2,72.20,SALE,1717861515,S10,20240608
S10/20240608/00003,6,TAX,1,258.03,TAX,1717861515,S10,20240608
S10/20240608/00003,7,TENDER,1,3864.36,TENDER,1717861515,S10,20240608
S10/20240608/00004,1,P108234,2,33.09,SALE,1717859305,S10,20240608
S10/20240608/00004,2,P102286,2,238.95,SALE,1717859305,S10,20240608
S10/20240608/00004,3,P104155,2,138.95,SALE,1717859305,S10,20240608
S10/20240608/00004,4,P104401,2,207.51,SALE,1717859305,S10,20240608
S10/20240608/00004,5,P106611,1,341.44,SALE,1717859305,S10,20240608
S10/20240608/00004,6,TAX,1,188.71,TAX,1717859305,S10,20240608
S10/20240608/00004,7,TENDER,1,1767.15,TENDER,1717859305,S10,20240608
S10/20240608/00005,1,P104802,6,194.24,SALE,1717885087,S10,20240608
S10/20240608/00005,2,P100121,1,102.39,SALE,1717885087,S10,20240608
S10/20240608/00005,3,TAX,1,214.90,TAX,1717885087,S10,20240608
S10/20240608/00005,4,TENDER,1,1482.73,TENDER,1717885087,S10,20240608
S10/20240608/00006,1,P106004,1,137.38,SALE,1717866271,S10,20240608
S10/20240608/00006,2,P105083,3,245.38,SALE,1717866271,S10,20240608
S10/20240608/00006,3,P103348,5,485.60,SALE,1717866271,S10,20240608
S10/20240608/00006,4,TAX,1,260.77,TAX,1717866271,S10,20240608
S10/20240608/00006,5,TENDER,1,3562.29,TENDER,1717866271,S10,20240608
S10/20240608/00007,1,P103354,2,894.50,SALE,1717864523,S10,20240608
S10/20240608/00007,2,P102566,2,415.94,SALE,1717864523,S10,20240608
S10/20240608/00007,3,P100761,2,51.26,SALE,1717864523,S10,20240608
S10/20240608/00007,4,P101470,2,172.36,SALE,1717864523,S10,20240608
S10/20240608/00007,5,P102903,2,51.46,SALE,1717864523,S10,20240608
S10/20240608/00007,6,P105227,1,257.52,SALE,1717864523,S10,20240608
S10/20240608/00007,7,P106802,1,689.06,SALE,1717864523,S10,20240608
S10/20240608/00007,8,TAX,1,130.60,TAX,1717864523,S10,20240608
S10/20240608/00007,9,TENDER,1,4248.22,TENDER,1717864523,S10,20240608
S10/20240608/00008,1,P104533,4,271.68,SALE,1717863799,S10,20240608
S10/20240608/00008,2,P103004,3,82.09,SALE,1717863799,S10,20240608
S10/20240608/00008,3,P104212,2,401.95,SALE,1717863799,S10,20240608
S10/20240608/00008,4,P100933,2,257.95,SALE,1717863799,S10,20240608
S10/20240608/00008,5,P108041,3,368.87,SALE,1717863799,S10,20240608
S10/20240608/00008,6,P107784,2,245.59,SALE,1717863799,S10,20240608
S10/20240608/00008,7,TAX,1,495.95,TAX,1717863799,S10,20240608
S10/20240608/00008,8,TENDER,1,4746.53,TENDER,1717863799,S10,20240608
S10/20240608/00009,1,P104725,1,536.92,SALE,1717856448,S10,20240608
S10/20240608/00009,2,P100033,1,763.12,SALE,1717856448,S10,20240608
S10/20240608/00009,3,P100479,1,325.40,SALE,1717856448,S10,20240608
S10/20240608/00009,4,P104725,-1,536.92,VOID,1717856448,S10,20240608
S10/20240608/00009,5,P100033,-1,763.12,VOID,1717856448,S10,20240608
S10/20240608/00009,6,P100479,-1,325.40,VOID,1717856448,S10,20240608
S10/20240608/00009,7,TAX,1,0.00,TAX,1717856448,S10,20240608
S10/20240608/00009,8,TENDER,1,0.00,TENDER,1717856448,S10,20240608
S10/20240608/00010,1,P100609,2,76.13,SALE,1717880094,S10,20240608
S10/20240608/00010,2,P104469,1,1490.57,SALE,1717880094,S10,20240608
S10/20240608/00010,3,P100380,2,136.58,SALE,1717880094,S10,20240608
S10/20240608/00010,4,TAX,1,229.92,TAX,1717880094,S10,20240608
S10/20240608/00010,5,TENDER,1,2145.91,TENDER,1717880094,S10,20240608
S10/20240608/00011,1,P102559,2,86.19,SALE,1717879552,S10,20240608
S10/20240608/00011,2,P104285,4,639.46,SALE,1717879552,S10,20240608
S10/20240608/00011,3,P103118,1,42.98,SALE,1717879552,S10,20240608
S10/20240608/00011,4,P101248,3,497.50,SALE,1717879552,S10,20240608
S10/20240608/00011,5,P106478,3,56.12,SALE,1717879552,S10,20240608
S10/20240608/00011,6,TAX,1,415.73,TAX,1717879552,S10,20240608
S10/20240608/00011,7,TENDER,1,4849.79,TENDER,1717879552,S10,20240608
S10/20240608/00012,1,P102963,1,365.76,SALE,1717864221,S10,20240608
S10/20240608/00012,2,P106955,1,204.37,SALE,1717864221,S10,20240608
S10/20240608/00012,3,P100281,3,449.95,SALE,1717864221,S10,20240608
S10/20240608/00012,4,P106710,2,93.71,SALE,1717864221,S10,20240608
S10/20240608/00012,5,P104334,1,294.34,SALE,1717864221,S10,20240608
S10/20240608/00012,6,TAX,1,192.00,TAX,1717864221,S10,20240608
S10/20240608/00012,7,TENDER,1,2593.74,TENDER,1717864221,S10,20240608
S10/20240608/00013,1,P107863,1,489.79,SALE,1717888025,S10,20240608
S10/20240608/00013,2,P103012,4,256.77,SALE,1717888025,S10,20240608
S10/20240608/00013,3,P105075,2,49.58,SALE,1717888025,S10,20240608
S10/20240608/00013,4,P101083,2,312.05,SALE,1717888025,S10,20240608
S10/20240608/00013,5,P103843,1,636.12,SALE,1717888025,S10,20240608
S10/20240608/00013,6,P104133,4,248.31,SALE,1717888025,S10,20240608
S10/20240608/00013,7,P104439,2,109.14,SALE,1717888025,S10,20240608
S10/20240608/00013,8,P107890,1,133.07,SALE,1717888025,S10,20240608
S10/20240608/00013,9,P107952,1,1852.40,SALE,1717888025,S10,20240608
S10/20240608/00013,10,P100394,2,320.36,SALE,1717888025,S10,20240608
S10/20240608/00013,11,TAX,1,578.93,TAX,1717888025,S10,20240608
S10/20240608/00013,12,TENDER,1,7292.89,TENDER,1717888025,S10,20240608
S10/20240608/00014,1,P102142,2,93.89,SALE,1717866428,S10,20240608
S10/20240608/00014,2,P105672,4,62.95,SALE,1717866428,S10,20240608
S10/20240608/00014,3,P106382,2,81.60,SALE,1717866428,S10,20240608
S10/20240608/00014,4,TAX,1,9.39,TAX,1717866428,S10,20240608
S10/20240608/00014,5,TENDER,1,612.17,TENDER,1717866428,S10,20240608
S10/20240608/00015,1,P102445,3,32.78,SALE,1717875672,S10,20240608
S10/20240608/00015,2,P103661,2,118.10,SALE,1717875672,S10,20240608
S10/20240608/00015,3,DISC,1,-37.95,DISCOUNT,1717875672,S10,20240608
S10/20240608/00015,4,TAX,1,53.39,TAX,1717875672,S10,20240608
S10/20240608/00015,5,TENDER,1,349.98,TENDER,1717875672,S10,20240608
S10/20240608/00016,1,P106757,2,387.50,SALE,1717866805,S10,20240608
S10/20240608/00016,2,P106297,1,155.50,SALE,1717866805,S10,20240608
S10/20240608/00016,3,P103243,1,195.61,SALE,1717866805,S10,20240608
S10/20240608/00016,4,DISC,1,-37.59,DISCOUNT,1717866805,S10,20240608
S10/20240608/00016,5,TAX,1,73.97,TAX,1717866805,S10,20240608
S10/20240608/00016,6,TENDER,1,1162.49,TENDER,1717866805,S10,20240608
S10/20240608/00017,1,P107597,3,519.83,SALE,1717835853,S10,20240608
S10/20240608/00017,2,P105009,2,65.38,SALE,1717835853,S10,20240608
S10/20240608/00017,3,P107686,1,347.22,SALE,1717835853,S10,20240608
S10/20240608/00017,4,P100577,3,277.95,SALE,1717835853,S10,20240608
S10/20240608/00017,5,P102945,2,43.42,SALE,1717835853,S10,20240608
S10/20240608/00017,6,P105345,1,295.95,SALE,1717835853,S10,20240608
S10/20240608/00017,7,P101444,2,793.20,SALE,1717835853,S10,20240608
S10/20240608/00017,8,P101747,1,245.75,SALE,1717835853,S10,20240608
S10/20240608/00017,9,TAX,1,436.14,TAX,1717835853,S10,20240608
S10/20240608/00017,10,TENDER,1,5522.40,TENDER,1717835853,S10,20240608
S10/20240608/00018,1,P108369,2,318.67,SALE,1717863307,S10,20240608
S10/20240608/00018,2,P102103,2,345.70,SALE,1717863307,S10,20240608
S10/20240608/00018,3,P108272,2,101.95,SALE,1717863307,S10,20240608
S10/20240608/00018,4,P102342,3,99.85,SALE,1717863307,S10,20240608
S10/20240608/00018,5,DISC,1,-94.61,DISCOUNT,1717863307,S10,20240608
S10/20240608/00018,6,TAX,1,284.12,TAX,1717863307,S10,20240608
S10/20240608/00018,7,TENDER,1,2021.70,TENDER,1717863307,S10,20240608
S10/20240608/00019,1,P105594,-3,317.30,RETURN,1717864673,S10,20240608
S10/20240608/00019,2,P104587,-2,252.25,RETURN,1717864673,S10,20240608
S10/20240608/00019,3,P101492,-2,113.44,RETURN,1717864673,S10,20240608
S10/20240608/00019,4,P100940,-2,199.52,RETURN,1717864673,S10,20240608
S10/20240608/00019,5,P108144,-1,244.79,RETURN,1717864673,S10,20240608
S10/20240608/00019,6,P102931,-1,185.66,RETURN,1717864673,S10,20240608
S10/20240608/00019,7,TAX,1,-281.49,TAX,1717864673,S10,20240608
S10/20240608/00019,8,TENDER,1,-2794.26,TENDER,1717864673,S10,20240608
S10/20240608/00020,1,P104784,3,370.89,SALE,1717877658,S10,20240608
S10/20240608/00020,2,P107996,1,215.44,SALE,1717877658,S10,20240608
S10/20240608/00020,3,P107089,3,208.16,SALE,1717877658,S10,20240608
S10/20240608/00020,4,TAX,1,175.52,TAX,1717877658,S10,20240608
S10/20240608/00020,5,TENDER,1,2128.11,TENDER,1717877658,S10,20240608
S10/20240608/00021,1,P105695,1,141.87,SALE,1717876388,S10,20240608
S10/20240608/00021,2,P106027,1,1436.61,SALE,1717876388,S10,20240608
S10/20240608/00021,3,P101747,2,245.75,SALE,1717876388,S10,20240608
S10/20240608/00021,4,TAX,1,31.67,TAX,1717876388,S10,20240608
S10/20240608/00021,5,TENDER,1,2101.65,TENDER,1717876388,S10,20240608
S10/20240608/00022,1,P106885,2,132.48,SALE,1717859428,S10,20240608
S10/20240608/00022,2,P107346,4,449.29,SALE,1717859428,S10,20240608
S10/20240608/00022,3,P106367,2,650.25,SALE,1717859428,S10,20240608
S10/20240608/00022,4,P104733,5,627.95,SALE,1717859428,S10,20240608
S10/20240608/00022,5,TAX,1,767.73,TAX,1717859428,S10,20240608
S10/20240608/00022,6,TENDER,1,7270.10,TENDER,1717859428,S10,20240608
S10/20240608/00023,1,P102664,3,256.95,SALE,1717853777,S10,20240608
S10/20240608/00023,2,P101530,3,576.50,SALE,1717853777,S10,20240608
S10/20240608/00023,3,P100178,2,480.34,SALE,1717853777,S10,20240608
S10/20240608/00023,4,P102626,1,355.05,SALE,1717853777,S10,20240608
S10/20240608/00023,5,P102021,1,90.22,SALE,1717853777,S10,20240608
S10/20240608/00023,6,TAX,1,676.42,TAX,1717853777,S10,20240608
S10/20240608/00023,7,TENDER,1,4582.72,TENDER,1717853777,S10,20240608
S10/20240608/00024,1,P107914,5,231.95,SALE,1717865804,S10,20240608
S10/20240608/00024,2,P107056,1,341.76,SALE,1717865804,S10,20240608
S10/20240608/00024,3,P100077,2,181.42,SALE,1717865804,S10,20240608
S10/20240608/00024,4,TAX,1,288.41,TAX,1717865804,S10,20240608
S10/20240608/00024,5,TENDER,1,2152.76,TENDER,1717865804,S10,20240608
S10/20240608/00025,1,P100479,1,342.53,SALE,1717878216,S10,20240608
S10/20240608/00025,2,P104175,1,846.06,SALE,1717878216,S10,20240608
S10/20240608/00025,3,P106651,1,855.95,SALE,1717878216,S10,20240608
S10/20240608/00025,4,P102112,3,389.72,SALE,1717878216,S10,20240608
S10/20240608/00025,5,P102909,2,48.95,SALE,1717878216,S10,20240608
S10/20240608/00025,6,TAX,1,181.40,TAX,1717878216,S10,20240608
S10/20240608/00025,7,TENDER,1,3493.00,TENDER,1717878216,S10,20240608
S10/20240608/00026,1,P108090,2,130.88,SALE,1717868047,S10,20240608
S10/20240608/00026,2,P100627,1,415.95,SALE,1717868047,S10,20240608
S10/20240608/00026,3,P102933,2,614.03,SALE,1717868047,S10,20240608
S10/20240608/00026,4,P101543,1,178.10,SALE,1717868047,S10,20240608
S10/20240608/00026,5,P105331,3,270.95,SALE,1717868047,S10,20240608
S10/20240608/00026,6,P105575,1,475.41,SALE,1717868047,S10,20240608
S10/20240608/00026,7,P104965,2,88.45,SALE,1717868047,S10,20240608
S10/20240608/00026,8,TAX,1,286.57,TAX,1717868047,S10,20240608
S10/20240608/00026,9,TENDER,1,3835.60,TENDER,1717868047,S10,20240608
S10/20240608/00027,1,P108262,2,601.82,SALE,1717881526,S10,20240608
S10/20240608/00027,2,P103090,3,805.95,SALE,1717881526,S10,20240608
S10/20240608/00027,3,P107630,3,290.66,SALE,1717881526,S10,20240608
S10/20240608/00027,4,P102933,3,614.03,SALE,1717881526,S10,20240608
S10/20240608/00027,5,TAX,1,715.55,TAX,1717881526,S10,20240608
S10/20240608/00027,6,TENDER,1,7051.11,TENDER,1717881526,S10,20240608
S10/20240608/00028,1,P100985,1,288.61,SALE,1717851531,S10,20240608
S10/20240608/00028,2,P107346,1,449.29,SALE,1717851531,S10,20240608
S10/20240608/00028,3,P106965,3,86.04,SALE,1717851531,S10,20240608
S10/20240608/00028,4,P102581,1,189.36,SALE,1717851531,S10,20240608
S10/20240608/00028,5,TAX,1,96.79,TAX,1717851531,S10,20240608
S10/20240608/00028,6,TENDER,1,1282.17,TENDER,1717851531,S10,20240608
S10/20240608/00029,1,P104294,1,115.73,SALE,1717832055,S10,20240608
S10/20240608/00029,2,P100781,1,611.95,SALE,1717832055,S10,20240608
S10/20240608/00029,3,P103760,3,96.74,SALE,1717832055,S10,20240608
S10/20240608/00029,4,P103081,3,480.46,SALE,1717832055,S10,20240608
S10/20240608/00029,5,P104155,2,138.95,SALE,1717832055,S10,20240608
S10/20240608/00029,6,TAX,1,435.73,TAX,1717832055,S10,20240608
S10/20240608/00029,7,TENDER,1,3172.91,TENDER,1717832055,S10,20240608
S10/20240608/00030,1,P102263,3,116.79,SALE,1717863276,S10,20240608
S10/20240608/00030,2,P103299,2,220.95,SALE,1717863276,S10,20240608
S10/20240608/00030,3,P104670,2,108.77,SALE,1717863276,S10,20240608
S10/20240608/00030,4,P101626,2,1040.69,SALE,1717863276,S10,20240608
S10/20240608/00030,5,P107784,1,245.59,SALE,1717863276,S10,20240608
S10/20240608/00030,6,TAX,1,439.98,TAX,1717863276,S10,20240608
S10/20240608/00030,7,TENDER,1,3776.76,TENDER,1717863276,S10,20240608
S10/20240608/00031,1,P106833,3,397.38,SALE,1717856433,S10,20240608
S10/20240608/00031,2,P100044,3,737.05,SALE,1717856433,S10,20240608
S10/20240608/00031,3,P103654,2,481.76,SALE,1717856433,S10,20240608
S10/20240608/00031,4,P107026,1,65.23,SALE,1717856433,S10,20240608
S10/20240608/00031,5,P105230,2,112.14,SALE,1717856433,S10,20240608
S10/20240608/00031,6,P100007,1,149.27,SALE,1717856433,S10,20240608
S10/20240608/00031,7,P105017,3,193.22,SALE,1717856433,S10,20240608
S10/20240608/00031,8,TAX,1,697.96,TAX,1717856433,S10,20240608
S10/20240608/00031,9,TENDER,1,6083.21,TENDER,1717856433,S10,20240608
S10/20240608/00032,1,P102779,2,25.62,SALE,1717840666,S10,20240608
S10/20240608/00032,2,P102035,3,493.95,SALE,1717840666,S10,20240608
S10/20240608/00032,3,P100387,2,104.82,SALE,1717840666,S10,20240608
S10/20240608/00032,4,P103449,3,403.94,SALE,1717840666,S10,20240608
S10/20240608/00032,5,P100595,2,388.65,SALE,1717840666,S10,20240608
S10/20240608/00032,6,P102296,1,43.24,SALE,1717840666,S10,20240608
S10/20240608/00032,7,TAX,1,252.37,TAX,1717840666,S10,20240608
S10/20240608/00032,8,TENDER,1,4027.46,TENDER,1717840666,S10,20240608
S10/20240608/00033,1,P105980,2,263.95,SALE,1717850411,S10,20240608
S10/20240608/00033,2,P104277,7,136.79,SALE,1717850411,S10,20240608
S10/20240608/00033,3,P101722,3,1331.86,SALE,1717850411,S10,20240608
S10/20240608/00033,4,P107126,2,75.95,SALE,1717850411,S10,20240608
S10/20240608/00033,5,P107409,3,419.09,SALE,1717850411,S10,20240608
S10/20240608/00033,6,TAX,1,459.12,TAX,1717850411,S10,20240608
S10/20240608/00033,7,TENDER,1,7349.30,TENDER,1717850411,S10,20240608
S10/20240608/00034,1,P108159,3,488.81,SALE,1717853189,S10,20240608
S10/20240608/00034,2,P108356,2,206.87,SALE,1717853189,S10,20240608
S10/20240608/00034,3,P102821,3,1356.95,SALE,1717853189,S10,20240608
S10/20240608/00034,4,P105547,2,406.95,SALE,1717853189,S10,20240608
S10/20240608/00034,5,P101345,1,69.59,SALE,1717853189,S10,20240608
S10/20240608/00034,6,P107253,4,232.65,SALE,1717853189,S10,20240608
S10/20240608/00034,7,P103760,3,96.74,SALE,1717853189,S10,20240608
S10/20240608/00034,8,TAX,1,203.04,TAX,1717853189,S10,20240608
S10/20240608/00034,9,TENDER,1,8258.37,TENDER,1717853189,S10,20240608
S10/20240608/00035,1,P101090,2,24.06,SALE,1717871655,S10,20240608
S10/20240608/00035,2,P106757,1,387.50,SALE,1717871655,S10,20240608
S10/20240608/00035,3,P107597,2,519.83,SALE,1717871655,S10,20240608
S10/20240608/00035,4,P102707,2,419.47,SALE,1717871655,S10,20240608
S10/20240608/00035,5,P107502,2,311.85,SALE,1717871655,S10,20240608
S10/20240608/00035,6,TAX,1,292.96,TAX,1717871655,S10,20240608
S10/20240608/00035,7,TENDER,1,3230.88,TENDER,1717871655,S10,20240608
S10/20240608/00036,1,P107056,4,341.76,SALE,1717894080,S10,20240608
S10/20240608/00036,2,P105511,2,265.95,SALE,1717894080,S10,20240608
S10/20240608/00036,3,P106823,3,156.34,SALE,1717894080,S10,20240608
S10/20240608/00036,4,P101925,1,181.41,SALE,1717894080,S10,20240608
S10/20240608/00036,5,P103743,1,1117.90,SALE,1717894080,S10,20240608
S10/20240608/00036,6,P108389,1,793.52,SALE,1717894080,S10,20240608
S10/20240608/00036,7,P101393,3,32.95,SALE,1717894080,S10,20240608
S10/20240608/00036,8,P104032,1,568.95,SALE,1717894080,S10,20240608
S10/20240608/00036,9,P106282,1,440.95,SALE,1717894080,S10,20240608
S10/20240608/00036,10,TAX,1,657.15,TAX,1717894080,S10,20240608
S10/20240608/00036,11,TENDER,1,6226.69,TENDER,1717894080,S10,20240608
S10/20240608/00037,1,P104446,1,56.83,SALE,1717873685,S10,20240608
S10/20240608/00037,2,P104883,3,342.92,SALE,1717873685,S10,20240608
S10/20240608/00037,3,TAX,1,61.67,TAX,1717873685,S10,20240608
S10/20240608/00037,4,TENDER,1,1147.26,TENDER,1717873685,S10,20240608
S10/20240608/00038,1,P102290,2,547.95,SALE,1717856340,S10,20240608
S10/20240608/00038,2,TAX,1,131.51,TAX,1717856340,S10,20240608
S10/20240608/00038,3,TENDER,1,1227.41,TENDER,1717856340,S10,20240608
S10/20240608/00039,1,P100924,2,49.24,SALE,1717849740,S10,20240608
S10/20240608/00039,2,P100250,1,544.91,SALE,1717849740,S10,20240608
S10/20240608/00039,3,P106703,2,76.37,SALE,1717849740,S10,20240608
S10/20240608/00039,4,P107775,1,755.55,SALE,1717849740,S10,20240608
S10/20240608/00039,5,P100717,2,505.95,SALE,1717849740,S10,20240608
S10/20240608/00039,6,P103606,1,181.69,SALE,1717849740,S10,20240608
S10/20240608/00039,7,TAX,1,281.61,TAX,1717849740,S10,20240608
S10/20240608/00039,8,TENDER,1,3026.88,TENDER,1717849740,S10,20240608
S10/20240608/00040,1,P103124,1,489.23,SALE,1717870046,S10,20240608
S10/20240608/00040,2,P100198,4,156.66,SALE,1717870046,S10,20240608
S10/20240608/00040,3,P102845,1,261.08,SALE,1717870046,S10,20240608
S10/20240608/00040,4,P100380,2,136.58,SALE,1717870046,S10,20240608
S10/20240608/00040,5,P102160,1,221.62,SALE,1717870046,S10,20240608
S10/20240608/00040,6,P104155,1,138.95,SALE,1717870046,S10,20240608
S10/20240608/00040,7,TAX,1,191.82,TAX,1717870046,S10,20240608
S10/20240608/00040,8,TENDER,1,2202.50,TENDER,1717870046,S10,20240608
S10/20240608/00041,1,P107026,4,65.23,SALE,1717858026,S10,20240608
S10/20240608/00041,2,P106234,1,78.81,SALE,1717858026,S10,20240608
S10/20240608/00041,3,P100183,1,1426.11,SALE,1717858026,S10,20240608
S10/20240608/00041,4,P106813,2,257.87,SALE,1717858026,S10,20240608
S10/20240608/00041,5,TAX,1,289.44,TAX,1717858026,S10,20240608
S10/20240608/00041,6,TENDER,1,2571.02,TENDER,1717858026,S10,20240608
S10/20240608/00042,1,P104986,2,204.89,SALE,1717893264,S10,20240608
S10/20240608/00042,2,P108110,4,15.95,SALE,1717893264,S10,20240608
S10/20240608/00042,3,P100367,3,537.90,SALE,1717893264,S10,20240608
S10/20240608/00042,4,P100057,2,215.95,SALE,1717893264,S10,20240608
S10/20240608/00042,5,TAX,1,427.54,TAX,1717893264,S10,20240608
S10/20240608/00042,6,TENDER,1,2946.72,TENDER,1717893264,S10,20240608
S10/20240608/00043,1,P104842,2,357.87,SALE,1717839079,S10,20240608
S10/20240608/00043,2,P105805,3,111.39,SALE,1717839079,S10,20240608
S10/20240608/00043,3,P105531,3,502.91,SALE,1717839079,S10,20240608
S10/20240608/00043,4,P105440,1,107.89,SALE,1717839079,S10,20240608
S10/20240608/00043,5,P106948,3,160.95,SALE,1717839079,S10,20240608
S10/20240608/00043,6,TAX,1,296.47,TAX,1717839079,S10,20240608
S10/20240608/00043,7,TENDER,1,3445.85,TENDER,1717839079,S10,20240608
S10/20240608/00044,1,P103090,2,805.95,SALE,1717884013,S10,20240608
S10/20240608/00044,2,P105075,1,49.58,SALE,1717884013,S10,20240608
S10/20240608/00044,3,P107536,1,1495.35,SALE,1717884013,S10,20240608
S10/20240608/00044,4,P102286,3,238.95,SALE,1717884013,S10,20240608
S10/20240608/00044,5,P106563,3,426.95,SALE,1717884013,S10,20240608
S10/20240608/00044,6,P105351,1,102.95,SALE,1717884013,S10,20240608
S10/20240608/00044,7,TAX,1,390.79,TAX,1717884013,S10,20240608
S10/20240608/00044,8,TENDER,1,5648.27,TENDER,1717884013,S10,20240608
S10/20240608/00045,1,P102569,3,116.37,SALE,1717878954,S10,20240608
S10/20240608/00045,2,P102432,1,819.74,SALE,1717878954,S10,20240608
S10/20240608/00045,3,P100362,3,270.89,SALE,1717878954,S10,20240608
S10/20240608/00045,4,P108397,2,286.03,SALE,1717878954,S10,20240608
S10/20240608/00045,5,P105980,2,263.95,SALE,1717878954,S10,20240608
S10/20240608/00045,6,P106478,1,56.12,SALE,1717878954,S10,20240608
S10/20240608/00045,7,P100183,1,1426.11,SALE,1717878954,S10,20240608
S10/20240608/00045,8,P100281,1,449.95,SALE,1717878954,S10,20240608
S10/20240608/00045,9,P103792,2,26.45,SALE,1717878954,S10,20240608
S10/20240608/00045,10,DISC,1,-224.00,DISCOUNT,1717878954,S10,20240608
S10/20240608/00045,11,TAX,1,450.50,TAX,1717878954,S10,20240608
S10/20240608/00045,12,TENDER,1,5293.06,TENDER,1717878954,S10,20240608
S10/20240608/00046,1,P101106,2,542.84,SALE,1717855347,S10,20240608
S10/20240608/00046,2,P101034,2,85.95,SALE,1717855347,S10,20240608
S10/20240608/00046,3,P107933,5,1175.95,SALE,1717855347,S10,20240608
S10/20240608/00046,4,P103354,1,894.50,SALE,1717855347,S10,20240608
S10/20240608/00046,5,P104064,2,318.07,SALE,1717855347,S10,20240608
S10/20240608/00046,6,P104139,2,202.92,SALE,1717855347,S10,20240608
S10/20240608/00046,7,TAX,1,856.82,TAX,1717855347,S10,20240608
S10/20240608/00046,8,TENDER,1,9930.63,TENDER,1717855347,S10,20240608
S10/20240608/00047,1,P103922,2,51.00,SALE,1717862233,S10,20240608
S10/20240608/00047,2,P107502,1,311.85,SALE,1717862233,S10,20240608
S10/20240608/00047,3,P100150,2,280.80,SALE,1717862233,S10,20240608
S10/20240608/00047,4,P106382,1,81.60,SALE,1717862233,S10,20240608
S10/20240608/00047,5,TAX,1,102.57,TAX,1717862233,S10,20240608
S10/20240608/00047,6,TENDER,1,1159.62,TENDER,1717862233,S10,20240608
S10/20240608/00048,1,P105167,2,826.20,SALE,1717873763,S10,20240608
S10/20240608/00048,2,P100879,1,159.93,SALE,1717873763,S10,20240608
S10/20240608/00048,3,P107686,1,347.22,SALE,1717873763,S10,20240608
S10/20240608/00048,4,TAX,1,145.12,TAX,1717873763,S10,20240608
S10/20240608/00048,5,TENDER,1,2304.67,TENDER,1717873763,S10,20240608
S10/20240608/00049,1,P100483,3,819.95,SALE,1717861692,S10,20240608
S10/20240608/00049,2,P105260,1,72.61,SALE,1717861692,S10,20240608
S10/20240608/00049,3,P105707,2,130.64,SALE,1717861692,S10,20240608
S10/20240608/00049,4,P100528,2,623.32,SALE,1717861692,S10,20240608
S10/20240608/00049,5,P104688,1,178.09,SALE,1717861692,S10,20240608
S10/20240608/00049,6,P103249,3,521.24,SALE,1717861692,S10,20240608
S10/20240608/00049,7,P104965,1,88.45,SALE,1717861692,S10,20240608
S10/20240608/00049,8,TAX,1,131.58,TAX,1717861692,S10,20240608
S10/20240608/00049,9,TENDER,1,6002.22,TENDER,1717861692,S10,20240608
S10/20240608/00050,1,P107708,2,163.95,SALE,1717867088,S10,20240608
S10/20240608/00050,2,P107432,2,44.98,SALE,1717867088,S10,20240608
S10/20240608/00050,3,P100582,3,159.72,SALE,1717867088,S10,20240608
S10/20240608/00050,4,P105252,1,10.57,SALE,1717867088,S10,20240608
S10/20240608/00050,5,P102648,1,397.04,SALE,1717867088,S10,20240608
S10/20240608/00050,6,P107446,1,593.14,SALE,1717867088,S10,20240608
S10/20240608/00050,7,TAX,1,270.88,TAX,1717867088,S10,20240608
S10/20240608/00050,8,TENDER,1,2168.65,TENDER,1717867088,S10,20240608
S10/20240608/00051,1,P104112,1,51.43,SALE,1717856991,S10,20240608
S10/20240608/00051,2,P103452,1,1033.70,SALE,1717856991,S10,20240608
S10/20240608/00051,3,P101899,1,345.29,SALE,1717856991,S10,20240608
S10/20240608/00051,4,P103871,1,196.47,SALE,1717856991,S10,20240608
S10/20240608/00051,5,P107621,2,119.64,SALE,1717856991,S10,20240608
S10/20240608/00051,6,TAX,1,126.23,TAX,1717856991,S10,20240608
S10/20240608/00051,7,TENDER,1,1992.40,TENDER,1717856991,S10,20240608
S10/20240608/00052,1,P105614,2,652.27,SALE,1717849217,S10,20240608
S10/20240608/00052,2,P100816,2,806.93,SALE,1717849217,S10,20240608
S10/20240608/00052,3,P103374,2,34.95,SALE,1717849217,S10,20240608
S10/20240608/00052,4,TAX,1,441.06,TAX,1717849217,S10,20240608
S10/20240608/00052,5,TENDER,1,3429.36,TENDER,1717849217,S10,20240608
S10/20240608/00053,1,P103682,1,372.67,SALE,1717860590,S10,20240608
S10/20240608/00053,2,P102202,3,184.86,SALE,1717860590,S10,20240608
S10/20240608/00053,3,P107733,2,57.55,SALE,1717860590,S10,20240608
S10/20240608/00053,4,P102903,2,51.46,SALE,1717860590,S10,20240608
S10/20240608/00053,5,TAX,1,191.19,TAX,1717860590,S10,20240608
S10/20240608/00053,6,TENDER,1,1336.46,TENDER,1717860590,S10,20240608
S10/20240608/00054,1,P101543,2,178.10,SALE,1717860917,S10,20240608
S10/20240608/00054,2,P104526,3,340.46,SALE,1717860917,S10,20240608
S10/20240608/00054,3,P107807,3,118.66,SALE,1717860917,S10,20240608
S10/20240608/00054,4,P108060,2,217.09,SALE,1717860917,S10,20240608
S10/20240608/00054,5,TAX,1,211.14,TAX,1717860917,S10,20240608
S10/20240608/00054,6,TENDER,1,2378.88,TENDER,1717860917,S10,20240608
S10/20240608/00055,1,P102263,1,116.79,SALE,1717846973,S10,20240608
S10/20240608/00055,2,P105815,2,320.65,SALE,1717846973,S10,20240608
S10/20240608/00055,3,TAX,1,90.97,TAX,1717846973,S10,20240608
S10/20240608/00055,4,TENDER,1,849.06,TENDER,1717846973,S10,20240608
S10/20240608/00056,1,P106158,4,598.41,SALE,1717859176,S10,20240608
S10/20240608/00056,2,P107621,2,119.64,SALE,1717859176,S10,20240608
S10/20240608/00056,3,P107110,2,76.95,SALE,1717859176,S10,20240608
S10/20240608/00056,4,TAX,1,147.38,TAX,1717859176,S10,20240608
S10/20240608/00056,5,TENDER,1,2934.20,TENDER,1717859176,S10,20240608
S10/20240608/00057,1,P106534,2,87.55,SALE,1717856330,S10,20240608
S10/20240608/00057,2,P104567,2,141.21,SALE,1717856330,S10,20240608
S10/20240608/00057,3,P105860,2,674.13,SALE,1717856330,S10,20240608
S10/20240608/00057,4,P102788,2,871.07,SALE,1717856330,S10,20240608
S10/20240608/00057,5,P104772,1,332.47,SALE,1717856330,S10,20240608
S10/20240608/00057,6,TAX,1,279.77,TAX,1717856330,S10,20240608
S10/20240608/00057,7,TENDER,1,4160.16,TENDER,1717856330,S10,20240608
S10/20240608/00058,1,P101127,2,45.95,SALE,1717886834,S10,20240608
S10/20240608/00058,2,P102609,1,183.47,SALE,1717886834,S10,20240608
S10/20240608/00058,3,P102585,2,516.36,SALE,1717886834,S10,20240608
S10/20240608/00058,4,P107667,3,338.95,SALE,1717886834,S10,20240608
S10/20240608/00058,5,P101547,3,62.01,SALE,1717886834,S10,20240608
S10/20240608/00058,6,TAX,1,204.98,TAX,1717886834,S10,20240608
S10/20240608/00058,7,TENDER,1,2715.95,TENDER,1717886834,S10,20240608
S10/20240608/00059,1,P104992,3,889.34,SALE,1717878738,S10,20240608
S10/20240608/00059,2,P105575,2,475.41,SALE,1717878738,S10,20240608
S10/20240608/00059,3,P100380,1,136.58,SALE,1717878738,S10,20240608
S10/20240608/00059,4,P103328,4,236.27,SALE,1717878738,S10,20240608
S10/20240608/00059,5,TAX,1,234.05,TAX,1717878738,S10,20240608
S10/20240608/00059,6,TENDER,1,4934.55,TENDER,1717878738,S10,20240608
S10/20240608/00060,1,P104980,4,73.54,SALE,1717865670,S10,20240608
S10/20240608/00060,2,P103231,3,235.56,SALE,1717865670,S10,20240608
S10/20240608/00060,3,P104526,5,340.46,SALE,1717865670,S10,20240608
S10/20240608/00060,4,TAX,1,135.16,TAX,1717865670,S10,20240608
S10/20240608/00060,5,TENDER,1,2838.30,TENDER,1717865670,S10,20240608
S10/20240608/00061,1,P102236,3,928.51,SALE,1717872772,S10,20240608
S10/20240608/00061,2,P101048,1,208.35,SALE,1717872772,S10,20240608
S10/20240608/00061,3,P103645,2,241.18,SALE,1717872772,S10,20240608
S10/20240608/00061,4,P101279,1,237.59,SALE,1717872772,S10,20240608
S10/20240608/00061,5,P104089,1,335.03,SALE,1717872772,S10,20240608
S10/20240608/00061,6,TAX,1,210.00,TAX,1717872772,S10,20240608
S10/20240608/00061,7,TENDER,1,4258.86,TENDER,1717872772,S10,20240608
S10/20240608/00062,1,P102236,1,928.51,SALE,1717873607,S10,20240608
S10/20240608/00062,2,P102255,1,167.76,SALE,1717873607,S10,20240608
S10/20240608/00062,3,P107381,1,195.99,SALE,1717873607,S10,20240608
S10/20240608/00062,4,TAX,1,69.94,TAX,1717873607,S10,20240608
S10/20240608/00062,5,TENDER,1,1362.20,TENDER,1717873607,S10,20240608
S10/20240608/00063,1,P100339,2,299.99,SALE,1717875294,S10,20240608
S10/20240608/00063,2,P105394,1,335.45,SALE,1717875294,S10,20240608
S10/20240608/00063,3,P107943,1,252.32,SALE,1717875294,S10,20240608
S10/20240608/00063,4,P102510,1,35.56,SALE,1717875294,S10,20240608
S10/20240608/00063,5,P101876,1,71.32,SALE,1717875294,S10,20240608
S10/20240608/00063,6,P106130,1,1254.95,SALE,1717875294,S10,20240608
S10/20240608/00063,7,P106297,1,155.50,SALE,1717875294,S10,20240608
S10/20240608/00063,8,P100717,4,505.95,SALE,1717875294,S10,20240608
S10/20240608/00063,9,TAX,1,613.90,TAX,1717875294,S10,20240608
S10/20240608/00063,10,TENDER,1,5342.78,TENDER,1717875294,S10,20240608
S10/20240608/00064,1,P106512,2,418.86,SALE,1717840630,S10,20240608
S10/20240608/00064,2,P102801,2,108.87,SALE,1717840630,S10,20240608
S10/20240608/00064,3,P101279,2,237.59,SALE,1717840630,S10,20240608
S10/20240608/00064,4,TAX,1,189.98,TAX,1717840630,S10,20240608
S10/20240608/00064,5,TENDER,1,1720.62,TENDER,1717840630,S10,20240608
S10/20240608/00065,1,P101864,2,101.95,SALE,1717878184,S10,20240608
S10/20240608/00065,2,P104302,1,1205.95,SALE,1717878184,S10,20240608
S10/20240608/00065,3,P101578,2,39.77,SALE,1717878184,S10,20240608
S10/20240608/00065,4,P106534,2,87.55,SALE,1717878184,S10,20240608
S10/20240608/00065,5,TAX,1,216.91,TAX,1717878184,S10,20240608
S10/20240608/00065,6,TENDER,1,1881.40,TENDER,1717878184,S10,20240608
S10/20240609/00001,1,P100019,2,64.89,SALE,1717931539,S10,20240609
S10/20240609/00001,2,P104756,2,334.95,SALE,1717931539,S10,20240609
S10/20240609/00001,3,P102263,2,116.79,SALE,1717931539,S10,20240609
S10/20240609/00001,4,P107215,4,153.85,SALE,1717931539,S10,20240609
S10/20240609/00001,5,P105307,1,863.64,SALE,1717931539,S10,20240609
S10/20240609/00001,6,TAX,1,248.81,TAX,1717931539,S10,20240609
S10/20240609/00001,7,TENDER,1,2761.11,TENDER,1717931539,S10,20240609
S10/20240609/00002,1,P107777,1,222.77,SALE,1717932269,S10,20240609
S10/20240609/00002,2,P100593,1,29.38,SALE,1717932269,S10,20240609
S10/20240609/00002,3,P107605,2,1290.76,SALE,1717932269,S10,20240609
S10/20240609/00002,4,TAX,1,311.25,TAX,1717932269,S10,20240609
S10/20240609/00002,5,TENDER,1,3144.92,TENDER,1717932269,S10,20240609
S10/20240609/00003,1,P104089,2,335.03,SALE,1717925773,S10,20240609
S10/20240609/00003,2,P106310,3,462.03,SALE,1717925773,S10,20240609
S10/20240609/00003,3,P101004,2,324.97,SALE,1717925773,S10,20240609
S10/20240609/00003,4,P104965,3,88.45,SALE,1717925773,S10,20240609
S10/20240609/00003,5,TAX,1,415.87,TAX,1717925773,S10,20240609
S10/20240609/00003,6,TENDER,1,3387.31,TENDER,1717925773,S10,20240609
S10/20240609/00004,1,P108008,2,128.46,SALE,1717943383,S10,20240609
S10/20240609/00004,2,P101851,4,1750.29,SALE,1717943383,S10,20240609
S10/20240609/00004,3,P108131,2,611.06,SALE,1717943383,S10,20240609
S10/20240609/00004,4,P103054,3,104.95,SALE,1717943383,S10,20240609
S10/20240609/00004,5,TAX,1,107.35,TAX,1717943383,S10,20240609
S10/20240609/00004,6,TENDER,1,8902.40,TENDER,1717943383,S10,20240609
S10/20240609/00005,1,P108067,3,640.50,SALE,1717930995,S10,20240609
S10/20240609/00005,2,P106277,2,425.71,SALE,1717930995,S10,20240609
S10/20240609/00005,3,P107264,4,181.93,SALE,1717930995,S10,20240609
S10/20240609/00005,4,P100156,1,1576.32,SALE,1717930995,S10,20240609
S10/20240609/00005,5,P106703,1,76.37,SALE,1717930995,S10,20240609
S10/20240609/00005,6,TAX,1,177.38,TAX,1717930995,S10,20240609
S10/20240609/00005,7,TENDER,1,5330.71,TENDER,1717930995,S10,20240609
S10/20240609/00006,1,P101599,2,417.76,SALE,1717952634,S10,20240609
S10/20240609/00006,2,P100026,1,304.63,SALE,1717952634,S10,20240609
S10/20240609/00006,3,P106823,1,156.34,SALE,1717952634,S10,20240609
S10/20240609/00006,4,P105377,1,262.95,SALE,1717952634,S10,20240609
S10/20240609/00006,5,P102640,1,241.34,SALE,1717952634,S10,20240609
S10/20240609/00006,6,P108101,2,1603.81,SALE,1717952634,S10,20240609
S10/20240609/00006,7,P100803,4,278.56,SALE,1717952634,S10,20240609
S10/20240609/00006,8,TAX,1,700.01,TAX,1717952634,S10,20240609
S10/20240609/00006,9,TENDER,1,6822.65,TENDER,1717952634,S10,20240609
S10/20240609/00007,1,P104404,1,890.27,SALE,1717938188,S10,20240609
S10/20240609/00007,2,P107520,2,136.95,SALE,1717938188,S10,20240609
S10/20240609/00007,3,P102465,3,1410.14,SALE,1717938188,S10,20240609
S10/20240609/00007,4,P101201,3,45.00,SALE,1717938188,S10,20240609
S10/20240609/00007,5,TAX,1,338.80,TAX,1717938188,S10,20240609
S10/20240609/00007,6,TENDER,1,5868.39,TENDER,1717938188,S10,20240609
S10/20240609/00008,1,P103927,1,206.11,SALE,1717951850,S10,20240609
S10/20240609/00008,2,P107536,1,1495.35,SALE,1717951850,S10,20240609
S10/20240609/00008,3,P103525,2,245.14,SALE,1717951850,S10,20240609
S10/20240609/00008,4,P101904,2,634.24,SALE,1717951850,S10,20240609
S10/20240609/00008,5,P106697,1,342.69,SALE,1717951850,S10,20240609
S10/20240609/00008,6,DISC,1,-424.62,DISCOUNT,1717951850,S10,20240609
S10/20240609/00008,7,TAX,1,270.30,TAX,1717951850,S10,20240609
S10/20240609/00008,8,TENDER,1,3648.59,TENDER,1717951850,S10,20240609
S10/20240609/00009,1,P106751,2,132.55,SALE,1717954358,S10,20240609
S10/20240609/00009,2,P108227,1,551.58,SALE,1717954358,S10,20240609
S10/20240609/00009,3,P104867,4,190.50,SALE,1717954358,S10,20240609
S10/20240609/00009,4,P104219,3,249.74,SALE,1717954358,S10,20240609
S10/20240609/00009,5,TAX,1,141.26,TAX,1717954358,S10,20240609
S10/20240609/00009,6,TENDER,1,2469.16,TENDER,1717954358,S10,20240609
S10/20240609/00010,1,P107488,1,303.21,SALE,1717960037,S10,20240609
S10/20240609/00010,2,P103283,1,147.93,SALE,1717960037,S10,20240609
S10/20240609/00010,3,P108374,2,1354.57,SALE,1717960037,S10,20240609
S10/20240609/00010,4,P100771,2,703.95,SALE,1717960037,S10,20240609
S10/20240609/00010,5,TAX,1,230.92,TAX,1717960037,S10,20240609
S10/20240609/00010,6,TENDER,1,4799.10,TENDER,1717960037,S10,20240609
S10/20240609/00011,1,P101603,4,911.37,SALE,1717941802,S10,20240609
S10/20240609/00011,2,P104572,4,179.13,SALE,1717941802,S10,20240609
S10/20240609/00011,3,P102445,2,29.80,SALE,1717941802,S10,20240609
S10/20240609/00011,4,P106844,1,23.35,SALE,1717941802,S10,20240609
S10/20240609/00011,5,TAX,1,488.21,TAX,1717941802,S10,20240609
S10/20240609/00011,6,TENDER,1,4933.16,TENDER,1717941802,S10,20240609
S10/20240609/00012,1,P103811,1,801.95,SALE,1717978972,S10,20240609
S10/20240609/00012,2,P103337,3,84.50,SALE,1717978972,S10,20240609
S10/20240609/00012,3,P107028,1,56.60,SALE,1717978972,S10,20240609
S10/20240609/00012,4,P106254,3,1135.50,SALE,1717978972,S10,20240609
S10/20240609/00012,5,P104175,2,846.06,SALE,1717978972,S10,20240609
S10/20240609/00012,6,P101023,1,193.95,SALE,1717978972,S10,20240609
S10/20240609/00012,7,P100339,2,299.99,SALE,1717978972,S10,20240609
S10/20240609/00012,8,P102452,3,176.54,SALE,1717978972,S10,20240609
S10/20240609/00012,9,P105069,2,162.60,SALE,1717978972,S10,20240609
S10/20240609/00012,10,DISC,1,-253.22,DISCOUNT,1717978972,S10,20240609
S10/20240609/00012,11,TAX,1,218.31,TAX,1717978972,S10,20240609
S10/20240609/00012,12,TENDER,1,7824.51,TENDER,1717978972,S10,20240609
S10/20240609/00013,1,P107320,2,223.25,SALE,1717959651,S10,20240609
S10/20240609/00013,2,P100100,2,374.32,SALE,1717959651,S10,20240609
S10/20240609/00013,3,P105365,1,393.76,SALE,1717959651,S10,20240609
S10/20240609/00013,4,P104593,2,867.34,SALE,1717959651,S10,20240609
S10/20240609/00013,5,TAX,1,398.83,TAX,1717959651,S10,20240609
S10/20240609/00013,6,TENDER,1,3722.41,TENDER,1717959651,S10,20240609
S10/20240609/00014,1,P105643,2,1294.23,SALE,1717926540,S10,20240609
S10/20240609/00014,2,P105882,3,206.76,SALE,1717926540,S10,20240609
S10/20240609/00014,3,P104933,1,560.59,SALE,1717926540,S10,20240609
S10/20240609/00014,4,P100781,3,611.95,SALE,1717926540,S10,20240609
S10/20240609/00014,5,TAX,1,543.01,TAX,1717926540,S10,20240609
S10/20240609/00014,6,TENDER,1,6148.19,TENDER,1717926540,S10,20240609
S10/20240609/00015,1,P102516,4,1272.67,SALE,1717935704,S10,20240609
S10/20240609/00015,2,P102151,1,1033.25,SALE,1717935704,S10,20240609
S10/20240609/00015,3,P105575,1,475.41,SALE,1717935704,S10,20240609
S10/20240609/00015,4,P103316,3,1774.02,SALE,1717935704,S10,20240609
S10/20240609/00015,5,P105784,3,116.81,SALE,1717935704,S10,20240609
S10/20240609/00015,6,TAX,1,968.61,TAX,1717935704,S10,20240609
S10/20240609/00015,7,TENDER,1,13240.44,TENDER,1717935704,S10,20240609
S10/20240609/00016,1,P102494,3,11.95,SALE,1717966859,S10,20240609
S10/20240609/00016,2,P102972,1,250.10,SALE,1717966859,S10,20240609
S10/20240609/00016,3,P103517,1,160.29,SALE,1717966859,S10,20240609
S10/20240609/00016,4,P104533,1,271.68,SALE,1717966859,S10,20240609
S10/20240609/00016,5,P104916,2,284.74,SALE,1717966859,S10,20240609
S10/20240609/00016,6,P101626,3,1040.69,SALE,1717966859,S10,20240609
S10/20240609/00016,7,P106426,1,149.87,SALE,1717966859,S10,20240609
S10/20240609/00016,8,P103171,3,58.65,SALE,1717966859,S10,20240609
S10/20240609/00016,9,TAX,1,562.98,TAX,1717966859,S10,20240609
S10/20240609/00016,10,TENDER,1,5298.27,TENDER,1717966859,S10,20240609
S10/20240609/00017,1,P101465,2,550.58,SALE,1717963665,S10,20240609
S10/20240609/00017,2,P106745,2,564.66,SALE,1717963665,S10,20240609
S10/20240609/00017,3,P103197,3,292.95,SALE,1717963665,S10,20240609
S10/20240609/00017,4,P102993,3,313.38,SALE,1717963665,S10,20240609
S10/20240609/00017,5,P106357,2,1078.45,SALE,1717963665,S10,20240609
S10/20240609/00017,6,TAX,1,812.78,TAX,1717963665,S10,20240609
S10/20240609/00017,7,TENDER,1,7019.15,TENDER,1717963665,S10,20240609
S10/20240609/00018,1,P103328,2,236.27,SALE,1717941049,S10,20240609
S10/20240609/00018,2,P105112,1,179.95,SALE,1717941049,S10,20240609
S10/20240609/00018,3,P103510,2,183.91,SALE,1717941049,S10,20240609
S10/20240609/00018,4,P105594,5,317.30,SALE,1717941049,S10,20240609
S10/20240609/00018,5,P105479,2,237.28,SALE,1717941049,S10,20240609
S10/20240609/00018,6,TAX,1,359.77,TAX,1717941049,S10,20240609
S10/20240609/00018,7,TENDER,1,3441.14,TENDER,1717941049,S10,20240609
S10/20240609/00019,1,P102695,1,1259.21,SALE,1717965561,S10,20240609
S10/20240609/00019,2,P101813,1,260.89,SALE,1717965561,S10,20240609
S10/20240609/00019,3,P106802,3,689.06,SALE,1717965561,S10,20240609
S10/20240609/00019,4,P101578,2,39.77,SALE,1717965561,S10,20240609
S10/20240609/00019,5,TAX,1,258.44,TAX,1717965561,S10,20240609
S10/20240609/00019,6,TENDER,1,3925.26,TENDER,1717965561,S10,20240609
S10/20240609/00020,1,P108200,1,336.95,SALE,1717938651,S10,20240609
S10/20240609/00020,2,P106405,1,38.72,SALE,1717938651,S10,20240609
S10/20240609/00020,3,P104883,1,342.92,SALE,1717938651,S10,20240609
S10/20240609/00020,4,P106885,2,132.48,SALE,1717938651,S10,20240609
S10/20240609/00020,5,P106490,1,574.62,SALE,1717938651,S10,20240609
S10/20240609/00020,6,P107775,2,755.55,SALE,1717938651,S10,20240609
S10/20240609/00020,7,P102534,2,98.12,SALE,1717938651,S10,20240609
S10/20240609/00020,8,TAX,1,223.12,TAX,1717938651,S10,20240609
S10/20240609/00020,9,TENDER,1,3488.63,TENDER,1717938651,S10,20240609
S10/20240609/00021,1,P104435,6,435.00,SALE,1717943003,S10,20240609
S10/20240609/00021,2,P107984,2,357.15,SALE,1717943003,S10,20240609
S10/20240609/00021,3,P108206,4,78.93,SALE,1717943003,S10,20240609
S10/20240609/00021,4,P106872,2,73.31,SALE,1717943003,S10,20240609
S10/20240609/00021,5,TAX,1,468.17,TAX,1717943003,S10,20240609
S10/20240609/00021,6,TENDER,1,4254.81,TENDER,1717943003,S10,20240609
S10/20240609/00022,1,P104107,1,475.22,SALE,1717957965,S10,20240609
S10/20240609/00022,2,P102598,4,132.95,SALE,1717957965,S10,20240609
S10/20240609/00022,3,P104898,1,161.27,SALE,1717957965,S10,20240609
S10/20240609/00022,4,P106833,1,397.38,SALE,1717957965,S10,20240609
S10/20240609/00022,5,P104956,1,133.95,SALE,1717957965,S10,20240609
S10/20240609/00022,6,TAX,1,189.24,TAX,1717957965,S10,20240609
S10/20240609/00022,7,TENDER,1,1888.86,TENDER,1717957965,S10,20240609
S10/20240609/00023,1,P102811,1,199.15,SALE,1717938598,S10,20240609
S10/20240609/00023,2,P102772,1,151.97,SALE,1717938598,S10,20240609
S10/20240609/00023,3,P107215,4,153.85,SALE,1717938598,S10,20240609
S10/20240609/00023,4,P101578,2,39.77,SALE,1717938598,S10,20240609
S10/20240609/00023,5,P104382,4,62.22,SALE,1717938598,S10,20240609
S10/20240609/00023,6,P108346,2,478.23,SALE,1717938598,S10,20240609
S10/20240609/00023,7,DISC,1,-230.78,DISCOUNT,1717938598,S10,20240609
S10/20240609/00023,8,TAX,1,139.69,TAX,1717938598,S10,20240609
S10/20240609/00023,9,TENDER,1,2160.31,TENDER,1717938598,S10,20240609
S10/20240609/00024,1,P107231,2,1193.22,SALE,1717939465,S10,20240609
S10/20240609/00024,2,P105583,1,179.43,SALE,1717939465,S10,20240609
S10/20240609/00024,3,P102735,1,517.39,SALE,1717939465,S10,20240609
S10/20240609/00024,4,P104938,1,999.94,SALE,1717939465,S10,20240609
S10/20240609/00024,5,TAX,1,245.42,TAX,1717939465,S10,20240609
S10/20240609/00024,6,TENDER,1,4328.62,TENDER,1717939465,S10,20240609
S10/20240609/00025,1,P104938,-2,999.94,RETURN,1717958209,S10,20240609
S10/20240609/00025,2,P106679,-2,181.66,RETURN,1717958209,S10,20240609
S10/20240609/00025,3,P104497,-2,212.37,RETURN,1717958209,S10,20240609
S10/20240609/00025,4,P100536,-2,471.52,RETURN,1717958209,S10,20240609
S10/20240609/00025,5,P104916,-2,284.74,RETURN,1717958209,S10,20240609
S10/20240609/00025,6,P100131,-1,624.57,RETURN,1717958209,S10,20240609
S10/20240609/00025,7,P105219,-3,701.93,RETURN,1717958209,S10,20240609
S10/20240609/00025,8,TAX,1,-987.47,TAX,1717958209,S10,20240609
S10/20240609/00025,9,TENDER,1,-8018.29,TENDER,1717958209,S10,20240609
S10/20240609/00026,1,P102510,2,35.56,SALE,1717921252,S10,20240609
S10/20240609/00026,2,P107354,3,205.43,SALE,1717921252,S10,20240609
S10/20240609/00026,3,P103757,3,147.98,SALE,1717921252,S10,20240609
S10/20240609/00026,4,P104501,2,449.67,SALE,1717921252,S10,20240609
S10/20240609/00026,5,P104251,4,79.68,SALE,1717921252,S10,20240609
S10/20240609/00026,6,TAX,1,162.06,TAX,1717921252,S10,20240609
S10/20240609/00026,7,TENDER,1,2511.47,TENDER,1717921252,S10,20240609
S10/20240609/00027,1,P107126,4,75.95,SALE,1717953382,S10,20240609
S10/20240609/00027,2,P106720,4,126.28,SALE,1717953382,S10,20240609
S10/20240609/00027,3,TAX,1,127.38,TAX,1717953382,S10,20240609
S10/20240609/00027,4,TENDER,1,936.30,TENDER,1717953382,S10,20240609
S10/20240609/00028,1,P104554,1,437.01,SALE,1717952021,S10,20240609
S10/20240609/00028,2,P102510,1,35.56,SALE,1717952021,S10,20240609
S10/20240609/00028,3,TAX,1,56.71,TAX,1717952021,S10,20240609
S10/20240609/00028,4,TENDER,1,529.28,TENDER,1717952021,S10,20240609
S10/20240609/00029,1,P104950,3,91.01,SALE,1717949512,S10,20240609
S10/20240609/00029,2,P106044,1,40.72,SALE,1717949512,S10,20240609
S10/20240609/00029,3,P104378,4,95.33,SALE,1717949512,S10,20240609
S10/20240609/00029,4,P105575,2,475.41,SALE,1717949512,S10,20240609
S10/20240609/00029,5,DISC,1,-42.56,DISCOUNT,1717949512,S10,20240609
S10/20240609/00029,6,TAX,1,145.90,TAX,1717949512,S10,20240609
S10/20240609/00029,7,TENDER,1,1749.23,TENDER,1717949512,S10,20240609
S10/20240609/00030,1,P105394,1,335.45,SALE,1717933494,S10,20240609
S10/20240609/00030,2,P108275,2,504.53,SALE,1717933494,S10,20240609
S10/20240609/00030,3,P100276,2,965.56,SALE,1717933494,S10,20240609
S10/20240609/00030,4,P103864,4,452.72,SALE,1717933494,S10,20240609
S10/20240609/00030,5,TAX,1,429.11,TAX,1717933494,S10,20240609
S10/20240609/00030,6,TENDER,1,5515.62,TENDER,1717933494,S10,20240609
S10/20240609/00031,1,P107996,3,215.44,SALE,1717970893,S10,20240609
S10/20240609/00031,2,P104266,1,386.95,SALE,1717970893,S10,20240609
S10/20240609/00031,3,P100658,3,50.53,SALE,1717970893,S10,20240609
S10/20240609/00031,4,P106984,2,28.34,SALE,1717970893,S10,20240609
S10/20240609/00031,5,P106877,2,1085.30,SALE,1717970893,S10,20240609
S10/20240609/00031,6,TAX,1,104.80,TAX,1717970893,S10,20240609
S10/20240609/00031,7,TENDER,1,3516.94,TENDER,1717970893,S10,20240609
S10/20240609/00032,1,P101802,3,40.81,SALE,1717937129,S10,20240609
S10/20240609/00032,2,P107759,1,229.95,SALE,1717937129,S10,20240609
S10/20240609/00032,3,P106911,1,232.77,SALE,1717937129,S10,20240609
S10/20240609/00032,4,P100494,3,67.32,SALE,1717937129,S10,20240609
S10/20240609/00032,5,P105176,2,509.66,SALE,1717937129,S10,20240609
S10/20240609/00032,6,P106534,3,87.55,SALE,1717937129,S10,20240609
S10/20240609/00032,7,P102691,2,219.72,SALE,1717937129,S10,20240609
S10/20240609/00032,8,TAX,1,295.20,TAX,1717937129,S10,20240609
S10/20240609/00032,9,TENDER,1,2803.72,TENDER,1717937129,S10,20240609
S10/20240609/00033,1,P106123,1,248.44,SALE,1717971679,S10,20240609
S10/20240609/00033,2,TAX,1,0.00,TAX,1717971679,S10,20240609
S10/20240609/00033,3,TENDER,1,248.44,TENDER,1717971679,S10,20240609
S10/20240609/00034,1,P105490,2,154.49,SALE,1717963024,S10,20240609
S10/20240609/00034,2,P108262,1,601.82,SALE,1717963024,S10,20240609
S10/20240609/00034,3,P105062,2,14.84,SALE,1717963024,S10,20240609
S10/20240609/00034,4,P106084,3,592.14,SALE,1717963024,S10,20240609
S10/20240609/00034,5,P106277,3,425.71,SALE,1717963024,S10,20240609
S10/20240609/00034,6,TAX,1,321.96,TAX,1717963024,S10,20240609
S10/20240609/00034,7,TENDER,1,4315.99,TENDER,1717963024,S10,20240609
S10/20240609/00035,1,P106106,2,219.14,SALE,1717947066,S10,20240609
S10/20240609/00035,2,P107242,1,589.95,SALE,1717947066,S10,20240609
S10/20240609/00035,3,P106297,2,155.50,SALE,1717947066,S10,20240609
S10/20240609/00035,4,P105075,3,49.58,SALE,1717947066,S10,20240609
S10/20240609/00035,5,DISC,1,-31.14,DISCOUNT,1717947066,S10,20240609
S10/20240609/00035,6,TAX,1,187.14,TAX,1717947066,S10,20240609
S10/20240609/00035,7,TENDER,1,1643.97,TENDER,1717947066,S10,20240609
S10/20240609/00036,1,P101023,-1,193.95,RETURN,1717941975,S10,20240609
S10/20240609/00036,2,P103222,-4,317.95,RETURN,1717941975,S10,20240609
S10/20240609/00036,3,P101533,-3,1020.37,RETURN,1717941975,S10,20240609
S10/20240609/00036,4,P108275,-1,504.53,RETURN,1717941975,S10,20240609
S10/20240609/00036,5,TAX,1,-620.46,TAX,1717941975,S10,20240609
S10/20240609/00036,6,TENDER,1,-5651.85,TENDER,1717941975,S10,20240609
S10/20240609/00037,1,P106093,4,315.93,SALE,1717964593,S10,20240609
S10/20240609/00037,2,P100640,2,330.95,SALE,1717964593,S10,20240609
S10/20240609/00037,3,P108200,2,336.95,SALE,1717964593,S10,20240609
S10/20240609/00037,4,P106865,2,299.72,SALE,1717964593,S10,20240609
S10/20240609/00037,5,P104765,1,401.36,SALE,1717964593,S10,20240609
S10/20240609/00037,6,TAX,1,468.00,TAX,1717964593,S10,20240609
S10/20240609/00037,7,TENDER,1,4068.32,TENDER,1717964593,S10,20240609
S10/20240609/00038,1,P102480,1,198.67,SALE,1717936084,S10,20240609
S10/20240609/00038,2,P105729,1,68.08,SALE,1717936084,S10,20240609
S10/20240609/00038,3,P101444,2,834.95,SALE,1717936084,S10,20240609
S10/20240609/00038,4,P102081,2,164.15,SALE,1717936084,S10,20240609
S10/20240609/00038,5,TAX,1,164.78,TAX,1717936084,S10,20240609
S10/20240609/00038,6,TENDER,1,2429.73,TENDER,1717936084,S10,20240609
S10/20240609/00039,1,P102531,1,148.04,SALE,1717956139,S10,20240609
S10/20240609/00039,2,P107346,1,449.29,SALE,1717956139,S10,20240609
S10/20240609/00039,3,P100203,2,241.95,SALE,1717956139,S10,20240609
S10/20240609/00039,4,P104316,2,406.45,SALE,1717956139,S10,20240609
S10/20240609/00039,5,P101134,2,1071.76,SALE,1717956139,S10,20240609
S10/20240609/00039,6,P101702,1,491.39,SALE,1717956139,S10,20240609
S10/20240609/00039,7,TAX,1,299.20,TAX,1717956139,S10,20240609
S10/20240609/00039,8,TENDER,1,4828.24,TENDER,1717956139,S10,20240609
S10/20240609/00040,1,P107973,2,271.34,SALE,1717948593,S10,20240609
S10/20240609/00040,2,P105167,2,826.20,SALE,1717948593,S10,20240609
S10/20240609/00040,3,P102931,1,185.66,SALE,1717948593,S10,20240609
S10/20240609/00040,4,P105868,1,68.91,SALE,1717948593,S10,20240609
S10/20240609/00040,5,P102436,3,243.03,SALE,1717948593,S10,20240609
S10/20240609/00040,6,P102794,2,416.24,SALE,1717948593,S10,20240609
S10/20240609/00040,7,P100658,3,50.53,SALE,1717948593,S10,20240609
S10/20240609/00040,8,TAX,1,244.44,TAX,1717948593,S10,20240609
S10/20240609/00040,9,TENDER,1,4407.25,TENDER,1717948593,S10,20240609
S10/20240609/00041,1,P104811,2,113.95,SALE,1717967718,S10,20240609
S10/20240609/00041,2,P100754,1,91.60,SALE,1717967718,S10,20240609
S10/20240609/00041,3,P105440,1,107.89,SALE,1717967718,S10,20240609
S10/20240609/00041,4,P102243,2,133.95,SALE,1717967718,S10,20240609
S10/20240609/00041,5,P106620,2,296.41,SALE,1717967718,S10,20240609
S10/20240609/00041,6,P101492,3,113.44,SALE,1717967718,S10,20240609
S10/20240609/00041,7,P103517,1,160.29,SALE,1717967718,S10,20240609
S10/20240609/00041,8,P100131,2,624.57,SALE,1717967718,S10,20240609
S10/20240609/00041,9,TAX,1,346.68,TAX,1717967718,S10,20240609
S10/20240609/00041,10,TENDER,1,3384.54,TENDER,1717967718,S10,20240609
S10/20240609/00042,1,P101458,1,1309.22,SALE,1717936762,S10,20240609
S10/20240609/00042,2,P104212,1,401.95,SALE,1717936762,S10,20240609
S10/20240609/00042,3,P103517,2,160.29,SALE,1717936762,S10,20240609
S10/20240609/00042,4,P100528,2,623.32,SALE,1717936762,S10,20240609
S10/20240609/00042,5,P105772,1,539.31,SALE,1717936762,S10,20240609
S10/20240609/00042,6,P106221,1,31.65,SALE,1717936762,S10,20240609
S10/20240609/00042,7,P106844,3,23.35,SALE,1717936762,S10,20240609
S10/20240609/00042,8,P107807,4,118.66,SALE,1717936762,S10,20240609
S10/20240609/00042,9,P106900,1,179.85,SALE,1717936762,S10,20240609
S10/20240609/00042,10,TAX,1,220.46,TAX,1717936762,S10,20240609
S10/20240609/00042,11,TENDER,1,4794.35,TENDER,1717936762,S10,20240609
S10/20240609/00043,1,P100140,2,62.18,SALE,1717946191,S10,20240609
S10/20240609/00043,2,P105490,1,154.49,SALE,1717946191,S10,20240609
S10/20240609/00043,3,P105733,2,135.79,SALE,1717946191,S10,20240609
S10/20240609/00043,4,P103299,1,220.95,SALE,1717946191,S10,20240609
S10/20240609/00043,5,P101305,2,110.46,SALE,1717946191,S10,20240609
S10/20240609/00043,6,P103701,6,1171.33,SALE,1717946191,S10,20240609
S10/20240609/00043,7,TAX,1,530.01,TAX,1717946191,S10,20240609
S10/20240609/00043,8,TENDER,1,8550.29,TENDER,1717946191,S10,20240609
S10/20240609/00044,1,P105468,-3,1100.43,RETURN,1717964856,S10,20240609
S10/20240609/00044,2,P100339,-1,299.99,RETURN,1717964856,S10,20240609
S10/20240609/00044,3,P100791,-2,40.18,RETURN,1717964856,S10,20240609
S10/20240609/00044,4,P106989,-1,24.76,RETURN,1717964856,S10,20240609
S10/20240609/00044,5,P105201,-2,331.23,RETURN,1717964856,S10,20240609
S10/20240609/00044,6,TAX,1,-260.66,TAX,1717964856,S10,20240609
S10/20240609/00044,7,TENDER,1,-4629.52,TENDER,1717964856,S10,20240609
S10/20240609/00045,1,P107946,3,303.95,SALE,1717954626,S10,20240609
S10/20240609/00045,2,P101465,2,550.58,SALE,1717954626,S10,20240609
S10/20240609/00045,3,TAX,1,198.21,TAX,1717954626,S10,20240609
S10/20240609/00045,4,TENDER,1,2211.22,TENDER,1717954626,S10,20240609
S10/20240609/00046,1,P105614,1,652.27,SALE,1717953746,S10,20240609
S10/20240609/00046,2,P102207,2,342.36,SALE,1717953746,S10,20240609
S10/20240609/00046,3,P100810,1,200.65,SALE,1717953746,S10,20240609
S10/20240609/00046,4,P100441,1,419.95,SALE,1717953746,S10,20240609
S10/20240609/00046,5,P107488,3,303.21,SALE,1717953746,S10,20240609
S10/20240609/00046,6,P103299,1,220.95,SALE,1717953746,S10,20240609
S10/20240609/00046,7,TAX,1,463.51,TAX,1717953746,S10,20240609
S10/20240609/00046,8,TENDER,1,3551.68,TENDER,1717953746,S10,20240609
S10/20240609/00047,1,P107422,2,193.56,SALE,1717937534,S10,20240609
S10/20240609/00047,2,P104802,1,194.24,SALE,1717937534,S10,20240609
S10/20240609/00047,3,TAX,1,54.32,TAX,1717937534,S10,20240609
S10/20240609/00047,4,TENDER,1,635.68,TENDER,1717937534,S10,20240609
S10/20240609/00048,1,P101152,1,478.44,SALE,1717929231,S10,20240609
S10/20240609/00048,2,P101842,1,210.53,SALE,1717929231,S10,20240609
S10/20240609/00048,3,P104567,3,141.21,SALE,1717929231,S10,20240609
S10/20240609/00048,4,P103833,4,1136.81,SALE,1717929231,S10,20240609
S10/20240609/00048,5,TAX,1,374.84,TAX,1717929231,S10,20240609
S10/20240609/00048,6,TENDER,1,6034.68,TENDER,1717929231,S10,20240609
S10/20240609/00049,1,P106848,4,16.02,SALE,1717941497,S10,20240609
S10/20240609/00049,2,P106044,1,40.72,SALE,1717941497,S10,20240609
S10/20240609/00049,3,P101570,3,288.76,SALE,1717941497,S10,20240609
S10/20240609/00049,4,P100339,3,299.99,SALE,1717941497,S10,20240609
S10/20240609/00049,5,TAX,1,273.28,TAX,1717941497,S10,20240609
S10/20240609/00049,6,TENDER,1,2144.33,TENDER,1717941497,S10,20240609
S10/20240609/00050,1,P107815,2,106.85,SALE,1717966313,S10,20240609
S10/20240609/00050,2,P103946,3,328.70,SALE,1717966313,S10,20240609
S10/20240609/00050,3,P105636,4,543.66,SALE,1717966313,S10,20240609
S10/20240609/00050,4,P100658,2,50.53,SALE,1717966313,S10,20240609
S10/20240609/00050,5,P101813,3,260.89,SALE,1717966313,S10,20240609
S10/20240609/00050,6,TAX,1,25.64,TAX,1717966313,S10,20240609
S10/20240609/00050,7,TENDER,1,4283.81,TENDER,1717966313,S10,20240609
S10/20240609/00051,1,P102114,1,128.95,SALE,1717956902,S10,20240609
S10/20240609/00051,2,P105365,2,393.76,SALE,1717956902,S10,20240609
S10/20240609/00051,3,P103882,4,269.95,SALE,1717956902,S10,20240609
S10/20240609/00051,4,TAX,1,295.31,TAX,1717956902,S10,20240609
S10/20240609/00051,5,TENDER,1,2291.58,TENDER,1717956902,S10,20240609
S10/20240609/00052,1,P101225,3,452.38,SALE,1717928593,S10,20240609
S10/20240609/00052,2,P103822,3,594.96,SALE,1717928593,S10,20240609
S10/20240609/00052,3,TAX,1,484.14,TAX,1717928593,S10,20240609
S10/20240609/00052,4,TENDER,1,3626.16,TENDER,1717928593,S10,20240609
S10/20240609/00053,1,P103487,4,353.08,SALE,1717949826,S10,20240609
S10/20240609/00053,2,P106984,1,28.34,SALE,1717949826,S10,20240609
S10/20240609/00053,3,P104485,1,643.04,SALE,1717949826,S10,20240609
S10/20240609/00053,4,P103354,2,894.50,SALE,1717949826,S10,20240609
S10/20240609/00053,5,P101674,3,373.95,SALE,1717949826,S10,20240609
S10/20240609/00053,6,DISC,1,-453.78,DISCOUNT,1717949826,S10,20240609
S10/20240609/00053,7,TAX,1,409.11,TAX,1717949826,S10,20240609
S10/20240609/00053,8,TENDER,1,4949.88,TENDER,1717949826,S10,20240609
S10/20240610/00001,1,P107197,1,669.72,SALE,1718007374,S10,20240610
S10/20240610/00001,2,P102510,1,35.56,SALE,1718007374,S10,20240610
S10/20240610/00001,3,P101796,2,990.67,SALE,1718007374,S10,20240610
S10/20240610/00001,4,TAX,1,223.88,TAX,1718007374,S10,20240610
S10/20240610/00001,5,TENDER,1,2910.50,TENDER,1718007374,S10,20240610
S10/20240610/00002,1,P102886,1,136.91,SALE,1718022184,S10,20240610
S10/20240610/00002,2,P100156,1,1576.32,SALE,1718022184,S10,20240610
S10/20240610/00002,3,P105908,4,638.48,SALE,1718022184,S10,20240610
S10/20240610/00002,4,P103029,1,11.28,SALE,1718022184,S10,20240610
S10/20240610/00002,5,P104747,1,342.93,SALE,1718022184,S10,20240610
S10/20240610/00002,6,P101184,3,55.85,SALE,1718022184,S10,20240610
S10/20240610/00002,7,P102023,1,425.67,SALE,1718022184,S10,20240610
S10/20240610/00002,8,TAX,1,248.91,TAX,1718022184,S10,20240610
S10/20240610/00002,9,TENDER,1,5463.49,TENDER,1718022184,S10,20240610
S10/20240610/00003,1,P102954,2,122.32,SALE,1718042448,S10,20240610
S10/20240610/00003,2,P103904,2,1081.09,SALE,1718042448,S10,20240610
S10/20240610/00003,3,P106098,1,334.84,SALE,1718042448,S10,20240610
S10/20240610/00003,4,P101842,3,210.53,SALE,1718042448,S10,20240610
S10/20240610/00003,5,DISC,1,-374.58,DISCOUNT,1718042448,S10,20240610
S10/20240610/00003,6,TAX,1,185.99,TAX,1718042448,S10,20240610
S10/20240610/00003,7,TENDER,1,3184.66,TENDER,1718042448,S10,20240610
S10/20240610/00004,1,P106679,3,181.66,SALE,1718016122,S10,20240610
S10/20240610/00004,2,P101248,1,497.50,SALE,1718016122,S10,20240610
S10/20240610/00004,3,P100658,4,50.53,SALE,1718016122,S10,20240610
S10/20240610/00004,4,P104898,2,161.27,SALE,1718016122,S10,20240610
S10/20240610/00004,5,TAX,1,105.68,TAX,1718016122,S10,20240610
S10/20240610/00004,6,TENDER,1,1672.82,TENDER,1718016122,S10,20240610
S10/20240610/00005,1,P105209,5,399.92,SALE,1718041813,S10,20240610
S10/20240610/00005,2,P101225,3,452.38,SALE,1718041813,S10,20240610
S10/20240610/00005,3,P101321,2,24.76,SALE,1718041813,S10,20240610
S10/20240610/00005,4,P100604,1,154.60,SALE,1718041813,S10,20240610
S10/20240610/00005,5,P105784,2,116.81,SALE,1718041813,S10,20240610
S10/20240610/00005,6,TAX,1,531.70,TAX,1718041813,S10,20240610
S10/20240610/00005,7,TENDER,1,4326.18,TENDER,1718041813,S10,20240610
S10/20240610/00006,1,P104257,1,41.91,SALE,1718039009,S10,20240610
S10/20240610/00006,2,P103542,2,398.89,SALE,1718039009,S10,20240610
S10/20240610/00006,3,P105666,3,1064.29,SALE,1718039009,S10,20240610
S10/20240610/00006,4,P107526,3,50.67,SALE,1718039009,S10,20240610
S10/20240610/00006,5,TAX,1,125.19,TAX,1718039009,S10,20240610
S10/20240610/00006,6,TENDER,1,4309.76,TENDER,1718039009,S10,20240610
S10/20240610/00007,1,P102290,3,547.95,SALE,1718059112,S10,20240610
S10/20240610/00007,2,P101004,1,324.97,SALE,1718059112,S10,20240610
S10/20240610/00007,3,P107246,3,313.74,SALE,1718059112,S10,20240610
S10/20240610/00007,4,P107040,2,474.18,SALE,1718059112,S10,20240610
S10/20240610/00007,5,TAX,1,430.35,TAX,1718059112,S10,20240610
S10/20240610/00007,6,TENDER,1,4288.75,TENDER,1718059112,S10,20240610
S10/20240610/00008,1,P107012,1,104.24,SALE,1718051656,S10,20240610
S10/20240610/00008,2,P100362,1,270.89,SALE,1718051656,S10,20240610
S10/20240610/00008,3,P106534,2,87.55,SALE,1718051656,S10,20240610
S10/20240610/00008,4,P102202,4,203.35,SALE,1718051656,S10,20240610
S10/20240610/00008,5,P106989,2,24.76,SALE,1718051656,S10,20240610
S10/20240610/00008,6,P104858,1,297.94,SALE,1718051656,S10,20240610
S10/20240610/00008,7,P105440,1,107.89,SALE,1718051656,S10,20240610
S10/20240610/00008,8,P102060,1,165.83,SALE,1718051656,S10,20240610
S10/20240610/00008,9,TAX,1,233.20,TAX,1718051656,S10,20240610
S10/20240610/00008,10,TENDER,1,2218.01,TENDER,1718051656,S10,20240610
S10/20240610/00009,1,P106035,2,89.95,SALE,1718033354,S10,20240610
S10/20240610/00009,2,P104688,1,178.09,SALE,1718033354,S10,20240610
S10/20240610/00009,3,TAX,1,41.29,TAX,1718033354,S10,20240610
S10/20240610/00009,4,TENDER,1,399.28,TENDER,1718033354,S10,20240610
S10/20240610/00010,1,P107848,2,267.41,SALE,1718004380,S10,20240610
S10/20240610/00010,2,P104361,1,1350.95,SALE,1718004380,S10,20240610
S10/20240610/00010,3,P102311,1,284.95,SALE,1718004380,S10,20240610
S10/20240610/00010,4,P106639,2,415.94,SALE,1718004380,S10,20240610
S10/20240610/00010,5,P105838,1,594.50,SALE,1718004380,S10,20240610
S10/20240610/00010,6,P101218,3,61.39,SALE,1718004380,S10,20240610
S10/20240610/00010,7,TAX,1,336.08,TAX,1718004380,S10,20240610
S10/20240610/00010,8,TENDER,1,4117.35,TENDER,1718004380,S10,20240610
S10/20240610/00011,1,P103559,1,370.21,SALE,1718010370,S10,20240610
S10/20240610/00011,2,P108162,1,221.93,SALE,1718010370,S10,20240610
S10/20240610/00011,3,P104417,2,322.95,SALE,1718010370,S10,20240610
S10/20240610/00011,4,TAX,1,107.12,TAX,1718010370,S10,20240610
S10/20240610/00011,5,TENDER,1,1345.16,TENDER,1718010370,S10,20240610
S10/20240610/00012,1,P102415,1,1123.24,SALE,1718025003,S10,20240610
S10/20240610/00012,2,P102922,1,120.15,SALE,1718025003,S10,20240610
S10/20240610/00012,3,P106123,1,248.44,SALE,1718025003,S10,20240610
S10/20240610/00012,4,P107884,1,29.77,SALE,1718025003,S10,20240610
S10/20240610/00012,5,P104361,6,1350.95,SALE,1718025003,S10,20240610
S10/20240610/00012,6,TAX,1,1055.83,TAX,1718025003,S10,20240610
S10/20240610/00012,7,TENDER,1,10683.13,TENDER,1718025003,S10,20240610
S10/20240610/00013,1,P103144,4,145.27,SALE,1718054689,S10,20240610
S10/20240610/00013,2,P106720,1,119.97,SALE,1718054689,S10,20240610
S10/20240610/00013,3,P105139,2,100.45,SALE,1718054689,S10,20240610
S10/20240610/00013,4,P103171,1,58.65,SALE,1718054689,S10,20240610
S10/20240610/00013,5,P101048,2,208.35,SALE,1718054689,S10,20240610
S10/20240610/00013,6,P101842,1,210.53,SALE,1718054689,S10,20240610
S10/20240610/00013,7,P107859,1,130.84,SALE,1718054689,S10,20240610
S10/20240610/00013,8,P100658,3,50.53,SALE,1718054689,S10,20240610
S10/20240610/00013,9,P105855,3,128.68,SALE,1718054689,S10,20240610
S10/20240610/00013,10,TAX,1,134.89,TAX,1718054689,S10,20240610
S10/20240610/00013,11,TENDER,1,2391.19,TENDER,1718054689,S10,20240610
S10/20240610/00014,1,P103029,1,11.28,SALE,1718051454,S10,20240610
S10/20240610/00014,2,P106490,1,574.62,SALE,1718051454,S10,20240610
S10/20240610/00014,3,P102175,1,191.56,SALE,1718051454,S10,20240610
S10/20240610/00014,4,TAX,1,2.03,TAX,1718051454,S10,20240610
S10/20240610/00014,5,TENDER,1,779.49,TENDER,1718051454,S10,20240610
S10/20240610/00015,1,P102103,1,345.70,SALE,1718032490,S10,20240610
S10/20240610/00015,2,P103029,1,11.28,SALE,1718032490,S10,20240610
S10/20240610/00015,3,P104708,1,487.33,SALE,1718032490,S10,20240610
S10/20240610/00015,4,P103918,4,527.10,SALE,1718032490,S10,20240610
S10/20240610/00015,5,TAX,1,194.04,TAX,1718032490,S10,20240610
S10/20240610/00015,6,TENDER,1,3146.75,TENDER,1718032490,S10,20240610
S10/20240610/00016,1,P101034,4,85.95,SALE,1718065522,S10,20240610
S10/20240610/00016,2,P105827,2,96.95,SALE,1718065522,S10,20240610
S10/20240610/00016,3,P103864,2,452.72,SALE,1718065522,S10,20240610
S10/20240610/00016,4,TAX,1,96.22,TAX,1718065522,S10,20240610
S10/20240610/00016,5,TENDER,1,1539.36,TENDER,1718065522,S10,20240610
S10/20240610/00017,1,P105684,1,1114.27,SALE,1718033368,S10,20240610
S10/20240610/00017,2,P106473,2,298.68,SALE,1718033368,S10,20240610
S10/20240610/00017,3,P101134,1,1071.76,SALE,1718033368,S10,20240610
S10/20240610/00017,4,TAX,1,163.24,TAX,1718033368,S10,20240610
S10/20240610/00017,5,TENDER,1,2946.63,TENDER,1718033368,S10,20240610
S10/20240610/00018,1,P104226,2,303.01,SALE,1718038593,S10,20240610
S10/20240610/00018,2,P100354,2,182.63,SALE,1718038593,S10,20240610
S10/20240610/00018,3,P101660,1,193.14,SALE,1718038593,S10,20240610
S10/20240610/00018,4,P101037,4,537.96,SALE,1718038593,S10,20240610
S10/20240610/00018,5,P102042,3,151.18,SALE,1718038593,S10,20240610
S10/20240610/00018,6,P105017,2,193.22,SALE,1718038593,S10,20240610
S10/20240610/00018,7,P100469,1,49.80,SALE,1718038593,S10,20240610
S10/20240610/00018,8,TAX,1,567.29,TAX,1718038593,S10,20240610
S10/20240610/00018,9,TENDER,1,4773.33,TENDER,1718038593,S10,20240610
S10/20240610/00019,1,P105980,1,263.95,SALE,1718031219,S10,20240610
S10/20240610/00019,2,P104026,1,152.97,SALE,1718031219,S10,20240610
S10/20240610/00019,3,P105302,1,258.62,SALE,1718031219,S10,20240610
S10/20240610/00019,4,P102081,3,164.15,SALE,1718031219,S10,20240610
S10/20240610/00019,5,P102103,2,345.70,SALE,1718031219,S10,20240610
S10/20240610/00019,6,TAX,1,265.35,TAX,1718031219,S10,20240610
S10/20240610/00019,7,TENDER,1,2124.74,TENDER,1718031219,S10,20240610
S10/20240610/00020,1,P103096,2,277.95,SALE,1718052462,S10,20240610
S10/20240610/00020,2,P107880,2,314.86,SALE,1718052462,S10,20240610
S10/20240610/00020,3,P105882,3,206.76,SALE,1718052462,S10,20240610
S10/20240610/00020,4,P104891,1,692.46,SALE,1718052462,S10,20240610
S10/20240610/00020,5,P105145,1,763.65,SALE,1718052462,S10,20240610
S10/20240610/00020,6,P106648,2,330.96,SALE,1718052462,S10,20240610
S10/20240610/00020,7,TAX,1,359.39,TAX,1718052462,S10,20240610
S10/20240610/00020,8,TENDER,1,4283.32,TENDER,1718052462,S10,20240610
S10/20240610/00021,1,P106478,1,56.12,SALE,1718024403,S10,20240610
S10/20240610/00021,2,P100967,1,1052.07,SALE,1718024403,S10,20240610
S10/20240610/00021,3,P107621,2,119.64,SALE,1718024403,S10,20240610
S10/20240610/00021,4,P106059,2,317.68,SALE,1718024403,S10,20240610
S10/20240610/00021,5,P103908,3,104.62,SALE,1718024403,S10,20240610
S10/20240610/00021,6,P105164,1,216.12,SALE,1718024403,S10,20240610
S10/20240610/00021,7,TAX,1,281.08,TAX,1718024403,S10,20240610
S10/20240610/00021,8,TENDER,1,2793.89,TENDER,1718024403,S10,20240610
S10/20240610/00022,1,P105547,2,406.95,SALE,1718032254,S10,20240610
S10/20240610/00022,2,P106130,3,1254.95,SALE,1718032254,S10,20240610
S10/20240610/00022,3,P104435,5,435.00,SALE,1718032254,S10,20240610
S10/20240610/00022,4,P102436,3,243.03,SALE,1718032254,S10,20240610
S10/20240610/00022,5,TAX,1,489.90,TAX,1718032254,S10,20240610
S10/20240610/00022,6,TENDER,1,7972.74,TENDER,1718032254,S10,20240610
S10/20240610/00023,1,P103096,2,277.95,SALE,1718029496,S10,20240610
S10/20240610/00023,2,P105765,3,439.90,SALE,1718029496,S10,20240610
S10/20240610/00023,3,P105209,3,399.92,SALE,1718029496,S10,20240610
S10/20240610/00023,4,P100499,2,234.95,SALE,1718029496,S10,20240610
S10/20240610/00023,5,TAX,1,609.95,TAX,1718029496,S10,20240610
S10/20240610/00023,6,TENDER,1,4155.21,TENDER,1718029496,S10,20240610
S10/20240610/00024,1,P101813,4,260.89,SALE,1718017262,S10,20240610
S10/20240610/00024,2,P101660,2,193.14,SALE,1718017262,S10,20240610
S10/20240610/00024,3,P100354,2,182.63,SALE,1718017262,S10,20240610
S10/20240610/00024,4,P106844,1,23.35,SALE,1718017262,S10,20240610
S10/20240610/00024,5,P108131,2,611.06,SALE,1718017262,S10,20240610
S10/20240610/00024,6,P102931,3,185.66,SALE,1718017262,S10,20240610
S10/20240610/00024,7,P102296,2,43.24,SALE,1718017262,S10,20240610
S10/20240610/00024,8,DISC,1,-192.56,DISCOUNT,1718017262,S10,20240610
S10/20240610/00024,9,TAX,1,136.49,TAX,1718017262,S10,20240610
S10/20240610/00024,10,TENDER,1,3627.96,TENDER,1718017262,S10,20240610
S10/20240610/00025,1,P108026,3,103.54,SALE,1718032423,S10,20240610
S10/20240610/00025,2,P101638,2,373.95,SALE,1718032423,S10,20240610
S10/20240610/00025,3,P102744,2,86.95,SALE,1718032423,S10,20240610
S10/20240610/00025,4,P107526,2,50.67,SALE,1718032423,S10,20240610
S10/20240610/00025,5,TAX,1,172.60,TAX,1718032423,S10,20240610
S10/20240610/00025,6,TENDER,1,1506.36,TENDER,1718032423,S10,20240610
S10/20240610/00026,1,P100940,2,199.52,SALE,1718043184,S10,20240610
S10/20240610/00026,2,P106300,4,387.92,SALE,1718043184,S10,20240610
S10/20240610/00026,3,P108082,1,236.40,SALE,1718043184,S10,20240610
S10/20240610/00026,4,P102081,1,164.15,SALE,1718043184,S10,20240610
S10/20240610/00026,5,TAX,1,330.13,TAX,1718043184,S10,20240610
S10/20240610/00026,6,TENDER,1,2681.40,TENDER,1718043184,S10,20240610
S10/20240610/00027,1,P101911,2,1431.80,SALE,1718024704,S10,20240610
S10/20240610/00027,2,P105797,2,254.07,SALE,1718024704,S10,20240610
S10/20240610/00027,3,P102609,1,183.47,SALE,1718024704,S10,20240610
S10/20240610/00027,4,P100649,1,592.52,SALE,1718024704,S10,20240610
S10/20240610/00027,5,P102321,5,34.60,SALE,1718024704,S10,20240610
S10/20240610/00027,6,P101339,2,222.95,SALE,1718024704,S10,20240610
S10/20240610/00027,7,TAX,1,186.16,TAX,1718024704,S10,20240610
S10/20240610/00027,8,TENDER,1,4952.79,TENDER,1718024704,S10,20240610
S10/20240610/00028,1,P105050,2,103.36,SALE,1718027483,S10,20240610
S10/20240610/00028,2,P102054,4,133.39,SALE,1718027483,S10,20240610
S10/20240610/00028,3,P106367,1,650.25,SALE,1718027483,S10,20240610
S10/20240610/00028,4,TAX,1,69.53,TAX,1718027483,S10,20240610
S10/20240610/00028,5,TENDER,1,1460.06,TENDER,1718027483,S10,20240610
S10/20240610/00029,1,P106671,1,101.77,SALE,1718041510,S10,20240610
S10/20240610/00029,2,P101083,1,312.05,SALE,1718041510,S10,20240610
S10/20240610/00029,3,P106024,2,472.89,SALE,1718041510,S10,20240610
S10/20240610/00029,4,P108026,1,103.54,SALE,1718041510,S10,20240610
S10/20240610/00029,5,P101311,2,481.74,SALE,1718041510,S10,20240610
S10/20240610/00029,6,TAX,1,298.31,TAX,1718041510,S10,20240610
S10/20240610/00029,7,TENDER,1,2724.93,TENDER,1718041510,S10,20240610
S10/20240610/00030,1,P105356,1,232.26,SALE,1718062283,S10,20240610
S10/20240610/00030,2,P106550,2,28.48,SALE,1718062283,S10,20240610
S10/20240610/00030,3,P108060,2,217.09,SALE,1718062283,S10,20240610
S10/20240610/00030,4,TAX,1,100.02,TAX,1718062283,S10,20240610
S10/20240610/00030,5,TENDER,1,823.42,TENDER,1718062283,S10,20240610
S10/20240610/00031,1,P106671,3,101.77,SALE,1718044726,S10,20240610
S10/20240610/00031,2,P106534,3,87.55,SALE,1718044726,S10,20240610
S10/20240610/00031,3,TAX,1,62.54,TAX,1718044726,S10,20240610
S10/20240610/00031,4,TENDER,1,630.50,TENDER,1718044726,S10,20240610
S10/20240610/00032,1,P101839,2,408.40,SALE,1718030059,S10,20240610
S10/20240610/00032,2,P101263,4,604.45,SALE,1718030059,S10,20240610
S10/20240610/00032,3,P104512,2,94.53,SALE,1718030059,S10,20240610
S10/20240610/00032,4,P106624,1,103.58,SALE,1718030059,S10,20240610
S10/20240610/00032,5,TAX,1,542.67,TAX,1718030059,S10,20240610
S10/20240610/00032,6,TENDER,1,4069.91,TENDER,1718030059,S10,20240610
S10/20240610/00033,1,P105164,2,216.12,SALE,1718031062,S10,20240610
S10/20240610/00033,2,P106783,3,87.95,SALE,1718031062,S10,20240610
S10/20240610/00033,3,P100178,1,480.34,SALE,1718031062,S10,20240610
S10/20240610/00033,4,TAX,1,133.95,TAX,1718031062,S10,20240610
S10/20240610/00033,5,TENDER,1,1310.38,TENDER,1718031062,S10,20240610
S10/20240611/00001,1,P102794,2,416.24,SALE,1718126305,S10,20240611
S10/20240611/00001,2,P104378,3,95.33,SALE,1718126305,S10,20240611
S10/20240611/00001,3,P103438,4,187.96,SALE,1718126305,S10,20240611
S10/20240611/00001,4,P103510,3,183.91,SALE,1718126305,S10,20240611
S10/20240611/00001,5,TAX,1,99.50,TAX,1718126305,S10,20240611
S10/20240611/00001,6,TENDER,1,2521.54,TENDER,1718126305,S10,20240611
S10/20240611/00002,1,P106807,2,322.15,SALE,1718109412,S10,20240611
S10/20240611/00002,2,P103785,1,491.90,SALE,1718109412,S10,20240611
S10/20240611/00002,3,P102566,1,415.94,SALE,1718109412,S10,20240611
S10/20240611/00002,4,P100816,2,806.93,SALE,1718109412,S10,20240611
S10/20240611/00002,5,P107089,2,208.16,SALE,1718109412,S10,20240611
S10/20240611/00002,6,TAX,1,410.28,TAX,1718109412,S10,20240611
S10/20240611/00002,7,TENDER,1,3992.60,TENDER,1718109412,S10,20240611
S10/20240611/00003,1,P102972,2,250.10,SALE,1718120540,S10,20240611
S10/20240611/00003,2,P101766,1,207.00,SALE,1718120540,S10,20240611
S10/20240611/00003,3,P101152,1,478.44,SALE,1718120540,S10,20240611
S10/20240611/00003,4,P104026,1,152.97,SALE,1718120540,S10,20240611
S10/20240611/00003,5,DISC,1,-106.48,DISCOUNT,1718120540,S10,20240611
S10/20240611/00003,6,TAX,1,164.42,TAX,1718120540,S10,20240611
S10/20240611/00003,7,TENDER,1,1396.55,TENDER,1718120540,S10,20240611
S10/20240611/00004,1,P104032,1,568.95,SALE,1718104586,S10,20240611
S10/20240611/00004,2,P104089,1,335.03,SALE,1718104586,S10,20240611
S10/20240611/00004,3,P107597,3,519.83,SALE,1718104586,S10,20240611
S10/20240611/00004,4,P103563,3,21.95,SALE,1718104586,S10,20240611
S10/20240611/00004,5,P105003,1,285.67,SALE,1718104586,S10,20240611
S10/20240611/00004,6,P100686,2,787.42,SALE,1718104586,S10,20240611
S10/20240611/00004,7,P103918,1,527.10,SALE,1718104586,S10,20240611
S10/20240611/00004,8,P103465,2,27.30,SALE,1718104586,S10,20240611
S10/20240611/00004,9,P104032,-1,568.95,VOID,1718104586,S10,20240611
S10/20240611/00004,10,P104089,-1,335.03,VOID,1718104586,S10,20240611
S10/20240611/00004,11,P107597,-3,519.83,VOID,1718104586,S10,20240611
S10/20240611/00004,12,P103563,-3,21.95,VOID,1718104586,S10,20240611
S10/20240611/00004,13,P105003,-1,285.67,VOID,1718104586,S10,20240611
S10/20240611/00004,14,P100686,-2,787.42,VOID,1718104586,S10,20240611
S10/20240611/00004,15,P103918,-1,527.10,VOID,1718104586,S10,20240611
S10/20240611/00004,16,P103465,-2,27.30,VOID,1718104586,S10,20240611
S10/20240611/00004,17,TAX,1,0.00,TAX,1718104586,S10,20240611
S10/20240611/00004,18,TENDER,1,0.00,TENDER,1718104586,S10,20240611
S10/20240611/00005,1,P101933,1,1344.63,SALE,1718120888,S10,20240611
S10/20240611/00005,2,P103372,3,43.95,SALE,1718120888,S10,20240611
S10/20240611/00005,3,P101037,2,537.96,SALE,1718120888,S10,20240611
S10/20240611/00005,4,P106697,2,342.69,SALE,1718120888,S10,20240611
S10/20240611/00005,5,TAX,1,461.00,TAX,1718120888,S10,20240611
S10/20240611/00005,6,TENDER,1,3698.78,TENDER,1718120888,S10,20240611
S10/20240611/00006,1,P106920,-2,1398.34,RETURN,1718126475,S10,20240611
S10/20240611/00006,2,P105351,-3,102.95,RETURN,1718126475,S10,20240611
S10/20240611/00006,3,P105106,-2,98.60,RETURN,1718126475,S10,20240611
S10/20240611/00006,4,P103712,-2,481.86,RETURN,1718126475,S10,20240611
S10/20240611/00006,5,P105155,-1,317.12,RETURN,1718126475,S10,20240611
S10/20240611/00006,6,P104032,-1,568.95,RETURN,1718126475,S10,20240611
S10/20240611/00006,7,TAX,1,-325.00,TAX,1718126475,S10,20240611
S10/20240611/00006,8,TENDER,1,-5477.52,TENDER,1718126475,S10,20240611
S10/20240611/00007,1,P104579,1,67.48,SALE,1718099992,S10,20240611
S10/20240611/00007,2,P101470,2,172.36,SALE,1718099992,S10,20240611
S10/20240611/00007,3,P100933,2,257.95,SALE,1718099992,S10,20240611
S10/20240611/00007,4,P101603,4,911.37,SALE,1718099992,S10,20240611
S10/20240611/00007,5,TAX,1,530.32,TAX,1718099992,S10,20240611
S10/20240611/00007,6,TENDER,1,5103.90,TENDER,1718099992,S10,20240611
S10/20240611/00008,1,P105490,2,154.49,SALE,1718130091,S10,20240611
S10/20240611/00008,2,P100005,1,103.45,SALE,1718130091,S10,20240611
S10/20240611/00008,3,P107458,2,1239.88,SALE,1718130091,S10,20240611
S10/20240611/00008,4,TAX,1,74.24,TAX,1718130091,S10,20240611
S10/20240611/00008,5,TENDER,1,2966.43,TENDER,1718130091,S10,20240611
S10/20240611/00009,1,P104772,1,332.47,SALE,1718106982,S10,20240611
S10/20240611/00009,2,P104986,4,204.89,SALE,1718106982,S10,20240611
S10/20240611/00009,3,P100074,4,57.78,SALE,1718106982,S10,20240611
S10/20240611/00009,4,P106885,1,132.48,SALE,1718106982,S10,20240611
S10/20240611/00009,5,TAX,1,242.77,TAX,1718106982,S10,20240611
S10/20240611/00009,6,TENDER,1,1758.40,TENDER,1718106982,S10,20240611
S10/20240611/00010,1,P101613,2,117.31,SALE,1718138494,S10,20240611
S10/20240611/00010,2,P104181,1,279.95,SALE,1718138494,S10,20240611
S10/20240611/00010,3,P107264,2,181.93,SALE,1718138494,S10,20240611
S10/20240611/00010,4,TAX,1,141.32,TAX,1718138494,S10,20240611
S10/20240611/00010,5,TENDER,1,1019.75,TENDER,1718138494,S10,20240611
S10/20240611/00011,1,P103487,5,353.08,SALE,1718099869,S10,20240611
S10/20240611/00011,2,P107536,1,1375.72,SALE,1718099869,S10,20240611
S10/20240611/00011,3,P107575,5,65.95,SALE,1718099869,S10,20240611
S10/20240611/00011,4,P105589,5,84.80,SALE,1718099869,S10,20240611
S10/20240611/00011,5,TAX,1,288.17,TAX,1718099869,S10,20240611
S10/20240611/00011,6,TENDER,1,4183.04,TENDER,1718099869,S10,20240611
S10/20240611/00012,1,P102243,3,133.95,SALE,1718110616,S10,20240611
S10/20240611/00012,2,P101465,2,550.58,SALE,1718110616,S10,20240611
S10/20240611/00012,3,P107458,5,1140.69,SALE,1718110616,S10,20240611
S10/20240611/00012,4,P106169,1,221.03,SALE,1718110616,S10,20240611
S10/20240611/00012,5,TAX,1,258.09,TAX,1718110616,S10,20240611
S10/20240611/00012,6,TENDER,1,7685.58,TENDER,1718110616,S10,20240611
S10/20240611/00013,1,P103214,1,283.38,SALE,1718126164,S10,20240611
S10/20240611/00013,2,P103682,3,372.67,SALE,1718126164,S10,20240611
S10/20240611/00013,3,P108125,3,129.06,SALE,1718126164,S10,20240611
S10/20240611/00013,4,P104909,3,363.10,SALE,1718126164,S10,20240611
S10/20240611/00013,5,TAX,1,215.41,TAX,1718126164,S10,20240611
S10/20240611/00013,6,TENDER,1,3093.28,TENDER,1718126164,S10,20240611
S10/20240611/00014,1,P102903,5,51.46,SALE,1718110671,S10,20240611
S10/20240611/00014,2,P105594,6,317.30,SALE,1718110671,S10,20240611
S10/20240611/00014,3,P101810,3,765.83,SALE,1718110671,S10,20240611
S10/20240611/00014,4,P106671,1,101.77,SALE,1718110671,S10,20240611
S10/20240611/00014,5,P108216,3,69.70,SALE,1718110671,S10,20240611
S10/20240611/00014,6,DISC,1,-99.70,DISCOUNT,1718110671,S10,20240611
S10/20240611/00014,7,TAX,1,554.18,TAX,1718110671,S10,20240611
S10/20240611/00014,8,TENDER,1,5223.94,TENDER,1718110671,S10,20240611
S10/20240611/00015,1,P104097,3,319.17,SALE,1718112492,S10,20240611
S10/20240611/00015,2,P102375,1,487.64,SALE,1718112492,S10,20240611
S10/20240611/00015,3,P100855,1,345.07,SALE,1718112492,S10,20240611
S10/20240611/00015,4,DISC,1,-132.05,DISCOUNT,1718112492,S10,20240611
S10/20240611/00015,5,TAX,1,245.26,TAX,1718112492,S10,20240611
S10/20240611/00015,6,TENDER,1,1903.43,TENDER,1718112492,S10,20240611
S10/20240611/00016,1,P105845,3,104.71,SALE,1718128651,S10,20240611
S10/20240611/00016,2,P103035,1,1201.33,SALE,1718128651,S10,20240611
S10/20240611/00016,3,P103068,4,151.27,SALE,1718128651,S10,20240611
S10/20240611/00016,4,TAX,1,146.86,TAX,1718128651,S10,20240611
S10/20240611/00016,5,TENDER,1,2267.40,TENDER,1718128651,S10,20240611
S10/20240611/00017,1,P104133,3,248.31,SALE,1718145737,S10,20240611
S10/20240611/00017,2,P105988,2,29.57,SALE,1718145737,S10,20240611
S10/20240611/00017,3,P105747,2,287.56,SALE,1718145737,S10,20240611
S10/20240611/00017,4,P104891,2,692.46,SALE,1718145737,S10,20240611
S10/20240611/00017,5,TAX,1,272.67,TAX,1718145737,S10,20240611
S10/20240611/00017,6,TENDER,1,3036.78,TENDER,1718145737,S10,20240611
S10/20240611/00018,1,P103833,5,1136.81,SALE,1718111803,S10,20240611
S10/20240611/00018,2,TAX,1,284.20,TAX,1718111803,S10,20240611
S10/20240611/00018,3,TENDER,1,5968.25,TENDER,1718111803,S10,20240611
S10/20240611/00019,1,P103871,-1,196.47,RETURN,1718120585,S10,20240611
S10/20240611/00019,2,P102054,-2,133.39,RETURN,1718120585,S10,20240611
S10/20240611/00019,3,P103766,-3,191.95,RETURN,1718120585,S10,20240611
S10/20240611/00019,4,TAX,1,-51.95,TAX,1718120585,S10,20240611
S10/20240611/00019,5,TENDER,1,-1091.05,TENDER,1718120585,S10,20240611
S10/20240611/00020,1,P106907,1,321.26,SALE,1718113415,S10,20240611
S10/20240611/00020,2,P106865,2,299.72,SALE,1718113415,S10,20240611
S10/20240611/00020,3,P103896,1,200.95,SALE,1718113415,S10,20240611
S10/20240611/00020,4,P101789,1,336.02,SALE,1718113415,S10,20240611
S10/20240611/00020,5,P102640,1,241.34,SALE,1718113415,S10,20240611
S10/20240611/00020,6,P105729,2,68.08,SALE,1718113415,S10,20240611
S10/20240611/00020,7,P104739,2,172.21,SALE,1718113415,S10,20240611
S10/20240611/00020,8,P105965,2,61.37,SALE,1718113415,S10,20240611
S10/20240611/00020,9,P105050,1,103.36,SALE,1718113415,S10,20240611
S10/20240611/00020,10,P102581,1,189.36,SALE,1718113415,S10,20240611
S10/20240611/00020,11,P105562,1,422.85,SALE,1718113415,S10,20240611
S10/20240611/00020,12,TAX,1,387.70,TAX,1718113415,S10,20240611
S10/20240611/00020,13,TENDER,1,3405.60,TENDER,1718113415,S10,20240611
S10/20240611/00021,1,P104658,2,73.05,SALE,1718124001,S10,20240611
S10/20240611/00021,2,P105418,2,243.05,SALE,1718124001,S10,20240611
S10/20240611/00021,3,P101117,2,203.24,SALE,1718124001,S10,20240611
S10/20240611/00021,4,P103452,3,1033.70,SALE,1718124001,S10,20240611
S10/20240611/00021,5,P101923,3,484.95,SALE,1718124001,S10,20240611
S10/20240611/00021,6,TAX,1,511.73,TAX,1718124001,S10,20240611
S10/20240611/00021,7,TENDER,1,6106.36,TENDER,1718124001,S10,20240611
S10/20240611/00022,1,P103964,1,134.21,SALE,1718106621,S10,20240611
S10/20240611/00022,2,P103542,1,398.89,SALE,1718106621,S10,20240611
S10/20240611/00022,3,P108247,5,242.95,SALE,1718106621,S10,20240611
S10/20240611/00022,4,P107630,3,290.66,SALE,1718106621,S10,20240611
S10/20240611/00022,5,P100956,1,421.98,SALE,1718106621,S10,20240611
S10/20240611/00022,6,P104236,2,289.43,SALE,1718106621,S10,20240611
S10/20240611/00022,7,P104270,2,1036.53,SALE,1718106621,S10,20240611
S10/20240611/00022,8,TAX,1,659.14,TAX,1718106621,S10,20240611
S10/20240611/00022,9,TENDER,1,6352.87,TENDER,1718106621,S10,20240611
S10/20240611/00023,1,P107119,3,16.65,SALE,1718133082,S10,20240611
S10/20240611/00023,2,P108397,2,286.03,SALE,1718133082,S10,20240611
S10/20240611/00023,3,P106757,1,387.50,SALE,1718133082,S10,20240611
S10/20240611/00023,4,P101876,2,71.32,SALE,1718133082,S10,20240611
S10/20240611/00023,5,P102122,3,126.23,SALE,1718133082,S10,20240611
S10/20240611/00023,6,DISC,1,-98.24,DISCOUNT,1718133082,S10,20240611
S10/20240611/00023,7,TAX,1,161.25,TAX,1718133082,S10,20240611
S10/20240611/00023,8,TENDER,1,1593.85,TENDER,1718133082,S10,20240611
S10/20240611/00024,1,P107708,1,163.95,SALE,1718118755,S10,20240611
S10/20240611/00024,2,P100967,2,1052.07,SALE,1718118755,S10,20240611
S10/20240611/00024,3,P107715,2,241.95,SALE,1718118755,S10,20240611
S10/20240611/00024,4,TAX,1,339.60,TAX,1718118755,S10,20240611
S10/20240611/00024,5,TENDER,1,3091.59,TENDER,1718118755,S10,20240611
S10/20240611/00025,1,P104072,1,708.34,SALE,1718129087,S10,20240611
S10/20240611/00025,2,P101263,1,604.45,SALE,1718129087,S10,20240611
S10/20240611/00025,3,P106072,3,78.69,SALE,1718129087,S10,20240611
S10/20240611/00025,4,P106059,3,317.68,SALE,1718129087,S10,20240611
S10/20240611/00025,5,P102724,2,374.89,SALE,1718129087,S10,20240611
S10/20240611/00025,6,P103202,1,262.07,SALE,1718129087,S10,20240611
S10/20240611/00025,7,DISC,1,-400.07,DISCOUNT,1718129087,S10,20240611
S10/20240611/00025,8,TAX,1,452.38,TAX,1718129087,S10,20240611
S10/20240611/00025,9,TENDER,1,3566.06,TENDER,1718129087,S10,20240611
S10/20240611/00026,1,P107327,3,1146.95,SALE,1718111071,S10,20240611
S10/20240611/00026,2,P106501,2,165.98,SALE,1718111071,S10,20240611
S10/20240611/00026,3,P106776,2,404.48,SALE,1718111071,S10,20240611
S10/20240611/00026,4,TAX,1,100.20,TAX,1718111071,S10,20240611
S10/20240611/00026,5,TENDER,1,4681.97,TENDER,1718111071,S10,20240611
S10/20240611/00027,1,P104417,2,322.95,SALE,1718132610,S10,20240611
S10/20240611/00027,2,P104688,3,178.09,SALE,1718132610,S10,20240611
S10/20240611/00027,3,P100135,1,63.52,SALE,1718132610,S10,20240611
S10/20240611/00027,4,P104739,2,172.21,SALE,1718132610,S10,20240611
S10/20240611/00027,5,P102045,1,21.31,SALE,1718132610,S10,20240611
S10/20240611/00027,6,P104266,1,386.95,SALE,1718132610,S10,20240611
S10/20240611/00027,7,TAX,1,242.88,TAX,1718132610,S10,20240611
S10/20240611/00027,8,TENDER,1,2239.25,TENDER,1718132610,S10,20240611
S10/20240611/00028,1,P107646,3,207.17,SALE,1718109081,S10,20240611
S10/20240611/00028,2,P106330,2,199.12,SALE,1718109081,S10,20240611
S10/20240611/00028,3,P101018,2,136.50,SALE,1718109081,S10,20240611
S10/20240611/00028,4,P104194,2,119.04,SALE,1718109081,S10,20240611
S10/20240611/00028,5,DISC,1,-113.26,DISCOUNT,1718109081,S10,20240611
S10/20240611/00028,6,TAX,1,134.84,TAX,1718109081,S10,20240611
S10/20240611/00028,7,TENDER,1,1552.41,TENDER,1718109081,S10,20240611
S10/20240611/00029,1,P103050,2,569.48,SALE,1718132424,S10,20240611
S10/20240611/00029,2,P105164,3,216.12,SALE,1718132424,S10,20240611
S10/20240611/00029,3,P108008,3,128.46,SALE,1718132424,S10,20240611
S10/20240611/00029,4,TAX,1,69.37,TAX,1718132424,S10,20240611
S10/20240611/00029,5,TENDER,1,2242.07,TENDER,1718132424,S10,20240611
S10/20240611/00030,1,P103487,2,353.08,SALE,1718113884,S10,20240611
S10/20240611/00030,2,P106566,2,229.43,SALE,1718113884,S10,20240611
S10/20240611/00030,3,P102947,2,59.21,SALE,1718113884,S10,20240611
S10/20240611/00030,4,P106405,3,38.72,SALE,1718113884,S10,20240611
S10/20240611/00030,5,P103504,1,361.87,SALE,1718113884,S10,20240611
S10/20240611/00030,6,TAX,1,231.67,TAX,1718113884,S10,20240611
S10/20240611/00030,7,TENDER,1,1993.14,TENDER,1718113884,S10,20240611
S10/20240611/00031,1,P100816,-5,806.93,RETURN,1718103892,S10,20240611
S10/20240611/00031,2,P103712,-2,481.86,RETURN,1718103892,S10,20240611
S10/20240611/00031,3,P100469,-1,49.80,RETURN,1718103892,S10,20240611
S10/20240611/00031,4,P104251,-1,79.68,RETURN,1718103892,S10,20240611
S10/20240611/00031,5,TAX,1,-616.64,TAX,1718103892,S10,20240611
S10/20240611/00031,6,TENDER,1,-5744.49,TENDER,1718103892,S10,20240611
S10/20240611/00032,1,P106891,-1,642.78,RETURN,1718131066,S10,20240611
S10/20240611/00032,2,P107589,-2,266.18,RETURN,1718131066,S10,20240611
S10/20240611/00032,3,P107047,-3,413.27,RETURN,1718131066,S10,20240611
S10/20240611/00032,4,P103757,-3,147.98,RETURN,1718131066,S10,20240611
S10/20240611/00032,5,P107178,-2,287.34,RETURN,1718131066,S10,20240611
S10/20240611/00032,6,P103777,-2,44.82,RETURN,1718131066,S10,20240611
S10/20240611/00032,7,P102664,-1,256.95,RETURN,1718131066,S10,20240611
S10/20240611/00032,8,TAX,1,-418.63,TAX,1718131066,S10,20240611
S10/20240611/00032,9,TENDER,1,-4198.79,TENDER,1718131066,S10,20240611
S10/20240611/00033,1,P103934,1,260.38,SALE,1718124128,S10,20240611
S10/20240611/00033,2,P105819,3,66.64,SALE,1718124128,S10,20240611
S10/20240611/00033,3,P102445,1,29.80,SALE,1718124128,S10,20240611
S10/20240611/00033,4,P106907,4,321.26,SALE,1718124128,S10,20240611
S10/20240611/00033,5,P100112,1,91.95,SALE,1718124128,S10,20240611
S10/20240611/00033,6,P107089,3,208.16,SALE,1718124128,S10,20240611
S10/20240611/00033,7,TAX,1,135.99,TAX,1718124128,S10,20240611
S10/20240611/00033,8,TENDER,1,2627.56,TENDER,1718124128,S10,20240611
S10/20240611/00034,1,P104285,3,639.46,SALE,1718116034,S10,20240611
S10/20240611/00034,2,P101710,3,307.38,SALE,1718116034,S10,20240611
S10/20240611/00034,3,P105377,3,262.95,SALE,1718116034,S10,20240611
S10/20240611/00034,4,TAX,1,301.24,TAX,1718116034,S10,20240611
S10/20240611/00034,5,TENDER,1,3930.61,TENDER,1718116034,S10,20240611
S10/20240611/00035,1,P102311,3,284.95,SALE,1718113521,S10,20240611
S10/20240611/00035,2,P101547,1,62.01,SALE,1718113521,S10,20240611
S10/20240611/00035,3,P107089,2,208.16,SALE,1718113521,S10,20240611
S10/20240611/00035,4,P103606,2,181.69,SALE,1718113521,S10,20240611
S10/20240611/00035,5,TAX,1,84.83,TAX,1718113521,S10,20240611
S10/20240611/00035,6,TENDER,1,1781.39,TENDER,1718113521,S10,20240611
S10/20240611/00036,1,P106553,5,139.74,SALE,1718107762,S10,20240611
S10/20240611/00036,2,P104844,3,553.13,SALE,1718107762,S10,20240611
S10/20240611/00036,3,P102598,2,132.95,SALE,1718107762,S10,20240611
S10/20240611/00036,4,P105651,2,110.95,SALE,1718107762,S10,20240611
S10/20240611/00036,5,P106027,4,1436.61,SALE,1718107762,S10,20240611
S10/20240611/00036,6,TAX,1,248.68,TAX,1718107762,S10,20240611
S10/20240611/00036,7,TENDER,1,8841.01,TENDER,1718107762,S10,20240611
S10/20240611/00037,1,P102510,1,35.56,SALE,1718129917,S10,20240611
S10/20240611/00037,2,P106639,2,415.94,SALE,1718129917,S10,20240611
S10/20240611/00037,3,P102835,2,101.19,SALE,1718129917,S10,20240611
S10/20240611/00037,4,P104933,3,560.59,SALE,1718129917,S10,20240611
S10/20240611/00037,5,P104858,1,297.94,SALE,1718129917,S10,20240611
S10/20240611/00037,6,TAX,1,466.85,TAX,1718129917,S10,20240611
S10/20240611/00037,7,TENDER,1,3516.38,TENDER,1718129917,S10,20240611
S10/20240612/00001,1,P106830,1,103.94,SALE,1718203085,S10,20240612
S10/20240612/00001,2,P104606,1,90.58,SALE,1718203085,S10,20240612
S10/20240612/00001,3,P100850,1,166.95,SALE,1718203085,S10,20240612
S10/20240612/00001,4,P106115,2,128.36,SALE,1718203085,S10,20240612
S10/20240612/00001,5,P100250,3,544.91,SALE,1718203085,S10,20240612
S10/20240612/00001,6,P105209,5,399.92,SALE,1718203085,S10,20240612
S10/20240612/00001,7,TAX,1,537.49,TAX,1718203085,S10,20240612
S10/20240612/00001,8,TENDER,1,4790.01,TENDER,1718203085,S10,20240612
S10/20240612/00002,1,P106735,2,320.99,SALE,1718187337,S10,20240612
S10/20240612/00002,2,P108082,1,236.40,SALE,1718187337,S10,20240612
S10/20240612/00002,3,P106239,1,803.36,SALE,1718187337,S10,20240612
S10/20240612/00002,4,P103958,4,30.95,SALE,1718187337,S10,20240612
S10/20240612/00002,5,P104827,1,168.97,SALE,1718187337,S10,20240612
S10/20240612/00002,6,TAX,1,180.39,TAX,1718187337,S10,20240612
S10/20240612/00002,7,TENDER,1,2154.90,TENDER,1718187337,S10,20240612
S10/20240612/00003,1,P101064,1,33.84,SALE,1718213065,S10,20240612
S10/20240612/00003,2,P105624,2,380.06,SALE,1718213065,S10,20240612
S10/20240612/00003,3,P107197,2,669.72,SALE,1718213065,S10,20240612
S10/20240612/00003,4,P100255,1,1250.31,SALE,1718213065,S10,20240612
S10/20240612/00003,5,TAX,1,347.71,TAX,1718213065,S10,20240612
S10/20240612/00003,6,TENDER,1,3731.42,TENDER,1718213065,S10,20240612
S10/20240612/00004,1,P103682,1,372.67,SALE,1718228773,S10,20240612
S10/20240612/00004,2,P106317,1,485.55,SALE,1718228773,S10,20240612
S10/20240612/00004,3,P100375,1,163.45,SALE,1718228773,S10,20240612
S10/20240612/00004,4,P100869,4,62.15,SALE,1718228773,S10,20240612
S10/20240612/00004,5,TAX,1,163.35,TAX,1718228773,S10,20240612
S10/20240612/00004,6,TENDER,1,1433.62,TENDER,1718228773,S10,20240612
S10/20240612/00005,1,P107495,2,387.50,SALE,1718211282,S10,20240612
S10/20240612/00005,2,P106592,2,738.06,SALE,1718211282,S10,20240612
S10/20240612/00005,3,P103340,1,466.84,SALE,1718211282,S10,20240612
S10/20240612/00005,4,P101564,1,155.83,SALE,1718211282,S10,20240612
S10/20240612/00005,5,P100810,3,200.65,SALE,1718211282,S10,20240612
S10/20240612/00005,6,P100019,3,64.89,SALE,1718211282,S10,20240612
S10/20240612/00005,7,TAX,1,344.02,TAX,1718211282,S10,20240612
S10/20240612/00005,8,TENDER,1,4014.43,TENDER,1718211282,S10,20240612
S10/20240612/00006,1,P104361,3,1350.95,SALE,1718204244,S10,20240612
S10/20240612/00006,2,P106367,3,650.25,SALE,1718204244,S10,20240612
S10/20240612/00006,3,P103340,2,466.84,SALE,1718204244,S10,20240612
S10/20240612/00006,4,P106382,4,81.60,SALE,1718204244,S10,20240612
S10/20240612/00006,5,P102636,3,114.77,SALE,1718204244,S10,20240612
S10/20240612/00006,6,TAX,1,769.16,TAX,1718204244,S10,20240612
S10/20240612/00006,7,TENDER,1,8377.15,TENDER,1718204244,S10,20240612
S10/20240612/00007,1,P107089,3,208.16,SALE,1718220782,S10,20240612
S10/20240612/00007,2,P102640,4,241.34,SALE,1718220782,S10,20240612
S10/20240612/00007,3,P105740,2,103.24,SALE,1718220782,S10,20240612
S10/20240612/00007,4,P107581,2,243.81,SALE,1718220782,S10,20240612
S10/20240612/00007,5,P103816,1,209.63,SALE,1718220782,S10,20240612
S10/20240612/00007,6,TAX,1,338.40,TAX,1718220782,S10,20240612
S10/20240612/00007,7,TENDER,1,2831.97,TENDER,1718220782,S10,20240612
S10/20240612/00008,1,P102788,2,871.07,SALE,1718204664,S10,20240612
S10/20240612/00008,2,P100140,2,62.18,SALE,1718204664,S10,20240612
S10/20240612/00008,3,P107759,2,229.95,SALE,1718204664,S10,20240612
S10/20240612/00008,4,P102954,5,122.32,SALE,1718204664,S10,20240612
S10/20240612/00008,5,P106891,2,642.78,SALE,1718204664,S10,20240612
S10/20240612/00008,6,TAX,1,247.16,TAX,1718204664,S10,20240612
S10/20240612/00008,7,TENDER,1,4470.72,TENDER,1718204664,S10,20240612
S10/20240612/00009,1,P105575,3,475.41,SALE,1718205608,S10,20240612
S10/20240612/00009,2,P106048,2,310.59,SALE,1718205608,S10,20240612
S10/20240612/00009,3,P100819,1,1203.94,SALE,1718205608,S10,20240612
S10/20240612/00009,4,P105575,-3,475.41,VOID,1718205608,S10,20240612
S10/20240612/00009,5,P106048,-2,310.59,VOID,1718205608,S10,20240612
S10/20240612/00009,6,P100819,-1,1203.94,VOID,1718205608,S10,20240612
S10/20240612/00009,7,TAX,1,0.00,TAX,1718205608,S10,20240612
S10/20240612/00009,8,TENDER,1,0.00,TENDER,1718205608,S10,20240612
S10/20240612/00010,1,P107012,3,95.90,SALE,1718200377,S10,20240612
S10/20240612/00010,2,P108356,1,206.87,SALE,1718200377,S10,20240612
S10/20240612/00010,3,P102263,3,116.79,SALE,1718200377,S10,20240612
S10/20240612/00010,4,TAX,1,81.25,TAX,1718200377,S10,20240612
S10/20240612/00010,5,TENDER,1,926.19,TENDER,1718200377,S10,20240612
S10/20240612/00011,1,P103168,2,923.59,SALE,1718210797,S10,20240612
S10/20240612/00011,2,P103806,2,305.95,SALE,1718210797,S10,20240612
S10/20240612/00011,3,P100164,2,593.34,SALE,1718210797,S10,20240612
S10/20240612/00011,4,P104242,1,275.95,SALE,1718210797,S10,20240612
S10/20240612/00011,5,TAX,1,468.38,TAX,1718210797,S10,20240612
S10/20240612/00011,6,TENDER,1,4390.09,TENDER,1718210797,S10,20240612
S10/20240612/00012,1,P101968,3,9.95,SALE,1718199388,S10,20240612
S10/20240612/00012,2,P105541,1,201.95,SALE,1718199388,S10,20240612
S10/20240612/00012,3,P107110,1,78.35,SALE,1718199388,S10,20240612
S10/20240612/00012,4,TAX,1,55.83,TAX,1718199388,S10,20240612
S10/20240612/00012,5,TENDER,1,365.98,TENDER,1718199388,S10,20240612
S10/20240612/00013,1,P108041,2,368.87,SALE,1718211568,S10,20240612
S10/20240612/00013,2,P106004,2,137.38,SALE,1718211568,S10,20240612
S10/20240612/00013,3,P101564,2,155.83,SALE,1718211568,S10,20240612
S10/20240612/00013,4,P107597,2,519.83,SALE,1718211568,S10,20240612
S10/20240612/00013,5,P100239,2,352.95,SALE,1718211568,S10,20240612
S10/20240612/00013,6,P103510,3,183.91,SALE,1718211568,S10,20240612
S10/20240612/00013,7,TAX,1,322.64,TAX,1718211568,S10,20240612
S10/20240612/00013,8,TENDER,1,3944.09,TENDER,1718211568,S10,20240612
S10/20240612/00014,1,P102280,3,611.53,SALE,1718215366,S10,20240612
S10/20240612/00014,2,TAX,1,330.23,TAX,1718215366,S10,20240612
S10/20240612/00014,3,TENDER,1,2164.82,TENDER,1718215366,S10,20240612
S10/20240612/00015,1,P103294,2,69.64,SALE,1718186965,S10,20240612
S10/20240612/00015,2,P104302,1,1205.95,SALE,1718186965,S10,20240612
S10/20240612/00015,3,TAX,1,151.68,TAX,1718186965,S10,20240612
S10/20240612/00015,4,TENDER,1,1496.91,TENDER,1718186965,S10,20240612
S10/20240612/00016,1,P103340,3,466.84,SALE,1718200374,S10,20240612
S10/20240612/00016,2,P105918,1,294.44,SALE,1718200374,S10,20240612
S10/20240612/00016,3,P103281,2,163.32,SALE,1718200374,S10,20240612
S10/20240612/00016,4,P100536,2,471.52,SALE,1718200374,S10,20240612
S10/20240612/00016,5,P108356,1,206.87,SALE,1718200374,S10,20240612
S10/20240612/00016,6,TAX,1,558.46,TAX,1718200374,S10,20240612
S10/20240612/00016,7,TENDER,1,3729.97,TENDER,1718200374,S10,20240612
S10/20240612/00017,1,P101332,1,400.98,SALE,1718217721,S10,20240612
S10/20240612/00017,2,P101248,1,497.50,SALE,1718217721,S10,20240612
S10/20240612/00017,3,TAX,1,161.73,TAX,1718217721,S10,20240612
S10/20240612/00017,4,TENDER,1,1060.21,TENDER,1718217721,S10,20240612
S10/20240612/00018,1,P104361,3,1350.95,SALE,1718203882,S10,20240612
S10/20240612/00018,2,P104715,2,152.16,SALE,1718203882,S10,20240612
S10/20240612/00018,3,P102695,1,1259.21,SALE,1718203882,S10,20240612
S10/20240612/00018,4,P100479,2,342.53,SALE,1718203882,S10,20240612
S10/20240612/00018,5,P104718,2,364.54,SALE,1718203882,S10,20240612
S10/20240612/00018,6,P104544,2,93.89,SALE,1718203882,S10,20240612
S10/20240612/00018,7,TAX,1,871.31,TAX,1718203882,S10,20240612
S10/20240612/00018,8,TENDER,1,8089.61,TENDER,1718203882,S10,20240612
S10/20240612/00019,1,P107246,1,313.74,SALE,1718197617,S10,20240612
S10/20240612/00019,2,P106958,2,120.44,SALE,1718197617,S10,20240612
S10/20240612/00019,3,P106807,2,322.15,SALE,1718197617,S10,20240612
S10/20240612/00019,4,P103090,4,805.95,SALE,1718197617,S10,20240612
S10/20240612/00019,5,P105209,4,399.92,SALE,1718197617,S10,20240612
S10/20240612/00019,6,P100761,3,51.26,SALE,1718197617,S10,20240612
S10/20240612/00019,7,TAX,1,672.63,TAX,1718197617,S10,20240612
S10/20240612/00019,8,TENDER,1,6848.81,TENDER,1718197617,S10,20240612
S10/20240612/00020,1,P101825,3,170.97,SALE,1718196490,S10,20240612
S10/20240612/00020,2,P105789,3,42.75,SALE,1718196490,S10,20240612
S10/20240612/00020,3,P108026,3,103.54,SALE,1718196490,S10,20240612
S10/20240612/00020,4,TAX,1,104.64,TAX,1718196490,S10,20240612
S10/20240612/00020,5,TENDER,1,1056.42,TENDER,1718196490,S10,20240612
S10/20240612/00021,1,P102640,4,241.34,SALE,1718211851,S10,20240612
S10/20240612/00021,2,P106207,3,459.95,SALE,1718211851,S10,20240612
S10/20240612/00021,3,P100268,1,197.00,SALE,1718211851,S10,20240612
S10/20240612/00021,4,TAX,1,431.99,TAX,1718211851,S10,20240612
S10/20240612/00021,5,TENDER,1,2974.20,TENDER,1718211851,S10,20240612
S10/20240612/00022,1,P102714,2,80.41,SALE,1718214267,S10,20240612
S10/20240612/00022,2,P100135,2,63.52,SALE,1718214267,S10,20240612
S10/20240612/00022,3,P104637,3,294.49,SALE,1718214267,S10,20240612
S10/20240612/00022,4,P106426,1,149.87,SALE,1718214267,S10,20240612
S10/20240612/00022,5,P100387,1,104.82,SALE,1718214267,S10,20240612
S10/20240612/00022,6,TAX,1,163.88,TAX,1718214267,S10,20240612
S10/20240612/00022,7,TENDER,1,1589.90,TENDER,1718214267,S10,20240612
S10/20240612/00023,1,P106415,2,911.99,SALE,1718209688,S10,20240612
S10/20240612/00023,2,P106009,2,372.60,SALE,1718209688,S10,20240612
S10/20240612/00023,3,P104938,2,999.94,SALE,1718209688,S10,20240612
S10/20240612/00023,4,P104294,4,115.73,SALE,1718209688,S10,20240612
S10/20240612/00023,5,P105069,2,162.60,SALE,1718209688,S10,20240612
S10/20240612/00023,6,P107903,1,22.86,SALE,1718209688,S10,20240612
S10/20240612/00023,7,TAX,1,666.49,TAX,1718209688,S10,20240612
S10/20240612/00023,8,TENDER,1,6046.53,TENDER,1718209688,S10,20240612
S10/20240612/00024,1,P107708,3,163.95,SALE,1718209848,S10,20240612
S10/20240612/00024,2,P105603,3,202.29,SALE,1718209848,S10,20240612
S10/20240612/00024,3,P101710,3,307.38,SALE,1718209848,S10,20240612
S10/20240612/00024,4,P103438,3,187.96,SALE,1718209848,S10,20240612
S10/20240612/00024,5,P100528,1,623.32,SALE,1718209848,S10,20240612
S10/20240612/00024,6,P103563,2,21.95,SALE,1718209848,S10,20240612
S10/20240612/00024,7,TAX,1,255.99,TAX,1718209848,S10,20240612
S10/20240612/00024,8,TENDER,1,3507.95,TENDER,1718209848,S10,20240612
S10/20240612/00025,1,P106745,3,564.66,SALE,1718226637,S10,20240612
S10/20240612/00025,2,P102103,2,345.70,SALE,1718226637,S10,20240612
S10/20240612/00025,3,P105009,2,65.38,SALE,1718226637,S10,20240612
S10/20240612/00025,4,P107597,5,519.83,SALE,1718226637,S10,20240612
S10/20240612/00025,5,P105405,2,430.78,SALE,1718226637,S10,20240612
S10/20240612/00025,6,P100019,2,64.89,SALE,1718226637,S10,20240612
S10/20240612/00025,7,P107190,1,223.50,SALE,1718226637,S10,20240612
S10/20240612/00025,8,P106911,1,232.77,SALE,1718226637,S10,20240612
S10/20240612/00025,9,P100044,2,737.05,SALE,1718226637,S10,20240612
S10/20240612/00025,10,TAX,1,866.42,TAX,1718226637,S10,20240612
S10/20240612/00025,11,TENDER,1,8903.42,TENDER,1718226637,S10,20240612
S10/20240612/00026,1,P106679,2,181.66,SALE,1718212365,S10,20240612
S10/20240612/00026,2,P104858,2,297.94,SALE,1718212365,S10,20240612
S10/20240612/00026,3,P103616,2,621.95,SALE,1718212365,S10,20240612
S10/20240612/00026,4,P105155,1,317.12,SALE,1718212365,S10,20240612
S10/20240612/00026,5,P107890,2,133.07,SALE,1718212365,S10,20240612
S10/20240612/00026,6,P100560,3,176.85,SALE,1718212365,S10,20240612
S10/20240612/00026,7,TAX,1,226.53,TAX,1718212365,S10,20240612
S10/20240612/00026,8,TENDER,1,3543.44,TENDER,1718212365,S10,20240612
S10/20240612/00027,1,P105106,4,98.60,SALE,1718203203,S10,20240612
S10/20240612/00027,2,P101156,1,91.80,SALE,1718203203,S10,20240612
S10/20240612/00027,3,P104718,3,364.54,SALE,1718203203,S10,20240612
S10/20240612/00027,4,P105929,3,11.18,SALE,1718203203,S10,20240612
S10/20240612/00027,5,P106084,1,592.14,SALE,1718203203,S10,20240612
S10/20240612/00027,6,P100899,1,131.46,SALE,1718203203,S10,20240612
S10/20240612/00027,7,TAX,1,242.46,TAX,1718203203,S10,20240612
S10/20240612/00027,8,TENDER,1,2579.42,TENDER,1718203203,S10,20240612
S10/20240612/00028,1,P100632,1,331.55,SALE,1718212284,S10,20240612
S10/20240612/00028,2,P105643,2,1294.23,SALE,1718212284,S10,20240612
S10/20240612/00028,3,P100899,3,131.46,SALE,1718212284,S10,20240612
S10/20240612/00028,4,P102636,2,114.77,SALE,1718212284,S10,20240612
S10/20240612/00028,5,DISC,1,-255.05,DISCOUNT,1718212284,S10,20240612
S10/20240612/00028,6,TAX,1,66.04,TAX,1718212284,S10,20240612
S10/20240612/00028,7,TENDER,1,3354.92,TENDER,1718212284,S10,20240612
S10/20240612/00029,1,P106611,1,341.44,SALE,1718194772,S10,20240612
S10/20240612/00029,2,P100921,4,441.43,SALE,1718194772,S10,20240612
S10/20240612/00029,3,P102166,4,52.54,SALE,1718194772,S10,20240612
S10/20240612/00029,4,P102129,2,252.76,SALE,1718194772,S10,20240612
S10/20240612/00029,5,P102520,2,634.57,SALE,1718194772,S10,20240612
S10/20240612/00029,6,P101796,1,990.67,SALE,1718194772,S10,20240612
S10/20240612/00029,7,P104194,1,119.04,SALE,1718194772,S10,20240612
S10/20240612/00029,8,P105624,4,380.06,SALE,1718194772,S10,20240612
S10/20240612/00029,9,P108026,2,103.54,SALE,1718194772,S10,20240612
S10/20240612/00029,10,DISC,1,-602.81,DISCOUNT,1718194772,S10,20240612
S10/20240612/00029,11,TAX,1,611.36,TAX,1718194772,S10,20240612
S10/20240612/00029,12,TENDER,1,6937.56,TENDER,1718194772,S10,20240612
S10/20240612/00030,1,P103397,1,371.02,SALE,1718223499,S10,20240612
S10/20240612/00030,2,P105677,1,89.95,SALE,1718223499,S10,20240612
S10/20240612/00030,3,P104139,3,202.92,SALE,1718223499,S10,20240612
S10/20240612/00030,4,TAX,1,16.19,TAX,1718223499,S10,20240612
S10/20240612/00030,5,TENDER,1,1085.92,TENDER,1718223499,S10,20240612
S10/20240612/00031,1,P107623,3,442.34,SALE,1718211191,S10,20240612
S10/20240612/00031,2,P101894,3,662.70,SALE,1718211191,S10,20240612
S10/20240612/00031,3,P100394,5,320.36,SALE,1718211191,S10,20240612
S10/20240612/00031,4,P101949,3,788.91,SALE,1718211191,S10,20240612
S10/20240612/00031,5,TAX,1,787.99,TAX,1718211191,S10,20240612
S10/20240612/00031,6,TENDER,1,8071.64,TENDER,1718211191,S10,20240612
S10/20240612/00032,1,P102103,2,345.70,SALE,1718213894,S10,20240612
S10/20240612/00032,2,P107952,4,1852.40,SALE,1718213894,S10,20240612
S10/20240612/00032,3,P101702,3,491.39,SALE,1718213894,S10,20240612
S10/20240612/00032,4,P106629,2,52.08,SALE,1718213894,S10,20240612
S10/20240612/00032,5,P101842,4,210.53,SALE,1718213894,S10,20240612
S10/20240612/00032,6,TAX,1,450.66,TAX,1718213894,S10,20240612
S10/20240612/00032,7,TENDER,1,10972.11,TENDER,1718213894,S10,20240612
S10/20240612/00033,1,P102236,1,928.51,SALE,1718225692,S10,20240612
S10/20240612/00033,2,P105384,3,300.95,SALE,1718225692,S10,20240612
S10/20240612/00033,3,P107822,2,68.95,SALE,1718225692,S10,20240612
S10/20240612/00033,4,P101599,4,417.76,SALE,1718225692,S10,20240612
S10/20240612/00033,5,TAX,1,480.38,TAX,1718225692,S10,20240612
S10/20240612/00033,6,TENDER,1,4120.68,TENDER,1718225692,S10,20240612
S10/20240612/00034,1,P101037,2,537.96,SALE,1718212775,S10,20240612
S10/20240612/00034,2,P103904,2,1081.09,SALE,1718212775,S10,20240612
S10/20240612/00034,3,P104133,2,248.31,SALE,1718212775,S10,20240612
S10/20240612/00034,4,P104858,2,297.94,SALE,1718212775,S10,20240612
S10/20240612/00034,5,TAX,1,373.28,TAX,1718212775,S10,20240612
S10/20240612/00034,6,TENDER,1,4703.88,TENDER,1718212775,S10,20240612
S10/20240612/00035,1,P101410,2,798.18,SALE,1718215941,S10,20240612
S10/20240612/00035,2,P106244,1,73.94,SALE,1718215941,S10,20240612
S10/20240612/00035,3,TAX,1,200.44,TAX,1718215941,S10,20240612
S10/20240612/00035,4,TENDER,1,1870.74,TENDER,1718215941,S10,20240612
S10/20240612/00036,1,P101656,2,262.95,SALE,1718227315,S10,20240612
S10/20240612/00036,2,P105805,1,111.39,SALE,1718227315,S10,20240612
S10/20240612/00036,3,P107884,2,29.77,SALE,1718227315,S10,20240612
S10/20240612/00036,4,TAX,1,73.83,TAX,1718227315,S10,20240612
S10/20240612/00036,5,TENDER,1,770.66,TENDER,1718227315,S10,20240612
S10/20240612/00037,1,P107472,4,60.81,SALE,1718221110,S10,20240612
S10/20240612/00037,2,P106563,2,426.95,SALE,1718221110,S10,20240612
S10/20240612/00037,3,P108191,1,309.71,SALE,1718221110,S10,20240612
S10/20240612/00037,4,P100057,1,215.95,SALE,1718221110,S10,20240612
S10/20240612/00037,5,P102305,2,116.95,SALE,1718221110,S10,20240612
S10/20240612/00037,6,P103090,3,805.95,SALE,1718221110,S10,20240612
S10/20240612/00037,7,TAX,1,304.99,TAX,1718221110,S10,20240612
S10/20240612/00037,8,TENDER,1,4579.54,TENDER,1718221110,S10,20240612
S10/20240612/00038,1,P101201,2,45.00,SALE,1718222504,S10,20240612
S10/20240612/00038,2,P101465,1,550.58,SALE,1718222504,S10,20240612
S10/20240612/00038,3,P104058,2,351.54,SALE,1718222504,S10,20240612
S10/20240612/00038,4,P101444,1,834.95,SALE,1718222504,S10,20240612
S10/20240612/00038,5,P101134,5,1071.76,SALE,1718222504,S10,20240612
S10/20240612/00038,6,P102375,2,487.64,SALE,1718222504,S10,20240612
S10/20240612/00038,7,P106207,1,459.95,SALE,1718222504,S10,20240612
S10/20240612/00038,8,P102735,1,517.39,SALE,1718222504,S10,20240612
S10/20240612/00038,9,TAX,1,623.38,TAX,1718222504,S10,20240612
S10/20240612/00038,10,TENDER,1,10113.41,TENDER,1718222504,S10,20240612
S10/20240612/00039,1,P100233,2,67.07,SALE,1718213504,S10,20240612
S10/20240612/00039,2,P102695,4,1259.21,SALE,1718213504,S10,20240612
S10/20240612/00039,3,P108125,4,129.06,SALE,1718213504,S10,20240612
S10/20240612/00039,4,TAX,1,611.13,TAX,1718213504,S10,20240612
S10/20240612/00039,5,TENDER,1,6298.35,TENDER,1718213504,S10,20240612
S10/20240612/00040,1,P104544,1,93.89,SALE,1718204634,S10,20240612
S10/20240612/00040,2,P101766,3,207.00,SALE,1718204634,S10,20240612
S10/20240612/00040,3,P107385,3,797.95,SALE,1718204634,S10,20240612
S10/20240612/00040,4,P107843,3,486.47,SALE,1718204634,S10,20240612
S10/20240612/00040,5,P106592,2,738.06,SALE,1718204634,S10,20240612
S10/20240612/00040,6,P103222,1,317.95,SALE,1718204634,S10,20240612
S10/20240612/00040,7,P103727,1,116.88,SALE,1718204634,S10,20240612
S10/20240612/00040,8,TAX,1,587.59,TAX,1718204634,S10,20240612
S10/20240612/00040,9,TENDER,1,7066.69,TENDER,1718204634,S10,20240612
S10/20240612/00041,1,P107705,3,706.38,SALE,1718229989,S10,20240612
S10/20240612/00041,2,TAX,1,254.30,TAX,1718229989,S10,20240612
S10/20240612/00041,3,TENDER,1,2373.44,TENDER,1718229989,S10,20240612
S10/20240612/00042,1,P106258,1,423.67,SALE,1718211116,S10,20240612
S10/20240612/00042,2,P107337,2,365.85,SALE,1718211116,S10,20240612
S10/20240612/00042,3,P102623,3,110.85,SALE,1718211116,S10,20240612
S10/20240612/00042,4,TAX,1,97.67,TAX,1718211116,S10,20240612
S10/20240612/00042,5,TENDER,1,1585.59,TENDER,1718211116,S10,20240612
S10/20240613/00001,1,P101547,1,62.01,SALE,1718284702,S10,20240613
S10/20240613/00001,2,P105815,2,320.65,SALE,1718284702,S10,20240613
S10/20240613/00001,3,P104700,1,1425.82,SALE,1718284702,S10,20240613
S10/20240613/00001,4,P100693,2,111.45,SALE,1718284702,S10,20240613
S10/20240613/00001,5,P103904,2,1081.09,SALE,1718284702,S10,20240613
S10/20240613/00001,6,P100339,3,299.99,SALE,1718284702,S10,20240613
S10/20240613/00001,7,P105106,1,98.60,SALE,1718284702,S10,20240613
S10/20240613/00001,8,TAX,1,408.03,TAX,1718284702,S10,20240613
S10/20240613/00001,9,TENDER,1,5920.81,TENDER,1718284702,S10,20240613
S10/20240613/00002,1,P107294,1,83.95,SALE,1718292023,S10,20240613
S10/20240613/00002,2,P106553,1,139.74,SALE,1718292023,S10,20240613
S10/20240613/00002,3,P105180,1,103.95,SALE,1718292023,S10,20240613
S10/20240613/00002,4,TAX,1,48.06,TAX,1718292023,S10,20240613
S10/20240613/00002,5,TENDER,1,375.70,TENDER,1718292023,S10,20240613
S10/20240613/00003,1,P101327,2,233.22,SALE,1718307205,S10,20240613
S10/20240613/00003,2,P105155,2,317.12,SALE,1718307205,S10,20240613
S10/20240613/00003,3,P103496,7,70.71,SALE,1718307205,S10,20240613
S10/20240613/00003,4,P103054,1,104.95,SALE,1718307205,S10,20240613
S10/20240613/00003,5,P102835,1,101.19,SALE,1718307205,S10,20240613
S10/20240613/00003,6,P105009,3,65.38,SALE,1718307205,S10,20240613
S10/20240613/00003,7,P106084,1,592.14,SALE,1718307205,S10,20240613
S10/20240613/00003,8,DISC,1,-254.94,DISCOUNT,1718307205,S10,20240613
S10/20240613/00003,9,TAX,1,254.08,TAX,1718307205,S10,20240613
S10/20240613/00003,10,TENDER,1,2589.21,TENDER,1718307205,S10,20240613
S10/20240613/00004,1,P107621,3,119.64,SALE,1718320716,S10,20240613
S10/20240613/00004,2,P100933,2,257.95,SALE,1718320716,S10,20240613
S10/20240613/00004,3,P103811,2,801.95,SALE,1718320716,S10,20240613
S10/20240613/00004,4,P100203,2,241.95,SALE,1718320716,S10,20240613
S10/20240613/00004,5,P104485,2,643.04,SALE,1718320716,S10,20240613
S10/20240613/00004,6,P104827,1,168.97,SALE,1718320716,S10,20240613
S10/20240613/00004,7,P100722,2,287.33,SALE,1718320716,S10,20240613
S10/20240613/00004,8,TAX,1,271.39,TAX,1718320716,S10,20240613
S10/20240613/00004,9,TENDER,1,5263.72,TENDER,1718320716,S10,20240613
S10/20240613/00005,1,P104270,1,1036.53,SALE,1718316304,S10,20240613
S10/20240613/00005,2,P105684,1,1114.27,SALE,1718316304,S10,20240613
S10/20240613/00005,3,P107231,2,1193.22,SALE,1718316304,S10,20240613
S10/20240613/00005,4,P100406,1,435.20,SALE,1718316304,S10,20240613
S10/20240613/00005,5,P102892,1,220.95,SALE,1718316304,S10,20240613
S10/20240613/00005,6,DISC,1,-304.17,DISCOUNT,1718316304,S10,20240613
S10/20240613/00005,7,TAX,1,159.17,TAX,1718316304,S10,20240613
S10/20240613/00005,8,TENDER,1,5048.39,TENDER,1718316304,S10,20240613
S10/20240613/00006,1,P100761,3,51.26,SALE,1718285262,S10,20240613
S10/20240613/00006,2,P108159,3,488.81,SALE,1718285262,S10,20240613
S10/20240613/00006,3,P105302,1,258.62,SALE,1718285262,S10,20240613
S10/20240613/00006,4,P103465,3,27.30,SALE,1718285262,S10,20240613
S10/20240613/00006,5,P100621,2,134.28,SALE,1718285262,S10,20240613
S10/20240613/00006,6,P102219,3,726.06,SALE,1718285262,S10,20240613
S10/20240613/00006,7,P103337,2,84.50,SALE,1718285262,S10,20240613
S10/20240613/00006,8,TAX,1,201.06,TAX,1718285262,S10,20240613
S10/20240613/00006,9,TENDER,1,4777.53,TENDER,1718285262,S10,20240613
S10/20240613/00007,1,P100791,1,40.18,SALE,1718291563,S10,20240613
S10/20240613/00007,2,P101263,3,604.45,SALE,1718291563,S10,20240613
S10/20240613/00007,3,P101444,2,834.95,SALE,1718291563,S10,20240613
S10/20240613/00007,4,P107589,4,266.18,SALE,1718291563,S10,20240613
S10/20240613/00007,5,TAX,1,603.56,TAX,1718291563,S10,20240613
S10/20240613/00007,6,TENDER,1,5191.71,TENDER,1718291563,S10,20240613
S10/20240613/00008,1,P107145,3,235.69,SALE,1718278774,S10,20240613
S10/20240613/00008,2,P101732,2,1250.95,SALE,1718278774,S10,20240613
S10/20240613/00008,3,P108389,2,793.52,SALE,1718278774,S10,20240613
S10/20240613/00008,4,P107446,1,593.14,SALE,1718278774,S10,20240613
S10/20240613/00008,5,P106191,1,1230.97,SALE,1718278774,S10,20240613
S10/20240613/00008,6,P102585,4,516.36,SALE,1718278774,S10,20240613
S10/20240613/00008,7,P103461,2,104.95,SALE,1718278774,S10,20240613
S10/20240613/00008,8,TAX,1,699.65,TAX,1718278774,S10,20240613
S10/20240613/00008,9,TENDER,1,9595.11,TENDER,1718278774,S10,20240613
S10/20240613/00009,1,P107409,4,419.09,SALE,1718320017,S10,20240613
S10/20240613/00009,2,P106506,3,110.89,SALE,1718320017,S10,20240613
S10/20240613/00009,3,P104938,3,999.94,SALE,1718320017,S10,20240613
S10/20240613/00009,4,P100883,1,723.68,SALE,1718320017,S10,20240613
S10/20240613/00009,5,TAX,1,539.86,TAX,1718320017,S10,20240613
S10/20240613/00009,6,TENDER,1,6272.39,TENDER,1718320017,S10,20240613
S10/20240613/00010,1,P100035,1,1810.38,SALE,1718307237,S10,20240613
S10/20240613/00010,2,P107226,3,86.90,SALE,1718307237,S10,20240613
S10/20240613/00010,3,P100074,2,57.78,SALE,1718307237,S10,20240613
S10/20240613/00010,4,P101570,2,288.76,SALE,1718307237,S10,20240613
S10/20240613/00010,5,P102707,1,419.47,SALE,1718307237,S10,20240613
S10/20240613/00010,6,P108272,1,101.95,SALE,1718307237,S10,20240613
S10/20240613/00010,7,TAX,1,401.82,TAX,1718307237,S10,20240613
S10/20240613/00010,8,TENDER,1,3687.40,TENDER,1718307237,S10,20240613
S10/20240613/00011,1,P105562,3,422.85,SALE,1718299702,S10,20240613
S10/20240613/00011,2,P106367,2,650.25,SALE,1718299702,S10,20240613
S10/20240613/00011,3,P103563,1,23.04,SALE,1718299702,S10,20240613
S10/20240613/00011,4,P108097,3,83.76,SALE,1718299702,S10,20240613
S10/20240613/00011,5,P102424,2,333.88,SALE,1718299702,S10,20240613
S10/20240613/00011,6,DISC,1,-321.84,DISCOUNT,1718299702,S10,20240613
S10/20240613/00011,7,TAX,1,327.96,TAX,1718299702,S10,20240613
S10/20240613/00011,8,TENDER,1,3517.25,TENDER,1718299702,S10,20240613
S10/20240613/00012,1,P107667,1,338.95,SALE,1718302767,S10,20240613
S10/20240613/00012,2,P106288,2,45.93,SALE,1718302767,S10,20240613
S10/20240613/00012,3,P101242,1,83.48,SALE,1718302767,S10,20240613
S10/20240613/00012,4,P105268,1,255.65,SALE,1718302767,S10,20240613
S10/20240613/00012,5,P107581,3,243.81,SALE,1718302767,S10,20240613
S10/20240613/00012,6,TAX,1,194.08,TAX,1718302767,S10,20240613
S10/20240613/00012,7,TENDER,1,1695.45,TENDER,1718302767,S10,20240613
S10/20240613/00013,1,P102609,3,183.47,SALE,1718296828,S10,20240613
S10/20240613/00013,2,P102255,3,167.76,SALE,1718296828,S10,20240613
S10/20240613/00013,3,P100203,1,241.95,SALE,1718296828,S10,20240613
S10/20240613/00013,4,P106813,6,257.87,SALE,1718296828,S10,20240613
S10/20240613/00013,5,P100686,4,787.42,SALE,1718296828,S10,20240613
S10/20240613/00013,6,TAX,1,263.81,TAX,1718296828,S10,20240613
S10/20240613/00013,7,TENDER,1,6256.35,TENDER,1718296828,S10,20240613
S10/20240613/00014,1,P100722,2,304.57,SALE,1718288421,S10,20240613
S10/20240613/00014,2,P103629,1,57.95,SALE,1718288421,S10,20240613
S10/20240613/00014,3,P101389,2,430.39,SALE,1718288421,S10,20240613
S10/20240613/00014,4,P107053,4,524.95,SALE,1718288421,S10,20240613
S10/20240613/00014,5,P100781,1,611.95,SALE,1718288421,S10,20240613
S10/20240613/00014,6,P103606,2,181.69,SALE,1718288421,S10,20240613
S10/20240613/00014,7,P103283,2,147.93,SALE,1718288421,S10,20240613
S10/20240613/00014,8,DISC,1,-581.33,DISCOUNT,1718288421,S10,20240613
S10/20240613/00014,9,TAX,1,364.41,TAX,1718288421,S10,20240613
S10/20240613/00014,10,TENDER,1,4681.94,TENDER,1718288421,S10,20240613
S10/20240613/00015,1,P100469,1,49.80,SALE,1718312694,S10,20240613
S10/20240613/00015,2,P105624,2,380.06,SALE,1718312694,S10,20240613
S10/20240613/00015,3,P100879,3,159.93,SALE,1718312694,S10,20240613
S10/20240613/00015,4,P105369,2,135.84,SALE,1718312694,S10,20240613
S10/20240613/00015,5,P105468,1,1100.43,SALE,1718312694,S10,20240613
S10/20240613/00015,6,P102142,2,93.89,SALE,1718312694,S10,20240613
S10/20240613/00015,7,P105167,2,826.20,SALE,1718312694,S10,20240613
S10/20240613/00015,8,TAX,1,236.43,TAX,1718312694,S10,20240613
S10/20240613/00015,9,TENDER,1,4738.43,TENDER,1718312694,S10,20240613
S10/20240613/00016,1,P101851,1,1750.29,SALE,1718300759,S10,20240613
S10/20240613/00016,2,P107472,2,60.81,SALE,1718300759,S10,20240613
S10/20240613/00016,3,P106254,3,1135.50,SALE,1718300759,S10,20240613
S10/20240613/00016,4,P100767,3,269.95,SALE,1718300759,S10,20240613
S10/20240613/00016,5,P102849,1,641.17,SALE,1718300759,S10,20240613
S10/20240613/00016,6,TAX,1,180.20,TAX,1718300759,S10,20240613
S10/20240613/00016,7,TENDER,1,6909.63,TENDER,1718300759,S10,20240613
S10/20240613/00017,1,P102569,1,116.37,SALE,1718281625,S10,20240613
S10/20240613/00017,2,P108082,1,236.40,SALE,1718281625,S10,20240613
S10/20240613/00017,3,P108356,1,196.53,SALE,1718281625,S10,20240613
S10/20240613/00017,4,DISC,1,-34.72,DISCOUNT,1718281625,S10,20240613
S10/20240613/00017,5,TAX,1,75.04,TAX,1718281625,S10,20240613
S10/20240613/00017,6,TENDER,1,589.62,TENDER,1718281625,S10,20240613
S10/20240613/00018,1,P102814,1,543.50,SALE,1718297271,S10,20240613
S10/20240613/00018,2,P106399,4,198.14,SALE,1718297271,S10,20240613
S10/20240613/00018,3,P102695,2,1259.21,SALE,1718297271,S10,20240613
S10/20240613/00018,4,TAX,1,369.01,TAX,1718297271,S10,20240613
S10/20240613/00018,5,TENDER,1,4223.49,TENDER,1718297271,S10,20240613
S10/20240613/00019,1,P100057,6,215.95,SALE,1718286710,S10,20240613
S10/20240613/00019,2,P100441,3,419.95,SALE,1718286710,S10,20240613
S10/20240613/00019,3,P101489,2,493.95,SALE,1718286710,S10,20240613
S10/20240613/00019,4,P105965,2,61.37,SALE,1718286710,S10,20240613
S10/20240613/00019,5,TAX,1,312.80,TAX,1718286710,S10,20240613
S10/20240613/00019,6,TENDER,1,3978.99,TENDER,1718286710,S10,20240613
S10/20240613/00020,1,P104487,3,388.90,SALE,1718300618,S10,20240613
S10/20240613/00020,2,P102074,1,415.90,SALE,1718300618,S10,20240613
S10/20240613/00020,3,TAX,1,160.80,TAX,1718300618,S10,20240613
S10/20240613/00020,4,TENDER,1,1743.40,TENDER,1718300618,S10,20240613
S10/20240613/00021,1,P107708,2,163.95,SALE,1718308039,S10,20240613
S10/20240613/00021,2,P103348,3,485.60,SALE,1718308039,S10,20240613
S10/20240613/00021,3,P106975,1,136.95,SALE,1718308039,S10,20240613
S10/20240613/00021,4,P100956,1,421.98,SALE,1718308039,S10,20240613
S10/20240613/00021,5,P104410,2,498.71,SALE,1718308039,S10,20240613
S10/20240613/00021,6,P103918,3,527.10,SALE,1718308039,S10,20240613
S10/20240613/00021,7,P107435,1,549.51,SALE,1718308039,S10,20240613
S10/20240613/00021,8,DISC,1,-334.08,DISCOUNT,1718308039,S10,20240613
S10/20240613/00021,9,TAX,1,447.03,TAX,1718308039,S10,20240613
S10/20240613/00021,10,TENDER,1,5584.81,TENDER,1718308039,S10,20240613
S10/20240613/00022,1,P102081,3,164.15,SALE,1718286323,S10,20240613
S10/20240613/00022,2,P103435,2,443.24,SALE,1718286323,S10,20240613
S10/20240613/00022,3,P106848,1,16.98,SALE,1718286323,S10,20240613
S10/20240613/00022,4,P103661,2,118.10,SALE,1718286323,S10,20240613
S10/20240613/00022,5,P100717,1,505.95,SALE,1718286323,S10,20240613
S10/20240613/00022,6,TAX,1,381.79,TAX,1718286323,S10,20240613
S10/20240613/00022,7,TENDER,1,2519.85,TENDER,1718286323,S10,20240613
S10/20240613/00023,1,P103090,1,805.95,SALE,1718284126,S10,20240613
S10/20240613/00023,2,P104404,1,890.27,SALE,1718284126,S10,20240613
S10/20240613/00023,3,P101578,2,39.77,SALE,1718284126,S10,20240613
S10/20240613/00023,4,P103693,4,102.71,SALE,1718284126,S10,20240613
S10/20240613/00023,5,P105868,2,68.91,SALE,1718284126,S10,20240613
S10/20240613/00023,6,DISC,1,-48.11,DISCOUNT,1718284126,S10,20240613
S10/20240613/00023,7,TAX,1,154.73,TAX,1718284126,S10,20240613
S10/20240613/00023,8,TENDER,1,2431.04,TENDER,1718284126,S10,20240613
S10/20240613/00024,1,P106602,2,122.17,SALE,1718308362,S10,20240613
S10/20240613/00024,2,TAX,1,12.22,TAX,1718308362,S10,20240613
S10/20240613/00024,3,TENDER,1,256.56,TENDER,1718308362,S10,20240613
S10/20240613/00025,1,P103155,3,243.23,SALE,1718293156,S10,20240613
S10/20240613/00025,2,P103202,1,262.07,SALE,1718293156,S10,20240613
S10/20240613/00025,3,P106710,1,93.71,SALE,1718293156,S10,20240613
S10/20240613/00025,4,P101547,3,62.01,SALE,1718293156,S10,20240613
S10/20240613/00025,5,P108174,1,235.92,SALE,1718293156,S10,20240613
S10/20240613/00025,6,TAX,1,200.76,TAX,1718293156,S10,20240613
S10/20240613/00025,7,TENDER,1,1708.18,TENDER,1718293156,S10,20240613
S10/20240613/00026,1,P100281,1,449.95,SALE,1718294722,S10,20240613
S10/20240613/00026,2,P106865,2,299.72,SALE,1718294722,S10,20240613
S10/20240613/00026,3,P102892,2,220.95,SALE,1718294722,S10,20240613
S10/20240613/00026,4,P105684,4,1114.27,SALE,1718294722,S10,20240613
S10/20240613/00026,5,TAX,1,432.79,TAX,1718294722,S10,20240613
S10/20240613/00026,6,TENDER,1,6381.16,TENDER,1718294722,S10,20240613
S10/20240613/00027,1,P108319,1,253.21,SALE,1718297710,S10,20240613
S10/20240613/00027,2,P100150,3,280.80,SALE,1718297710,S10,20240613
S10/20240613/00027,3,P104858,3,297.94,SALE,1718297710,S10,20240613
S10/20240613/00027,4,P102045,2,21.31,SALE,1718297710,S10,20240613
S10/20240613/00027,5,P100899,1,131.46,SALE,1718297710,S10,20240613
S10/20240613/00027,6,P100985,2,288.61,SALE,1718297710,S10,20240613
S10/20240613/00027,7,TAX,1,273.61,TAX,1718297710,S10,20240613
S10/20240613/00027,8,TENDER,1,3014.34,TENDER,1718297710,S10,20240613
S10/20240613/00028,1,P106848,3,16.02,SALE,1718293382,S10,20240613
S10/20240613/00028,2,P107784,1,245.59,SALE,1718293382,S10,20240613
S10/20240613/00028,3,P100074,1,57.78,SALE,1718293382,S10,20240613
S10/20240613/00028,4,P107292,3,324.95,SALE,1718293382,S10,20240613
S10/20240613/00028,5,P103234,2,128.39,SALE,1718293382,S10,20240613
S10/20240613/00028,6,P105468,2,1100.43,SALE,1718293382,S10,20240613
S10/20240613/00028,7,P101164,1,401.86,SALE,1718293382,S10,20240613
S10/20240613/00028,8,TAX,1,377.94,TAX,1718293382,S10,20240613
S10/20240613/00028,9,TENDER,1,4563.72,TENDER,1718293382,S10,20240613
S10/20240613/00029,1,P102014,1,261.84,SALE,1718303647,S10,20240613
S10/20240613/00029,2,P101774,2,1154.33,SALE,1718303647,S10,20240613
S10/20240613/00029,3,P104708,2,487.33,SALE,1718303647,S10,20240613
S10/20240613/00029,4,P108292,1,104.02,SALE,1718303647,S10,20240613
S10/20240613/00029,5,P108374,1,1311.92,SALE,1718303647,S10,20240613
S10/20240613/00029,6,P104133,1,248.31,SALE,1718303647,S10,20240613
S10/20240613/00029,7,P102993,1,313.38,SALE,1718303647,S10,20240613
S10/20240613/00029,8,TAX,1,388.57,TAX,1718303647,S10,20240613
S10/20240613/00029,9,TENDER,1,5911.36,TENDER,1718303647,S10,20240613
S10/20240613/00030,1,P102166,3,52.54,SALE,1718279176,S10,20240613
S10/20240613/00030,2,P102833,1,680.71,SALE,1718279176,S10,20240613
S10/20240613/00030,3,P107373,4,96.95,SALE,1718279176,S10,20240613
S10/20240613/00030,4,P101177,2,150.26,SALE,1718279176,S10,20240613
S10/20240613/00030,5,TAX,1,77.43,TAX,1718279176,S10,20240613
S10/20240613/00030,6,TENDER,1,1604.08,TENDER,1718279176,S10,20240613
S10/20240613/00031,1,P102695,4,1259.21,SALE,1718297155,S10,20240613
S10/20240613/00031,2,P103654,3,481.76,SALE,1718297155,S10,20240613
S10/20240613/00031,3,P104898,3,161.27,SALE,1718297155,S10,20240613
S10/20240613/00031,4,P102682,2,94.04,SALE,1718297155,S10,20240613
S10/20240613/00031,5,P101134,2,1071.76,SALE,1718297155,S10,20240613
S10/20240613/00031,6,TAX,1,710.28,TAX,1718297155,S10,20240613
S10/20240613/00031,7,TENDER,1,10007.81,TENDER,1718297155,S10,20240613
S10/20240613/00032,1,P106234,4,78.81,SALE,1718287735,S10,20240613
S10/20240613/00032,2,P102502,2,366.79,SALE,1718287735,S10,20240613
S10/20240613/00032,3,P102324,1,194.59,SALE,1718287735,S10,20240613
S10/20240613/00032,4,DISC,1,-148.02,DISCOUNT,1718287735,S10,20240613
S10/20240613/00032,5,TAX,1,158.22,TAX,1718287735,S10,20240613
S10/20240613/00032,6,TENDER,1,1253.61,TENDER,1718287735,S10,20240613
S10/20240613/00033,1,P103050,1,569.48,SALE,1718292332,S10,20240613
S10/20240613/00033,2,P108389,1,793.52,SALE,1718292332,S10,20240613
S10/20240613/00033,3,P101810,1,765.83,SALE,1718292332,S10,20240613
S10/20240613/00033,4,P103449,1,381.08,SALE,1718292332,S10,20240613
S10/20240613/00033,5,P101492,4,113.44,SALE,1718292332,S10,20240613
S10/20240613/00033,6,TAX,1,232.31,TAX,1718292332,S10,20240613
S10/20240613/00033,7,TENDER,1,3195.98,TENDER,1718292332,S10,20240613
S10/20240613/00034,1,P100479,3,342.53,SALE,1718298285,S10,20240613
S10/20240613/00034,2,P103816,2,209.63,SALE,1718298285,S10,20240613
S10/20240613/00034,3,P107056,1,341.76,SALE,1718298285,S10,20240613
S10/20240613/00034,4,P100456,2,982.47,SALE,1718298285,S10,20240613
S10/20240613/00034,5,TAX,1,358.54,TAX,1718298285,S10,20240613
S10/20240613/00034,6,TENDER,1,4112.09,TENDER,1718298285,S10,20240613
S10/20240613/00035,1,P106865,-2,299.72,RETURN,1718321622,S10,20240613
S10/20240613/00035,2,P101095,-1,205.38,RETURN,1718321622,S10,20240613
S10/20240613/00035,3,P106765,-3,270.40,RETURN,1718321622,S10,20240613
S10/20240613/00035,4,TAX,1,-253.92,TAX,1718321622,S10,20240613
S10/20240613/00035,5,TENDER,1,-1869.94,TENDER,1718321622,S10,20240613
S10/20240613/00036,1,P100203,2,241.95,SALE,1718301668,S10,20240613
S10/20240613/00036,2,P101839,3,408.40,SALE,1718301668,S10,20240613
S10/20240613/00036,3,P102006,2,1489.27,SALE,1718301668,S10,20240613
S10/20240613/00036,4,P102432,1,819.74,SALE,1718301668,S10,20240613
S10/20240613/00036,5,P104155,1,138.95,SALE,1718301668,S10,20240613
S10/20240613/00036,6,P108361,2,69.61,SALE,1718301668,S10,20240613
S10/20240613/00036,7,TAX,1,269.59,TAX,1718301668,S10,20240613
S10/20240613/00036,8,TENDER,1,6055.14,TENDER,1718301668,S10,20240613
S10/20240613/00037,1,P105083,3,245.38,SALE,1718292168,S10,20240613
S10/20240613/00037,2,P104665,3,217.71,SALE,1718292168,S10,20240613
S10/20240613/00037,3,P104454,2,47.84,SALE,1718292168,S10,20240613
S10/20240613/00037,4,P103559,3,370.21,SALE,1718292168,S10,20240613
S10/20240613/00037,5,P106942,2,169.95,SALE,1718292168,S10,20240613
S10/20240613/00037,6,P106877,1,1085.30,SALE,1718292168,S10,20240613
S10/20240613/00037,7,TAX,1,288.19,TAX,1718292168,S10,20240613
S10/20240613/00037,8,TENDER,1,4308.97,TENDER,1718292168,S10,20240613
S10/20240613/00038,1,P106629,4,52.08,SALE,1718283604,S10,20240613
S10/20240613/00038,2,P106891,1,642.78,SALE,1718283604,S10,20240613
S10/20240613/00038,3,P101899,4,345.29,SALE,1718283604,S10,20240613
S10/20240613/00038,4,P100595,1,388.65,SALE,1718283604,S10,20240613
S10/20240613/00038,5,P107362,2,62.10,SALE,1718283604,S10,20240613
S10/20240613/00038,6,TAX,1,387.24,TAX,1718283604,S10,20240613
S10/20240613/00038,7,TENDER,1,3132.35,TENDER,1718283604,S10,20240613
S10/20240613/00039,1,P100869,4,62.15,SALE,1718268135,S10,20240613
S10/20240613/00039,2,P101218,1,61.39,SALE,1718268135,S10,20240613
S10/20240613/00039,3,P105042,2,66.53,SALE,1718268135,S10,20240613
S10/20240613/00039,4,P100135,1,63.52,SALE,1718268135,S10,20240613
S10/20240613/00039,5,P100298,1,53.95,SALE,1718268135,S10,20240613
S10/20240613/00039,6,P106891,3,642.78,SALE,1718268135,S10,20240613
S10/20240613/00039,7,TAX,1,167.12,TAX,1718268135,S10,20240613
S10/20240613/00039,8,TENDER,1,2655.98,TENDER,1718268135,S10,20240613
S10/20240613/00040,1,P103452,1,1033.70,SALE,1718287505,S10,20240613
S10/20240613/00040,2,P106464,1,271.59,SALE,1718287505,S10,20240613
S10/20240613/00040,3,P100135,1,63.52,SALE,1718287505,S10,20240613
S10/20240613/00040,4,P107145,2,235.69,SALE,1718287505,S10,20240613
S10/20240613/00040,5,TAX,1,144.02,TAX,1718287505,S10,20240613
S10/20240613/00040,6,TENDER,1,1984.21,TENDER,1718287505,S10,20240613
S10/20240614/00001,1,P102593,3,92.93,SALE,1718386702,S10,20240614
S10/20240614/00001,2,P102640,3,241.34,SALE,1718386702,S10,20240614
S10/20240614/00001,3,P102954,1,122.32,SALE,1718386702,S10,20240614
S10/20240614/00001,4,P102230,2,340.01,SALE,1718386702,S10,20240614
S10/20240614/00001,5,TAX,1,317.59,TAX,1718386702,S10,20240614
S10/20240614/00001,6,TENDER,1,2122.74,TENDER,1718386702,S10,20240614
S10/20240614/00002,1,P101899,2,345.29,SALE,1718387937,S10,20240614
S10/20240614/00002,2,P106584,2,248.90,SALE,1718387937,S10,20240614
S10/20240614/00002,3,P101122,2,70.14,SALE,1718387937,S10,20240614
S10/20240614/00002,4,P102835,2,101.19,SALE,1718387937,S10,20240614
S10/20240614/00002,5,P106158,3,564.54,SALE,1718387937,S10,20240614
S10/20240614/00002,6,TAX,1,258.52,TAX,1718387937,S10,20240614
S10/20240614/00002,7,TENDER,1,3483.18,TENDER,1718387937,S10,20240614
S10/20240614/00003,1,P107520,1,137.21,SALE,1718381019,S10,20240614
S10/20240614/00003,2,P100693,1,111.45,SALE,1718381019,S10,20240614
S10/20240614/00003,3,P107217,3,279.38,SALE,1718381019,S10,20240614
S10/20240614/00003,4,P105997,3,109.75,SALE,1718381019,S10,20240614
S10/20240614/00003,5,DISC,1,-86.04,DISCOUNT,1718381019,S10,20240614
S10/20240614/00003,6,TAX,1,135.21,TAX,1718381019,S10,20240614
S10/20240614/00003,7,TENDER,1,1465.22,TENDER,1718381019,S10,20240614
S10/20240614/00004,1,P100150,2,280.80,SALE,1718381130,S10,20240614
S10/20240614/00004,2,P104226,1,303.01,SALE,1718381130,S10,20240614
S10/20240614/00004,3,P101225,2,452.38,SALE,1718381130,S10,20240614
S10/20240614/00004,4,P103654,2,481.76,SALE,1718381130,S10,20240614
S10/20240614/00004,5,P101164,2,401.86,SALE,1718381130,S10,20240614
S10/20240614/00004,6,P102913,2,347.82,SALE,1718381130,S10,20240614
S10/20240614/00004,7,P106865,3,299.72,SALE,1718381130,S10,20240614
S10/20240614/00004,8,DISC,1,-178.71,DISCOUNT,1718381130,S10,20240614
S10/20240614/00004,9,TAX,1,554.80,TAX,1718381130,S10,20240614
S10/20240614/00004,10,TENDER,1,5507.50,TENDER,1718381130,S10,20240614
S10/20240614/00005,1,P106234,1,78.81,SALE,1718391455,S10,20240614
S10/20240614/00005,2,P107933,2,1175.95,SALE,1718391455,S10,20240614
S10/20240614/00005,3,P105797,3,254.07,SALE,1718391455,S10,20240614
S10/20240614/00005,4,P107094,1,87.94,SALE,1718391455,S10,20240614
S10/20240614/00005,5,P102779,3,25.62,SALE,1718391455,S10,20240614
S10/20240614/00005,6,TAX,1,453.94,TAX,1718391455,S10,20240614
S10/20240614/00005,7,TENDER,1,3811.66,TENDER,1718391455,S10,20240614
S10/20240614/00006,1,P102857,3,116.85,SALE,1718383223,S10,20240614
S10/20240614/00006,2,P104316,1,406.45,SALE,1718383223,S10,20240614
S10/20240614/00006,3,P107253,2,232.65,SALE,1718383223,S10,20240614
S10/20240614/00006,4,TAX,1,136.26,TAX,1718383223,S10,20240614
S10/20240614/00006,5,TENDER,1,1358.56,TENDER,1718383223,S10,20240614
S10/20240614/00007,1,P105603,2,202.29,SALE,1718367573,S10,20240614
S10/20240614/00007,2,P106353,2,233.29,SALE,1718367573,S10,20240614
S10/20240614/00007,3,TAX,1,156.81,TAX,1718367573,S10,20240614
S10/20240614/00007,4,TENDER,1,1027.97,TENDER,1718367573,S10,20240614
S10/20240614/00008,1,P103620,1,468.18,SALE,1718362361,S10,20240614
S10/20240614/00008,2,P102616,3,86.26,SALE,1718362361,S10,20240614
S10/20240614/00008,3,P107933,3,1175.95,SALE,1718362361,S10,20240614
S10/20240614/00008,4,P104133,4,248.31,SALE,1718362361,S10,20240614
S10/20240614/00008,5,P102415,3,1123.24,SALE,1718362361,S10,20240614
S10/20240614/00008,6,TAX,1,638.41,TAX,1718362361,S10,20240614
S10/20240614/00008,7,TENDER,1,9256.18,TENDER,1718362361,S10,20240614
S10/20240614/00009,1,P102623,1,110.85,SALE,1718378430,S10,20240614
S10/20240614/00009,2,P104898,2,161.27,SALE,1718378430,S10,20240614
S10/20240614/00009,3,P100985,2,288.61,SALE,1718378430,S10,20240614
S10/20240614/00009,4,P108292,1,104.02,SALE,1718378430,S10,20240614
S10/20240614/00009,5,P103645,2,241.18,SALE,1718378430,S10,20240614
S10/20240614/00009,6,TAX,1,133.33,TAX,1718378430,S10,20240614
S10/20240614/00009,7,TENDER,1,1730.32,TENDER,1718378430,S10,20240614
S10/20240614/00010,1,P108082,2,236.40,SALE,1718381415,S10,20240614
S10/20240614/00010,2,P102623,5,110.85,SALE,1718381415,S10,20240614
S10/20240614/00010,3,P102081,2,164.15,SALE,1718381415,S10,20240614
S10/20240614/00010,4,P100221,2,140.95,SALE,1718381415,S10,20240614
S10/20240614/00010,5,P101037,1,537.96,SALE,1718381415,S10,20240614
S10/20240614/00010,6,P104372,3,105.38,SALE,1718381415,S10,20240614
S10/20240614/00010,7,P102821,1,1356.95,SALE,1718381415,S10,20240614
S10/20240614/00010,8,TAX,1,357.18,TAX,1718381415,S10,20240614
S10/20240614/00010,9,TENDER,1,4205.48,TENDER,1718381415,S10,20240614
S10/20240614/00011,1,P102404,2,371.40,SALE,1718380977,S10,20240614
S10/20240614/00011,2,P100528,3,623.32,SALE,1718380977,S10,20240614
S10/20240614/00011,3,P107056,3,341.76,SALE,1718380977,S10,20240614
S10/20240614/00011,4,DISC,1,-101.66,DISCOUNT,1718380977,S10,20240614
S10/20240614/00011,5,TAX,1,179.39,TAX,1718380977,S10,20240614
S10/20240614/00011,6,TENDER,1,3715.77,TENDER,1718380977,S10,20240614
S10/20240614/00012,1,P108389,2,793.52,SALE,1718366375,S10,20240614
S10/20240614/00012,2,P104351,2,1128.29,SALE,1718366375,S10,20240614
S10/20240614/00012,3,P103727,2,116.88,SALE,1718366375,S10,20240614
S10/20240614/00012,4,P100827,2,1218.17,SALE,1718366375,S10,20240614
S10/20240614/00012,5,P107362,3,62.10,SALE,1718366375,S10,20240614
S10/20240614/00012,6,P101225,3,452.38,SALE,1718366375,S10,20240614
S10/20240614/00012,7,TAX,1,416.62,TAX,1718366375,S10,20240614
S10/20240614/00012,8,TENDER,1,8473.78,TENDER,1718366375,S10,20240614
S10/20240614/00013,1,P101356,3,1054.95,SALE,1718359324,S10,20240614
S10/20240614/00013,2,P105908,2,638.48,SALE,1718359324,S10,20240614
S10/20240614/00013,3,P104708,1,487.33,SALE,1718359324,S10,20240614
S10/20240614/00013,4,P102465,1,1410.14,SALE,1718359324,S10,20240614
S10/20240614/00013,5,P107933,2,1175.95,SALE,1718359324,S10,20240614
S10/20240614/00013,6,P107354,2,205.43,SALE,1718359324,S10,20240614
S10/20240614/00013,7,P104181,1,279.95,SALE,1718359324,S10,20240614
S10/20240614/00013,8,P105377,2,262.95,SALE,1718359324,S10,20240614
S10/20240614/00013,9,TAX,1,745.20,TAX,1718359324,S10,20240614
S10/20240614/00013,10,TENDER,1,10653.09,TENDER,1718359324,S10,20240614
S10/20240614/00014,1,P103757,3,147.98,SALE,1718392190,S10,20240614
S10/20240614/00014,2,P102202,1,184.86,SALE,1718392190,S10,20240614
S10/20240614/00014,3,P103833,2,1136.81,SALE,1718392190,S10,20240614
S10/20240614/00014,4,P106757,2,387.50,SALE,1718392190,S10,20240614
S10/20240614/00014,5,P103719,4,957.52,SALE,1718392190,S10,20240614
S10/20240614/00014,6,TAX,1,667.51,TAX,1718392190,S10,20240614
S10/20240614/00014,7,TENDER,1,8175.01,TENDER,1718392190,S10,20240614
S10/20240614/00015,1,P102383,1,10.62,SALE,1718373662,S10,20240614
S10/20240614/00015,2,P106239,1,803.36,SALE,1718373662,S10,20240614
S10/20240614/00015,3,P103908,1,104.62,SALE,1718373662,S10,20240614
S10/20240614/00015,4,DISC,1,-53.03,DISCOUNT,1718373662,S10,20240614
S10/20240614/00015,5,TAX,1,13.63,TAX,1718373662,S10,20240614
S10/20240614/00015,6,TENDER,1,879.20,TENDER,1718373662,S10,20240614
S10/20240614/00016,1,P100609,2,76.13,SALE,1718387955,S10,20240614
S10/20240614/00016,2,P103822,2,594.96,SALE,1718387955,S10,20240614
S10/20240614/00016,3,P106254,3,1249.05,SALE,1718387955,S10,20240614
S10/20240614/00016,4,P105176,4,509.66,SALE,1718387955,S10,20240614
S10/20240614/00016,5,P100406,3,435.20,SALE,1718387955,S10,20240614
S10/20240614/00016,6,P107996,2,215.44,SALE,1718387955,S10,20240614
S10/20240614/00016,7,TAX,1,686.24,TAX,1718387955,S10,20240614
S10/20240614/00016,8,TENDER,1,9550.69,TENDER,1718387955,S10,20240614
S10/20240614/00017,1,P102230,2,340.01,SALE,1718373024,S10,20240614
S10/20240614/00017,2,P106044,3,40.72,SALE,1718373024,S10,20240614
S10/20240614/00017,3,P104708,3,487.33,SALE,1718373024,S10,20240614
S10/20240614/00017,4,P107190,1,205.62,SALE,1718373024,S10,20240614
S10/20240614/00017,5,P103504,1,343.78,SALE,1718373024,S10,20240614
S10/20240614/00017,6,TAX,1,295.76,TAX,1718373024,S10,20240614
S10/20240614/00017,7,TENDER,1,3109.33,TENDER,1718373024,S10,20240614
S10/20240614/00018,1,P107231,1,1193.22,SALE,1718384571,S10,20240614
S10/20240614/00018,2,P105860,2,674.13,SALE,1718384571,S10,20240614
S10/20240614/00018,3,P107799,3,738.35,SALE,1718384571,S10,20240614
S10/20240614/00018,4,P105897,4,249.03,SALE,1718384571,S10,20240614
S10/20240614/00018,5,P105980,4,263.95,SALE,1718384571,S10,20240614
S10/20240614/00018,6,TAX,1,424.40,TAX,1718384571,S10,20240614
S10/20240614/00018,7,TENDER,1,7232.85,TENDER,1718384571,S10,20240614
S10/20240614/00019,1,P101515,1,58.58,SALE,1718365998,S10,20240614
S10/20240614/00019,2,P107040,5,474.18,SALE,1718365998,S10,20240614
S10/20240614/00019,3,P106093,2,315.93,SALE,1718365998,S10,20240614
S10/20240614/00019,4,TAX,1,194.37,TAX,1718365998,S10,20240614
S10/20240614/00019,5,TENDER,1,3255.71,TENDER,1718365998,S10,20240614
S10/20240614/00020,1,P102193,1,343.13,SALE,1718383809,S10,20240614
S10/20240614/00020,2,P104909,1,363.10,SALE,1718383809,S10,20240614
S10/20240614/00020,3,P100456,2,982.47,SALE,1718383809,S10,20240614
S10/20240614/00020,4,P107880,2,314.86,SALE,1718383809,S10,20240614
S10/20240614/00020,5,TAX,1,191.50,TAX,1718383809,S10,20240614
S10/20240614/00020,6,TENDER,1,3492.39,TENDER,1718383809,S10,20240614
S10/20240614/00021,1,P103382,3,196.46,SALE,1718395129,S10,20240614
S10/20240614/00021,2,P100879,2,159.93,SALE,1718395129,S10,20240614
S10/20240614/00021,3,P102142,2,93.89,SALE,1718395129,S10,20240614
S10/20240614/00021,4,TAX,1,38.86,TAX,1718395129,S10,20240614
S10/20240614/00021,5,TENDER,1,1135.88,TENDER,1718395129,S10,20240614
S10/20240614/00022,1,P100665,1,281.09,SALE,1718387838,S10,20240614
S10/20240614/00022,2,P106757,1,387.50,SALE,1718387838,S10,20240614
S10/20240614/00022,3,P104593,1,867.34,SALE,1718387838,S10,20240614
S10/20240614/00022,4,DISC,1,-148.61,DISCOUNT,1718387838,S10,20240614
S10/20240614/00022,5,TAX,1,141.98,TAX,1718387838,S10,20240614
S10/20240614/00022,6,TENDER,1,1529.30,TENDER,1718387838,S10,20240614
S10/20240614/00023,1,P102371,1,58.36,SALE,1718398318,S10,20240614
S10/20240614/00023,2,P104637,1,294.49,SALE,1718398318,S10,20240614
S10/20240614/00023,3,DISC,1,-14.55,DISCOUNT,1718398318,S10,20240614
S10/20240614/00023,4,TAX,1,33.88,TAX,1718398318,S10,20240614
S10/20240614/00023,5,TENDER,1,372.18,TENDER,1718398318,S10,20240614
S10/20240614/00024,1,P100555,1,435.03,SALE,1718391245,S10,20240614
S10/20240614/00024,2,P102546,2,69.95,SALE,1718391245,S10,20240614
S10/20240614/00024,3,P103896,1,200.95,SALE,1718391245,S10,20240614
S10/20240614/00024,4,P104454,1,47.84,SALE,1718391245,S10,20240614
S10/20240614/00024,5,P104541,2,144.95,SALE,1718391245,S10,20240614
S10/20240614/00024,6,TAX,1,156.55,TAX,1718391245,S10,20240614
S10/20240614/00024,7,TENDER,1,1270.17,TENDER,1718391245,S10,20240614
S10/20240614/00025,1,P102219,4,726.06,SALE,1718381423,S10,20240614
S10/20240614/00025,2,P103510,1,183.91,SALE,1718381423,S10,20240614
S10/20240614/00025,3,P107215,1,153.85,SALE,1718381423,S10,20240614
S10/20240614/00025,4,DISC,1,-70.60,DISCOUNT,1718381423,S10,20240614
S10/20240614/00025,5,TAX,1,169.10,TAX,1718381423,S10,20240614
S10/20240614/00025,6,TENDER,1,3340.50,TENDER,1718381423,S10,20240614
S10/20240614/00026,1,P100593,2,29.38,SALE,1718395609,S10,20240614
S10/20240614/00026,2,P101305,1,110.46,SALE,1718395609,S10,20240614
S10/20240614/00026,3,TAX,1,22.82,TAX,1718395609,S10,20240614
S10/20240614/00026,4,TENDER,1,192.04,TENDER,1718395609,S10,20240614
S10/20240614/00027,1,P106865,2,299.72,SALE,1718376643,S10,20240614
S10/20240614/00027,2,P100543,2,123.06,SALE,1718376643,S10,20240614
S10/20240614/00027,3,P103958,1,30.95,SALE,1718376643,S10,20240614
S10/20240614/00027,4,TAX,1,113.47,TAX,1718376643,S10,20240614
S10/20240614/00027,5,TENDER,1,989.98,TENDER,1718376643,S10,20240614
S10/20240614/00028,1,P106891,2,642.78,SALE,1718389782,S10,20240614
S10/20240614/00028,2,P104772,1,332.47,SALE,1718389782,S10,20240614
S10/20240614/00028,3,TAX,1,124.12,TAX,1718389782,S10,20240614
S10/20240614/00028,4,TENDER,1,1742.15,TENDER,1718389782,S10,20240614
S10/20240614/00029,1,P108186,2,348.70,SALE,1718371849,S10,20240614
S10/20240614/00029,2,P103647,1,42.17,SALE,1718371849,S10,20240614
S10/20240614/00029,3,P101283,1,263.48,SALE,1718371849,S10,20240614
S10/20240614/00029,4,P101213,1,232.84,SALE,1718371849,S10,20240614
S10/20240614/00029,5,P103340,3,466.84,SALE,1718371849,S10,20240614
S10/20240614/00029,6,P100781,3,611.95,SALE,1718371849,S10,20240614
S10/20240614/00029,7,P101292,2,380.75,SALE,1718371849,S10,20240614
S10/20240614/00029,8,TAX,1,793.65,TAX,1718371849,S10,20240614
S10/20240614/00029,9,TENDER,1,6027.41,TENDER,1718371849,S10,20240614
S10/20240614/00030,1,P100019,2,64.89,SALE,1718387345,S10,20240614
S10/20240614/00030,2,P105331,2,270.95,SALE,1718387345,S10,20240614
S10/20240614/00030,3,P107053,5,524.95,SALE,1718387345,S10,20240614
S10/20240614/00030,4,TAX,1,181.69,TAX,1718387345,S10,20240614
S10/20240614/00030,5,TENDER,1,3478.12,TENDER,1718387345,S10,20240614
S10/20240614/00031,1,P106181,2,778.60,SALE,1718372376,S10,20240614
S10/20240614/00031,2,P105789,1,42.75,SALE,1718372376,S10,20240614
S10/20240614/00031,3,P102903,2,51.46,SALE,1718372376,S10,20240614
S10/20240614/00031,4,P105219,2,701.93,SALE,1718372376,S10,20240614
S10/20240614/00031,5,P108135,1,539.95,SALE,1718372376,S10,20240614
S10/20240614/00031,6,TAX,1,278.92,TAX,1718372376,S10,20240614
S10/20240614/00031,7,TENDER,1,3925.60,TENDER,1718372376,S10,20240614
S10/20240614/00032,1,P102335,1,94.25,SALE,1718371806,S10,20240614
S10/20240614/00032,2,P102460,2,548.91,SALE,1718371806,S10,20240614
S10/20240614/00032,3,P101802,3,40.81,SALE,1718371806,S10,20240614
S10/20240614/00032,4,P104242,2,275.95,SALE,1718371806,S10,20240614
S10/20240614/00032,5,P105729,1,68.08,SALE,1718371806,S10,20240614
S10/20240614/00032,6,TAX,1,156.46,TAX,1718371806,S10,20240614
S10/20240614/00032,7,TENDER,1,2090.94,TENDER,1718371806,S10,20240614
S10/20240614/00033,1,P105541,3,201.95,SALE,1718401684,S10,20240614
S10/20240614/00033,2,P103682,2,372.67,SALE,1718401684,S10,20240614
S10/20240614/00033,3,TAX,1,243.21,TAX,1718401684,S10,20240614
S10/20240614/00033,4,TENDER,1,1594.40,TENDER,1718401684,S10,20240614
S10/20240614/00034,1,P100560,1,176.85,SALE,1718370719,S10,20240614
S10/20240614/00034,2,P100549,2,301.95,SALE,1718370719,S10,20240614
S10/20240614/00034,3,P101648,2,334.22,SALE,1718370719,S10,20240614
S10/20240614/00034,4,TAX,1,127.11,TAX,1718370719,S10,20240614
S10/20240614/00034,5,TENDER,1,1576.30,TENDER,1718370719,S10,20240614
S10/20240614/00035,1,P105890,4,1196.88,SALE,1718376751,S10,20240614
S10/20240614/00035,2,P103510,4,183.91,SALE,1718376751,S10,20240614
S10/20240614/00035,3,P102738,2,236.55,SALE,1718376751,S10,20240614
S10/20240614/00035,4,P104008,2,107.37,SALE,1718376751,S10,20240614
S10/20240614/00035,5,P106270,1,308.83,SALE,1718376751,S10,20240614
S10/20240614/00035,6,TAX,1,343.67,TAX,1718376751,S10,20240614
S10/20240614/00035,7,TENDER,1,6863.50,TENDER,1718376751,S10,20240614
S10/20240614/00036,1,P100095,2,92.95,SALE,1718394533,S10,20240614
S10/20240614/00036,2,P107435,1,549.51,SALE,1718394533,S10,20240614
S10/20240614/00036,3,TAX,1,108.21,TAX,1718394533,S10,20240614
S10/20240614/00036,4,TENDER,1,843.62,TENDER,1718394533,S10,20240614
S10/20240614/00037,1,P106336,3,456.47,SALE,1718395420,S10,20240614
S10/20240614/00037,2,P101419,3,179.95,SALE,1718395420,S10,20240614
S10/20240614/00037,3,P103822,2,594.96,SALE,1718395420,S10,20240614
S10/20240614/00037,4,DISC,1,-231.85,DISCOUNT,1718395420,S10,20240614
S10/20240614/00037,5,TAX,1,486.15,TAX,1718395420,S10,20240614
S10/20240614/00037,6,TENDER,1,3353.48,TENDER,1718395420,S10,20240614
S10/20240614/00038,1,P104072,2,708.34,SALE,1718377182,S10,20240614
S10/20240614/00038,2,P104831,3,1516.75,SALE,1718377182,S10,20240614
S10/20240614/00038,3,P106297,2,147.73,SALE,1718377182,S10,20240614
S10/20240614/00038,4,P104700,2,1425.82,SALE,1718377182,S10,20240614
S10/20240614/00038,5,TAX,1,670.05,TAX,1718377182,S10,20240614
S10/20240614/00038,6,TENDER,1,9784.08,TENDER,1718377182,S10,20240614
S10/20240614/00039,1,P107137,3,32.59,SALE,1718371769,S10,20240614
S10/20240614/00039,2,P103760,1,96.74,SALE,1718371769,S10,20240614
S10/20240614/00039,3,P100686,2,787.42,SALE,1718371769,S10,20240614
S10/20240614/00039,4,DISC,1,-63.31,DISCOUNT,1718371769,S10,20240614
S10/20240614/00039,5,TAX,1,16.79,TAX,1718371769,S10,20240614
S10/20240614/00039,6,TENDER,1,1722.83,TENDER,1718371769,S10,20240614
S10/20240614/00040,1,P108191,2,309.71,SALE,1718374699,S10,20240614
S10/20240614/00040,2,P101492,1,113.44,SALE,1718374699,S10,20240614
S10/20240614/00040,3,P106048,2,310.59,SALE,1718374699,S10,20240614
S10/20240614/00040,4,P100595,2,388.65,SALE,1718374699,S10,20240614
S10/20240614/00040,5,TAX,1,219.21,TAX,1718374699,S10,20240614
S10/20240614/00040,6,TENDER,1,2350.55,TENDER,1718374699,S10,20240614
S10/20240614/00041,1,P108369,1,318.67,SALE,1718391314,S10,20240614
S10/20240614/00041,2,P101740,4,855.00,SALE,1718391314,S10,20240614
S10/20240614/00041,3,TAX,1,57.36,TAX,1718391314,S10,20240614
S10/20240614/00041,4,TENDER,1,3796.03,TENDER,1718391314,S10,20240614
S10/20240614/00042,1,P106434,1,174.56,SALE,1718370120,S10,20240614
S10/20240614/00042,2,P103654,4,481.76,SALE,1718370120,S10,20240614
S10/20240614/00042,3,P101674,2,373.95,SALE,1718370120,S10,20240614
S10/20240614/00042,4,P102375,2,487.64,SALE,1718370120,S10,20240614
S10/20240614/00042,5,TAX,1,427.47,TAX,1718370120,S10,20240614
S10/20240614/00042,6,TENDER,1,4252.25,TENDER,1718370120,S10,20240614
S10/20240614/00043,1,P106415,1,911.99,SALE,1718382196,S10,20240614
S10/20240614/00043,2,P102909,1,48.95,SALE,1718382196,S10,20240614
S10/20240614/00043,3,P106027,5,1436.61,SALE,1718382196,S10,20240614
S10/20240614/00043,4,TAX,1,109.44,TAX,1718382196,S10,20240614
S10/20240614/00043,5,TENDER,1,8253.43,TENDER,1718382196,S10,20240614
S10/20240614/00044,1,P105017,1,212.97,SALE,1718379984,S10,20240614
S10/20240614/00044,2,TAX,1,38.33,TAX,1718379984,S10,20240614
S10/20240614/00044,3,TENDER,1,251.30,TENDER,1718379984,S10,20240614
S10/20240614/00045,1,P101558,2,43.49,SALE,1718386206,S10,20240614
S10/20240614/00045,2,P102982,2,263.07,SALE,1718386206,S10,20240614
S10/20240614/00045,3,P107292,1,324.95,SALE,1718386206,S10,20240614
S10/20240614/00045,4,TAX,1,149.36,TAX,1718386206,S10,20240614
S10/20240614/00045,5,TENDER,1,1087.43,TENDER,1718386206,S10,20240614
S10/20240614/00046,1,P101225,2,452.38,SALE,1718366680,S10,20240614
S10/20240614/00046,2,P100582,2,159.72,SALE,1718366680,S10,20240614
S10/20240614/00046,3,P100924,3,49.24,SALE,1718366680,S10,20240614
S10/20240614/00046,4,P105624,1,380.06,SALE,1718366680,S10,20240614
S10/20240614/00046,5,DISC,1,-176.66,DISCOUNT,1718366680,S10,20240614
S10/20240614/00046,6,TAX,1,190.32,TAX,1718366680,S10,20240614
S10/20240614/00046,7,TENDER,1,1765.64,TENDER,1718366680,S10,20240614
S10/20240614/00047,1,P105313,5,51.83,SALE,1718394488,S10,20240614
S10/20240614/00047,2,P101410,3,798.18,SALE,1718394488,S10,20240614
S10/20240614/00047,3,P108369,2,318.67,SALE,1718394488,S10,20240614
S10/20240614/00047,4,P108082,3,236.40,SALE,1718394488,S10,20240614
S10/20240614/00047,5,TAX,1,529.72,TAX,1718394488,S10,20240614
S10/20240614/00047,6,TENDER,1,4529.95,TENDER,1718394488,S10,20240614
S10/20240614/00048,1,P107920,1,109.22,SALE,1718396134,S10,20240614
S10/20240614/00048,2,P107555,3,1314.43,SALE,1718396134,S10,20240614
S10/20240614/00048,3,P107414,1,539.23,SALE,1718396134,S10,20240614
S10/20240614/00048,4,P102738,2,236.55,SALE,1718396134,S10,20240614
S10/20240614/00048,5,P106424,2,535.14,SALE,1718396134,S10,20240614
S10/20240614/00048,6,TAX,1,156.91,TAX,1718396134,S10,20240614
S10/20240614/00048,7,TENDER,1,6292.03,TENDER,1718396134,S10,20240614
S10/20240614/00049,1,P106310,1,462.03,SALE,1718374575,S10,20240614
S10/20240614/00049,2,P107630,3,290.66,SALE,1718374575,S10,20240614
S10/20240614/00049,3,P108125,3,129.06,SALE,1718374575,S10,20240614
S10/20240614/00049,4,TAX,1,240.12,TAX,1718374575,S10,20240614
S10/20240614/00049,5,TENDER,1,1961.31,TENDER,1718374575,S10,20240614
S10/20240614/00050,1,P102397,2,355.28,SALE,1718372278,S10,20240614
S10/20240614/00050,2,P101458,2,1309.22,SALE,1718372278,S10,20240614
S10/20240614/00050,3,P105575,4,475.41,SALE,1718372278,S10,20240614
S10/20240614/00050,4,P101134,1,1071.76,SALE,1718372278,S10,20240614
S10/20240614/00050,5,P105062,2,14.84,SALE,1718372278,S10,20240614
S10/20240614/00050,6,P102609,2,183.47,SALE,1718372278,S10,20240614
S10/20240614/00050,7,P105918,1,294.44,SALE,1718372278,S10,20240614
S10/20240614/00050,8,TAX,1,282.72,TAX,1718372278,S10,20240614
S10/20240614/00050,9,TENDER,1,7276.18,TENDER,1718372278,S10,20240614
S10/20240614/00051,1,P104517,3,1474.90,SALE,1718386202,S10,20240614
S10/20240614/00051,2,P107472,1,60.81,SALE,1718386202,S10,20240614
S10/20240614/00051,3,P101345,3,69.59,SALE,1718386202,S10,20240614
S10/20240614/00051,4,P102835,5,101.19,SALE,1718386202,S10,20240614
S10/20240614/00051,5,P106143,1,56.15,SALE,1718386202,S10,20240614
S10/20240614/00051,6,P107777,3,222.77,SALE,1718386202,S10,20240614
S10/20240614/00051,7,TAX,1,84.30,TAX,1718386202,S10,20240614
S10/20240614/00051,8,TENDER,1,6008.99,TENDER,1718386202,S10,20240614
S10/20240614/00052,1,P104226,1,303.01,SALE,1718393705,S10,20240614
S10/20240614/00052,2,P101332,2,400.98,SALE,1718393705,S10,20240614
S10/20240614/00052,3,P108216,4,69.70,SALE,1718393705,S10,20240614
S10/20240614/00052,4,DISC,1,-95.35,DISCOUNT,1718393705,S10,20240614
S10/20240614/00052,5,TAX,1,147.39,TAX,1718393705,S10,20240614
S10/20240614/00052,6,TENDER,1,1435.81,TENDER,1718393705,S10,20240614
S10/20240614/00053,1,P101949,1,857.51,SALE,1718389388,S10,20240614
S10/20240614/00053,2,P106848,5,16.02,SALE,1718389388,S10,20240614
S10/20240614/00053,3,P107555,2,1314.43,SALE,1718389388,S10,20240614
S10/20240614/00053,4,P101940,4,200.74,SALE,1718389388,S10,20240614
S10/20240614/00053,5,P101751,1,460.11,SALE,1718389388,S10,20240614
S10/20240614/00053,6,DISC,1,-414.04,DISCOUNT,1718389388,S10,20240614
S10/20240614/00053,7,TAX,1,203.01,TAX,1718389388,S10,20240614
S10/20240614/00053,8,TENDER,1,4618.51,TENDER,1718389388,S10,20240614
S10/20240614/00054,1,P104625,1,252.17,SALE,1718392254,S10,20240614
S10/20240614/00054,2,P104308,2,53.87,SALE,1718392254,S10,20240614
S10/20240614/00054,3,P106751,3,132.55,SALE,1718392254,S10,20240614
S10/20240614/00054,4,TAX,1,39.28,TAX,1718392254,S10,20240614
S10/20240614/00054,5,TENDER,1,796.84,TENDER,1718392254,S10,20240614
S10/20240614/00055,1,P102383,1,10.62,SALE,1718405198,S10,20240614
S10/20240614/00055,2,P106830,1,103.94,SALE,1718405198,S10,20240614
S10/20240614/00055,3,P102874,3,142.11,SALE,1718405198,S10,20240614
S10/20240614/00055,4,P107536,2,1495.35,SALE,1718405198,S10,20240614
S10/20240614/00055,5,P106200,2,117.95,SALE,1718405198,S10,20240614
S10/20240614/00055,6,TAX,1,70.25,TAX,1718405198,S10,20240614
S10/20240614/00055,7,TENDER,1,3837.74,TENDER,1718405198,S10,20240614
S10/20240615/00001,1,P107708,1,163.95,SALE,1718436710,S10,20240615
S10/20240615/00001,2,P108247,3,242.95,SALE,1718436710,S10,20240615
S10/20240615/00001,3,P102718,1,306.66,SALE,1718436710,S10,20240615
S10/20240615/00001,4,P103202,3,262.07,SALE,1718436710,S10,20240615
S10/20240615/00001,5,TAX,1,280.74,TAX,1718436710,S10,20240615
S10/20240615/00001,6,TENDER,1,2266.41,TENDER,1718436710,S10,20240615
S10/20240615/00002,1,P100560,2,176.85,SALE,1718470865,S10,20240615
S10/20240615/00002,2,P101722,1,1331.86,SALE,1718470865,S10,20240615
S10/20240615/00002,3,P104358,1,1189.17,SALE,1718470865,S10,20240615
S10/20240615/00002,4,TAX,1,251.74,TAX,1718470865,S10,20240615
S10/20240615/00002,5,TENDER,1,3126.47,TENDER,1718470865,S10,20240615
S10/20240615/00003,1,P100904,1,68.79,SALE,1718456817,S10,20240615
S10/20240615/00003,2,P102415,1,1123.24,SALE,1718456817,S10,20240615
S10/20240615/00003,3,P105789,2,42.75,SALE,1718456817,S10,20240615
S10/20240615/00003,4,TAX,1,83.93,TAX,1718456817,S10,20240615
S10/20240615/00003,5,TENDER,1,1361.46,TENDER,1718456817,S10,20240615
S10/20240615/00004,1,P104302,2,1205.95,SALE,1718453930,S10,20240615
S10/20240615/00004,2,P106765,2,270.40,SALE,1718453930,S10,20240615
S10/20240615/00004,3,P108258,2,54.62,SALE,1718453930,S10,20240615
S10/20240615/00004,4,P100754,2,91.60,SALE,1718453930,S10,20240615
S10/20240615/00004,5,TAX,1,415.60,TAX,1718453930,S10,20240615
S10/20240615/00004,6,TENDER,1,3660.74,TENDER,1718453930,S10,20240615
S10/20240615/00005,1,P108206,3,78.93,SALE,1718473927,S10,20240615
S10/20240615/00005,2,TAX,1,0.00,TAX,1718473927,S10,20240615
S10/20240615/00005,3,TENDER,1,236.79,TENDER,1718473927,S10,20240615
S10/20240615/00006,1,P103465,2,27.30,SALE,1718479507,S10,20240615
S10/20240615/00006,2,P105677,4,89.95,SALE,1718479507,S10,20240615
S10/20240615/00006,3,P106382,1,81.60,SALE,1718479507,S10,20240615
S10/20240615/00006,4,P100156,1,1576.32,SALE,1718479507,S10,20240615
S10/20240615/00006,5,TAX,1,74.59,TAX,1718479507,S10,20240615
S10/20240615/00006,6,TENDER,1,2146.91,TENDER,1718479507,S10,20240615
S10/20240615/00007,1,P101208,2,521.19,SALE,1718452548,S10,20240615
S10/20240615/00007,2,P107914,4,231.95,SALE,1718452548,S10,20240615
S10/20240615/00007,3,P108046,2,95.35,SALE,1718452548,S10,20240615
S10/20240615/00007,4,P105351,1,102.95,SALE,1718452548,S10,20240615
S10/20240615/00007,5,TAX,1,219.86,TAX,1718452548,S10,20240615
S10/20240615/00007,6,TENDER,1,2483.69,TENDER,1718452548,S10,20240615
S10/20240615/00008,1,P101515,1,58.58,SALE,1718485684,S10,20240615
S10/20240615/00008,2,P105772,2,539.31,SALE,1718485684,S10,20240615
S10/20240615/00008,3,P106833,4,397.38,SALE,1718485684,S10,20240615
S10/20240615/00008,4,P104361,3,1350.95,SALE,1718485684,S10,20240615
S10/20240615/00008,5,P106989,3,24.76,SALE,1718485684,S10,20240615
S10/20240615/00008,6,DISC,1,-234.19,DISCOUNT,1718485684,S10,20240615
S10/20240615/00008,7,TAX,1,946.49,TAX,1718485684,S10,20240615
S10/20240615/00008,8,TENDER,1,7566.15,TENDER,1718485684,S10,20240615
S10/20240615/00009,1,P103861,1,52.95,SALE,1718467217,S10,20240615
S10/20240615/00009,2,P107920,2,109.22,SALE,1718467217,S10,20240615
S10/20240615/00009,3,P104541,1,144.95,SALE,1718467217,S10,20240615
S10/20240615/00009,4,DISC,1,-20.21,DISCOUNT,1718467217,S10,20240615
S10/20240615/00009,5,TAX,1,46.83,TAX,1718467217,S10,20240615
S10/20240615/00009,6,TENDER,1,442.96,TENDER,1718467217,S10,20240615
S10/20240615/00010,1,P101570,2,288.76,SALE,1718455202,S10,20240615
S10/20240615/00010,2,P105923,1,242.95,SALE,1718455202,S10,20240615
S10/20240615/00010,3,P105377,4,262.95,SALE,1718455202,S10,20240615
S10/20240615/00010,4,TAX,1,207.67,TAX,1718455202,S10,20240615
S10/20240615/00010,5,TENDER,1,2079.94,TENDER,1718455202,S10,20240615
S10/20240615/00011,1,P105490,1,154.49,SALE,1718479100,S10,20240615
S10/20240615/00011,2,P102714,2,80.41,SALE,1718479100,S10,20240615
S10/20240615/00011,3,P100536,3,471.52,SALE,1718479100,S10,20240615
S10/20240615/00011,4,TAX,1,301.73,TAX,1718479100,S10,20240615
S10/20240615/00011,5,TENDER,1,2031.60,TENDER,1718479100,S10,20240615
S10/20240615/00012,1,P104980,3,73.54,SALE,1718450971,S10,20240615
S10/20240615/00012,2,P100367,1,537.90,SALE,1718450971,S10,20240615
S10/20240615/00012,3,P103465,1,27.30,SALE,1718450971,S10,20240615
S10/20240615/00012,4,P101925,1,181.41,SALE,1718450971,S10,20240615
S10/20240615/00012,5,P103591,2,102.70,SALE,1718450971,S10,20240615
S10/20240615/00012,6,P103886,1,302.49,SALE,1718450971,S10,20240615
S10/20240615/00012,7,TAX,1,182.39,TAX,1718450971,S10,20240615
S10/20240615/00012,8,TENDER,1,1657.51,TENDER,1718450971,S10,20240615
S10/20240615/00013,1,P105609,1,817.71,SALE,1718445236,S10,20240615
S10/20240615/00013,2,P102835,2,101.19,SALE,1718445236,S10,20240615
S10/20240615/00013,3,P106353,2,233.29,SALE,1718445236,S10,20240615
S10/20240615/00013,4,P106735,2,320.99,SALE,1718445236,S10,20240615
S10/20240615/00013,5,TAX,1,223.83,TAX,1718445236,S10,20240615
S10/20240615/00013,6,TENDER,1,2352.48,TENDER,1718445236,S10,20240615
S10/20240615/00014,1,P102755,3,68.95,SALE,1718461755,S10,20240615
S10/20240615/00014,2,P102768,6,152.65,SALE,1718461755,S10,20240615
S10/20240615/00014,3,P101106,1,542.84,SALE,1718461755,S10,20240615
S10/20240615/00014,4,TAX,1,202.35,TAX,1718461755,S10,20240615
S10/20240615/00014,5,TENDER,1,1867.94,TENDER,1718461755,S10,20240615
S10/20240615/00015,1,P101208,2,521.19,SALE,1718460847,S10,20240615
S10/20240615/00015,2,P107385,1,797.95,SALE,1718460847,S10,20240615
S10/20240615/00015,3,TAX,1,39.90,TAX,1718460847,S10,20240615
S10/20240615/00015,4,TENDER,1,1880.23,TENDER,1718460847,S10,20240615
S10/20240615/00016,1,P102160,4,221.62,SALE,1718471406,S10,20240615
S10/20240615/00016,2,P107266,4,69.30,SALE,1718471406,S10,20240615
S10/20240615/00016,3,P100744,4,61.87,SALE,1718471406,S10,20240615
S10/20240615/00016,4,TAX,1,132.61,TAX,1718471406,S10,20240615
S10/20240615/00016,5,TENDER,1,1543.77,TENDER,1718471406,S10,20240615
S10/20240615/00017,1,P104048,2,168.34,SALE,1718469685,S10,20240615
S10/20240615/00017,2,P102892,1,220.95,SALE,1718469685,S10,20240615
S10/20240615/00017,3,P103029,1,11.28,SALE,1718469685,S10,20240615
S10/20240615/00017,4,P101825,4,170.97,SALE,1718469685,S10,20240615
S10/20240615/00017,5,P104277,2,136.79,SALE,1718469685,S10,20240615
S10/20240615/00017,6,P107775,6,755.55,SALE,1718469685,S10,20240615
S10/20240615/00017,7,TAX,1,375.89,TAX,1718469685,S10,20240615
S10/20240615/00017,8,TENDER,1,6435.56,TENDER,1718469685,S10,20240615
S10/20240615/00018,1,P105009,1,65.38,SALE,1718471640,S10,20240615
S10/20240615/00018,2,P105651,2,110.95,SALE,1718471640,S10,20240615
S10/20240615/00018,3,P103785,4,491.90,SALE,1718471640,S10,20240615
S10/20240615/00018,4,P100632,1,331.55,SALE,1718471640,S10,20240615
S10/20240615/00018,5,TAX,1,347.50,TAX,1718471640,S10,20240615
S10/20240615/00018,6,TENDER,1,2933.93,TENDER,1718471640,S10,20240615
S10/20240615/00019,1,P100210,2,1073.90,SALE,1718457938,S10,20240615
S10/20240615/00019,2,P102510,3,35.56,SALE,1718457938,S10,20240615
S10/20240615/00019,3,P105187,2,1057.95,SALE,1718457938,S10,20240615
S10/20240615/00019,4,P102346,3,79.95,SALE,1718457938,S10,20240615
S10/20240615/00019,5,P106891,1,642.78,SALE,1718457938,S10,20240615
S10/20240615/00019,6,P106522,3,208.95,SALE,1718457938,S10,20240615
S10/20240615/00019,7,DISC,1,-260.49,DISCOUNT,1718457938,S10,20240615
S10/20240615/00019,8,TAX,1,346.73,TAX,1718457938,S10,20240615
S10/20240615/00019,9,TENDER,1,5966.10,TENDER,1718457938,S10,20240615
S10/20240615/00020,1,P104121,2,130.95,SALE,1718475424,S10,20240615
S10/20240615/00020,2,P100260,2,1124.20,SALE,1718475424,S10,20240615
S10/20240615/00020,3,P101762,1,529.95,SALE,1718475424,S10,20240615
S10/20240615/00020,4,P105069,2,162.60,SALE,1718475424,S10,20240615
S10/20240615/00020,5,TAX,1,169.27,TAX,1718475424,S10,20240615
S10/20240615/00020,6,TENDER,1,3534.72,TENDER,1718475424,S10,20240615
S10/20240615/00021,1,P106300,3,387.92,SALE,1718473833,S10,20240615
S10/20240615/00021,2,P105923,1,242.95,SALE,1718473833,S10,20240615
S10/20240615/00021,3,P102139,2,1521.81,SALE,1718473833,S10,20240615
S10/20240615/00021,4,P101122,2,70.14,SALE,1718473833,S10,20240615
S10/20240615/00021,5,TAX,1,329.23,TAX,1718473833,S10,20240615
S10/20240615/00021,6,TENDER,1,4919.84,TENDER,1718473833,S10,20240615
S10/20240615/00022,1,P100658,2,50.53,SALE,1718496727,S10,20240615
S10/20240615/00022,2,P102494,2,11.95,SALE,1718496727,S10,20240615
S10/20240615/00022,3,P104485,2,643.04,SALE,1718496727,S10,20240615
S10/20240615/00022,4,P104081,5,586.63,SALE,1718496727,S10,20240615
S10/20240615/00022,5,P106629,2,52.08,SALE,1718496727,S10,20240615
S10/20240615/00022,6,TAX,1,177.38,TAX,1718496727,S10,20240615
S10/20240615/00022,7,TENDER,1,4625.73,TENDER,1718496727,S10,20240615
S10/20240615/00023,1,P101949,2,857.51,SALE,1718457930,S10,20240615
S10/20240615/00023,2,P107053,3,524.95,SALE,1718457930,S10,20240615
S10/20240615/00023,3,P100354,1,182.63,SALE,1718457930,S10,20240615
S10/20240615/00023,4,P101177,1,150.26,SALE,1718457930,S10,20240615
S10/20240615/00023,5,TAX,1,193.92,TAX,1718457930,S10,20240615
S10/20240615/00023,6,TENDER,1,3816.68,TENDER,1718457930,S10,20240615
S10/20240615/00024,1,P100879,3,159.93,SALE,1718476129,S10,20240615
S10/20240615/00024,2,P100627,3,415.95,SALE,1718476129,S10,20240615
S10/20240615/00024,3,P101949,3,857.51,SALE,1718476129,S10,20240615
S10/20240615/00024,4,P105901,4,73.95,SALE,1718476129,S10,20240615
S10/20240615/00024,5,TAX,1,226.52,TAX,1718476129,S10,20240615
S10/20240615/00024,6,TENDER,1,4822.49,TENDER,1718476129,S10,20240615
S10/20240615/00025,1,P107028,3,56.60,SALE,1718470784,S10,20240615
S10/20240615/00025,2,P102835,2,101.19,SALE,1718470784,S10,20240615
S10/20240615/00025,3,P104921,2,398.95,SALE,1718470784,S10,20240615
S10/20240615/00025,4,P106084,2,627.67,SALE,1718470784,S10,20240615
S10/20240615/00025,5,P106765,3,270.40,SALE,1718470784,S10,20240615
S10/20240615/00025,6,P103896,2,200.95,SALE,1718470784,S10,20240615
S10/20240615/00025,7,P101974,4,302.00,SALE,1718470784,S10,20240615
S10/20240615/00025,8,TAX,1,697.04,TAX,1718470784,S10,20240615
S10/20240615/00025,9,TENDER,1,5543.56,TENDER,1718470784,S10,20240615
S10/20240615/00026,1,P106629,3,52.08,SALE,1718457369,S10,20240615
S10/20240615/00026,2,P104251,2,79.68,SALE,1718457369,S10,20240615
S10/20240615/00026,3,P108258,2,54.62,SALE,1718457369,S10,20240615
S10/20240615/00026,4,P105062,2,14.84,SALE,1718457369,S10,20240615
S10/20240615/00026,5,P106686,1,301.28,SALE,1718457369,S10,20240615
S10/20240615/00026,6,P105890,2,1196.88,SALE,1718457369,S10,20240615
S10/20240615/00026,7,P107012,2,104.24,SALE,1718457369,S10,20240615
S10/20240615/00026,8,P103105,2,29.46,SALE,1718457369,S10,20240615
S10/20240615/00026,9,TAX,1,237.60,TAX,1718457369,S10,20240615
S10/20240615/00026,10,TENDER,1,3654.56,TENDER,1718457369,S10,20240615
S10/20240615/00027,1,P108272,1,113.49,SALE,1718454631,S10,20240615
S10/20240615/00027,2,P100121,2,102.39,SALE,1718454631,S10,20240615
S10/20240615/00027,3,P103504,3,361.87,SALE,1718454631,S10,20240615
S10/20240615/00027,4,TAX,1,154.13,TAX,1718454631,S10,20240615
S10/20240615/00027,5,TENDER,1,1558.01,TENDER,1718454631,S10,20240615
S10/20240615/00028,1,P104485,2,643.04,SALE,1718467184,S10,20240615
S10/20240615/00028,2,P105698,3,186.46,SALE,1718467184,S10,20240615
S10/20240615/00028,3,P100057,1,215.95,SALE,1718467184,S10,20240615
S10/20240615/00028,4,P105651,3,110.95,SALE,1718467184,S10,20240615
S10/20240615/00028,5,TAX,1,340.85,TAX,1718467184,S10,20240615
S10/20240615/00028,6,TENDER,1,2735.11,TENDER,1718467184,S10,20240615
S10/20240615/00029,1,P107182,4,109.95,SALE,1718465162,S10,20240615
S10/20240615/00029,2,TAX,1,79.16,TAX,1718465162,S10,20240615
S10/20240615/00029,3,TENDER,1,518.96,TENDER,1718465162,S10,20240615
S10/20240615/00030,1,P103806,1,305.95,SALE,1718457770,S10,20240615
S10/20240615/00030,2,P104802,1,194.24,SALE,1718457770,S10,20240615
S10/20240615/00030,3,P106162,2,527.95,SALE,1718457770,S10,20240615
S10/20240615/00030,4,P101911,5,1431.80,SALE,1718457770,S10,20240615
S10/20240615/00030,5,P104921,3,398.95,SALE,1718457770,S10,20240615
S10/20240615/00030,6,P106958,2,120.44,SALE,1718457770,S10,20240615
S10/20240615/00030,7,P104965,3,88.45,SALE,1718457770,S10,20240615
S10/20240615/00030,8,P107872,1,583.81,SALE,1718457770,S10,20240615
S10/20240615/00030,9,TAX,1,336.21,TAX,1718457770,S10,20240615
S10/20240615/00030,10,TENDER,1,11338.19,TENDER,1718457770,S10,20240615
S10/20240615/00031,1,P101990,4,408.52,SALE,1718484295,S10,20240615
S10/20240615/00031,2,P106773,2,371.20,SALE,1718484295,S10,20240615
S10/20240615/00031,3,P102436,4,243.03,SALE,1718484295,S10,20240615
S10/20240615/00031,4,P101789,1,336.02,SALE,1718484295,S10,20240615
S10/20240615/00031,5,P101779,2,198.09,SALE,1718484295,S10,20240615
S10/20240615/00031,6,TAX,1,541.31,TAX,1718484295,S10,20240615
S10/20240615/00031,7,TENDER,1,4622.11,TENDER,1718484295,S10,20240615
S10/20240615/00032,1,P102432,3,819.74,SALE,1718464694,S10,20240615
S10/20240615/00032,2,P104351,3,1128.29,SALE,1718464694,S10,20240615
S10/20240615/00032,3,P108319,2,253.21,SALE,1718464694,S10,20240615
S10/20240615/00032,4,P106865,1,299.72,SALE,1718464694,S10,20240615
S10/20240615/00032,5,P102849,3,609.11,SALE,1718464694,S10,20240615
S10/20240615/00032,6,P102963,1,365.76,SALE,1718464694,S10,20240615
S10/20240615/00032,7,P101218,2,61.39,SALE,1718464694,S10,20240615
S10/20240615/00032,8,TAX,1,850.84,TAX,1718464694,S10,20240615
S10/20240615/00032,9,TENDER,1,9816.94,TENDER,1718464694,S10,20240615
S10/20240615/00033,1,P108090,1,130.88,SALE,1718480558,S10,20240615
S10/20240615/00033,2,P100233,1,67.07,SALE,1718480558,S10,20240615
S10/20240615/00033,3,P106228,1,43.95,SALE,1718480558,S10,20240615
S10/20240615/00033,4,P105765,3,439.90,SALE,1718480558,S10,20240615
S10/20240615/00033,5,TAX,1,255.35,TAX,1718480558,S10,20240615
S10/20240615/00033,6,TENDER,1,1816.95,TENDER,1718480558,S10,20240615
S10/20240615/00034,1,P103882,2,269.95,SALE,1718467527,S10,20240615
S10/20240615/00034,2,P101530,3,576.50,SALE,1718467527,S10,20240615
S10/20240615/00034,3,DISC,1,-77.93,DISCOUNT,1718467527,S10,20240615
S10/20240615/00034,4,TAX,1,394.46,TAX,1718467527,S10,20240615
S10/20240615/00034,5,TENDER,1,2585.93,TENDER,1718467527,S10,20240615
S10/20240615/00035,1,P106310,1,462.03,SALE,1718487019,S10,20240615
S10/20240615/00035,2,P106671,4,101.77,SALE,1718487019,S10,20240615
S10/20240615/00035,3,TAX,1,103.52,TAX,1718487019,S10,20240615
S10/20240615/00035,4,TENDER,1,972.63,TENDER,1718487019,S10,20240615
S10/20240615/00036,1,P101558,2,43.49,SALE,1718460966,S10,20240615
S10/20240615/00036,2,TAX,1,15.66,TAX,1718460966,S10,20240615
S10/20240615/00036,3,TENDER,1,102.64,TENDER,1718460966,S10,20240615
S10/20240615/00037,1,P102389,2,74.34,SALE,1718466868,S10,20240615
S10/20240615/00037,2,P102067,1,181.50,SALE,1718466868,S10,20240615
S10/20240615/00037,3,P102074,2,415.90,SALE,1718466868,S10,20240615
S10/20240615/00037,4,TAX,1,77.43,TAX,1718466868,S10,20240615
S10/20240615/00037,5,TENDER,1,1239.41,TENDER,1718466868,S10,20240615
S10/20240615/00038,1,P100268,2,197.00,SALE,1718461715,S10,20240615
S10/20240615/00038,2,P106534,2,87.55,SALE,1718461715,S10,20240615
S10/20240615/00038,3,P107422,3,193.56,SALE,1718461715,S10,20240615
S10/20240615/00038,4,P101638,1,373.95,SALE,1718461715,S10,20240615
S10/20240615/00038,5,TAX,1,125.13,TAX,1718461715,S10,20240615
S10/20240615/00038,6,TENDER,1,1648.86,TENDER,1718461715,S10,20240615
S10/20240615/00039,1,P100959,2,280.97,SALE,1718476392,S10,20240615
S10/20240615/00039,2,P101622,3,259.77,SALE,1718476392,S10,20240615
S10/20240615/00039,3,P107549,2,47.87,SALE,1718476392,S10,20240615
S10/20240615/00039,4,P105180,2,103.95,SALE,1718476392,S10,20240615
S10/20240615/00039,5,P101656,1,262.95,SALE,1718476392,S10,20240615
S10/20240615/00039,6,P102217,3,65.41,SALE,1718476392,S10,20240615
S10/20240615/00039,7,P106357,3,1078.45,SALE,1718476392,S10,20240615
S10/20240615/00039,8,P100483,2,933.37,SALE,1718476392,S10,20240615
S10/20240615/00039,9,TAX,1,614.57,TAX,1718476392,S10,20240615
S10/20240615/00039,10,TENDER,1,7820.73,TENDER,1718476392,S10,20240615
S10/20240615/00040,1,P103575,5,54.47,SALE,1718461040,S10,20240615
S10/20240615/00040,2,P103668,3,1530.18,SALE,1718461040,S10,20240615
S10/20240615/00040,3,P100899,3,131.46,SALE,1718461040,S10,20240615
S10/20240615/00040,4,P106550,3,28.48,SALE,1718461040,S10,20240615
S10/20240615/00040,5,DISC,1,-145.73,DISCOUNT,1718461040,S10,20240615
S10/20240615/00040,6,TAX,1,251.47,TAX,1718461040,S10,20240615
S10/20240615/00040,7,TENDER,1,5448.45,TENDER,1718461040,S10,20240615
S10/20240615/00041,1,P100722,2,287.33,SALE,1718469218,S10,20240615
S10/20240615/00041,2,P100924,2,49.24,SALE,1718469218,S10,20240615
S10/20240615/00041,3,P101500,2,330.53,SALE,1718469218,S10,20240615
S10/20240615/00041,4,P105345,2,295.95,SALE,1718469218,S10,20240615
S10/20240615/00041,5,P102636,3,114.77,SALE,1718469218,S10,20240615
S10/20240615/00041,6,TAX,1,64.54,TAX,1718469218,S10,20240615
S10/20240615/00041,7,TENDER,1,2334.95,TENDER,1718469218,S10,20240615
S10/20240615/00042,1,P101184,1,55.85,SALE,1718461677,S10,20240615
S10/20240615/00042,2,P104554,4,437.01,SALE,1718461677,S10,20240615
S10/20240615/00042,3,P102648,1,397.04,SALE,1718461677,S10,20240615
S10/20240615/00042,4,TAX,1,287.93,TAX,1718461677,S10,20240615
S10/20240615/00042,5,TENDER,1,2488.86,TENDER,1718461677,S10,20240615
S10/20240615/00043,1,P103785,1,491.90,SALE,1718463293,S10,20240615
S10/20240615/00043,2,P105497,4,70.98,SALE,1718463293,S10,20240615
S10/20240615/00043,3,P104867,2,190.50,SALE,1718463293,S10,20240615
S10/20240615/00043,4,TAX,1,112.15,TAX,1718463293,S10,20240615
S10/20240615/00043,5,TENDER,1,1268.97,TENDER,1718463293,S10,20240615
S10/20240615/00044,1,P101248,2,497.50,SALE,1718458755,S10,20240615
S10/20240615/00044,2,P105252,1,10.57,SALE,1718458755,S10,20240615
S10/20240615/00044,3,P101010,1,71.39,SALE,1718458755,S10,20240615
S10/20240615/00044,4,P108060,1,217.09,SALE,1718458755,S10,20240615
S10/20240615/00044,5,P100406,2,435.20,SALE,1718458755,S10,20240615
S10/20240615/00044,6,P101018,2,136.50,SALE,1718458755,S10,20240615
S10/20240615/00044,7,TAX,1,272.17,TAX,1718458755,S10,20240615
S10/20240615/00044,8,TENDER,1,2709.62,TENDER,1718458755,S10,20240615
S10/20240615/00045,1,P104382,2,62.22,SALE,1718460456,S10,20240615
S10/20240615/00045,2,P100869,3,62.15,SALE,1718460456,S10,20240615
S10/20240615/00045,3,P108282,1,407.70,SALE,1718460456,S10,20240615
S10/20240615/00045,4,P107733,3,57.55,SALE,1718460456,S10,20240615
S10/20240615/00045,5,P104194,2,119.04,SALE,1718460456,S10,20240615
S10/20240615/00045,6,TAX,1,100.47,TAX,1718460456,S10,20240615
S10/20240615/00045,7,TENDER,1,1229.79,TENDER,1718460456,S10,20240615
S10/20240615/00046,1,P104617,2,107.09,SALE,1718485658,S10,20240615
S10/20240615/00046,2,P108159,1,488.81,SALE,1718485658,S10,20240615
S10/20240615/00046,3,P107536,3,1495.35,SALE,1718485658,S10,20240615
S10/20240615/00046,4,P105100,3,270.01,SALE,1718485658,S10,20240615
S10/20240615/00046,5,P101911,2,1431.80,SALE,1718485658,S10,20240615
S10/20240615/00046,6,P104454,2,47.84,SALE,1718485658,S10,20240615
S10/20240615/00046,7,TAX,1,189.14,TAX,1718485658,S10,20240615
S10/20240615/00046,8,TENDER,1,9147.49,TENDER,1718485658,S10,20240615
S10/20240615/00047,1,P104139,1,202.92,SALE,1718452970,S10,20240615
S10/20240615/00047,2,P103449,2,381.08,SALE,1718452970,S10,20240615
S10/20240615/00047,3,P107308,3,207.74,SALE,1718452970,S10,20240615
S10/20240615/00047,4,TAX,1,150.29,TAX,1718452970,S10,20240615
S10/20240615/00047,5,TENDER,1,1738.59,TENDER,1718452970,S10,20240615
S10/20240615/00048,1,P106473,1,298.68,SALE,1718454582,S10,20240615
S10/20240615/00048,2,P102886,3,136.91,SALE,1718454582,S10,20240615
S10/20240615/00048,3,P102193,2,343.13,SALE,1718454582,S10,20240615
S10/20240615/00048,4,P100135,2,63.52,SALE,1718454582,S10,20240615
S10/20240615/00048,5,P101359,2,51.47,SALE,1718454582,S10,20240615
S10/20240615/00048,6,TAX,1,222.71,TAX,1718454582,S10,20240615
S10/20240615/00048,7,TENDER,1,1848.36,TENDER,1718454582,S10,20240615
S10/20240615/00049,1,P101327,2,233.22,SALE,1718491349,S10,20240615
S10/20240615/00049,2,P102181,1,1586.03,SALE,1718491349,S10,20240615
S10/20240615/00049,3,P102272,3,373.95,SALE,1718491349,S10,20240615
S10/20240615/00049,4,P105145,1,763.65,SALE,1718491349,S10,20240615
S10/20240615/00049,5,TAX,1,218.58,TAX,1718491349,S10,20240615
S10/20240615/00049,6,TENDER,1,4156.55,TENDER,1718491349,S10,20240615
S10/20240615/00050,1,P102202,3,184.86,SALE,1718464408,S10,20240615
S10/20240615/00050,2,P105531,3,502.91,SALE,1718464408,S10,20240615
S10/20240615/00050,3,TAX,1,280.87,TAX,1718464408,S10,20240615
S10/20240615/00050,4,TENDER,1,2344.18,TENDER,1718464408,S10,20240615
S10/20240615/00051,1,P102311,2,284.95,SALE,1718460530,S10,20240615
S10/20240615/00051,2,P101974,1,302.00,SALE,1718460530,S10,20240615
S10/20240615/00051,3,P103188,2,30.16,SALE,1718460530,S10,20240615
S10/20240615/00051,4,TAX,1,93.71,TAX,1718460530,S10,20240615
S10/20240615/00051,5,TENDER,1,1025.93,TENDER,1718460530,S10,20240615
S10/20240615/00052,1,P100380,2,136.58,SALE,1718465219,S10,20240615
S10/20240615/00052,2,TAX,1,32.78,TAX,1718465219,S10,20240615
S10/20240615/00052,3,TENDER,1,305.94,TENDER,1718465219,S10,20240615
S10/20240615/00053,1,P105562,2,422.85,SALE,1718491285,S10,20240615
S10/20240615/00053,2,P101547,1,62.01,SALE,1718491285,S10,20240615
S10/20240615/00053,3,P100803,3,278.56,SALE,1718491285,S10,20240615
S10/20240615/00053,4,P102975,1,226.32,SALE,1718491285,S10,20240615
S10/20240615/00053,5,TAX,1,237.85,TAX,1718491285,S10,20240615
S10/20240615/00053,6,TENDER,1,2207.56,TENDER,1718491285,S10,20240615
S10/20240615/00054,1,P106757,2,387.50,SALE,1718458402,S10,20240615
S10/20240615/00054,2,P101751,1,460.11,SALE,1718458402,S10,20240615
S10/20240615/00054,3,P107458,2,1239.88,SALE,1718458402,S10,20240615
S10/20240615/00054,4,P104048,1,168.34,SALE,1718458402,S10,20240615
S10/20240615/00054,5,TAX,1,141.77,TAX,1718458402,S10,20240615
S10/20240615/00054,6,TENDER,1,4024.98,TENDER,1718458402,S10,20240615
S10/20240615/00055,1,P104212,1,401.95,SALE,1718467194,S10,20240615
S10/20240615/00055,2,P106927,1,140.95,SALE,1718467194,S10,20240615
S10/20240615/00055,3,P107639,1,128.49,SALE,1718467194,S10,20240615
S10/20240615/00055,4,P100899,1,131.46,SALE,1718467194,S10,20240615
S10/20240615/00055,5,TAX,1,94.82,TAX,1718467194,S10,20240615
S10/20240615/00055,6,TENDER,1,897.67,TENDER,1718467194,S10,20240615
S10/20240615/00056,1,P101839,1,408.40,SALE,1718466167,S10,20240615
S10/20240615/00056,2,P100827,5,1339.99,SALE,1718466167,S10,20240615
S10/20240615/00056,3,P105583,2,179.43,SALE,1718466167,S10,20240615
S10/20240615/00056,4,P102623,2,110.85,SALE,1718466167,S10,20240615
S10/20240615/00056,5,P108234,2,33.09,SALE,1718466167,S10,20240615
S10/20240615/00056,6,TAX,1,152.12,TAX,1718466167,S10,20240615
S10/20240615/00056,7,TENDER,1,7907.21,TENDER,1718466167,S10,20240615
S10/20240615/00057,1,P104270,5,1036.53,SALE,1718450208,S10,20240615
S10/20240615/00057,2,P103348,2,485.60,SALE,1718450208,S10,20240615
S10/20240615/00057,3,P107278,1,57.40,SALE,1718450208,S10,20240615
S10/20240615/00057,4,TAX,1,314.58,TAX,1718450208,S10,20240615
S10/20240615/00057,5,TENDER,1,6525.83,TENDER,1718450208,S10,20240615
S10/20240616/00001,1,P108335,1,165.51,SALE,1718555901,S10,20240616
S10/20240616/00001,2,P104625,2,265.44,SALE,1718555901,S10,20240616
S10/20240616/00001,3,TAX,1,0.00,TAX,1718555901,S10,20240616
S10/20240616/00001,4,TENDER,1,696.39,TENDER,1718555901,S10,20240616
S10/20240616/00002,1,P100933,1,257.95,SALE,1718545362,S10,20240616
S10/20240616/00002,2,P104361,1,1350.95,SALE,1718545362,S10,20240616
S10/20240616/00002,3,P104784,1,370.89,SALE,1718545362,S10,20240616
S10/20240616/00002,4,TAX,1,253.05,TAX,1718545362,S10,20240616
S10/20240616/00002,5,TENDER,1,2232.84,TENDER,1718545362,S10,20240616
S10/20240616/00003,1,P100864,4,193.24,SALE,1718576980,S10,20240616
S10/20240616/00003,2,P107477,2,116.48,SALE,1718576980,S10,20240616
S10/20240616/00003,3,P107973,2,271.34,SALE,1718576980,S10,20240616
S10/20240616/00003,4,P106783,2,87.95,SALE,1718576980,S10,20240616
S10/20240616/00003,5,P105260,1,72.61,SALE,1718576980,S10,20240616
S10/20240616/00003,6,TAX,1,218.29,TAX,1718576980,S10,20240616
S10/20240616/00003,7,TENDER,1,2015.40,TENDER,1718576980,S10,20240616
S10/20240616/00004,1,P106731,1,142.59,SALE,1718566944,S10,20240616
S10/20240616/00004,2,P103096,2,277.95,SALE,1718566944,S10,20240616
S10/20240616/00004,3,P104155,2,138.95,SALE,1718566944,S10,20240616
S10/20240616/00004,4,P107960,4,1047.81,SALE,1718566944,S10,20240616
S10/20240616/00004,5,TAX,1,603.01,TAX,1718566944,S10,20240616
S10/20240616/00004,6,TENDER,1,5770.64,TENDER,1718566944,S10,20240616
S10/20240616/00005,1,P106566,3,229.43,SALE,1718556098,S10,20240616
S10/20240616/00005,2,P103563,2,23.04,SALE,1718556098,S10,20240616
S10/20240616/00005,3,P100106,3,287.42,SALE,1718556098,S10,20240616
S10/20240616/00005,4,P103124,3,489.23,SALE,1718556098,S10,20240616
S10/20240616/00005,5,P105460,2,143.35,SALE,1718556098,S10,20240616
S10/20240616/00005,6,TAX,1,603.18,TAX,1718556098,S10,20240616
S10/20240616/00005,7,TENDER,1,3954.20,TENDER,1718556098,S10,20240616
S10/20240616/00006,1,P106648,2,330.96,SALE,1718549365,S10,20240616
S10/20240616/00006,2,P104708,3,487.33,SALE,1718549365,S10,20240616
S10/20240616/00006,3,P105394,2,335.45,SALE,1718549365,S10,20240616
S10/20240616/00006,4,P100711,1,101.23,SALE,1718549365,S10,20240616
S10/20240616/00006,5,P100911,1,71.10,SALE,1718549365,S10,20240616
S10/20240616/00006,6,P101444,1,834.95,SALE,1718549365,S10,20240616
S10/20240616/00006,7,P103701,2,1171.33,SALE,1718549365,S10,20240616
S10/20240616/00006,8,TAX,1,407.61,TAX,1718549365,S10,20240616
S10/20240616/00006,9,TENDER,1,6552.36,TENDER,1718549365,S10,20240616
S10/20240616/00007,1,P100711,1,101.23,SALE,1718556320,S10,20240616
S10/20240616/00007,2,P108326,2,473.88,SALE,1718556320,S10,20240616
S10/20240616/00007,3,P102139,2,1521.81,SALE,1718556320,S10,20240616
S10/20240616/00007,4,TAX,1,284.13,TAX,1718556320,S10,20240616
S10/20240616/00007,5,TENDER,1,4376.74,TENDER,1718556320,S10,20240616
S10/20240616/00008,1,P106270,1,308.83,SALE,1718543004,S10,20240616
S10/20240616/00008,2,P106823,3,156.34,SALE,1718543004,S10,20240616
S10/20240616/00008,3,P107178,2,287.34,SALE,1718543004,S10,20240616
S10/20240616/00008,4,P101702,1,491.39,SALE,1718543004,S10,20240616
S10/20240616/00008,5,P101732,4,1250.95,SALE,1718543004,S10,20240616
S10/20240616/00008,6,TAX,1,814.15,TAX,1718543004,S10,20240616
S10/20240616/00008,7,TENDER,1,7661.87,TENDER,1718543004,S10,20240616
S10/20240616/00009,1,P102516,2,1272.67,SALE,1718563050,S10,20240616
S10/20240616/00009,2,P107217,2,279.38,SALE,1718563050,S10,20240616
S10/20240616/00009,3,P103328,5,236.27,SALE,1718563050,S10,20240616
S10/20240616/00009,4,P108041,3,368.87,SALE,1718563050,S10,20240616
S10/20240616/00009,5,P107330,2,115.95,SALE,1718563050,S10,20240616
S10/20240616/00009,6,TAX,1,581.50,TAX,1718563050,S10,20240616
S10/20240616/00009,7,TENDER,1,6205.46,TENDER,1718563050,S10,20240616
S10/20240616/00010,1,P102184,1,91.57,SALE,1718538205,S10,20240616
S10/20240616/00010,2,P102364,1,104.57,SALE,1718538205,S10,20240616
S10/20240616/00010,3,P105950,3,1356.49,SALE,1718538205,S10,20240616
S10/20240616/00010,4,TAX,1,35.31,TAX,1718538205,S10,20240616
S10/20240616/00010,5,TENDER,1,4300.92,TENDER,1718538205,S10,20240616
S10/20240616/00011,1,P103766,1,191.95,SALE,1718553170,S10,20240616
S10/20240616/00011,2,P107777,3,222.77,SALE,1718553170,S10,20240616
S10/20240616/00011,3,DISC,1,-31.36,DISCOUNT,1718553170,S10,20240616
S10/20240616/00011,4,TAX,1,9.25,TAX,1718553170,S10,20240616
S10/20240616/00011,5,TENDER,1,838.15,TENDER,1718553170,S10,20240616
S10/20240616/00012,1,P100761,2,51.26,SALE,1718555941,S10,20240616
S10/20240616/00012,2,P102695,1,1259.21,SALE,1718555941,S10,20240616
S10/20240616/00012,3,P104867,2,190.50,SALE,1718555941,S10,20240616
S10/20240616/00012,4,P102480,4,198.67,SALE,1718555941,S10,20240616
S10/20240616/00012,5,P106885,2,132.48,SALE,1718555941,S10,20240616
S10/20240616/00012,6,P106731,3,142.59,SALE,1718555941,S10,20240616
S10/20240616/00012,7,TAX,1,262.71,TAX,1718555941,S10,20240616
S10/20240616/00012,8,TENDER,1,3492.85,TENDER,1718555941,S10,20240616
S10/20240616/00013,1,P106323,1,218.99,SALE,1718545841,S10,20240616
S10/20240616/00013,2,P106424,4,535.14,SALE,1718545841,S10,20240616
S10/20240616/00013,3,P104567,2,141.21,SALE,1718545841,S10,20240616
S10/20240616/00013,4,TAX,1,151.87,TAX,1718545841,S10,20240616
S10/20240616/00013,5,TENDER,1,2793.84,TENDER,1718545841,S10,20240616
S10/20240616/00014,1,P105280,1,220.35,SALE,1718556195,S10,20240616
S10/20240616/00014,2,P101010,5,71.39,SALE,1718556195,S10,20240616
S10/20240616/00014,3,P104219,2,249.74,SALE,1718556195,S10,20240616
S10/20240616/00014,4,P105845,2,104.71,SALE,1718556195,S10,20240616
S10/20240616/00014,5,TAX,1,151.48,TAX,1718556195,S10,20240616
S10/20240616/00014,6,TENDER,1,1437.68,TENDER,1718556195,S10,20240616
S10/20240616/00015,1,P103704,1,164.95,SALE,1718530422,S10,20240616
S10/20240616/00015,2,P102566,4,415.94,SALE,1718530422,S10,20240616
S10/20240616/00015,3,P104123,2,372.65,SALE,1718530422,S10,20240616
S10/20240616/00015,4,P101101,1,74.25,SALE,1718530422,S10,20240616
S10/20240616/00015,5,TAX,1,211.23,TAX,1718530422,S10,20240616
S10/20240616/00015,6,TENDER,1,2859.49,TENDER,1718530422,S10,20240616
S10/20240616/00016,1,P103606,1,181.69,SALE,1718559388,S10,20240616
S10/20240616/00016,2,P106323,2,218.99,SALE,1718559388,S10,20240616
S10/20240616/00016,3,P103416,2,73.27,SALE,1718559388,S10,20240616
S10/20240616/00016,4,P100519,2,365.61,SALE,1718559388,S10,20240616
S10/20240616/00016,5,TAX,1,145.11,TAX,1718559388,S10,20240616
S10/20240616/00016,6,TENDER,1,1642.54,TENDER,1718559388,S10,20240616
S10/20240616/00017,1,P102648,7,397.04,SALE,1718563731,S10,20240616
S10/20240616/00017,2,P106353,2,233.29,SALE,1718563731,S10,20240616
S10/20240616/00017,3,P103374,1,34.95,SALE,1718563731,S10,20240616
S10/20240616/00017,4,P106234,2,78.81,SALE,1718563731,S10,20240616
S10/20240616/00017,5,P103785,1,491.90,SALE,1718563731,S10,20240616
S10/20240616/00017,6,P100604,3,154.60,SALE,1718563731,S10,20240616
S10/20240616/00017,7,P102566,3,415.94,SALE,1718563731,S10,20240616
S10/20240616/00017,8,P100456,1,982.47,SALE,1718563731,S10,20240616
S10/20240616/00017,9,TAX,1,780.00,TAX,1718563731,S10,20240616
S10/20240616/00017,10,TENDER,1,7404.42,TENDER,1718563731,S10,20240616
S10/20240616/00018,1,P103262,1,54.76,SALE,1718555715,S10,20240616
S10/20240616/00018,2,P101345,2,69.59,SALE,1718555715,S10,20240616
S10/20240616/00018,3,TAX,1,9.70,TAX,1718555715,S10,20240616
S10/20240616/00018,4,TENDER,1,203.64,TENDER,1718555715,S10,20240616
S10/20240616/00019,1,P102255,3,167.76,SALE,1718551412,S10,20240616
S10/20240616/00019,2,P103559,2,370.21,SALE,1718551412,S10,20240616
S10/20240616/00019,3,TAX,1,37.02,TAX,1718551412,S10,20240616
S10/20240616/00019,4,TENDER,1,1280.72,TENDER,1718551412,S10,20240616
S10/20240616/00020,1,P103510,1,183.91,SALE,1718572794,S10,20240616
S10/20240616/00020,2,P101201,4,45.00,SALE,1718572794,S10,20240616
S10/20240616/00020,3,P108060,1,217.09,SALE,1718572794,S10,20240616
S10/20240616/00020,4,P104800,4,692.51,SALE,1718572794,S10,20240616
S10/20240616/00020,5,TAX,1,389.68,TAX,1718572794,S10,20240616
S10/20240616/00020,6,TENDER,1,3740.72,TENDER,1718572794,S10,20240616
S10/20240616/00021,1,P105720,2,67.32,SALE,1718548924,S10,20240616
S10/20240616/00021,2,P100203,4,241.95,SALE,1718548924,S10,20240616
S10/20240616/00021,3,P103896,1,200.95,SALE,1718548924,S10,20240616
S10/20240616/00021,4,P107294,1,83.95,SALE,1718548924,S10,20240616
S10/20240616/00021,5,P100933,1,257.95,SALE,1718548924,S10,20240616
S10/20240616/00021,6,P103118,2,42.98,SALE,1718548924,S10,20240616
S10/20240616/00021,7,TAX,1,139.49,TAX,1718548924,S10,20240616
S10/20240616/00021,8,TENDER,1,1870.74,TENDER,1718548924,S10,20240616
S10/20240616/00022,1,P102424,2,333.88,SALE,1718566437,S10,20240616
S10/20240616/00022,2,P100722,2,287.33,SALE,1718566437,S10,20240616
S10/20240616/00022,3,P104965,1,88.45,SALE,1718566437,S10,20240616
S10/20240616/00022,4,P101613,1,117.31,SALE,1718566437,S10,20240616
S10/20240616/00022,5,P100571,1,117.95,SALE,1718566437,S10,20240616
S10/20240616/00022,6,P106501,1,165.98,SALE,1718566437,S10,20240616
S10/20240616/00022,7,TAX,1,110.03,TAX,1718566437,S10,20240616
S10/20240616/00022,8,TENDER,1,1842.14,TENDER,1718566437,S10,20240616
S10/20240616/00023,1,P105021,3,1086.75,SALE,1718571830,S10,20240616
S10/20240616/00023,2,P103530,1,427.69,SALE,1718571830,S10,20240616
S10/20240616/00023,3,P101037,4,537.96,SALE,1718571830,S10,20240616
S10/20240616/00023,4,TAX,1,855.55,TAX,1718571830,S10,20240616
S10/20240616/00023,5,TENDER,1,6695.33,TENDER,1718571830,S10,20240616
S10/20240616/00024,1,P104294,3,115.73,SALE,1718533114,S10,20240616
S10/20240616/00024,2,P101177,3,150.26,SALE,1718533114,S10,20240616
S10/20240616/00024,3,P103904,1,1081.09,SALE,1718533114,S10,20240616
S10/20240616/00024,4,P104351,2,1128.29,SALE,1718533114,S10,20240616
S10/20240616/00024,5,TAX,1,231.09,TAX,1718533114,S10,20240616
S10/20240616/00024,6,TENDER,1,4366.73,TENDER,1718533114,S10,20240616
S10/20240616/00025,1,P105878,3,268.52,SALE,1718530402,S10,20240616
S10/20240616/00025,2,P102909,2,48.95,SALE,1718530402,S10,20240616
S10/20240616/00025,3,P103606,1,181.69,SALE,1718530402,S10,20240616
S10/20240616/00025,4,P101156,2,91.80,SALE,1718530402,S10,20240616
S10/20240616/00025,5,P104079,2,69.84,SALE,1718530402,S10,20240616
S10/20240616/00025,6,P101674,2,373.95,SALE,1718530402,S10,20240616
S10/20240616/00025,7,P103704,1,164.95,SALE,1718530402,S10,20240616
S10/20240616/00025,8,TAX,1,222.86,TAX,1718530402,S10,20240616
S10/20240616/00025,9,TENDER,1,2544.14,TENDER,1718530402,S10,20240616
S10/20240616/00026,1,P103843,3,636.12,SALE,1718581569,S10,20240616
S10/20240616/00026,2,P107100,2,171.95,SALE,1718581569,S10,20240616
S10/20240616/00026,3,P107502,1,311.85,SALE,1718581569,S10,20240616
S10/20240616/00026,4,DISC,1,-288.40,DISCOUNT,1718581569,S10,20240616
S10/20240616/00026,5,TAX,1,391.31,TAX,1718581569,S10,20240616
S10/20240616/00026,6,TENDER,1,2667.02,TENDER,1718581569,S10,20240616
S10/20240616/00027,1,P102371,2,58.36,SALE,1718545965,S10,20240616
S10/20240616/00027,2,P105603,2,202.29,SALE,1718545965,S10,20240616
S10/20240616/00027,3,P102383,1,10.62,SALE,1718545965,S10,20240616
S10/20240616/00027,4,P103575,4,54.47,SALE,1718545965,S10,20240616
S10/20240616/00027,5,P101064,2,33.84,SALE,1718545965,S10,20240616
S10/20240616/00027,6,P101520,1,168.04,SALE,1718545965,S10,20240616
S10/20240616/00027,7,TAX,1,106.21,TAX,1718545965,S10,20240616
S10/20240616/00027,8,TENDER,1,1091.73,TENDER,1718545965,S10,20240616
S10/20240616/00028,1,P103062,2,179.06,SALE,1718536734,S10,20240616
S10/20240616/00028,2,P108090,2,130.88,SALE,1718536734,S10,20240616
S10/20240616/00028,3,P101884,1,352.98,SALE,1718536734,S10,20240616
S10/20240616/00028,4,P106885,2,132.48,SALE,1718536734,S10,20240616
S10/20240616/00028,5,P102471,1,137.95,SALE,1718536734,S10,20240616
S10/20240616/00028,6,P106731,1,142.59,SALE,1718536734,S10,20240616
S10/20240616/00028,7,P102623,3,110.85,SALE,1718536734,S10,20240616
S10/20240616/00028,8,P105918,2,294.44,SALE,1718536734,S10,20240616
S10/20240616/00028,9,TAX,1,291.78,TAX,1718536734,S10,20240616
S10/20240616/00028,10,TENDER,1,2731.57,TENDER,1718536734,S10,20240616
S10/20240616/00029,1,P107826,4,106.95,SALE,1718573021,S10,20240616
S10/20240616/00029,2,P102045,2,21.31,SALE,1718573021,S10,20240616
S10/20240616/00029,3,TAX,1,59.01,TAX,1718573021,S10,20240616
S10/20240616/00029,4,TENDER,1,529.43,TENDER,1718573021,S10,20240616
S10/20240616/00030,1,P108300,3,260.37,SALE,1718543041,S10,20240616
S10/20240616/00030,2,P106718,2,448.91,SALE,1718543041,S10,20240616
S10/20240616/00030,3,P102779,2,25.62,SALE,1718543041,S10,20240616
S10/20240616/00030,4,P101766,6,207.00,SALE,1718543041,S10,20240616
S10/20240616/00030,5,TAX,1,457.40,TAX,1718543041,S10,20240616
S10/20240616/00030,6,TENDER,1,3429.57,TENDER,1718543041,S10,20240616
S10/20240616/00031,1,P104212,2,401.95,SALE,1718532953,S10,20240616
S10/20240616/00031,2,P106464,3,271.59,SALE,1718532953,S10,20240616
S10/20240616/00031,3,P101722,3,1331.86,SALE,1718532953,S10,20240616
S10/20240616/00031,4,P102485,1,202.08,SALE,1718532953,S10,20240616
S10/20240616/00031,5,P105468,3,1100.43,SALE,1718532953,S10,20240616
S10/20240616/00031,6,P107409,1,419.09,SALE,1718532953,S10,20240616
S10/20240616/00031,7,TAX,1,638.38,TAX,1718532953,S10,20240616
S10/20240616/00031,8,TENDER,1,10175.09,TENDER,1718532953,S10,20240616
S10/20240616/00032,1,P104956,4,133.95,SALE,1718562362,S10,20240616
S10/20240616/00032,2,P107984,1,357.15,SALE,1718562362,S10,20240616
S10/20240616/00032,3,P104944,3,46.58,SALE,1718562362,S10,20240616
S10/20240616/00032,4,P107815,2,106.85,SALE,1718562362,S10,20240616
S10/20240616/00032,5,TAX,1,211.53,TAX,1718562362,S10,20240616
S10/20240616/00032,6,TENDER,1,1457.92,TENDER,1718562362,S10,20240616
S10/20240616/00033,1,P100677,1,227.95,SALE,1718559879,S10,20240616
S10/20240616/00033,2,P105827,1,96.95,SALE,1718559879,S10,20240616
S10/20240616/00033,3,P105868,2,68.91,SALE,1718559879,S10,20240616
S10/20240616/00033,4,P101851,2,1750.29,SALE,1718559879,S10,20240616
S10/20240616/00033,5,P101356,2,1054.95,SALE,1718559879,S10,20240616
S10/20240616/00033,6,P102998,4,145.74,SALE,1718559879,S10,20240616
S10/20240616/00033,7,TAX,1,263.20,TAX,1718559879,S10,20240616
S10/20240616/00033,8,TENDER,1,6919.36,TENDER,1718559879,S10,20240616
S10/20240616/00034,1,P104606,1,90.58,SALE,1718572726,S10,20240616
S10/20240616/00034,2,P105672,2,62.95,SALE,1718572726,S10,20240616
S10/20240616/00034,3,P103118,4,42.98,SALE,1718572726,S10,20240616
S10/20240616/00034,4,P106735,2,320.99,SALE,1718572726,S10,20240616
S10/20240616/00034,5,DISC,1,-65.88,DISCOUNT,1718572726,S10,20240616
S10/20240616/00034,6,TAX,1,126.39,TAX,1718572726,S10,20240616
S10/20240616/00034,7,TENDER,1,1090.89,TENDER,1718572726,S10,20240616
S10/20240616/00035,1,P101345,2,69.59,SALE,1718542033,S10,20240616
S10/20240616/00035,2,P104933,1,560.59,SALE,1718542033,S10,20240616
S10/20240616/00035,3,P100595,3,388.65,SALE,1718542033,S10,20240616
S10/20240616/00035,4,P104351,3,1128.29,SALE,1718542033,S10,20240616
S10/20240616/00035,5,TAX,1,417.02,TAX,1718542033,S10,20240616
S10/20240616/00035,6,TENDER,1,5667.61,TENDER,1718542033,S10,20240616
S10/20240616/00036,1,P106317,2,485.55,SALE,1718553312,S10,20240616
S10/20240616/00036,2,P100210,2,1073.90,SALE,1718553312,S10,20240616
S10/20240616/00036,3,P106373,4,48.45,SALE,1718553312,S10,20240616
S10/20240616/00036,4,P101911,2,1431.80,SALE,1718553312,S10,20240616
S10/20240616/00036,5,P105772,2,539.31,SALE,1718553312,S10,20240616
S10/20240616/00036,6,P102691,1,219.72,SALE,1718553312,S10,20240616
S10/20240616/00036,7,P106865,2,299.72,SALE,1718553312,S10,20240616
S10/20240616/00036,8,P106577,1,46.90,SALE,1718553312,S10,20240616
S10/20240616/00036,9,P105518,3,729.30,SALE,1718553312,S10,20240616
S10/20240616/00036,10,TAX,1,1093.16,TAX,1718553312,S10,20240616
S10/20240616/00036,11,TENDER,1,11402.04,TENDER,1718553312,S10,20240616
S10/20240616/00037,1,P107526,3,50.67,SALE,1718576452,S10,20240616
S10/20240616/00037,2,P102280,4,611.53,SALE,1718576452,S10,20240616
S10/20240616/00037,3,P107026,2,65.23,SALE,1718576452,S10,20240616
S10/20240616/00037,4,P102874,4,142.11,SALE,1718576452,S10,20240616
S10/20240616/00037,5,P103994,2,148.39,SALE,1718576452,S10,20240616
S10/20240616/00037,6,P104112,4,51.43,SALE,1718576452,S10,20240616
S10/20240616/00037,7,TAX,1,529.85,TAX,1718576452,S10,20240616
S10/20240616/00037,8,TENDER,1,4329.38,TENDER,1718576452,S10,20240616
S10/20240616/00038,1,P105698,3,186.46,SALE,1718531480,S10,20240616
S10/20240616/00038,2,P102520,3,731.86,SALE,1718531480,S10,20240616
S10/20240616/00038,3,P106270,4,308.83,SALE,1718531480,S10,20240616
S10/20240616/00038,4,P106757,1,387.50,SALE,1718531480,S10,20240616
S10/20240616/00038,5,DISC,1,-331.46,DISCOUNT,1718531480,S10,20240616
S10/20240616/00038,6,TAX,1,212.44,TAX,1718531480,S10,20240616
S10/20240616/00038,7,TENDER,1,4258.76,TENDER,1718531480,S10,20240616
S10/20240616/00039,1,P105187,2,1057.95,SALE,1718557479,S10,20240616
S10/20240616/00039,2,P100632,2,331.55,SALE,1718557479,S10,20240616
S10/20240616/00039,3,P103214,4,283.38,SALE,1718557479,S10,20240616
S10/20240616/00039,4,P102175,1,191.56,SALE,1718557479,S10,20240616
S10/20240616/00039,5,P107373,1,96.95,SALE,1718557479,S10,20240616
S10/20240616/00039,6,TAX,1,176.03,TAX,1718557479,S10,20240616
S10/20240616/00039,7,TENDER,1,4377.06,TENDER,1718557479,S10,20240616
S10/20240616/00040,1,P103040,1,402.85,SALE,1718566412,S10,20240616
S10/20240616/00040,2,P103732,2,94.74,SALE,1718566412,S10,20240616
S10/20240616/00040,3,P105827,2,96.95,SALE,1718566412,S10,20240616
S10/20240616/00040,4,TAX,1,91.68,TAX,1718566412,S10,20240616
S10/20240616/00040,5,TENDER,1,877.91,TENDER,1718566412,S10,20240616
S10/20240616/00041,1,P102375,1,487.64,SALE,1718543858,S10,20240616
S10/20240616/00041,2,P103525,3,252.51,SALE,1718543858,S10,20240616
S10/20240616/00041,3,P101305,2,110.46,SALE,1718543858,S10,20240616
S10/20240616/00041,4,P107630,1,290.66,SALE,1718543858,S10,20240616
S10/20240616/00041,5,P106877,2,1085.30,SALE,1718543858,S10,20240616
S10/20240616/00041,6,TAX,1,217.74,TAX,1718543858,S10,20240616
S10/20240616/00041,7,TENDER,1,4145.09,TENDER,1718543858,S10,20240616
S10/20240616/00042,1,P107799,3,738.35,SALE,1718557766,S10,20240616
S10/20240616/00042,2,P102103,1,345.70,SALE,1718557766,S10,20240616
S10/20240616/00042,3,P102947,2,59.21,SALE,1718557766,S10,20240616
S10/20240616/00042,4,P102286,1,238.95,SALE,1718557766,S10,20240616
S10/20240616/00042,5,TAX,1,215.99,TAX,1718557766,S10,20240616
S10/20240616/00042,6,TENDER,1,3134.11,TENDER,1718557766,S10,20240616
S10/20240616/00043,1,P108118,1,66.05,SALE,1718542266,S10,20240616
S10/20240616/00043,2,P100549,1,301.95,SALE,1718542266,S10,20240616
S10/20240616/00043,3,P101359,2,51.47,SALE,1718542266,S10,20240616
S10/20240616/00043,4,P107564,4,325.35,SALE,1718542266,S10,20240616
S10/20240616/00043,5,TAX,1,214.23,TAX,1718542266,S10,20240616
S10/20240616/00043,6,TENDER,1,1986.57,TENDER,1718542266,S10,20240616
S10/20240616/00044,1,P103035,3,1105.22,SALE,1718560204,S10,20240616
S10/20240616/00044,2,P100198,1,156.66,SALE,1718560204,S10,20240616
S10/20240616/00044,3,P105594,3,317.30,SALE,1718560204,S10,20240616
S10/20240616/00044,4,P101389,2,430.39,SALE,1718560204,S10,20240616
S10/20240616/00044,5,P104023,2,630.48,SALE,1718560204,S10,20240616
S10/20240616/00044,6,P107715,2,241.95,SALE,1718560204,S10,20240616
S10/20240616/00044,7,TAX,1,592.93,TAX,1718560204,S10,20240616
S10/20240616/00044,8,TENDER,1,7622.79,TENDER,1718560204,S10,20240616
S10/20240616/00045,1,P103319,4,356.46,SALE,1718547239,S10,20240616
S10/20240616/00045,2,P104756,2,334.95,SALE,1718547239,S10,20240616
S10/20240616/00045,3,P101076,2,606.89,SALE,1718547239,S10,20240616
S10/20240616/00045,4,P106528,1,832.82,SALE,1718547239,S10,20240616
S10/20240616/00045,5,P101018,2,129.68,SALE,1718547239,S10,20240616
S10/20240616/00045,6,TAX,1,312.31,TAX,1718547239,S10,20240616
S10/20240616/00045,7,TENDER,1,4714.01,TENDER,1718547239,S10,20240616
S10/20240616/00046,1,P101925,3,181.41,SALE,1718565377,S10,20240616
S10/20240616/00046,2,P106872,3,73.31,SALE,1718565377,S10,20240616
S10/20240616/00046,3,P108374,2,1311.92,SALE,1718565377,S10,20240616
S10/20240616/00046,4,P102963,2,365.76,SALE,1718565377,S10,20240616
S10/20240616/00046,5,TAX,1,269.22,TAX,1718565377,S10,20240616
S10/20240616/00046,6,TENDER,1,4388.74,TENDER,1718565377,S10,20240616
S10/20240616/00047,1,P107502,3,311.85,SALE,1718554510,S10,20240616
S10/20240616/00047,2,P100387,2,104.82,SALE,1718554510,S10,20240616
S10/20240616/00047,3,P104410,1,498.71,SALE,1718554510,S10,20240616
S10/20240616/00047,4,P103525,2,252.51,SALE,1718554510,S10,20240616
S10/20240616/00047,5,TAX,1,293.90,TAX,1718554510,S10,20240616
S10/20240616/00047,6,TENDER,1,2442.82,TENDER,1718554510,S10,20240616
S10/20240616/00048,1,P107721,2,92.25,SALE,1718543323,S10,20240616
S10/20240616/00048,2,P100904,2,68.79,SALE,1718543323,S10,20240616
S10/20240616/00048,3,P106048,2,310.59,SALE,1718543323,S10,20240616
S10/20240616/00048,4,P106443,2,52.87,SALE,1718543323,S10,20240616
S10/20240616/00048,5,P106123,1,248.44,SALE,1718543323,S10,20240616
S10/20240616/00048,6,P106934,1,1554.16,SALE,1718543323,S10,20240616
S10/20240616/00048,7,TAX,1,104.59,TAX,1718543323,S10,20240616
S10/20240616/00048,8,TENDER,1,2956.19,TENDER,1718543323,S10,20240616
S10/20240616/00049,1,P107231,1,1193.22,SALE,1718548935,S10,20240616
S10/20240616/00049,2,P106300,1,387.92,SALE,1718548935,S10,20240616
S10/20240616/00049,3,P101660,3,193.14,SALE,1718548935,S10,20240616
S10/20240616/00049,4,P107589,2,266.18,SALE,1718548935,S10,20240616
S10/20240616/00049,5,TAX,1,171.35,TAX,1718548935,S10,20240616
S10/20240616/00049,6,TENDER,1,2864.27,TENDER,1718548935,S10,20240616
S10/20240616/00050,1,P107775,2,755.55,SALE,1718548424,S10,20240616
S10/20240616/00050,2,P105377,3,262.95,SALE,1718548424,S10,20240616
S10/20240616/00050,3,P100924,2,49.24,SALE,1718548424,S10,20240616
S10/20240616/00050,4,P104212,2,401.95,SALE,1718548424,S10,20240616
S10/20240616/00050,5,P101076,2,606.89,SALE,1718548424,S10,20240616
S10/20240616/00050,6,P101923,1,484.95,SALE,1718548424,S10,20240616
S10/20240616/00050,7,TAX,1,480.63,TAX,1718548424,S10,20240616
S10/20240616/00050,8,TENDER,1,5381.69,TENDER,1718548424,S10,20240616
S10/20240616/00051,1,P107385,3,797.95,SALE,1718564866,S10,20240616
S10/20240616/00051,2,P103424,3,295.58,SALE,1718564866,S10,20240616
S10/20240616/00051,3,P106534,4,87.55,SALE,1718564866,S10,20240616
S10/20240616/00051,4,P108046,5,95.35,SALE,1718564866,S10,20240616
S10/20240616/00051,5,P103171,2,58.65,SALE,1718564866,S10,20240616
S10/20240616/00051,6,TAX,1,380.82,TAX,1718564866,S10,20240616
S10/20240616/00051,7,TENDER,1,4605.66,TENDER,1718564866,S10,20240616
S10/20240616/00052,1,P101242,2,83.48,SALE,1718555332,S10,20240616
S10/20240616/00052,2,TAX,1,30.05,TAX,1718555332,S10,20240616
S10/20240616/00052,3,TENDER,1,197.01,TENDER,1718555332,S10,20240616
S10/20240616/00053,1,P107137,2,32.59,SALE,1718562059,S10,20240616
S10/20240616/00053,2,P108017,1,103.22,SALE,1718562059,S10,20240616
S10/20240616/00053,3,P100194,3,42.41,SALE,1718562059,S10,20240616
S10/20240616/00053,4,P105971,2,1150.46,SALE,1718562059,S10,20240616
S10/20240616/00053,5,P107815,3,106.85,SALE,1718562059,S10,20240616
S10/20240616/00053,6,P106357,2,1078.45,SALE,1718562059,S10,20240616
S10/20240616/00053,7,TAX,1,435.24,TAX,1718562059,S10,20240616
S10/20240616/00053,8,TENDER,1,5509.24,TENDER,1718562059,S10,20240616
S10/20240616/00054,1,P103309,3,59.57,SALE,1718562292,S10,20240616
S10/20240616/00054,2,P106697,2,342.69,SALE,1718562292,S10,20240616
S10/20240616/00054,3,TAX,1,91.18,TAX,1718562292,S10,20240616
S10/20240616/00054,4,TENDER,1,955.27,TENDER,1718562292,S10,20240616
S10/20240616/00055,1,P103934,3,260.38,SALE,1718549930,S10,20240616
S10/20240616/00055,2,P101722,2,1331.86,SALE,1718549930,S10,20240616
S10/20240616/00055,3,P100864,1,193.24,SALE,1718549930,S10,20240616
S10/20240616/00055,4,P106424,2,535.14,SALE,1718549930,S10,20240616
S10/20240616/00055,5,P101272,3,87.22,SALE,1718549930,S10,20240616
S10/20240616/00055,6,TAX,1,375.17,TAX,1718549930,S10,20240616
S10/20240616/00055,7,TENDER,1,5345.21,TENDER,1718549930,S10,20240616
S10/20240616/00056,1,P103484,6,109.59,SALE,1718553634,S10,20240616
S10/20240616/00056,2,P100924,4,49.24,SALE,1718553634,S10,20240616
S10/20240616/00056,3,P101440,4,234.68,SALE,1718553634,S10,20240616
S10/20240616/00056,4,P106865,1,299.72,SALE,1718553634,S10,20240616
S10/20240616/00056,5,TAX,1,207.76,TAX,1718553634,S10,20240616
S10/20240616/00056,6,TENDER,1,2300.70,TENDER,1718553634,S10,20240616
S10/20240616/00057,1,P100924,2,49.24,SALE,1718545128,S10,20240616
S10/20240616/00057,2,P102067,2,181.50,SALE,1718545128,S10,20240616
S10/20240616/00057,3,P103964,3,134.21,SALE,1718545128,S10,20240616
S10/20240616/00057,4,P101177,1,150.26,SALE,1718545128,S10,20240616
S10/20240616/00057,5,P105337,2,31.85,SALE,1718545128,S10,20240616
S10/20240616/00057,6,P106900,2,179.85,SALE,1718545128,S10,20240616
S10/20240616/00057,7,P103188,2,30.16,SALE,1718545128,S10,20240616
S10/20240616/00057,8,P105918,2,294.44,SALE,1718545128,S10,20240616
S10/20240616/00057,9,TAX,1,201.55,TAX,1718545128,S10,20240616
S10/20240616/00057,10,TENDER,1,2288.52,TENDER,1718545128,S10,20240616
S10/20240616/00058,1,P102835,1,101.19,SALE,1718560868,S10,20240616
S10/20240616/00058,2,P101174,2,49.27,SALE,1718560868,S10,20240616
S10/20240616/00058,3,P103188,1,30.16,SALE,1718560868,S10,20240616
S10/20240616/00058,4,P107182,1,109.95,SALE,1718560868,S10,20240616
S10/20240616/00058,5,P103766,4,191.95,SALE,1718560868,S10,20240616
S10/20240616/00058,6,TAX,1,80.68,TAX,1718560868,S10,20240616
S10/20240616/00058,7,TENDER,1,1188.32,TENDER,1718560868,S10,20240616
S10/20240616/00059,1,P100441,2,419.95,SALE,1718542248,S10,20240616
S10/20240616/00059,2,P106200,2,117.95,SALE,1718542248,S10,20240616
S10/20240616/00059,3,P103712,4,481.86,SALE,1718542248,S10,20240616
S10/20240616/00059,4,P104242,1,275.95,SALE,1718542248,S10,20240616
S10/20240616/00059,5,P107872,2,583.81,SALE,1718542248,S10,20240616
S10/20240616/00059,6,P101332,1,400.98,SALE,1718542248,S10,20240616
S10/20240616/00059,7,P100441,-2,419.95,VOID,1718542248,S10,20240616
S10/20240616/00059,8,P106200,-2,117.95,VOID,1718542248,S10,20240616
S10/20240616/00059,9,P103712,-4,481.86,VOID,1718542248,S10,20240616
S10/20240616/00059,10,P104242,-1,275.95,VOID,1718542248,S10,20240616
S10/20240616/00059,11,P107872,-2,583.81,VOID,1718542248,S10,20240616
S10/20240616/00059,12,P101332,-1,400.98,VOID,1718542248,S10,20240616
S10/20240616/00059,13,TAX,1,0.00,TAX,1718542248,S10,20240616
S10/20240616/00059,14,TENDER,1,0.00,TENDER,1718542248,S10,20240616
S10/20240616/00060,1,P100784,2,319.36,SALE,1718539950,S10,20240616
S10/20240616/00060,2,P101345,1,69.59,SALE,1718539950,S10,20240616
S10/20240616/00060,3,P103806,3,305.95,SALE,1718539950,S10,20240616
S10/20240616/00060,4,TAX,1,80.13,TAX,1718539950,S10,20240616
S10/20240616/00060,5,TENDER,1,1706.29,TENDER,1718539950,S10,20240616
S10/20240616/00061,1,P105268,2,255.65,SALE,1718551925,S10,20240616
S10/20240616/00061,2,P106997,4,39.70,SALE,1718551925,S10,20240616
S10/20240616/00061,3,P106566,1,229.43,SALE,1718551925,S10,20240616
S10/20240616/00061,4,TAX,1,152.39,TAX,1718551925,S10,20240616
S10/20240616/00061,5,TENDER,1,1051.92,TENDER,1718551925,S10,20240616
S10/20240616/00062,1,P106072,1,78.69,SALE,1718550352,S10,20240616
S10/20240616/00062,2,P104665,2,217.71,SALE,1718550352,S10,20240616
S10/20240616/00062,3,P108374,2,1311.92,SALE,1718550352,S10,20240616
S10/20240616/00062,4,TAX,1,61.69,TAX,1718550352,S10,20240616
S10/20240616/00062,5,TENDER,1,3199.64,TENDER,1718550352,S10,20240616
S10/20240616/00063,1,P105695,1,141.87,SALE,1718545565,S10,20240616
S10/20240616/00063,2,P106989,2,24.76,SALE,1718545565,S10,20240616
S10/20240616/00063,3,P104485,1,643.04,SALE,1718545565,S10,20240616
S10/20240616/00063,4,TAX,1,93.17,TAX,1718545565,S10,20240616
S10/20240616/00063,5,TENDER,1,927.60,TENDER,1718545565,S10,20240616
S10/20240616/00064,1,P104921,3,398.95,SALE,1718567044,S10,20240616
S10/20240616/00064,2,P101933,1,1344.63,SALE,1718567044,S10,20240616
S10/20240616/00064,3,P106679,3,181.66,SALE,1718567044,S10,20240616
S10/20240616/00064,4,P100711,2,111.35,SALE,1718567044,S10,20240616
S10/20240616/00064,5,P106336,3,456.47,SALE,1718567044,S10,20240616
S10/20240616/00064,6,P107639,2,128.49,SALE,1718567044,S10,20240616
S10/20240616/00064,7,TAX,1,694.21,TAX,1718567044,S10,20240616
S10/20240616/00064,8,TENDER,1,5629.76,TENDER,1718567044,S10,20240616
S10/20240616/00065,1,P100784,3,319.36,SALE,1718545887,S10,20240616
S10/20240616/00065,2,P100819,1,1203.94,SALE,1718545887,S10,20240616
S10/20240616/00065,3,P107149,2,145.83,SALE,1718545887,S10,20240616
S10/20240616/00065,4,P103348,2,485.60,SALE,1718545887,S10,20240616
S10/20240616/00065,5,TAX,1,216.03,TAX,1718545887,S10,20240616
S10/20240616/00065,6,TENDER,1,3640.91,TENDER,1718545887,S10,20240616
S10/20240617/00001,1,P104992,1,889.34,SALE,1718630890,S10,20240617
S10/20240617/00001,2,P101547,2,62.01,SALE,1718630890,S10,20240617
S10/20240617/00001,3,P103105,2,29.46,SALE,1718630890,S10,20240617
S10/20240617/00001,4,P101184,1,55.85,SALE,1718630890,S10,20240617
S10/20240617/00001,5,P104544,2,93.89,SALE,1718630890,S10,20240617
S10/20240617/00001,6,P103473,2,424.75,SALE,1718630890,S10,20240617
S10/20240617/00001,7,P104600,3,48.49,SALE,1718630890,S10,20240617
S10/20240617/00001,8,TAX,1,142.11,TAX,1718630890,S10,20240617
S10/20240617/00001,9,TENDER,1,2452.99,TENDER,1718630890,S10,20240617
S10/20240617/00002,1,P107526,1,50.67,SALE,1718642723,S10,20240617
S10/20240617/00002,2,P106353,1,233.29,SALE,1718642723,S10,20240617
S10/20240617/00002,3,P104533,1,271.68,SALE,1718642723,S10,20240617
S10/20240617/00002,4,P102835,2,101.19,SALE,1718642723,S10,20240617
S10/20240617/00002,5,P104725,3,536.92,SALE,1718642723,S10,20240617
S10/20240617/00002,6,P101134,1,1071.76,SALE,1718642723,S10,20240617
S10/20240617/00002,7,P102947,1,59.21,SALE,1718642723,S10,20240617
S10/20240617/00002,8,TAX,1,378.92,TAX,1718642723,S10,20240617
S10/20240617/00002,9,TENDER,1,3878.67,TENDER,1718642723,S10,20240617
S10/20240617/00003,1,P105468,1,1100.43,SALE,1718632479,S10,20240617
S10/20240617/00003,2,P104842,4,357.87,SALE,1718632479,S10,20240617
S10/20240617/00003,3,P107320,3,223.25,SALE,1718632479,S10,20240617
S10/20240617/00003,4,P108060,3,217.09,SALE,1718632479,S10,20240617
S10/20240617/00003,5,P101292,1,380.75,SALE,1718632479,S10,20240617
S10/20240617/00003,6,P107984,2,357.15,SALE,1718632479,S10,20240617
S10/20240617/00003,7,TAX,1,572.01,TAX,1718632479,S10,20240617
S10/20240617/00003,8,TENDER,1,5519.99,TENDER,1718632479,S10,20240617
S10/20240617/00004,1,P107432,1,44.98,SALE,1718632389,S10,20240617
S10/20240617/00004,2,P104032,2,568.95,SALE,1718632389,S10,20240617
S10/20240617/00004,3,P103259,2,298.27,SALE,1718632389,S10,20240617
S10/20240617/00004,4,P100511,2,407.54,SALE,1718632389,S10,20240617
S10/20240617/00004,5,TAX,1,304.88,TAX,1718632389,S10,20240617
S10/20240617/00004,6,TENDER,1,2899.38,TENDER,1718632389,S10,20240617
S10/20240617/00005,1,P105288,2,271.73,SALE,1718652178,S10,20240617
S10/20240617/00005,2,P105562,3,422.85,SALE,1718652178,S10,20240617
S10/20240617/00005,3,P108179,2,290.92,SALE,1718652178,S10,20240617
S10/20240617/00005,4,P108221,4,51.41,SALE,1718652178,S10,20240617
S10/20240617/00005,5,TAX,1,335.18,TAX,1718652178,S10,20240617
S10/20240617/00005,6,TENDER,1,2934.67,TENDER,1718652178,S10,20240617
S10/20240617/00006,1,P100428,1,122.83,SALE,1718636702,S10,20240617
S10/20240617/00006,2,P101142,3,98.55,SALE,1718636702,S10,20240617
S10/20240617/00006,3,P104747,2,315.50,SALE,1718636702,S10,20240617
S10/20240617/00006,4,P104708,1,487.33,SALE,1718636702,S10,20240617
S10/20240617/00006,5,TAX,1,135.56,TAX,1718636702,S10,20240617
S10/20240617/00006,6,TENDER,1,1672.37,TENDER,1718636702,S10,20240617
S10/20240617/00007,1,P101117,2,215.43,SALE,1718644953,S10,20240617
S10/20240617/00007,2,P102671,1,252.00,SALE,1718644953,S10,20240617
S10/20240617/00007,3,P104637,3,294.49,SALE,1718644953,S10,20240617
S10/20240617/00007,4,P100066,2,251.22,SALE,1718644953,S10,20240617
S10/20240617/00007,5,P104986,4,204.89,SALE,1718644953,S10,20240617
S10/20240617/00007,6,TAX,1,389.34,TAX,1718644953,S10,20240617
S10/20240617/00007,7,TENDER,1,3277.67,TENDER,1718644953,S10,20240617
S10/20240617/00008,1,P101242,1,83.48,SALE,1718663969,S10,20240617
S10/20240617/00008,2,P105583,5,179.43,SALE,1718663969,S10,20240617
S10/20240617/00008,3,P108335,1,165.51,SALE,1718663969,S10,20240617
S10/20240617/00008,4,P100106,1,287.42,SALE,1718663969,S10,20240617
S10/20240617/00008,5,P108026,2,103.54,SALE,1718663969,S10,20240617
S10/20240617/00008,6,P102181,1,1586.03,SALE,1718663969,S10,20240617
S10/20240617/00008,7,TAX,1,265.52,TAX,1718663969,S10,20240617
S10/20240617/00008,8,TENDER,1,3492.19,TENDER,1718663969,S10,20240617
S10/20240617/00009,1,P106035,1,89.95,SALE,1718635126,S10,20240617
S10/20240617/00009,2,P105815,2,320.65,SALE,1718635126,S10,20240617
S10/20240617/00009,3,P100528,3,623.32,SALE,1718635126,S10,20240617
S10/20240617/00009,4,P100164,2,593.34,SALE,1718635126,S10,20240617
S10/20240617/00009,5,P107003,4,1186.93,SALE,1718635126,S10,20240617
S10/20240617/00009,6,P104909,2,363.10,SALE,1718635126,S10,20240617
S10/20240617/00009,7,P107208,1,323.06,SALE,1718635126,S10,20240617
S10/20240617/00009,8,TAX,1,322.90,TAX,1718635126,S10,20240617
S10/20240617/00009,9,TENDER,1,9907.77,TENDER,1718635126,S10,20240617
S10/20240617/00010,1,P105209,1,399.92,SALE,1718642322,S10,20240617
S10/20240617/00010,2,P104501,1,449.67,SALE,1718642322,S10,20240617
S10/20240617/00010,3,P108302,3,855.55,SALE,1718642322,S10,20240617
S10/20240617/00010,4,P100838,2,37.95,SALE,1718642322,S10,20240617
S10/20240617/00010,5,P106731,4,142.59,SALE,1718642322,S10,20240617
S10/20240617/00010,6,P101874,2,19.95,SALE,1718642322,S10,20240617
S10/20240617/00010,7,TAX,1,204.11,TAX,1718642322,S10,20240617
S10/20240617/00010,8,TENDER,1,4306.51,TENDER,1718642322,S10,20240617
S10/20240617/00011,1,P103206,2,450.05,SALE,1718651482,S10,20240617
S10/20240617/00011,2,P107053,2,524.95,SALE,1718651482,S10,20240617
S10/20240617/00011,3,P101515,3,58.58,SALE,1718651482,S10,20240617
S10/20240617/00011,4,P104593,2,867.34,SALE,1718651482,S10,20240617
S10/20240617/00011,5,TAX,1,422.67,TAX,1718651482,S10,20240617
S10/20240617/00011,6,TENDER,1,4283.09,TENDER,1718651482,S10,20240617
S10/20240617/00012,1,P101796,1,990.67,SALE,1718641882,S10,20240617
S10/20240617/00012,2,P106478,1,56.12,SALE,1718641882,S10,20240617
S10/20240617/00012,3,TAX,1,52.34,TAX,1718641882,S10,20240617
S10/20240617/00012,4,TENDER,1,1099.13,TENDER,1718641882,S10,20240617
S10/20240617/00013,1,P100819,1,1203.94,SALE,1718636290,S10,20240617
S10/20240617/00013,2,P101839,4,408.40,SALE,1718636290,S10,20240617
S10/20240617/00013,3,P105684,1,1114.27,SALE,1718636290,S10,20240617
S10/20240617/00013,4,TAX,1,251.75,TAX,1718636290,S10,20240617
S10/20240617/00013,5,TENDER,1,4203.56,TENDER,1718636290,S10,20240617
S10/20240617/00014,1,P101321,1,24.76,SALE,1718637269,S10,20240617
S10/20240617/00014,2,P107890,2,133.07,SALE,1718637269,S10,20240617
S10/20240617/00014,3,P106151,2,298.42,SALE,1718637269,S10,20240617
S10/20240617/00014,4,P102465,2,1410.14,SALE,1718637269,S10,20240617
S10/20240617/00014,5,TAX,1,230.40,TAX,1718637269,S10,20240617
S10/20240617/00014,6,TENDER,1,3938.42,TENDER,1718637269,S10,20240617
S10/20240617/00015,1,P103757,2,147.98,SALE,1718642945,S10,20240617
S10/20240617/00015,2,P102549,1,139.23,SALE,1718642945,S10,20240617
S10/20240617/00015,3,P106965,2,78.22,SALE,1718642945,S10,20240617
S10/20240617/00015,4,P107381,3,195.99,SALE,1718642945,S10,20240617
S10/20240617/00015,5,P103243,2,195.61,SALE,1718642945,S10,20240617
S10/20240617/00015,6,TAX,1,112.74,TAX,1718642945,S10,20240617
S10/20240617/00015,7,TENDER,1,1683.56,TENDER,1718642945,S10,20240617
S10/20240617/00016,1,P107721,1,92.25,SALE,1718632361,S10,20240617
S10/20240617/00016,2,P102674,2,496.43,SALE,1718632361,S10,20240617
S10/20240617/00016,3,P105713,2,327.34,SALE,1718632361,S10,20240617
S10/20240617/00016,4,P104081,2,586.63,SALE,1718632361,S10,20240617
S10/20240617/00016,5,TAX,1,211.45,TAX,1718632361,S10,20240617
S10/20240617/00016,6,TENDER,1,3124.50,TENDER,1718632361,S10,20240617
S10/20240617/00017,1,P107799,2,738.35,SALE,1718630805,S10,20240617
S10/20240617/00017,2,P100131,1,624.57,SALE,1718630805,S10,20240617
S10/20240617/00017,3,P103871,1,196.47,SALE,1718630805,S10,20240617
S10/20240617/00017,4,P104149,3,85.95,SALE,1718630805,S10,20240617
S10/20240617/00017,5,P104454,4,47.84,SALE,1718630805,S10,20240617
S10/20240617/00017,6,TAX,1,181.07,TAX,1718630805,S10,20240617
S10/20240617/00017,7,TENDER,1,2928.02,TENDER,1718630805,S10,20240617
S10/20240617/00018,1,P101292,2,380.75,SALE,1718636834,S10,20240617
S10/20240617/00018,2,P102510,2,35.56,SALE,1718636834,S10,20240617
S10/20240617/00018,3,TAX,1,46.61,TAX,1718636834,S10,20240617
S10/20240617/00018,4,TENDER,1,879.23,TENDER,1718636834,S10,20240617
S10/20240617/00019,1,P102465,1,1297.33,SALE,1718649058,S10,20240617
S10/20240617/00019,2,P106629,2,52.08,SALE,1718649058,S10,20240617
S10/20240617/00019,3,TAX,1,83.62,TAX,1718649058,S10,20240617
S10/20240617/00019,4,TENDER,1,1485.11,TENDER,1718649058,S10,20240617
S10/20240617/00020,1,P104916,-3,284.74,RETURN,1718637477,S10,20240617
S10/20240617/00020,2,P104107,-3,475.22,RETURN,1718637477,S10,20240617
S10/20240617/00020,3,P105666,-2,1064.29,RETURN,1718637477,S10,20240617
S10/20240617/00020,4,TAX,1,-410.38,TAX,1718637477,S10,20240617
S10/20240617/00020,5,TENDER,1,-4818.84,TENDER,1718637477,S10,20240617
S10/20240617/00021,1,P100298,3,53.95,SALE,1718653635,S10,20240617
S10/20240617/00021,2,P101052,1,198.99,SALE,1718653635,S10,20240617
S10/20240617/00021,3,P103749,1,15.85,SALE,1718653635,S10,20240617
S10/20240617/00021,4,P103081,1,480.46,SALE,1718653635,S10,20240617
S10/20240617/00021,5,P103283,3,147.93,SALE,1718653635,S10,20240617
S10/20240617/00021,6,P101925,1,181.41,SALE,1718653635,S10,20240617
S10/20240617/00021,7,TAX,1,188.09,TAX,1718653635,S10,20240617
S10/20240617/00021,8,TENDER,1,1670.44,TENDER,1718653635,S10,20240617
S10/20240617/00022,1,P103719,3,957.52,SALE,1718632606,S10,20240617
S10/20240617/00022,2,P104048,2,168.34,SALE,1718632606,S10,20240617
S10/20240617/00022,3,P106258,3,423.67,SALE,1718632606,S10,20240617
S10/20240617/00022,4,P104800,4,692.51,SALE,1718632606,S10,20240617
S10/20240617/00022,5,P101613,2,117.31,SALE,1718632606,S10,20240617
S10/20240617/00022,6,P100761,2,51.26,SALE,1718632606,S10,20240617
S10/20240617/00022,7,P107807,3,118.66,SALE,1718632606,S10,20240617
S10/20240617/00022,8,TAX,1,846.22,TAX,1718632606,S10,20240617
S10/20240617/00022,9,TENDER,1,8789.63,TENDER,1718632606,S10,20240617
S10/20240617/00023,1,P104628,3,196.55,SALE,1718648028,S10,20240617
S10/20240617/00023,2,P101444,4,834.95,SALE,1718648028,S10,20240617
S10/20240617/00023,3,P104121,3,130.95,SALE,1718648028,S10,20240617
S10/20240617/00023,4,TAX,1,343.84,TAX,1718648028,S10,20240617
S10/20240617/00023,5,TENDER,1,4666.14,TENDER,1718648028,S10,20240617
S10/20240617/00024,1,P100609,2,76.13,SALE,1718650301,S10,20240617
S10/20240617/00024,2,P104898,4,161.27,SALE,1718650301,S10,20240617
S10/20240617/00024,3,P103155,3,243.23,SALE,1718650301,S10,20240617
S10/20240617/00024,4,TAX,1,181.87,TAX,1718650301,S10,20240617
S10/20240617/00024,5,TENDER,1,1708.90,TENDER,1718650301,S10,20240617
S10/20240617/00025,1,P105855,3,136.40,SALE,1718633593,S10,20240617
S10/20240617/00025,2,P104733,1,627.95,SALE,1718633593,S10,20240617
S10/20240617/00025,3,P107536,2,1495.35,SALE,1718633593,S10,20240617
S10/20240617/00025,4,P102184,1,91.57,SALE,1718633593,S10,20240617
S10/20240617/00025,5,DISC,1,-434.10,DISCOUNT,1718633593,S10,20240617
S10/20240617/00025,6,TAX,1,134.17,TAX,1718633593,S10,20240617
S10/20240617/00025,7,TENDER,1,3819.49,TENDER,1718633593,S10,20240617
S10/20240617/00026,1,P107495,2,387.50,SALE,1718642755,S10,20240617
S10/20240617/00026,2,P104676,3,81.62,SALE,1718642755,S10,20240617
S10/20240617/00026,3,P107767,1,510.38,SALE,1718642755,S10,20240617
S10/20240617/00026,4,P101681,2,139.09,SALE,1718642755,S10,20240617
S10/20240617/00026,5,TAX,1,195.98,TAX,1718642755,S10,20240617
S10/20240617/00026,6,TENDER,1,2004.40,TENDER,1718642755,S10,20240617
S10/20240617/00027,1,P107775,2,755.55,SALE,1718638069,S10,20240617
S10/20240617/00027,2,P103231,4,235.56,SALE,1718638069,S10,20240617
S10/20240617/00027,3,P105083,2,245.38,SALE,1718638069,S10,20240617
S10/20240617/00027,4,TAX,1,211.00,TAX,1718638069,S10,20240617
S10/20240617/00027,5,TENDER,1,3155.10,TENDER,1718638069,S10,20240617
S10/20240617/00028,1,P100686,1,787.42,SALE,1718640557,S10,20240617
S10/20240617/00028,2,P100394,2,320.36,SALE,1718640557,S10,20240617
S10/20240617/00028,3,P102383,2,10.62,SALE,1718640557,S10,20240617
S10/20240617/00028,4,P107555,2,1314.43,SALE,1718640557,S10,20240617
S10/20240617/00028,5,TAX,1,80.71,TAX,1718640557,S10,20240617
S10/20240617/00028,6,TENDER,1,4158.95,TENDER,1718640557,S10,20240617
S10/20240617/00029,1,P103413,4,1352.06,SALE,1718641082,S10,20240617
S10/20240617/00029,2,P107621,2,119.64,SALE,1718641082,S10,20240617
S10/20240617/00029,3,P105302,3,258.62,SALE,1718641082,S10,20240617
S10/20240617/00029,4,P103354,1,894.50,SALE,1718641082,S10,20240617
S10/20240617/00029,5,P104454,1,47.84,SALE,1718641082,S10,20240617
S10/20240617/00029,6,P103861,1,52.95,SALE,1718641082,S10,20240617
S10/20240617/00029,7,TAX,1,314.24,TAX,1718641082,S10,20240617
S10/20240617/00029,8,TENDER,1,7732.91,TENDER,1718641082,S10,20240617
S10/20240617/00030,1,P108369,3,318.67,SALE,1718626150,S10,20240617
S10/20240617/00030,2,P104658,3,73.05,SALE,1718626150,S10,20240617
S10/20240617/00030,3,P106802,1,689.06,SALE,1718626150,S10,20240617
S10/20240617/00030,4,TAX,1,217.49,TAX,1718626150,S10,20240617
S10/20240617/00030,5,TENDER,1,2081.71,TENDER,1718626150,S10,20240617
S10/20240617/00031,1,P102738,2,236.55,SALE,1718669178,S10,20240617
S10/20240617/00031,2,P106877,1,1085.30,SALE,1718669178,S10,20240617
S10/20240617/00031,3,P100744,4,61.87,SALE,1718669178,S10,20240617
S10/20240617/00031,4,P105624,2,380.06,SALE,1718669178,S10,20240617
S10/20240617/00031,5,P100810,1,200.65,SALE,1718669178,S10,20240617
S10/20240617/00031,6,P104854,1,35.76,SALE,1718669178,S10,20240617
S10/20240617/00031,7,TAX,1,117.18,TAX,1718669178,S10,20240617
S10/20240617/00031,8,TENDER,1,2919.59,TENDER,1718669178,S10,20240617
S10/20240617/00032,1,P106093,2,315.93,SALE,1718638053,S10,20240617
S10/20240617/00032,2,P100233,1,67.07,SALE,1718638053,S10,20240617
S10/20240617/00032,3,P107110,2,78.35,SALE,1718638053,S10,20240617
S10/20240617/00032,4,P103994,1,148.39,SALE,1718638053,S10,20240617
S10/20240617/00032,5,P107960,3,1047.81,SALE,1718638053,S10,20240617
S10/20240617/00032,6,P107226,3,86.90,SALE,1718638053,S10,20240617
S10/20240617/00032,7,TAX,1,531.52,TAX,1718638053,S10,20240617
S10/20240617/00032,8,TENDER,1,4939.67,TENDER,1718638053,S10,20240617
S10/20240617/00033,1,P104533,1,271.68,SALE,1718660474,S10,20240617
S10/20240617/00033,2,P103743,3,1117.90,SALE,1718660474,S10,20240617
S10/20240617/00033,3,P103137,1,218.09,SALE,1718660474,S10,20240617
S10/20240617/00033,4,P108001,1,87.00,SALE,1718660474,S10,20240617
S10/20240617/00033,5,P106098,1,334.84,SALE,1718660474,S10,20240617
S10/20240617/00033,6,P107753,4,67.96,SALE,1718660474,S10,20240617
S10/20240617/00033,7,TAX,1,79.94,TAX,1718660474,S10,20240617
S10/20240617/00033,8,TENDER,1,4617.09,TENDER,1718660474,S10,20240617
S10/20240617/00034,1,P101305,3,110.46,SALE,1718633621,S10,20240617
S10/20240617/00034,2,P100560,1,176.85,SALE,1718633621,S10,20240617
S10/20240617/00034,3,TAX,1,80.87,TAX,1718633621,S10,20240617
S10/20240617/00034,4,TENDER,1,589.10,TENDER,1718633621,S10,20240617
S10/20240618/00001,1,P108206,1,78.93,SALE,1718716637,S10,20240618
S10/20240618/00001,2,P106833,3,397.38,SALE,1718716637,S10,20240618
S10/20240618/00001,3,P107365,2,934.48,SALE,1718716637,S10,20240618
S10/20240618/00001,4,P100924,1,49.24,SALE,1718716637,S10,20240618
S10/20240618/00001,5,TAX,1,447.72,TAX,1718716637,S10,20240618
S10/20240618/00001,6,TENDER,1,3636.99,TENDER,1718716637,S10,20240618
S10/20240618/00002,1,P107807,2,118.66,SALE,1718721128,S10,20240618
S10/20240618/00002,2,P105747,1,287.56,SALE,1718721128,S10,20240618
S10/20240618/00002,3,P103144,1,145.27,SALE,1718721128,S10,20240618
S10/20240618/00002,4,TAX,1,70.89,TAX,1718721128,S10,20240618
S10/20240618/00002,5,TENDER,1,741.04,TENDER,1718721128,S10,20240618
S10/20240618/00003,1,P101258,3,208.34,SALE,1718733312,S10,20240618
S10/20240618/00003,2,TAX,1,112.50,TAX,1718733312,S10,20240618
S10/20240618/00003,3,TENDER,1,737.52,TENDER,1718733312,S10,20240618
S10/20240618/00004,1,P106907,1,321.26,SALE,1718733568,S10,20240618
S10/20240618/00004,2,P101710,3,307.38,SALE,1718733568,S10,20240618
S10/20240618/00004,3,P105307,2,863.64,SALE,1718733568,S10,20240618
S10/20240618/00004,4,TAX,1,197.02,TAX,1718733568,S10,20240618
S10/20240618/00004,5,TENDER,1,3167.70,TENDER,1718733568,S10,20240618
S10/20240618/00005,1,P107721,2,92.25,SALE,1718696612,S10,20240618
S10/20240618/00005,2,P106452,5,27.90,SALE,1718696612,S10,20240618
S10/20240618/00005,3,TAX,1,6.98,TAX,1718696612,S10,20240618
S10/20240618/00005,4,TENDER,1,330.98,TENDER,1718696612,S10,20240618
S10/20240618/00006,1,P107621,3,119.64,SALE,1718704783,S10,20240618
S10/20240618/00006,2,P101404,2,213.08,SALE,1718704783,S10,20240618
S10/20240618/00006,3,P101520,3,168.04,SALE,1718704783,S10,20240618
S10/20240618/00006,4,P105789,1,42.75,SALE,1718704783,S10,20240618
S10/20240618/00006,5,TAX,1,54.21,TAX,1718704783,S10,20240618
S10/20240618/00006,6,TENDER,1,1386.16,TENDER,1718704783,S10,20240618
S10/20240618/00007,1,P107609,3,108.46,SALE,1718736604,S10,20240618
S10/20240618/00007,2,P103806,1,305.95,SALE,1718736604,S10,20240618
S10/20240618/00007,3,P105757,1,248.44,SALE,1718736604,S10,20240618
S10/20240618/00007,4,P106464,3,271.59,SALE,1718736604,S10,20240618
S10/20240618/00007,5,P106084,3,592.14,SALE,1718736604,S10,20240618
S10/20240618/00007,6,TAX,1,257.58,TAX,1718736604,S10,20240618
S10/20240618/00007,7,TENDER,1,3728.54,TENDER,1718736604,S10,20240618
S10/20240618/00008,1,P100956,2,421.98,SALE,1718747311,S10,20240618
S10/20240618/00008,2,P108216,1,69.70,SALE,1718747311,S10,20240618
S10/20240618/00008,3,P100889,3,976.95,SALE,1718747311,S10,20240618
S10/20240618/00008,4,P101164,2,401.86,SALE,1718747311,S10,20240618
S10/20240618/00008,5,P101048,1,208.35,SALE,1718747311,S10,20240618
S10/20240618/00008,6,TAX,1,347.31,TAX,1718747311,S10,20240618
S10/20240618/00008,7,TENDER,1,5203.89,TENDER,1718747311,S10,20240618
S10/20240618/00009,1,P100421,3,121.56,SALE,1718718210,S10,20240618
S10/20240618/00009,2,P104320,1,128.95,SALE,1718718210,S10,20240618
S10/20240618/00009,3,P107890,1,133.07,SALE,1718718210,S10,20240618
S10/20240618/00009,4,P106191,3,1230.97,SALE,1718718210,S10,20240618
S10/20240618/00009,5,DISC,1,-104.39,DISCOUNT,1718718210,S10,20240618
S10/20240618/00009,6,TAX,1,6.49,TAX,1718718210,S10,20240618
S10/20240618/00009,7,TENDER,1,4221.71,TENDER,1718718210,S10,20240618
S10/20240618/00010,1,P107292,1,324.95,SALE,1718733153,S10,20240618
S10/20240618/00010,2,P106745,2,598.54,SALE,1718733153,S10,20240618
S10/20240618/00010,3,P106830,2,103.94,SALE,1718733153,S10,20240618
S10/20240618/00010,4,P102006,2,1553.68,SALE,1718733153,S10,20240618
S10/20240618/00010,5,P100086,1,88.95,SALE,1718733153,S10,20240618
S10/20240618/00010,6,TAX,1,296.33,TAX,1718733153,S10,20240618
S10/20240618/00010,7,TENDER,1,5222.55,TENDER,1718733153,S10,20240618
S10/20240618/00011,1,P100194,4,42.41,SALE,1718736332,S10,20240618
S10/20240618/00011,2,P100305,4,771.81,SALE,1718736332,S10,20240618
S10/20240618/00011,3,P108282,3,407.70,SALE,1718736332,S10,20240618
S10/20240618/00011,4,P108234,3,33.09,SALE,1718736332,S10,20240618
S10/20240618/00011,5,DISC,1,-464.21,DISCOUNT,1718736332,S10,20240618
S10/20240618/00011,6,TAX,1,98.45,TAX,1718736332,S10,20240618
S10/20240618/00011,7,TENDER,1,4213.49,TENDER,1718736332,S10,20240618
S10/20240618/00012,1,P102286,2,238.95,SALE,1718708135,S10,20240618
S10/20240618/00012,2,P103575,1,54.47,SALE,1718708135,S10,20240618
S10/20240618/00012,3,TAX,1,88.75,TAX,1718708135,S10,20240618
S10/20240618/00012,4,TENDER,1,621.12,TENDER,1718708135,S10,20240618
S10/20240618/00013,1,P103372,3,43.95,SALE,1718733412,S10,20240618
S10/20240618/00013,2,P106228,1,43.95,SALE,1718733412,S10,20240618
S10/20240618/00013,3,P102217,3,65.41,SALE,1718733412,S10,20240618
S10/20240618/00013,4,TAX,1,31.64,TAX,1718733412,S10,20240618
S10/20240618/00013,5,TENDER,1,403.67,TENDER,1718733412,S10,20240618
S10/20240618/00014,1,P107215,1,153.85,SALE,1718712861,S10,20240618
S10/20240618/00014,2,P102122,2,126.23,SALE,1718712861,S10,20240618
S10/20240618/00014,3,P103816,3,209.63,SALE,1718712861,S10,20240618
S10/20240618/00014,4,TAX,1,177.11,TAX,1718712861,S10,20240618
S10/20240618/00014,5,TENDER,1,1212.31,TENDER,1718712861,S10,20240618
S10/20240618/00015,1,P106478,2,56.12,SALE,1718745755,S10,20240618
S10/20240618/00015,2,P108262,4,592.59,SALE,1718745755,S10,20240618
S10/20240618/00015,3,P104774,1,84.34,SALE,1718745755,S10,20240618
S10/20240618/00015,4,P106542,1,122.90,SALE,1718745755,S10,20240618
S10/20240618/00015,5,TAX,1,458.62,TAX,1718745755,S10,20240618
S10/20240618/00015,6,TENDER,1,3148.46,TENDER,1718745755,S10,20240618
S10/20240618/00016,1,P105594,4,317.30,SALE,1718713292,S10,20240618
S10/20240618/00016,2,P105531,3,502.91,SALE,1718713292,S10,20240618
S10/20240618/00016,3,P105468,2,1100.43,SALE,1718713292,S10,20240618
S10/20240618/00016,4,P102067,1,181.50,SALE,1718713292,S10,20240618
S10/20240618/00016,5,P105835,1,243.66,SALE,1718713292,S10,20240618
S10/20240618/00016,6,P107246,1,313.74,SALE,1718713292,S10,20240618
S10/20240618/00016,7,TAX,1,521.13,TAX,1718713292,S10,20240618
S10/20240618/00016,8,TENDER,1,6238.82,TENDER,1718713292,S10,20240618
S10/20240618/00017,1,P103328,3,236.27,SALE,1718699550,S10,20240618
S10/20240618/00017,2,P106948,2,160.95,SALE,1718699550,S10,20240618
S10/20240618/00017,3,P108234,2,33.09,SALE,1718699550,S10,20240618
S10/20240618/00017,4,P103927,3,206.11,SALE,1718699550,S10,20240618
S10/20240618/00017,5,P100682,2,325.28,SALE,1718699550,S10,20240618
S10/20240618/00017,6,P106174,1,229.89,SALE,1718699550,S10,20240618
S10/20240618/00017,7,P105453,2,393.95,SALE,1718699550,S10,20240618
S10/20240618/00017,8,P106697,4,342.69,SALE,1718699550,S10,20240618
S10/20240618/00017,9,TAX,1,570.89,TAX,1718699550,S10,20240618
S10/20240618/00017,10,TENDER,1,5325.22,TENDER,1718699550,S10,20240618
S10/20240618/00018,1,P100326,1,47.79,SALE,1718733050,S10,20240618
S10/20240618/00018,2,P104123,1,372.65,SALE,1718733050,S10,20240618
S10/20240618/00018,3,P102452,4,176.54,SALE,1718733050,S10,20240618
S10/20240618/00018,4,P108338,1,218.68,SALE,1718733050,S10,20240618
S10/20240618/00018,5,P104212,2,401.95,SALE,1718733050,S10,20240618
S10/20240618/00018,6,P103584,4,402.02,SALE,1718733050,S10,20240618
S10/20240618/00018,7,TAX,1,562.15,TAX,1718733050,S10,20240618
S10/20240618/00018,8,TENDER,1,4319.41,TENDER,1718733050,S10,20240618
S10/20240618/00019,1,P103144,2,145.27,SALE,1718728211,S10,20240618
S10/20240618/00019,2,P104026,2,152.97,SALE,1718728211,S10,20240618
S10/20240618/00019,3,P104772,1,332.47,SALE,1718728211,S10,20240618
S10/20240618/00019,4,P101142,1,98.55,SALE,1718728211,S10,20240618
S10/20240618/00019,5,TAX,1,101.49,TAX,1718728211,S10,20240618
S10/20240618/00019,6,TENDER,1,1128.99,TENDER,1718728211,S10,20240618
S10/20240618/00020,1,P107859,3,130.84,SALE,1718737192,S10,20240618
S10/20240618/00020,2,P103068,2,151.27,SALE,1718737192,S10,20240618
S10/20240618/00020,3,P107432,3,44.98,SALE,1718737192,S10,20240618
S10/20240618/00020,4,P106443,2,52.87,SALE,1718737192,S10,20240618
S10/20240618/00020,5,P102139,2,1521.81,SALE,1718737192,S10,20240618
S10/20240618/00020,6,TAX,1,198.97,TAX,1718737192,S10,20240618
S10/20240618/00020,7,TENDER,1,4178.33,TENDER,1718737192,S10,20240618
S10/20240618/00021,1,P101305,3,110.46,SALE,1718734089,S10,20240618
S10/20240618/00021,2,P108397,1,303.19,SALE,1718734089,S10,20240618
S10/20240618/00021,3,P101018,2,136.50,SALE,1718734089,S10,20240618
S10/20240618/00021,4,P100921,3,441.43,SALE,1718734089,S10,20240618
S10/20240618/00021,5,P100956,1,421.98,SALE,1718734089,S10,20240618
S10/20240618/00021,6,P106027,2,1436.61,SALE,1718734089,S10,20240618
S10/20240618/00021,7,TAX,1,355.50,TAX,1718734089,S10,20240618
S10/20240618/00021,8,TENDER,1,5882.56,TENDER,1718734089,S10,20240618
S10/20240618/00022,1,P103806,2,305.95,SALE,1718741567,S10,20240618
S10/20240618/00022,2,P106528,1,832.82,SALE,1718741567,S10,20240618
S10/20240618/00022,3,P106158,1,564.54,SALE,1718741567,S10,20240618
S10/20240618/00022,4,P100731,2,254.77,SALE,1718741567,S10,20240618
S10/20240618/00022,5,P102794,2,416.24,SALE,1718741567,S10,20240618
S10/20240618/00022,6,P101359,1,51.47,SALE,1718741567,S10,20240618
S10/20240618/00022,7,P107686,1,347.22,SALE,1718741567,S10,20240618
S10/20240618/00022,8,TAX,1,291.65,TAX,1718741567,S10,20240618
S10/20240618/00022,9,TENDER,1,4041.62,TENDER,1718741567,S10,20240618
S10/20240618/00023,1,P100007,3,149.27,SALE,1718732293,S10,20240618
S10/20240618/00023,2,P101127,2,45.95,SALE,1718732293,S10,20240618
S10/20240618/00023,3,P106106,4,219.14,SALE,1718732293,S10,20240618
S10/20240618/00023,4,P104358,3,1189.17,SALE,1718732293,S10,20240618
S10/20240618/00023,5,P106067,3,417.22,SALE,1718732293,S10,20240618
S10/20240618/00023,6,TAX,1,729.07,TAX,1718732293,S10,20240618
S10/20240618/00023,7,TENDER,1,6964.51,TENDER,1718732293,S10,20240618
S10/20240618/00024,1,P101690,1,1048.95,SALE,1718698061,S10,20240618
S10/20240618/00024,2,P105757,1,248.44,SALE,1718698061,S10,20240618
S10/20240618/00024,3,DISC,1,-137.53,DISCOUNT,1718698061,S10,20240618
S10/20240618/00024,4,TAX,1,57.99,TAX,1718698061,S10,20240618
S10/20240618/00024,5,TENDER,1,1217.85,TENDER,1718698061,S10,20240618
S10/20240618/00025,1,P100967,1,1052.07,SALE,1718719307,S10,20240618
S10/20240618/00025,2,P106415,2,911.99,SALE,1718719307,S10,20240618
S10/20240618/00025,3,P101225,1,452.38,SALE,1718719307,S10,20240618
S10/20240618/00025,4,P108272,4,119.46,SALE,1718719307,S10,20240618
S10/20240618/00025,5,P108046,1,95.35,SALE,1718719307,S10,20240618
S10/20240618/00025,6,P101904,1,634.24,SALE,1718719307,S10,20240618
S10/20240618/00025,7,P100677,2,227.95,SALE,1718719307,S10,20240618
S10/20240618/00025,8,P105614,4,652.27,SALE,1718719307,S10,20240618
S10/20240618/00025,9,P104308,2,53.87,SALE,1718719307,S10,20240618
S10/20240618/00025,10,P107472,1,60.81,SALE,1718719307,S10,20240618
S10/20240618/00025,11,TAX,1,1162.21,TAX,1718719307,S10,20240618
S10/20240618/00025,12,TENDER,1,8931.60,TENDER,1718719307,S10,20240618
S10/20240618/00026,1,P106942,2,169.95,SALE,1718715939,S10,20240618
S10/20240618/00026,2,P100183,1,1426.11,SALE,1718715939,S10,20240618
S10/20240618/00026,3,P101810,2,765.83,SALE,1718715939,S10,20240618
S10/20240618/00026,4,P103249,3,521.24,SALE,1718715939,S10,20240618
S10/20240618/00026,5,P103732,2,94.74,SALE,1718715939,S10,20240618
S10/20240618/00026,6,TAX,1,459.59,TAX,1718715939,S10,20240618
S10/20240618/00026,7,TENDER,1,5510.46,TENDER,1718715939,S10,20240618
S10/20240618/00027,1,P100348,1,478.95,SALE,1718712099,S10,20240618
S10/20240618/00027,2,P108082,2,236.40,SALE,1718712099,S10,20240618
S10/20240618/00027,3,P104160,1,258.87,SALE,1718712099,S10,20240618
S10/20240618/00027,4,P101122,2,70.14,SALE,1718712099,S10,20240618
S10/20240618/00027,5,P103294,1,69.64,SALE,1718712099,S10,20240618
S10/20240618/00027,6,TAX,1,137.78,TAX,1718712099,S10,20240618
S10/20240618/00027,7,TENDER,1,1558.32,TENDER,1718712099,S10,20240618
S10/20240618/00028,1,P107555,2,1314.43,SALE,1718746182,S10,20240618
S10/20240618/00028,2,P103118,1,42.98,SALE,1718746182,S10,20240618
S10/20240618/00028,3,P100135,5,63.52,SALE,1718746182,S10,20240618
S10/20240618/00028,4,P103999,1,118.59,SALE,1718746182,S10,20240618
S10/20240618/00028,5,TAX,1,23.96,TAX,1718746182,S10,20240618
S10/20240618/00028,6,TENDER,1,3131.99,TENDER,1718746182,S10,20240618
S10/20240618/00029,1,P100239,1,352.95,SALE,1718727070,S10,20240618
S10/20240618/00029,2,P100665,2,281.09,SALE,1718727070,S10,20240618
S10/20240618/00029,3,P102122,2,126.23,SALE,1718727070,S10,20240618
S10/20240618/00029,4,P103374,1,34.95,SALE,1718727070,S10,20240618
S10/20240618/00029,5,TAX,1,161.55,TAX,1718727070,S10,20240618
S10/20240618/00029,6,TENDER,1,1364.09,TENDER,1718727070,S10,20240618
S10/20240618/00030,1,P105882,3,206.76,SALE,1718726692,S10,20240618
S10/20240618/00030,2,P101037,1,537.96,SALE,1718726692,S10,20240618
S10/20240618/00030,3,P105695,2,158.81,SALE,1718726692,S10,20240618
S10/20240618/00030,4,P103068,2,151.27,SALE,1718726692,S10,20240618
S10/20240618/00030,5,P103584,2,402.02,SALE,1718726692,S10,20240618
S10/20240618/00030,6,P102263,3,116.79,SALE,1718726692,S10,20240618
S10/20240618/00030,7,P100319,1,48.05,SALE,1718726692,S10,20240618
S10/20240618/00030,8,TAX,1,428.67,TAX,1718726692,S10,20240618
S10/20240618/00030,9,TENDER,1,3409.53,TENDER,1718726692,S10,20240618
S10/20240618/00031,1,P106592,1,738.06,SALE,1718719516,S10,20240618
S10/20240618/00031,2,TAX,1,36.90,TAX,1718719516,S10,20240618
S10/20240618/00031,3,TENDER,1,774.96,TENDER,1718719516,S10,20240618
S10/20240618/00032,1,P103243,2,193.36,SALE,1718745733,S10,20240618
S10/20240618/00032,2,P102432,2,819.74,SALE,1718745733,S10,20240618
S10/20240618/00032,3,P102549,1,139.23,SALE,1718745733,S10,20240618
S10/20240618/00032,4,P107899,2,197.21,SALE,1718745733,S10,20240618
S10/20240618/00032,5,P104378,2,95.33,SALE,1718745733,S10,20240618
S10/20240618/00032,6,TAX,1,258.67,TAX,1718745733,S10,20240618
S10/20240618/00032,7,TENDER,1,3009.18,TENDER,1718745733,S10,20240618
S10/20240618/00033,1,P103168,1,923.59,SALE,1718728622,S10,20240618
S10/20240618/00033,2,P106872,2,73.31,SALE,1718728622,S10,20240618
S10/20240618/00033,3,P107381,1,195.99,SALE,1718728622,S10,20240618
S10/20240618/00033,4,P104572,1,179.13,SALE,1718728622,S10,20240618
S10/20240618/00033,5,P101899,3,345.29,SALE,1718728622,S10,20240618
S10/20240618/00033,6,P106454,3,118.78,SALE,1718728622,S10,20240618
S10/20240618/00033,7,P106151,2,298.42,SALE,1718728622,S10,20240618
S10/20240618/00033,8,P106833,4,437.12,SALE,1718728622,S10,20240618
S10/20240618/00033,9,P101533,1,1020.37,SALE,1718728622,S10,20240618
S10/20240618/00033,10,P103294,3,69.64,SALE,1718728622,S10,20240618
S10/20240618/00033,11,TAX,1,893.21,TAX,1718728622,S10,20240618
S10/20240618/00033,12,TENDER,1,7305.36,TENDER,1718728622,S10,20240618
S10/20240618/00034,1,P105167,2,826.20,SALE,1718743929,S10,20240618
S10/20240618/00034,2,P107705,1,706.38,SALE,1718743929,S10,20240618
S10/20240618/00034,3,P107536,1,1495.35,SALE,1718743929,S10,20240618
S10/20240618/00034,4,P105636,3,543.66,SALE,1718743929,S10,20240618
S10/20240618/00034,5,P103424,1,295.58,SALE,1718743929,S10,20240618
S10/20240618/00034,6,P102219,2,726.06,SALE,1718743929,S10,20240618
S10/20240618/00034,7,TAX,1,275.46,TAX,1718743929,S10,20240618
S10/20240618/00034,8,TENDER,1,7508.27,TENDER,1718743929,S10,20240618
S10/20240618/00035,1,P102409,3,316.25,SALE,1718722606,S10,20240618
S10/20240618/00035,2,P107264,2,181.93,SALE,1718722606,S10,20240618
S10/20240618/00035,3,P102909,1,48.95,SALE,1718722606,S10,20240618
S10/20240618/00035,4,P102933,2,614.03,SALE,1718722606,S10,20240618
S10/20240618/00035,5,P100864,2,193.24,SALE,1718722606,S10,20240618
S10/20240618/00035,6,TAX,1,453.20,TAX,1718722606,S10,20240618
S10/20240618/00035,7,TENDER,1,3429.30,TENDER,1718722606,S10,20240618
S10/20240618/00036,1,P101543,1,178.10,SALE,1718725034,S10,20240618
S10/20240618/00036,2,P106697,3,342.69,SALE,1718725034,S10,20240618
S10/20240618/00036,3,P104789,2,65.95,SALE,1718725034,S10,20240618
S10/20240618/00036,4,P106221,1,31.65,SALE,1718725034,S10,20240618
S10/20240618/00036,5,P102691,2,219.72,SALE,1718725034,S10,20240618
S10/20240618/00036,6,P103682,3,372.67,SALE,1718725034,S10,20240618
S10/20240618/00036,7,P100864,2,193.24,SALE,1718725034,S10,20240618
S10/20240618/00036,8,P106512,1,418.86,SALE,1718725034,S10,20240618
S10/20240618/00036,9,TAX,1,529.30,TAX,1718725034,S10,20240618
S10/20240618/00036,10,TENDER,1,4261.81,TENDER,1718725034,S10,20240618
S10/20240618/00037,1,P101384,3,42.99,SALE,1718705782,S10,20240618
S10/20240618/00037,2,P105425,1,153.55,SALE,1718705782,S10,20240618
S10/20240618/00037,3,P101789,2,336.02,SALE,1718705782,S10,20240618
S10/20240618/00037,4,P102364,2,104.57,SALE,1718705782,S10,20240618
S10/20240618/00037,5,P103389,1,251.95,SALE,1718705782,S10,20240618
S10/20240618/00037,6,P103833,2,1136.81,SALE,1718705782,S10,20240618
S10/20240618/00037,7,TAX,1,244.41,TAX,1718705782,S10,20240618
S10/20240618/00037,8,TENDER,1,3933.68,TENDER,1718705782,S10,20240618
S10/20240618/00038,1,P100883,3,723.68,SALE,1718741287,S10,20240618
S10/20240618/00038,2,P105400,2,48.10,SALE,1718741287,S10,20240618
S10/20240618/00038,3,P105868,1,68.91,SALE,1718741287,S10,20240618
S10/20240618/00038,4,P103922,1,51.00,SALE,1718741287,S10,20240618
S10/20240618/00038,5,P103530,2,427.69,SALE,1718741287,S10,20240618
S10/20240618/00038,6,P107609,2,108.46,SALE,1718741287,S10,20240618
S10/20240618/00038,7,P107966,1,391.71,SALE,1718741287,S10,20240618
S10/20240618/00038,8,P101225,2,452.38,SALE,1718741287,S10,20240618
S10/20240618/00038,9,P100463,1,281.78,SALE,1718741287,S10,20240618
S10/20240618/00038,10,TAX,1,473.89,TAX,1718741287,S10,20240618
S10/20240618/00038,11,TENDER,1,5511.59,TENDER,1718741287,S10,20240618
S10/20240618/00039,1,P105633,3,46.25,SALE,1718735509,S10,20240618
S10/20240618/00039,2,P106965,1,78.22,SALE,1718735509,S10,20240618
S10/20240618/00039,3,P106234,3,78.81,SALE,1718735509,S10,20240618
S10/20240618/00039,4,P105246,1,840.69,SALE,1718735509,S10,20240618
S10/20240618/00039,5,P101489,3,493.95,SALE,1718735509,S10,20240618
S10/20240618/00039,6,P106550,3,28.48,SALE,1718735509,S10,20240618
S10/20240618/00039,7,TAX,1,96.63,TAX,1718735509,S10,20240618
S10/20240618/00039,8,TENDER,1,2958.01,TENDER,1718735509,S10,20240618
S10/20240618/00040,1,P102534,-4,98.12,RETURN,1718713864,S10,20240618
S10/20240618/00040,2,P102714,-1,80.41,RETURN,1718713864,S10,20240618
S10/20240618/00040,3,P102006,-2,1553.68,RETURN,1718713864,S10,20240618
S10/20240618/00040,4,TAX,1,-80.30,TAX,1718713864,S10,20240618
S10/20240618/00040,5,TENDER,1,-3660.55,TENDER,1718713864,S10,20240618
S10/20240619/00001,1,P103843,2,636.12,SALE,1718813326,S10,20240619
S10/20240619/00001,2,P103999,2,118.59,SALE,1718813326,S10,20240619
S10/20240619/00001,3,P101492,3,113.44,SALE,1718813326,S10,20240619
S10/20240619/00001,4,P103090,3,805.95,SALE,1718813326,S10,20240619
S10/20240619/00001,5,TAX,1,423.01,TAX,1718813326,S10,20240619
S10/20240619/00001,6,TENDER,1,4690.60,TENDER,1718813326,S10,20240619
S10/20240619/00002,1,P100722,3,287.33,SALE,1718806990,S10,20240619
S10/20240619/00002,2,P107472,2,60.81,SALE,1718806990,S10,20240619
S10/20240619/00002,3,P104382,2,62.22,SALE,1718806990,S10,20240619
S10/20240619/00002,4,TAX,1,12.30,TAX,1718806990,S10,20240619
S10/20240619/00002,5,TENDER,1,1120.35,TENDER,1718806990,S10,20240619
S10/20240619/00003,1,P100044,1,737.05,SALE,1718812848,S10,20240619
S10/20240619/00003,2,P100441,3,419.95,SALE,1718812848,S10,20240619
S10/20240619/00003,3,P104139,2,202.92,SALE,1718812848,S10,20240619
S10/20240619/00003,4,P102549,1,139.23,SALE,1718812848,S10,20240619
S10/20240619/00003,5,TAX,1,239.63,TAX,1718812848,S10,20240619
S10/20240619/00003,6,TENDER,1,2781.60,TENDER,1718812848,S10,20240619
S10/20240619/00004,1,P106344,1,801.30,SALE,1718808968,S10,20240619
S10/20240619/00004,2,P104844,1,553.13,SALE,1718808968,S10,20240619
S10/20240619/00004,3,P104485,1,643.04,SALE,1718808968,S10,20240619
S10/20240619/00004,4,P106405,1,38.72,SALE,1718808968,S10,20240619
S10/20240619/00004,5,P106221,2,31.65,SALE,1718808968,S10,20240619
S10/20240619/00004,6,P106067,3,417.22,SALE,1718808968,S10,20240619
S10/20240619/00004,7,P107872,2,583.81,SALE,1718808968,S10,20240619
S10/20240619/00004,8,P102695,3,1259.21,SALE,1718808968,S10,20240619
S10/20240619/00004,9,TAX,1,697.46,TAX,1718808968,S10,20240619
S10/20240619/00004,10,TENDER,1,8993.86,TENDER,1718808968,S10,20240619
S10/20240619/00005,1,P105497,3,70.98,SALE,1718817126,S10,20240619
S10/20240619/00005,2,P101225,3,452.38,SALE,1718817126,S10,20240619
S10/20240619/00005,3,P105609,1,817.71,SALE,1718817126,S10,20240619
S10/20240619/00005,4,P102534,2,98.12,SALE,1718817126,S10,20240619
S10/20240619/00005,5,P103591,2,102.70,SALE,1718817126,S10,20240619
S10/20240619/00005,6,P102585,3,516.36,SALE,1718817126,S10,20240619
S10/20240619/00005,7,TAX,1,338.16,TAX,1718817126,S10,20240619
S10/20240619/00005,8,TENDER,1,4676.67,TENDER,1718817126,S10,20240619
S10/20240619/00006,1,P105042,2,66.53,SALE,1718807626,S10,20240619
S10/20240619/00006,2,P107695,2,282.58,SALE,1718807626,S10,20240619
S10/20240619/00006,3,P100761,3,51.26,SALE,1718807626,S10,20240619
S10/20240619/00006,4,P105740,1,103.24,SALE,1718807626,S10,20240619
S10/20240619/00006,5,TAX,1,151.95,TAX,1718807626,S10,20240619
S10/20240619/00006,6,TENDER,1,1107.19,TENDER,1718807626,S10,20240619
S10/20240619/00007,1,P102761,2,159.81,SALE,1718808505,S10,20240619
S10/20240619/00007,2,P101345,3,69.59,SALE,1718808505,S10,20240619
S10/20240619/00007,3,P100595,2,388.65,SALE,1718808505,S10,20240619
S10/20240619/00007,4,P103461,3,104.95,SALE,1718808505,S10,20240619
S10/20240619/00007,5,P104579,2,67.48,SALE,1718808505,S10,20240619
S10/20240619/00007,6,TAX,1,141.50,TAX,1718808505,S10,20240619
S10/20240619/00007,7,TENDER,1,1897.00,TENDER,1718808505,S10,20240619
S10/20240619/00008,1,P100883,2,723.68,SALE,1718837819,S10,20240619
S10/20240619/00008,2,P102045,1,21.31,SALE,1718837819,S10,20240619
S10/20240619/00008,3,P104827,3,168.97,SALE,1718837819,S10,20240619
S10/20240619/00008,4,P100810,3,200.65,SALE,1718837819,S10,20240619
S10/20240619/00008,5,TAX,1,106.30,TAX,1718837819,S10,20240619
S10/20240619/00008,6,TENDER,1,2683.83,TENDER,1718837819,S10,20240619
S10/20240619/00009,1,P104558,5,429.56,SALE,1718819515,S10,20240619
S10/20240619/00009,2,P100536,1,471.52,SALE,1718819515,S10,20240619
S10/20240619/00009,3,P100239,2,352.95,SALE,1718819515,S10,20240619
S10/20240619/00009,4,P105260,3,68.98,SALE,1718819515,S10,20240619
S10/20240619/00009,5,P107003,1,1186.93,SALE,1718819515,S10,20240619
S10/20240619/00009,6,P105198,2,15.39,SALE,1718819515,S10,20240619
S10/20240619/00009,7,P105772,4,539.31,SALE,1718819515,S10,20240619
S10/20240619/00009,8,P107047,3,413.27,SALE,1718819515,S10,20240619
S10/20240619/00009,9,P101062,2,47.97,SALE,1718819515,S10,20240619
S10/20240619/00009,10,TAX,1,997.72,TAX,1718819515,S10,20240619
S10/20240619/00009,11,TENDER,1,9240.58,TENDER,1718819515,S10,20240619
S10/20240619/00010,1,P104334,1,294.34,SALE,1718824636,S10,20240619
S10/20240619/00010,2,P108258,1,54.62,SALE,1718824636,S10,20240619
S10/20240619/00010,3,P101345,3,69.59,SALE,1718824636,S10,20240619
S10/20240619/00010,4,P100810,1,200.65,SALE,1718824636,S10,20240619
S10/20240619/00010,5,P106490,1,574.62,SALE,1718824636,S10,20240619
S10/20240619/00010,6,P103600,1,100.64,SALE,1718824636,S10,20240619
S10/20240619/00010,7,TAX,1,50.05,TAX,1718824636,S10,20240619
S10/20240619/00010,8,TENDER,1,1483.69,TENDER,1718824636,S10,20240619
S10/20240619/00011,1,P104715,2,152.16,SALE,1718792238,S10,20240619
S10/20240619/00011,2,P100387,2,104.82,SALE,1718792238,S10,20240619
S10/20240619/00011,3,P102814,1,543.50,SALE,1718792238,S10,20240619
S10/20240619/00011,4,P101367,1,485.76,SALE,1718792238,S10,20240619
S10/20240619/00011,5,P106710,4,93.71,SALE,1718792238,S10,20240619
S10/20240619/00011,6,P104526,2,340.46,SALE,1718792238,S10,20240619
S10/20240619/00011,7,P104628,2,196.55,SALE,1718792238,S10,20240619
S10/20240619/00011,8,P105083,3,245.38,SALE,1718792238,S10,20240619
S10/20240619/00011,9,P105313,2,51.83,SALE,1718792238,S10,20240619
S10/20240619/00011,10,P103978,2,347.08,SALE,1718792238,S10,20240619
S10/20240619/00011,11,DISC,1,-141.93,DISCOUNT,1718792238,S10,20240619
S10/20240619/00011,12,TAX,1,503.07,TAX,1718792238,S10,20240619
S10/20240619/00011,13,TENDER,1,4887.18,TENDER,1718792238,S10,20240619
S10/20240619/00012,1,P106169,2,221.03,SALE,1718821374,S10,20240619
S10/20240619/00012,2,P101813,3,260.89,SALE,1718821374,S10,20240619
S10/20240619/00012,3,P106686,3,301.28,SALE,1718821374,S10,20240619
S10/20240619/00012,4,P104320,1,128.95,SALE,1718821374,S10,20240619
S10/20240619/00012,5,P104107,1,475.22,SALE,1718821374,S10,20240619
S10/20240619/00012,6,TAX,1,210.30,TAX,1718821374,S10,20240619
S10/20240619/00012,7,TENDER,1,2943.04,TENDER,1718821374,S10,20240619
S10/20240619/00013,1,P103111,1,40.41,SALE,1718813003,S10,20240619
S10/20240619/00013,2,P102202,5,184.86,SALE,1718813003,S10,20240619
S10/20240619/00013,3,P105815,1,320.65,SALE,1718813003,S10,20240619
S10/20240619/00013,4,P108221,1,51.41,SALE,1718813003,S10,20240619
S10/20240619/00013,5,DISC,1,-99.69,DISCOUNT,1718813003,S10,20240619
S10/20240619/00013,6,TAX,1,200.01,TAX,1718813003,S10,20240619
S10/20240619/00013,7,TENDER,1,1437.09,TENDER,1718813003,S10,20240619
S10/20240619/00014,1,P105740,1,94.98,SALE,1718813603,S10,20240619
S10/20240619/00014,2,P106277,1,425.71,SALE,1718813603,S10,20240619
S10/20240619/00014,3,P104316,4,406.45,SALE,1718813603,S10,20240619
S10/20240619/00014,4,P104831,2,1516.75,SALE,1718813603,S10,20240619
S10/20240619/00014,5,TAX,1,695.05,TAX,1718813603,S10,20240619
S10/20240619/00014,6,TENDER,1,5875.04,TENDER,1718813603,S10,20240619
S10/20240619/00015,1,P100469,3,49.80,SALE,1718814316,S10,20240619
S10/20240619/00015,2,P107354,3,205.43,SALE,1718814316,S10,20240619
S10/20240619/00015,3,P108356,2,206.87,SALE,1718814316,S10,20240619
S10/20240619/00015,4,P103575,1,54.47,SALE,1718814316,S10,20240619
S10/20240619/00015,5,P106773,2,371.20,SALE,1718814316,S10,20240619
S10/20240619/00015,6,TAX,1,267.43,TAX,1718814316,S10,20240619
S10/20240619/00015,7,TENDER,1,2243.73,TENDER,1718814316,S10,20240619
S10/20240619/00016,1,P107362,1,62.10,SALE,1718836195,S10,20240619
S10/20240619/00016,2,P104202,3,153.74,SALE,1718836195,S10,20240619
S10/20240619/00016,3,P102772,3,151.97,SALE,1718836195,S10,20240619
S10/20240619/00016,4,P100183,6,1426.11,SALE,1718836195,S10,20240619
S10/20240619/00016,5,DISC,1,-322.63,DISCOUNT,1718836195,S10,20240619
S10/20240619/00016,6,TAX,1,1024.88,TAX,1718836195,S10,20240619
S10/20240619/00016,7,TENDER,1,10238.14,TENDER,1718836195,S10,20240619
S10/20240619/00017,1,P102129,4,252.76,SALE,1718805630,S10,20240619
S10/20240619/00017,2,P100499,1,234.95,SALE,1718805630,S10,20240619
S10/20240619/00017,3,P101367,6,485.76,SALE,1718805630,S10,20240619
S10/20240619/00017,4,TAX,1,603.37,TAX,1718805630,S10,20240619
S10/20240619/00017,5,TENDER,1,4763.92,TENDER,1718805630,S10,20240619
S10/20240619/00018,1,P106833,4,397.38,SALE,1718816442,S10,20240619
S10/20240619/00018,2,P103416,3,73.27,SALE,1718816442,S10,20240619
S10/20240619/00018,3,P103206,3,450.05,SALE,1718816442,S10,20240619
S10/20240619/00018,4,P108101,3,1603.81,SALE,1718816442,S10,20240619
S10/20240619/00018,5,P106542,1,122.90,SALE,1718816442,S10,20240619
S10/20240619/00018,6,P101393,1,34.93,SALE,1718816442,S10,20240619
S10/20240619/00018,7,P103922,1,51.00,SALE,1718816442,S10,20240619
S10/20240619/00018,8,TAX,1,1179.13,TAX,1718816442,S10,20240619
S10/20240619/00018,9,TENDER,1,9358.87,TENDER,1718816442,S10,20240619
S10/20240619/00019,1,P102305,2,116.95,SALE,1718797429,S10,20240619
S10/20240619/00019,2,P107362,4,62.10,SALE,1718797429,S10,20240619
S10/20240619/00019,3,P102874,3,142.11,SALE,1718797429,S10,20240619
S10/20240619/00019,4,P104042,1,346.95,SALE,1718797429,S10,20240619
S10/20240619/00019,5,P107984,3,357.15,SALE,1718797429,S10,20240619
S10/20240619/00019,6,TAX,1,328.59,TAX,1718797429,S10,20240619
S10/20240619/00019,7,TENDER,1,2655.62,TENDER,1718797429,S10,20240619
S10/20240619/00020,1,P101732,2,1250.95,SALE,1718821125,S10,20240619
S10/20240619/00020,2,P100677,4,227.95,SALE,1718821125,S10,20240619
S10/20240619/00020,3,TAX,1,464.35,TAX,1718821125,S10,20240619
S10/20240619/00020,4,TENDER,1,3878.05,TENDER,1718821125,S10,20240619
S10/20240619/00021,1,P100509,1,154.51,SALE,1718821450,S10,20240619
S10/20240619/00021,2,P106162,3,527.95,SALE,1718821450,S10,20240619
S10/20240619/00021,3,P105988,1,29.57,SALE,1718821450,S10,20240619
S10/20240619/00021,4,P101911,1,1431.80,SALE,1718821450,S10,20240619
S10/20240619/00021,5,P105827,3,96.95,SALE,1718821450,S10,20240619
S10/20240619/00021,6,TAX,1,23.75,TAX,1718821450,S10,20240619
S10/20240619/00021,7,TENDER,1,3514.33,TENDER,1718821450,S10,20240619
S10/20240619/00022,1,P104676,2,81.62,SALE,1718803412,S10,20240619
S10/20240619/00022,2,P100682,3,325.28,SALE,1718803412,S10,20240619
S10/20240619/00022,3,P105698,2,186.46,SALE,1718803412,S10,20240619
S10/20240619/00022,4,P107294,2,83.95,SALE,1718803412,S10,20240619
S10/20240619/00022,5,P107996,1,215.44,SALE,1718803412,S10,20240619
S10/20240619/00022,6,TAX,1,232.78,TAX,1718803412,S10,20240619
S10/20240619/00022,7,TENDER,1,2128.12,TENDER,1718803412,S10,20240619
S10/20240619/00023,1,P102922,3,120.15,SALE,1718815452,S10,20240619
S10/20240619/00023,2,P106297,4,155.50,SALE,1718815452,S10,20240619
S10/20240619/00023,3,P106357,2,1078.45,SALE,1718815452,S10,20240619
S10/20240619/00023,4,P105707,5,130.64,SALE,1718815452,S10,20240619
S10/20240619/00023,5,TAX,1,514.05,TAX,1718815452,S10,20240619
S10/20240619/00023,6,TENDER,1,4306.60,TENDER,1718815452,S10,20240619
S10/20240619/00024,1,P107327,1,1146.95,SALE,1718813089,S10,20240619
S10/20240619/00024,2,P106751,2,132.55,SALE,1718813089,S10,20240619
S10/20240619/00024,3,P105164,3,216.12,SALE,1718813089,S10,20240619
S10/20240619/00024,4,TAX,1,13.26,TAX,1718813089,S10,20240619
S10/20240619/00024,5,TENDER,1,2073.67,TENDER,1718813089,S10,20240619
S10/20240619/00025,1,P100019,3,64.89,SALE,1718815353,S10,20240619
S10/20240619/00025,2,P106602,1,122.17,SALE,1718815353,S10,20240619
S10/20240619/00025,3,P102114,2,128.95,SALE,1718815353,S10,20240619
S10/20240619/00025,4,TAX,1,54.04,TAX,1718815353,S10,20240619
S10/20240619/00025,5,TENDER,1,628.78,TENDER,1718815353,S10,20240619
S10/20240619/00026,1,P100744,2,61.87,SALE,1718812223,S10,20240619
S10/20240619/00026,2,P105127,1,62.95,SALE,1718812223,S10,20240619
S10/20240619/00026,3,P106592,2,738.06,SALE,1718812223,S10,20240619
S10/20240619/00026,4,P104902,2,445.79,SALE,1718812223,S10,20240619
S10/20240619/00026,5,P107863,1,489.79,SALE,1718812223,S10,20240619
S10/20240619/00026,6,P102129,3,252.76,SALE,1718812223,S10,20240619
S10/20240619/00026,7,P100203,2,241.95,SALE,1718812223,S10,20240619
S10/20240619/00026,8,TAX,1,393.90,TAX,1718812223,S10,20240619
S10/20240619/00026,9,TENDER,1,4680.26,TENDER,1718812223,S10,20240619
S10/20240619/00027,1,P104334,2,294.34,SALE,1718799285,S10,20240619
S10/20240619/00027,2,P101177,3,150.26,SALE,1718799285,S10,20240619
S10/20240619/00027,3,P100771,3,703.95,SALE,1718799285,S10,20240619
S10/20240619/00027,4,P100840,4,248.08,SALE,1718799285,S10,20240619
S10/20240619/00027,5,P100453,1,195.74,SALE,1718799285,S10,20240619
S10/20240619/00027,6,P100717,1,505.95,SALE,1718799285,S10,20240619
S10/20240619/00027,7,TAX,1,598.57,TAX,1718799285,S10,20240619
S10/20240619/00027,8,TENDER,1,5443.89,TENDER,1718799285,S10,20240619
S10/20240619/00028,1,P102975,2,226.32,SALE,1718814238,S10,20240619
S10/20240619/00028,2,P101258,3,208.34,SALE,1718814238,S10,20240619
S10/20240619/00028,3,P102616,3,79.27,SALE,1718814238,S10,20240619
S10/20240619/00028,4,P105575,4,475.41,SALE,1718814238,S10,20240619
S10/20240619/00028,5,P107516,2,598.37,SALE,1718814238,S10,20240619
S10/20240619/00028,6,TAX,1,547.28,TAX,1718814238,S10,20240619
S10/20240619/00028,7,TENDER,1,4961.13,TENDER,1718814238,S10,20240619
S10/20240619/00029,1,P101774,1,1154.33,SALE,1718805855,S10,20240619
S10/20240619/00029,2,P101090,3,24.06,SALE,1718805855,S10,20240619
S10/20240619/00029,3,P101570,2,288.76,SALE,1718805855,S10,20240619
S10/20240619/00029,4,P104251,2,79.68,SALE,1718805855,S10,20240619
S10/20240619/00029,5,P107182,2,109.95,SALE,1718805855,S10,20240619
S10/20240619/00029,6,TAX,1,289.08,TAX,1718805855,S10,20240619
S10/20240619/00029,7,TENDER,1,2472.37,TENDER,1718805855,S10,20240619
S10/20240620/00001,1,P108200,2,336.95,SALE,1718902659,S10,20240620
S10/20240620/00001,2,P100255,1,1250.31,SALE,1718902659,S10,20240620
S10/20240620/00001,3,P106130,3,1254.95,SALE,1718902659,S10,20240620
S10/20240620/00001,4,P108221,2,51.41,SALE,1718902659,S10,20240620
S10/20240620/00001,5,P106872,1,73.31,SALE,1718902659,S10,20240620
S10/20240620/00001,6,TAX,1,175.09,TAX,1718902659,S10,20240620
S10/20240620/00001,7,TENDER,1,6040.28,TENDER,1718902659,S10,20240620
S10/20240620/00002,1,P100362,2,270.89,SALE,1718908635,S10,20240620
S10/20240620/00002,2,P102042,2,151.18,SALE,1718908635,S10,20240620
S10/20240620/00002,3,P103958,2,30.95,SALE,1718908635,S10,20240620
S10/20240620/00002,4,P108272,1,119.46,SALE,1718908635,S10,20240620
S10/20240620/00002,5,P100924,1,49.24,SALE,1718908635,S10,20240620
S10/20240620/00002,6,P106563,1,426.95,SALE,1718908635,S10,20240620
S10/20240620/00002,7,TAX,1,121.86,TAX,1718908635,S10,20240620
S10/20240620/00002,8,TENDER,1,1623.55,TENDER,1718908635,S10,20240620
S10/20240620/00003,1,P106181,1,778.60,SALE,1718920437,S10,20240620
S10/20240620/00003,2,P104544,1,93.89,SALE,1718920437,S10,20240620
S10/20240620/00003,3,P101710,2,307.38,SALE,1718920437,S10,20240620
S10/20240620/00003,4,P100509,2,154.51,SALE,1718920437,S10,20240620
S10/20240620/00003,5,P100210,2,1073.90,SALE,1718920437,S10,20240620
S10/20240620/00003,6,P101955,2,356.95,SALE,1718920437,S10,20240620
S10/20240620/00003,7,TAX,1,480.15,TAX,1718920437,S10,20240620
S10/20240620/00003,8,TENDER,1,5138.12,TENDER,1718920437,S10,20240620
S10/20240620/00004,1,P100754,2,91.60,SALE,1718887577,S10,20240620
S10/20240620/00004,2,P100869,2,62.15,SALE,1718887577,S10,20240620
S10/20240620/00004,3,P104867,2,190.50,SALE,1718887577,S10,20240620
S10/20240620/00004,4,P106382,1,81.60,SALE,1718887577,S10,20240620
S10/20240620/00004,5,P102074,1,415.90,SALE,1718887577,S10,20240620
S10/20240620/00004,6,TAX,1,63.92,TAX,1718887577,S10,20240620
S10/20240620/00004,7,TENDER,1,1249.92,TENDER,1718887577,S10,20240620
S10/20240620/00005,1,P107743,2,206.95,SALE,1718882740,S10,20240620
S10/20240620/00005,2,P104160,1,258.87,SALE,1718882740,S10,20240620
S10/20240620/00005,3,P103155,4,243.23,SALE,1718882740,S10,20240620
S10/20240620/00005,4,P102549,2,139.23,SALE,1718882740,S10,20240620
S10/20240620/00005,5,P103496,3,70.71,SALE,1718882740,S10,20240620
S10/20240620/00005,6,TAX,1,262.98,TAX,1718882740,S10,20240620
S10/20240620/00005,7,TENDER,1,2399.26,TENDER,1718882740,S10,20240620
S10/20240620/00006,1,P105069,1,162.60,SALE,1718886725,S10,20240620
S10/20240620/00006,2,P106718,2,526.83,SALE,1718886725,S10,20240620
S10/20240620/00006,3,TAX,1,218.93,TAX,1718886725,S10,20240620
S10/20240620/00006,4,TENDER,1,1435.19,TENDER,1718886725,S10,20240620
S10/20240620/00007,1,P100305,-3,771.81,RETURN,1718919993,S10,20240620
S10/20240620/00007,2,P108144,-3,253.94,RETURN,1718919993,S10,20240620
S10/20240620/00007,3,P108090,-1,130.88,RETURN,1718919993,S10,20240620
S10/20240620/00007,4,P101842,-1,210.53,RETURN,1718919993,S10,20240620
S10/20240620/00007,5,P108101,-2,1603.81,RETURN,1718919993,S10,20240620
S10/20240620/00007,6,TAX,1,-493.40,TAX,1718919993,S10,20240620
S10/20240620/00007,7,TENDER,1,-7119.68,TENDER,1718919993,S10,20240620
S10/20240620/00008,1,P103647,2,42.17,SALE,1718909642,S10,20240620
S10/20240620/00008,2,P100250,1,544.91,SALE,1718909642,S10,20240620
S10/20240620/00008,3,P104123,4,372.65,SALE,1718909642,S10,20240620
S10/20240620/00008,4,P100135,2,63.52,SALE,1718909642,S10,20240620
S10/20240620/00008,5,P103927,5,206.11,SALE,1718909642,S10,20240620
S10/20240620/00008,6,P102139,3,1521.81,SALE,1718909642,S10,20240620
S10/20240620/00008,7,TAX,1,492.27,TAX,1718909642,S10,20240620
S10/20240620/00008,8,TENDER,1,8335.14,TENDER,1718909642,S10,20240620
S10/20240620/00009,1,P105511,-1,294.53,RETURN,1718912734,S10,20240620
S10/20240620/00009,2,P108335,-1,165.51,RETURN,1718912734,S10,20240620
S10/20240620/00009,3,P101570,-2,288.76,RETURN,1718912734,S10,20240620
S10/20240620/00009,4,P103316,-1,1774.02,RETURN,1718912734,S10,20240620
S10/20240620/00009,5,P100577,-1,277.95,RETURN,1718912734,S10,20240620
S10/20240620/00009,6,TAX,1,-385.23,TAX,1718912734,S10,20240620
S10/20240620/00009,7,TENDER,1,-3474.76,TENDER,1718912734,S10,20240620
S10/20240620/00010,1,P102248,3,21.80,SALE,1718894525,S10,20240620
S10/20240620/00010,2,P102598,3,132.95,SALE,1718894525,S10,20240620
S10/20240620/00010,3,P107003,1,1186.93,SALE,1718894525,S10,20240620
S10/20240620/00010,4,P107960,1,1047.81,SALE,1718894525,S10,20240620
S10/20240620/00010,5,DISC,1,-66.21,DISCOUNT,1718894525,S10,20240620
S10/20240620/00010,6,TAX,1,122.65,TAX,1718894525,S10,20240620
S10/20240620/00010,7,TENDER,1,2755.43,TENDER,1718894525,S10,20240620
S10/20240620/00011,1,P103382,3,196.46,SALE,1718900203,S10,20240620
S10/20240620/00011,2,TAX,1,29.47,TAX,1718900203,S10,20240620
S10/20240620/00011,3,TENDER,1,618.85,TENDER,1718900203,S10,20240620
S10/20240620/00012,1,P104842,2,357.87,SALE,1718884637,S10,20240620
S10/20240620/00012,2,P105531,2,502.91,SALE,1718884637,S10,20240620
S10/20240620/00012,3,P107178,1,287.34,SALE,1718884637,S10,20240620
S10/20240620/00012,4,P105562,2,422.85,SALE,1718884637,S10,20240620
S10/20240620/00012,5,P103424,1,295.58,SALE,1718884637,S10,20240620
S10/20240620/00012,6,P102255,1,167.76,SALE,1718884637,S10,20240620
S10/20240620/00012,7,DISC,1,-283.79,DISCOUNT,1718884637,S10,20240620
S10/20240620/00012,8,TAX,1,392.09,TAX,1718884637,S10,20240620
S10/20240620/00012,9,TENDER,1,3426.24,TENDER,1718884637,S10,20240620
S10/20240620/00013,1,P101283,1,263.48,SALE,1718897414,S10,20240620
S10/20240620/00013,2,P106566,3,229.43,SALE,1718897414,S10,20240620
S10/20240620/00013,3,P104708,2,487.33,SALE,1718897414,S10,20240620
S10/20240620/00013,4,P105413,1,158.95,SALE,1718897414,S10,20240620
S10/20240620/00013,5,TAX,1,239.13,TAX,1718897414,S10,20240620
S10/20240620/00013,6,TENDER,1,2324.51,TENDER,1718897414,S10,20240620
S10/20240620/00014,1,P107381,1,195.99,SALE,1718903693,S10,20240620
S10/20240620/00014,2,P100940,1,199.52,SALE,1718903693,S10,20240620
S10/20240620/00014,3,P108356,2,206.87,SALE,1718903693,S10,20240620
S10/20240620/00014,4,P107472,1,60.81,SALE,1718903693,S10,20240620
S10/20240620/00014,5,P103994,2,148.39,SALE,1718903693,S10,20240620
S10/20240620/00014,6,TAX,1,112.12,TAX,1718903693,S10,20240620
S10/20240620/00014,7,TENDER,1,1278.96,TENDER,1718903693,S10,20240620
S10/20240620/00015,1,P102248,2,21.80,SALE,1718905508,S10,20240620
S10/20240620/00015,2,P104382,2,62.22,SALE,1718905508,S10,20240620
S10/20240620/00015,3,P104715,1,152.16,SALE,1718905508,S10,20240620
S10/20240620/00015,4,P105167,2,826.20,SALE,1718905508,S10,20240620
S10/20240620/00015,5,P104772,3,332.47,SALE,1718905508,S10,20240620
S10/20240620/00015,6,P100077,3,181.42,SALE,1718905508,S10,20240620
S10/20240620/00015,7,TAX,1,322.98,TAX,1718905508,S10,20240620
S10/20240620/00015,8,TENDER,1,3837.25,TENDER,1718905508,S10,20240620
S10/20240620/00016,1,P105050,1,103.36,SALE,1718910998,S10,20240620
S10/20240620/00016,2,P107676,2,186.95,SALE,1718910998,S10,20240620
S10/20240620/00016,3,TAX,1,23.86,TAX,1718910998,S10,20240620
S10/20240620/00016,4,TENDER,1,501.12,TENDER,1718910998,S10,20240620
S10/20240620/00017,1,P102074,2,415.90,SALE,1718901340,S10,20240620
S10/20240620/00017,2,P106885,4,132.48,SALE,1718901340,S10,20240620
S10/20240620/00017,3,P104909,2,363.10,SALE,1718901340,S10,20240620
S10/20240620/00017,4,P108046,4,90.58,SALE,1718901340,S10,20240620
S10/20240620/00017,5,P103111,1,40.41,SALE,1718901340,S10,20240620
S10/20240620/00017,6,P101470,2,172.36,SALE,1718901340,S10,20240620
S10/20240620/00017,7,TAX,1,204.21,TAX,1718901340,S10,20240620
S10/20240620/00017,8,TENDER,1,3039.58,TENDER,1718901340,S10,20240620
S10/20240620/00018,1,P102880,1,575.53,SALE,1718895116,S10,20240620
S10/20240620/00018,2,P105609,2,817.71,SALE,1718895116,S10,20240620
S10/20240620/00018,3,DISC,1,-181.17,DISCOUNT,1718895116,S10,20240620
S10/20240620/00018,4,TAX,1,26.42,TAX,1718895116,S10,20240620
S10/20240620/00018,5,TENDER,1,2056.20,TENDER,1718895116,S10,20240620
S10/20240620/00019,1,P107026,1,65.23,SALE,1718905815,S10,20240620
S10/20240620/00019,2,P100593,3,29.38,SALE,1718905815,S10,20240620
S10/20240620/00019,3,P107094,4,87.94,SALE,1718905815,S10,20240620
S10/20240620/00019,4,P102452,4,176.54,SALE,1718905815,S10,20240620
S10/20240620/00019,5,P105950,1,1356.49,SALE,1718905815,S10,20240620
S10/20240620/00019,6,P106288,2,45.93,SALE,1718905815,S10,20240620
S10/20240620/00019,7,P100463,3,281.78,SALE,1718905815,S10,20240620
S10/20240620/00019,8,TAX,1,220.81,TAX,1718905815,S10,20240620
S10/20240620/00019,9,TENDER,1,3725.79,TENDER,1718905815,S10,20240620
S10/20240620/00020,1,P107676,2,186.95,SALE,1718886217,S10,20240620
S10/20240620/00020,2,P102794,2,416.24,SALE,1718886217,S10,20240620
S10/20240620/00020,3,P101142,2,98.55,SALE,1718886217,S10,20240620
S10/20240620/00020,4,P108369,2,318.67,SALE,1718886217,S10,20240620
S10/20240620/00020,5,P101248,1,497.50,SALE,1718886217,S10,20240620
S10/20240620/00020,6,TAX,1,246.62,TAX,1718886217,S10,20240620
S10/20240620/00020,7,TENDER,1,2784.94,TENDER,1718886217,S10,20240620
S10/20240620/00021,1,P103504,1,361.87,SALE,1718903993,S10,20240620
S10/20240620/00021,2,P107799,1,738.35,SALE,1718903993,S10,20240620
S10/20240620/00021,3,P104567,1,141.21,SALE,1718903993,S10,20240620
S10/20240620/00021,4,P100946,1,75.81,SALE,1718903993,S10,20240620
S10/20240620/00021,5,P103680,1,210.26,SALE,1718903993,S10,20240620
S10/20240620/00021,6,P104593,1,867.34,SALE,1718903993,S10,20240620
S10/20240620/00021,7,P106080,4,361.06,SALE,1718903993,S10,20240620
S10/20240620/00021,8,TAX,1,388.32,TAX,1718903993,S10,20240620
S10/20240620/00021,9,TENDER,1,4227.40,TENDER,1718903993,S10,20240620
S10/20240620/00022,1,P102682,5,94.04,SALE,1718885686,S10,20240620
S10/20240620/00022,2,P106885,6,132.48,SALE,1718885686,S10,20240620
S10/20240620/00022,3,P105460,2,143.35,SALE,1718885686,S10,20240620
S10/20240620/00022,4,P100131,3,624.57,SALE,1718885686,S10,20240620
S10/20240620/00022,5,P103273,2,342.67,SALE,1718885686,S10,20240620
S10/20240620/00022,6,P105729,1,68.08,SALE,1718885686,S10,20240620
S10/20240620/00022,7,P107163,2,187.11,SALE,1718885686,S10,20240620
S10/20240620/00022,8,TAX,1,556.25,TAX,1718885686,S10,20240620
S10/20240620/00022,9,TENDER,1,5109.38,TENDER,1718885686,S10,20240620
S10/20240620/00023,1,P106258,1,423.67,SALE,1718918801,S10,20240620
S10/20240620/00023,2,P101839,1,408.40,SALE,1718918801,S10,20240620
S10/20240620/00023,3,P105453,3,393.95,SALE,1718918801,S10,20240620
S10/20240620/00023,4,P106106,2,219.14,SALE,1718918801,S10,20240620
S10/20240620/00023,5,P105882,1,206.76,SALE,1718918801,S10,20240620
S10/20240620/00023,6,TAX,1,399.03,TAX,1718918801,S10,20240620
S10/20240620/00023,7,TENDER,1,3057.99,TENDER,1718918801,S10,20240620
S10/20240620/00024,1,P106577,3,49.71,SALE,1718897401,S10,20240620
S10/20240620/00024,2,P103743,1,1062.01,SALE,1718897401,S10,20240620
S10/20240620/00024,3,P103882,1,269.95,SALE,1718897401,S10,20240620
S10/20240620/00024,4,P108001,3,87.00,SALE,1718897401,S10,20240620
S10/20240620/00024,5,P104351,2,1128.29,SALE,1718897401,S10,20240620
S10/20240620/00024,6,P103372,2,43.95,SALE,1718897401,S10,20240620
S10/20240620/00024,7,TAX,1,184.70,TAX,1718897401,S10,20240620
S10/20240620/00024,8,TENDER,1,4271.27,TENDER,1718897401,S10,20240620
S10/20240620/00025,1,P107063,2,374.87,SALE,1718926554,S10,20240620
S10/20240620/00025,2,P106997,2,39.70,SALE,1718926554,S10,20240620
S10/20240620/00025,3,P103040,2,402.85,SALE,1718926554,S10,20240620
S10/20240620/00025,4,P104800,2,692.51,SALE,1718926554,S10,20240620
S10/20240620/00025,5,P108097,1,83.76,SALE,1718926554,S10,20240620
S10/20240620/00025,6,P104802,1,194.24,SALE,1718926554,S10,20240620
S10/20240620/00025,7,TAX,1,455.74,TAX,1718926554,S10,20240620
S10/20240620/00025,8,TENDER,1,3753.60,TENDER,1718926554,S10,20240620
S10/20240620/00026,1,P102160,2,221.62,SALE,1718919903,S10,20240620
S10/20240620/00026,2,P107381,2,195.99,SALE,1718919903,S10,20240620
S10/20240620/00026,3,P103757,4,147.98,SALE,1718919903,S10,20240620
S10/20240620/00026,4,P103563,1,21.20,SALE,1718919903,S10,20240620
S10/20240620/00026,5,P104294,2,115.73,SALE,1718919903,S10,20240620
S10/20240620/00026,6,TAX,1,161.41,TAX,1718919903,S10,20240620
S10/20240620/00026,7,TENDER,1,1841.21,TENDER,1718919903,S10,20240620
S10/20240620/00027,1,P100536,4,471.52,SALE,1718894613,S10,20240620
S10/20240620/00027,2,TAX,1,339.49,TAX,1718894613,S10,20240620
S10/20240620/00027,3,TENDER,1,2225.57,TENDER,1718894613,S10,20240620
S10/20240620/00028,1,P106563,3,426.95,SALE,1718919694,S10,20240620
S10/20240620/00028,2,TAX,1,153.70,TAX,1718919694,S10,20240620
S10/20240620/00028,3,TENDER,1,1434.55,TENDER,1718919694,S10,20240620
S10/20240620/00029,1,P107516,2,598.37,SALE,1718890430,S10,20240620
S10/20240620/00029,2,P106602,3,122.17,SALE,1718890430,S10,20240620
S10/20240620/00029,3,P107294,1,83.95,SALE,1718890430,S10,20240620
S10/20240620/00029,4,P103382,6,196.46,SALE,1718890430,S10,20240620
S10/20240620/00029,5,TAX,1,296.87,TAX,1718890430,S10,20240620
S10/20240620/00029,6,TENDER,1,3122.83,TENDER,1718890430,S10,20240620
S10/20240620/00030,1,P100840,2,248.08,SALE,1718894680,S10,20240620
S10/20240620/00030,2,P103397,2,371.02,SALE,1718894680,S10,20240620
S10/20240620/00030,3,P104133,2,248.31,SALE,1718894680,S10,20240620
S10/20240620/00030,4,P101564,3,155.83,SALE,1718894680,S10,20240620
S10/20240620/00030,5,P102880,2,575.53,SALE,1718894680,S10,20240620
S10/20240620/00030,6,P102821,1,1356.95,SALE,1718894680,S10,20240620
S10/20240620/00030,7,DISC,1,-165.65,DISCOUNT,1718894680,S10,20240620
S10/20240620/00030,8,TAX,1,222.89,TAX,1718894680,S10,20240620
S10/20240620/00030,9,TENDER,1,4767.56,TENDER,1718894680,S10,20240620
S10/20240620/00031,1,P106528,2,832.82,SALE,1718895830,S10,20240620
S10/20240620/00031,2,P103654,1,481.76,SALE,1718895830,S10,20240620
S10/20240620/00031,3,P104404,3,890.27,SALE,1718895830,S10,20240620
S10/20240620/00031,4,TAX,1,544.46,TAX,1718895830,S10,20240620
S10/20240620/00031,5,TENDER,1,5362.67,TENDER,1718895830,S10,20240620
S10/20240620/00032,1,P103004,2,82.09,SALE,1718908909,S10,20240620
S10/20240620/00032,2,P105155,3,317.12,SALE,1718908909,S10,20240620
S10/20240620/00032,3,P104898,3,161.27,SALE,1718908909,S10,20240620
S10/20240620/00032,4,P104378,2,95.33,SALE,1718908909,S10,20240620
S10/20240620/00032,5,TAX,1,102.85,TAX,1718908909,S10,20240620
S10/20240620/00032,6,TENDER,1,1892.86,TENDER,1718908909,S10,20240620
S10/20240620/00033,1,P104606,1,90.58,SALE,1718908277,S10,20240620
S10/20240620/00033,2,P107217,1,279.38,SALE,1718908277,S10,20240620
S10/20240620/00033,3,P105765,1,439.90,SALE,1718908277,S10,20240620
S10/20240620/00033,4,P101558,2,43.49,SALE,1718908277,S10,20240620
S10/20240620/00033,5,P100771,2,703.95,SALE,1718908277,S10,20240620
S10/20240620/00033,6,DISC,1,-167.04,DISCOUNT,1718908277,S10,20240620
S10/20240620/00033,7,TAX,1,285.85,TAX,1718908277,S10,20240620
S10/20240620/00033,8,TENDER,1,2423.55,TENDER,1718908277,S10,20240620
S10/20240620/00034,1,P107018,2,172.57,SALE,1718902083,S10,20240620
S10/20240620/00034,2,P101570,1,288.76,SALE,1718902083,S10,20240620
S10/20240620/00034,3,P100649,2,592.52,SALE,1718902083,S10,20240620
S10/20240620/00034,4,P106751,2,132.55,SALE,1718902083,S10,20240620
S10/20240620/00034,5,DISC,1,-150.94,DISCOUNT,1718902083,S10,20240620
S10/20240620/00034,6,TAX,1,115.40,TAX,1718902083,S10,20240620
S10/20240620/00034,7,TENDER,1,2048.50,TENDER,1718902083,S10,20240620
S10/20240620/00035,1,P105057,2,254.08,SALE,1718896644,S10,20240620
S10/20240620/00035,2,P105483,3,153.63,SALE,1718896644,S10,20240620
S10/20240620/00035,3,P106388,1,1042.36,SALE,1718896644,S10,20240620
S10/20240620/00035,4,P100319,3,48.05,SALE,1718896644,S10,20240620
S10/20240620/00035,5,TAX,1,181.64,TAX,1718896644,S10,20240620
S10/20240620/00035,6,TENDER,1,2337.20,TENDER,1718896644,S10,20240620
S10/20240620/00036,1,P107575,1,65.95,SALE,1718886351,S10,20240620
S10/20240620/00036,2,P108247,1,242.95,SALE,1718886351,S10,20240620
S10/20240620/00036,3,TAX,1,43.73,TAX,1718886351,S10,20240620
S10/20240620/00036,4,TENDER,1,352.63,TENDER,1718886351,S10,20240620
S10/20240620/00037,1,P104526,2,340.46,SALE,1718893768,S10,20240620
S10/20240620/00037,2,P105394,3,335.45,SALE,1718893768,S10,20240620
S10/20240620/00037,3,P100991,2,173.46,SALE,1718893768,S10,20240620
S10/20240620/00037,4,TAX,1,232.54,TAX,1718893768,S10,20240620
S10/20240620/00037,5,TENDER,1,2266.73,TENDER,1718893768,S10,20240620
S10/20240620/00038,1,P102471,2,137.95,SALE,1718900631,S10,20240620
S10/20240620/00038,2,P107477,2,116.48,SALE,1718900631,S10,20240620
S10/20240620/00038,3,P103214,3,283.38,SALE,1718900631,S10,20240620
S10/20240620/00038,4,TAX,1,103.82,TAX,1718900631,S10,20240620
S10/20240620/00038,5,TENDER,1,1462.82,TENDER,1718900631,S10,20240620
S10/20240620/00039,1,P106830,2,103.94,SALE,1718884002,S10,20240620
S10/20240620/00039,2,P101440,2,234.68,SALE,1718884002,S10,20240620
S10/20240620/00039,3,P104606,1,90.58,SALE,1718884002,S10,20240620
S10/20240620/00039,4,P102707,1,419.47,SALE,1718884002,S10,20240620
S10/20240620/00039,5,P108326,3,521.27,SALE,1718884002,S10,20240620
S10/20240620/00039,6,P103575,1,54.47,SALE,1718884002,S10,20240620
S10/20240620/00039,7,P105351,4,102.95,SALE,1718884002,S10,20240620
S10/20240620/00039,8,P101321,1,24.76,SALE,1718884002,S10,20240620
S10/20240620/00039,9,P105167,3,826.20,SALE,1718884002,S10,20240620
S10/20240620/00039,10,TAX,1,491.52,TAX,1718884002,S10,20240620
S10/20240620/00039,11,TENDER,1,6212.25,TENDER,1718884002,S10,20240620
S10/20240620/00040,1,P101311,2,481.74,SALE,1718883598,S10,20240620
S10/20240620/00040,2,P107743,2,206.95,SALE,1718883598,S10,20240620
S10/20240620/00040,3,P108282,1,407.70,SALE,1718883598,S10,20240620
S10/20240620/00040,4,P103062,3,179.06,SALE,1718883598,S10,20240620
S10/20240620/00040,5,P106270,4,308.83,SALE,1718883598,S10,20240620
S10/20240620/00040,6,P102166,1,52.54,SALE,1718883598,S10,20240620
S10/20240620/00040,7,TAX,1,154.54,TAX,1718883598,S10,20240620
S10/20240620/00040,8,TENDER,1,3764.66,TENDER,1718883598,S10,20240620
S10/20240620/00041,1,P101164,2,401.86,SALE,1718896216,S10,20240620
S10/20240620/00041,2,P108221,2,51.41,SALE,1718896216,S10,20240620
S10/20240620/00041,3,P104160,2,258.87,SALE,1718896216,S10,20240620
S10/20240620/00041,4,TAX,1,163.18,TAX,1718896216,S10,20240620
S10/20240620/00041,5,TENDER,1,1587.46,TENDER,1718896216,S10,20240620
S10/20240620/00042,1,P105313,2,51.83,SALE,1718905660,S10,20240620
S10/20240620/00042,2,P104898,2,161.27,SALE,1718905660,S10,20240620
S10/20240620/00042,3,P106336,2,456.47,SALE,1718905660,S10,20240620
S10/20240620/00042,4,TAX,1,180.46,TAX,1718905660,S10,20240620
S10/20240620/00042,5,TENDER,1,1519.60,TENDER,1718905660,S10,20240620
S10/20240621/00001,1,P103406,2,1248.48,SALE,1718984323,S10,20240621
S10/20240621/00001,2,P104676,2,81.62,SALE,1718984323,S10,20240621
S10/20240621/00001,3,P102833,2,680.71,SALE,1718984323,S10,20240621
S10/20240621/00001,4,P103012,1,256.77,SALE,1718984323,S10,20240621
S10/20240621/00001,5,P104469,3,1548.25,SALE,1718984323,S10,20240621
S10/20240621/00001,6,P101465,1,550.58,SALE,1718984323,S10,20240621
S10/20240621/00001,7,TAX,1,1084.38,TAX,1718984323,S10,20240621
S10/20240621/00001,8,TENDER,1,10558.10,TENDER,1718984323,S10,20240621
S10/20240621/00002,1,P106405,1,38.72,SALE,1719002670,S10,20240621
S10/20240621/00002,2,P104497,3,212.37,SALE,1719002670,S10,20240621
S10/20240621/00002,3,P102502,1,366.79,SALE,1719002670,S10,20240621
S10/20240621/00002,4,P103259,1,298.27,SALE,1719002670,S10,20240621
S10/20240621/00002,5,P103661,2,125.81,SALE,1719002670,S10,20240621
S10/20240621/00002,6,P101052,2,198.99,SALE,1719002670,S10,20240621
S10/20240621/00002,7,P106434,1,178.02,SALE,1719002670,S10,20240621
S10/20240621/00002,8,TAX,1,243.14,TAX,1719002670,S10,20240621
S10/20240621/00002,9,TENDER,1,2411.65,TENDER,1719002670,S10,20240621
S10/20240621/00003,1,P104328,3,66.17,SALE,1718988316,S10,20240621
S10/20240621/00003,2,P102534,3,98.12,SALE,1718988316,S10,20240621
S10/20240621/00003,3,P103843,1,636.12,SALE,1718988316,S10,20240621
S10/20240621/00003,4,P104270,1,1036.53,SALE,1718988316,S10,20240621
S10/20240621/00003,5,TAX,1,229.24,TAX,1718988316,S10,20240621
S10/20240621/00003,6,TENDER,1,2394.76,TENDER,1718988316,S10,20240621
S10/20240621/00004,1,P100528,2,623.32,SALE,1718986815,S10,20240621
S10/20240621/00004,2,P103999,2,118.59,SALE,1718986815,S10,20240621
S10/20240621/00004,3,P105483,3,160.65,SALE,1718986815,S10,20240621
S10/20240621/00004,4,P103438,1,187.96,SALE,1718986815,S10,20240621
S10/20240621/00004,5,P105288,2,271.73,SALE,1718986815,S10,20240621
S10/20240621/00004,6,P102436,1,243.03,SALE,1718986815,S10,20240621
S10/20240621/00004,7,TAX,1,151.75,TAX,1718986815,S10,20240621
S10/20240621/00004,8,TENDER,1,3091.97,TENDER,1718986815,S10,20240621
S10/20240621/00005,1,P104107,1,475.22,SALE,1719000095,S10,20240621
S10/20240621/00005,2,P101428,3,394.08,SALE,1719000095,S10,20240621
S10/20240621/00005,3,P105553,3,764.76,SALE,1719000095,S10,20240621
S10/20240621/00005,4,P105965,2,61.37,SALE,1719000095,S10,20240621
S10/20240621/00005,5,DISC,1,-427.54,DISCOUNT,1719000095,S10,20240621
S10/20240621/00005,6,TAX,1,518.95,TAX,1719000095,S10,20240621
S10/20240621/00005,7,TENDER,1,4165.89,TENDER,1719000095,S10,20240621
S10/20240621/00006,1,P106344,2,801.30,SALE,1718984115,S10,20240621
S10/20240621/00006,2,P103760,2,104.16,SALE,1718984115,S10,20240621
S10/20240621/00006,3,P101813,2,260.89,SALE,1718984115,S10,20240621
S10/20240621/00006,4,P101023,3,193.95,SALE,1718984115,S10,20240621
S10/20240621/00006,5,P104916,4,284.74,SALE,1718984115,S10,20240621
S10/20240621/00006,6,TAX,1,271.60,TAX,1718984115,S10,20240621
S10/20240621/00006,7,TENDER,1,4325.11,TENDER,1718984115,S10,20240621
S10/20240621/00007,1,P107432,2,44.98,SALE,1718982734,S10,20240621
S10/20240621/00007,2,P108110,4,15.95,SALE,1718982734,S10,20240621
S10/20240621/00007,3,P105356,2,232.26,SALE,1718982734,S10,20240621
S10/20240621/00007,4,P103062,1,179.06,SALE,1718982734,S10,20240621
S10/20240621/00007,5,P102342,2,99.85,SALE,1718982734,S10,20240621
S10/20240621/00007,6,P103137,2,218.09,SALE,1718982734,S10,20240621
S10/20240621/00007,7,TAX,1,124.47,TAX,1718982734,S10,20240621
S10/20240621/00007,8,TENDER,1,1557.69,TENDER,1718982734,S10,20240621
S10/20240621/00008,1,P103461,3,104.95,SALE,1718964986,S10,20240621
S10/20240621/00008,2,P102324,2,194.59,SALE,1718964986,S10,20240621
S10/20240621/00008,3,P106528,1,832.82,SALE,1718964986,S10,20240621
S10/20240621/00008,4,P100810,2,200.65,SALE,1718964986,S10,20240621
S10/20240621/00008,5,TAX,1,177.24,TAX,1718964986,S10,20240621
S10/20240621/00008,6,TENDER,1,2115.39,TENDER,1718964986,S10,20240621
S10/20240621/00009,1,P104765,1,401.36,SALE,1718976822,S10,20240621
S10/20240621/00009,2,P106710,2,93.71,SALE,1718976822,S10,20240621
S10/20240621/00009,3,P107072,3,75.15,SALE,1718976822,S10,20240621
S10/20240621/00009,4,P102779,1,25.62,SALE,1718976822,S10,20240621
S10/20240621/00009,5,P102219,2,726.06,SALE,1718976822,S10,20240621
S10/20240621/00009,6,P108300,3,260.37,SALE,1718976822,S10,20240621
S10/20240621/00009,7,DISC,1,-191.95,DISCOUNT,1718976822,S10,20240621
S10/20240621/00009,8,TAX,1,279.55,TAX,1718976822,S10,20240621
S10/20240621/00009,9,TENDER,1,3160.68,TENDER,1718976822,S10,20240621
S10/20240621/00010,1,P107843,3,486.47,SALE,1719000411,S10,20240621
S10/20240621/00010,2,P102811,1,199.15,SALE,1719000411,S10,20240621
S10/20240621/00010,3,P101106,1,542.84,SALE,1719000411,S10,20240621
S10/20240621/00010,4,P100549,2,301.95,SALE,1719000411,S10,20240621
S10/20240621/00010,5,P102788,2,871.07,SALE,1719000411,S10,20240621
S10/20240621/00010,6,P104800,2,692.51,SALE,1719000411,S10,20240621
S10/20240621/00010,7,TAX,1,625.57,TAX,1719000411,S10,20240621
S10/20240621/00010,8,TENDER,1,6558.03,TENDER,1719000411,S10,20240621
S10/20240621/00011,1,P107330,1,115.95,SALE,1719001870,S10,20240621
S10/20240621/00011,2,P108125,4,129.06,SALE,1719001870,S10,20240621
S10/20240621/00011,3,P103682,3,372.67,SALE,1719001870,S10,20240621
S10/20240621/00011,4,P106115,2,128.36,SALE,1719001870,S10,20240621
S10/20240621/00011,5,TAX,1,268.32,TAX,1719001870,S10,20240621
S10/20240621/00011,6,TENDER,1,2275.24,TENDER,1719001870,S10,20240621
S10/20240621/00012,1,P107555,1,1314.43,SALE,1719004042,S10,20240621
S10/20240621/00012,2,P108110,1,15.95,SALE,1719004042,S10,20240621
S10/20240621/00012,3,P105323,3,73.95,SALE,1719004042,S10,20240621
S10/20240621/00012,4,P105288,1,271.73,SALE,1719004042,S10,20240621
S10/20240621/00012,5,P106405,2,38.72,SALE,1719004042,S10,20240621
S10/20240621/00012,6,TAX,1,27.90,TAX,1719004042,S10,20240621
S10/20240621/00012,7,TENDER,1,1929.30,TENDER,1719004042,S10,20240621
S10/20240621/00013,1,P101489,2,493.95,SALE,1718971981,S10,20240621
S10/20240621/00013,2,P100178,2,480.34,SALE,1718971981,S10,20240621
S10/20240621/00013,3,P101492,4,113.44,SALE,1718971981,S10,20240621
S10/20240621/00013,4,P102975,1,226.32,SALE,1718971981,S10,20240621
S10/20240621/00013,5,P102636,3,114.77,SALE,1718971981,S10,20240621
S10/20240621/00013,6,P106528,1,832.82,SALE,1718971981,S10,20240621
S10/20240621/00013,7,P107542,2,162.57,SALE,1718971981,S10,20240621
S10/20240621/00013,8,P104160,1,258.87,SALE,1718971981,S10,20240621
S10/20240621/00013,9,P104008,2,107.37,SALE,1718971981,S10,20240621
S10/20240621/00013,10,P107078,1,111.95,SALE,1718971981,S10,20240621
S10/20240621/00013,11,TAX,1,423.23,TAX,1718971981,S10,20240621
S10/20240621/00013,12,TENDER,1,5139.72,TENDER,1718971981,S10,20240621
S10/20240621/00014,1,P103645,1,241.18,SALE,1718992776,S10,20240621
S10/20240621/00014,2,P105187,4,1057.95,SALE,1718992776,S10,20240621
S10/20240621/00014,3,P104023,3,630.48,SALE,1718992776,S10,20240621
S10/20240621/00014,4,P102945,3,43.42,SALE,1718992776,S10,20240621
S10/20240621/00014,5,P100049,1,70.71,SALE,1718992776,S10,20240621
S10/20240621/00014,6,P108335,2,165.51,SALE,1718992776,S10,20240621
S10/20240621/00014,7,P101864,2,101.95,SALE,1718992776,S10,20240621
S10/20240621/00014,8,TAX,1,167.45,TAX,1718992776,S10,20240621
S10/20240621/00014,9,TENDER,1,7267.76,TENDER,1718992776,S10,20240621
S10/20240621/00015,1,P106584,1,248.90,SALE,1718998682,S10,20240621
S10/20240621/00015,2,P101305,3,110.46,SALE,1718998682,S10,20240621
S10/20240621/00015,3,P101520,1,168.04,SALE,1718998682,S10,20240621
S10/20240621/00015,4,P107996,2,215.44,SALE,1718998682,S10,20240621
S10/20240621/00015,5,P107012,2,104.24,SALE,1718998682,S10,20240621
S10/20240621/00015,6,P100974,1,39.19,SALE,1718998682,S10,20240621
S10/20240621/00015,7,P101669,4,49.56,SALE,1718998682,S10,20240621
S10/20240621/00015,8,TAX,1,111.89,TAX,1718998682,S10,20240621
S10/20240621/00015,9,TENDER,1,1737.00,TENDER,1718998682,S10,20240621
S10/20240621/00016,1,P103577,-2,100.03,RETURN,1718984799,S10,20240621
S10/20240621/00016,2,P106344,-4,801.30,RETURN,1718984799,S10,20240621
S10/20240621/00016,3,P103591,-1,102.70,RETURN,1718984799,S10,20240621
S10/20240621/00016,4,P107989,-3,184.95,RETURN,1718984799,S10,20240621
S10/20240621/00016,5,P107807,-2,118.66,RETURN,1718984799,S10,20240621
S10/20240621/00016,6,TAX,1,-154.23,TAX,1718984799,S10,20240621
S10/20240621/00016,7,TENDER,1,-4454.36,TENDER,1718984799,S10,20240621
S10/20240621/00017,1,P101940,2,200.74,SALE,1719003514,S10,20240621
S10/20240621/00017,2,P106300,2,387.92,SALE,1719003514,S10,20240621
S10/20240621/00017,3,P100026,2,304.63,SALE,1719003514,S10,20240621
S10/20240621/00017,4,P103004,4,82.09,SALE,1719003514,S10,20240621
S10/20240621/00017,5,P107520,2,150.93,SALE,1719003514,S10,20240621
S10/20240621/00017,6,P106506,5,110.89,SALE,1719003514,S10,20240621
S10/20240621/00017,7,P101384,2,42.99,SALE,1719003514,S10,20240621
S10/20240621/00017,8,P103855,2,322.11,SALE,1719003514,S10,20240621
S10/20240621/00017,9,TAX,1,423.31,TAX,1719003514,S10,20240621
S10/20240621/00017,10,TENDER,1,4124.76,TENDER,1719003514,S10,20240621
S10/20240621/00018,1,P104316,1,406.45,SALE,1718973551,S10,20240621
S10/20240621/00018,2,P107966,2,391.71,SALE,1718973551,S10,20240621
S10/20240621/00018,3,P108125,1,129.06,SALE,1718973551,S10,20240621
S10/20240621/00018,4,TAX,1,73.16,TAX,1718973551,S10,20240621
S10/20240621/00018,5,TENDER,1,1392.09,TENDER,1718973551,S10,20240621
S10/20240621/00019,1,P101697,2,95.47,SALE,1718995427,S10,20240621
S10/20240621/00019,2,P103309,3,59.57,SALE,1718995427,S10,20240621
S10/20240621/00019,3,P101961,1,679.58,SALE,1718995427,S10,20240621
S10/20240621/00019,4,P101465,1,550.58,SALE,1718995427,S10,20240621
S10/20240621/00019,5,TAX,1,230.36,TAX,1718995427,S10,20240621
S10/20240621/00019,6,TENDER,1,1830.17,TENDER,1718995427,S10,20240621
S10/20240621/00020,1,P104842,1,357.87,SALE,1718982415,S10,20240621
S10/20240621/00020,2,P107488,4,303.21,SALE,1718982415,S10,20240621
S10/20240621/00020,3,P107743,1,206.95,SALE,1718982415,S10,20240621
S10/20240621/00020,4,TAX,1,286.09,TAX,1718982415,S10,20240621
S10/20240621/00020,5,TENDER,1,2063.75,TENDER,1718982415,S10,20240621
S10/20240621/00021,1,P103137,5,218.09,SALE,1718980929,S10,20240621
S10/20240621/00021,2,P105323,2,73.95,SALE,1718980929,S10,20240621
S10/20240621/00021,3,P107385,4,797.95,SALE,1718980929,S10,20240621
S10/20240621/00021,4,P104133,2,248.31,SALE,1718980929,S10,20240621
S10/20240621/00021,5,P105425,4,153.55,SALE,1718980929,S10,20240621
S10/20240621/00021,6,P106783,1,87.95,SALE,1718980929,S10,20240621
S10/20240621/00021,7,P105100,1,270.01,SALE,1718980929,S10,20240621
S10/20240621/00021,8,P103563,4,23.04,SALE,1718980929,S10,20240621
S10/20240621/00021,9,DISC,1,-546.23,DISCOUNT,1718980929,S10,20240621
S10/20240621/00021,10,TAX,1,372.23,TAX,1718980929,S10,20240621
S10/20240621/00021,11,TENDER,1,5817.09,TENDER,1718980929,S10,20240621
S10/20240621/00022,1,P104651,2,540.51,SALE,1718990262,S10,20240621
S10/20240621/00022,2,P101874,3,19.95,SALE,1718990262,S10,20240621
S10/20240621/00022,3,P104567,1,141.21,SALE,1718990262,S10,20240621
S10/20240621/00022,4,P106757,3,387.50,SALE,1718990262,S10,20240621
S10/20240621/00022,5,TAX,1,204.79,TAX,1718990262,S10,20240621
S10/20240621/00022,6,TENDER,1,2649.37,TENDER,1718990262,S10,20240621
S10/20240621/00023,1,P106221,4,31.65,SALE,1718986841,S10,20240621
S10/20240621/00023,2,P103510,2,183.91,SALE,1718986841,S10,20240621
S10/20240621/00023,3,P102321,2,34.60,SALE,1718986841,S10,20240621
S10/20240621/00023,4,TAX,1,49.48,TAX,1718986841,S10,20240621
S10/20240621/00023,5,TENDER,1,613.10,TENDER,1718986841,S10,20240621
S10/20240621/00024,1,P107171,2,332.75,SALE,1718993038,S10,20240621
S10/20240621/00024,2,P101208,2,521.19,SALE,1718993038,S10,20240621
S10/20240621/00024,3,P101048,3,208.35,SALE,1718993038,S10,20240621
S10/20240621/00024,4,P106975,1,136.95,SALE,1718993038,S10,20240621
S10/20240621/00024,5,TAX,1,135.76,TAX,1718993038,S10,20240621
S10/20240621/00024,6,TENDER,1,2605.64,TENDER,1718993038,S10,20240621
S10/20240621/00025,1,P106415,2,911.99,SALE,1718992048,S10,20240621
S10/20240621/00025,2,P102290,3,547.95,SALE,1718992048,S10,20240621
S10/20240621/00025,3,P100577,4,277.95,SALE,1718992048,S10,20240621
S10/20240621/00025,4,P105075,1,49.58,SALE,1718992048,S10,20240621
S10/20240621/00025,5,P103424,4,295.58,SALE,1718992048,S10,20240621
S10/20240621/00025,6,P104404,2,890.27,SALE,1718992048,S10,20240621
S10/20240621/00025,7,P103701,1,1171.33,SALE,1718992048,S10,20240621
S10/20240621/00025,8,P107294,2,83.95,SALE,1718992048,S10,20240621
S10/20240621/00025,9,TAX,1,1047.69,TAX,1718992048,S10,20240621
S10/20240621/00025,10,TENDER,1,9978.99,TENDER,1718992048,S10,20240621
S10/20240621/00026,1,P108313,2,372.95,SALE,1718998721,S10,20240621
S10/20240621/00026,2,P100677,2,227.95,SALE,1718998721,S10,20240621
S10/20240621/00026,3,P102707,1,419.47,SALE,1718998721,S10,20240621
S10/20240621/00026,4,P103202,2,262.07,SALE,1718998721,S10,20240621
S10/20240621/00026,5,P107843,1,486.47,SALE,1718998721,S10,20240621
S10/20240621/00026,6,TAX,1,372.37,TAX,1718998721,S10,20240621
S10/20240621/00026,7,TENDER,1,3004.25,TENDER,1718998721,S10,20240621
S10/20240621/00027,1,P104747,4,342.93,SALE,1718962015,S10,20240621
S10/20240621/00027,2,P100367,1,537.90,SALE,1718962015,S10,20240621
S10/20240621/00027,3,P105950,3,1356.49,SALE,1718962015,S10,20240621
S10/20240621/00027,4,P101585,2,11.51,SALE,1718962015,S10,20240621
S10/20240621/00027,5,P102219,1,726.06,SALE,1718962015,S10,20240621
S10/20240621/00027,6,P107695,3,282.58,SALE,1718962015,S10,20240621
S10/20240621/00027,7,P104747,-4,342.93,VOID,1718962015,S10,20240621
S10/20240621/00027,8,P100367,-1,537.90,VOID,1718962015,S10,20240621
S10/20240621/00027,9,P105950,-3,1356.49,VOID,1718962015,S10,20240621
S10/20240621/00027,10,P101585,-2,11.51,VOID,1718962015,S10,20240621
S10/20240621/00027,11,P102219,-1,726.06,VOID,1718962015,S10,20240621
S10/20240621/00027,12,P107695,-3,282.58,VOID,1718962015,S10,20240621
S10/20240621/00027,13,TAX,1,0.00,TAX,1718962015,S10,20240621
S10/20240621/00027,14,TENDER,1,0.00,TENDER,1718962015,S10,20240621
S10/20240621/00028,1,P101990,1,408.52,SALE,1718980309,S10,20240621
S10/20240621/00028,2,P100956,3,421.98,SALE,1718980309,S10,20240621
S10/20240621/00028,3,P105106,1,98.60,SALE,1718980309,S10,20240621
S10/20240621/00028,4,P104107,2,475.22,SALE,1718980309,S10,20240621
S10/20240621/00028,5,P105176,1,509.66,SALE,1718980309,S10,20240621
S10/20240621/00028,6,P107826,2,106.95,SALE,1718980309,S10,20240621
S10/20240621/00028,7,DISC,1,-408.40,DISCOUNT,1718980309,S10,20240621
S10/20240621/00028,8,TAX,1,368.96,TAX,1718980309,S10,20240621
S10/20240621/00028,9,TENDER,1,3407.62,TENDER,1718980309,S10,20240621
S10/20240621/00029,1,P105713,2,327.34,SALE,1718983310,S10,20240621
S10/20240621/00029,2,P104497,2,212.37,SALE,1718983310,S10,20240621
S10/20240621/00029,3,P106336,1,456.47,SALE,1718983310,S10,20240621
S10/20240621/00029,4,P104827,1,168.97,SALE,1718983310,S10,20240621
S10/20240621/00029,5,P104902,1,445.79,SALE,1718983310,S10,20240621
S10/20240621/00029,6,P104187,2,86.95,SALE,1718983310,S10,20240621
S10/20240621/00029,7,P103144,2,145.27,SALE,1718983310,S10,20240621
S10/20240621/00029,8,P105666,2,1064.29,SALE,1718983310,S10,20240621
S10/20240621/00029,9,TAX,1,239.60,TAX,1718983310,S10,20240621
S10/20240621/00029,10,TENDER,1,4983.27,TENDER,1718983310,S10,20240621
S10/20240621/00030,1,P106528,1,832.82,SALE,1718986520,S10,20240621
S10/20240621/00030,2,P105003,4,285.67,SALE,1718986520,S10,20240621
S10/20240621/00030,3,P100178,4,480.34,SALE,1718986520,S10,20240621
S10/20240621/00030,4,P102502,1,366.79,SALE,1718986520,S10,20240621
S10/20240621/00030,5,TAX,1,717.49,TAX,1718986520,S10,20240621
S10/20240621/00030,6,TENDER,1,4981.14,TENDER,1718986520,S10,20240621
S10/20240621/00031,1,P105805,1,112.64,SALE,1718990154,S10,20240621
S10/20240621/00031,2,P105890,2,1196.88,SALE,1718990154,S10,20240621
S10/20240621/00031,3,P106528,1,832.82,SALE,1718990154,S10,20240621
S10/20240621/00031,4,P104011,4,657.72,SALE,1718990154,S10,20240621
S10/20240621/00031,5,P102014,1,261.84,SALE,1718990154,S10,20240621
S10/20240621/00031,6,P103337,1,84.50,SALE,1718990154,S10,20240621
S10/20240621/00031,7,TAX,1,402.53,TAX,1718990154,S10,20240621
S10/20240621/00031,8,TENDER,1,6718.97,TENDER,1718990154,S10,20240621
S10/20240621/00032,1,P100057,2,215.95,SALE,1719008838,S10,20240621
S10/20240621/00032,2,P106997,2,39.70,SALE,1719008838,S10,20240621
S10/20240621/00032,3,P100421,1,121.56,SALE,1719008838,S10,20240621
S10/20240621/00032,4,P104097,1,319.17,SALE,1719008838,S10,20240621
S10/20240621/00032,5,P106639,1,415.94,SALE,1719008838,S10,20240621
S10/20240621/00032,6,P102768,1,152.65,SALE,1719008838,S10,20240621
S10/20240621/00032,7,P108262,2,592.59,SALE,1719008838,S10,20240621
S10/20240621/00032,8,P107740,1,1366.88,SALE,1719008838,S10,20240621
S10/20240621/00032,9,TAX,1,554.40,TAX,1719008838,S10,20240621
S10/20240621/00032,10,TENDER,1,4627.08,TENDER,1719008838,S10,20240621
S10/20240621/00033,1,P104233,2,1232.09,SALE,1718974054,S10,20240621
S10/20240621/00033,2,P101669,2,49.56,SALE,1718974054,S10,20240621
S10/20240621/00033,3,P100582,3,159.72,SALE,1718974054,S10,20240621
S10/20240621/00033,4,P101564,1,155.83,SALE,1718974054,S10,20240621
S10/20240621/00033,5,P106958,2,120.44,SALE,1718974054,S10,20240621
S10/20240621/00033,6,P105511,2,294.53,SALE,1718974054,S10,20240621
S10/20240621/00033,7,P102280,1,611.53,SALE,1718974054,S10,20240621
S10/20240621/00033,8,TAX,1,501.93,TAX,1718974054,S10,20240621
S10/20240621/00033,9,TENDER,1,5141.69,TENDER,1718974054,S10,20240621
S10/20240621/00034,1,P102042,2,151.18,SALE,1718986137,S10,20240621
S10/20240621/00034,2,P108200,1,336.95,SALE,1718986137,S10,20240621
S10/20240621/00034,3,P100172,2,196.62,SALE,1718986137,S10,20240621
S10/20240621/00034,4,P103004,2,82.09,SALE,1718986137,S10,20240621
S10/20240621/00034,5,P107581,2,243.81,SALE,1718986137,S10,20240621
S10/20240621/00034,6,P105614,2,652.27,SALE,1718986137,S10,20240621
S10/20240621/00034,7,DISC,1,-92.66,DISCOUNT,1718986137,S10,20240621
S10/20240621/00034,8,TAX,1,385.58,TAX,1718986137,S10,20240621
S10/20240621/00034,9,TENDER,1,3281.81,TENDER,1718986137,S10,20240621
S10/20240621/00035,1,P102081,3,164.15,SALE,1718989492,S10,20240621
S10/20240621/00035,2,P102383,2,10.62,SALE,1718989492,S10,20240621
S10/20240621/00035,3,P101374,2,49.36,SALE,1718989492,S10,20240621
S10/20240621/00035,4,P106984,1,28.34,SALE,1718989492,S10,20240621
S10/20240621/00035,5,P106783,1,87.95,SALE,1718989492,S10,20240621
S10/20240621/00035,6,P101585,3,11.51,SALE,1718989492,S10,20240621
S10/20240621/00035,7,P102674,1,496.43,SALE,1718989492,S10,20240621
S10/20240621/00035,8,P108272,3,119.46,SALE,1718989492,S10,20240621
S10/20240621/00035,9,DISC,1,-180.86,DISCOUNT,1718989492,S10,20240621
S10/20240621/00035,10,TAX,1,236.32,TAX,1718989492,S10,20240621
S10/20240621/00035,11,TENDER,1,1673.50,TENDER,1718989492,S10,20240621
S10/20240621/00036,1,P101428,2,394.08,SALE,1718988803,S10,20240621
S10/20240621/00036,2,P107047,4,413.27,SALE,1718988803,S10,20240621
S10/20240621/00036,3,P106207,2,459.95,SALE,1718988803,S10,20240621
S10/20240621/00036,4,P101428,-2,394.08,VOID,1718988803,S10,20240621
S10/20240621/00036,5,P107047,-4,413.27,VOID,1718988803,S10,20240621
S10/20240621/00036,6,P106207,-2,459.95,VOID,1718988803,S10,20240621
S10/20240621/00036,7,TAX,1,0.00,TAX,1718988803,S10,20240621
S10/20240621/00036,8,TENDER,1,0.00,TENDER,1718988803,S10,20240621
S10/20240621/00037,1,P106697,3,342.69,SALE,1718986681,S10,20240621
S10/20240621/00037,2,P105127,2,62.95,SALE,1718986681,S10,20240621
S10/20240621/00037,3,TAX,1,129.66,TAX,1718986681,S10,20240621
S10/20240621/00037,4,TENDER,1,1283.63,TENDER,1718986681,S10,20240621
S10/20240621/00038,1,P103155,2,270.20,SALE,1718958963,S10,20240621
S10/20240621/00038,2,P100999,2,161.56,SALE,1718958963,S10,20240621
S10/20240621/00038,3,P100974,3,39.19,SALE,1718958963,S10,20240621
S10/20240621/00038,4,P103144,2,145.27,SALE,1718958963,S10,20240621
S10/20240621/00038,5,P105695,1,158.81,SALE,1718958963,S10,20240621
S10/20240621/00038,6,P102114,4,128.95,SALE,1718958963,S10,20240621
S10/20240621/00038,7,DISC,1,-225.91,DISCOUNT,1718958963,S10,20240621
S10/20240621/00038,8,TAX,1,133.83,TAX,1718958963,S10,20240621
S10/20240621/00038,9,TENDER,1,1854.16,TENDER,1718958963,S10,20240621
S10/20240621/00039,1,P100838,2,37.95,SALE,1718987316,S10,20240621
S10/20240621/00039,2,P105017,1,212.97,SALE,1718987316,S10,20240621
S10/20240621/00039,3,P106669,1,102.72,SALE,1718987316,S10,20240621
S10/20240621/00039,4,P107681,1,182.57,SALE,1718987316,S10,20240621
S10/20240621/00039,5,P100406,4,435.20,SALE,1718987316,S10,20240621
S10/20240621/00039,6,P102768,2,152.65,SALE,1718987316,S10,20240621
S10/20240621/00039,7,P101311,2,481.74,SALE,1718987316,S10,20240621
S10/20240621/00039,8,P101298,3,216.72,SALE,1718987316,S10,20240621
S10/20240621/00039,9,TAX,1,348.32,TAX,1718987316,S10,20240621
S10/20240621/00039,10,TENDER,1,4582.22,TENDER,1718987316,S10,20240621
S10/20240621/00040,1,P104011,2,657.72,SALE,1718985076,S10,20240621
S10/20240621/00040,2,P106955,1,204.37,SALE,1718985076,S10,20240621
S10/20240621/00040,3,P107137,2,32.59,SALE,1718985076,S10,20240621
S10/20240621/00040,4,P100260,4,1124.20,SALE,1718985076,S10,20240621
S10/20240621/00040,5,P103231,1,235.56,SALE,1718985076,S10,20240621
S10/20240621/00040,6,P102794,1,416.24,SALE,1718985076,S10,20240621
S10/20240621/00040,7,P103012,1,256.77,SALE,1718985076,S10,20240621
S10/20240621/00040,8,TAX,1,118.58,TAX,1718985076,S10,20240621
S10/20240621/00040,9,TENDER,1,7108.94,TENDER,1718985076,S10,20240621
S10/20240621/00041,1,P106735,3,320.99,SALE,1718968231,S10,20240621
S10/20240621/00041,2,P102296,2,43.24,SALE,1718968231,S10,20240621
S10/20240621/00041,3,P104270,2,1036.53,SALE,1718968231,S10,20240621
S10/20240621/00041,4,P104454,1,47.84,SALE,1718968231,S10,20240621
S10/20240621/00041,5,TAX,1,294.95,TAX,1718968231,S10,20240621
S10/20240621/00041,6,TENDER,1,3465.30,TENDER,1718968231,S10,20240621
S10/20240621/00042,1,P105394,2,335.45,SALE,1718980415,S10,20240621
S10/20240621/00042,2,P104042,1,346.95,SALE,1718980415,S10,20240621
S10/20240621/00042,3,P103178,3,21.21,SALE,1718980415,S10,20240621
S10/20240621/00042,4,P104670,1,108.77,SALE,1718980415,S10,20240621
S10/20240621/00042,5,TAX,1,193.43,TAX,1718980415,S10,20240621
S10/20240621/00042,6,TENDER,1,1383.68,TENDER,1718980415,S10,20240621
S10/20240621/00043,1,P107807,3,118.66,SALE,1718982632,S10,20240621
S10/20240621/00043,2,P102342,5,99.85,SALE,1718982632,S10,20240621
S10/20240621/00043,3,P100348,3,478.95,SALE,1718982632,S10,20240621
S10/20240621/00043,4,P103372,3,43.95,SALE,1718982632,S10,20240621
S10/20240621/00043,5,P101213,1,232.84,SALE,1718982632,S10,20240621
S10/20240621/00043,6,TAX,1,215.20,TAX,1718982632,S10,20240621
S10/20240621/00043,7,TENDER,1,2871.97,TENDER,1718982632,S10,20240621
S10/20240621/00044,1,P107526,1,50.67,SALE,1718958217,S10,20240621
S10/20240621/00044,2,P101674,3,373.95,SALE,1718958217,S10,20240621
S10/20240621/00044,3,P106718,2,526.83,SALE,1718958217,S10,20240621
S10/20240621/00044,4,P103712,2,481.86,SALE,1718958217,S10,20240621
S10/20240621/00044,5,TAX,1,516.36,TAX,1718958217,S10,20240621
S10/20240621/00044,6,TENDER,1,3706.26,TENDER,1718958217,S10,20240621
S10/20240621/00045,1,P100810,2,200.65,SALE,1718994629,S10,20240621
S10/20240621/00045,2,P101339,1,222.95,SALE,1718994629,S10,20240621
S10/20240621/00045,3,P104854,1,35.76,SALE,1718994629,S10,20240621
S10/20240621/00045,4,P107056,2,341.76,SALE,1718994629,S10,20240621
S10/20240621/00045,5,TAX,1,154.25,TAX,1718994629,S10,20240621
S10/20240621/00045,6,TENDER,1,1497.78,TENDER,1718994629,S10,20240621
S10/20240621/00046,1,P103340,1,466.84,SALE,1718993638,S10,20240621
S10/20240621/00046,2,P101626,1,1040.69,SALE,1718993638,S10,20240621
S10/20240621/00046,3,TAX,1,208.91,TAX,1718993638,S10,20240621
S10/20240621/00046,4,TENDER,1,1716.44,TENDER,1718993638,S10,20240621
S10/20240621/00047,1,P103542,4,398.89,SALE,1718986981,S10,20240621
S10/20240621/00047,2,P100827,2,1218.17,SALE,1718986981,S10,20240621
S10/20240621/00047,3,P108131,3,611.06,SALE,1718986981,S10,20240621
S10/20240621/00047,4,P100348,2,478.95,SALE,1718986981,S10,20240621
S10/20240621/00047,5,P106833,2,397.38,SALE,1718986981,S10,20240621
S10/20240621/00047,6,P100956,3,421.98,SALE,1718986981,S10,20240621
S10/20240621/00047,7,TAX,1,537.38,TAX,1718986981,S10,20240621
S10/20240621/00047,8,TENDER,1,9421.06,TENDER,1718986981,S10,20240621
S10/20240621/00048,1,P101859,2,68.39,SALE,1718991545,S10,20240621
S10/20240621/00048,2,TAX,1,16.41,TAX,1718991545,S10,20240621
S10/20240621/00048,3,TENDER,1,153.19,TENDER,1718991545,S10,20240621
S10/20240621/00049,1,P103606,4,167.15,SALE,1718988868,S10,20240621
S10/20240621/00049,2,P106084,2,592.14,SALE,1718988868,S10,20240621
S10/20240621/00049,3,P104133,2,248.31,SALE,1718988868,S10,20240621
S10/20240621/00049,4,P104645,6,1052.62,SALE,1718988868,S10,20240621
S10/20240621/00049,5,P103155,1,270.20,SALE,1718988868,S10,20240621
S10/20240621/00049,6,P102714,1,80.41,SALE,1718988868,S10,20240621
S10/20240621/00049,7,TAX,1,150.93,TAX,1718988868,S10,20240621
S10/20240621/00049,8,TENDER,1,9166.76,TENDER,1718988868,S10,20240621
S10/20240621/00050,1,P100463,1,281.78,SALE,1718988995,S10,20240621
S10/20240621/00050,2,P105145,1,763.65,SALE,1718988995,S10,20240621
S10/20240621/00050,3,P104572,4,179.13,SALE,1718988995,S10,20240621
S10/20240621/00050,4,P102236,3,928.51,SALE,1718988995,S10,20240621
S10/20240621/00050,5,P105897,4,249.03,SALE,1718988995,S10,20240621
S10/20240621/00050,6,TAX,1,328.45,TAX,1718988995,S10,20240621
S10/20240621/00050,7,TENDER,1,5872.05,TENDER,1718988995,S10,20240621
S10/20240621/00051,1,P108346,1,478.23,SALE,1718994940,S10,20240621
S10/20240621/00051,2,P105614,5,652.27,SALE,1718994940,S10,20240621
S10/20240621/00051,3,P106270,2,308.83,SALE,1718994940,S10,20240621
S10/20240621/00051,4,TAX,1,610.95,TAX,1718994940,S10,20240621
S10/20240621/00051,5,TENDER,1,4968.19,TENDER,1718994940,S10,20240621
S10/20240621/00052,1,P106067,1,417.22,SALE,1718992745,S10,20240621
S10/20240621/00052,2,P103908,2,104.62,SALE,1718992745,S10,20240621
S10/20240621/00052,3,P107609,2,108.46,SALE,1718992745,S10,20240621
S10/20240621/00052,4,TAX,1,85.02,TAX,1718992745,S10,20240621
S10/20240621/00052,5,TENDER,1,928.40,TENDER,1718992745,S10,20240621
S10/20240622/00001,1,P105365,2,393.76,SALE,1719100728,S10,20240622
S10/20240622/00001,2,P107903,2,22.86,SALE,1719100728,S10,20240622
S10/20240622/00001,3,P104251,1,79.68,SALE,1719100728,S10,20240622
S10/20240622/00001,4,TAX,1,117.07,TAX,1719100728,S10,20240622
S10/20240622/00001,5,TENDER,1,1029.99,TENDER,1719100728,S10,20240622
S10/20240622/00002,1,P103559,2,370.21,SALE,1719075212,S10,20240622
S10/20240622/00002,2,P101669,3,49.56,SALE,1719075212,S10,20240622
S10/20240622/00002,3,P101292,4,380.75,SALE,1719075212,S10,20240622
S10/20240622/00002,4,P108275,2,504.53,SALE,1719075212,S10,20240622
S10/20240622/00002,5,P105855,3,122.25,SALE,1719075212,S10,20240622
S10/20240622/00002,6,TAX,1,320.57,TAX,1719075212,S10,20240622
S10/20240622/00002,7,TENDER,1,4108.48,TENDER,1719075212,S10,20240622
S10/20240622/00003,1,P105230,1,112.14,SALE,1719074864,S10,20240622
S10/20240622/00003,2,P104316,1,406.45,SALE,1719074864,S10,20240622
S10/20240622/00003,3,P106254,1,1135.50,SALE,1719074864,S10,20240622
S10/20240622/00003,4,TAX,1,86.62,TAX,1719074864,S10,20240622
S10/20240622/00003,5,TENDER,1,1740.71,TENDER,1719074864,S10,20240622
S10/20240622/00004,1,P103591,4,102.70,SALE,1719081586,S10,20240622
S10/20240622/00004,2,P105614,1,652.27,SALE,1719081586,S10,20240622
S10/20240622/00004,3,P103188,5,30.16,SALE,1719081586,S10,20240622
S10/20240622/00004,4,P103273,2,342.67,SALE,1719081586,S10,20240622
S10/20240622/00004,5,P101037,1,537.96,SALE,1719081586,S10,20240622
S10/20240622/00004,6,TAX,1,397.57,TAX,1719081586,S10,20240622
S10/20240622/00004,7,TENDER,1,2834.74,TENDER,1719081586,S10,20240622
S10/20240622/00005,1,P105740,2,103.24,SALE,1719080378,S10,20240622
S10/20240622/00005,2,P105003,2,285.67,SALE,1719080378,S10,20240622
S10/20240622/00005,3,P107422,4,193.56,SALE,1719080378,S10,20240622
S10/20240622/00005,4,P106169,3,221.03,SALE,1719080378,S10,20240622
S10/20240622/00005,5,TAX,1,298.08,TAX,1719080378,S10,20240622
S10/20240622/00005,6,TENDER,1,2513.23,TENDER,1719080378,S10,20240622
S10/20240622/00006,1,P107308,2,207.74,SALE,1719057472,S10,20240622
S10/20240622/00006,2,P103068,4,151.27,SALE,1719057472,S10,20240622
S10/20240622/00006,3,P106534,3,87.55,SALE,1719057472,S10,20240622
S10/20240622/00006,4,P105252,1,10.57,SALE,1719057472,S10,20240622
S10/20240622/00006,5,P105553,3,764.76,SALE,1719057472,S10,20240622
S10/20240622/00006,6,P107597,3,519.83,SALE,1719057472,S10,20240622
S10/20240622/00006,7,P101237,3,306.76,SALE,1719057472,S10,20240622
S10/20240622/00006,8,TAX,1,617.94,TAX,1719057472,S10,20240622
S10/20240622/00006,9,TENDER,1,6685.77,TENDER,1719057472,S10,20240622
S10/20240622/00007,1,P107385,4,845.83,SALE,1719098487,S10,20240622
S10/20240622/00007,2,P101874,1,19.95,SALE,1719098487,S10,20240622
S10/20240622/00007,3,P107400,2,274.90,SALE,1719098487,S10,20240622
S10/20240622/00007,4,P105908,3,677.70,SALE,1719098487,S10,20240622
S10/20240622/00007,5,P106330,1,199.12,SALE,1719098487,S10,20240622
S10/20240622/00007,6,P101410,3,798.18,SALE,1719098487,S10,20240622
S10/20240622/00007,7,TAX,1,692.97,TAX,1719098487,S10,20240622
S10/20240622/00007,8,TENDER,1,9272.80,TENDER,1719098487,S10,20240622
S10/20240622/00008,1,P100974,3,39.19,SALE,1719082021,S10,20240622
S10/20240622/00008,2,P106024,4,472.89,SALE,1719082021,S10,20240622
S10/20240622/00008,3,TAX,1,346.36,TAX,1719082021,S10,20240622
S10/20240622/00008,4,TENDER,1,2355.49,TENDER,1719082021,S10,20240622
S10/20240622/00009,1,P107966,3,391.71,SALE,1719042153,S10,20240622
S10/20240622/00009,2,P102892,1,220.95,SALE,1719042153,S10,20240622
S10/20240622/00009,3,P105583,2,179.43,SALE,1719042153,S10,20240622
S10/20240622/00009,4,TAX,1,104.37,TAX,1719042153,S10,20240622
S10/20240622/00009,5,TENDER,1,1859.31,TENDER,1719042153,S10,20240622
S10/20240622/00010,1,P108346,1,478.23,SALE,1719054374,S10,20240622
S10/20240622/00010,2,P100394,1,320.36,SALE,1719054374,S10,20240622
S10/20240622/00010,3,TAX,1,62.35,TAX,1719054374,S10,20240622
S10/20240622/00010,4,TENDER,1,860.94,TENDER,1719054374,S10,20240622
S10/20240622/00011,1,P104266,1,408.96,SALE,1719074799,S10,20240622
S10/20240622/00011,2,P103816,1,209.63,SALE,1719074799,S10,20240622
S10/20240622/00011,3,P107385,1,797.95,SALE,1719074799,S10,20240622
S10/20240622/00011,4,P106048,3,310.59,SALE,1719074799,S10,20240622
S10/20240622/00011,5,P103337,3,84.50,SALE,1719074799,S10,20240622
S10/20240622/00011,6,TAX,1,275.73,TAX,1719074799,S10,20240622
S10/20240622/00011,7,TENDER,1,2877.54,TENDER,1719074799,S10,20240622
S10/20240622/00012,1,P104236,2,289.43,SALE,1719054854,S10,20240622
S10/20240622/00012,2,P101283,2,263.48,SALE,1719054854,S10,20240622
S10/20240622/00012,3,P100744,3,61.87,SALE,1719054854,S10,20240622
S10/20240622/00012,4,P101990,1,408.52,SALE,1719054854,S10,20240622
S10/20240622/00012,5,P101859,3,68.39,SALE,1719054854,S10,20240622
S10/20240622/00012,6,P103111,2,40.41,SALE,1719054854,S10,20240622
S10/20240622/00012,7,P100838,4,37.95,SALE,1719054854,S10,20240622
S10/20240622/00012,8,TAX,1,293.60,TAX,1719054854,S10,20240622
S10/20240622/00012,9,TENDER,1,2431.34,TENDER,1719054854,S10,20240622
S10/20240622/00013,1,P102151,1,1033.25,SALE,1719050166,S10,20240622
S10/20240622/00013,2,P107621,2,119.64,SALE,1719050166,S10,20240622
S10/20240622/00013,3,P104212,2,401.95,SALE,1719050166,S10,20240622
S10/20240622/00013,4,P102219,2,726.06,SALE,1719050166,S10,20240622
S10/20240622/00013,5,P103262,3,54.76,SALE,1719050166,S10,20240622
S10/20240622/00013,6,P104497,2,212.37,SALE,1719050166,S10,20240622
S10/20240622/00013,7,P100106,4,318.86,SALE,1719050166,S10,20240622
S10/20240622/00013,8,P102933,2,614.03,SALE,1719050166,S10,20240622
S10/20240622/00013,9,TAX,1,675.37,TAX,1719050166,S10,20240622
S10/20240622/00013,10,TENDER,1,7296.44,TENDER,1719050166,S10,20240622
S10/20240622/00014,1,P101911,3,1431.80,SALE,1719090264,S10,20240622
S10/20240622/00014,2,P101585,3,11.51,SALE,1719090264,S10,20240622
S10/20240622/00014,3,TAX,1,6.22,TAX,1719090264,S10,20240622
S10/20240622/00014,4,TENDER,1,4336.15,TENDER,1719090264,S10,20240622
S10/20240622/00015,1,P102460,3,548.91,SALE,1719064031,S10,20240622
S10/20240622/00015,2,P103843,2,636.12,SALE,1719064031,S10,20240622
S10/20240622/00015,3,P103510,2,183.91,SALE,1719064031,S10,20240622
S10/20240622/00015,4,P104032,1,568.95,SALE,1719064031,S10,20240622
S10/20240622/00015,5,P100057,3,215.95,SALE,1719064031,S10,20240622
S10/20240622/00015,6,TAX,1,509.88,TAX,1719064031,S10,20240622
S10/20240622/00015,7,TENDER,1,5013.47,TENDER,1719064031,S10,20240622
S10/20240622/00016,1,P101142,2,98.55,SALE,1719087896,S10,20240622
S10/20240622/00016,2,P101911,2,1431.80,SALE,1719087896,S10,20240622
S10/20240622/00016,3,P100864,1,193.24,SALE,1719087896,S10,20240622
S10/20240622/00016,4,P107110,2,78.35,SALE,1719087896,S10,20240622
S10/20240622/00016,5,P106106,3,219.14,SALE,1719087896,S10,20240622
S10/20240622/00016,6,P106757,3,387.50,SALE,1719087896,S10,20240622
S10/20240622/00016,7,P102922,2,120.15,SALE,1719087896,S10,20240622
S10/20240622/00016,8,TAX,1,306.36,TAX,1719087896,S10,20240622
S10/20240622/00016,9,TENDER,1,5777.22,TENDER,1719087896,S10,20240622
S10/20240622/00017,1,P104512,3,94.53,SALE,1719076309,S10,20240622
S10/20240622/00017,2,P101599,1,417.76,SALE,1719076309,S10,20240622
S10/20240622/00017,3,TAX,1,89.38,TAX,1719076309,S10,20240622
S10/20240622/00017,4,TENDER,1,790.73,TENDER,1719076309,S10,20240622
S10/20240622/00018,1,P103124,-3,489.23,RETURN,1719096534,S10,20240622
S10/20240622/00018,2,P106563,-3,426.95,RETURN,1719096534,S10,20240622
S10/20240622/00018,3,P100156,-2,1576.32,RETURN,1719096534,S10,20240622
S10/20240622/00018,4,P104658,-2,73.05,RETURN,1719096534,S10,20240622
S10/20240622/00018,5,P104606,-2,90.58,RETURN,1719096534,S10,20240622
S10/20240622/00018,6,P100112,-1,91.95,RETURN,1719096534,S10,20240622
S10/20240622/00018,7,P106024,-3,472.89,RETURN,1719096534,S10,20240622
S10/20240622/00018,8,TAX,1,-718.84,TAX,1719096534,S10,20240622
S10/20240622/00018,9,TENDER,1,-8457.90,TENDER,1719096534,S10,20240622
S10/20240622/00019,1,P105541,3,201.95,SALE,1719039626,S10,20240622
S10/20240622/00019,2,P100810,3,200.65,SALE,1719039626,S10,20240622
S10/20240622/00019,3,P102432,1,819.74,SALE,1719039626,S10,20240622
S10/20240622/00019,4,P103732,3,94.74,SALE,1719039626,S10,20240622
S10/20240622/00019,5,TAX,1,251.73,TAX,1719039626,S10,20240622
S10/20240622/00019,6,TENDER,1,2563.49,TENDER,1719039626,S10,20240622
S10/20240622/00020,1,P103575,1,54.47,SALE,1719073815,S10,20240622
S10/20240622/00020,2,P102142,3,93.89,SALE,1719073815,S10,20240622
S10/20240622/00020,3,P103918,2,527.10,SALE,1719073815,S10,20240622
S10/20240622/00020,4,P101279,3,237.59,SALE,1719073815,S10,20240622
S10/20240622/00020,5,P103766,2,191.95,SALE,1719073815,S10,20240622
S10/20240622/00020,6,TAX,1,88.71,TAX,1719073815,S10,20240622
S10/20240622/00020,7,TENDER,1,2575.72,TENDER,1719073815,S10,20240622
S10/20240622/00021,1,P101779,2,198.09,SALE,1719069198,S10,20240622
S10/20240622/00021,2,P101481,2,42.95,SALE,1719069198,S10,20240622
S10/20240622/00021,3,P104842,4,357.87,SALE,1719069198,S10,20240622
S10/20240622/00021,4,P102566,2,415.94,SALE,1719069198,S10,20240622
S10/20240622/00021,5,P100086,2,88.95,SALE,1719069198,S10,20240622
S10/20240622/00021,6,P107346,1,476.25,SALE,1719069198,S10,20240622
S10/20240622/00021,7,P104688,5,178.09,SALE,1719069198,S10,20240622
S10/20240622/00021,8,TAX,1,314.71,TAX,1719069198,S10,20240622
S10/20240622/00021,9,TENDER,1,4604.75,TENDER,1719069198,S10,20240622
S10/20240622/00022,1,P100784,2,319.36,SALE,1719085159,S10,20240622
S10/20240622/00022,2,P104187,3,86.95,SALE,1719085159,S10,20240622
S10/20240622/00022,3,P101327,3,233.22,SALE,1719085159,S10,20240622
S10/20240622/00022,4,P100850,1,166.95,SALE,1719085159,S10,20240622
S10/20240622/00022,5,TAX,1,235.66,TAX,1719085159,S10,20240622
S10/20240622/00022,6,TENDER,1,2001.84,TENDER,1719085159,S10,20240622
S10/20240622/00023,1,P103337,2,84.50,SALE,1719076085,S10,20240622
S10/20240622/00023,2,P105729,5,68.08,SALE,1719076085,S10,20240622
S10/20240622/00023,3,P100287,1,218.95,SALE,1719076085,S10,20240622
S10/20240622/00023,4,P104344,3,390.44,SALE,1719076085,S10,20240622
S10/20240622/00023,5,P106757,1,387.50,SALE,1719076085,S10,20240622
S10/20240622/00023,6,P101660,1,193.14,SALE,1719076085,S10,20240622
S10/20240622/00023,7,P106244,2,73.94,SALE,1719076085,S10,20240622
S10/20240622/00023,8,P105490,2,154.49,SALE,1719076085,S10,20240622
S10/20240622/00023,9,TAX,1,409.23,TAX,1719076085,S10,20240622
S10/20240622/00023,10,TENDER,1,3346.40,TENDER,1719076085,S10,20240622
S10/20240622/00024,1,P101327,3,233.22,SALE,1719078481,S10,20240622
S10/20240622/00024,2,P104149,2,85.95,SALE,1719078481,S10,20240622
S10/20240622/00024,3,P103259,2,298.27,SALE,1719078481,S10,20240622
S10/20240622/00024,4,TAX,1,134.53,TAX,1719078481,S10,20240622
S10/20240622/00024,5,TENDER,1,1602.63,TENDER,1719078481,S10,20240622
S10/20240622/00025,1,P106434,2,178.02,SALE,1719075738,S10,20240622
S10/20240622/00025,2,P107777,3,222.77,SALE,1719075738,S10,20240622
S10/20240622/00025,3,P104637,1,294.49,SALE,1719075738,S10,20240622
S10/20240622/00025,4,P100959,4,280.97,SALE,1719075738,S10,20240622
S10/20240622/00025,5,TAX,1,280.36,TAX,1719075738,S10,20240622
S10/20240622/00025,6,TENDER,1,2723.08,TENDER,1719075738,S10,20240622
S10/20240622/00026,1,P102874,1,142.11,SALE,1719089956,S10,20240622
S10/20240622/00026,2,P105230,1,112.14,SALE,1719089956,S10,20240622
S10/20240622/00026,3,P105035,2,158.77,SALE,1719089956,S10,20240622
S10/20240622/00026,4,TAX,1,20.56,TAX,1719089956,S10,20240622
S10/20240622/00026,5,TENDER,1,592.35,TENDER,1719089956,S10,20240622
S10/20240622/00027,1,P106773,1,371.20,SALE,1719078599,S10,20240622
S10/20240622/00027,2,P106443,1,52.87,SALE,1719078599,S10,20240622
S10/20240622/00027,3,P105707,4,130.64,SALE,1719078599,S10,20240622
S10/20240622/00027,4,P101213,2,232.84,SALE,1719078599,S10,20240622
S10/20240622/00027,5,P101374,2,49.36,SALE,1719078599,S10,20240622
S10/20240622/00027,6,TAX,1,233.76,TAX,1719078599,S10,20240622
S10/20240622/00027,7,TENDER,1,1744.79,TENDER,1719078599,S10,20240622
S10/20240622/00028,1,P105531,3,502.91,SALE,1719064338,S10,20240622
S10/20240622/00028,2,P106528,4,832.82,SALE,1719064338,S10,20240622
S10/20240622/00028,3,P107266,3,69.30,SALE,1719064338,S10,20240622
S10/20240622/00028,4,P108050,1,1178.10,SALE,1719064338,S10,20240622
S10/20240622/00028,5,P107381,2,195.99,SALE,1719064338,S10,20240622
S10/20240622/00028,6,P106624,3,103.58,SALE,1719064338,S10,20240622
S10/20240622/00028,7,TAX,1,697.14,TAX,1719064338,S10,20240622
S10/20240622/00028,8,TENDER,1,7625.87,TENDER,1719064338,S10,20240622
S10/20240622/00029,1,P105518,4,729.30,SALE,1719063566,S10,20240622
S10/20240622/00029,2,P107946,1,303.95,SALE,1719063566,S10,20240622
S10/20240622/00029,3,P103168,4,923.59,SALE,1719063566,S10,20240622
S10/20240622/00029,4,DISC,1,-496.12,DISCOUNT,1719063566,S10,20240622
S10/20240622/00029,5,TAX,1,898.94,TAX,1719063566,S10,20240622
S10/20240622/00029,6,TENDER,1,7318.33,TENDER,1719063566,S10,20240622
S10/20240622/00030,1,P104410,1,498.71,SALE,1719073655,S10,20240622
S10/20240622/00030,2,P104112,3,51.43,SALE,1719073655,S10,20240622
S10/20240622/00030,3,P105729,1,68.08,SALE,1719073655,S10,20240622
S10/20240622/00030,4,TAX,1,109.74,TAX,1719073655,S10,20240622
S10/20240622/00030,5,TENDER,1,830.82,TENDER,1719073655,S10,20240622
S10/20240622/00031,1,P103785,1,491.90,SALE,1719077812,S10,20240622
S10/20240622/00031,2,P106611,1,341.44,SALE,1719077812,S10,20240622
S10/20240622/00031,3,TAX,1,100.00,TAX,1719077812,S10,20240622
S10/20240622/00031,4,TENDER,1,933.34,TENDER,1719077812,S10,20240622
S10/20240622/00032,1,P104026,2,152.97,SALE,1719072632,S10,20240622
S10/20240622/00032,2,P100210,2,1073.90,SALE,1719072632,S10,20240622
S10/20240622/00032,3,P104079,1,69.84,SALE,1719072632,S10,20240622
S10/20240622/00032,4,TAX,1,273.03,TAX,1719072632,S10,20240622
S10/20240622/00032,5,TENDER,1,2796.61,TENDER,1719072632,S10,20240622
S10/20240622/00033,1,P100956,3,421.98,SALE,1719065490,S10,20240622
S10/20240622/00033,2,P101242,1,83.48,SALE,1719065490,S10,20240622
S10/20240622/00033,3,TAX,1,78.32,TAX,1719065490,S10,20240622
S10/20240622/00033,4,TENDER,1,1427.74,TENDER,1719065490,S10,20240622
S10/20240622/00034,1,P105272,3,351.65,SALE,1719078567,S10,20240622
S10/20240622/00034,2,P102112,1,389.72,SALE,1719078567,S10,20240622
S10/20240622/00034,3,P105971,2,1150.46,SALE,1719078567,S10,20240622
S10/20240622/00034,4,P101974,1,302.00,SALE,1719078567,S10,20240622
S10/20240622/00034,5,P104747,4,342.93,SALE,1719078567,S10,20240622
S10/20240622/00034,6,DISC,1,-411.51,DISCOUNT,1719078567,S10,20240622
S10/20240622/00034,7,TAX,1,468.85,TAX,1719078567,S10,20240622
S10/20240622/00034,8,TENDER,1,5476.65,TENDER,1719078567,S10,20240622
S10/20240622/00035,1,P104497,2,212.37,SALE,1719086682,S10,20240622
S10/20240622/00035,2,P102042,2,151.18,SALE,1719086682,S10,20240622
S10/20240622/00035,3,P100164,1,593.34,SALE,1719086682,S10,20240622
S10/20240622/00035,4,P100418,2,204.95,SALE,1719086682,S10,20240622
S10/20240622/00035,5,P103994,2,148.39,SALE,1719086682,S10,20240622
S10/20240622/00035,6,DISC,1,-113.63,DISCOUNT,1719086682,S10,20240622
S10/20240622/00035,7,TAX,1,155.11,TAX,1719086682,S10,20240622
S10/20240622/00035,8,TENDER,1,2068.60,TENDER,1719086682,S10,20240622
S10/20240622/00036,1,P100403,1,71.73,SALE,1719070814,S10,20240622
S10/20240622/00036,2,P106344,4,801.30,SALE,1719070814,S10,20240622
S10/20240622/00036,3,P103074,5,52.85,SALE,1719070814,S10,20240622
S10/20240622/00036,4,P103081,2,480.46,SALE,1719070814,S10,20240622
S10/20240622/00036,5,P103861,3,52.95,SALE,1719070814,S10,20240622
S10/20240622/00036,6,P101190,1,84.60,SALE,1719070814,S10,20240622
S10/20240622/00036,7,TAX,1,252.31,TAX,1719070814,S10,20240622
S10/20240622/00036,8,TENDER,1,4997.86,TENDER,1719070814,S10,20240622
S10/20240622/00037,1,P107432,1,44.98,SALE,1719082473,S10,20240622
S10/20240622/00037,2,P107654,2,363.70,SALE,1719082473,S10,20240622
S10/20240622/00037,3,P103171,2,58.65,SALE,1719082473,S10,20240622
S10/20240622/00037,4,P106731,2,142.59,SALE,1719082473,S10,20240622
S10/20240622/00037,5,P106773,5,371.20,SALE,1719082473,S10,20240622
S10/20240622/00037,6,P100164,2,593.34,SALE,1719082473,S10,20240622
S10/20240622/00037,7,TAX,1,643.08,TAX,1719082473,S10,20240622
S10/20240622/00037,8,TENDER,1,4860.62,TENDER,1719082473,S10,20240622
S10/20240622/00038,1,P106443,3,52.87,SALE,1719076236,S10,20240622
S10/20240622/00038,2,P101613,2,117.31,SALE,1719076236,S10,20240622
S10/20240622/00038,3,P107609,1,108.46,SALE,1719076236,S10,20240622
S10/20240622/00038,4,P106174,2,229.89,SALE,1719076236,S10,20240622
S10/20240622/00038,5,P106885,2,121.88,SALE,1719076236,S10,20240622
S10/20240622/00038,6,P102886,4,136.91,SALE,1719076236,S10,20240622
S10/20240622/00038,7,P103319,3,356.46,SALE,1719076236,S10,20240622
S10/20240622/00038,8,TAX,1,194.41,TAX,1719076236,S10,20240622
S10/20240622/00038,9,TENDER,1,3016.66,TENDER,1719076236,S10,20240622
S10/20240622/00039,1,P101311,4,481.74,SALE,1719059576,S10,20240622
S10/20240622/00039,2,P106718,2,526.83,SALE,1719059576,S10,20240622
S10/20240622/00039,3,TAX,1,286.01,TAX,1719059576,S10,20240622
S10/20240622/00039,4,TENDER,1,3266.63,TENDER,1719059576,S10,20240622
S10/20240622/00040,1,P107422,2,193.56,SALE,1719082852,S10,20240622
S10/20240622/00040,2,P103214,1,283.38,SALE,1719082852,S10,20240622
S10/20240622/00040,3,P102311,1,284.95,SALE,1719082852,S10,20240622
S10/20240622/00040,4,P101515,1,58.58,SALE,1719082852,S10,20240622
S10/20240622/00040,5,P100924,3,49.24,SALE,1719082852,S10,20240622
S10/20240622/00040,6,P108097,1,83.76,SALE,1719082852,S10,20240622
S10/20240622/00040,7,TAX,1,84.41,TAX,1719082852,S10,20240622
S10/20240622/00040,8,TENDER,1,1329.92,TENDER,1719082852,S10,20240622
S10/20240622/00041,1,P100224,3,78.05,SALE,1719068201,S10,20240622
S10/20240622/00041,2,P105337,3,31.85,SALE,1719068201,S10,20240622
S10/20240622/00041,3,P108356,1,206.87,SALE,1719068201,S10,20240622
S10/20240622/00041,4,P101949,2,857.51,SALE,1719068201,S10,20240622
S10/20240622/00041,5,TAX,1,127.06,TAX,1719068201,S10,20240622
S10/20240622/00041,6,TENDER,1,2378.65,TENDER,1719068201,S10,20240622
S10/20240622/00042,1,P102772,1,151.97,SALE,1719051081,S10,20240622
S10/20240622/00042,2,P106443,1,52.87,SALE,1719051081,S10,20240622
S10/20240622/00042,3,P102255,3,167.76,SALE,1719051081,S10,20240622
S10/20240622/00042,4,TAX,1,10.24,TAX,1719051081,S10,20240622
S10/20240622/00042,5,TENDER,1,718.36,TENDER,1719051081,S10,20240622
S10/20240622/00043,1,P108216,3,64.12,SALE,1719078012,S10,20240622
S10/20240622/00043,2,P105425,3,153.55,SALE,1719078012,S10,20240622
S10/20240622/00043,3,P105897,1,249.03,SALE,1719078012,S10,20240622
S10/20240622/00043,4,P107171,2,332.75,SALE,1719078012,S10,20240622
S10/20240622/00043,5,P105643,2,1294.23,SALE,1719078012,S10,20240622
S10/20240622/00043,6,P102616,2,79.27,SALE,1719078012,S10,20240622
S10/20240622/00043,7,P101533,1,1020.37,SALE,1719078012,S10,20240622
S10/20240622/00043,8,P103202,4,262.07,SALE,1719078012,S10,20240622
S10/20240622/00043,9,TAX,1,419.17,TAX,1719078012,S10,20240622
S10/20240622/00043,10,TENDER,1,6802.36,TENDER,1719078012,S10,20240622
S10/20240622/00044,1,P104389,1,169.98,SALE,1719066370,S10,20240622
S10/20240622/00044,2,P108135,4,539.95,SALE,1719066370,S10,20240622
S10/20240622/00044,3,P102761,1,159.81,SALE,1719066370,S10,20240622
S10/20240622/00044,4,P101520,1,168.04,SALE,1719066370,S10,20240622
S10/20240622/00044,5,TAX,1,39.00,TAX,1719066370,S10,20240622
S10/20240622/00044,6,TENDER,1,2696.63,TENDER,1719066370,S10,20240622
S10/20240622/00045,1,P102640,3,241.34,SALE,1719061520,S10,20240622
S10/20240622/00045,2,P106228,3,43.95,SALE,1719061520,S10,20240622
S10/20240622/00045,3,P104328,1,66.17,SALE,1719061520,S10,20240622
S10/20240622/00045,4,P106254,2,1135.50,SALE,1719061520,S10,20240622
S10/20240622/00045,5,P104579,2,67.48,SALE,1719061520,S10,20240622
S10/20240622/00045,6,TAX,1,157.37,TAX,1719061520,S10,20240622
S10/20240622/00045,7,TENDER,1,3485.37,TENDER,1719061520,S10,20240622
S10/20240622/00046,1,P103661,3,125.81,SALE,1719070069,S10,20240622
S10/20240622/00046,2,P107695,3,282.58,SALE,1719070069,S10,20240622
S10/20240622/00046,3,DISC,1,-28.00,DISCOUNT,1719070069,S10,20240622
S10/20240622/00046,4,TAX,1,215.49,TAX,1719070069,S10,20240622
S10/20240622/00046,5,TENDER,1,1412.66,TENDER,1719070069,S10,20240622
S10/20240622/00047,1,P104544,2,93.89,SALE,1719070565,S10,20240622
S10/20240622/00047,2,P102006,4,1553.68,SALE,1719070565,S10,20240622
S10/20240622/00047,3,P103719,1,957.52,SALE,1719070565,S10,20240622
S10/20240622/00047,4,P103222,2,317.95,SALE,1719070565,S10,20240622
S10/20240622/00047,5,P101428,1,394.08,SALE,1719070565,S10,20240622
S10/20240622/00047,6,P104404,2,890.27,SALE,1719070565,S10,20240622
S10/20240622/00047,7,TAX,1,485.20,TAX,1719070565,S10,20240622
S10/20240622/00047,8,TENDER,1,10655.74,TENDER,1719070565,S10,20240622
S10/20240622/00048,1,P101558,-2,43.49,RETURN,1719072679,S10,20240622
S10/20240622/00048,2,P101904,-1,634.24,RETURN,1719072679,S10,20240622
S10/20240622/00048,3,P101839,-3,408.40,RETURN,1719072679,S10,20240622
S10/20240622/00048,4,P104139,-1,202.92,RETURN,1719072679,S10,20240622
S10/20240622/00048,5,P102045,-4,21.31,RETURN,1719072679,S10,20240622
S10/20240622/00048,6,P106015,-2,150.41,RETURN,1719072679,S10,20240622
S10/20240622/00048,7,P103517,-3,160.29,RETURN,1719072679,S10,20240622
S10/20240622/00048,8,P101520,-2,168.04,RETURN,1719072679,S10,20240622
S10/20240622/00048,9,TAX,1,-345.09,TAX,1719072679,S10,20240622
S10/20240622/00048,10,TENDER,1,-3697.44,TENDER,1719072679,S10,20240622
S10/20240622/00049,1,P100784,3,319.36,SALE,1719078821,S10,20240622
S10/20240622/00049,2,P103118,3,42.98,SALE,1719078821,S10,20240622
S10/20240622/00049,3,P100178,1,528.37,SALE,1719078821,S10,20240622
S10/20240622/00049,4,TAX,1,216.52,TAX,1719078821,S10,20240622
S10/20240622/00049,5,TENDER,1,1831.91,TENDER,1719078821,S10,20240622
S10/20240622/00050,1,P104194,1,119.04,SALE,1719086457,S10,20240622
S10/20240622/00050,2,P105929,2,11.18,SALE,1719086457,S10,20240622
S10/20240622/00050,3,P106975,1,136.95,SALE,1719086457,S10,20240622
S10/20240622/00050,4,P100330,1,188.77,SALE,1719086457,S10,20240622
S10/20240622/00050,5,P103806,2,305.95,SALE,1719086457,S10,20240622
S10/20240622/00050,6,TAX,1,59.54,TAX,1719086457,S10,20240622
S10/20240622/00050,7,TENDER,1,1138.56,TENDER,1719086457,S10,20240622
S10/20240622/00051,1,P105594,2,317.30,SALE,1719087445,S10,20240622
S10/20240622/00051,2,P100019,3,64.89,SALE,1719087445,S10,20240622
S10/20240622/00051,3,P104708,1,487.33,SALE,1719087445,S10,20240622
S10/20240622/00051,4,P108397,1,286.03,SALE,1719087445,S10,20240622
S10/20240622/00051,5,P100044,3,737.05,SALE,1719087445,S10,20240622
S10/20240622/00051,6,P104637,2,294.49,SALE,1719087445,S10,20240622
S10/20240622/00051,7,TAX,1,505.90,TAX,1719087445,S10,20240622
S10/20240622/00051,8,TENDER,1,4908.66,TENDER,1719087445,S10,20240622
S10/20240622/00052,1,P103757,2,147.98,SALE,1719058759,S10,20240622
S10/20240622/00052,2,P106885,1,132.48,SALE,1719058759,S10,20240622
S10/20240622/00052,3,P102112,1,389.72,SALE,1719058759,S10,20240622
S10/20240622/00052,4,P106934,1,1554.16,SALE,1719058759,S10,20240622
S10/20240622/00052,5,P105835,2,243.66,SALE,1719058759,S10,20240622
S10/20240622/00052,6,TAX,1,109.78,TAX,1719058759,S10,20240622
S10/20240622/00052,7,TENDER,1,2969.42,TENDER,1719058759,S10,20240622
S10/20240622/00053,1,P104651,4,540.51,SALE,1719066998,S10,20240622
S10/20240622/00053,2,P102175,4,191.56,SALE,1719066998,S10,20240622
S10/20240622/00053,3,P107621,3,113.66,SALE,1719066998,S10,20240622
S10/20240622/00053,4,TAX,1,259.44,TAX,1719066998,S10,20240622
S10/20240622/00053,5,TENDER,1,3528.70,TENDER,1719066998,S10,20240622
S10/20240622/00054,1,P107568,1,147.18,SALE,1719074535,S10,20240622
S10/20240622/00054,2,P106174,2,229.89,SALE,1719074535,S10,20240622
S10/20240622/00054,3,P100781,4,611.95,SALE,1719074535,S10,20240622
S10/20240622/00054,4,TAX,1,447.96,TAX,1719074535,S10,20240622
S10/20240622/00054,5,TENDER,1,3502.72,TENDER,1719074535,S10,20240622
S10/20240622/00055,1,P108275,2,504.53,SALE,1719064377,S10,20240622
S10/20240622/00055,2,P101500,3,330.53,SALE,1719064377,S10,20240622
S10/20240622/00055,3,P103406,3,1248.48,SALE,1719064377,S10,20240622
S10/20240622/00055,4,P106629,1,52.08,SALE,1719064377,S10,20240622
S10/20240622/00055,5,P106143,1,56.15,SALE,1719064377,S10,20240622
S10/20240622/00055,6,TAX,1,650.57,TAX,1719064377,S10,20240622
S10/20240622/00055,7,TENDER,1,6504.89,TENDER,1719064377,S10,20240622
S10/20240622/00056,1,P101747,1,245.75,SALE,1719051175,S10,20240622
S10/20240622/00056,2,P104462,2,86.38,SALE,1719051175,S10,20240622
S10/20240622/00056,3,TAX,1,20.93,TAX,1719051175,S10,20240622
S10/20240622/00056,4,TENDER,1,439.44,TENDER,1719051175,S10,20240622
S10/20240622/00057,1,P103299,2,220.95,SALE,1719078373,S10,20240622
S10/20240622/00057,2,P100131,1,624.57,SALE,1719078373,S10,20240622
S10/20240622/00057,3,P105035,1,158.77,SALE,1719078373,S10,20240622
S10/20240622/00057,4,P107028,4,56.60,SALE,1719078373,S10,20240622
S10/20240622/00057,5,P103144,3,145.27,SALE,1719078373,S10,20240622
S10/20240622/00057,6,P106563,4,426.95,SALE,1719078373,S10,20240622
S10/20240622/00057,7,P103022,2,47.95,SALE,1719078373,S10,20240622
S10/20240622/00057,8,P102714,2,80.41,SALE,1719078373,S10,20240622
S10/20240622/00057,9,TAX,1,452.78,TAX,1719078373,S10,20240622
S10/20240622/00057,10,TENDER,1,4304.75,TENDER,1719078373,S10,20240622
S10/20240622/00058,1,P105845,2,104.71,SALE,1719063325,S10,20240622
S10/20240622/00058,2,P105603,2,202.29,SALE,1719063325,S10,20240622
S10/20240622/00058,3,P104708,1,487.33,SALE,1719063325,S10,20240622
S10/20240622/00058,4,P104784,2,370.89,SALE,1719063325,S10,20240622
S10/20240622/00058,5,P102998,2,145.74,SALE,1719063325,S10,20240622
S10/20240622/00058,6,TAX,1,276.37,TAX,1719063325,S10,20240622
S10/20240622/00058,7,TENDER,1,2410.96,TENDER,1719063325,S10,20240622
S10/20240622/00059,1,P105918,1,294.44,SALE,1719067636,S10,20240622
S10/20240622/00059,2,P105219,1,701.93,SALE,1719067636,S10,20240622
S10/20240622/00059,3,TAX,1,179.35,TAX,1719067636,S10,20240622
S10/20240622/00059,4,TENDER,1,1175.72,TENDER,1719067636,S10,20240622
S10/20240622/00060,1,P108335,4,165.51,SALE,1719072401,S10,20240622
S10/20240622/00060,2,P103591,2,102.70,SALE,1719072401,S10,20240622
S10/20240622/00060,3,P108017,3,103.22,SALE,1719072401,S10,20240622
S10/20240622/00060,4,P106106,1,219.14,SALE,1719072401,S10,20240622
S10/20240622/00060,5,TAX,1,76.42,TAX,1719072401,S10,20240622
S10/20240622/00060,6,TENDER,1,1472.66,TENDER,1719072401,S10,20240622
S10/20240622/00061,1,P102982,3,263.07,SALE,1719081110,S10,20240622
S10/20240622/00061,2,P102821,3,1356.95,SALE,1719081110,S10,20240622
S10/20240622/00061,3,P107432,2,44.98,SALE,1719081110,S10,20240622
S10/20240622/00061,4,P105971,2,1150.46,SALE,1719081110,S10,20240622
S10/20240622/00061,5,P101500,1,330.53,SALE,1719081110,S10,20240622
S10/20240622/00061,6,TAX,1,261.60,TAX,1719081110,S10,20240622
S10/20240622/00061,7,TENDER,1,7843.07,TENDER,1719081110,S10,20240622
S10/20240622/00062,1,P101237,2,278.87,SALE,1719065163,S10,20240622
S10/20240622/00062,2,P107508,1,1450.59,SALE,1719065163,S10,20240622
S10/20240622/00062,3,P102236,1,928.51,SALE,1719065163,S10,20240622
S10/20240622/00062,4,P105890,3,1196.88,SALE,1719065163,S10,20240622
S10/20240622/00062,5,P102290,3,547.95,SALE,1719065163,S10,20240622
S10/20240622/00062,6,P104867,1,190.50,SALE,1719065163,S10,20240622
S10/20240622/00062,7,P102452,3,176.54,SALE,1719065163,S10,20240622
S10/20240622/00062,8,TAX,1,700.23,TAX,1719065163,S10,20240622
S10/20240622/00062,9,TENDER,1,9591.68,TENDER,1719065163,S10,20240622
S10/20240622/00063,1,P100649,1,592.52,SALE,1719082197,S10,20240622
S10/20240622/00063,2,P100744,2,61.87,SALE,1719082197,S10,20240622
S10/20240622/00063,3,P104831,1,1516.75,SALE,1719082197,S10,20240622
S10/20240622/00063,4,P103918,1,527.10,SALE,1719082197,S10,20240622
S10/20240622/00063,5,P104944,1,46.58,SALE,1719082197,S10,20240622
S10/20240622/00063,6,P101622,1,259.77,SALE,1719082197,S10,20240622
S10/20240622/00063,7,P102695,1,1259.21,SALE,1719082197,S10,20240622
S10/20240622/00063,8,P101018,2,136.50,SALE,1719082197,S10,20240622
S10/20240622/00063,9,TAX,1,416.66,TAX,1719082197,S10,20240622
S10/20240622/00063,10,TENDER,1,5015.33,TENDER,1719082197,S10,20240622
S10/20240622/00064,1,P107301,1,893.95,SALE,1719061867,S10,20240622
S10/20240622/00064,2,P107217,2,279.38,SALE,1719061867,S10,20240622
S10/20240622/00064,3,P104032,1,568.95,SALE,1719061867,S10,20240622
S10/20240622/00064,4,P106106,2,219.14,SALE,1719061867,S10,20240622
S10/20240622/00064,5,P104756,4,334.95,SALE,1719061867,S10,20240622
S10/20240622/00064,6,P103168,6,923.59,SALE,1719061867,S10,20240622
S10/20240622/00064,7,P107354,1,205.43,SALE,1719061867,S10,20240622
S10/20240622/00064,8,TAX,1,1098.77,TAX,1719061867,S10,20240622
S10/20240622/00064,9,TENDER,1,10645.48,TENDER,1719061867,S10,20240622
S10/20240622/00065,1,P107409,1,419.09,SALE,1719061863,S10,20240622
S10/20240622/00065,2,P105405,2,430.78,SALE,1719061863,S10,20240622
S10/20240622/00065,3,P105201,3,331.23,SALE,1719061863,S10,20240622
S10/20240622/00065,4,TAX,1,113.72,TAX,1719061863,S10,20240622
S10/20240622/00065,5,TENDER,1,2388.06,TENDER,1719061863,S10,20240622
S10/20240622/00066,1,P102023,2,425.67,SALE,1719082421,S10,20240622
S10/20240622/00066,2,P107012,3,104.24,SALE,1719082421,S10,20240622
S10/20240622/00066,3,P106813,2,257.87,SALE,1719082421,S10,20240622
S10/20240622/00066,4,P102371,3,58.36,SALE,1719082421,S10,20240622
S10/20240622/00066,5,TAX,1,179.69,TAX,1719082421,S10,20240622
S10/20240622/00066,6,TENDER,1,2034.57,TENDER,1719082421,S10,20240622
S10/20240622/00067,1,P103124,3,489.23,SALE,1719079421,S10,20240622
S10/20240622/00067,2,P102023,2,425.67,SALE,1719079421,S10,20240622
S10/20240622/00067,3,P101465,3,550.58,SALE,1719079421,S10,20240622
S10/20240622/00067,4,P100879,2,159.93,SALE,1719079421,S10,20240622
S10/20240622/00067,5,TAX,1,663.66,TAX,1719079421,S10,20240622
S10/20240622/00067,6,TENDER,1,4954.29,TENDER,1719079421,S10,20240622
S10/20240622/00068,1,P100172,1,196.62,SALE,1719061990,S10,20240622
S10/20240622/00068,2,P102531,3,148.04,SALE,1719061990,S10,20240622
S10/20240622/00068,3,P105524,2,77.90,SALE,1719061990,S10,20240622
S10/20240622/00068,4,P101292,1,380.75,SALE,1719061990,S10,20240622
S10/20240622/00068,5,P105772,2,539.31,SALE,1719061990,S10,20240622
S10/20240622/00068,6,P101842,2,210.53,SALE,1719061990,S10,20240622
S10/20240622/00068,7,P104427,1,462.16,SALE,1719061990,S10,20240622
S10/20240622/00068,8,TAX,1,408.60,TAX,1719061990,S10,20240622
S10/20240622/00068,9,TENDER,1,3547.73,TENDER,1719061990,S10,20240622
S10/20240622/00069,1,P101961,2,679.58,SALE,1719092438,S10,20240622
S10/20240622/00069,2,P106143,2,56.15,SALE,1719092438,S10,20240622
S10/20240622/00069,3,P100803,2,278.56,SALE,1719092438,S10,20240622
S10/20240622/00069,4,P107695,2,282.58,SALE,1719092438,S10,20240622
S10/20240622/00069,5,TAX,1,394.45,TAX,1719092438,S10,20240622
S10/20240622/00069,6,TENDER,1,2988.19,TENDER,1719092438,S10,20240622
S10/20240622/00070,1,P103461,1,104.95,SALE,1719085925,S10,20240622
S10/20240622/00070,2,P106833,3,397.38,SALE,1719085925,S10,20240622
S10/20240622/00070,3,P107449,3,1495.62,SALE,1719085925,S10,20240622
S10/20240622/00070,4,P100940,1,199.52,SALE,1719085925,S10,20240622
S10/20240622/00070,5,P106443,2,52.87,SALE,1719085925,S10,20240622
S10/20240622/00070,6,P107662,3,330.01,SALE,1719085925,S10,20240622
S10/20240622/00070,7,TAX,1,985.01,TAX,1719085925,S10,20240622
S10/20240622/00070,8,TENDER,1,8064.25,TENDER,1719085925,S10,20240622
S10/20240622/00071,1,P105294,1,126.15,SALE,1719063468,S10,20240622
S10/20240622/00071,2,P100658,3,50.53,SALE,1719063468,S10,20240622
S10/20240622/00071,3,P101156,3,91.80,SALE,1719063468,S10,20240622
S10/20240622/00071,4,P101283,2,263.48,SALE,1719063468,S10,20240622
S10/20240622/00071,5,P106270,1,308.83,SALE,1719063468,S10,20240622
S10/20240622/00071,6,TAX,1,131.33,TAX,1719063468,S10,20240622
S10/20240622/00071,7,TENDER,1,1520.26,TENDER,1719063468,S10,20240622
S10/20240622/00072,1,P107327,2,1146.95,SALE,1719091829,S10,20240622
S10/20240622/00072,2,P106200,3,117.95,SALE,1719091829,S10,20240622
S10/20240622/00072,3,P103465,2,27.30,SALE,1719091829,S10,20240622
S10/20240622/00072,4,P105908,1,677.70,SALE,1719091829,S10,20240622
S10/20240622/00072,5,P104089,1,335.03,SALE,1719091829,S10,20240622
S10/20240622/00072,6,TAX,1,146.48,TAX,1719091829,S10,20240622
S10/20240622/00072,7,TENDER,1,3861.56,TENDER,1719091829,S10,20240622
S10/20240622/00073,1,P108282,2,407.70,SALE,1719075114,S10,20240622
S10/20240622/00073,2,TAX,1,40.77,TAX,1719075114,S10,20240622
S10/20240622/00073,3,TENDER,1,856.17,TENDER,1719075114,S10,20240622
S10/20240623/00001,1,P100754,1,91.60,SALE,1719142567,S10,20240623
S10/20240623/00001,2,P103348,1,485.60,SALE,1719142567,S10,20240623
S10/20240623/00001,3,P106659,1,88.95,SALE,1719142567,S10,20240623
S10/20240623/00001,4,TAX,1,39.53,TAX,1719142567,S10,20240623
S10/20240623/00001,5,TENDER,1,705.68,TENDER,1719142567,S10,20240623
S10/20240623/00002,1,P105997,3,109.75,SALE,1719150433,S10,20240623
S10/20240623/00002,2,P107903,1,22.86,SALE,1719150433,S10,20240623
S10/20240623/00002,3,P105418,2,243.05,SALE,1719150433,S10,20240623
S10/20240623/00002,4,P104526,3,340.46,SALE,1719150433,S10,20240623
S10/20240623/00002,5,TAX,1,159.14,TAX,1719150433,S10,20240623
S10/20240623/00002,6,TENDER,1,2018.73,TENDER,1719150433,S10,20240623
S10/20240623/00003,1,P108206,4,78.93,SALE,1719146540,S10,20240623
S10/20240623/00003,2,P104512,2,94.53,SALE,1719146540,S10,20240623
S10/20240623/00003,3,P102707,1,419.47,SALE,1719146540,S10,20240623
S10/20240623/00003,4,P107826,1,106.95,SALE,1719146540,S10,20240623
S10/20240623/00003,5,TAX,1,72.62,TAX,1719146540,S10,20240623
S10/20240623/00003,6,TENDER,1,1103.82,TENDER,1719146540,S10,20240623
S10/20240623/00004,1,P108292,3,104.02,SALE,1719182292,S10,20240623
S10/20240623/00004,2,P102972,3,250.10,SALE,1719182292,S10,20240623
S10/20240623/00004,3,P107063,1,374.87,SALE,1719182292,S10,20240623
S10/20240623/00004,4,P100221,2,140.95,SALE,1719182292,S10,20240623
S10/20240623/00004,5,P101634,1,25.05,SALE,1719182292,S10,20240623
S10/20240623/00004,6,P102520,3,731.86,SALE,1719182292,S10,20240623
S10/20240623/00004,7,P102371,1,58.36,SALE,1719182292,S10,20240623
S10/20240623/00004,8,P100652,2,45.46,SALE,1719182292,S10,20240623
S10/20240623/00004,9,TAX,1,299.50,TAX,1719182292,S10,20240623
S10/20240623/00004,10,TENDER,1,4388.54,TENDER,1719182292,S10,20240623
S10/20240623/00005,1,P103068,2,151.27,SALE,1719153738,S10,20240623
S10/20240623/00005,2,P108144,1,253.94,SALE,1719153738,S10,20240623
S10/20240623/00005,3,P101751,2,460.11,SALE,1719153738,S10,20240623
S10/20240623/00005,4,P101174,3,49.27,SALE,1719153738,S10,20240623
S10/20240623/00005,5,TAX,1,218.63,TAX,1719153738,S10,20240623
S10/20240623/00005,6,TENDER,1,1843.14,TENDER,1719153738,S10,20240623
S10/20240623/00006,1,P105331,3,308.39,SALE,1719133163,S10,20240623
S10/20240623/00006,2,P107292,1,324.95,SALE,1719133163,S10,20240623
S10/20240623/00006,3,P100722,5,287.33,SALE,1719133163,S10,20240623
S10/20240623/00006,4,TAX,1,85.25,TAX,1719133163,S10,20240623
S10/20240623/00006,5,TENDER,1,2772.02,TENDER,1719133163,S10,20240623
S10/20240623/00007,1,P105050,3,103.36,SALE,1719126646,S10,20240623
S10/20240623/00007,2,P104956,1,133.95,SALE,1719126646,S10,20240623
S10/20240623/00007,3,P102874,1,142.11,SALE,1719126646,S10,20240623
S10/20240623/00007,4,P107815,2,106.85,SALE,1719126646,S10,20240623
S10/20240623/00007,5,P104404,2,890.27,SALE,1719126646,S10,20240623
S10/20240623/00007,6,TAX,1,286.03,TAX,1719126646,S10,20240623
S10/20240623/00007,7,TENDER,1,2866.41,TENDER,1719126646,S10,20240623
S10/20240623/00008,1,P105187,1,1005.05,SALE,1719173881,S10,20240623
S10/20240623/00008,2,P104579,4,67.48,SALE,1719173881,S10,20240623
S10/20240623/00008,3,P107903,4,22.86,SALE,1719173881,S10,20240623
S10/20240623/00008,4,P102845,3,261.08,SALE,1719173881,S10,20240623
S10/20240623/00008,5,P104820,1,207.26,SALE,1719173881,S10,20240623
S10/20240623/00008,6,P104081,2,586.63,SALE,1719173881,S10,20240623
S10/20240623/00008,7,TAX,1,92.93,TAX,1719173881,S10,20240623
S10/20240623/00008,8,TENDER,1,3623.10,TENDER,1719173881,S10,20240623
S10/20240623/00009,1,P100658,2,50.53,SALE,1719168136,S10,20240623
S10/20240623/00009,2,P100276,1,965.56,SALE,1719168136,S10,20240623
S10/20240623/00009,3,P103839,3,213.95,SALE,1719168136,S10,20240623
S10/20240623/00009,4,P101263,4,604.45,SALE,1719168136,S10,20240623
S10/20240623/00009,5,TAX,1,599.02,TAX,1719168136,S10,20240623
S10/20240623/00009,6,TENDER,1,4725.29,TENDER,1719168136,S10,20240623
S10/20240623/00010,1,P107597,2,519.83,SALE,1719164154,S10,20240623
S10/20240623/00010,2,P103197,1,292.95,SALE,1719164154,S10,20240623
S10/20240623/00010,3,P101530,1,576.50,SALE,1719164154,S10,20240623
S10/20240623/00010,4,P106948,2,172.25,SALE,1719164154,S10,20240623
S10/20240623/00010,5,P106731,2,142.59,SALE,1719164154,S10,20240623
S10/20240623/00010,6,DISC,1,-110.35,DISCOUNT,1719164154,S10,20240623
S10/20240623/00010,7,TAX,1,199.09,TAX,1719164154,S10,20240623
S10/20240623/00010,8,TENDER,1,2627.53,TENDER,1719164154,S10,20240623
S10/20240623/00011,1,P108313,3,372.95,SALE,1719149242,S10,20240623
S10/20240623/00011,2,P103973,2,112.64,SALE,1719149242,S10,20240623
S10/20240623/00011,3,P106115,4,128.36,SALE,1719149242,S10,20240623
S10/20240623/00011,4,P100609,3,76.13,SALE,1719149242,S10,20240623
S10/20240623/00011,5,P100106,2,318.86,SALE,1719149242,S10,20240623
S10/20240623/00011,6,P100095,2,92.95,SALE,1719149242,S10,20240623
S10/20240623/00011,7,P101796,1,990.67,SALE,1719149242,S10,20240623
S10/20240623/00011,8,TAX,1,468.26,TAX,1719149242,S10,20240623
S10/20240623/00011,9,TENDER,1,4368.51,TENDER,1719149242,S10,20240623
S10/20240623/00012,1,P106478,3,56.12,SALE,1719149137,S10,20240623
S10/20240623/00012,2,P102415,4,1123.24,SALE,1719149137,S10,20240623
S10/20240623/00012,3,P105819,2,66.64,SALE,1719149137,S10,20240623
S10/20240623/00012,4,TAX,1,257.06,TAX,1719149137,S10,20240623
S10/20240623/00012,5,TENDER,1,5051.66,TENDER,1719149137,S10,20240623
S10/20240623/00013,1,P102593,2,92.93,SALE,1719158232,S10,20240623
S10/20240623/00013,2,P107018,3,187.58,SALE,1719158232,S10,20240623
S10/20240623/00013,3,P102821,4,1356.95,SALE,1719158232,S10,20240623
S10/20240623/00013,4,P104410,2,498.71,SALE,1719158232,S10,20240623
S10/20240623/00013,5,TAX,1,241.13,TAX,1719158232,S10,20240623
S10/20240623/00013,6,TENDER,1,7414.95,TENDER,1719158232,S10,20240623
S10/20240623/00014,1,P107362,2,62.10,SALE,1719157900,S10,20240623
S10/20240623/00014,2,P107589,2,266.18,SALE,1719157900,S10,20240623
S10/20240623/00014,3,TAX,1,118.18,TAX,1719157900,S10,20240623
S10/20240623/00014,4,TENDER,1,774.74,TENDER,1719157900,S10,20240623
S10/20240623/00015,1,P106522,2,208.95,SALE,1719156733,S10,20240623
S10/20240623/00015,2,P108389,2,793.52,SALE,1719156733,S10,20240623
S10/20240623/00015,3,P103124,1,489.23,SALE,1719156733,S10,20240623
S10/20240623/00015,4,P106907,2,321.26,SALE,1719156733,S10,20240623
S10/20240623/00015,5,P104417,1,322.95,SALE,1719156733,S10,20240623
S10/20240623/00015,6,P107542,2,162.57,SALE,1719156733,S10,20240623
S10/20240623/00015,7,TAX,1,227.06,TAX,1719156733,S10,20240623
S10/20240623/00015,8,TENDER,1,4011.84,TENDER,1719156733,S10,20240623
S10/20240623/00016,1,P107126,3,75.95,SALE,1719163852,S10,20240623
S10/20240623/00016,2,P103693,2,102.71,SALE,1719163852,S10,20240623
S10/20240623/00016,3,P106027,1,1436.61,SALE,1719163852,S10,20240623
S10/20240623/00016,4,P100855,2,327.82,SALE,1719163852,S10,20240623
S10/20240623/00016,5,P107409,1,419.09,SALE,1719163852,S10,20240623
S10/20240623/00016,6,TAX,1,166.31,TAX,1719163852,S10,20240623
S10/20240623/00016,7,TENDER,1,3110.92,TENDER,1719163852,S10,20240623
S10/20240623/00017,1,P104187,2,86.95,SALE,1719172957,S10,20240623
S10/20240623/00017,2,P100682,3,325.28,SALE,1719172957,S10,20240623
S10/20240623/00017,3,P107308,1,207.74,SALE,1719172957,S10,20240623
S10/20240623/00017,4,P103958,3,30.95,SALE,1719172957,S10,20240623
S10/20240623/00017,5,P102023,2,468.24,SALE,1719172957,S10,20240623
S10/20240623/00017,6,TAX,1,292.28,TAX,1719172957,S10,20240623
S10/20240623/00017,7,TENDER,1,2679.09,TENDER,1719172957,S10,20240623
S10/20240623/00018,1,P100164,2,593.34,SALE,1719168011,S10,20240623
S10/20240623/00018,2,P102909,4,48.95,SALE,1719168011,S10,20240623
S10/20240623/00018,3,P100889,2,976.95,SALE,1719168011,S10,20240623
S10/20240623/00018,4,P107078,3,111.95,SALE,1719168011,S10,20240623
S10/20240623/00018,5,TAX,1,311.30,TAX,1719168011,S10,20240623
S10/20240623/00018,6,TENDER,1,3983.53,TENDER,1719168011,S10,20240623
S10/20240623/00019,1,P103249,3,521.24,SALE,1719156384,S10,20240623
S10/20240623/00019,2,P106143,2,56.15,SALE,1719156384,S10,20240623
S10/20240623/00019,3,TAX,1,98.40,TAX,1719156384,S10,20240623
S10/20240623/00019,4,TENDER,1,1774.42,TENDER,1719156384,S10,20240623
S10/20240623/00020,1,P102913,2,347.82,SALE,1719183721,S10,20240623
S10/20240623/00020,2,P108149,2,985.90,SALE,1719183721,S10,20240623
S10/20240623/00020,3,P102516,2,1272.67,SALE,1719183721,S10,20240623
S10/20240623/00020,4,P105656,3,516.52,SALE,1719183721,S10,20240623
S10/20240623/00020,5,P100711,5,101.23,SALE,1719183721,S10,20240623
S10/20240623/00020,6,TAX,1,301.85,TAX,1719183721,S10,20240623
S10/20240623/00020,7,TENDER,1,7570.34,TENDER,1719183721,S10,20240623
S10/20240623/00021,1,P101813,4,260.89,SALE,1719160770,S10,20240623
S10/20240623/00021,2,P107743,2,206.95,SALE,1719160770,S10,20240623
S10/20240623/00021,3,P104194,5,119.04,SALE,1719160770,S10,20240623
S10/20240623/00021,4,P105021,2,1086.75,SALE,1719160770,S10,20240623
S10/20240623/00021,5,TAX,1,417.62,TAX,1719160770,S10,20240623
S10/20240623/00021,6,TENDER,1,4643.78,TENDER,1719160770,S10,20240623
S10/20240623/00022,1,P103374,3,34.95,SALE,1719160714,S10,20240623
S10/20240623/00022,2,P101547,1,62.01,SALE,1719160714,S10,20240623
S10/20240623/00022,3,P108008,4,128.46,SALE,1719160714,S10,20240623
S10/20240623/00022,4,P101213,4,232.84,SALE,1719160714,S10,20240623
S10/20240623/00022,5,P102166,3,52.54,SALE,1719160714,S10,20240623
S10/20240623/00022,6,P101134,2,1071.76,SALE,1719160714,S10,20240623
S10/20240623/00022,7,P105575,3,475.41,SALE,1719160714,S10,20240623
S10/20240623/00022,8,P101242,2,83.48,SALE,1719160714,S10,20240623
S10/20240623/00022,9,TAX,1,411.85,TAX,1719160714,S10,20240623
S10/20240623/00022,10,TENDER,1,5918.24,TENDER,1719160714,S10,20240623
S10/20240623/00023,1,P102510,4,35.56,SALE,1719158934,S10,20240623
S10/20240623/00023,2,P107012,2,104.24,SALE,1719158934,S10,20240623
S10/20240623/00023,3,P106391,1,747.95,SALE,1719158934,S10,20240623
S10/20240623/00023,4,P102219,3,726.06,SALE,1719158934,S10,20240623
S10/20240623/00023,5,P103364,2,114.95,SALE,1719158934,S10,20240623
S10/20240623/00023,6,P106989,4,24.76,SALE,1719158934,S10,20240623
S10/20240623/00023,7,TAX,1,191.63,TAX,1719158934,S10,20240623
S10/20240623/00023,8,TENDER,1,3797.42,TENDER,1719158934,S10,20240623
S10/20240623/00024,1,P100044,3,737.05,SALE,1719167121,S10,20240623
S10/20240623/00024,2,P103816,3,209.63,SALE,1719167121,S10,20240623
S10/20240623/00024,3,P100652,1,45.46,SALE,1719167121,S10,20240623
S10/20240623/00024,4,P100956,2,421.98,SALE,1719167121,S10,20240623
S10/20240623/00024,5,P103794,2,729.86,SALE,1719167121,S10,20240623
S10/20240623/00024,6,P105145,2,763.65,SALE,1719167121,S10,20240623
S10/20240623/00024,7,P101779,1,198.09,SALE,1719167121,S10,20240623
S10/20240623/00024,8,DISC,1,-233.20,DISCOUNT,1719167121,S10,20240623
S10/20240623/00024,9,TAX,1,494.55,TAX,1719167121,S10,20240623
S10/20240623/00024,10,TENDER,1,7175.92,TENDER,1719167121,S10,20240623
S10/20240623/00025,1,P103927,1,206.11,SALE,1719172067,S10,20240623
S10/20240623/00025,2,P106357,1,1078.45,SALE,1719172067,S10,20240623
S10/20240623/00025,3,P105594,1,317.30,SALE,1719172067,S10,20240623
S10/20240623/00025,4,P102714,3,80.41,SALE,1719172067,S10,20240623
S10/20240623/00025,5,TAX,1,206.74,TAX,1719172067,S10,20240623
S10/20240623/00025,6,TENDER,1,2049.83,TENDER,1719172067,S10,20240623
S10/20240623/00026,1,P104965,2,88.45,SALE,1719156317,S10,20240623
S10/20240623/00026,2,P107337,1,365.85,SALE,1719156317,S10,20240623
S10/20240623/00026,3,P108101,2,1475.51,SALE,1719156317,S10,20240623
S10/20240623/00026,4,P105294,1,126.15,SALE,1719156317,S10,20240623
S10/20240623/00026,5,P102067,4,181.50,SALE,1719156317,S10,20240623
S10/20240623/00026,6,DISC,1,-462.36,DISCOUNT,1719156317,S10,20240623
S10/20240623/00026,7,TAX,1,393.43,TAX,1719156317,S10,20240623
S10/20240623/00026,8,TENDER,1,4276.99,TENDER,1719156317,S10,20240623
S10/20240623/00027,1,P103946,3,328.70,SALE,1719167157,S10,20240623
S10/20240623/00027,2,P105365,1,393.76,SALE,1719167157,S10,20240623
S10/20240623/00027,3,P105624,2,380.06,SALE,1719167157,S10,20240623
S10/20240623/00027,4,P101899,2,345.29,SALE,1719167157,S10,20240623
S10/20240623/00027,5,P105507,3,20.17,SALE,1719167157,S10,20240623
S10/20240623/00027,6,TAX,1,209.56,TAX,1719167157,S10,20240623
S10/20240623/00027,7,TENDER,1,3100.63,TENDER,1719167157,S10,20240623
S10/20240623/00028,1,P106424,1,535.14,SALE,1719164571,S10,20240623
S10/20240623/00028,2,P104658,2,77.43,SALE,1719164571,S10,20240623
S10/20240623/00028,3,TAX,1,34.50,TAX,1719164571,S10,20240623
S10/20240623/00028,4,TENDER,1,724.50,TENDER,1719164571,S10,20240623
S10/20240623/00029,1,P101279,4,237.59,SALE,1719167791,S10,20240623
S10/20240623/00029,2,P104820,2,207.26,SALE,1719167791,S10,20240623
S10/20240623/00029,3,P103986,4,495.05,SALE,1719167791,S10,20240623
S10/20240623/00029,4,P102342,1,99.85,SALE,1719167791,S10,20240623
S10/20240623/00029,5,P101859,1,68.39,SALE,1719167791,S10,20240623
S10/20240623/00029,6,P100077,2,181.42,SALE,1719167791,S10,20240623
S10/20240623/00029,7,P105030,1,211.39,SALE,1719167791,S10,20240623
S10/20240623/00029,8,TAX,1,507.43,TAX,1719167791,S10,20240623
S10/20240623/00029,9,TENDER,1,4594.98,TENDER,1719167791,S10,20240623
S10/20240623/00030,1,P102415,2,1123.24,SALE,1719166384,S10,20240623
S10/20240623/00030,2,P107609,3,108.46,SALE,1719166384,S10,20240623
S10/20240623/00030,3,P100077,2,181.42,SALE,1719166384,S10,20240623
S10/20240623/00030,4,TAX,1,189.03,TAX,1719166384,S10,20240623
S10/20240623/00030,5,TENDER,1,3123.73,TENDER,1719166384,S10,20240623
S10/20240623/00031,1,P101004,1,324.97,SALE,1719156012,S10,20240623
S10/20240623/00031,2,P104469,2,1548.25,SALE,1719156012,S10,20240623
S10/20240623/00031,3,P103743,1,1117.90,SALE,1719156012,S10,20240623
S10/20240623/00031,4,P107446,1,593.14,SALE,1719156012,S10,20240623
S10/20240623/00031,5,P104844,2,553.13,SALE,1719156012,S10,20240623
S10/20240623/00031,6,P102549,2,139.23,SALE,1719156012,S10,20240623
S10/20240623/00031,7,P107807,2,118.66,SALE,1719156012,S10,20240623
S10/20240623/00031,8,P102947,3,59.21,SALE,1719156012,S10,20240623
S10/20240623/00031,9,DISC,1,-250.02,DISCOUNT,1719156012,S10,20240623
S10/20240623/00031,10,TAX,1,541.51,TAX,1719156012,S10,20240623
S10/20240623/00031,11,TENDER,1,7223.67,TENDER,1719156012,S10,20240623
S10/20240623/00032,1,P105819,3,66.64,SALE,1719157636,S10,20240623
S10/20240623/00032,2,P104637,1,294.49,SALE,1719157636,S10,20240623
S10/20240623/00032,3,P100319,2,48.05,SALE,1719157636,S10,20240623
S10/20240623/00032,4,P103986,1,495.05,SALE,1719157636,S10,20240623
S10/20240623/00032,5,P102886,4,136.91,SALE,1719157636,S10,20240623
S10/20240623/00032,6,TAX,1,192.62,TAX,1719157636,S10,20240623
S10/20240623/00032,7,TENDER,1,1825.82,TENDER,1719157636,S10,20240623
S10/20240623/00033,1,P101458,1,1309.22,SALE,1719152156,S10,20240623
S10/20240623/00033,2,P105908,3,677.70,SALE,1719152156,S10,20240623
S10/20240623/00033,3,P102014,4,261.84,SALE,1719152156,S10,20240623
S10/20240623/00033,4,P102272,2,373.95,SALE,1719152156,S10,20240623
S10/20240623/00033,5,P100178,1,480.34,SALE,1719152156,S10,20240623
S10/20240623/00033,6,P103701,2,1171.33,SALE,1719152156,S10,20240623
S10/20240623/00033,7,DISC,1,-487.55,DISCOUNT,1719152156,S10,20240623
S10/20240623/00033,8,TAX,1,547.78,TAX,1719152156,S10,20240623
S10/20240623/00033,9,TENDER,1,8020.81,TENDER,1719152156,S10,20240623
S10/20240623/00034,1,P105365,3,393.76,SALE,1719179348,S10,20240623
S10/20240623/00034,2,P102744,2,86.95,SALE,1719179348,S10,20240623
S10/20240623/00034,3,TAX,1,150.45,TAX,1719179348,S10,20240623
S10/20240623/00034,4,TENDER,1,1505.63,TENDER,1719179348,S10,20240623
S10/20240623/00035,1,P107171,1,332.75,SALE,1719145816,S10,20240623
S10/20240623/00035,2,P105127,2,62.95,SALE,1719145816,S10,20240623
S10/20240623/00035,3,TAX,1,46.23,TAX,1719145816,S10,20240623
S10/20240623/00035,4,TENDER,1,504.88,TENDER,1719145816,S10,20240623
S10/20240623/00036,1,P107676,4,186.95,SALE,1719157388,S10,20240623
S10/20240623/00036,2,P107266,1,69.30,SALE,1719157388,S10,20240623
S10/20240623/00036,3,P102342,4,99.85,SALE,1719157388,S10,20240623
S10/20240623/00036,4,P101283,1,263.48,SALE,1719157388,S10,20240623
S10/20240623/00036,5,P102626,3,355.05,SALE,1719157388,S10,20240623
S10/20240623/00036,6,TAX,1,264.03,TAX,1719157388,S10,20240623
S10/20240623/00036,7,TENDER,1,2809.16,TENDER,1719157388,S10,20240623
S10/20240623/00037,1,P107231,2,1193.22,SALE,1719154250,S10,20240623
S10/20240623/00037,2,P102724,3,391.04,SALE,1719154250,S10,20240623
S10/20240623/00037,3,P101585,4,11.51,SALE,1719154250,S10,20240623
S10/20240623/00037,4,TAX,1,219.45,TAX,1719154250,S10,20240623
S10/20240623/00037,5,TENDER,1,3825.05,TENDER,1719154250,S10,20240623
S10/20240623/00038,1,P105651,2,110.95,SALE,1719176211,S10,20240623
S10/20240623/00038,2,P104011,3,657.72,SALE,1719176211,S10,20240623
S10/20240623/00038,3,TAX,1,138.60,TAX,1719176211,S10,20240623
S10/20240623/00038,4,TENDER,1,2333.66,TENDER,1719176211,S10,20240623
S10/20240623/00039,1,P106965,2,78.22,SALE,1719160509,S10,20240623
S10/20240623/00039,2,P103197,1,292.95,SALE,1719160509,S10,20240623
S10/20240623/00039,3,P100595,3,388.65,SALE,1719160509,S10,20240623
S10/20240623/00039,4,P100035,3,1810.38,SALE,1719160509,S10,20240623
S10/20240623/00039,5,P105835,3,231.48,SALE,1719160509,S10,20240623
S10/20240623/00039,6,P102585,2,516.36,SALE,1719160509,S10,20240623
S10/20240623/00039,7,P105988,2,29.57,SALE,1719160509,S10,20240623
S10/20240623/00039,8,DISC,1,-347.83,DISCOUNT,1719160509,S10,20240623
S10/20240623/00039,9,TAX,1,887.56,TAX,1719160509,S10,20240623
S10/20240623/00039,10,TENDER,1,9372.51,TENDER,1719160509,S10,20240623
S10/20240623/00040,1,P106330,2,199.12,SALE,1719160974,S10,20240623
S10/20240623/00040,2,P106174,2,229.89,SALE,1719160974,S10,20240623
S10/20240623/00040,3,P101864,1,101.95,SALE,1719160974,S10,20240623
S10/20240623/00040,4,P107960,1,1047.81,SALE,1719160974,S10,20240623
S10/20240623/00040,5,TAX,1,215.77,TAX,1719160974,S10,20240623
S10/20240623/00040,6,TENDER,1,2223.55,TENDER,1719160974,S10,20240623
S10/20240623/00041,1,P104212,3,401.95,SALE,1719149063,S10,20240623
S10/20240623/00041,2,P102067,3,181.50,SALE,1719149063,S10,20240623
S10/20240623/00041,3,P106542,1,122.90,SALE,1719149063,S10,20240623
S10/20240623/00041,4,TAX,1,266.40,TAX,1719149063,S10,20240623
S10/20240623/00041,5,TENDER,1,2139.65,TENDER,1719149063,S10,20240623
S10/20240623/00042,1,P104718,3,364.54,SALE,1719144187,S10,20240623
S10/20240623/00042,2,P105127,2,62.95,SALE,1719144187,S10,20240623
S10/20240623/00042,3,P106776,4,404.48,SALE,1719144187,S10,20240623
S10/20240623/00042,4,P107621,3,119.64,SALE,1719144187,S10,20240623
S10/20240623/00042,5,TAX,1,218.43,TAX,1719144187,S10,20240623
S10/20240623/00042,6,TENDER,1,3414.79,TENDER,1719144187,S10,20240623
S10/20240623/00043,1,P103864,4,452.72,SALE,1719167955,S10,20240623
S10/20240623/00043,2,P100519,2,365.61,SALE,1719167955,S10,20240623
S10/20240623/00043,3,P108300,2,260.37,SALE,1719167955,S10,20240623
S10/20240623/00043,4,P100649,1,592.52,SALE,1719167955,S10,20240623
S10/20240623/00043,5,P107759,2,229.95,SALE,1719167955,S10,20240623
S10/20240623/00043,6,TAX,1,301.65,TAX,1719167955,S10,20240623
S10/20240623/00043,7,TENDER,1,4416.91,TENDER,1719167955,S10,20240623
S10/20240623/00044,1,P102833,2,646.67,SALE,1719151174,S10,20240623
S10/20240623/00044,2,P108374,2,1311.92,SALE,1719151174,S10,20240623
S10/20240623/00044,3,P100991,3,173.46,SALE,1719151174,S10,20240623
S10/20240623/00044,4,P104593,2,867.34,SALE,1719151174,S10,20240623
S10/20240623/00044,5,TAX,1,298.85,TAX,1719151174,S10,20240623
S10/20240623/00044,6,TENDER,1,6471.09,TENDER,1719151174,S10,20240623
S10/20240623/00045,1,P106277,2,425.71,SALE,1719150855,S10,20240623
S10/20240623/00045,2,P102801,3,108.87,SALE,1719150855,S10,20240623
S10/20240623/00045,3,P100593,1,29.38,SALE,1719150855,S10,20240623
S10/20240623/00045,4,P108118,2,66.05,SALE,1719150855,S10,20240623
S10/20240623/00045,5,P105042,1,66.53,SALE,1719150855,S10,20240623
S10/20240623/00045,6,P108206,2,78.93,SALE,1719150855,S10,20240623
S10/20240623/00045,7,P104593,1,867.34,SALE,1719150855,S10,20240623
S10/20240623/00045,8,TAX,1,225.49,TAX,1719150855,S10,20240623
S10/20240623/00045,9,TENDER,1,2656.73,TENDER,1719150855,S10,20240623
S10/20240623/00046,1,P106686,3,301.28,SALE,1719169463,S10,20240623
S10/20240623/00046,2,TAX,1,45.19,TAX,1719169463,S10,20240623
S10/20240623/00046,3,TENDER,1,949.03,TENDER,1719169463,S10,20240623
S10/20240623/00047,1,P104048,2,168.34,SALE,1719153466,S10,20240623
S10/20240623/00047,2,P106093,1,315.93,SALE,1719153466,S10,20240623
S10/20240623/00047,3,P102000,3,82.98,SALE,1719153466,S10,20240623
S10/20240623/00047,4,P108001,2,87.00,SALE,1719153466,S10,20240623
S10/20240623/00047,5,P106310,2,462.03,SALE,1719153466,S10,20240623
S10/20240623/00047,6,TAX,1,289.45,TAX,1719153466,S10,20240623
S10/20240623/00047,7,TENDER,1,2289.06,TENDER,1719153466,S10,20240623
S10/20240623/00048,1,P108026,2,103.54,SALE,1719164298,S10,20240623
S10/20240623/00048,2,P101076,1,606.89,SALE,1719164298,S10,20240623
S10/20240623/00048,3,P104965,3,88.45,SALE,1719164298,S10,20240623
S10/20240623/00048,4,P104695,1,74.85,SALE,1719164298,S10,20240623
S10/20240623/00048,5,P106584,1,248.90,SALE,1719164298,S10,20240623
S10/20240623/00048,6,P100221,1,140.95,SALE,1719164298,S10,20240623
S10/20240623/00048,7,TAX,1,101.54,TAX,1719164298,S10,20240623
S10/20240623/00048,8,TENDER,1,1645.56,TENDER,1719164298,S10,20240623
S10/20240623/00049,1,P107589,3,266.18,SALE,1719178096,S10,20240623
S10/20240623/00049,2,P107799,2,738.35,SALE,1719178096,S10,20240623
S10/20240623/00049,3,TAX,1,217.57,TAX,1719178096,S10,20240623
S10/20240623/00049,4,TENDER,1,2492.81,TENDER,1719178096,S10,20240623
S10/20240623/00050,1,P105294,1,126.15,SALE,1719162273,S10,20240623
S10/20240623/00050,2,P104676,2,81.62,SALE,1719162273,S10,20240623
S10/20240623/00050,3,P107973,5,271.34,SALE,1719162273,S10,20240623
S10/20240623/00050,4,TAX,1,119.93,TAX,1719162273,S10,20240623
S10/20240623/00050,5,TENDER,1,1766.02,TENDER,1719162273,S10,20240623
S10/20240623/00051,1,P104637,4,294.49,SALE,1719175155,S10,20240623
S10/20240623/00051,2,P106651,3,855.95,SALE,1719175155,S10,20240623
S10/20240623/00051,3,P103062,4,179.06,SALE,1719175155,S10,20240623
S10/20240623/00051,4,P107422,2,193.56,SALE,1719175155,S10,20240623
S10/20240623/00051,5,TAX,1,196.52,TAX,1719175155,S10,20240623
S10/20240623/00051,6,TENDER,1,5045.69,TENDER,1719175155,S10,20240623
S10/20240623/00052,1,P105965,1,61.37,SALE,1719164361,S10,20240623
S10/20240623/00052,2,P102833,3,680.71,SALE,1719164361,S10,20240623
S10/20240623/00052,3,P100131,3,687.03,SALE,1719164361,S10,20240623
S10/20240623/00052,4,DISC,1,-85.09,DISCOUNT,1719164361,S10,20240623
S10/20240623/00052,5,TAX,1,345.30,TAX,1719164361,S10,20240623
S10/20240623/00052,6,TENDER,1,4424.80,TENDER,1719164361,S10,20240623
S10/20240623/00053,1,P107605,1,1290.76,SALE,1719146661,S10,20240623
S10/20240623/00053,2,P106044,1,40.72,SALE,1719146661,S10,20240623
S10/20240623/00053,3,P103054,1,113.30,SALE,1719146661,S10,20240623
S10/20240623/00053,4,TAX,1,162.22,TAX,1719146661,S10,20240623
S10/20240623/00053,5,TENDER,1,1607.00,TENDER,1719146661,S10,20240623
S10/20240623/00054,1,P105400,4,48.10,SALE,1719139180,S10,20240623
S10/20240623/00054,2,P101681,3,139.09,SALE,1719139180,S10,20240623
S10/20240623/00054,3,P102255,5,167.76,SALE,1719139180,S10,20240623
S10/20240623/00054,4,TAX,1,84.70,TAX,1719139180,S10,20240623
S10/20240623/00054,5,TENDER,1,1533.17,TENDER,1719139180,S10,20240623
S10/20240623/00055,1,P104378,2,95.33,SALE,1719148818,S10,20240623
S10/20240623/00055,2,P103214,2,283.38,SALE,1719148818,S10,20240623
S10/20240623/00055,3,P101722,2,1331.86,SALE,1719148818,S10,20240623
S10/20240623/00055,4,P104123,2,382.58,SALE,1719148818,S10,20240623
S10/20240623/00055,5,TAX,1,276.22,TAX,1719148818,S10,20240623
S10/20240623/00055,6,TENDER,1,4462.52,TENDER,1719148818,S10,20240623
S10/20240623/00056,1,P108110,3,15.95,SALE,1719159678,S10,20240623
S10/20240623/00056,2,P104155,1,138.95,SALE,1719159678,S10,20240623
S10/20240623/00056,3,P105868,2,68.91,SALE,1719159678,S10,20240623
S10/20240623/00056,4,P100677,2,227.95,SALE,1719159678,S10,20240623
S10/20240623/00056,5,P107767,1,510.38,SALE,1719159678,S10,20240623
S10/20240623/00056,6,TAX,1,123.09,TAX,1719159678,S10,20240623
S10/20240623/00056,7,TENDER,1,1413.99,TENDER,1719159678,S10,20240623
S10/20240623/00057,1,P101634,3,25.05,SALE,1719175584,S10,20240623
S10/20240623/00057,2,P100985,3,288.61,SALE,1719175584,S10,20240623
S10/20240623/00057,3,P104965,2,88.45,SALE,1719175584,S10,20240623
S10/20240623/00057,4,P101599,2,396.87,SALE,1719175584,S10,20240623
S10/20240623/00057,5,P100649,1,592.52,SALE,1719175584,S10,20240623
S10/20240623/00057,6,TAX,1,350.72,TAX,1719175584,S10,20240623
S10/20240623/00057,7,TENDER,1,2854.86,TENDER,1719175584,S10,20240623
S10/20240623/00058,1,P105236,1,552.60,SALE,1719166043,S10,20240623
S10/20240623/00058,2,P103732,2,94.74,SALE,1719166043,S10,20240623
S10/20240623/00058,3,P103904,2,1145.96,SALE,1719166043,S10,20240623
S10/20240623/00058,4,TAX,1,190.38,TAX,1719166043,S10,20240623
S10/20240623/00058,5,TENDER,1,3224.38,TENDER,1719166043,S10,20240623
S10/20240623/00059,1,P106679,2,181.66,SALE,1719163896,S10,20240623
S10/20240623/00059,2,P108275,3,504.53,SALE,1719163896,S10,20240623
S10/20240623/00059,3,P105570,2,345.21,SALE,1719163896,S10,20240623
S10/20240623/00059,4,P100956,1,421.98,SALE,1719163896,S10,20240623
S10/20240623/00059,5,P104097,1,319.17,SALE,1719163896,S10,20240623
S10/20240623/00059,6,TAX,1,366.37,TAX,1719163896,S10,20240623
S10/20240623/00059,7,TENDER,1,3674.85,TENDER,1719163896,S10,20240623
S10/20240623/00060,1,P103249,2,521.24,SALE,1719172216,S10,20240623
S10/20240623/00060,2,P106288,1,45.93,SALE,1719172216,S10,20240623
S10/20240623/00060,3,P106443,4,52.87,SALE,1719172216,S10,20240623
S10/20240623/00060,4,P100956,1,421.98,SALE,1719172216,S10,20240623
S10/20240623/00060,5,P102255,3,167.76,SALE,1719172216,S10,20240623
S10/20240623/00060,6,P101404,1,213.08,SALE,1719172216,S10,20240623
S10/20240623/00060,7,P100121,2,107.67,SALE,1719172216,S10,20240623
S10/20240623/00060,8,DISC,1,-140.82,DISCOUNT,1719172216,S10,20240623
S10/20240623/00060,9,TAX,1,101.81,TAX,1719172216,S10,20240623
S10/20240623/00060,10,TENDER,1,2614.56,TENDER,1719172216,S10,20240623
S10/20240623/00061,1,P105479,2,237.28,SALE,1719155447,S10,20240623
S10/20240623/00061,2,P107753,2,67.96,SALE,1719155447,S10,20240623
S10/20240623/00061,3,P105394,2,335.45,SALE,1719155447,S10,20240623
S10/20240623/00061,4,TAX,1,177.71,TAX,1719155447,S10,20240623
S10/20240623/00061,5,TENDER,1,1459.09,TENDER,1719155447,S10,20240623
S10/20240623/00062,1,P104600,3,48.49,SALE,1719178706,S10,20240623
S10/20240623/00062,2,P102494,1,11.95,SALE,1719178706,S10,20240623
S10/20240623/00062,3,P105838,3,594.50,SALE,1719178706,S10,20240623
S10/20240623/00062,4,P103668,1,1530.18,SALE,1719178706,S10,20240623
S10/20240623/00062,5,TAX,1,85.93,TAX,1719178706,S10,20240623
S10/20240623/00062,6,TENDER,1,3557.03,TENDER,1719178706,S10,20240623
S10/20240623/00063,1,P105860,3,674.13,SALE,1719175945,S10,20240623
S10/20240623/00063,2,P103424,4,295.58,SALE,1719175945,S10,20240623
S10/20240623/00063,3,P108335,3,165.51,SALE,1719175945,S10,20240623
S10/20240623/00063,4,P101923,3,484.95,SALE,1719175945,S10,20240623
S10/20240623/00063,5,TAX,1,504.87,TAX,1719175945,S10,20240623
S10/20240623/00063,6,TENDER,1,5660.96,TENDER,1719175945,S10,20240623
S10/20240623/00064,1,P105057,1,254.08,SALE,1719148820,S10,20240623
S10/20240623/00064,2,TAX,1,45.73,TAX,1719148820,S10,20240623
S10/20240623/00064,3,TENDER,1,299.81,TENDER,1719148820,S10,20240623
S10/20240623/00065,1,P101911,2,1431.80,SALE,1719185563,S10,20240623
S10/20240623/00065,2,P102640,2,241.34,SALE,1719185563,S10,20240623
S10/20240623/00065,3,P104827,4,168.97,SALE,1719185563,S10,20240623
S10/20240623/00065,4,P101839,3,408.40,SALE,1719185563,S10,20240623
S10/20240623/00065,5,P101949,1,857.51,SALE,1719185563,S10,20240623
S10/20240623/00065,6,P101648,2,334.22,SALE,1719185563,S10,20240623
S10/20240623/00065,7,P104478,1,17.21,SALE,1719185563,S10,20240623
S10/20240623/00065,8,P103337,1,84.50,SALE,1719185563,S10,20240623
S10/20240623/00065,9,DISC,1,-806.02,DISCOUNT,1719185563,S10,20240623
S10/20240623/00065,10,TAX,1,280.30,TAX,1719185563,S10,20240623
S10/20240623/00065,11,TENDER,1,6349.30,TENDER,1719185563,S10,20240623
S10/20240623/00066,1,P106009,2,372.60,SALE,1719156321,S10,20240623
S10/20240623/00066,2,P107393,1,413.99,SALE,1719156321,S10,20240623
S10/20240623/00066,3,P100999,2,161.56,SALE,1719156321,S10,20240623
S10/20240623/00066,4,P105603,3,202.29,SALE,1719156321,S10,20240623
S10/20240623/00066,5,TAX,1,248.34,TAX,1719156321,S10,20240623
S10/20240623/00066,6,TENDER,1,2337.52,TENDER,1719156321,S10,20240623
S10/20240624/00001,1,P102502,3,366.79,SALE,1719250488,S10,20240624
S10/20240624/00001,2,P103178,3,21.21,SALE,1719250488,S10,20240624
S10/20240624/00001,3,P103159,2,1193.28,SALE,1719250488,S10,20240624
S10/20240624/00001,4,P101911,1,1431.80,SALE,1719250488,S10,20240624
S10/20240624/00001,5,P100933,5,257.95,SALE,1719250488,S10,20240624
S10/20240624/00001,6,TAX,1,441.68,TAX,1719250488,S10,20240624
S10/20240624/00001,7,TENDER,1,6713.79,TENDER,1719250488,S10,20240624
S10/20240624/00002,1,P104334,4,294.34,SALE,1719247524,S10,20240624
S10/20240624/00002,2,P104081,2,586.63,SALE,1719247524,S10,20240624
S10/20240624/00002,3,P100233,1,67.07,SALE,1719247524,S10,20240624
S10/20240624/00002,4,P101062,1,47.97,SALE,1719247524,S10,20240624
S10/20240624/00002,5,TAX,1,64.62,TAX,1719247524,S10,20240624
S10/20240624/00002,6,TENDER,1,2530.28,TENDER,1719247524,S10,20240624
S10/20240624/00003,1,P103794,2,729.86,SALE,1719260515,S10,20240624
S10/20240624/00003,2,P100172,3,196.62,SALE,1719260515,S10,20240624
S10/20240624/00003,3,P102397,1,355.28,SALE,1719260515,S10,20240624
S10/20240624/00003,4,P104212,1,401.95,SALE,1719260515,S10,20240624
S10/20240624/00003,5,P102000,1,82.98,SALE,1719260515,S10,20240624
S10/20240624/00003,6,TAX,1,232.40,TAX,1719260515,S10,20240624
S10/20240624/00003,7,TENDER,1,3122.19,TENDER,1719260515,S10,20240624
S10/20240624/00004,1,P105167,2,826.20,SALE,1719228635,S10,20240624
S10/20240624/00004,2,P101213,3,232.84,SALE,1719228635,S10,20240624
S10/20240624/00004,3,P106833,2,397.38,SALE,1719228635,S10,20240624
S10/20240624/00004,4,P101697,1,95.47,SALE,1719228635,S10,20240624
S10/20240624/00004,5,P102346,1,79.95,SALE,1719228635,S10,20240624
S10/20240624/00004,6,P107278,2,57.40,SALE,1719228635,S10,20240624
S10/20240624/00004,7,TAX,1,374.78,TAX,1719228635,S10,20240624
S10/20240624/00004,8,TENDER,1,3810.68,TENDER,1719228635,S10,20240624
S10/20240624/00005,1,P107308,4,207.74,SALE,1719241709,S10,20240624
S10/20240624/00005,2,P101064,1,33.84,SALE,1719241709,S10,20240624
S10/20240624/00005,3,P102695,4,1259.21,SALE,1719241709,S10,20240624
S10/20240624/00005,4,P107158,5,150.12,SALE,1719241709,S10,20240624
S10/20240624/00005,5,P104820,4,207.26,SALE,1719241709,S10,20240624
S10/20240624/00005,6,TAX,1,1044.42,TAX,1719241709,S10,20240624
S10/20240624/00005,7,TENDER,1,8525.70,TENDER,1719241709,S10,20240624
S10/20240624/00006,1,P100571,1,117.95,SALE,1719258068,S10,20240624
S10/20240624/00006,2,P101321,2,24.76,SALE,1719258068,S10,20240624
S10/20240624/00006,3,P101298,4,216.72,SALE,1719258068,S10,20240624
S10/20240624/00006,4,P107743,3,206.95,SALE,1719258068,S10,20240624
S10/20240624/00006,5,P102707,1,419.47,SALE,1719258068,S10,20240624
S10/20240624/00006,6,P107639,3,128.49,SALE,1719258068,S10,20240624
S10/20240624/00006,7,TAX,1,305.27,TAX,1719258068,S10,20240624
S10/20240624/00006,8,TENDER,1,2765.41,TENDER,1719258068,S10,20240624
S10/20240624/00007,1,P107158,1,150.12,SALE,1719253743,S10,20240624
S10/20240624/00007,2,P101710,3,307.38,SALE,1719253743,S10,20240624
S10/20240624/00007,3,P107308,3,207.74,SALE,1719253743,S10,20240624
S10/20240624/00007,4,P108389,3,793.52,SALE,1719253743,S10,20240624
S10/20240624/00007,5,TAX,1,368.89,TAX,1719253743,S10,20240624
S10/20240624/00007,6,TENDER,1,4444.93,TENDER,1719253743,S10,20240624
S10/20240624/00008,1,P102931,2,185.66,SALE,1719238207,S10,20240624
S10/20240624/00008,2,P100850,2,175.60,SALE,1719238207,S10,20240624
S10/20240624/00008,3,P101697,3,95.47,SALE,1719238207,S10,20240624
S10/20240624/00008,4,P107163,1,187.11,SALE,1719238207,S10,20240624
S10/20240624/00008,5,P106620,2,296.41,SALE,1719238207,S10,20240624
S10/20240624/00008,6,P100819,2,1203.94,SALE,1719238207,S10,20240624
S10/20240624/00008,7,P104645,4,1052.62,SALE,1719238207,S10,20240624
S10/20240624/00008,8,TAX,1,122.64,TAX,1719238207,S10,20240624
S10/20240624/00008,9,TENDER,1,8529.86,TENDER,1719238207,S10,20240624
S10/20240624/00009,1,P101949,3,857.51,SALE,1719247171,S10,20240624
S10/20240624/00009,2,P104688,6,178.09,SALE,1719247171,S10,20240624
S10/20240624/00009,3,TAX,1,182.05,TAX,1719247171,S10,20240624
S10/20240624/00009,4,TENDER,1,3823.12,TENDER,1719247171,S10,20240624
S10/20240624/00010,1,P107215,1,153.85,SALE,1719239223,S10,20240624
S10/20240624/00010,2,P104883,2,342.92,SALE,1719239223,S10,20240624
S10/20240624/00010,3,P101339,1,222.95,SALE,1719239223,S10,20240624
S10/20240624/00010,4,TAX,1,63.90,TAX,1719239223,S10,20240624
S10/20240624/00010,5,TENDER,1,1126.54,TENDER,1719239223,S10,20240624
S10/20240624/00011,1,P104435,3,435.11,SALE,1719237535,S10,20240624
S10/20240624/00011,2,P104872,2,132.95,SALE,1719237535,S10,20240624
S10/20240624/00011,3,P108144,3,253.94,SALE,1719237535,S10,20240624
S10/20240624/00011,4,TAX,1,279.97,TAX,1719237535,S10,20240624
S10/20240624/00011,5,TENDER,1,2613.02,TENDER,1719237535,S10,20240624
S10/20240624/00012,1,P107639,1,128.49,SALE,1719268461,S10,20240624
S10/20240624/00012,2,P102821,1,1356.95,SALE,1719268461,S10,20240624
S10/20240624/00012,3,P104032,2,568.95,SALE,1719268461,S10,20240624
S10/20240624/00012,4,P105331,2,308.39,SALE,1719268461,S10,20240624
S10/20240624/00012,5,TAX,1,251.08,TAX,1719268461,S10,20240624
S10/20240624/00012,6,TENDER,1,3491.20,TENDER,1719268461,S10,20240624
S10/20240624/00013,1,P104902,2,445.79,SALE,1719272087,S10,20240624
S10/20240624/00013,2,P105075,1,49.58,SALE,1719272087,S10,20240624
S10/20240624/00013,3,P101955,3,356.95,SALE,1719272087,S10,20240624
S10/20240624/00013,4,P107449,1,1495.62,SALE,1719272087,S10,20240624
S10/20240624/00013,5,P102202,4,184.86,SALE,1719272087,S10,20240624
S10/20240624/00013,6,TAX,1,674.74,TAX,1719272087,S10,20240624
S10/20240624/00013,7,TENDER,1,4921.81,TENDER,1719272087,S10,20240624
S10/20240624/00014,1,P103050,3,569.48,SALE,1719240897,S10,20240624
S10/20240624/00014,2,P105280,3,220.35,SALE,1719240897,S10,20240624
S10/20240624/00014,3,P108216,1,69.70,SALE,1719240897,S10,20240624
S10/20240624/00014,4,P103552,5,120.81,SALE,1719240897,S10,20240624
S10/20240624/00014,5,P104032,2,568.95,SALE,1719240897,S10,20240624
S10/20240624/00014,6,TAX,1,241.36,TAX,1719240897,S10,20240624
S10/20240624/00014,7,TENDER,1,4422.50,TENDER,1719240897,S10,20240624
S10/20240624/00015,1,P101949,4,857.51,SALE,1719229196,S10,20240624
S10/20240624/00015,2,P108017,4,103.22,SALE,1719229196,S10,20240624
S10/20240624/00015,3,P107047,2,413.27,SALE,1719229196,S10,20240624
S10/20240624/00015,4,P100035,1,1810.38,SALE,1719229196,S10,20240624
S10/20240624/00015,5,P101458,4,1309.22,SALE,1719229196,S10,20240624
S10/20240624/00015,6,P102471,3,137.95,SALE,1719229196,S10,20240624
S10/20240624/00015,7,TAX,1,562.43,TAX,1719229196,S10,20240624
S10/20240624/00015,8,TENDER,1,12693.00,TENDER,1719229196,S10,20240624
S10/20240624/00016,1,P101500,2,330.53,SALE,1719264126,S10,20240624
S10/20240624/00016,2,P105418,3,243.05,SALE,1719264126,S10,20240624
S10/20240624/00016,3,P102023,2,425.67,SALE,1719264126,S10,20240624
S10/20240624/00016,4,P103129,3,79.05,SALE,1719264126,S10,20240624
S10/20240624/00016,5,P101190,1,84.60,SALE,1719264126,S10,20240624
S10/20240624/00016,6,TAX,1,291.32,TAX,1719264126,S10,20240624
S10/20240624/00016,7,TENDER,1,2854.62,TENDER,1719264126,S10,20240624
S10/20240624/00017,1,P103299,1,220.95,SALE,1719252686,S10,20240624
S10/20240624/00017,2,P108262,2,592.59,SALE,1719252686,S10,20240624
S10/20240624/00017,3,P103986,4,495.05,SALE,1719252686,S10,20240624
S10/20240624/00017,4,P102975,2,226.32,SALE,1719252686,S10,20240624
S10/20240624/00017,5,DISC,1,-277.27,DISCOUNT,1719252686,S10,20240624
S10/20240624/00017,6,TAX,1,641.11,TAX,1719252686,S10,20240624
S10/20240624/00017,7,TENDER,1,4202.81,TENDER,1719252686,S10,20240624
S10/20240624/00018,1,P104883,1,342.92,SALE,1719232125,S10,20240624
S10/20240624/00018,2,P105868,4,68.91,SALE,1719232125,S10,20240624
S10/20240624/00018,3,P105394,1,335.45,SALE,1719232125,S10,20240624
S10/20240624/00018,4,TAX,1,91.31,TAX,1719232125,S10,20240624
S10/20240624/00018,5,TENDER,1,1045.32,TENDER,1719232125,S10,20240624
S10/20240624/00019,1,P100438,3,64.40,SALE,1719239032,S10,20240624
S10/20240624/00019,2,P104700,1,1425.82,SALE,1719239032,S10,20240624
S10/20240624/00019,3,P108258,2,54.62,SALE,1719239032,S10,20240624
S10/20240624/00019,4,P107231,1,1193.22,SALE,1719239032,S10,20240624
S10/20240624/00019,5,TAX,1,29.32,TAX,1719239032,S10,20240624
S10/20240624/00019,6,TENDER,1,2950.80,TENDER,1719239032,S10,20240624
S10/20240624/00020,1,P103435,1,443.24,SALE,1719222586,S10,20240624
S10/20240624/00020,2,P103530,3,427.69,SALE,1719222586,S10,20240624
S10/20240624/00020,3,P105651,3,110.95,SALE,1719222586,S10,20240624
S10/20240624/00020,4,P108346,1,478.23,SALE,1719222586,S10,20240624
S10/20240624/00020,5,TAX,1,394.56,TAX,1719222586,S10,20240624
S10/20240624/00020,6,TENDER,1,2931.95,TENDER,1719222586,S10,20240624
S10/20240624/00021,1,P102849,4,641.17,SALE,1719262446,S10,20240624
S10/20240624/00021,2,P107784,3,245.59,SALE,1719262446,S10,20240624
S10/20240624/00021,3,P107795,2,286.95,SALE,1719262446,S10,20240624
S10/20240624/00021,4,P102849,-4,641.17,VOID,1719262446,S10,20240624
S10/20240624/00021,5,P107784,-3,245.59,VOID,1719262446,S10,20240624
S10/20240624/00021,6,P107795,-2,286.95,VOID,1719262446,S10,20240624
S10/20240624/00021,7,TAX,1,0.00,TAX,1719262446,S10,20240624
S10/20240624/00021,8,TENDER,1,0.00,TENDER,1719262446,S10,20240624
S10/20240624/00022,1,P103994,1,148.39,SALE,1719223134,S10,20240624
S10/20240624/00022,2,TAX,1,0.00,TAX,1719223134,S10,20240624
S10/20240624/00022,3,TENDER,1,148.39,TENDER,1719223134,S10,20240624
S10/20240624/00023,1,P103364,1,114.95,SALE,1719232890,S10,20240624
S10/20240624/00023,2,P103090,2,805.95,SALE,1719232890,S10,20240624
S10/20240624/00023,3,P106639,4,415.94,SALE,1719232890,S10,20240624
S10/20240624/00023,4,P105479,2,237.28,SALE,1719232890,S10,20240624
S10/20240624/00023,5,TAX,1,337.19,TAX,1719232890,S10,20240624
S10/20240624/00023,6,TENDER,1,4202.36,TENDER,1719232890,S10,20240624
S10/20240624/00024,1,P104439,2,109.14,SALE,1719257307,S10,20240624
S10/20240624/00024,2,P103668,1,1530.18,SALE,1719257307,S10,20240624
S10/20240624/00024,3,P107555,1,1314.43,SALE,1719257307,S10,20240624
S10/20240624/00024,4,P102903,1,51.46,SALE,1719257307,S10,20240624
S10/20240624/00024,5,TAX,1,125.06,TAX,1719257307,S10,20240624
S10/20240624/00024,6,TENDER,1,3239.41,TENDER,1719257307,S10,20240624
S10/20240624/00025,1,P104011,2,657.72,SALE,1719265125,S10,20240624
S10/20240624/00025,2,P105209,4,399.92,SALE,1719265125,S10,20240624
S10/20240624/00025,3,P103197,1,292.95,SALE,1719265125,S10,20240624
S10/20240624/00025,4,P102485,2,202.08,SALE,1719265125,S10,20240624
S10/20240624/00025,5,TAX,1,409.08,TAX,1719265125,S10,20240624
S10/20240624/00025,6,TENDER,1,4021.31,TENDER,1719265125,S10,20240624
S10/20240624/00026,1,P107502,1,311.85,SALE,1719253679,S10,20240624
S10/20240624/00026,2,P102945,2,43.42,SALE,1719253679,S10,20240624
S10/20240624/00026,3,P102465,4,1410.14,SALE,1719253679,S10,20240624
S10/20240624/00026,4,P102982,2,263.07,SALE,1719253679,S10,20240624
S10/20240624/00026,5,TAX,1,448.50,TAX,1719253679,S10,20240624
S10/20240624/00026,6,TENDER,1,7013.89,TENDER,1719253679,S10,20240624
S10/20240624/00027,1,P101722,4,1331.86,SALE,1719242503,S10,20240624
S10/20240624/00027,2,P106948,3,172.25,SALE,1719242503,S10,20240624
S10/20240624/00027,3,P103886,4,302.49,SALE,1719242503,S10,20240624
S10/20240624/00027,4,P106735,3,295.31,SALE,1719242503,S10,20240624
S10/20240624/00027,5,DISC,1,-251.89,DISCOUNT,1719242503,S10,20240624
S10/20240624/00027,6,TAX,1,437.35,TAX,1719242503,S10,20240624
S10/20240624/00027,7,TENDER,1,8125.54,TENDER,1719242503,S10,20240624
S10/20240624/00028,1,P100298,2,53.95,SALE,1719245357,S10,20240624
S10/20240624/00028,2,P105695,1,158.81,SALE,1719245357,S10,20240624
S10/20240624/00028,3,P104625,1,265.44,SALE,1719245357,S10,20240624
S10/20240624/00028,4,TAX,1,13.34,TAX,1719245357,S10,20240624
S10/20240624/00028,5,TENDER,1,545.49,TENDER,1719245357,S10,20240624
S10/20240624/00029,1,P103766,2,191.95,SALE,1719249678,S10,20240624
S10/20240624/00029,2,P101789,1,336.02,SALE,1719249678,S10,20240624
S10/20240624/00029,3,P100560,2,176.85,SALE,1719249678,S10,20240624
S10/20240624/00029,4,P107495,2,387.50,SALE,1719249678,S10,20240624
S10/20240624/00029,5,P100224,3,78.05,SALE,1719249678,S10,20240624
S10/20240624/00029,6,P107435,3,549.51,SALE,1719249678,S10,20240624
S10/20240624/00029,7,TAX,1,479.88,TAX,1719249678,S10,20240624
S10/20240624/00029,8,TENDER,1,4211.18,TENDER,1719249678,S10,20240624
S10/20240624/00030,1,P108369,1,318.67,SALE,1719238709,S10,20240624
S10/20240624/00030,2,P102714,2,80.41,SALE,1719238709,S10,20240624
S10/20240624/00030,3,P102695,1,1259.21,SALE,1719238709,S10,20240624
S10/20240624/00030,4,TAX,1,227.76,TAX,1719238709,S10,20240624
S10/20240624/00030,5,TENDER,1,1966.46,TENDER,1719238709,S10,20240624
S10/20240624/00031,1,P106927,2,140.95,SALE,1719238471,S10,20240624
S10/20240624/00031,2,P101470,2,172.36,SALE,1719238471,S10,20240624
S10/20240624/00031,3,P101842,4,210.53,SALE,1719238471,S10,20240624
S10/20240624/00031,4,P104439,2,109.14,SALE,1719238471,S10,20240624
S10/20240624/00031,5,P107217,1,279.38,SALE,1719238471,S10,20240624
S10/20240624/00031,6,P108001,1,87.00,SALE,1719238471,S10,20240624
S10/20240624/00031,7,P106865,1,299.72,SALE,1719238471,S10,20240624
S10/20240624/00031,8,TAX,1,182.97,TAX,1719238471,S10,20240624
S10/20240624/00031,9,TENDER,1,2536.09,TENDER,1719238471,S10,20240624
S10/20240624/00032,1,P108216,1,69.70,SALE,1719252682,S10,20240624
S10/20240624/00032,2,P101740,3,855.00,SALE,1719252682,S10,20240624
S10/20240624/00032,3,P103629,2,57.95,SALE,1719252682,S10,20240624
S10/20240624/00032,4,TAX,1,24.35,TAX,1719252682,S10,20240624
S10/20240624/00032,5,TENDER,1,2774.95,TENDER,1719252682,S10,20240624
S10/20240624/00033,1,P102814,2,543.50,SALE,1719243992,S10,20240624
S10/20240624/00033,2,P100767,4,269.95,SALE,1719243992,S10,20240624
S10/20240624/00033,3,TAX,1,183.93,TAX,1719243992,S10,20240624
S10/20240624/00033,4,TENDER,1,2350.73,TENDER,1719243992,S10,20240624
S10/20240624/00034,1,P101037,3,537.96,SALE,1719239215,S10,20240624
S10/20240624/00034,2,P104844,3,553.13,SALE,1719239215,S10,20240624
S10/20240624/00034,3,P105672,2,62.95,SALE,1719239215,S10,20240624
S10/20240624/00034,4,DISC,1,-280.49,DISCOUNT,1719239215,S10,20240624
S10/20240624/00034,5,TAX,1,342.65,TAX,1719239215,S10,20240624
S10/20240624/00034,6,TENDER,1,3461.33,TENDER,1719239215,S10,20240624
S10/20240624/00035,1,P100479,2,342.53,SALE,1719251261,S10,20240624
S10/20240624/00035,2,P105594,2,317.30,SALE,1719251261,S10,20240624
S10/20240624/00035,3,P107197,2,669.72,SALE,1719251261,S10,20240624
S10/20240624/00035,4,P100819,2,1203.94,SALE,1719251261,S10,20240624
S10/20240624/00035,5,P106209,1,182.34,SALE,1719251261,S10,20240624
S10/20240624/00035,6,P104975,1,496.12,SALE,1719251261,S10,20240624
S10/20240624/00035,7,TAX,1,421.34,TAX,1719251261,S10,20240624
S10/20240624/00035,8,TENDER,1,6166.78,TENDER,1719251261,S10,20240624
S10/20240624/00036,1,P106731,1,142.59,SALE,1719246018,S10,20240624
S10/20240624/00036,2,P101106,1,542.84,SALE,1719246018,S10,20240624
S10/20240624/00036,3,P101311,1,481.74,SALE,1719246018,S10,20240624
S10/20240624/00036,4,TAX,1,51.23,TAX,1719246018,S10,20240624
S10/20240624/00036,5,TENDER,1,1218.40,TENDER,1719246018,S10,20240624
S10/20240624/00037,1,P105145,3,763.65,SALE,1719246992,S10,20240624
S10/20240624/00037,2,P105294,4,126.15,SALE,1719246992,S10,20240624
S10/20240624/00037,3,P104980,1,73.54,SALE,1719246992,S10,20240624
S10/20240624/00037,4,P104567,3,141.21,SALE,1719246992,S10,20240624
S10/20240624/00037,5,P102718,2,306.66,SALE,1719246992,S10,20240624
S10/20240624/00037,6,P104645,3,1052.62,SALE,1719246992,S10,20240624
S10/20240624/00037,7,P103719,2,957.52,SALE,1719246992,S10,20240624
S10/20240624/00037,8,TAX,1,485.54,TAX,1719246992,S10,20240624
S10/20240624/00037,9,TENDER,1,9464.48,TENDER,1719246992,S10,20240624
S10/20240624/00038,1,P101090,4,24.06,SALE,1719240012,S10,20240624
S10/20240624/00038,2,P102755,3,68.95,SALE,1719240012,S10,20240624
S10/20240624/00038,3,P104956,3,133.95,SALE,1719240012,S10,20240624
S10/20240624/00038,4,P100855,2,345.07,SALE,1719240012,S10,20240624
S10/20240624/00038,5,P102480,2,198.67,SALE,1719240012,S10,20240624
S10/20240624/00038,6,P105923,4,242.95,SALE,1719240012,S10,20240624
S10/20240624/00038,7,TAX,1,292.68,TAX,1719240012,S10,20240624
S10/20240624/00038,8,TENDER,1,3056.90,TENDER,1719240012,S10,20240624
S10/20240624/00039,1,P106084,2,592.14,SALE,1719237769,S10,20240624
S10/20240624/00039,2,P106735,3,320.99,SALE,1719237769,S10,20240624
S10/20240624/00039,3,P102296,2,43.24,SALE,1719237769,S10,20240624
S10/20240624/00039,4,P100281,4,449.95,SALE,1719237769,S10,20240624
S10/20240624/00039,5,DISC,1,-374.34,DISCOUNT,1719237769,S10,20240624
S10/20240624/00039,6,TAX,1,306.73,TAX,1719237769,S10,20240624
S10/20240624/00039,7,TENDER,1,3965.92,TENDER,1719237769,S10,20240624
S10/20240624/00040,1,P107705,3,763.24,SALE,1719236169,S10,20240624
S10/20240624/00040,2,P102452,2,176.54,SALE,1719236169,S10,20240624
S10/20240624/00040,3,P103231,1,235.56,SALE,1719236169,S10,20240624
S10/20240624/00040,4,P104175,2,895.54,SALE,1719236169,S10,20240624
S10/20240624/00040,5,P100509,1,154.51,SALE,1719236169,S10,20240624
S10/20240624/00040,6,TAX,1,311.92,TAX,1719236169,S10,20240624
S10/20240624/00040,7,TENDER,1,5135.87,TENDER,1719236169,S10,20240624
S10/20240624/00041,1,P100049,1,70.71,SALE,1719241475,S10,20240624
S10/20240624/00041,2,P102761,3,159.81,SALE,1719241475,S10,20240624
S10/20240624/00041,3,P106997,6,39.70,SALE,1719241475,S10,20240624
S10/20240624/00041,4,TAX,1,41.31,TAX,1719241475,S10,20240624
S10/20240624/00041,5,TENDER,1,829.65,TENDER,1719241475,S10,20240624
S10/20240624/00042,1,P102534,2,98.12,SALE,1719225694,S10,20240624
S10/20240624/00042,2,P104541,2,144.95,SALE,1719225694,S10,20240624
S10/20240624/00042,3,P106024,3,472.89,SALE,1719225694,S10,20240624
S10/20240624/00042,4,P106323,2,218.99,SALE,1719225694,S10,20240624
S10/20240624/00042,5,P105219,4,701.93,SALE,1719225694,S10,20240624
S10/20240624/00042,6,TAX,1,832.47,TAX,1719225694,S10,20240624
S10/20240624/00042,7,TENDER,1,5982.98,TENDER,1719225694,S10,20240624
S10/20240624/00043,1,P101339,1,222.95,SALE,1719247441,S10,20240624
S10/20240624/00043,2,P101766,4,207.00,SALE,1719247441,S10,20240624
S10/20240624/00043,3,P104308,3,53.87,SALE,1719247441,S10,20240624
S10/20240624/00043,4,TAX,1,139.60,TAX,1719247441,S10,20240624
S10/20240624/00043,5,TENDER,1,1352.16,TENDER,1719247441,S10,20240624
S10/20240624/00044,1,P101543,1,178.10,SALE,1719273617,S10,20240624
S10/20240624/00044,2,P100375,1,163.45,SALE,1719273617,S10,20240624
S10/20240624/00044,3,P105155,3,317.12,SALE,1719273617,S10,20240624
S10/20240624/00044,4,P108090,3,130.88,SALE,1719273617,S10,20240624
S10/20240624/00044,5,P103273,2,342.67,SALE,1719273617,S10,20240624
S10/20240624/00044,6,TAX,1,189.67,TAX,1719273617,S10,20240624
S10/20240624/00044,7,TENDER,1,2560.56,TENDER,1719273617,S10,20240624
S10/20240624/00045,1,P103806,2,305.95,SALE,1719248162,S10,20240624
S10/20240624/00045,2,P100135,3,63.52,SALE,1719248162,S10,20240624
S10/20240624/00045,3,P102243,2,133.95,SALE,1719248162,S10,20240624
S10/20240624/00045,4,P108247,1,242.95,SALE,1719248162,S10,20240624
S10/20240624/00045,5,TAX,1,66.65,TAX,1719248162,S10,20240624
S10/20240624/00045,6,TENDER,1,1379.96,TENDER,1719248162,S10,20240624
S10/20240624/00046,1,P104756,4,334.95,SALE,1719241069,S10,20240624
S10/20240624/00046,2,P101064,3,33.84,SALE,1719241069,S10,20240624
S10/20240624/00046,3,P100999,3,161.56,SALE,1719241069,S10,20240624
S10/20240624/00046,4,P103389,3,251.95,SALE,1719241069,S10,20240624
S10/20240624/00046,5,TAX,1,315.10,TAX,1719241069,S10,20240624
S10/20240624/00046,6,TENDER,1,2996.95,TENDER,1719241069,S10,20240624
S10/20240624/00047,1,P104606,2,90.58,SALE,1719248805,S10,20240624
S10/20240624/00047,2,P100403,1,71.73,SALE,1719248805,S10,20240624
S10/20240624/00047,3,P104194,2,119.04,SALE,1719248805,S10,20240624
S10/20240624/00047,4,P104469,3,1548.25,SALE,1719248805,S10,20240624
S10/20240624/00047,5,P107242,2,589.95,SALE,1719248805,S10,20240624
S10/20240624/00047,6,P100305,1,771.81,SALE,1719248805,S10,20240624
S10/20240624/00047,7,P107973,3,271.34,SALE,1719248805,S10,20240624
S10/20240624/00047,8,P106330,2,199.12,SALE,1719248805,S10,20240624
S10/20240624/00047,9,TAX,1,801.95,TAX,1719248805,S10,20240624
S10/20240624/00047,10,TENDER,1,9101.64,TENDER,1719248805,S10,20240624
S10/20240624/00048,1,P108397,2,303.19,SALE,1719259199,S10,20240624
S10/20240624/00048,2,P106080,2,361.06,SALE,1719259199,S10,20240624
S10/20240624/00048,3,P108247,2,242.95,SALE,1719259199,S10,20240624
S10/20240624/00048,4,P105827,3,96.95,SALE,1719259199,S10,20240624
S10/20240624/00048,5,P104944,2,46.58,SALE,1719259199,S10,20240624
S10/20240624/00048,6,P105490,2,154.49,SALE,1719259199,S10,20240624
S10/20240624/00048,7,TAX,1,333.81,TAX,1719259199,S10,20240624
S10/20240624/00048,8,TENDER,1,2841.20,TENDER,1719259199,S10,20240624
S10/20240624/00049,1,P104558,4,429.56,SALE,1719230932,S10,20240624
S10/20240624/00049,2,P107973,2,271.34,SALE,1719230932,S10,20240624
S10/20240624/00049,3,P106534,2,87.55,SALE,1719230932,S10,20240624
S10/20240624/00049,4,TAX,1,264.84,TAX,1719230932,S10,20240624
S10/20240624/00049,5,TENDER,1,2700.86,TENDER,1719230932,S10,20240624
S10/20240625/00001,1,P104898,1,161.27,SALE,1719344392,S10,20240625
S10/20240625/00001,2,P100298,4,53.95,SALE,1719344392,S10,20240625
S10/20240625/00001,3,P107743,1,206.95,SALE,1719344392,S10,20240625
S10/20240625/00001,4,P104236,2,289.43,SALE,1719344392,S10,20240625
S10/20240625/00001,5,TAX,1,147.88,TAX,1719344392,S10,20240625
S10/20240625/00001,6,TENDER,1,1310.76,TENDER,1719344392,S10,20240625
S10/20240625/00002,1,P102857,3,116.85,SALE,1719331298,S10,20240625
S10/20240625/00002,2,P105252,3,10.57,SALE,1719331298,S10,20240625
S10/20240625/00002,3,P102691,1,219.72,SALE,1719331298,S10,20240625
S10/20240625/00002,4,P103197,3,292.95,SALE,1719331298,S10,20240625
S10/20240625/00002,5,DISC,1,-89.81,DISCOUNT,1719331298,S10,20240625
S10/20240625/00002,6,TAX,1,174.02,TAX,1719331298,S10,20240625
S10/20240625/00002,7,TENDER,1,1565.04,TENDER,1719331298,S10,20240625
S10/20240625/00003,1,P105707,2,130.64,SALE,1719331987,S10,20240625
S10/20240625/00003,2,P102794,3,416.24,SALE,1719331987,S10,20240625
S10/20240625/00003,3,P106920,2,1398.34,SALE,1719331987,S10,20240625
S10/20240625/00003,4,P104058,1,351.54,SALE,1719331987,S10,20240625
S10/20240625/00003,5,P105288,2,271.73,SALE,1719331987,S10,20240625
S10/20240625/00003,6,P105035,3,158.77,SALE,1719331987,S10,20240625
S10/20240625/00003,7,P105757,2,248.44,SALE,1719331987,S10,20240625
S10/20240625/00003,8,TAX,1,119.47,TAX,1719331987,S10,20240625
S10/20240625/00003,9,TENDER,1,6294.34,TENDER,1719331987,S10,20240625
S10/20240625/00004,1,P107163,3,187.11,SALE,1719337063,S10,20240625
S10/20240625/00004,2,P107536,2,1495.35,SALE,1719337063,S10,20240625
S10/20240625/00004,3,P105784,1,116.81,SALE,1719337063,S10,20240625
S10/20240625/00004,4,TAX,1,28.07,TAX,1719337063,S10,20240625
S10/20240625/00004,5,TENDER,1,3696.91,TENDER,1719337063,S10,20240625
S10/20240625/00005,1,P101874,2,19.95,SALE,1719324250,S10,20240625
S10/20240625/00005,2,P103620,3,468.18,SALE,1719324250,S10,20240625
S10/20240625/00005,3,P107215,2,153.85,SALE,1719324250,S10,20240625
S10/20240625/00005,4,P105547,1,406.95,SALE,1719324250,S10,20240625
S10/20240625/00005,5,P105553,1,764.76,SALE,1719324250,S10,20240625
S10/20240625/00005,6,P107115,2,172.62,SALE,1719324250,S10,20240625
S10/20240625/00005,7,DISC,1,-288.00,DISCOUNT,1719324250,S10,20240625
S10/20240625/00005,8,TAX,1,177.63,TAX,1719324250,S10,20240625
S10/20240625/00005,9,TENDER,1,3158.72,TENDER,1719324250,S10,20240625
S10/20240625/00006,1,P102193,1,343.13,SALE,1719333118,S10,20240625
S10/20240625/00006,2,P100140,2,62.18,SALE,1719333118,S10,20240625
S10/20240625/00006,3,P108262,1,592.59,SALE,1719333118,S10,20240625
S10/20240625/00006,4,P101982,3,366.95,SALE,1719333118,S10,20240625
S10/20240625/00006,5,TAX,1,388.97,TAX,1719333118,S10,20240625
S10/20240625/00006,6,TENDER,1,2549.90,TENDER,1719333118,S10,20240625
S10/20240625/00007,1,P100086,1,88.95,SALE,1719321988,S10,20240625
S10/20240625/00007,2,P105988,1,29.57,SALE,1719321988,S10,20240625
S10/20240625/00007,3,P106659,1,88.95,SALE,1719321988,S10,20240625
S10/20240625/00007,4,TAX,1,16.60,TAX,1719321988,S10,20240625
S10/20240625/00007,5,TENDER,1,224.07,TENDER,1719321988,S10,20240625
S10/20240625/00008,1,P101052,1,198.99,SALE,1719324135,S10,20240625
S10/20240625/00008,2,P101923,1,484.95,SALE,1719324135,S10,20240625
S10/20240625/00008,3,P108026,2,103.54,SALE,1719324135,S10,20240625
S10/20240625/00008,4,P107422,1,193.56,SALE,1719324135,S10,20240625
S10/20240625/00008,5,P104334,2,294.34,SALE,1719324135,S10,20240625
S10/20240625/00008,6,P105227,2,257.52,SALE,1719324135,S10,20240625
S10/20240625/00008,7,TAX,1,261.30,TAX,1719324135,S10,20240625
S10/20240625/00008,8,TENDER,1,2449.60,TENDER,1719324135,S10,20240625
S10/20240625/00009,1,P107393,2,413.99,SALE,1719335305,S10,20240625
S10/20240625/00009,2,P106221,1,31.65,SALE,1719335305,S10,20240625
S10/20240625/00009,3,P103637,1,338.13,SALE,1719335305,S10,20240625
S10/20240625/00009,4,P100483,2,933.37,SALE,1719335305,S10,20240625
S10/20240625/00009,5,DISC,1,-227.25,DISCOUNT,1719335305,S10,20240625
S10/20240625/00009,6,TAX,1,153.61,TAX,1719335305,S10,20240625
S10/20240625/00009,7,TENDER,1,2990.86,TENDER,1719335305,S10,20240625
S10/20240625/00010,1,P103816,1,209.63,SALE,1719321599,S10,20240625
S10/20240625/00010,2,P100717,2,505.95,SALE,1719321599,S10,20240625
S10/20240625/00010,3,P100224,1,78.05,SALE,1719321599,S10,20240625
S10/20240625/00010,4,TAX,1,223.78,TAX,1719321599,S10,20240625
S10/20240625/00010,5,TENDER,1,1523.36,TENDER,1719321599,S10,20240625
S10/20240625/00011,1,P101982,1,366.95,SALE,1719334807,S10,20240625
S10/20240625/00011,2,P101208,2,521.19,SALE,1719334807,S10,20240625
S10/20240625/00011,3,P104625,3,265.44,SALE,1719334807,S10,20240625
S10/20240625/00011,4,P100403,2,71.73,SALE,1719334807,S10,20240625
S10/20240625/00011,5,TAX,1,83.27,TAX,1719334807,S10,20240625
S10/20240625/00011,6,TENDER,1,2432.38,TENDER,1719334807,S10,20240625
S10/20240625/00012,1,P107807,1,118.66,SALE,1719333489,S10,20240625
S10/20240625/00012,2,P107327,1,1146.95,SALE,1719333489,S10,20240625
S10/20240625/00012,3,P103530,3,427.69,SALE,1719333489,S10,20240625
S10/20240625/00012,4,TAX,1,236.89,TAX,1719333489,S10,20240625
S10/20240625/00012,5,TENDER,1,2785.57,TENDER,1719333489,S10,20240625
S10/20240625/00013,1,P105570,2,345.21,SALE,1719329755,S10,20240625
S10/20240625/00013,2,P104921,4,421.02,SALE,1719329755,S10,20240625
S10/20240625/00013,3,P107362,2,62.10,SALE,1719329755,S10,20240625
S10/20240625/00013,4,P102280,1,611.53,SALE,1719329755,S10,20240625
S10/20240625/00013,5,P105198,3,15.39,SALE,1719329755,S10,20240625
S10/20240625/00013,6,P101064,2,33.84,SALE,1719329755,S10,20240625
S10/20240625/00013,7,TAX,1,487.81,TAX,1719329755,S10,20240625
S10/20240625/00013,8,TENDER,1,3711.89,TENDER,1719329755,S10,20240625
S10/20240625/00014,1,P100499,2,234.95,SALE,1719334753,S10,20240625
S10/20240625/00014,2,P107100,4,171.95,SALE,1719334753,S10,20240625
S10/20240625/00014,3,P107246,3,313.74,SALE,1719334753,S10,20240625
S10/20240625/00014,4,TAX,1,308.34,TAX,1719334753,S10,20240625
S10/20240625/00014,5,TENDER,1,2407.26,TENDER,1719334753,S10,20240625
S10/20240625/00015,1,P101248,2,497.50,SALE,1719309834,S10,20240625
S10/20240625/00015,2,P107330,3,115.95,SALE,1719309834,S10,20240625
S10/20240625/00015,3,P107282,4,1189.20,SALE,1719309834,S10,20240625
S10/20240625/00015,4,P105860,2,674.13,SALE,1719309834,S10,20240625
S10/20240625/00015,5,P102074,2,415.90,SALE,1719309834,S10,20240625
S10/20240625/00015,6,P104517,2,1474.90,SALE,1719309834,S10,20240625
S10/20240625/00015,7,TAX,1,350.72,TAX,1719309834,S10,20240625
S10/20240625/00015,8,TENDER,1,11580.23,TENDER,1719309834,S10,20240625
S10/20240625/00016,1,P102761,3,171.22,SALE,1719332659,S10,20240625
S10/20240625/00016,2,P100933,3,257.95,SALE,1719332659,S10,20240625
S10/20240625/00016,3,P102811,4,199.15,SALE,1719332659,S10,20240625
S10/20240625/00016,4,P107400,3,274.90,SALE,1719332659,S10,20240625
S10/20240625/00016,5,TAX,1,327.57,TAX,1719332659,S10,20240625
S10/20240625/00016,6,TENDER,1,3236.38,TENDER,1719332659,S10,20240625
S10/20240625/00017,1,P104715,1,152.16,SALE,1719346512,S10,20240625
S10/20240625/00017,2,P104328,2,66.17,SALE,1719346512,S10,20240625
S10/20240625/00017,3,P107884,1,29.77,SALE,1719346512,S10,20240625
S10/20240625/00017,4,P102779,2,25.62,SALE,1719346512,S10,20240625
S10/20240625/00017,5,P100281,2,449.95,SALE,1719346512,S10,20240625
S10/20240625/00017,6,P106872,2,73.31,SALE,1719346512,S10,20240625
S10/20240625/00017,7,P104427,4,462.16,SALE,1719346512,S10,20240625
S10/20240625/00017,8,P102520,1,731.86,SALE,1719346512,S10,20240625
S10/20240625/00017,9,TAX,1,486.25,TAX,1719346512,S10,20240625
S10/20240625/00017,10,TENDER,1,4478.78,TENDER,1719346512,S10,20240625
S10/20240625/00018,1,P100921,4,441.43,SALE,1719346364,S10,20240625
S10/20240625/00018,2,P106228,3,43.95,SALE,1719346364,S10,20240625
S10/20240625/00018,3,P106651,1,855.95,SALE,1719346364,S10,20240625
S10/20240625/00018,4,P107449,2,1495.62,SALE,1719346364,S10,20240625
S10/20240625/00018,5,TAX,1,700.51,TAX,1719346364,S10,20240625
S10/20240625/00018,6,TENDER,1,6445.27,TENDER,1719346364,S10,20240625
S10/20240625/00019,1,P105827,4,96.95,SALE,1719325011,S10,20240625
S10/20240625/00019,2,P100991,1,173.46,SALE,1719325011,S10,20240625
S10/20240625/00019,3,P102549,3,139.23,SALE,1719325011,S10,20240625
S10/20240625/00019,4,P104160,3,258.87,SALE,1719325011,S10,20240625
S10/20240625/00019,5,TAX,1,28.06,TAX,1719325011,S10,20240625
S10/20240625/00019,6,TENDER,1,1783.62,TENDER,1719325011,S10,20240625
S10/20240625/00020,1,P103964,1,134.21,SALE,1719332036,S10,20240625
S10/20240625/00020,2,P105400,1,48.10,SALE,1719332036,S10,20240625
S10/20240625/00020,3,P107777,3,222.77,SALE,1719332036,S10,20240625
S10/20240625/00020,4,P106710,4,93.71,SALE,1719332036,S10,20240625
S10/20240625/00020,5,TAX,1,82.84,TAX,1719332036,S10,20240625
S10/20240625/00020,6,TENDER,1,1308.30,TENDER,1719332036,S10,20240625
S10/20240625/00021,1,P108097,4,83.76,SALE,1719345390,S10,20240625
S10/20240625/00021,2,P100717,2,505.95,SALE,1719345390,S10,20240625
S10/20240625/00021,3,P102814,1,543.50,SALE,1719345390,S10,20240625
S10/20240625/00021,4,P103855,3,322.11,SALE,1719345390,S10,20240625
S10/20240625/00021,5,P101732,3,1250.95,SALE,1719345390,S10,20240625
S10/20240625/00021,6,P101558,2,43.49,SALE,1719345390,S10,20240625
S10/20240625/00021,7,P102598,3,132.95,SALE,1719345390,S10,20240625
S10/20240625/00021,8,P103328,1,236.27,SALE,1719345390,S10,20240625
S10/20240625/00021,9,TAX,1,931.99,TAX,1719345390,S10,20240625
S10/20240625/00021,10,TENDER,1,8263.71,TENDER,1719345390,S10,20240625
S10/20240625/00022,1,P105594,2,317.30,SALE,1719340751,S10,20240625
S10/20240625/00022,2,P100255,3,1250.31,SALE,1719340751,S10,20240625
S10/20240625/00022,3,P104485,3,643.04,SALE,1719340751,S10,20240625
S10/20240625/00022,4,P105553,1,764.76,SALE,1719340751,S10,20240625
S10/20240625/00022,5,TAX,1,586.96,TAX,1719340751,S10,20240625
S10/20240625/00022,6,TENDER,1,7666.37,TENDER,1719340751,S10,20240625
S10/20240625/00023,1,P107053,2,524.95,SALE,1719326166,S10,20240625
S10/20240625/00023,2,P100819,3,1203.94,SALE,1719326166,S10,20240625
S10/20240625/00023,3,P104251,2,79.68,SALE,1719326166,S10,20240625
S10/20240625/00023,4,TAX,1,81.18,TAX,1719326166,S10,20240625
S10/20240625/00023,5,TENDER,1,4902.26,TENDER,1719326166,S10,20240625
S10/20240625/00024,1,P106382,3,81.60,SALE,1719311904,S10,20240625
S10/20240625/00024,2,P101747,1,245.75,SALE,1719311904,S10,20240625
S10/20240625/00024,3,P107435,3,549.51,SALE,1719311904,S10,20240625
S10/20240625/00024,4,P101305,2,101.62,SALE,1719311904,S10,20240625
S10/20240625/00024,5,P105570,2,345.21,SALE,1719311904,S10,20240625
S10/20240625/00024,6,P105106,2,98.60,SALE,1719311904,S10,20240625
S10/20240625/00024,7,TAX,1,415.62,TAX,1719311904,S10,20240625
S10/20240625/00024,8,TENDER,1,3645.56,TENDER,1719311904,S10,20240625
S10/20240625/00025,1,P103178,2,21.21,SALE,1719358104,S10,20240625
S10/20240625/00025,2,P102814,2,543.50,SALE,1719358104,S10,20240625
S10/20240625/00025,3,TAX,1,61.99,TAX,1719358104,S10,20240625
S10/20240625/00025,4,TENDER,1,1191.41,TENDER,1719358104,S10,20240625
S10/20240625/00026,1,P106934,1,1554.16,SALE,1719332873,S10,20240625
S10/20240625/00026,2,P107100,1,171.95,SALE,1719332873,S10,20240625
S10/20240625/00026,3,P107863,2,489.79,SALE,1719332873,S10,20240625
S10/20240625/00026,4,P105507,1,20.17,SALE,1719332873,S10,20240625
S10/20240625/00026,5,P105815,2,320.65,SALE,1719332873,S10,20240625
S10/20240625/00026,6,P100276,3,965.56,SALE,1719332873,S10,20240625
S10/20240625/00026,7,TAX,1,418.75,TAX,1719332873,S10,20240625
S10/20240625/00026,8,TENDER,1,6682.59,TENDER,1719332873,S10,20240625
S10/20240625/00027,1,P104617,6,107.09,SALE,1719331901,S10,20240625
S10/20240625/00027,2,P100354,1,182.63,SALE,1719331901,S10,20240625
S10/20240625/00027,3,P103958,6,30.95,SALE,1719331901,S10,20240625
S10/20240625/00027,4,P104194,2,119.04,SALE,1719331901,S10,20240625
S10/20240625/00027,5,TAX,1,213.85,TAX,1719331901,S10,20240625
S10/20240625/00027,6,TENDER,1,1462.80,TENDER,1719331901,S10,20240625
S10/20240625/00028,1,P102868,2,471.29,SALE,1719355581,S10,20240625
S10/20240625/00028,2,P102975,2,226.32,SALE,1719355581,S10,20240625
S10/20240625/00028,3,P106624,3,103.58,SALE,1719355581,S10,20240625
S10/20240625/00028,4,P105547,2,406.95,SALE,1719355581,S10,20240625
S10/20240625/00028,5,P103757,2,147.98,SALE,1719355581,S10,20240625
S10/20240625/00028,6,P107784,3,245.59,SALE,1719355581,S10,20240625
S10/20240625/00028,7,TAX,1,452.02,TAX,1719355581,S10,20240625
S10/20240625/00028,8,TENDER,1,4004.61,TENDER,1719355581,S10,20240625
S10/20240625/00029,1,P102175,4,191.56,SALE,1719329066,S10,20240625
S10/20240625/00029,2,P102982,2,263.07,SALE,1719329066,S10,20240625
S10/20240625/00029,3,P104606,4,90.58,SALE,1719329066,S10,20240625
S10/20240625/00029,4,TAX,1,138.18,TAX,1719329066,S10,20240625
S10/20240625/00029,5,TENDER,1,1792.88,TENDER,1719329066,S10,20240625
S10/20240625/00030,1,P101884,3,352.98,SALE,1719347887,S10,20240625
S10/20240625/00030,2,P107536,1,1495.35,SALE,1719347887,S10,20240625
S10/20240625/00030,3,P101507,1,635.95,SALE,1719347887,S10,20240625
S10/20240625/00030,4,P105971,3,1150.46,SALE,1719347887,S10,20240625
S10/20240625/00030,5,TAX,1,331.44,TAX,1719347887,S10,20240625
S10/20240625/00030,6,TENDER,1,6973.06,TENDER,1719347887,S10,20240625
S10/20240625/00031,1,P107292,2,324.95,SALE,1719324748,S10,20240625
S10/20240625/00031,2,P101454,2,130.95,SALE,1719324748,S10,20240625
S10/20240625/00031,3,P102755,1,68.95,SALE,1719324748,S10,20240625
S10/20240625/00031,4,P102664,7,256.95,SALE,1719324748,S10,20240625
S10/20240625/00031,5,TAX,1,436.62,TAX,1719324748,S10,20240625
S10/20240625/00031,6,TENDER,1,3216.02,TENDER,1719324748,S10,20240625
S10/20240625/00032,1,P101599,3,417.76,SALE,1719328791,S10,20240625
S10/20240625/00032,2,P108159,5,488.81,SALE,1719328791,S10,20240625
S10/20240625/00032,3,P104089,2,335.03,SALE,1719328791,S10,20240625
S10/20240625/00032,4,P100791,1,40.18,SALE,1719328791,S10,20240625
S10/20240625/00032,5,DISC,1,-325.27,DISCOUNT,1719328791,S10,20240625
S10/20240625/00032,6,TAX,1,322.51,TAX,1719328791,S10,20240625
S10/20240625/00032,7,TENDER,1,4404.81,TENDER,1719328791,S10,20240625
S10/20240625/00033,1,P103785,2,491.90,SALE,1719322476,S10,20240625
S10/20240625/00033,2,P103647,2,42.17,SALE,1719322476,S10,20240625
S10/20240625/00033,3,P108149,1,985.90,SALE,1719322476,S10,20240625
S10/20240625/00033,4,P105201,3,331.23,SALE,1719322476,S10,20240625
S10/20240625/00033,5,TAX,1,167.74,TAX,1719322476,S10,20240625
S10/20240625/00033,6,TENDER,1,3215.47,TENDER,1719322476,S10,20240625
S10/20240625/00034,1,P101570,1,288.76,SALE,1719351181,S10,20240625
S10/20240625/00034,2,P105575,2,475.41,SALE,1719351181,S10,20240625
S10/20240625/00034,3,P100453,2,195.74,SALE,1719351181,S10,20240625
S10/20240625/00034,4,P103465,1,27.30,SALE,1719351181,S10,20240625
S10/20240625/00034,5,P104526,4,340.46,SALE,1719351181,S10,20240625
S10/20240625/00034,6,P101465,2,550.58,SALE,1719351181,S10,20240625
S10/20240625/00034,7,P100421,2,121.56,SALE,1719351181,S10,20240625
S10/20240625/00034,8,P104558,3,429.56,SALE,1719351181,S10,20240625
S10/20240625/00034,9,P102296,1,43.24,SALE,1719351181,S10,20240625
S10/20240625/00034,10,P104316,2,406.45,SALE,1719351181,S10,20240625
S10/20240625/00034,11,P108302,2,855.55,SALE,1719351181,S10,20240625
S10/20240625/00034,12,TAX,1,794.69,TAX,1719351181,S10,20240625
S10/20240625/00034,13,TENDER,1,9015.09,TENDER,1719351181,S10,20240625
S10/20240626/00001,1,P108082,2,236.40,SALE,1719427465,S10,20240626
S10/20240626/00001,2,P107662,2,330.01,SALE,1719427465,S10,20240626
S10/20240626/00001,3,P106282,1,420.65,SALE,1719427465,S10,20240626
S10/20240626/00001,4,TAX,1,279.62,TAX,1719427465,S10,20240626
S10/20240626/00001,5,TENDER,1,1833.09,TENDER,1719427465,S10,20240626
S10/20240626/00002,1,P107246,1,313.74,SALE,1719420483,S10,20240626
S10/20240626/00002,2,P105511,2,294.53,SALE,1719420483,S10,20240626
S10/20240626/00002,3,TAX,1,162.50,TAX,1719420483,S10,20240626
S10/20240626/00002,4,TENDER,1,1065.30,TENDER,1719420483,S10,20240626
S10/20240626/00003,1,P107362,1,62.10,SALE,1719431076,S10,20240626
S10/20240626/00003,2,P107226,2,86.90,SALE,1719431076,S10,20240626
S10/20240626/00003,3,P104487,4,388.90,SALE,1719431076,S10,20240626
S10/20240626/00003,4,P101827,5,139.26,SALE,1719431076,S10,20240626
S10/20240626/00003,5,P107078,2,111.95,SALE,1719431076,S10,20240626
S10/20240626/00003,6,P102353,4,139.83,SALE,1719431076,S10,20240626
S10/20240626/00003,7,P107686,1,347.22,SALE,1719431076,S10,20240626
S10/20240626/00003,8,P100066,1,251.22,SALE,1719431076,S10,20240626
S10/20240626/00003,9,P101018,1,136.50,SALE,1719431076,S10,20240626
S10/20240626/00003,10,P100298,4,53.95,SALE,1719431076,S10,20240626
S10/20240626/00003,11,TAX,1,410.42,TAX,1719431076,S10,20240626
S10/20240626/00003,12,TENDER,1,4632.18,TENDER,1719431076,S10,20240626
S10/20240626/00004,1,P100463,5,281.78,SALE,1719427883,S10,20240626
S10/20240626/00004,2,P103012,1,256.77,SALE,1719427883,S10,20240626
S10/20240626/00004,3,P100924,2,49.24,SALE,1719427883,S10,20240626
S10/20240626/00004,4,P102821,2,1356.95,SALE,1719427883,S10,20240626
S10/20240626/00004,5,P104784,4,370.89,SALE,1719427883,S10,20240626
S10/20240626/00004,6,P107549,1,47.87,SALE,1719427883,S10,20240626
S10/20240626/00004,7,TAX,1,404.25,TAX,1719427883,S10,20240626
S10/20240626/00004,8,TENDER,1,6413.73,TENDER,1719427883,S10,20240626
S10/20240626/00005,1,P104417,1,322.95,SALE,1719396702,S10,20240626
S10/20240626/00005,2,P101681,2,139.09,SALE,1719396702,S10,20240626
S10/20240626/00005,3,P104417,-1,322.95,VOID,1719396702,S10,20240626
S10/20240626/00005,4,P101681,-2,139.09,VOID,1719396702,S10,20240626
S10/20240626/00005,5,TAX,1,0.00,TAX,1719396702,S10,20240626
S10/20240626/00005,6,TENDER,1,0.00,TENDER,1719396702,S10,20240626
S10/20240626/00006,1,P100250,2,544.91,SALE,1719435324,S10,20240626
S10/20240626/00006,2,P106720,3,126.28,SALE,1719435324,S10,20240626
S10/20240626/00006,3,P106405,3,38.72,SALE,1719435324,S10,20240626
S10/20240626/00006,4,P105838,2,594.50,SALE,1719435324,S10,20240626
S10/20240626/00006,5,TAX,1,143.59,TAX,1719435324,S10,20240626
S10/20240626/00006,6,TENDER,1,2917.41,TENDER,1719435324,S10,20240626
S10/20240626/00007,1,P108326,1,473.88,SALE,1719406975,S10,20240626
S10/20240626/00007,2,P104270,2,984.70,SALE,1719406975,S10,20240626
S10/20240626/00007,3,P101101,2,74.25,SALE,1719406975,S10,20240626
S10/20240626/00007,4,P107472,2,60.81,SALE,1719406975,S10,20240626
S10/20240626/00007,5,P105729,3,68.08,SALE,1719406975,S10,20240626
S10/20240626/00007,6,TAX,1,216.00,TAX,1719406975,S10,20240626
S10/20240626/00007,7,TENDER,1,3133.64,TENDER,1719406975,S10,20240626
S10/20240626/00008,1,P102263,1,116.79,SALE,1719443471,S10,20240626
S10/20240626/00008,2,P104756,2,334.95,SALE,1719443471,S10,20240626
S10/20240626/00008,3,TAX,1,94.40,TAX,1719443471,S10,20240626
S10/20240626/00008,4,TENDER,1,881.09,TENDER,1719443471,S10,20240626
S10/20240626/00009,1,P101037,1,537.96,SALE,1719443985,S10,20240626
S10/20240626/00009,2,P105003,1,285.67,SALE,1719443985,S10,20240626
S10/20240626/00009,3,P107409,5,419.09,SALE,1719443985,S10,20240626
S10/20240626/00009,4,P107063,3,374.87,SALE,1719443985,S10,20240626
S10/20240626/00009,5,P101740,1,855.00,SALE,1719443985,S10,20240626
S10/20240626/00009,6,TAX,1,387.98,TAX,1719443985,S10,20240626
S10/20240626/00009,7,TENDER,1,5286.67,TENDER,1719443985,S10,20240626
S10/20240626/00010,1,P102931,1,185.66,SALE,1719401523,S10,20240626
S10/20240626/00010,2,P107354,2,205.43,SALE,1719401523,S10,20240626
S10/20240626/00010,3,P103680,3,210.26,SALE,1719401523,S10,20240626
S10/20240626/00010,4,P106877,1,1085.30,SALE,1719401523,S10,20240626
S10/20240626/00010,5,TAX,1,49.30,TAX,1719401523,S10,20240626
S10/20240626/00010,6,TENDER,1,2361.90,TENDER,1719401523,S10,20240626
S10/20240626/00011,1,P101292,1,380.75,SALE,1719405461,S10,20240626
S10/20240626/00011,2,P104944,3,46.58,SALE,1719405461,S10,20240626
S10/20240626/00011,3,TAX,1,44.19,TAX,1719405461,S10,20240626
S10/20240626/00011,4,TENDER,1,564.68,TENDER,1719405461,S10,20240626
S10/20240626/00012,1,P105918,2,294.44,SALE,1719405555,S10,20240626
S10/20240626/00012,2,P100198,2,156.66,SALE,1719405555,S10,20240626
S10/20240626/00012,3,P100438,5,64.40,SALE,1719405555,S10,20240626
S10/20240626/00012,4,P106317,4,485.55,SALE,1719405555,S10,20240626
S10/20240626/00012,5,P105603,1,202.29,SALE,1719405555,S10,20240626
S10/20240626/00012,6,TAX,1,407.24,TAX,1719405555,S10,20240626
S10/20240626/00012,7,TENDER,1,3775.93,TENDER,1719405555,S10,20240626
S10/20240626/00013,1,P103473,2,424.75,SALE,1719424027,S10,20240626
S10/20240626/00013,2,P103864,2,452.72,SALE,1719424027,S10,20240626
S10/20240626/00013,3,P101825,2,170.97,SALE,1719424027,S10,20240626
S10/20240626/00013,4,P106367,2,650.25,SALE,1719424027,S10,20240626
S10/20240626/00013,5,TAX,1,229.33,TAX,1719424027,S10,20240626
S10/20240626/00013,6,TENDER,1,3626.71,TENDER,1719424027,S10,20240626
S10/20240626/00014,1,P101213,2,232.84,SALE,1719441337,S10,20240626
S10/20240626/00014,2,P105695,1,158.81,SALE,1719441337,S10,20240626
S10/20240626/00014,3,P106239,3,803.36,SALE,1719441337,S10,20240626
S10/20240626/00014,4,P105901,1,73.95,SALE,1719441337,S10,20240626
S10/20240626/00014,5,TAX,1,100.64,TAX,1719441337,S10,20240626
S10/20240626/00014,6,TENDER,1,3209.16,TENDER,1719441337,S10,20240626
S10/20240626/00015,1,P101585,3,11.51,SALE,1719412706,S10,20240626
S10/20240626/00015,2,P101774,1,1154.33,SALE,1719412706,S10,20240626
S10/20240626/00015,3,P100582,5,159.72,SALE,1719412706,S10,20240626
S10/20240626/00015,4,P106512,2,418.86,SALE,1719412706,S10,20240626
S10/20240626/00015,5,P100428,2,122.83,SALE,1719412706,S10,20240626
S10/20240626/00015,6,DISC,1,-232.96,DISCOUNT,1719412706,S10,20240626
S10/20240626/00015,7,TAX,1,405.95,TAX,1719412706,S10,20240626
S10/20240626/00015,8,TENDER,1,3243.83,TENDER,1719412706,S10,20240626
S10/20240626/00016,1,P108067,1,640.50,SALE,1719418928,S10,20240626
S10/20240626/00016,2,P106773,1,371.20,SALE,1719418928,S10,20240626
S10/20240626/00016,3,P104219,1,249.74,SALE,1719418928,S10,20240626
S10/20240626/00016,4,P101454,3,130.95,SALE,1719418928,S10,20240626
S10/20240626/00016,5,P103382,2,196.46,SALE,1719418928,S10,20240626
S10/20240626/00016,6,TAX,1,163.57,TAX,1719418928,S10,20240626
S10/20240626/00016,7,TENDER,1,2210.78,TENDER,1719418928,S10,20240626
S10/20240626/00017,1,P103712,3,481.86,SALE,1719410611,S10,20240626
S10/20240626/00017,2,P107815,2,106.85,SALE,1719410611,S10,20240626
S10/20240626/00017,3,P106624,1,103.58,SALE,1719410611,S10,20240626
S10/20240626/00017,4,TAX,1,199.11,TAX,1719410611,S10,20240626
S10/20240626/00017,5,TENDER,1,1961.97,TENDER,1719410611,S10,20240626
S10/20240626/00018,1,P102963,1,365.76,SALE,1719420965,S10,20240626
S10/20240626/00018,2,P100428,2,122.83,SALE,1719420965,S10,20240626
S10/20240626/00018,3,P101955,4,356.95,SALE,1719420965,S10,20240626
S10/20240626/00018,4,P108335,2,165.51,SALE,1719420965,S10,20240626
S10/20240626/00018,5,P100035,3,1810.38,SALE,1719420965,S10,20240626
S10/20240626/00018,6,TAX,1,974.58,TAX,1719420965,S10,20240626
S10/20240626/00018,7,TENDER,1,8775.96,TENDER,1719420965,S10,20240626
S10/20240626/00019,1,P102151,3,1033.25,SALE,1719413178,S10,20240626
S10/20240626/00019,2,P101095,2,205.38,SALE,1719413178,S10,20240626
S10/20240626/00019,3,P105384,2,315.25,SALE,1719413178,S10,20240626
S10/20240626/00019,4,P108292,3,104.02,SALE,1719413178,S10,20240626
S10/20240626/00019,5,TAX,1,230.65,TAX,1719413178,S10,20240626
S10/20240626/00019,6,TENDER,1,4683.72,TENDER,1719413178,S10,20240626
S10/20240626/00020,1,P100956,2,421.98,SALE,1719419198,S10,20240626
S10/20240626/00020,2,P106703,3,76.37,SALE,1719419198,S10,20240626
S10/20240626/00020,3,TAX,1,53.65,TAX,1719419198,S10,20240626
S10/20240626/00020,4,TENDER,1,1126.72,TENDER,1719419198,S10,20240626
S10/20240626/00021,1,P102151,2,1033.25,SALE,1719445307,S10,20240626
S10/20240626/00021,2,P102067,2,181.50,SALE,1719445307,S10,20240626
S10/20240626/00021,3,P107759,4,229.95,SALE,1719445307,S10,20240626
S10/20240626/00021,4,P101626,2,1040.69,SALE,1719445307,S10,20240626
S10/20240626/00021,5,P104842,5,357.87,SALE,1719445307,S10,20240626
S10/20240626/00021,6,P103645,1,241.18,SALE,1719445307,S10,20240626
S10/20240626/00021,7,TAX,1,585.96,TAX,1719445307,S10,20240626
S10/20240626/00021,8,TENDER,1,8047.17,TENDER,1719445307,S10,20240626
S10/20240626/00022,1,P101010,1,71.39,SALE,1719410429,S10,20240626
S10/20240626/00022,2,P100528,3,623.32,SALE,1719410429,S10,20240626
S10/20240626/00022,3,P102656,4,176.92,SALE,1719410429,S10,20240626
S10/20240626/00022,4,TAX,1,43.95,TAX,1719410429,S10,20240626
S10/20240626/00022,5,TENDER,1,2692.98,TENDER,1719410429,S10,20240626
S10/20240626/00023,1,P102788,1,871.07,SALE,1719429761,S10,20240626
S10/20240626/00023,2,P106009,3,372.60,SALE,1719429761,S10,20240626
S10/20240626/00023,3,P101458,1,1309.22,SALE,1719429761,S10,20240626
S10/20240626/00023,4,TAX,1,177.69,TAX,1719429761,S10,20240626
S10/20240626/00023,5,TENDER,1,3475.78,TENDER,1719429761,S10,20240626
S10/20240626/00024,1,P105356,1,232.26,SALE,1719423875,S10,20240626
S10/20240626/00024,2,P105609,6,817.71,SALE,1719423875,S10,20240626
S10/20240626/00024,3,P101599,2,417.76,SALE,1719423875,S10,20240626
S10/20240626/00024,4,P107996,2,215.44,SALE,1719423875,S10,20240626
S10/20240626/00024,5,TAX,1,183.55,TAX,1719423875,S10,20240626
S10/20240626/00024,6,TENDER,1,6588.47,TENDER,1719423875,S10,20240626
S10/20240626/00025,1,P106669,3,102.72,SALE,1719397108,S10,20240626
S10/20240626/00025,2,P100921,2,441.43,SALE,1719397108,S10,20240626
S10/20240626/00025,3,P106130,2,1254.95,SALE,1719397108,S10,20240626
S10/20240626/00025,4,P103340,2,466.84,SALE,1719397108,S10,20240626
S10/20240626/00025,5,P104112,2,54.52,SALE,1719397108,S10,20240626
S10/20240626/00025,6,TAX,1,347.84,TAX,1719397108,S10,20240626
S10/20240626/00025,7,TENDER,1,5091.48,TENDER,1719397108,S10,20240626
S10/20240626/00026,1,P102520,5,731.86,SALE,1719421450,S10,20240626
S10/20240626/00026,2,P106599,2,224.95,SALE,1719421450,S10,20240626
S10/20240626/00026,3,P103406,2,1248.48,SALE,1719421450,S10,20240626
S10/20240626/00026,4,P101660,2,193.14,SALE,1719421450,S10,20240626
S10/20240626/00026,5,P100665,2,281.09,SALE,1719421450,S10,20240626
S10/20240626/00026,6,P102674,1,496.43,SALE,1719421450,S10,20240626
S10/20240626/00026,7,P106004,2,137.38,SALE,1719421450,S10,20240626
S10/20240626/00026,8,P106388,2,1042.36,SALE,1719421450,S10,20240626
S10/20240626/00026,9,TAX,1,694.97,TAX,1719421450,S10,20240626
S10/20240626/00026,10,TENDER,1,11105.50,TENDER,1719421450,S10,20240626
S10/20240626/00027,1,P104378,2,95.33,SALE,1719412073,S10,20240626
S10/20240626/00027,2,P108356,2,206.87,SALE,1719412073,S10,20240626
S10/20240626/00027,3,P106528,2,832.82,SALE,1719412073,S10,20240626
S10/20240626/00027,4,P101122,3,70.14,SALE,1719412073,S10,20240626
S10/20240626/00027,5,TAX,1,310.28,TAX,1719412073,S10,20240626
S10/20240626/00027,6,TENDER,1,2790.74,TENDER,1719412073,S10,20240626
S10/20240626/00028,1,P104316,1,406.45,SALE,1719414213,S10,20240626
S10/20240626/00028,2,P102335,2,94.24,SALE,1719414213,S10,20240626
S10/20240626/00028,3,TAX,1,107.09,TAX,1719414213,S10,20240626
S10/20240626/00028,4,TENDER,1,702.02,TENDER,1719414213,S10,20240626
S10/20240626/00029,1,P100086,1,88.95,SALE,1719407265,S10,20240626
S10/20240626/00029,2,P105624,1,380.06,SALE,1719407265,S10,20240626
S10/20240626/00029,3,P101037,1,537.96,SALE,1719407265,S10,20240626
S10/20240626/00029,4,DISC,1,-48.81,DISCOUNT,1719407265,S10,20240626
S10/20240626/00029,5,TAX,1,114.45,TAX,1719407265,S10,20240626
S10/20240626/00029,6,TENDER,1,1072.61,TENDER,1719407265,S10,20240626
S10/20240626/00030,1,P108374,1,1311.92,SALE,1719405974,S10,20240626
S10/20240626/00030,2,P107695,3,282.58,SALE,1719405974,S10,20240626
S10/20240626/00030,3,P104593,1,867.34,SALE,1719405974,S10,20240626
S10/20240626/00030,4,TAX,1,256.67,TAX,1719405974,S10,20240626
S10/20240626/00030,5,TENDER,1,3283.67,TENDER,1719405974,S10,20240626
S10/20240626/00031,1,P107381,-2,195.99,RETURN,1719419993,S10,20240626
S10/20240626/00031,2,P102695,-4,1259.21,RETURN,1719419993,S10,20240626
S10/20240626/00031,3,P107449,-1,1495.62,RETURN,1719419993,S10,20240626
S10/20240626/00031,4,TAX,1,-830.93,TAX,1719419993,S10,20240626
S10/20240626/00031,5,TENDER,1,-7755.37,TENDER,1719419993,S10,20240626
S10/20240626/00032,1,P108060,1,217.09,SALE,1719424095,S10,20240626
S10/20240626/00032,2,P108221,1,50.44,SALE,1719424095,S10,20240626
S10/20240626/00032,3,P100239,1,352.95,SALE,1719424095,S10,20240626
S10/20240626/00032,4,P107149,2,145.83,SALE,1719424095,S10,20240626
S10/20240626/00032,5,TAX,1,143.01,TAX,1719424095,S10,20240626
S10/20240626/00032,6,TENDER,1,1055.15,TENDER,1719424095,S10,20240626
S10/20240626/00033,1,P100543,3,123.06,SALE,1719417133,S10,20240626
S10/20240626/00033,2,P105294,1,126.15,SALE,1719417133,S10,20240626
S10/20240626/00033,3,P100627,2,415.95,SALE,1719417133,S10,20240626
S10/20240626/00033,4,P108397,2,286.03,SALE,1719417133,S10,20240626
S10/20240626/00033,5,P105345,1,295.95,SALE,1719417133,S10,20240626
S10/20240626/00033,6,P105720,1,67.32,SALE,1719417133,S10,20240626
S10/20240626/00033,7,TAX,1,147.75,TAX,1719417133,S10,20240626
S10/20240626/00033,8,TENDER,1,2410.31,TENDER,1719417133,S10,20240626
S10/20240626/00034,1,P103645,1,241.18,SALE,1719421229,S10,20240626
S10/20240626/00034,2,P101321,2,24.76,SALE,1719421229,S10,20240626
S10/20240626/00034,3,P102534,3,98.12,SALE,1719421229,S10,20240626
S10/20240626/00034,4,P100026,3,304.63,SALE,1719421229,S10,20240626
S10/20240626/00034,5,P106228,2,43.95,SALE,1719421229,S10,20240626
S10/20240626/00034,6,P106072,2,78.69,SALE,1719421229,S10,20240626
S10/20240626/00034,7,P104320,2,128.95,SALE,1719421229,S10,20240626
S10/20240626/00034,8,P101533,2,1020.37,SALE,1719421229,S10,20240626
S10/20240626/00034,9,P103843,1,636.12,SALE,1719421229,S10,20240626
S10/20240626/00034,10,P104606,2,90.58,SALE,1719421229,S10,20240626
S10/20240626/00034,11,TAX,1,523.43,TAX,1719421229,S10,20240626
S10/20240626/00034,12,TENDER,1,5383.58,TENDER,1719421229,S10,20240626
S10/20240626/00035,1,P105139,2,100.45,SALE,1719415373,S10,20240626
S10/20240626/00035,2,P105100,3,270.01,SALE,1719415373,S10,20240626
S10/20240626/00035,3,P106336,3,456.47,SALE,1719415373,S10,20240626
S10/20240626/00035,4,P107026,2,65.23,SALE,1719415373,S10,20240626
S10/20240626/00035,5,P106679,2,181.66,SALE,1719415373,S10,20240626
S10/20240626/00035,6,P104617,2,107.09,SALE,1719415373,S10,20240626
S10/20240626/00035,7,P108110,2,15.95,SALE,1719415373,S10,20240626
S10/20240626/00035,8,TAX,1,484.18,TAX,1719415373,S10,20240626
S10/20240626/00035,9,TENDER,1,3604.38,TENDER,1719415373,S10,20240626
S10/20240626/00036,1,P105180,5,103.95,SALE,1719422590,S10,20240626
S10/20240626/00036,2,P105541,2,201.95,SALE,1719422590,S10,20240626
S10/20240626/00036,3,P105633,3,46.25,SALE,1719422590,S10,20240626
S10/20240626/00036,4,TAX,1,173.19,TAX,1719422590,S10,20240626
S10/20240626/00036,5,TENDER,1,1235.59,TENDER,1719422590,S10,20240626
S10/20240626/00037,1,P101613,3,117.31,SALE,1719409463,S10,20240626
S10/20240626/00037,2,P105609,2,817.71,SALE,1719409463,S10,20240626
S10/20240626/00037,3,P107242,1,589.95,SALE,1719409463,S10,20240626
S10/20240626/00037,4,P104916,1,284.74,SALE,1719409463,S10,20240626
S10/20240626/00037,5,P107708,2,163.95,SALE,1719409463,S10,20240626
S10/20240626/00037,6,P101458,3,1309.22,SALE,1719409463,S10,20240626
S10/20240626/00037,7,P105246,1,840.69,SALE,1719409463,S10,20240626
S10/20240626/00037,8,TAX,1,186.13,TAX,1719409463,S10,20240626
S10/20240626/00037,9,TENDER,1,8144.42,TENDER,1719409463,S10,20240626
S10/20240626/00038,1,P101949,1,857.51,SALE,1719416999,S10,20240626
S10/20240626/00038,2,P100375,1,163.45,SALE,1719416999,S10,20240626
S10/20240626/00038,3,P102674,1,496.43,SALE,1719416999,S10,20240626
S10/20240626/00038,4,P104980,4,73.54,SALE,1719416999,S10,20240626
S10/20240626/00038,5,P106367,1,650.25,SALE,1719416999,S10,20240626
S10/20240626/00038,6,P103871,2,196.47,SALE,1719416999,S10,20240626
S10/20240626/00038,7,DISC,1,-173.26,DISCOUNT,1719416999,S10,20240626
S10/20240626/00038,8,TAX,1,194.69,TAX,1719416999,S10,20240626
S10/20240626/00038,9,TENDER,1,2876.17,TENDER,1719416999,S10,20240626
S10/20240626/00039,1,P101842,3,210.53,SALE,1719435774,S10,20240626
S10/20240626/00039,2,P108050,2,1178.10,SALE,1719435774,S10,20240626
S10/20240626/00039,3,P106848,3,16.02,SALE,1719435774,S10,20240626
S10/20240626/00039,4,P107837,2,94.99,SALE,1719435774,S10,20240626
S10/20240626/00039,5,TAX,1,183.59,TAX,1719435774,S10,20240626
S10/20240626/00039,6,TENDER,1,3409.42,TENDER,1719435774,S10,20240626
S10/20240626/00040,1,P103178,2,21.21,SALE,1719418528,S10,20240626
S10/20240626/00040,2,P103124,2,489.23,SALE,1719418528,S10,20240626
S10/20240626/00040,3,P104665,2,217.71,SALE,1719418528,S10,20240626
S10/20240626/00040,4,P101356,2,1054.95,SALE,1719418528,S10,20240626
S10/20240626/00040,5,TAX,1,341.50,TAX,1719418528,S10,20240626
S10/20240626/00040,6,TENDER,1,3907.70,TENDER,1719418528,S10,20240626
S10/20240626/00041,1,P106679,2,181.66,SALE,1719429448,S10,20240626
S10/20240626/00041,2,P101839,1,408.40,SALE,1719429448,S10,20240626
S10/20240626/00041,3,P103510,1,183.91,SALE,1719429448,S10,20240626
S10/20240626/00041,4,P105819,1,66.64,SALE,1719429448,S10,20240626
S10/20240626/00041,5,P100140,2,62.18,SALE,1719429448,S10,20240626
S10/20240626/00041,6,P106629,1,52.08,SALE,1719429448,S10,20240626
S10/20240626/00041,7,TAX,1,101.96,TAX,1719429448,S10,20240626
S10/20240626/00041,8,TENDER,1,1300.67,TENDER,1719429448,S10,20240626
S10/20240626/00042,1,P100287,1,218.95,SALE,1719431919,S10,20240626
S10/20240626/00042,2,P106659,2,88.95,SALE,1719431919,S10,20240626
S10/20240626/00042,3,P106553,1,139.74,SALE,1719431919,S10,20240626
S10/20240626/00042,4,P108082,1,236.40,SALE,1719431919,S10,20240626
S10/20240626/00042,5,P103309,2,59.57,SALE,1719431919,S10,20240626
S10/20240626/00042,6,TAX,1,121.28,TAX,1719431919,S10,20240626
S10/20240626/00042,7,TENDER,1,1013.41,TENDER,1719431919,S10,20240626
S10/20240626/00043,1,P106399,4,198.14,SALE,1719412173,S10,20240626
S10/20240626/00043,2,P101127,1,45.95,SALE,1719412173,S10,20240626
S10/20240626/00043,3,P106710,4,93.71,SALE,1719412173,S10,20240626
S10/20240626/00043,4,P106207,2,459.95,SALE,1719412173,S10,20240626
S10/20240626/00043,5,P102903,3,51.46,SALE,1719412173,S10,20240626
S10/20240626/00043,6,P100999,2,161.56,SALE,1719412173,S10,20240626
S10/20240626/00043,7,P107859,3,130.84,SALE,1719412173,S10,20240626
S10/20240626/00043,8,P107575,1,65.95,SALE,1719412173,S10,20240626
S10/20240626/00043,9,P100305,1,771.81,SALE,1719412173,S10,20240626
S10/20240626/00043,10,TAX,1,320.10,TAX,1719412173,S10,20240626
S10/20240626/00043,11,TENDER,1,4161.13,TENDER,1719412173,S10,20240626
S10/20240626/00044,1,P106452,2,28.29,SALE,1719416320,S10,20240626
S10/20240626/00044,2,P100869,1,62.15,SALE,1719416320,S10,20240626
S10/20240626/00044,3,DISC,1,-11.75,DISCOUNT,1719416320,S10,20240626
S10/20240626/00044,4,TAX,1,9.27,TAX,1719416320,S10,20240626
S10/20240626/00044,5,TENDER,1,116.25,TENDER,1719416320,S10,20240626
S10/20240627/00001,1,P100483,5,933.37,SALE,1719503771,S10,20240627
S10/20240627/00001,2,P101090,2,24.06,SALE,1719503771,S10,20240627
S10/20240627/00001,3,P101894,1,668.48,SALE,1719503771,S10,20240627
S10/20240627/00001,4,P103188,3,30.16,SALE,1719503771,S10,20240627
S10/20240627/00001,5,P107264,4,181.93,SALE,1719503771,S10,20240627
S10/20240627/00001,6,P100156,3,1576.32,SALE,1719503771,S10,20240627
S10/20240627/00001,7,P101592,4,295.58,SALE,1719503771,S10,20240627
S10/20240627/00001,8,TAX,1,448.97,TAX,1719503771,S10,20240627
S10/20240627/00001,9,TENDER,1,12561.90,TENDER,1719503771,S10,20240627
S10/20240627/00002,1,P100428,2,122.83,SALE,1719502058,S10,20240627
S10/20240627/00002,2,P106577,3,46.90,SALE,1719502058,S10,20240627
S10/20240627/00002,3,P105624,2,380.06,SALE,1719502058,S10,20240627
S10/20240627/00002,4,P106848,1,16.02,SALE,1719502058,S10,20240627
S10/20240627/00002,5,TAX,1,45.04,TAX,1719502058,S10,20240627
S10/20240627/00002,6,TENDER,1,1207.54,TENDER,1719502058,S10,20240627
S10/20240627/00003,1,P101117,4,203.24,SALE,1719483804,S10,20240627
S10/20240627/00003,2,P104600,3,48.49,SALE,1719483804,S10,20240627
S10/20240627/00003,3,P105594,3,317.30,SALE,1719483804,S10,20240627
S10/20240627/00003,4,P107973,2,271.34,SALE,1719483804,S10,20240627
S10/20240627/00003,5,P106399,2,210.03,SALE,1719483804,S10,20240627
S10/20240627/00003,6,P107089,3,208.16,SALE,1719483804,S10,20240627
S10/20240627/00003,7,P103424,1,295.58,SALE,1719483804,S10,20240627
S10/20240627/00003,8,TAX,1,236.33,TAX,1719483804,S10,20240627
S10/20240627/00003,9,TENDER,1,4029.46,TENDER,1719483804,S10,20240627
S10/20240627/00004,1,P106382,-4,81.60,RETURN,1719503635,S10,20240627
S10/20240627/00004,2,TAX,1,0.00,TAX,1719503635,S10,20240627
S10/20240627/00004,3,TENDER,1,-326.40,TENDER,1719503635,S10,20240627
S10/20240627/00005,1,P105547,-1,406.95,RETURN,1719472227,S10,20240627
S10/20240627/00005,2,P107843,-1,486.47,RETURN,1719472227,S10,20240627
S10/20240627/00005,3,P104921,-2,421.02,RETURN,1719472227,S10,20240627
S10/20240627/00005,4,P106686,-3,301.28,RETURN,1719472227,S10,20240627
S10/20240627/00005,5,P104517,-4,1474.90,RETURN,1719472227,S10,20240627
S10/20240627/00005,6,P106566,-3,229.43,RETURN,1719472227,S10,20240627
S10/20240627/00005,7,P102738,-3,236.55,RETURN,1719472227,S10,20240627
S10/20240627/00005,8,P100946,-2,75.81,RETURN,1719472227,S10,20240627
S10/20240627/00005,9,P102993,-2,299.71,RETURN,1719472227,S10,20240627
S10/20240627/00005,10,TAX,1,-599.47,TAX,1719472227,S10,20240627
S10/20240627/00005,11,TENDER,1,-11287.35,TENDER,1719472227,S10,20240627
S10/20240627/00006,1,P106072,2,78.69,SALE,1719479751,S10,20240627
S10/20240627/00006,2,P101500,2,330.53,SALE,1719479751,S10,20240627
S10/20240627/00006,3,P103243,5,193.36,SALE,1719479751,S10,20240627
S10/20240627/00006,4,P101048,5,208.35,SALE,1719479751,S10,20240627
S10/20240627/00006,5,P106452,2,28.29,SALE,1719479751,S10,20240627
S10/20240627/00006,6,P100974,2,39.19,SALE,1719479751,S10,20240627
S10/20240627/00006,7,P104462,2,86.38,SALE,1719479751,S10,20240627
S10/20240627/00006,8,TAX,1,134.70,TAX,1719479751,S10,20240627
S10/20240627/00006,9,TENDER,1,3269.41,TENDER,1719479751,S10,20240627
S10/20240627/00007,1,P100441,1,419.95,SALE,1719501985,S10,20240627
S10/20240627/00007,2,P106566,1,229.43,SALE,1719501985,S10,20240627
S10/20240627/00007,3,P106382,2,81.60,SALE,1719501985,S10,20240627
S10/20240627/00007,4,P101603,2,911.37,SALE,1719501985,S10,20240627
S10/20240627/00007,5,P106207,1,459.95,SALE,1719501985,S10,20240627
S10/20240627/00007,6,P104541,3,144.95,SALE,1719501985,S10,20240627
S10/20240627/00007,7,DISC,1,-166.75,DISCOUNT,1719501985,S10,20240627
S10/20240627/00007,8,TAX,1,395.35,TAX,1719501985,S10,20240627
S10/20240627/00007,9,TENDER,1,3758.72,TENDER,1719501985,S10,20240627
S10/20240627/00008,1,P102520,1,731.86,SALE,1719499260,S10,20240627
S10/20240627/00008,2,P107362,3,62.10,SALE,1719499260,S10,20240627
S10/20240627/00008,3,P101177,3,150.26,SALE,1719499260,S10,20240627
S10/20240627/00008,4,P104320,1,128.95,SALE,1719499260,S10,20240627
S10/20240627/00008,5,P105236,2,552.60,SALE,1719499260,S10,20240627
S10/20240627/00008,6,P100095,3,92.95,SALE,1719499260,S10,20240627
S10/20240627/00008,7,TAX,1,239.23,TAX,1719499260,S10,20240627
S10/20240627/00008,8,TENDER,1,3121.17,TENDER,1719499260,S10,20240627
S10/20240627/00009,1,P102181,1,1586.03,SALE,1719489984,S10,20240627
S10/20240627/00009,2,P105562,1,422.85,SALE,1719489984,S10,20240627
S10/20240627/00009,3,P104285,1,639.46,SALE,1719489984,S10,20240627
S10/20240627/00009,4,P103484,3,109.59,SALE,1719489984,S10,20240627
S10/20240627/00009,5,TAX,1,167.26,TAX,1719489984,S10,20240627
S10/20240627/00009,6,TENDER,1,3144.37,TENDER,1719489984,S10,20240627
S10/20240627/00010,1,P100305,1,771.81,SALE,1719495195,S10,20240627
S10/20240627/00010,2,P103647,4,42.17,SALE,1719495195,S10,20240627
S10/20240627/00010,3,P104844,3,553.13,SALE,1719495195,S10,20240627
S10/20240627/00010,4,P102640,3,241.34,SALE,1719495195,S10,20240627
S10/20240627/00010,5,P103050,1,569.48,SALE,1719495195,S10,20240627
S10/20240627/00010,6,P105136,1,158.61,SALE,1719495195,S10,20240627
S10/20240627/00010,7,TAX,1,213.29,TAX,1719495195,S10,20240627
S10/20240627/00010,8,TENDER,1,4265.28,TENDER,1719495195,S10,20240627
S10/20240627/00011,1,P108346,1,478.23,SALE,1719493876,S10,20240627
S10/20240627/00011,2,P103563,4,23.04,SALE,1719493876,S10,20240627
S10/20240627/00011,3,P104517,2,1474.90,SALE,1719493876,S10,20240627
S10/20240627/00011,4,P101311,1,481.74,SALE,1719493876,S10,20240627
S10/20240627/00011,5,DISC,1,-212.55,DISCOUNT,1719493876,S10,20240627
S10/20240627/00011,6,TAX,1,61.16,TAX,1719493876,S10,20240627
S10/20240627/00011,7,TENDER,1,3850.54,TENDER,1719493876,S10,20240627
S10/20240627/00012,1,P101393,2,32.95,SALE,1719509269,S10,20240627
S10/20240627/00012,2,P107385,2,797.95,SALE,1719509269,S10,20240627
S10/20240627/00012,3,P108369,2,318.67,SALE,1719509269,S10,20240627
S10/20240627/00012,4,P107178,3,287.34,SALE,1719509269,S10,20240627
S10/20240627/00012,5,P107743,1,206.95,SALE,1719509269,S10,20240627
S10/20240627/00012,6,TAX,1,326.09,TAX,1719509269,S10,20240627
S10/20240627/00012,7,TENDER,1,3694.20,TENDER,1719509269,S10,20240627
S10/20240627/00013,1,P105230,1,112.14,SALE,1719513630,S10,20240627
S10/20240627/00013,2,P100380,2,136.58,SALE,1719513630,S10,20240627
S10/20240627/00013,3,P105176,2,509.66,SALE,1719513630,S10,20240627
S10/20240627/00013,4,P101218,1,61.39,SALE,1719513630,S10,20240627
S10/20240627/00013,5,P100406,1,435.20,SALE,1719513630,S10,20240627
S10/20240627/00013,6,P101634,3,25.05,SALE,1719513630,S10,20240627
S10/20240627/00013,7,P100194,3,42.41,SALE,1719513630,S10,20240627
S10/20240627/00013,8,P102000,2,82.98,SALE,1719513630,S10,20240627
S10/20240627/00013,9,TAX,1,328.83,TAX,1719513630,S10,20240627
S10/20240627/00013,10,TENDER,1,2598.38,TENDER,1719513630,S10,20240627
S10/20240627/00014,1,P102485,2,202.08,SALE,1719501013,S10,20240627
S10/20240627/00014,2,P101802,1,40.81,SALE,1719501013,S10,20240627
S10/20240627/00014,3,P100722,2,287.33,SALE,1719501013,S10,20240627
S10/20240627/00014,4,TAX,1,22.25,TAX,1719501013,S10,20240627
S10/20240627/00014,5,TENDER,1,1041.88,TENDER,1719501013,S10,20240627
S10/20240627/00015,1,P103806,2,305.95,SALE,1719507650,S10,20240627
S10/20240627/00015,2,P106143,2,56.15,SALE,1719507650,S10,20240627
S10/20240627/00015,3,P100959,6,280.97,SALE,1719507650,S10,20240627
S10/20240627/00015,4,P101339,1,222.95,SALE,1719507650,S10,20240627
S10/20240627/00015,5,P106942,1,169.95,SALE,1719507650,S10,20240627
S10/20240627/00015,6,P105260,3,72.61,SALE,1719507650,S10,20240627
S10/20240627/00015,7,P100456,2,982.47,SALE,1719507650,S10,20240627
S10/20240627/00015,8,TAX,1,467.69,TAX,1719507650,S10,20240627
S10/20240627/00015,9,TENDER,1,5453.38,TENDER,1719507650,S10,20240627
S10/20240627/00016,1,P101134,2,1071.76,SALE,1719513890,S10,20240627
S10/20240627/00016,2,P103074,1,52.85,SALE,1719513890,S10,20240627
S10/20240627/00016,3,TAX,1,9.51,TAX,1719513890,S10,20240627
S10/20240627/00016,4,TENDER,1,2205.88,TENDER,1719513890,S10,20240627
S10/20240627/00017,1,P106592,1,738.06,SALE,1719514190,S10,20240627
S10/20240627/00017,2,P105614,3,652.27,SALE,1719514190,S10,20240627
S10/20240627/00017,3,P105729,2,68.08,SALE,1719514190,S10,20240627
S10/20240627/00017,4,P103374,1,34.95,SALE,1719514190,S10,20240627
S10/20240627/00017,5,P102151,3,1033.25,SALE,1719514190,S10,20240627
S10/20240627/00017,6,P106181,3,778.60,SALE,1719514190,S10,20240627
S10/20240627/00017,7,TAX,1,574.92,TAX,1719514190,S10,20240627
S10/20240627/00017,8,TENDER,1,8876.45,TENDER,1719514190,S10,20240627
S10/20240627/00018,1,P105740,1,103.24,SALE,1719529937,S10,20240627
S10/20240627/00018,2,P102623,3,110.85,SALE,1719529937,S10,20240627
S10/20240627/00018,3,P108135,2,539.95,SALE,1719529937,S10,20240627
S10/20240627/00018,4,P107890,2,133.07,SALE,1719529937,S10,20240627
S10/20240627/00018,5,P101004,2,324.97,SALE,1719529937,S10,20240627
S10/20240627/00018,6,P101389,1,430.39,SALE,1719529937,S10,20240627
S10/20240627/00018,7,TAX,1,181.76,TAX,1719529937,S10,20240627
S10/20240627/00018,8,TENDER,1,3043.92,TENDER,1719529937,S10,20240627
S10/20240627/00019,1,P102735,2,517.39,SALE,1719489610,S10,20240627
S10/20240627/00019,2,P105021,1,1086.75,SALE,1719489610,S10,20240627
S10/20240627/00019,3,P102510,4,35.56,SALE,1719489610,S10,20240627
S10/20240627/00019,4,P107564,3,325.35,SALE,1719489610,S10,20240627
S10/20240627/00019,5,P105460,1,143.35,SALE,1719489610,S10,20240627
S10/20240627/00019,6,DISC,1,-106.02,DISCOUNT,1719489610,S10,20240627
S10/20240627/00019,7,TAX,1,461.73,TAX,1719489610,S10,20240627
S10/20240627/00019,8,TENDER,1,3738.88,TENDER,1719489610,S10,20240627
S10/20240627/00020,1,P101481,5,42.95,SALE,1719500992,S10,20240627
S10/20240627/00020,2,P106934,3,1554.16,SALE,1719500992,S10,20240627
S10/20240627/00020,3,TAX,1,10.74,TAX,1719500992,S10,20240627
S10/20240627/00020,4,TENDER,1,4887.97,TENDER,1719500992,S10,20240627
S10/20240627/00021,1,P102397,1,355.28,SALE,1719525040,S10,20240627
S10/20240627/00021,2,P107393,2,469.90,SALE,1719525040,S10,20240627
S10/20240627/00021,3,P106720,3,126.28,SALE,1719525040,S10,20240627
S10/20240627/00021,4,TAX,1,223.60,TAX,1719525040,S10,20240627
S10/20240627/00021,5,TENDER,1,1897.52,TENDER,1719525040,S10,20240627
S10/20240627/00022,1,P107053,3,524.95,SALE,1719503283,S10,20240627
S10/20240627/00022,2,P102321,1,34.60,SALE,1719503283,S10,20240627
S10/20240627/00022,3,P107385,2,797.95,SALE,1719503283,S10,20240627
S10/20240627/00022,4,P107072,3,75.15,SALE,1719503283,S10,20240627
S10/20240627/00022,5,TAX,1,162.69,TAX,1719503283,S10,20240627
S10/20240627/00022,6,TENDER,1,3593.49,TENDER,1719503283,S10,20240627
S10/20240627/00023,1,P107137,6,32.59,SALE,1719500281,S10,20240627
S10/20240627/00023,2,P102193,1,343.13,SALE,1719500281,S10,20240627
S10/20240627/00023,3,P102305,3,116.95,SALE,1719500281,S10,20240627
S10/20240627/00023,4,P107520,2,137.21,SALE,1719500281,S10,20240627
S10/20240627/00023,5,P104123,2,382.58,SALE,1719500281,S10,20240627
S10/20240627/00023,6,P107217,2,279.38,SALE,1719500281,S10,20240627
S10/20240627/00023,7,P104628,3,216.21,SALE,1719500281,S10,20240627
S10/20240627/00023,8,P100255,1,1250.31,SALE,1719500281,S10,20240627
S10/20240627/00023,9,P102452,1,176.54,SALE,1719500281,S10,20240627
S10/20240627/00023,10,P103766,2,191.95,SALE,1719500281,S10,20240627
S10/20240627/00023,11,TAX,1,483.75,TAX,1719500281,S10,20240627
S10/20240627/00023,12,TENDER,1,5430.99,TENDER,1719500281,S10,20240627
S10/20240627/00024,1,P106697,2,342.69,SALE,1719497058,S10,20240627
S10/20240627/00024,2,P104175,1,814.13,SALE,1719497058,S10,20240627
S10/20240627/00024,3,P106639,2,415.94,SALE,1719497058,S10,20240627
S10/20240627/00024,4,P105017,2,212.97,SALE,1719497058,S10,20240627
S10/20240627/00024,5,P104485,1,643.04,SALE,1719497058,S10,20240627
S10/20240627/00024,6,P103452,2,1033.70,SALE,1719497058,S10,20240627
S10/20240627/00024,7,P102520,4,731.86,SALE,1719497058,S10,20240627
S10/20240627/00024,8,TAX,1,585.65,TAX,1719497058,S10,20240627
S10/20240627/00024,9,TENDER,1,8980.86,TENDER,1719497058,S10,20240627
S10/20240627/00025,1,P102718,-1,306.66,RETURN,1719517265,S10,20240627
S10/20240627/00025,2,P106651,-2,855.95,RETURN,1719517265,S10,20240627
S10/20240627/00025,3,P106955,-1,204.37,RETURN,1719517265,S10,20240627
S10/20240627/00025,4,P102691,-1,219.72,RETURN,1719517265,S10,20240627
S10/20240627/00025,5,P106679,-2,181.66,RETURN,1719517265,S10,20240627
S10/20240627/00025,6,P105797,-2,254.07,RETURN,1719517265,S10,20240627
S10/20240627/00025,7,P104308,-2,49.56,RETURN,1719517265,S10,20240627
S10/20240627/00025,8,P102217,-5,65.41,RETURN,1719517265,S10,20240627
S10/20240627/00025,9,TAX,1,-185.71,TAX,1719517265,S10,20240627
S10/20240627/00025,10,TENDER,1,-3925.99,TENDER,1719517265,S10,20240627
S10/20240627/00026,1,P105651,1,110.95,SALE,1719506448,S10,20240627
S10/20240627/00026,2,P102814,3,543.50,SALE,1719506448,S10,20240627
S10/20240627/00026,3,P106813,2,257.87,SALE,1719506448,S10,20240627
S10/20240627/00026,4,P108090,2,130.88,SALE,1719506448,S10,20240627
S10/20240627/00026,5,P106282,1,420.65,SALE,1719506448,S10,20240627
S10/20240627/00026,6,TAX,1,252.19,TAX,1719506448,S10,20240627
S10/20240627/00026,7,TENDER,1,3191.79,TENDER,1719506448,S10,20240627
S10/20240627/00027,1,P103496,2,74.95,SALE,1719500221,S10,20240627
S10/20240627/00027,2,P102626,1,355.05,SALE,1719500221,S10,20240627
S10/20240627/00027,3,P102112,4,389.72,SALE,1719500221,S10,20240627
S10/20240627/00027,4,P103647,3,42.17,SALE,1719500221,S10,20240627
S10/20240627/00027,5,P107743,1,206.95,SALE,1719500221,S10,20240627
S10/20240627/00027,6,TAX,1,281.49,TAX,1719500221,S10,20240627
S10/20240627/00027,7,TENDER,1,2678.78,TENDER,1719500221,S10,20240627
S10/20240627/00028,1,P102664,1,256.95,SALE,1719496660,S10,20240627
S10/20240627/00028,2,P107190,1,223.50,SALE,1719496660,S10,20240627
S10/20240627/00028,3,P106501,1,165.98,SALE,1719496660,S10,20240627
S10/20240627/00028,4,TAX,1,116.36,TAX,1719496660,S10,20240627
S10/20240627/00028,5,TENDER,1,762.79,TENDER,1719496660,S10,20240627
S10/20240627/00029,1,P101500,2,330.53,SALE,1719501616,S10,20240627
S10/20240627/00029,2,P104800,3,692.51,SALE,1719501616,S10,20240627
S10/20240627/00029,3,P104756,2,318.20,SALE,1719501616,S10,20240627
S10/20240627/00029,4,P105707,2,130.64,SALE,1719501616,S10,20240627
S10/20240627/00029,5,DISC,1,-200.19,DISCOUNT,1719501616,S10,20240627
S10/20240627/00029,6,TAX,1,337.37,TAX,1719501616,S10,20240627
S10/20240627/00029,7,TENDER,1,3773.45,TENDER,1719501616,S10,20240627
S10/20240627/00030,1,P102656,1,176.92,SALE,1719489810,S10,20240627
S10/20240627/00030,2,P105030,1,211.39,SALE,1719489810,S10,20240627
S10/20240627/00030,3,P100026,1,304.63,SALE,1719489810,S10,20240627
S10/20240627/00030,4,P100682,1,325.28,SALE,1719489810,S10,20240627
S10/20240627/00030,5,P103563,2,23.04,SALE,1719489810,S10,20240627
S10/20240627/00030,6,P100791,4,40.18,SALE,1719489810,S10,20240627
S10/20240627/00030,7,P106984,1,28.34,SALE,1719489810,S10,20240627
S10/20240627/00030,8,TAX,1,118.91,TAX,1719489810,S10,20240627
S10/20240627/00030,9,TENDER,1,1372.27,TENDER,1719489810,S10,20240627
S10/20240627/00031,1,P102593,-1,92.93,RETURN,1719502754,S10,20240627
S10/20240627/00031,2,P106424,-3,492.33,RETURN,1719502754,S10,20240627
S10/20240627/00031,3,P103340,-3,466.84,RETURN,1719502754,S10,20240627
S10/20240627/00031,4,TAX,1,-342.67,TAX,1719502754,S10,20240627
S10/20240627/00031,5,TENDER,1,-3313.11,TENDER,1719502754,S10,20240627
S10/20240627/00032,1,P105937,2,259.08,SALE,1719492661,S10,20240627
S10/20240627/00032,2,P100183,3,1426.11,SALE,1719492661,S10,20240627
S10/20240627/00032,3,P104625,1,265.44,SALE,1719492661,S10,20240627
S10/20240627/00032,4,P105890,1,1196.88,SALE,1719492661,S10,20240627
S10/20240627/00032,5,DISC,1,-311.46,DISCOUNT,1719492661,S10,20240627
S10/20240627/00032,6,TAX,1,633.34,TAX,1719492661,S10,20240627
S10/20240627/00032,7,TENDER,1,6580.69,TENDER,1719492661,S10,20240627
S10/20240627/00033,1,P102972,1,250.10,SALE,1719515074,S10,20240627
S10/20240627/00033,2,P103188,2,30.16,SALE,1719515074,S10,20240627
S10/20240627/00033,3,P105313,3,51.83,SALE,1719515074,S10,20240627
S10/20240627/00033,4,P104008,4,107.37,SALE,1719515074,S10,20240627
S10/20240627/00033,5,TAX,1,62.34,TAX,1719515074,S10,20240627
S10/20240627/00033,6,TENDER,1,957.73,TENDER,1719515074,S10,20240627
S10/20240627/00034,1,P104270,3,1036.53,SALE,1719499167,S10,20240627
S10/20240627/00034,2,P102814,2,543.50,SALE,1719499167,S10,20240627
S10/20240627/00034,3,P101796,3,990.67,SALE,1719499167,S10,20240627
S10/20240627/00034,4,P100375,3,163.45,SALE,1719499167,S10,20240627
S10/20240627/00034,5,TAX,1,382.95,TAX,1719499167,S10,20240627
S10/20240627/00034,6,TENDER,1,8041.90,TENDER,1719499167,S10,20240627
S10/20240627/00035,1,P105971,1,1150.46,SALE,1719514678,S10,20240627
S10/20240627/00035,2,P105307,2,863.64,SALE,1719514678,S10,20240627
S10/20240627/00035,3,P101722,2,1331.86,SALE,1719514678,S10,20240627
S10/20240627/00035,4,P100224,3,78.05,SALE,1719514678,S10,20240627
S10/20240627/00035,5,TAX,1,288.78,TAX,1719514678,S10,20240627
S10/20240627/00035,6,TENDER,1,6064.39,TENDER,1719514678,S10,20240627
S10/20240627/00036,1,P108186,3,348.70,SALE,1719513814,S10,20240627
S10/20240627/00036,2,P104579,2,67.48,SALE,1719513814,S10,20240627
S10/20240627/00036,3,P102321,1,34.60,SALE,1719513814,S10,20240627
S10/20240627/00036,4,P107149,2,145.83,SALE,1719513814,S10,20240627
S10/20240627/00036,5,P100967,2,1052.07,SALE,1719513814,S10,20240627
S10/20240627/00036,6,P105684,2,1114.27,SALE,1719513814,S10,20240627
S10/20240627/00036,7,TAX,1,546.11,TAX,1719513814,S10,20240627
S10/20240627/00036,8,TENDER,1,6386.11,TENDER,1719513814,S10,20240627
S10/20240627/00037,1,P108374,2,1311.92,SALE,1719510931,S10,20240627
S10/20240627/00037,2,P104844,3,553.13,SALE,1719510931,S10,20240627
S10/20240627/00037,3,TAX,1,82.97,TAX,1719510931,S10,20240627
S10/20240627/00037,4,TENDER,1,4366.20,TENDER,1719510931,S10,20240627
S10/20240627/00038,1,P101177,1,150.26,SALE,1719507647,S10,20240627
S10/20240627/00038,2,P105890,3,1196.88,SALE,1719507647,S10,20240627
S10/20240627/00038,3,P107759,2,229.95,SALE,1719507647,S10,20240627
S10/20240627/00038,4,P107253,1,232.65,SALE,1719507647,S10,20240627
S10/20240627/00038,5,P105747,2,287.56,SALE,1719507647,S10,20240627
S10/20240627/00038,6,TAX,1,290.57,TAX,1719507647,S10,20240627
S10/20240627/00038,7,TENDER,1,5299.14,TENDER,1719507647,S10,20240627
S10/20240627/00039,1,P104784,1,370.89,SALE,1719485011,S10,20240627
S10/20240627/00039,2,P100595,3,388.65,SALE,1719485011,S10,20240627
S10/20240627/00039,3,P102788,4,871.07,SALE,1719485011,S10,20240627
S10/20240627/00039,4,P103896,1,205.72,SALE,1719485011,S10,20240627
S10/20240627/00039,5,P106270,1,308.83,SALE,1719485011,S10,20240627
S10/20240627/00039,6,P101638,2,373.95,SALE,1719485011,S10,20240627
S10/20240627/00039,7,P101034,1,85.95,SALE,1719485011,S10,20240627
S10/20240627/00039,8,TAX,1,495.73,TAX,1719485011,S10,20240627
S10/20240627/00039,9,TENDER,1,6865.25,TENDER,1719485011,S10,20240627
S10/20240627/00040,1,P100479,2,342.53,SALE,1719531407,S10,20240627
S10/20240627/00040,2,P101968,3,9.95,SALE,1719531407,S10,20240627
S10/20240627/00040,3,P105394,3,335.45,SALE,1719531407,S10,20240627
S10/20240627/00040,4,P100731,2,254.77,SALE,1719531407,S10,20240627
S10/20240627/00040,5,P103487,1,361.14,SALE,1719531407,S10,20240627
S10/20240627/00040,6,DISC,1,-222.45,DISCOUNT,1719531407,S10,20240627
S10/20240627/00040,7,TAX,1,369.12,TAX,1719531407,S10,20240627
S10/20240627/00040,8,TENDER,1,2738.61,TENDER,1719531407,S10,20240627
S10/20240627/00041,1,P102549,1,139.23,SALE,1719513759,S10,20240627
S10/20240627/00041,2,P107278,4,57.40,SALE,1719513759,S10,20240627
S10/20240627/00041,3,P102772,4,151.97,SALE,1719513759,S10,20240627
S10/20240627/00041,4,TAX,1,57.95,TAX,1719513759,S10,20240627
S10/20240627/00041,5,TENDER,1,1034.66,TENDER,1719513759,S10,20240627
S10/20240627/00042,1,P103986,4,495.05,SALE,1719512136,S10,20240627
S10/20240627/00042,2,P100956,2,421.98,SALE,1719512136,S10,20240627
S10/20240627/00042,3,P104842,3,357.87,SALE,1719512136,S10,20240627
S10/20240627/00042,4,P103496,1,70.71,SALE,1719512136,S10,20240627
S10/20240627/00042,5,TAX,1,540.20,TAX,1719512136,S10,20240627
S10/20240627/00042,6,TENDER,1,4508.68,TENDER,1719512136,S10,20240627
S10/20240627/00043,1,P105729,4,68.08,SALE,1719519994,S10,20240627
S10/20240627/00043,2,P108239,2,243.26,SALE,1719519994,S10,20240627
S10/20240627/00043,3,P106679,2,181.66,SALE,1719519994,S10,20240627
S10/20240627/00043,4,P104883,1,342.92,SALE,1719519994,S10,20240627
S10/20240627/00043,5,P107795,2,286.95,SALE,1719519994,S10,20240627
S10/20240627/00043,6,P102945,4,43.42,SALE,1719519994,S10,20240627
S10/20240627/00043,7,P107662,2,330.01,SALE,1719519994,S10,20240627
S10/20240627/00043,8,P107308,3,207.74,SALE,1719519994,S10,20240627
S10/20240627/00043,9,P107920,1,109.22,SALE,1719519994,S10,20240627
S10/20240627/00043,10,P100156,3,1576.32,SALE,1719519994,S10,20240627
S10/20240627/00043,11,TAX,1,504.51,TAX,1719519994,S10,20240627
S10/20240627/00043,12,TENDER,1,8838.59,TENDER,1719519994,S10,20240627
S10/20240627/00044,1,P107884,4,29.77,SALE,1719494960,S10,20240627
S10/20240627/00044,2,P102202,4,184.86,SALE,1719494960,S10,20240627
S10/20240627/00044,3,P104772,2,332.47,SALE,1719494960,S10,20240627
S10/20240627/00044,4,P103757,3,147.98,SALE,1719494960,S10,20240627
S10/20240627/00044,5,P107880,3,314.86,SALE,1719494960,S10,20240627
S10/20240627/00044,6,TAX,1,343.65,TAX,1719494960,S10,20240627
S10/20240627/00044,7,TENDER,1,3255.63,TENDER,1719494960,S10,20240627
S10/20240627/00045,1,P106207,1,459.95,SALE,1719510536,S10,20240627
S10/20240627/00045,2,P101599,2,417.76,SALE,1719510536,S10,20240627
S10/20240627/00045,3,P104202,3,153.74,SALE,1719510536,S10,20240627
S10/20240627/00045,4,TAX,1,233.18,TAX,1719510536,S10,20240627
S10/20240627/00045,5,TENDER,1,1989.87,TENDER,1719510536,S10,20240627
S10/20240628/00001,1,P102761,2,171.22,SALE,1719583211,S10,20240628
S10/20240628/00001,2,P103484,3,109.59,SALE,1719583211,S10,20240628
S10/20240628/00001,3,P103871,1,196.47,SALE,1719583211,S10,20240628
S10/20240628/00001,4,TAX,1,69.00,TAX,1719583211,S10,20240628
S10/20240628/00001,5,TENDER,1,936.68,TENDER,1719583211,S10,20240628
S10/20240628/00002,1,P106200,1,117.95,SALE,1719594747,S10,20240628
S10/20240628/00002,2,P102998,1,145.74,SALE,1719594747,S10,20240628
S10/20240628/00002,3,P104802,1,194.24,SALE,1719594747,S10,20240628
S10/20240628/00002,4,P101592,2,295.58,SALE,1719594747,S10,20240628
S10/20240628/00002,5,P106244,1,73.94,SALE,1719594747,S10,20240628
S10/20240628/00002,6,P105035,3,158.77,SALE,1719594747,S10,20240628
S10/20240628/00002,7,P102892,2,220.95,SALE,1719594747,S10,20240628
S10/20240628/00002,8,TAX,1,270.17,TAX,1719594747,S10,20240628
S10/20240628/00002,9,TENDER,1,2311.41,TENDER,1719594747,S10,20240628
S10/20240628/00003,1,P104708,4,487.33,SALE,1719615807,S10,20240628
S10/20240628/00003,2,P105835,4,243.66,SALE,1719615807,S10,20240628
S10/20240628/00003,3,P104765,2,401.36,SALE,1719615807,S10,20240628
S10/20240628/00003,4,P105331,3,308.39,SALE,1719615807,S10,20240628
S10/20240628/00003,5,P102648,2,397.04,SALE,1719615807,S10,20240628
S10/20240628/00003,6,TAX,1,431.72,TAX,1719615807,S10,20240628
S10/20240628/00003,7,TENDER,1,5877.65,TENDER,1719615807,S10,20240628
S10/20240628/00004,1,P108369,1,318.67,SALE,1719611069,S10,20240628
S10/20240628/00004,2,P105643,3,1294.23,SALE,1719611069,S10,20240628
S10/20240628/00004,3,P100375,2,163.45,SALE,1719611069,S10,20240628
S10/20240628/00004,4,P103328,2,236.27,SALE,1719611069,S10,20240628
S10/20240628/00004,5,P104651,2,540.51,SALE,1719611069,S10,20240628
S10/20240628/00004,6,TAX,1,288.49,TAX,1719611069,S10,20240628
S10/20240628/00004,7,TENDER,1,6370.31,TENDER,1719611069,S10,20240628
S10/20240628/00005,1,P101374,1,49.36,SALE,1719595525,S10,20240628
S10/20240628/00005,2,P101492,1,113.44,SALE,1719595525,S10,20240628
S10/20240628/00005,3,P107884,1,29.77,SALE,1719595525,S10,20240628
S10/20240628/00005,4,P103050,3,569.48,SALE,1719595525,S10,20240628
S10/20240628/00005,5,P100889,1,976.95,SALE,1719595525,S10,20240628
S10/20240628/00005,6,P105901,3,82.67,SALE,1719595525,S10,20240628
S10/20240628/00005,7,TAX,1,113.27,TAX,1719595525,S10,20240628
S10/20240628/00005,8,TENDER,1,3239.24,TENDER,1719595525,S10,20240628
S10/20240628/00006,1,P104427,2,462.16,SALE,1719596275,S10,20240628
S10/20240628/00006,2,P102255,3,167.76,SALE,1719596275,S10,20240628
S10/20240628/00006,3,P103871,3,196.47,SALE,1719596275,S10,20240628
S10/20240628/00006,4,P100761,2,51.26,SALE,1719596275,S10,20240628
S10/20240628/00006,5,P106629,2,52.08,SALE,1719596275,S10,20240628
S10/20240628/00006,6,TAX,1,219.72,TAX,1719596275,S10,20240628
S10/20240628/00006,7,TENDER,1,2443.41,TENDER,1719596275,S10,20240628
S10/20240628/00007,1,P105280,1,220.35,SALE,1719583584,S10,20240628
S10/20240628/00007,2,P106004,2,137.38,SALE,1719583584,S10,20240628
S10/20240628/00007,3,P100255,2,1250.31,SALE,1719583584,S10,20240628
S10/20240628/00007,4,P105294,3,126.15,SALE,1719583584,S10,20240628
S10/20240628/00007,5,P102648,3,397.04,SALE,1719583584,S10,20240628
S10/20240628/00007,6,TAX,1,432.31,TAX,1719583584,S10,20240628
S10/20240628/00007,7,TENDER,1,4997.61,TENDER,1719583584,S10,20240628
S10/20240628/00008,1,P100418,1,204.95,SALE,1719583809,S10,20240628
S10/20240628/00008,2,P104219,1,249.74,SALE,1719583809,S10,20240628
S10/20240628/00008,3,P105707,2,130.64,SALE,1719583809,S10,20240628
S10/20240628/00008,4,P108247,1,242.95,SALE,1719583809,S10,20240628
S10/20240628/00008,5,TAX,1,105.05,TAX,1719583809,S10,20240628
S10/20240628/00008,6,TENDER,1,1063.97,TENDER,1719583809,S10,20240628
S10/20240628/00009,1,P102060,1,165.83,SALE,1719587566,S10,20240628
S10/20240628/00009,2,P101470,1,172.36,SALE,1719587566,S10,20240628
S10/20240628/00009,3,P104956,2,127.25,SALE,1719587566,S10,20240628
S10/20240628/00009,4,TAX,1,45.81,TAX,1719587566,S10,20240628
S10/20240628/00009,5,TENDER,1,638.50,TENDER,1719587566,S10,20240628
S10/20240628/00010,1,P107301,1,893.95,SALE,1719575884,S10,20240628
S10/20240628/00010,2,DISC,1,-91.50,DISCOUNT,1719575884,S10,20240628
S10/20240628/00010,3,P107301,-1,893.95,VOID,1719575884,S10,20240628
S10/20240628/00010,4,DISC,1,91.50,VOID,1719575884,S10,20240628
S10/20240628/00010,5,TAX,1,0.00,TAX,1719575884,S10,20240628
S10/20240628/00010,6,TENDER,1,0.00,TENDER,1719575884,S10,20240628
S10/20240628/00011,1,P104107,1,475.22,SALE,1719584618,S10,20240628
S10/20240628/00011,2,P100609,2,76.13,SALE,1719584618,S10,20240628
S10/20240628/00011,3,DISC,1,-41.41,DISCOUNT,1719584618,S10,20240628
S10/20240628/00011,4,TAX,1,96.96,TAX,1719584618,S10,20240628
S10/20240628/00011,5,TENDER,1,683.03,TENDER,1719584618,S10,20240628
S10/20240628/00012,1,P108326,1,473.88,SALE,1719604419,S10,20240628
S10/20240628/00012,2,P103785,3,491.90,SALE,1719604419,S10,20240628
S10/20240628/00012,3,P100268,2,197.00,SALE,1719604419,S10,20240628
S10/20240628/00012,4,P100571,1,117.95,SALE,1719604419,S10,20240628
S10/20240628/00012,5,TAX,1,274.88,TAX,1719604419,S10,20240628
S10/20240628/00012,6,TENDER,1,2736.41,TENDER,1719604419,S10,20240628
S10/20240628/00013,1,P105345,1,295.95,SALE,1719594586,S10,20240628
S10/20240628/00013,2,P103124,2,489.23,SALE,1719594586,S10,20240628
S10/20240628/00013,3,P105707,1,130.64,SALE,1719594586,S10,20240628
S10/20240628/00013,4,P106464,2,271.59,SALE,1719594586,S10,20240628
S10/20240628/00013,5,P107385,2,797.95,SALE,1719594586,S10,20240628
S10/20240628/00013,6,P100287,4,218.95,SALE,1719594586,S10,20240628
S10/20240628/00013,7,TAX,1,456.67,TAX,1719594586,S10,20240628
S10/20240628/00013,8,TENDER,1,4876.60,TENDER,1719594586,S10,20240628
S10/20240628/00014,1,P104072,1,708.34,SALE,1719594681,S10,20240628
S10/20240628/00014,2,P101722,1,1331.86,SALE,1719594681,S10,20240628
S10/20240628/00014,3,P101106,2,542.84,SALE,1719594681,S10,20240628
S10/20240628/00014,4,P103732,1,94.74,SALE,1719594681,S10,20240628
S10/20240628/00014,5,TAX,1,161.03,TAX,1719594681,S10,20240628
S10/20240628/00014,6,TENDER,1,3381.65,TENDER,1719594681,S10,20240628
S10/20240628/00015,1,P104700,2,1425.82,SALE,1719592846,S10,20240628
S10/20240628/00015,2,P101064,3,33.84,SALE,1719592846,S10,20240628
S10/20240628/00015,3,P101263,1,604.45,SALE,1719592846,S10,20240628
S10/20240628/00015,4,P104226,2,303.01,SALE,1719592846,S10,20240628
S10/20240628/00015,5,P105815,1,320.65,SALE,1719592846,S10,20240628
S10/20240628/00015,6,P102272,2,389.34,SALE,1719592846,S10,20240628
S10/20240628/00015,7,TAX,1,258.99,TAX,1719592846,S10,20240628
S10/20240628/00015,8,TENDER,1,5521.95,TENDER,1719592846,S10,20240628
S10/20240628/00016,1,P106080,2,361.06,SALE,1719582727,S10,20240628
S10/20240628/00016,2,TAX,1,86.65,TAX,1719582727,S10,20240628
S10/20240628/00016,3,TENDER,1,808.77,TENDER,1719582727,S10,20240628
S10/20240628/00017,1,P103861,4,52.95,SALE,1719596368,S10,20240628
S10/20240628/00017,2,P103517,2,160.29,SALE,1719596368,S10,20240628
S10/20240628/00017,3,TAX,1,10.59,TAX,1719596368,S10,20240628
S10/20240628/00017,4,TENDER,1,542.97,TENDER,1719596368,S10,20240628
S10/20240628/00018,1,P105440,2,107.89,SALE,1719591715,S10,20240628
S10/20240628/00018,2,P106310,2,462.03,SALE,1719591715,S10,20240628
S10/20240628/00018,3,P103144,1,145.27,SALE,1719591715,S10,20240628
S10/20240628/00018,4,P100005,4,114.37,SALE,1719591715,S10,20240628
S10/20240628/00018,5,P101374,1,49.36,SALE,1719591715,S10,20240628
S10/20240628/00018,6,P103328,1,236.27,SALE,1719591715,S10,20240628
S10/20240628/00018,7,P102821,2,1356.95,SALE,1719591715,S10,20240628
S10/20240628/00018,8,DISC,1,-394.32,DISCOUNT,1719591715,S10,20240628
S10/20240628/00018,9,TAX,1,291.69,TAX,1719591715,S10,20240628
S10/20240628/00018,10,TENDER,1,4639.49,TENDER,1719591715,S10,20240628
S10/20240628/00019,1,P105227,1,257.52,SALE,1719593749,S10,20240628
S10/20240628/00019,2,P101018,4,136.50,SALE,1719593749,S10,20240628
S10/20240628/00019,3,P100803,1,278.56,SALE,1719593749,S10,20240628
S10/20240628/00019,4,P104658,2,73.05,SALE,1719593749,S10,20240628
S10/20240628/00019,5,TAX,1,52.14,TAX,1719593749,S10,20240628
S10/20240628/00019,6,TENDER,1,1280.32,TENDER,1719593749,S10,20240628
S10/20240628/00020,1,P105707,1,130.64,SALE,1719564837,S10,20240628
S10/20240628/00020,2,P106865,2,299.72,SALE,1719564837,S10,20240628
S10/20240628/00020,3,P107536,2,1495.35,SALE,1719564837,S10,20240628
S10/20240628/00020,4,P100221,2,140.95,SALE,1719564837,S10,20240628
S10/20240628/00020,5,TAX,1,157.40,TAX,1719564837,S10,20240628
S10/20240628/00020,6,TENDER,1,4160.08,TENDER,1719564837,S10,20240628
S10/20240628/00021,1,P101225,1,452.38,SALE,1719581603,S10,20240628
S10/20240628/00021,2,P100543,3,123.06,SALE,1719581603,S10,20240628
S10/20240628/00021,3,P106965,1,78.22,SALE,1719581603,S10,20240628
S10/20240628/00021,4,P104155,2,144.69,SALE,1719581603,S10,20240628
S10/20240628/00021,5,P100164,1,593.34,SALE,1719581603,S10,20240628
S10/20240628/00021,6,P101184,3,51.38,SALE,1719581603,S10,20240628
S10/20240628/00021,7,TAX,1,183.49,TAX,1719581603,S10,20240628
S10/20240628/00021,8,TENDER,1,2120.13,TENDER,1719581603,S10,20240628
S10/20240628/00022,1,P104139,1,202.92,SALE,1719580500,S10,20240628
S10/20240628/00022,2,P100819,1,1203.94,SALE,1719580500,S10,20240628
S10/20240628/00022,3,P103973,1,112.64,SALE,1719580500,S10,20240628
S10/20240628/00022,4,P100560,1,176.85,SALE,1719580500,S10,20240628
S10/20240628/00022,5,P100367,1,537.90,SALE,1719580500,S10,20240628
S10/20240628/00022,6,P101751,3,460.11,SALE,1719580500,S10,20240628
S10/20240628/00022,7,P104320,1,128.95,SALE,1719580500,S10,20240628
S10/20240628/00022,8,TAX,1,386.78,TAX,1719580500,S10,20240628
S10/20240628/00022,9,TENDER,1,4130.31,TENDER,1719580500,S10,20240628
S10/20240628/00023,1,P105075,2,49.58,SALE,1719575819,S10,20240628
S10/20240628/00023,2,P108379,3,305.48,SALE,1719575819,S10,20240628
S10/20240628/00023,3,P106464,4,271.59,SALE,1719575819,S10,20240628
S10/20240628/00023,4,DISC,1,-210.95,DISCOUNT,1719575819,S10,20240628
S10/20240628/00023,5,TAX,1,232.27,TAX,1719575819,S10,20240628
S10/20240628/00023,6,TENDER,1,2123.28,TENDER,1719575819,S10,20240628
S10/20240628/00024,1,P105083,2,245.38,SALE,1719581162,S10,20240628
S10/20240628/00024,2,P102520,2,731.86,SALE,1719581162,S10,20240628
S10/20240628/00024,3,P105042,3,66.53,SALE,1719581162,S10,20240628
S10/20240628/00024,4,P102021,4,90.22,SALE,1719581162,S10,20240628
S10/20240628/00024,5,P101345,2,69.59,SALE,1719581162,S10,20240628
S10/20240628/00024,6,TAX,1,247.71,TAX,1719581162,S10,20240628
S10/20240628/00024,7,TENDER,1,2901.84,TENDER,1719581162,S10,20240628
S10/20240628/00025,1,P103340,1,466.84,SALE,1719596387,S10,20240628
S10/20240628/00025,2,P106542,1,122.90,SALE,1719596387,S10,20240628
S10/20240628/00025,3,P103249,2,479.54,SALE,1719596387,S10,20240628
S10/20240628/00025,4,P101421,2,112.02,SALE,1719596387,S10,20240628
S10/20240628/00025,5,P101961,1,679.58,SALE,1719596387,S10,20240628
S10/20240628/00025,6,P102735,3,517.39,SALE,1719596387,S10,20240628
S10/20240628/00025,7,P104334,3,294.34,SALE,1719596387,S10,20240628
S10/20240628/00025,8,P103340,-1,466.84,VOID,1719596387,S10,20240628
S10/20240628/00025,9,P106542,-1,122.90,VOID,1719596387,S10,20240628
S10/20240628/00025,10,P103249,-2,479.54,VOID,1719596387,S10,20240628
S10/20240628/00025,11,P101421,-2,112.02,VOID,1719596387,S10,20240628
S10/20240628/00025,12,P101961,-1,679.58,VOID,1719596387,S10,20240628
S10/20240628/00025,13,P102735,-3,517.39,VOID,1719596387,S10,20240628
S10/20240628/00025,14,P104334,-3,294.34,VOID,1719596387,S10,20240628
S10/20240628/00025,15,TAX,1,0.00,TAX,1719596387,S10,20240628
S10/20240628/00025,16,TENDER,1,0.00,TENDER,1719596387,S10,20240628
S10/20240628/00026,1,P103050,3,569.48,SALE,1719594593,S10,20240628
S10/20240628/00026,2,P107432,2,45.60,SALE,1719594593,S10,20240628
S10/20240628/00026,3,P105860,1,674.13,SALE,1719594593,S10,20240628
S10/20240628/00026,4,P108369,2,318.67,SALE,1719594593,S10,20240628
S10/20240628/00026,5,P102975,1,226.32,SALE,1719594593,S10,20240628
S10/20240628/00026,6,P103542,3,398.89,SALE,1719594593,S10,20240628
S10/20240628/00026,7,TAX,1,337.33,TAX,1719594593,S10,20240628
S10/20240628/00026,8,TENDER,1,4871.43,TENDER,1719594593,S10,20240628
S10/20240628/00027,1,P107549,3,47.87,SALE,1719565790,S10,20240628
S10/20240628/00027,2,P104695,1,74.85,SALE,1719565790,S10,20240628
S10/20240628/00027,3,P107495,1,387.50,SALE,1719565790,S10,20240628
S10/20240628/00027,4,P106239,2,803.36,SALE,1719565790,S10,20240628
S10/20240628/00027,5,P106234,1,78.81,SALE,1719565790,S10,20240628
S10/20240628/00027,6,P108159,4,488.81,SALE,1719565790,S10,20240628
S10/20240628/00027,7,TAX,1,85.55,TAX,1719565790,S10,20240628
S10/20240628/00027,8,TENDER,1,4332.28,TENDER,1719565790,S10,20240628
S10/20240628/00028,1,P101697,2,95.47,SALE,1719579400,S10,20240628
S10/20240628/00028,2,P103202,1,262.07,SALE,1719579400,S10,20240628
S10/20240628/00028,3,P102160,2,221.62,SALE,1719579400,S10,20240628
S10/20240628/00028,4,P105483,1,160.65,SALE,1719579400,S10,20240628
S10/20240628/00028,5,P104695,1,74.85,SALE,1719579400,S10,20240628
S10/20240628/00028,6,P106773,3,371.20,SALE,1719579400,S10,20240628
S10/20240628/00028,7,P106911,2,232.77,SALE,1719579400,S10,20240628
S10/20240628/00028,8,P108076,2,145.31,SALE,1719579400,S10,20240628
S10/20240628/00028,9,TAX,1,370.06,TAX,1719579400,S10,20240628
S10/20240628/00028,10,TENDER,1,3371.57,TENDER,1719579400,S10,20240628
S10/20240628/00029,1,P103871,2,196.47,SALE,1719605479,S10,20240628
S10/20240628/00029,2,P102494,1,11.95,SALE,1719605479,S10,20240628
S10/20240628/00029,3,P102569,2,116.37,SALE,1719605479,S10,20240628
S10/20240628/00029,4,P102305,2,116.95,SALE,1719605479,S10,20240628
S10/20240628/00029,5,P106997,2,39.70,SALE,1719605479,S10,20240628
S10/20240628/00029,6,P105797,1,254.07,SALE,1719605479,S10,20240628
S10/20240628/00029,7,DISC,1,-124.63,DISCOUNT,1719605479,S10,20240628
S10/20240628/00029,8,P103871,-2,196.47,VOID,1719605479,S10,20240628
S10/20240628/00029,9,P102494,-1,11.95,VOID,1719605479,S10,20240628
S10/20240628/00029,10,P102569,-2,116.37,VOID,1719605479,S10,20240628
S10/20240628/00029,11,P102305,-2,116.95,VOID,1719605479,S10,20240628
S10/20240628/00029,12,P106997,-2,39.70,VOID,1719605479,S10,20240628
S10/20240628/00029,13,P105797,-1,254.07,VOID,1719605479,S10,20240628
S10/20240628/00029,14,DISC,1,124.63,VOID,1719605479,S10,20240628
S10/20240628/00029,15,TAX,1,0.00,TAX,1719605479,S10,20240628
S10/20240628/00029,16,TENDER,1,0.00,TENDER,1719605479,S10,20240628
S10/20240628/00030,1,P104251,2,79.68,SALE,1719588900,S10,20240628
S10/20240628/00030,2,P108174,2,235.92,SALE,1719588900,S10,20240628
S10/20240628/00030,3,P107362,3,62.10,SALE,1719588900,S10,20240628
S10/20240628/00030,4,P101311,1,481.74,SALE,1719588900,S10,20240628
S10/20240628/00030,5,P104081,2,586.63,SALE,1719588900,S10,20240628
S10/20240628/00030,6,P105707,1,130.64,SALE,1719588900,S10,20240628
S10/20240628/00030,7,P102724,3,391.04,SALE,1719588900,S10,20240628
S10/20240628/00030,8,TAX,1,336.74,TAX,1719588900,S10,20240628
S10/20240628/00030,9,TENDER,1,4113.00,TENDER,1719588900,S10,20240628
S10/20240628/00031,1,P101263,3,604.45,SALE,1719592169,S10,20240628
S10/20240628/00031,2,P103719,1,957.52,SALE,1719592169,S10,20240628
S10/20240628/00031,3,P105562,3,422.85,SALE,1719592169,S10,20240628
S10/20240628/00031,4,P100577,2,277.95,SALE,1719592169,S10,20240628
S10/20240628/00031,5,TAX,1,769.71,TAX,1719592169,S10,20240628
S10/20240628/00031,6,TENDER,1,5365.03,TENDER,1719592169,S10,20240628
S10/20240628/00032,1,P102465,2,1410.14,SALE,1719594808,S10,20240628
S10/20240628/00032,2,P105377,2,262.95,SALE,1719594808,S10,20240628
S10/20240628/00032,3,P106528,1,832.82,SALE,1719594808,S10,20240628
S10/20240628/00032,4,P106802,1,689.06,SALE,1719594808,S10,20240628
S10/20240628/00032,5,TAX,1,338.51,TAX,1719594808,S10,20240628
S10/20240628/00032,6,TENDER,1,5206.57,TENDER,1719594808,S10,20240628
S10/20240628/00033,1,P104121,2,130.95,SALE,1719569839,S10,20240628
S10/20240628/00033,2,P100652,3,45.46,SALE,1719569839,S10,20240628
S10/20240628/00033,3,P103206,1,450.05,SALE,1719569839,S10,20240628
S10/20240628/00033,4,P105797,2,254.07,SALE,1719569839,S10,20240628
S10/20240628/00033,5,P102998,1,145.74,SALE,1719569839,S10,20240628
S10/20240628/00033,6,P107100,3,171.95,SALE,1719569839,S10,20240628
S10/20240628/00033,7,P102868,2,471.29,SALE,1719569839,S10,20240628
S10/20240628/00033,8,TAX,1,501.96,TAX,1719569839,S10,20240628
S10/20240628/00033,9,TENDER,1,3462.60,TENDER,1719569839,S10,20240628
S10/20240628/00034,1,P103074,3,52.85,SALE,1719595192,S10,20240628
S10/20240628/00034,2,P104902,2,445.79,SALE,1719595192,S10,20240628
S10/20240628/00034,3,P104079,2,69.84,SALE,1719595192,S10,20240628
S10/20240628/00034,4,TAX,1,189.02,TAX,1719595192,S10,20240628
S10/20240628/00034,5,TENDER,1,1378.83,TENDER,1719595192,S10,20240628
S10/20240628/00035,1,P107264,2,181.93,SALE,1719588606,S10,20240628
S10/20240628/00035,2,P102945,3,43.42,SALE,1719588606,S10,20240628
S10/20240628/00035,3,P100577,2,277.95,SALE,1719588606,S10,20240628
S10/20240628/00035,4,P102142,2,93.89,SALE,1719588606,S10,20240628
S10/20240628/00035,5,TAX,1,198.39,TAX,1719588606,S10,20240628
S10/20240628/00035,6,TENDER,1,1436.19,TENDER,1719588606,S10,20240628
S10/20240629/00001,1,P107807,1,118.66,SALE,1719669322,S10,20240629
S10/20240629/00001,2,P102035,1,493.95,SALE,1719669322,S10,20240629
S10/20240629/00001,3,P101106,2,542.84,SALE,1719669322,S10,20240629
S10/20240629/00001,4,P105988,2,29.57,SALE,1719669322,S10,20240629
S10/20240629/00001,5,TAX,1,87.87,TAX,1719669322,S10,20240629
S10/20240629/00001,6,TENDER,1,1845.30,TENDER,1719669322,S10,20240629
S10/20240629/00002,1,P106258,2,423.67,SALE,1719681578,S10,20240629
S10/20240629/00002,2,P106686,3,301.28,SALE,1719681578,S10,20240629
S10/20240629/00002,3,P106550,4,28.48,SALE,1719681578,S10,20240629
S10/20240629/00002,4,TAX,1,108.06,TAX,1719681578,S10,20240629
S10/20240629/00002,5,TENDER,1,1973.16,TENDER,1719681578,S10,20240629
S10/20240629/00003,1,P104765,2,401.36,SALE,1719689990,S10,20240629
S10/20240629/00003,2,P102998,2,145.74,SALE,1719689990,S10,20240629
S10/20240629/00003,3,P103946,2,328.70,SALE,1719689990,S10,20240629
S10/20240629/00003,4,P106282,2,420.65,SALE,1719689990,S10,20240629
S10/20240629/00003,5,P106710,2,93.71,SALE,1719689990,S10,20240629
S10/20240629/00003,6,P102353,4,139.83,SALE,1719689990,S10,20240629
S10/20240629/00003,7,P101458,3,1309.22,SALE,1719689990,S10,20240629
S10/20240629/00003,8,P100731,1,254.77,SALE,1719689990,S10,20240629
S10/20240629/00003,9,TAX,1,407.79,TAX,1719689990,S10,20240629
S10/20240629/00003,10,TENDER,1,7929.86,TENDER,1719689990,S10,20240629
S10/20240629/00004,1,P100348,2,478.95,SALE,1719680942,S10,20240629
S10/20240629/00004,2,P106584,2,248.90,SALE,1719680942,S10,20240629
S10/20240629/00004,3,P100339,1,299.99,SALE,1719680942,S10,20240629
S10/20240629/00004,4,TAX,1,101.89,TAX,1719680942,S10,20240629
S10/20240629/00004,5,TENDER,1,1857.58,TENDER,1719680942,S10,20240629
S10/20240629/00005,1,P106823,2,156.34,SALE,1719682086,S10,20240629
S10/20240629/00005,2,P101283,2,263.48,SALE,1719682086,S10,20240629
S10/20240629/00005,3,P104789,1,65.95,SALE,1719682086,S10,20240629
S10/20240629/00005,4,P103188,1,30.16,SALE,1719682086,S10,20240629
S10/20240629/00005,5,P108082,2,236.40,SALE,1719682086,S10,20240629
S10/20240629/00005,6,TAX,1,222.91,TAX,1719682086,S10,20240629
S10/20240629/00005,7,TENDER,1,1631.46,TENDER,1719682086,S10,20240629
S10/20240629/00006,1,P105440,3,107.89,SALE,1719682700,S10,20240629
S10/20240629/00006,2,P106209,2,182.34,SALE,1719682700,S10,20240629
S10/20240629/00006,3,P100319,2,48.05,SALE,1719682700,S10,20240629
S10/20240629/00006,4,P107400,1,274.90,SALE,1719682700,S10,20240629
S10/20240629/00006,5,P106802,3,689.06,SALE,1719682700,S10,20240629
S10/20240629/00006,6,TAX,1,217.59,TAX,1719682700,S10,20240629
S10/20240629/00006,7,TENDER,1,3344.12,TENDER,1719682700,S10,20240629
S10/20240629/00007,1,P104469,2,1548.25,SALE,1719691549,S10,20240629
S10/20240629/00007,2,P107822,2,69.77,SALE,1719691549,S10,20240629
S10/20240629/00007,3,P104567,1,141.21,SALE,1719691549,S10,20240629
S10/20240629/00007,4,TAX,1,413.64,TAX,1719691549,S10,20240629
S10/20240629/00007,5,TENDER,1,3790.89,TENDER,1719691549,S10,20240629
S10/20240629/00008,1,P104026,2,140.73,SALE,1719668814,S10,20240629
S10/20240629/00008,2,P108239,2,256.06,SALE,1719668814,S10,20240629
S10/20240629/00008,3,P105624,2,380.06,SALE,1719668814,S10,20240629
S10/20240629/00008,4,P107435,2,549.51,SALE,1719668814,S10,20240629
S10/20240629/00008,5,P105345,2,295.95,SALE,1719668814,S10,20240629
S10/20240629/00008,6,TAX,1,371.68,TAX,1719668814,S10,20240629
S10/20240629/00008,7,TENDER,1,3616.30,TENDER,1719668814,S10,20240629
S10/20240629/00009,1,P106084,1,592.14,SALE,1719679428,S10,20240629
S10/20240629/00009,2,P103811,3,801.95,SALE,1719679428,S10,20240629
S10/20240629/00009,3,DISC,1,-232.40,DISCOUNT,1719679428,S10,20240629
S10/20240629/00009,4,TAX,1,27.31,TAX,1719679428,S10,20240629
S10/20240629/00009,5,TENDER,1,2792.90,TENDER,1719679428,S10,20240629
S10/20240629/00010,1,P104226,1,303.01,SALE,1719675486,S10,20240629
S10/20240629/00010,2,P103964,2,134.21,SALE,1719675486,S10,20240629
S10/20240629/00010,3,P103934,1,260.38,SALE,1719675486,S10,20240629
S10/20240629/00010,4,P102383,2,10.62,SALE,1719675486,S10,20240629
S10/20240629/00010,5,P106958,1,124.03,SALE,1719675486,S10,20240629
S10/20240629/00010,6,TAX,1,86.44,TAX,1719675486,S10,20240629
S10/20240629/00010,7,TENDER,1,1063.52,TENDER,1719675486,S10,20240629
S10/20240629/00011,1,P106731,2,142.59,SALE,1719684784,S10,20240629
S10/20240629/00011,2,P104665,2,217.71,SALE,1719684784,S10,20240629
S10/20240629/00011,3,P107246,1,313.74,SALE,1719684784,S10,20240629
S10/20240629/00011,4,P106388,1,1042.36,SALE,1719684784,S10,20240629
S10/20240629/00011,5,P106697,3,342.69,SALE,1719684784,S10,20240629
S10/20240629/00011,6,P105860,3,674.13,SALE,1719684784,S10,20240629
S10/20240629/00011,7,P100879,2,159.93,SALE,1719684784,S10,20240629
S10/20240629/00011,8,TAX,1,333.21,TAX,1719684784,S10,20240629
S10/20240629/00011,9,TENDER,1,5780.23,TENDER,1719684784,S10,20240629
S10/20240629/00012,1,P101722,1,1331.86,SALE,1719669240,S10,20240629
S10/20240629/00012,2,P100838,2,37.95,SALE,1719669240,S10,20240629
S10/20240629/00012,3,TAX,1,70.39,TAX,1719669240,S10,20240629
S10/20240629/00012,4,TENDER,1,1478.15,TENDER,1719669240,S10,20240629
S10/20240629/00013,1,P102452,4,176.54,SALE,1719671846,S10,20240629
S10/20240629/00013,2,P106297,3,174.87,SALE,1719671846,S10,20240629
S10/20240629/00013,3,P100869,3,62.15,SALE,1719671846,S10,20240629
S10/20240629/00013,4,P105624,4,380.06,SALE,1719671846,S10,20240629
S10/20240629/00013,5,P101751,1,460.11,SALE,1719671846,S10,20240629
S10/20240629/00013,6,DISC,1,-181.08,DISCOUNT,1719671846,S10,20240629
S10/20240629/00013,7,TAX,1,294.37,TAX,1719671846,S10,20240629
S10/20240629/00013,8,TENDER,1,3510.86,TENDER,1719671846,S10,20240629
S10/20240629/00014,1,P100549,2,301.95,SALE,1719672932,S10,20240629
S10/20240629/00014,2,P103986,1,495.05,SALE,1719672932,S10,20240629
S10/20240629/00014,3,P105971,3,1150.46,SALE,1719672932,S10,20240629
S10/20240629/00014,4,P100019,4,64.89,SALE,1719672932,S10,20240629
S10/20240629/00014,5,TAX,1,380.87,TAX,1719672932,S10,20240629
S10/20240629/00014,6,TENDER,1,5190.76,TENDER,1719672932,S10,20240629
S10/20240629/00015,1,P105570,2,345.21,SALE,1719674329,S10,20240629
S10/20240629/00015,2,P102112,3,389.72,SALE,1719674329,S10,20240629
S10/20240629/00015,3,P106553,3,139.74,SALE,1719674329,S10,20240629
S10/20240629/00015,4,TAX,1,250.28,TAX,1719674329,S10,20240629
S10/20240629/00015,5,TENDER,1,2529.08,TENDER,1719674329,S10,20240629
S10/20240629/00016,1,P104665,3,217.71,SALE,1719704594,S10,20240629
S10/20240629/00016,2,P108144,3,253.94,SALE,1719704594,S10,20240629
S10/20240629/00016,3,TAX,1,169.79,TAX,1719704594,S10,20240629
S10/20240629/00016,4,TENDER,1,1584.74,TENDER,1719704594,S10,20240629
S10/20240629/00017,1,P107208,5,323.06,SALE,1719700032,S10,20240629
S10/20240629/00017,2,P101134,1,1071.76,SALE,1719700032,S10,20240629
S10/20240629/00017,3,P105838,2,594.50,SALE,1719700032,S10,20240629
S10/20240629/00017,4,P103934,1,260.38,SALE,1719700032,S10,20240629
S10/20240629/00017,5,TAX,1,127.63,TAX,1719700032,S10,20240629
S10/20240629/00017,6,TENDER,1,4264.07,TENDER,1719700032,S10,20240629
S10/20240629/00018,1,P103124,3,489.23,SALE,1719692731,S10,20240629
S10/20240629/00018,2,P101740,3,855.00,SALE,1719692731,S10,20240629
S10/20240629/00018,3,P101052,1,198.99,SALE,1719692731,S10,20240629
S10/20240629/00018,4,TAX,1,300.00,TAX,1719692731,S10,20240629
S10/20240629/00018,5,TENDER,1,4531.68,TENDER,1719692731,S10,20240629
S10/20240629/00019,1,P100555,-3,435.03,RETURN,1719665801,S10,20240629
S10/20240629/00019,2,P104257,-2,41.91,RETURN,1719665801,S10,20240629
S10/20240629/00019,3,P106288,-2,45.93,RETURN,1719665801,S10,20240629
S10/20240629/00019,4,P103542,-1,398.89,RETURN,1719665801,S10,20240629
S10/20240629/00019,5,TAX,1,-291.57,TAX,1719665801,S10,20240629
S10/20240629/00019,6,TENDER,1,-2171.23,TENDER,1719665801,S10,20240629
S10/20240629/00020,1,P108379,2,305.48,SALE,1719667779,S10,20240629
S10/20240629/00020,2,P107996,1,215.44,SALE,1719667779,S10,20240629
S10/20240629/00020,3,P100033,2,763.12,SALE,1719667779,S10,20240629
S10/20240629/00020,4,P100864,1,193.24,SALE,1719667779,S10,20240629
S10/20240629/00020,5,P103452,4,1033.70,SALE,1719667779,S10,20240629
S10/20240629/00020,6,P102954,2,122.32,SALE,1719667779,S10,20240629
S10/20240629/00020,7,P105997,3,109.75,SALE,1719667779,S10,20240629
S10/20240629/00020,8,DISC,1,-330.92,DISCOUNT,1719667779,S10,20240629
S10/20240629/00020,9,TAX,1,427.32,TAX,1719667779,S10,20240629
S10/20240629/00020,10,TENDER,1,7350.97,TENDER,1719667779,S10,20240629
S10/20240629/00021,1,P104285,-1,639.46,RETURN,1719675882,S10,20240629
S10/20240629/00021,2,P100850,-2,175.60,RETURN,1719675882,S10,20240629
S10/20240629/00021,3,TAX,1,-74.12,TAX,1719675882,S10,20240629
S10/20240629/00021,4,TENDER,1,-1064.78,TENDER,1719675882,S10,20240629
S10/20240629/00022,1,P100621,2,134.28,SALE,1719662425,S10,20240629
S10/20240629/00022,2,P107264,3,181.93,SALE,1719662425,S10,20240629
S10/20240629/00022,3,P104257,3,41.91,SALE,1719662425,S10,20240629
S10/20240629/00022,4,P104089,2,335.03,SALE,1719662425,S10,20240629
S10/20240629/00022,5,P106751,3,132.55,SALE,1719662425,S10,20240629
S10/20240629/00022,6,DISC,1,-114.98,DISCOUNT,1719662425,S10,20240629
S10/20240629/00022,7,TAX,1,276.56,TAX,1719662425,S10,20240629
S10/20240629/00022,8,TENDER,1,2169.37,TENDER,1719662425,S10,20240629
S10/20240629/00023,1,P104058,1,351.54,SALE,1719663210,S10,20240629
S10/20240629/00023,2,P107784,2,245.59,SALE,1719663210,S10,20240629
S10/20240629/00023,3,P107072,2,75.15,SALE,1719663210,S10,20240629
S10/20240629/00023,4,P105805,3,112.64,SALE,1719663210,S10,20240629
S10/20240629/00023,5,TAX,1,122.22,TAX,1719663210,S10,20240629
S10/20240629/00023,6,TENDER,1,1453.16,TENDER,1719663210,S10,20240629
S10/20240629/00024,1,P105030,1,211.39,SALE,1719667938,S10,20240629
S10/20240629/00024,2,P101101,3,74.25,SALE,1719667938,S10,20240629
S10/20240629/00024,3,TAX,1,64.78,TAX,1719667938,S10,20240629
S10/20240629/00024,4,TENDER,1,498.92,TENDER,1719667938,S10,20240629
S10/20240629/00025,1,P101884,1,352.98,SALE,1719670266,S10,20240629
S10/20240629/00025,2,P103090,2,805.95,SALE,1719670266,S10,20240629
S10/20240629/00025,3,P101779,2,198.09,SALE,1719670266,S10,20240629
S10/20240629/00025,4,P102166,2,52.54,SALE,1719670266,S10,20240629
S10/20240629/00025,5,TAX,1,161.68,TAX,1719670266,S10,20240629
S10/20240629/00025,6,TENDER,1,2627.82,TENDER,1719670266,S10,20240629
S10/20240629/00026,1,P106501,2,165.98,SALE,1719673945,S10,20240629
S10/20240629/00026,2,P107777,1,222.77,SALE,1719673945,S10,20240629
S10/20240629/00026,3,P106228,3,43.95,SALE,1719673945,S10,20240629
S10/20240629/00026,4,P105460,1,143.35,SALE,1719673945,S10,20240629
S10/20240629/00026,5,P100571,5,117.95,SALE,1719673945,S10,20240629
S10/20240629/00026,6,P105971,3,1150.46,SALE,1719673945,S10,20240629
S10/20240629/00026,7,TAX,1,388.01,TAX,1719673945,S10,20240629
S10/20240629/00026,8,TENDER,1,5259.07,TENDER,1719673945,S10,20240629
S10/20240629/00027,1,P102718,1,306.66,SALE,1719670713,S10,20240629
S10/20240629/00027,2,P102175,2,191.56,SALE,1719670713,S10,20240629
S10/20240629/00027,3,P105112,1,179.95,SALE,1719670713,S10,20240629
S10/20240629/00027,4,TAX,1,64.20,TAX,1719670713,S10,20240629
S10/20240629/00027,5,TENDER,1,933.93,TENDER,1719670713,S10,20240629
S10/20240629/00028,1,P102814,2,543.50,SALE,1719661431,S10,20240629
S10/20240629/00028,2,P100057,2,215.95,SALE,1719661431,S10,20240629
S10/20240629/00028,3,P105772,4,539.31,SALE,1719661431,S10,20240629
S10/20240629/00028,4,P103416,2,73.27,SALE,1719661431,S10,20240629
S10/20240629/00028,5,DISC,1,-76.87,DISCOUNT,1719661431,S10,20240629
S10/20240629/00028,6,TAX,1,510.38,TAX,1719661431,S10,20240629
S10/20240629/00028,7,TENDER,1,4256.19,TENDER,1719661431,S10,20240629
S10/20240629/00029,1,P108369,1,318.67,SALE,1719660286,S10,20240629
S10/20240629/00029,2,P101332,1,400.98,SALE,1719660286,S10,20240629
S10/20240629/00029,3,P102375,2,487.64,SALE,1719660286,S10,20240629
S10/20240629/00029,4,TAX,1,305.09,TAX,1719660286,S10,20240629
S10/20240629/00029,5,TENDER,1,2000.02,TENDER,1719660286,S10,20240629
S10/20240629/00030,1,P100428,1,122.83,SALE,1719668330,S10,20240629
S10/20240629/00030,2,P105855,3,128.68,SALE,1719668330,S10,20240629
S10/20240629/00030,3,P105460,2,151.95,SALE,1719668330,S10,20240629
S10/20240629/00030,4,TAX,1,74.00,TAX,1719668330,S10,20240629
S10/20240629/00030,5,TENDER,1,886.77,TENDER,1719668330,S10,20240629
S10/20240629/00031,1,P103202,4,262.07,SALE,1719648139,S10,20240629
S10/20240629/00031,2,P106300,4,387.92,SALE,1719648139,S10,20240629
S10/20240629/00031,3,P102640,2,241.34,SALE,1719648139,S10,20240629
S10/20240629/00031,4,TAX,1,398.88,TAX,1719648139,S10,20240629
S10/20240629/00031,5,TENDER,1,3481.52,TENDER,1719648139,S10,20240629
S10/20240629/00032,1,P102814,2,543.50,SALE,1719659607,S10,20240629
S10/20240629/00032,2,P104944,1,46.58,SALE,1719659607,S10,20240629
S10/20240629/00032,3,P103159,1,1193.28,SALE,1719659607,S10,20240629
S10/20240629/00032,4,P105789,1,42.75,SALE,1719659607,S10,20240629
S10/20240629/00032,5,P103591,2,102.70,SALE,1719659607,S10,20240629
S10/20240629/00032,6,P106550,1,28.48,SALE,1719659607,S10,20240629
S10/20240629/00032,7,TAX,1,112.53,TAX,1719659607,S10,20240629
S10/20240629/00032,8,TENDER,1,2716.02,TENDER,1719659607,S10,20240629
S10/20240629/00033,1,P104858,4,297.94,SALE,1719682100,S10,20240629
S10/20240629/00033,2,P101428,4,394.08,SALE,1719682100,S10,20240629
S10/20240629/00033,3,P103999,2,118.59,SALE,1719682100,S10,20240629
S10/20240629/00033,4,TAX,1,438.61,TAX,1719682100,S10,20240629
S10/20240629/00033,5,TENDER,1,3443.87,TENDER,1719682100,S10,20240629
S10/20240629/00034,1,P104372,2,105.38,SALE,1719691242,S10,20240629
S10/20240629/00034,2,P104665,2,217.71,SALE,1719691242,S10,20240629
S10/20240629/00034,3,P103712,2,481.86,SALE,1719691242,S10,20240629
S10/20240629/00034,4,P106181,2,778.60,SALE,1719691242,S10,20240629
S10/20240629/00034,5,TAX,1,178.43,TAX,1719691242,S10,20240629
S10/20240629/00034,6,TENDER,1,3345.53,TENDER,1719691242,S10,20240629
S10/20240629/00035,1,P104187,3,86.95,SALE,1719683869,S10,20240629
S10/20240629/00035,2,P101626,4,1040.69,SALE,1719683869,S10,20240629
S10/20240629/00035,3,P101851,1,1750.29,SALE,1719683869,S10,20240629
S10/20240629/00035,4,P104121,1,130.95,SALE,1719683869,S10,20240629
S10/20240629/00035,5,P104277,2,136.79,SALE,1719683869,S10,20240629
S10/20240629/00035,6,TAX,1,568.97,TAX,1719683869,S10,20240629
S10/20240629/00035,7,TENDER,1,7147.40,TENDER,1719683869,S10,20240629
S10/20240629/00036,1,P103886,2,302.49,SALE,1719675958,S10,20240629
S10/20240629/00036,2,P107018,2,187.58,SALE,1719675958,S10,20240629
S10/20240629/00036,3,P106989,1,24.76,SALE,1719675958,S10,20240629
S10/20240629/00036,4,P101242,2,83.48,SALE,1719675958,S10,20240629
S10/20240629/00036,5,DISC,1,-128.70,DISCOUNT,1719675958,S10,20240629
S10/20240629/00036,6,TAX,1,47.42,TAX,1719675958,S10,20240629
S10/20240629/00036,7,TENDER,1,1090.58,TENDER,1719675958,S10,20240629
S10/20240629/00037,1,P108131,2,611.06,SALE,1719659671,S10,20240629
S10/20240629/00037,2,P106848,1,16.02,SALE,1719659671,S10,20240629
S10/20240629/00037,3,P104772,2,332.47,SALE,1719659671,S10,20240629
S10/20240629/00037,4,P104965,2,88.45,SALE,1719659671,S10,20240629
S10/20240629/00037,5,TAX,1,189.64,TAX,1719659671,S10,20240629
S10/20240629/00037,6,TENDER,1,2269.62,TENDER,1719659671,S10,20240629
S10/20240629/00038,1,P104715,1,152.16,SALE,1719687362,S10,20240629
S10/20240629/00038,2,P107110,1,78.35,SALE,1719687362,S10,20240629
S10/20240629/00038,3,P103372,2,43.95,SALE,1719687362,S10,20240629
S10/20240629/00038,4,P101638,1,373.95,SALE,1719687362,S10,20240629
S10/20240629/00038,5,P100632,1,331.55,SALE,1719687362,S10,20240629
S10/20240629/00038,6,TAX,1,161.87,TAX,1719687362,S10,20240629
S10/20240629/00038,7,TENDER,1,1185.78,TENDER,1719687362,S10,20240629
S10/20240629/00039,1,P104372,1,105.38,SALE,1719703789,S10,20240629
S10/20240629/00039,2,P104257,4,41.91,SALE,1719703789,S10,20240629
S10/20240629/00039,3,P101279,2,237.59,SALE,1719703789,S10,20240629
S10/20240629/00039,4,P105695,1,158.81,SALE,1719703789,S10,20240629
S10/20240629/00039,5,P105747,2,287.56,SALE,1719703789,S10,20240629
S10/20240629/00039,6,TAX,1,125.11,TAX,1719703789,S10,20240629
S10/20240629/00039,7,TENDER,1,1607.24,TENDER,1719703789,S10,20240629
S10/20240629/00040,1,P106501,4,165.98,SALE,1719681942,S10,20240629
S10/20240629/00040,2,P105460,4,143.35,SALE,1719681942,S10,20240629
S10/20240629/00040,3,P103918,2,527.10,SALE,1719681942,S10,20240629
S10/20240629/00040,4,P100985,1,288.61,SALE,1719681942,S10,20240629
S10/20240629/00040,5,TAX,1,327.38,TAX,1719681942,S10,20240629
S10/20240629/00040,6,TENDER,1,2907.51,TENDER,1719681942,S10,20240629
S10/20240629/00041,1,P103111,2,40.41,SALE,1719681115,S10,20240629
S10/20240629/00041,2,P107266,2,69.30,SALE,1719681115,S10,20240629
S10/20240629/00041,3,P101208,2,521.19,SALE,1719681115,S10,20240629
S10/20240629/00041,4,DISC,1,-46.52,DISCOUNT,1719681115,S10,20240629
S10/20240629/00041,5,TAX,1,10.57,TAX,1719681115,S10,20240629
S10/20240629/00041,6,TENDER,1,1225.85,TENDER,1719681115,S10,20240629
S10/20240629/00042,1,P103886,2,302.49,SALE,1719653983,S10,20240629
S10/20240629/00042,2,P100406,1,435.20,SALE,1719653983,S10,20240629
S10/20240629/00042,3,P102982,2,256.21,SALE,1719653983,S10,20240629
S10/20240629/00042,4,P105302,3,281.37,SALE,1719653983,S10,20240629
S10/20240629/00042,5,P106679,1,181.66,SALE,1719653983,S10,20240629
S10/20240629/00042,6,P103882,1,269.95,SALE,1719653983,S10,20240629
S10/20240629/00042,7,TAX,1,204.79,TAX,1719653983,S10,20240629
S10/20240629/00042,8,TENDER,1,3053.11,TENDER,1719653983,S10,20240629
S10/20240629/00043,1,P101751,3,460.11,SALE,1719688143,S10,20240629
S10/20240629/00043,2,P107920,1,109.22,SALE,1719688143,S10,20240629
S10/20240629/00043,3,P107158,1,150.12,SALE,1719688143,S10,20240629
S10/20240629/00043,4,P107047,2,413.27,SALE,1719688143,S10,20240629
S10/20240629/00043,5,P105351,2,102.95,SALE,1719688143,S10,20240629
S10/20240629/00043,6,TAX,1,431.39,TAX,1719688143,S10,20240629
S10/20240629/00043,7,TENDER,1,3103.50,TENDER,1719688143,S10,20240629
S10/20240629/00044,1,P102972,1,250.10,SALE,1719681482,S10,20240629
S10/20240629/00044,2,P106611,2,341.44,SALE,1719681482,S10,20240629
S10/20240629/00044,3,P100441,2,419.95,SALE,1719681482,S10,20240629
S10/20240629/00044,4,P104645,2,1052.62,SALE,1719681482,S10,20240629
S10/20240629/00044,5,P104733,2,627.95,SALE,1719681482,S10,20240629
S10/20240629/00044,6,TAX,1,438.81,TAX,1719681482,S10,20240629
S10/20240629/00044,7,TENDER,1,5572.83,TENDER,1719681482,S10,20240629
S10/20240629/00045,1,P106865,1,299.72,SALE,1719690100,S10,20240629
S10/20240629/00045,2,P104772,2,332.47,SALE,1719690100,S10,20240629
S10/20240629/00045,3,P101345,2,69.59,SALE,1719690100,S10,20240629
S10/20240629/00045,4,TAX,1,180.60,TAX,1719690100,S10,20240629
S10/20240629/00045,5,TENDER,1,1284.44,TENDER,1719690100,S10,20240629
S10/20240629/00046,1,P106648,2,330.96,SALE,1719687950,S10,20240629
S10/20240629/00046,2,P101515,5,58.58,SALE,1719687950,S10,20240629
S10/20240629/00046,3,P105127,3,62.95,SALE,1719687950,S10,20240629
S10/20240629/00046,4,P102636,3,114.77,SALE,1719687950,S10,20240629
S10/20240629/00046,5,TAX,1,59.75,TAX,1719687950,S10,20240629
S10/20240629/00046,6,TENDER,1,1547.73,TENDER,1719687950,S10,20240629
S10/20240629/00047,1,P102103,2,345.70,SALE,1719685967,S10,20240629
S10/20240629/00047,2,P101864,1,101.95,SALE,1719685967,S10,20240629
S10/20240629/00047,3,P106989,2,24.76,SALE,1719685967,S10,20240629
S10/20240629/00047,4,P104462,3,86.38,SALE,1719685967,S10,20240629
S10/20240629/00047,5,DISC,1,-104.53,DISCOUNT,1719685967,S10,20240629
S10/20240629/00047,6,TAX,1,149.05,TAX,1719685967,S10,20240629
S10/20240629/00047,7,TENDER,1,1146.53,TENDER,1719685967,S10,20240629
S10/20240629/00048,1,P106424,6,535.14,SALE,1719667750,S10,20240629
S10/20240629/00048,2,P105855,1,128.68,SALE,1719667750,S10,20240629
S10/20240629/00048,3,P105636,2,543.66,SALE,1719667750,S10,20240629
S10/20240629/00048,4,P100172,2,180.89,SALE,1719667750,S10,20240629
S10/20240629/00048,5,P102397,2,355.28,SALE,1719667750,S10,20240629
S10/20240629/00048,6,P102383,2,10.62,SALE,1719667750,S10,20240629
S10/20240629/00048,7,P107190,1,223.50,SALE,1719667750,S10,20240629
S10/20240629/00048,8,TAX,1,314.39,TAX,1719667750,S10,20240629
S10/20240629/00048,9,TENDER,1,6058.31,TENDER,1719667750,S10,20240629
S10/20240629/00049,1,P107089,2,208.16,SALE,1719675463,S10,20240629
S10/20240629/00049,2,P104008,2,116.02,SALE,1719675463,S10,20240629
S10/20240629/00049,3,P105971,1,1150.46,SALE,1719675463,S10,20240629
S10/20240629/00049,4,P102933,1,614.03,SALE,1719675463,S10,20240629
S10/20240629/00049,5,P103452,3,1033.70,SALE,1719675463,S10,20240629
S10/20240629/00049,6,P102516,1,1272.67,SALE,1719675463,S10,20240629
S10/20240629/00049,7,TAX,1,382.31,TAX,1719675463,S10,20240629
S10/20240629/00049,8,TENDER,1,7168.93,TENDER,1719675463,S10,20240629
S10/20240629/00050,1,P100121,1,107.67,SALE,1719659751,S10,20240629
S10/20240629/00050,2,P103022,2,47.95,SALE,1719659751,S10,20240629
S10/20240629/00050,3,TAX,1,16.89,TAX,1719659751,S10,20240629
S10/20240629/00050,4,TENDER,1,220.46,TENDER,1719659751,S10,20240629
S10/20240629/00051,1,P105460,3,143.35,SALE,1719665951,S10,20240629
S10/20240629/00051,2,P106106,2,219.14,SALE,1719665951,S10,20240629
S10/20240629/00051,3,P105425,2,153.55,SALE,1719665951,S10,20240629
S10/20240629/00051,4,P100239,3,352.95,SALE,1719665951,S10,20240629
S10/20240629/00051,5,P102833,3,680.71,SALE,1719665951,S10,20240629
S10/20240629/00051,6,P104651,6,540.51,SALE,1719665951,S10,20240629
S10/20240629/00051,7,P105553,2,764.76,SALE,1719665951,S10,20240629
S10/20240629/00051,8,P105176,4,509.66,SALE,1719665951,S10,20240629
S10/20240629/00051,9,P103563,2,23.04,SALE,1719665951,S10,20240629
S10/20240629/00051,10,P105614,2,652.27,SALE,1719665951,S10,20240629
S10/20240629/00051,11,TAX,1,1583.60,TAX,1719665951,S10,20240629
S10/20240629/00051,12,TENDER,1,14021.85,TENDER,1719665951,S10,20240629
S10/20240629/00052,1,P107597,3,519.83,SALE,1719684304,S10,20240629
S10/20240629/00052,2,P106765,3,270.40,SALE,1719684304,S10,20240629
S10/20240629/00052,3,P101570,3,288.76,SALE,1719684304,S10,20240629
S10/20240629/00052,4,P106059,2,317.68,SALE,1719684304,S10,20240629
S10/20240629/00052,5,P105453,1,393.95,SALE,1719684304,S10,20240629
S10/20240629/00052,6,P103062,2,179.06,SALE,1719684304,S10,20240629
S10/20240629/00052,7,DISC,1,-405.18,DISCOUNT,1719684304,S10,20240629
S10/20240629/00052,8,TAX,1,484.59,TAX,1719684304,S10,20240629
S10/20240629/00052,9,TENDER,1,4703.81,TENDER,1719684304,S10,20240629
S10/20240629/00053,1,P106891,2,642.78,SALE,1719684357,S10,20240629
S10/20240629/00053,2,P108008,4,128.46,SALE,1719684357,S10,20240629
S10/20240629/00053,3,P107089,1,208.16,SALE,1719684357,S10,20240629
S10/20240629/00053,4,P100221,3,140.95,SALE,1719684357,S10,20240629
S10/20240629/00053,5,P103068,3,151.27,SALE,1719684357,S10,20240629
S10/20240629/00053,6,P102054,1,133.39,SALE,1719684357,S10,20240629
S10/20240629/00053,7,P106528,1,832.82,SALE,1719684357,S10,20240629
S10/20240629/00053,8,P101177,3,150.26,SALE,1719684357,S10,20240629
S10/20240629/00053,9,TAX,1,369.76,TAX,1719684357,S10,20240629
S10/20240629/00053,10,TENDER,1,4670.97,TENDER,1719684357,S10,20240629
S10/20240629/00054,1,P103372,2,43.95,SALE,1719679012,S10,20240629
S10/20240629/00054,2,P101570,2,288.76,SALE,1719679012,S10,20240629
S10/20240629/00054,3,P104372,2,105.38,SALE,1719679012,S10,20240629
S10/20240629/00054,4,P105260,2,72.61,SALE,1719679012,S10,20240629
S10/20240629/00054,5,P101876,2,71.32,SALE,1719679012,S10,20240629
S10/20240629/00054,6,P105980,3,263.95,SALE,1719679012,S10,20240629
S10/20240629/00054,7,TAX,1,215.24,TAX,1719679012,S10,20240629
S10/20240629/00054,8,TENDER,1,2171.13,TENDER,1719679012,S10,20240629
S10/20240629/00055,1,P103839,2,213.95,SALE,1719679399,S10,20240629
S10/20240629/00055,2,P101367,3,485.76,SALE,1719679399,S10,20240629
S10/20240629/00055,3,P103584,4,402.02,SALE,1719679399,S10,20240629
S10/20240629/00055,4,P101279,3,237.59,SALE,1719679399,S10,20240629
S10/20240629/00055,5,P100627,2,415.95,SALE,1719679399,S10,20240629
S10/20240629/00055,6,P107943,4,252.32,SALE,1719679399,S10,20240629
S10/20240629/00055,7,P106823,3,156.34,SALE,1719679399,S10,20240629
S10/20240629/00055,8,DISC,1,-142.29,DISCOUNT,1719679399,S10,20240629
S10/20240629/00055,9,P103839,-2,213.95,VOID,1719679399,S10,20240629
S10/20240629/00055,10,P101367,-3,485.76,VOID,1719679399,S10,20240629
S10/20240629/00055,11,P103584,-4,402.02,VOID,1719679399,S10,20240629
S10/20240629/00055,12,P101279,-3,237.59,VOID,1719679399,S10,20240629
S10/20240629/00055,13,P100627,-2,415.95,VOID,1719679399,S10,20240629
S10/20240629/00055,14,P107943,-4,252.32,VOID,1719679399,S10,20240629
S10/20240629/00055,15,P106823,-3,156.34,VOID,1719679399,S10,20240629
S10/20240629/00055,16,DISC,1,142.29,VOID,1719679399,S10,20240629
S10/20240629/00055,17,TAX,1,0.00,TAX,1719679399,S10,20240629
S10/20240629/00055,18,TENDER,1,0.00,TENDER,1719679399,S10,20240629
S10/20240629/00056,1,P106344,4,801.30,SALE,1719679320,S10,20240629
S10/20240629/00056,2,P100164,1,593.34,SALE,1719679320,S10,20240629
S10/20240629/00056,3,P102903,1,51.46,SALE,1719679320,S10,20240629
S10/20240629/00056,4,TAX,1,116.06,TAX,1719679320,S10,20240629
S10/20240629/00056,5,TENDER,1,3966.06,TENDER,1719679320,S10,20240629
S10/20240629/00057,1,P100595,1,388.65,SALE,1719684408,S10,20240629
S10/20240629/00057,2,P107767,3,510.38,SALE,1719684408,S10,20240629
S10/20240629/00057,3,P106288,1,45.93,SALE,1719684408,S10,20240629
S10/20240629/00057,4,P101507,1,635.95,SALE,1719684408,S10,20240629
S10/20240629/00057,5,P102014,3,261.84,SALE,1719684408,S10,20240629
S10/20240629/00057,6,DISC,1,-205.94,DISCOUNT,1719684408,S10,20240629
S10/20240629/00057,7,TAX,1,280.52,TAX,1719684408,S10,20240629
S10/20240629/00057,8,TENDER,1,3461.77,TENDER,1719684408,S10,20240629
S10/20240629/00058,1,P108017,4,103.22,SALE,1719673450,S10,20240629
S10/20240629/00058,2,P103946,2,302.40,SALE,1719673450,S10,20240629
S10/20240629/00058,3,P107242,1,589.95,SALE,1719673450,S10,20240629
S10/20240629/00058,4,P106151,1,298.42,SALE,1719673450,S10,20240629
S10/20240629/00058,5,P102175,2,191.56,SALE,1719673450,S10,20240629
S10/20240629/00058,6,DISC,1,-139.89,DISCOUNT,1719673450,S10,20240629
S10/20240629/00058,7,TAX,1,61.32,TAX,1719673450,S10,20240629
S10/20240629/00058,8,TENDER,1,2210.60,TENDER,1719673450,S10,20240629
S10/20240629/00059,1,P108110,3,15.95,SALE,1719677354,S10,20240629
S10/20240629/00059,2,P107215,1,153.85,SALE,1719677354,S10,20240629
S10/20240629/00059,3,P104219,2,249.74,SALE,1719677354,S10,20240629
S10/20240629/00059,4,P100850,1,175.60,SALE,1719677354,S10,20240629
S10/20240629/00059,5,P100106,4,318.86,SALE,1719677354,S10,20240629
S10/20240629/00059,6,P105307,2,863.64,SALE,1719677354,S10,20240629
S10/20240629/00059,7,P104133,3,248.31,SALE,1719677354,S10,20240629
S10/20240629/00059,8,TAX,1,424.03,TAX,1719677354,S10,20240629
S10/20240629/00059,9,TENDER,1,5048.46,TENDER,1719677354,S10,20240629
S10/20240629/00060,1,P107294,3,83.95,SALE,1719671986,S10,20240629
S10/20240629/00060,2,P107568,1,147.18,SALE,1719671986,S10,20240629
S10/20240629/00060,3,P107330,2,115.95,SALE,1719671986,S10,20240629
S10/20240629/00060,4,P104058,2,351.54,SALE,1719671986,S10,20240629
S10/20240629/00060,5,P103118,1,42.98,SALE,1719671986,S10,20240629
S10/20240629/00060,6,P101547,1,62.01,SALE,1719671986,S10,20240629
S10/20240629/00060,7,P103922,2,51.00,SALE,1719671986,S10,20240629
S10/20240629/00060,8,TAX,1,211.86,TAX,1719671986,S10,20240629
S10/20240629/00060,9,TENDER,1,1752.86,TENDER,1719671986,S10,20240629
S10/20240629/00061,1,P104965,1,88.45,SALE,1719692945,S10,20240629
S10/20240629/00061,2,P108234,1,33.09,SALE,1719692945,S10,20240629
S10/20240629/00061,3,P104081,2,586.63,SALE,1719692945,S10,20240629
S10/20240629/00061,4,TAX,1,10.38,TAX,1719692945,S10,20240629
S10/20240629/00061,5,TENDER,1,1305.18,TENDER,1719692945,S10,20240629
S10/20240629/00062,1,P107662,1,330.01,SALE,1719678921,S10,20240629
S10/20240629/00062,2,P106907,1,321.26,SALE,1719678921,S10,20240629
S10/20240629/00062,3,P101393,1,32.95,SALE,1719678921,S10,20240629
S10/20240629/00062,4,P105145,3,763.65,SALE,1719678921,S10,20240629
S10/20240629/00062,5,P103757,3,147.98,SALE,1719678921,S10,20240629
S10/20240629/00062,6,TAX,1,83.25,TAX,1719678921,S10,20240629
S10/20240629/00062,7,TENDER,1,3502.36,TENDER,1719678921,S10,20240629
S10/20240629/00063,1,P107115,1,172.62,SALE,1719660143,S10,20240629
S10/20240629/00063,2,P106270,3,308.83,SALE,1719660143,S10,20240629
S10/20240629/00063,3,P107914,3,231.95,SALE,1719660143,S10,20240629
S10/20240629/00063,4,TAX,1,133.88,TAX,1719660143,S10,20240629
S10/20240629/00063,5,TENDER,1,1928.84,TENDER,1719660143,S10,20240629
S10/20240629/00064,1,P107575,3,65.95,SALE,1719677230,S10,20240629
S10/20240629/00064,2,P104512,2,94.53,SALE,1719677230,S10,20240629
S10/20240629/00064,3,P103374,2,34.95,SALE,1719677230,S10,20240629
S10/20240629/00064,4,P106323,2,218.99,SALE,1719677230,S10,20240629
S10/20240629/00064,5,P102054,3,133.39,SALE,1719677230,S10,20240629
S10/20240629/00064,6,P107508,1,1537.63,SALE,1719677230,S10,20240629
S10/20240629/00064,7,TAX,1,248.46,TAX,1719677230,S10,20240629
S10/20240629/00064,8,TENDER,1,3081.05,TENDER,1719677230,S10,20240629
S10/20240629/00065,1,P104625,3,265.44,SALE,1719684419,S10,20240629
S10/20240629/00065,2,TAX,1,0.00,TAX,1719684419,S10,20240629
S10/20240629/00065,3,TENDER,1,796.32,TENDER,1719684419,S10,20240629
S10/20240629/00066,1,P104842,2,357.87,SALE,1719683177,S10,20240629
S10/20240629/00066,2,P107472,1,60.81,SALE,1719683177,S10,20240629
S10/20240629/00066,3,P108149,3,985.90,SALE,1719683177,S10,20240629
S10/20240629/00066,4,P104160,2,258.87,SALE,1719683177,S10,20240629
S10/20240629/00066,5,P101827,1,139.26,SALE,1719683177,S10,20240629
S10/20240629/00066,6,TAX,1,95.89,TAX,1719683177,S10,20240629
S10/20240629/00066,7,TENDER,1,4487.14,TENDER,1719683177,S10,20240629
S10/20240629/00067,1,P101669,1,49.56,SALE,1719676150,S10,20240629
S10/20240629/00067,2,P105707,2,130.64,SALE,1719676150,S10,20240629
S10/20240629/00067,3,P103743,1,1117.90,SALE,1719676150,S10,20240629
S10/20240629/00067,4,P103222,1,357.87,SALE,1719676150,S10,20240629
S10/20240629/00067,5,P102129,4,252.76,SALE,1719676150,S10,20240629
S10/20240629/00067,6,P105483,3,160.65,SALE,1719676150,S10,20240629
S10/20240629/00067,7,DISC,1,-181.76,DISCOUNT,1719676150,S10,20240629
S10/20240629/00067,8,TAX,1,202.21,TAX,1719676150,S10,20240629
S10/20240629/00067,9,TENDER,1,3300.05,TENDER,1719676150,S10,20240629
S10/20240629/00068,1,P102181,1,1586.03,SALE,1719681176,S10,20240629
S10/20240629/00068,2,P104320,1,128.95,SALE,1719681176,S10,20240629
S10/20240629/00068,3,P102346,3,79.95,SALE,1719681176,S10,20240629
S10/20240629/00068,4,P101789,2,336.02,SALE,1719681176,S10,20240629
S10/20240629/00068,5,P105827,1,98.42,SALE,1719681176,S10,20240629
S10/20240629/00068,6,TAX,1,67.31,TAX,1719681176,S10,20240629
S10/20240629/00068,7,TENDER,1,2792.60,TENDER,1719681176,S10,20240629
S10/20240629/00069,1,P105878,1,282.35,SALE,1719681550,S10,20240629
S10/20240629/00069,2,P102814,1,543.50,SALE,1719681550,S10,20240629
S10/20240629/00069,3,P102975,2,226.32,SALE,1719681550,S10,20240629
S10/20240629/00069,4,TAX,1,122.77,TAX,1719681550,S10,20240629
S10/20240629/00069,5,TENDER,1,1401.26,TENDER,1719681550,S10,20240629
S10/20240630/00001,1,P105136,2,158.61,SALE,1719763306,S10,20240630
S10/20240630/00001,2,P101225,2,452.38,SALE,1719763306,S10,20240630
S10/20240630/00001,3,P101311,2,481.74,SALE,1719763306,S10,20240630
S10/20240630/00001,4,P101454,1,130.95,SALE,1719763306,S10,20240630
S10/20240630/00001,5,P105176,3,560.63,SALE,1719763306,S10,20240630
S10/20240630/00001,6,P107145,4,235.69,SALE,1719763306,S10,20240630
S10/20240630/00001,7,TAX,1,588.33,TAX,1719763306,S10,20240630
S10/20240630/00001,8,TENDER,1,5529.39,TENDER,1719763306,S10,20240630
S10/20240630/00002,1,P108258,2,54.62,SALE,1719754139,S10,20240630
S10/20240630/00002,2,P104378,2,95.33,SALE,1719754139,S10,20240630
S10/20240630/00002,3,P105988,4,29.57,SALE,1719754139,S10,20240630
S10/20240630/00002,4,P105908,3,677.70,SALE,1719754139,S10,20240630
S10/20240630/00002,5,P107799,1,738.35,SALE,1719754139,S10,20240630
S10/20240630/00002,6,P100509,2,154.51,SALE,1719754139,S10,20240630
S10/20240630/00002,7,P104155,1,144.69,SALE,1719754139,S10,20240630
S10/20240630/00002,8,P102081,2,164.15,SALE,1719754139,S10,20240630
S10/20240630/00002,9,TAX,1,261.57,TAX,1719754139,S10,20240630
S10/20240630/00002,10,TENDER,1,4233.21,TENDER,1719754139,S10,20240630
S10/20240630/00003,1,P107799,2,738.35,SALE,1719758501,S10,20240630
S10/20240630/00003,2,P106975,1,136.95,SALE,1719758501,S10,20240630
S10/20240630/00003,3,P105236,1,552.60,SALE,1719758501,S10,20240630
S10/20240630/00003,4,P105698,2,186.46,SALE,1719758501,S10,20240630
S10/20240630/00003,5,P105980,1,263.95,SALE,1719758501,S10,20240630
S10/20240630/00003,6,P101570,2,288.76,SALE,1719758501,S10,20240630
S10/20240630/00003,7,DISC,1,-258.64,DISCOUNT,1719758501,S10,20240630
S10/20240630/00003,8,TAX,1,307.43,TAX,1719758501,S10,20240630
S10/20240630/00003,9,TENDER,1,3429.43,TENDER,1719758501,S10,20240630
S10/20240630/00004,1,P105518,3,729.30,SALE,1719762525,S10,20240630
S10/20240630/00004,2,P105418,2,243.05,SALE,1719762525,S10,20240630
S10/20240630/00004,3,P106473,4,298.68,SALE,1719762525,S10,20240630
S10/20240630/00004,4,TAX,1,696.37,TAX,1719762525,S10,20240630
S10/20240630/00004,5,TENDER,1,4565.09,TENDER,1719762525,S10,20240630
S10/20240630/00005,1,P105345,3,295.95,SALE,1719753086,S10,20240630
S10/20240630/00005,2,P103259,2,298.27,SALE,1719753086,S10,20240630
S10/20240630/00005,3,P106357,1,1078.45,SALE,1719753086,S10,20240630
S10/20240630/00005,4,P102160,2,221.62,SALE,1719753086,S10,20240630
S10/20240630/00005,5,TAX,1,227.00,TAX,1719753086,S10,20240630
S10/20240630/00005,6,TENDER,1,3233.08,TENDER,1719753086,S10,20240630
S10/20240630/00006,1,P105965,1,61.37,SALE,1719759254,S10,20240630
S10/20240630/00006,2,P106948,1,180.07,SALE,1719759254,S10,20240630
S10/20240630/00006,3,P105236,1,552.60,SALE,1719759254,S10,20240630
S10/20240630/00006,4,P103435,3,443.24,SALE,1719759254,S10,20240630
S10/20240630/00006,5,P100791,1,40.18,SALE,1719759254,S10,20240630
S10/20240630/00006,6,P103438,1,187.96,SALE,1719759254,S10,20240630
S10/20240630/00006,7,P104902,1,472.54,SALE,1719759254,S10,20240630
S10/20240630/00006,8,P101923,2,484.95,SALE,1719759254,S10,20240630
S10/20240630/00006,9,TAX,1,588.78,TAX,1719759254,S10,20240630
S10/20240630/00006,10,TENDER,1,4383.12,TENDER,1719759254,S10,20240630
S10/20240630/00007,1,P101603,1,911.37,SALE,1719764571,S10,20240630
S10/20240630/00007,2,P102432,3,819.74,SALE,1719764571,S10,20240630
S10/20240630/00007,3,P107903,1,22.86,SALE,1719764571,S10,20240630
S10/20240630/00007,4,P104533,2,271.68,SALE,1719764571,S10,20240630
S10/20240630/00007,5,P103584,1,402.02,SALE,1719764571,S10,20240630
S10/20240630/00007,6,TAX,1,508.12,TAX,1719764571,S10,20240630
S10/20240630/00007,7,TENDER,1,4846.95,TENDER,1719764571,S10,20240630
S10/20240630/00008,1,P107215,2,153.85,SALE,1719764652,S10,20240630
S10/20240630/00008,2,P106344,1,801.30,SALE,1719764652,S10,20240630
S10/20240630/00008,3,P104351,1,1128.29,SALE,1719764652,S10,20240630
S10/20240630/00008,4,TAX,1,93.34,TAX,1719764652,S10,20240630
S10/20240630/00008,5,TENDER,1,2330.63,TENDER,1719764652,S10,20240630
S10/20240630/00009,1,P102342,2,99.85,SALE,1719757757,S10,20240630
S10/20240630/00009,2,P102006,4,1553.68,SALE,1719757757,S10,20240630
S10/20240630/00009,3,P102794,1,416.24,SALE,1719757757,S10,20240630
S10/20240630/00009,4,TAX,1,23.96,TAX,1719757757,S10,20240630
S10/20240630/00009,5,TENDER,1,6854.62,TENDER,1719757757,S10,20240630
S10/20240630/00010,1,P104600,3,51.61,SALE,1719749142,S10,20240630
S10/20240630/00010,2,P104133,2,248.31,SALE,1719749142,S10,20240630
S10/20240630/00010,3,P106004,2,137.38,SALE,1719749142,S10,20240630
S10/20240630/00010,4,P107654,3,363.70,SALE,1719749142,S10,20240630
S10/20240630/00010,5,TAX,1,152.41,TAX,1719749142,S10,20240630
S10/20240630/00010,6,TENDER,1,2169.72,TENDER,1719749142,S10,20240630
S10/20240630/00011,1,P104194,2,119.04,SALE,1719778185,S10,20240630
S10/20240630/00011,2,P100276,2,965.56,SALE,1719778185,S10,20240630
S10/20240630/00011,3,P103661,2,125.81,SALE,1719778185,S10,20240630
S10/20240630/00011,4,P102975,5,226.32,SALE,1719778185,S10,20240630
S10/20240630/00011,5,P100840,1,248.08,SALE,1719778185,S10,20240630
S10/20240630/00011,6,P105684,1,1114.27,SALE,1719778185,S10,20240630
S10/20240630/00011,7,P104789,2,65.95,SALE,1719778185,S10,20240630
S10/20240630/00011,8,P106391,1,747.95,SALE,1719778185,S10,20240630
S10/20240630/00011,9,P101599,2,417.76,SALE,1719778185,S10,20240630
S10/20240630/00011,10,TAX,1,676.55,TAX,1719778185,S10,20240630
S10/20240630/00011,11,TENDER,1,7306.69,TENDER,1719778185,S10,20240630
S10/20240630/00012,1,P100744,2,61.87,SALE,1719745935,S10,20240630
S10/20240630/00012,2,P107872,2,583.81,SALE,1719745935,S10,20240630
S10/20240630/00012,3,P106823,2,156.34,SALE,1719745935,S10,20240630
S10/20240630/00012,4,P103035,1,1201.33,SALE,1719745935,S10,20240630
S10/20240630/00012,5,TAX,1,162.16,TAX,1719745935,S10,20240630
S10/20240630/00012,6,TENDER,1,2967.53,TENDER,1719745935,S10,20240630
S10/20240630/00013,1,P104081,2,586.63,SALE,1719761146,S10,20240630
S10/20240630/00013,2,P104026,2,152.97,SALE,1719761146,S10,20240630
S10/20240630/00013,3,P102184,4,91.57,SALE,1719761146,S10,20240630
S10/20240630/00013,4,TAX,1,81.23,TAX,1719761146,S10,20240630
S10/20240630/00013,5,TENDER,1,1926.71,TENDER,1719761146,S10,20240630
S10/20240630/00014,1,P105106,2,98.60,SALE,1719762664,S10,20240630
S10/20240630/00014,2,P101547,2,62.01,SALE,1719762664,S10,20240630
S10/20240630/00014,3,P104226,3,303.01,SALE,1719762664,S10,20240630
S10/20240630/00014,4,P108272,1,119.46,SALE,1719762664,S10,20240630
S10/20240630/00014,5,P105507,3,20.37,SALE,1719762664,S10,20240630
S10/20240630/00014,6,P100555,3,435.03,SALE,1719762664,S10,20240630
S10/20240630/00014,7,P103647,2,42.17,SALE,1719762664,S10,20240630
S10/20240630/00014,8,P107960,1,1047.81,SALE,1719762664,S10,20240630
S10/20240630/00014,9,P107215,4,153.85,SALE,1719762664,S10,20240630
S10/20240630/00014,10,P100469,3,49.80,SALE,1719762664,S10,20240630
S10/20240630/00014,11,P104302,1,1255.97,SALE,1719762664,S10,20240630
S10/20240630/00014,12,TAX,1,648.72,TAX,1719762664,S10,20240630
S10/20240630/00014,13,TENDER,1,6517.55,TENDER,1719762664,S10,20240630
S10/20240630/00015,1,P106024,1,472.89,SALE,1719775644,S10,20240630
S10/20240630/00015,2,P100135,2,63.52,SALE,1719775644,S10,20240630
S10/20240630/00015,3,P101500,2,330.53,SALE,1719775644,S10,20240630
S10/20240630/00015,4,TAX,1,91.47,TAX,1719775644,S10,20240630
S10/20240630/00015,5,TENDER,1,1352.46,TENDER,1719775644,S10,20240630
S10/20240630/00016,1,P102585,2,516.36,SALE,1719763359,S10,20240630
S10/20240630/00016,2,P100380,3,136.58,SALE,1719763359,S10,20240630
S10/20240630/00016,3,P108221,1,50.44,SALE,1719763359,S10,20240630
S10/20240630/00016,4,P107733,3,57.55,SALE,1719763359,S10,20240630
S10/20240630/00016,5,P104820,1,207.26,SALE,1719763359,S10,20240630
S10/20240630/00016,6,TAX,1,155.82,TAX,1719763359,S10,20240630
S10/20240630/00016,7,TENDER,1,2028.63,TENDER,1719763359,S10,20240630
S10/20240630/00017,1,P107767,4,510.38,SALE,1719759228,S10,20240630
S10/20240630/00017,2,P107409,1,419.09,SALE,1719759228,S10,20240630
S10/20240630/00017,3,P107555,2,1314.43,SALE,1719759228,S10,20240630
S10/20240630/00017,4,P103732,1,94.74,SALE,1719759228,S10,20240630
S10/20240630/00017,5,DISC,1,-367.94,DISCOUNT,1719759228,S10,20240630
S10/20240630/00017,6,TAX,1,118.70,TAX,1719759228,S10,20240630
S10/20240630/00017,7,TENDER,1,4934.97,TENDER,1719759228,S10,20240630
S10/20240630/00018,1,P102175,2,191.56,SALE,1719766714,S10,20240630
S10/20240630/00018,2,P107253,3,232.65,SALE,1719766714,S10,20240630
S10/20240630/00018,3,P101321,2,24.76,SALE,1719766714,S10,20240630
S10/20240630/00018,4,P104064,2,318.07,SALE,1719766714,S10,20240630
S10/20240630/00018,5,P103864,2,452.72,SALE,1719766714,S10,20240630
S10/20240630/00018,6,P106080,4,361.06,SALE,1719766714,S10,20240630
S10/20240630/00018,7,P105784,6,116.81,SALE,1719766714,S10,20240630
S10/20240630/00018,8,TAX,1,303.83,TAX,1719766714,S10,20240630
S10/20240630/00018,9,TENDER,1,5121.10,TENDER,1719766714,S10,20240630
S10/20240630/00019,1,P106399,2,198.14,SALE,1719770357,S10,20240630
S10/20240630/00019,2,P105860,1,674.13,SALE,1719770357,S10,20240630
S10/20240630/00019,3,P101356,3,1083.07,SALE,1719770357,S10,20240630
S10/20240630/00019,4,P100595,5,388.65,SALE,1719770357,S10,20240630
S10/20240630/00019,5,P103538,2,265.96,SALE,1719770357,S10,20240630
S10/20240630/00019,6,TAX,1,475.77,TAX,1719770357,S10,20240630
S10/20240630/00019,7,TENDER,1,7270.56,TENDER,1719770357,S10,20240630
S10/20240630/00020,1,P101444,2,834.95,SALE,1719767927,S10,20240630
S10/20240630/00020,2,P106353,1,233.29,SALE,1719767927,S10,20240630
S10/20240630/00020,3,P103616,2,621.95,SALE,1719767927,S10,20240630
S10/20240630/00020,4,P103155,3,270.20,SALE,1719767927,S10,20240630
S10/20240630/00020,5,TAX,1,333.59,TAX,1719767927,S10,20240630
S10/20240630/00020,6,TENDER,1,4291.28,TENDER,1719767927,S10,20240630
S10/20240630/00021,1,P102311,3,284.95,SALE,1719760170,S10,20240630
S10/20240630/00021,2,P106624,1,103.58,SALE,1719760170,S10,20240630
S10/20240630/00021,3,P102794,3,416.24,SALE,1719760170,S10,20240630
S10/20240630/00021,4,P101142,1,102.04,SALE,1719760170,S10,20240630
S10/20240630/00021,5,P102874,2,142.11,SALE,1719760170,S10,20240630
S10/20240630/00021,6,P102353,3,139.83,SALE,1719760170,S10,20240630
S10/20240630/00021,7,TAX,1,90.17,TAX,1719760170,S10,20240630
S10/20240630/00021,8,TENDER,1,3103.07,TENDER,1719760170,S10,20240630
S10/20240630/00022,1,P104351,1,1128.29,SALE,1719760158,S10,20240630
S10/20240630/00022,2,P103575,1,54.47,SALE,1719760158,S10,20240630
S10/20240630/00022,3,P102975,4,226.32,SALE,1719760158,S10,20240630
S10/20240630/00022,4,TAX,1,222.09,TAX,1719760158,S10,20240630
S10/20240630/00022,5,TENDER,1,2310.13,TENDER,1719760158,S10,20240630
S10/20240630/00023,1,P103994,5,148.39,SALE,1719763328,S10,20240630
S10/20240630/00023,2,P101263,2,604.45,SALE,1719763328,S10,20240630
S10/20240630/00023,3,P101874,1,19.95,SALE,1719763328,S10,20240630
S10/20240630/00023,4,P106080,3,361.06,SALE,1719763328,S10,20240630
S10/20240630/00023,5,TAX,1,347.58,TAX,1719763328,S10,20240630
S10/20240630/00023,6,TENDER,1,3401.56,TENDER,1719763328,S10,20240630
S10/20240630/00024,1,P100883,-3,723.68,RETURN,1719761889,S10,20240630
S10/20240630/00024,2,P105729,-1,68.08,RETURN,1719761889,S10,20240630
S10/20240630/00024,3,P102389,-1,74.34,RETURN,1719761889,S10,20240630
S10/20240630/00024,4,TAX,1,-134.19,TAX,1719761889,S10,20240630
S10/20240630/00024,5,TENDER,1,-2447.65,TENDER,1719761889,S10,20240630
S10/20240630/00025,1,P107933,1,1175.95,SALE,1719773753,S10,20240630
S10/20240630/00025,2,P103054,2,113.30,SALE,1719773753,S10,20240630
S10/20240630/00025,3,TAX,1,141.11,TAX,1719773753,S10,20240630
S10/20240630/00025,4,TENDER,1,1543.66,TENDER,1719773753,S10,20240630
S10/20240630/00026,1,P106577,1,46.90,SALE,1719785898,S10,20240630
S10/20240630/00026,2,P105747,3,287.56,SALE,1719785898,S10,20240630
S10/20240630/00026,3,P106123,5,248.44,SALE,1719785898,S10,20240630
S10/20240630/00026,4,P106807,2,322.15,SALE,1719785898,S10,20240630
S10/20240630/00026,5,DISC,1,-315.19,DISCOUNT,1719785898,S10,20240630
S10/20240630/00026,6,TAX,1,242.76,TAX,1719785898,S10,20240630
S10/20240630/00026,7,TENDER,1,2723.65,TENDER,1719785898,S10,20240630
S10/20240630/00027,1,P107708,-2,163.95,RETURN,1719757982,S10,20240630
S10/20240630/00027,2,P108302,-1,855.55,RETURN,1719757982,S10,20240630
S10/20240630/00027,3,P105614,-2,652.27,RETURN,1719757982,S10,20240630
S10/20240630/00027,4,P104533,-2,271.68,RETURN,1719757982,S10,20240630
S10/20240630/00027,5,P106934,-2,1554.16,RETURN,1719757982,S10,20240630
S10/20240630/00027,6,P103105,-3,29.46,RETURN,1719757982,S10,20240630
S10/20240630/00027,7,P106975,-3,136.95,RETURN,1719757982,S10,20240630
S10/20240630/00027,8,P107516,-1,598.37,RETURN,1719757982,S10,20240630
S10/20240630/00027,9,TAX,1,-502.33,TAX,1719757982,S10,20240630
S10/20240630/00027,10,TENDER,1,-7739.60,TENDER,1719757982,S10,20240630
S10/20240630/00028,1,P107337,1,365.85,SALE,1719747115,S10,20240630
S10/20240630/00028,2,P102346,1,79.95,SALE,1719747115,S10,20240630
S10/20240630/00028,3,P102585,1,516.36,SALE,1719747115,S10,20240630
S10/20240630/00028,4,P104023,1,630.48,SALE,1719747115,S10,20240630
S10/20240630/00028,5,P102296,1,43.24,SALE,1719747115,S10,20240630
S10/20240630/00028,6,P102397,3,355.28,SALE,1719747115,S10,20240630
S10/20240630/00028,7,P106234,2,78.81,SALE,1719747115,S10,20240630
S10/20240630/00028,8,P102845,2,261.08,SALE,1719747115,S10,20240630
S10/20240630/00028,9,P104042,1,346.95,SALE,1719747115,S10,20240630
S10/20240630/00028,10,DISC,1,-415.09,DISCOUNT,1719747115,S10,20240630
S10/20240630/00028,11,TAX,1,273.33,TAX,1719747115,S10,20240630
S10/20240630/00028,12,TENDER,1,3586.69,TENDER,1719747115,S10,20240630
S10/20240630/00029,1,P105570,2,345.21,SALE,1719779405,S10,20240630
S10/20240630/00029,2,P101660,3,193.14,SALE,1719779405,S10,20240630
S10/20240630/00029,3,TAX,1,63.49,TAX,1719779405,S10,20240630
S10/20240630/00029,4,TENDER,1,1333.33,TENDER,1719779405,S10,20240630
S10/20240630/00030,1,P104854,1,35.76,SALE,1719761814,S10,20240630
S10/20240630/00030,2,P100864,3,193.24,SALE,1719761814,S10,20240630
S10/20240630/00030,3,DISC,1,-63.50,DISCOUNT,1719761814,S10,20240630
S10/20240630/00030,4,TAX,1,93.58,TAX,1719761814,S10,20240630
S10/20240630/00030,5,TENDER,1,645.56,TENDER,1719761814,S10,20240630
S10/20240630/00031,1,P103855,1,322.11,SALE,1719762945,S10,20240630
S10/20240630/00031,2,P102933,1,614.03,SALE,1719762945,S10,20240630
S10/20240630/00031,3,P102674,1,496.43,SALE,1719762945,S10,20240630
S10/20240630/00031,4,P101827,1,139.26,SALE,1719762945,S10,20240630
S10/20240630/00031,5,P105377,3,262.95,SALE,1719762945,S10,20240630
S10/20240630/00031,6,TAX,1,322.65,TAX,1719762945,S10,20240630
S10/20240630/00031,7,TENDER,1,2683.33,TENDER,1719762945,S10,20240630
S10/20240630/00032,1,P102217,3,65.41,SALE,1719772886,S10,20240630
S10/20240630/00032,2,P104651,3,540.51,SALE,1719772886,S10,20240630
S10/20240630/00032,3,P103206,1,450.05,SALE,1719772886,S10,20240630
S10/20240630/00032,4,P104558,2,429.56,SALE,1719772886,S10,20240630
S10/20240630/00032,5,P107018,1,187.58,SALE,1719772886,S10,20240630
S10/20240630/00032,6,P107137,4,32.59,SALE,1719772886,S10,20240630
S10/20240630/00032,7,P101660,4,193.14,SALE,1719772886,S10,20240630
S10/20240630/00032,8,P103105,2,32.41,SALE,1719772886,S10,20240630
S10/20240630/00032,9,TAX,1,438.36,TAX,1719772886,S10,20240630
S10/20240630/00032,10,TENDER,1,4720.61,TENDER,1719772886,S10,20240630
S10/20240630/00033,1,P104512,2,94.53,SALE,1719756003,S10,20240630
S10/20240630/00033,2,P101305,2,110.46,SALE,1719756003,S10,20240630
S10/20240630/00033,3,P108275,1,504.53,SALE,1719756003,S10,20240630
S10/20240630/00033,4,P104121,2,130.95,SALE,1719756003,S10,20240630
S10/20240630/00033,5,P106405,1,38.72,SALE,1719756003,S10,20240630
S10/20240630/00033,6,TAX,1,194.15,TAX,1719756003,S10,20240630
S10/20240630/00033,7,TENDER,1,1409.28,TENDER,1719756003,S10,20240630
S10/20240630/00034,1,P104439,2,109.14,SALE,1719746657,S10,20240630
S10/20240630/00034,2,P104944,3,46.58,SALE,1719746657,S10,20240630
S10/20240630/00034,3,P108026,2,103.54,SALE,1719746657,S10,20240630
S10/20240630/00034,4,P100549,4,301.95,SALE,1719746657,S10,20240630
S10/20240630/00034,5,TAX,1,246.65,TAX,1719746657,S10,20240630
S10/20240630/00034,6,TENDER,1,2019.55,TENDER,1719746657,S10,20240630
S10/20240630/00035,1,P101263,2,604.45,SALE,1719756883,S10,20240630
S10/20240630/00035,2,P104361,1,1350.95,SALE,1719756883,S10,20240630
S10/20240630/00035,3,P105827,1,98.42,SALE,1719756883,S10,20240630
S10/20240630/00035,4,P107308,3,207.74,SALE,1719756883,S10,20240630
S10/20240630/00035,5,TAX,1,496.82,TAX,1719756883,S10,20240630
S10/20240630/00035,6,TENDER,1,3778.31,TENDER,1719756883,S10,20240630
S10/20240630/00036,1,P102230,1,360.41,SALE,1719747840,S10,20240630
S10/20240630/00036,2,P100991,5,173.46,SALE,1719747840,S10,20240630
S10/20240630/00036,3,P105323,3,73.95,SALE,1719747840,S10,20240630
S10/20240630/00036,4,P106813,3,257.87,SALE,1719747840,S10,20240630
S10/20240630/00036,5,P105651,1,110.95,SALE,1719747840,S10,20240630
S10/20240630/00036,6,TAX,1,232.14,TAX,1719747840,S10,20240630
S10/20240630/00036,7,TENDER,1,2566.26,TENDER,1719747840,S10,20240630
S10/20240630/00037,1,P106934,2,1554.16,SALE,1719749242,S10,20240630
S10/20240630/00037,2,P106659,3,88.95,SALE,1719749242,S10,20240630
S10/20240630/00037,3,P107226,2,86.90,SALE,1719749242,S10,20240630
S10/20240630/00037,4,P101547,1,62.01,SALE,1719749242,S10,20240630
S10/20240630/00037,5,TAX,1,66.41,TAX,1719749242,S10,20240630
S10/20240630/00037,6,TENDER,1,3677.39,TENDER,1719749242,S10,20240630
S10/20240630/00038,1,P103785,2,491.90,SALE,1719781843,S10,20240630
S10/20240630/00038,2,TAX,1,118.06,TAX,1719781843,S10,20240630
S10/20240630/00038,3,TENDER,1,1101.86,TENDER,1719781843,S10,20240630
S10/20240630/00039,1,P104439,3,109.14,SALE,1719761652,S10,20240630
S10/20240630/00039,2,P104512,3,94.53,SALE,1719761652,S10,20240630
S10/20240630/00039,3,P107488,2,303.21,SALE,1719761652,S10,20240630
S10/20240630/00039,4,P107597,2,519.83,SALE,1719761652,S10,20240630
S10/20240630/00039,5,P103090,1,805.95,SALE,1719761652,S10,20240630
S10/20240630/00039,6,P106611,1,375.58,SALE,1719761652,S10,20240630
S10/20240630/00039,7,TAX,1,319.62,TAX,1719761652,S10,20240630
S10/20240630/00039,8,TENDER,1,3758.24,TENDER,1719761652,S10,20240630
S10/20240630/00040,1,P100555,1,435.03,SALE,1719760569,S10,20240630
S10/20240630/00040,2,P108313,1,372.95,SALE,1719760569,S10,20240630
S10/20240630/00040,3,P101177,1,150.26,SALE,1719760569,S10,20240630
S10/20240630/00040,4,TAX,1,130.57,TAX,1719760569,S10,20240630
S10/20240630/00040,5,TENDER,1,1088.81,TENDER,1719760569,S10,20240630
S10/20240630/00041,1,P103645,3,241.18,SALE,1719751684,S10,20240630
S10/20240630/00041,2,P105112,3,179.95,SALE,1719751684,S10,20240630
S10/20240630/00041,3,P108326,2,473.88,SALE,1719751684,S10,20240630
S10/20240630/00041,4,P104328,2,66.17,SALE,1719751684,S10,20240630
S10/20240630/00041,5,P102112,1,389.72,SALE,1719751684,S10,20240630
S10/20240630/00041,6,P107526,2,50.67,SALE,1719751684,S10,20240630
S10/20240630/00041,7,TAX,1,212.35,TAX,1719751684,S10,20240630
S10/20240630/00041,8,TENDER,1,3046.90,TENDER,1719751684,S10,20240630
S10/20240630/00042,1,P105453,2,393.95,SALE,1719781020,S10,20240630
S10/20240630/00042,2,P106710,4,93.71,SALE,1719781020,S10,20240630
S10/20240630/00042,3,P106679,3,181.66,SALE,1719781020,S10,20240630
S10/20240630/00042,4,P104715,1,152.16,SALE,1719781020,S10,20240630
S10/20240630/00042,5,P105236,2,552.60,SALE,1719781020,S10,20240630
S10/20240630/00042,6,P108227,1,551.58,SALE,1719781020,S10,20240630
S10/20240630/00042,7,TAX,1,369.31,TAX,1719781020,S10,20240630
S10/20240630/00042,8,TENDER,1,3885.97,TENDER,1719781020,S10,20240630
S10/20240630/00043,1,P103105,2,29.46,SALE,1719780826,S10,20240630
S10/20240630/00043,2,P103111,1,40.41,SALE,1719780826,S10,20240630
S10/20240630/00043,3,P104378,2,95.33,SALE,1719780826,S10,20240630
S10/20240630/00043,4,DISC,1,-29.52,DISCOUNT,1719780826,S10,20240630
S10/20240630/00043,5,TAX,1,31.89,TAX,1719780826,S10,20240630
S10/20240630/00043,6,TENDER,1,292.36,TENDER,1719780826,S10,20240630
S10/20240630/00044,1,P105819,2,66.64,SALE,1719759046,S10,20240630
S10/20240630/00044,2,P103374,1,34.95,SALE,1719759046,S10,20240630
S10/20240630/00044,3,P100483,1,933.37,SALE,1719759046,S10,20240630
S10/20240630/00044,4,P108082,1,236.40,SALE,1719759046,S10,20240630
S10/20240630/00044,5,P106997,3,39.70,SALE,1719759046,S10,20240630
S10/20240630/00044,6,TAX,1,87.13,TAX,1719759046,S10,20240630
S10/20240630/00044,7,TENDER,1,1544.23,TENDER,1719759046,S10,20240630
S10/20240630/00045,1,P102886,2,139.22,SALE,1719755311,S10,20240630
S10/20240630/00045,2,P106151,1,298.42,SALE,1719755311,S10,20240630
S10/20240630/00045,3,P104404,1,890.27,SALE,1719755311,S10,20240630
S10/20240630/00045,4,P101774,2,1154.33,SALE,1719755311,S10,20240630
S10/20240630/00045,5,P104567,2,141.21,SALE,1719755311,S10,20240630
S10/20240630/00045,6,TAX,1,467.49,TAX,1719755311,S10,20240630
S10/20240630/00045,7,TENDER,1,4525.70,TENDER,1719755311,S10,20240630
S10/20240630/00046,1,P104670,2,108.77,SALE,1719773176,S10,20240630
S10/20240630/00046,2,P103004,3,82.09,SALE,1719773176,S10,20240630
S10/20240630/00046,3,P107890,3,133.07,SALE,1719773176,S10,20240630
S10/20240630/00046,4,P103319,1,356.46,SALE,1719773176,S10,20240630
S10/20240630/00046,5,TAX,1,89.25,TAX,1719773176,S10,20240630
S10/20240630/00046,6,TENDER,1,1308.73,TENDER,1719773176,S10,20240630
S10/20240630/00047,1,P104382,1,62.22,SALE,1719758653,S10,20240630
S10/20240630/00047,2,P100791,1,40.18,SALE,1719758653,S10,20240630
S10/20240630/00047,3,P107605,3,1290.76,SALE,1719758653,S10,20240630
S10/20240630/00047,4,P104358,2,1189.17,SALE,1719758653,S10,20240630
S10/20240630/00047,5,TAX,1,755.19,TAX,1719758653,S10,20240630
S10/20240630/00047,6,TENDER,1,7108.21,TENDER,1719758653,S10,20240630
S10/20240630/00048,1,P106534,5,87.55,SALE,1719774045,S10,20240630
S10/20240630/00048,2,P104593,3,867.34,SALE,1719774045,S10,20240630
S10/20240630/00048,3,DISC,1,-112.65,DISCOUNT,1719774045,S10,20240630
S10/20240630/00048,4,TAX,1,376.55,TAX,1719774045,S10,20240630
S10/20240630/00048,5,TENDER,1,3303.67,TENDER,1719774045,S10,20240630
S10/20240630/00049,1,P101933,1,1344.63,SALE,1719745446,S10,20240630
S10/20240630/00049,2,P100677,3,227.95,SALE,1719745446,S10,20240630
S10/20240630/00049,3,TAX,1,284.45,TAX,1719745446,S10,20240630
S10/20240630/00049,4,TENDER,1,2312.93,TENDER,1719745446,S10,20240630
S10/20240630/00050,1,P104872,3,132.95,SALE,1719760337,S10,20240630
S10/20240630/00050,2,P103316,1,1774.02,SALE,1719760337,S10,20240630
S10/20240630/00050,3,TAX,1,260.74,TAX,1719760337,S10,20240630
S10/20240630/00050,4,TENDER,1,2433.61,TENDER,1719760337,S10,20240630
S10/20240630/00051,1,P100380,1,136.58,SALE,1719764960,S10,20240630
S10/20240630/00051,2,P104202,3,153.74,SALE,1719764960,S10,20240630
S10/20240630/00051,3,P108369,2,318.67,SALE,1719764960,S10,20240630
S10/20240630/00051,4,P105575,1,475.41,SALE,1719764960,S10,20240630
S10/20240630/00051,5,P104854,1,35.76,SALE,1719764960,S10,20240630
S10/20240630/00051,6,P101018,4,136.50,SALE,1719764960,S10,20240630
S10/20240630/00051,7,TAX,1,154.88,TAX,1719764960,S10,20240630
S10/20240630/00051,8,TENDER,1,2447.19,TENDER,1719764960,S10,20240630
S10/20240630/00052,1,P107422,2,193.56,SALE,1719777329,S10,20240630
S10/20240630/00052,2,P101810,2,765.83,SALE,1719777329,S10,20240630
S10/20240630/00052,3,P103416,4,73.27,SALE,1719777329,S10,20240630
S10/20240630/00052,4,DISC,1,-60.88,DISCOUNT,1719777329,S10,20240630
S10/20240630/00052,5,TAX,1,248.87,TAX,1719777329,S10,20240630
S10/20240630/00052,6,TENDER,1,2399.85,TENDER,1719777329,S10,20240630
S10/20240630/00053,1,P102549,4,139.23,SALE,1719758661,S10,20240630
S10/20240630/00053,2,P106848,2,16.02,SALE,1719758661,S10,20240630
S10/20240630/00053,3,P100889,2,976.95,SALE,1719758661,S10,20240630
S10/20240630/00053,4,P104921,2,421.02,SALE,1719758661,S10,20240630
S10/20240630/00053,5,TAX,1,249.26,TAX,1719758661,S10,20240630
S10/20240630/00053,6,TENDER,1,3634.16,TENDER,1719758661,S10,20240630
S10/20240630/00054,1,P107807,1,118.66,SALE,1719758355,S10,20240630
S10/20240630/00054,2,P101810,5,765.83,SALE,1719758355,S10,20240630
S10/20240630/00054,3,P102502,2,366.79,SALE,1719758355,S10,20240630
S10/20240630/00054,4,P106911,3,232.77,SALE,1719758355,S10,20240630
S10/20240630/00054,5,P107597,1,519.83,SALE,1719758355,S10,20240630
S10/20240630/00054,6,P105453,2,393.95,SALE,1719758355,S10,20240630
S10/20240630/00054,7,P102175,1,191.56,SALE,1719758355,S10,20240630
S10/20240630/00054,8,P103934,3,260.38,SALE,1719758355,S10,20240630
S10/20240630/00054,9,P105713,1,327.34,SALE,1719758355,S10,20240630
S10/20240630/00054,10,P108221,2,50.44,SALE,1719758355,S10,20240630
S10/20240630/00054,11,TAX,1,940.42,TAX,1719758355,S10,20240630
S10/20240630/00054,12,TENDER,1,9028.77,TENDER,1719758355,S10,20240630
S10/20240630/00055,1,P105656,4,516.52,SALE,1719770706,S10,20240630
S10/20240630/00055,2,P107630,5,290.66,SALE,1719770706,S10,20240630
S10/20240630/00055,3,P105819,1,66.64,SALE,1719770706,S10,20240630
S10/20240630/00055,4,P107414,1,539.23,SALE,1719770706,S10,20240630
S10/20240630/00055,5,P106486,3,1562.40,SALE,1719770706,S10,20240630
S10/20240630/00055,6,P102067,2,181.50,SALE,1719770706,S10,20240630
S10/20240630/00055,7,DISC,1,-580.95,DISCOUNT,1719770706,S10,20240630
S10/20240630/00055,8,TAX,1,825.37,TAX,1719770706,S10,20240630
S10/20240630/00055,9,TENDER,1,9419.87,TENDER,1719770706,S10,20240630
S10/20240630/00056,1,P105227,2,257.52,SALE,1719750031,S10,20240630
S10/20240630/00056,2,P101762,3,529.95,SALE,1719750031,S10,20240630
S10/20240630/00056,3,P106106,1,219.14,SALE,1719750031,S10,20240630
S10/20240630/00056,4,P106542,3,122.90,SALE,1719750031,S10,20240630
S10/20240630/00056,5,P107996,1,215.44,SALE,1719750031,S10,20240630
S10/20240630/00056,6,TAX,1,369.17,TAX,1719750031,S10,20240630
S10/20240630/00056,7,TENDER,1,3277.34,TENDER,1719750031,S10,20240630
S10/20240630/00057,1,P101789,4,336.02,SALE,1719761576,S10,20240630
S10/20240630/00057,2,P105479,3,237.28,SALE,1719761576,S10,20240630
S10/20240630/00057,3,P103319,3,356.46,SALE,1719761576,S10,20240630
S10/20240630/00057,4,P101428,1,394.08,SALE,1719761576,S10,20240630
S10/20240630/00057,5,P102054,1,133.39,SALE,1719761576,S10,20240630
S10/20240630/00057,6,TAX,1,283.70,TAX,1719761576,S10,20240630
S10/20240630/00057,7,TENDER,1,3936.47,TENDER,1719761576,S10,20240630
S10/20240630/00058,1,P103637,2,338.13,SALE,1719760759,S10,20240630
S10/20240630/00058,2,P101248,4,497.50,SALE,1719760759,S10,20240630
S10/20240630/00058,3,P103645,1,241.18,SALE,1719760759,S10,20240630
S10/20240630/00058,4,TAX,1,479.93,TAX,1719760759,S10,20240630
S10/20240630/00058,5,TENDER,1,3387.37,TENDER,1719760759,S10,20240630
S10/20240630/00059,1,P104175,2,814.13,SALE,1719762141,S10,20240630
S10/20240630/00059,2,P101648,2,334.22,SALE,1719762141,S10,20240630
S10/20240630/00059,3,P105815,2,320.65,SALE,1719762141,S10,20240630
S10/20240630/00059,4,P101201,3,45.00,SALE,1719762141,S10,20240630
S10/20240630/00059,5,P106528,1,832.82,SALE,1719762141,S10,20240630
S10/20240630/00059,6,TAX,1,217.07,TAX,1719762141,S10,20240630
S10/20240630/00059,7,TENDER,1,4122.89,TENDER,1719762141,S10,20240630
S10/20240630/00060,1,P100761,2,51.26,SALE,1719772217,S10,20240630
S10/20240630/00060,2,P106542,2,122.90,SALE,1719772217,S10,20240630
S10/20240630/00060,3,P100456,2,982.47,SALE,1719772217,S10,20240630
S10/20240630/00060,4,TAX,1,147.62,TAX,1719772217,S10,20240630
S10/20240630/00060,5,TENDER,1,2460.88,TENDER,1719772217,S10,20240630
S10/20240630/00061,1,P107137,-2,32.59,RETURN,1719769685,S10,20240630
S10/20240630/00061,2,P103281,-2,163.32,RETURN,1719769685,S10,20240630
S10/20240630/00061,3,TAX,1,-58.80,TAX,1719769685,S10,20240630
S10/20240630/00061,4,TENDER,1,-450.62,TENDER,1719769685,S10,20240630
S10/20240630/00062,1,P103704,1,164.95,SALE,1719775876,S10,20240630
S10/20240630/00062,2,P104226,2,303.01,SALE,1719775876,S10,20240630
S10/20240630/00062,3,P102857,2,116.85,SALE,1719775876,S10,20240630
S10/20240630/00062,4,P100112,3,91.95,SALE,1719775876,S10,20240630
S10/20240630/00062,5,P100375,1,163.45,SALE,1719775876,S10,20240630
S10/20240630/00062,6,TAX,1,129.58,TAX,1719775876,S10,20240630
S10/20240630/00062,7,TENDER,1,1573.55,TENDER,1719775876,S10,20240630
S10/20240630/00063,1,P105531,1,502.91,SALE,1719768675,S10,20240630
S10/20240630/00063,2,P103348,4,485.60,SALE,1719768675,S10,20240630
S10/20240630/00063,3,TAX,1,157.47,TAX,1719768675,S10,20240630
S10/20240630/00063,4,TENDER,1,2602.78,TENDER,1719768675,S10,20240630
S10/20240630/00064,1,P107516,2,598.37,SALE,1719754108,S10,20240630
S10/20240630/00064,2,TAX,1,215.41,TAX,1719754108,S10,20240630
S10/20240630/00064,3,TENDER,1,1412.15,TENDER,1719754108,S10,20240630
S10/20240630/00065,1,P104558,1,429.56,SALE,1719764156,S10,20240630
S10/20240630/00065,2,P102335,2,94.24,SALE,1719764156,S10,20240630
S10/20240630/00065,3,P105997,2,109.75,SALE,1719764156,S10,20240630
S10/20240630/00065,4,P105684,1,1114.27,SALE,1719764156,S10,20240630
S10/20240630/00065,5,P107822,3,69.77,SALE,1719764156,S10,20240630
S10/20240630/00065,6,P106783,3,87.95,SALE,1719764156,S10,20240630
S10/20240630/00065,7,P107308,2,207.74,SALE,1719764156,S10,20240630
S10/20240630/00065,8,P102581,2,189.36,SALE,1719764156,S10,20240630
S10/20240630/00065,9,P106169,1,221.89,SALE,1719764156,S10,20240630
S10/20240630/00065,10,P105666,2,1064.29,SALE,1719764156,S10,20240630
S10/20240630/00065,11,P102452,2,176.54,SALE,1719764156,S10,20240630
S10/20240630/00065,12,TAX,1,388.65,TAX,1719764156,S10,20240630
S10/20240630/00065,13,TENDER,1,6311.37,TENDER,1719764156,S10,20240630
S10/20240630/00066,1,P100974,3,39.19,SALE,1719754649,S10,20240630
S10/20240630/00066,2,P103309,2,59.57,SALE,1719754649,S10,20240630
S10/20240630/00066,3,P102549,4,139.23,SALE,1719754649,S10,20240630
S10/20240630/00066,4,P102616,2,79.27,SALE,1719754649,S10,20240630
S10/20240630/00066,5,TAX,1,40.37,TAX,1719754649,S10,20240630
S10/20240630/00066,6,TENDER,1,992.54,TENDER,1719754649,S10,20240630
S10/20240630/00067,1,P104541,3,144.95,SALE,1719793623,S10,20240630
S10/20240630/00067,2,P104435,2,435.11,SALE,1719793623,S10,20240630
S10/20240630/00067,3,P104266,3,408.96,SALE,1719793623,S10,20240630
S10/20240630/00067,4,P106765,2,270.40,SALE,1719793623,S10,20240630
S10/20240630/00067,5,P103111,1,40.41,SALE,1719793623,S10,20240630
S10/20240630/00067,6,TAX,1,446.37,TAX,1719793623,S10,20240630
S10/20240630/00067,7,TENDER,1,3559.53,TENDER,1719793623,S10,20240630
S10/20240630/00068,1,P101117,5,203.24,SALE,1719790768,S10,20240630
S10/20240630/00068,2,P103712,3,481.86,SALE,1719790768,S10,20240630
S10/20240630/00068,3,P102230,2,340.01,SALE,1719790768,S10,20240630
S10/20240630/00068,4,P107581,2,243.81,SALE,1719790768,S10,20240630
S10/20240630/00068,5,TAX,1,354.39,TAX,1719790768,S10,20240630
S10/20240630/00068,6,TENDER,1,3983.81,TENDER,1719790768,S10,20240630
S10/20240630/00069,1,P108008,2,128.46,SALE,1719763825,S10,20240630
S10/20240630/00069,2,P100736,2,700.87,SALE,1719763825,S10,20240630
S10/20240630/00069,3,P107767,3,510.38,SALE,1719763825,S10,20240630
S10/20240630/00069,4,P105971,1,1150.46,SALE,1719763825,S10,20240630
S10/20240630/00069,5,P102207,3,342.36,SALE,1719763825,S10,20240630
S10/20240630/00069,6,P104637,2,294.49,SALE,1719763825,S10,20240630
S10/20240630/00069,7,TAX,1,542.46,TAX,1719763825,S10,20240630
S10/20240630/00069,8,TENDER,1,6498.78,TENDER,1719763825,S10,20240630
