bill_no,line_no,product_code,qty,unit_price,line_type,ts,store_id,business_date
S05/20240901/00001,1,P102290,2,587.69,SALE,2024-09-01T18:04:53,S05,20240901
S05/20240901/00001,2,P103222,3,398.43,SALE,2024-09-01T18:04:53,S05,20240901
S05/20240901/00001,3,P100421,1,121.56,SALE,2024-09-01T18:04:53,S05,20240901
S05/20240901/00001,4,P105589,4,90.25,SALE,2024-09-01T18:04:53,S05,20240901
S05/20240901/00001,5,P101827,3,139.26,SALE,2024-09-01T18:04:53,S05,20240901
S05/20240901/00001,6,P107197,1,669.72,SALE,2024-09-01T18:04:53,S05,20240901
S05/20240901/00001,7,P104361,2,1389.73,SALE,2024-09-01T18:04:53,S05,20240901
S05/20240901/00001,8,TAX,1,824.43,TAX,2024-09-01T18:04:53,S05,20240901
S05/20240901/00001,9,TENDER,1,7544.62,TENDER,2024-09-01T18:04:53,S05,20240901
S05/20240901/00002,1,P104155,1,144.69,SALE,2024-09-01T16:53:23,S05,20240901
S05/20240901/00002,2,P106123,2,248.44,SALE,2024-09-01T16:53:23,S05,20240901
S05/20240901/00002,3,P108356,3,206.87,SALE,2024-09-01T16:53:23,S05,20240901
S05/20240901/00002,4,P105497,2,70.98,SALE,2024-09-01T16:53:23,S05,20240901
S05/20240901/00002,5,DISC,1,-162.27,DISCOUNT,2024-09-01T16:53:23,S05,20240901
S05/20240901/00002,6,TAX,1,80.93,TAX,2024-09-01T16:53:23,S05,20240901
S05/20240901/00002,7,TENDER,1,1322.80,TENDER,2024-09-01T16:53:23,S05,20240901
S05/20240901/00003,1,P108001,2,96.97,SALE,2024-09-01T17:04:37,S05,20240901
S05/20240901/00003,2,P104533,4,271.68,SALE,2024-09-01T17:04:37,S05,20240901
S05/20240901/00003,3,P108032,2,648.04,SALE,2024-09-01T17:04:37,S05,20240901
S05/20240901/00003,4,P104270,3,1036.53,SALE,2024-09-01T17:04:37,S05,20240901
S05/20240901/00003,5,P107549,4,47.87,SALE,2024-09-01T17:04:37,S05,20240901
S05/20240901/00003,6,P104658,3,73.05,SALE,2024-09-01T17:04:37,S05,20240901
S05/20240901/00003,7,P100287,1,218.95,SALE,2024-09-01T17:04:37,S05,20240901
S05/20240901/00003,8,TAX,1,437.04,TAX,2024-09-01T17:04:37,S05,20240901
S05/20240901/00003,9,TENDER,1,6752.95,TENDER,2024-09-01T17:04:37,S05,20240901
S05/20240901/00004,1,P100819,2,1203.94,SALE,2024-09-01T19:48:01,S05,20240901
S05/20240901/00004,2,P104544,2,104.46,SALE,2024-09-01T19:48:01,S05,20240901
S05/20240901/00004,3,P107327,2,1138.42,SALE,2024-09-01T19:48:01,S05,20240901
S05/20240901/00004,4,P106009,1,372.60,SALE,2024-09-01T19:48:01,S05,20240901
S05/20240901/00004,5,P106858,2,281.23,SALE,2024-09-01T19:48:01,S05,20240901
S05/20240901/00004,6,TAX,1,156.40,TAX,2024-09-01T19:48:01,S05,20240901
S05/20240901/00004,7,TENDER,1,5985.10,TENDER,2024-09-01T19:48:01,S05,20240901
S05/20240901/00005,1,P100403,3,71.73,SALE,2024-09-01T18:20:27,S05,20240901
S05/20240901/00005,2,P103374,1,34.95,SALE,2024-09-01T18:20:27,S05,20240901
S05/20240901/00005,3,P105835,1,238.39,SALE,2024-09-01T18:20:27,S05,20240901
S05/20240901/00005,4,P106169,1,221.89,SALE,2024-09-01T18:20:27,S05,20240901
S05/20240901/00005,5,P100609,2,76.13,SALE,2024-09-01T18:20:27,S05,20240901
S05/20240901/00005,6,P103197,1,330.65,SALE,2024-09-01T18:20:27,S05,20240901
S05/20240901/00005,7,TAX,1,141.92,TAX,2024-09-01T18:20:27,S05,20240901
S05/20240901/00005,8,TENDER,1,1335.25,TENDER,2024-09-01T18:20:27,S05,20240901
S05/20240901/00006,1,P101090,1,24.06,SALE,2024-09-01T10:28:37,S05,20240901
S05/20240901/00006,2,P100250,1,544.91,SALE,2024-09-01T10:28:37,S05,20240901
S05/20240901/00006,3,P100991,1,173.46,SALE,2024-09-01T10:28:37,S05,20240901
S05/20240901/00006,4,P101117,2,203.24,SALE,2024-09-01T10:28:37,S05,20240901
S05/20240901/00006,5,P105937,1,259.08,SALE,2024-09-01T10:28:37,S05,20240901
S05/20240901/00006,6,TAX,1,86.88,TAX,2024-09-01T10:28:37,S05,20240901
S05/20240901/00006,7,TENDER,1,1494.87,TENDER,2024-09-01T10:28:37,S05,20240901
S05/20240901/00007,1,P104226,2,303.01,SALE,2024-09-01T13:20:21,S05,20240901
S05/20240901/00007,2,P100883,3,723.68,SALE,2024-09-01T13:20:21,S05,20240901
S05/20240901/00007,3,P106200,2,117.95,SALE,2024-09-01T13:20:21,S05,20240901
S05/20240901/00007,4,P102375,4,487.64,SALE,2024-09-01T13:20:21,S05,20240901
S05/20240901/00007,5,P101660,3,193.14,SALE,2024-09-01T13:20:21,S05,20240901
S05/20240901/00007,6,P103316,2,1774.02,SALE,2024-09-01T13:20:21,S05,20240901
S05/20240901/00007,7,TAX,1,942.70,TAX,2024-09-01T13:20:21,S05,20240901
S05/20240901/00007,8,TENDER,1,10033.68,TENDER,2024-09-01T13:20:21,S05,20240901
S05/20240901/00008,1,P107292,2,340.23,SALE,2024-09-01T16:45:35,S05,20240901
S05/20240901/00008,2,P106344,2,801.30,SALE,2024-09-01T16:45:35,S05,20240901
S05/20240901/00008,3,P106098,2,334.84,SALE,2024-09-01T16:45:35,S05,20240901
S05/20240901/00008,4,P108159,2,488.81,SALE,2024-09-01T16:45:35,S05,20240901
S05/20240901/00008,5,P104155,1,144.69,SALE,2024-09-01T16:45:35,S05,20240901
S05/20240901/00008,6,DISC,1,-311.33,DISCOUNT,2024-09-01T16:45:35,S05,20240901
S05/20240901/00008,7,TAX,1,149.64,TAX,2024-09-01T16:45:35,S05,20240901
S05/20240901/00008,8,TENDER,1,3913.36,TENDER,2024-09-01T16:45:35,S05,20240901
S05/20240901/00009,1,P100066,1,251.22,SALE,2024-09-01T17:06:24,S05,20240901
S05/20240901/00009,2,P100509,5,151.84,SALE,2024-09-01T17:06:24,S05,20240901
S05/20240901/00009,3,P104107,2,475.22,SALE,2024-09-01T17:06:24,S05,20240901
S05/20240901/00009,4,P100268,2,197.00,SALE,2024-09-01T17:06:24,S05,20240901
S05/20240901/00009,5,P106927,3,140.95,SALE,2024-09-01T17:06:24,S05,20240901
S05/20240901/00009,6,P107327,2,1138.42,SALE,2024-09-01T17:06:24,S05,20240901
S05/20240901/00009,7,TAX,1,295.10,TAX,2024-09-01T17:06:24,S05,20240901
S05/20240901/00009,8,TENDER,1,5349.65,TENDER,2024-09-01T17:06:24,S05,20240901
S05/20240901/00010,1,P100560,3,176.85,SALE,2024-09-01T12:16:59,S05,20240901
S05/20240901/00010,2,P106486,1,1786.00,SALE,2024-09-01T12:16:59,S05,20240901
S05/20240901/00010,3,P102833,2,680.71,SALE,2024-09-01T12:16:59,S05,20240901
S05/20240901/00010,4,P107488,2,303.21,SALE,2024-09-01T12:16:59,S05,20240901
S05/20240901/00010,5,P100428,4,122.83,SALE,2024-09-01T12:16:59,S05,20240901
S05/20240901/00010,6,P107446,1,593.14,SALE,2024-09-01T12:16:59,S05,20240901
S05/20240901/00010,7,TAX,1,561.98,TAX,2024-09-01T12:16:59,S05,20240901
S05/20240901/00010,8,TENDER,1,5930.83,TENDER,2024-09-01T12:16:59,S05,20240901
S05/20240901/00011,1,P105838,1,594.50,SALE,2024-09-01T19:08:35,S05,20240901
S05/20240901/00011,2,P106181,2,778.60,SALE,2024-09-01T19:08:35,S05,20240901
S05/20240901/00011,3,P102682,1,94.04,SALE,2024-09-01T19:08:35,S05,20240901
S05/20240901/00011,4,TAX,1,4.70,TAX,2024-09-01T19:08:35,S05,20240901
S05/20240901/00011,5,TENDER,1,2250.44,TENDER,2024-09-01T19:08:35,S05,20240901
S05/20240901/00012,1,P101356,1,1083.07,SALE,2024-09-01T23:35:16,S05,20240901
S05/20240901/00012,2,P107859,1,127.92,SALE,2024-09-01T23:35:16,S05,20240901
S05/20240901/00012,3,P101747,4,245.75,SALE,2024-09-01T23:35:16,S05,20240901
S05/20240901/00012,4,P103552,1,125.20,SALE,2024-09-01T23:35:16,S05,20240901
S05/20240901/00012,5,P107463,2,188.92,SALE,2024-09-01T23:35:16,S05,20240901
S05/20240901/00012,6,P100239,2,355.87,SALE,2024-09-01T23:35:16,S05,20240901
S05/20240901/00012,7,DISC,1,-373.94,DISCOUNT,2024-09-01T23:35:16,S05,20240901
S05/20240901/00012,8,TAX,1,234.26,TAX,2024-09-01T23:35:16,S05,20240901
S05/20240901/00012,9,TENDER,1,3269.09,TENDER,2024-09-01T23:35:16,S05,20240901
S05/20240901/00013,1,P103637,1,338.13,SALE,2024-09-01T19:12:39,S05,20240901
S05/20240901/00013,2,P103760,1,104.16,SALE,2024-09-01T19:12:39,S05,20240901
S05/20240901/00013,3,P104242,2,308.27,SALE,2024-09-01T19:12:39,S05,20240901
S05/20240901/00013,4,P101747,2,245.75,SALE,2024-09-01T19:12:39,S05,20240901
S05/20240901/00013,5,P102833,2,680.71,SALE,2024-09-01T19:12:39,S05,20240901
S05/20240901/00013,6,TAX,1,246.24,TAX,2024-09-01T19:12:39,S05,20240901
S05/20240901/00013,7,TENDER,1,3157.99,TENDER,2024-09-01T19:12:39,S05,20240901
S05/20240901/00014,1,P100044,3,737.05,SALE,2024-09-01T14:28:10,S05,20240901
S05/20240901/00014,2,P105651,1,108.83,SALE,2024-09-01T14:28:10,S05,20240901
S05/20240901/00014,3,P100135,3,60.34,SALE,2024-09-01T14:28:10,S05,20240901
S05/20240901/00014,4,P108090,3,130.88,SALE,2024-09-01T14:28:10,S05,20240901
S05/20240901/00014,5,P106424,1,535.14,SALE,2024-09-01T14:28:10,S05,20240901
S05/20240901/00014,6,P103337,2,84.50,SALE,2024-09-01T14:28:10,S05,20240901
S05/20240901/00014,7,TAX,1,348.82,TAX,2024-09-01T14:28:10,S05,20240901
S05/20240901/00014,8,TENDER,1,3946.60,TENDER,2024-09-01T14:28:10,S05,20240901
S05/20240901/00015,1,P103449,2,381.08,SALE,2024-09-01T16:16:06,S05,20240901
S05/20240901/00015,2,P107362,1,62.10,SALE,2024-09-01T16:16:06,S05,20240901
S05/20240901/00015,3,P103382,1,196.46,SALE,2024-09-01T16:16:06,S05,20240901
S05/20240901/00015,4,TAX,1,59.11,TAX,2024-09-01T16:16:06,S05,20240901
S05/20240901/00015,5,TENDER,1,1079.83,TENDER,2024-09-01T16:16:06,S05,20240901
S05/20240901/00016,1,P102000,1,82.98,SALE,2024-09-01T14:59:30,S05,20240901
S05/20240901/00016,2,P100406,2,435.20,SALE,2024-09-01T14:59:30,S05,20240901
S05/20240901/00016,3,P106669,2,102.72,SALE,2024-09-01T14:59:30,S05,20240901
S05/20240901/00016,4,P105127,4,65.49,SALE,2024-09-01T14:59:30,S05,20240901
S05/20240901/00016,5,DISC,1,-70.70,DISCOUNT,2024-09-01T14:59:30,S05,20240901
S05/20240901/00016,6,TAX,1,77.75,TAX,2024-09-01T14:59:30,S05,20240901
S05/20240901/00016,7,TENDER,1,1427.83,TENDER,2024-09-01T14:59:30,S05,20240901
S05/20240901/00017,1,P103397,1,371.02,SALE,2024-09-01T08:05:26,S05,20240901
S05/20240901/00017,2,P100164,2,594.91,SALE,2024-09-01T08:05:26,S05,20240901
S05/20240901/00017,3,P104572,2,182.16,SALE,2024-09-01T08:05:26,S05,20240901
S05/20240901/00017,4,P100693,1,107.22,SALE,2024-09-01T08:05:26,S05,20240901
S05/20240901/00017,5,P101458,1,1365.07,SALE,2024-09-01T08:05:26,S05,20240901
S05/20240901/00017,6,P102243,1,133.95,SALE,2024-09-01T08:05:26,S05,20240901
S05/20240901/00017,7,TAX,1,258.38,TAX,2024-09-01T08:05:26,S05,20240901
S05/20240901/00017,8,TENDER,1,3789.78,TENDER,2024-09-01T08:05:26,S05,20240901
S05/20240901/00018,1,P105609,2,817.71,SALE,2024-09-01T18:25:18,S05,20240901
S05/20240901/00018,2,P106620,4,296.41,SALE,2024-09-01T18:25:18,S05,20240901
S05/20240901/00018,3,P106399,2,198.14,SALE,2024-09-01T18:25:18,S05,20240901
S05/20240901/00018,4,P104733,4,667.46,SALE,2024-09-01T18:25:18,S05,20240901
S05/20240901/00018,5,P107488,2,303.21,SALE,2024-09-01T18:25:18,S05,20240901
S05/20240901/00018,6,TAX,1,751.82,TAX,2024-09-01T18:25:18,S05,20240901
S05/20240901/00018,7,TENDER,1,7245.42,TENDER,2024-09-01T18:25:18,S05,20240901
S05/20240901/00019,1,P103438,2,187.96,SALE,2024-09-01T15:09:01,S05,20240901
S05/20240901/00019,2,TAX,1,18.80,TAX,2024-09-01T15:09:01,S05,20240901
S05/20240901/00019,3,TENDER,1,394.72,TENDER,2024-09-01T15:09:01,S05,20240901
S05/20240901/00020,1,P105219,2,701.93,SALE,2024-09-01T14:35:35,S05,20240901
S05/20240901/00020,2,P107676,3,186.95,SALE,2024-09-01T14:35:35,S05,20240901
S05/20240901/00020,3,P106490,3,671.88,SALE,2024-09-01T14:35:35,S05,20240901
S05/20240901/00020,4,P107178,1,298.69,SALE,2024-09-01T14:35:35,S05,20240901
S05/20240901/00020,5,P104842,2,357.87,SALE,2024-09-01T14:35:35,S05,20240901
S05/20240901/00020,6,P103647,4,42.17,SALE,2024-09-01T14:35:35,S05,20240901
S05/20240901/00020,7,P106934,3,1554.16,SALE,2024-09-01T14:35:35,S05,20240901
S05/20240901/00020,8,P107018,2,206.34,SALE,2024-09-01T14:35:35,S05,20240901
S05/20240901/00020,9,P100210,3,1073.90,SALE,2024-09-01T14:35:35,S05,20240901
S05/20240901/00020,10,TAX,1,809.71,TAX,2024-09-01T14:35:35,S05,20240901
S05/20240901/00020,11,TENDER,1,14270.03,TENDER,2024-09-01T14:35:35,S05,20240901
S05/20240901/00021,1,P105356,1,232.26,SALE,2024-09-01T19:27:42,S05,20240901
S05/20240901/00021,2,P105230,4,123.72,SALE,2024-09-01T19:27:42,S05,20240901
S05/20240901/00021,3,P102626,1,416.91,SALE,2024-09-01T19:27:42,S05,20240901
S05/20240901/00021,4,P104112,1,52.93,SALE,2024-09-01T19:27:42,S05,20240901
S05/20240901/00021,5,TAX,1,123.67,TAX,2024-09-01T19:27:42,S05,20240901
S05/20240901/00021,6,TENDER,1,1320.65,TENDER,2024-09-01T19:27:42,S05,20240901
S05/20240901/00022,1,P100287,1,218.95,SALE,2024-09-01T17:37:38,S05,20240901
S05/20240901/00022,2,P101279,1,237.59,SALE,2024-09-01T17:37:38,S05,20240901
S05/20240901/00022,3,P103525,1,252.51,SALE,2024-09-01T17:37:38,S05,20240901
S05/20240901/00022,4,TAX,1,38.90,TAX,2024-09-01T17:37:38,S05,20240901
S05/20240901/00022,5,TENDER,1,747.95,TENDER,2024-09-01T17:37:38,S05,20240901
S05/20240901/00023,1,P103661,2,125.81,SALE,2024-09-01T09:39:48,S05,20240901
S05/20240901/00023,2,P107063,2,374.87,SALE,2024-09-01T09:39:48,S05,20240901
S05/20240901/00023,3,P102142,3,93.89,SALE,2024-09-01T09:39:48,S05,20240901
S05/20240901/00023,4,P100441,3,419.95,SALE,2024-09-01T09:39:48,S05,20240901
S05/20240901/00023,5,P108247,1,242.95,SALE,2024-09-01T09:39:48,S05,20240901
S05/20240901/00023,6,TAX,1,344.26,TAX,2024-09-01T09:39:48,S05,20240901
S05/20240901/00023,7,TENDER,1,3130.09,TENDER,2024-09-01T09:39:48,S05,20240901
S05/20240901/00024,1,P105838,2,594.50,SALE,2024-09-01T17:29:17,S05,20240901
S05/20240901/00024,2,P101864,3,112.21,SALE,2024-09-01T17:29:17,S05,20240901
S05/20240901/00024,3,P106244,3,73.94,SALE,2024-09-01T17:29:17,S05,20240901
S05/20240901/00024,4,P101690,2,1044.81,SALE,2024-09-01T17:29:17,S05,20240901
S05/20240901/00024,5,P106123,3,248.44,SALE,2024-09-01T17:29:17,S05,20240901
S05/20240901/00024,6,P102321,2,35.15,SALE,2024-09-01T17:29:17,S05,20240901
S05/20240901/00024,7,TAX,1,200.13,TAX,2024-09-01T17:29:17,S05,20240901
S05/20240901/00024,8,TENDER,1,4852.82,TENDER,2024-09-01T17:29:17,S05,20240901
S05/20240901/00025,1,P104544,1,104.46,SALE,2024-09-01T14:25:21,S05,20240901
S05/20240901/00025,2,P105050,2,111.79,SALE,2024-09-01T14:25:21,S05,20240901
S05/20240901/00025,3,P106669,4,102.72,SALE,2024-09-01T14:25:21,S05,20240901
S05/20240901/00025,4,P107115,2,172.62,SALE,2024-09-01T14:25:21,S05,20240901
S05/20240901/00025,5,TAX,1,54.21,TAX,2024-09-01T14:25:21,S05,20240901
S05/20240901/00025,6,TENDER,1,1138.37,TENDER,2024-09-01T14:25:21,S05,20240901
S05/20240901/00026,1,P102735,1,534.08,SALE,2024-09-01T17:56:56,S05,20240901
S05/20240901/00026,2,P106920,2,1398.34,SALE,2024-09-01T17:56:56,S05,20240901
S05/20240901/00026,3,P104155,3,144.69,SALE,2024-09-01T17:56:56,S05,20240901
S05/20240901/00026,4,P100649,2,628.39,SALE,2024-09-01T17:56:56,S05,20240901
S05/20240901/00026,5,P107960,2,1047.81,SALE,2024-09-01T17:56:56,S05,20240901
S05/20240901/00026,6,P101796,2,990.67,SALE,2024-09-01T17:56:56,S05,20240901
S05/20240901/00026,7,P107826,2,117.63,SALE,2024-09-01T17:56:56,S05,20240901
S05/20240901/00026,8,P107837,1,94.99,SALE,2024-09-01T17:56:56,S05,20240901
S05/20240901/00026,9,TAX,1,554.84,TAX,2024-09-01T17:56:56,S05,20240901
S05/20240901/00026,10,TENDER,1,9983.66,TENDER,2024-09-01T17:56:56,S05,20240901
S05/20240901/00027,1,P101851,1,1750.29,SALE,2024-09-01T08:50:27,S05,20240901
S05/20240901/00027,2,P100453,3,207.31,SALE,2024-09-01T08:50:27,S05,20240901
S05/20240901/00027,3,P104079,3,75.55,SALE,2024-09-01T08:50:27,S05,20240901
S05/20240901/00027,4,P101332,2,400.98,SALE,2024-09-01T08:50:27,S05,20240901
S05/20240901/00027,5,P101766,2,207.00,SALE,2024-09-01T08:50:27,S05,20240901
S05/20240901/00027,6,P108017,1,105.98,SALE,2024-09-01T08:50:27,S05,20240901
S05/20240901/00027,7,P106844,2,23.44,SALE,2024-09-01T08:50:27,S05,20240901
S05/20240901/00027,8,P105609,3,817.71,SALE,2024-09-01T08:50:27,S05,20240901
S05/20240901/00027,9,TAX,1,277.10,TAX,2024-09-01T08:50:27,S05,20240901
S05/20240901/00027,10,TENDER,1,6697.92,TENDER,2024-09-01T08:50:27,S05,20240901
S05/20240901/00028,1,P101117,3,203.24,SALE,2024-09-01T17:55:46,S05,20240901
S05/20240901/00028,2,P102998,2,145.74,SALE,2024-09-01T17:55:46,S05,20240901
S05/20240901/00028,3,P103389,3,239.67,SALE,2024-09-01T17:55:46,S05,20240901
S05/20240901/00028,4,P100239,2,355.87,SALE,2024-09-01T17:55:46,S05,20240901
S05/20240901/00028,5,P103682,1,372.67,SALE,2024-09-01T17:55:46,S05,20240901
S05/20240901/00028,6,P104462,2,86.38,SALE,2024-09-01T17:55:46,S05,20240901
S05/20240901/00028,7,DISC,1,-153.72,DISCOUNT,2024-09-01T17:55:46,S05,20240901
S05/20240901/00028,8,TAX,1,324.69,TAX,2024-09-01T17:55:46,S05,20240901
S05/20240901/00028,9,TENDER,1,3048.35,TENDER,2024-09-01T17:55:46,S05,20240901
S05/20240901/00029,1,P100703,1,171.10,SALE,2024-09-01T17:13:42,S05,20240901
S05/20240901/00029,2,P106288,2,46.52,SALE,2024-09-01T17:13:42,S05,20240901
S05/20240901/00029,3,P102779,1,25.62,SALE,2024-09-01T17:13:42,S05,20240901
S05/20240901/00029,4,P108097,2,93.69,SALE,2024-09-01T17:13:42,S05,20240901
S05/20240901/00029,5,P100276,3,965.56,SALE,2024-09-01T17:13:42,S05,20240901
S05/20240901/00029,6,P106844,1,23.44,SALE,2024-09-01T17:13:42,S05,20240901
S05/20240901/00029,7,P106731,3,142.59,SALE,2024-09-01T17:13:42,S05,20240901
S05/20240901/00029,8,P106745,1,621.98,SALE,2024-09-01T17:13:42,S05,20240901
S05/20240901/00029,9,TAX,1,311.75,TAX,2024-09-01T17:13:42,S05,20240901
S05/20240901/00029,10,TENDER,1,4758.76,TENDER,2024-09-01T17:13:42,S05,20240901
S05/20240901/00030,1,P102534,3,98.12,SALE,2024-09-01T15:53:47,S05,20240901
S05/20240901/00030,2,P104921,1,421.02,SALE,2024-09-01T15:53:47,S05,20240901
S05/20240901/00030,3,TAX,1,128.77,TAX,2024-09-01T15:53:47,S05,20240901
S05/20240901/00030,4,TENDER,1,844.15,TENDER,2024-09-01T15:53:47,S05,20240901
S05/20240901/00031,1,P106181,1,778.60,SALE,2024-09-01T20:37:55,S05,20240901
S05/20240901/00031,2,P106426,2,149.87,SALE,2024-09-01T20:37:55,S05,20240901
S05/20240901/00031,3,P100164,1,594.91,SALE,2024-09-01T20:37:55,S05,20240901
S05/20240901/00031,4,P104064,1,326.15,SALE,2024-09-01T20:37:55,S05,20240901
S05/20240901/00031,5,P102074,2,415.90,SALE,2024-09-01T20:37:55,S05,20240901
S05/20240901/00031,6,P103668,2,1530.18,SALE,2024-09-01T20:37:55,S05,20240901
S05/20240901/00031,7,P108041,4,368.87,SALE,2024-09-01T20:37:55,S05,20240901
S05/20240901/00031,8,TAX,1,571.84,TAX,2024-09-01T20:37:55,S05,20240901
S05/20240901/00031,9,TENDER,1,7938.88,TENDER,2024-09-01T20:37:55,S05,20240901
S05/20240901/00032,1,P105684,2,1114.27,SALE,2024-09-01T12:37:48,S05,20240901
S05/20240901/00032,2,P101213,1,232.84,SALE,2024-09-01T12:37:48,S05,20240901
S05/20240901/00032,3,TAX,1,153.34,TAX,2024-09-01T12:37:48,S05,20240901
S05/20240901/00032,4,TENDER,1,2614.72,TENDER,2024-09-01T12:37:48,S05,20240901
S05/20240902/00001,1,P100233,2,67.07,SALE,2024-09-02T17:25:27,S05,20240902
S05/20240902/00001,2,P103171,2,68.42,SALE,2024-09-02T17:25:27,S05,20240902
S05/20240902/00001,3,P107676,2,186.95,SALE,2024-09-02T17:25:27,S05,20240902
S05/20240902/00001,4,TAX,1,32.24,TAX,2024-09-02T17:25:27,S05,20240902
S05/20240902/00001,5,TENDER,1,677.12,TENDER,2024-09-02T17:25:27,S05,20240902
S05/20240902/00002,1,P102821,1,1248.39,SALE,2024-09-02T18:19:11,S05,20240902
S05/20240902/00002,2,P102060,2,165.83,SALE,2024-09-02T18:19:11,S05,20240902
S05/20240902/00002,3,TAX,1,0.00,TAX,2024-09-02T18:19:11,S05,20240902
S05/20240902/00002,4,TENDER,1,1580.05,TENDER,2024-09-02T18:19:11,S05,20240902
S05/20240902/00003,1,P106671,3,101.77,SALE,2024-09-02T13:13:32,S05,20240902
S05/20240902/00003,2,P107301,1,945.94,SALE,2024-09-02T13:13:32,S05,20240902
S05/20240902/00003,3,P104058,2,351.54,SALE,2024-09-02T13:13:32,S05,20240902
S05/20240902/00003,4,P105583,3,179.43,SALE,2024-09-02T13:13:32,S05,20240902
S05/20240902/00003,5,P105167,2,826.20,SALE,2024-09-02T13:13:32,S05,20240902
S05/20240902/00003,6,P105797,2,254.07,SALE,2024-09-02T13:13:32,S05,20240902
S05/20240902/00003,7,DISC,1,-322.88,DISCOUNT,2024-09-02T13:13:32,S05,20240902
S05/20240902/00003,8,TAX,1,384.15,TAX,2024-09-02T13:13:32,S05,20240902
S05/20240902/00003,9,TENDER,1,4714.43,TENDER,2024-09-02T13:13:32,S05,20240902
S05/20240902/00004,1,P102375,1,487.64,SALE,2024-09-02T16:03:49,S05,20240902
S05/20240902/00004,2,P104756,1,373.50,SALE,2024-09-02T16:03:49,S05,20240902
S05/20240902/00004,3,P100838,1,37.95,SALE,2024-09-02T16:03:49,S05,20240902
S05/20240902/00004,4,TAX,1,134.49,TAX,2024-09-02T16:03:49,S05,20240902
S05/20240902/00004,5,TENDER,1,1033.58,TENDER,2024-09-02T16:03:49,S05,20240902
S05/20240902/00005,1,P105062,4,14.84,SALE,2024-09-02T23:10:52,S05,20240902
S05/20240902/00005,2,P103712,1,481.86,SALE,2024-09-02T23:10:52,S05,20240902
S05/20240902/00005,3,P106024,2,472.89,SALE,2024-09-02T23:10:52,S05,20240902
S05/20240902/00005,4,TAX,1,238.75,TAX,2024-09-02T23:10:52,S05,20240902
S05/20240902/00005,5,TENDER,1,1725.75,TENDER,2024-09-02T23:10:52,S05,20240902
S05/20240902/00006,1,P103374,2,34.95,SALE,2024-09-02T09:39:41,S05,20240902
S05/20240902/00006,2,P101152,6,478.44,SALE,2024-09-02T09:39:41,S05,20240902
S05/20240902/00006,3,P103712,2,481.86,SALE,2024-09-02T09:39:41,S05,20240902
S05/20240902/00006,4,P106602,3,122.17,SALE,2024-09-02T09:39:41,S05,20240902
S05/20240902/00006,5,P108302,3,855.55,SALE,2024-09-02T09:39:41,S05,20240902
S05/20240902/00006,6,P105729,1,68.08,SALE,2024-09-02T09:39:41,S05,20240902
S05/20240902/00006,7,TAX,1,803.86,TAX,2024-09-02T09:39:41,S05,20240902
S05/20240902/00006,8,TENDER,1,7709.36,TENDER,2024-09-02T09:39:41,S05,20240902
S05/20240902/00007,1,P102166,2,52.54,SALE,2024-09-02T14:27:43,S05,20240902
S05/20240902/00007,2,P108338,1,218.68,SALE,2024-09-02T14:27:43,S05,20240902
S05/20240902/00007,3,P104042,1,346.95,SALE,2024-09-02T14:27:43,S05,20240902
S05/20240902/00007,4,P100649,2,628.39,SALE,2024-09-02T14:27:43,S05,20240902
S05/20240902/00007,5,P106490,3,671.88,SALE,2024-09-02T14:27:43,S05,20240902
S05/20240902/00007,6,P106388,3,1120.55,SALE,2024-09-02T14:27:43,S05,20240902
S05/20240902/00007,7,TAX,1,162.75,TAX,2024-09-02T14:27:43,S05,20240902
S05/20240902/00007,8,TENDER,1,7467.53,TENDER,2024-09-02T14:27:43,S05,20240902
S05/20240902/00008,1,P106877,3,1085.30,SALE,2024-09-02T15:39:31,S05,20240902
S05/20240902/00008,2,P101428,3,394.08,SALE,2024-09-02T15:39:31,S05,20240902
S05/20240902/00008,3,P104446,2,56.83,SALE,2024-09-02T15:39:31,S05,20240902
S05/20240902/00008,4,TAX,1,233.26,TAX,2024-09-02T15:39:31,S05,20240902
S05/20240902/00008,5,TENDER,1,4785.06,TENDER,2024-09-02T15:39:31,S05,20240902
S05/20240902/00009,1,P103372,2,47.26,SALE,2024-09-02T11:08:43,S05,20240902
S05/20240902/00009,2,P104133,2,248.31,SALE,2024-09-02T11:08:43,S05,20240902
S05/20240902/00009,3,P106234,2,78.81,SALE,2024-09-02T11:08:43,S05,20240902
S05/20240902/00009,4,TAX,1,35.93,TAX,2024-09-02T11:08:43,S05,20240902
S05/20240902/00009,5,TENDER,1,784.69,TENDER,2024-09-02T11:08:43,S05,20240902
S05/20240902/00010,1,P103496,1,70.71,SALE,2024-09-02T14:38:21,S05,20240902
S05/20240902/00010,2,P107301,2,945.94,SALE,2024-09-02T14:38:21,S05,20240902
S05/20240902/00010,3,P105553,1,764.76,SALE,2024-09-02T14:38:21,S05,20240902
S05/20240902/00010,4,P108292,2,104.02,SALE,2024-09-02T14:38:21,S05,20240902
S05/20240902/00010,5,P108361,1,68.42,SALE,2024-09-02T14:38:21,S05,20240902
S05/20240902/00010,6,P100810,1,200.65,SALE,2024-09-02T14:38:21,S05,20240902
S05/20240902/00010,7,P102021,2,90.22,SALE,2024-09-02T14:38:21,S05,20240902
S05/20240902/00010,8,TAX,1,136.18,TAX,2024-09-02T14:38:21,S05,20240902
S05/20240902/00010,9,TENDER,1,3521.08,TENDER,2024-09-02T14:38:21,S05,20240902
S05/20240902/00011,1,P105570,2,345.21,SALE,2024-09-02T18:32:26,S05,20240902
S05/20240902/00011,2,P106454,2,118.78,SALE,2024-09-02T18:32:26,S05,20240902
S05/20240902/00011,3,P105997,1,109.75,SALE,2024-09-02T18:32:26,S05,20240902
S05/20240902/00011,4,P100595,2,404.82,SALE,2024-09-02T18:32:26,S05,20240902
S05/20240902/00011,5,P101134,2,1071.76,SALE,2024-09-02T18:32:26,S05,20240902
S05/20240902/00011,6,TAX,1,149.04,TAX,2024-09-02T18:32:26,S05,20240902
S05/20240902/00011,7,TENDER,1,4139.93,TENDER,2024-09-02T18:32:26,S05,20240902
S05/20240902/00012,1,P107472,1,66.89,SALE,2024-09-02T16:19:14,S05,20240902
S05/20240902/00012,2,P103600,1,99.21,SALE,2024-09-02T16:19:14,S05,20240902
S05/20240902/00012,3,TAX,1,8.31,TAX,2024-09-02T16:19:14,S05,20240902
S05/20240902/00012,4,TENDER,1,174.41,TENDER,2024-09-02T16:19:14,S05,20240902
S05/20240902/00013,1,P106123,3,248.44,SALE,2024-09-02T13:26:19,S05,20240902
S05/20240902/00013,2,P106059,2,313.87,SALE,2024-09-02T13:26:19,S05,20240902
S05/20240902/00013,3,P102236,1,928.51,SALE,2024-09-02T13:26:19,S05,20240902
S05/20240902/00013,4,P101184,1,64.09,SALE,2024-09-02T13:26:19,S05,20240902
S05/20240902/00013,5,TAX,1,167.11,TAX,2024-09-02T13:26:19,S05,20240902
S05/20240902/00013,6,TENDER,1,2532.77,TENDER,2024-09-02T13:26:19,S05,20240902
S05/20240902/00014,1,P101292,4,380.75,SALE,2024-09-02T22:21:59,S05,20240902
S05/20240902/00014,2,P104139,2,225.08,SALE,2024-09-02T22:21:59,S05,20240902
S05/20240902/00014,3,TAX,1,76.15,TAX,2024-09-02T22:21:59,S05,20240902
S05/20240902/00014,4,TENDER,1,2049.31,TENDER,2024-09-02T22:21:59,S05,20240902
S05/20240902/00015,1,P101018,3,141.83,SALE,2024-09-02T13:17:49,S05,20240902
S05/20240902/00015,2,P103406,2,1248.48,SALE,2024-09-02T13:17:49,S05,20240902
S05/20240902/00015,3,P106288,1,46.52,SALE,2024-09-02T13:17:49,S05,20240902
S05/20240902/00015,4,TAX,1,301.96,TAX,2024-09-02T13:17:49,S05,20240902
S05/20240902/00015,5,TENDER,1,3270.93,TENDER,2024-09-02T13:17:49,S05,20240902
S05/20240902/00016,1,P104501,3,449.67,SALE,2024-09-02T13:52:23,S05,20240902
S05/20240902/00016,2,P108017,3,105.98,SALE,2024-09-02T13:52:23,S05,20240902
S05/20240902/00016,3,P107914,3,231.95,SALE,2024-09-02T13:52:23,S05,20240902
S05/20240902/00016,4,TAX,1,125.25,TAX,2024-09-02T13:52:23,S05,20240902
S05/20240902/00016,5,TENDER,1,2488.05,TENDER,2024-09-02T13:52:23,S05,20240902
S05/20240902/00017,1,P108272,2,119.46,SALE,2024-09-02T10:01:59,S05,20240902
S05/20240902/00017,2,P102922,2,120.15,SALE,2024-09-02T10:01:59,S05,20240902
S05/20240902/00017,3,P101813,4,273.64,SALE,2024-09-02T10:01:59,S05,20240902
S05/20240902/00017,4,P108076,3,144.05,SALE,2024-09-02T10:01:59,S05,20240902
S05/20240902/00017,5,P104181,1,279.95,SALE,2024-09-02T10:01:59,S05,20240902
S05/20240902/00017,6,DISC,1,-204.30,DISCOUNT,2024-09-02T10:01:59,S05,20240902
S05/20240902/00017,7,TAX,1,166.92,TAX,2024-09-02T10:01:59,S05,20240902
S05/20240902/00017,8,TENDER,1,2248.50,TENDER,2024-09-02T10:01:59,S05,20240902
S05/20240902/00018,1,P103309,2,59.57,SALE,2024-09-02T11:34:46,S05,20240902
S05/20240902/00018,2,P102772,2,151.97,SALE,2024-09-02T11:34:46,S05,20240902
S05/20240902/00018,3,TAX,1,21.15,TAX,2024-09-02T11:34:46,S05,20240902
S05/20240902/00018,4,TENDER,1,444.23,TENDER,2024-09-02T11:34:46,S05,20240902
S05/20240902/00019,1,P108300,3,291.42,SALE,2024-09-02T14:22:40,S05,20240902
S05/20240902/00019,2,P104725,1,536.92,SALE,2024-09-02T14:22:40,S05,20240902
S05/20240902/00019,3,P104277,2,136.79,SALE,2024-09-02T14:22:40,S05,20240902
S05/20240902/00019,4,TAX,1,286.84,TAX,2024-09-02T14:22:40,S05,20240902
S05/20240902/00019,5,TENDER,1,1971.60,TENDER,2024-09-02T14:22:40,S05,20240902
S05/20240902/00020,1,P102718,1,333.45,SALE,2024-09-02T14:54:54,S05,20240902
S05/20240902/00020,2,P107278,2,55.18,SALE,2024-09-02T14:54:54,S05,20240902
S05/20240902/00020,3,TAX,1,73.26,TAX,2024-09-02T14:54:54,S05,20240902
S05/20240902/00020,4,TENDER,1,517.07,TENDER,2024-09-02T14:54:54,S05,20240902
S05/20240902/00021,1,P101940,1,201.44,SALE,2024-09-02T18:51:58,S05,20240902
S05/20240902/00021,2,P107589,2,266.18,SALE,2024-09-02T18:51:58,S05,20240902
S05/20240902/00021,3,P103600,3,107.84,SALE,2024-09-02T18:51:58,S05,20240902
S05/20240902/00021,4,TAX,1,136.17,TAX,2024-09-02T18:51:58,S05,20240902
S05/20240902/00021,5,TENDER,1,1193.49,TENDER,2024-09-02T18:51:58,S05,20240902
S05/20240902/00022,1,P101874,1,19.95,SALE,2024-09-02T18:01:44,S05,20240902
S05/20240902/00022,2,TAX,1,0.00,TAX,2024-09-02T18:01:44,S05,20240902
S05/20240902/00022,3,TENDER,1,19.95,TENDER,2024-09-02T18:01:44,S05,20240902
S05/20240903/00001,1,P101949,1,857.51,SALE,2024-09-03T14:51:34,S05,20240903
S05/20240903/00001,2,P103525,2,252.51,SALE,2024-09-03T14:51:34,S05,20240903
S05/20240903/00001,3,TAX,1,68.13,TAX,2024-09-03T14:51:34,S05,20240903
S05/20240903/00001,4,TENDER,1,1430.66,TENDER,2024-09-03T14:51:34,S05,20240903
S05/20240903/00002,1,P107354,2,227.60,SALE,2024-09-03T15:14:42,S05,20240903
S05/20240903/00002,2,P105609,1,817.71,SALE,2024-09-03T15:14:42,S05,20240903
S05/20240903/00002,3,P107026,1,65.23,SALE,2024-09-03T15:14:42,S05,20240903
S05/20240903/00002,4,P101697,2,102.34,SALE,2024-09-03T15:14:42,S05,20240903
S05/20240903/00002,5,TAX,1,66.37,TAX,2024-09-03T15:14:42,S05,20240903
S05/20240903/00002,6,TENDER,1,1609.19,TENDER,2024-09-03T15:14:42,S05,20240903
S05/20240903/00003,1,P108356,3,206.87,SALE,2024-09-03T21:46:46,S05,20240903
S05/20240903/00003,2,P108389,4,838.88,SALE,2024-09-03T21:46:46,S05,20240903
S05/20240903/00003,3,TAX,1,242.25,TAX,2024-09-03T21:46:46,S05,20240903
S05/20240903/00003,4,TENDER,1,4218.38,TENDER,2024-09-03T21:46:46,S05,20240903
S05/20240903/00004,1,P100287,1,218.95,SALE,2024-09-03T14:36:28,S05,20240903
S05/20240903/00004,2,P107119,5,16.65,SALE,2024-09-03T14:36:28,S05,20240903
S05/20240903/00004,3,P101990,1,408.52,SALE,2024-09-03T14:36:28,S05,20240903
S05/20240903/00004,4,P100233,1,67.07,SALE,2024-09-03T14:36:28,S05,20240903
S05/20240903/00004,5,P105288,2,271.73,SALE,2024-09-03T14:36:28,S05,20240903
S05/20240903/00004,6,TAX,1,93.63,TAX,2024-09-03T14:36:28,S05,20240903
S05/20240903/00004,7,TENDER,1,1414.88,TENDER,2024-09-03T14:36:28,S05,20240903
S05/20240903/00005,1,P102546,4,74.67,SALE,2024-09-03T16:48:38,S05,20240903
S05/20240903/00005,2,P108149,3,1073.33,SALE,2024-09-03T16:48:38,S05,20240903
S05/20240903/00005,3,P105633,2,46.25,SALE,2024-09-03T16:48:38,S05,20240903
S05/20240903/00005,4,P103262,1,54.76,SALE,2024-09-03T16:48:38,S05,20240903
S05/20240903/00005,5,P104872,3,132.95,SALE,2024-09-03T16:48:38,S05,20240903
S05/20240903/00005,6,DISC,1,-420.83,DISCOUNT,2024-09-03T16:48:38,S05,20240903
S05/20240903/00005,7,TAX,1,97.70,TAX,2024-09-03T16:48:38,S05,20240903
S05/20240903/00005,8,TENDER,1,3741.65,TENDER,2024-09-03T16:48:38,S05,20240903
S05/20240903/00006,1,P103986,2,495.05,SALE,2024-09-03T18:32:12,S05,20240903
S05/20240903/00006,2,P101263,1,620.85,SALE,2024-09-03T18:32:12,S05,20240903
S05/20240903/00006,3,P104427,2,462.16,SALE,2024-09-03T18:32:12,S05,20240903
S05/20240903/00006,4,P107795,2,284.47,SALE,2024-09-03T18:32:12,S05,20240903
S05/20240903/00006,5,TAX,1,524.62,TAX,2024-09-03T18:32:12,S05,20240903
S05/20240903/00006,6,TENDER,1,3628.83,TENDER,2024-09-03T18:32:12,S05,20240903
S05/20240903/00007,1,P102821,3,1356.95,SALE,2024-09-03T18:03:34,S05,20240903
S05/20240903/00007,2,P102364,1,104.57,SALE,2024-09-03T18:03:34,S05,20240903
S05/20240903/00007,3,P102744,2,98.75,SALE,2024-09-03T18:03:34,S05,20240903
S05/20240903/00007,4,P108008,2,128.46,SALE,2024-09-03T18:03:34,S05,20240903
S05/20240903/00007,5,TAX,1,74.94,TAX,2024-09-03T18:03:34,S05,20240903
S05/20240903/00007,6,TENDER,1,4704.78,TENDER,2024-09-03T18:03:34,S05,20240903
S05/20240903/00008,1,P106773,1,397.71,SALE,2024-09-03T17:32:02,S05,20240903
S05/20240903/00008,2,P104358,1,1243.57,SALE,2024-09-03T17:32:02,S05,20240903
S05/20240903/00008,3,P100827,2,1218.17,SALE,2024-09-03T17:32:02,S05,20240903
S05/20240903/00008,4,DISC,1,-280.45,DISCOUNT,2024-09-03T17:32:02,S05,20240903
S05/20240903/00008,5,TAX,1,205.63,TAX,2024-09-03T17:32:02,S05,20240903
S05/20240903/00008,6,TENDER,1,4002.80,TENDER,2024-09-03T17:32:02,S05,20240903
S05/20240903/00009,1,P107354,1,227.60,SALE,2024-09-03T16:58:24,S05,20240903
S05/20240903/00009,2,P108050,3,1166.49,SALE,2024-09-03T16:58:24,S05,20240903
S05/20240903/00009,3,P107264,2,181.93,SALE,2024-09-03T16:58:24,S05,20240903
S05/20240903/00009,4,P103704,3,172.20,SALE,2024-09-03T16:58:24,S05,20240903
S05/20240903/00009,5,TAX,1,360.77,TAX,2024-09-03T16:58:24,S05,20240903
S05/20240903/00009,6,TENDER,1,4968.30,TENDER,2024-09-03T16:58:24,S05,20240903
S05/20240903/00010,1,P100033,2,828.62,SALE,2024-09-03T19:27:38,S05,20240903
S05/20240903/00010,2,P102718,3,333.45,SALE,2024-09-03T19:27:38,S05,20240903
S05/20240903/00010,3,P100519,1,365.61,SALE,2024-09-03T19:27:38,S05,20240903
S05/20240903/00010,4,P100816,2,806.93,SALE,2024-09-03T19:27:38,S05,20240903
S05/20240903/00010,5,P103068,1,151.27,SALE,2024-09-03T19:27:38,S05,20240903
S05/20240903/00010,6,TAX,1,508.02,TAX,2024-09-03T19:27:38,S05,20240903
S05/20240903/00010,7,TENDER,1,5296.35,TENDER,2024-09-03T19:27:38,S05,20240903
S05/20240903/00011,1,P106697,3,342.69,SALE,2024-09-03T18:07:55,S05,20240903
S05/20240903/00011,2,P103682,3,372.67,SALE,2024-09-03T18:07:55,S05,20240903
S05/20240903/00011,3,P107630,2,290.66,SALE,2024-09-03T18:07:55,S05,20240903
S05/20240903/00011,4,P102566,3,414.37,SALE,2024-09-03T18:07:55,S05,20240903
S05/20240903/00011,5,P105230,1,123.72,SALE,2024-09-03T18:07:55,S05,20240903
S05/20240903/00011,6,P103839,3,213.95,SALE,2024-09-03T18:07:55,S05,20240903
S05/20240903/00011,7,P107526,3,53.96,SALE,2024-09-03T18:07:55,S05,20240903
S05/20240903/00011,8,P102744,2,98.75,SALE,2024-09-03T18:07:55,S05,20240903
S05/20240903/00011,9,TAX,1,660.80,TAX,2024-09-03T18:07:55,S05,20240903
S05/20240903/00011,10,TENDER,1,5756.26,TENDER,2024-09-03T18:07:55,S05,20240903
S05/20240903/00012,1,P104715,3,162.67,SALE,2024-09-03T22:33:34,S05,20240903
S05/20240903/00012,2,P106534,2,96.00,SALE,2024-09-03T22:33:34,S05,20240903
S05/20240903/00012,3,P100287,1,218.95,SALE,2024-09-03T22:33:34,S05,20240903
S05/20240903/00012,4,P100095,2,92.95,SALE,2024-09-03T22:33:34,S05,20240903
S05/20240903/00012,5,DISC,1,-81.47,DISCOUNT,2024-09-03T22:33:34,S05,20240903
S05/20240903/00012,6,TAX,1,146.11,TAX,2024-09-03T22:33:34,S05,20240903
S05/20240903/00012,7,TENDER,1,1149.50,TENDER,2024-09-03T22:33:34,S05,20240903
S05/20240903/00013,1,P106221,3,31.65,SALE,2024-09-03T15:43:02,S05,20240903
S05/20240903/00013,2,P107775,2,739.97,SALE,2024-09-03T15:43:02,S05,20240903
S05/20240903/00013,3,P100703,1,171.10,SALE,2024-09-03T15:43:02,S05,20240903
S05/20240903/00013,4,P103538,1,265.96,SALE,2024-09-03T15:43:02,S05,20240903
S05/20240903/00013,5,TAX,1,124.92,TAX,2024-09-03T15:43:02,S05,20240903
S05/20240903/00013,6,TENDER,1,2136.87,TENDER,2024-09-03T15:43:02,S05,20240903
S05/20240903/00014,1,P108338,1,218.68,SALE,2024-09-03T17:08:37,S05,20240903
S05/20240903/00014,2,P102142,2,93.89,SALE,2024-09-03T17:08:37,S05,20240903
S05/20240903/00014,3,P106464,2,271.59,SALE,2024-09-03T17:08:37,S05,20240903
S05/20240903/00014,4,P106228,1,44.54,SALE,2024-09-03T17:08:37,S05,20240903
S05/20240903/00014,5,TAX,1,121.95,TAX,2024-09-03T17:08:37,S05,20240903
S05/20240903/00014,6,TENDER,1,1116.13,TENDER,2024-09-03T17:08:37,S05,20240903
S05/20240903/00015,1,P100640,4,363.28,SALE,2024-09-03T16:54:21,S05,20240903
S05/20240903/00015,2,P101762,2,528.36,SALE,2024-09-03T16:54:21,S05,20240903
S05/20240903/00015,3,P100722,3,330.17,SALE,2024-09-03T16:54:21,S05,20240903
S05/20240903/00015,4,P100711,2,101.23,SALE,2024-09-03T16:54:21,S05,20240903
S05/20240903/00015,5,TAX,1,337.62,TAX,2024-09-03T16:54:21,S05,20240903
S05/20240903/00015,6,TENDER,1,4040.43,TENDER,2024-09-03T16:54:21,S05,20240903
S05/20240903/00016,1,P102695,-3,1259.21,RETURN,2024-09-03T21:01:54,S05,20240903
S05/20240903/00016,2,P106098,-2,334.84,RETURN,2024-09-03T21:01:54,S05,20240903
S05/20240903/00016,3,P102814,-2,543.50,RETURN,2024-09-03T21:01:54,S05,20240903
S05/20240903/00016,4,P100864,-2,193.24,RETURN,2024-09-03T21:01:54,S05,20240903
S05/20240903/00016,5,P101127,-3,45.95,RETURN,2024-09-03T21:01:54,S05,20240903
S05/20240903/00016,6,P102494,-2,11.95,RETURN,2024-09-03T21:01:54,S05,20240903
S05/20240903/00016,7,P108097,-2,93.69,RETURN,2024-09-03T21:01:54,S05,20240903
S05/20240903/00016,8,P102531,-3,148.04,RETURN,2024-09-03T21:01:54,S05,20240903
S05/20240903/00016,9,P103029,-1,11.28,RETURN,2024-09-03T21:01:54,S05,20240903
S05/20240903/00016,10,TAX,1,-739.71,TAX,2024-09-03T21:01:54,S05,20240903
S05/20240903/00016,11,TENDER,1,-7465.03,TENDER,2024-09-03T21:01:54,S05,20240903
S05/20240903/00017,1,P101732,3,1390.76,SALE,2024-09-03T14:56:42,S05,20240903
S05/20240903/00017,2,P101789,3,391.48,SALE,2024-09-03T14:56:42,S05,20240903
S05/20240903/00017,3,P105666,2,1064.29,SALE,2024-09-03T14:56:42,S05,20240903
S05/20240903/00017,4,P103645,1,241.18,SALE,2024-09-03T14:56:42,S05,20240903
S05/20240903/00017,5,TAX,1,559.40,TAX,2024-09-03T14:56:42,S05,20240903
S05/20240903/00017,6,TENDER,1,8275.88,TENDER,2024-09-03T14:56:42,S05,20240903
S05/20240904/00001,1,P105246,2,840.69,SALE,2024-09-04T16:48:48,S05,20240904
S05/20240904/00001,2,P100791,2,40.18,SALE,2024-09-04T16:48:48,S05,20240904
S05/20240904/00001,3,P107880,3,347.04,SALE,2024-09-04T16:48:48,S05,20240904
S05/20240904/00001,4,P106659,3,98.98,SALE,2024-09-04T16:48:48,S05,20240904
S05/20240904/00001,5,P101500,2,330.53,SALE,2024-09-04T16:48:48,S05,20240904
S05/20240904/00001,6,P103616,1,609.05,SALE,2024-09-04T16:48:48,S05,20240904
S05/20240904/00001,7,TAX,1,206.23,TAX,2024-09-04T16:48:48,S05,20240904
S05/20240904/00001,8,TENDER,1,4576.14,TENDER,2024-09-04T16:48:48,S05,20240904
S05/20240904/00002,1,P101923,1,484.95,SALE,2024-09-04T23:48:52,S05,20240904
S05/20240904/00002,2,P105684,4,1114.27,SALE,2024-09-04T23:48:52,S05,20240904
S05/20240904/00002,3,P100640,4,363.28,SALE,2024-09-04T23:48:52,S05,20240904
S05/20240904/00002,4,P101174,2,57.43,SALE,2024-09-04T23:48:52,S05,20240904
S05/20240904/00002,5,P104526,1,363.05,SALE,2024-09-04T23:48:52,S05,20240904
S05/20240904/00002,6,P101339,1,222.95,SALE,2024-09-04T23:48:52,S05,20240904
S05/20240904/00002,7,P102623,1,107.54,SALE,2024-09-04T23:48:52,S05,20240904
S05/20240904/00002,8,P103124,2,489.23,SALE,2024-09-04T23:48:52,S05,20240904
S05/20240904/00002,9,P106106,2,219.14,SALE,2024-09-04T23:48:52,S05,20240904
S05/20240904/00002,10,TAX,1,787.48,TAX,2024-09-04T23:48:52,S05,20240904
S05/20240904/00002,11,TENDER,1,9407.77,TENDER,2024-09-04T23:48:52,S05,20240904
S05/20240904/00003,1,P102346,1,89.47,SALE,2024-09-04T12:38:43,S05,20240904
S05/20240904/00003,2,P105351,1,102.95,SALE,2024-09-04T12:38:43,S05,20240904
S05/20240904/00003,3,TAX,1,29.27,TAX,2024-09-04T12:38:43,S05,20240904
S05/20240904/00003,4,TENDER,1,221.69,TENDER,2024-09-04T12:38:43,S05,20240904
S05/20240904/00004,1,P106158,2,564.54,SALE,2024-09-04T11:06:20,S05,20240904
S05/20240904/00004,2,P101489,2,493.95,SALE,2024-09-04T11:06:20,S05,20240904
S05/20240904/00004,3,P108227,1,551.58,SALE,2024-09-04T11:06:20,S05,20240904
S05/20240904/00004,4,P103178,1,21.21,SALE,2024-09-04T11:06:20,S05,20240904
S05/20240904/00004,5,P103785,5,562.18,SALE,2024-09-04T11:06:20,S05,20240904
S05/20240904/00004,6,P104351,1,1128.29,SALE,2024-09-04T11:06:20,S05,20240904
S05/20240904/00004,7,P105042,3,66.53,SALE,2024-09-04T11:06:20,S05,20240904
S05/20240904/00004,8,TAX,1,489.92,TAX,2024-09-04T11:06:20,S05,20240904
S05/20240904/00004,9,TENDER,1,7318.47,TENDER,2024-09-04T11:06:20,S05,20240904
S05/20240904/00005,1,P107630,-1,290.66,RETURN,2024-09-04T07:51:33,S05,20240904
S05/20240904/00005,2,P102375,-1,487.64,RETURN,2024-09-04T07:51:33,S05,20240904
S05/20240904/00005,3,P107639,-1,128.49,RETURN,2024-09-04T07:51:33,S05,20240904
S05/20240904/00005,4,P105483,-2,160.65,RETURN,2024-09-04T07:51:33,S05,20240904
S05/20240904/00005,5,P101851,-2,1750.29,RETURN,2024-09-04T07:51:33,S05,20240904
S05/20240904/00005,6,P101839,-3,408.40,RETURN,2024-09-04T07:51:33,S05,20240904
S05/20240904/00005,7,TAX,1,-360.37,TAX,2024-09-04T07:51:33,S05,20240904
S05/20240904/00005,8,TENDER,1,-6314.24,TENDER,2024-09-04T07:51:33,S05,20240904
S05/20240904/00006,1,P102280,2,611.53,SALE,2024-09-04T15:42:50,S05,20240904
S05/20240904/00006,2,P106158,3,564.54,SALE,2024-09-04T15:42:50,S05,20240904
S05/20240904/00006,3,P101884,2,352.98,SALE,2024-09-04T15:42:50,S05,20240904
S05/20240904/00006,4,P105127,1,65.49,SALE,2024-09-04T15:42:50,S05,20240904
S05/20240904/00006,5,P107708,2,163.95,SALE,2024-09-04T15:42:50,S05,20240904
S05/20240904/00006,6,P101263,1,620.85,SALE,2024-09-04T15:42:50,S05,20240904
S05/20240904/00006,7,P100268,4,197.00,SALE,2024-09-04T15:42:50,S05,20240904
S05/20240904/00006,8,P105562,2,422.85,SALE,2024-09-04T15:42:50,S05,20240904
S05/20240904/00006,9,TAX,1,696.20,TAX,2024-09-04T15:42:50,S05,20240904
S05/20240904/00006,10,TENDER,1,6966.78,TENDER,2024-09-04T15:42:50,S05,20240904
S05/20240904/00007,1,P106984,1,28.34,SALE,2024-09-04T14:47:05,S05,20240904
S05/20240904/00007,2,P102738,2,236.55,SALE,2024-09-04T14:47:05,S05,20240904
S05/20240904/00007,3,P108090,3,135.66,SALE,2024-09-04T14:47:05,S05,20240904
S05/20240904/00007,4,DISC,1,-44.08,DISCOUNT,2024-09-04T14:47:05,S05,20240904
S05/20240904/00007,5,TAX,1,74.73,TAX,2024-09-04T14:47:05,S05,20240904
S05/20240904/00007,6,TENDER,1,939.07,TENDER,2024-09-04T14:47:05,S05,20240904
S05/20240904/00008,1,P100682,3,337.76,SALE,2024-09-04T16:18:47,S05,20240904
S05/20240904/00008,2,P102000,2,82.98,SALE,2024-09-04T16:18:47,S05,20240904
S05/20240904/00008,3,P105100,2,270.01,SALE,2024-09-04T16:18:47,S05,20240904
S05/20240904/00008,4,P101489,1,493.95,SALE,2024-09-04T16:18:47,S05,20240904
S05/20240904/00008,5,TAX,1,248.67,TAX,2024-09-04T16:18:47,S05,20240904
S05/20240904/00008,6,TENDER,1,2461.88,TENDER,2024-09-04T16:18:47,S05,20240904
S05/20240904/00009,1,P102922,2,120.15,SALE,2024-09-04T15:02:26,S05,20240904
S05/20240904/00009,2,P102874,4,142.11,SALE,2024-09-04T15:02:26,S05,20240904
S05/20240904/00009,3,P104266,2,412.47,SALE,2024-09-04T15:02:26,S05,20240904
S05/20240904/00009,4,P105684,1,1114.27,SALE,2024-09-04T15:02:26,S05,20240904
S05/20240904/00009,5,P101851,2,1750.29,SALE,2024-09-04T15:02:26,S05,20240904
S05/20240904/00009,6,P102922,-2,120.15,VOID,2024-09-04T15:02:26,S05,20240904
S05/20240904/00009,7,P102874,-4,142.11,VOID,2024-09-04T15:02:26,S05,20240904
S05/20240904/00009,8,P104266,-2,412.47,VOID,2024-09-04T15:02:26,S05,20240904
S05/20240904/00009,9,P105684,-1,1114.27,VOID,2024-09-04T15:02:26,S05,20240904
S05/20240904/00009,10,P101851,-2,1750.29,VOID,2024-09-04T15:02:26,S05,20240904
S05/20240904/00009,11,TAX,1,0.00,TAX,2024-09-04T15:02:26,S05,20240904
S05/20240904/00009,12,TENDER,1,0.00,TENDER,2024-09-04T15:02:26,S05,20240904
S05/20240904/00010,1,P107458,2,1239.88,SALE,2024-09-04T18:55:11,S05,20240904
S05/20240904/00010,2,P102485,3,220.03,SALE,2024-09-04T18:55:11,S05,20240904
S05/20240904/00010,3,P103908,1,104.62,SALE,2024-09-04T18:55:11,S05,20240904
S05/20240904/00010,4,P103559,2,370.21,SALE,2024-09-04T18:55:11,S05,20240904
S05/20240904/00010,5,TAX,1,82.58,TAX,2024-09-04T18:55:11,S05,20240904
S05/20240904/00010,6,TENDER,1,4067.47,TENDER,2024-09-04T18:55:11,S05,20240904
S05/20240904/00011,1,P104011,1,657.72,SALE,2024-09-04T18:39:42,S05,20240904
S05/20240904/00011,2,P102432,2,819.74,SALE,2024-09-04T18:39:42,S05,20240904
S05/20240904/00011,3,P107784,3,245.59,SALE,2024-09-04T18:39:42,S05,20240904
S05/20240904/00011,4,P106830,2,103.94,SALE,2024-09-04T18:39:42,S05,20240904
S05/20240904/00011,5,P101279,1,237.59,SALE,2024-09-04T18:39:42,S05,20240904
S05/20240904/00011,6,TAX,1,355.45,TAX,2024-09-04T18:39:42,S05,20240904
S05/20240904/00011,7,TENDER,1,3834.89,TENDER,2024-09-04T18:39:42,S05,20240904
S05/20240904/00012,1,P101444,2,863.68,SALE,2024-09-05T00:32:36,S05,20240904
S05/20240904/00012,2,P101374,1,49.36,SALE,2024-09-05T00:32:36,S05,20240904
S05/20240904/00012,3,TAX,1,95.25,TAX,2024-09-05T00:32:36,S05,20240904
S05/20240904/00012,4,TENDER,1,1871.97,TENDER,2024-09-05T00:32:36,S05,20240904
S05/20240904/00013,1,P103600,3,107.84,SALE,2024-09-04T17:48:34,S05,20240904
S05/20240904/00013,2,P105819,1,66.64,SALE,2024-09-04T17:48:34,S05,20240904
S05/20240904/00013,3,TAX,1,28.17,TAX,2024-09-04T17:48:34,S05,20240904
S05/20240904/00013,4,TENDER,1,418.33,TENDER,2024-09-04T17:48:34,S05,20240904
S05/20240904/00014,1,P101311,3,481.74,SALE,2024-09-04T14:01:27,S05,20240904
S05/20240904/00014,2,P102707,1,440.21,SALE,2024-09-04T14:01:27,S05,20240904
S05/20240904/00014,3,P106244,1,73.94,SALE,2024-09-04T14:01:27,S05,20240904
S05/20240904/00014,4,P103243,1,193.36,SALE,2024-09-04T14:01:27,S05,20240904
S05/20240904/00014,5,P107880,2,347.04,SALE,2024-09-04T14:01:27,S05,20240904
S05/20240904/00014,6,TAX,1,178.33,TAX,2024-09-04T14:01:27,S05,20240904
S05/20240904/00014,7,TENDER,1,3025.14,TENDER,2024-09-04T14:01:27,S05,20240904
S05/20240904/00015,1,P107231,2,1193.22,SALE,2024-09-04T14:17:11,S05,20240904
S05/20240904/00015,2,P105468,5,1100.43,SALE,2024-09-04T14:17:11,S05,20240904
S05/20240904/00015,3,TAX,1,275.11,TAX,2024-09-04T14:17:11,S05,20240904
S05/20240904/00015,4,TENDER,1,8163.70,TENDER,2024-09-04T14:17:11,S05,20240904
S05/20240904/00016,1,P101968,1,12.46,SALE,2024-09-04T14:36:02,S05,20240904
S05/20240904/00016,2,P103029,5,11.28,SALE,2024-09-04T14:36:02,S05,20240904
S05/20240904/00016,3,P100827,3,1218.17,SALE,2024-09-04T14:36:02,S05,20240904
S05/20240904/00016,4,P103668,1,1530.18,SALE,2024-09-04T14:36:02,S05,20240904
S05/20240904/00016,5,P104827,1,168.97,SALE,2024-09-04T14:36:02,S05,20240904
S05/20240904/00016,6,P102559,2,86.19,SALE,2024-09-04T14:36:02,S05,20240904
S05/20240904/00016,7,TAX,1,97.52,TAX,2024-09-04T14:36:02,S05,20240904
S05/20240904/00016,8,TENDER,1,5692.42,TENDER,2024-09-04T14:36:02,S05,20240904
S05/20240904/00017,1,P106490,2,671.88,SALE,2024-09-04T10:43:14,S05,20240904
S05/20240904/00017,2,P103575,1,54.47,SALE,2024-09-04T10:43:14,S05,20240904
S05/20240904/00017,3,P102342,5,107.02,SALE,2024-09-04T10:43:14,S05,20240904
S05/20240904/00017,4,P101064,2,33.84,SALE,2024-09-04T10:43:14,S05,20240904
S05/20240904/00017,5,P107414,4,565.57,SALE,2024-09-04T10:43:14,S05,20240904
S05/20240904/00017,6,TAX,1,192.23,TAX,2024-09-04T10:43:14,S05,20240904
S05/20240904/00017,7,TENDER,1,4455.52,TENDER,2024-09-04T10:43:14,S05,20240904
S05/20240904/00018,1,P105003,1,285.67,SALE,2024-09-04T18:50:44,S05,20240904
S05/20240904/00018,2,P106310,3,462.03,SALE,2024-09-04T18:50:44,S05,20240904
S05/20240904/00018,3,P104827,1,168.97,SALE,2024-09-04T18:50:44,S05,20240904
S05/20240904/00018,4,P107933,1,1146.02,SALE,2024-09-04T18:50:44,S05,20240904
S05/20240904/00018,5,P106731,2,142.59,SALE,2024-09-04T18:50:44,S05,20240904
S05/20240904/00018,6,P108032,3,648.04,SALE,2024-09-04T18:50:44,S05,20240904
S05/20240904/00018,7,TAX,1,671.73,TAX,2024-09-04T18:50:44,S05,20240904
S05/20240904/00018,8,TENDER,1,5887.78,TENDER,2024-09-04T18:50:44,S05,20240904
S05/20240904/00019,1,P103693,3,102.71,SALE,2024-09-04T12:39:29,S05,20240904
S05/20240904/00019,2,P105575,2,513.17,SALE,2024-09-04T12:39:29,S05,20240904
S05/20240904/00019,3,P106044,5,40.72,SALE,2024-09-04T12:39:29,S05,20240904
S05/20240904/00019,4,P100682,2,337.76,SALE,2024-09-04T12:39:29,S05,20240904
S05/20240904/00019,5,P106927,1,140.95,SALE,2024-09-04T12:39:29,S05,20240904
S05/20240904/00019,6,P102738,4,236.55,SALE,2024-09-04T12:39:29,S05,20240904
S05/20240904/00019,7,TAX,1,289.62,TAX,2024-09-04T12:39:29,S05,20240904
S05/20240904/00019,8,TENDER,1,3590.36,TENDER,2024-09-04T12:39:29,S05,20240904
S05/20240904/00020,1,P106773,1,397.71,SALE,2024-09-04T19:31:12,S05,20240904
S05/20240904/00020,2,P105490,1,154.49,SALE,2024-09-04T19:31:12,S05,20240904
S05/20240904/00020,3,P102982,3,256.21,SALE,2024-09-04T19:31:12,S05,20240904
S05/20240904/00020,4,P107568,3,147.18,SALE,2024-09-04T19:31:12,S05,20240904
S05/20240904/00020,5,TAX,1,259.83,TAX,2024-09-04T19:31:12,S05,20240904
S05/20240904/00020,6,TENDER,1,2022.20,TENDER,2024-09-04T19:31:12,S05,20240904
S05/20240904/00021,1,P107393,5,469.90,SALE,2024-09-04T16:01:09,S05,20240904
S05/20240904/00021,2,P106067,2,444.09,SALE,2024-09-04T16:01:09,S05,20240904
S05/20240904/00021,3,P103054,1,113.30,SALE,2024-09-04T16:01:09,S05,20240904
S05/20240904/00021,4,TAX,1,326.35,TAX,2024-09-04T16:01:09,S05,20240904
S05/20240904/00021,5,TENDER,1,3677.33,TENDER,2024-09-04T16:01:09,S05,20240904
S05/20240904/00022,1,P103040,2,410.59,SALE,2024-09-04T15:04:21,S05,20240904
S05/20240904/00022,2,P106823,1,156.34,SALE,2024-09-04T15:04:21,S05,20240904
S05/20240904/00022,3,P105747,4,287.56,SALE,2024-09-04T15:04:21,S05,20240904
S05/20240904/00022,4,P108076,4,144.05,SALE,2024-09-04T15:04:21,S05,20240904
S05/20240904/00022,5,P106415,3,911.99,SALE,2024-09-04T15:04:21,S05,20240904
S05/20240904/00022,6,TAX,1,805.65,TAX,2024-09-04T15:04:21,S05,20240904
S05/20240904/00022,7,TENDER,1,6245.58,TENDER,2024-09-04T15:04:21,S05,20240904
S05/20240904/00023,1,P105971,2,1150.46,SALE,2024-09-04T16:09:25,S05,20240904
S05/20240904/00023,2,P106877,2,1085.30,SALE,2024-09-04T16:09:25,S05,20240904
S05/20240904/00023,3,P100911,2,71.10,SALE,2024-09-04T16:09:25,S05,20240904
S05/20240904/00023,4,P103822,2,594.96,SALE,2024-09-04T16:09:25,S05,20240904
S05/20240904/00023,5,P102616,4,79.27,SALE,2024-09-04T16:09:25,S05,20240904
S05/20240904/00023,6,P101884,1,352.98,SALE,2024-09-04T16:09:25,S05,20240904
S05/20240904/00023,7,TAX,1,435.77,TAX,2024-09-04T16:09:25,S05,20240904
S05/20240904/00023,8,TENDER,1,6909.47,TENDER,2024-09-04T16:09:25,S05,20240904
S05/20240904/00024,1,P102636,3,114.77,SALE,2024-09-04T18:46:43,S05,20240904
S05/20240904/00024,2,P100946,1,75.81,SALE,2024-09-04T18:46:43,S05,20240904
S05/20240904/00024,3,P104651,3,540.51,SALE,2024-09-04T18:46:43,S05,20240904
S05/20240904/00024,4,P106501,2,165.98,SALE,2024-09-04T18:46:43,S05,20240904
S05/20240904/00024,5,P107623,2,442.34,SALE,2024-09-04T18:46:43,S05,20240904
S05/20240904/00024,6,TAX,1,444.44,TAX,2024-09-04T18:46:43,S05,20240904
S05/20240904/00024,7,TENDER,1,3702.73,TENDER,2024-09-04T18:46:43,S05,20240904
S05/20240904/00025,1,P104401,1,207.51,SALE,2024-09-04T11:25:26,S05,20240904
S05/20240904/00025,2,P106009,1,372.60,SALE,2024-09-04T11:25:26,S05,20240904
S05/20240904/00025,3,P100640,2,363.28,SALE,2024-09-04T11:25:26,S05,20240904
S05/20240904/00025,4,P101751,1,460.11,SALE,2024-09-04T11:25:26,S05,20240904
S05/20240904/00025,5,P102103,3,363.83,SALE,2024-09-04T11:25:26,S05,20240904
S05/20240904/00025,6,TAX,1,436.09,TAX,2024-09-04T11:25:26,S05,20240904
S05/20240904/00025,7,TENDER,1,3294.36,TENDER,2024-09-04T11:25:26,S05,20240904
S05/20240905/00001,1,P100057,2,213.48,SALE,2024-09-05T19:13:48,S05,20240905
S05/20240905/00001,2,TAX,1,51.24,TAX,2024-09-05T19:13:48,S05,20240905
S05/20240905/00001,3,TENDER,1,478.20,TENDER,2024-09-05T19:13:48,S05,20240905
S05/20240905/00002,1,P104257,1,42.95,SALE,2024-09-05T14:17:42,S05,20240905
S05/20240905/00002,2,P105384,2,315.25,SALE,2024-09-05T14:17:42,S05,20240905
S05/20240905/00002,3,P101345,3,77.54,SALE,2024-09-05T14:17:42,S05,20240905
S05/20240905/00002,4,P106833,2,446.47,SALE,2024-09-05T14:17:42,S05,20240905
S05/20240905/00002,5,P106200,4,117.95,SALE,2024-09-05T14:17:42,S05,20240905
S05/20240905/00002,6,TAX,1,306.78,TAX,2024-09-05T14:17:42,S05,20240905
S05/20240905/00002,7,TENDER,1,2577.59,TENDER,2024-09-05T14:17:42,S05,20240905
S05/20240905/00003,1,P102219,2,726.06,SALE,2024-09-05T14:44:39,S05,20240905
S05/20240905/00003,2,P105819,2,66.64,SALE,2024-09-05T14:44:39,S05,20240905
S05/20240905/00003,3,P101842,2,210.53,SALE,2024-09-05T14:44:39,S05,20240905
S05/20240905/00003,4,P101444,3,863.68,SALE,2024-09-05T14:44:39,S05,20240905
S05/20240905/00003,5,P104454,2,47.84,SALE,2024-09-05T14:44:39,S05,20240905
S05/20240905/00003,6,P100933,3,276.15,SALE,2024-09-05T14:44:39,S05,20240905
S05/20240905/00003,7,TAX,1,401.11,TAX,2024-09-05T14:44:39,S05,20240905
S05/20240905/00003,8,TENDER,1,5922.74,TENDER,2024-09-05T14:44:39,S05,20240905
S05/20240905/00004,1,P102779,1,25.62,SALE,2024-09-05T17:17:41,S05,20240905
S05/20240905/00004,2,P102230,3,340.01,SALE,2024-09-05T17:17:41,S05,20240905
S05/20240905/00004,3,P106942,5,190.65,SALE,2024-09-05T17:17:41,S05,20240905
S05/20240905/00004,4,P103389,4,239.67,SALE,2024-09-05T17:17:41,S05,20240905
S05/20240905/00004,5,TAX,1,406.90,TAX,2024-09-05T17:17:41,S05,20240905
S05/20240905/00004,6,TENDER,1,3364.48,TENDER,2024-09-05T17:17:41,S05,20240905
S05/20240905/00005,1,P106948,2,180.07,SALE,2024-09-05T16:47:02,S05,20240905
S05/20240905/00005,2,P103861,2,52.95,SALE,2024-09-05T16:47:02,S05,20240905
S05/20240905/00005,3,P101048,2,219.90,SALE,2024-09-05T16:47:02,S05,20240905
S05/20240905/00005,4,P102593,3,92.93,SALE,2024-09-05T16:47:02,S05,20240905
S05/20240905/00005,5,P102324,1,194.59,SALE,2024-09-05T16:47:02,S05,20240905
S05/20240905/00005,6,P100421,1,121.56,SALE,2024-09-05T16:47:02,S05,20240905
S05/20240905/00005,7,P102042,1,151.18,SALE,2024-09-05T16:47:02,S05,20240905
S05/20240905/00005,8,TAX,1,123.35,TAX,2024-09-05T16:47:02,S05,20240905
S05/20240905/00005,9,TENDER,1,1775.31,TENDER,2024-09-05T16:47:02,S05,20240905
S05/20240905/00006,1,P107630,3,290.66,SALE,2024-09-05T08:39:50,S05,20240905
S05/20240905/00006,2,P102945,3,43.42,SALE,2024-09-05T08:39:50,S05,20240905
S05/20240905/00006,3,P100864,3,193.24,SALE,2024-09-05T08:39:50,S05,20240905
S05/20240905/00006,4,P103538,2,265.96,SALE,2024-09-05T08:39:50,S05,20240905
S05/20240905/00006,5,P108082,2,236.40,SALE,2024-09-05T08:39:50,S05,20240905
S05/20240905/00006,6,P102546,2,74.67,SALE,2024-09-05T08:39:50,S05,20240905
S05/20240905/00006,7,TAX,1,423.33,TAX,2024-09-05T08:39:50,S05,20240905
S05/20240905/00006,8,TENDER,1,3159.35,TENDER,2024-09-05T08:39:50,S05,20240905
S05/20240905/00007,1,P102623,3,107.54,SALE,2024-09-05T20:04:18,S05,20240905
S05/20240905/00007,2,P105069,2,168.30,SALE,2024-09-05T20:04:18,S05,20240905
S05/20240905/00007,3,P100744,3,67.07,SALE,2024-09-05T20:04:18,S05,20240905
S05/20240905/00007,4,P102640,1,270.61,SALE,2024-09-05T20:04:18,S05,20240905
S05/20240905/00007,5,P103081,2,480.46,SALE,2024-09-05T20:04:18,S05,20240905
S05/20240905/00007,6,P106528,1,832.82,SALE,2024-09-05T20:04:18,S05,20240905
S05/20240905/00007,7,P104526,2,363.05,SALE,2024-09-05T20:04:18,S05,20240905
S05/20240905/00007,8,TAX,1,467.28,TAX,2024-09-05T20:04:18,S05,20240905
S05/20240905/00007,9,TENDER,1,4118.16,TENDER,2024-09-05T20:04:18,S05,20240905
S05/20240905/00008,1,P106611,2,341.44,SALE,2024-09-05T14:47:19,S05,20240905
S05/20240905/00008,2,P102217,3,68.46,SALE,2024-09-05T14:47:19,S05,20240905
S05/20240905/00008,3,TAX,1,81.95,TAX,2024-09-05T14:47:19,S05,20240905
S05/20240905/00008,4,TENDER,1,970.21,TENDER,2024-09-05T14:47:19,S05,20240905
S05/20240905/00009,1,P108118,2,66.05,SALE,2024-09-05T12:34:03,S05,20240905
S05/20240905/00009,2,P102947,2,59.21,SALE,2024-09-05T12:34:03,S05,20240905
S05/20240905/00009,3,P100095,1,92.95,SALE,2024-09-05T12:34:03,S05,20240905
S05/20240905/00009,4,P104382,2,62.22,SALE,2024-09-05T12:34:03,S05,20240905
S05/20240905/00009,5,P101702,2,491.39,SALE,2024-09-05T12:34:03,S05,20240905
S05/20240905/00009,6,P100632,2,331.55,SALE,2024-09-05T12:34:03,S05,20240905
S05/20240905/00009,7,P102510,1,37.13,SALE,2024-09-05T12:34:03,S05,20240905
S05/20240905/00009,8,P102880,2,575.53,SALE,2024-09-05T12:34:03,S05,20240905
S05/20240905/00009,9,P107301,1,945.94,SALE,2024-09-05T12:34:03,S05,20240905
S05/20240905/00009,10,TAX,1,375.74,TAX,2024-09-05T12:34:03,S05,20240905
S05/20240905/00009,11,TENDER,1,4623.66,TENDER,2024-09-05T12:34:03,S05,20240905
S05/20240905/00010,1,P104351,3,1128.29,SALE,2024-09-05T15:54:28,S05,20240905
S05/20240905/00010,2,P101762,1,528.36,SALE,2024-09-05T15:54:28,S05,20240905
S05/20240905/00010,3,P105531,4,502.91,SALE,2024-09-05T15:54:28,S05,20240905
S05/20240905/00010,4,TAX,1,474.04,TAX,2024-09-05T15:54:28,S05,20240905
S05/20240905/00010,5,TENDER,1,6398.91,TENDER,2024-09-05T15:54:28,S05,20240905
S05/20240905/00011,1,P103487,5,361.14,SALE,2024-09-05T12:08:27,S05,20240905
S05/20240905/00011,2,P104361,2,1389.73,SALE,2024-09-05T12:08:27,S05,20240905
S05/20240905/00011,3,P100528,3,623.32,SALE,2024-09-05T12:08:27,S05,20240905
S05/20240905/00011,4,P104676,5,81.62,SALE,2024-09-05T12:08:27,S05,20240905
S05/20240905/00011,5,P100682,2,337.76,SALE,2024-09-05T12:08:27,S05,20240905
S05/20240905/00011,6,TAX,1,704.74,TAX,2024-09-05T12:08:27,S05,20240905
S05/20240905/00011,7,TENDER,1,8243.48,TENDER,2024-09-05T12:08:27,S05,20240905
S05/20240905/00012,1,P105707,2,130.64,SALE,2024-09-05T15:44:05,S05,20240905
S05/20240905/00012,2,P102963,1,399.39,SALE,2024-09-05T15:44:05,S05,20240905
S05/20240905/00012,3,P103934,3,284.79,SALE,2024-09-05T15:44:05,S05,20240905
S05/20240905/00012,4,P101911,4,1431.80,SALE,2024-09-05T15:44:05,S05,20240905
S05/20240905/00012,5,P100362,2,270.89,SALE,2024-09-05T15:44:05,S05,20240905
S05/20240905/00012,6,TAX,1,257.03,TAX,2024-09-05T15:44:05,S05,20240905
S05/20240905/00012,7,TENDER,1,8041.05,TENDER,2024-09-05T15:44:05,S05,20240905
S05/20240905/00013,1,P104462,5,86.38,SALE,2024-09-05T16:20:02,S05,20240905
S05/20240905/00013,2,P106844,3,23.44,SALE,2024-09-05T16:20:02,S05,20240905
S05/20240905/00013,3,TAX,1,34.25,TAX,2024-09-05T16:20:02,S05,20240905
S05/20240905/00013,4,TENDER,1,536.47,TENDER,2024-09-05T16:20:02,S05,20240905
S05/20240905/00014,1,P107639,2,128.49,SALE,2024-09-05T15:25:10,S05,20240905
S05/20240905/00014,2,P105433,2,144.32,SALE,2024-09-05T15:25:10,S05,20240905
S05/20240905/00014,3,P100649,2,628.39,SALE,2024-09-05T15:25:10,S05,20240905
S05/20240905/00014,4,P107516,2,589.05,SALE,2024-09-05T15:25:10,S05,20240905
S05/20240905/00014,5,P104361,2,1389.73,SALE,2024-09-05T15:25:10,S05,20240905
S05/20240905/00014,6,P101374,4,49.36,SALE,2024-09-05T15:25:10,S05,20240905
S05/20240905/00014,7,TAX,1,726.76,TAX,2024-09-05T15:25:10,S05,20240905
S05/20240905/00014,8,TENDER,1,6684.16,TENDER,2024-09-05T15:25:10,S05,20240905
S05/20240905/00015,1,P103316,2,1774.02,SALE,2024-09-05T10:42:43,S05,20240905
S05/20240905/00015,2,P101859,2,66.16,SALE,2024-09-05T10:42:43,S05,20240905
S05/20240905/00015,3,P103792,1,25.06,SALE,2024-09-05T10:42:43,S05,20240905
S05/20240905/00015,4,P102335,2,94.24,SALE,2024-09-05T10:42:43,S05,20240905
S05/20240905/00015,5,P105882,3,222.02,SALE,2024-09-05T10:42:43,S05,20240905
S05/20240905/00015,6,P102280,3,611.53,SALE,2024-09-05T10:42:43,S05,20240905
S05/20240905/00015,7,TAX,1,926.94,TAX,2024-09-05T10:42:43,S05,20240905
S05/20240905/00015,8,TENDER,1,7321.49,TENDER,2024-09-05T10:42:43,S05,20240905
S05/20240905/00016,1,P105198,3,15.39,SALE,2024-09-05T16:53:16,S05,20240905
S05/20240905/00016,2,P103719,1,957.52,SALE,2024-09-05T16:53:16,S05,20240905
S05/20240905/00016,3,P102263,2,116.79,SALE,2024-09-05T16:53:16,S05,20240905
S05/20240905/00016,4,P100682,3,337.76,SALE,2024-09-05T16:53:16,S05,20240905
S05/20240905/00016,5,P104175,2,814.13,SALE,2024-09-05T16:53:16,S05,20240905
S05/20240905/00016,6,TAX,1,270.07,TAX,2024-09-05T16:53:16,S05,20240905
S05/20240905/00016,7,TENDER,1,4148.88,TENDER,2024-09-05T16:53:16,S05,20240905
S05/20240905/00017,1,P107872,1,650.85,SALE,2024-09-05T16:28:59,S05,20240905
S05/20240905/00017,2,P100121,1,107.67,SALE,2024-09-05T16:28:59,S05,20240905
S05/20240905/00017,3,P101321,1,24.76,SALE,2024-09-05T16:28:59,S05,20240905
S05/20240905/00017,4,P104688,5,178.09,SALE,2024-09-05T16:28:59,S05,20240905
S05/20240905/00017,5,P101894,1,668.48,SALE,2024-09-05T16:28:59,S05,20240905
S05/20240905/00017,6,P101547,4,66.03,SALE,2024-09-05T16:28:59,S05,20240905
S05/20240905/00017,7,DISC,1,-256.29,DISCOUNT,2024-09-05T16:28:59,S05,20240905
S05/20240905/00017,8,TAX,1,162.60,TAX,2024-09-05T16:28:59,S05,20240905
S05/20240905/00017,9,TENDER,1,2512.64,TENDER,2024-09-05T16:28:59,S05,20240905
S05/20240905/00018,1,P107003,1,1186.93,SALE,2024-09-05T16:39:25,S05,20240905
S05/20240905/00018,2,P107253,1,241.31,SALE,2024-09-05T16:39:25,S05,20240905
S05/20240905/00018,3,P100767,4,277.22,SALE,2024-09-05T16:39:25,S05,20240905
S05/20240905/00018,4,P104181,1,279.95,SALE,2024-09-05T16:39:25,S05,20240905
S05/20240905/00018,5,TAX,1,166.66,TAX,2024-09-05T16:39:25,S05,20240905
S05/20240905/00018,6,TENDER,1,2983.73,TENDER,2024-09-05T16:39:25,S05,20240905
S05/20240905/00019,1,P105155,3,350.84,SALE,2024-09-05T17:11:43,S05,20240905
S05/20240905/00019,2,P105929,2,11.18,SALE,2024-09-05T17:11:43,S05,20240905
S05/20240905/00019,3,P101796,2,990.67,SALE,2024-09-05T17:11:43,S05,20240905
S05/20240905/00019,4,P102581,4,189.36,SALE,2024-09-05T17:11:43,S05,20240905
S05/20240905/00019,5,P104187,2,86.95,SALE,2024-09-05T17:11:43,S05,20240905
S05/20240905/00019,6,P100339,3,299.99,SALE,2024-09-05T17:11:43,S05,20240905
S05/20240905/00019,7,TAX,1,364.28,TAX,2024-09-05T17:11:43,S05,20240905
S05/20240905/00019,8,TENDER,1,5251.81,TENDER,2024-09-05T17:11:43,S05,20240905
S05/20240905/00020,1,P107822,4,69.77,SALE,2024-09-05T16:53:52,S05,20240905
S05/20240905/00020,2,P108356,3,206.87,SALE,2024-09-05T16:53:52,S05,20240905
S05/20240905/00020,3,P102516,3,1272.67,SALE,2024-09-05T16:53:52,S05,20240905
S05/20240905/00020,4,TAX,1,315.61,TAX,2024-09-05T16:53:52,S05,20240905
S05/20240905/00020,5,TENDER,1,5033.31,TENDER,2024-09-05T16:53:52,S05,20240905
S05/20240905/00021,1,P105331,1,308.39,SALE,2024-09-05T15:13:01,S05,20240905
S05/20240905/00021,2,P101899,2,345.29,SALE,2024-09-05T15:13:01,S05,20240905
S05/20240905/00021,3,P103693,3,102.71,SALE,2024-09-05T15:13:01,S05,20240905
S05/20240905/00021,4,TAX,1,139.72,TAX,2024-09-05T15:13:01,S05,20240905
S05/20240905/00021,5,TENDER,1,1446.82,TENDER,2024-09-05T15:13:01,S05,20240905
S05/20240905/00022,1,P107320,2,223.25,SALE,2024-09-05T14:28:28,S05,20240905
S05/20240905/00022,2,P100418,2,204.95,SALE,2024-09-05T14:28:28,S05,20240905
S05/20240905/00022,3,TAX,1,53.58,TAX,2024-09-05T14:28:28,S05,20240905
S05/20240905/00022,4,TENDER,1,909.98,TENDER,2024-09-05T14:28:28,S05,20240905
S05/20240906/00001,1,P101327,1,233.22,SALE,2024-09-06T16:41:41,S05,20240906
S05/20240906/00001,2,P103757,2,159.40,SALE,2024-09-06T16:41:41,S05,20240906
S05/20240906/00001,3,P107960,4,1047.81,SALE,2024-09-06T16:41:41,S05,20240906
S05/20240906/00001,4,P107346,4,449.29,SALE,2024-09-06T16:41:41,S05,20240906
S05/20240906/00001,5,TAX,1,650.73,TAX,2024-09-06T16:41:41,S05,20240906
S05/20240906/00001,6,TENDER,1,7191.15,TENDER,2024-09-06T16:41:41,S05,20240906
S05/20240906/00002,1,P107899,2,197.21,SALE,2024-09-06T14:52:56,S05,20240906
S05/20240906/00002,2,P100499,1,258.12,SALE,2024-09-06T14:52:56,S05,20240906
S05/20240906/00002,3,TAX,1,50.70,TAX,2024-09-06T14:52:56,S05,20240906
S05/20240906/00002,4,TENDER,1,703.24,TENDER,2024-09-06T14:52:56,S05,20240906
S05/20240906/00003,1,P102122,2,129.27,SALE,2024-09-06T20:37:04,S05,20240906
S05/20240906/00003,2,P107158,2,150.12,SALE,2024-09-06T20:37:04,S05,20240906
S05/20240906/00003,3,P103340,1,466.84,SALE,2024-09-06T20:37:04,S05,20240906
S05/20240906/00003,4,TAX,1,184.61,TAX,2024-09-06T20:37:04,S05,20240906
S05/20240906/00003,5,TENDER,1,1210.23,TENDER,2024-09-06T20:37:04,S05,20240906
S05/20240906/00004,1,P103129,2,79.05,SALE,2024-09-06T17:42:08,S05,20240906
S05/20240906/00004,2,P106534,1,96.00,SALE,2024-09-06T17:42:08,S05,20240906
S05/20240906/00004,3,P101237,4,278.87,SALE,2024-09-06T17:42:08,S05,20240906
S05/20240906/00004,4,TAX,1,179.60,TAX,2024-09-06T17:42:08,S05,20240906
S05/20240906/00004,5,TENDER,1,1549.18,TENDER,2024-09-06T17:42:08,S05,20240906
S05/20240906/00005,1,P100156,1,1576.32,SALE,2024-09-06T17:58:42,S05,20240906
S05/20240906/00005,2,P100494,2,67.32,SALE,2024-09-06T17:58:42,S05,20240906
S05/20240906/00005,3,P108379,2,305.48,SALE,2024-09-06T17:58:42,S05,20240906
S05/20240906/00005,4,P102998,1,145.74,SALE,2024-09-06T17:58:42,S05,20240906
S05/20240906/00005,5,TAX,1,123.78,TAX,2024-09-06T17:58:42,S05,20240906
S05/20240906/00005,6,TENDER,1,2591.44,TENDER,2024-09-06T17:58:42,S05,20240906
S05/20240906/00006,1,P103584,2,402.02,SALE,2024-09-06T21:21:37,S05,20240906
S05/20240906/00006,2,P101876,1,71.98,SALE,2024-09-06T21:21:37,S05,20240906
S05/20240906/00006,3,P102640,3,270.61,SALE,2024-09-06T21:21:37,S05,20240906
S05/20240906/00006,4,P104765,2,401.36,SALE,2024-09-06T21:21:37,S05,20240906
S05/20240906/00006,5,P103435,2,443.24,SALE,2024-09-06T21:21:37,S05,20240906
S05/20240906/00006,6,P101190,2,89.25,SALE,2024-09-06T21:21:37,S05,20240906
S05/20240906/00006,7,TAX,1,582.48,TAX,2024-09-06T21:21:37,S05,20240906
S05/20240906/00006,8,TENDER,1,4138.03,TENDER,2024-09-06T21:21:37,S05,20240906
S05/20240906/00007,1,P104361,2,1389.73,SALE,2024-09-06T16:56:20,S05,20240906
S05/20240906/00007,2,P104011,3,657.72,SALE,2024-09-06T16:56:20,S05,20240906
S05/20240906/00007,3,DISC,1,-140.07,DISCOUNT,2024-09-06T16:56:20,S05,20240906
S05/20240906/00007,4,TAX,1,419.46,TAX,2024-09-06T16:56:20,S05,20240906
S05/20240906/00007,5,TENDER,1,5032.01,TENDER,2024-09-06T16:56:20,S05,20240906
S05/20240906/00008,1,P106620,1,296.41,SALE,2024-09-06T10:42:45,S05,20240906
S05/20240906/00008,2,P101813,4,273.64,SALE,2024-09-06T10:42:45,S05,20240906
S05/20240906/00008,3,P104902,6,470.00,SALE,2024-09-06T10:42:45,S05,20240906
S05/20240906/00008,4,P105838,3,594.50,SALE,2024-09-06T10:42:45,S05,20240906
S05/20240906/00008,5,P107266,2,69.30,SALE,2024-09-06T10:42:45,S05,20240906
S05/20240906/00008,6,P105789,2,42.75,SALE,2024-09-06T10:42:45,S05,20240906
S05/20240906/00008,7,TAX,1,565.49,TAX,2024-09-06T10:42:45,S05,20240906
S05/20240906/00008,8,TENDER,1,6784.06,TENDER,2024-09-06T10:42:45,S05,20240906
S05/20240906/00009,1,P101174,3,57.43,SALE,2024-09-06T14:03:19,S05,20240906
S05/20240906/00009,2,P108118,2,66.05,SALE,2024-09-06T14:03:19,S05,20240906
S05/20240906/00009,3,TAX,1,15.22,TAX,2024-09-06T14:03:19,S05,20240906
S05/20240906/00009,4,TENDER,1,319.61,TENDER,2024-09-06T14:03:19,S05,20240906
S05/20240906/00010,1,P105294,3,126.15,SALE,2024-09-06T15:31:17,S05,20240906
S05/20240906/00010,2,P106877,1,1085.30,SALE,2024-09-06T15:31:17,S05,20240906
S05/20240906/00010,3,P107996,3,215.44,SALE,2024-09-06T15:31:17,S05,20240906
S05/20240906/00010,4,DISC,1,-70.53,DISCOUNT,2024-09-06T15:31:17,S05,20240906
S05/20240906/00010,5,TAX,1,97.08,TAX,2024-09-06T15:31:17,S05,20240906
S05/20240906/00010,6,TENDER,1,2136.62,TENDER,2024-09-06T15:31:17,S05,20240906
S05/20240906/00011,1,P102581,2,189.36,SALE,2024-09-06T21:41:45,S05,20240906
S05/20240906/00011,2,P105603,1,192.18,SALE,2024-09-06T21:41:45,S05,20240906
S05/20240906/00011,3,P105323,2,73.95,SALE,2024-09-06T21:41:45,S05,20240906
S05/20240906/00011,4,P101106,2,542.84,SALE,2024-09-06T21:41:45,S05,20240906
S05/20240906/00011,5,P107385,3,811.35,SALE,2024-09-06T21:41:45,S05,20240906
S05/20240906/00011,6,DISC,1,-340.79,DISCOUNT,2024-09-06T21:41:45,S05,20240906
S05/20240906/00011,7,TAX,1,217.86,TAX,2024-09-06T21:41:45,S05,20240906
S05/20240906/00011,8,TENDER,1,4115.60,TENDER,2024-09-06T21:41:45,S05,20240906
S05/20240906/00012,1,P107903,3,22.86,SALE,2024-09-06T17:40:22,S05,20240906
S05/20240906/00012,2,P105547,2,431.77,SALE,2024-09-06T17:40:22,S05,20240906
S05/20240906/00012,3,P102184,2,91.57,SALE,2024-09-06T17:40:22,S05,20240906
S05/20240906/00012,4,P104079,3,75.55,SALE,2024-09-06T17:40:22,S05,20240906
S05/20240906/00012,5,TAX,1,148.93,TAX,2024-09-06T17:40:22,S05,20240906
S05/20240906/00012,6,TENDER,1,1490.84,TENDER,2024-09-06T17:40:22,S05,20240906
S05/20240906/00013,1,P104600,2,56.45,SALE,2024-09-06T16:01:08,S05,20240906
S05/20240906/00013,2,P100106,1,318.86,SALE,2024-09-06T16:01:08,S05,20240906
S05/20240906/00013,3,P104938,2,999.94,SALE,2024-09-06T16:01:08,S05,20240906
S05/20240906/00013,4,P102502,3,366.79,SALE,2024-09-06T16:01:08,S05,20240906
S05/20240906/00013,5,P107393,2,469.90,SALE,2024-09-06T16:01:08,S05,20240906
S05/20240906/00013,6,TAX,1,613.87,TAX,2024-09-06T16:01:08,S05,20240906
S05/20240906/00013,7,TENDER,1,5085.68,TENDER,2024-09-06T16:01:08,S05,20240906
S05/20240906/00014,1,P101122,-3,65.91,RETURN,2024-09-06T15:10:15,S05,20240906
S05/20240906/00014,2,P101720,-1,44.26,RETURN,2024-09-06T15:10:15,S05,20240906
S05/20240906/00014,3,P101851,-2,1750.29,RETURN,2024-09-06T15:10:15,S05,20240906
S05/20240906/00014,4,P106528,-2,832.82,RETURN,2024-09-06T15:10:15,S05,20240906
S05/20240906/00014,5,P104956,-2,133.95,RETURN,2024-09-06T15:10:15,S05,20240906
S05/20240906/00014,6,TAX,1,-285.90,TAX,2024-09-06T15:10:15,S05,20240906
S05/20240906/00014,7,TENDER,1,-5962.01,TENDER,2024-09-06T15:10:15,S05,20240906
S05/20240906/00015,1,P101599,1,417.76,SALE,2024-09-06T18:56:49,S05,20240906
S05/20240906/00015,2,P104168,1,512.27,SALE,2024-09-06T18:56:49,S05,20240906
S05/20240906/00015,3,P107197,2,669.72,SALE,2024-09-06T18:56:49,S05,20240906
S05/20240906/00015,4,TAX,1,341.91,TAX,2024-09-06T18:56:49,S05,20240906
S05/20240906/00015,5,TENDER,1,2611.38,TENDER,2024-09-06T18:56:49,S05,20240906
S05/20240906/00016,1,P103616,2,609.05,SALE,2024-09-06T18:37:02,S05,20240906
S05/20240906/00016,2,P105272,2,351.65,SALE,2024-09-06T18:37:02,S05,20240906
S05/20240906/00016,3,P107777,1,222.77,SALE,2024-09-06T18:37:02,S05,20240906
S05/20240906/00016,4,P106720,1,126.28,SALE,2024-09-06T18:37:02,S05,20240906
S05/20240906/00016,5,P104867,1,190.50,SALE,2024-09-06T18:37:02,S05,20240906
S05/20240906/00016,6,DISC,1,-209.88,DISCOUNT,2024-09-06T18:37:02,S05,20240906
S05/20240906/00016,7,TAX,1,162.41,TAX,2024-09-06T18:37:02,S05,20240906
S05/20240906/00016,8,TENDER,1,2413.48,TENDER,2024-09-06T18:37:02,S05,20240906
S05/20240906/00017,1,P107920,1,109.22,SALE,2024-09-06T21:42:12,S05,20240906
S05/20240906/00017,2,P107733,2,57.55,SALE,2024-09-06T21:42:12,S05,20240906
S05/20240906/00017,3,P108258,2,54.62,SALE,2024-09-06T21:42:12,S05,20240906
S05/20240906/00017,4,P100456,3,982.47,SALE,2024-09-06T21:42:12,S05,20240906
S05/20240906/00017,5,P101095,2,205.38,SALE,2024-09-06T21:42:12,S05,20240906
S05/20240906/00017,6,P108239,2,256.06,SALE,2024-09-06T21:42:12,S05,20240906
S05/20240906/00017,7,TAX,1,284.63,TAX,2024-09-06T21:42:12,S05,20240906
S05/20240906/00017,8,TENDER,1,4488.48,TENDER,2024-09-06T21:42:12,S05,20240906
S05/20240906/00018,1,P101603,1,911.37,SALE,2024-09-06T14:27:21,S05,20240906
S05/20240906/00018,2,TAX,1,109.36,TAX,2024-09-06T14:27:21,S05,20240906
S05/20240906/00018,3,TENDER,1,1020.73,TENDER,2024-09-06T14:27:21,S05,20240906
S05/20240906/00019,1,P103035,6,1201.33,SALE,2024-09-06T15:56:57,S05,20240906
S05/20240906/00019,2,P104194,3,119.04,SALE,2024-09-06T15:56:57,S05,20240906
S05/20240906/00019,3,TAX,1,424.68,TAX,2024-09-06T15:56:57,S05,20240906
S05/20240906/00019,4,TENDER,1,7989.78,TENDER,2024-09-06T15:56:57,S05,20240906
S05/20240906/00020,1,P104980,2,82.39,SALE,2024-09-06T17:29:30,S05,20240906
S05/20240906/00020,2,P100135,1,63.52,SALE,2024-09-06T17:29:30,S05,20240906
S05/20240906/00020,3,P106209,2,199.51,SALE,2024-09-06T17:29:30,S05,20240906
S05/20240906/00020,4,P104774,3,81.81,SALE,2024-09-06T17:29:30,S05,20240906
S05/20240906/00020,5,P100593,2,29.38,SALE,2024-09-06T17:29:30,S05,20240906
S05/20240906/00020,6,DISC,1,-38.96,DISCOUNT,2024-09-06T17:29:30,S05,20240906
S05/20240906/00020,7,TAX,1,71.39,TAX,2024-09-06T17:29:30,S05,20240906
S05/20240906/00020,8,TENDER,1,963.94,TENDER,2024-09-06T17:29:30,S05,20240906
S05/20240906/00021,1,P102193,2,343.13,SALE,2024-09-06T10:48:28,S05,20240906
S05/20240906/00021,2,P106282,1,448.43,SALE,2024-09-06T10:48:28,S05,20240906
S05/20240906/00021,3,P101520,1,168.04,SALE,2024-09-06T10:48:28,S05,20240906
S05/20240906/00021,4,TAX,1,212.65,TAX,2024-09-06T10:48:28,S05,20240906
S05/20240906/00021,5,TENDER,1,1515.38,TENDER,2024-09-06T10:48:28,S05,20240906
S05/20240906/00022,1,P101613,2,125.30,SALE,2024-09-06T14:24:56,S05,20240906
S05/20240906/00022,2,P101095,1,205.38,SALE,2024-09-06T14:24:56,S05,20240906
S05/20240906/00022,3,P101925,4,181.41,SALE,2024-09-06T14:24:56,S05,20240906
S05/20240906/00022,4,P105331,4,308.39,SALE,2024-09-06T14:24:56,S05,20240906
S05/20240906/00022,5,P108389,5,838.88,SALE,2024-09-06T14:24:56,S05,20240906
S05/20240906/00022,6,P106522,2,203.79,SALE,2024-09-06T14:24:56,S05,20240906
S05/20240906/00022,7,P106181,2,778.60,SALE,2024-09-06T14:24:56,S05,20240906
S05/20240906/00022,8,P108282,2,472.97,SALE,2024-09-06T14:24:56,S05,20240906
S05/20240906/00022,9,TAX,1,514.80,TAX,2024-09-06T14:24:56,S05,20240906
S05/20240906/00022,10,TENDER,1,10035.10,TENDER,2024-09-06T14:24:56,S05,20240906
S05/20240906/00023,1,P105950,2,1356.49,SALE,2024-09-06T10:34:17,S05,20240906
S05/20240906/00023,2,P108076,2,144.05,SALE,2024-09-06T10:34:17,S05,20240906
S05/20240906/00023,3,P106844,1,23.44,SALE,2024-09-06T10:34:17,S05,20240906
S05/20240906/00023,4,P103231,2,235.56,SALE,2024-09-06T10:34:17,S05,20240906
S05/20240906/00023,5,TAX,1,79.63,TAX,2024-09-06T10:34:17,S05,20240906
S05/20240906/00023,6,TENDER,1,3575.27,TENDER,2024-09-06T10:34:17,S05,20240906
S05/20240906/00024,1,P103050,2,569.48,SALE,2024-09-06T19:45:08,S05,20240906
S05/20240906/00024,2,P102922,2,120.15,SALE,2024-09-06T19:45:08,S05,20240906
S05/20240906/00024,3,P105230,1,123.72,SALE,2024-09-06T19:45:08,S05,20240906
S05/20240906/00024,4,P100330,3,188.77,SALE,2024-09-06T19:45:08,S05,20240906
S05/20240906/00024,5,P102000,2,82.98,SALE,2024-09-06T19:45:08,S05,20240906
S05/20240906/00024,6,TAX,1,116.29,TAX,2024-09-06T19:45:08,S05,20240906
S05/20240906/00024,7,TENDER,1,2351.54,TENDER,2024-09-06T19:45:08,S05,20240906
S05/20240906/00025,1,P104756,3,373.50,SALE,2024-09-06T13:33:17,S05,20240906
S05/20240906/00025,2,P101622,2,259.77,SALE,2024-09-06T13:33:17,S05,20240906
S05/20240906/00025,3,P105677,4,89.95,SALE,2024-09-06T13:33:17,S05,20240906
S05/20240906/00025,4,P100453,3,207.31,SALE,2024-09-06T13:33:17,S05,20240906
S05/20240906/00025,5,P105720,3,69.64,SALE,2024-09-06T13:33:17,S05,20240906
S05/20240906/00025,6,P101004,2,324.97,SALE,2024-09-06T13:33:17,S05,20240906
S05/20240906/00025,7,P100850,2,172.84,SALE,2024-09-06T13:33:17,S05,20240906
S05/20240906/00025,8,P101949,1,857.51,SALE,2024-09-06T13:33:17,S05,20240906
S05/20240906/00025,9,P106648,2,330.96,SALE,2024-09-06T13:33:17,S05,20240906
S05/20240906/00025,10,TAX,1,449.78,TAX,2024-09-06T13:33:17,S05,20240906
S05/20240906/00025,11,TENDER,1,5795.52,TENDER,2024-09-06T13:33:17,S05,20240906
S05/20240906/00026,1,P101258,4,200.10,SALE,2024-09-06T20:06:10,S05,20240906
S05/20240906/00026,2,P106911,2,232.77,SALE,2024-09-06T20:06:10,S05,20240906
S05/20240906/00026,3,P100250,4,544.91,SALE,2024-09-06T20:06:10,S05,20240906
S05/20240906/00026,4,P101697,3,102.34,SALE,2024-09-06T20:06:10,S05,20240906
S05/20240906/00026,5,P100736,2,700.87,SALE,2024-09-06T20:06:10,S05,20240906
S05/20240906/00026,6,TAX,1,421.26,TAX,2024-09-06T20:06:10,S05,20240906
S05/20240906/00026,7,TENDER,1,5575.60,TENDER,2024-09-06T20:06:10,S05,20240906
S05/20240906/00027,1,P100463,1,290.57,SALE,2024-09-06T13:20:22,S05,20240906
S05/20240906/00027,2,P104257,2,42.95,SALE,2024-09-06T13:20:22,S05,20240906
S05/20240906/00027,3,P101117,1,203.24,SALE,2024-09-06T13:20:22,S05,20240906
S05/20240906/00027,4,P102892,2,227.52,SALE,2024-09-06T13:20:22,S05,20240906
S05/20240906/00027,5,P104558,1,440.08,SALE,2024-09-06T13:20:22,S05,20240906
S05/20240906/00027,6,P101751,3,423.30,SALE,2024-09-06T13:20:22,S05,20240906
S05/20240906/00027,7,TAX,1,402.46,TAX,2024-09-06T13:20:22,S05,20240906
S05/20240906/00027,8,TENDER,1,3147.19,TENDER,2024-09-06T13:20:22,S05,20240906
S05/20240906/00028,1,P101626,1,1040.69,SALE,2024-09-06T17:22:48,S05,20240906
S05/20240906/00028,2,P108275,3,504.53,SALE,2024-09-06T17:22:48,S05,20240906
S05/20240906/00028,3,P106659,1,98.98,SALE,2024-09-06T17:22:48,S05,20240906
S05/20240906/00028,4,P107094,2,97.95,SALE,2024-09-06T17:22:48,S05,20240906
S05/20240906/00028,5,P102202,1,194.70,SALE,2024-09-06T17:22:48,S05,20240906
S05/20240906/00028,6,P101327,2,233.22,SALE,2024-09-06T17:22:48,S05,20240906
S05/20240906/00028,7,P107516,2,589.05,SALE,2024-09-06T17:22:48,S05,20240906
S05/20240906/00028,8,P106577,2,52.98,SALE,2024-09-06T17:22:48,S05,20240906
S05/20240906/00028,9,TAX,1,780.83,TAX,2024-09-06T17:22:48,S05,20240906
S05/20240906/00028,10,TENDER,1,5575.19,TENDER,2024-09-06T17:22:48,S05,20240906
S05/20240906/00029,1,P105453,2,439.19,SALE,2024-09-06T12:33:19,S05,20240906
S05/20240906/00029,2,P101802,2,40.81,SALE,2024-09-06T12:33:19,S05,20240906
S05/20240906/00029,3,P103337,2,94.03,SALE,2024-09-06T12:33:19,S05,20240906
S05/20240906/00029,4,P107053,1,457.07,SALE,2024-09-06T12:33:19,S05,20240906
S05/20240906/00029,5,TAX,1,194.45,TAX,2024-09-06T12:33:19,S05,20240906
S05/20240906/00029,6,TENDER,1,1799.58,TENDER,2024-09-06T12:33:19,S05,20240906
S05/20240906/00030,1,P107385,3,811.35,SALE,2024-09-06T15:04:19,S05,20240906
S05/20240906/00030,2,P104789,3,65.95,SALE,2024-09-06T15:04:19,S05,20240906
S05/20240906/00030,3,P106174,5,229.89,SALE,2024-09-06T15:04:19,S05,20240906
S05/20240906/00030,4,P107422,2,193.56,SALE,2024-09-06T15:04:19,S05,20240906
S05/20240906/00030,5,P108216,1,69.70,SALE,2024-09-06T15:04:19,S05,20240906
S05/20240906/00030,6,P102998,3,145.74,SALE,2024-09-06T15:04:19,S05,20240906
S05/20240906/00030,7,P100375,1,163.45,SALE,2024-09-06T15:04:19,S05,20240906
S05/20240906/00030,8,TAX,1,231.42,TAX,2024-09-06T15:04:19,S05,20240906
S05/20240906/00030,9,TENDER,1,5070.26,TENDER,2024-09-06T15:04:19,S05,20240906
S05/20240906/00031,1,P103155,1,270.20,SALE,2024-09-07T00:45:25,S05,20240906
S05/20240906/00031,2,P102054,2,137.00,SALE,2024-09-07T00:45:25,S05,20240906
S05/20240906/00031,3,P107458,1,1239.88,SALE,2024-09-07T00:45:25,S05,20240906
S05/20240906/00031,4,P107056,1,341.76,SALE,2024-09-07T00:45:25,S05,20240906
S05/20240906/00031,5,TAX,1,123.85,TAX,2024-09-07T00:45:25,S05,20240906
S05/20240906/00031,6,TENDER,1,2249.69,TENDER,2024-09-07T00:45:25,S05,20240906
S05/20240906/00032,1,P100959,2,280.97,SALE,2024-09-06T14:17:18,S05,20240906
S05/20240906/00032,2,P102081,1,164.15,SALE,2024-09-06T14:17:18,S05,20240906
S05/20240906/00032,3,P104320,1,159.74,SALE,2024-09-06T14:17:18,S05,20240906
S05/20240906/00032,4,P101585,2,9.61,SALE,2024-09-06T14:17:18,S05,20240906
S05/20240906/00032,5,P101874,2,19.95,SALE,2024-09-06T14:17:18,S05,20240906
S05/20240906/00032,6,TAX,1,134.16,TAX,2024-09-06T14:17:18,S05,20240906
S05/20240906/00032,7,TENDER,1,1079.11,TENDER,2024-09-06T14:17:18,S05,20240906
S05/20240906/00033,1,P104733,1,667.46,SALE,2024-09-06T15:59:07,S05,20240906
S05/20240906/00033,2,P101367,2,485.76,SALE,2024-09-06T15:59:07,S05,20240906
S05/20240906/00033,3,P103004,3,82.09,SALE,2024-09-06T15:59:07,S05,20240906
S05/20240906/00033,4,P100268,2,197.00,SALE,2024-09-06T15:59:07,S05,20240906
S05/20240906/00033,5,P101982,1,366.95,SALE,2024-09-06T15:59:07,S05,20240906
S05/20240906/00033,6,P104320,2,159.74,SALE,2024-09-06T15:59:07,S05,20240906
S05/20240906/00033,7,P105351,2,102.95,SALE,2024-09-06T15:59:07,S05,20240906
S05/20240906/00033,8,P103934,1,284.79,SALE,2024-09-06T15:59:07,S05,20240906
S05/20240906/00033,9,P104089,1,358.58,SALE,2024-09-06T15:59:07,S05,20240906
S05/20240906/00033,10,DISC,1,-356.58,DISCOUNT,2024-09-06T15:59:07,S05,20240906
S05/20240906/00033,11,TAX,1,494.92,TAX,2024-09-06T15:59:07,S05,20240906
S05/20240906/00033,12,TENDER,1,3953.29,TENDER,2024-09-06T15:59:07,S05,20240906
S05/20240906/00034,1,P103743,1,1117.90,SALE,2024-09-06T14:14:18,S05,20240906
S05/20240906/00034,2,P106288,2,46.52,SALE,2024-09-06T14:14:18,S05,20240906
S05/20240906/00034,3,P101218,2,61.39,SALE,2024-09-06T14:14:18,S05,20240906
S05/20240906/00034,4,DISC,1,-74.29,DISCOUNT,2024-09-06T14:14:18,S05,20240906
S05/20240906/00034,5,TAX,1,25.26,TAX,2024-09-06T14:14:18,S05,20240906
S05/20240906/00034,6,TENDER,1,1284.69,TENDER,2024-09-06T14:14:18,S05,20240906
S05/20240906/00035,1,P101911,3,1431.80,SALE,2024-09-06T16:31:42,S05,20240906
S05/20240906/00035,2,P107526,1,53.96,SALE,2024-09-06T16:31:42,S05,20240906
S05/20240906/00035,3,P104688,2,178.09,SALE,2024-09-06T16:31:42,S05,20240906
S05/20240906/00035,4,P107089,2,208.86,SALE,2024-09-06T16:31:42,S05,20240906
S05/20240906/00035,5,P100387,3,116.37,SALE,2024-09-06T16:31:42,S05,20240906
S05/20240906/00035,6,P106169,1,221.89,SALE,2024-09-06T16:31:42,S05,20240906
S05/20240906/00035,7,P100463,2,290.57,SALE,2024-09-06T16:31:42,S05,20240906
S05/20240906/00035,8,TAX,1,175.54,TAX,2024-09-06T16:31:42,S05,20240906
S05/20240906/00035,9,TENDER,1,6450.94,TENDER,2024-09-06T16:31:42,S05,20240906
S05/20240906/00036,1,P103281,1,163.32,SALE,2024-09-06T14:36:23,S05,20240906
S05/20240906/00036,2,P102353,2,139.83,SALE,2024-09-06T14:36:23,S05,20240906
S05/20240906/00036,3,TAX,1,43.38,TAX,2024-09-06T14:36:23,S05,20240906
S05/20240906/00036,4,TENDER,1,486.36,TENDER,2024-09-06T14:36:23,S05,20240906
S05/20240906/00037,1,P102424,2,333.88,SALE,2024-09-06T14:57:29,S05,20240906
S05/20240906/00037,2,P107822,4,69.77,SALE,2024-09-06T14:57:29,S05,20240906
S05/20240906/00037,3,P101481,2,51.07,SALE,2024-09-06T14:57:29,S05,20240906
S05/20240906/00037,4,TAX,1,88.73,TAX,2024-09-06T14:57:29,S05,20240906
S05/20240906/00037,5,TENDER,1,1137.71,TENDER,2024-09-06T14:57:29,S05,20240906
S05/20240907/00001,1,P106228,1,44.54,SALE,2024-09-07T16:59:37,S05,20240907
S05/20240907/00001,2,P105666,1,1064.29,SALE,2024-09-07T16:59:37,S05,20240907
S05/20240907/00001,3,P107925,2,992.11,SALE,2024-09-07T16:59:37,S05,20240907
S05/20240907/00001,4,P107984,1,357.15,SALE,2024-09-07T16:59:37,S05,20240907
S05/20240907/00001,5,P108162,4,257.55,SALE,2024-09-07T16:59:37,S05,20240907
S05/20240907/00001,6,P101142,3,102.04,SALE,2024-09-07T16:59:37,S05,20240907
S05/20240907/00001,7,TAX,1,259.76,TAX,2024-09-07T16:59:37,S05,20240907
S05/20240907/00001,8,TENDER,1,5046.28,TENDER,2024-09-07T16:59:37,S05,20240907
S05/20240907/00002,1,P108346,1,534.07,SALE,2024-09-07T14:44:53,S05,20240907
S05/20240907/00002,2,P100736,1,700.87,SALE,2024-09-07T14:44:53,S05,20240907
S05/20240907/00002,3,P105988,3,29.57,SALE,2024-09-07T14:44:53,S05,20240907
S05/20240907/00002,4,TAX,1,115.24,TAX,2024-09-07T14:44:53,S05,20240907
S05/20240907/00002,5,TENDER,1,1438.89,TENDER,2024-09-07T14:44:53,S05,20240907
S05/20240907/00003,1,P106382,2,81.60,SALE,2024-09-07T13:37:06,S05,20240907
S05/20240907/00003,2,P105323,1,73.95,SALE,2024-09-07T13:37:06,S05,20240907
S05/20240907/00003,3,P100693,2,107.22,SALE,2024-09-07T13:37:06,S05,20240907
S05/20240907/00003,4,P106776,5,404.48,SALE,2024-09-07T13:37:06,S05,20240907
S05/20240907/00003,5,P104011,2,657.72,SALE,2024-09-07T13:37:06,S05,20240907
S05/20240907/00003,6,TAX,1,209.19,TAX,2024-09-07T13:37:06,S05,20240907
S05/20240907/00003,7,TENDER,1,3998.62,TENDER,2024-09-07T13:37:06,S05,20240907
S05/20240907/00004,1,P101904,6,634.24,SALE,2024-09-07T15:10:01,S05,20240907
S05/20240907/00004,2,P105757,2,248.44,SALE,2024-09-07T15:10:01,S05,20240907
S05/20240907/00004,3,P102559,3,86.19,SALE,2024-09-07T15:10:01,S05,20240907
S05/20240907/00004,4,TAX,1,722.75,TAX,2024-09-07T15:10:01,S05,20240907
S05/20240907/00004,5,TENDER,1,5283.64,TENDER,2024-09-07T15:10:01,S05,20240907
S05/20240907/00005,1,P104257,-1,42.95,RETURN,2024-09-07T12:41:11,S05,20240907
S05/20240907/00005,2,P101481,-2,51.07,RETURN,2024-09-07T12:41:11,S05,20240907
S05/20240907/00005,3,P107597,-1,519.83,RETURN,2024-09-07T12:41:11,S05,20240907
S05/20240907/00005,4,P108032,-2,648.04,RETURN,2024-09-07T12:41:11,S05,20240907
S05/20240907/00005,5,P101810,-2,793.98,RETURN,2024-09-07T12:41:11,S05,20240907
S05/20240907/00005,6,TAX,1,-379.33,TAX,2024-09-07T12:41:11,S05,20240907
S05/20240907/00005,7,TENDER,1,-3928.29,TENDER,2024-09-07T12:41:11,S05,20240907
S05/20240907/00006,1,P104064,1,326.15,SALE,2024-09-07T18:21:50,S05,20240907
S05/20240907/00006,2,P102954,1,129.98,SALE,2024-09-07T18:21:50,S05,20240907
S05/20240907/00006,3,P102311,2,284.95,SALE,2024-09-07T18:21:50,S05,20240907
S05/20240907/00006,4,P104121,2,131.32,SALE,2024-09-07T18:21:50,S05,20240907
S05/20240907/00006,5,TAX,1,130.51,TAX,2024-09-07T18:21:50,S05,20240907
S05/20240907/00006,6,TENDER,1,1419.18,TENDER,2024-09-07T18:21:50,S05,20240907
S05/20240907/00007,1,P103994,1,148.39,SALE,2024-09-07T14:48:02,S05,20240907
S05/20240907/00007,2,P103354,2,894.50,SALE,2024-09-07T14:48:02,S05,20240907
S05/20240907/00007,3,P103559,3,370.21,SALE,2024-09-07T14:48:02,S05,20240907
S05/20240907/00007,4,P107458,2,1239.88,SALE,2024-09-07T14:48:02,S05,20240907
S05/20240907/00007,5,P107681,3,193.13,SALE,2024-09-07T14:48:02,S05,20240907
S05/20240907/00007,6,P106282,1,448.43,SALE,2024-09-07T14:48:02,S05,20240907
S05/20240907/00007,7,TAX,1,240.54,TAX,2024-09-07T14:48:02,S05,20240907
S05/20240907/00007,8,TENDER,1,6796.14,TENDER,2024-09-07T14:48:02,S05,20240907
S05/20240907/00008,1,P106506,2,125.80,SALE,2024-09-07T17:27:12,S05,20240907
S05/20240907/00008,2,P106080,1,361.06,SALE,2024-09-07T17:27:12,S05,20240907
S05/20240907/00008,3,P106044,2,40.72,SALE,2024-09-07T17:27:12,S05,20240907
S05/20240907/00008,4,P100255,2,1250.31,SALE,2024-09-07T17:27:12,S05,20240907
S05/20240907/00008,5,P103843,1,660.15,SALE,2024-09-07T17:27:12,S05,20240907
S05/20240907/00008,6,P104257,1,42.95,SALE,2024-09-07T17:27:12,S05,20240907
S05/20240907/00008,7,P107362,1,62.10,SALE,2024-09-07T17:27:12,S05,20240907
S05/20240907/00008,8,TAX,1,360.46,TAX,2024-09-07T17:27:12,S05,20240907
S05/20240907/00008,9,TENDER,1,4320.38,TENDER,2024-09-07T17:27:12,S05,20240907
S05/20240907/00009,1,P104187,3,86.95,SALE,2024-09-07T21:00:36,S05,20240907
S05/20240907/00009,2,P104665,2,217.71,SALE,2024-09-07T21:00:36,S05,20240907
S05/20240907/00009,3,P105695,1,158.81,SALE,2024-09-07T21:00:36,S05,20240907
S05/20240907/00009,4,P100150,3,280.80,SALE,2024-09-07T21:00:36,S05,20240907
S05/20240907/00009,5,P105187,2,1046.11,SALE,2024-09-07T21:00:36,S05,20240907
S05/20240907/00009,6,P100418,2,204.95,SALE,2024-09-07T21:00:36,S05,20240907
S05/20240907/00009,7,P103760,3,104.16,SALE,2024-09-07T21:00:36,S05,20240907
S05/20240907/00009,8,P105511,2,310.12,SALE,2024-09-07T21:00:36,S05,20240907
S05/20240907/00009,9,DISC,1,-601.27,DISCOUNT,2024-09-07T21:00:36,S05,20240907
S05/20240907/00009,10,TAX,1,250.06,TAX,2024-09-07T21:00:36,S05,20240907
S05/20240907/00009,11,TENDER,1,4781.11,TENDER,2024-09-07T21:00:36,S05,20240907
S05/20240907/00010,1,P102371,2,59.77,SALE,2024-09-07T14:38:32,S05,20240907
S05/20240907/00010,2,P104382,1,62.22,SALE,2024-09-07T14:38:32,S05,20240907
S05/20240907/00010,3,P106486,1,1786.00,SALE,2024-09-07T14:38:32,S05,20240907
S05/20240907/00010,4,P107605,1,1234.07,SALE,2024-09-07T14:38:32,S05,20240907
S05/20240907/00010,5,P102857,2,116.85,SALE,2024-09-07T14:38:32,S05,20240907
S05/20240907/00010,6,P106885,2,132.48,SALE,2024-09-07T14:38:32,S05,20240907
S05/20240907/00010,7,TAX,1,455.28,TAX,2024-09-07T14:38:32,S05,20240907
S05/20240907/00010,8,TENDER,1,4155.77,TENDER,2024-09-07T14:38:32,S05,20240907
S05/20240907/00011,1,P105988,2,29.57,SALE,2024-09-07T12:23:47,S05,20240907
S05/20240907/00011,2,P103249,5,521.24,SALE,2024-09-07T12:23:47,S05,20240907
S05/20240907/00011,3,P105198,1,15.39,SALE,2024-09-07T12:23:47,S05,20240907
S05/20240907/00011,4,P107743,1,197.87,SALE,2024-09-07T12:23:47,S05,20240907
S05/20240907/00011,5,TAX,1,158.86,TAX,2024-09-07T12:23:47,S05,20240907
S05/20240907/00011,6,TENDER,1,3037.46,TENDER,2024-09-07T12:23:47,S05,20240907
S05/20240907/00012,1,P106093,1,315.93,SALE,2024-09-07T23:48:38,S05,20240907
S05/20240907/00012,2,P108041,3,368.87,SALE,2024-09-07T23:48:38,S05,20240907
S05/20240907/00012,3,P104975,2,496.12,SALE,2024-09-07T23:48:38,S05,20240907
S05/20240907/00012,4,P103273,2,377.82,SALE,2024-09-07T23:48:38,S05,20240907
S05/20240907/00012,5,P103792,1,25.06,SALE,2024-09-07T23:48:38,S05,20240907
S05/20240907/00012,6,P103749,1,16.85,SALE,2024-09-07T23:48:38,S05,20240907
S05/20240907/00012,7,DISC,1,-101.92,DISCOUNT,2024-09-07T23:48:38,S05,20240907
S05/20240907/00012,8,TAX,1,257.24,TAX,2024-09-07T23:48:38,S05,20240907
S05/20240907/00012,9,TENDER,1,3367.65,TENDER,2024-09-07T23:48:38,S05,20240907
S05/20240907/00013,1,P106948,4,180.07,SALE,2024-09-07T15:16:06,S05,20240907
S05/20240907/00013,2,P102006,1,1553.68,SALE,2024-09-07T15:16:06,S05,20240907
S05/20240907/00013,3,P107215,1,153.85,SALE,2024-09-07T15:16:06,S05,20240907
S05/20240907/00013,4,TAX,1,54.48,TAX,2024-09-07T15:16:06,S05,20240907
S05/20240907/00013,5,TENDER,1,2482.29,TENDER,2024-09-07T15:16:06,S05,20240907
S05/20240907/00014,1,P102471,2,151.71,SALE,2024-09-07T18:47:50,S05,20240907
S05/20240907/00014,2,P100305,1,771.81,SALE,2024-09-07T18:47:50,S05,20240907
S05/20240907/00014,3,P107933,1,1146.02,SALE,2024-09-07T18:47:50,S05,20240907
S05/20240907/00014,4,P106858,3,281.23,SALE,2024-09-07T18:47:50,S05,20240907
S05/20240907/00014,5,P104081,2,586.63,SALE,2024-09-07T18:47:50,S05,20240907
S05/20240907/00014,6,P100049,3,68.93,SALE,2024-09-07T18:47:50,S05,20240907
S05/20240907/00014,7,P102432,2,819.74,SALE,2024-09-07T18:47:50,S05,20240907
S05/20240907/00014,8,TAX,1,577.96,TAX,2024-09-07T18:47:50,S05,20240907
S05/20240907/00014,9,TENDER,1,6662.43,TENDER,2024-09-07T18:47:50,S05,20240907
S05/20240907/00015,1,P107409,1,486.68,SALE,2024-09-07T15:59:13,S05,20240907
S05/20240907/00015,2,P106258,1,423.67,SALE,2024-09-07T15:59:13,S05,20240907
S05/20240907/00015,3,TAX,1,45.52,TAX,2024-09-07T15:59:13,S05,20240907
S05/20240907/00015,4,TENDER,1,955.87,TENDER,2024-09-07T15:59:13,S05,20240907
S05/20240907/00016,1,P107880,2,347.04,SALE,2024-09-08T00:58:35,S05,20240907
S05/20240907/00016,2,P108361,3,68.42,SALE,2024-09-08T00:58:35,S05,20240907
S05/20240907/00016,3,P100991,2,173.46,SALE,2024-09-08T00:58:35,S05,20240907
S05/20240907/00016,4,P107605,4,1234.07,SALE,2024-09-08T00:58:35,S05,20240907
S05/20240907/00016,5,P101796,3,990.67,SALE,2024-09-08T00:58:35,S05,20240907
S05/20240907/00016,6,P105400,2,53.13,SALE,2024-09-08T00:58:35,S05,20240907
S05/20240907/00016,7,TAX,1,812.13,TAX,2024-09-08T00:58:35,S05,20240907
S05/20240907/00016,8,TENDER,1,10072.94,TENDER,2024-09-08T00:58:35,S05,20240907
S05/20240907/00017,1,P102849,2,692.04,SALE,2024-09-07T19:00:40,S05,20240907
S05/20240907/00017,2,P106080,2,361.06,SALE,2024-09-07T19:00:40,S05,20240907
S05/20240907/00017,3,P100005,1,114.37,SALE,2024-09-07T19:00:40,S05,20240907
S05/20240907/00017,4,DISC,1,-232.32,DISCOUNT,2024-09-07T19:00:40,S05,20240907
S05/20240907/00017,5,TAX,1,244.73,TAX,2024-09-07T19:00:40,S05,20240907
S05/20240907/00017,6,TENDER,1,2232.98,TENDER,2024-09-07T19:00:40,S05,20240907
S05/20240907/00018,1,P105280,2,220.35,SALE,2024-09-07T16:49:32,S05,20240907
S05/20240907/00018,2,P101949,3,857.51,SALE,2024-09-07T16:49:32,S05,20240907
S05/20240907/00018,3,P106522,4,203.79,SALE,2024-09-07T16:49:32,S05,20240907
S05/20240907/00018,4,P107872,1,650.85,SALE,2024-09-07T16:49:32,S05,20240907
S05/20240907/00018,5,TAX,1,223.96,TAX,2024-09-07T16:49:32,S05,20240907
S05/20240907/00018,6,TENDER,1,4703.20,TENDER,2024-09-07T16:49:32,S05,20240907
S05/20240907/00019,1,P106501,1,165.98,SALE,2024-09-07T12:08:39,S05,20240907
S05/20240907/00019,2,P106426,4,149.87,SALE,2024-09-07T12:08:39,S05,20240907
S05/20240907/00019,3,P106751,2,132.55,SALE,2024-09-07T12:08:39,S05,20240907
S05/20240907/00019,4,P101404,2,213.08,SALE,2024-09-07T12:08:39,S05,20240907
S05/20240907/00019,5,P103719,3,957.52,SALE,2024-09-07T12:08:39,S05,20240907
S05/20240907/00019,6,P104747,1,342.93,SALE,2024-09-07T12:08:39,S05,20240907
S05/20240907/00019,7,TAX,1,558.20,TAX,2024-09-07T12:08:39,S05,20240907
S05/20240907/00019,8,TENDER,1,5230.41,TENDER,2024-09-07T12:08:39,S05,20240907
S05/20240907/00020,1,P104606,2,90.58,SALE,2024-09-07T20:12:56,S05,20240907
S05/20240907/00020,2,P105201,1,331.23,SALE,2024-09-07T20:12:56,S05,20240907
S05/20240907/00020,3,P103004,1,82.09,SALE,2024-09-07T20:12:56,S05,20240907
S05/20240907/00020,4,P107158,2,150.12,SALE,2024-09-07T20:12:56,S05,20240907
S05/20240907/00020,5,P107446,1,593.14,SALE,2024-09-07T20:12:56,S05,20240907
S05/20240907/00020,6,TAX,1,203.21,TAX,2024-09-07T20:12:56,S05,20240907
S05/20240907/00020,7,TENDER,1,1691.07,TENDER,2024-09-07T20:12:56,S05,20240907
S05/20240907/00021,1,P100560,5,176.85,SALE,2024-09-07T15:12:18,S05,20240907
S05/20240907/00021,2,P104469,3,1548.25,SALE,2024-09-07T15:12:18,S05,20240907
S05/20240907/00021,3,P101492,3,113.44,SALE,2024-09-07T15:12:18,S05,20240907
S05/20240907/00021,4,P105302,1,281.37,SALE,2024-09-07T15:12:18,S05,20240907
S05/20240907/00021,5,TAX,1,738.81,TAX,2024-09-07T15:12:18,S05,20240907
S05/20240907/00021,6,TENDER,1,6889.50,TENDER,2024-09-07T15:12:18,S05,20240907
S05/20240907/00022,1,P105313,1,51.83,SALE,2024-09-07T15:12:51,S05,20240907
S05/20240907/00022,2,P106783,1,94.23,SALE,2024-09-07T15:12:51,S05,20240907
S05/20240907/00022,3,TAX,1,16.96,TAX,2024-09-07T15:12:51,S05,20240907
S05/20240907/00022,4,TENDER,1,163.02,TENDER,2024-09-07T15:12:51,S05,20240907
S05/20240907/00023,1,P102682,1,94.04,SALE,2024-09-07T12:12:13,S05,20240907
S05/20240907/00023,2,P106191,1,1230.97,SALE,2024-09-07T12:12:13,S05,20240907
S05/20240907/00023,3,P101747,3,245.75,SALE,2024-09-07T12:12:13,S05,20240907
S05/20240907/00023,4,P100453,1,207.31,SALE,2024-09-07T12:12:13,S05,20240907
S05/20240907/00023,5,P108125,3,129.06,SALE,2024-09-07T12:12:13,S05,20240907
S05/20240907/00023,6,P102460,4,582.21,SALE,2024-09-07T12:12:13,S05,20240907
S05/20240907/00023,7,P105878,1,282.51,SALE,2024-09-07T12:12:13,S05,20240907
S05/20240907/00023,8,TAX,1,197.01,TAX,2024-09-07T12:12:13,S05,20240907
S05/20240907/00023,9,TENDER,1,5465.11,TENDER,2024-09-07T12:12:13,S05,20240907
S05/20240907/00024,1,P107946,2,303.95,SALE,2024-09-07T14:03:25,S05,20240907
S05/20240907/00024,2,P106997,1,39.70,SALE,2024-09-07T14:03:25,S05,20240907
S05/20240907/00024,3,TAX,1,4.76,TAX,2024-09-07T14:03:25,S05,20240907
S05/20240907/00024,4,TENDER,1,652.36,TENDER,2024-09-07T14:03:25,S05,20240907
S05/20240907/00025,1,P102494,3,11.95,SALE,2024-09-07T17:40:35,S05,20240907
S05/20240907/00025,2,P101864,4,112.21,SALE,2024-09-07T17:40:35,S05,20240907
S05/20240907/00025,3,P107880,1,347.04,SALE,2024-09-07T17:40:35,S05,20240907
S05/20240907/00025,4,P103637,1,338.13,SALE,2024-09-07T17:40:35,S05,20240907
S05/20240907/00025,5,P105541,3,196.86,SALE,2024-09-07T17:40:35,S05,20240907
S05/20240907/00025,6,P105294,3,126.15,SALE,2024-09-07T17:40:35,S05,20240907
S05/20240907/00025,7,P100731,3,254.77,SALE,2024-09-07T17:40:35,S05,20240907
S05/20240907/00025,8,P102998,2,145.74,SALE,2024-09-07T17:40:35,S05,20240907
S05/20240907/00025,9,P102096,2,982.72,SALE,2024-09-07T17:40:35,S05,20240907
S05/20240907/00025,10,P100140,5,61.44,SALE,2024-09-07T17:40:35,S05,20240907
S05/20240907/00025,11,DISC,1,-435.13,DISCOUNT,2024-09-07T17:40:35,S05,20240907
S05/20240907/00025,12,TAX,1,755.73,TAX,2024-09-07T17:40:35,S05,20240907
S05/20240907/00025,13,TENDER,1,5787.92,TENDER,2024-09-07T17:40:35,S05,20240907
S05/20240907/00026,1,P100838,1,37.95,SALE,2024-09-07T10:26:52,S05,20240907
S05/20240907/00026,2,P105594,4,321.63,SALE,2024-09-07T10:26:52,S05,20240907
S05/20240907/00026,3,P106506,3,125.80,SALE,2024-09-07T10:26:52,S05,20240907
S05/20240907/00026,4,P103340,5,466.84,SALE,2024-09-07T10:26:52,S05,20240907
S05/20240907/00026,5,P107623,1,442.34,SALE,2024-09-07T10:26:52,S05,20240907
S05/20240907/00026,6,P102485,2,220.03,SALE,2024-09-07T10:26:52,S05,20240907
S05/20240907/00026,7,DISC,1,-240.67,DISCOUNT,2024-09-07T10:26:52,S05,20240907
S05/20240907/00026,8,TAX,1,709.49,TAX,2024-09-07T10:26:52,S05,20240907
S05/20240907/00026,9,TENDER,1,5387.29,TENDER,2024-09-07T10:26:52,S05,20240907
S05/20240907/00027,1,P100632,1,331.55,SALE,2024-09-07T21:59:07,S05,20240907
S05/20240907/00027,2,P107681,1,193.13,SALE,2024-09-07T21:59:07,S05,20240907
S05/20240907/00027,3,P104219,1,249.74,SALE,2024-09-07T21:59:07,S05,20240907
S05/20240907/00027,4,DISC,1,-61.81,DISCOUNT,2024-09-07T21:59:07,S05,20240907
S05/20240907/00027,5,TAX,1,114.48,TAX,2024-09-07T21:59:07,S05,20240907
S05/20240907/00027,6,TENDER,1,827.09,TENDER,2024-09-07T21:59:07,S05,20240907
S05/20240907/00028,1,P103749,3,16.85,SALE,2024-09-07T20:35:10,S05,20240907
S05/20240907/00028,2,P107715,1,241.95,SALE,2024-09-07T20:35:10,S05,20240907
S05/20240907/00028,3,P103806,3,305.95,SALE,2024-09-07T20:35:10,S05,20240907
S05/20240907/00028,4,TAX,1,52.65,TAX,2024-09-07T20:35:10,S05,20240907
S05/20240907/00028,5,TENDER,1,1263.00,TENDER,2024-09-07T20:35:10,S05,20240907
S05/20240907/00029,1,P102598,1,133.17,SALE,2024-09-07T21:41:01,S05,20240907
S05/20240907/00029,2,P104992,1,979.87,SALE,2024-09-07T21:41:01,S05,20240907
S05/20240907/00029,3,P104257,2,42.95,SALE,2024-09-07T21:41:01,S05,20240907
S05/20240907/00029,4,P106353,2,236.28,SALE,2024-09-07T21:41:01,S05,20240907
S05/20240907/00029,5,P101842,2,210.53,SALE,2024-09-07T21:41:01,S05,20240907
S05/20240907/00029,6,TAX,1,110.41,TAX,2024-09-07T21:41:01,S05,20240907
S05/20240907/00029,7,TENDER,1,2202.97,TENDER,2024-09-07T21:41:01,S05,20240907
S05/20240907/00030,1,P107863,4,575.65,SALE,2024-09-07T16:00:45,S05,20240907
S05/20240907/00030,2,P105878,2,282.51,SALE,2024-09-07T16:00:45,S05,20240907
S05/20240907/00030,3,P102263,3,116.79,SALE,2024-09-07T16:00:45,S05,20240907
S05/20240907/00030,4,P106624,1,103.58,SALE,2024-09-07T16:00:45,S05,20240907
S05/20240907/00030,5,TAX,1,484.76,TAX,2024-09-07T16:00:45,S05,20240907
S05/20240907/00030,6,TENDER,1,3806.33,TENDER,2024-09-07T16:00:45,S05,20240907
S05/20240907/00031,1,P107597,2,519.83,SALE,2024-09-07T15:34:27,S05,20240907
S05/20240907/00031,2,P108200,3,336.95,SALE,2024-09-07T15:34:27,S05,20240907
S05/20240907/00031,3,P105268,2,255.65,SALE,2024-09-07T15:34:27,S05,20240907
S05/20240907/00031,4,P100140,1,61.44,SALE,2024-09-07T15:34:27,S05,20240907
S05/20240907/00031,5,P103461,2,104.95,SALE,2024-09-07T15:34:27,S05,20240907
S05/20240907/00031,6,TAX,1,301.57,TAX,2024-09-07T15:34:27,S05,20240907
S05/20240907/00031,7,TENDER,1,3134.72,TENDER,2024-09-07T15:34:27,S05,20240907
S05/20240908/00001,1,P103904,-2,1081.09,RETURN,2024-09-08T09:42:14,S05,20240908
S05/20240908/00001,2,P106027,-2,1505.86,RETURN,2024-09-08T09:42:14,S05,20240908
S05/20240908/00001,3,P102436,-1,243.03,RETURN,2024-09-08T09:42:14,S05,20240908
S05/20240908/00001,4,TAX,1,-151.85,TAX,2024-09-08T09:42:14,S05,20240908
S05/20240908/00001,5,TENDER,1,-5568.78,TENDER,2024-09-08T09:42:14,S05,20240908
S05/20240908/00002,1,P104986,2,204.89,SALE,2024-09-08T10:39:52,S05,20240908
S05/20240908/00002,2,P106793,1,298.28,SALE,2024-09-08T10:39:52,S05,20240908
S05/20240908/00002,3,TAX,1,88.67,TAX,2024-09-08T10:39:52,S05,20240908
S05/20240908/00002,4,TENDER,1,796.73,TENDER,2024-09-08T10:39:52,S05,20240908
S05/20240908/00003,1,P107078,2,111.95,SALE,2024-09-08T17:36:25,S05,20240908
S05/20240908/00003,2,P100403,4,71.73,SALE,2024-09-08T17:36:25,S05,20240908
S05/20240908/00003,3,P101127,3,45.95,SALE,2024-09-08T17:36:25,S05,20240908
S05/20240908/00003,4,P102811,1,199.78,SALE,2024-09-08T17:36:25,S05,20240908
S05/20240908/00003,5,P100074,1,57.78,SALE,2024-09-08T17:36:25,S05,20240908
S05/20240908/00003,6,TAX,1,47.31,TAX,2024-09-08T17:36:25,S05,20240908
S05/20240908/00003,7,TENDER,1,953.54,TENDER,2024-09-08T17:36:25,S05,20240908
S05/20240908/00004,1,P102272,3,389.34,SALE,2024-09-08T19:44:03,S05,20240908
S05/20240908/00004,2,P101458,4,1365.07,SALE,2024-09-08T19:44:03,S05,20240908
S05/20240908/00004,3,P104257,1,42.95,SALE,2024-09-08T19:44:03,S05,20240908
S05/20240908/00004,4,P101585,2,10.45,SALE,2024-09-08T19:44:03,S05,20240908
S05/20240908/00004,5,P104867,2,190.50,SALE,2024-09-08T19:44:03,S05,20240908
S05/20240908/00004,6,P101048,3,219.90,SALE,2024-09-08T19:44:03,S05,20240908
S05/20240908/00004,7,P106648,1,330.96,SALE,2024-09-08T19:44:03,S05,20240908
S05/20240908/00004,8,P107495,3,448.19,SALE,2024-09-08T19:44:03,S05,20240908
S05/20240908/00004,9,P101332,1,400.98,SALE,2024-09-08T19:44:03,S05,20240908
S05/20240908/00004,10,TAX,1,448.18,TAX,2024-09-08T19:44:03,S05,20240908
S05/20240908/00004,11,TENDER,1,10257.54,TENDER,2024-09-08T19:44:03,S05,20240908
S05/20240908/00005,1,P107695,4,271.01,SALE,2024-09-08T14:47:50,S05,20240908
S05/20240908/00005,2,P108067,1,640.50,SALE,2024-09-08T14:47:50,S05,20240908
S05/20240908/00005,3,TAX,1,195.13,TAX,2024-09-08T14:47:50,S05,20240908
S05/20240908/00005,4,TENDER,1,1919.67,TENDER,2024-09-08T14:47:50,S05,20240908
S05/20240908/00006,1,P105119,1,100.30,SALE,2024-09-08T18:02:24,S05,20240908
S05/20240908/00006,2,P101570,2,288.76,SALE,2024-09-08T18:02:24,S05,20240908
S05/20240908/00006,3,P105815,6,320.65,SALE,2024-09-08T18:02:24,S05,20240908
S05/20240908/00006,4,P102880,4,575.53,SALE,2024-09-08T18:02:24,S05,20240908
S05/20240908/00006,5,P108050,3,1166.49,SALE,2024-09-08T18:02:24,S05,20240908
S05/20240908/00006,6,P105479,1,237.28,SALE,2024-09-08T18:02:24,S05,20240908
S05/20240908/00006,7,P102139,2,1521.81,SALE,2024-09-08T18:02:24,S05,20240908
S05/20240908/00006,8,DISC,1,-381.47,DISCOUNT,2024-09-08T18:02:24,S05,20240908
S05/20240908/00006,9,TAX,1,763.20,TAX,2024-09-08T18:02:24,S05,20240908
S05/20240908/00006,10,TENDER,1,12065.94,TENDER,2024-09-08T18:02:24,S05,20240908
S05/20240908/00007,1,P106344,3,801.30,SALE,2024-09-08T18:33:06,S05,20240908
S05/20240908/00007,2,P100784,2,319.36,SALE,2024-09-08T18:33:06,S05,20240908
S05/20240908/00007,3,TAX,1,76.65,TAX,2024-09-08T18:33:06,S05,20240908
S05/20240908/00007,4,TENDER,1,3119.27,TENDER,2024-09-08T18:33:06,S05,20240908
S05/20240908/00008,1,P100035,1,1810.38,SALE,2024-09-08T16:11:04,S05,20240908
S05/20240908/00008,2,P105288,3,271.73,SALE,2024-09-08T16:11:04,S05,20240908
S05/20240908/00008,3,P104294,2,115.73,SALE,2024-09-08T16:11:04,S05,20240908
S05/20240908/00008,4,P103504,1,361.87,SALE,2024-09-08T16:11:04,S05,20240908
S05/20240908/00008,5,TAX,1,288.45,TAX,2024-09-08T16:11:04,S05,20240908
S05/20240908/00008,6,TENDER,1,3507.35,TENDER,2024-09-08T16:11:04,S05,20240908
S05/20240908/00009,1,P107946,3,303.95,SALE,2024-09-08T19:30:14,S05,20240908
S05/20240908/00009,2,P107952,3,1852.40,SALE,2024-09-08T19:30:14,S05,20240908
S05/20240908/00009,3,P102436,2,243.03,SALE,2024-09-08T19:30:14,S05,20240908
S05/20240908/00009,4,TAX,1,87.49,TAX,2024-09-08T19:30:14,S05,20240908
S05/20240908/00009,5,TENDER,1,7042.60,TENDER,2024-09-08T19:30:14,S05,20240908
S05/20240908/00010,1,P103337,1,94.03,SALE,2024-09-08T16:45:40,S05,20240908
S05/20240908/00010,2,P102460,4,582.21,SALE,2024-09-08T16:45:40,S05,20240908
S05/20240908/00010,3,P103530,2,427.69,SALE,2024-09-08T16:45:40,S05,20240908
S05/20240908/00010,4,TAX,1,275.11,TAX,2024-09-08T16:45:40,S05,20240908
S05/20240908/00010,5,TENDER,1,3553.36,TENDER,2024-09-08T16:45:40,S05,20240908
S05/20240908/00011,1,P100198,1,156.66,SALE,2024-09-08T12:41:08,S05,20240908
S05/20240908/00011,2,P101859,1,66.16,SALE,2024-09-08T12:41:08,S05,20240908
S05/20240908/00011,3,P105643,1,1294.23,SALE,2024-09-08T12:41:08,S05,20240908
S05/20240908/00011,4,P100033,2,828.62,SALE,2024-09-08T12:41:08,S05,20240908
S05/20240908/00011,5,P105405,2,430.78,SALE,2024-09-08T12:41:08,S05,20240908
S05/20240908/00011,6,P105589,1,90.25,SALE,2024-09-08T12:41:08,S05,20240908
S05/20240908/00011,7,P103273,1,377.82,SALE,2024-09-08T12:41:08,S05,20240908
S05/20240908/00011,8,P103701,1,1171.33,SALE,2024-09-08T12:41:08,S05,20240908
S05/20240908/00011,9,TAX,1,261.86,TAX,2024-09-08T12:41:08,S05,20240908
S05/20240908/00011,10,TENDER,1,5937.11,TENDER,2024-09-08T12:41:08,S05,20240908
S05/20240908/00012,1,P102821,2,1356.95,SALE,2024-09-08T17:42:07,S05,20240908
S05/20240908/00012,2,P103843,1,660.15,SALE,2024-09-08T17:42:07,S05,20240908
S05/20240908/00012,3,P103424,1,295.58,SALE,2024-09-08T17:42:07,S05,20240908
S05/20240908/00012,4,P108179,2,295.94,SALE,2024-09-08T17:42:07,S05,20240908
S05/20240908/00012,5,P103680,2,210.26,SALE,2024-09-08T17:42:07,S05,20240908
S05/20240908/00012,6,TAX,1,225.32,TAX,2024-09-08T17:42:07,S05,20240908
S05/20240908/00012,7,TENDER,1,4907.35,TENDER,2024-09-08T17:42:07,S05,20240908
S05/20240908/00013,1,P102761,3,170.84,SALE,2024-09-08T14:19:09,S05,20240908
S05/20240908/00013,2,P102415,3,1245.81,SALE,2024-09-08T14:19:09,S05,20240908
S05/20240908/00013,3,P107837,2,94.99,SALE,2024-09-08T14:19:09,S05,20240908
S05/20240908/00013,4,P100974,2,41.35,SALE,2024-09-08T14:19:09,S05,20240908
S05/20240908/00013,5,P107217,1,293.45,SALE,2024-09-08T14:19:09,S05,20240908
S05/20240908/00013,6,P106506,1,125.80,SALE,2024-09-08T14:19:09,S05,20240908
S05/20240908/00013,7,DISC,1,-564.68,DISCOUNT,2024-09-08T14:19:09,S05,20240908
S05/20240908/00013,8,TAX,1,250.72,TAX,2024-09-08T14:19:09,S05,20240908
S05/20240908/00013,9,TENDER,1,4627.92,TENDER,2024-09-08T14:19:09,S05,20240908
S05/20240908/00014,1,P100911,3,71.10,SALE,2024-09-08T18:32:14,S05,20240908
S05/20240908/00014,2,P100330,1,188.77,SALE,2024-09-08T18:32:14,S05,20240908
S05/20240908/00014,3,P104916,2,291.36,SALE,2024-09-08T18:32:14,S05,20240908
S05/20240908/00014,4,P106130,2,1331.09,SALE,2024-09-08T18:32:14,S05,20240908
S05/20240908/00014,5,P104544,3,104.46,SALE,2024-09-08T18:32:14,S05,20240908
S05/20240908/00014,6,P101283,2,263.48,SALE,2024-09-08T18:32:14,S05,20240908
S05/20240908/00014,7,TAX,1,235.51,TAX,2024-09-08T18:32:14,S05,20240908
S05/20240908/00014,8,TENDER,1,4722.82,TENDER,2024-09-08T18:32:14,S05,20240908
S05/20240908/00015,1,P103999,1,120.61,SALE,2024-09-08T15:41:33,S05,20240908
S05/20240908/00015,2,P100150,4,280.80,SALE,2024-09-08T15:41:33,S05,20240908
S05/20240908/00015,3,P107925,2,992.11,SALE,2024-09-08T15:41:33,S05,20240908
S05/20240908/00015,4,P104334,2,294.34,SALE,2024-09-08T15:41:33,S05,20240908
S05/20240908/00015,5,P100100,3,417.83,SALE,2024-09-08T15:41:33,S05,20240908
S05/20240908/00015,6,P102006,1,1553.68,SALE,2024-09-08T15:41:33,S05,20240908
S05/20240908/00015,7,P102695,2,1259.21,SALE,2024-09-08T15:41:33,S05,20240908
S05/20240908/00015,8,TAX,1,643.46,TAX,2024-09-08T15:41:33,S05,20240908
S05/20240908/00015,9,TENDER,1,9785.76,TENDER,2024-09-08T15:41:33,S05,20240908
S05/20240908/00016,1,P106162,1,527.95,SALE,2024-09-08T14:32:19,S05,20240908
S05/20240908/00016,2,P107047,1,413.27,SALE,2024-09-08T14:32:19,S05,20240908
S05/20240908/00016,3,P103129,1,79.05,SALE,2024-09-08T14:32:19,S05,20240908
S05/20240908/00016,4,P104718,2,364.54,SALE,2024-09-08T14:32:19,S05,20240908
S05/20240908/00016,5,P100528,3,623.32,SALE,2024-09-08T14:32:19,S05,20240908
S05/20240908/00016,6,P102096,4,982.72,SALE,2024-09-08T14:32:19,S05,20240908
S05/20240908/00016,7,P106191,2,1230.97,SALE,2024-09-08T14:32:19,S05,20240908
S05/20240908/00016,8,TAX,1,623.02,TAX,2024-09-08T14:32:19,S05,20240908
S05/20240908/00016,9,TENDER,1,10635.15,TENDER,2024-09-08T14:32:19,S05,20240908
S05/20240908/00017,1,P101292,1,380.75,SALE,2024-09-08T21:01:16,S05,20240908
S05/20240908/00017,2,P104909,4,363.10,SALE,2024-09-08T21:01:16,S05,20240908
S05/20240908/00017,3,P102626,4,416.91,SALE,2024-09-08T21:01:16,S05,20240908
S05/20240908/00017,4,P103693,1,102.71,SALE,2024-09-08T21:01:16,S05,20240908
S05/20240908/00017,5,P107795,2,284.47,SALE,2024-09-08T21:01:16,S05,20240908
S05/20240908/00017,6,P101839,3,408.40,SALE,2024-09-08T21:01:16,S05,20240908
S05/20240908/00017,7,TAX,1,434.45,TAX,2024-09-08T21:01:16,S05,20240908
S05/20240908/00017,8,TENDER,1,5832.09,TENDER,2024-09-08T21:01:16,S05,20240908
S05/20240908/00018,1,P105450,1,252.15,SALE,2024-09-08T16:52:02,S05,20240908
S05/20240908/00018,2,P102636,6,114.77,SALE,2024-09-08T16:52:02,S05,20240908
S05/20240908/00018,3,P101292,2,380.75,SALE,2024-09-08T16:52:02,S05,20240908
S05/20240908/00018,4,P104155,1,144.69,SALE,2024-09-08T16:52:02,S05,20240908
S05/20240908/00018,5,P103231,1,235.56,SALE,2024-09-08T16:52:02,S05,20240908
S05/20240908/00018,6,TAX,1,84.28,TAX,2024-09-08T16:52:02,S05,20240908
S05/20240908/00018,7,TENDER,1,2166.80,TENDER,2024-09-08T16:52:02,S05,20240908
S05/20240908/00019,1,P103864,2,452.72,SALE,2024-09-08T15:25:10,S05,20240908
S05/20240908/00019,2,P106501,2,164.07,SALE,2024-09-08T15:25:10,S05,20240908
S05/20240908/00019,3,P102922,1,120.15,SALE,2024-09-08T15:25:10,S05,20240908
S05/20240908/00019,4,P100326,2,47.79,SALE,2024-09-08T15:25:10,S05,20240908
S05/20240908/00019,5,TAX,1,143.17,TAX,2024-09-08T15:25:10,S05,20240908
S05/20240908/00019,6,TENDER,1,1592.48,TENDER,2024-09-08T15:25:10,S05,20240908
S05/20240908/00020,1,P106004,2,137.38,SALE,2024-09-08T15:21:12,S05,20240908
S05/20240908/00020,2,P107848,2,267.41,SALE,2024-09-08T15:21:12,S05,20240908
S05/20240908/00020,3,P102945,3,43.42,SALE,2024-09-08T15:21:12,S05,20240908
S05/20240908/00020,4,P104670,3,108.77,SALE,2024-09-08T15:21:12,S05,20240908
S05/20240908/00020,5,DISC,1,-138.04,DISCOUNT,2024-09-08T15:21:12,S05,20240908
S05/20240908/00020,6,TAX,1,109.29,TAX,2024-09-08T15:21:12,S05,20240908
S05/20240908/00020,7,TENDER,1,1237.40,TENDER,2024-09-08T15:21:12,S05,20240908
S05/20240908/00021,1,P105901,1,82.67,SALE,2024-09-08T18:41:53,S05,20240908
S05/20240908/00021,2,P100555,5,435.03,SALE,2024-09-08T18:41:53,S05,20240908
S05/20240908/00021,3,P103794,1,729.86,SALE,2024-09-08T18:41:53,S05,20240908
S05/20240908/00021,4,P101656,5,262.95,SALE,2024-09-08T18:41:53,S05,20240908
S05/20240908/00021,5,DISC,1,-120.62,DISCOUNT,2024-09-08T18:41:53,S05,20240908
S05/20240908/00021,6,TAX,1,579.01,TAX,2024-09-08T18:41:53,S05,20240908
S05/20240908/00021,7,TENDER,1,4760.82,TENDER,2024-09-08T18:41:53,S05,20240908
S05/20240908/00022,1,P101218,2,61.39,SALE,2024-09-08T20:50:33,S05,20240908
S05/20240908/00022,2,P107502,2,311.85,SALE,2024-09-08T20:50:33,S05,20240908
S05/20240908/00022,3,P104909,3,363.10,SALE,2024-09-08T20:50:33,S05,20240908
S05/20240908/00022,4,P107414,1,565.57,SALE,2024-09-08T20:50:33,S05,20240908
S05/20240908/00022,5,P100375,1,163.45,SALE,2024-09-08T20:50:33,S05,20240908
S05/20240908/00022,6,P103843,2,660.15,SALE,2024-09-08T20:50:33,S05,20240908
S05/20240908/00022,7,P100394,2,320.36,SALE,2024-09-08T20:50:33,S05,20240908
S05/20240908/00022,8,TAX,1,485.36,TAX,2024-09-08T20:50:33,S05,20240908
S05/20240908/00022,9,TENDER,1,5011.18,TENDER,2024-09-08T20:50:33,S05,20240908
S05/20240908/00023,1,P102243,1,133.95,SALE,2024-09-08T17:58:46,S05,20240908
S05/20240908/00023,2,P101558,1,46.27,SALE,2024-09-08T17:58:46,S05,20240908
S05/20240908/00023,3,P106710,5,98.77,SALE,2024-09-08T17:58:46,S05,20240908
S05/20240908/00023,4,P104149,3,88.07,SALE,2024-09-08T17:58:46,S05,20240908
S05/20240908/00023,5,TAX,1,117.13,TAX,2024-09-08T17:58:46,S05,20240908
S05/20240908/00023,6,TENDER,1,1055.41,TENDER,2024-09-08T17:58:46,S05,20240908
S05/20240908/00024,1,P103864,1,452.72,SALE,2024-09-08T18:45:44,S05,20240908
S05/20240908/00024,2,TAX,1,22.64,TAX,2024-09-08T18:45:44,S05,20240908
S05/20240908/00024,3,TENDER,1,475.36,TENDER,2024-09-08T18:45:44,S05,20240908
S05/20240908/00025,1,P106751,1,132.55,SALE,2024-09-08T14:36:09,S05,20240908
S05/20240908/00025,2,P101648,1,334.22,SALE,2024-09-08T14:36:09,S05,20240908
S05/20240908/00025,3,P100276,1,965.56,SALE,2024-09-08T14:36:09,S05,20240908
S05/20240908/00025,4,P106927,4,140.95,SALE,2024-09-08T14:36:09,S05,20240908
S05/20240908/00025,5,P106072,1,78.69,SALE,2024-09-08T14:36:09,S05,20240908
S05/20240908/00025,6,P105302,4,281.37,SALE,2024-09-08T14:36:09,S05,20240908
S05/20240908/00025,7,TAX,1,165.52,TAX,2024-09-08T14:36:09,S05,20240908
S05/20240908/00025,8,TENDER,1,3365.82,TENDER,2024-09-08T14:36:09,S05,20240908
S05/20240908/00026,1,P101720,3,44.26,SALE,2024-09-08T15:13:15,S05,20240908
S05/20240908/00026,2,P104032,3,603.87,SALE,2024-09-08T15:13:15,S05,20240908
S05/20240908/00026,3,P106592,2,864.85,SALE,2024-09-08T15:13:15,S05,20240908
S05/20240908/00026,4,TAX,1,419.21,TAX,2024-09-08T15:13:15,S05,20240908
S05/20240908/00026,5,TENDER,1,4093.30,TENDER,2024-09-08T15:13:15,S05,20240908
S05/20240908/00027,1,P105772,1,539.31,SALE,2024-09-08T09:34:14,S05,20240908
S05/20240908/00027,2,P102042,4,151.18,SALE,2024-09-08T09:34:14,S05,20240908
S05/20240908/00027,3,P102794,2,416.24,SALE,2024-09-08T09:34:14,S05,20240908
S05/20240908/00027,4,P105541,3,196.86,SALE,2024-09-08T09:34:14,S05,20240908
S05/20240908/00027,5,TAX,1,275.95,TAX,2024-09-08T09:34:14,S05,20240908
S05/20240908/00027,6,TENDER,1,2843.04,TENDER,2024-09-08T09:34:14,S05,20240908
S05/20240908/00028,1,P101648,1,334.22,SALE,2024-09-08T07:05:41,S05,20240908
S05/20240908/00028,2,P104820,2,207.26,SALE,2024-09-08T07:05:41,S05,20240908
S05/20240908/00028,3,P104072,1,708.34,SALE,2024-09-08T07:05:41,S05,20240908
S05/20240908/00028,4,P100921,2,441.43,SALE,2024-09-08T07:05:41,S05,20240908
S05/20240908/00028,5,P102181,2,1586.03,SALE,2024-09-08T07:05:41,S05,20240908
S05/20240908/00028,6,P100840,4,248.08,SALE,2024-09-08T07:05:41,S05,20240908
S05/20240908/00028,7,TAX,1,464.27,TAX,2024-09-08T07:05:41,S05,20240908
S05/20240908/00028,8,TENDER,1,6968.59,TENDER,2024-09-08T07:05:41,S05,20240908
S05/20240908/00029,1,P104658,2,73.05,SALE,2024-09-08T19:51:14,S05,20240908
S05/20240908/00029,2,P103074,1,52.85,SALE,2024-09-08T19:51:14,S05,20240908
S05/20240908/00029,3,P102623,3,98.94,SALE,2024-09-08T19:51:14,S05,20240908
S05/20240908/00029,4,TAX,1,52.44,TAX,2024-09-08T19:51:14,S05,20240908
S05/20240908/00029,5,TENDER,1,548.21,TENDER,2024-09-08T19:51:14,S05,20240908
S05/20240908/00030,1,P100044,1,737.05,SALE,2024-09-08T18:41:35,S05,20240908
S05/20240908/00030,2,P103050,3,569.48,SALE,2024-09-08T18:41:35,S05,20240908
S05/20240908/00030,3,P104558,6,440.08,SALE,2024-09-08T18:41:35,S05,20240908
S05/20240908/00030,4,P108275,4,504.53,SALE,2024-09-08T18:41:35,S05,20240908
S05/20240908/00030,5,DISC,1,-490.32,DISCOUNT,2024-09-08T18:41:35,S05,20240908
S05/20240908/00030,6,TAX,1,715.52,TAX,2024-09-08T18:41:35,S05,20240908
S05/20240908/00030,7,TENDER,1,7329.29,TENDER,2024-09-08T18:41:35,S05,20240908
S05/20240908/00031,1,P104950,1,91.01,SALE,2024-09-08T13:50:41,S05,20240908
S05/20240908/00031,2,P104921,1,421.02,SALE,2024-09-08T13:50:41,S05,20240908
S05/20240908/00031,3,P107018,1,187.58,SALE,2024-09-08T13:50:41,S05,20240908
S05/20240908/00031,4,P103760,3,104.16,SALE,2024-09-08T13:50:41,S05,20240908
S05/20240908/00031,5,P102788,2,920.26,SALE,2024-09-08T13:50:41,S05,20240908
S05/20240908/00031,6,P103416,1,73.27,SALE,2024-09-08T13:50:41,S05,20240908
S05/20240908/00031,7,TAX,1,263.01,TAX,2024-09-08T13:50:41,S05,20240908
S05/20240908/00031,8,TENDER,1,3188.89,TENDER,2024-09-08T13:50:41,S05,20240908
S05/20240908/00032,1,P104446,1,56.83,SALE,2024-09-08T18:27:57,S05,20240908
S05/20240908/00032,2,P105405,1,430.78,SALE,2024-09-08T18:27:57,S05,20240908
S05/20240908/00032,3,P105384,1,315.25,SALE,2024-09-08T18:27:57,S05,20240908
S05/20240908/00032,4,P106027,2,1656.45,SALE,2024-09-08T18:27:57,S05,20240908
S05/20240908/00032,5,P100483,2,933.37,SALE,2024-09-08T18:27:57,S05,20240908
S05/20240908/00032,6,P107740,3,1366.88,SALE,2024-09-08T18:27:57,S05,20240908
S05/20240908/00032,7,P101681,1,139.09,SALE,2024-09-08T18:27:57,S05,20240908
S05/20240908/00032,8,P101359,1,51.47,SALE,2024-09-08T18:27:57,S05,20240908
S05/20240908/00032,9,TAX,1,587.63,TAX,2024-09-08T18:27:57,S05,20240908
S05/20240908/00032,10,TENDER,1,10861.33,TENDER,2024-09-08T18:27:57,S05,20240908
S05/20240909/00001,1,P108026,3,103.54,SALE,2024-09-09T15:40:46,S05,20240909
S05/20240909/00001,2,P103645,3,241.18,SALE,2024-09-09T15:40:46,S05,20240909
S05/20240909/00001,3,P100330,1,188.77,SALE,2024-09-09T15:40:46,S05,20240909
S05/20240909/00001,4,P104270,2,1153.64,SALE,2024-09-09T15:40:46,S05,20240909
S05/20240909/00001,5,P106151,2,298.42,SALE,2024-09-09T15:40:46,S05,20240909
S05/20240909/00001,6,TAX,1,252.33,TAX,2024-09-09T15:40:46,S05,20240909
S05/20240909/00001,7,TENDER,1,4379.38,TENDER,2024-09-09T15:40:46,S05,20240909
S05/20240909/00002,1,P103680,1,210.26,SALE,2024-09-09T18:40:17,S05,20240909
S05/20240909/00002,2,P104933,2,560.59,SALE,2024-09-09T18:40:17,S05,20240909
S05/20240909/00002,3,TAX,1,201.81,TAX,2024-09-09T18:40:17,S05,20240909
S05/20240909/00002,4,TENDER,1,1533.25,TENDER,2024-09-09T18:40:17,S05,20240909
S05/20240909/00003,1,P100528,2,623.32,SALE,2024-09-09T21:42:55,S05,20240909
S05/20240909/00003,2,P102531,2,148.04,SALE,2024-09-09T21:42:55,S05,20240909
S05/20240909/00003,3,P101481,1,56.18,SALE,2024-09-09T21:42:55,S05,20240909
S05/20240909/00003,4,TAX,1,38.34,TAX,2024-09-09T21:42:55,S05,20240909
S05/20240909/00003,5,TENDER,1,1637.24,TENDER,2024-09-09T21:42:55,S05,20240909
S05/20240909/00004,1,P100549,1,320.43,SALE,2024-09-09T19:59:51,S05,20240909
S05/20240909/00004,2,P100057,3,213.48,SALE,2024-09-09T19:59:51,S05,20240909
S05/20240909/00004,3,P100560,2,176.85,SALE,2024-09-09T19:59:51,S05,20240909
S05/20240909/00004,4,TAX,1,157.75,TAX,2024-09-09T19:59:51,S05,20240909
S05/20240909/00004,5,TENDER,1,1472.32,TENDER,2024-09-09T19:59:51,S05,20240909
S05/20240909/00005,1,P100483,1,933.37,SALE,2024-09-09T16:02:03,S05,20240909
S05/20240909/00005,2,P103886,3,302.49,SALE,2024-09-09T16:02:03,S05,20240909
S05/20240909/00005,3,P102255,1,167.76,SALE,2024-09-09T16:02:03,S05,20240909
S05/20240909/00005,4,P106891,1,642.78,SALE,2024-09-09T16:02:03,S05,20240909
S05/20240909/00005,5,P105698,1,194.14,SALE,2024-09-09T16:02:03,S05,20240909
S05/20240909/00005,6,TAX,1,67.08,TAX,2024-09-09T16:02:03,S05,20240909
S05/20240909/00005,7,TENDER,1,2912.60,TENDER,2024-09-09T16:02:03,S05,20240909
S05/20240909/00006,1,P104064,4,326.15,SALE,2024-09-09T23:08:57,S05,20240909
S05/20240909/00006,2,P104975,1,568.03,SALE,2024-09-09T23:08:57,S05,20240909
S05/20240909/00006,3,P104774,2,81.81,SALE,2024-09-09T23:08:57,S05,20240909
S05/20240909/00006,4,P103319,1,356.46,SALE,2024-09-09T23:08:57,S05,20240909
S05/20240909/00006,5,TAX,1,182.56,TAX,2024-09-09T23:08:57,S05,20240909
S05/20240909/00006,6,TENDER,1,2575.27,TENDER,2024-09-09T23:08:57,S05,20240909
S05/20240909/00007,1,P104008,1,116.02,SALE,2024-09-09T12:47:47,S05,20240909
S05/20240909/00007,2,P103249,4,521.24,SALE,2024-09-09T12:47:47,S05,20240909
S05/20240909/00007,3,TAX,1,110.05,TAX,2024-09-09T12:47:47,S05,20240909
S05/20240909/00007,4,TENDER,1,2311.03,TENDER,2024-09-09T12:47:47,S05,20240909
S05/20240909/00008,1,P100140,2,61.44,SALE,2024-09-09T17:15:28,S05,20240909
S05/20240909/00008,2,P107463,5,188.92,SALE,2024-09-09T17:15:28,S05,20240909
S05/20240909/00008,3,TAX,1,192.15,TAX,2024-09-09T17:15:28,S05,20240909
S05/20240909/00008,4,TENDER,1,1259.63,TENDER,2024-09-09T17:15:28,S05,20240909
S05/20240909/00009,1,P103168,1,923.59,SALE,2024-09-09T14:20:20,S05,20240909
S05/20240909/00009,2,P108302,2,855.55,SALE,2024-09-09T14:20:20,S05,20240909
S05/20240909/00009,3,P104316,2,406.45,SALE,2024-09-09T14:20:20,S05,20240909
S05/20240909/00009,4,P105209,2,399.92,SALE,2024-09-09T14:20:20,S05,20240909
S05/20240909/00009,5,P102707,2,440.21,SALE,2024-09-09T14:20:20,S05,20240909
S05/20240909/00009,6,P104739,3,172.21,SALE,2024-09-09T14:20:20,S05,20240909
S05/20240909/00009,7,P103259,1,298.27,SALE,2024-09-09T14:20:20,S05,20240909
S05/20240909/00009,8,TAX,1,685.32,TAX,2024-09-09T14:20:20,S05,20240909
S05/20240909/00009,9,TENDER,1,6628.07,TENDER,2024-09-09T14:20:20,S05,20240909
S05/20240909/00010,1,P100819,4,1203.94,SALE,2024-09-09T15:06:25,S05,20240909
S05/20240909/00010,2,P101384,2,42.99,SALE,2024-09-09T15:06:25,S05,20240909
S05/20240909/00010,3,P100640,1,363.28,SALE,2024-09-09T15:06:25,S05,20240909
S05/20240909/00010,4,P103843,2,660.15,SALE,2024-09-09T15:06:25,S05,20240909
S05/20240909/00010,5,TAX,1,285.55,TAX,2024-09-09T15:06:25,S05,20240909
S05/20240909/00010,6,TENDER,1,6870.87,TENDER,2024-09-09T15:06:25,S05,20240909
S05/20240909/00011,1,P103231,1,235.56,SALE,2024-09-09T17:47:34,S05,20240909
S05/20240909/00011,2,P107715,2,241.95,SALE,2024-09-09T17:47:34,S05,20240909
S05/20240909/00011,3,P101345,2,77.54,SALE,2024-09-09T17:47:34,S05,20240909
S05/20240909/00011,4,P102321,1,35.15,SALE,2024-09-09T17:47:34,S05,20240909
S05/20240909/00011,5,P107477,1,116.48,SALE,2024-09-09T17:47:34,S05,20240909
S05/20240909/00011,6,P106336,1,456.47,SALE,2024-09-09T17:47:34,S05,20240909
S05/20240909/00011,7,TAX,1,198.84,TAX,2024-09-09T17:47:34,S05,20240909
S05/20240909/00011,8,TENDER,1,1681.48,TENDER,2024-09-09T17:47:34,S05,20240909
S05/20240909/00012,1,P102054,3,137.00,SALE,2024-09-09T16:49:38,S05,20240909
S05/20240909/00012,2,P102230,1,340.01,SALE,2024-09-09T16:49:38,S05,20240909
S05/20240909/00012,3,P106907,2,321.26,SALE,2024-09-09T16:49:38,S05,20240909
S05/20240909/00012,4,P104427,3,462.16,SALE,2024-09-09T16:49:38,S05,20240909
S05/20240909/00012,5,P106522,4,203.79,SALE,2024-09-09T16:49:38,S05,20240909
S05/20240909/00012,6,P102510,1,37.13,SALE,2024-09-09T16:49:38,S05,20240909
S05/20240909/00012,7,P102081,3,164.15,SALE,2024-09-09T16:49:38,S05,20240909
S05/20240909/00012,8,TAX,1,465.17,TAX,2024-09-09T16:49:38,S05,20240909
S05/20240909/00012,9,TENDER,1,4589.92,TENDER,2024-09-09T16:49:38,S05,20240909
S05/20240909/00013,1,P104772,1,353.04,SALE,2024-09-09T16:39:21,S05,20240909
S05/20240909/00013,2,P104789,1,65.95,SALE,2024-09-09T16:39:21,S05,20240909
S05/20240909/00013,3,P103413,1,1352.06,SALE,2024-09-09T16:39:21,S05,20240909
S05/20240909/00013,4,TAX,1,131.15,TAX,2024-09-09T16:39:21,S05,20240909
S05/20240909/00013,5,TENDER,1,1902.20,TENDER,2024-09-09T16:39:21,S05,20240909
S05/20240909/00014,1,P104772,1,353.04,SALE,2024-09-09T19:52:58,S05,20240909
S05/20240909/00014,2,P100946,2,75.81,SALE,2024-09-09T19:52:58,S05,20240909
S05/20240909/00014,3,P107432,2,45.60,SALE,2024-09-09T19:52:58,S05,20240909
S05/20240909/00014,4,P100703,2,188.21,SALE,2024-09-09T19:52:58,S05,20240909
S05/20240909/00014,5,TAX,1,140.57,TAX,2024-09-09T19:52:58,S05,20240909
S05/20240909/00014,6,TENDER,1,1112.85,TENDER,2024-09-09T19:52:58,S05,20240909
S05/20240909/00015,1,P102397,4,355.28,SALE,2024-09-09T21:07:15,S05,20240909
S05/20240909/00015,2,P100571,3,134.98,SALE,2024-09-09T21:07:15,S05,20240909
S05/20240909/00015,3,DISC,1,-201.69,DISCOUNT,2024-09-09T21:07:15,S05,20240909
S05/20240909/00015,4,TAX,1,216.54,TAX,2024-09-09T21:07:15,S05,20240909
S05/20240909/00015,5,TENDER,1,1840.91,TENDER,2024-09-09T21:07:15,S05,20240909
S05/20240909/00016,1,P101507,3,635.95,SALE,2024-09-09T14:14:12,S05,20240909
S05/20240909/00016,2,P103749,3,16.85,SALE,2024-09-09T14:14:12,S05,20240909
S05/20240909/00016,3,P107920,2,109.22,SALE,2024-09-09T14:14:12,S05,20240909
S05/20240909/00016,4,P106151,3,298.42,SALE,2024-09-09T14:14:12,S05,20240909
S05/20240909/00016,5,P108206,2,81.62,SALE,2024-09-09T14:14:12,S05,20240909
S05/20240909/00016,6,TAX,1,251.24,TAX,2024-09-09T14:14:12,S05,20240909
S05/20240909/00016,7,TENDER,1,3486.58,TENDER,2024-09-09T14:14:12,S05,20240909
S05/20240909/00017,1,P107145,2,235.69,SALE,2024-09-09T15:53:08,S05,20240909
S05/20240909/00017,2,P107072,2,75.15,SALE,2024-09-09T15:53:08,S05,20240909
S05/20240909/00017,3,P105541,1,196.86,SALE,2024-09-09T15:53:08,S05,20240909
S05/20240909/00017,4,TAX,1,92.00,TAX,2024-09-09T15:53:08,S05,20240909
S05/20240909/00017,5,TENDER,1,910.54,TENDER,2024-09-09T15:53:08,S05,20240909
S05/20240910/00001,1,P105603,2,202.29,SALE,2024-09-10T22:10:26,S05,20240910
S05/20240910/00001,2,P101419,3,195.72,SALE,2024-09-10T22:10:26,S05,20240910
S05/20240910/00001,3,P103973,2,108.48,SALE,2024-09-10T22:10:26,S05,20240910
S05/20240910/00001,4,P106234,1,78.81,SALE,2024-09-10T22:10:26,S05,20240910
S05/20240910/00001,5,TAX,1,191.79,TAX,2024-09-10T22:10:26,S05,20240910
S05/20240910/00001,6,TENDER,1,1479.30,TENDER,2024-09-10T22:10:26,S05,20240910
S05/20240910/00002,1,P102286,2,238.95,SALE,2024-09-10T18:05:17,S05,20240910
S05/20240910/00002,2,P105272,1,351.65,SALE,2024-09-10T18:05:17,S05,20240910
S05/20240910/00002,3,P102424,1,333.88,SALE,2024-09-10T18:05:17,S05,20240910
S05/20240910/00002,4,P103904,2,1081.09,SALE,2024-09-10T18:05:17,S05,20240910
S05/20240910/00002,5,P102636,3,114.77,SALE,2024-09-10T18:05:17,S05,20240910
S05/20240910/00002,6,P101925,1,186.54,SALE,2024-09-10T18:05:17,S05,20240910
S05/20240910/00002,7,TAX,1,303.82,TAX,2024-09-10T18:05:17,S05,20240910
S05/20240910/00002,8,TENDER,1,4160.28,TENDER,2024-09-10T18:05:17,S05,20240910
S05/20240910/00003,1,P104802,1,194.24,SALE,2024-09-10T09:40:32,S05,20240910
S05/20240910/00003,2,P105923,3,245.29,SALE,2024-09-10T09:40:32,S05,20240910
S05/20240910/00003,3,P103629,4,60.58,SALE,2024-09-10T09:40:32,S05,20240910
S05/20240910/00003,4,P104439,4,123.98,SALE,2024-09-10T09:40:32,S05,20240910
S05/20240910/00003,5,P103886,1,302.49,SALE,2024-09-10T09:40:32,S05,20240910
S05/20240910/00003,6,TAX,1,204.64,TAX,2024-09-10T09:40:32,S05,20240910
S05/20240910/00003,7,TENDER,1,2175.48,TENDER,2024-09-10T09:40:32,S05,20240910
S05/20240910/00004,1,P102452,3,176.54,SALE,2024-09-10T14:22:30,S05,20240910
S05/20240910/00004,2,P103504,1,361.87,SALE,2024-09-10T14:22:30,S05,20240910
S05/20240910/00004,3,P105901,3,82.67,SALE,2024-09-10T14:22:30,S05,20240910
S05/20240910/00004,4,P104181,1,279.95,SALE,2024-09-10T14:22:30,S05,20240910
S05/20240910/00004,5,TAX,1,133.26,TAX,2024-09-10T14:22:30,S05,20240910
S05/20240910/00004,6,TENDER,1,1552.71,TENDER,2024-09-10T14:22:30,S05,20240910
S05/20240910/00005,1,P103978,1,347.08,SALE,2024-09-10T16:42:16,S05,20240910
S05/20240910/00005,2,P106807,2,322.15,SALE,2024-09-10T16:42:16,S05,20240910
S05/20240910/00005,3,P105337,1,35.20,SALE,2024-09-10T16:42:16,S05,20240910
S05/20240910/00005,4,P107208,4,323.06,SALE,2024-09-10T16:42:16,S05,20240910
S05/20240910/00005,5,P100652,2,45.46,SALE,2024-09-10T16:42:16,S05,20240910
S05/20240910/00005,6,TAX,1,216.07,TAX,2024-09-10T16:42:16,S05,20240910
S05/20240910/00005,7,TENDER,1,2625.81,TENDER,2024-09-10T16:42:16,S05,20240910
S05/20240910/00006,1,P106639,3,415.94,SALE,2024-09-10T18:38:01,S05,20240910
S05/20240910/00006,2,TAX,1,149.74,TAX,2024-09-10T18:38:01,S05,20240910
S05/20240910/00006,3,TENDER,1,1397.56,TENDER,2024-09-10T18:38:01,S05,20240910
S05/20240910/00007,1,P100066,1,251.22,SALE,2024-09-10T21:02:50,S05,20240910
S05/20240910/00007,2,P104944,2,54.97,SALE,2024-09-10T21:02:50,S05,20240910
S05/20240910/00007,3,P100967,3,969.23,SALE,2024-09-10T21:02:50,S05,20240910
S05/20240910/00007,4,P103620,1,474.03,SALE,2024-09-10T21:02:50,S05,20240910
S05/20240910/00007,5,P101656,1,262.95,SALE,2024-09-10T21:02:50,S05,20240910
S05/20240910/00007,6,TAX,1,445.49,TAX,2024-09-10T21:02:50,S05,20240910
S05/20240910/00007,7,TENDER,1,4451.32,TENDER,2024-09-10T21:02:50,S05,20240910
S05/20240910/00008,1,P106115,2,128.36,SALE,2024-09-10T09:38:34,S05,20240910
S05/20240910/00008,2,P103525,1,252.51,SALE,2024-09-10T09:38:34,S05,20240910
S05/20240910/00008,3,P107435,1,549.51,SALE,2024-09-10T09:38:34,S05,20240910
S05/20240910/00008,4,P100106,1,318.86,SALE,2024-09-10T09:38:34,S05,20240910
S05/20240910/00008,5,TAX,1,215.14,TAX,2024-09-10T09:38:34,S05,20240910
S05/20240910/00008,6,TENDER,1,1592.74,TENDER,2024-09-10T09:38:34,S05,20240910
S05/20240910/00009,1,P103712,2,481.86,SALE,2024-09-10T14:41:29,S05,20240910
S05/20240910/00009,2,P106282,3,448.43,SALE,2024-09-10T14:41:29,S05,20240910
S05/20240910/00009,3,P100298,1,53.95,SALE,2024-09-10T14:41:29,S05,20240910
S05/20240910/00009,4,P106009,4,372.60,SALE,2024-09-10T14:41:29,S05,20240910
S05/20240910/00009,5,P106059,3,313.87,SALE,2024-09-10T14:41:29,S05,20240910
S05/20240910/00009,6,TAX,1,708.83,TAX,2024-09-10T14:41:29,S05,20240910
S05/20240910/00009,7,TENDER,1,5503.80,TENDER,2024-09-10T14:41:29,S05,20240910
S05/20240910/00010,1,P103794,2,729.86,SALE,2024-09-10T11:42:59,S05,20240910
S05/20240910/00010,2,P106710,3,98.77,SALE,2024-09-10T11:42:59,S05,20240910
S05/20240910/00010,3,P100330,1,188.77,SALE,2024-09-10T11:42:59,S05,20240910
S05/20240910/00010,4,P102982,2,256.21,SALE,2024-09-10T11:42:59,S05,20240910
S05/20240910/00010,5,TAX,1,228.00,TAX,2024-09-10T11:42:59,S05,20240910
S05/20240910/00010,6,TENDER,1,2685.22,TENDER,2024-09-10T11:42:59,S05,20240910
S05/20240910/00011,1,P104270,1,1153.64,SALE,2024-09-10T10:58:22,S05,20240910
S05/20240910/00011,2,P103222,6,398.43,SALE,2024-09-10T10:58:22,S05,20240910
S05/20240910/00011,3,P106106,1,219.14,SALE,2024-09-10T10:58:22,S05,20240910
S05/20240910/00011,4,P104544,1,104.46,SALE,2024-09-10T10:58:22,S05,20240910
S05/20240910/00011,5,P104718,2,364.54,SALE,2024-09-10T10:58:22,S05,20240910
S05/20240910/00011,6,P103896,1,205.72,SALE,2024-09-10T10:58:22,S05,20240910
S05/20240910/00011,7,DISC,1,-305.91,DISCOUNT,2024-09-10T10:58:22,S05,20240910
S05/20240910/00011,8,TAX,1,481.02,TAX,2024-09-10T10:58:22,S05,20240910
S05/20240910/00011,9,TENDER,1,4977.73,TENDER,2024-09-10T10:58:22,S05,20240910
S05/20240910/00012,1,P102569,4,116.37,SALE,2024-09-10T18:02:46,S05,20240910
S05/20240910/00012,2,P105497,2,70.98,SALE,2024-09-10T18:02:46,S05,20240910
S05/20240910/00012,3,P105507,2,20.37,SALE,2024-09-10T18:02:46,S05,20240910
S05/20240910/00012,4,P101500,2,330.53,SALE,2024-09-10T18:02:46,S05,20240910
S05/20240910/00012,5,P100921,2,441.43,SALE,2024-09-10T18:02:46,S05,20240910
S05/20240910/00012,6,P102768,2,158.73,SALE,2024-09-10T18:02:46,S05,20240910
S05/20240910/00012,7,P100044,4,737.05,SALE,2024-09-10T18:02:46,S05,20240910
S05/20240910/00012,8,P108050,2,1166.49,SALE,2024-09-10T18:02:46,S05,20240910
S05/20240910/00012,9,P107605,2,1234.07,SALE,2024-09-10T18:02:46,S05,20240910
S05/20240910/00012,10,DISC,1,-1100.31,DISCOUNT,2024-09-10T18:02:46,S05,20240910
S05/20240910/00012,11,TAX,1,942.35,TAX,2024-09-10T18:02:46,S05,20240910
S05/20240910/00012,12,TENDER,1,10100.92,TENDER,2024-09-10T18:02:46,S05,20240910
S05/20240910/00013,1,P105860,1,674.13,SALE,2024-09-10T20:37:07,S05,20240910
S05/20240910/00013,2,P100172,1,196.62,SALE,2024-09-10T20:37:07,S05,20240910
S05/20240910/00013,3,TAX,1,43.54,TAX,2024-09-10T20:37:07,S05,20240910
S05/20240910/00013,4,TENDER,1,914.29,TENDER,2024-09-10T20:37:07,S05,20240910
S05/20240910/00014,1,P105069,1,168.30,SALE,2024-09-10T15:57:28,S05,20240910
S05/20240910/00014,2,P104831,1,1516.75,SALE,2024-09-10T15:57:28,S05,20240910
S05/20240910/00014,3,P103629,1,60.58,SALE,2024-09-10T15:57:28,S05,20240910
S05/20240910/00014,4,TAX,1,223.21,TAX,2024-09-10T15:57:28,S05,20240910
S05/20240910/00014,5,TENDER,1,1968.84,TENDER,2024-09-10T15:57:28,S05,20240910
S05/20240910/00015,1,P107354,1,227.60,SALE,2024-09-10T16:02:05,S05,20240910
S05/20240910/00015,2,P102868,5,471.29,SALE,2024-09-10T16:02:05,S05,20240910
S05/20240910/00015,3,P104700,3,1425.82,SALE,2024-09-10T16:02:05,S05,20240910
S05/20240910/00015,4,P101974,2,302.00,SALE,2024-09-10T16:02:05,S05,20240910
S05/20240910/00015,5,TAX,1,560.19,TAX,2024-09-10T16:02:05,S05,20240910
S05/20240910/00015,6,TENDER,1,8025.70,TENDER,2024-09-10T16:02:05,S05,20240910
S05/20240910/00016,1,P102835,2,101.19,SALE,2024-09-10T18:17:54,S05,20240910
S05/20240910/00016,2,P100106,1,318.86,SALE,2024-09-10T18:17:54,S05,20240910
S05/20240910/00016,3,P101543,1,178.10,SALE,2024-09-10T18:17:54,S05,20240910
S05/20240910/00016,4,P100319,3,48.05,SALE,2024-09-10T18:17:54,S05,20240910
S05/20240910/00016,5,P100074,2,57.78,SALE,2024-09-10T18:17:54,S05,20240910
S05/20240910/00016,6,P103382,1,196.46,SALE,2024-09-10T18:17:54,S05,20240910
S05/20240910/00016,7,TAX,1,136.55,TAX,2024-09-10T18:17:54,S05,20240910
S05/20240910/00016,8,TENDER,1,1292.06,TENDER,2024-09-10T18:17:54,S05,20240910
S05/20240910/00017,1,P101904,3,634.24,SALE,2024-09-10T19:22:10,S05,20240910
S05/20240910/00017,2,P108001,1,96.97,SALE,2024-09-10T19:22:10,S05,20240910
S05/20240910/00017,3,P101410,1,936.26,SALE,2024-09-10T19:22:10,S05,20240910
S05/20240910/00017,4,P107094,1,97.95,SALE,2024-09-10T19:22:10,S05,20240910
S05/20240910/00017,5,TAX,1,472.47,TAX,2024-09-10T19:22:10,S05,20240910
S05/20240910/00017,6,TENDER,1,3506.37,TENDER,2024-09-10T19:22:10,S05,20240910
S05/20240910/00018,1,P103871,2,196.47,SALE,2024-09-10T14:46:04,S05,20240910
S05/20240910/00018,2,P103035,2,1201.33,SALE,2024-09-10T14:46:04,S05,20240910
S05/20240910/00018,3,P105797,2,254.07,SALE,2024-09-10T14:46:04,S05,20240910
S05/20240910/00018,4,P106443,1,52.87,SALE,2024-09-10T14:46:04,S05,20240910
S05/20240910/00018,5,P105030,2,219.33,SALE,2024-09-10T14:46:04,S05,20240910
S05/20240910/00018,6,P107292,2,340.23,SALE,2024-09-10T14:46:04,S05,20240910
S05/20240910/00018,7,P102656,2,194.33,SALE,2024-09-10T14:46:04,S05,20240910
S05/20240910/00018,8,TAX,1,413.94,TAX,2024-09-10T14:46:04,S05,20240910
S05/20240910/00018,9,TENDER,1,5278.33,TENDER,2024-09-10T14:46:04,S05,20240910
S05/20240910/00019,1,P103616,1,609.05,SALE,2024-09-10T13:13:20,S05,20240910
S05/20240910/00019,2,P104854,2,34.90,SALE,2024-09-10T13:13:20,S05,20240910
S05/20240910/00019,3,P107899,1,197.21,SALE,2024-09-10T13:13:20,S05,20240910
S05/20240910/00019,4,P106757,2,379.84,SALE,2024-09-10T13:13:20,S05,20240910
S05/20240910/00019,5,P107837,1,94.99,SALE,2024-09-10T13:13:20,S05,20240910
S05/20240910/00019,6,P104820,3,207.26,SALE,2024-09-10T13:13:20,S05,20240910
S05/20240910/00019,7,P104079,2,75.55,SALE,2024-09-10T13:13:20,S05,20240910
S05/20240910/00019,8,DISC,1,-181.25,DISCOUNT,2024-09-10T13:13:20,S05,20240910
S05/20240910/00019,9,TAX,1,192.31,TAX,2024-09-10T13:13:20,S05,20240910
S05/20240910/00019,10,TENDER,1,2514.67,TENDER,2024-09-10T13:13:20,S05,20240910
S05/20240910/00020,1,P100543,1,123.06,SALE,2024-09-10T17:33:05,S05,20240910
S05/20240910/00020,2,P104064,1,326.15,SALE,2024-09-10T17:33:05,S05,20240910
S05/20240910/00020,3,P102814,2,543.50,SALE,2024-09-10T17:33:05,S05,20240910
S05/20240910/00020,4,TAX,1,93.49,TAX,2024-09-10T17:33:05,S05,20240910
S05/20240910/00020,5,TENDER,1,1629.70,TENDER,2024-09-10T17:33:05,S05,20240910
S05/20240910/00021,1,P100593,1,29.38,SALE,2024-09-10T16:56:35,S05,20240910
S05/20240910/00021,2,P100791,2,43.02,SALE,2024-09-10T16:56:35,S05,20240910
S05/20240910/00021,3,P102549,3,139.23,SALE,2024-09-10T16:56:35,S05,20240910
S05/20240910/00021,4,P103354,2,894.50,SALE,2024-09-10T16:56:35,S05,20240910
S05/20240910/00021,5,TAX,1,5.77,TAX,2024-09-10T16:56:35,S05,20240910
S05/20240910/00021,6,TENDER,1,2327.88,TENDER,2024-09-10T16:56:35,S05,20240910
S05/20240911/00001,1,P103281,3,163.32,SALE,2024-09-11T14:24:44,S05,20240911
S05/20240911/00001,2,P103958,2,30.95,SALE,2024-09-11T14:24:44,S05,20240911
S05/20240911/00001,3,P105707,3,130.64,SALE,2024-09-11T14:24:44,S05,20240911
S05/20240911/00001,4,TAX,1,146.37,TAX,2024-09-11T14:24:44,S05,20240911
S05/20240911/00001,5,TENDER,1,1090.15,TENDER,2024-09-11T14:24:44,S05,20240911
S05/20240911/00002,1,P105827,2,104.04,SALE,2024-09-11T15:02:04,S05,20240911
S05/20240911/00002,2,P107715,3,241.95,SALE,2024-09-11T15:02:04,S05,20240911
S05/20240911/00002,3,P100210,4,1073.90,SALE,2024-09-11T15:02:04,S05,20240911
S05/20240911/00002,4,P102060,4,165.83,SALE,2024-09-11T15:02:04,S05,20240911
S05/20240911/00002,5,TAX,1,656.53,TAX,2024-09-11T15:02:04,S05,20240911
S05/20240911/00002,6,TENDER,1,6549.38,TENDER,2024-09-11T15:02:04,S05,20240911
S05/20240911/00003,1,P107695,1,271.01,SALE,2024-09-11T16:09:00,S05,20240911
S05/20240911/00003,2,P103719,2,957.52,SALE,2024-09-11T16:09:00,S05,20240911
S05/20240911/00003,3,P107609,2,108.46,SALE,2024-09-11T16:09:00,S05,20240911
S05/20240911/00003,4,P101218,2,61.39,SALE,2024-09-11T16:09:00,S05,20240911
S05/20240911/00003,5,P105062,2,14.84,SALE,2024-09-11T16:09:00,S05,20240911
S05/20240911/00003,6,P100652,3,45.46,SALE,2024-09-11T16:09:00,S05,20240911
S05/20240911/00003,7,P107767,3,510.38,SALE,2024-09-11T16:09:00,S05,20240911
S05/20240911/00003,8,P101933,1,1344.63,SALE,2024-09-11T16:09:00,S05,20240911
S05/20240911/00003,9,TAX,1,607.54,TAX,2024-09-11T16:09:00,S05,20240911
S05/20240911/00003,10,TENDER,1,6175.12,TENDER,2024-09-11T16:09:00,S05,20240911
S05/20240911/00004,1,P101839,2,402.65,SALE,2024-09-11T17:26:03,S05,20240911
S05/20240911/00004,2,P108275,1,504.53,SALE,2024-09-11T17:26:03,S05,20240911
S05/20240911/00004,3,P102845,2,261.08,SALE,2024-09-11T17:26:03,S05,20240911
S05/20240911/00004,4,P104121,2,131.32,SALE,2024-09-11T17:26:03,S05,20240911
S05/20240911/00004,5,P106024,2,472.89,SALE,2024-09-11T17:26:03,S05,20240911
S05/20240911/00004,6,TAX,1,431.08,TAX,2024-09-11T17:26:03,S05,20240911
S05/20240911/00004,7,TENDER,1,3471.49,TENDER,2024-09-11T17:26:03,S05,20240911
S05/20240911/00005,1,P100339,2,299.99,SALE,2024-09-11T08:12:23,S05,20240911
S05/20240911/00005,2,P102794,3,416.24,SALE,2024-09-11T08:12:23,S05,20240911
S05/20240911/00005,3,TAX,1,108.00,TAX,2024-09-11T08:12:23,S05,20240911
S05/20240911/00005,4,TENDER,1,1956.70,TENDER,2024-09-11T08:12:23,S05,20240911
S05/20240911/00006,1,P106426,2,149.87,SALE,2024-09-11T12:34:08,S05,20240911
S05/20240911/00006,2,P103530,3,427.69,SALE,2024-09-11T12:34:08,S05,20240911
S05/20240911/00006,3,P104625,5,283.99,SALE,2024-09-11T12:34:08,S05,20240911
S05/20240911/00006,4,P101048,2,219.90,SALE,2024-09-11T12:34:08,S05,20240911
S05/20240911/00006,5,P101345,1,77.54,SALE,2024-09-11T12:34:08,S05,20240911
S05/20240911/00006,6,TAX,1,310.77,TAX,2024-09-11T12:34:08,S05,20240911
S05/20240911/00006,7,TENDER,1,3830.87,TENDER,2024-09-11T12:34:08,S05,20240911
S05/20240911/00007,1,P104898,2,181.50,SALE,2024-09-11T14:17:40,S05,20240911
S05/20240911/00007,2,P107705,1,763.24,SALE,2024-09-11T14:17:40,S05,20240911
S05/20240911/00007,3,TAX,1,109.74,TAX,2024-09-11T14:17:40,S05,20240911
S05/20240911/00007,4,TENDER,1,1235.98,TENDER,2024-09-11T14:17:40,S05,20240911
S05/20240911/00008,1,P107003,2,1186.93,SALE,2024-09-11T17:18:44,S05,20240911
S05/20240911/00008,2,P103243,3,193.36,SALE,2024-09-11T17:18:44,S05,20240911
S05/20240911/00008,3,P102886,1,139.22,SALE,2024-09-11T17:18:44,S05,20240911
S05/20240911/00008,4,P103105,4,31.43,SALE,2024-09-11T17:18:44,S05,20240911
S05/20240911/00008,5,P105106,2,98.60,SALE,2024-09-11T17:18:44,S05,20240911
S05/20240911/00008,6,P104351,2,1128.29,SALE,2024-09-11T17:18:44,S05,20240911
S05/20240911/00008,7,TAX,1,206.92,TAX,2024-09-11T17:18:44,S05,20240911
S05/20240911/00008,8,TENDER,1,5879.58,TENDER,2024-09-11T17:18:44,S05,20240911
S05/20240911/00009,1,P104042,1,346.95,SALE,2024-09-11T12:51:45,S05,20240911
S05/20240911/00009,2,P101018,1,141.83,SALE,2024-09-11T12:51:45,S05,20240911
S05/20240911/00009,3,P102903,3,51.46,SALE,2024-09-11T12:51:45,S05,20240911
S05/20240911/00009,4,DISC,1,-52.37,DISCOUNT,2024-09-11T12:51:45,S05,20240911
S05/20240911/00009,5,TAX,1,63.77,TAX,2024-09-11T12:51:45,S05,20240911
S05/20240911/00009,6,TENDER,1,654.56,TENDER,2024-09-11T12:51:45,S05,20240911
S05/20240911/00010,1,P105971,3,1150.46,SALE,2024-09-11T17:59:17,S05,20240911
S05/20240911/00010,2,P103600,3,107.84,SALE,2024-09-11T17:59:17,S05,20240911
S05/20240911/00010,3,P100453,2,207.31,SALE,2024-09-11T17:59:17,S05,20240911
S05/20240911/00010,4,P106473,1,298.68,SALE,2024-09-11T17:59:17,S05,20240911
S05/20240911/00010,5,TAX,1,292.26,TAX,2024-09-11T17:59:17,S05,20240911
S05/20240911/00010,6,TENDER,1,4780.46,TENDER,2024-09-11T17:59:17,S05,20240911
S05/20240911/00011,1,P104344,1,390.44,SALE,2024-09-11T13:41:47,S05,20240911
S05/20240911/00011,2,P102389,1,84.91,SALE,2024-09-11T13:41:47,S05,20240911
S05/20240911/00011,3,P105609,2,817.71,SALE,2024-09-11T13:41:47,S05,20240911
S05/20240911/00011,4,DISC,1,-232.07,DISCOUNT,2024-09-11T13:41:47,S05,20240911
S05/20240911/00011,5,TAX,1,76.16,TAX,2024-09-11T13:41:47,S05,20240911
S05/20240911/00011,6,TENDER,1,1954.86,TENDER,2024-09-11T13:41:47,S05,20240911
S05/20240911/00012,1,P107126,2,75.95,SALE,2024-09-11T14:58:20,S05,20240911
S05/20240911/00012,2,P101894,2,668.48,SALE,2024-09-11T14:58:20,S05,20240911
S05/20240911/00012,3,P105815,5,320.65,SALE,2024-09-11T14:58:20,S05,20240911
S05/20240911/00012,4,P104334,1,294.34,SALE,2024-09-11T14:58:20,S05,20240911
S05/20240911/00012,5,TAX,1,385.77,TAX,2024-09-11T14:58:20,S05,20240911
S05/20240911/00012,6,TENDER,1,3772.22,TENDER,2024-09-11T14:58:20,S05,20240911
S05/20240911/00013,1,P108110,1,15.95,SALE,2024-09-11T14:19:11,S05,20240911
S05/20240911/00013,2,P105838,3,594.50,SALE,2024-09-11T14:19:11,S05,20240911
S05/20240911/00013,3,P102857,2,116.85,SALE,2024-09-11T14:19:11,S05,20240911
S05/20240911/00013,4,P101174,2,57.43,SALE,2024-09-11T14:19:11,S05,20240911
S05/20240911/00013,5,P105400,4,53.13,SALE,2024-09-11T14:19:11,S05,20240911
S05/20240911/00013,6,P105083,2,245.38,SALE,2024-09-11T14:19:11,S05,20240911
S05/20240911/00013,7,P102217,3,68.46,SALE,2024-09-11T14:19:11,S05,20240911
S05/20240911/00013,8,P106927,2,140.95,SALE,2024-09-11T14:19:11,S05,20240911
S05/20240911/00013,9,TAX,1,191.37,TAX,2024-09-11T14:19:11,S05,20240911
S05/20240911/00013,10,TENDER,1,3529.94,TENDER,2024-09-11T14:19:11,S05,20240911
S05/20240911/00014,1,P103861,2,57.59,SALE,2024-09-11T13:12:10,S05,20240911
S05/20240911/00014,2,P101208,2,576.58,SALE,2024-09-11T13:12:10,S05,20240911
S05/20240911/00014,3,P104512,1,94.53,SALE,2024-09-11T13:12:10,S05,20240911
S05/20240911/00014,4,P104358,1,1243.57,SALE,2024-09-11T13:12:10,S05,20240911
S05/20240911/00014,5,P104344,2,390.44,SALE,2024-09-11T13:12:10,S05,20240911
S05/20240911/00014,6,P104446,1,56.83,SALE,2024-09-11T13:12:10,S05,20240911
S05/20240911/00014,7,P102371,2,59.77,SALE,2024-09-11T13:12:10,S05,20240911
S05/20240911/00014,8,P105789,3,42.75,SALE,2024-09-11T13:12:10,S05,20240911
S05/20240911/00014,9,TAX,1,333.59,TAX,2024-09-11T13:12:10,S05,20240911
S05/20240911/00014,10,TENDER,1,4025.53,TENDER,2024-09-11T13:12:10,S05,20240911
S05/20240911/00015,1,P108149,1,1073.33,SALE,2024-09-11T20:39:55,S05,20240911
S05/20240911/00015,2,P107373,3,91.47,SALE,2024-09-11T20:39:55,S05,20240911
S05/20240911/00015,3,P101225,1,452.38,SALE,2024-09-11T20:39:55,S05,20240911
S05/20240911/00015,4,P100150,3,280.80,SALE,2024-09-11T20:39:55,S05,20240911
S05/20240911/00015,5,TAX,1,96.41,TAX,2024-09-11T20:39:55,S05,20240911
S05/20240911/00015,6,TENDER,1,2738.93,TENDER,2024-09-11T20:39:55,S05,20240911
S05/20240911/00016,1,P100172,2,205.47,SALE,2024-09-11T12:41:48,S05,20240911
S05/20240911/00016,2,P107266,1,69.30,SALE,2024-09-11T12:41:48,S05,20240911
S05/20240911/00016,3,P102371,2,59.77,SALE,2024-09-11T12:41:48,S05,20240911
S05/20240911/00016,4,P107126,1,75.95,SALE,2024-09-11T12:41:48,S05,20240911
S05/20240911/00016,5,P105035,1,158.77,SALE,2024-09-11T12:41:48,S05,20240911
S05/20240911/00016,6,P104155,4,144.69,SALE,2024-09-11T12:41:48,S05,20240911
S05/20240911/00016,7,TAX,1,33.13,TAX,2024-09-11T12:41:48,S05,20240911
S05/20240911/00016,8,TENDER,1,1446.39,TENDER,2024-09-11T12:41:48,S05,20240911
S05/20240911/00017,1,P104023,4,630.48,SALE,2024-09-11T20:10:57,S05,20240911
S05/20240911/00017,2,P101134,2,1071.76,SALE,2024-09-11T20:10:57,S05,20240911
S05/20240911/00017,3,P107837,4,94.99,SALE,2024-09-11T20:10:57,S05,20240911
S05/20240911/00017,4,P106550,4,28.48,SALE,2024-09-11T20:10:57,S05,20240911
S05/20240911/00017,5,P103654,4,481.76,SALE,2024-09-11T20:10:57,S05,20240911
S05/20240911/00017,6,DISC,1,-579.06,DISCOUNT,2024-09-11T20:10:57,S05,20240911
S05/20240911/00017,7,TAX,1,285.90,TAX,2024-09-11T20:10:57,S05,20240911
S05/20240911/00017,8,TENDER,1,6793.20,TENDER,2024-09-11T20:10:57,S05,20240911
S05/20240911/00018,1,P105666,2,1064.29,SALE,2024-09-11T14:48:34,S05,20240911
S05/20240911/00018,2,P102122,2,129.27,SALE,2024-09-11T14:48:34,S05,20240911
S05/20240911/00018,3,P102286,2,238.95,SALE,2024-09-11T14:48:34,S05,20240911
S05/20240911/00018,4,P105425,3,153.55,SALE,2024-09-11T14:48:34,S05,20240911
S05/20240911/00018,5,DISC,1,-362.74,DISCOUNT,2024-09-11T14:48:34,S05,20240911
S05/20240911/00018,6,TAX,1,138.62,TAX,2024-09-11T14:48:34,S05,20240911
S05/20240911/00018,7,TENDER,1,3101.55,TENDER,2024-09-11T14:48:34,S05,20240911
S05/20240911/00019,1,P106486,3,1786.00,SALE,2024-09-11T12:56:38,S05,20240911
S05/20240911/00019,2,TAX,1,642.96,TAX,2024-09-11T12:56:38,S05,20240911
S05/20240911/00019,3,TENDER,1,6000.96,TENDER,2024-09-11T12:56:38,S05,20240911
S05/20240911/00020,1,P102067,3,181.50,SALE,2024-09-11T17:34:33,S05,20240911
S05/20240911/00020,2,P105356,2,232.26,SALE,2024-09-11T17:34:33,S05,20240911
S05/20240911/00020,3,TAX,1,50.45,TAX,2024-09-11T17:34:33,S05,20240911
S05/20240911/00020,4,TENDER,1,1059.47,TENDER,2024-09-11T17:34:33,S05,20240911
S05/20240911/00021,1,P101345,4,77.54,SALE,2024-09-11T17:35:55,S05,20240911
S05/20240911/00021,2,P104526,4,363.05,SALE,2024-09-11T17:35:55,S05,20240911
S05/20240911/00021,3,P107040,3,474.18,SALE,2024-09-11T17:35:55,S05,20240911
S05/20240911/00021,4,P103231,1,235.56,SALE,2024-09-11T17:35:55,S05,20240911
S05/20240911/00021,5,P103188,2,30.16,SALE,2024-09-11T17:35:55,S05,20240911
S05/20240911/00021,6,P104572,2,182.16,SALE,2024-09-11T17:35:55,S05,20240911
S05/20240911/00021,7,TAX,1,200.10,TAX,2024-09-11T17:35:55,S05,20240911
S05/20240911/00021,8,TENDER,1,4045.20,TENDER,2024-09-11T17:35:55,S05,20240911
S05/20240911/00022,1,P102460,-3,582.21,RETURN,2024-09-11T17:14:05,S05,20240911
S05/20240911/00022,2,P106793,-1,298.28,RETURN,2024-09-11T17:14:05,S05,20240911
S05/20240911/00022,3,P104048,-2,193.57,RETURN,2024-09-11T17:14:05,S05,20240911
S05/20240911/00022,4,P107414,-3,565.57,RETURN,2024-09-11T17:14:05,S05,20240911
S05/20240911/00022,5,TAX,1,-233.54,TAX,2024-09-11T17:14:05,S05,20240911
S05/20240911/00022,6,TENDER,1,-4362.30,TENDER,2024-09-11T17:14:05,S05,20240911
S05/20240911/00023,1,P105944,1,985.47,SALE,2024-09-11T14:33:20,S05,20240911
S05/20240911/00023,2,P104462,3,86.38,SALE,2024-09-11T14:33:20,S05,20240911
S05/20240911/00023,3,P104651,3,540.51,SALE,2024-09-11T14:33:20,S05,20240911
S05/20240911/00023,4,P104058,3,351.54,SALE,2024-09-11T14:33:20,S05,20240911
S05/20240911/00023,5,P105971,2,1150.46,SALE,2024-09-11T14:33:20,S05,20240911
S05/20240911/00023,6,P108162,3,257.55,SALE,2024-09-11T14:33:20,S05,20240911
S05/20240911/00023,7,P106542,2,122.90,SALE,2024-09-11T14:33:20,S05,20240911
S05/20240911/00023,8,P101356,4,1083.07,SALE,2024-09-11T14:33:20,S05,20240911
S05/20240911/00023,9,TAX,1,930.17,TAX,2024-09-11T14:33:20,S05,20240911
S05/20240911/00023,10,TENDER,1,12502.58,TENDER,2024-09-11T14:33:20,S05,20240911
S05/20240911/00024,1,P104842,1,357.87,SALE,2024-09-11T18:47:48,S05,20240911
S05/20240911/00024,2,P106948,3,180.07,SALE,2024-09-11T18:47:48,S05,20240911
S05/20240911/00024,3,P102139,3,1521.81,SALE,2024-09-11T18:47:48,S05,20240911
S05/20240911/00024,4,P102516,3,1272.67,SALE,2024-09-11T18:47:48,S05,20240911
S05/20240911/00024,5,DISC,1,-1016.04,DISCOUNT,2024-09-11T18:47:48,S05,20240911
S05/20240911/00024,6,TAX,1,435.58,TAX,2024-09-11T18:47:48,S05,20240911
S05/20240911/00024,7,TENDER,1,8701.06,TENDER,2024-09-11T18:47:48,S05,20240911
S05/20240912/00001,1,P100456,3,982.47,SALE,2024-09-12T23:45:17,S05,20240912
S05/20240912/00001,2,P101827,1,139.26,SALE,2024-09-12T23:45:17,S05,20240912
S05/20240912/00001,3,P106522,2,203.79,SALE,2024-09-12T23:45:17,S05,20240912
S05/20240912/00001,4,P107435,2,549.51,SALE,2024-09-12T23:45:17,S05,20240912
S05/20240912/00001,5,P102874,1,142.11,SALE,2024-09-12T23:45:17,S05,20240912
S05/20240912/00001,6,DISC,1,-269.19,DISCOUNT,2024-09-12T23:45:17,S05,20240912
S05/20240912/00001,7,TAX,1,358.06,TAX,2024-09-12T23:45:17,S05,20240912
S05/20240912/00001,8,TENDER,1,4824.25,TENDER,2024-09-12T23:45:17,S05,20240912
S05/20240912/00002,1,P107654,2,409.57,SALE,2024-09-12T21:02:32,S05,20240912
S05/20240912/00002,2,P104194,2,119.04,SALE,2024-09-12T21:02:32,S05,20240912
S05/20240912/00002,3,P107597,1,519.83,SALE,2024-09-12T21:02:32,S05,20240912
S05/20240912/00002,4,P101384,1,42.99,SALE,2024-09-12T21:02:32,S05,20240912
S05/20240912/00002,5,P102761,1,170.84,SALE,2024-09-12T21:02:32,S05,20240912
S05/20240912/00002,6,P103517,2,160.29,SALE,2024-09-12T21:02:32,S05,20240912
S05/20240912/00002,7,TAX,1,169.29,TAX,2024-09-12T21:02:32,S05,20240912
S05/20240912/00002,8,TENDER,1,2280.75,TENDER,2024-09-12T21:02:32,S05,20240912
S05/20240912/00003,1,P107822,2,69.77,SALE,2024-09-12T20:39:51,S05,20240912
S05/20240912/00003,2,P100005,2,114.37,SALE,2024-09-12T20:39:51,S05,20240912
S05/20240912/00003,3,TAX,1,66.29,TAX,2024-09-12T20:39:51,S05,20240912
S05/20240912/00003,4,TENDER,1,434.57,TENDER,2024-09-12T20:39:51,S05,20240912
S05/20240912/00004,1,P105331,2,308.39,SALE,2024-09-12T10:25:44,S05,20240912
S05/20240912/00004,2,P102202,2,194.70,SALE,2024-09-12T10:25:44,S05,20240912
S05/20240912/00004,3,P105838,2,594.50,SALE,2024-09-12T10:25:44,S05,20240912
S05/20240912/00004,4,P100172,4,205.47,SALE,2024-09-12T10:25:44,S05,20240912
S05/20240912/00004,5,TAX,1,142.03,TAX,2024-09-12T10:25:44,S05,20240912
S05/20240912/00004,6,TENDER,1,3159.09,TENDER,2024-09-12T10:25:44,S05,20240912
S05/20240912/00005,1,P102616,1,79.27,SALE,2024-09-12T16:48:38,S05,20240912
S05/20240912/00005,2,P100367,3,537.90,SALE,2024-09-12T16:48:38,S05,20240912
S05/20240912/00005,3,P107458,1,1239.88,SALE,2024-09-12T16:48:38,S05,20240912
S05/20240912/00005,4,P102640,1,270.61,SALE,2024-09-12T16:48:38,S05,20240912
S05/20240912/00005,5,P106059,2,313.87,SALE,2024-09-12T16:48:38,S05,20240912
S05/20240912/00005,6,P102480,1,198.67,SALE,2024-09-12T16:48:38,S05,20240912
S05/20240912/00005,7,P100904,2,68.79,SALE,2024-09-12T16:48:38,S05,20240912
S05/20240912/00005,8,P102892,2,227.52,SALE,2024-09-12T16:48:38,S05,20240912
S05/20240912/00005,9,TAX,1,583.04,TAX,2024-09-12T16:48:38,S05,20240912
S05/20240912/00005,10,TENDER,1,5205.53,TENDER,2024-09-12T16:48:38,S05,20240912
S05/20240912/00006,1,P100233,2,67.07,SALE,2024-09-12T16:21:52,S05,20240912
S05/20240912/00006,2,P107435,1,549.51,SALE,2024-09-12T16:21:52,S05,20240912
S05/20240912/00006,3,P102415,4,1245.81,SALE,2024-09-12T16:21:52,S05,20240912
S05/20240912/00006,4,TAX,1,354.78,TAX,2024-09-12T16:21:52,S05,20240912
S05/20240912/00006,5,TENDER,1,6021.67,TENDER,2024-09-12T16:21:52,S05,20240912
S05/20240912/00007,1,P105302,3,298.25,SALE,2024-09-12T10:56:11,S05,20240912
S05/20240912/00007,2,P105929,1,11.18,SALE,2024-09-12T10:56:11,S05,20240912
S05/20240912/00007,3,P107026,4,69.10,SALE,2024-09-12T10:56:11,S05,20240912
S05/20240912/00007,4,P106434,1,178.02,SALE,2024-09-12T10:56:11,S05,20240912
S05/20240912/00007,5,P107308,1,226.19,SALE,2024-09-12T10:56:11,S05,20240912
S05/20240912/00007,6,P100224,2,79.65,SALE,2024-09-12T10:56:11,S05,20240912
S05/20240912/00007,7,TAX,1,166.54,TAX,2024-09-12T10:56:11,S05,20240912
S05/20240912/00007,8,TENDER,1,1912.38,TENDER,2024-09-12T10:56:11,S05,20240912
S05/20240912/00008,1,P101810,4,793.98,SALE,2024-09-12T10:00:12,S05,20240912
S05/20240912/00008,2,P107294,2,83.95,SALE,2024-09-12T10:00:12,S05,20240912
S05/20240912/00008,3,P103719,2,957.52,SALE,2024-09-12T10:00:12,S05,20240912
S05/20240912/00008,4,TAX,1,619.31,TAX,2024-09-12T10:00:12,S05,20240912
S05/20240912/00008,5,TENDER,1,5878.17,TENDER,2024-09-12T10:00:12,S05,20240912
S05/20240912/00009,1,P107623,1,442.34,SALE,2024-09-12T15:46:14,S05,20240912
S05/20240912/00009,2,P101095,2,205.38,SALE,2024-09-12T15:46:14,S05,20240912
S05/20240912/00009,3,P102060,3,165.83,SALE,2024-09-12T15:46:14,S05,20240912
S05/20240912/00009,4,P107463,1,188.92,SALE,2024-09-12T15:46:14,S05,20240912
S05/20240912/00009,5,P100999,2,171.06,SALE,2024-09-12T15:46:14,S05,20240912
S05/20240912/00009,6,TAX,1,113.63,TAX,2024-09-12T15:46:14,S05,20240912
S05/20240912/00009,7,TENDER,1,1995.26,TENDER,2024-09-12T15:46:14,S05,20240912
S05/20240912/00010,1,P102549,1,139.23,SALE,2024-09-12T16:50:50,S05,20240912
S05/20240912/00010,2,P101444,1,863.68,SALE,2024-09-12T16:50:50,S05,20240912
S05/20240912/00010,3,P102656,1,194.33,SALE,2024-09-12T16:50:50,S05,20240912
S05/20240912/00010,4,P108179,3,295.94,SALE,2024-09-12T16:50:50,S05,20240912
S05/20240912/00010,5,TAX,1,159.44,TAX,2024-09-12T16:50:50,S05,20240912
S05/20240912/00010,6,TENDER,1,2244.50,TENDER,2024-09-12T16:50:50,S05,20240912
S05/20240912/00011,1,P106123,4,248.44,SALE,2024-09-12T18:06:54,S05,20240912
S05/20240912/00011,2,P103022,1,47.95,SALE,2024-09-12T18:06:54,S05,20240912
S05/20240912/00011,3,P103465,5,32.05,SALE,2024-09-12T18:06:54,S05,20240912
S05/20240912/00011,4,P104404,2,890.27,SALE,2024-09-12T18:06:54,S05,20240912
S05/20240912/00011,5,DISC,1,-89.70,DISCOUNT,2024-09-12T18:06:54,S05,20240912
S05/20240912/00011,6,TAX,1,240.80,TAX,2024-09-12T18:06:54,S05,20240912
S05/20240912/00011,7,TENDER,1,3133.60,TENDER,2024-09-12T18:06:54,S05,20240912
S05/20240912/00012,1,P106802,4,689.06,SALE,2024-09-12T12:15:36,S05,20240912
S05/20240912/00012,2,TAX,1,137.81,TAX,2024-09-12T12:15:36,S05,20240912
S05/20240912/00012,3,TENDER,1,2894.05,TENDER,2024-09-12T12:15:36,S05,20240912
S05/20240912/00013,1,P102272,1,389.34,SALE,2024-09-12T14:55:24,S05,20240912
S05/20240912/00013,2,P103129,1,79.05,SALE,2024-09-12T14:55:24,S05,20240912
S05/20240912/00013,3,P100731,1,254.77,SALE,2024-09-12T14:55:24,S05,20240912
S05/20240912/00013,4,P102520,4,731.86,SALE,2024-09-12T14:55:24,S05,20240912
S05/20240912/00013,5,P102857,3,116.85,SALE,2024-09-12T14:55:24,S05,20240912
S05/20240912/00013,6,P103473,1,428.66,SALE,2024-09-12T14:55:24,S05,20240912
S05/20240912/00013,7,P103389,4,239.67,SALE,2024-09-12T14:55:24,S05,20240912
S05/20240912/00013,8,P101263,2,620.85,SALE,2024-09-12T14:55:24,S05,20240912
S05/20240912/00013,9,P100276,3,965.56,SALE,2024-09-12T14:55:24,S05,20240912
S05/20240912/00013,10,P105100,1,270.01,SALE,2024-09-12T14:55:24,S05,20240912
S05/20240912/00013,11,TAX,1,957.22,TAX,2024-09-12T14:55:24,S05,20240912
S05/20240912/00013,12,TENDER,1,10754.10,TENDER,2024-09-12T14:55:24,S05,20240912
S05/20240912/00014,1,P108008,2,128.46,SALE,2024-09-12T15:30:15,S05,20240912
S05/20240912/00014,2,P104625,2,283.99,SALE,2024-09-12T15:30:15,S05,20240912
S05/20240912/00014,3,P107555,2,1314.43,SALE,2024-09-12T15:30:15,S05,20240912
S05/20240912/00014,4,P102311,2,308.69,SALE,2024-09-12T15:30:15,S05,20240912
S05/20240912/00014,5,P103374,1,34.95,SALE,2024-09-12T15:30:15,S05,20240912
S05/20240912/00014,6,TAX,1,83.41,TAX,2024-09-12T15:30:15,S05,20240912
S05/20240912/00014,7,TENDER,1,4189.50,TENDER,2024-09-12T15:30:15,S05,20240912
S05/20240912/00015,1,P100593,1,29.38,SALE,2024-09-12T11:17:15,S05,20240912
S05/20240912/00015,2,P100571,6,134.98,SALE,2024-09-12T11:17:15,S05,20240912
S05/20240912/00015,3,P104600,3,56.45,SALE,2024-09-12T11:17:15,S05,20240912
S05/20240912/00015,4,TAX,1,155.71,TAX,2024-09-12T11:17:15,S05,20240912
S05/20240912/00015,5,TENDER,1,1164.32,TENDER,2024-09-12T11:17:15,S05,20240912
S05/20240912/00016,1,P101911,2,1431.80,SALE,2024-09-12T13:56:02,S05,20240912
S05/20240912/00016,2,P106907,2,321.26,SALE,2024-09-12T13:56:02,S05,20240912
S05/20240912/00016,3,P107605,3,1234.07,SALE,2024-09-12T13:56:02,S05,20240912
S05/20240912/00016,4,TAX,1,444.27,TAX,2024-09-12T13:56:02,S05,20240912
S05/20240912/00016,5,TENDER,1,7652.60,TENDER,2024-09-12T13:56:02,S05,20240912
S05/20240912/00017,1,P100035,2,1810.38,SALE,2024-09-12T18:47:11,S05,20240912
S05/20240912/00017,2,P104316,2,406.45,SALE,2024-09-12T18:47:11,S05,20240912
S05/20240912/00017,3,P102546,1,74.67,SALE,2024-09-12T18:47:11,S05,20240912
S05/20240912/00017,4,TAX,1,594.25,TAX,2024-09-12T18:47:11,S05,20240912
S05/20240912/00017,5,TENDER,1,5102.58,TENDER,2024-09-12T18:47:11,S05,20240912
S05/20240912/00018,1,P101702,1,491.39,SALE,2024-09-12T20:43:04,S05,20240912
S05/20240912/00018,2,P100135,3,72.29,SALE,2024-09-12T20:43:04,S05,20240912
S05/20240912/00018,3,P105460,4,143.35,SALE,2024-09-12T20:43:04,S05,20240912
S05/20240912/00018,4,P106735,2,320.99,SALE,2024-09-12T20:43:04,S05,20240912
S05/20240912/00018,5,TAX,1,318.06,TAX,2024-09-12T20:43:04,S05,20240912
S05/20240912/00018,6,TENDER,1,2241.70,TENDER,2024-09-12T20:43:04,S05,20240912
S05/20240912/00019,1,P101911,1,1431.80,SALE,2024-09-12T18:24:34,S05,20240912
S05/20240912/00019,2,TAX,1,0.00,TAX,2024-09-12T18:24:34,S05,20240912
S05/20240912/00019,3,TENDER,1,1431.80,TENDER,2024-09-12T18:24:34,S05,20240912
S05/20240912/00020,1,P107003,3,1186.93,SALE,2024-09-12T21:57:21,S05,20240912
S05/20240912/00020,2,P100298,1,53.95,SALE,2024-09-12T21:57:21,S05,20240912
S05/20240912/00020,3,P104266,1,412.47,SALE,2024-09-12T21:57:21,S05,20240912
S05/20240912/00020,4,P103964,2,134.21,SALE,2024-09-12T21:57:21,S05,20240912
S05/20240912/00020,5,P102383,4,10.62,SALE,2024-09-12T21:57:21,S05,20240912
S05/20240912/00020,6,P105677,1,89.95,SALE,2024-09-12T21:57:21,S05,20240912
S05/20240912/00020,7,TAX,1,114.20,TAX,2024-09-12T21:57:21,S05,20240912
S05/20240912/00020,8,TENDER,1,4542.26,TENDER,2024-09-12T21:57:21,S05,20240912
S05/20240913/00001,1,P101052,3,198.99,SALE,2024-09-13T14:01:25,S05,20240913
S05/20240913/00001,2,P103029,1,11.28,SALE,2024-09-13T14:01:25,S05,20240913
S05/20240913/00001,3,P101530,2,576.50,SALE,2024-09-13T14:01:25,S05,20240913
S05/20240913/00001,4,P103004,1,82.09,SALE,2024-09-13T14:01:25,S05,20240913
S05/20240913/00001,5,TAX,1,321.13,TAX,2024-09-13T14:01:25,S05,20240913
S05/20240913/00001,6,TENDER,1,2164.47,TENDER,2024-09-13T14:01:25,S05,20240913
S05/20240913/00002,1,P101242,3,83.48,SALE,2024-09-13T18:45:29,S05,20240913
S05/20240913/00002,2,P100421,3,121.56,SALE,2024-09-13T18:45:29,S05,20240913
S05/20240913/00002,3,P104526,1,363.05,SALE,2024-09-13T18:45:29,S05,20240913
S05/20240913/00002,4,TAX,1,63.23,TAX,2024-09-13T18:45:29,S05,20240913
S05/20240913/00002,5,TENDER,1,1041.40,TENDER,2024-09-13T18:45:29,S05,20240913
S05/20240913/00003,1,P105882,3,222.02,SALE,2024-09-13T17:09:07,S05,20240913
S05/20240913/00003,2,P106718,1,525.27,SALE,2024-09-13T17:09:07,S05,20240913
S05/20240913/00003,3,P101279,3,237.59,SALE,2024-09-13T17:09:07,S05,20240913
S05/20240913/00003,4,TAX,1,214.44,TAX,2024-09-13T17:09:07,S05,20240913
S05/20240913/00003,5,TENDER,1,2118.54,TENDER,2024-09-13T17:09:07,S05,20240913
S05/20240913/00004,1,P102874,3,142.11,SALE,2024-09-13T17:52:59,S05,20240913
S05/20240913/00004,2,P105980,2,263.95,SALE,2024-09-13T17:52:59,S05,20240913
S05/20240913/00004,3,P103452,3,1033.70,SALE,2024-09-13T17:52:59,S05,20240913
S05/20240913/00004,4,P104478,1,18.27,SALE,2024-09-13T17:52:59,S05,20240913
S05/20240913/00004,5,P105827,2,104.04,SALE,2024-09-13T17:52:59,S05,20240913
S05/20240913/00004,6,TAX,1,253.41,TAX,2024-09-13T17:52:59,S05,20240913
S05/20240913/00004,7,TENDER,1,4535.09,TENDER,2024-09-13T17:52:59,S05,20240913
S05/20240913/00005,1,P105980,1,263.95,SALE,2024-09-13T17:37:43,S05,20240913
S05/20240913/00005,2,P102103,2,363.83,SALE,2024-09-13T17:37:43,S05,20240913
S05/20240913/00005,3,P102184,2,91.57,SALE,2024-09-13T17:37:43,S05,20240913
S05/20240913/00005,4,P102181,2,1586.03,SALE,2024-09-13T17:37:43,S05,20240913
S05/20240913/00005,5,P105351,1,102.95,SALE,2024-09-13T17:37:43,S05,20240913
S05/20240913/00005,6,DISC,1,-326.95,DISCOUNT,2024-09-13T17:37:43,S05,20240913
S05/20240913/00005,7,TAX,1,198.41,TAX,2024-09-13T17:37:43,S05,20240913
S05/20240913/00005,8,TENDER,1,4321.22,TENDER,2024-09-13T17:37:43,S05,20240913
S05/20240913/00006,1,P105882,2,222.02,SALE,2024-09-13T13:45:39,S05,20240913
S05/20240913/00006,2,P100330,3,188.77,SALE,2024-09-13T13:45:39,S05,20240913
S05/20240913/00006,3,TAX,1,108.24,TAX,2024-09-13T13:45:39,S05,20240913
S05/20240913/00006,4,TENDER,1,1118.59,TENDER,2024-09-13T13:45:39,S05,20240913
S05/20240913/00007,1,P105294,1,126.15,SALE,2024-09-13T16:43:39,S05,20240913
S05/20240913/00007,2,P107217,1,293.45,SALE,2024-09-13T16:43:39,S05,20240913
S05/20240913/00007,3,P107330,2,131.77,SALE,2024-09-13T16:43:39,S05,20240913
S05/20240913/00007,4,P105997,3,109.75,SALE,2024-09-13T16:43:39,S05,20240913
S05/20240913/00007,5,P108247,1,242.95,SALE,2024-09-13T16:43:39,S05,20240913
S05/20240913/00007,6,DISC,1,-53.46,DISCOUNT,2024-09-13T16:43:39,S05,20240913
S05/20240913/00007,7,TAX,1,158.50,TAX,2024-09-13T16:43:39,S05,20240913
S05/20240913/00007,8,TENDER,1,1360.38,TENDER,2024-09-13T16:43:39,S05,20240913
S05/20240913/00008,1,P103283,2,166.64,SALE,2024-09-13T18:55:18,S05,20240913
S05/20240913/00008,2,P103946,3,338.64,SALE,2024-09-13T18:55:18,S05,20240913
S05/20240913/00008,3,P106553,2,139.74,SALE,2024-09-13T18:55:18,S05,20240913
S05/20240913/00008,4,P102903,3,51.46,SALE,2024-09-13T18:55:18,S05,20240913
S05/20240913/00008,5,P103068,2,151.27,SALE,2024-09-13T18:55:18,S05,20240913
S05/20240913/00008,6,DISC,1,-182.03,DISCOUNT,2024-09-13T18:55:18,S05,20240913
S05/20240913/00008,7,TAX,1,100.30,TAX,2024-09-13T18:55:18,S05,20240913
S05/20240913/00008,8,TENDER,1,2003.87,TENDER,2024-09-13T18:55:18,S05,20240913
S05/20240913/00009,1,P102230,2,340.01,SALE,2024-09-13T16:36:16,S05,20240913
S05/20240913/00009,2,P105815,3,320.65,SALE,2024-09-13T16:36:16,S05,20240913
S05/20240913/00009,3,P103348,2,485.60,SALE,2024-09-13T16:36:16,S05,20240913
S05/20240913/00009,4,P105845,1,111.01,SALE,2024-09-13T16:36:16,S05,20240913
S05/20240913/00009,5,P106388,1,1120.55,SALE,2024-09-13T16:36:16,S05,20240913
S05/20240913/00009,6,DISC,1,-307.53,DISCOUNT,2024-09-13T16:36:16,S05,20240913
S05/20240913/00009,7,TAX,1,281.87,TAX,2024-09-13T16:36:16,S05,20240913
S05/20240913/00009,8,TENDER,1,3819.07,TENDER,2024-09-13T16:36:16,S05,20240913
S05/20240913/00010,1,P100864,5,193.24,SALE,2024-09-13T16:56:35,S05,20240913
S05/20240913/00010,2,P105272,1,351.65,SALE,2024-09-13T16:56:35,S05,20240913
S05/20240913/00010,3,P100652,2,45.46,SALE,2024-09-13T16:56:35,S05,20240913
S05/20240913/00010,4,TAX,1,232.48,TAX,2024-09-13T16:56:35,S05,20240913
S05/20240913/00010,5,TENDER,1,1641.25,TENDER,2024-09-13T16:56:35,S05,20240913
S05/20240913/00011,1,P107984,2,357.15,SALE,2024-09-13T18:47:51,S05,20240913
S05/20240913/00011,2,P105042,2,66.53,SALE,2024-09-13T18:47:51,S05,20240913
S05/20240913/00011,3,P103629,2,60.58,SALE,2024-09-13T18:47:51,S05,20240913
S05/20240913/00011,4,TAX,1,174.33,TAX,2024-09-13T18:47:51,S05,20240913
S05/20240913/00011,5,TENDER,1,1142.85,TENDER,2024-09-13T18:47:51,S05,20240913
S05/20240913/00012,1,P104909,2,363.10,SALE,2024-09-13T19:01:49,S05,20240913
S05/20240913/00012,2,P107047,4,413.27,SALE,2024-09-13T19:01:49,S05,20240913
S05/20240913/00012,3,P104670,2,108.77,SALE,2024-09-13T19:01:49,S05,20240913
S05/20240913/00012,4,P100924,1,49.24,SALE,2024-09-13T19:01:49,S05,20240913
S05/20240913/00012,5,TAX,1,246.39,TAX,2024-09-13T19:01:49,S05,20240913
S05/20240913/00012,6,TENDER,1,2892.45,TENDER,2024-09-13T19:01:49,S05,20240913
S05/20240913/00013,1,P101156,1,91.80,SALE,2024-09-13T14:23:35,S05,20240913
S05/20240913/00013,2,P104802,2,194.24,SALE,2024-09-13T14:23:35,S05,20240913
S05/20240913/00013,3,P107807,2,118.66,SALE,2024-09-13T14:23:35,S05,20240913
S05/20240913/00013,4,P104435,2,467.73,SALE,2024-09-13T14:23:35,S05,20240913
S05/20240913/00013,5,P105965,1,66.08,SALE,2024-09-13T14:23:35,S05,20240913
S05/20240913/00013,6,P103816,4,209.63,SALE,2024-09-13T14:23:35,S05,20240913
S05/20240913/00013,7,TAX,1,352.88,TAX,2024-09-13T14:23:35,S05,20240913
S05/20240913/00013,8,TENDER,1,2910.54,TENDER,2024-09-13T14:23:35,S05,20240913
S05/20240913/00014,1,P102744,3,98.75,SALE,2024-09-13T09:16:20,S05,20240913
S05/20240913/00014,2,P105589,2,90.25,SALE,2024-09-13T09:16:20,S05,20240913
S05/20240913/00014,3,P103732,1,94.74,SALE,2024-09-13T09:16:20,S05,20240913
S05/20240913/00014,4,P101444,2,863.68,SALE,2024-09-13T09:16:20,S05,20240913
S05/20240913/00014,5,P107463,1,188.92,SALE,2024-09-13T09:16:20,S05,20240913
S05/20240913/00014,6,P102471,1,151.71,SALE,2024-09-13T09:16:20,S05,20240913
S05/20240913/00014,7,TAX,1,199.72,TAX,2024-09-13T09:16:20,S05,20240913
S05/20240913/00014,8,TENDER,1,2839.20,TENDER,2024-09-13T09:16:20,S05,20240913
S05/20240913/00015,1,P100722,2,330.17,SALE,2024-09-13T16:30:00,S05,20240913
S05/20240913/00015,2,P103243,2,193.36,SALE,2024-09-13T16:30:00,S05,20240913
S05/20240913/00015,3,P102947,2,59.21,SALE,2024-09-13T16:30:00,S05,20240913
S05/20240913/00015,4,P108191,1,309.71,SALE,2024-09-13T16:30:00,S05,20240913
S05/20240913/00015,5,P101190,2,89.25,SALE,2024-09-13T16:30:00,S05,20240913
S05/20240913/00015,6,DISC,1,-105.33,DISCOUNT,2024-09-13T16:30:00,S05,20240913
S05/20240913/00015,7,TAX,1,62.69,TAX,2024-09-13T16:30:00,S05,20240913
S05/20240913/00015,8,TENDER,1,1611.05,TENDER,2024-09-13T16:30:00,S05,20240913
S05/20240913/00016,1,P108272,2,121.99,SALE,2024-09-13T10:52:39,S05,20240913
S05/20240913/00016,2,P108162,1,257.55,SALE,2024-09-13T10:52:39,S05,20240913
S05/20240913/00016,3,P108374,1,1311.92,SALE,2024-09-13T10:52:39,S05,20240913
S05/20240913/00016,4,P101421,3,118.74,SALE,2024-09-13T10:52:39,S05,20240913
S05/20240913/00016,5,P106718,3,525.27,SALE,2024-09-13T10:52:39,S05,20240913
S05/20240913/00016,6,DISC,1,-159.20,DISCOUNT,2024-09-13T10:52:39,S05,20240913
S05/20240913/00016,7,TAX,1,373.35,TAX,2024-09-13T10:52:39,S05,20240913
S05/20240913/00016,8,TENDER,1,3959.63,TENDER,2024-09-13T10:52:39,S05,20240913
S05/20240913/00017,1,P100339,4,299.99,SALE,2024-09-13T14:23:10,S05,20240913
S05/20240913/00017,2,P101982,1,366.95,SALE,2024-09-13T14:23:10,S05,20240913
S05/20240913/00017,3,P103081,3,480.46,SALE,2024-09-13T14:23:10,S05,20240913
S05/20240913/00017,4,P104883,3,370.64,SALE,2024-09-13T14:23:10,S05,20240913
S05/20240913/00017,5,TAX,1,597.09,TAX,2024-09-13T14:23:10,S05,20240913
S05/20240913/00017,6,TENDER,1,4717.30,TENDER,2024-09-13T14:23:10,S05,20240913
S05/20240913/00018,1,P105988,3,29.57,SALE,2024-09-13T17:08:56,S05,20240913
S05/20240913/00018,2,P107266,1,69.30,SALE,2024-09-13T17:08:56,S05,20240913
S05/20240913/00018,3,TAX,1,7.90,TAX,2024-09-13T17:08:56,S05,20240913
S05/20240913/00018,4,TENDER,1,165.91,TENDER,2024-09-13T17:08:56,S05,20240913
S05/20240913/00019,1,P100194,1,42.41,SALE,2024-09-13T08:32:07,S05,20240913
S05/20240913/00019,2,P100298,2,53.95,SALE,2024-09-13T08:32:07,S05,20240913
S05/20240913/00019,3,P101660,3,193.14,SALE,2024-09-13T08:32:07,S05,20240913
S05/20240913/00019,4,P102074,1,415.90,SALE,2024-09-13T08:32:07,S05,20240913
S05/20240913/00019,5,P102248,2,22.39,SALE,2024-09-13T08:32:07,S05,20240913
S05/20240913/00019,6,P108090,2,139.96,SALE,2024-09-13T08:32:07,S05,20240913
S05/20240913/00019,7,P100305,1,771.81,SALE,2024-09-13T08:32:07,S05,20240913
S05/20240913/00019,8,TAX,1,76.79,TAX,2024-09-13T08:32:07,S05,20240913
S05/20240913/00019,9,TENDER,1,2318.93,TENDER,2024-09-13T08:32:07,S05,20240913
S05/20240913/00020,1,P103111,2,40.41,SALE,2024-09-13T17:02:50,S05,20240913
S05/20240913/00020,2,P102054,2,137.00,SALE,2024-09-13T17:02:50,S05,20240913
S05/20240913/00020,3,P102452,1,176.54,SALE,2024-09-13T17:02:50,S05,20240913
S05/20240913/00020,4,TAX,1,26.57,TAX,2024-09-13T17:02:50,S05,20240913
S05/20240913/00020,5,TENDER,1,557.93,TENDER,2024-09-13T17:02:50,S05,20240913
S05/20240913/00021,1,P100609,1,76.13,SALE,2024-09-13T16:35:12,S05,20240913
S05/20240913/00021,2,P101052,1,198.99,SALE,2024-09-13T16:35:12,S05,20240913
S05/20240913/00021,3,P100711,2,101.23,SALE,2024-09-13T16:35:12,S05,20240913
S05/20240913/00021,4,TAX,1,81.40,TAX,2024-09-13T16:35:12,S05,20240913
S05/20240913/00021,5,TENDER,1,558.98,TENDER,2024-09-13T16:35:12,S05,20240913
S05/20240913/00022,1,P104469,2,1548.25,SALE,2024-09-13T16:52:12,S05,20240913
S05/20240913/00022,2,P105083,1,245.38,SALE,2024-09-13T16:52:12,S05,20240913
S05/20240913/00022,3,P105394,3,335.45,SALE,2024-09-13T16:52:12,S05,20240913
S05/20240913/00022,4,P102042,1,151.18,SALE,2024-09-13T16:52:12,S05,20240913
S05/20240913/00022,5,P101201,1,45.00,SALE,2024-09-13T16:52:12,S05,20240913
S05/20240913/00022,6,P105136,2,158.61,SALE,2024-09-13T16:52:12,S05,20240913
S05/20240913/00022,7,P103973,3,108.48,SALE,2024-09-13T16:52:12,S05,20240913
S05/20240913/00022,8,P101127,2,45.95,SALE,2024-09-13T16:52:12,S05,20240913
S05/20240913/00022,9,TAX,1,675.86,TAX,2024-09-13T16:52:12,S05,20240913
S05/20240913/00022,10,TENDER,1,5954.83,TENDER,2024-09-13T16:52:12,S05,20240913
S05/20240913/00023,1,P105288,1,271.73,SALE,2024-09-13T14:35:00,S05,20240913
S05/20240913/00023,2,P105603,2,202.29,SALE,2024-09-13T14:35:00,S05,20240913
S05/20240913/00023,3,P100224,2,79.65,SALE,2024-09-13T14:35:00,S05,20240913
S05/20240913/00023,4,P102129,2,252.76,SALE,2024-09-13T14:35:00,S05,20240913
S05/20240913/00023,5,P103918,1,527.10,SALE,2024-09-13T14:35:00,S05,20240913
S05/20240913/00023,6,DISC,1,-190.71,DISCOUNT,2024-09-13T14:35:00,S05,20240913
S05/20240913/00023,7,TAX,1,118.90,TAX,2024-09-13T14:35:00,S05,20240913
S05/20240913/00023,8,TENDER,1,1796.42,TENDER,2024-09-13T14:35:00,S05,20240913
S05/20240913/00024,1,P102160,2,221.62,SALE,2024-09-13T11:21:08,S05,20240913
S05/20240913/00024,2,P101345,2,77.54,SALE,2024-09-13T11:21:08,S05,20240913
S05/20240913/00024,3,P106745,1,621.98,SALE,2024-09-13T11:21:08,S05,20240913
S05/20240913/00024,4,P100074,2,57.78,SALE,2024-09-13T11:21:08,S05,20240913
S05/20240913/00024,5,P102424,3,333.88,SALE,2024-09-13T11:21:08,S05,20240913
S05/20240913/00024,6,P102718,1,333.45,SALE,2024-09-13T11:21:08,S05,20240913
S05/20240913/00024,7,P102593,3,92.93,SALE,2024-09-13T11:21:08,S05,20240913
S05/20240913/00024,8,TAX,1,338.96,TAX,2024-09-13T11:21:08,S05,20240913
S05/20240913/00024,9,TENDER,1,3288.70,TENDER,2024-09-13T11:21:08,S05,20240913
S05/20240913/00025,1,P105497,4,70.98,SALE,2024-09-13T18:35:26,S05,20240913
S05/20240913/00025,2,P100693,3,107.22,SALE,2024-09-13T18:35:26,S05,20240913
S05/20240913/00025,3,P100131,2,667.83,SALE,2024-09-13T18:35:26,S05,20240913
S05/20240913/00025,4,P104858,4,331.88,SALE,2024-09-13T18:35:26,S05,20240913
S05/20240913/00025,5,P102892,2,227.52,SALE,2024-09-13T18:35:26,S05,20240913
S05/20240913/00025,6,P102181,4,1586.03,SALE,2024-09-13T18:35:26,S05,20240913
S05/20240913/00025,7,DISC,1,-922.29,DISCOUNT,2024-09-13T18:35:26,S05,20240913
S05/20240913/00025,8,TAX,1,448.25,TAX,2024-09-13T18:35:26,S05,20240913
S05/20240913/00025,9,TENDER,1,9593.88,TENDER,2024-09-13T18:35:26,S05,20240913
S05/20240913/00026,1,P107078,2,111.95,SALE,2024-09-13T17:36:02,S05,20240913
S05/20240913/00026,2,P102060,1,165.83,SALE,2024-09-13T17:36:02,S05,20240913
S05/20240913/00026,3,P106751,5,132.55,SALE,2024-09-13T17:36:02,S05,20240913
S05/20240913/00026,4,P105570,2,365.92,SALE,2024-09-13T17:36:02,S05,20240913
S05/20240913/00026,5,TAX,1,69.73,TAX,2024-09-13T17:36:02,S05,20240913
S05/20240913/00026,6,TENDER,1,1854.05,TENDER,2024-09-13T17:36:02,S05,20240913
S05/20240913/00027,1,P103616,-2,625.90,RETURN,2024-09-13T18:26:34,S05,20240913
S05/20240913/00027,2,P101874,-2,19.95,RETURN,2024-09-13T18:26:34,S05,20240913
S05/20240913/00027,3,P103654,-1,481.76,RETURN,2024-09-13T18:26:34,S05,20240913
S05/20240913/00027,4,TAX,1,-86.68,TAX,2024-09-13T18:26:34,S05,20240913
S05/20240913/00027,5,TENDER,1,-1860.14,TENDER,2024-09-13T18:26:34,S05,20240913
S05/20240913/00028,1,P104469,1,1548.25,SALE,2024-09-13T14:47:32,S05,20240913
S05/20240913/00028,2,TAX,1,185.79,TAX,2024-09-13T14:47:32,S05,20240913
S05/20240913/00028,3,TENDER,1,1734.04,TENDER,2024-09-13T14:47:32,S05,20240913
S05/20240913/00029,1,P104572,2,182.16,SALE,2024-09-13T10:53:46,S05,20240913
S05/20240913/00029,2,P100528,1,595.90,SALE,2024-09-13T10:53:46,S05,20240913
S05/20240913/00029,3,P104233,1,1271.89,SALE,2024-09-13T10:53:46,S05,20240913
S05/20240913/00029,4,P106984,3,28.34,SALE,2024-09-13T10:53:46,S05,20240913
S05/20240913/00029,5,P100354,3,182.63,SALE,2024-09-13T10:53:46,S05,20240913
S05/20240913/00029,6,DISC,1,-223.14,DISCOUNT,2024-09-13T10:53:46,S05,20240913
S05/20240913/00029,7,TAX,1,139.98,TAX,2024-09-13T10:53:46,S05,20240913
S05/20240913/00029,8,TENDER,1,2781.86,TENDER,2024-09-13T10:53:46,S05,20240913
S05/20240913/00030,1,P100652,2,45.46,SALE,2024-09-13T17:33:49,S05,20240913
S05/20240913/00030,2,P100172,1,205.47,SALE,2024-09-13T17:33:49,S05,20240913
S05/20240913/00030,3,P107822,2,69.77,SALE,2024-09-13T17:33:49,S05,20240913
S05/20240913/00030,4,P100394,1,320.36,SALE,2024-09-13T17:33:49,S05,20240913
S05/20240913/00030,5,P106942,2,190.65,SALE,2024-09-13T17:33:49,S05,20240913
S05/20240913/00030,6,P101638,3,402.54,SALE,2024-09-13T17:33:49,S05,20240913
S05/20240913/00030,7,P104512,2,94.53,SALE,2024-09-13T17:33:49,S05,20240913
S05/20240913/00030,8,P107581,3,287.09,SALE,2024-09-13T17:33:49,S05,20240913
S05/20240913/00030,9,P106158,2,564.54,SALE,2024-09-13T17:33:49,S05,20240913
S05/20240913/00030,10,P106207,2,459.95,SALE,2024-09-13T17:33:49,S05,20240913
S05/20240913/00030,11,TAX,1,589.02,TAX,2024-09-13T17:33:49,S05,20240913
S05/20240913/00030,12,TENDER,1,6033.54,TENDER,2024-09-13T17:33:49,S05,20240913
S05/20240913/00031,1,P102609,4,183.47,SALE,2024-09-13T16:59:01,S05,20240913
S05/20240913/00031,2,P107264,1,181.93,SALE,2024-09-13T16:59:01,S05,20240913
S05/20240913/00031,3,P100178,2,480.34,SALE,2024-09-13T16:59:01,S05,20240913
S05/20240913/00031,4,P103273,1,377.82,SALE,2024-09-13T16:59:01,S05,20240913
S05/20240913/00031,5,P107705,4,763.24,SALE,2024-09-13T16:59:01,S05,20240913
S05/20240913/00031,6,TAX,1,705.43,TAX,2024-09-13T16:59:01,S05,20240913
S05/20240913/00031,7,TENDER,1,6012.70,TENDER,2024-09-13T16:59:01,S05,20240913
S05/20240913/00032,1,P106072,1,78.69,SALE,2024-09-13T16:35:50,S05,20240913
S05/20240913/00032,2,P104121,4,131.32,SALE,2024-09-13T16:35:50,S05,20240913
S05/20240913/00032,3,P106282,1,448.43,SALE,2024-09-13T16:35:50,S05,20240913
S05/20240913/00032,4,DISC,1,-81.86,DISCOUNT,2024-09-13T16:35:50,S05,20240913
S05/20240913/00032,5,TAX,1,170.34,TAX,2024-09-13T16:35:50,S05,20240913
S05/20240913/00032,6,TENDER,1,1140.88,TENDER,2024-09-13T16:35:50,S05,20240913
S05/20240914/00001,1,P108221,1,50.44,SALE,2024-09-14T14:42:21,S05,20240914
S05/20240914/00001,2,P100595,2,404.82,SALE,2024-09-14T14:42:21,S05,20240914
S05/20240914/00001,3,P103118,2,47.89,SALE,2024-09-14T14:42:21,S05,20240914
S05/20240914/00001,4,P105729,2,70.06,SALE,2024-09-14T14:42:21,S05,20240914
S05/20240914/00001,5,P105198,1,15.39,SALE,2024-09-14T14:42:21,S05,20240914
S05/20240914/00001,6,TAX,1,138.09,TAX,2024-09-14T14:42:21,S05,20240914
S05/20240914/00001,7,TENDER,1,1249.46,TENDER,2024-09-14T14:42:21,S05,20240914
S05/20240914/00002,1,P102296,1,43.24,SALE,2024-09-14T14:10:47,S05,20240914
S05/20240914/00002,2,P107472,3,64.61,SALE,2024-09-14T14:10:47,S05,20240914
S05/20240914/00002,3,P101660,3,193.14,SALE,2024-09-14T14:10:47,S05,20240914
S05/20240914/00002,4,P101272,5,96.70,SALE,2024-09-14T14:10:47,S05,20240914
S05/20240914/00002,5,P106534,1,96.00,SALE,2024-09-14T14:10:47,S05,20240914
S05/20240914/00002,6,TAX,1,87.90,TAX,2024-09-14T14:10:47,S05,20240914
S05/20240914/00002,7,TENDER,1,1483.89,TENDER,2024-09-14T14:10:47,S05,20240914
S05/20240914/00003,1,P101237,2,278.87,SALE,2024-09-14T15:53:09,S05,20240914
S05/20240914/00003,2,P104107,1,479.48,SALE,2024-09-14T15:53:09,S05,20240914
S05/20240914/00003,3,P107753,2,73.61,SALE,2024-09-14T15:53:09,S05,20240914
S05/20240914/00003,4,P106783,2,94.23,SALE,2024-09-14T15:53:09,S05,20240914
S05/20240914/00003,5,P106106,1,219.14,SALE,2024-09-14T15:53:09,S05,20240914
S05/20240914/00003,6,P104784,1,370.89,SALE,2024-09-14T15:53:09,S05,20240914
S05/20240914/00003,7,P106239,2,803.36,SALE,2024-09-14T15:53:09,S05,20240914
S05/20240914/00003,8,DISC,1,-135.03,DISCOUNT,2024-09-14T15:53:09,S05,20240914
S05/20240914/00003,9,TAX,1,260.85,TAX,2024-09-14T15:53:09,S05,20240914
S05/20240914/00003,10,TENDER,1,3695.47,TENDER,2024-09-14T15:53:09,S05,20240914
S05/20240914/00004,1,P103760,4,104.16,SALE,2024-09-14T10:41:15,S05,20240914
S05/20240914/00004,2,P105209,1,399.92,SALE,2024-09-14T10:41:15,S05,20240914
S05/20240914/00004,3,P106813,2,257.87,SALE,2024-09-14T10:41:15,S05,20240914
S05/20240914/00004,4,P101720,3,44.26,SALE,2024-09-14T10:41:15,S05,20240914
S05/20240914/00004,5,TAX,1,215.51,TAX,2024-09-14T10:41:15,S05,20240914
S05/20240914/00004,6,TENDER,1,1680.59,TENDER,2024-09-14T10:41:15,S05,20240914
S05/20240914/00005,1,P104048,2,205.18,SALE,2024-09-14T15:08:40,S05,20240914
S05/20240914/00005,2,P105589,1,90.25,SALE,2024-09-14T15:08:40,S05,20240914
S05/20240914/00005,3,P103309,1,59.57,SALE,2024-09-14T15:08:40,S05,20240914
S05/20240914/00005,4,TAX,1,68.47,TAX,2024-09-14T15:08:40,S05,20240914
S05/20240914/00005,5,TENDER,1,628.65,TENDER,2024-09-14T15:08:40,S05,20240914
S05/20240914/00006,1,P100112,1,90.37,SALE,2024-09-14T23:23:33,S05,20240914
S05/20240914/00006,2,P102465,3,1410.14,SALE,2024-09-14T23:23:33,S05,20240914
S05/20240914/00006,3,DISC,1,-281.89,DISCOUNT,2024-09-14T23:23:33,S05,20240914
S05/20240914/00006,4,TAX,1,212.93,TAX,2024-09-14T23:23:33,S05,20240914
S05/20240914/00006,5,TENDER,1,4251.83,TENDER,2024-09-14T23:23:33,S05,20240914
S05/20240914/00007,1,P104133,1,248.31,SALE,2024-09-14T17:26:31,S05,20240914
S05/20240914/00007,2,P106027,2,1505.86,SALE,2024-09-14T17:26:31,S05,20240914
S05/20240914/00007,3,P107903,1,22.86,SALE,2024-09-14T17:26:31,S05,20240914
S05/20240914/00007,4,P106174,1,229.89,SALE,2024-09-14T17:26:31,S05,20240914
S05/20240914/00007,5,P105562,1,422.85,SALE,2024-09-14T17:26:31,S05,20240914
S05/20240914/00007,6,TAX,1,80.23,TAX,2024-09-14T17:26:31,S05,20240914
S05/20240914/00007,7,TENDER,1,4015.86,TENDER,2024-09-14T17:26:31,S05,20240914
S05/20240914/00008,1,P104883,3,370.64,SALE,2024-09-14T14:47:41,S05,20240914
S05/20240914/00008,2,P107609,2,108.46,SALE,2024-09-14T14:47:41,S05,20240914
S05/20240914/00008,3,P106872,3,73.12,SALE,2024-09-14T14:47:41,S05,20240914
S05/20240914/00008,4,DISC,1,-165.09,DISCOUNT,2024-09-14T14:47:41,S05,20240914
S05/20240914/00008,5,TAX,1,119.82,TAX,2024-09-14T14:47:41,S05,20240914
S05/20240914/00008,6,TENDER,1,1502.93,TENDER,2024-09-14T14:47:41,S05,20240914
S05/20240914/00009,1,P107292,2,340.23,SALE,2024-09-14T17:36:05,S05,20240914
S05/20240914/00009,2,P108060,1,217.09,SALE,2024-09-14T17:36:05,S05,20240914
S05/20240914/00009,3,P106174,3,229.89,SALE,2024-09-14T17:36:05,S05,20240914
S05/20240914/00009,4,P104517,1,1474.90,SALE,2024-09-14T17:36:05,S05,20240914
S05/20240914/00009,5,P103785,3,562.18,SALE,2024-09-14T17:36:05,S05,20240914
S05/20240914/00009,6,TAX,1,323.12,TAX,2024-09-14T17:36:05,S05,20240914
S05/20240914/00009,7,TENDER,1,5071.78,TENDER,2024-09-14T17:36:05,S05,20240914
S05/20240914/00010,1,P101656,1,262.95,SALE,2024-09-14T17:32:38,S05,20240914
S05/20240914/00010,2,P105003,2,285.67,SALE,2024-09-14T17:32:38,S05,20240914
S05/20240914/00010,3,P107662,1,330.01,SALE,2024-09-14T17:32:38,S05,20240914
S05/20240914/00010,4,P106751,1,132.55,SALE,2024-09-14T17:32:38,S05,20240914
S05/20240914/00010,5,TAX,1,200.42,TAX,2024-09-14T17:32:38,S05,20240914
S05/20240914/00010,6,TENDER,1,1497.27,TENDER,2024-09-14T17:32:38,S05,20240914
S05/20240914/00011,1,P106254,2,1135.50,SALE,2024-09-14T16:06:57,S05,20240914
S05/20240914/00011,2,P107597,2,519.83,SALE,2024-09-14T16:06:57,S05,20240914
S05/20240914/00011,3,P103958,3,30.95,SALE,2024-09-14T16:06:57,S05,20240914
S05/20240914/00011,4,P105180,3,102.63,SALE,2024-09-14T16:06:57,S05,20240914
S05/20240914/00011,5,P103188,3,30.16,SALE,2024-09-14T16:06:57,S05,20240914
S05/20240914/00011,6,P107308,3,226.19,SALE,2024-09-14T16:06:57,S05,20240914
S05/20240914/00011,7,P108076,5,144.05,SALE,2024-09-14T16:06:57,S05,20240914
S05/20240914/00011,8,P103712,1,481.86,SALE,2024-09-14T16:06:57,S05,20240914
S05/20240914/00011,9,P103620,2,474.03,SALE,2024-09-14T16:06:57,S05,20240914
S05/20240914/00011,10,TAX,1,450.01,TAX,2024-09-14T16:06:57,S05,20240914
S05/20240914/00011,11,TENDER,1,7080.63,TENDER,2024-09-14T16:06:57,S05,20240914
S05/20240914/00012,1,P100609,2,76.13,SALE,2024-09-14T16:04:32,S05,20240914
S05/20240914/00012,2,P101384,3,42.99,SALE,2024-09-14T16:04:32,S05,20240914
S05/20240914/00012,3,P101237,2,278.87,SALE,2024-09-14T16:04:32,S05,20240914
S05/20240914/00012,4,TAX,1,91.65,TAX,2024-09-14T16:04:32,S05,20240914
S05/20240914/00012,5,TENDER,1,930.62,TENDER,2024-09-14T16:04:32,S05,20240914
S05/20240914/00013,1,P101127,1,45.95,SALE,2024-09-14T16:13:23,S05,20240914
S05/20240914/00013,2,P104351,1,1128.29,SALE,2024-09-14T16:13:23,S05,20240914
S05/20240914/00013,3,P107072,2,75.15,SALE,2024-09-14T16:13:23,S05,20240914
S05/20240914/00013,4,P104883,1,370.64,SALE,2024-09-14T16:13:23,S05,20240914
S05/20240914/00013,5,TAX,1,74.95,TAX,2024-09-14T16:13:23,S05,20240914
S05/20240914/00013,6,TENDER,1,1770.13,TENDER,2024-09-14T16:13:23,S05,20240914
S05/20240914/00014,1,P104181,1,279.95,SALE,2024-09-14T13:09:33,S05,20240914
S05/20240914/00014,2,P103137,1,218.09,SALE,2024-09-14T13:09:33,S05,20240914
S05/20240914/00014,3,P104600,3,56.45,SALE,2024-09-14T13:09:33,S05,20240914
S05/20240914/00014,4,P105405,1,430.78,SALE,2024-09-14T13:09:33,S05,20240914
S05/20240914/00014,5,TAX,1,89.77,TAX,2024-09-14T13:09:33,S05,20240914
S05/20240914/00014,6,TENDER,1,1187.94,TENDER,2024-09-14T13:09:33,S05,20240914
S05/20240914/00015,1,P102122,2,129.27,SALE,2024-09-14T20:30:39,S05,20240914
S05/20240914/00015,2,P107966,1,391.71,SALE,2024-09-14T20:30:39,S05,20240914
S05/20240914/00015,3,P105365,1,420.06,SALE,2024-09-14T20:30:39,S05,20240914
S05/20240914/00015,4,TAX,1,96.94,TAX,2024-09-14T20:30:39,S05,20240914
S05/20240914/00015,5,TENDER,1,1167.25,TENDER,2024-09-14T20:30:39,S05,20240914
S05/20240914/00016,1,P106745,4,621.98,SALE,2024-09-14T15:22:14,S05,20240914
S05/20240914/00016,2,P103647,4,42.17,SALE,2024-09-14T15:22:14,S05,20240914
S05/20240914/00016,3,P104739,3,172.21,SALE,2024-09-14T15:22:14,S05,20240914
S05/20240914/00016,4,P105460,3,143.35,SALE,2024-09-14T15:22:14,S05,20240914
S05/20240914/00016,5,TAX,1,618.23,TAX,2024-09-14T15:22:14,S05,20240914
S05/20240914/00016,6,TENDER,1,4221.51,TENDER,2024-09-14T15:22:14,S05,20240914
S05/20240914/00017,1,P106577,-1,52.98,RETURN,2024-09-14T15:01:41,S05,20240914
S05/20240914/00017,2,P100803,-2,278.56,RETURN,2024-09-14T15:01:41,S05,20240914
S05/20240914/00017,3,P103766,-1,213.25,RETURN,2024-09-14T15:01:41,S05,20240914
S05/20240914/00017,4,P100131,-2,667.83,RETURN,2024-09-14T15:01:41,S05,20240914
S05/20240914/00017,5,TAX,1,-201.45,TAX,2024-09-14T15:01:41,S05,20240914
S05/20240914/00017,6,TENDER,1,-2360.46,TENDER,2024-09-14T15:01:41,S05,20240914
S05/20240914/00018,1,P101018,1,141.83,SALE,2024-09-14T20:57:26,S05,20240914
S05/20240914/00018,2,P105677,1,89.95,SALE,2024-09-14T20:57:26,S05,20240914
S05/20240914/00018,3,P103171,1,68.42,SALE,2024-09-14T20:57:26,S05,20240914
S05/20240914/00018,4,P105918,1,294.44,SALE,2024-09-14T20:57:26,S05,20240914
S05/20240914/00018,5,P106357,2,1078.45,SALE,2024-09-14T20:57:26,S05,20240914
S05/20240914/00018,6,P103129,3,79.05,SALE,2024-09-14T20:57:26,S05,20240914
S05/20240914/00018,7,TAX,1,374.13,TAX,2024-09-14T20:57:26,S05,20240914
S05/20240914/00018,8,TENDER,1,3362.82,TENDER,2024-09-14T20:57:26,S05,20240914
S05/20240914/00019,1,P105069,4,168.30,SALE,2024-09-14T13:49:41,S05,20240914
S05/20240914/00019,2,P104485,2,643.04,SALE,2024-09-14T13:49:41,S05,20240914
S05/20240914/00019,3,TAX,1,275.51,TAX,2024-09-14T13:49:41,S05,20240914
S05/20240914/00019,4,TENDER,1,2234.79,TENDER,2024-09-14T13:49:41,S05,20240914
S05/20240914/00020,1,P105384,2,315.25,SALE,2024-09-14T07:48:06,S05,20240914
S05/20240914/00020,2,TAX,1,75.66,TAX,2024-09-14T07:48:06,S05,20240914
S05/20240914/00020,3,TENDER,1,706.16,TENDER,2024-09-14T07:48:06,S05,20240914
S05/20240914/00021,1,P105351,2,102.95,SALE,2024-09-14T10:36:22,S05,20240914
S05/20240914/00021,2,P106620,1,296.41,SALE,2024-09-14T10:36:22,S05,20240914
S05/20240914/00021,3,P103525,2,252.51,SALE,2024-09-14T10:36:22,S05,20240914
S05/20240914/00021,4,TAX,1,97.88,TAX,2024-09-14T10:36:22,S05,20240914
S05/20240914/00021,5,TENDER,1,1105.21,TENDER,2024-09-14T10:36:22,S05,20240914
S05/20240914/00022,1,P107966,3,391.71,SALE,2024-09-14T12:43:23,S05,20240914
S05/20240914/00022,2,P106958,1,124.03,SALE,2024-09-14T12:43:23,S05,20240914
S05/20240914/00022,3,P108247,2,242.95,SALE,2024-09-14T12:43:23,S05,20240914
S05/20240914/00022,4,TAX,1,109.79,TAX,2024-09-14T12:43:23,S05,20240914
S05/20240914/00022,5,TENDER,1,1894.85,TENDER,2024-09-14T12:43:23,S05,20240914
S05/20240914/00023,1,P106027,2,1505.86,SALE,2024-09-14T18:59:19,S05,20240914
S05/20240914/00023,2,P106239,3,803.36,SALE,2024-09-14T18:59:19,S05,20240914
S05/20240914/00023,3,P105201,2,331.23,SALE,2024-09-14T18:59:19,S05,20240914
S05/20240914/00023,4,P105698,4,194.14,SALE,2024-09-14T18:59:19,S05,20240914
S05/20240914/00023,5,TAX,1,172.90,TAX,2024-09-14T18:59:19,S05,20240914
S05/20240914/00023,6,TENDER,1,7033.72,TENDER,2024-09-14T18:59:19,S05,20240914
S05/20240914/00024,1,P101090,1,24.06,SALE,2024-09-14T17:12:47,S05,20240914
S05/20240914/00024,2,P103806,2,319.17,SALE,2024-09-14T17:12:47,S05,20240914
S05/20240914/00024,3,P107639,2,128.49,SALE,2024-09-14T17:12:47,S05,20240914
S05/20240914/00024,4,P104831,2,1516.75,SALE,2024-09-14T17:12:47,S05,20240914
S05/20240914/00024,5,P101747,1,245.75,SALE,2024-09-14T17:12:47,S05,20240914
S05/20240914/00024,6,P103886,2,302.49,SALE,2024-09-14T17:12:47,S05,20240914
S05/20240914/00024,7,P106027,2,1505.86,SALE,2024-09-14T17:12:47,S05,20240914
S05/20240914/00024,8,TAX,1,411.48,TAX,2024-09-14T17:12:47,S05,20240914
S05/20240914/00024,9,TENDER,1,8226.81,TENDER,2024-09-14T17:12:47,S05,20240914
S05/20240914/00025,1,P104072,1,708.34,SALE,2024-09-14T08:09:21,S05,20240914
S05/20240914/00025,2,P100362,3,270.89,SALE,2024-09-14T08:09:21,S05,20240914
S05/20240914/00025,3,P106478,2,56.12,SALE,2024-09-14T08:09:21,S05,20240914
S05/20240914/00025,4,P101327,2,233.22,SALE,2024-09-14T08:09:21,S05,20240914
S05/20240914/00025,5,P103727,2,116.88,SALE,2024-09-14T08:09:21,S05,20240914
S05/20240914/00025,6,P106191,2,1354.07,SALE,2024-09-14T08:09:21,S05,20240914
S05/20240914/00025,7,P100609,3,76.13,SALE,2024-09-14T08:09:21,S05,20240914
S05/20240914/00025,8,P104606,2,90.58,SALE,2024-09-14T08:09:21,S05,20240914
S05/20240914/00025,9,P104089,2,358.58,SALE,2024-09-14T08:09:21,S05,20240914
S05/20240914/00025,10,TAX,1,331.27,TAX,2024-09-14T08:09:21,S05,20240914
S05/20240914/00025,11,TENDER,1,6499.57,TENDER,2024-09-14T08:09:21,S05,20240914
S05/20240914/00026,1,P107609,2,108.46,SALE,2024-09-14T13:57:43,S05,20240914
S05/20240914/00026,2,P102626,2,416.91,SALE,2024-09-14T13:57:43,S05,20240914
S05/20240914/00026,3,P101720,4,44.26,SALE,2024-09-14T13:57:43,S05,20240914
S05/20240914/00026,4,P100652,3,45.46,SALE,2024-09-14T13:57:43,S05,20240914
S05/20240914/00026,5,TAX,1,172.50,TAX,2024-09-14T13:57:43,S05,20240914
S05/20240914/00026,6,TENDER,1,1536.66,TENDER,2024-09-14T13:57:43,S05,20240914
S05/20240914/00027,1,P106317,1,485.55,SALE,2024-09-14T18:27:10,S05,20240914
S05/20240914/00027,2,P105695,1,158.81,SALE,2024-09-14T18:27:10,S05,20240914
S05/20240914/00027,3,P105784,2,116.81,SALE,2024-09-14T18:27:10,S05,20240914
S05/20240914/00027,4,TAX,1,66.21,TAX,2024-09-14T18:27:10,S05,20240914
S05/20240914/00027,5,TENDER,1,944.19,TENDER,2024-09-14T18:27:10,S05,20240914
S05/20240914/00028,1,P106830,2,103.94,SALE,2024-09-14T15:58:04,S05,20240914
S05/20240914/00028,2,P103397,4,371.02,SALE,2024-09-14T15:58:04,S05,20240914
S05/20240914/00028,3,DISC,1,-150.76,DISCOUNT,2024-09-14T15:58:04,S05,20240914
S05/20240914/00028,4,TAX,1,34.08,TAX,2024-09-14T15:58:04,S05,20240914
S05/20240914/00028,5,TENDER,1,1575.28,TENDER,2024-09-14T15:58:04,S05,20240914
S05/20240914/00029,1,P105483,3,160.65,SALE,2024-09-14T21:47:48,S05,20240914
S05/20240914/00029,2,P105541,3,196.86,SALE,2024-09-14T21:47:48,S05,20240914
S05/20240914/00029,3,P108186,2,348.70,SALE,2024-09-14T21:47:48,S05,20240914
S05/20240914/00029,4,P103693,1,102.71,SALE,2024-09-14T21:47:48,S05,20240914
S05/20240914/00029,5,P100511,3,442.66,SALE,2024-09-14T21:47:48,S05,20240914
S05/20240914/00029,6,TAX,1,436.10,TAX,2024-09-14T21:47:48,S05,20240914
S05/20240914/00029,7,TENDER,1,3636.72,TENDER,2024-09-14T21:47:48,S05,20240914
S05/20240914/00030,1,P102364,2,104.57,SALE,2024-09-14T13:31:11,S05,20240914
S05/20240914/00030,2,P106367,2,650.25,SALE,2024-09-14T13:31:11,S05,20240914
S05/20240914/00030,3,P106584,2,247.63,SALE,2024-09-14T13:31:11,S05,20240914
S05/20240914/00030,4,P108258,3,54.62,SALE,2024-09-14T13:31:11,S05,20240914
S05/20240914/00030,5,P102735,2,534.08,SALE,2024-09-14T13:31:11,S05,20240914
S05/20240914/00030,6,TAX,1,324.43,TAX,2024-09-14T13:31:11,S05,20240914
S05/20240914/00030,7,TENDER,1,3561.35,TENDER,2024-09-14T13:31:11,S05,20240914
S05/20240914/00031,1,P105860,4,674.13,SALE,2024-09-14T21:49:37,S05,20240914
S05/20240914/00031,2,P108060,1,217.09,SALE,2024-09-14T21:49:37,S05,20240914
S05/20240914/00031,3,P102954,2,129.98,SALE,2024-09-14T21:49:37,S05,20240914
S05/20240914/00031,4,P101095,2,205.38,SALE,2024-09-14T21:49:37,S05,20240914
S05/20240914/00031,5,P101955,2,364.45,SALE,2024-09-14T21:49:37,S05,20240914
S05/20240914/00031,6,TAX,1,336.30,TAX,2024-09-14T21:49:37,S05,20240914
S05/20240914/00031,7,TENDER,1,4649.53,TENDER,2024-09-14T21:49:37,S05,20240914
S05/20240914/00032,1,P106522,4,203.79,SALE,2024-09-14T19:41:26,S05,20240914
S05/20240914/00032,2,P100348,2,513.95,SALE,2024-09-14T19:41:26,S05,20240914
S05/20240914/00032,3,P106336,1,456.47,SALE,2024-09-14T19:41:26,S05,20240914
S05/20240914/00032,4,TAX,1,174.32,TAX,2024-09-14T19:41:26,S05,20240914
S05/20240914/00032,5,TENDER,1,2473.85,TENDER,2024-09-14T19:41:26,S05,20240914
S05/20240914/00033,1,P107753,1,73.61,SALE,2024-09-14T10:07:28,S05,20240914
S05/20240914/00033,2,P100178,4,480.34,SALE,2024-09-14T10:07:28,S05,20240914
S05/20240914/00033,3,P105507,1,20.37,SALE,2024-09-14T10:07:28,S05,20240914
S05/20240914/00033,4,P106490,1,671.88,SALE,2024-09-14T10:07:28,S05,20240914
S05/20240914/00033,5,P105835,4,238.39,SALE,2024-09-14T10:07:28,S05,20240914
S05/20240914/00033,6,TAX,1,393.52,TAX,2024-09-14T10:07:28,S05,20240914
S05/20240914/00033,7,TENDER,1,4034.30,TENDER,2024-09-14T10:07:28,S05,20240914
S05/20240914/00034,1,P103871,2,196.47,SALE,2024-09-14T17:47:46,S05,20240914
S05/20240914/00034,2,P101327,2,233.22,SALE,2024-09-14T17:47:46,S05,20240914
S05/20240914/00034,3,P100819,3,1276.18,SALE,2024-09-14T17:47:46,S05,20240914
S05/20240914/00034,4,P102794,1,416.24,SALE,2024-09-14T17:47:46,S05,20240914
S05/20240914/00034,5,P100940,2,199.52,SALE,2024-09-14T17:47:46,S05,20240914
S05/20240914/00034,6,P103591,4,102.70,SALE,2024-09-14T17:47:46,S05,20240914
S05/20240914/00034,7,P101263,1,620.85,SALE,2024-09-14T17:47:46,S05,20240914
S05/20240914/00034,8,P103616,2,625.90,SALE,2024-09-14T17:47:46,S05,20240914
S05/20240914/00034,9,P101622,2,259.77,SALE,2024-09-14T17:47:46,S05,20240914
S05/20240914/00034,10,TAX,1,449.70,TAX,2024-09-14T17:47:46,S05,20240914
S05/20240914/00034,11,TENDER,1,8755.89,TENDER,2024-09-14T17:47:46,S05,20240914
S05/20240914/00035,1,P104107,3,479.48,SALE,2024-09-14T12:15:44,S05,20240914
S05/20240914/00035,2,P106710,1,98.77,SALE,2024-09-14T12:15:44,S05,20240914
S05/20240914/00035,3,P103231,4,235.56,SALE,2024-09-14T12:15:44,S05,20240914
S05/20240914/00035,4,TAX,1,323.81,TAX,2024-09-14T12:15:44,S05,20240914
S05/20240914/00035,5,TENDER,1,2803.26,TENDER,2024-09-14T12:15:44,S05,20240914
S05/20240914/00036,1,P104625,1,283.99,SALE,2024-09-14T16:54:28,S05,20240914
S05/20240914/00036,2,P106984,2,28.34,SALE,2024-09-14T16:54:28,S05,20240914
S05/20240914/00036,3,P100883,1,723.68,SALE,2024-09-14T16:54:28,S05,20240914
S05/20240914/00036,4,P100609,1,76.13,SALE,2024-09-14T16:54:28,S05,20240914
S05/20240914/00036,5,P104478,3,18.27,SALE,2024-09-14T16:54:28,S05,20240914
S05/20240914/00036,6,TAX,1,58.02,TAX,2024-09-14T16:54:28,S05,20240914
S05/20240914/00036,7,TENDER,1,1253.31,TENDER,2024-09-14T16:54:28,S05,20240914
S05/20240914/00037,1,P100933,4,276.15,SALE,2024-09-14T10:11:21,S05,20240914
S05/20240914/00037,2,P102006,2,1553.68,SALE,2024-09-14T10:11:21,S05,20240914
S05/20240914/00037,3,P107012,1,104.24,SALE,2024-09-14T10:11:21,S05,20240914
S05/20240914/00037,4,TAX,1,204.04,TAX,2024-09-14T10:11:21,S05,20240914
S05/20240914/00037,5,TENDER,1,4520.24,TENDER,2024-09-14T10:11:21,S05,20240914
S05/20240914/00038,1,P105187,2,1046.11,SALE,2024-09-14T11:02:34,S05,20240914
S05/20240914/00038,2,P102409,1,326.59,SALE,2024-09-14T11:02:34,S05,20240914
S05/20240914/00038,3,P103864,2,452.72,SALE,2024-09-14T11:02:34,S05,20240914
S05/20240914/00038,4,TAX,1,104.06,TAX,2024-09-14T11:02:34,S05,20240914
S05/20240914/00038,5,TENDER,1,3428.31,TENDER,2024-09-14T11:02:34,S05,20240914
S05/20240914/00039,1,P107119,2,16.65,SALE,2024-09-14T15:03:09,S05,20240914
S05/20240914/00039,2,P105219,2,701.93,SALE,2024-09-14T15:03:09,S05,20240914
S05/20240914/00039,3,P107393,4,469.90,SALE,2024-09-14T15:03:09,S05,20240914
S05/20240914/00039,4,P107145,1,235.69,SALE,2024-09-14T15:03:09,S05,20240914
S05/20240914/00039,5,P106373,2,48.45,SALE,2024-09-14T15:03:09,S05,20240914
S05/20240914/00039,6,P104820,1,207.26,SALE,2024-09-14T15:03:09,S05,20240914
S05/20240914/00039,7,TAX,1,554.68,TAX,2024-09-14T15:03:09,S05,20240914
S05/20240914/00039,8,TENDER,1,4411.29,TENDER,2024-09-14T15:03:09,S05,20240914
S05/20240915/00001,1,P100035,2,1810.38,SALE,2024-09-15T19:52:22,S05,20240915
S05/20240915/00001,2,P103397,1,371.02,SALE,2024-09-15T19:52:22,S05,20240915
S05/20240915/00001,3,P107171,1,335.20,SALE,2024-09-15T19:52:22,S05,20240915
S05/20240915/00001,4,P106133,3,331.44,SALE,2024-09-15T19:52:22,S05,20240915
S05/20240915/00001,5,P101374,1,49.36,SALE,2024-09-15T19:52:22,S05,20240915
S05/20240915/00001,6,P101454,1,134.66,SALE,2024-09-15T19:52:22,S05,20240915
S05/20240915/00001,7,P105815,1,320.65,SALE,2024-09-15T19:52:22,S05,20240915
S05/20240915/00001,8,TAX,1,717.21,TAX,2024-09-15T19:52:22,S05,20240915
S05/20240915/00001,9,TENDER,1,6543.18,TENDER,2024-09-15T19:52:22,S05,20240915
S05/20240915/00002,1,P101213,2,232.84,SALE,2024-09-15T20:48:37,S05,20240915
S05/20240915/00002,2,P105302,2,281.37,SALE,2024-09-15T20:48:37,S05,20240915
S05/20240915/00002,3,P106452,3,31.15,SALE,2024-09-15T20:48:37,S05,20240915
S05/20240915/00002,4,TAX,1,116.63,TAX,2024-09-15T20:48:37,S05,20240915
S05/20240915/00002,5,TENDER,1,1238.50,TENDER,2024-09-15T20:48:37,S05,20240915
S05/20240915/00003,1,P105507,2,20.37,SALE,2024-09-15T19:31:15,S05,20240915
S05/20240915/00003,2,P104404,2,890.27,SALE,2024-09-15T19:31:15,S05,20240915
S05/20240915/00003,3,P101458,1,1365.07,SALE,2024-09-15T19:31:15,S05,20240915
S05/20240915/00003,4,P106207,2,459.95,SALE,2024-09-15T19:31:15,S05,20240915
S05/20240915/00003,5,P107115,1,172.62,SALE,2024-09-15T19:31:15,S05,20240915
S05/20240915/00003,6,TAX,1,387.88,TAX,2024-09-15T19:31:15,S05,20240915
S05/20240915/00003,7,TENDER,1,4666.75,TENDER,2024-09-15T19:31:15,S05,20240915
S05/20240915/00004,1,P101674,2,373.95,SALE,2024-09-15T15:07:35,S05,20240915
S05/20240915/00004,2,P105531,3,502.91,SALE,2024-09-15T15:07:35,S05,20240915
S05/20240915/00004,3,P103012,3,240.75,SALE,2024-09-15T15:07:35,S05,20240915
S05/20240915/00004,4,P106221,2,31.65,SALE,2024-09-15T15:07:35,S05,20240915
S05/20240915/00004,5,P105209,3,399.92,SALE,2024-09-15T15:07:35,S05,20240915
S05/20240915/00004,6,TAX,1,629.69,TAX,2024-09-15T15:07:35,S05,20240915
S05/20240915/00004,7,TENDER,1,4871.63,TENDER,2024-09-15T15:07:35,S05,20240915
S05/20240915/00005,1,P104676,1,87.52,SALE,2024-09-15T15:15:05,S05,20240915
S05/20240915/00005,2,P105827,3,104.04,SALE,2024-09-15T15:15:05,S05,20240915
S05/20240915/00005,3,P103202,2,295.26,SALE,2024-09-15T15:15:05,S05,20240915
S05/20240915/00005,4,TAX,1,102.22,TAX,2024-09-15T15:15:05,S05,20240915
S05/20240915/00005,5,TENDER,1,1092.38,TENDER,2024-09-15T15:15:05,S05,20240915
S05/20240915/00006,1,P102772,5,151.97,SALE,2024-09-15T18:56:54,S05,20240915
S05/20240915/00006,2,P102707,2,440.21,SALE,2024-09-15T18:56:54,S05,20240915
S05/20240915/00006,3,P101419,1,195.72,SALE,2024-09-15T18:56:54,S05,20240915
S05/20240915/00006,4,P103864,2,452.72,SALE,2024-09-15T18:56:54,S05,20240915
S05/20240915/00006,5,TAX,1,212.40,TAX,2024-09-15T18:56:54,S05,20240915
S05/20240915/00006,6,TENDER,1,2953.83,TENDER,2024-09-15T18:56:54,S05,20240915
S05/20240915/00007,1,P107899,2,197.21,SALE,2024-09-15T12:26:41,S05,20240915
S05/20240915/00007,2,P106773,1,397.71,SALE,2024-09-15T12:26:41,S05,20240915
S05/20240915/00007,3,P102609,3,183.47,SALE,2024-09-15T12:26:41,S05,20240915
S05/20240915/00007,4,P101697,6,102.34,SALE,2024-09-15T12:26:41,S05,20240915
S05/20240915/00007,5,P104802,1,194.24,SALE,2024-09-15T12:26:41,S05,20240915
S05/20240915/00007,6,P102744,2,98.75,SALE,2024-09-15T12:26:41,S05,20240915
S05/20240915/00007,7,P104023,1,630.48,SALE,2024-09-15T12:26:41,S05,20240915
S05/20240915/00007,8,TAX,1,233.72,TAX,2024-09-15T12:26:41,S05,20240915
S05/20240915/00007,9,TENDER,1,3212.52,TENDER,2024-09-15T12:26:41,S05,20240915
S05/20240915/00008,1,P103012,2,240.75,SALE,2024-09-15T18:54:15,S05,20240915
S05/20240915/00008,2,TAX,1,57.78,TAX,2024-09-15T18:54:15,S05,20240915
S05/20240915/00008,3,TENDER,1,539.28,TENDER,2024-09-15T18:54:15,S05,20240915
S05/20240915/00009,1,P103188,2,30.16,SALE,2024-09-15T15:55:41,S05,20240915
S05/20240915/00009,2,P101404,1,213.08,SALE,2024-09-15T15:55:41,S05,20240915
S05/20240915/00009,3,P104155,1,144.69,SALE,2024-09-15T15:55:41,S05,20240915
S05/20240915/00009,4,P103904,2,1081.09,SALE,2024-09-15T15:55:41,S05,20240915
S05/20240915/00009,5,P106200,1,117.95,SALE,2024-09-15T15:55:41,S05,20240915
S05/20240915/00009,6,TAX,1,143.77,TAX,2024-09-15T15:55:41,S05,20240915
S05/20240915/00009,7,TENDER,1,2841.99,TENDER,2024-09-15T15:55:41,S05,20240915
S05/20240915/00010,1,P104811,1,108.16,SALE,2024-09-15T17:00:10,S05,20240915
S05/20240915/00010,2,P107432,1,45.60,SALE,2024-09-15T17:00:10,S05,20240915
S05/20240915/00010,3,P108050,1,1166.49,SALE,2024-09-15T17:00:10,S05,20240915
S05/20240915/00010,4,TAX,1,80.07,TAX,2024-09-15T17:00:10,S05,20240915
S05/20240915/00010,5,TENDER,1,1400.32,TENDER,2024-09-15T17:00:10,S05,20240915
S05/20240915/00011,1,P105003,2,285.67,SALE,2024-09-15T21:03:47,S05,20240915
S05/20240915/00011,2,P105201,2,331.23,SALE,2024-09-15T21:03:47,S05,20240915
S05/20240915/00011,3,P101968,2,12.46,SALE,2024-09-15T21:03:47,S05,20240915
S05/20240915/00011,4,P104175,2,814.13,SALE,2024-09-15T21:03:47,S05,20240915
S05/20240915/00011,5,P103871,2,196.47,SALE,2024-09-15T21:03:47,S05,20240915
S05/20240915/00011,6,P106989,1,26.75,SALE,2024-09-15T21:03:47,S05,20240915
S05/20240915/00011,7,TAX,1,164.91,TAX,2024-09-15T21:03:47,S05,20240915
S05/20240915/00011,8,TENDER,1,3471.58,TENDER,2024-09-15T21:03:47,S05,20240915
S05/20240915/00012,1,P105119,3,100.30,SALE,2024-09-15T21:41:06,S05,20240915
S05/20240915/00012,2,P102175,1,191.56,SALE,2024-09-15T21:41:06,S05,20240915
S05/20240915/00012,3,P102671,2,252.00,SALE,2024-09-15T21:41:06,S05,20240915
S05/20240915/00012,4,P103406,1,1248.48,SALE,2024-09-15T21:41:06,S05,20240915
S05/20240915/00012,5,P102510,2,37.13,SALE,2024-09-15T21:41:06,S05,20240915
S05/20240915/00012,6,TAX,1,303.61,TAX,2024-09-15T21:41:06,S05,20240915
S05/20240915/00012,7,TENDER,1,2622.81,TENDER,2024-09-15T21:41:06,S05,20240915
S05/20240915/00013,1,P103035,1,1201.33,SALE,2024-09-15T11:46:48,S05,20240915
S05/20240915/00013,2,P103374,2,34.95,SALE,2024-09-15T11:46:48,S05,20240915
S05/20240915/00013,3,P107609,1,108.46,SALE,2024-09-15T11:46:48,S05,20240915
S05/20240915/00013,4,P103934,3,284.79,SALE,2024-09-15T11:46:48,S05,20240915
S05/20240915/00013,5,TAX,1,245.96,TAX,2024-09-15T11:46:48,S05,20240915
S05/20240915/00013,6,TENDER,1,2480.02,TENDER,2024-09-15T11:46:48,S05,20240915
S05/20240915/00014,1,P103794,2,729.86,SALE,2024-09-15T11:28:26,S05,20240915
S05/20240915/00014,2,P103004,2,82.09,SALE,2024-09-15T11:28:26,S05,20240915
S05/20240915/00014,3,P104064,3,326.15,SALE,2024-09-15T11:28:26,S05,20240915
S05/20240915/00014,4,P104718,3,364.54,SALE,2024-09-15T11:28:26,S05,20240915
S05/20240915/00014,5,P102581,2,189.36,SALE,2024-09-15T11:28:26,S05,20240915
S05/20240915/00014,6,P101152,1,478.44,SALE,2024-09-15T11:28:26,S05,20240915
S05/20240915/00014,7,P105490,2,154.49,SALE,2024-09-15T11:28:26,S05,20240915
S05/20240915/00014,8,TAX,1,490.52,TAX,2024-09-15T11:28:26,S05,20240915
S05/20240915/00014,9,TENDER,1,5352.63,TENDER,2024-09-15T11:28:26,S05,20240915
S05/20240915/00015,1,P105106,4,98.60,SALE,2024-09-15T10:39:59,S05,20240915
S05/20240915/00015,2,P101410,2,958.72,SALE,2024-09-15T10:39:59,S05,20240915
S05/20240915/00015,3,P103978,3,347.08,SALE,2024-09-15T10:39:59,S05,20240915
S05/20240915/00015,4,P105440,1,107.89,SALE,2024-09-15T10:39:59,S05,20240915
S05/20240915/00015,5,P100164,1,594.91,SALE,2024-09-15T10:39:59,S05,20240915
S05/20240915/00015,6,TAX,1,465.63,TAX,2024-09-15T10:39:59,S05,20240915
S05/20240915/00015,7,TENDER,1,4521.51,TENDER,2024-09-15T10:39:59,S05,20240915
S05/20240915/00016,1,P100869,4,62.15,SALE,2024-09-15T13:27:13,S05,20240915
S05/20240915/00016,2,P104462,2,86.38,SALE,2024-09-15T13:27:13,S05,20240915
S05/20240915/00016,3,P107197,4,669.72,SALE,2024-09-15T13:27:13,S05,20240915
S05/20240915/00016,4,P102353,1,139.83,SALE,2024-09-15T13:27:13,S05,20240915
S05/20240915/00016,5,TAX,1,527.66,TAX,2024-09-15T13:27:13,S05,20240915
S05/20240915/00016,6,TENDER,1,3767.73,TENDER,2024-09-15T13:27:13,S05,20240915
S05/20240915/00017,1,P107667,2,367.93,SALE,2024-09-15T15:10:40,S05,20240915
S05/20240915/00017,2,P107362,3,69.39,SALE,2024-09-15T15:10:40,S05,20240915
S05/20240915/00017,3,P107890,2,133.07,SALE,2024-09-15T15:10:40,S05,20240915
S05/20240915/00017,4,TAX,1,139.08,TAX,2024-09-15T15:10:40,S05,20240915
S05/20240915/00017,5,TENDER,1,1349.25,TENDER,2024-09-15T15:10:40,S05,20240915
S05/20240915/00018,1,P104811,2,108.16,SALE,2024-09-15T18:06:02,S05,20240915
S05/20240915/00018,2,P102122,1,129.27,SALE,2024-09-15T18:06:02,S05,20240915
S05/20240915/00018,3,P104097,3,319.17,SALE,2024-09-15T18:06:02,S05,20240915
S05/20240915/00018,4,P101839,3,402.65,SALE,2024-09-15T18:06:02,S05,20240915
S05/20240915/00018,5,P103719,2,957.52,SALE,2024-09-15T18:06:02,S05,20240915
S05/20240915/00018,6,P107621,3,119.64,SALE,2024-09-15T18:06:02,S05,20240915
S05/20240915/00018,7,P105201,2,331.23,SALE,2024-09-15T18:06:02,S05,20240915
S05/20240915/00018,8,DISC,1,-245.94,DISCOUNT,2024-09-15T18:06:02,S05,20240915
S05/20240915/00018,9,TAX,1,558.58,TAX,2024-09-15T18:06:02,S05,20240915
S05/20240915/00018,10,TENDER,1,5760.11,TENDER,2024-09-15T18:06:02,S05,20240915
S05/20240915/00019,1,P106143,1,60.82,SALE,2024-09-15T14:11:17,S05,20240915
S05/20240915/00019,2,P100203,1,272.10,SALE,2024-09-15T14:11:17,S05,20240915
S05/20240915/00019,3,P103137,1,218.09,SALE,2024-09-15T14:11:17,S05,20240915
S05/20240915/00019,4,TAX,1,50.72,TAX,2024-09-15T14:11:17,S05,20240915
S05/20240915/00019,5,TENDER,1,601.73,TENDER,2024-09-15T14:11:17,S05,20240915
S05/20240915/00020,1,P100864,1,193.24,SALE,2024-09-15T15:24:19,S05,20240915
S05/20240915/00020,2,P106710,2,98.77,SALE,2024-09-15T15:24:19,S05,20240915
S05/20240915/00020,3,P101911,2,1431.80,SALE,2024-09-15T15:24:19,S05,20240915
S05/20240915/00020,4,P101052,3,198.99,SALE,2024-09-15T15:24:19,S05,20240915
S05/20240915/00020,5,P101923,3,484.95,SALE,2024-09-15T15:24:19,S05,20240915
S05/20240915/00020,6,P102794,1,416.24,SALE,2024-09-15T15:24:19,S05,20240915
S05/20240915/00020,7,P105589,2,90.25,SALE,2024-09-15T15:24:19,S05,20240915
S05/20240915/00020,8,P104361,2,1458.35,SALE,2024-09-15T15:24:19,S05,20240915
S05/20240915/00020,9,P105897,1,249.03,SALE,2024-09-15T15:24:19,S05,20240915
S05/20240915/00020,10,P104372,4,105.38,SALE,2024-09-15T15:24:19,S05,20240915
S05/20240915/00020,11,TAX,1,873.12,TAX,2024-09-15T15:24:19,S05,20240915
S05/20240915/00020,12,TENDER,1,10363.31,TENDER,2024-09-15T15:24:19,S05,20240915
S05/20240915/00021,1,P102207,3,342.36,SALE,2024-09-15T14:53:58,S05,20240915
S05/20240915/00021,2,P105553,3,764.76,SALE,2024-09-15T14:53:58,S05,20240915
S05/20240915/00021,3,P101779,2,198.09,SALE,2024-09-15T14:53:58,S05,20240915
S05/20240915/00021,4,P105684,1,1114.27,SALE,2024-09-15T14:53:58,S05,20240915
S05/20240915/00021,5,P107047,2,413.27,SALE,2024-09-15T14:53:58,S05,20240915
S05/20240915/00021,6,P103354,3,894.50,SALE,2024-09-15T14:53:58,S05,20240915
S05/20240915/00021,7,P103040,2,410.59,SALE,2024-09-15T14:53:58,S05,20240915
S05/20240915/00021,8,DISC,1,-206.91,DISCOUNT,2024-09-15T14:53:58,S05,20240915
S05/20240915/00021,9,TAX,1,704.80,TAX,2024-09-15T14:53:58,S05,20240915
S05/20240915/00021,10,TENDER,1,9660.92,TENDER,2024-09-15T14:53:58,S05,20240915
S05/20240915/00022,1,P105518,1,729.30,SALE,2024-09-15T23:04:30,S05,20240915
S05/20240915/00022,2,P104358,1,1243.57,SALE,2024-09-15T23:04:30,S05,20240915
S05/20240915/00022,3,TAX,1,280.50,TAX,2024-09-15T23:04:30,S05,20240915
S05/20240915/00022,4,TENDER,1,2253.37,TENDER,2024-09-15T23:04:30,S05,20240915
S05/20240915/00023,1,P105541,3,196.86,SALE,2024-09-15T16:54:17,S05,20240915
S05/20240915/00023,2,P104600,3,56.45,SALE,2024-09-15T16:54:17,S05,20240915
S05/20240915/00023,3,P101492,1,113.44,SALE,2024-09-15T16:54:17,S05,20240915
S05/20240915/00023,4,TAX,1,135.19,TAX,2024-09-15T16:54:17,S05,20240915
S05/20240915/00023,5,TENDER,1,1008.56,TENDER,2024-09-15T16:54:17,S05,20240915
S05/20240915/00024,1,P103693,3,102.71,SALE,2024-09-15T19:04:25,S05,20240915
S05/20240915/00024,2,P103319,2,356.46,SALE,2024-09-15T19:04:25,S05,20240915
S05/20240915/00024,3,P100183,2,1493.10,SALE,2024-09-15T19:04:25,S05,20240915
S05/20240915/00024,4,P107422,2,193.56,SALE,2024-09-15T19:04:25,S05,20240915
S05/20240915/00024,5,P100221,2,139.88,SALE,2024-09-15T19:04:25,S05,20240915
S05/20240915/00024,6,P107597,2,519.83,SALE,2024-09-15T19:04:25,S05,20240915
S05/20240915/00024,7,P100855,1,345.07,SALE,2024-09-15T19:04:25,S05,20240915
S05/20240915/00024,8,TAX,1,561.01,TAX,2024-09-15T19:04:25,S05,20240915
S05/20240915/00024,9,TENDER,1,6619.87,TENDER,2024-09-15T19:04:25,S05,20240915
S05/20240915/00025,1,P100019,1,64.89,SALE,2024-09-15T19:52:30,S05,20240915
S05/20240915/00025,2,P106679,3,181.66,SALE,2024-09-15T19:52:30,S05,20240915
S05/20240915/00025,3,TAX,1,11.68,TAX,2024-09-15T19:52:30,S05,20240915
S05/20240915/00025,4,TENDER,1,621.55,TENDER,2024-09-15T19:52:30,S05,20240915
S05/20240915/00026,1,P106955,1,204.37,SALE,2024-09-15T14:18:13,S05,20240915
S05/20240915/00026,2,P104168,2,512.27,SALE,2024-09-15T14:18:13,S05,20240915
S05/20240915/00026,3,P108135,3,539.95,SALE,2024-09-15T14:18:13,S05,20240915
S05/20240915/00026,4,TAX,1,61.45,TAX,2024-09-15T14:18:13,S05,20240915
S05/20240915/00026,5,TENDER,1,2910.21,TENDER,2024-09-15T14:18:13,S05,20240915
S05/20240915/00027,1,P101851,2,1750.29,SALE,2024-09-15T17:20:22,S05,20240915
S05/20240915/00027,2,P108026,1,103.54,SALE,2024-09-15T17:20:22,S05,20240915
S05/20240915/00027,3,P107654,4,409.57,SALE,2024-09-15T17:20:22,S05,20240915
S05/20240915/00027,4,DISC,1,-515.72,DISCOUNT,2024-09-15T17:20:22,S05,20240915
S05/20240915/00027,5,TAX,1,194.06,TAX,2024-09-15T17:20:22,S05,20240915
S05/20240915/00027,6,TENDER,1,4920.74,TENDER,2024-09-15T17:20:22,S05,20240915
S05/20240915/00028,1,P105656,3,516.52,SALE,2024-09-15T20:09:03,S05,20240915
S05/20240915/00028,2,P108397,1,286.03,SALE,2024-09-15T20:09:03,S05,20240915
S05/20240915/00028,3,P103510,1,196.86,SALE,2024-09-15T20:09:03,S05,20240915
S05/20240915/00028,4,P102744,2,98.75,SALE,2024-09-15T20:09:03,S05,20240915
S05/20240915/00028,5,P104772,2,342.57,SALE,2024-09-15T20:09:03,S05,20240915
S05/20240915/00028,6,P106336,2,456.47,SALE,2024-09-15T20:09:03,S05,20240915
S05/20240915/00028,7,TAX,1,341.70,TAX,2024-09-15T20:09:03,S05,20240915
S05/20240915/00028,8,TENDER,1,4169.73,TENDER,2024-09-15T20:09:03,S05,20240915
S05/20240915/00029,1,P102993,2,299.71,SALE,2024-09-15T20:39:22,S05,20240915
S05/20240915/00029,2,P102335,2,94.24,SALE,2024-09-15T20:39:22,S05,20240915
S05/20240915/00029,3,P106162,2,527.95,SALE,2024-09-15T20:39:22,S05,20240915
S05/20240915/00029,4,P105236,2,552.60,SALE,2024-09-15T20:39:22,S05,20240915
S05/20240915/00029,5,P103816,4,209.63,SALE,2024-09-15T20:39:22,S05,20240915
S05/20240915/00029,6,P103281,3,163.32,SALE,2024-09-15T20:39:22,S05,20240915
S05/20240915/00029,7,P100924,3,49.24,SALE,2024-09-15T20:39:22,S05,20240915
S05/20240915/00029,8,TAX,1,462.24,TAX,2024-09-15T20:39:22,S05,20240915
S05/20240915/00029,9,TENDER,1,4887.44,TENDER,2024-09-15T20:39:22,S05,20240915
S05/20240915/00030,1,P106563,1,426.95,SALE,2024-09-15T16:18:51,S05,20240915
S05/20240915/00030,2,P103299,1,220.95,SALE,2024-09-15T16:18:51,S05,20240915
S05/20240915/00030,3,P100771,1,820.85,SALE,2024-09-15T16:18:51,S05,20240915
S05/20240915/00030,4,TAX,1,189.51,TAX,2024-09-15T16:18:51,S05,20240915
S05/20240915/00030,5,TENDER,1,1658.26,TENDER,2024-09-15T16:18:51,S05,20240915
S05/20240915/00031,1,P104700,1,1425.82,SALE,2024-09-15T18:25:23,S05,20240915
S05/20240915/00031,2,P103806,2,319.17,SALE,2024-09-15T18:25:23,S05,20240915
S05/20240915/00031,3,P108356,3,206.87,SALE,2024-09-15T18:25:23,S05,20240915
S05/20240915/00031,4,P101367,2,485.76,SALE,2024-09-15T18:25:23,S05,20240915
S05/20240915/00031,5,P100140,2,61.44,SALE,2024-09-15T18:25:23,S05,20240915
S05/20240915/00031,6,TAX,1,271.47,TAX,2024-09-15T18:25:23,S05,20240915
S05/20240915/00031,7,TENDER,1,4050.64,TENDER,2024-09-15T18:25:23,S05,20240915
S05/20240915/00032,1,P101660,2,193.14,SALE,2024-09-15T19:24:48,S05,20240915
S05/20240915/00032,2,P102436,4,243.03,SALE,2024-09-15T19:24:48,S05,20240915
S05/20240915/00032,3,TAX,1,194.30,TAX,2024-09-15T19:24:48,S05,20240915
S05/20240915/00032,4,TENDER,1,1552.70,TENDER,2024-09-15T19:24:48,S05,20240915
S05/20240915/00033,1,P107639,2,128.49,SALE,2024-09-15T11:41:00,S05,20240915
S05/20240915/00033,2,P103081,2,480.46,SALE,2024-09-15T11:41:00,S05,20240915
S05/20240915/00033,3,P102342,2,107.02,SALE,2024-09-15T11:41:00,S05,20240915
S05/20240915/00033,4,P101190,3,89.25,SALE,2024-09-15T11:41:00,S05,20240915
S05/20240915/00033,5,P106093,2,315.93,SALE,2024-09-15T11:41:00,S05,20240915
S05/20240915/00033,6,TAX,1,353.51,TAX,2024-09-15T11:41:00,S05,20240915
S05/20240915/00033,7,TENDER,1,2685.06,TENDER,2024-09-15T11:41:00,S05,20240915
S05/20240915/00034,1,P106330,4,199.12,SALE,2024-09-15T09:42:10,S05,20240915
S05/20240915/00034,2,P108125,2,129.06,SALE,2024-09-15T09:42:10,S05,20240915
S05/20240915/00034,3,TAX,1,143.37,TAX,2024-09-15T09:42:10,S05,20240915
S05/20240915/00034,4,TENDER,1,1197.97,TENDER,2024-09-15T09:42:10,S05,20240915
S05/20240915/00035,1,P103704,1,172.20,SALE,2024-09-15T17:20:05,S05,20240915
S05/20240915/00035,2,P102691,2,219.72,SALE,2024-09-15T17:20:05,S05,20240915
S05/20240915/00035,3,P108041,4,368.87,SALE,2024-09-15T17:20:05,S05,20240915
S05/20240915/00035,4,P105294,1,126.15,SALE,2024-09-15T17:20:05,S05,20240915
S05/20240915/00035,5,P106072,2,78.69,SALE,2024-09-15T17:20:05,S05,20240915
S05/20240915/00035,6,P100250,2,544.91,SALE,2024-09-15T17:20:05,S05,20240915
S05/20240915/00035,7,TAX,1,326.11,TAX,2024-09-15T17:20:05,S05,20240915
S05/20240915/00035,8,TENDER,1,3786.58,TENDER,2024-09-15T17:20:05,S05,20240915
S05/20240915/00036,1,P108041,4,368.87,SALE,2024-09-15T13:27:36,S05,20240915
S05/20240915/00036,2,P102559,2,86.19,SALE,2024-09-15T13:27:36,S05,20240915
S05/20240915/00036,3,P101023,2,213.62,SALE,2024-09-15T13:27:36,S05,20240915
S05/20240915/00036,4,P100850,1,172.84,SALE,2024-09-15T13:27:36,S05,20240915
S05/20240915/00036,5,P100194,1,42.41,SALE,2024-09-15T13:27:36,S05,20240915
S05/20240915/00036,6,TAX,1,235.41,TAX,2024-09-15T13:27:36,S05,20240915
S05/20240915/00036,7,TENDER,1,2525.76,TENDER,2024-09-15T13:27:36,S05,20240915
S05/20240915/00037,1,P106452,3,31.15,SALE,2024-09-15T16:23:35,S05,20240915
S05/20240915/00037,2,P102954,2,129.98,SALE,2024-09-15T16:23:35,S05,20240915
S05/20240915/00037,3,TAX,1,35.87,TAX,2024-09-15T16:23:35,S05,20240915
S05/20240915/00037,4,TENDER,1,389.28,TENDER,2024-09-15T16:23:35,S05,20240915
S05/20240915/00038,1,P105524,1,77.90,SALE,2024-09-15T16:45:22,S05,20240915
S05/20240915/00038,2,P103144,3,145.27,SALE,2024-09-15T16:45:22,S05,20240915
S05/20240915/00038,3,P102219,2,726.06,SALE,2024-09-15T16:45:22,S05,20240915
S05/20240915/00038,4,P108082,2,236.40,SALE,2024-09-15T16:45:22,S05,20240915
S05/20240915/00038,5,P104202,3,153.74,SALE,2024-09-15T16:45:22,S05,20240915
S05/20240915/00038,6,TAX,1,193.52,TAX,2024-09-15T16:45:22,S05,20240915
S05/20240915/00038,7,TENDER,1,3093.37,TENDER,2024-09-15T16:45:22,S05,20240915
S05/20240915/00039,1,P104257,1,42.95,SALE,2024-09-15T20:27:59,S05,20240915
S05/20240915/00039,2,P100509,4,151.84,SALE,2024-09-15T20:27:59,S05,20240915
S05/20240915/00039,3,TAX,1,32.52,TAX,2024-09-15T20:27:59,S05,20240915
S05/20240915/00039,4,TENDER,1,682.83,TENDER,2024-09-15T20:27:59,S05,20240915
S05/20240915/00040,1,P100348,5,513.95,SALE,2024-09-15T12:16:57,S05,20240915
S05/20240915/00040,2,P101570,3,288.76,SALE,2024-09-15T12:16:57,S05,20240915
S05/20240915/00040,3,TAX,1,232.44,TAX,2024-09-15T12:16:57,S05,20240915
S05/20240915/00040,4,TENDER,1,3668.47,TENDER,2024-09-15T12:16:57,S05,20240915
S05/20240915/00041,1,P102324,3,194.59,SALE,2024-09-16T00:56:11,S05,20240915
S05/20240915/00041,2,P100509,1,151.84,SALE,2024-09-16T00:56:11,S05,20240915
S05/20240915/00041,3,P104155,2,144.69,SALE,2024-09-16T00:56:11,S05,20240915
S05/20240915/00041,4,P104011,1,657.72,SALE,2024-09-16T00:56:11,S05,20240915
S05/20240915/00041,5,TAX,1,69.67,TAX,2024-09-16T00:56:11,S05,20240915
S05/20240915/00041,6,TENDER,1,1752.38,TENDER,2024-09-16T00:56:11,S05,20240915
S05/20240915/00042,1,P106067,1,444.09,SALE,2024-09-15T18:36:46,S05,20240915
S05/20240915/00042,2,P105365,4,420.06,SALE,2024-09-15T18:36:46,S05,20240915
S05/20240915/00042,3,P103035,1,1201.33,SALE,2024-09-15T18:36:46,S05,20240915
S05/20240915/00042,4,P106084,2,592.14,SALE,2024-09-15T18:36:46,S05,20240915
S05/20240915/00042,5,P104175,2,814.13,SALE,2024-09-15T18:36:46,S05,20240915
S05/20240915/00042,6,P102236,3,928.51,SALE,2024-09-15T18:36:46,S05,20240915
S05/20240915/00042,7,TAX,1,482.39,TAX,2024-09-15T18:36:46,S05,20240915
S05/20240915/00042,8,TENDER,1,9406.12,TENDER,2024-09-15T18:36:46,S05,20240915
S05/20240916/00001,1,P105083,3,245.38,SALE,2024-09-16T10:00:02,S05,20240916
S05/20240916/00001,2,P107119,3,16.65,SALE,2024-09-16T10:00:02,S05,20240916
S05/20240916/00001,3,P107536,1,1613.47,SALE,2024-09-16T10:00:02,S05,20240916
S05/20240916/00001,4,P107542,3,162.57,SALE,2024-09-16T10:00:02,S05,20240916
S05/20240916/00001,5,P101789,2,391.48,SALE,2024-09-16T10:00:02,S05,20240916
S05/20240916/00001,6,TAX,1,180.64,TAX,2024-09-16T10:00:02,S05,20240916
S05/20240916/00001,7,TENDER,1,3850.87,TENDER,2024-09-16T10:00:02,S05,20240916
S05/20240916/00002,1,P103340,2,466.84,SALE,2024-09-16T13:57:14,S05,20240916
S05/20240916/00002,2,P102718,1,333.45,SALE,2024-09-16T13:57:14,S05,20240916
S05/20240916/00002,3,P105075,1,49.58,SALE,2024-09-16T13:57:14,S05,20240916
S05/20240916/00002,4,P106169,4,221.89,SALE,2024-09-16T13:57:14,S05,20240916
S05/20240916/00002,5,P105797,1,254.07,SALE,2024-09-16T13:57:14,S05,20240916
S05/20240916/00002,6,TAX,1,442.50,TAX,2024-09-16T13:57:14,S05,20240916
S05/20240916/00002,7,TENDER,1,2900.84,TENDER,2024-09-16T13:57:14,S05,20240916
S05/20240916/00003,1,P102993,1,299.71,SALE,2024-09-16T18:07:25,S05,20240916
S05/20240916/00003,2,P105656,4,516.52,SALE,2024-09-16T18:07:25,S05,20240916
S05/20240916/00003,3,P101004,4,324.97,SALE,2024-09-16T18:07:25,S05,20240916
S05/20240916/00003,4,DISC,1,-241.16,DISCOUNT,2024-09-16T18:07:25,S05,20240916
S05/20240916/00003,5,TAX,1,74.72,TAX,2024-09-16T18:07:25,S05,20240916
S05/20240916/00003,6,TENDER,1,3499.23,TENDER,2024-09-16T18:07:25,S05,20240916
S05/20240916/00004,1,P106464,1,271.59,SALE,2024-09-16T17:34:36,S05,20240916
S05/20240916/00004,2,P102342,1,107.02,SALE,2024-09-16T17:34:36,S05,20240916
S05/20240916/00004,3,P106162,1,527.95,SALE,2024-09-16T17:34:36,S05,20240916
S05/20240916/00004,4,P101669,1,53.28,SALE,2024-09-16T17:34:36,S05,20240916
S05/20240916/00004,5,P106745,2,621.98,SALE,2024-09-16T17:34:36,S05,20240916
S05/20240916/00004,6,TAX,1,272.01,TAX,2024-09-16T17:34:36,S05,20240916
S05/20240916/00004,7,TENDER,1,2475.81,TENDER,2024-09-16T17:34:36,S05,20240916
S05/20240916/00005,1,P101570,2,288.76,SALE,2024-09-16T11:14:36,S05,20240916
S05/20240916/00005,2,P102452,2,176.54,SALE,2024-09-16T11:14:36,S05,20240916
S05/20240916/00005,3,P101283,2,263.48,SALE,2024-09-16T11:14:36,S05,20240916
S05/20240916/00005,4,P100233,1,67.07,SALE,2024-09-16T11:14:36,S05,20240916
S05/20240916/00005,5,P102193,2,343.13,SALE,2024-09-16T11:14:36,S05,20240916
S05/20240916/00005,6,TAX,1,308.69,TAX,2024-09-16T11:14:36,S05,20240916
S05/20240916/00005,7,TENDER,1,2519.58,TENDER,2024-09-16T11:14:36,S05,20240916
S05/20240916/00006,1,P101421,2,112.02,SALE,2024-09-16T19:34:18,S05,20240916
S05/20240916/00006,2,P106258,4,423.67,SALE,2024-09-16T19:34:18,S05,20240916
S05/20240916/00006,3,P108135,1,539.95,SALE,2024-09-16T19:34:18,S05,20240916
S05/20240916/00006,4,P103004,3,82.09,SALE,2024-09-16T19:34:18,S05,20240916
S05/20240916/00006,5,P106907,1,321.26,SALE,2024-09-16T19:34:18,S05,20240916
S05/20240916/00006,6,TAX,1,137.37,TAX,2024-09-16T19:34:18,S05,20240916
S05/20240916/00006,7,TENDER,1,3163.57,TENDER,2024-09-16T19:34:18,S05,20240916
S05/20240916/00007,1,P101283,1,263.48,SALE,2024-09-16T15:10:58,S05,20240916
S05/20240916/00007,2,P103484,3,109.59,SALE,2024-09-16T15:10:58,S05,20240916
S05/20240916/00007,3,P103262,2,54.76,SALE,2024-09-16T15:10:58,S05,20240916
S05/20240916/00007,4,P100803,1,278.56,SALE,2024-09-16T15:10:58,S05,20240916
S05/20240916/00007,5,P102243,1,133.95,SALE,2024-09-16T15:10:58,S05,20240916
S05/20240916/00007,6,P102353,2,139.83,SALE,2024-09-16T15:10:58,S05,20240916
S05/20240916/00007,7,P102623,2,107.54,SALE,2024-09-16T15:10:58,S05,20240916
S05/20240916/00007,8,TAX,1,172.50,TAX,2024-09-16T15:10:58,S05,20240916
S05/20240916/00007,9,TENDER,1,1781.52,TENDER,2024-09-16T15:10:58,S05,20240916
S05/20240916/00008,1,P101547,3,66.03,SALE,2024-09-16T19:38:27,S05,20240916
S05/20240916/00008,2,P102160,1,243.78,SALE,2024-09-16T19:38:27,S05,20240916
S05/20240916/00008,3,P108326,3,473.88,SALE,2024-09-16T19:38:27,S05,20240916
S05/20240916/00008,4,TAX,1,209.75,TAX,2024-09-16T19:38:27,S05,20240916
S05/20240916/00008,5,TENDER,1,2073.26,TENDER,2024-09-16T19:38:27,S05,20240916
S05/20240916/00009,1,P100140,4,61.44,SALE,2024-09-16T10:44:06,S05,20240916
S05/20240916/00009,2,P105988,1,29.57,SALE,2024-09-16T10:44:06,S05,20240916
S05/20240916/00009,3,P106244,1,73.94,SALE,2024-09-16T10:44:06,S05,20240916
S05/20240916/00009,4,P108131,3,619.79,SALE,2024-09-16T10:44:06,S05,20240916
S05/20240916/00009,5,P104544,3,104.46,SALE,2024-09-16T10:44:06,S05,20240916
S05/20240916/00009,6,P107623,2,442.34,SALE,2024-09-16T10:44:06,S05,20240916
S05/20240916/00009,7,P102585,3,516.36,SALE,2024-09-16T10:44:06,S05,20240916
S05/20240916/00009,8,TAX,1,399.92,TAX,2024-09-16T10:44:06,S05,20240916
S05/20240916/00009,9,TENDER,1,5355.70,TENDER,2024-09-16T10:44:06,S05,20240916
S05/20240916/00010,1,P105201,1,331.23,SALE,2024-09-16T16:19:39,S05,20240916
S05/20240916/00010,2,P103654,4,481.76,SALE,2024-09-16T16:19:39,S05,20240916
S05/20240916/00010,3,P102691,4,219.72,SALE,2024-09-16T16:19:39,S05,20240916
S05/20240916/00010,4,TAX,1,156.86,TAX,2024-09-16T16:19:39,S05,20240916
S05/20240916/00010,5,TENDER,1,3294.01,TENDER,2024-09-16T16:19:39,S05,20240916
S05/20240916/00011,1,P102963,2,415.64,SALE,2024-09-16T12:38:07,S05,20240916
S05/20240916/00011,2,P106830,2,103.94,SALE,2024-09-16T12:38:07,S05,20240916
S05/20240916/00011,3,P101242,3,83.48,SALE,2024-09-16T12:38:07,S05,20240916
S05/20240916/00011,4,TAX,1,232.13,TAX,2024-09-16T12:38:07,S05,20240916
S05/20240916/00011,5,TENDER,1,1521.73,TENDER,2024-09-16T12:38:07,S05,20240916
S05/20240916/00012,1,P101106,3,542.84,SALE,2024-09-16T14:21:58,S05,20240916
S05/20240916/00012,2,P104334,1,294.34,SALE,2024-09-16T14:21:58,S05,20240916
S05/20240916/00012,3,P101018,1,141.83,SALE,2024-09-16T14:21:58,S05,20240916
S05/20240916/00012,4,P105400,2,53.13,SALE,2024-09-16T14:21:58,S05,20240916
S05/20240916/00012,5,TAX,1,115.27,TAX,2024-09-16T14:21:58,S05,20240916
S05/20240916/00012,6,TENDER,1,2286.22,TENDER,2024-09-16T14:21:58,S05,20240916
S05/20240916/00013,1,P105453,4,439.19,SALE,2024-09-16T13:32:11,S05,20240916
S05/20240916/00013,2,P105698,1,194.14,SALE,2024-09-16T13:32:11,S05,20240916
S05/20240916/00013,3,P101779,1,198.09,SALE,2024-09-16T13:32:11,S05,20240916
S05/20240916/00013,4,TAX,1,361.07,TAX,2024-09-16T13:32:11,S05,20240916
S05/20240916/00013,5,TENDER,1,2510.06,TENDER,2024-09-16T13:32:11,S05,20240916
S05/20240916/00014,1,P103374,1,34.95,SALE,2024-09-16T11:27:20,S05,20240916
S05/20240916/00014,2,P108206,1,81.62,SALE,2024-09-16T11:27:20,S05,20240916
S05/20240916/00014,3,P106773,4,397.71,SALE,2024-09-16T11:27:20,S05,20240916
S05/20240916/00014,4,P101530,2,576.50,SALE,2024-09-16T11:27:20,S05,20240916
S05/20240916/00014,5,DISC,1,-116.17,DISCOUNT,2024-09-16T11:27:20,S05,20240916
S05/20240916/00014,6,TAX,1,479.87,TAX,2024-09-16T11:27:20,S05,20240916
S05/20240916/00014,7,TENDER,1,3224.11,TENDER,2024-09-16T11:27:20,S05,20240916
S05/20240916/00015,1,P103577,3,100.44,SALE,2024-09-16T14:42:18,S05,20240916
S05/20240916/00015,2,P104064,1,326.15,SALE,2024-09-16T14:42:18,S05,20240916
S05/20240916/00015,3,P107320,4,223.25,SALE,2024-09-16T14:42:18,S05,20240916
S05/20240916/00015,4,TAX,1,182.46,TAX,2024-09-16T14:42:18,S05,20240916
S05/20240916/00015,5,TENDER,1,1702.93,TENDER,2024-09-16T14:42:18,S05,20240916
S05/20240917/00001,1,P100677,2,256.17,SALE,2024-09-17T17:21:17,S05,20240917
S05/20240917/00001,2,P103704,1,172.20,SALE,2024-09-17T17:21:17,S05,20240917
S05/20240917/00001,3,P100281,1,485.13,SALE,2024-09-17T17:21:17,S05,20240917
S05/20240917/00001,4,P103348,1,485.60,SALE,2024-09-17T17:21:17,S05,20240917
S05/20240917/00001,5,P101500,2,330.53,SALE,2024-09-17T17:21:17,S05,20240917
S05/20240917/00001,6,P103727,1,116.88,SALE,2024-09-17T17:21:17,S05,20240917
S05/20240917/00001,7,P107705,2,763.24,SALE,2024-09-17T17:21:17,S05,20240917
S05/20240917/00001,8,TAX,1,368.96,TAX,2024-09-17T17:21:17,S05,20240917
S05/20240917/00001,9,TENDER,1,4328.65,TENDER,2024-09-17T17:21:17,S05,20240917
S05/20240917/00002,1,P102922,5,120.15,SALE,2024-09-17T15:46:49,S05,20240917
S05/20240917/00002,2,P100121,1,107.67,SALE,2024-09-17T15:46:49,S05,20240917
S05/20240917/00002,3,TAX,1,113.52,TAX,2024-09-17T15:46:49,S05,20240917
S05/20240917/00002,4,TENDER,1,821.94,TENDER,2024-09-17T15:46:49,S05,20240917
S05/20240917/00003,1,P101507,-1,635.95,RETURN,2024-09-17T16:33:08,S05,20240917
S05/20240917/00003,2,P101208,-2,593.86,RETURN,2024-09-17T16:33:08,S05,20240917
S05/20240917/00003,3,TAX,1,-31.80,TAX,2024-09-17T16:33:08,S05,20240917
S05/20240917/00003,4,TENDER,1,-1855.47,TENDER,2024-09-17T16:33:08,S05,20240917
S05/20240917/00004,1,P107110,3,77.73,SALE,2024-09-17T10:43:15,S05,20240917
S05/20240917/00004,2,P106534,2,96.00,SALE,2024-09-17T10:43:15,S05,20240917
S05/20240917/00004,3,DISC,1,-19.18,DISCOUNT,2024-09-17T10:43:15,S05,20240917
S05/20240917/00004,4,TAX,1,73.08,TAX,2024-09-17T10:43:15,S05,20240917
S05/20240917/00004,5,TENDER,1,479.09,TENDER,2024-09-17T10:43:15,S05,20240917
S05/20240917/00005,1,P107960,1,1047.81,SALE,2024-09-17T12:26:20,S05,20240917
S05/20240917/00005,2,P105405,5,430.78,SALE,2024-09-17T12:26:20,S05,20240917
S05/20240917/00005,3,P105507,1,20.37,SALE,2024-09-17T12:26:20,S05,20240917
S05/20240917/00005,4,P102648,2,397.04,SALE,2024-09-17T12:26:20,S05,20240917
S05/20240917/00005,5,TAX,1,376.37,TAX,2024-09-17T12:26:20,S05,20240917
S05/20240917/00005,6,TENDER,1,4392.53,TENDER,2024-09-17T12:26:20,S05,20240917
S05/20240917/00006,1,P107654,1,409.57,SALE,2024-09-17T13:35:42,S05,20240917
S05/20240917/00006,2,P104558,1,440.08,SALE,2024-09-17T13:35:42,S05,20240917
S05/20240917/00006,3,P106080,3,361.06,SALE,2024-09-17T13:35:42,S05,20240917
S05/20240917/00006,4,P102184,1,91.57,SALE,2024-09-17T13:35:42,S05,20240917
S05/20240917/00006,5,P101982,1,366.95,SALE,2024-09-17T13:35:42,S05,20240917
S05/20240917/00006,6,P107047,2,413.27,SALE,2024-09-17T13:35:42,S05,20240917
S05/20240917/00006,7,P104844,3,553.13,SALE,2024-09-17T13:35:42,S05,20240917
S05/20240917/00006,8,TAX,1,496.63,TAX,2024-09-17T13:35:42,S05,20240917
S05/20240917/00006,9,TENDER,1,5373.91,TENDER,2024-09-17T13:35:42,S05,20240917
S05/20240917/00007,1,P103833,5,1136.81,SALE,2024-09-17T15:12:26,S05,20240917
S05/20240917/00007,2,P103081,2,480.46,SALE,2024-09-17T15:12:26,S05,20240917
S05/20240917/00007,3,P100731,2,254.77,SALE,2024-09-17T15:12:26,S05,20240917
S05/20240917/00007,4,P105337,1,35.20,SALE,2024-09-17T15:12:26,S05,20240917
S05/20240917/00007,5,P103299,2,220.95,SALE,2024-09-17T15:12:26,S05,20240917
S05/20240917/00007,6,P101190,2,89.25,SALE,2024-09-17T15:12:26,S05,20240917
S05/20240917/00007,7,P105425,1,153.55,SALE,2024-09-17T15:12:26,S05,20240917
S05/20240917/00007,8,P105288,3,271.73,SALE,2024-09-17T15:12:26,S05,20240917
S05/20240917/00007,9,P108258,1,54.62,SALE,2024-09-17T15:12:26,S05,20240917
S05/20240917/00007,10,P103155,3,270.20,SALE,2024-09-17T15:12:26,S05,20240917
S05/20240917/00007,11,TAX,1,825.73,TAX,2024-09-17T15:12:26,S05,20240917
S05/20240917/00007,12,TENDER,1,10469.80,TENDER,2024-09-17T15:12:26,S05,20240917
S05/20240917/00008,1,P107264,2,181.93,SALE,2024-09-17T12:20:20,S05,20240917
S05/20240917/00008,2,P106765,3,270.40,SALE,2024-09-17T12:20:20,S05,20240917
S05/20240917/00008,3,P101258,2,200.10,SALE,2024-09-17T12:20:20,S05,20240917
S05/20240917/00008,4,TAX,1,283.55,TAX,2024-09-17T12:20:20,S05,20240917
S05/20240917/00008,5,TENDER,1,1858.81,TENDER,2024-09-17T12:20:20,S05,20240917
S05/20240917/00009,1,P103050,1,569.48,SALE,2024-09-17T23:52:44,S05,20240917
S05/20240917/00009,2,P107253,4,241.31,SALE,2024-09-17T23:52:44,S05,20240917
S05/20240917/00009,3,P104956,2,133.95,SALE,2024-09-17T23:52:44,S05,20240917
S05/20240917/00009,4,P100156,1,1576.32,SALE,2024-09-17T23:52:44,S05,20240917
S05/20240917/00009,5,TAX,1,48.22,TAX,2024-09-17T23:52:44,S05,20240917
S05/20240917/00009,6,TENDER,1,3427.16,TENDER,2024-09-17T23:52:44,S05,20240917
S05/20240917/00010,1,P101283,3,263.48,SALE,2024-09-17T12:37:39,S05,20240917
S05/20240917/00010,2,P107242,3,589.95,SALE,2024-09-17T12:37:39,S05,20240917
S05/20240917/00010,3,P108262,1,592.59,SALE,2024-09-17T12:37:39,S05,20240917
S05/20240917/00010,4,P107137,1,32.59,SALE,2024-09-17T12:37:39,S05,20240917
S05/20240917/00010,5,P107301,3,945.94,SALE,2024-09-17T12:37:39,S05,20240917
S05/20240917/00010,6,P104708,2,487.33,SALE,2024-09-17T12:37:39,S05,20240917
S05/20240917/00010,7,P107708,1,167.35,SALE,2024-09-17T12:37:39,S05,20240917
S05/20240917/00010,8,P106735,2,320.99,SALE,2024-09-17T12:37:39,S05,20240917
S05/20240917/00010,9,P103129,1,79.05,SALE,2024-09-17T12:37:39,S05,20240917
S05/20240917/00010,10,TAX,1,515.96,TAX,2024-09-17T12:37:39,S05,20240917
S05/20240917/00010,11,TENDER,1,8402.29,TENDER,2024-09-17T12:37:39,S05,20240917
S05/20240917/00011,1,P101440,1,234.68,SALE,2024-09-17T10:49:20,S05,20240917
S05/20240917/00011,2,P106566,1,251.68,SALE,2024-09-17T10:49:20,S05,20240917
S05/20240917/00011,3,P103616,1,625.90,SALE,2024-09-17T10:49:20,S05,20240917
S05/20240917/00011,4,P106059,3,313.87,SALE,2024-09-17T10:49:20,S05,20240917
S05/20240917/00011,5,TAX,1,246.09,TAX,2024-09-17T10:49:20,S05,20240917
S05/20240917/00011,6,TENDER,1,2299.96,TENDER,2024-09-17T10:49:20,S05,20240917
S05/20240917/00012,1,P106907,4,321.26,SALE,2024-09-17T17:29:42,S05,20240917
S05/20240917/00012,2,P102054,3,142.99,SALE,2024-09-17T17:29:42,S05,20240917
S05/20240917/00012,3,P103504,2,361.87,SALE,2024-09-17T17:29:42,S05,20240917
S05/20240917/00012,4,P103552,2,125.20,SALE,2024-09-17T17:29:42,S05,20240917
S05/20240917/00012,5,P106599,3,224.95,SALE,2024-09-17T17:29:42,S05,20240917
S05/20240917/00012,6,P105119,3,100.30,SALE,2024-09-17T17:29:42,S05,20240917
S05/20240917/00012,7,TAX,1,196.20,TAX,2024-09-17T17:29:42,S05,20240917
S05/20240917/00012,8,TENDER,1,3860.10,TENDER,2024-09-17T17:29:42,S05,20240917
S05/20240917/00013,1,P103927,1,206.11,SALE,2024-09-17T10:58:56,S05,20240917
S05/20240917/00013,2,P100985,2,327.15,SALE,2024-09-17T10:58:56,S05,20240917
S05/20240917/00013,3,P102436,1,243.03,SALE,2024-09-17T10:58:56,S05,20240917
S05/20240917/00013,4,P103222,3,398.43,SALE,2024-09-17T10:58:56,S05,20240917
S05/20240917/00013,5,TAX,1,315.26,TAX,2024-09-17T10:58:56,S05,20240917
S05/20240917/00013,6,TENDER,1,2613.99,TENDER,2024-09-17T10:58:56,S05,20240917
S05/20240917/00014,1,P101237,2,278.87,SALE,2024-09-17T21:22:51,S05,20240917
S05/20240917/00014,2,P102811,4,199.78,SALE,2024-09-17T21:22:51,S05,20240917
S05/20240917/00014,3,TAX,1,106.88,TAX,2024-09-17T21:22:51,S05,20240917
S05/20240917/00014,4,TENDER,1,1463.74,TENDER,2024-09-17T21:22:51,S05,20240917
S05/20240917/00015,1,P104155,2,144.69,SALE,2024-09-17T18:31:37,S05,20240917
S05/20240917/00015,2,P100722,4,330.17,SALE,2024-09-17T18:31:37,S05,20240917
S05/20240917/00015,3,TAX,1,0.00,TAX,2024-09-17T18:31:37,S05,20240917
S05/20240917/00015,4,TENDER,1,1610.06,TENDER,2024-09-17T18:31:37,S05,20240917
S05/20240917/00016,1,P102993,2,299.71,SALE,2024-09-17T10:37:52,S05,20240917
S05/20240917/00016,2,P103839,1,213.95,SALE,2024-09-17T10:37:52,S05,20240917
S05/20240917/00016,3,P101520,3,168.04,SALE,2024-09-17T10:37:52,S05,20240917
S05/20240917/00016,4,P102534,1,98.12,SALE,2024-09-17T10:37:52,S05,20240917
S05/20240917/00016,5,P104175,2,814.13,SALE,2024-09-17T10:37:52,S05,20240917
S05/20240917/00016,6,P103833,5,1136.81,SALE,2024-09-17T10:37:52,S05,20240917
S05/20240917/00016,7,TAX,1,395.55,TAX,2024-09-17T10:37:52,S05,20240917
S05/20240917/00016,8,TENDER,1,9123.47,TENDER,2024-09-17T10:37:52,S05,20240917
S05/20240917/00017,1,P103096,3,347.02,SALE,2024-09-17T19:21:19,S05,20240917
S05/20240917/00017,2,TAX,1,187.39,TAX,2024-09-17T19:21:19,S05,20240917
S05/20240917/00017,3,TENDER,1,1228.45,TENDER,2024-09-17T19:21:19,S05,20240917
S05/20240918/00001,1,P105882,1,222.02,SALE,2024-09-18T18:33:57,S05,20240918
S05/20240918/00001,2,P107266,3,69.30,SALE,2024-09-18T18:33:57,S05,20240918
S05/20240918/00001,3,P104081,2,586.63,SALE,2024-09-18T18:33:57,S05,20240918
S05/20240918/00001,4,P103575,1,54.47,SALE,2024-09-18T18:33:57,S05,20240918
S05/20240918/00001,5,P106550,2,29.54,SALE,2024-09-18T18:33:57,S05,20240918
S05/20240918/00001,6,P105302,1,281.37,SALE,2024-09-18T18:33:57,S05,20240918
S05/20240918/00001,7,DISC,1,-156.94,DISCOUNT,2024-09-18T18:33:57,S05,20240918
S05/20240918/00001,8,TAX,1,71.68,TAX,2024-09-18T18:33:57,S05,20240918
S05/20240918/00001,9,TENDER,1,1912.84,TENDER,2024-09-18T18:33:57,S05,20240918
S05/20240918/00002,1,P107178,2,298.69,SALE,2024-09-18T13:19:17,S05,20240918
S05/20240918/00002,2,P107807,4,118.66,SALE,2024-09-18T13:19:17,S05,20240918
S05/20240918/00002,3,P105855,3,123.28,SALE,2024-09-18T13:19:17,S05,20240918
S05/20240918/00002,4,P102006,2,1553.68,SALE,2024-09-18T13:19:17,S05,20240918
S05/20240918/00002,5,P104058,1,351.54,SALE,2024-09-18T13:19:17,S05,20240918
S05/20240918/00002,6,TAX,1,177.19,TAX,2024-09-18T13:19:17,S05,20240918
S05/20240918/00002,7,TENDER,1,5077.95,TENDER,2024-09-18T13:19:17,S05,20240918
S05/20240918/00003,1,P102409,2,326.59,SALE,2024-09-18T11:42:58,S05,20240918
S05/20240918/00003,2,P101530,1,576.50,SALE,2024-09-18T11:42:58,S05,20240918
S05/20240918/00003,3,P108272,3,121.99,SALE,2024-09-18T11:42:58,S05,20240918
S05/20240918/00003,4,P105740,3,103.24,SALE,2024-09-18T11:42:58,S05,20240918
S05/20240918/00003,5,TAX,1,321.01,TAX,2024-09-18T11:42:58,S05,20240918
S05/20240918/00003,6,TENDER,1,2226.38,TENDER,2024-09-18T11:42:58,S05,20240918
S05/20240918/00004,1,P104308,1,56.43,SALE,2024-09-18T15:10:37,S05,20240918
S05/20240918/00004,2,P100593,1,32.38,SALE,2024-09-18T15:10:37,S05,20240918
S05/20240918/00004,3,P103438,2,187.96,SALE,2024-09-18T15:10:37,S05,20240918
S05/20240918/00004,4,P107952,2,1852.40,SALE,2024-09-18T15:10:37,S05,20240918
S05/20240918/00004,5,P107400,1,274.90,SALE,2024-09-18T15:10:37,S05,20240918
S05/20240918/00004,6,TAX,1,80.05,TAX,2024-09-18T15:10:37,S05,20240918
S05/20240918/00004,7,TENDER,1,4524.48,TENDER,2024-09-18T15:10:37,S05,20240918
S05/20240918/00005,1,P102255,1,167.76,SALE,2024-09-18T15:09:42,S05,20240918
S05/20240918/00005,2,P102375,3,485.62,SALE,2024-09-18T15:09:42,S05,20240918
S05/20240918/00005,3,P101722,2,1331.86,SALE,2024-09-18T15:09:42,S05,20240918
S05/20240918/00005,4,P106317,4,485.55,SALE,2024-09-18T15:09:42,S05,20240918
S05/20240918/00005,5,P103050,3,569.48,SALE,2024-09-18T15:09:42,S05,20240918
S05/20240918/00005,6,TAX,1,628.48,TAX,2024-09-18T15:09:42,S05,20240918
S05/20240918/00005,7,TENDER,1,8567.46,TENDER,2024-09-18T15:09:42,S05,20240918
S05/20240918/00006,1,P104478,1,18.27,SALE,2024-09-18T16:57:31,S05,20240918
S05/20240918/00006,2,P106793,4,298.28,SALE,2024-09-18T16:57:31,S05,20240918
S05/20240918/00006,3,P107740,2,1366.88,SALE,2024-09-18T16:57:31,S05,20240918
S05/20240918/00006,4,TAX,1,391.00,TAX,2024-09-18T16:57:31,S05,20240918
S05/20240918/00006,5,TENDER,1,4336.15,TENDER,2024-09-18T16:57:31,S05,20240918
S05/20240918/00007,1,P104725,3,536.92,SALE,2024-09-18T14:24:37,S05,20240918
S05/20240918/00007,2,P105119,4,100.30,SALE,2024-09-18T14:24:37,S05,20240918
S05/20240918/00007,3,P107676,3,186.95,SALE,2024-09-18T14:24:37,S05,20240918
S05/20240918/00007,4,P103159,2,1193.28,SALE,2024-09-18T14:24:37,S05,20240918
S05/20240918/00007,5,TAX,1,390.20,TAX,2024-09-18T14:24:37,S05,20240918
S05/20240918/00007,6,TENDER,1,5349.57,TENDER,2024-09-18T14:24:37,S05,20240918
S05/20240918/00008,1,P103904,4,1081.09,SALE,2024-09-18T19:02:22,S05,20240918
S05/20240918/00008,2,P101874,2,19.95,SALE,2024-09-18T19:02:22,S05,20240918
S05/20240918/00008,3,P103309,1,59.57,SALE,2024-09-18T19:02:22,S05,20240918
S05/20240918/00008,4,TAX,1,219.20,TAX,2024-09-18T19:02:22,S05,20240918
S05/20240918/00008,5,TENDER,1,4643.03,TENDER,2024-09-18T19:02:22,S05,20240918
S05/20240918/00009,1,P102581,2,189.36,SALE,2024-09-18T17:21:18,S05,20240918
S05/20240918/00009,2,P102160,3,221.62,SALE,2024-09-18T17:21:18,S05,20240918
S05/20240918/00009,3,TAX,1,98.72,TAX,2024-09-18T17:21:18,S05,20240918
S05/20240918/00009,4,TENDER,1,1142.30,TENDER,2024-09-18T17:21:18,S05,20240918
S05/20240918/00010,1,P106671,1,99.01,SALE,2024-09-18T11:45:25,S05,20240918
S05/20240918/00010,2,P105890,4,1196.88,SALE,2024-09-18T11:45:25,S05,20240918
S05/20240918/00010,3,TAX,1,244.33,TAX,2024-09-18T11:45:25,S05,20240918
S05/20240918/00010,4,TENDER,1,5130.86,TENDER,2024-09-18T11:45:25,S05,20240918
S05/20240918/00011,1,P101208,3,593.86,SALE,2024-09-18T18:31:36,S05,20240918
S05/20240918/00011,2,TAX,1,0.00,TAX,2024-09-18T18:31:36,S05,20240918
S05/20240918/00011,3,TENDER,1,1781.58,TENDER,2024-09-18T18:31:36,S05,20240918
S05/20240918/00012,1,P101272,1,96.70,SALE,2024-09-18T19:52:56,S05,20240918
S05/20240918/00012,2,P100819,2,1203.94,SALE,2024-09-18T19:52:56,S05,20240918
S05/20240918/00012,3,P107740,1,1366.88,SALE,2024-09-18T19:52:56,S05,20240918
S05/20240918/00012,4,P105636,1,558.71,SALE,2024-09-18T19:52:56,S05,20240918
S05/20240918/00012,5,P107899,2,197.21,SALE,2024-09-18T19:52:56,S05,20240918
S05/20240918/00012,6,P106648,1,339.01,SALE,2024-09-18T19:52:56,S05,20240918
S05/20240918/00012,7,TAX,1,205.53,TAX,2024-09-18T19:52:56,S05,20240918
S05/20240918/00012,8,TENDER,1,5369.13,TENDER,2024-09-18T19:52:56,S05,20240918
S05/20240918/00013,1,P105860,3,674.13,SALE,2024-09-18T18:55:55,S05,20240918
S05/20240918/00013,2,P104121,7,131.32,SALE,2024-09-18T18:55:55,S05,20240918
S05/20240918/00013,3,P102248,2,22.39,SALE,2024-09-18T18:55:55,S05,20240918
S05/20240918/00013,4,P102166,2,52.54,SALE,2024-09-18T18:55:55,S05,20240918
S05/20240918/00013,5,TAX,1,285.50,TAX,2024-09-18T18:55:55,S05,20240918
S05/20240918/00013,6,TENDER,1,3376.99,TENDER,2024-09-18T18:55:55,S05,20240918
S05/20240918/00014,1,P103222,1,398.43,SALE,2024-09-18T13:20:43,S05,20240918
S05/20240918/00014,2,P101813,2,273.64,SALE,2024-09-18T13:20:43,S05,20240918
S05/20240918/00014,3,P107278,2,55.18,SALE,2024-09-18T13:20:43,S05,20240918
S05/20240918/00014,4,TAX,1,61.05,TAX,2024-09-18T13:20:43,S05,20240918
S05/20240918/00014,5,TENDER,1,1117.12,TENDER,2024-09-18T13:20:43,S05,20240918
S05/20240918/00015,1,P105418,2,257.82,SALE,2024-09-18T13:10:00,S05,20240918
S05/20240918/00015,2,P107094,2,97.95,SALE,2024-09-18T13:10:00,S05,20240918
S05/20240918/00015,3,P105209,1,399.92,SALE,2024-09-18T13:10:00,S05,20240918
S05/20240918/00015,4,P107721,3,92.25,SALE,2024-09-18T13:10:00,S05,20240918
S05/20240918/00015,5,P106599,3,224.95,SALE,2024-09-18T13:10:00,S05,20240918
S05/20240918/00015,6,P106454,3,127.35,SALE,2024-09-18T13:10:00,S05,20240918
S05/20240918/00015,7,TAX,1,252.91,TAX,2024-09-18T13:10:00,S05,20240918
S05/20240918/00015,8,TENDER,1,2698.02,TENDER,2024-09-18T13:10:00,S05,20240918
S05/20240918/00016,1,P104139,1,225.08,SALE,2024-09-18T14:41:00,S05,20240918
S05/20240918/00016,2,P107346,2,449.29,SALE,2024-09-18T14:41:00,S05,20240918
S05/20240918/00016,3,P107432,1,45.60,SALE,2024-09-18T14:41:00,S05,20240918
S05/20240918/00016,4,P104361,1,1458.35,SALE,2024-09-18T14:41:00,S05,20240918
S05/20240918/00016,5,P103766,3,213.25,SALE,2024-09-18T14:41:00,S05,20240918
S05/20240918/00016,6,TAX,1,254.20,TAX,2024-09-18T14:41:00,S05,20240918
S05/20240918/00016,7,TENDER,1,3521.56,TENDER,2024-09-18T14:41:00,S05,20240918
S05/20240918/00017,1,P102263,1,116.79,SALE,2024-09-18T14:26:01,S05,20240918
S05/20240918/00017,2,TAX,1,14.01,TAX,2024-09-18T14:26:01,S05,20240918
S05/20240918/00017,3,TENDER,1,130.80,TENDER,2024-09-18T14:26:01,S05,20240918
S05/20240918/00018,1,P106174,1,229.89,SALE,2024-09-18T14:49:13,S05,20240918
S05/20240918/00018,2,P102761,1,170.84,SALE,2024-09-18T14:49:13,S05,20240918
S05/20240918/00018,3,P107226,3,86.90,SALE,2024-09-18T14:49:13,S05,20240918
S05/20240918/00018,4,P103577,3,100.44,SALE,2024-09-18T14:49:13,S05,20240918
S05/20240918/00018,5,TAX,1,83.08,TAX,2024-09-18T14:49:13,S05,20240918
S05/20240918/00018,6,TENDER,1,1045.83,TENDER,2024-09-18T14:49:13,S05,20240918
S05/20240918/00019,1,P105377,1,275.11,SALE,2024-09-18T18:49:36,S05,20240918
S05/20240918/00019,2,P100736,2,700.87,SALE,2024-09-18T18:49:36,S05,20240918
S05/20240918/00019,3,P104579,2,67.48,SALE,2024-09-18T18:49:36,S05,20240918
S05/20240918/00019,4,TAX,1,201.22,TAX,2024-09-18T18:49:36,S05,20240918
S05/20240918/00019,5,TENDER,1,2013.03,TENDER,2024-09-18T18:49:36,S05,20240918
S05/20240918/00020,1,P103792,1,27.57,SALE,2024-09-18T15:18:24,S05,20240918
S05/20240918/00020,2,P108149,1,1073.33,SALE,2024-09-18T15:18:24,S05,20240918
S05/20240918/00020,3,P108191,3,309.71,SALE,2024-09-18T15:18:24,S05,20240918
S05/20240918/00020,4,P102074,3,415.90,SALE,2024-09-18T15:18:24,S05,20240918
S05/20240918/00020,5,P105747,1,287.56,SALE,2024-09-18T15:18:24,S05,20240918
S05/20240918/00020,6,P106907,1,321.26,SALE,2024-09-18T15:18:24,S05,20240918
S05/20240918/00020,7,P105603,1,202.29,SALE,2024-09-18T15:18:24,S05,20240918
S05/20240918/00020,8,P103081,3,480.46,SALE,2024-09-18T15:18:24,S05,20240918
S05/20240918/00020,9,TAX,1,457.84,TAX,2024-09-18T15:18:24,S05,20240918
S05/20240918/00020,10,TENDER,1,5988.06,TENDER,2024-09-18T15:18:24,S05,20240918
S05/20240918/00021,1,P101911,3,1431.80,SALE,2024-09-18T16:19:17,S05,20240918
S05/20240918/00021,2,P104844,1,553.13,SALE,2024-09-18T16:19:17,S05,20240918
S05/20240918/00021,3,P105145,2,763.65,SALE,2024-09-18T16:19:17,S05,20240918
S05/20240918/00021,4,TAX,1,27.66,TAX,2024-09-18T16:19:17,S05,20240918
S05/20240918/00021,5,TENDER,1,6403.49,TENDER,2024-09-18T16:19:17,S05,20240918
S05/20240918/00022,1,P103732,2,94.74,SALE,2024-09-18T14:58:33,S05,20240918
S05/20240918/00022,2,P102814,1,543.91,SALE,2024-09-18T14:58:33,S05,20240918
S05/20240918/00022,3,P105209,1,399.92,SALE,2024-09-18T14:58:33,S05,20240918
S05/20240918/00022,4,P107337,2,429.21,SALE,2024-09-18T14:58:33,S05,20240918
S05/20240918/00022,5,P104497,2,229.16,SALE,2024-09-18T14:58:33,S05,20240918
S05/20240918/00022,6,P107477,3,116.48,SALE,2024-09-18T14:58:33,S05,20240918
S05/20240918/00022,7,TAX,1,191.96,TAX,2024-09-18T14:58:33,S05,20240918
S05/20240918/00022,8,TENDER,1,2991.45,TENDER,2024-09-18T14:58:33,S05,20240918
S05/20240918/00023,1,P106793,1,298.28,SALE,2024-09-18T11:49:57,S05,20240918
S05/20240918/00023,2,P106388,5,1120.55,SALE,2024-09-18T11:49:57,S05,20240918
S05/20240918/00023,3,P104854,3,34.90,SALE,2024-09-18T11:49:57,S05,20240918
S05/20240918/00023,4,DISC,1,-394.32,DISCOUNT,2024-09-18T11:49:57,S05,20240918
S05/20240918/00023,5,TAX,1,13.93,TAX,2024-09-18T11:49:57,S05,20240918
S05/20240918/00023,6,TENDER,1,5625.34,TENDER,2024-09-18T11:49:57,S05,20240918
S05/20240918/00024,1,P101298,2,224.87,SALE,2024-09-18T21:43:05,S05,20240918
S05/20240918/00024,2,P101404,1,213.08,SALE,2024-09-18T21:43:05,S05,20240918
S05/20240918/00024,3,P106035,2,96.54,SALE,2024-09-18T21:43:05,S05,20240918
S05/20240918/00024,4,P103861,4,57.59,SALE,2024-09-18T21:43:05,S05,20240918
S05/20240918/00024,5,TAX,1,110.90,TAX,2024-09-18T21:43:05,S05,20240918
S05/20240918/00024,6,TENDER,1,1197.16,TENDER,2024-09-18T21:43:05,S05,20240918
S05/20240918/00025,1,P106955,2,204.37,SALE,2024-09-18T17:29:33,S05,20240918
S05/20240918/00025,2,P104772,2,342.57,SALE,2024-09-18T17:29:33,S05,20240918
S05/20240918/00025,3,P103517,2,160.29,SALE,2024-09-18T17:29:33,S05,20240918
S05/20240918/00025,4,P100203,2,272.10,SALE,2024-09-18T17:29:33,S05,20240918
S05/20240918/00025,5,P106877,1,1085.30,SALE,2024-09-18T17:29:33,S05,20240918
S05/20240918/00025,6,P101048,3,219.90,SALE,2024-09-18T17:29:33,S05,20240918
S05/20240918/00025,7,P102845,1,261.08,SALE,2024-09-18T17:29:33,S05,20240918
S05/20240918/00025,8,P104676,5,87.52,SALE,2024-09-18T17:29:33,S05,20240918
S05/20240918/00025,9,TAX,1,295.78,TAX,2024-09-18T17:29:33,S05,20240918
S05/20240918/00025,10,TENDER,1,4698.12,TENDER,2024-09-18T17:29:33,S05,20240918
S05/20240919/00001,1,P107337,2,429.21,SALE,2024-09-19T12:25:53,S05,20240919
S05/20240919/00001,2,P103600,2,107.84,SALE,2024-09-19T12:25:53,S05,20240919
S05/20240919/00001,3,DISC,1,-89.94,DISCOUNT,2024-09-19T12:25:53,S05,20240919
S05/20240919/00001,4,TAX,1,49.21,TAX,2024-09-19T12:25:53,S05,20240919
S05/20240919/00001,5,TENDER,1,1033.37,TENDER,2024-09-19T12:25:53,S05,20240919
S05/20240919/00002,1,P107676,3,186.95,SALE,2024-09-19T13:34:35,S05,20240919
S05/20240919/00002,2,P102549,5,139.23,SALE,2024-09-19T13:34:35,S05,20240919
S05/20240919/00002,3,P103273,3,377.82,SALE,2024-09-19T13:34:35,S05,20240919
S05/20240919/00002,4,TAX,1,164.06,TAX,2024-09-19T13:34:35,S05,20240919
S05/20240919/00002,5,TENDER,1,2554.52,TENDER,2024-09-19T13:34:35,S05,20240919
S05/20240919/00003,1,P106592,2,815.90,SALE,2024-09-19T13:14:21,S05,20240919
S05/20240919/00003,2,P102534,2,98.12,SALE,2024-09-19T13:14:21,S05,20240919
S05/20240919/00003,3,P101894,1,668.48,SALE,2024-09-19T13:14:21,S05,20240919
S05/20240919/00003,4,P106424,2,535.14,SALE,2024-09-19T13:14:21,S05,20240919
S05/20240919/00003,5,P102833,1,680.71,SALE,2024-09-19T13:14:21,S05,20240919
S05/20240919/00003,6,P100499,3,258.12,SALE,2024-09-19T13:14:21,S05,20240919
S05/20240919/00003,7,TAX,1,377.60,TAX,2024-09-19T13:14:21,S05,20240919
S05/20240919/00003,8,TENDER,1,5399.47,TENDER,2024-09-19T13:14:21,S05,20240919
S05/20240919/00004,1,P105603,5,202.29,SALE,2024-09-19T13:52:35,S05,20240919
S05/20240919/00004,2,P102035,3,493.95,SALE,2024-09-19T13:52:35,S05,20240919
S05/20240919/00004,3,P108186,3,348.70,SALE,2024-09-19T13:52:35,S05,20240919
S05/20240919/00004,4,TAX,1,381.69,TAX,2024-09-19T13:52:35,S05,20240919
S05/20240919/00004,5,TENDER,1,3921.09,TENDER,2024-09-19T13:52:35,S05,20240919
S05/20240919/00005,1,P107646,2,225.19,SALE,2024-09-19T14:28:20,S05,20240919
S05/20240919/00005,2,P103958,2,30.95,SALE,2024-09-19T14:28:20,S05,20240919
S05/20240919/00005,3,P101796,3,990.67,SALE,2024-09-19T14:28:20,S05,20240919
S05/20240919/00005,4,TAX,1,182.26,TAX,2024-09-19T14:28:20,S05,20240919
S05/20240919/00005,5,TENDER,1,3666.55,TENDER,2024-09-19T14:28:20,S05,20240919
S05/20240919/00006,1,P101156,3,91.80,SALE,2024-09-19T17:35:05,S05,20240919
S05/20240919/00006,2,P105062,1,14.84,SALE,2024-09-19T17:35:05,S05,20240919
S05/20240919/00006,3,P100899,1,131.46,SALE,2024-09-19T17:35:05,S05,20240919
S05/20240919/00006,4,P100803,2,278.56,SALE,2024-09-19T17:35:05,S05,20240919
S05/20240919/00006,5,P107777,2,222.77,SALE,2024-09-19T17:35:05,S05,20240919
S05/20240919/00006,6,DISC,1,-168.91,DISCOUNT,2024-09-19T17:35:05,S05,20240919
S05/20240919/00006,7,TAX,1,39.04,TAX,2024-09-19T17:35:05,S05,20240919
S05/20240919/00006,8,TENDER,1,1294.49,TENDER,2024-09-19T17:35:05,S05,20240919
S05/20240919/00007,1,P101923,2,484.95,SALE,2024-09-19T14:41:22,S05,20240919
S05/20240919/00007,2,P108179,1,295.94,SALE,2024-09-19T14:41:22,S05,20240919
S05/20240919/00007,3,P100499,2,258.12,SALE,2024-09-19T14:41:22,S05,20240919
S05/20240919/00007,4,P105518,2,729.30,SALE,2024-09-19T14:41:22,S05,20240919
S05/20240919/00007,5,P103259,3,298.27,SALE,2024-09-19T14:41:22,S05,20240919
S05/20240919/00007,6,P105507,3,20.37,SALE,2024-09-19T14:41:22,S05,20240919
S05/20240919/00007,7,TAX,1,534.59,TAX,2024-09-19T14:41:22,S05,20240919
S05/20240919/00007,8,TENDER,1,4731.19,TENDER,2024-09-19T14:41:22,S05,20240919
S05/20240919/00008,1,P104526,3,363.05,SALE,2024-09-19T14:21:45,S05,20240919
S05/20240919/00008,2,P107695,3,271.01,SALE,2024-09-19T14:21:45,S05,20240919
S05/20240919/00008,3,P101213,1,232.84,SALE,2024-09-19T14:21:45,S05,20240919
S05/20240919/00008,4,P101859,2,66.16,SALE,2024-09-19T14:21:45,S05,20240919
S05/20240919/00008,5,TAX,1,258.59,TAX,2024-09-19T14:21:45,S05,20240919
S05/20240919/00008,6,TENDER,1,2525.93,TENDER,2024-09-19T14:21:45,S05,20240919
S05/20240919/00009,1,P106528,2,832.82,SALE,2024-09-19T20:25:51,S05,20240919
S05/20240919/00009,2,P101564,2,172.72,SALE,2024-09-19T20:25:51,S05,20240919
S05/20240919/00009,3,P105460,1,143.35,SALE,2024-09-19T20:25:51,S05,20240919
S05/20240919/00009,4,P104898,1,181.50,SALE,2024-09-19T20:25:51,S05,20240919
S05/20240919/00009,5,DISC,1,-63.34,DISCOUNT,2024-09-19T20:25:51,S05,20240919
S05/20240919/00009,6,TAX,1,288.88,TAX,2024-09-19T20:25:51,S05,20240919
S05/20240919/00009,7,TENDER,1,2561.47,TENDER,2024-09-19T20:25:51,S05,20240919
S05/20240919/00010,1,P104593,2,867.34,SALE,2024-09-19T21:03:06,S05,20240919
S05/20240919/00010,2,P101796,1,990.67,SALE,2024-09-19T21:03:06,S05,20240919
S05/20240919/00010,3,P105418,3,257.82,SALE,2024-09-19T21:03:06,S05,20240919
S05/20240919/00010,4,P101825,2,183.68,SALE,2024-09-19T21:03:06,S05,20240919
S05/20240919/00010,5,P100387,1,116.37,SALE,2024-09-19T21:03:06,S05,20240919
S05/20240919/00010,6,DISC,1,-104.05,DISCOUNT,2024-09-19T21:03:06,S05,20240919
S05/20240919/00010,7,TAX,1,410.10,TAX,2024-09-19T21:03:06,S05,20240919
S05/20240919/00010,8,TENDER,1,4288.59,TENDER,2024-09-19T21:03:06,S05,20240919
S05/20240919/00011,1,P106802,2,689.06,SALE,2024-09-19T11:11:04,S05,20240919
S05/20240919/00011,2,P106602,1,122.17,SALE,2024-09-19T11:11:04,S05,20240919
S05/20240919/00011,3,P103022,1,47.95,SALE,2024-09-19T11:11:04,S05,20240919
S05/20240919/00011,4,P107282,4,1189.20,SALE,2024-09-19T11:11:04,S05,20240919
S05/20240919/00011,5,P103155,2,270.20,SALE,2024-09-19T11:11:04,S05,20240919
S05/20240919/00011,6,P106948,2,180.07,SALE,2024-09-19T11:11:04,S05,20240919
S05/20240919/00011,7,TAX,1,196.05,TAX,2024-09-19T11:11:04,S05,20240919
S05/20240919/00011,8,TENDER,1,7401.63,TENDER,2024-09-19T11:11:04,S05,20240919
S05/20240919/00012,1,P108206,2,81.62,SALE,2024-09-19T20:21:18,S05,20240919
S05/20240919/00012,2,P107253,1,241.31,SALE,2024-09-19T20:21:18,S05,20240919
S05/20240919/00012,3,P108346,1,534.07,SALE,2024-09-19T20:21:18,S05,20240919
S05/20240919/00012,4,P101213,2,232.84,SALE,2024-09-19T20:21:18,S05,20240919
S05/20240919/00012,5,P100330,1,188.77,SALE,2024-09-19T20:21:18,S05,20240919
S05/20240919/00012,6,TAX,1,119.96,TAX,2024-09-19T20:21:18,S05,20240919
S05/20240919/00012,7,TENDER,1,1713.03,TENDER,2024-09-19T20:21:18,S05,20240919
S05/20240919/00013,1,P105198,2,15.39,SALE,2024-09-19T21:12:30,S05,20240919
S05/20240919/00013,2,P106200,4,117.95,SALE,2024-09-19T21:12:30,S05,20240919
S05/20240919/00013,3,P106207,1,459.95,SALE,2024-09-19T21:12:30,S05,20240919
S05/20240919/00013,4,TAX,1,143.10,TAX,2024-09-19T21:12:30,S05,20240919
S05/20240919/00013,5,TENDER,1,1105.63,TENDER,2024-09-19T21:12:30,S05,20240919
S05/20240919/00014,1,P102280,3,644.81,SALE,2024-09-19T13:19:37,S05,20240919
S05/20240919/00014,2,P105775,3,104.41,SALE,2024-09-19T13:19:37,S05,20240919
S05/20240919/00014,3,P105219,4,701.93,SALE,2024-09-19T13:19:37,S05,20240919
S05/20240919/00014,4,TAX,1,853.59,TAX,2024-09-19T13:19:37,S05,20240919
S05/20240919/00014,5,TENDER,1,5908.97,TENDER,2024-09-19T13:19:37,S05,20240919
S05/20240919/00015,1,P105757,2,248.44,SALE,2024-09-19T16:27:53,S05,20240919
S05/20240919/00015,2,P107960,2,1047.81,SALE,2024-09-19T16:27:53,S05,20240919
S05/20240919/00015,3,P101923,2,484.95,SALE,2024-09-19T16:27:53,S05,20240919
S05/20240919/00015,4,P101279,4,242.90,SALE,2024-09-19T16:27:53,S05,20240919
S05/20240919/00015,5,P102335,4,94.24,SALE,2024-09-19T16:27:53,S05,20240919
S05/20240919/00015,6,P104992,1,979.87,SALE,2024-09-19T16:27:53,S05,20240919
S05/20240919/00015,7,P102129,2,252.76,SALE,2024-09-19T16:27:53,S05,20240919
S05/20240919/00015,8,P102091,5,87.97,SALE,2024-09-19T16:27:53,S05,20240919
S05/20240919/00015,9,DISC,1,-694.91,DISCOUNT,2024-09-19T16:27:53,S05,20240919
S05/20240919/00015,10,TAX,1,488.73,TAX,2024-09-19T16:27:53,S05,20240919
S05/20240919/00015,11,TENDER,1,6630.02,TENDER,2024-09-19T16:27:53,S05,20240919
S05/20240919/00016,1,P107373,2,96.28,SALE,2024-09-19T14:41:38,S05,20240919
S05/20240919/00016,2,P106620,2,296.41,SALE,2024-09-19T14:41:38,S05,20240919
S05/20240919/00016,3,P105698,3,194.14,SALE,2024-09-19T14:41:38,S05,20240919
S05/20240919/00016,4,P101904,1,634.24,SALE,2024-09-19T14:41:38,S05,20240919
S05/20240919/00016,5,DISC,1,-231.27,DISCOUNT,2024-09-19T14:41:38,S05,20240919
S05/20240919/00016,6,TAX,1,256.62,TAX,2024-09-19T14:41:38,S05,20240919
S05/20240919/00016,7,TENDER,1,2027.39,TENDER,2024-09-19T14:41:38,S05,20240919
S05/20240919/00017,1,P106942,3,206.70,SALE,2024-09-19T23:27:10,S05,20240919
S05/20240919/00017,2,P106270,2,308.83,SALE,2024-09-19T23:27:10,S05,20240919
S05/20240919/00017,3,P105511,3,310.12,SALE,2024-09-19T23:27:10,S05,20240919
S05/20240919/00017,4,P100731,1,254.77,SALE,2024-09-19T23:27:10,S05,20240919
S05/20240919/00017,5,TAX,1,244.33,TAX,2024-09-19T23:27:10,S05,20240919
S05/20240919/00017,6,TENDER,1,2667.22,TENDER,2024-09-19T23:27:10,S05,20240919
S05/20240919/00018,1,P102569,1,116.37,SALE,2024-09-19T19:44:04,S05,20240919
S05/20240919/00018,2,P102485,3,220.03,SALE,2024-09-19T19:44:04,S05,20240919
S05/20240919/00018,3,P106357,4,1078.45,SALE,2024-09-19T19:44:04,S05,20240919
S05/20240919/00018,4,DISC,1,-165.54,DISCOUNT,2024-09-19T19:44:04,S05,20240919
S05/20240919/00018,5,TAX,1,546.26,TAX,2024-09-19T19:44:04,S05,20240919
S05/20240919/00018,6,TENDER,1,5470.98,TENDER,2024-09-19T19:44:04,S05,20240919
S05/20240919/00019,1,P104950,2,91.01,SALE,2024-09-19T08:32:49,S05,20240919
S05/20240919/00019,2,P103397,2,371.02,SALE,2024-09-19T08:32:49,S05,20240919
S05/20240919/00019,3,P102585,3,516.36,SALE,2024-09-19T08:32:49,S05,20240919
S05/20240919/00019,4,TAX,1,110.22,TAX,2024-09-19T08:32:49,S05,20240919
S05/20240919/00019,5,TENDER,1,2583.36,TENDER,2024-09-19T08:32:49,S05,20240919
S05/20240919/00020,1,P102931,2,185.66,SALE,2024-09-19T14:05:12,S05,20240919
S05/20240919/00020,2,P102559,1,86.19,SALE,2024-09-19T14:05:12,S05,20240919
S05/20240919/00020,3,TAX,1,4.31,TAX,2024-09-19T14:05:12,S05,20240919
S05/20240919/00020,4,TENDER,1,461.82,TENDER,2024-09-19T14:05:12,S05,20240919
S05/20240920/00001,1,P105164,4,216.12,SALE,2024-09-20T21:01:17,S05,20240920
S05/20240920/00001,2,P100326,2,47.79,SALE,2024-09-20T21:01:17,S05,20240920
S05/20240920/00001,3,P101127,3,45.95,SALE,2024-09-20T21:01:17,S05,20240920
S05/20240920/00001,4,P102409,1,326.59,SALE,2024-09-20T21:01:17,S05,20240920
S05/20240920/00001,5,P105433,1,144.32,SALE,2024-09-20T21:01:17,S05,20240920
S05/20240920/00001,6,P106566,2,251.68,SALE,2024-09-20T21:01:17,S05,20240920
S05/20240920/00001,7,P103316,2,1774.02,SALE,2024-09-20T21:01:17,S05,20240920
S05/20240920/00001,8,TAX,1,618.34,TAX,2024-09-20T21:01:17,S05,20240920
S05/20240920/00001,9,TENDER,1,6238.56,TENDER,2024-09-20T21:01:17,S05,20240920
S05/20240920/00002,1,P107126,2,68.67,SALE,2024-09-20T15:04:21,S05,20240920
S05/20240920/00002,2,P103918,1,527.10,SALE,2024-09-20T15:04:21,S05,20240920
S05/20240920/00002,3,P101237,3,278.87,SALE,2024-09-20T15:04:21,S05,20240920
S05/20240920/00002,4,TAX,1,143.23,TAX,2024-09-20T15:04:21,S05,20240920
S05/20240920/00002,5,TENDER,1,1644.28,TENDER,2024-09-20T15:04:21,S05,20240920
S05/20240920/00003,1,P107362,3,69.39,SALE,2024-09-20T16:13:14,S05,20240920
S05/20240920/00003,2,P105636,1,558.71,SALE,2024-09-20T16:13:14,S05,20240920
S05/20240920/00003,3,P102788,1,920.26,SALE,2024-09-20T16:13:14,S05,20240920
S05/20240920/00003,4,P103068,1,151.27,SALE,2024-09-20T16:13:14,S05,20240920
S05/20240920/00003,5,P104168,1,512.27,SALE,2024-09-20T16:13:14,S05,20240920
S05/20240920/00003,6,TAX,1,116.66,TAX,2024-09-20T16:13:14,S05,20240920
S05/20240920/00003,7,TENDER,1,2467.34,TENDER,2024-09-20T16:13:14,S05,20240920
S05/20240920/00004,1,P100367,3,537.90,SALE,2024-09-20T08:57:23,S05,20240920
S05/20240920/00004,2,P101710,2,322.76,SALE,2024-09-20T08:57:23,S05,20240920
S05/20240920/00004,3,P104811,1,108.16,SALE,2024-09-20T08:57:23,S05,20240920
S05/20240920/00004,4,DISC,1,-146.09,DISCOUNT,2024-09-20T08:57:23,S05,20240920
S05/20240920/00004,5,TAX,1,363.49,TAX,2024-09-20T08:57:23,S05,20240920
S05/20240920/00004,6,TENDER,1,2584.78,TENDER,2024-09-20T08:57:23,S05,20240920
S05/20240920/00005,1,P104226,1,303.01,SALE,2024-09-20T19:47:25,S05,20240920
S05/20240920/00005,2,P100172,1,205.47,SALE,2024-09-20T19:47:25,S05,20240920
S05/20240920/00005,3,TAX,1,10.27,TAX,2024-09-20T19:47:25,S05,20240920
S05/20240920/00005,4,TENDER,1,518.75,TENDER,2024-09-20T19:47:25,S05,20240920
S05/20240920/00006,1,P102718,1,331.59,SALE,2024-09-20T14:03:53,S05,20240920
S05/20240920/00006,2,P107960,1,1047.81,SALE,2024-09-20T14:03:53,S05,20240920
S05/20240920/00006,3,P107264,2,181.93,SALE,2024-09-20T14:03:53,S05,20240920
S05/20240920/00006,4,DISC,1,-89.70,DISCOUNT,2024-09-20T14:03:53,S05,20240920
S05/20240920/00006,5,TAX,1,238.01,TAX,2024-09-20T14:03:53,S05,20240920
S05/20240920/00006,6,TENDER,1,1891.57,TENDER,2024-09-20T14:03:53,S05,20240920
S05/20240920/00007,1,P105288,2,271.73,SALE,2024-09-20T17:35:41,S05,20240920
S05/20240920/00007,2,P105313,3,51.83,SALE,2024-09-20T17:35:41,S05,20240920
S05/20240920/00007,3,P100722,1,330.17,SALE,2024-09-20T17:35:41,S05,20240920
S05/20240920/00007,4,P101813,2,273.64,SALE,2024-09-20T17:35:41,S05,20240920
S05/20240920/00007,5,P102054,1,142.99,SALE,2024-09-20T17:35:41,S05,20240920
S05/20240920/00007,6,P106907,1,321.26,SALE,2024-09-20T17:35:41,S05,20240920
S05/20240920/00007,7,P102243,1,133.95,SALE,2024-09-20T17:35:41,S05,20240920
S05/20240920/00007,8,P107422,2,193.56,SALE,2024-09-20T17:35:41,S05,20240920
S05/20240920/00007,9,TAX,1,33.20,TAX,2024-09-20T17:35:41,S05,20240920
S05/20240920/00007,10,TENDER,1,2594.92,TENDER,2024-09-20T17:35:41,S05,20240920
S05/20240920/00008,1,P104139,2,247.59,SALE,2024-09-20T11:10:06,S05,20240920
S05/20240920/00008,2,P104427,2,462.16,SALE,2024-09-20T11:10:06,S05,20240920
S05/20240920/00008,3,P100627,2,440.29,SALE,2024-09-20T11:10:06,S05,20240920
S05/20240920/00008,4,P107984,1,357.15,SALE,2024-09-20T11:10:06,S05,20240920
S05/20240920/00008,5,TAX,1,274.69,TAX,2024-09-20T11:10:06,S05,20240920
S05/20240920/00008,6,TENDER,1,2931.92,TENDER,2024-09-20T11:10:06,S05,20240920
S05/20240920/00009,1,P103629,3,60.58,SALE,2024-09-20T14:41:39,S05,20240920
S05/20240920/00009,2,P104107,2,479.48,SALE,2024-09-20T14:41:39,S05,20240920
S05/20240920/00009,3,P105394,2,327.72,SALE,2024-09-20T14:41:39,S05,20240920
S05/20240920/00009,4,P103530,2,427.69,SALE,2024-09-20T14:41:39,S05,20240920
S05/20240920/00009,5,P104501,1,413.53,SALE,2024-09-20T14:41:39,S05,20240920
S05/20240920/00009,6,P102502,1,366.79,SALE,2024-09-20T14:41:39,S05,20240920
S05/20240920/00009,7,TAX,1,543.30,TAX,2024-09-20T14:41:39,S05,20240920
S05/20240920/00009,8,TENDER,1,3975.14,TENDER,2024-09-20T14:41:39,S05,20240920
S05/20240920/00010,1,P102623,1,107.54,SALE,2024-09-20T18:41:25,S05,20240920
S05/20240920/00010,2,P102963,1,415.64,SALE,2024-09-20T18:41:25,S05,20240920
S05/20240920/00010,3,P101242,2,83.48,SALE,2024-09-20T18:41:25,S05,20240920
S05/20240920/00010,4,P107053,3,457.07,SALE,2024-09-20T18:41:25,S05,20240920
S05/20240920/00010,5,TAX,1,186.33,TAX,2024-09-20T18:41:25,S05,20240920
S05/20240920/00010,6,TENDER,1,2247.68,TENDER,2024-09-20T18:41:25,S05,20240920
S05/20240920/00011,1,P105405,3,430.78,SALE,2024-09-20T18:11:41,S05,20240920
S05/20240920/00011,2,P105633,2,46.25,SALE,2024-09-20T18:11:41,S05,20240920
S05/20240920/00011,3,TAX,1,69.24,TAX,2024-09-20T18:11:41,S05,20240920
S05/20240920/00011,4,TENDER,1,1454.08,TENDER,2024-09-20T18:11:41,S05,20240920
S05/20240920/00012,1,P100494,1,67.32,SALE,2024-09-20T16:46:54,S05,20240920
S05/20240920/00012,2,P100959,1,320.67,SALE,2024-09-20T16:46:54,S05,20240920
S05/20240920/00012,3,P104637,2,342.12,SALE,2024-09-20T16:46:54,S05,20240920
S05/20240920/00012,4,P101410,5,958.72,SALE,2024-09-20T16:46:54,S05,20240920
S05/20240920/00012,5,P104334,1,294.34,SALE,2024-09-20T16:46:54,S05,20240920
S05/20240920/00012,6,P100571,1,134.98,SALE,2024-09-20T16:46:54,S05,20240920
S05/20240920/00012,7,P106807,2,322.15,SALE,2024-09-20T16:46:54,S05,20240920
S05/20240920/00012,8,P100183,3,1493.10,SALE,2024-09-20T16:46:54,S05,20240920
S05/20240920/00012,9,P104236,1,289.43,SALE,2024-09-20T16:46:54,S05,20240920
S05/20240920/00012,10,P105164,1,216.12,SALE,2024-09-20T16:46:54,S05,20240920
S05/20240920/00012,11,TAX,1,1471.78,TAX,2024-09-20T16:46:54,S05,20240920
S05/20240920/00012,12,TENDER,1,13396.08,TENDER,2024-09-20T16:46:54,S05,20240920
S05/20240920/00013,1,P104469,3,1631.11,SALE,2024-09-20T14:11:29,S05,20240920
S05/20240920/00013,2,P106848,4,17.39,SALE,2024-09-20T14:11:29,S05,20240920
S05/20240920/00013,3,P105713,1,345.36,SALE,2024-09-20T14:11:29,S05,20240920
S05/20240920/00013,4,TAX,1,604.47,TAX,2024-09-20T14:11:29,S05,20240920
S05/20240920/00013,5,TENDER,1,5912.72,TENDER,2024-09-20T14:11:29,S05,20240920
S05/20240920/00014,1,P105497,3,70.98,SALE,2024-09-20T14:55:19,S05,20240920
S05/20240920/00014,2,P100816,3,806.93,SALE,2024-09-20T14:55:19,S05,20240920
S05/20240920/00014,3,TAX,1,316.05,TAX,2024-09-20T14:55:19,S05,20240920
S05/20240920/00014,4,TENDER,1,2949.78,TENDER,2024-09-20T14:55:19,S05,20240920
S05/20240920/00015,1,P103732,2,94.74,SALE,2024-09-20T20:15:37,S05,20240920
S05/20240920/00015,2,P103413,1,1352.06,SALE,2024-09-20T20:15:37,S05,20240920
S05/20240920/00015,3,P101626,1,1040.69,SALE,2024-09-20T20:15:37,S05,20240920
S05/20240920/00015,4,P102014,3,261.84,SALE,2024-09-20T20:15:37,S05,20240920
S05/20240920/00015,5,P101237,2,278.87,SALE,2024-09-20T20:15:37,S05,20240920
S05/20240920/00015,6,P102546,1,74.67,SALE,2024-09-20T20:15:37,S05,20240920
S05/20240920/00015,7,P102671,1,252.00,SALE,2024-09-20T20:15:37,S05,20240920
S05/20240920/00015,8,TAX,1,469.08,TAX,2024-09-20T20:15:37,S05,20240920
S05/20240920/00015,9,TENDER,1,4721.24,TENDER,2024-09-20T20:15:37,S05,20240920
S05/20240920/00016,1,P108282,1,472.97,SALE,2024-09-20T14:35:22,S05,20240920
S05/20240920/00016,2,P102021,1,90.22,SALE,2024-09-20T14:35:22,S05,20240920
S05/20240920/00016,3,P103964,3,134.21,SALE,2024-09-20T14:35:22,S05,20240920
S05/20240920/00016,4,TAX,1,54.61,TAX,2024-09-20T14:35:22,S05,20240920
S05/20240920/00016,5,TENDER,1,1020.43,TENDER,2024-09-20T14:35:22,S05,20240920
S05/20240920/00017,1,P100658,2,50.53,SALE,2024-09-20T23:17:32,S05,20240920
S05/20240920/00017,2,P101428,2,394.08,SALE,2024-09-20T23:17:32,S05,20240920
S05/20240920/00017,3,P100904,3,68.79,SALE,2024-09-20T23:17:32,S05,20240920
S05/20240920/00017,4,P108346,1,534.07,SALE,2024-09-20T23:17:32,S05,20240920
S05/20240920/00017,5,P106934,2,1604.94,SALE,2024-09-20T23:17:32,S05,20240920
S05/20240920/00017,6,P100406,1,435.20,SALE,2024-09-20T23:17:32,S05,20240920
S05/20240920/00017,7,P105713,4,345.36,SALE,2024-09-20T23:17:32,S05,20240920
S05/20240920/00017,8,P100595,2,404.82,SALE,2024-09-20T23:17:32,S05,20240920
S05/20240920/00017,9,TAX,1,393.71,TAX,2024-09-20T23:17:32,S05,20240920
S05/20240920/00017,10,TENDER,1,7859.53,TENDER,2024-09-20T23:17:32,S05,20240920
S05/20240920/00018,1,P105677,4,89.95,SALE,2024-09-20T15:06:03,S05,20240920
S05/20240920/00018,2,P100549,2,320.43,SALE,2024-09-20T15:06:03,S05,20240920
S05/20240920/00018,3,P100582,1,164.39,SALE,2024-09-20T15:06:03,S05,20240920
S05/20240920/00018,4,P102559,3,86.19,SALE,2024-09-20T15:06:03,S05,20240920
S05/20240920/00018,5,P106710,3,98.77,SALE,2024-09-20T15:06:03,S05,20240920
S05/20240920/00018,6,P106044,1,40.72,SALE,2024-09-20T15:06:03,S05,20240920
S05/20240920/00018,7,P108001,2,96.97,SALE,2024-09-20T15:06:03,S05,20240920
S05/20240920/00018,8,TAX,1,244.85,TAX,2024-09-20T15:06:03,S05,20240920
S05/20240920/00018,9,TENDER,1,2199.44,TENDER,2024-09-20T15:06:03,S05,20240920
S05/20240920/00019,1,P103374,2,34.95,SALE,2024-09-20T16:18:20,S05,20240920
S05/20240920/00019,2,P101638,3,402.54,SALE,2024-09-20T16:18:20,S05,20240920
S05/20240920/00019,3,P101010,2,71.39,SALE,2024-09-20T16:18:20,S05,20240920
S05/20240920/00019,4,P107171,1,335.20,SALE,2024-09-20T16:18:20,S05,20240920
S05/20240920/00019,5,P103749,3,16.85,SALE,2024-09-20T16:18:20,S05,20240920
S05/20240920/00019,6,TAX,1,223.95,TAX,2024-09-20T16:18:20,S05,20240920
S05/20240920/00019,7,TENDER,1,2030.00,TENDER,2024-09-20T16:18:20,S05,20240920
S05/20240920/00020,1,P104382,2,62.22,SALE,2024-09-20T11:45:03,S05,20240920
S05/20240920/00020,2,P103620,2,474.03,SALE,2024-09-20T11:45:03,S05,20240920
S05/20240920/00020,3,P101305,2,114.22,SALE,2024-09-20T11:45:03,S05,20240920
S05/20240920/00020,4,P106624,2,103.58,SALE,2024-09-20T11:45:03,S05,20240920
S05/20240920/00020,5,P106745,2,621.98,SALE,2024-09-20T11:45:03,S05,20240920
S05/20240920/00020,6,P105280,4,220.35,SALE,2024-09-20T11:45:03,S05,20240920
S05/20240920/00020,7,P107215,1,153.85,SALE,2024-09-20T11:45:03,S05,20240920
S05/20240920/00020,8,TAX,1,333.79,TAX,2024-09-20T11:45:03,S05,20240920
S05/20240920/00020,9,TENDER,1,4121.10,TENDER,2024-09-20T11:45:03,S05,20240920
S05/20240920/00021,1,P101827,4,139.26,SALE,2024-09-20T15:36:24,S05,20240920
S05/20240920/00021,2,P100221,1,139.88,SALE,2024-09-20T15:36:24,S05,20240920
S05/20240920/00021,3,P106948,1,180.07,SALE,2024-09-20T15:36:24,S05,20240920
S05/20240920/00021,4,P104257,2,42.95,SALE,2024-09-20T15:36:24,S05,20240920
S05/20240920/00021,5,TAX,1,57.94,TAX,2024-09-20T15:36:24,S05,20240920
S05/20240920/00021,6,TENDER,1,1020.83,TENDER,2024-09-20T15:36:24,S05,20240920
S05/20240920/00022,1,P101356,2,1083.07,SALE,2024-09-20T13:57:14,S05,20240920
S05/20240920/00022,2,P100781,1,611.95,SALE,2024-09-20T13:57:14,S05,20240920
S05/20240920/00022,3,P104501,3,413.53,SALE,2024-09-20T13:57:14,S05,20240920
S05/20240920/00022,4,P100494,2,67.32,SALE,2024-09-20T13:57:14,S05,20240920
S05/20240920/00022,5,TAX,1,242.69,TAX,2024-09-20T13:57:14,S05,20240920
S05/20240920/00022,6,TENDER,1,4396.01,TENDER,2024-09-20T13:57:14,S05,20240920
S05/20240921/00001,1,P107253,5,241.31,SALE,2024-09-21T12:39:38,S05,20240921
S05/20240921/00001,2,P101321,2,24.76,SALE,2024-09-21T12:39:38,S05,20240921
S05/20240921/00001,3,P106207,2,459.95,SALE,2024-09-21T12:39:38,S05,20240921
S05/20240921/00001,4,P105246,3,840.69,SALE,2024-09-21T12:39:38,S05,20240921
S05/20240921/00001,5,TAX,1,300.60,TAX,2024-09-21T12:39:38,S05,20240921
S05/20240921/00001,6,TENDER,1,4998.64,TENDER,2024-09-21T12:39:38,S05,20240921
S05/20240921/00002,1,P104916,2,294.91,SALE,2024-09-21T13:37:44,S05,20240921
S05/20240921/00002,2,P107126,2,68.67,SALE,2024-09-21T13:37:44,S05,20240921
S05/20240921/00002,3,P103364,3,114.95,SALE,2024-09-21T13:37:44,S05,20240921
S05/20240921/00002,4,TAX,1,122.65,TAX,2024-09-21T13:37:44,S05,20240921
S05/20240921/00002,5,TENDER,1,1194.66,TENDER,2024-09-21T13:37:44,S05,20240921
S05/20240921/00003,1,P105797,1,254.07,SALE,2024-09-21T11:14:34,S05,20240921
S05/20240921/00003,2,P104593,2,867.34,SALE,2024-09-21T11:14:34,S05,20240921
S05/20240921/00003,3,P100869,1,62.15,SALE,2024-09-21T11:14:34,S05,20240921
S05/20240921/00003,4,P104160,3,258.87,SALE,2024-09-21T11:14:34,S05,20240921
S05/20240921/00003,5,P105057,2,294.62,SALE,2024-09-21T11:14:34,S05,20240921
S05/20240921/00003,6,P104891,1,757.22,SALE,2024-09-21T11:14:34,S05,20240921
S05/20240921/00003,7,TAX,1,458.28,TAX,2024-09-21T11:14:34,S05,20240921
S05/20240921/00003,8,TENDER,1,4632.25,TENDER,2024-09-21T11:14:34,S05,20240921
S05/20240921/00004,1,P104079,1,75.55,SALE,2024-09-21T18:39:14,S05,20240921
S05/20240921/00004,2,P104435,1,467.73,SALE,2024-09-21T18:39:14,S05,20240921
S05/20240921/00004,3,P108206,4,81.62,SALE,2024-09-21T18:39:14,S05,20240921
S05/20240921/00004,4,P107432,3,45.60,SALE,2024-09-21T18:39:14,S05,20240921
S05/20240921/00004,5,P106534,2,96.00,SALE,2024-09-21T18:39:14,S05,20240921
S05/20240921/00004,6,P101101,1,74.25,SALE,2024-09-21T18:39:14,S05,20240921
S05/20240921/00004,7,TAX,1,106.44,TAX,2024-09-21T18:39:14,S05,20240921
S05/20240921/00004,8,TENDER,1,1379.25,TENDER,2024-09-21T18:39:14,S05,20240921
S05/20240921/00005,1,P103855,2,322.11,SALE,2024-09-21T17:00:07,S05,20240921
S05/20240921/00005,2,P107743,2,197.87,SALE,2024-09-21T17:00:07,S05,20240921
S05/20240921/00005,3,P104854,1,34.90,SALE,2024-09-21T17:00:07,S05,20240921
S05/20240921/00005,4,P105541,3,196.86,SALE,2024-09-21T17:00:07,S05,20240921
S05/20240921/00005,5,P101134,3,1071.76,SALE,2024-09-21T17:00:07,S05,20240921
S05/20240921/00005,6,P107458,2,1239.88,SALE,2024-09-21T17:00:07,S05,20240921
S05/20240921/00005,7,TAX,1,269.75,TAX,2024-09-21T17:00:07,S05,20240921
S05/20240921/00005,8,TENDER,1,7630.23,TENDER,2024-09-21T17:00:07,S05,20240921
S05/20240921/00006,1,P103530,4,427.69,SALE,2024-09-21T19:12:28,S05,20240921
S05/20240921/00006,2,P106239,2,803.36,SALE,2024-09-21T19:12:28,S05,20240921
S05/20240921/00006,3,P101184,3,67.94,SALE,2024-09-21T19:12:28,S05,20240921
S05/20240921/00006,4,DISC,1,-281.53,DISCOUNT,2024-09-21T19:12:28,S05,20240921
S05/20240921/00006,5,TAX,1,305.82,TAX,2024-09-21T19:12:28,S05,20240921
S05/20240921/00006,6,TENDER,1,3545.59,TENDER,2024-09-21T19:12:28,S05,20240921
S05/20240921/00007,1,P106373,3,48.45,SALE,2024-09-21T11:38:03,S05,20240921
S05/20240921/00007,2,P104695,1,76.51,SALE,2024-09-21T11:38:03,S05,20240921
S05/20240921/00007,3,TAX,1,11.09,TAX,2024-09-21T11:38:03,S05,20240921
S05/20240921/00007,4,TENDER,1,232.95,TENDER,2024-09-21T11:38:03,S05,20240921
S05/20240921/00008,1,P105815,3,320.65,SALE,2024-09-21T17:52:15,S05,20240921
S05/20240921/00008,2,P104665,1,217.71,SALE,2024-09-21T17:52:15,S05,20240921
S05/20240921/00008,3,P100771,1,820.85,SALE,2024-09-21T17:52:15,S05,20240921
S05/20240921/00008,4,P100367,2,537.90,SALE,2024-09-21T17:52:15,S05,20240921
S05/20240921/00008,5,P105633,5,46.25,SALE,2024-09-21T17:52:15,S05,20240921
S05/20240921/00008,6,DISC,1,-99.67,DISCOUNT,2024-09-21T17:52:15,S05,20240921
S05/20240921/00008,7,TAX,1,431.85,TAX,2024-09-21T17:52:15,S05,20240921
S05/20240921/00008,8,TENDER,1,3639.74,TENDER,2024-09-21T17:52:15,S05,20240921
S05/20240921/00009,1,P104831,2,1516.75,SALE,2024-09-21T16:53:07,S05,20240921
S05/20240921/00009,2,P100767,3,277.22,SALE,2024-09-21T16:53:07,S05,20240921
S05/20240921/00009,3,P107581,1,287.09,SALE,2024-09-21T16:53:07,S05,20240921
S05/20240921/00009,4,P102616,3,82.31,SALE,2024-09-21T16:53:07,S05,20240921
S05/20240921/00009,5,P101127,2,45.95,SALE,2024-09-21T16:53:07,S05,20240921
S05/20240921/00009,6,TAX,1,542.72,TAX,2024-09-21T16:53:07,S05,20240921
S05/20240921/00009,7,TENDER,1,5033.80,TENDER,2024-09-21T16:53:07,S05,20240921
S05/20240921/00010,1,P101489,2,493.95,SALE,2024-09-21T14:01:37,S05,20240921
S05/20240921/00010,2,P107826,1,117.63,SALE,2024-09-21T14:01:37,S05,20240921
S05/20240921/00010,3,P107815,2,106.85,SALE,2024-09-21T14:01:37,S05,20240921
S05/20240921/00010,4,P105740,1,103.24,SALE,2024-09-21T14:01:37,S05,20240921
S05/20240921/00010,5,TAX,1,58.34,TAX,2024-09-21T14:01:37,S05,20240921
S05/20240921/00010,6,TENDER,1,1480.81,TENDER,2024-09-21T14:01:37,S05,20240921
S05/20240921/00011,1,P107733,4,57.55,SALE,2024-09-21T13:03:10,S05,20240921
S05/20240921/00011,2,P105980,2,263.95,SALE,2024-09-21T13:03:10,S05,20240921
S05/20240921/00011,3,P105594,4,321.63,SALE,2024-09-21T13:03:10,S05,20240921
S05/20240921/00011,4,P106024,1,472.89,SALE,2024-09-21T13:03:10,S05,20240921
S05/20240921/00011,5,P107880,1,347.04,SALE,2024-09-21T13:03:10,S05,20240921
S05/20240921/00011,6,P102321,1,35.15,SALE,2024-09-21T13:03:10,S05,20240921
S05/20240921/00011,7,P105944,2,985.47,SALE,2024-09-21T13:03:10,S05,20240921
S05/20240921/00011,8,TAX,1,572.44,TAX,2024-09-21T13:03:10,S05,20240921
S05/20240921/00011,9,TENDER,1,5443.08,TENDER,2024-09-21T13:03:10,S05,20240921
S05/20240921/00012,1,P101949,-5,857.51,RETURN,2024-09-21T14:18:42,S05,20240921
S05/20240921/00012,2,P107715,-1,241.95,RETURN,2024-09-21T14:18:42,S05,20240921
S05/20240921/00012,3,P106258,-3,423.67,RETURN,2024-09-21T14:18:42,S05,20240921
S05/20240921/00012,4,P102142,-3,93.89,RETURN,2024-09-21T14:18:42,S05,20240921
S05/20240921/00012,5,P101681,-1,139.09,RETURN,2024-09-21T14:18:42,S05,20240921
S05/20240921/00012,6,TAX,1,-352.25,TAX,2024-09-21T14:18:42,S05,20240921
S05/20240921/00012,7,TENDER,1,-6573.52,TENDER,2024-09-21T14:18:42,S05,20240921
S05/20240921/00013,1,P101174,1,57.43,SALE,2024-09-21T17:54:32,S05,20240921
S05/20240921/00013,2,P106239,1,803.36,SALE,2024-09-21T17:54:32,S05,20240921
S05/20240921/00013,3,P101428,2,394.08,SALE,2024-09-21T17:54:32,S05,20240921
S05/20240921/00013,4,P104891,2,757.22,SALE,2024-09-21T17:54:32,S05,20240921
S05/20240921/00013,5,P103249,1,521.24,SALE,2024-09-21T17:54:32,S05,20240921
S05/20240921/00013,6,TAX,1,352.54,TAX,2024-09-21T17:54:32,S05,20240921
S05/20240921/00013,7,TENDER,1,4037.17,TENDER,2024-09-21T17:54:32,S05,20240921
S05/20240921/00014,1,P104645,1,1052.62,SALE,2024-09-21T15:37:55,S05,20240921
S05/20240921/00014,2,P104872,4,132.45,SALE,2024-09-21T15:37:55,S05,20240921
S05/20240921/00014,3,P104497,1,229.16,SALE,2024-09-21T15:37:55,S05,20240921
S05/20240921/00014,4,P103757,1,159.40,SALE,2024-09-21T15:37:55,S05,20240921
S05/20240921/00014,5,P100305,2,771.81,SALE,2024-09-21T15:37:55,S05,20240921
S05/20240921/00014,6,P106464,2,271.59,SALE,2024-09-21T15:37:55,S05,20240921
S05/20240921/00014,7,DISC,1,-482.42,DISCOUNT,2024-09-21T15:37:55,S05,20240921
S05/20240921/00014,8,TAX,1,130.57,TAX,2024-09-21T15:37:55,S05,20240921
S05/20240921/00014,9,TENDER,1,3705.93,TENDER,2024-09-21T15:37:55,S05,20240921
S05/20240921/00015,1,P105272,3,351.65,SALE,2024-09-21T13:51:24,S05,20240921
S05/20240921/00015,2,P100019,3,64.89,SALE,2024-09-21T13:51:24,S05,20240921
S05/20240921/00015,3,P104168,3,512.27,SALE,2024-09-21T13:51:24,S05,20240921
S05/20240921/00015,4,P102857,1,116.85,SALE,2024-09-21T13:51:24,S05,20240921
S05/20240921/00015,5,P105541,2,196.86,SALE,2024-09-21T13:51:24,S05,20240921
S05/20240921/00015,6,TAX,1,330.38,TAX,2024-09-21T13:51:24,S05,20240921
S05/20240921/00015,7,TENDER,1,3627.38,TENDER,2024-09-21T13:51:24,S05,20240921
S05/20240921/00016,1,P105236,1,552.60,SALE,2024-09-21T13:39:26,S05,20240921
S05/20240921/00016,2,P105057,2,294.62,SALE,2024-09-21T13:39:26,S05,20240921
S05/20240921/00016,3,P103281,1,163.32,SALE,2024-09-21T13:39:26,S05,20240921
S05/20240921/00016,4,P102255,1,167.76,SALE,2024-09-21T13:39:26,S05,20240921
S05/20240921/00016,5,P102593,3,92.93,SALE,2024-09-21T13:39:26,S05,20240921
S05/20240921/00016,6,P104789,1,67.52,SALE,2024-09-21T13:39:26,S05,20240921
S05/20240921/00016,7,P103040,2,410.59,SALE,2024-09-21T13:39:26,S05,20240921
S05/20240921/00016,8,TAX,1,399.77,TAX,2024-09-21T13:39:26,S05,20240921
S05/20240921/00016,9,TENDER,1,3040.18,TENDER,2024-09-21T13:39:26,S05,20240921
S05/20240921/00017,1,P107264,3,181.93,SALE,2024-09-21T15:27:16,S05,20240921
S05/20240921/00017,2,P104739,5,172.21,SALE,2024-09-21T15:27:16,S05,20240921
S05/20240921/00017,3,TAX,1,253.23,TAX,2024-09-21T15:27:16,S05,20240921
S05/20240921/00017,4,TENDER,1,1660.07,TENDER,2024-09-21T15:27:16,S05,20240921
S05/20240921/00018,1,P102849,2,692.04,SALE,2024-09-21T13:52:23,S05,20240921
S05/20240921/00018,2,P106490,2,671.88,SALE,2024-09-21T13:52:23,S05,20240921
S05/20240921/00018,3,P102184,1,91.57,SALE,2024-09-21T13:52:23,S05,20240921
S05/20240921/00018,4,P105405,2,430.78,SALE,2024-09-21T13:52:23,S05,20240921
S05/20240921/00018,5,P103530,2,427.69,SALE,2024-09-21T13:52:23,S05,20240921
S05/20240921/00018,6,P106143,1,60.82,SALE,2024-09-21T13:52:23,S05,20240921
S05/20240921/00018,7,TAX,1,390.57,TAX,2024-09-21T13:52:23,S05,20240921
S05/20240921/00018,8,TENDER,1,4987.74,TENDER,2024-09-21T13:52:23,S05,20240921
S05/20240921/00019,1,P103645,2,254.96,SALE,2024-09-21T12:47:32,S05,20240921
S05/20240921/00019,2,P103861,2,57.59,SALE,2024-09-21T12:47:32,S05,20240921
S05/20240921/00019,3,P103629,4,60.58,SALE,2024-09-21T12:47:32,S05,20240921
S05/20240921/00019,4,P106151,1,298.42,SALE,2024-09-21T12:47:32,S05,20240921
S05/20240921/00019,5,TAX,1,85.19,TAX,2024-09-21T12:47:32,S05,20240921
S05/20240921/00019,6,TENDER,1,1251.03,TENDER,2024-09-21T12:47:32,S05,20240921
S05/20240921/00020,1,P108258,3,54.62,SALE,2024-09-21T12:40:33,S05,20240921
S05/20240921/00020,2,P104533,1,271.68,SALE,2024-09-21T12:40:33,S05,20240921
S05/20240921/00020,3,P104898,2,181.50,SALE,2024-09-21T12:40:33,S05,20240921
S05/20240921/00020,4,TAX,1,61.23,TAX,2024-09-21T12:40:33,S05,20240921
S05/20240921/00020,5,TENDER,1,859.77,TENDER,2024-09-21T12:40:33,S05,20240921
S05/20240921/00021,1,P102903,1,51.46,SALE,2024-09-21T17:41:13,S05,20240921
S05/20240921/00021,2,P103934,1,284.79,SALE,2024-09-21T17:41:13,S05,20240921
S05/20240921/00021,3,P104587,2,252.25,SALE,2024-09-21T17:41:13,S05,20240921
S05/20240921/00021,4,P100428,2,132.93,SALE,2024-09-21T17:41:13,S05,20240921
S05/20240921/00021,5,P102581,1,189.36,SALE,2024-09-21T17:41:13,S05,20240921
S05/20240921/00021,6,P102129,2,252.76,SALE,2024-09-21T17:41:13,S05,20240921
S05/20240921/00021,7,P103950,2,1283.54,SALE,2024-09-21T17:41:13,S05,20240921
S05/20240921/00021,8,TAX,1,248.85,TAX,2024-09-21T17:41:13,S05,20240921
S05/20240921/00021,9,TENDER,1,4617.42,TENDER,2024-09-21T17:41:13,S05,20240921
S05/20240921/00022,1,P101305,1,114.22,SALE,2024-09-21T18:08:29,S05,20240921
S05/20240921/00022,2,P101613,2,125.30,SALE,2024-09-21T18:08:29,S05,20240921
S05/20240921/00022,3,P101208,2,593.86,SALE,2024-09-21T18:08:29,S05,20240921
S05/20240921/00022,4,TAX,1,65.67,TAX,2024-09-21T18:08:29,S05,20240921
S05/20240921/00022,5,TENDER,1,1618.21,TENDER,2024-09-21T18:08:29,S05,20240921
S05/20240921/00023,1,P104382,2,62.22,SALE,2024-09-21T15:09:33,S05,20240921
S05/20240921/00023,2,P106048,3,310.59,SALE,2024-09-21T15:09:33,S05,20240921
S05/20240921/00023,3,P102112,1,389.72,SALE,2024-09-21T15:09:33,S05,20240921
S05/20240921/00023,4,TAX,1,164.80,TAX,2024-09-21T15:09:33,S05,20240921
S05/20240921/00023,5,TENDER,1,1610.73,TENDER,2024-09-21T15:09:33,S05,20240921
S05/20240921/00024,1,P104079,2,75.55,SALE,2024-09-21T15:47:19,S05,20240921
S05/20240921/00024,2,P105092,1,57.00,SALE,2024-09-21T15:47:19,S05,20240921
S05/20240921/00024,3,P102892,1,227.52,SALE,2024-09-21T15:47:19,S05,20240921
S05/20240921/00024,4,P107458,1,1239.88,SALE,2024-09-21T15:47:19,S05,20240921
S05/20240921/00024,5,P105139,3,100.45,SALE,2024-09-21T15:47:19,S05,20240921
S05/20240921/00024,6,P103452,5,1033.70,SALE,2024-09-21T15:47:19,S05,20240921
S05/20240921/00024,7,P101142,5,102.04,SALE,2024-09-21T15:47:19,S05,20240921
S05/20240921/00024,8,TAX,1,407.02,TAX,2024-09-21T15:47:19,S05,20240921
S05/20240921/00024,9,TENDER,1,8062.57,TENDER,2024-09-21T15:47:19,S05,20240921
S05/20240921/00025,1,P106528,2,832.82,SALE,2024-09-21T15:48:51,S05,20240921
S05/20240921/00025,2,P107435,2,549.51,SALE,2024-09-21T15:48:51,S05,20240921
S05/20240921/00025,3,P107414,1,565.57,SALE,2024-09-21T15:48:51,S05,20240921
S05/20240921/00025,4,P105313,2,51.83,SALE,2024-09-21T15:48:51,S05,20240921
S05/20240921/00025,5,TAX,1,425.98,TAX,2024-09-21T15:48:51,S05,20240921
S05/20240921/00025,6,TENDER,1,3859.87,TENDER,2024-09-21T15:48:51,S05,20240921
S05/20240921/00026,1,P102972,2,227.38,SALE,2024-09-21T21:01:38,S05,20240921
S05/20240921/00026,2,P104181,2,279.95,SALE,2024-09-21T21:01:38,S05,20240921
S05/20240921/00026,3,P106258,2,423.67,SALE,2024-09-21T21:01:38,S05,20240921
S05/20240921/00026,4,P101940,3,201.44,SALE,2024-09-21T21:01:38,S05,20240921
S05/20240921/00026,5,P100276,2,965.56,SALE,2024-09-21T21:01:38,S05,20240921
S05/20240921/00026,6,P105838,2,594.50,SALE,2024-09-21T21:01:38,S05,20240921
S05/20240921/00026,7,TAX,1,333.20,TAX,2024-09-21T21:01:38,S05,20240921
S05/20240921/00026,8,TENDER,1,5919.64,TENDER,2024-09-21T21:01:38,S05,20240921
S05/20240921/00027,1,P101648,1,334.22,SALE,2024-09-21T16:42:49,S05,20240921
S05/20240921/00027,2,P103316,2,1774.02,SALE,2024-09-21T16:42:49,S05,20240921
S05/20240921/00027,3,P103484,1,109.59,SALE,2024-09-21T16:42:49,S05,20240921
S05/20240921/00027,4,P100693,1,107.22,SALE,2024-09-21T16:42:49,S05,20240921
S05/20240921/00027,5,TAX,1,481.50,TAX,2024-09-21T16:42:49,S05,20240921
S05/20240921/00027,6,TENDER,1,4580.57,TENDER,2024-09-21T16:42:49,S05,20240921
S05/20240921/00028,1,P106907,3,321.26,SALE,2024-09-21T20:28:55,S05,20240921
S05/20240921/00028,2,P102857,2,116.85,SALE,2024-09-21T20:28:55,S05,20240921
S05/20240921/00028,3,P100367,1,537.90,SALE,2024-09-21T20:28:55,S05,20240921
S05/20240921/00028,4,P106907,-3,321.26,VOID,2024-09-21T20:28:55,S05,20240921
S05/20240921/00028,5,P102857,-2,116.85,VOID,2024-09-21T20:28:55,S05,20240921
S05/20240921/00028,6,P100367,-1,537.90,VOID,2024-09-21T20:28:55,S05,20240921
S05/20240921/00028,7,TAX,1,0.00,TAX,2024-09-21T20:28:55,S05,20240921
S05/20240921/00028,8,TENDER,1,0.00,TENDER,2024-09-21T20:28:55,S05,20240921
S05/20240921/00029,1,P104344,2,390.44,SALE,2024-09-21T13:44:29,S05,20240921
S05/20240921/00029,2,P105083,2,245.38,SALE,2024-09-21T13:44:29,S05,20240921
S05/20240921/00029,3,P101272,3,96.70,SALE,2024-09-21T13:44:29,S05,20240921
S05/20240921/00029,4,P100933,1,276.15,SALE,2024-09-21T13:44:29,S05,20240921
S05/20240921/00029,5,P104202,3,153.74,SALE,2024-09-21T13:44:29,S05,20240921
S05/20240921/00029,6,P103785,3,562.18,SALE,2024-09-21T13:44:29,S05,20240921
S05/20240921/00029,7,DISC,1,-366.03,DISCOUNT,2024-09-21T13:44:29,S05,20240921
S05/20240921/00029,8,TAX,1,449.99,TAX,2024-09-21T13:44:29,S05,20240921
S05/20240921/00029,9,TENDER,1,4069.61,TENDER,2024-09-21T13:44:29,S05,20240921
S05/20240921/00030,1,P103496,1,70.71,SALE,2024-09-21T12:48:38,S05,20240921
S05/20240921/00030,2,P104579,1,67.48,SALE,2024-09-21T12:48:38,S05,20240921
S05/20240921/00030,3,P107414,1,565.57,SALE,2024-09-21T12:48:38,S05,20240921
S05/20240921/00030,4,P103389,2,239.67,SALE,2024-09-21T12:48:38,S05,20240921
S05/20240921/00030,5,P104112,1,52.93,SALE,2024-09-21T12:48:38,S05,20240921
S05/20240921/00030,6,P101489,3,493.95,SALE,2024-09-21T12:48:38,S05,20240921
S05/20240921/00030,7,TAX,1,129.93,TAX,2024-09-21T12:48:38,S05,20240921
S05/20240921/00030,8,TENDER,1,2847.81,TENDER,2024-09-21T12:48:38,S05,20240921
S05/20240921/00031,1,P103374,1,34.95,SALE,2024-09-21T14:48:50,S05,20240921
S05/20240921/00031,2,P100380,1,136.58,SALE,2024-09-21T14:48:50,S05,20240921
S05/20240921/00031,3,P104606,2,90.58,SALE,2024-09-21T14:48:50,S05,20240921
S05/20240921/00031,4,TAX,1,44.42,TAX,2024-09-21T14:48:50,S05,20240921
S05/20240921/00031,5,TENDER,1,397.11,TENDER,2024-09-21T14:48:50,S05,20240921
S05/20240921/00032,1,P103806,2,319.17,SALE,2024-09-21T16:30:51,S05,20240921
S05/20240921/00032,2,P101242,2,83.48,SALE,2024-09-21T16:30:51,S05,20240921
S05/20240921/00032,3,P103749,2,16.85,SALE,2024-09-21T16:30:51,S05,20240921
S05/20240921/00032,4,P104867,2,190.50,SALE,2024-09-21T16:30:51,S05,20240921
S05/20240921/00032,5,P101515,2,58.58,SALE,2024-09-21T16:30:51,S05,20240921
S05/20240921/00032,6,P106426,5,149.87,SALE,2024-09-21T16:30:51,S05,20240921
S05/20240921/00032,7,P105268,3,255.65,SALE,2024-09-21T16:30:51,S05,20240921
S05/20240921/00032,8,TAX,1,328.10,TAX,2024-09-21T16:30:51,S05,20240921
S05/20240921/00032,9,TENDER,1,3181.56,TENDER,2024-09-21T16:30:51,S05,20240921
S05/20240921/00033,1,P104909,1,363.10,SALE,2024-09-21T12:31:51,S05,20240921
S05/20240921/00033,2,P107197,1,669.72,SALE,2024-09-21T12:31:51,S05,20240921
S05/20240921/00033,3,P106858,1,281.23,SALE,2024-09-21T12:31:51,S05,20240921
S05/20240921/00033,4,TAX,1,171.17,TAX,2024-09-21T12:31:51,S05,20240921
S05/20240921/00033,5,TENDER,1,1485.22,TENDER,2024-09-21T12:31:51,S05,20240921
S05/20240921/00034,1,P101740,2,855.00,SALE,2024-09-21T14:56:13,S05,20240921
S05/20240921/00034,2,P107292,4,340.23,SALE,2024-09-21T14:56:13,S05,20240921
S05/20240921/00034,3,P106084,3,592.14,SALE,2024-09-21T14:56:13,S05,20240921
S05/20240921/00034,4,P105677,2,89.95,SALE,2024-09-21T14:56:13,S05,20240921
S05/20240921/00034,5,P103620,1,474.03,SALE,2024-09-21T14:56:13,S05,20240921
S05/20240921/00034,6,P101117,2,203.24,SALE,2024-09-21T14:56:13,S05,20240921
S05/20240921/00034,7,P101722,2,1331.86,SALE,2024-09-21T14:56:13,S05,20240921
S05/20240921/00034,8,P104587,1,252.25,SALE,2024-09-21T14:56:13,S05,20240921
S05/20240921/00034,9,P106566,1,251.68,SALE,2024-09-21T14:56:13,S05,20240921
S05/20240921/00034,10,DISC,1,-621.76,DISCOUNT,2024-09-21T14:56:13,S05,20240921
S05/20240921/00034,11,TAX,1,443.03,TAX,2024-09-21T14:56:13,S05,20240921
S05/20240921/00034,12,TENDER,1,8896.67,TENDER,2024-09-21T14:56:13,S05,20240921
S05/20240921/00035,1,P100255,1,1250.31,SALE,2024-09-21T14:49:40,S05,20240921
S05/20240921/00035,2,P104950,3,91.01,SALE,2024-09-21T14:49:40,S05,20240921
S05/20240921/00035,3,TAX,1,111.66,TAX,2024-09-21T14:49:40,S05,20240921
S05/20240921/00035,4,TENDER,1,1635.00,TENDER,2024-09-21T14:49:40,S05,20240921
S05/20240921/00036,1,P105570,2,345.21,SALE,2024-09-21T15:41:33,S05,20240921
S05/20240921/00036,2,P100781,4,611.95,SALE,2024-09-21T15:41:33,S05,20240921
S05/20240921/00036,3,P103452,1,1033.70,SALE,2024-09-21T15:41:33,S05,20240921
S05/20240921/00036,4,P102006,2,1553.68,SALE,2024-09-21T15:41:33,S05,20240921
S05/20240921/00036,5,P101923,1,484.95,SALE,2024-09-21T15:41:33,S05,20240921
S05/20240921/00036,6,P101592,2,295.58,SALE,2024-09-21T15:41:33,S05,20240921
S05/20240921/00036,7,TAX,1,720.51,TAX,2024-09-21T15:41:33,S05,20240921
S05/20240921/00036,8,TENDER,1,9075.90,TENDER,2024-09-21T15:41:33,S05,20240921
S05/20240921/00037,1,P108110,2,17.55,SALE,2024-09-21T15:57:27,S05,20240921
S05/20240921/00037,2,P104921,1,421.02,SALE,2024-09-21T15:57:27,S05,20240921
S05/20240921/00037,3,P108234,3,33.09,SALE,2024-09-21T15:57:27,S05,20240921
S05/20240921/00037,4,P102409,3,326.59,SALE,2024-09-21T15:57:27,S05,20240921
S05/20240921/00037,5,P107890,3,133.07,SALE,2024-09-21T15:57:27,S05,20240921
S05/20240921/00037,6,P105835,1,238.39,SALE,2024-09-21T15:57:27,S05,20240921
S05/20240921/00037,7,DISC,1,-191.29,DISCOUNT,2024-09-21T15:57:27,S05,20240921
S05/20240921/00037,8,TAX,1,281.07,TAX,2024-09-21T15:57:27,S05,20240921
S05/20240921/00037,9,TENDER,1,2262.54,TENDER,2024-09-21T15:57:27,S05,20240921
S05/20240921/00038,1,P104725,2,536.92,SALE,2024-09-21T15:51:50,S05,20240921
S05/20240921/00038,2,P106200,2,117.95,SALE,2024-09-21T15:51:50,S05,20240921
S05/20240921/00038,3,P100077,1,173.95,SALE,2024-09-21T15:51:50,S05,20240921
S05/20240921/00038,4,P103600,2,107.84,SALE,2024-09-21T15:51:50,S05,20240921
S05/20240921/00038,5,DISC,1,-94.44,DISCOUNT,2024-09-21T15:51:50,S05,20240921
S05/20240921/00038,6,TAX,1,227.68,TAX,2024-09-21T15:51:50,S05,20240921
S05/20240921/00038,7,TENDER,1,1832.61,TENDER,2024-09-21T15:51:50,S05,20240921
S05/20240921/00039,1,P104487,2,388.90,SALE,2024-09-21T21:46:42,S05,20240921
S05/20240921/00039,2,P104485,2,643.04,SALE,2024-09-21T21:46:42,S05,20240921
S05/20240921/00039,3,P100057,2,213.48,SALE,2024-09-21T21:46:42,S05,20240921
S05/20240921/00039,4,P102874,2,142.11,SALE,2024-09-21T21:46:42,S05,20240921
S05/20240921/00039,5,P102409,2,326.59,SALE,2024-09-21T21:46:42,S05,20240921
S05/20240921/00039,6,TAX,1,430.68,TAX,2024-09-21T21:46:42,S05,20240921
S05/20240921/00039,7,TENDER,1,3858.92,TENDER,2024-09-21T21:46:42,S05,20240921
S05/20240921/00040,1,P105603,2,202.29,SALE,2024-09-21T16:51:38,S05,20240921
S05/20240921/00040,2,P104233,2,1271.89,SALE,2024-09-21T16:51:38,S05,20240921
S05/20240921/00040,3,TAX,1,200.01,TAX,2024-09-21T16:51:38,S05,20240921
S05/20240921/00040,4,TENDER,1,3148.37,TENDER,2024-09-21T16:51:38,S05,20240921
S05/20240921/00041,1,P106989,2,26.75,SALE,2024-09-21T18:10:30,S05,20240921
S05/20240921/00041,2,P101481,3,51.07,SALE,2024-09-21T18:10:30,S05,20240921
S05/20240921/00041,3,P105511,3,310.12,SALE,2024-09-21T18:10:30,S05,20240921
S05/20240921/00041,4,P101048,2,219.90,SALE,2024-09-21T18:10:30,S05,20240921
S05/20240921/00041,5,P104725,4,536.92,SALE,2024-09-21T18:10:30,S05,20240921
S05/20240921/00041,6,TAX,1,593.33,TAX,2024-09-21T18:10:30,S05,20240921
S05/20240921/00041,7,TENDER,1,4317.88,TENDER,2024-09-21T18:10:30,S05,20240921
S05/20240921/00042,1,P100940,2,199.52,SALE,2024-09-21T14:34:46,S05,20240921
S05/20240921/00042,2,P100649,3,628.39,SALE,2024-09-21T14:34:46,S05,20240921
S05/20240921/00042,3,P101876,4,68.16,SALE,2024-09-21T14:34:46,S05,20240921
S05/20240921/00042,4,P100810,2,200.65,SALE,2024-09-21T14:34:46,S05,20240921
S05/20240921/00042,5,TAX,1,199.78,TAX,2024-09-21T14:34:46,S05,20240921
S05/20240921/00042,6,TENDER,1,3157.93,TENDER,2024-09-21T14:34:46,S05,20240921
S05/20240922/00001,1,P106426,1,149.87,SALE,2024-09-22T20:42:29,S05,20240922
S05/20240922/00001,2,P104637,2,342.12,SALE,2024-09-22T20:42:29,S05,20240922
S05/20240922/00001,3,P100140,2,61.44,SALE,2024-09-22T20:42:29,S05,20240922
S05/20240922/00001,4,P105377,2,275.11,SALE,2024-09-22T20:42:29,S05,20240922
S05/20240922/00001,5,P104544,1,104.46,SALE,2024-09-22T20:42:29,S05,20240922
S05/20240922/00001,6,TAX,1,202.45,TAX,2024-09-22T20:42:29,S05,20240922
S05/20240922/00001,7,TENDER,1,1814.12,TENDER,2024-09-22T20:42:29,S05,20240922
S05/20240922/00002,1,P102207,2,342.36,SALE,2024-09-22T20:55:41,S05,20240922
S05/20240922/00002,2,P103283,1,166.64,SALE,2024-09-22T20:55:41,S05,20240922
S05/20240922/00002,3,P108313,2,373.23,SALE,2024-09-22T20:55:41,S05,20240922
S05/20240922/00002,4,P104485,1,643.04,SALE,2024-09-22T20:55:41,S05,20240922
S05/20240922/00002,5,DISC,1,-102.42,DISCOUNT,2024-09-22T20:55:41,S05,20240922
S05/20240922/00002,6,TAX,1,245.48,TAX,2024-09-22T20:55:41,S05,20240922
S05/20240922/00002,7,TENDER,1,2383.92,TENDER,2024-09-22T20:55:41,S05,20240922
S05/20240922/00003,1,P101810,3,793.98,SALE,2024-09-22T10:22:41,S05,20240922
S05/20240922/00003,2,P101384,2,42.99,SALE,2024-09-22T10:22:41,S05,20240922
S05/20240922/00003,3,P102160,1,221.62,SALE,2024-09-22T10:22:41,S05,20240922
S05/20240922/00003,4,P103487,4,361.14,SALE,2024-09-22T10:22:41,S05,20240922
S05/20240922/00003,5,P107639,1,128.49,SALE,2024-09-22T10:22:41,S05,20240922
S05/20240922/00003,6,P108292,2,104.02,SALE,2024-09-22T10:22:41,S05,20240922
S05/20240922/00003,7,TAX,1,505.49,TAX,2024-09-22T10:22:41,S05,20240922
S05/20240922/00003,8,TENDER,1,4976.12,TENDER,2024-09-22T10:22:41,S05,20240922
S05/20240922/00004,1,P100150,1,280.80,SALE,2024-09-22T11:10:23,S05,20240922
S05/20240922/00004,2,P108001,6,96.97,SALE,2024-09-22T11:10:23,S05,20240922
S05/20240922/00004,3,P106093,2,315.93,SALE,2024-09-22T11:10:23,S05,20240922
S05/20240922/00004,4,P102184,2,91.57,SALE,2024-09-22T11:10:23,S05,20240922
S05/20240922/00004,5,P104844,1,553.13,SALE,2024-09-22T11:10:23,S05,20240922
S05/20240922/00004,6,TAX,1,150.48,TAX,2024-09-22T11:10:23,S05,20240922
S05/20240922/00004,7,TENDER,1,2381.23,TENDER,2024-09-22T11:10:23,S05,20240922
S05/20240922/00005,1,P100593,4,29.79,SALE,2024-09-22T19:50:33,S05,20240922
S05/20240922/00005,2,P103168,5,980.21,SALE,2024-09-22T19:50:33,S05,20240922
S05/20240922/00005,3,P107253,2,241.31,SALE,2024-09-22T19:50:33,S05,20240922
S05/20240922/00005,4,P103958,1,30.95,SALE,2024-09-22T19:50:33,S05,20240922
S05/20240922/00005,5,P104401,2,207.51,SALE,2024-09-22T19:50:33,S05,20240922
S05/20240922/00005,6,P101156,2,91.80,SALE,2024-09-22T19:50:33,S05,20240922
S05/20240922/00005,7,P100593,-4,29.79,VOID,2024-09-22T19:50:33,S05,20240922
S05/20240922/00005,8,P103168,-5,980.21,VOID,2024-09-22T19:50:33,S05,20240922
S05/20240922/00005,9,P107253,-2,241.31,VOID,2024-09-22T19:50:33,S05,20240922
S05/20240922/00005,10,P103958,-1,30.95,VOID,2024-09-22T19:50:33,S05,20240922
S05/20240922/00005,11,P104401,-2,207.51,VOID,2024-09-22T19:50:33,S05,20240922
S05/20240922/00005,12,P101156,-2,91.80,VOID,2024-09-22T19:50:33,S05,20240922
S05/20240922/00005,13,TAX,1,0.00,TAX,2024-09-22T19:50:33,S05,20240922
S05/20240922/00005,14,TENDER,1,0.00,TENDER,2024-09-22T19:50:33,S05,20240922
S05/20240922/00006,1,P105219,3,701.93,SALE,2024-09-22T19:09:40,S05,20240922
S05/20240922/00006,2,P106300,1,387.92,SALE,2024-09-22T19:09:40,S05,20240922
S05/20240922/00006,3,P105589,2,90.25,SALE,2024-09-22T19:09:40,S05,20240922
S05/20240922/00006,4,P104358,2,1243.57,SALE,2024-09-22T19:09:40,S05,20240922
S05/20240922/00006,5,TAX,1,756.54,TAX,2024-09-22T19:09:40,S05,20240922
S05/20240922/00006,6,TENDER,1,5917.89,TENDER,2024-09-22T19:09:40,S05,20240922
S05/20240922/00007,1,P102581,2,189.36,SALE,2024-09-22T16:35:20,S05,20240922
S05/20240922/00007,2,P102436,4,243.03,SALE,2024-09-22T16:35:20,S05,20240922
S05/20240922/00007,3,P100106,1,318.86,SALE,2024-09-22T16:35:20,S05,20240922
S05/20240922/00007,4,P105139,1,100.45,SALE,2024-09-22T16:35:20,S05,20240922
S05/20240922/00007,5,TAX,1,263.37,TAX,2024-09-22T16:35:20,S05,20240922
S05/20240922/00007,6,TENDER,1,2033.52,TENDER,2024-09-22T16:35:20,S05,20240922
S05/20240922/00008,1,P105890,1,1196.88,SALE,2024-09-22T19:57:03,S05,20240922
S05/20240922/00008,2,P104992,1,979.87,SALE,2024-09-22T19:57:03,S05,20240922
S05/20240922/00008,3,P106004,2,137.38,SALE,2024-09-22T19:57:03,S05,20240922
S05/20240922/00008,4,TAX,1,73.58,TAX,2024-09-22T19:57:03,S05,20240922
S05/20240922/00008,5,TENDER,1,2525.09,TENDER,2024-09-22T19:57:03,S05,20240922
S05/20240922/00009,1,P106776,2,445.40,SALE,2024-09-22T18:41:37,S05,20240922
S05/20240922/00009,2,P107880,3,347.04,SALE,2024-09-22T18:41:37,S05,20240922
S05/20240922/00009,3,P100456,2,982.47,SALE,2024-09-22T18:41:37,S05,20240922
S05/20240922/00009,4,P104756,1,373.50,SALE,2024-09-22T18:41:37,S05,20240922
S05/20240922/00009,5,TAX,1,239.66,TAX,2024-09-22T18:41:37,S05,20240922
S05/20240922/00009,6,TENDER,1,4510.02,TENDER,2024-09-22T18:41:37,S05,20240922
S05/20240922/00010,1,P102397,5,355.28,SALE,2024-09-22T21:28:37,S05,20240922
S05/20240922/00010,2,P104756,1,373.50,SALE,2024-09-22T21:28:37,S05,20240922
S05/20240922/00010,3,P104784,2,370.89,SALE,2024-09-22T21:28:37,S05,20240922
S05/20240922/00010,4,P102114,1,128.95,SALE,2024-09-22T21:28:37,S05,20240922
S05/20240922/00010,5,P104378,3,95.33,SALE,2024-09-22T21:28:37,S05,20240922
S05/20240922/00010,6,P103496,1,70.71,SALE,2024-09-22T21:28:37,S05,20240922
S05/20240922/00010,7,TAX,1,400.50,TAX,2024-09-22T21:28:37,S05,20240922
S05/20240922/00010,8,TENDER,1,3777.83,TENDER,2024-09-22T21:28:37,S05,20240922
S05/20240922/00011,1,P100164,2,594.91,SALE,2024-09-22T18:30:57,S05,20240922
S05/20240922/00011,2,P100421,2,121.56,SALE,2024-09-22T18:30:57,S05,20240922
S05/20240922/00011,3,P100428,1,132.93,SALE,2024-09-22T18:30:57,S05,20240922
S05/20240922/00011,4,TAX,1,214.17,TAX,2024-09-22T18:30:57,S05,20240922
S05/20240922/00011,5,TENDER,1,1780.04,TENDER,2024-09-22T18:30:57,S05,20240922
S05/20240922/00012,1,P105246,2,840.69,SALE,2024-09-22T15:31:44,S05,20240922
S05/20240922/00012,2,P107996,2,215.44,SALE,2024-09-22T15:31:44,S05,20240922
S05/20240922/00012,3,P103629,3,60.58,SALE,2024-09-22T15:31:44,S05,20240922
S05/20240922/00012,4,TAX,1,138.33,TAX,2024-09-22T15:31:44,S05,20240922
S05/20240922/00012,5,TENDER,1,2432.33,TENDER,2024-09-22T15:31:44,S05,20240922
S05/20240922/00013,1,P103785,1,562.18,SALE,2024-09-22T15:50:41,S05,20240922
S05/20240922/00013,2,P107859,2,127.92,SALE,2024-09-22T15:50:41,S05,20240922
S05/20240922/00013,3,P108174,1,235.92,SALE,2024-09-22T15:50:41,S05,20240922
S05/20240922/00013,4,P102671,1,252.00,SALE,2024-09-22T15:50:41,S05,20240922
S05/20240922/00013,5,TAX,1,137.41,TAX,2024-09-22T15:50:41,S05,20240922
S05/20240922/00013,6,TENDER,1,1443.35,TENDER,2024-09-22T15:50:41,S05,20240922
S05/20240922/00014,1,P101779,2,198.09,SALE,2024-09-22T16:23:28,S05,20240922
S05/20240922/00014,2,P107163,2,177.75,SALE,2024-09-22T16:23:28,S05,20240922
S05/20240922/00014,3,TAX,1,37.58,TAX,2024-09-22T16:23:28,S05,20240922
S05/20240922/00014,4,TENDER,1,789.26,TENDER,2024-09-22T16:23:28,S05,20240922
S05/20240922/00015,1,P103178,1,21.21,SALE,2024-09-22T13:50:30,S05,20240922
S05/20240922/00015,2,P102909,2,48.95,SALE,2024-09-22T13:50:30,S05,20240922
S05/20240922/00015,3,P105294,2,126.15,SALE,2024-09-22T13:50:30,S05,20240922
S05/20240922/00015,4,P108159,3,488.81,SALE,2024-09-22T13:50:30,S05,20240922
S05/20240922/00015,5,P101720,1,44.26,SALE,2024-09-22T13:50:30,S05,20240922
S05/20240922/00015,6,P107667,1,367.93,SALE,2024-09-22T13:50:30,S05,20240922
S05/20240922/00015,7,DISC,1,-213.80,DISCOUNT,2024-09-22T13:50:30,S05,20240922
S05/20240922/00015,8,TAX,1,86.51,TAX,2024-09-22T13:50:30,S05,20240922
S05/20240922/00015,9,TENDER,1,2122.74,TENDER,2024-09-22T13:50:30,S05,20240922
S05/20240922/00016,1,P103202,1,295.26,SALE,2024-09-22T11:36:29,S05,20240922
S05/20240922/00016,2,P100543,1,123.06,SALE,2024-09-22T11:36:29,S05,20240922
S05/20240922/00016,3,P100463,1,290.57,SALE,2024-09-22T11:36:29,S05,20240922
S05/20240922/00016,4,P104072,2,708.34,SALE,2024-09-22T11:36:29,S05,20240922
S05/20240922/00016,5,TAX,1,141.13,TAX,2024-09-22T11:36:29,S05,20240922
S05/20240922/00016,6,TENDER,1,2266.70,TENDER,2024-09-22T11:36:29,S05,20240922
S05/20240922/00017,1,P103111,3,40.41,SALE,2024-09-22T12:26:50,S05,20240922
S05/20240922/00017,2,DISC,1,-8.98,DISCOUNT,2024-09-22T12:26:50,S05,20240922
S05/20240922/00017,3,TAX,1,5.61,TAX,2024-09-22T12:26:50,S05,20240922
S05/20240922/00017,4,TENDER,1,117.86,TENDER,2024-09-22T12:26:50,S05,20240922
S05/20240922/00018,1,P101023,3,213.62,SALE,2024-09-22T22:40:10,S05,20240922
S05/20240922/00018,2,P100658,2,50.53,SALE,2024-09-22T22:40:10,S05,20240922
S05/20240922/00018,3,P102623,3,107.54,SALE,2024-09-22T22:40:10,S05,20240922
S05/20240922/00018,4,P108356,4,229.05,SALE,2024-09-22T22:40:10,S05,20240922
S05/20240922/00018,5,P105633,1,46.25,SALE,2024-09-22T22:40:10,S05,20240922
S05/20240922/00018,6,P100577,1,300.10,SALE,2024-09-22T22:40:10,S05,20240922
S05/20240922/00018,7,TAX,1,237.03,TAX,2024-09-22T22:40:10,S05,20240922
S05/20240922/00018,8,TENDER,1,2564.12,TENDER,2024-09-22T22:40:10,S05,20240922
S05/20240922/00019,1,P102067,2,181.50,SALE,2024-09-22T21:05:19,S05,20240922
S05/20240922/00019,2,P101237,1,278.87,SALE,2024-09-22T21:05:19,S05,20240922
S05/20240922/00019,3,P100967,5,969.23,SALE,2024-09-22T21:05:19,S05,20240922
S05/20240922/00019,4,TAX,1,633.15,TAX,2024-09-22T21:05:19,S05,20240922
S05/20240922/00019,5,TENDER,1,6121.17,TENDER,2024-09-22T21:05:19,S05,20240922
S05/20240922/00020,1,P105757,2,248.44,SALE,2024-09-22T20:38:51,S05,20240922
S05/20240922/00020,2,P106330,2,199.12,SALE,2024-09-22T20:38:51,S05,20240922
S05/20240922/00020,3,P102648,1,397.04,SALE,2024-09-22T20:38:51,S05,20240922
S05/20240922/00020,4,P102465,1,1410.14,SALE,2024-09-22T20:38:51,S05,20240922
S05/20240922/00020,5,P106059,2,313.87,SALE,2024-09-22T20:38:51,S05,20240922
S05/20240922/00020,6,P104811,1,108.16,SALE,2024-09-22T20:38:51,S05,20240922
S05/20240922/00020,7,DISC,1,-406.98,DISCOUNT,2024-09-22T20:38:51,S05,20240922
S05/20240922/00020,8,TAX,1,327.05,TAX,2024-09-22T20:38:51,S05,20240922
S05/20240922/00020,9,TENDER,1,3358.27,TENDER,2024-09-22T20:38:51,S05,20240922
S05/20240922/00021,1,P106773,2,397.71,SALE,2024-09-22T18:24:06,S05,20240922
S05/20240922/00021,2,P100033,4,828.62,SALE,2024-09-22T18:24:06,S05,20240922
S05/20240922/00021,3,P103973,1,108.48,SALE,2024-09-22T18:24:06,S05,20240922
S05/20240922/00021,4,P107197,2,669.72,SALE,2024-09-22T18:24:06,S05,20240922
S05/20240922/00021,5,P104715,3,162.67,SALE,2024-09-22T18:24:06,S05,20240922
S05/20240922/00021,6,P101585,2,10.45,SALE,2024-09-22T18:24:06,S05,20240922
S05/20240922/00021,7,TAX,1,661.13,TAX,2024-09-22T18:24:06,S05,20240922
S05/20240922/00021,8,TENDER,1,6727.86,TENDER,2024-09-22T18:24:06,S05,20240922
S05/20240922/00022,1,P102272,4,389.34,SALE,2024-09-22T16:19:48,S05,20240922
S05/20240922/00022,2,P101048,3,219.90,SALE,2024-09-22T16:19:48,S05,20240922
S05/20240922/00022,3,TAX,1,219.87,TAX,2024-09-22T16:19:48,S05,20240922
S05/20240922/00022,4,TENDER,1,2436.93,TENDER,2024-09-22T16:19:48,S05,20240922
S05/20240922/00023,1,P107568,2,147.18,SALE,2024-09-22T21:03:02,S05,20240922
S05/20240922/00023,2,P107973,2,271.93,SALE,2024-09-22T21:03:02,S05,20240922
S05/20240922/00023,3,P105198,2,15.39,SALE,2024-09-22T21:03:02,S05,20240922
S05/20240922/00023,4,P104121,3,131.32,SALE,2024-09-22T21:03:02,S05,20240922
S05/20240922/00023,5,P104517,3,1474.90,SALE,2024-09-22T21:03:02,S05,20240922
S05/20240922/00023,6,P102255,1,167.76,SALE,2024-09-22T21:03:02,S05,20240922
S05/20240922/00023,7,TAX,1,116.52,TAX,2024-09-22T21:03:02,S05,20240922
S05/20240922/00023,8,TENDER,1,5971.94,TENDER,2024-09-22T21:03:02,S05,20240922
S05/20240922/00024,1,P102975,2,226.32,SALE,2024-09-22T15:08:09,S05,20240922
S05/20240922/00024,2,P108046,3,95.35,SALE,2024-09-22T15:08:09,S05,20240922
S05/20240922/00024,3,P107759,2,257.69,SALE,2024-09-22T15:08:09,S05,20240922
S05/20240922/00024,4,TAX,1,132.96,TAX,2024-09-22T15:08:09,S05,20240922
S05/20240922/00024,5,TENDER,1,1387.03,TENDER,2024-09-22T15:08:09,S05,20240922
S05/20240922/00025,1,P102755,1,75.17,SALE,2024-09-22T15:54:05,S05,20240922
S05/20240922/00025,2,P101101,2,74.25,SALE,2024-09-22T15:54:05,S05,20240922
S05/20240922/00025,3,P102243,4,133.95,SALE,2024-09-22T15:54:05,S05,20240922
S05/20240922/00025,4,P105672,2,65.85,SALE,2024-09-22T15:54:05,S05,20240922
S05/20240922/00025,5,P102263,2,116.79,SALE,2024-09-22T15:54:05,S05,20240922
S05/20240922/00025,6,P101389,2,430.39,SALE,2024-09-22T15:54:05,S05,20240922
S05/20240922/00025,7,P105950,2,1356.49,SALE,2024-09-22T15:54:05,S05,20240922
S05/20240922/00025,8,P104048,3,193.57,SALE,2024-09-22T15:54:05,S05,20240922
S05/20240922/00025,9,P100810,5,200.65,SALE,2024-09-22T15:54:05,S05,20240922
S05/20240922/00025,10,P107110,5,77.73,SALE,2024-09-22T15:54:05,S05,20240922
S05/20240922/00025,11,TAX,1,421.14,TAX,2024-09-22T15:54:05,S05,20240922
S05/20240922/00025,12,TENDER,1,7092.26,TENDER,2024-09-22T15:54:05,S05,20240922
S05/20240922/00026,1,P108144,3,253.94,SALE,2024-09-22T11:28:37,S05,20240922
S05/20240922/00026,2,P106877,1,1085.30,SALE,2024-09-22T11:28:37,S05,20240922
S05/20240922/00026,3,P104294,4,115.73,SALE,2024-09-22T11:28:37,S05,20240922
S05/20240922/00026,4,P103792,2,25.06,SALE,2024-09-22T11:28:37,S05,20240922
S05/20240922/00026,5,TAX,1,149.47,TAX,2024-09-22T11:28:37,S05,20240922
S05/20240922/00026,6,TENDER,1,2509.63,TENDER,2024-09-22T11:28:37,S05,20240922
S05/20240922/00027,1,P107621,3,119.64,SALE,2024-09-22T18:28:59,S05,20240922
S05/20240922/00027,2,P100519,2,365.61,SALE,2024-09-22T18:28:59,S05,20240922
S05/20240922/00027,3,P101894,2,668.48,SALE,2024-09-22T18:28:59,S05,20240922
S05/20240922/00027,4,P101796,2,990.67,SALE,2024-09-22T18:28:59,S05,20240922
S05/20240922/00027,5,TAX,1,347.25,TAX,2024-09-22T18:28:59,S05,20240922
S05/20240922/00027,6,TENDER,1,4755.69,TENDER,2024-09-22T18:28:59,S05,20240922
S05/20240922/00028,1,P102674,1,496.43,SALE,2024-09-22T16:30:35,S05,20240922
S05/20240922/00028,2,P106948,2,180.07,SALE,2024-09-22T16:30:35,S05,20240922
S05/20240922/00028,3,TAX,1,107.36,TAX,2024-09-22T16:30:35,S05,20240922
S05/20240922/00028,4,TENDER,1,963.93,TENDER,2024-09-22T16:30:35,S05,20240922
S05/20240923/00001,1,P104756,-2,373.50,RETURN,2024-09-23T20:50:39,S05,20240923
S05/20240923/00001,2,P105827,-1,104.04,RETURN,2024-09-23T20:50:39,S05,20240923
S05/20240923/00001,3,P101530,-1,576.50,RETURN,2024-09-23T20:50:39,S05,20240923
S05/20240923/00001,4,P103904,-1,1081.09,RETURN,2024-09-23T20:50:39,S05,20240923
S05/20240923/00001,5,TAX,1,-252.67,TAX,2024-09-23T20:50:39,S05,20240923
S05/20240923/00001,6,TENDER,1,-2761.30,TENDER,2024-09-23T20:50:39,S05,20240923
S05/20240923/00002,1,P103530,4,427.69,SALE,2024-09-23T12:30:36,S05,20240923
S05/20240923/00002,2,P106357,2,1078.45,SALE,2024-09-23T12:30:36,S05,20240923
S05/20240923/00002,3,P106244,2,68.02,SALE,2024-09-23T12:30:36,S05,20240923
S05/20240923/00002,4,TAX,1,583.09,TAX,2024-09-23T12:30:36,S05,20240923
S05/20240923/00002,5,TENDER,1,4586.79,TENDER,2024-09-23T12:30:36,S05,20240923
S05/20240923/00003,1,P101258,3,200.10,SALE,2024-09-23T21:43:48,S05,20240923
S05/20240923/00003,2,P102122,2,138.84,SALE,2024-09-23T21:43:48,S05,20240923
S05/20240923/00003,3,P103029,3,11.28,SALE,2024-09-23T21:43:48,S05,20240923
S05/20240923/00003,4,TAX,1,164.13,TAX,2024-09-23T21:43:48,S05,20240923
S05/20240923/00003,5,TENDER,1,1075.95,TENDER,2024-09-23T21:43:48,S05,20240923
S05/20240923/00004,1,P101263,2,620.85,SALE,2024-09-23T07:09:55,S05,20240923
S05/20240923/00004,2,P105643,1,1294.23,SALE,2024-09-23T07:09:55,S05,20240923
S05/20240923/00004,3,P100855,3,345.07,SALE,2024-09-23T07:09:55,S05,20240923
S05/20240923/00004,4,P102480,3,198.67,SALE,2024-09-23T07:09:55,S05,20240923
S05/20240923/00004,5,DISC,1,-158.52,DISCOUNT,2024-09-23T07:09:55,S05,20240923
S05/20240923/00004,6,TAX,1,422.92,TAX,2024-09-23T07:09:55,S05,20240923
S05/20240923/00004,7,TENDER,1,4431.55,TENDER,2024-09-23T07:09:55,S05,20240923
S05/20240923/00005,1,P104600,2,56.45,SALE,2024-09-23T14:21:35,S05,20240923
S05/20240923/00005,2,P107581,1,287.09,SALE,2024-09-23T14:21:35,S05,20240923
S05/20240923/00005,3,P101213,3,214.21,SALE,2024-09-23T14:21:35,S05,20240923
S05/20240923/00005,4,TAX,1,155.77,TAX,2024-09-23T14:21:35,S05,20240923
S05/20240923/00005,5,TENDER,1,1198.39,TENDER,2024-09-23T14:21:35,S05,20240923
S05/20240923/00006,1,P100049,1,68.93,SALE,2024-09-23T11:21:08,S05,20240923
S05/20240923/00006,2,P100049,-1,68.93,VOID,2024-09-23T11:21:08,S05,20240923
S05/20240923/00006,3,TAX,1,0.00,TAX,2024-09-23T11:21:08,S05,20240923
S05/20240923/00006,4,TENDER,1,0.00,TENDER,2024-09-23T11:21:08,S05,20240923
S05/20240923/00007,1,P100281,2,485.13,SALE,2024-09-23T13:34:11,S05,20240923
S05/20240923/00007,2,P104579,3,67.48,SALE,2024-09-23T13:34:11,S05,20240923
S05/20240923/00007,3,P106282,6,448.43,SALE,2024-09-23T13:34:11,S05,20240923
S05/20240923/00007,4,TAX,1,532.82,TAX,2024-09-23T13:34:11,S05,20240923
S05/20240923/00007,5,TENDER,1,4396.10,TENDER,2024-09-23T13:34:11,S05,20240923
S05/20240923/00008,1,P102857,1,116.85,SALE,2024-09-23T23:22:37,S05,20240923
S05/20240923/00008,2,P102648,2,397.04,SALE,2024-09-23T23:22:37,S05,20240923
S05/20240923/00008,3,P104898,2,181.50,SALE,2024-09-23T23:22:37,S05,20240923
S05/20240923/00008,4,P104676,3,87.52,SALE,2024-09-23T23:22:37,S05,20240923
S05/20240923/00008,5,P105139,2,109.81,SALE,2024-09-23T23:22:37,S05,20240923
S05/20240923/00008,6,P100791,2,43.02,SALE,2024-09-23T23:22:37,S05,20240923
S05/20240923/00008,7,P100717,1,535.58,SALE,2024-09-23T23:22:37,S05,20240923
S05/20240923/00008,8,P100403,1,71.73,SALE,2024-09-23T23:22:37,S05,20240923
S05/20240923/00008,9,TAX,1,365.05,TAX,2024-09-23T23:22:37,S05,20240923
S05/20240923/00008,10,TENDER,1,2814.51,TENDER,2024-09-23T23:22:37,S05,20240923
S05/20240923/00009,1,P106130,3,1331.09,SALE,2024-09-23T08:43:12,S05,20240923
S05/20240923/00009,2,P104160,2,258.87,SALE,2024-09-23T08:43:12,S05,20240923
S05/20240923/00009,3,P101201,1,45.00,SALE,2024-09-23T08:43:12,S05,20240923
S05/20240923/00009,4,P101177,1,153.94,SALE,2024-09-23T08:43:12,S05,20240923
S05/20240923/00009,5,DISC,1,-453.86,DISCOUNT,2024-09-23T08:43:12,S05,20240923
S05/20240923/00009,6,TAX,1,8.99,TAX,2024-09-23T08:43:12,S05,20240923
S05/20240923/00009,7,TENDER,1,4265.08,TENDER,2024-09-23T08:43:12,S05,20240923
S05/20240923/00010,1,P101481,1,51.07,SALE,2024-09-23T18:03:05,S05,20240923
S05/20240923/00010,2,P106486,5,1786.00,SALE,2024-09-23T18:03:05,S05,20240923
S05/20240923/00010,3,P101470,4,196.94,SALE,2024-09-23T18:03:05,S05,20240923
S05/20240923/00010,4,P108008,1,128.46,SALE,2024-09-23T18:03:05,S05,20240923
S05/20240923/00010,5,P103222,2,398.43,SALE,2024-09-23T18:03:05,S05,20240923
S05/20240923/00010,6,TAX,1,1192.90,TAX,2024-09-23T18:03:05,S05,20240923
S05/20240923/00010,7,TENDER,1,11887.05,TENDER,2024-09-23T18:03:05,S05,20240923
S05/20240923/00011,1,P107502,1,311.85,SALE,2024-09-23T14:05:28,S05,20240923
S05/20240923/00011,2,P105868,2,68.91,SALE,2024-09-23T14:05:28,S05,20240923
S05/20240923/00011,3,P105100,2,270.01,SALE,2024-09-23T14:05:28,S05,20240923
S05/20240923/00011,4,P101864,2,112.21,SALE,2024-09-23T14:05:28,S05,20240923
S05/20240923/00011,5,DISC,1,-84.07,DISCOUNT,2024-09-23T14:05:28,S05,20240923
S05/20240923/00011,6,TAX,1,186.73,TAX,2024-09-23T14:05:28,S05,20240923
S05/20240923/00011,7,TENDER,1,1316.77,TENDER,2024-09-23T14:05:28,S05,20240923
S05/20240923/00012,1,P100172,1,205.47,SALE,2024-09-23T13:52:24,S05,20240923
S05/20240923/00012,2,TAX,1,10.27,TAX,2024-09-23T13:52:24,S05,20240923
S05/20240923/00012,3,TENDER,1,215.74,TENDER,2024-09-23T13:52:24,S05,20240923
S05/20240923/00013,1,P101796,3,990.67,SALE,2024-09-23T16:22:53,S05,20240923
S05/20240923/00013,2,P103616,5,625.90,SALE,2024-09-23T16:22:53,S05,20240923
S05/20240923/00013,3,TAX,1,305.08,TAX,2024-09-23T16:22:53,S05,20240923
S05/20240923/00013,4,TENDER,1,6406.59,TENDER,2024-09-23T16:22:53,S05,20240923
S05/20240923/00014,1,P104872,1,132.45,SALE,2024-09-23T16:04:32,S05,20240923
S05/20240923/00014,2,P106317,3,485.55,SALE,2024-09-23T16:04:32,S05,20240923
S05/20240923/00014,3,P104160,1,258.87,SALE,2024-09-23T16:04:32,S05,20240923
S05/20240923/00014,4,TAX,1,190.69,TAX,2024-09-23T16:04:32,S05,20240923
S05/20240923/00014,5,TENDER,1,2038.66,TENDER,2024-09-23T16:04:32,S05,20240923
S05/20240923/00015,1,P105633,2,46.25,SALE,2024-09-23T18:03:53,S05,20240923
S05/20240923/00015,2,P105609,1,817.71,SALE,2024-09-23T18:03:53,S05,20240923
S05/20240923/00015,3,P101740,2,855.00,SALE,2024-09-23T18:03:53,S05,20240923
S05/20240923/00015,4,P103732,3,94.74,SALE,2024-09-23T18:03:53,S05,20240923
S05/20240923/00015,5,TAX,1,18.84,TAX,2024-09-23T18:03:53,S05,20240923
S05/20240923/00015,6,TENDER,1,2923.27,TENDER,2024-09-23T18:03:53,S05,20240923
S05/20240923/00016,1,P106984,1,28.34,SALE,2024-09-23T20:28:23,S05,20240923
S05/20240923/00016,2,P104219,1,249.74,SALE,2024-09-23T20:28:23,S05,20240923
S05/20240923/00016,3,P102364,1,104.57,SALE,2024-09-23T20:28:23,S05,20240923
S05/20240923/00016,4,P105440,3,107.89,SALE,2024-09-23T20:28:23,S05,20240923
S05/20240923/00016,5,P105313,5,51.83,SALE,2024-09-23T20:28:23,S05,20240923
S05/20240923/00016,6,DISC,1,-42.28,DISCOUNT,2024-09-23T20:28:23,S05,20240923
S05/20240923/00016,7,TAX,1,63.48,TAX,2024-09-23T20:28:23,S05,20240923
S05/20240923/00016,8,TENDER,1,986.67,TENDER,2024-09-23T20:28:23,S05,20240923
S05/20240923/00017,1,P105923,-2,245.29,RETURN,2024-09-23T15:56:04,S05,20240923
S05/20240923/00017,2,P104168,-2,512.27,RETURN,2024-09-23T15:56:04,S05,20240923
S05/20240923/00017,3,P102114,-2,128.95,RETURN,2024-09-23T15:56:04,S05,20240923
S05/20240923/00017,4,P107435,-1,549.51,RETURN,2024-09-23T15:56:04,S05,20240923
S05/20240923/00017,5,P101982,-3,366.95,RETURN,2024-09-23T15:56:04,S05,20240923
S05/20240923/00017,6,P103273,-2,377.82,RETURN,2024-09-23T15:56:04,S05,20240923
S05/20240923/00017,7,TAX,1,-476.39,TAX,2024-09-23T15:56:04,S05,20240923
S05/20240923/00017,8,TENDER,1,-4655.41,TENDER,2024-09-23T15:56:04,S05,20240923
S05/20240923/00018,1,P107933,2,1146.02,SALE,2024-09-23T14:29:03,S05,20240923
S05/20240923/00018,2,P103124,3,523.92,SALE,2024-09-23T14:29:03,S05,20240923
S05/20240923/00018,3,P106133,2,331.44,SALE,2024-09-23T14:29:03,S05,20240923
S05/20240923/00018,4,P102993,3,299.71,SALE,2024-09-23T14:29:03,S05,20240923
S05/20240923/00018,5,P103309,2,59.57,SALE,2024-09-23T14:29:03,S05,20240923
S05/20240923/00018,6,P102286,4,238.95,SALE,2024-09-23T14:29:03,S05,20240923
S05/20240923/00018,7,P107542,3,162.57,SALE,2024-09-23T14:29:03,S05,20240923
S05/20240923/00018,8,P102432,1,819.74,SALE,2024-09-23T14:29:03,S05,20240923
S05/20240923/00018,9,TAX,1,998.61,TAX,2024-09-23T14:29:03,S05,20240923
S05/20240923/00018,10,TENDER,1,8806.81,TENDER,2024-09-23T14:29:03,S05,20240923
S05/20240923/00019,1,P105167,1,826.20,SALE,2024-09-23T13:54:23,S05,20240923
S05/20240923/00019,2,P105878,2,282.51,SALE,2024-09-23T13:54:23,S05,20240923
S05/20240923/00019,3,P105944,1,985.47,SALE,2024-09-23T13:54:23,S05,20240923
S05/20240923/00019,4,TAX,1,187.82,TAX,2024-09-23T13:54:23,S05,20240923
S05/20240923/00019,5,TENDER,1,2564.51,TENDER,2024-09-23T13:54:23,S05,20240923
S05/20240923/00020,1,P101789,5,391.48,SALE,2024-09-23T12:06:03,S05,20240923
S05/20240923/00020,2,P100582,1,164.39,SALE,2024-09-23T12:06:03,S05,20240923
S05/20240923/00020,3,P107767,1,510.38,SALE,2024-09-23T12:06:03,S05,20240923
S05/20240923/00020,4,P104202,1,153.74,SALE,2024-09-23T12:06:03,S05,20240923
S05/20240923/00020,5,P108227,3,551.58,SALE,2024-09-23T12:06:03,S05,20240923
S05/20240923/00020,6,P106434,4,178.02,SALE,2024-09-23T12:06:03,S05,20240923
S05/20240923/00020,7,P106221,1,31.65,SALE,2024-09-23T12:06:03,S05,20240923
S05/20240923/00020,8,TAX,1,244.13,TAX,2024-09-23T12:06:03,S05,20240923
S05/20240923/00020,9,TENDER,1,5428.51,TENDER,2024-09-23T12:06:03,S05,20240923
S05/20240923/00021,1,P100112,1,90.37,SALE,2024-09-23T14:33:54,S05,20240923
S05/20240923/00021,2,P101578,1,39.77,SALE,2024-09-23T14:33:54,S05,20240923
S05/20240923/00021,3,P101410,5,958.72,SALE,2024-09-23T14:33:54,S05,20240923
S05/20240923/00021,4,P101813,3,273.64,SALE,2024-09-23T14:33:54,S05,20240923
S05/20240923/00021,5,TAX,1,593.49,TAX,2024-09-23T14:33:54,S05,20240923
S05/20240923/00021,6,TENDER,1,6338.15,TENDER,2024-09-23T14:33:54,S05,20240923
S05/20240923/00022,1,P106577,3,52.98,SALE,2024-09-23T11:42:35,S05,20240923
S05/20240923/00022,2,P107925,1,992.11,SALE,2024-09-23T11:42:35,S05,20240923
S05/20240923/00022,3,P106686,2,324.48,SALE,2024-09-23T11:42:35,S05,20240923
S05/20240923/00022,4,P108026,4,103.54,SALE,2024-09-23T11:42:35,S05,20240923
S05/20240923/00022,5,P106965,1,89.01,SALE,2024-09-23T11:42:35,S05,20240923
S05/20240923/00022,6,TAX,1,169.00,TAX,2024-09-23T11:42:35,S05,20240923
S05/20240923/00022,7,TENDER,1,2472.18,TENDER,2024-09-23T11:42:35,S05,20240923
S05/20240923/00023,1,P100677,2,256.17,SALE,2024-09-23T16:51:29,S05,20240923
S05/20240923/00023,2,P103234,1,128.39,SALE,2024-09-23T16:51:29,S05,20240923
S05/20240923/00023,3,P106891,3,642.78,SALE,2024-09-23T16:51:29,S05,20240923
S05/20240923/00023,4,P104765,1,401.36,SALE,2024-09-23T16:51:29,S05,20240923
S05/20240923/00023,5,P101083,1,349.65,SALE,2024-09-23T16:51:29,S05,20240923
S05/20240923/00023,6,TAX,1,322.85,TAX,2024-09-23T16:51:29,S05,20240923
S05/20240923/00023,7,TENDER,1,3642.93,TENDER,2024-09-23T16:51:29,S05,20240923
S05/20240924/00001,1,P107208,3,323.06,SALE,2024-09-24T14:37:09,S05,20240924
S05/20240924/00001,2,P103406,2,1248.48,SALE,2024-09-24T14:37:09,S05,20240924
S05/20240924/00001,3,P104404,1,890.27,SALE,2024-09-24T14:37:09,S05,20240924
S05/20240924/00001,4,P100658,3,50.53,SALE,2024-09-24T14:37:09,S05,20240924
S05/20240924/00001,5,P100682,2,337.76,SALE,2024-09-24T14:37:09,S05,20240924
S05/20240924/00001,6,P105929,5,11.18,SALE,2024-09-24T14:37:09,S05,20240924
S05/20240924/00001,7,P100640,3,363.28,SALE,2024-09-24T14:37:09,S05,20240924
S05/20240924/00001,8,P101802,1,44.15,SALE,2024-09-24T14:37:09,S05,20240924
S05/20240924/00001,9,P108302,2,855.55,SALE,2024-09-24T14:37:09,S05,20240924
S05/20240924/00001,10,P107568,3,147.18,SALE,2024-09-24T14:37:09,S05,20240924
S05/20240924/00001,11,TAX,1,786.67,TAX,2024-09-24T14:37:09,S05,20240924
S05/20240924/00001,12,TENDER,1,9312.72,TENDER,2024-09-24T14:37:09,S05,20240924
S05/20240924/00002,1,P100421,3,121.56,SALE,2024-09-24T12:11:49,S05,20240924
S05/20240924/00002,2,P104844,2,553.13,SALE,2024-09-24T12:11:49,S05,20240924
S05/20240924/00002,3,P108389,4,838.88,SALE,2024-09-24T12:11:49,S05,20240924
S05/20240924/00002,4,P103022,1,47.95,SALE,2024-09-24T12:11:49,S05,20240924
S05/20240924/00002,5,P101004,1,324.97,SALE,2024-09-24T12:11:49,S05,20240924
S05/20240924/00002,6,P102585,1,516.36,SALE,2024-09-24T12:11:49,S05,20240924
S05/20240924/00002,7,P107662,2,330.01,SALE,2024-09-24T12:11:49,S05,20240924
S05/20240924/00002,8,P103886,3,302.49,SALE,2024-09-24T12:11:49,S05,20240924
S05/20240924/00002,9,TAX,1,389.71,TAX,2024-09-24T12:11:49,S05,20240924
S05/20240924/00002,10,TENDER,1,7672.94,TENDER,2024-09-24T12:11:49,S05,20240924
S05/20240924/00003,1,P107182,4,112.81,SALE,2024-09-24T15:05:12,S05,20240924
S05/20240924/00003,2,P105570,1,345.21,SALE,2024-09-24T15:05:12,S05,20240924
S05/20240924/00003,3,P103896,2,203.30,SALE,2024-09-24T15:05:12,S05,20240924
S05/20240924/00003,4,P107815,3,106.85,SALE,2024-09-24T15:05:12,S05,20240924
S05/20240924/00003,5,P106948,2,180.07,SALE,2024-09-24T15:05:12,S05,20240924
S05/20240924/00003,6,P106710,3,98.77,SALE,2024-09-24T15:05:12,S05,20240924
S05/20240924/00003,7,P102286,3,238.95,SALE,2024-09-24T15:05:12,S05,20240924
S05/20240924/00003,8,TAX,1,410.51,TAX,2024-09-24T15:05:12,S05,20240924
S05/20240924/00003,9,TENDER,1,3307.41,TENDER,2024-09-24T15:05:12,S05,20240924
S05/20240924/00004,1,P104242,4,308.27,SALE,2024-09-24T21:08:42,S05,20240924
S05/20240924/00004,2,P107502,3,311.85,SALE,2024-09-24T21:08:42,S05,20240924
S05/20240924/00004,3,P100499,1,258.12,SALE,2024-09-24T21:08:42,S05,20240924
S05/20240924/00004,4,P104320,1,159.74,SALE,2024-09-24T21:08:42,S05,20240924
S05/20240924/00004,5,DISC,1,-297.13,DISCOUNT,2024-09-24T21:08:42,S05,20240924
S05/20240924/00004,6,TAX,1,307.44,TAX,2024-09-24T21:08:42,S05,20240924
S05/20240924/00004,7,TENDER,1,2596.80,TENDER,2024-09-24T21:08:42,S05,20240924
S05/20240924/00005,1,P105460,3,143.35,SALE,2024-09-24T11:39:54,S05,20240924
S05/20240924/00005,2,P105252,1,11.87,SALE,2024-09-24T11:39:54,S05,20240924
S05/20240924/00005,3,P106405,2,38.72,SALE,2024-09-24T11:39:54,S05,20240924
S05/20240924/00005,4,P100649,1,628.39,SALE,2024-09-24T11:39:54,S05,20240924
S05/20240924/00005,5,P105740,1,103.24,SALE,2024-09-24T11:39:54,S05,20240924
S05/20240924/00005,6,TAX,1,143.49,TAX,2024-09-24T11:39:54,S05,20240924
S05/20240924/00005,7,TENDER,1,1394.48,TENDER,2024-09-24T11:39:54,S05,20240924
S05/20240924/00006,1,P100711,1,101.23,SALE,2024-09-24T16:56:20,S05,20240924
S05/20240924/00006,2,P102593,4,92.93,SALE,2024-09-24T16:56:20,S05,20240924
S05/20240924/00006,3,P106123,1,248.44,SALE,2024-09-24T16:56:20,S05,20240924
S05/20240924/00006,4,P104512,1,94.53,SALE,2024-09-24T16:56:20,S05,20240924
S05/20240924/00006,5,P101955,1,364.45,SALE,2024-09-24T16:56:20,S05,20240924
S05/20240924/00006,6,TAX,1,155.46,TAX,2024-09-24T16:56:20,S05,20240924
S05/20240924/00006,7,TENDER,1,1335.83,TENDER,2024-09-24T16:56:20,S05,20240924
S05/20240924/00007,1,P100198,1,156.66,SALE,2024-09-24T13:48:01,S05,20240924
S05/20240924/00007,2,P105155,4,350.84,SALE,2024-09-24T13:48:01,S05,20240924
S05/20240924/00007,3,P105069,4,168.30,SALE,2024-09-24T13:48:01,S05,20240924
S05/20240924/00007,4,TAX,1,199.18,TAX,2024-09-24T13:48:01,S05,20240924
S05/20240924/00007,5,TENDER,1,2432.40,TENDER,2024-09-24T13:48:01,S05,20240924
S05/20240924/00008,1,P108258,2,54.62,SALE,2024-09-24T17:45:47,S05,20240924
S05/20240924/00008,2,P102207,4,342.36,SALE,2024-09-24T17:45:47,S05,20240924
S05/20240924/00008,3,P104008,6,116.02,SALE,2024-09-24T17:45:47,S05,20240924
S05/20240924/00008,4,P105106,1,98.60,SALE,2024-09-24T17:45:47,S05,20240924
S05/20240924/00008,5,P105729,2,75.27,SALE,2024-09-24T17:45:47,S05,20240924
S05/20240924/00008,6,TAX,1,263.65,TAX,2024-09-24T17:45:47,S05,20240924
S05/20240924/00008,7,TENDER,1,2687.59,TENDER,2024-09-24T17:45:47,S05,20240924
S05/20240924/00009,1,P107920,1,109.22,SALE,2024-09-24T10:45:12,S05,20240924
S05/20240924/00009,2,TAX,1,19.66,TAX,2024-09-24T10:45:12,S05,20240924
S05/20240924/00009,3,TENDER,1,128.88,TENDER,2024-09-24T10:45:12,S05,20240924
S05/20240924/00010,1,P106848,2,17.39,SALE,2024-09-24T16:15:46,S05,20240924
S05/20240924/00010,2,P102335,2,94.24,SALE,2024-09-24T16:15:46,S05,20240924
S05/20240924/00010,3,P103171,3,68.42,SALE,2024-09-24T16:15:46,S05,20240924
S05/20240924/00010,4,TAX,1,44.19,TAX,2024-09-24T16:15:46,S05,20240924
S05/20240924/00010,5,TENDER,1,472.71,TENDER,2024-09-24T16:15:46,S05,20240924
S05/20240924/00011,1,P101968,2,12.46,SALE,2024-09-24T17:19:39,S05,20240924
S05/20240924/00011,2,P105280,2,220.35,SALE,2024-09-24T17:19:39,S05,20240924
S05/20240924/00011,3,P105209,1,399.92,SALE,2024-09-24T17:19:39,S05,20240924
S05/20240924/00011,4,P100967,3,969.23,SALE,2024-09-24T17:19:39,S05,20240924
S05/20240924/00011,5,P105511,1,310.12,SALE,2024-09-24T17:19:39,S05,20240924
S05/20240924/00011,6,P102975,3,226.32,SALE,2024-09-24T17:19:39,S05,20240924
S05/20240924/00011,7,TAX,1,625.46,TAX,2024-09-24T17:19:39,S05,20240924
S05/20240924/00011,8,TENDER,1,5387.77,TENDER,2024-09-24T17:19:39,S05,20240924
S05/20240924/00012,1,P103222,5,398.43,SALE,2024-09-24T13:39:26,S05,20240924
S05/20240924/00012,2,P101961,3,767.84,SALE,2024-09-24T13:39:26,S05,20240924
S05/20240924/00012,3,P101547,2,66.03,SALE,2024-09-24T13:39:26,S05,20240924
S05/20240924/00012,4,P105860,1,674.13,SALE,2024-09-24T13:39:26,S05,20240924
S05/20240924/00012,5,P100007,2,155.06,SALE,2024-09-24T13:39:26,S05,20240924
S05/20240924/00012,6,TAX,1,749.82,TAX,2024-09-24T13:39:26,S05,20240924
S05/20240924/00012,7,TENDER,1,6161.80,TENDER,2024-09-24T13:39:26,S05,20240924
S05/20240924/00013,1,P101690,3,1044.81,SALE,2024-09-24T16:30:02,S05,20240924
S05/20240924/00013,2,P102175,1,191.56,SALE,2024-09-24T16:30:02,S05,20240924
S05/20240924/00013,3,P102139,2,1521.81,SALE,2024-09-24T16:30:02,S05,20240924
S05/20240924/00013,4,P100682,3,337.76,SALE,2024-09-24T16:30:02,S05,20240924
S05/20240924/00013,5,TAX,1,430.50,TAX,2024-09-24T16:30:02,S05,20240924
S05/20240924/00013,6,TENDER,1,7813.39,TENDER,2024-09-24T16:30:02,S05,20240924
S05/20240924/00014,1,P104916,2,294.91,SALE,2024-09-24T21:03:06,S05,20240924
S05/20240924/00014,2,P107026,1,69.10,SALE,2024-09-24T21:03:06,S05,20240924
S05/20240924/00014,3,P104123,2,432.72,SALE,2024-09-24T21:03:06,S05,20240924
S05/20240924/00014,4,TAX,1,222.46,TAX,2024-09-24T21:03:06,S05,20240924
S05/20240924/00014,5,TENDER,1,1746.82,TENDER,2024-09-24T21:03:06,S05,20240924
S05/20240924/00015,1,P105965,2,66.08,SALE,2024-09-24T12:23:21,S05,20240924
S05/20240924/00015,2,TAX,1,6.61,TAX,2024-09-24T12:23:21,S05,20240924
S05/20240924/00015,3,TENDER,1,138.77,TENDER,2024-09-24T12:23:21,S05,20240924
S05/20240924/00016,1,P103050,2,569.48,SALE,2024-09-24T17:41:16,S05,20240924
S05/20240924/00016,2,P105405,3,430.78,SALE,2024-09-24T17:41:16,S05,20240924
S05/20240924/00016,3,P105042,2,66.53,SALE,2024-09-24T17:41:16,S05,20240924
S05/20240924/00016,4,P102502,4,366.79,SALE,2024-09-24T17:41:16,S05,20240924
S05/20240924/00016,5,P102724,2,391.04,SALE,2024-09-24T17:41:16,S05,20240924
S05/20240924/00016,6,P105950,3,1356.49,SALE,2024-09-24T17:41:16,S05,20240924
S05/20240924/00016,7,P106501,2,164.07,SALE,2024-09-24T17:41:16,S05,20240924
S05/20240924/00016,8,P106599,2,224.95,SALE,2024-09-24T17:41:16,S05,20240924
S05/20240924/00016,9,P101106,2,542.84,SALE,2024-09-24T17:41:16,S05,20240924
S05/20240924/00016,10,TAX,1,629.28,TAX,2024-09-24T17:41:16,S05,20240924
S05/20240924/00016,11,TENDER,1,11376.07,TENDER,2024-09-24T17:41:16,S05,20240924
S05/20240924/00017,1,P107078,2,111.95,SALE,2024-09-24T13:14:46,S05,20240924
S05/20240924/00017,2,P103029,4,11.28,SALE,2024-09-24T13:14:46,S05,20240924
S05/20240924/00017,3,P104042,2,346.95,SALE,2024-09-24T13:14:46,S05,20240924
S05/20240924/00017,4,DISC,1,-40.10,DISCOUNT,2024-09-24T13:14:46,S05,20240924
S05/20240924/00017,5,TAX,1,87.58,TAX,2024-09-24T13:14:46,S05,20240924
S05/20240924/00017,6,TENDER,1,1010.40,TENDER,2024-09-24T13:14:46,S05,20240924
S05/20240925/00001,1,P100911,2,67.40,SALE,2024-09-25T13:53:10,S05,20240925
S05/20240925/00001,2,P104572,1,182.16,SALE,2024-09-25T13:53:10,S05,20240925
S05/20240925/00001,3,P100682,1,337.76,SALE,2024-09-25T13:53:10,S05,20240925
S05/20240925/00001,4,TAX,1,56.38,TAX,2024-09-25T13:53:10,S05,20240925
S05/20240925/00001,5,TENDER,1,711.10,TENDER,2024-09-25T13:53:10,S05,20240925
S05/20240925/00002,1,P102744,3,98.75,SALE,2024-09-25T09:27:35,S05,20240925
S05/20240925/00002,2,P102640,1,257.08,SALE,2024-09-25T09:27:35,S05,20240925
S05/20240925/00002,3,P100406,2,435.20,SALE,2024-09-25T09:27:35,S05,20240925
S05/20240925/00002,4,P102718,1,331.59,SALE,2024-09-25T09:27:35,S05,20240925
S05/20240925/00002,5,P101982,2,366.95,SALE,2024-09-25T09:27:35,S05,20240925
S05/20240925/00002,6,P100203,2,272.10,SALE,2024-09-25T09:27:35,S05,20240925
S05/20240925/00002,7,TAX,1,323.61,TAX,2024-09-25T09:27:35,S05,20240925
S05/20240925/00002,8,TENDER,1,3357.03,TENDER,2024-09-25T09:27:35,S05,20240925
S05/20240925/00003,1,P105490,3,154.49,SALE,2024-09-25T16:19:02,S05,20240925
S05/20240925/00003,2,P102664,3,261.47,SALE,2024-09-25T16:19:02,S05,20240925
S05/20240925/00003,3,P105757,1,248.44,SALE,2024-09-25T16:19:02,S05,20240925
S05/20240925/00003,4,TAX,1,237.04,TAX,2024-09-25T16:19:02,S05,20240925
S05/20240925/00003,5,TENDER,1,1733.36,TENDER,2024-09-25T16:19:02,S05,20240925
S05/20240925/00004,1,P104637,3,342.12,SALE,2024-09-25T15:19:10,S05,20240925
S05/20240925/00004,2,P103661,4,125.81,SALE,2024-09-25T15:19:10,S05,20240925
S05/20240925/00004,3,P101599,2,417.76,SALE,2024-09-25T15:19:10,S05,20240925
S05/20240925/00004,4,TAX,1,364.14,TAX,2024-09-25T15:19:10,S05,20240925
S05/20240925/00004,5,TENDER,1,2729.26,TENDER,2024-09-25T15:19:10,S05,20240925
S05/20240925/00005,1,P101543,2,178.10,SALE,2024-09-25T14:59:08,S05,20240925
S05/20240925/00005,2,P105518,1,729.30,SALE,2024-09-25T14:59:08,S05,20240925
S05/20240925/00005,3,P102821,4,1356.95,SALE,2024-09-25T14:59:08,S05,20240925
S05/20240925/00005,4,TAX,1,195.39,TAX,2024-09-25T14:59:08,S05,20240925
S05/20240925/00005,5,TENDER,1,6708.69,TENDER,2024-09-25T14:59:08,S05,20240925
S05/20240925/00006,1,P103406,5,1248.48,SALE,2024-09-25T22:25:34,S05,20240925
S05/20240925/00006,2,P106443,3,52.87,SALE,2024-09-25T22:25:34,S05,20240925
S05/20240925/00006,3,P107078,3,111.95,SALE,2024-09-25T22:25:34,S05,20240925
S05/20240925/00006,4,P100428,2,132.93,SALE,2024-09-25T22:25:34,S05,20240925
S05/20240925/00006,5,P107182,2,112.81,SALE,2024-09-25T22:25:34,S05,20240925
S05/20240925/00006,6,P102436,4,243.03,SALE,2024-09-25T22:25:34,S05,20240925
S05/20240925/00006,7,P103222,3,398.43,SALE,2024-09-25T22:25:34,S05,20240925
S05/20240925/00006,8,TAX,1,1116.05,TAX,2024-09-25T22:25:34,S05,20240925
S05/20240925/00006,9,TENDER,1,10511.80,TENDER,2024-09-25T22:25:34,S05,20240925
S05/20240925/00007,1,P100609,3,76.13,SALE,2024-09-25T14:29:34,S05,20240925
S05/20240925/00007,2,P100421,3,121.56,SALE,2024-09-25T14:29:34,S05,20240925
S05/20240925/00007,3,P107053,1,457.07,SALE,2024-09-25T14:29:34,S05,20240925
S05/20240925/00007,4,P107149,2,145.83,SALE,2024-09-25T14:29:34,S05,20240925
S05/20240925/00007,5,P101327,2,233.22,SALE,2024-09-25T14:29:34,S05,20240925
S05/20240925/00007,6,P108319,4,253.21,SALE,2024-09-25T14:29:34,S05,20240925
S05/20240925/00007,7,P107308,2,208.09,SALE,2024-09-25T14:29:34,S05,20240925
S05/20240925/00007,8,P106592,2,815.90,SALE,2024-09-25T14:29:34,S05,20240925
S05/20240925/00007,9,TAX,1,393.86,TAX,2024-09-25T14:29:34,S05,20240925
S05/20240925/00007,10,TENDER,1,5262.92,TENDER,2024-09-25T14:29:34,S05,20240925
S05/20240925/00008,1,P104497,2,229.16,SALE,2024-09-25T12:47:07,S05,20240925
S05/20240925/00008,2,P106783,2,94.23,SALE,2024-09-25T12:47:07,S05,20240925
S05/20240925/00008,3,P106024,3,472.89,SALE,2024-09-25T12:47:07,S05,20240925
S05/20240925/00008,4,P103372,3,49.00,SALE,2024-09-25T12:47:07,S05,20240925
S05/20240925/00008,5,P102581,2,189.36,SALE,2024-09-25T12:47:07,S05,20240925
S05/20240925/00008,6,P106169,1,221.89,SALE,2024-09-25T12:47:07,S05,20240925
S05/20240925/00008,7,P106080,1,361.06,SALE,2024-09-25T12:47:07,S05,20240925
S05/20240925/00008,8,P104600,2,56.45,SALE,2024-09-25T12:47:07,S05,20240925
S05/20240925/00008,9,DISC,1,-223.77,DISCOUNT,2024-09-25T12:47:07,S05,20240925
S05/20240925/00008,10,TAX,1,416.11,TAX,2024-09-25T12:47:07,S05,20240925
S05/20240925/00008,11,TENDER,1,3479.36,TENDER,2024-09-25T12:47:07,S05,20240925
S05/20240925/00009,1,P101603,2,911.37,SALE,2024-09-25T14:42:38,S05,20240925
S05/20240925/00009,2,P102335,1,94.24,SALE,2024-09-25T14:42:38,S05,20240925
S05/20240925/00009,3,P105453,3,439.19,SALE,2024-09-25T14:42:38,S05,20240925
S05/20240925/00009,4,P106353,1,236.28,SALE,2024-09-25T14:42:38,S05,20240925
S05/20240925/00009,5,P107435,4,549.51,SALE,2024-09-25T14:42:38,S05,20240925
S05/20240925/00009,6,TAX,1,911.03,TAX,2024-09-25T14:42:38,S05,20240925
S05/20240925/00009,7,TENDER,1,6579.90,TENDER,2024-09-25T14:42:38,S05,20240925
S05/20240925/00010,1,P106473,1,298.68,SALE,2024-09-25T15:39:06,S05,20240925
S05/20240925/00010,2,P106522,2,203.79,SALE,2024-09-25T15:39:06,S05,20240925
S05/20240925/00010,3,DISC,1,-50.07,DISCOUNT,2024-09-25T15:39:06,S05,20240925
S05/20240925/00010,4,TAX,1,68.89,TAX,2024-09-25T15:39:06,S05,20240925
S05/20240925/00010,5,TENDER,1,725.08,TENDER,2024-09-25T15:39:06,S05,20240925
S05/20240925/00011,1,P102272,2,389.34,SALE,2024-09-25T12:55:05,S05,20240925
S05/20240925/00011,2,P103584,2,402.02,SALE,2024-09-25T12:55:05,S05,20240925
S05/20240925/00011,3,P100604,4,154.60,SALE,2024-09-25T12:55:05,S05,20240925
S05/20240925/00011,4,P101083,2,349.65,SALE,2024-09-25T12:55:05,S05,20240925
S05/20240925/00011,5,P102947,1,59.21,SALE,2024-09-25T12:55:05,S05,20240925
S05/20240925/00011,6,TAX,1,364.04,TAX,2024-09-25T12:55:05,S05,20240925
S05/20240925/00011,7,TENDER,1,3323.67,TENDER,2024-09-25T12:55:05,S05,20240925
S05/20240925/00012,1,P107435,2,549.51,SALE,2024-09-25T16:56:37,S05,20240925
S05/20240925/00012,2,P104606,2,90.58,SALE,2024-09-25T16:56:37,S05,20240925
S05/20240925/00012,3,P102096,2,982.72,SALE,2024-09-25T16:56:37,S05,20240925
S05/20240925/00012,4,P103424,2,295.58,SALE,2024-09-25T16:56:37,S05,20240925
S05/20240925/00012,5,P103496,2,70.71,SALE,2024-09-25T16:56:37,S05,20240925
S05/20240925/00012,6,P102814,1,543.91,SALE,2024-09-25T16:56:37,S05,20240925
S05/20240925/00012,7,P101465,3,573.89,SALE,2024-09-25T16:56:37,S05,20240925
S05/20240925/00012,8,P103465,2,32.05,SALE,2024-09-25T16:56:37,S05,20240925
S05/20240925/00012,9,DISC,1,-309.20,DISCOUNT,2024-09-25T16:56:37,S05,20240925
S05/20240925/00012,10,TAX,1,856.31,TAX,2024-09-25T16:56:37,S05,20240925
S05/20240925/00012,11,TENDER,1,6854.99,TENDER,2024-09-25T16:56:37,S05,20240925
S05/20240925/00013,1,P103816,1,209.63,SALE,2024-09-25T16:49:27,S05,20240925
S05/20240925/00013,2,P106405,1,38.72,SALE,2024-09-25T16:49:27,S05,20240925
S05/20240925/00013,3,P103861,1,57.59,SALE,2024-09-25T16:49:27,S05,20240925
S05/20240925/00013,4,P101272,2,96.70,SALE,2024-09-25T16:49:27,S05,20240925
S05/20240925/00013,5,P104567,3,141.21,SALE,2024-09-25T16:49:27,S05,20240925
S05/20240925/00013,6,P101279,1,242.90,SALE,2024-09-25T16:49:27,S05,20240925
S05/20240925/00013,7,P108032,2,648.04,SALE,2024-09-25T16:49:27,S05,20240925
S05/20240925/00013,8,TAX,1,263.62,TAX,2024-09-25T16:49:27,S05,20240925
S05/20240925/00013,9,TENDER,1,2725.57,TENDER,2024-09-25T16:49:27,S05,20240925
S05/20240925/00014,1,P106848,3,17.39,SALE,2024-09-25T20:13:49,S05,20240925
S05/20240925/00014,2,P102880,2,575.53,SALE,2024-09-25T20:13:49,S05,20240925
S05/20240925/00014,3,P102181,2,1586.03,SALE,2024-09-25T20:13:49,S05,20240925
S05/20240925/00014,4,P105684,2,1114.27,SALE,2024-09-25T20:13:49,S05,20240925
S05/20240925/00014,5,P101500,4,330.53,SALE,2024-09-25T20:13:49,S05,20240925
S05/20240925/00014,6,P102664,4,261.47,SALE,2024-09-25T20:13:49,S05,20240925
S05/20240925/00014,7,P101004,1,324.97,SALE,2024-09-25T20:13:49,S05,20240925
S05/20240925/00014,8,DISC,1,-667.00,DISCOUNT,2024-09-25T20:13:49,S05,20240925
S05/20240925/00014,9,TAX,1,346.69,TAX,2024-09-25T20:13:49,S05,20240925
S05/20240925/00014,10,TENDER,1,8976.49,TENDER,2024-09-25T20:13:49,S05,20240925
S05/20240925/00015,1,P102903,2,51.46,SALE,2024-09-25T15:24:12,S05,20240925
S05/20240925/00015,2,P102230,1,340.01,SALE,2024-09-25T15:24:12,S05,20240925
S05/20240925/00015,3,P104933,4,560.59,SALE,2024-09-25T15:24:12,S05,20240925
S05/20240925/00015,4,P105511,4,310.12,SALE,2024-09-25T15:24:12,S05,20240925
S05/20240925/00015,5,P101543,3,178.10,SALE,2024-09-25T15:24:12,S05,20240925
S05/20240925/00015,6,P101298,1,224.87,SALE,2024-09-25T15:24:12,S05,20240925
S05/20240925/00015,7,TAX,1,829.80,TAX,2024-09-25T15:24:12,S05,20240925
S05/20240925/00015,8,TENDER,1,5514.74,TENDER,2024-09-25T15:24:12,S05,20240925
S05/20240925/00016,1,P101393,4,36.64,SALE,2024-09-25T17:02:25,S05,20240925
S05/20240925/00016,2,P100736,1,700.87,SALE,2024-09-25T17:02:25,S05,20240925
S05/20240925/00016,3,P105531,3,502.91,SALE,2024-09-25T17:02:25,S05,20240925
S05/20240925/00016,4,P103530,2,427.69,SALE,2024-09-25T17:02:25,S05,20240925
S05/20240925/00016,5,TAX,1,426.45,TAX,2024-09-25T17:02:25,S05,20240925
S05/20240925/00016,6,TENDER,1,3637.99,TENDER,2024-09-25T17:02:25,S05,20240925
S05/20240925/00017,1,P101101,5,74.25,SALE,2024-09-25T17:54:28,S05,20240925
S05/20240925/00017,2,P103958,4,30.95,SALE,2024-09-25T17:54:28,S05,20240925
S05/20240925/00017,3,P100940,1,199.52,SALE,2024-09-25T17:54:28,S05,20240925
S05/20240925/00017,4,P102263,1,116.79,SALE,2024-09-25T17:54:28,S05,20240925
S05/20240925/00017,5,P106599,3,224.95,SALE,2024-09-25T17:54:28,S05,20240925
S05/20240925/00017,6,P108216,1,69.70,SALE,2024-09-25T17:54:28,S05,20240925
S05/20240925/00017,7,TAX,1,153.99,TAX,2024-09-25T17:54:28,S05,20240925
S05/20240925/00017,8,TENDER,1,1709.90,TENDER,2024-09-25T17:54:28,S05,20240925
S05/20240925/00018,1,P101174,2,57.43,SALE,2024-09-25T16:21:53,S05,20240925
S05/20240925/00018,2,P108282,3,472.97,SALE,2024-09-25T16:21:53,S05,20240925
S05/20240925/00018,3,TAX,1,76.69,TAX,2024-09-25T16:21:53,S05,20240925
S05/20240925/00018,4,TENDER,1,1610.46,TENDER,2024-09-25T16:21:53,S05,20240925
S05/20240925/00019,1,P100077,1,173.95,SALE,2024-09-25T12:29:48,S05,20240925
S05/20240925/00019,2,P101740,2,855.00,SALE,2024-09-25T12:29:48,S05,20240925
S05/20240925/00019,3,TAX,1,8.70,TAX,2024-09-25T12:29:48,S05,20240925
S05/20240925/00019,4,TENDER,1,1892.65,TENDER,2024-09-25T12:29:48,S05,20240925
S05/20240925/00020,1,P100281,2,485.13,SALE,2024-09-25T14:54:26,S05,20240925
S05/20240925/00020,2,P103171,3,68.42,SALE,2024-09-25T14:54:26,S05,20240925
S05/20240925/00020,3,P100722,1,330.17,SALE,2024-09-25T14:54:26,S05,20240925
S05/20240925/00020,4,P101810,2,793.98,SALE,2024-09-25T14:54:26,S05,20240925
S05/20240925/00020,5,P103473,2,428.66,SALE,2024-09-25T14:54:26,S05,20240925
S05/20240925/00020,6,P103616,3,625.90,SALE,2024-09-25T14:54:26,S05,20240925
S05/20240925/00020,7,TAX,1,446.09,TAX,2024-09-25T14:54:26,S05,20240925
S05/20240925/00020,8,TENDER,1,6274.76,TENDER,2024-09-25T14:54:26,S05,20240925
S05/20240925/00021,1,P102975,1,226.32,SALE,2024-09-25T18:08:18,S05,20240925
S05/20240925/00021,2,P107508,3,1577.69,SALE,2024-09-25T18:08:18,S05,20240925
S05/20240925/00021,3,P105252,2,11.87,SALE,2024-09-25T18:08:18,S05,20240925
S05/20240925/00021,4,P101374,4,49.36,SALE,2024-09-25T18:08:18,S05,20240925
S05/20240925/00021,5,TAX,1,648.52,TAX,2024-09-25T18:08:18,S05,20240925
S05/20240925/00021,6,TENDER,1,5829.09,TENDER,2024-09-25T18:08:18,S05,20240925
S05/20240925/00022,1,P104334,1,294.34,SALE,2024-09-25T15:31:40,S05,20240925
S05/20240925/00022,2,P102718,3,331.59,SALE,2024-09-25T15:31:40,S05,20240925
S05/20240925/00022,3,P101851,3,1750.29,SALE,2024-09-25T15:31:40,S05,20240925
S05/20240925/00022,4,TAX,1,193.78,TAX,2024-09-25T15:31:40,S05,20240925
S05/20240925/00022,5,TENDER,1,6733.76,TENDER,2024-09-25T15:31:40,S05,20240925
S05/20240925/00023,1,P105100,2,270.01,SALE,2024-09-25T15:07:54,S05,20240925
S05/20240925/00023,2,P101213,1,232.84,SALE,2024-09-25T15:07:54,S05,20240925
S05/20240925/00023,3,P106891,3,642.78,SALE,2024-09-25T15:07:54,S05,20240925
S05/20240925/00023,4,P105453,1,439.19,SALE,2024-09-25T15:07:54,S05,20240925
S05/20240925/00023,5,P107208,1,323.06,SALE,2024-09-25T15:07:54,S05,20240925
S05/20240925/00023,6,P102452,1,176.54,SALE,2024-09-25T15:07:54,S05,20240925
S05/20240925/00023,7,P103137,2,218.09,SALE,2024-09-25T15:07:54,S05,20240925
S05/20240925/00023,8,TAX,1,391.91,TAX,2024-09-25T15:07:54,S05,20240925
S05/20240925/00023,9,TENDER,1,4468.08,TENDER,2024-09-25T15:07:54,S05,20240925
S05/20240925/00024,1,P103340,1,537.50,SALE,2024-09-26T00:18:03,S05,20240925
S05/20240925/00024,2,P108221,1,50.44,SALE,2024-09-26T00:18:03,S05,20240925
S05/20240925/00024,3,P107040,2,474.18,SALE,2024-09-26T00:18:03,S05,20240925
S05/20240925/00024,4,P100428,1,132.93,SALE,2024-09-26T00:18:03,S05,20240925
S05/20240925/00024,5,P103882,2,269.95,SALE,2024-09-26T00:18:03,S05,20240925
S05/20240925/00024,6,TAX,1,250.43,TAX,2024-09-26T00:18:03,S05,20240925
S05/20240925/00024,7,TENDER,1,2459.56,TENDER,2024-09-26T00:18:03,S05,20240925
S05/20240925/00025,1,P104226,1,303.01,SALE,2024-09-25T16:46:15,S05,20240925
S05/20240925/00025,2,P107449,2,1495.62,SALE,2024-09-25T16:46:15,S05,20240925
S05/20240925/00025,3,TAX,1,358.95,TAX,2024-09-25T16:46:15,S05,20240925
S05/20240925/00025,4,TENDER,1,3653.20,TENDER,2024-09-25T16:46:15,S05,20240925
S05/20240925/00026,1,P106353,2,236.28,SALE,2024-09-25T11:43:27,S05,20240925
S05/20240925/00026,2,P108361,2,68.42,SALE,2024-09-25T11:43:27,S05,20240925
S05/20240925/00026,3,P106802,3,689.06,SALE,2024-09-25T11:43:27,S05,20240925
S05/20240925/00026,4,P108125,3,129.06,SALE,2024-09-25T11:43:27,S05,20240925
S05/20240925/00026,5,P101974,3,302.00,SALE,2024-09-25T11:43:27,S05,20240925
S05/20240925/00026,6,TAX,1,351.50,TAX,2024-09-25T11:43:27,S05,20240925
S05/20240925/00026,7,TENDER,1,4321.26,TENDER,2024-09-25T11:43:27,S05,20240925
S05/20240925/00027,1,P104212,1,400.09,SALE,2024-09-25T12:44:34,S05,20240925
S05/20240925/00027,2,P100198,2,156.66,SALE,2024-09-25T12:44:34,S05,20240925
S05/20240925/00027,3,P103206,2,450.05,SALE,2024-09-25T12:44:34,S05,20240925
S05/20240925/00027,4,P108247,1,242.95,SALE,2024-09-25T12:44:34,S05,20240925
S05/20240925/00027,5,TAX,1,293.43,TAX,2024-09-25T12:44:34,S05,20240925
S05/20240925/00027,6,TENDER,1,2149.89,TENDER,2024-09-25T12:44:34,S05,20240925
S05/20240925/00028,1,P105230,3,123.72,SALE,2024-09-25T10:06:00,S05,20240925
S05/20240925/00028,2,P103986,2,495.05,SALE,2024-09-25T10:06:00,S05,20240925
S05/20240925/00028,3,TAX,1,222.76,TAX,2024-09-25T10:06:00,S05,20240925
S05/20240925/00028,4,TENDER,1,1584.02,TENDER,2024-09-25T10:06:00,S05,20240925
S05/20240926/00001,1,P100640,2,379.48,SALE,2024-09-26T21:27:16,S05,20240926
S05/20240926/00001,2,P104139,1,225.08,SALE,2024-09-26T21:27:16,S05,20240926
S05/20240926/00001,3,P106464,3,271.59,SALE,2024-09-26T21:27:16,S05,20240926
S05/20240926/00001,4,P103062,4,173.63,SALE,2024-09-26T21:27:16,S05,20240926
S05/20240926/00001,5,P108017,2,105.98,SALE,2024-09-26T21:27:16,S05,20240926
S05/20240926/00001,6,P106624,3,103.58,SALE,2024-09-26T21:27:16,S05,20240926
S05/20240926/00001,7,TAX,1,223.57,TAX,2024-09-26T21:27:16,S05,20240926
S05/20240926/00001,8,TENDER,1,3239.60,TENDER,2024-09-26T21:27:16,S05,20240926
S05/20240926/00002,1,P105624,1,380.06,SALE,2024-09-26T19:37:05,S05,20240926
S05/20240926/00002,2,P103806,2,319.17,SALE,2024-09-26T19:37:05,S05,20240926
S05/20240926/00002,3,P100967,3,969.23,SALE,2024-09-26T19:37:05,S05,20240926
S05/20240926/00002,4,P105729,2,75.27,SALE,2024-09-26T19:37:05,S05,20240926
S05/20240926/00002,5,TAX,1,395.02,TAX,2024-09-26T19:37:05,S05,20240926
S05/20240926/00002,6,TENDER,1,4471.65,TENDER,2024-09-26T19:37:05,S05,20240926
S05/20240926/00003,1,P103680,1,210.26,SALE,2024-09-26T21:04:31,S05,20240926
S05/20240926/00003,2,P104902,2,470.00,SALE,2024-09-26T21:04:31,S05,20240926
S05/20240926/00003,3,P108179,1,295.94,SALE,2024-09-26T21:04:31,S05,20240926
S05/20240926/00003,4,P102074,4,415.90,SALE,2024-09-26T21:04:31,S05,20240926
S05/20240926/00003,5,TAX,1,287.89,TAX,2024-09-26T21:04:31,S05,20240926
S05/20240926/00003,6,TENDER,1,3397.69,TENDER,2024-09-26T21:04:31,S05,20240926
S05/20240926/00004,1,P102835,2,101.19,SALE,2024-09-26T09:52:40,S05,20240926
S05/20240926/00004,2,P105106,1,98.60,SALE,2024-09-26T09:52:40,S05,20240926
S05/20240926/00004,3,TAX,1,42.03,TAX,2024-09-26T09:52:40,S05,20240926
S05/20240926/00004,4,TENDER,1,343.01,TENDER,2024-09-26T09:52:40,S05,20240926
S05/20240926/00005,1,P107826,2,127.76,SALE,2024-09-26T13:13:44,S05,20240926
S05/20240926/00005,2,P106181,3,778.60,SALE,2024-09-26T13:13:44,S05,20240926
S05/20240926/00005,3,P104175,3,814.13,SALE,2024-09-26T13:13:44,S05,20240926
S05/20240926/00005,4,P105050,2,114.80,SALE,2024-09-26T13:13:44,S05,20240926
S05/20240926/00005,5,P100754,3,91.60,SALE,2024-09-26T13:13:44,S05,20240926
S05/20240926/00005,6,P101827,2,139.26,SALE,2024-09-26T13:13:44,S05,20240926
S05/20240926/00005,7,P102280,1,644.81,SALE,2024-09-26T13:13:44,S05,20240926
S05/20240926/00005,8,TAX,1,185.87,TAX,2024-09-26T13:13:44,S05,20240926
S05/20240926/00005,9,TENDER,1,6647.31,TENDER,2024-09-26T13:13:44,S05,20240926
S05/20240926/00006,1,P102849,2,692.04,SALE,2024-09-26T17:54:21,S05,20240926
S05/20240926/00006,2,P102735,1,534.08,SALE,2024-09-26T17:54:21,S05,20240926
S05/20240926/00006,3,P106858,2,281.23,SALE,2024-09-26T17:54:21,S05,20240926
S05/20240926/00006,4,P100640,1,379.48,SALE,2024-09-26T17:54:21,S05,20240926
S05/20240926/00006,5,P104107,1,479.48,SALE,2024-09-26T17:54:21,S05,20240926
S05/20240926/00006,6,P102321,1,35.15,SALE,2024-09-26T17:54:21,S05,20240926
S05/20240926/00006,7,P106221,1,31.65,SALE,2024-09-26T17:54:21,S05,20240926
S05/20240926/00006,8,P108258,1,54.62,SALE,2024-09-26T17:54:21,S05,20240926
S05/20240926/00006,9,P105394,3,327.72,SALE,2024-09-26T17:54:21,S05,20240926
S05/20240926/00006,10,TAX,1,692.03,TAX,2024-09-26T17:54:21,S05,20240926
S05/20240926/00006,11,TENDER,1,5136.19,TENDER,2024-09-26T17:54:21,S05,20240926
S05/20240926/00007,1,P106745,1,621.98,SALE,2024-09-26T12:43:04,S05,20240926
S05/20240926/00007,2,P100665,2,305.11,SALE,2024-09-26T12:43:04,S05,20240926
S05/20240926/00007,3,P101864,1,112.21,SALE,2024-09-26T12:43:04,S05,20240926
S05/20240926/00007,4,P101702,2,491.39,SALE,2024-09-26T12:43:04,S05,20240926
S05/20240926/00007,5,P107542,1,162.57,SALE,2024-09-26T12:43:04,S05,20240926
S05/20240926/00007,6,P105236,2,552.60,SALE,2024-09-26T12:43:04,S05,20240926
S05/20240926/00007,7,TAX,1,514.91,TAX,2024-09-26T12:43:04,S05,20240926
S05/20240926/00007,8,TENDER,1,4109.87,TENDER,2024-09-26T12:43:04,S05,20240926
S05/20240926/00008,1,P104469,3,1631.11,SALE,2024-09-26T15:57:30,S05,20240926
S05/20240926/00008,2,P106015,1,148.43,SALE,2024-09-26T15:57:30,S05,20240926
S05/20240926/00008,3,P101465,2,573.89,SALE,2024-09-26T15:57:30,S05,20240926
S05/20240926/00008,4,P100221,2,139.88,SALE,2024-09-26T15:57:30,S05,20240926
S05/20240926/00008,5,P100693,3,107.22,SALE,2024-09-26T15:57:30,S05,20240926
S05/20240926/00008,6,P102409,1,326.59,SALE,2024-09-26T15:57:30,S05,20240926
S05/20240926/00008,7,TAX,1,961.87,TAX,2024-09-26T15:57:30,S05,20240926
S05/20240926/00008,8,TENDER,1,8079.42,TENDER,2024-09-26T15:57:30,S05,20240926
S05/20240926/00009,1,P100803,3,278.56,SALE,2024-09-26T15:37:08,S05,20240926
S05/20240926/00009,2,P103413,1,1352.06,SALE,2024-09-26T15:37:08,S05,20240926
S05/20240926/00009,3,P102811,2,199.78,SALE,2024-09-26T15:37:08,S05,20240926
S05/20240926/00009,4,P107795,2,284.47,SALE,2024-09-26T15:37:08,S05,20240926
S05/20240926/00009,5,P104572,4,182.16,SALE,2024-09-26T15:37:08,S05,20240926
S05/20240926/00009,6,P102664,2,261.47,SALE,2024-09-26T15:37:08,S05,20240926
S05/20240926/00009,7,P105453,2,439.19,SALE,2024-09-26T15:37:08,S05,20240926
S05/20240926/00009,8,TAX,1,486.31,TAX,2024-09-26T15:37:08,S05,20240926
S05/20240926/00009,9,TENDER,1,5772.51,TENDER,2024-09-26T15:37:08,S05,20240926
S05/20240926/00010,1,P101722,1,1331.86,SALE,2024-09-26T16:17:20,S05,20240926
S05/20240926/00010,2,P103757,2,159.40,SALE,2024-09-26T16:17:20,S05,20240926
S05/20240926/00010,3,DISC,1,-114.04,DISCOUNT,2024-09-26T16:17:20,S05,20240926
S05/20240926/00010,4,TAX,1,76.83,TAX,2024-09-26T16:17:20,S05,20240926
S05/20240926/00010,5,TENDER,1,1613.45,TENDER,2024-09-26T16:17:20,S05,20240926
S05/20240926/00011,1,P102546,3,74.67,SALE,2024-09-26T12:38:47,S05,20240926
S05/20240926/00011,2,P102081,1,164.15,SALE,2024-09-26T12:38:47,S05,20240926
S05/20240926/00011,3,P101225,2,452.38,SALE,2024-09-26T12:38:47,S05,20240926
S05/20240926/00011,4,P101492,1,113.44,SALE,2024-09-26T12:38:47,S05,20240926
S05/20240926/00011,5,TAX,1,198.86,TAX,2024-09-26T12:38:47,S05,20240926
S05/20240926/00011,6,TENDER,1,1605.22,TENDER,2024-09-26T12:38:47,S05,20240926
S05/20240926/00012,1,P100744,3,67.07,SALE,2024-09-26T14:39:27,S05,20240926
S05/20240926/00012,2,P104956,3,138.81,SALE,2024-09-26T14:39:27,S05,20240926
S05/20240926/00012,3,P106221,3,31.65,SALE,2024-09-26T14:39:27,S05,20240926
S05/20240926/00012,4,P107072,3,75.15,SALE,2024-09-26T14:39:27,S05,20240926
S05/20240926/00012,5,P107863,1,575.65,SALE,2024-09-26T14:39:27,S05,20240926
S05/20240926/00012,6,TAX,1,205.73,TAX,2024-09-26T14:39:27,S05,20240926
S05/20240926/00012,7,TENDER,1,1719.42,TENDER,2024-09-26T14:39:27,S05,20240926
S05/20240926/00013,1,P103575,1,54.47,SALE,2024-09-26T17:52:57,S05,20240926
S05/20240926/00013,2,P103206,1,450.05,SALE,2024-09-26T17:52:57,S05,20240926
S05/20240926/00013,3,P104233,2,1271.89,SALE,2024-09-26T17:52:57,S05,20240926
S05/20240926/00013,4,P101603,1,911.37,SALE,2024-09-26T17:52:57,S05,20240926
S05/20240926/00013,5,P102559,4,86.19,SALE,2024-09-26T17:52:57,S05,20240926
S05/20240926/00013,6,P101669,2,53.28,SALE,2024-09-26T17:52:57,S05,20240926
S05/20240926/00013,7,P106639,2,415.94,SALE,2024-09-26T17:52:57,S05,20240926
S05/20240926/00013,8,TAX,1,442.68,TAX,2024-09-26T17:52:57,S05,20240926
S05/20240926/00013,9,TENDER,1,5685.55,TENDER,2024-09-26T17:52:57,S05,20240926
S05/20240926/00014,1,P106044,3,40.72,SALE,2024-09-26T14:43:58,S05,20240926
S05/20240926/00014,2,P108379,1,300.71,SALE,2024-09-26T14:43:58,S05,20240926
S05/20240926/00014,3,P105656,2,516.52,SALE,2024-09-26T14:43:58,S05,20240926
S05/20240926/00014,4,P107365,3,934.48,SALE,2024-09-26T14:43:58,S05,20240926
S05/20240926/00014,5,TAX,1,394.49,TAX,2024-09-26T14:43:58,S05,20240926
S05/20240926/00014,6,TENDER,1,4653.84,TENDER,2024-09-26T14:43:58,S05,20240926
S05/20240926/00015,1,P108149,2,1073.33,SALE,2024-09-26T17:05:12,S05,20240926
S05/20240926/00015,2,P100827,3,1218.17,SALE,2024-09-26T17:05:12,S05,20240926
S05/20240926/00015,3,P105155,1,350.84,SALE,2024-09-26T17:05:12,S05,20240926
S05/20240926/00015,4,P101004,1,324.97,SALE,2024-09-26T17:05:12,S05,20240926
S05/20240926/00015,5,P100621,2,134.28,SALE,2024-09-26T17:05:12,S05,20240926
S05/20240926/00015,6,TAX,1,82.13,TAX,2024-09-26T17:05:12,S05,20240926
S05/20240926/00015,7,TENDER,1,6827.67,TENDER,2024-09-26T17:05:12,S05,20240926
S05/20240926/00016,1,P100348,2,513.95,SALE,2024-09-26T10:21:13,S05,20240926
S05/20240926/00016,2,P101177,4,166.36,SALE,2024-09-26T10:21:13,S05,20240926
S05/20240926/00016,3,P106907,2,321.26,SALE,2024-09-26T10:21:13,S05,20240926
S05/20240926/00016,4,P107308,3,226.19,SALE,2024-09-26T10:21:13,S05,20240926
S05/20240926/00016,5,P103701,1,1171.33,SALE,2024-09-26T10:21:13,S05,20240926
S05/20240926/00016,6,P101004,2,324.97,SALE,2024-09-26T10:21:13,S05,20240926
S05/20240926/00016,7,TAX,1,297.87,TAX,2024-09-26T10:21:13,S05,20240926
S05/20240926/00016,8,TENDER,1,5133.57,TENDER,2024-09-26T10:21:13,S05,20240926
S05/20240926/00017,1,P107137,3,32.59,SALE,2024-09-26T17:27:05,S05,20240926
S05/20240926/00017,2,P106288,2,46.52,SALE,2024-09-26T17:27:05,S05,20240926
S05/20240926/00017,3,P105959,1,513.93,SALE,2024-09-26T17:27:05,S05,20240926
S05/20240926/00017,4,P105868,1,68.91,SALE,2024-09-26T17:27:05,S05,20240926
S05/20240926/00017,5,TAX,1,100.60,TAX,2024-09-26T17:27:05,S05,20240926
S05/20240926/00017,6,TENDER,1,874.25,TENDER,2024-09-26T17:27:05,S05,20240926
S05/20240926/00018,1,P101634,3,25.05,SALE,2024-09-26T09:49:19,S05,20240926
S05/20240926/00018,2,P104842,3,357.87,SALE,2024-09-26T09:49:19,S05,20240926
S05/20240926/00018,3,P104811,2,108.16,SALE,2024-09-26T09:49:19,S05,20240926
S05/20240926/00018,4,TAX,1,181.30,TAX,2024-09-26T09:49:19,S05,20240926
S05/20240926/00018,5,TENDER,1,1546.38,TENDER,2024-09-26T09:49:19,S05,20240926
S05/20240926/00019,1,P108186,1,348.70,SALE,2024-09-26T14:04:25,S05,20240926
S05/20240926/00019,2,P108292,2,104.02,SALE,2024-09-26T14:04:25,S05,20240926
S05/20240926/00019,3,P108026,2,103.54,SALE,2024-09-26T14:04:25,S05,20240926
S05/20240926/00019,4,P102779,2,25.62,SALE,2024-09-26T14:04:25,S05,20240926
S05/20240926/00019,5,TAX,1,85.27,TAX,2024-09-26T14:04:25,S05,20240926
S05/20240926/00019,6,TENDER,1,900.33,TENDER,2024-09-26T14:04:25,S05,20240926
S05/20240926/00020,1,P107605,2,1234.07,SALE,2024-09-26T19:36:43,S05,20240926
S05/20240926/00020,2,P106239,1,803.36,SALE,2024-09-26T19:36:43,S05,20240926
S05/20240926/00020,3,P101164,3,401.86,SALE,2024-09-26T19:36:43,S05,20240926
S05/20240926/00020,4,P102691,2,219.72,SALE,2024-09-26T19:36:43,S05,20240926
S05/20240926/00020,5,P100276,2,965.56,SALE,2024-09-26T19:36:43,S05,20240926
S05/20240926/00020,6,P103591,1,102.70,SALE,2024-09-26T19:36:43,S05,20240926
S05/20240926/00020,7,P108017,2,105.98,SALE,2024-09-26T19:36:43,S05,20240926
S05/20240926/00020,8,P100582,2,164.39,SALE,2024-09-26T19:36:43,S05,20240926
S05/20240926/00020,9,TAX,1,709.38,TAX,2024-09-26T19:36:43,S05,20240926
S05/20240926/00020,10,TENDER,1,8200.46,TENDER,2024-09-26T19:36:43,S05,20240926
S05/20240926/00021,1,P105246,1,840.69,SALE,2024-09-26T08:35:01,S05,20240926
S05/20240926/00021,2,TAX,1,42.03,TAX,2024-09-26T08:35:01,S05,20240926
S05/20240926/00021,3,TENDER,1,882.72,TENDER,2024-09-26T08:35:01,S05,20240926
S05/20240926/00022,1,P106209,1,199.51,SALE,2024-09-26T12:59:04,S05,20240926
S05/20240926/00022,2,P102922,1,120.15,SALE,2024-09-26T12:59:04,S05,20240926
S05/20240926/00022,3,TAX,1,45.57,TAX,2024-09-26T12:59:04,S05,20240926
S05/20240926/00022,4,TENDER,1,365.23,TENDER,2024-09-26T12:59:04,S05,20240926
S05/20240926/00023,1,P104487,2,388.90,SALE,2024-09-26T20:43:49,S05,20240926
S05/20240926/00023,2,P102585,3,516.36,SALE,2024-09-26T20:43:49,S05,20240926
S05/20240926/00023,3,P108067,2,640.50,SALE,2024-09-26T20:43:49,S05,20240926
S05/20240926/00023,4,P101720,2,44.26,SALE,2024-09-26T20:43:49,S05,20240926
S05/20240926/00023,5,P101174,2,57.43,SALE,2024-09-26T20:43:49,S05,20240926
S05/20240926/00023,6,P105450,4,252.15,SALE,2024-09-26T20:43:49,S05,20240926
S05/20240926/00023,7,P102000,2,82.98,SALE,2024-09-26T20:43:49,S05,20240926
S05/20240926/00023,8,P107899,2,197.21,SALE,2024-09-26T20:43:49,S05,20240926
S05/20240926/00023,9,TAX,1,230.55,TAX,2024-09-26T20:43:49,S05,20240926
S05/20240926/00023,10,TENDER,1,5610.79,TENDER,2024-09-26T20:43:49,S05,20240926
S05/20240926/00024,1,P107012,3,104.24,SALE,2024-09-26T08:56:40,S05,20240926
S05/20240926/00024,2,P107400,1,274.90,SALE,2024-09-26T08:56:40,S05,20240926
S05/20240926/00024,3,P105923,2,245.29,SALE,2024-09-26T08:56:40,S05,20240926
S05/20240926/00024,4,P102311,2,308.69,SALE,2024-09-26T08:56:40,S05,20240926
S05/20240926/00024,5,P104042,3,346.95,SALE,2024-09-26T08:56:40,S05,20240926
S05/20240926/00024,6,P101332,2,400.98,SALE,2024-09-26T08:56:40,S05,20240926
S05/20240926/00024,7,TAX,1,389.77,TAX,2024-09-26T08:56:40,S05,20240926
S05/20240926/00024,8,TENDER,1,3928.16,TENDER,2024-09-26T08:56:40,S05,20240926
S05/20240926/00025,1,P108144,2,253.94,SALE,2024-09-26T16:45:38,S05,20240926
S05/20240926/00025,2,P103259,1,298.27,SALE,2024-09-26T16:45:38,S05,20240926
S05/20240926/00025,3,P105633,3,46.25,SALE,2024-09-26T16:45:38,S05,20240926
S05/20240926/00025,4,P101547,2,66.03,SALE,2024-09-26T16:45:38,S05,20240926
S05/20240926/00025,5,DISC,1,-80.03,DISCOUNT,2024-09-26T16:45:38,S05,20240926
S05/20240926/00025,6,TAX,1,68.95,TAX,2024-09-26T16:45:38,S05,20240926
S05/20240926/00025,7,TENDER,1,1065.88,TENDER,2024-09-26T16:45:38,S05,20240926
S05/20240927/00001,1,P103012,1,240.75,SALE,2024-09-27T12:41:06,S05,20240927
S05/20240927/00001,2,P102788,2,920.26,SALE,2024-09-27T12:41:06,S05,20240927
S05/20240927/00001,3,TAX,1,120.92,TAX,2024-09-27T12:41:06,S05,20240927
S05/20240927/00001,4,TENDER,1,2202.19,TENDER,2024-09-27T12:41:06,S05,20240927
S05/20240927/00002,1,P105252,3,11.87,SALE,2024-09-27T17:11:39,S05,20240927
S05/20240927/00002,2,P103749,4,16.85,SALE,2024-09-27T17:11:39,S05,20240927
S05/20240927/00002,3,P108397,1,286.03,SALE,2024-09-27T17:11:39,S05,20240927
S05/20240927/00002,4,TAX,1,52.87,TAX,2024-09-27T17:11:39,S05,20240927
S05/20240927/00002,5,TENDER,1,441.91,TENDER,2024-09-27T17:11:39,S05,20240927
S05/20240927/00003,1,P102903,3,51.46,SALE,2024-09-27T08:49:29,S05,20240927
S05/20240927/00003,2,P100921,3,441.43,SALE,2024-09-27T08:49:29,S05,20240927
S05/20240927/00003,3,P106773,3,397.71,SALE,2024-09-27T08:49:29,S05,20240927
S05/20240927/00003,4,P107126,2,68.67,SALE,2024-09-27T08:49:29,S05,20240927
S05/20240927/00003,5,P103259,1,298.27,SALE,2024-09-27T08:49:29,S05,20240927
S05/20240927/00003,6,TAX,1,497.40,TAX,2024-09-27T08:49:29,S05,20240927
S05/20240927/00003,7,TENDER,1,3604.81,TENDER,2024-09-27T08:49:29,S05,20240927
S05/20240927/00004,1,P104316,2,445.32,SALE,2024-09-27T15:30:48,S05,20240927
S05/20240927/00004,2,P104747,3,342.93,SALE,2024-09-27T15:30:48,S05,20240927
S05/20240927/00004,3,P104992,2,979.87,SALE,2024-09-27T15:30:48,S05,20240927
S05/20240927/00004,4,P101345,2,80.74,SALE,2024-09-27T15:30:48,S05,20240927
S05/20240927/00004,5,P108356,3,229.05,SALE,2024-09-27T15:30:48,S05,20240927
S05/20240927/00004,6,P100682,2,337.76,SALE,2024-09-27T15:30:48,S05,20240927
S05/20240927/00004,7,P105666,2,1064.29,SALE,2024-09-27T15:30:48,S05,20240927
S05/20240927/00004,8,P100438,4,66.55,SALE,2024-09-27T15:30:48,S05,20240927
S05/20240927/00004,9,P101839,2,402.65,SALE,2024-09-27T15:30:48,S05,20240927
S05/20240927/00004,10,TAX,1,565.31,TAX,2024-09-27T15:30:48,S05,20240927
S05/20240927/00004,11,TENDER,1,9168.71,TENDER,2024-09-27T15:30:48,S05,20240927
S05/20240927/00005,1,P107799,3,751.07,SALE,2024-09-27T22:38:14,S05,20240927
S05/20240927/00005,2,P104257,1,42.95,SALE,2024-09-27T22:38:14,S05,20240927
S05/20240927/00005,3,P107681,3,193.13,SALE,2024-09-27T22:38:14,S05,20240927
S05/20240927/00005,4,P101018,1,141.83,SALE,2024-09-27T22:38:14,S05,20240927
S05/20240927/00005,5,P103424,2,295.58,SALE,2024-09-27T22:38:14,S05,20240927
S05/20240927/00005,6,P108118,3,66.05,SALE,2024-09-27T22:38:14,S05,20240927
S05/20240927/00005,7,P107365,2,934.48,SALE,2024-09-27T22:38:14,S05,20240927
S05/20240927/00005,8,P100210,2,1073.90,SALE,2024-09-27T22:38:14,S05,20240927
S05/20240927/00005,9,P105835,1,238.39,SALE,2024-09-27T22:38:14,S05,20240927
S05/20240927/00005,10,TAX,1,793.88,TAX,2024-09-27T22:38:14,S05,20240927
S05/20240927/00005,11,TENDER,1,8855.72,TENDER,2024-09-27T22:38:14,S05,20240927
S05/20240927/00006,1,P107799,1,751.07,SALE,2024-09-27T20:44:18,S05,20240927
S05/20240927/00006,2,P106528,4,832.82,SALE,2024-09-27T20:44:18,S05,20240927
S05/20240927/00006,3,P104316,1,445.32,SALE,2024-09-27T20:44:18,S05,20240927
S05/20240927/00006,4,P100033,3,828.62,SALE,2024-09-27T20:44:18,S05,20240927
S05/20240927/00006,5,P106067,1,444.09,SALE,2024-09-27T20:44:18,S05,20240927
S05/20240927/00006,6,P100761,1,51.26,SALE,2024-09-27T20:44:18,S05,20240927
S05/20240927/00006,7,P100348,2,513.95,SALE,2024-09-27T20:44:18,S05,20240927
S05/20240927/00006,8,TAX,1,717.92,TAX,2024-09-27T20:44:18,S05,20240927
S05/20240927/00006,9,TENDER,1,9254.70,TENDER,2024-09-27T20:44:18,S05,20240927
S05/20240927/00007,1,P100469,1,49.98,SALE,2024-09-27T12:55:00,S05,20240927
S05/20240927/00007,2,P103719,1,957.52,SALE,2024-09-27T12:55:00,S05,20240927
S05/20240927/00007,3,TAX,1,117.40,TAX,2024-09-27T12:55:00,S05,20240927
S05/20240927/00007,4,TENDER,1,1124.90,TENDER,2024-09-27T12:55:00,S05,20240927
S05/20240927/00008,1,P102811,1,199.78,SALE,2024-09-27T14:30:05,S05,20240927
S05/20240927/00008,2,P105167,4,826.20,SALE,2024-09-27T14:30:05,S05,20240927
S05/20240927/00008,3,P103487,1,361.14,SALE,2024-09-27T14:30:05,S05,20240927
S05/20240927/00008,4,TAX,1,218.57,TAX,2024-09-27T14:30:05,S05,20240927
S05/20240927/00008,5,TENDER,1,4084.29,TENDER,2024-09-27T14:30:05,S05,20240927
S05/20240927/00009,1,P107346,2,449.29,SALE,2024-09-27T17:47:03,S05,20240927
S05/20240927/00009,2,P106942,3,206.70,SALE,2024-09-27T17:47:03,S05,20240927
S05/20240927/00009,3,P101674,3,387.70,SALE,2024-09-27T17:47:03,S05,20240927
S05/20240927/00009,4,TAX,1,285.29,TAX,2024-09-27T17:47:03,S05,20240927
S05/20240927/00009,5,TENDER,1,2967.07,TENDER,2024-09-27T17:47:03,S05,20240927
S05/20240927/00010,1,P100686,2,787.42,SALE,2024-09-27T13:01:11,S05,20240927
S05/20240927/00010,2,P100007,1,155.06,SALE,2024-09-27T13:01:11,S05,20240927
S05/20240927/00010,3,P102788,2,920.26,SALE,2024-09-27T13:01:11,S05,20240927
S05/20240927/00010,4,DISC,1,-311.58,DISCOUNT,2024-09-27T13:01:11,S05,20240927
S05/20240927/00010,5,TAX,1,109.47,TAX,2024-09-27T13:01:11,S05,20240927
S05/20240927/00010,6,TENDER,1,3368.31,TENDER,2024-09-27T13:01:11,S05,20240927
S05/20240927/00011,1,P107807,2,118.66,SALE,2024-09-27T14:24:34,S05,20240927
S05/20240927/00011,2,P100057,2,220.74,SALE,2024-09-27T14:24:34,S05,20240927
S05/20240927/00011,3,P104700,2,1425.82,SALE,2024-09-27T14:24:34,S05,20240927
S05/20240927/00011,4,P106024,2,472.89,SALE,2024-09-27T14:24:34,S05,20240927
S05/20240927/00011,5,P102546,2,74.67,SALE,2024-09-27T14:24:34,S05,20240927
S05/20240927/00011,6,P101656,1,262.95,SALE,2024-09-27T14:24:34,S05,20240927
S05/20240927/00011,7,TAX,1,293.52,TAX,2024-09-27T14:24:34,S05,20240927
S05/20240927/00011,8,TENDER,1,5182.03,TENDER,2024-09-27T14:24:34,S05,20240927
S05/20240927/00012,1,P104011,2,657.72,SALE,2024-09-27T15:09:21,S05,20240927
S05/20240927/00012,2,P104921,1,421.02,SALE,2024-09-27T15:09:21,S05,20240927
S05/20240927/00012,3,P102502,3,366.79,SALE,2024-09-27T15:09:21,S05,20240927
S05/20240927/00012,4,P107815,2,106.85,SALE,2024-09-27T15:09:21,S05,20240927
S05/20240927/00012,5,TAX,1,365.27,TAX,2024-09-27T15:09:21,S05,20240927
S05/20240927/00012,6,TENDER,1,3415.80,TENDER,2024-09-27T15:09:21,S05,20240927
S05/20240927/00013,1,P104048,1,193.57,SALE,2024-09-27T09:02:28,S05,20240927
S05/20240927/00013,2,P102735,1,534.08,SALE,2024-09-27T09:02:28,S05,20240927
S05/20240927/00013,3,P101911,1,1431.80,SALE,2024-09-27T09:02:28,S05,20240927
S05/20240927/00013,4,DISC,1,-149.39,DISCOUNT,2024-09-27T09:02:28,S05,20240927
S05/20240927/00013,5,TAX,1,111.11,TAX,2024-09-27T09:02:28,S05,20240927
S05/20240927/00013,6,TENDER,1,2121.17,TENDER,2024-09-27T09:02:28,S05,20240927
S05/20240927/00014,1,P102761,1,170.84,SALE,2024-09-27T17:53:01,S05,20240927
S05/20240927/00014,2,P104827,1,168.97,SALE,2024-09-27T17:53:01,S05,20240927
S05/20240927/00014,3,P104784,3,370.89,SALE,2024-09-27T17:53:01,S05,20240927
S05/20240927/00014,4,P105483,1,160.65,SALE,2024-09-27T17:53:01,S05,20240927
S05/20240927/00014,5,P104831,2,1516.75,SALE,2024-09-27T17:53:01,S05,20240927
S05/20240927/00014,6,TAX,1,526.46,TAX,2024-09-27T17:53:01,S05,20240927
S05/20240927/00014,7,TENDER,1,5173.09,TENDER,2024-09-27T17:53:01,S05,20240927
S05/20240927/00015,1,P107495,1,448.19,SALE,2024-09-27T22:34:16,S05,20240927
S05/20240927/00015,2,P101982,3,366.95,SALE,2024-09-27T22:34:16,S05,20240927
S05/20240927/00015,3,P106415,3,911.99,SALE,2024-09-27T22:34:16,S05,20240927
S05/20240927/00015,4,P102371,2,59.77,SALE,2024-09-27T22:34:16,S05,20240927
S05/20240927/00015,5,P108262,2,592.59,SALE,2024-09-27T22:34:16,S05,20240927
S05/20240927/00015,6,TAX,1,793.58,TAX,2024-09-27T22:34:16,S05,20240927
S05/20240927/00015,7,TENDER,1,6383.31,TENDER,2024-09-27T22:34:16,S05,20240927
S05/20240927/00016,1,P107337,2,429.21,SALE,2024-09-27T19:17:16,S05,20240927
S05/20240927/00016,2,P102788,3,920.26,SALE,2024-09-27T19:17:16,S05,20240927
S05/20240927/00016,3,P100632,4,331.55,SALE,2024-09-27T19:17:16,S05,20240927
S05/20240927/00016,4,P101690,1,1044.81,SALE,2024-09-27T19:17:16,S05,20240927
S05/20240927/00016,5,P104139,1,225.08,SALE,2024-09-27T19:17:16,S05,20240927
S05/20240927/00016,6,P107753,2,78.03,SALE,2024-09-27T19:17:16,S05,20240927
S05/20240927/00016,7,TAX,1,471.92,TAX,2024-09-27T19:17:16,S05,20240927
S05/20240927/00016,8,TENDER,1,6843.27,TENDER,2024-09-27T19:17:16,S05,20240927
S05/20240927/00017,1,P107516,1,565.20,SALE,2024-09-28T00:19:54,S05,20240927
S05/20240927/00017,2,P106528,2,832.82,SALE,2024-09-28T00:19:54,S05,20240927
S05/20240927/00017,3,P108110,3,15.95,SALE,2024-09-28T00:19:54,S05,20240927
S05/20240927/00017,4,P103575,1,54.47,SALE,2024-09-28T00:19:54,S05,20240927
S05/20240927/00017,5,DISC,1,-179.17,DISCOUNT,2024-09-28T00:19:54,S05,20240927
S05/20240927/00017,6,TAX,1,288.92,TAX,2024-09-28T00:19:54,S05,20240927
S05/20240927/00017,7,TENDER,1,2442.91,TENDER,2024-09-28T00:19:54,S05,20240927
S05/20240927/00018,1,P107100,1,180.97,SALE,2024-09-27T13:44:55,S05,20240927
S05/20240927/00018,2,P102280,1,644.81,SALE,2024-09-27T13:44:55,S05,20240927
S05/20240927/00018,3,P103668,3,1530.18,SALE,2024-09-27T13:44:55,S05,20240927
S05/20240927/00018,4,P100330,2,188.77,SALE,2024-09-27T13:44:55,S05,20240927
S05/20240927/00018,5,P100479,1,342.92,SALE,2024-09-27T13:44:55,S05,20240927
S05/20240927/00018,6,P106169,4,221.89,SALE,2024-09-27T13:44:55,S05,20240927
S05/20240927/00018,7,TAX,1,587.10,TAX,2024-09-27T13:44:55,S05,20240927
S05/20240927/00018,8,TENDER,1,7611.44,TENDER,2024-09-27T13:44:55,S05,20240927
S05/20240927/00019,1,P104725,2,536.92,SALE,2024-09-27T16:10:36,S05,20240927
S05/20240927/00019,2,P103337,2,94.03,SALE,2024-09-27T16:10:36,S05,20240927
S05/20240927/00019,3,DISC,1,-42.68,DISCOUNT,2024-09-27T16:10:36,S05,20240927
S05/20240927/00019,4,TAX,1,195.84,TAX,2024-09-27T16:10:36,S05,20240927
S05/20240927/00019,5,TENDER,1,1415.06,TENDER,2024-09-27T16:10:36,S05,20240927
S05/20240927/00020,1,P102833,2,680.71,SALE,2024-09-27T20:50:23,S05,20240927
S05/20240927/00020,2,TAX,1,68.07,TAX,2024-09-27T20:50:23,S05,20240927
S05/20240927/00020,3,TENDER,1,1429.49,TENDER,2024-09-27T20:50:23,S05,20240927
S05/20240927/00021,1,P101520,1,168.04,SALE,2024-09-27T13:58:03,S05,20240927
S05/20240927/00021,2,P102520,2,731.86,SALE,2024-09-27T13:58:03,S05,20240927
S05/20240927/00021,3,P101164,1,401.86,SALE,2024-09-27T13:58:03,S05,20240927
S05/20240927/00021,4,TAX,1,153.92,TAX,2024-09-27T13:58:03,S05,20240927
S05/20240927/00021,5,TENDER,1,2187.54,TENDER,2024-09-27T13:58:03,S05,20240927
S05/20240927/00022,1,P103168,3,980.21,SALE,2024-09-27T22:39:06,S05,20240927
S05/20240927/00022,2,P106288,4,46.52,SALE,2024-09-27T22:39:06,S05,20240927
S05/20240927/00022,3,P107568,3,147.18,SALE,2024-09-27T22:39:06,S05,20240927
S05/20240927/00022,4,P104501,1,413.53,SALE,2024-09-27T22:39:06,S05,20240927
S05/20240927/00022,5,P104351,2,1128.29,SALE,2024-09-27T22:39:06,S05,20240927
S05/20240927/00022,6,P100198,2,156.66,SALE,2024-09-27T22:39:06,S05,20240927
S05/20240927/00022,7,TAX,1,512.75,TAX,2024-09-27T22:39:06,S05,20240927
S05/20240927/00022,8,TENDER,1,7064.43,TENDER,2024-09-27T22:39:06,S05,20240927
S05/20240927/00023,1,P105384,1,315.25,SALE,2024-09-27T20:37:44,S05,20240927
S05/20240927/00023,2,P100140,2,61.44,SALE,2024-09-27T20:37:44,S05,20240927
S05/20240927/00023,3,P105009,1,65.38,SALE,2024-09-27T20:37:44,S05,20240927
S05/20240927/00023,4,P106602,2,122.17,SALE,2024-09-27T20:37:44,S05,20240927
S05/20240927/00023,5,P106718,3,525.27,SALE,2024-09-27T20:37:44,S05,20240927
S05/20240927/00023,6,TAX,1,367.58,TAX,2024-09-27T20:37:44,S05,20240927
S05/20240927/00023,7,TENDER,1,2691.24,TENDER,2024-09-27T20:37:44,S05,20240927
S05/20240927/00024,1,P102193,1,343.13,SALE,2024-09-27T09:32:16,S05,20240927
S05/20240927/00024,2,P100803,3,278.56,SALE,2024-09-27T09:32:16,S05,20240927
S05/20240927/00024,3,P107695,3,271.01,SALE,2024-09-27T09:32:16,S05,20240927
S05/20240927/00024,4,P101164,1,401.86,SALE,2024-09-27T09:32:16,S05,20240927
S05/20240927/00024,5,P104294,2,115.73,SALE,2024-09-27T09:32:16,S05,20240927
S05/20240927/00024,6,P106975,2,143.78,SALE,2024-09-27T09:32:16,S05,20240927
S05/20240927/00024,7,TAX,1,401.76,TAX,2024-09-27T09:32:16,S05,20240927
S05/20240927/00024,8,TENDER,1,3314.48,TENDER,2024-09-27T09:32:16,S05,20240927
S05/20240928/00001,1,P105176,1,509.66,SALE,2024-09-28T15:22:37,S05,20240928
S05/20240928/00001,2,P105450,1,252.15,SALE,2024-09-28T15:22:37,S05,20240928
S05/20240928/00001,3,P107040,3,474.18,SALE,2024-09-28T15:22:37,S05,20240928
S05/20240928/00001,4,P105775,1,104.41,SALE,2024-09-28T15:22:37,S05,20240928
S05/20240928/00001,5,P103620,2,474.03,SALE,2024-09-28T15:22:37,S05,20240928
S05/20240928/00001,6,TAX,1,162.87,TAX,2024-09-28T15:22:37,S05,20240928
S05/20240928/00001,7,TENDER,1,3399.69,TENDER,2024-09-28T15:22:37,S05,20240928
S05/20240928/00002,1,P105003,2,285.67,SALE,2024-09-28T17:40:55,S05,20240928
S05/20240928/00002,2,P105440,2,107.89,SALE,2024-09-28T17:40:55,S05,20240928
S05/20240928/00002,3,P107110,3,77.73,SALE,2024-09-28T17:40:55,S05,20240928
S05/20240928/00002,4,P107354,4,227.60,SALE,2024-09-28T17:40:55,S05,20240928
S05/20240928/00002,5,TAX,1,264.85,TAX,2024-09-28T17:40:55,S05,20240928
S05/20240928/00002,6,TENDER,1,2195.56,TENDER,2024-09-28T17:40:55,S05,20240928
S05/20240928/00003,1,P105331,2,308.39,SALE,2024-09-28T12:08:19,S05,20240928
S05/20240928/00003,2,P103340,2,537.50,SALE,2024-09-28T12:08:19,S05,20240928
S05/20240928/00003,3,P104625,1,283.99,SALE,2024-09-28T12:08:19,S05,20240928
S05/20240928/00003,4,TAX,1,224.34,TAX,2024-09-28T12:08:19,S05,20240928
S05/20240928/00003,5,TENDER,1,2200.11,TENDER,2024-09-28T12:08:19,S05,20240928
S05/20240928/00004,1,P100394,4,320.36,SALE,2024-09-28T13:41:25,S05,20240928
S05/20240928/00004,2,P102321,1,35.15,SALE,2024-09-28T13:41:25,S05,20240928
S05/20240928/00004,3,P106254,2,1135.50,SALE,2024-09-28T13:41:25,S05,20240928
S05/20240928/00004,4,P101690,2,1044.81,SALE,2024-09-28T13:41:25,S05,20240928
S05/20240928/00004,5,P100112,2,90.37,SALE,2024-09-28T13:41:25,S05,20240928
S05/20240928/00004,6,P108282,1,472.97,SALE,2024-09-28T13:41:25,S05,20240928
S05/20240928/00004,7,P105684,1,1114.27,SALE,2024-09-28T13:41:25,S05,20240928
S05/20240928/00004,8,TAX,1,374.37,TAX,2024-09-28T13:41:25,S05,20240928
S05/20240928/00004,9,TENDER,1,7819.56,TENDER,2024-09-28T13:41:25,S05,20240928
S05/20240928/00005,1,P101384,2,42.99,SALE,2024-09-28T12:46:54,S05,20240928
S05/20240928/00005,2,P102202,3,194.70,SALE,2024-09-28T12:46:54,S05,20240928
S05/20240928/00005,3,P100632,4,331.55,SALE,2024-09-28T12:46:54,S05,20240928
S05/20240928/00005,4,P102691,1,219.72,SALE,2024-09-28T12:46:54,S05,20240928
S05/20240928/00005,5,TAX,1,359.14,TAX,2024-09-28T12:46:54,S05,20240928
S05/20240928/00005,6,TENDER,1,2575.14,TENDER,2024-09-28T12:46:54,S05,20240928
S05/20240928/00006,1,P107568,1,147.18,SALE,2024-09-28T16:37:52,S05,20240928
S05/20240928/00006,2,P106629,1,52.08,SALE,2024-09-28T16:37:52,S05,20240928
S05/20240928/00006,3,P103525,2,252.51,SALE,2024-09-28T16:37:52,S05,20240928
S05/20240928/00006,4,P100268,3,197.00,SALE,2024-09-28T16:37:52,S05,20240928
S05/20240928/00006,5,P100754,2,91.60,SALE,2024-09-28T16:37:52,S05,20240928
S05/20240928/00006,6,P107933,2,1146.02,SALE,2024-09-28T16:37:52,S05,20240928
S05/20240928/00006,7,TAX,1,355.74,TAX,2024-09-28T16:37:52,S05,20240928
S05/20240928/00006,8,TENDER,1,4126.26,TENDER,2024-09-28T16:37:52,S05,20240928
S05/20240928/00007,1,P105280,1,220.35,SALE,2024-09-28T15:36:55,S05,20240928
S05/20240928/00007,2,P100864,1,193.24,SALE,2024-09-28T15:36:55,S05,20240928
S05/20240928/00007,3,P100319,3,48.05,SALE,2024-09-28T15:36:55,S05,20240928
S05/20240928/00007,4,P101481,2,55.03,SALE,2024-09-28T15:36:55,S05,20240928
S05/20240928/00007,5,P102945,3,43.42,SALE,2024-09-28T15:36:55,S05,20240928
S05/20240928/00007,6,TAX,1,81.96,TAX,2024-09-28T15:36:55,S05,20240928
S05/20240928/00007,7,TENDER,1,880.02,TENDER,2024-09-28T15:36:55,S05,20240928
S05/20240928/00008,1,P105819,1,66.64,SALE,2024-09-28T16:21:05,S05,20240928
S05/20240928/00008,2,P101037,2,613.83,SALE,2024-09-28T16:21:05,S05,20240928
S05/20240928/00008,3,P104708,2,487.33,SALE,2024-09-28T16:21:05,S05,20240928
S05/20240928/00008,4,P104909,4,363.10,SALE,2024-09-28T16:21:05,S05,20240928
S05/20240928/00008,5,P108067,3,640.50,SALE,2024-09-28T16:21:05,S05,20240928
S05/20240928/00008,6,TAX,1,281.71,TAX,2024-09-28T16:21:05,S05,20240928
S05/20240928/00008,7,TENDER,1,5924.57,TENDER,2024-09-28T16:21:05,S05,20240928
S05/20240928/00009,1,P103510,2,196.86,SALE,2024-09-28T19:51:13,S05,20240928
S05/20240928/00009,2,P102626,2,416.91,SALE,2024-09-28T19:51:13,S05,20240928
S05/20240928/00009,3,P105733,2,151.69,SALE,2024-09-28T19:51:13,S05,20240928
S05/20240928/00009,4,P100956,2,421.98,SALE,2024-09-28T19:51:13,S05,20240928
S05/20240928/00009,5,P107903,3,22.86,SALE,2024-09-28T19:51:13,S05,20240928
S05/20240928/00009,6,P104526,1,363.05,SALE,2024-09-28T19:51:13,S05,20240928
S05/20240928/00009,7,P107308,3,226.19,SALE,2024-09-28T19:51:13,S05,20240928
S05/20240928/00009,8,DISC,1,-113.08,DISCOUNT,2024-09-28T19:51:13,S05,20240928
S05/20240928/00009,9,TAX,1,357.21,TAX,2024-09-28T19:51:13,S05,20240928
S05/20240928/00009,10,TENDER,1,3729.21,TENDER,2024-09-28T19:51:13,S05,20240928
S05/20240928/00010,1,P101747,1,245.75,SALE,2024-09-28T18:13:27,S05,20240928
S05/20240928/00010,2,P107393,3,469.90,SALE,2024-09-28T18:13:27,S05,20240928
S05/20240928/00010,3,P104933,2,560.59,SALE,2024-09-28T18:13:27,S05,20240928
S05/20240928/00010,4,P101940,4,201.44,SALE,2024-09-28T18:13:27,S05,20240928
S05/20240928/00010,5,TAX,1,479.96,TAX,2024-09-28T18:13:27,S05,20240928
S05/20240928/00010,6,TENDER,1,4062.35,TENDER,2024-09-28T18:13:27,S05,20240928
S05/20240928/00011,1,P100627,3,440.29,SALE,2024-09-28T18:39:05,S05,20240928
S05/20240928/00011,2,P106872,1,73.12,SALE,2024-09-28T18:39:05,S05,20240928
S05/20240928/00011,3,P104747,5,342.93,SALE,2024-09-28T18:39:05,S05,20240928
S05/20240928/00011,4,TAX,1,284.96,TAX,2024-09-28T18:39:05,S05,20240928
S05/20240928/00011,5,TENDER,1,3393.60,TENDER,2024-09-28T18:39:05,S05,20240928
S05/20240928/00012,1,P107182,2,112.81,SALE,2024-09-28T14:17:32,S05,20240928
S05/20240928/00012,2,P107630,1,290.66,SALE,2024-09-28T14:17:32,S05,20240928
S05/20240928/00012,3,P105944,1,985.47,SALE,2024-09-28T14:17:32,S05,20240928
S05/20240928/00012,4,P100305,1,771.81,SALE,2024-09-28T14:17:32,S05,20240928
S05/20240928/00012,5,P100703,2,171.10,SALE,2024-09-28T14:17:32,S05,20240928
S05/20240928/00012,6,P105230,1,123.72,SALE,2024-09-28T14:17:32,S05,20240928
S05/20240928/00012,7,P106773,5,397.71,SALE,2024-09-28T14:17:32,S05,20240928
S05/20240928/00012,8,P105720,2,69.64,SALE,2024-09-28T14:17:32,S05,20240928
S05/20240928/00012,9,P107733,1,57.55,SALE,2024-09-28T14:17:32,S05,20240928
S05/20240928/00012,10,P105302,1,281.37,SALE,2024-09-28T14:17:32,S05,20240928
S05/20240928/00012,11,TAX,1,641.98,TAX,2024-09-28T14:17:32,S05,20240928
S05/20240928/00012,12,TENDER,1,5848.21,TENDER,2024-09-28T14:17:32,S05,20240928
S05/20240928/00013,1,P104916,1,294.91,SALE,2024-09-28T13:15:01,S05,20240928
S05/20240928/00013,2,P103389,3,239.67,SALE,2024-09-28T13:15:01,S05,20240928
S05/20240928/00013,3,TAX,1,182.51,TAX,2024-09-28T13:15:01,S05,20240928
S05/20240928/00013,4,TENDER,1,1196.43,TENDER,2024-09-28T13:15:01,S05,20240928
S05/20240928/00014,1,P106997,3,42.42,SALE,2024-09-28T16:20:22,S05,20240928
S05/20240928/00014,2,P103222,2,398.43,SALE,2024-09-28T16:20:22,S05,20240928
S05/20240928/00014,3,P105937,3,259.08,SALE,2024-09-28T16:20:22,S05,20240928
S05/20240928/00014,4,P105835,3,238.39,SALE,2024-09-28T16:20:22,S05,20240928
S05/20240928/00014,5,TAX,1,286.56,TAX,2024-09-28T16:20:22,S05,20240928
S05/20240928/00014,6,TENDER,1,2703.09,TENDER,2024-09-28T16:20:22,S05,20240928
S05/20240928/00015,1,P106984,3,28.34,SALE,2024-09-28T14:28:21,S05,20240928
S05/20240928/00015,2,P106130,2,1331.09,SALE,2024-09-28T14:28:21,S05,20240928
S05/20240928/00015,3,P104212,3,400.09,SALE,2024-09-28T14:28:21,S05,20240928
S05/20240928/00015,4,P105468,3,1100.43,SALE,2024-09-28T14:28:21,S05,20240928
S05/20240928/00015,5,P103629,3,60.58,SALE,2024-09-28T14:28:21,S05,20240928
S05/20240928/00015,6,P107555,3,1314.43,SALE,2024-09-28T14:28:21,S05,20240928
S05/20240928/00015,7,TAX,1,418.08,TAX,2024-09-28T14:28:21,S05,20240928
S05/20240928/00015,8,TENDER,1,11791.87,TENDER,2024-09-28T14:28:21,S05,20240928
S05/20240928/00016,1,P106415,1,911.99,SALE,2024-09-28T22:49:20,S05,20240928
S05/20240928/00016,2,P103496,4,70.71,SALE,2024-09-28T22:49:20,S05,20240928
S05/20240928/00016,3,P104739,1,172.21,SALE,2024-09-28T22:49:20,S05,20240928
S05/20240928/00016,4,P104155,3,144.69,SALE,2024-09-28T22:49:20,S05,20240928
S05/20240928/00016,5,P104277,1,136.79,SALE,2024-09-28T22:49:20,S05,20240928
S05/20240928/00016,6,TAX,1,207.76,TAX,2024-09-28T22:49:20,S05,20240928
S05/20240928/00016,7,TENDER,1,2145.66,TENDER,2024-09-28T22:49:20,S05,20240928
S05/20240928/00017,1,P100967,1,969.23,SALE,2024-09-28T21:09:09,S05,20240928
S05/20240928/00017,2,P107708,1,167.35,SALE,2024-09-28T21:09:09,S05,20240928
S05/20240928/00017,3,P100933,2,276.15,SALE,2024-09-28T21:09:09,S05,20240928
S05/20240928/00017,4,TAX,1,215.72,TAX,2024-09-28T21:09:09,S05,20240928
S05/20240928/00017,5,TENDER,1,1904.60,TENDER,2024-09-28T21:09:09,S05,20240928
S05/20240928/00018,1,P107278,2,55.18,SALE,2024-09-28T14:44:31,S05,20240928
S05/20240928/00018,2,P102346,1,89.47,SALE,2024-09-28T14:44:31,S05,20240928
S05/20240928/00018,3,P106027,3,1548.23,SALE,2024-09-28T14:44:31,S05,20240928
S05/20240928/00018,4,P100509,2,151.84,SALE,2024-09-28T14:44:31,S05,20240928
S05/20240928/00018,5,P101911,3,1431.80,SALE,2024-09-28T14:44:31,S05,20240928
S05/20240928/00018,6,DISC,1,-891.96,DISCOUNT,2024-09-28T14:44:31,S05,20240928
S05/20240928/00018,7,TAX,1,35.46,TAX,2024-09-28T14:44:31,S05,20240928
S05/20240928/00018,8,TENDER,1,8587.10,TENDER,2024-09-28T14:44:31,S05,20240928
S05/20240928/00019,1,P105209,1,399.92,SALE,2024-09-28T19:21:16,S05,20240928
S05/20240928/00019,2,P101367,1,485.76,SALE,2024-09-28T19:21:16,S05,20240928
S05/20240928/00019,3,P104112,2,52.93,SALE,2024-09-28T19:21:16,S05,20240928
S05/20240928/00019,4,P106115,2,128.36,SALE,2024-09-28T19:21:16,S05,20240928
S05/20240928/00019,5,TAX,1,210.93,TAX,2024-09-28T19:21:16,S05,20240928
S05/20240928/00019,6,TENDER,1,1459.19,TENDER,2024-09-28T19:21:16,S05,20240928
S05/20240928/00020,1,P106900,2,179.85,SALE,2024-09-28T17:55:08,S05,20240928
S05/20240928/00020,2,P102054,5,142.99,SALE,2024-09-28T17:55:08,S05,20240928
S05/20240928/00020,3,P104008,1,116.02,SALE,2024-09-28T17:55:08,S05,20240928
S05/20240928/00020,4,TAX,1,59.53,TAX,2024-09-28T17:55:08,S05,20240928
S05/20240928/00020,5,TENDER,1,1250.20,TENDER,2024-09-28T17:55:08,S05,20240928
S05/20240928/00021,1,P105187,2,1046.11,SALE,2024-09-28T15:07:30,S05,20240928
S05/20240928/00021,2,P105838,1,594.50,SALE,2024-09-28T15:07:30,S05,20240928
S05/20240928/00021,3,P106382,3,81.60,SALE,2024-09-28T15:07:30,S05,20240928
S05/20240928/00021,4,TAX,1,0.00,TAX,2024-09-28T15:07:30,S05,20240928
S05/20240928/00021,5,TENDER,1,2931.52,TENDER,2024-09-28T15:07:30,S05,20240928
S05/20240928/00022,1,P100649,2,628.39,SALE,2024-09-28T17:10:26,S05,20240928
S05/20240928/00022,2,P104784,5,370.89,SALE,2024-09-28T17:10:26,S05,20240928
S05/20240928/00022,3,P100499,1,258.12,SALE,2024-09-28T17:10:26,S05,20240928
S05/20240928/00022,4,TAX,1,316.35,TAX,2024-09-28T17:10:26,S05,20240928
S05/20240928/00022,5,TENDER,1,3685.70,TENDER,2024-09-28T17:10:26,S05,20240928
S05/20240928/00023,1,P103438,2,187.96,SALE,2024-09-28T09:29:44,S05,20240928
S05/20240928/00023,2,P105609,3,817.71,SALE,2024-09-28T09:29:44,S05,20240928
S05/20240928/00023,3,P107899,2,197.21,SALE,2024-09-28T09:29:44,S05,20240928
S05/20240928/00023,4,P102954,3,129.98,SALE,2024-09-28T09:29:44,S05,20240928
S05/20240928/00023,5,P104718,1,364.54,SALE,2024-09-28T09:29:44,S05,20240928
S05/20240928/00023,6,TAX,1,129.05,TAX,2024-09-28T09:29:44,S05,20240928
S05/20240928/00023,7,TENDER,1,4107.00,TENDER,2024-09-28T09:29:44,S05,20240928
S05/20240928/00024,1,P101968,2,12.46,SALE,2024-09-29T00:28:34,S05,20240928
S05/20240928/00024,2,P104446,4,56.83,SALE,2024-09-29T00:28:34,S05,20240928
S05/20240928/00024,3,P107520,2,139.81,SALE,2024-09-29T00:28:34,S05,20240928
S05/20240928/00024,4,P103222,2,398.43,SALE,2024-09-29T00:28:34,S05,20240928
S05/20240928/00024,5,P107676,3,186.95,SALE,2024-09-29T00:28:34,S05,20240928
S05/20240928/00024,6,P100869,1,62.15,SALE,2024-09-29T00:28:34,S05,20240928
S05/20240928/00024,7,P106162,2,534.57,SALE,2024-09-29T00:28:34,S05,20240928
S05/20240928/00024,8,TAX,1,190.51,TAX,2024-09-29T00:28:34,S05,20240928
S05/20240928/00024,9,TENDER,1,3211.37,TENDER,2024-09-29T00:28:34,S05,20240928
S05/20240928/00025,1,P107795,1,284.47,SALE,2024-09-28T18:36:02,S05,20240928
S05/20240928/00025,2,P103616,2,625.90,SALE,2024-09-28T18:36:02,S05,20240928
S05/20240928/00025,3,TAX,1,96.73,TAX,2024-09-28T18:36:02,S05,20240928
S05/20240928/00025,4,TENDER,1,1633.00,TENDER,2024-09-28T18:36:02,S05,20240928
S05/20240928/00026,1,P105252,1,11.87,SALE,2024-09-28T11:01:05,S05,20240928
S05/20240928/00026,2,P104378,4,95.33,SALE,2024-09-28T11:01:05,S05,20240928
S05/20240928/00026,3,P107859,1,127.92,SALE,2024-09-28T11:01:05,S05,20240928
S05/20240928/00026,4,DISC,1,-52.03,DISCOUNT,2024-09-28T11:01:05,S05,20240928
S05/20240928/00026,5,TAX,1,48.87,TAX,2024-09-28T11:01:05,S05,20240928
S05/20240928/00026,6,TENDER,1,517.95,TENDER,2024-09-28T11:01:05,S05,20240928
S05/20240928/00027,1,P100326,4,47.79,SALE,2024-09-28T07:49:56,S05,20240928
S05/20240928/00027,2,P107217,1,293.45,SALE,2024-09-28T07:49:56,S05,20240928
S05/20240928/00027,3,P102868,4,471.29,SALE,2024-09-28T07:49:56,S05,20240928
S05/20240928/00027,4,P105490,2,154.49,SALE,2024-09-28T07:49:56,S05,20240928
S05/20240928/00027,5,P103473,2,428.66,SALE,2024-09-28T07:49:56,S05,20240928
S05/20240928/00027,6,P100483,2,933.37,SALE,2024-09-28T07:49:56,S05,20240928
S05/20240928/00027,7,P105042,1,66.53,SALE,2024-09-28T07:49:56,S05,20240928
S05/20240928/00027,8,TAX,1,579.42,TAX,2024-09-28T07:49:56,S05,20240928
S05/20240928/00027,9,TENDER,1,6048.76,TENDER,2024-09-28T07:49:56,S05,20240928
S05/20240928/00028,1,P107966,1,391.71,SALE,2024-09-28T23:40:08,S05,20240928
S05/20240928/00028,2,P100057,3,220.74,SALE,2024-09-28T23:40:08,S05,20240928
S05/20240928/00028,3,P103168,2,980.21,SALE,2024-09-28T23:40:08,S05,20240928
S05/20240928/00028,4,P104572,2,182.16,SALE,2024-09-28T23:40:08,S05,20240928
S05/20240928/00028,5,TAX,1,332.93,TAX,2024-09-28T23:40:08,S05,20240928
S05/20240928/00028,6,TENDER,1,3711.60,TENDER,2024-09-28T23:40:08,S05,20240928
S05/20240928/00029,1,P104202,2,153.74,SALE,2024-09-28T16:04:55,S05,20240928
S05/20240928/00029,2,P104700,5,1425.82,SALE,2024-09-28T16:04:55,S05,20240928
S05/20240928/00029,3,P101911,2,1431.80,SALE,2024-09-28T16:04:55,S05,20240928
S05/20240928/00029,4,P106783,2,94.23,SALE,2024-09-28T16:04:55,S05,20240928
S05/20240928/00029,5,DISC,1,-1108.98,DISCOUNT,2024-09-28T16:04:55,S05,20240928
S05/20240928/00029,6,TAX,1,30.34,TAX,2024-09-28T16:04:55,S05,20240928
S05/20240928/00029,7,TENDER,1,9410.00,TENDER,2024-09-28T16:04:55,S05,20240928
S05/20240928/00030,1,P106169,4,221.89,SALE,2024-09-28T15:02:59,S05,20240928
S05/20240928/00030,2,P102465,2,1410.14,SALE,2024-09-28T15:02:59,S05,20240928
S05/20240928/00030,3,P107542,3,162.57,SALE,2024-09-28T15:02:59,S05,20240928
S05/20240928/00030,4,TAX,1,300.77,TAX,2024-09-28T15:02:59,S05,20240928
S05/20240928/00030,5,TENDER,1,4496.32,TENDER,2024-09-28T15:02:59,S05,20240928
S05/20240928/00031,1,P101177,2,166.36,SALE,2024-09-28T11:15:22,S05,20240928
S05/20240928/00031,2,P107126,1,68.67,SALE,2024-09-28T11:15:22,S05,20240928
S05/20240928/00031,3,DISC,1,-16.42,DISCOUNT,2024-09-28T11:15:22,S05,20240928
S05/20240928/00031,4,TAX,1,23.86,TAX,2024-09-28T11:15:22,S05,20240928
S05/20240928/00031,5,TENDER,1,408.83,TENDER,2024-09-28T11:15:22,S05,20240928
S05/20240928/00032,1,P100268,2,197.00,SALE,2024-09-28T18:28:02,S05,20240928
S05/20240928/00032,2,P105050,2,114.80,SALE,2024-09-28T18:28:02,S05,20240928
S05/20240928/00032,3,P107320,1,223.25,SALE,2024-09-28T18:28:02,S05,20240928
S05/20240928/00032,4,P103438,1,187.96,SALE,2024-09-28T18:28:02,S05,20240928
S05/20240928/00032,5,P100339,1,299.99,SALE,2024-09-28T18:28:02,S05,20240928
S05/20240928/00032,6,P103340,2,537.50,SALE,2024-09-28T18:28:02,S05,20240928
S05/20240928/00032,7,P102324,1,194.59,SALE,2024-09-28T18:28:02,S05,20240928
S05/20240928/00032,8,P103382,2,196.46,SALE,2024-09-28T18:28:02,S05,20240928
S05/20240928/00032,9,TAX,1,344.24,TAX,2024-09-28T18:28:02,S05,20240928
S05/20240928/00032,10,TENDER,1,3341.55,TENDER,2024-09-28T18:28:02,S05,20240928
S05/20240928/00033,1,P104695,3,80.54,SALE,2024-09-28T21:14:45,S05,20240928
S05/20240928/00033,2,P107488,2,303.21,SALE,2024-09-28T21:14:45,S05,20240928
S05/20240928/00033,3,P105609,2,817.71,SALE,2024-09-28T21:14:45,S05,20240928
S05/20240928/00033,4,P107385,1,811.35,SALE,2024-09-28T21:14:45,S05,20240928
S05/20240928/00033,5,P101722,2,1331.86,SALE,2024-09-28T21:14:45,S05,20240928
S05/20240928/00033,6,TAX,1,294.99,TAX,2024-09-28T21:14:45,S05,20240928
S05/20240928/00033,7,TENDER,1,6253.52,TENDER,2024-09-28T21:14:45,S05,20240928
S05/20240928/00034,1,P100682,2,337.76,SALE,2024-09-28T19:04:35,S05,20240928
S05/20240928/00034,2,P106783,1,94.23,SALE,2024-09-28T19:04:35,S05,20240928
S05/20240928/00034,3,P106344,5,801.30,SALE,2024-09-28T19:04:35,S05,20240928
S05/20240928/00034,4,TAX,1,98.02,TAX,2024-09-28T19:04:35,S05,20240928
S05/20240928/00034,5,TENDER,1,4874.27,TENDER,2024-09-28T19:04:35,S05,20240928
S05/20240928/00035,1,P104938,3,999.94,SALE,2024-09-28T16:05:00,S05,20240928
S05/20240928/00035,2,P100904,1,68.79,SALE,2024-09-28T16:05:00,S05,20240928
S05/20240928/00035,3,TAX,1,372.36,TAX,2024-09-28T16:05:00,S05,20240928
S05/20240928/00035,4,TENDER,1,3440.97,TENDER,2024-09-28T16:05:00,S05,20240928
S05/20240928/00036,1,P105092,1,57.00,SALE,2024-09-28T11:55:14,S05,20240928
S05/20240928/00036,2,P107171,2,335.20,SALE,2024-09-28T11:55:14,S05,20240928
S05/20240928/00036,3,P108017,1,105.98,SALE,2024-09-28T11:55:14,S05,20240928
S05/20240928/00036,4,P107733,1,57.55,SALE,2024-09-28T11:55:14,S05,20240928
S05/20240928/00036,5,P108282,2,472.97,SALE,2024-09-28T11:55:14,S05,20240928
S05/20240928/00036,6,P100967,1,969.23,SALE,2024-09-28T11:55:14,S05,20240928
S05/20240928/00036,7,P103620,2,474.03,SALE,2024-09-28T11:55:14,S05,20240928
S05/20240928/00036,8,DISC,1,-202.60,DISCOUNT,2024-09-28T11:55:14,S05,20240928
S05/20240928/00036,9,TAX,1,243.31,TAX,2024-09-28T11:55:14,S05,20240928
S05/20240928/00036,10,TENDER,1,3794.87,TENDER,2024-09-28T11:55:14,S05,20240928
S05/20240928/00037,1,P101592,5,295.58,SALE,2024-09-28T13:18:56,S05,20240928
S05/20240928/00037,2,P108389,4,837.30,SALE,2024-09-28T13:18:56,S05,20240928
S05/20240928/00037,3,P105878,3,282.51,SALE,2024-09-28T13:18:56,S05,20240928
S05/20240928/00037,4,P100305,1,771.81,SALE,2024-09-28T13:18:56,S05,20240928
S05/20240928/00037,5,P102502,2,366.79,SALE,2024-09-28T13:18:56,S05,20240928
S05/20240928/00037,6,P107178,2,298.69,SALE,2024-09-28T13:18:56,S05,20240928
S05/20240928/00037,7,P100850,5,172.84,SALE,2024-09-28T13:18:56,S05,20240928
S05/20240928/00037,8,P103487,1,361.14,SALE,2024-09-28T13:18:56,S05,20240928
S05/20240928/00037,9,P105747,1,287.56,SALE,2024-09-28T13:18:56,S05,20240928
S05/20240928/00037,10,P107775,2,739.97,SALE,2024-09-28T13:18:56,S05,20240928
S05/20240928/00037,11,TAX,1,952.39,TAX,2024-09-28T13:18:56,S05,20240928
S05/20240928/00037,12,TENDER,1,11722.63,TENDER,2024-09-28T13:18:56,S05,20240928
S05/20240929/00001,1,P100418,4,204.95,SALE,2024-09-29T12:58:16,S05,20240929
S05/20240929/00001,2,P106391,2,795.61,SALE,2024-09-29T12:58:16,S05,20240929
S05/20240929/00001,3,P102415,2,1245.81,SALE,2024-09-29T12:58:16,S05,20240929
S05/20240929/00001,4,P105594,3,321.63,SALE,2024-09-29T12:58:16,S05,20240929
S05/20240929/00001,5,P103732,3,87.16,SALE,2024-09-29T12:58:16,S05,20240929
S05/20240929/00001,6,TAX,1,333.00,TAX,2024-09-29T12:58:16,S05,20240929
S05/20240929/00001,7,TENDER,1,6462.01,TENDER,2024-09-29T12:58:16,S05,20240929
S05/20240929/00002,1,P103081,3,480.46,SALE,2024-09-29T15:07:55,S05,20240929
S05/20240929/00002,2,P107435,2,549.51,SALE,2024-09-29T15:07:55,S05,20240929
S05/20240929/00002,3,DISC,1,-304.51,DISCOUNT,2024-09-29T15:07:55,S05,20240929
S05/20240929/00002,4,TAX,1,402.46,TAX,2024-09-29T15:07:55,S05,20240929
S05/20240929/00002,5,TENDER,1,2638.35,TENDER,2024-09-29T15:07:55,S05,20240929
S05/20240929/00003,1,P100593,4,32.38,SALE,2024-09-29T13:57:49,S05,20240929
S05/20240929/00003,2,P103822,2,594.96,SALE,2024-09-29T13:57:49,S05,20240929
S05/20240929/00003,3,P104042,1,346.95,SALE,2024-09-29T13:57:49,S05,20240929
S05/20240929/00003,4,P105112,2,194.64,SALE,2024-09-29T13:57:49,S05,20240929
S05/20240929/00003,5,P104872,1,132.45,SALE,2024-09-29T13:57:49,S05,20240929
S05/20240929/00003,6,P107246,3,313.74,SALE,2024-09-29T13:57:49,S05,20240929
S05/20240929/00003,7,TAX,1,467.07,TAX,2024-09-29T13:57:49,S05,20240929
S05/20240929/00003,8,TENDER,1,3596.41,TENDER,2024-09-29T13:57:49,S05,20240929
S05/20240929/00004,1,P104567,2,141.21,SALE,2024-09-29T15:55:09,S05,20240929
S05/20240929/00004,2,P100112,4,90.37,SALE,2024-09-29T15:55:09,S05,20240929
S05/20240929/00004,3,P105772,4,539.31,SALE,2024-09-29T15:55:09,S05,20240929
S05/20240929/00004,4,P107740,1,1366.88,SALE,2024-09-29T15:55:09,S05,20240929
S05/20240929/00004,5,P100421,2,121.56,SALE,2024-09-29T15:55:09,S05,20240929
S05/20240929/00004,6,P106872,1,73.12,SALE,2024-09-29T15:55:09,S05,20240929
S05/20240929/00004,7,DISC,1,-445.65,DISCOUNT,2024-09-29T15:55:09,S05,20240929
S05/20240929/00004,8,TAX,1,598.41,TAX,2024-09-29T15:55:09,S05,20240929
S05/20240929/00004,9,TENDER,1,4637.02,TENDER,2024-09-29T15:55:09,S05,20240929
S05/20240929/00005,1,P102768,1,158.73,SALE,2024-09-29T16:37:18,S05,20240929
S05/20240929/00005,2,P104789,1,67.52,SALE,2024-09-29T16:37:18,S05,20240929
S05/20240929/00005,3,P107502,2,311.85,SALE,2024-09-29T16:37:18,S05,20240929
S05/20240929/00005,4,P102255,3,167.76,SALE,2024-09-29T16:37:18,S05,20240929
S05/20240929/00005,5,TAX,1,140.84,TAX,2024-09-29T16:37:18,S05,20240929
S05/20240929/00005,6,TENDER,1,1494.07,TENDER,2024-09-29T16:37:18,S05,20240929
S05/20240929/00006,1,P104921,2,421.02,SALE,2024-09-29T14:13:11,S05,20240929
S05/20240929/00006,2,P102510,1,37.13,SALE,2024-09-29T14:13:11,S05,20240929
S05/20240929/00006,3,P102112,3,389.72,SALE,2024-09-29T14:13:11,S05,20240929
S05/20240929/00006,4,TAX,1,296.32,TAX,2024-09-29T14:13:11,S05,20240929
S05/20240929/00006,5,TENDER,1,2344.65,TENDER,2024-09-29T14:13:11,S05,20240929
S05/20240929/00007,1,P103178,3,21.21,SALE,2024-09-29T18:31:23,S05,20240929
S05/20240929/00007,2,P105772,2,539.31,SALE,2024-09-29T18:31:23,S05,20240929
S05/20240929/00007,3,P108275,1,504.53,SALE,2024-09-29T18:31:23,S05,20240929
S05/20240929/00007,4,P102691,2,219.72,SALE,2024-09-29T18:31:23,S05,20240929
S05/20240929/00007,5,TAX,1,318.39,TAX,2024-09-29T18:31:23,S05,20240929
S05/20240929/00007,6,TENDER,1,2404.61,TENDER,2024-09-29T18:31:23,S05,20240929
S05/20240929/00008,1,P107330,2,131.77,SALE,2024-09-29T19:07:10,S05,20240929
S05/20240929/00008,2,P108292,2,104.02,SALE,2024-09-29T19:07:10,S05,20240929
S05/20240929/00008,3,P105433,1,144.32,SALE,2024-09-29T19:07:10,S05,20240929
S05/20240929/00008,4,P102682,3,95.00,SALE,2024-09-29T19:07:10,S05,20240929
S05/20240929/00008,5,P103234,3,128.39,SALE,2024-09-29T19:07:10,S05,20240929
S05/20240929/00008,6,P102353,1,139.83,SALE,2024-09-29T19:07:10,S05,20240929
S05/20240929/00008,7,P104965,2,88.50,SALE,2024-09-29T19:07:10,S05,20240929
S05/20240929/00008,8,P107119,1,18.29,SALE,2024-09-29T19:07:10,S05,20240929
S05/20240929/00008,9,TAX,1,176.13,TAX,2024-09-29T19:07:10,S05,20240929
S05/20240929/00008,10,TENDER,1,1797.32,TENDER,2024-09-29T19:07:10,S05,20240929
S05/20240929/00009,1,P106651,3,855.95,SALE,2024-09-29T15:59:04,S05,20240929
S05/20240929/00009,2,P103096,3,315.47,SALE,2024-09-29T15:59:04,S05,20240929
S05/20240929/00009,3,P106288,2,46.52,SALE,2024-09-29T15:59:04,S05,20240929
S05/20240929/00009,4,DISC,1,-209.32,DISCOUNT,2024-09-29T15:59:04,S05,20240929
S05/20240929/00009,5,TAX,1,164.85,TAX,2024-09-29T15:59:04,S05,20240929
S05/20240929/00009,6,TENDER,1,3562.83,TENDER,2024-09-29T15:59:04,S05,20240929
S05/20240929/00010,1,P100066,3,251.22,SALE,2024-09-29T12:50:39,S05,20240929
S05/20240929/00010,2,P101751,2,477.38,SALE,2024-09-29T12:50:39,S05,20240929
S05/20240929/00010,3,P105236,1,552.60,SALE,2024-09-29T12:50:39,S05,20240929
S05/20240929/00010,4,P103896,1,203.30,SALE,2024-09-29T12:50:39,S05,20240929
S05/20240929/00010,5,TAX,1,410.42,TAX,2024-09-29T12:50:39,S05,20240929
S05/20240929/00010,6,TENDER,1,2874.74,TENDER,2024-09-29T12:50:39,S05,20240929
S05/20240929/00011,1,P107884,3,29.77,SALE,2024-09-29T18:08:02,S05,20240929
S05/20240929/00011,2,P108041,2,368.87,SALE,2024-09-29T18:08:02,S05,20240929
S05/20240929/00011,3,P100577,2,300.10,SALE,2024-09-29T18:08:02,S05,20240929
S05/20240929/00011,4,P103449,1,381.08,SALE,2024-09-29T18:08:02,S05,20240929
S05/20240929/00011,5,TAX,1,231.69,TAX,2024-09-29T18:08:02,S05,20240929
S05/20240929/00011,6,TENDER,1,2040.02,TENDER,2024-09-29T18:08:02,S05,20240929
S05/20240929/00012,1,P100287,2,218.95,SALE,2024-09-29T18:36:33,S05,20240929
S05/20240929/00012,2,P104107,4,479.48,SALE,2024-09-29T18:36:33,S05,20240929
S05/20240929/00012,3,P104665,2,217.71,SALE,2024-09-29T18:36:33,S05,20240929
S05/20240929/00012,4,P107890,5,133.07,SALE,2024-09-29T18:36:33,S05,20240929
S05/20240929/00012,5,TAX,1,483.29,TAX,2024-09-29T18:36:33,S05,20240929
S05/20240929/00012,6,TENDER,1,3939.88,TENDER,2024-09-29T18:36:33,S05,20240929
S05/20240929/00013,1,P101374,2,49.36,SALE,2024-09-29T22:08:53,S05,20240929
S05/20240929/00013,2,P107163,4,187.11,SALE,2024-09-29T22:08:53,S05,20240929
S05/20240929/00013,3,P107946,2,303.95,SALE,2024-09-29T22:08:53,S05,20240929
S05/20240929/00013,4,P100967,2,969.23,SALE,2024-09-29T22:08:53,S05,20240929
S05/20240929/00013,5,P105838,1,594.50,SALE,2024-09-29T22:08:53,S05,20240929
S05/20240929/00013,6,P108174,1,235.92,SALE,2024-09-29T22:08:53,S05,20240929
S05/20240929/00013,7,TAX,1,299.60,TAX,2024-09-29T22:08:53,S05,20240929
S05/20240929/00013,8,TENDER,1,4523.54,TENDER,2024-09-29T22:08:53,S05,20240929
S05/20240929/00014,1,P104294,4,115.73,SALE,2024-09-29T21:43:10,S05,20240929
S05/20240929/00014,2,P105272,5,351.65,SALE,2024-09-29T21:43:10,S05,20240929
S05/20240929/00014,3,P107346,1,449.29,SALE,2024-09-29T21:43:10,S05,20240929
S05/20240929/00014,4,P107242,1,635.24,SALE,2024-09-29T21:43:10,S05,20240929
S05/20240929/00014,5,P103484,2,109.59,SALE,2024-09-29T21:43:10,S05,20240929
S05/20240929/00014,6,P106024,3,472.89,SALE,2024-09-29T21:43:10,S05,20240929
S05/20240929/00014,7,P100904,3,68.79,SALE,2024-09-29T21:43:10,S05,20240929
S05/20240929/00014,8,DISC,1,-550.32,DISCOUNT,2024-09-29T21:43:10,S05,20240929
S05/20240929/00014,9,TAX,1,582.98,TAX,2024-09-29T21:43:10,S05,20240929
S05/20240929/00014,10,TENDER,1,5182.58,TENDER,2024-09-29T21:43:10,S05,20240929
S05/20240929/00015,1,P103908,3,104.62,SALE,2024-09-29T22:17:59,S05,20240929
S05/20240929/00015,2,P105369,1,135.84,SALE,2024-09-29T22:17:59,S05,20240929
S05/20240929/00015,3,P101242,1,83.48,SALE,2024-09-29T22:17:59,S05,20240929
S05/20240929/00015,4,P105252,2,11.87,SALE,2024-09-29T22:17:59,S05,20240929
S05/20240929/00015,5,TAX,1,81.41,TAX,2024-09-29T22:17:59,S05,20240929
S05/20240929/00015,6,TENDER,1,638.33,TENDER,2024-09-29T22:17:59,S05,20240929
S05/20240929/00016,1,P100627,4,440.29,SALE,2024-09-29T14:50:37,S05,20240929
S05/20240929/00016,2,P100864,2,193.24,SALE,2024-09-29T14:50:37,S05,20240929
S05/20240929/00016,3,P102255,5,167.76,SALE,2024-09-29T14:50:37,S05,20240929
S05/20240929/00016,4,P106920,6,1398.34,SALE,2024-09-29T14:50:37,S05,20240929
S05/20240929/00016,5,DISC,1,-454.86,DISCOUNT,2024-09-29T14:50:37,S05,20240929
S05/20240929/00016,6,TAX,1,151.32,TAX,2024-09-29T14:50:37,S05,20240929
S05/20240929/00016,7,TENDER,1,11072.94,TENDER,2024-09-29T14:50:37,S05,20240929
S05/20240929/00017,1,P106098,1,334.84,SALE,2024-09-29T14:36:45,S05,20240929
S05/20240929/00017,2,P102886,2,139.22,SALE,2024-09-29T14:36:45,S05,20240929
S05/20240929/00017,3,P107163,2,187.11,SALE,2024-09-29T14:36:45,S05,20240929
S05/20240929/00017,4,P100463,1,290.57,SALE,2024-09-29T14:36:45,S05,20240929
S05/20240929/00017,5,TAX,1,107.68,TAX,2024-09-29T14:36:45,S05,20240929
S05/20240929/00017,6,TENDER,1,1385.75,TENDER,2024-09-29T14:36:45,S05,20240929
S05/20240929/00018,1,P105603,2,202.29,SALE,2024-09-29T15:33:15,S05,20240929
S05/20240929/00018,2,P104266,4,431.11,SALE,2024-09-29T15:33:15,S05,20240929
S05/20240929/00018,3,P100604,2,154.60,SALE,2024-09-29T15:33:15,S05,20240929
S05/20240929/00018,4,P101258,3,200.10,SALE,2024-09-29T15:33:15,S05,20240929
S05/20240929/00018,5,TAX,1,491.28,TAX,2024-09-29T15:33:15,S05,20240929
S05/20240929/00018,6,TENDER,1,3529.80,TENDER,2024-09-29T15:33:15,S05,20240929
S05/20240929/00019,1,P103749,1,16.85,SALE,2024-09-29T13:15:25,S05,20240929
S05/20240929/00019,2,P107933,2,1146.02,SALE,2024-09-29T13:15:25,S05,20240929
S05/20240929/00019,3,P103559,1,370.21,SALE,2024-09-29T13:15:25,S05,20240929
S05/20240929/00019,4,P105050,2,114.80,SALE,2024-09-29T13:15:25,S05,20240929
S05/20240929/00019,5,P101481,3,55.03,SALE,2024-09-29T13:15:25,S05,20240929
S05/20240929/00019,6,TAX,1,316.32,TAX,2024-09-29T13:15:25,S05,20240929
S05/20240929/00019,7,TENDER,1,3390.11,TENDER,2024-09-29T13:15:25,S05,20240929
S05/20240929/00020,1,P103712,4,481.86,SALE,2024-09-29T15:00:49,S05,20240929
S05/20240929/00020,2,P100744,1,67.07,SALE,2024-09-29T15:00:49,S05,20240929
S05/20240929/00020,3,P105042,1,66.53,SALE,2024-09-29T15:00:49,S05,20240929
S05/20240929/00020,4,P100717,4,535.58,SALE,2024-09-29T15:00:49,S05,20240929
S05/20240929/00020,5,TAX,1,632.24,TAX,2024-09-29T15:00:49,S05,20240929
S05/20240929/00020,6,TENDER,1,4835.60,TENDER,2024-09-29T15:00:49,S05,20240929
S05/20240929/00021,1,P103563,1,23.03,SALE,2024-09-29T15:03:09,S05,20240929
S05/20240929/00021,2,P107662,2,330.01,SALE,2024-09-29T15:03:09,S05,20240929
S05/20240929/00021,3,P103243,3,193.36,SALE,2024-09-29T15:03:09,S05,20240929
S05/20240929/00021,4,DISC,1,-99.38,DISCOUNT,2024-09-29T15:03:09,S05,20240929
S05/20240929/00021,5,TAX,1,140.00,TAX,2024-09-29T15:03:09,S05,20240929
S05/20240929/00021,6,TENDER,1,1303.75,TENDER,2024-09-29T15:03:09,S05,20240929
S05/20240929/00022,1,P100418,3,204.95,SALE,2024-09-29T13:25:40,S05,20240929
S05/20240929/00022,2,P103978,1,347.08,SALE,2024-09-29T13:25:40,S05,20240929
S05/20240929/00022,3,P107422,3,193.56,SALE,2024-09-29T13:25:40,S05,20240929
S05/20240929/00022,4,P105965,2,66.08,SALE,2024-09-29T13:25:40,S05,20240929
S05/20240929/00022,5,DISC,1,-191.87,DISCOUNT,2024-09-29T13:25:40,S05,20240929
S05/20240929/00022,6,TAX,1,46.92,TAX,2024-09-29T13:25:40,S05,20240929
S05/20240929/00022,7,TENDER,1,1529.82,TENDER,2024-09-29T13:25:40,S05,20240929
S05/20240929/00023,1,P100869,4,62.15,SALE,2024-09-29T16:34:24,S05,20240929
S05/20240929/00023,2,P101884,1,352.98,SALE,2024-09-29T16:34:24,S05,20240929
S05/20240929/00023,3,P100387,2,116.37,SALE,2024-09-29T16:34:24,S05,20240929
S05/20240929/00023,4,P102566,1,414.37,SALE,2024-09-29T16:34:24,S05,20240929
S05/20240929/00023,5,P101779,1,209.76,SALE,2024-09-29T16:34:24,S05,20240929
S05/20240929/00023,6,TAX,1,115.03,TAX,2024-09-29T16:34:24,S05,20240929
S05/20240929/00023,7,TENDER,1,1573.48,TENDER,2024-09-29T16:34:24,S05,20240929
S05/20240929/00024,1,P107946,2,303.95,SALE,2024-09-29T13:52:43,S05,20240929
S05/20240929/00024,2,P107899,1,197.21,SALE,2024-09-29T13:52:43,S05,20240929
S05/20240929/00024,3,P101740,2,855.00,SALE,2024-09-29T13:52:43,S05,20240929
S05/20240929/00024,4,P102735,1,534.08,SALE,2024-09-29T13:52:43,S05,20240929
S05/20240929/00024,5,TAX,1,105.99,TAX,2024-09-29T13:52:43,S05,20240929
S05/20240929/00024,6,TENDER,1,3155.18,TENDER,2024-09-29T13:52:43,S05,20240929
S05/20240929/00025,1,P104454,1,49.63,SALE,2024-09-29T14:27:02,S05,20240929
S05/20240929/00025,2,P106244,1,73.94,SALE,2024-09-29T14:27:02,S05,20240929
S05/20240929/00025,3,P102151,1,1117.25,SALE,2024-09-29T14:27:02,S05,20240929
S05/20240929/00025,4,DISC,1,-32.95,DISCOUNT,2024-09-29T14:27:02,S05,20240929
S05/20240929/00025,5,TAX,1,65.43,TAX,2024-09-29T14:27:02,S05,20240929
S05/20240929/00025,6,TENDER,1,1273.30,TENDER,2024-09-29T14:27:02,S05,20240929
S05/20240929/00026,1,P105307,1,831.20,SALE,2024-09-29T15:56:29,S05,20240929
S05/20240929/00026,2,P107623,2,468.34,SALE,2024-09-29T15:56:29,S05,20240929
S05/20240929/00026,3,P102243,1,145.61,SALE,2024-09-29T15:56:29,S05,20240929
S05/20240929/00026,4,TAX,1,217.44,TAX,2024-09-29T15:56:29,S05,20240929
S05/20240929/00026,5,TENDER,1,2130.93,TENDER,2024-09-29T15:56:29,S05,20240929
S05/20240929/00027,1,P101283,2,263.48,SALE,2024-09-29T12:46:01,S05,20240929
S05/20240929/00027,2,P102520,4,731.86,SALE,2024-09-29T12:46:01,S05,20240929
S05/20240929/00027,3,P104372,1,105.38,SALE,2024-09-29T12:46:01,S05,20240929
S05/20240929/00027,4,P106877,4,1085.30,SALE,2024-09-29T12:46:01,S05,20240929
S05/20240929/00027,5,P106357,2,1078.45,SALE,2024-09-29T12:46:01,S05,20240929
S05/20240929/00027,6,P101656,3,262.95,SALE,2024-09-29T12:46:01,S05,20240929
S05/20240929/00027,7,P107242,4,635.24,SALE,2024-09-29T12:46:01,S05,20240929
S05/20240929/00027,8,P105988,6,29.57,SALE,2024-09-29T12:46:01,S05,20240929
S05/20240929/00027,9,P102718,2,331.59,SALE,2024-09-29T12:46:01,S05,20240929
S05/20240929/00027,10,TAX,1,855.28,TAX,2024-09-29T12:46:01,S05,20240929
S05/20240929/00027,11,TENDER,1,15083.57,TENDER,2024-09-29T12:46:01,S05,20240929
S05/20240929/00028,1,P104064,3,326.15,SALE,2024-09-29T16:29:00,S05,20240929
S05/20240929/00028,2,P103999,1,120.61,SALE,2024-09-29T16:29:00,S05,20240929
S05/20240929/00028,3,P101955,1,364.45,SALE,2024-09-29T16:29:00,S05,20240929
S05/20240929/00028,4,P101023,4,213.62,SALE,2024-09-29T16:29:00,S05,20240929
S05/20240929/00028,5,P104718,4,364.54,SALE,2024-09-29T16:29:00,S05,20240929
S05/20240929/00028,6,P102103,4,400.89,SALE,2024-09-29T16:29:00,S05,20240929
S05/20240929/00028,7,P101681,1,139.09,SALE,2024-09-29T16:29:00,S05,20240929
S05/20240929/00028,8,DISC,1,-578.64,DISCOUNT,2024-09-29T16:29:00,S05,20240929
S05/20240929/00028,9,TAX,1,637.42,TAX,2024-09-29T16:29:00,S05,20240929
S05/20240929/00028,10,TENDER,1,5577.58,TENDER,2024-09-29T16:29:00,S05,20240929
S05/20240929/00029,1,P102636,3,114.77,SALE,2024-09-29T19:16:45,S05,20240929
S05/20240929/00029,2,P105997,2,109.75,SALE,2024-09-29T19:16:45,S05,20240929
S05/20240929/00029,3,P105083,2,245.38,SALE,2024-09-29T19:16:45,S05,20240929
S05/20240929/00029,4,P101292,1,380.75,SALE,2024-09-29T19:16:45,S05,20240929
S05/20240929/00029,5,P105656,2,516.52,SALE,2024-09-29T19:16:45,S05,20240929
S05/20240929/00029,6,TAX,1,135.56,TAX,2024-09-29T19:16:45,S05,20240929
S05/20240929/00029,7,TENDER,1,2603.92,TENDER,2024-09-29T19:16:45,S05,20240929
S05/20240929/00030,1,P108356,2,229.05,SALE,2024-09-29T17:39:37,S05,20240929
S05/20240929/00030,2,P101090,2,24.06,SALE,2024-09-29T17:39:37,S05,20240929
S05/20240929/00030,3,P100319,1,48.05,SALE,2024-09-29T17:39:37,S05,20240929
S05/20240929/00030,4,P100693,2,107.22,SALE,2024-09-29T17:39:37,S05,20240929
S05/20240929/00030,5,P106093,4,315.93,SALE,2024-09-29T17:39:37,S05,20240929
S05/20240929/00030,6,P106388,1,1120.55,SALE,2024-09-29T17:39:37,S05,20240929
S05/20240929/00030,7,P102593,2,92.93,SALE,2024-09-29T17:39:37,S05,20240929
S05/20240929/00030,8,P105307,1,831.20,SALE,2024-09-29T17:39:37,S05,20240929
S05/20240929/00030,9,TAX,1,331.30,TAX,2024-09-29T17:39:37,S05,20240929
S05/20240929/00030,10,TENDER,1,4501.34,TENDER,2024-09-29T17:39:37,S05,20240929
S05/20240929/00031,1,P101894,3,668.48,SALE,2024-09-29T18:59:25,S05,20240929
S05/20240929/00031,2,P103155,2,270.20,SALE,2024-09-29T18:59:25,S05,20240929
S05/20240929/00031,3,P106473,2,298.68,SALE,2024-09-29T18:59:25,S05,20240929
S05/20240929/00031,4,P106207,3,564.89,SALE,2024-09-29T18:59:25,S05,20240929
S05/20240929/00031,5,P106783,1,94.23,SALE,2024-09-29T18:59:25,S05,20240929
S05/20240929/00031,6,TAX,1,767.45,TAX,2024-09-29T18:59:25,S05,20240929
S05/20240929/00031,7,TENDER,1,5699.55,TENDER,2024-09-29T18:59:25,S05,20240929
S05/20240929/00032,1,P105789,2,42.75,SALE,2024-09-29T18:30:09,S05,20240929
S05/20240929/00032,2,P106745,2,621.98,SALE,2024-09-29T18:30:09,S05,20240929
S05/20240929/00032,3,P105570,2,345.21,SALE,2024-09-29T18:30:09,S05,20240929
S05/20240929/00032,4,TAX,1,273.82,TAX,2024-09-29T18:30:09,S05,20240929
S05/20240929/00032,5,TENDER,1,2293.70,TENDER,2024-09-29T18:30:09,S05,20240929
S05/20240929/00033,1,P107943,2,252.32,SALE,2024-09-29T17:48:40,S05,20240929
S05/20240929/00033,2,P100354,2,182.63,SALE,2024-09-29T17:48:40,S05,20240929
S05/20240929/00033,3,P108389,2,837.30,SALE,2024-09-29T17:48:40,S05,20240929
S05/20240929/00033,4,P102485,2,220.03,SALE,2024-09-29T17:48:40,S05,20240929
S05/20240929/00033,5,P101802,3,44.15,SALE,2024-09-29T17:48:40,S05,20240929
S05/20240929/00033,6,DISC,1,-156.74,DISCOUNT,2024-09-29T17:48:40,S05,20240929
S05/20240929/00033,7,TAX,1,234.60,TAX,2024-09-29T17:48:40,S05,20240929
S05/20240929/00033,8,TENDER,1,3194.87,TENDER,2024-09-29T17:48:40,S05,20240929
S05/20240929/00034,1,P101955,1,364.45,SALE,2024-09-29T14:47:55,S05,20240929
S05/20240929/00034,2,P104497,1,229.16,SALE,2024-09-29T14:47:55,S05,20240929
S05/20240929/00034,3,P104872,5,132.45,SALE,2024-09-29T14:47:55,S05,20240929
S05/20240929/00034,4,P104784,3,370.89,SALE,2024-09-29T14:47:55,S05,20240929
S05/20240929/00034,5,TAX,1,290.05,TAX,2024-09-29T14:47:55,S05,20240929
S05/20240929/00034,6,TENDER,1,2658.58,TENDER,2024-09-29T14:47:55,S05,20240929
S05/20240929/00035,1,P100632,2,331.55,SALE,2024-09-29T21:44:13,S05,20240929
S05/20240929/00035,2,P102569,1,116.37,SALE,2024-09-29T21:44:13,S05,20240929
S05/20240929/00035,3,P100066,1,251.22,SALE,2024-09-29T21:44:13,S05,20240929
S05/20240929/00035,4,P108017,2,105.98,SALE,2024-09-29T21:44:13,S05,20240929
S05/20240929/00035,5,TAX,1,178.54,TAX,2024-09-29T21:44:13,S05,20240929
S05/20240929/00035,6,TENDER,1,1421.19,TENDER,2024-09-29T21:44:13,S05,20240929
S05/20240930/00001,1,P107667,1,367.93,SALE,2024-09-30T08:39:15,S05,20240930
S05/20240930/00001,2,P101842,1,227.96,SALE,2024-09-30T08:39:15,S05,20240930
S05/20240930/00001,3,TAX,1,55.55,TAX,2024-09-30T08:39:15,S05,20240930
S05/20240930/00001,4,TENDER,1,651.44,TENDER,2024-09-30T08:39:15,S05,20240930
S05/20240930/00002,1,P101766,2,196.65,SALE,2024-09-30T20:34:00,S05,20240930
S05/20240930/00002,2,P102874,3,142.11,SALE,2024-09-30T20:34:00,S05,20240930
S05/20240930/00002,3,TAX,1,68.51,TAX,2024-09-30T20:34:00,S05,20240930
S05/20240930/00002,4,TENDER,1,888.14,TENDER,2024-09-30T20:34:00,S05,20240930
S05/20240930/00003,1,P103504,1,361.87,SALE,2024-09-30T15:06:20,S05,20240930
S05/20240930/00003,2,P104718,2,364.54,SALE,2024-09-30T15:06:20,S05,20240930
S05/20240930/00003,3,P105547,3,431.77,SALE,2024-09-30T15:06:20,S05,20240930
S05/20240930/00003,4,P105937,2,259.08,SALE,2024-09-30T15:06:20,S05,20240930
S05/20240930/00003,5,P104081,2,586.63,SALE,2024-09-30T15:06:20,S05,20240930
S05/20240930/00003,6,P104628,1,196.55,SALE,2024-09-30T15:06:20,S05,20240930
S05/20240930/00003,7,P107282,2,1189.20,SALE,2024-09-30T15:06:20,S05,20240930
S05/20240930/00003,8,TAX,1,415.00,TAX,2024-09-30T15:06:20,S05,20240930
S05/20240930/00003,9,TENDER,1,7067.63,TENDER,2024-09-30T15:06:20,S05,20240930
S05/20240930/00004,1,P108239,1,256.06,SALE,2024-09-30T23:14:25,S05,20240930
S05/20240930/00004,2,P103816,2,209.63,SALE,2024-09-30T23:14:25,S05,20240930
S05/20240930/00004,3,P102909,2,48.95,SALE,2024-09-30T23:14:25,S05,20240930
S05/20240930/00004,4,P101674,4,387.70,SALE,2024-09-30T23:14:25,S05,20240930
S05/20240930/00004,5,P100463,3,290.57,SALE,2024-09-30T23:14:25,S05,20240930
S05/20240930/00004,6,P100494,3,67.32,SALE,2024-09-30T23:14:25,S05,20240930
S05/20240930/00004,7,DISC,1,-213.04,DISCOUNT,2024-09-30T23:14:25,S05,20240930
S05/20240930/00004,8,TAX,1,507.70,TAX,2024-09-30T23:14:25,S05,20240930
S05/20240930/00004,9,TENDER,1,3692.35,TENDER,2024-09-30T23:14:25,S05,20240930
S05/20240930/00005,1,P102364,2,104.57,SALE,2024-09-30T15:42:19,S05,20240930
S05/20240930/00005,2,P100560,1,176.85,SALE,2024-09-30T15:42:19,S05,20240930
S05/20240930/00005,3,TAX,1,58.87,TAX,2024-09-30T15:42:19,S05,20240930
S05/20240930/00005,4,TENDER,1,444.86,TENDER,2024-09-30T15:42:19,S05,20240930
S05/20240930/00006,1,P106143,6,60.82,SALE,2024-09-30T07:20:37,S05,20240930
S05/20240930/00006,2,P107721,2,92.25,SALE,2024-09-30T07:20:37,S05,20240930
S05/20240930/00006,3,P104446,1,56.83,SALE,2024-09-30T07:20:37,S05,20240930
S05/20240930/00006,4,TAX,1,75.92,TAX,2024-09-30T07:20:37,S05,20240930
S05/20240930/00006,5,TENDER,1,682.17,TENDER,2024-09-30T07:20:37,S05,20240930
S05/20240930/00007,1,P108262,2,592.59,SALE,2024-09-30T23:03:13,S05,20240930
S05/20240930/00007,2,P107843,2,486.47,SALE,2024-09-30T23:03:13,S05,20240930
S05/20240930/00007,3,P100305,1,771.81,SALE,2024-09-30T23:03:13,S05,20240930
S05/20240930/00007,4,P103777,2,44.82,SALE,2024-09-30T23:03:13,S05,20240930
S05/20240930/00007,5,P101500,3,330.53,SALE,2024-09-30T23:03:13,S05,20240930
S05/20240930/00007,6,TAX,1,392.94,TAX,2024-09-30T23:03:13,S05,20240930
S05/20240930/00007,7,TENDER,1,4404.10,TENDER,2024-09-30T23:03:13,S05,20240930
S05/20240930/00008,1,P103552,3,125.20,SALE,2024-09-30T13:11:51,S05,20240930
S05/20240930/00008,2,P108300,2,291.42,SALE,2024-09-30T13:11:51,S05,20240930
S05/20240930/00008,3,P103811,2,778.90,SALE,2024-09-30T13:11:51,S05,20240930
S05/20240930/00008,4,TAX,1,104.91,TAX,2024-09-30T13:11:51,S05,20240930
S05/20240930/00008,5,TENDER,1,2621.15,TENDER,2024-09-30T13:11:51,S05,20240930
S05/20240930/00009,1,P108046,1,95.35,SALE,2024-09-30T13:12:33,S05,20240930
S05/20240930/00009,2,P102656,1,194.33,SALE,2024-09-30T13:12:33,S05,20240930
S05/20240930/00009,3,P107859,5,127.92,SALE,2024-09-30T13:12:33,S05,20240930
S05/20240930/00009,4,P103259,2,298.27,SALE,2024-09-30T13:12:33,S05,20240930
S05/20240930/00009,5,TAX,1,58.86,TAX,2024-09-30T13:12:33,S05,20240930
S05/20240930/00009,6,TENDER,1,1584.68,TENDER,2024-09-30T13:12:33,S05,20240930
S05/20240930/00010,1,P102202,1,194.70,SALE,2024-09-30T16:56:44,S05,20240930
S05/20240930/00010,2,P103896,4,203.30,SALE,2024-09-30T16:56:44,S05,20240930
S05/20240930/00010,3,P107197,3,669.72,SALE,2024-09-30T16:56:44,S05,20240930
S05/20240930/00010,4,P100686,1,787.42,SALE,2024-09-30T16:56:44,S05,20240930
S05/20240930/00010,5,TAX,1,543.07,TAX,2024-09-30T16:56:44,S05,20240930
S05/20240930/00010,6,TENDER,1,4347.55,TENDER,2024-09-30T16:56:44,S05,20240930
S05/20240930/00011,1,P107799,2,751.07,SALE,2024-09-30T20:16:52,S05,20240930
S05/20240930/00011,2,P106793,3,303.65,SALE,2024-09-30T20:16:52,S05,20240930
S05/20240930/00011,3,P102184,4,91.57,SALE,2024-09-30T20:16:52,S05,20240930
S05/20240930/00011,4,P102335,1,94.24,SALE,2024-09-30T20:16:52,S05,20240930
S05/20240930/00011,5,P102353,2,139.83,SALE,2024-09-30T20:16:52,S05,20240930
S05/20240930/00011,6,P102415,2,1245.81,SALE,2024-09-30T20:16:52,S05,20240930
S05/20240930/00011,7,P104257,2,42.95,SALE,2024-09-30T20:16:52,S05,20240930
S05/20240930/00011,8,P102397,4,355.28,SALE,2024-09-30T20:16:52,S05,20240930
S05/20240930/00011,9,TAX,1,516.94,TAX,2024-09-30T20:16:52,S05,20240930
S05/20240930/00011,10,TENDER,1,7668.85,TENDER,2024-09-30T20:16:52,S05,20240930
S05/20240930/00012,1,P102682,2,95.00,SALE,2024-09-30T13:22:08,S05,20240930
S05/20240930/00012,2,P102096,5,982.72,SALE,2024-09-30T13:22:08,S05,20240930
S05/20240930/00012,3,P102963,1,415.64,SALE,2024-09-30T13:22:08,S05,20240930
S05/20240930/00012,4,P106373,1,48.45,SALE,2024-09-30T13:22:08,S05,20240930
S05/20240930/00012,5,TAX,1,676.37,TAX,2024-09-30T13:22:08,S05,20240930
S05/20240930/00012,6,TENDER,1,6244.06,TENDER,2024-09-30T13:22:08,S05,20240930
S05/20240930/00013,1,P103374,1,35.97,SALE,2024-09-30T17:27:50,S05,20240930
S05/20240930/00013,2,P104155,2,144.69,SALE,2024-09-30T17:27:50,S05,20240930
S05/20240930/00013,3,P103908,1,104.62,SALE,2024-09-30T17:27:50,S05,20240930
S05/20240930/00013,4,P101955,1,364.45,SALE,2024-09-30T17:27:50,S05,20240930
S05/20240930/00013,5,P104558,2,440.08,SALE,2024-09-30T17:27:50,S05,20240930
S05/20240930/00013,6,TAX,1,190.25,TAX,2024-09-30T17:27:50,S05,20240930
S05/20240930/00013,7,TENDER,1,1864.83,TENDER,2024-09-30T17:27:50,S05,20240930
S05/20240930/00014,1,P102833,4,680.71,SALE,2024-09-30T11:26:59,S05,20240930
S05/20240930/00014,2,P101533,3,975.60,SALE,2024-09-30T11:26:59,S05,20240930
S05/20240930/00014,3,P100121,1,107.67,SALE,2024-09-30T11:26:59,S05,20240930
S05/20240930/00014,4,P102181,2,1586.03,SALE,2024-09-30T11:26:59,S05,20240930
S05/20240930/00014,5,P102664,4,261.47,SALE,2024-09-30T11:26:59,S05,20240930
S05/20240930/00014,6,TAX,1,681.00,TAX,2024-09-30T11:26:59,S05,20240930
S05/20240930/00014,7,TENDER,1,10656.25,TENDER,2024-09-30T11:26:59,S05,20240930
S05/20240930/00015,1,P104658,2,73.05,SALE,2024-09-30T12:25:50,S05,20240930
S05/20240930/00015,2,TAX,1,7.31,TAX,2024-09-30T12:25:50,S05,20240930
S05/20240930/00015,3,TENDER,1,153.41,TENDER,2024-09-30T12:25:50,S05,20240930
S05/20240930/00016,1,P101656,2,262.95,SALE,2024-09-30T17:26:40,S05,20240930
S05/20240930/00016,2,P108227,5,551.58,SALE,2024-09-30T17:26:40,S05,20240930
S05/20240930/00016,3,P102972,2,227.38,SALE,2024-09-30T17:26:40,S05,20240930
S05/20240930/00016,4,P101884,3,352.98,SALE,2024-09-30T17:26:40,S05,20240930
S05/20240930/00016,5,P101384,1,42.99,SALE,2024-09-30T17:26:40,S05,20240930
S05/20240930/00016,6,TAX,1,246.90,TAX,2024-09-30T17:26:40,S05,20240930
S05/20240930/00016,7,TENDER,1,5087.39,TENDER,2024-09-30T17:26:40,S05,20240930
