bill_no,line_no,product_code,qty,unit_price,line_type,ts,store_id,business_date
S11/20241201/00001,1,P105227,1,292.54,SALE,1733062486,S11,20241201
S11/20241201/00001,2,P101813,1,273.64,SALE,1733062486,S11,20241201
S11/20241201/00001,3,P100268,1,197.00,SALE,1733062486,S11,20241201
S11/20241201/00001,4,P100577,2,300.10,SALE,1733062486,S11,20241201
S11/20241201/00001,5,P105069,2,168.30,SALE,1733062486,S11,20241201
S11/20241201/00001,6,P100319,4,54.97,SALE,1733062486,S11,20241201
S11/20241201/00001,7,P105965,2,60.79,SALE,1733062486,S11,20241201
S11/20241201/00001,8,P103487,2,361.14,SALE,1733062486,S11,20241201
S11/20241201/00001,9,TAX,1,317.33,TAX,1733062486,S11,20241201
S11/20241201/00001,10,TENDER,1,3081.05,TENDER,1733062486,S11,20241201
S11/20241201/00002,1,P107365,4,978.42,SALE,1733063869,S11,20241201
S11/20241201/00002,2,P108227,1,551.58,SALE,1733063869,S11,20241201
S11/20241201/00002,3,DISC,1,-179.31,DISCOUNT,1733063869,S11,20241201
S11/20241201/00002,4,TAX,1,450.78,TAX,1733063869,S11,20241201
S11/20241201/00002,5,TENDER,1,4736.73,TENDER,1733063869,S11,20241201
S11/20241201/00003,1,P103054,2,145.96,SALE,1733069070,S11,20241201
S11/20241201/00003,2,P100711,2,101.23,SALE,1733069070,S11,20241201
S11/20241201/00003,3,P101305,2,114.22,SALE,1733069070,S11,20241201
S11/20241201/00003,4,P100330,1,188.77,SALE,1733069070,S11,20241201
S11/20241201/00003,5,TAX,1,87.00,TAX,1733069070,S11,20241201
S11/20241201/00003,6,TENDER,1,998.59,TENDER,1733069070,S11,20241201
S11/20241201/00004,1,P101419,2,202.93,SALE,1733071871,S11,20241201
S11/20241201/00004,2,P107708,2,167.35,SALE,1733071871,S11,20241201
S11/20241201/00004,3,P105021,1,1246.70,SALE,1733071871,S11,20241201
S11/20241201/00004,4,P105057,2,294.62,SALE,1733071871,S11,20241201
S11/20241201/00004,5,TAX,1,304.37,TAX,1733071871,S11,20241201
S11/20241201/00004,6,TENDER,1,2880.87,TENDER,1733071871,S11,20241201
S11/20241201/00005,1,P103337,1,94.03,SALE,1733098236,S11,20241201
S11/20241201/00005,2,P108082,1,236.40,SALE,1733098236,S11,20241201
S11/20241201/00005,3,P102296,4,48.88,SALE,1733098236,S11,20241201
S11/20241201/00005,4,P101201,2,48.42,SALE,1733098236,S11,20241201
S11/20241201/00005,5,P104867,1,190.50,SALE,1733098236,S11,20241201
S11/20241201/00005,6,P100543,3,123.06,SALE,1733098236,S11,20241201
S11/20241201/00005,7,P103168,4,980.21,SALE,1733098236,S11,20241201
S11/20241201/00005,8,TAX,1,567.31,TAX,1733098236,S11,20241201
S11/20241201/00005,9,TENDER,1,5670.62,TENDER,1733098236,S11,20241201
S11/20241201/00006,1,P107721,1,92.25,SALE,1733074793,S11,20241201
S11/20241201/00006,2,P103584,3,402.02,SALE,1733074793,S11,20241201
S11/20241201/00006,3,P107767,5,510.38,SALE,1733074793,S11,20241201
S11/20241201/00006,4,P108338,1,218.68,SALE,1733074793,S11,20241201
S11/20241201/00006,5,TAX,1,384.05,TAX,1733074793,S11,20241201
S11/20241201/00006,6,TENDER,1,4452.94,TENDER,1733074793,S11,20241201
S11/20241201/00007,1,P107989,2,189.72,SALE,1733066896,S11,20241201
S11/20241201/00007,2,P105198,3,15.39,SALE,1733066896,S11,20241201
S11/20241201/00007,3,P107246,3,313.74,SALE,1733066896,S11,20241201
S11/20241201/00007,4,P100816,2,806.93,SALE,1733066896,S11,20241201
S11/20241201/00007,5,TAX,1,436.92,TAX,1733066896,S11,20241201
S11/20241201/00007,6,TENDER,1,3417.61,TENDER,1733066896,S11,20241201
S11/20241201/00008,1,P100203,2,272.10,SALE,1733066479,S11,20241201
S11/20241201/00008,2,P103927,1,206.11,SALE,1733066479,S11,20241201
S11/20241201/00008,3,P102975,2,234.92,SALE,1733066479,S11,20241201
S11/20241201/00008,4,P102768,3,158.73,SALE,1733066479,S11,20241201
S11/20241201/00008,5,P107354,2,227.60,SALE,1733066479,S11,20241201
S11/20241201/00008,6,P101884,6,352.98,SALE,1733066479,S11,20241201
S11/20241201/00008,7,P104072,3,724.10,SALE,1733066479,S11,20241201
S11/20241201/00008,8,TAX,1,625.19,TAX,1733066479,S11,20241201
S11/20241201/00008,9,TENDER,1,7066.91,TENDER,1733066479,S11,20241201
S11/20241201/00009,1,P101740,1,855.00,SALE,1733079563,S11,20241201
S11/20241201/00009,2,P100057,6,233.39,SALE,1733079563,S11,20241201
S11/20241201/00009,3,P101681,1,139.09,SALE,1733079563,S11,20241201
S11/20241201/00009,4,P101578,2,44.18,SALE,1733079563,S11,20241201
S11/20241201/00009,5,P105009,4,65.38,SALE,1733079563,S11,20241201
S11/20241201/00009,6,P102755,3,75.17,SALE,1733079563,S11,20241201
S11/20241201/00009,7,TAX,1,247.50,TAX,1733079563,S11,20241201
S11/20241201/00009,8,TENDER,1,3217.32,TENDER,1733079563,S11,20241201
S11/20241201/00010,1,P100276,3,965.56,SALE,1733066839,S11,20241201
S11/20241201/00010,2,P101454,2,148.61,SALE,1733066839,S11,20241201
S11/20241201/00010,3,P100367,4,537.90,SALE,1733066839,S11,20241201
S11/20241201/00010,4,P101048,1,219.90,SALE,1733066839,S11,20241201
S11/20241201/00010,5,P105356,4,232.26,SALE,1733066839,S11,20241201
S11/20241201/00010,6,P105302,1,281.37,SALE,1733066839,S11,20241201
S11/20241201/00010,7,P103538,2,265.96,SALE,1733066839,S11,20241201
S11/20241201/00010,8,P108234,2,33.09,SALE,1733066839,S11,20241201
S11/20241201/00010,9,P106473,3,297.16,SALE,1733066839,S11,20241201
S11/20241201/00010,10,TAX,1,838.28,TAX,1733066839,S11,20241201
S11/20241201/00010,11,TENDER,1,9103.67,TENDER,1733066839,S11,20241201
S11/20241201/00011,1,P102432,4,895.86,SALE,1733068564,S11,20241201
S11/20241201/00011,2,P103973,1,108.48,SALE,1733068564,S11,20241201
S11/20241201/00011,3,P107759,5,257.69,SALE,1733068564,S11,20241201
S11/20241201/00011,4,P107226,3,88.38,SALE,1733068564,S11,20241201
S11/20241201/00011,5,P103882,2,273.56,SALE,1733068564,S11,20241201
S11/20241201/00011,6,TAX,1,595.75,TAX,1733068564,S11,20241201
S11/20241201/00011,7,TENDER,1,6388.38,TENDER,1733068564,S11,20241201
S11/20241201/00012,1,P104725,1,551.38,SALE,1733055413,S11,20241201
S11/20241201/00012,2,P107354,2,227.60,SALE,1733055413,S11,20241201
S11/20241201/00012,3,P101884,3,352.98,SALE,1733055413,S11,20241201
S11/20241201/00012,4,P106639,2,485.46,SALE,1733055413,S11,20241201
S11/20241201/00012,5,P104739,1,172.21,SALE,1733055413,S11,20241201
S11/20241201/00012,6,TAX,1,428.45,TAX,1733055413,S11,20241201
S11/20241201/00012,7,TENDER,1,3637.10,TENDER,1733055413,S11,20241201
S11/20241201/00013,1,P103645,1,285.25,SALE,1733060954,S11,20241201
S11/20241201/00013,2,P107676,4,213.04,SALE,1733060954,S11,20241201
S11/20241201/00013,3,P100640,4,379.48,SALE,1733060954,S11,20241201
S11/20241201/00013,4,P101961,2,767.84,SALE,1733060954,S11,20241201
S11/20241201/00013,5,P104181,1,298.55,SALE,1733060954,S11,20241201
S11/20241201/00013,6,P100543,2,123.06,SALE,1733060954,S11,20241201
S11/20241201/00013,7,P101547,2,66.03,SALE,1733060954,S11,20241201
S11/20241201/00013,8,P101827,2,155.74,SALE,1733060954,S11,20241201
S11/20241201/00013,9,P106710,2,98.77,SALE,1733060954,S11,20241201
S11/20241201/00013,10,TAX,1,594.74,TAX,1733060954,S11,20241201
S11/20241201/00013,11,TENDER,1,5971.50,TENDER,1733060954,S11,20241201
S11/20241201/00014,1,P102779,1,25.62,SALE,1733077557,S11,20241201
S11/20241201/00014,2,P102263,4,116.79,SALE,1733077557,S11,20241201
S11/20241201/00014,3,TAX,1,59.13,TAX,1733077557,S11,20241201
S11/20241201/00014,4,TENDER,1,551.91,TENDER,1733077557,S11,20241201
S11/20241201/00015,1,P100803,-2,278.56,RETURN,1733067021,S11,20241201
S11/20241201/00015,2,P104512,-1,94.53,RETURN,1733067021,S11,20241201
S11/20241201/00015,3,P100499,-1,258.12,RETURN,1733067021,S11,20241201
S11/20241201/00015,4,P103620,-2,474.03,RETURN,1733067021,S11,20241201
S11/20241201/00015,5,P101923,-4,527.50,RETURN,1733067021,S11,20241201
S11/20241201/00015,6,P105827,-3,124.38,RETURN,1733067021,S11,20241201
S11/20241201/00015,7,TAX,1,-462.01,TAX,1733067021,S11,20241201
S11/20241201/00015,8,TENDER,1,-4802.98,TENDER,1733067021,S11,20241201
S11/20241201/00016,1,P102023,2,425.67,SALE,1733072041,S11,20241201
S11/20241201/00016,2,P100604,1,167.40,SALE,1733072041,S11,20241201
S11/20241201/00016,3,TAX,1,102.16,TAX,1733072041,S11,20241201
S11/20241201/00016,4,TENDER,1,1120.90,TENDER,1733072041,S11,20241201
S11/20241201/00017,1,P103964,3,134.21,SALE,1733087786,S11,20241201
S11/20241201/00017,2,P105490,1,154.49,SALE,1733087786,S11,20241201
S11/20241201/00017,3,P106920,1,1398.34,SALE,1733087786,S11,20241201
S11/20241201/00017,4,P102931,1,185.66,SALE,1733087786,S11,20241201
S11/20241201/00017,5,P104956,2,141.84,SALE,1733087786,S11,20241201
S11/20241201/00017,6,P106244,1,73.94,SALE,1733087786,S11,20241201
S11/20241201/00017,7,P101697,2,102.34,SALE,1733087786,S11,20241201
S11/20241201/00017,8,P105069,1,168.30,SALE,1733087786,S11,20241201
S11/20241201/00017,9,P102714,2,86.80,SALE,1733087786,S11,20241201
S11/20241201/00017,10,P104236,1,289.43,SALE,1733087786,S11,20241201
S11/20241201/00017,11,P104784,2,370.89,SALE,1733087786,S11,20241201
S11/20241201/00017,12,TAX,1,300.11,TAX,1733087786,S11,20241201
S11/20241201/00017,13,TENDER,1,4376.64,TENDER,1733087786,S11,20241201
S11/20241201/00018,1,P105845,1,121.94,SALE,1733063154,S11,20241201
S11/20241201/00018,2,P104378,3,95.33,SALE,1733063154,S11,20241201
S11/20241201/00018,3,TAX,1,56.27,TAX,1733063154,S11,20241201
S11/20241201/00018,4,TENDER,1,464.20,TENDER,1733063154,S11,20241201
S11/20241201/00019,1,P104107,2,479.48,SALE,1733066629,S11,20241201
S11/20241201/00019,2,P101810,2,793.98,SALE,1733066629,S11,20241201
S11/20241201/00019,3,P103510,2,196.86,SALE,1733066629,S11,20241201
S11/20241201/00019,4,P106048,2,310.59,SALE,1733066629,S11,20241201
S11/20241201/00019,5,TAX,1,457.40,TAX,1733066629,S11,20241201
S11/20241201/00019,6,TENDER,1,4019.22,TENDER,1733066629,S11,20241201
S11/20241201/00020,1,P101213,3,232.84,SALE,1733069135,S11,20241201
S11/20241201/00020,2,P100999,4,171.06,SALE,1733069135,S11,20241201
S11/20241201/00020,3,P104938,1,999.94,SALE,1733069135,S11,20241201
S11/20241201/00020,4,P106765,1,279.73,SALE,1733069135,S11,20241201
S11/20241201/00020,5,TAX,1,296.08,TAX,1733069135,S11,20241201
S11/20241201/00020,6,TENDER,1,2958.51,TENDER,1733069135,S11,20241201
S11/20241201/00021,1,P106035,2,86.76,SALE,1733054240,S11,20241201
S11/20241201/00021,2,P104733,2,669.60,SALE,1733054240,S11,20241201
S11/20241201/00021,3,P105227,4,292.54,SALE,1733054240,S11,20241201
S11/20241201/00021,4,TAX,1,412.71,TAX,1733054240,S11,20241201
S11/20241201/00021,5,TENDER,1,3095.59,TENDER,1733054240,S11,20241201
S11/20241201/00022,1,P101894,1,635.06,SALE,1733067086,S11,20241201
S11/20241201/00022,2,P106671,2,90.38,SALE,1733067086,S11,20241201
S11/20241201/00022,3,P103950,2,1283.54,SALE,1733067086,S11,20241201
S11/20241201/00022,4,P100658,2,50.53,SALE,1733067086,S11,20241201
S11/20241201/00022,5,P107646,1,225.19,SALE,1733067086,S11,20241201
S11/20241201/00022,6,P100904,2,68.79,SALE,1733067086,S11,20241201
S11/20241201/00022,7,P103319,1,356.46,SALE,1733067086,S11,20241201
S11/20241201/00022,8,TAX,1,267.45,TAX,1733067086,S11,20241201
S11/20241201/00022,9,TENDER,1,4470.64,TENDER,1733067086,S11,20241201
S11/20241201/00023,1,P104344,1,390.44,SALE,1733100300,S11,20241201
S11/20241201/00023,2,P106133,5,370.91,SALE,1733100300,S11,20241201
S11/20241201/00023,3,P105855,4,123.28,SALE,1733100300,S11,20241201
S11/20241201/00023,4,TAX,1,428.75,TAX,1733100300,S11,20241201
S11/20241201/00023,5,TENDER,1,3166.86,TENDER,1733100300,S11,20241201
S11/20241201/00024,1,P102724,2,391.04,SALE,1733081749,S11,20241201
S11/20241201/00024,2,P107149,1,145.83,SALE,1733081749,S11,20241201
S11/20241201/00024,3,P107089,2,208.86,SALE,1733081749,S11,20241201
S11/20241201/00024,4,P101732,4,1390.76,SALE,1733081749,S11,20241201
S11/20241201/00024,5,P105490,1,154.49,SALE,1733081749,S11,20241201
S11/20241201/00024,6,P105901,2,80.48,SALE,1733081749,S11,20241201
S11/20241201/00024,7,TAX,1,902.60,TAX,1733081749,S11,20241201
S11/20241201/00024,8,TENDER,1,8126.72,TENDER,1733081749,S11,20241201
S11/20241201/00025,1,P106927,1,156.05,SALE,1733069317,S11,20241201
S11/20241201/00025,2,P101656,2,324.95,SALE,1733069317,S11,20241201
S11/20241201/00025,3,TAX,1,85.79,TAX,1733069317,S11,20241201
S11/20241201/00025,4,TENDER,1,891.74,TENDER,1733069317,S11,20241201
S11/20241201/00026,1,P107925,2,992.11,SALE,1733050681,S11,20241201
S11/20241201/00026,2,TAX,1,99.21,TAX,1733050681,S11,20241201
S11/20241201/00026,3,TENDER,1,2083.43,TENDER,1733050681,S11,20241201
S11/20241201/00027,1,P107859,2,136.84,SALE,1733086037,S11,20241201
S11/20241201/00027,2,P101213,3,232.84,SALE,1733086037,S11,20241201
S11/20241201/00027,3,P104628,2,196.55,SALE,1733086037,S11,20241201
S11/20241201/00027,4,P107330,1,134.92,SALE,1733086037,S11,20241201
S11/20241201/00027,5,P107872,2,650.85,SALE,1733086037,S11,20241201
S11/20241201/00027,6,TAX,1,299.55,TAX,1733086037,S11,20241201
S11/20241201/00027,7,TENDER,1,3101.47,TENDER,1733086037,S11,20241201
S11/20241201/00028,1,P107158,4,147.89,SALE,1733059968,S11,20241201
S11/20241201/00028,2,P104854,1,35.80,SALE,1733059968,S11,20241201
S11/20241201/00028,3,TAX,1,106.48,TAX,1733059968,S11,20241201
S11/20241201/00028,4,TENDER,1,733.84,TENDER,1733059968,S11,20241201
S11/20241201/00029,1,P104872,2,132.45,SALE,1733095395,S11,20241201
S11/20241201/00029,2,P104446,2,66.45,SALE,1733095395,S11,20241201
S11/20241201/00029,3,P104572,1,182.16,SALE,1733095395,S11,20241201
S11/20241201/00029,4,TAX,1,64.82,TAX,1733095395,S11,20241201
S11/20241201/00029,5,TENDER,1,644.78,TENDER,1733095395,S11,20241201
S11/20241201/00030,1,P103159,1,1193.28,SALE,1733068693,S11,20241201
S11/20241201/00030,2,P101010,1,71.39,SALE,1733068693,S11,20241201
S11/20241201/00030,3,P105069,2,168.30,SALE,1733068693,S11,20241201
S11/20241201/00030,4,P107495,5,448.19,SALE,1733068693,S11,20241201
S11/20241201/00030,5,P101697,3,102.34,SALE,1733068693,S11,20241201
S11/20241201/00030,6,P107488,4,303.21,SALE,1733068693,S11,20241201
S11/20241201/00030,7,TAX,1,556.38,TAX,1733068693,S11,20241201
S11/20241201/00030,8,TENDER,1,5918.46,TENDER,1733068693,S11,20241201
S11/20241201/00031,1,P108397,3,286.03,SALE,1733068498,S11,20241201
S11/20241201/00031,2,TAX,1,102.97,TAX,1733068498,S11,20241201
S11/20241201/00031,3,TENDER,1,961.06,TENDER,1733068498,S11,20241201
S11/20241201/00032,1,P101127,2,51.94,SALE,1733052904,S11,20241201
S11/20241201/00032,2,P102409,1,326.59,SALE,1733052904,S11,20241201
S11/20241201/00032,3,P100479,2,342.92,SALE,1733052904,S11,20241201
S11/20241201/00032,4,P101851,1,1750.29,SALE,1733052904,S11,20241201
S11/20241201/00032,5,P106405,2,40.51,SALE,1733052904,S11,20241201
S11/20241201/00032,6,P107984,1,357.15,SALE,1733052904,S11,20241201
S11/20241201/00032,7,TAX,1,219.96,TAX,1733052904,S11,20241201
S11/20241201/00032,8,TENDER,1,3524.73,TENDER,1733052904,S11,20241201
S11/20241201/00033,1,P101925,-2,186.54,RETURN,1733083230,S11,20241201
S11/20241201/00033,2,P104316,-1,489.63,RETURN,1733083230,S11,20241201
S11/20241201/00033,3,P106162,-1,534.57,RETURN,1733083230,S11,20241201
S11/20241201/00033,4,TAX,1,-155.29,TAX,1733083230,S11,20241201
S11/20241201/00033,5,TENDER,1,-1552.57,TENDER,1733083230,S11,20241201
S11/20241201/00034,1,P102409,3,326.59,SALE,1733072270,S11,20241201
S11/20241201/00034,2,P100974,2,41.35,SALE,1733072270,S11,20241201
S11/20241201/00034,3,P103111,2,40.41,SALE,1733072270,S11,20241201
S11/20241201/00034,4,TAX,1,184.53,TAX,1733072270,S11,20241201
S11/20241201/00034,5,TENDER,1,1327.82,TENDER,1733072270,S11,20241201
S11/20241201/00035,1,P100106,2,318.86,SALE,1733065591,S11,20241201
S11/20241201/00035,2,P100816,2,806.93,SALE,1733065591,S11,20241201
S11/20241201/00035,3,P103449,1,381.08,SALE,1733065591,S11,20241201
S11/20241201/00035,4,P103904,1,1081.09,SALE,1733065591,S11,20241201
S11/20241201/00035,5,P104233,1,1271.89,SALE,1733065591,S11,20241201
S11/20241201/00035,6,P106443,2,52.87,SALE,1733065591,S11,20241201
S11/20241201/00035,7,P108186,2,324.50,SALE,1733065591,S11,20241201
S11/20241201/00035,8,TAX,1,528.32,TAX,1733065591,S11,20241201
S11/20241201/00035,9,TENDER,1,6268.70,TENDER,1733065591,S11,20241201
S11/20241201/00036,1,P106143,3,61.74,SALE,1733055967,S11,20241201
S11/20241201/00036,2,P104774,2,81.81,SALE,1733055967,S11,20241201
S11/20241201/00036,3,P103029,2,11.28,SALE,1733055967,S11,20241201
S11/20241201/00036,4,P107695,1,271.01,SALE,1733055967,S11,20241201
S11/20241201/00036,5,P102480,4,198.67,SALE,1733055967,S11,20241201
S11/20241201/00036,6,P107621,5,119.64,SALE,1733055967,S11,20241201
S11/20241201/00036,7,TAX,1,134.10,TAX,1733055967,S11,20241201
S11/20241201/00036,8,TENDER,1,2169.39,TENDER,1733055967,S11,20241201
S11/20241201/00037,1,P100810,4,200.65,SALE,1733068979,S11,20241201
S11/20241201/00037,2,P105684,1,1114.27,SALE,1733068979,S11,20241201
S11/20241201/00037,3,P101272,2,96.70,SALE,1733068979,S11,20241201
S11/20241201/00037,4,P102954,2,129.98,SALE,1733068979,S11,20241201
S11/20241201/00037,5,DISC,1,-110.03,DISCOUNT,1733068979,S11,20241201
S11/20241201/00037,6,TAX,1,130.36,TAX,1733068979,S11,20241201
S11/20241201/00037,7,TENDER,1,2390.56,TENDER,1733068979,S11,20241201
S11/20241202/00001,1,P102272,4,389.34,SALE,1733154229,S11,20241202
S11/20241202/00001,2,P105959,1,513.93,SALE,1733154229,S11,20241202
S11/20241202/00001,3,P105971,4,1150.46,SALE,1733154229,S11,20241202
S11/20241202/00001,4,P108379,1,300.71,SALE,1733154229,S11,20241202
S11/20241202/00001,5,P104898,2,181.50,SALE,1733154229,S11,20241202
S11/20241202/00001,6,TAX,1,563.72,TAX,1733154229,S11,20241202
S11/20241202/00001,7,TENDER,1,7900.56,TENDER,1733154229,S11,20241202
S11/20241202/00002,1,P102096,1,982.72,SALE,1733162745,S11,20241202
S11/20241202/00002,2,P102648,1,389.80,SALE,1733162745,S11,20241202
S11/20241202/00002,3,P108361,2,73.59,SALE,1733162745,S11,20241202
S11/20241202/00002,4,P107337,3,429.21,SALE,1733162745,S11,20241202
S11/20241202/00002,5,DISC,1,-137.81,DISCOUNT,1733162745,S11,20241202
S11/20241202/00002,6,TAX,1,240.08,TAX,1733162745,S11,20241202
S11/20241202/00002,7,TENDER,1,2909.60,TENDER,1733162745,S11,20241202
S11/20241202/00003,1,P103538,4,265.96,SALE,1733144142,S11,20241202
S11/20241202/00003,2,P108008,1,128.46,SALE,1733144142,S11,20241202
S11/20241202/00003,3,P106720,3,126.28,SALE,1733144142,S11,20241202
S11/20241202/00003,4,P101292,1,380.75,SALE,1733144142,S11,20241202
S11/20241202/00003,5,P107989,3,189.72,SALE,1733144142,S11,20241202
S11/20241202/00003,6,P107966,1,391.71,SALE,1733144142,S11,20241202
S11/20241202/00003,7,P108335,1,187.61,SALE,1733144142,S11,20241202
S11/20241202/00003,8,DISC,1,-131.41,DISCOUNT,1733144142,S11,20241202
S11/20241202/00003,9,TAX,1,254.72,TAX,1733144142,S11,20241202
S11/20241202/00003,10,TENDER,1,3223.68,TENDER,1733144142,S11,20241202
S11/20241202/00004,1,P103281,2,172.43,SALE,1733151578,S11,20241202
S11/20241202/00004,2,P104139,4,249.08,SALE,1733151578,S11,20241202
S11/20241202/00004,3,P102569,3,116.37,SALE,1733151578,S11,20241202
S11/20241202/00004,4,P101492,3,113.44,SALE,1733151578,S11,20241202
S11/20241202/00004,5,TAX,1,165.23,TAX,1733151578,S11,20241202
S11/20241202/00004,6,TENDER,1,2195.84,TENDER,1733151578,S11,20241202
S11/20241202/00005,1,P107884,1,29.77,SALE,1733150519,S11,20241202
S11/20241202/00005,2,TAX,1,5.36,TAX,1733150519,S11,20241202
S11/20241202/00005,3,TENDER,1,35.13,TENDER,1733150519,S11,20241202
S11/20241202/00006,1,P104257,3,42.95,SALE,1733158218,S11,20241202
S11/20241202/00006,2,P105345,3,335.85,SALE,1733158218,S11,20241202
S11/20241202/00006,3,P101384,4,42.99,SALE,1733158218,S11,20241202
S11/20241202/00006,4,P101106,2,543.49,SALE,1733158218,S11,20241202
S11/20241202/00006,5,TAX,1,119.77,TAX,1733158218,S11,20241202
S11/20241202/00006,6,TENDER,1,2515.11,TENDER,1733158218,S11,20241202
S11/20241202/00007,1,P103316,1,1774.02,SALE,1733151884,S11,20241202
S11/20241202/00007,2,P105042,3,66.53,SALE,1733151884,S11,20241202
S11/20241202/00007,3,P105923,1,245.29,SALE,1733151884,S11,20241202
S11/20241202/00007,4,P101213,3,232.84,SALE,1733151884,S11,20241202
S11/20241202/00007,5,TAX,1,386.81,TAX,1733151884,S11,20241202
S11/20241202/00007,6,TENDER,1,3304.23,TENDER,1733151884,S11,20241202
S11/20241202/00008,1,P107330,2,134.92,SALE,1733147703,S11,20241202
S11/20241202/00008,2,P108017,2,105.98,SALE,1733147703,S11,20241202
S11/20241202/00008,3,DISC,1,-36.95,DISCOUNT,1733147703,S11,20241202
S11/20241202/00008,4,TAX,1,44.85,TAX,1733147703,S11,20241202
S11/20241202/00008,5,TENDER,1,489.70,TENDER,1733147703,S11,20241202
S11/20241202/00009,1,P102353,1,139.83,SALE,1733139350,S11,20241202
S11/20241202/00009,2,P103273,3,356.86,SALE,1733139350,S11,20241202
S11/20241202/00009,3,P107242,1,635.24,SALE,1733139350,S11,20241202
S11/20241202/00009,4,P106098,1,334.84,SALE,1733139350,S11,20241202
S11/20241202/00009,5,TAX,1,207.40,TAX,1733139350,S11,20241202
S11/20241202/00009,6,TENDER,1,2387.89,TENDER,1733139350,S11,20241202
S11/20241202/00010,1,P107859,2,136.84,SALE,1733154966,S11,20241202
S11/20241202/00010,2,P106686,1,324.48,SALE,1733154966,S11,20241202
S11/20241202/00010,3,P108001,1,96.97,SALE,1733154966,S11,20241202
S11/20241202/00010,4,P100693,3,107.22,SALE,1733154966,S11,20241202
S11/20241202/00010,5,P107646,4,225.19,SALE,1733154966,S11,20241202
S11/20241202/00010,6,TAX,1,132.84,TAX,1733154966,S11,20241202
S11/20241202/00010,7,TENDER,1,2050.39,TENDER,1733154966,S11,20241202
S11/20241202/00011,1,P108144,3,253.94,SALE,1733165177,S11,20241202
S11/20241202/00011,2,P107920,3,109.22,SALE,1733165177,S11,20241202
S11/20241202/00011,3,P100855,1,345.07,SALE,1733165177,S11,20241202
S11/20241202/00011,4,P101762,1,528.36,SALE,1733165177,S11,20241202
S11/20241202/00011,5,TAX,1,275.91,TAX,1733165177,S11,20241202
S11/20241202/00011,6,TENDER,1,2238.82,TENDER,1733165177,S11,20241202
S11/20241202/00012,1,P100560,3,191.75,SALE,1733163661,S11,20241202
S11/20241202/00012,2,P100049,3,68.93,SALE,1733163661,S11,20241202
S11/20241202/00012,3,TAX,1,106.25,TAX,1733163661,S11,20241202
S11/20241202/00012,4,TENDER,1,888.29,TENDER,1733163661,S11,20241202
S11/20241202/00013,1,P104149,2,88.07,SALE,1733139893,S11,20241202
S11/20241202/00013,2,P104242,3,308.27,SALE,1733139893,S11,20241202
S11/20241202/00013,3,P100736,2,700.87,SALE,1733139893,S11,20241202
S11/20241202/00013,4,P102335,1,94.24,SALE,1733139893,S11,20241202
S11/20241202/00013,5,P107449,2,1495.62,SALE,1733139893,S11,20241202
S11/20241202/00013,6,TAX,1,663.91,TAX,1733139893,S11,20241202
S11/20241202/00013,7,TENDER,1,6252.08,TENDER,1733139893,S11,20241202
S11/20241202/00014,1,P107217,3,293.45,SALE,1733157260,S11,20241202
S11/20241202/00014,2,P104149,1,88.07,SALE,1733157260,S11,20241202
S11/20241202/00014,3,P107564,1,325.35,SALE,1733157260,S11,20241202
S11/20241202/00014,4,P107246,3,313.74,SALE,1733157260,S11,20241202
S11/20241202/00014,5,P106773,1,397.71,SALE,1733157260,S11,20241202
S11/20241202/00014,6,TAX,1,390.09,TAX,1733157260,S11,20241202
S11/20241202/00014,7,TENDER,1,3022.79,TENDER,1733157260,S11,20241202
S11/20241202/00015,1,P104844,2,553.13,SALE,1733162697,S11,20241202
S11/20241202/00015,2,P104219,2,249.74,SALE,1733162697,S11,20241202
S11/20241202/00015,3,P105553,2,764.76,SALE,1733162697,S11,20241202
S11/20241202/00015,4,P106955,3,204.37,SALE,1733162697,S11,20241202
S11/20241202/00015,5,P106669,4,102.72,SALE,1733162697,S11,20241202
S11/20241202/00015,6,P108374,3,1417.29,SALE,1733162697,S11,20241202
S11/20241202/00015,7,TAX,1,349.99,TAX,1733162697,S11,20241202
S11/20241202/00015,8,TENDER,1,8761.11,TENDER,1733162697,S11,20241202
S11/20241202/00016,1,P107740,2,1366.88,SALE,1733160796,S11,20241202
S11/20241202/00016,2,P106602,1,122.17,SALE,1733160796,S11,20241202
S11/20241202/00016,3,P106133,2,370.91,SALE,1733160796,S11,20241202
S11/20241202/00016,4,P105908,1,698.64,SALE,1733160796,S11,20241202
S11/20241202/00016,5,P104133,2,248.31,SALE,1733160796,S11,20241202
S11/20241202/00016,6,P101802,2,44.15,SALE,1733160796,S11,20241202
S11/20241202/00016,7,TAX,1,507.03,TAX,1733160796,S11,20241202
S11/20241202/00016,8,TENDER,1,5388.34,TENDER,1733160796,S11,20241202
S11/20241202/00017,1,P103712,2,481.86,SALE,1733165461,S11,20241202
S11/20241202/00017,2,P103438,2,187.96,SALE,1733165461,S11,20241202
S11/20241202/00017,3,TAX,1,134.44,TAX,1733165461,S11,20241202
S11/20241202/00017,4,TENDER,1,1474.08,TENDER,1733165461,S11,20241202
S11/20241202/00018,1,P106391,1,795.61,SALE,1733128963,S11,20241202
S11/20241202/00018,2,P102248,1,22.39,SALE,1733128963,S11,20241202
S11/20241202/00018,3,P101208,2,593.86,SALE,1733128963,S11,20241202
S11/20241202/00018,4,P101384,4,42.99,SALE,1733128963,S11,20241202
S11/20241202/00018,5,P108090,1,139.96,SALE,1733128963,S11,20241202
S11/20241202/00018,6,P102738,1,236.55,SALE,1733128963,S11,20241202
S11/20241202/00018,7,P107472,2,64.61,SALE,1733128963,S11,20241202
S11/20241202/00018,8,P100308,2,328.66,SALE,1733128963,S11,20241202
S11/20241202/00018,9,P104058,4,351.54,SALE,1733128963,S11,20241202
S11/20241202/00018,10,P100924,1,50.37,SALE,1733128963,S11,20241202
S11/20241202/00018,11,TAX,1,431.28,TAX,1733128963,S11,20241202
S11/20241202/00018,12,TENDER,1,5228.54,TENDER,1733128963,S11,20241202
S11/20241202/00019,1,P103137,1,218.09,SALE,1733150188,S11,20241202
S11/20241202/00019,2,P103202,2,295.26,SALE,1733150188,S11,20241202
S11/20241202/00019,3,P102305,2,111.72,SALE,1733150188,S11,20241202
S11/20241202/00019,4,P102772,2,151.97,SALE,1733150188,S11,20241202
S11/20241202/00019,5,DISC,1,-86.57,DISCOUNT,1733150188,S11,20241202
S11/20241202/00019,6,TAX,1,130.03,TAX,1733150188,S11,20241202
S11/20241202/00019,7,TENDER,1,1379.45,TENDER,1733150188,S11,20241202
S11/20241202/00020,1,P103081,4,480.46,SALE,1733148125,S11,20241202
S11/20241202/00020,2,P103449,2,381.08,SALE,1733148125,S11,20241202
S11/20241202/00020,3,P107516,2,565.20,SALE,1733148125,S11,20241202
S11/20241202/00020,4,P107472,1,64.61,SALE,1733148125,S11,20241202
S11/20241202/00020,5,P101101,2,74.25,SALE,1733148125,S11,20241202
S11/20241202/00020,6,TAX,1,608.56,TAX,1733148125,S11,20241202
S11/20241202/00020,7,TENDER,1,4636.07,TENDER,1733148125,S11,20241202
S11/20241202/00021,1,P106911,-4,232.77,RETURN,1733161000,S11,20241202
S11/20241202/00021,2,P105236,-1,552.60,RETURN,1733161000,S11,20241202
S11/20241202/00021,3,P107516,-3,565.20,RETURN,1733161000,S11,20241202
S11/20241202/00021,4,P103438,-2,187.96,RETURN,1733161000,S11,20241202
S11/20241202/00021,5,P100057,-2,233.39,RETURN,1733161000,S11,20241202
S11/20241202/00021,6,P106720,-2,126.28,RETURN,1733161000,S11,20241202
S11/20241202/00021,7,P106942,-2,206.70,RETURN,1733161000,S11,20241202
S11/20241202/00021,8,TAX,1,-512.46,TAX,1733161000,S11,20241202
S11/20241202/00021,9,TENDER,1,-5200.40,TENDER,1733161000,S11,20241202
S11/20241203/00001,1,P107740,4,1366.88,SALE,1733239045,S11,20241203
S11/20241203/00001,2,P106920,1,1398.34,SALE,1733239045,S11,20241203
S11/20241203/00001,3,P107231,2,1193.22,SALE,1733239045,S11,20241203
S11/20241203/00001,4,P105413,2,168.78,SALE,1733239045,S11,20241203
S11/20241203/00001,5,P105971,3,1150.46,SALE,1733239045,S11,20241203
S11/20241203/00001,6,TAX,1,869.18,TAX,1733239045,S11,20241203
S11/20241203/00001,7,TENDER,1,13910.42,TENDER,1733239045,S11,20241203
S11/20241203/00002,1,P101208,1,593.86,SALE,1733262025,S11,20241203
S11/20241203/00002,2,P100326,6,47.79,SALE,1733262025,S11,20241203
S11/20241203/00002,3,P105868,3,68.91,SALE,1733262025,S11,20241203
S11/20241203/00002,4,P106697,4,342.69,SALE,1733262025,S11,20241203
S11/20241203/00002,5,P101827,3,155.74,SALE,1733262025,S11,20241203
S11/20241203/00002,6,TAX,1,249.80,TAX,1733262025,S11,20241203
S11/20241203/00002,7,TENDER,1,3175.11,TENDER,1733262025,S11,20241203
S11/20241203/00003,1,P107715,1,241.95,SALE,1733243289,S11,20241203
S11/20241203/00003,2,P104867,2,190.50,SALE,1733243289,S11,20241203
S11/20241203/00003,3,TAX,1,62.60,TAX,1733243289,S11,20241203
S11/20241203/00003,4,TENDER,1,685.55,TENDER,1733243289,S11,20241203
S11/20241203/00004,1,P101010,1,71.39,SALE,1733236638,S11,20241203
S11/20241203/00004,2,P102598,2,133.17,SALE,1733236638,S11,20241203
S11/20241203/00004,3,P104789,2,67.52,SALE,1733236638,S11,20241203
S11/20241203/00004,4,P105198,3,15.39,SALE,1733236638,S11,20241203
S11/20241203/00004,5,TAX,1,14.11,TAX,1733236638,S11,20241203
S11/20241203/00004,6,TENDER,1,533.05,TENDER,1733236638,S11,20241203
S11/20241203/00005,1,P100519,3,365.61,SALE,1733238654,S11,20241203
S11/20241203/00005,2,P102945,2,43.42,SALE,1733238654,S11,20241203
S11/20241203/00005,3,P100479,4,342.92,SALE,1733238654,S11,20241203
S11/20241203/00005,4,P102682,3,95.00,SALE,1733238654,S11,20241203
S11/20241203/00005,5,TAX,1,326.10,TAX,1733238654,S11,20241203
S11/20241203/00005,6,TENDER,1,3166.45,TENDER,1733238654,S11,20241203
S11/20241203/00006,1,P101458,2,1365.07,SALE,1733230482,S11,20241203
S11/20241203/00006,2,P107555,2,1314.43,SALE,1733230482,S11,20241203
S11/20241203/00006,3,P101774,2,1168.66,SALE,1733230482,S11,20241203
S11/20241203/00006,4,P102324,3,194.59,SALE,1733230482,S11,20241203
S11/20241203/00006,5,P106848,2,17.39,SALE,1733230482,S11,20241203
S11/20241203/00006,6,TAX,1,309.67,TAX,1733230482,S11,20241203
S11/20241203/00006,7,TENDER,1,8624.54,TENDER,1733230482,S11,20241203
S11/20241203/00007,1,P106044,2,40.72,SALE,1733243399,S11,20241203
S11/20241203/00007,2,P102160,1,221.62,SALE,1733243399,S11,20241203
S11/20241203/00007,3,P107848,2,267.41,SALE,1733243399,S11,20241203
S11/20241203/00007,4,P107435,1,636.54,SALE,1733243399,S11,20241203
S11/20241203/00007,5,P103517,1,177.49,SALE,1733243399,S11,20241203
S11/20241203/00007,6,P100255,3,1250.31,SALE,1733243399,S11,20241203
S11/20241203/00007,7,P103946,2,338.64,SALE,1733243399,S11,20241203
S11/20241203/00007,8,P104316,3,489.63,SALE,1733243399,S11,20241203
S11/20241203/00007,9,TAX,1,634.52,TAX,1733243399,S11,20241203
S11/20241203/00007,10,TENDER,1,8183.53,TENDER,1733243399,S11,20241203
S11/20241203/00008,1,P106181,-1,778.60,RETURN,1733246987,S11,20241203
S11/20241203/00008,2,P103946,-2,338.64,RETURN,1733246987,S11,20241203
S11/20241203/00008,3,P107190,-5,223.50,RETURN,1733246987,S11,20241203
S11/20241203/00008,4,P102494,-1,14.54,RETURN,1733246987,S11,20241203
S11/20241203/00008,5,P105331,-1,308.39,RETURN,1733246987,S11,20241203
S11/20241203/00008,6,TAX,1,-219.19,TAX,1733246987,S11,20241203
S11/20241203/00008,7,TENDER,1,-3115.50,TENDER,1733246987,S11,20241203
S11/20241203/00009,1,P101638,2,402.54,SALE,1733271729,S11,20241203
S11/20241203/00009,2,P108144,2,253.94,SALE,1733271729,S11,20241203
S11/20241203/00009,3,P107409,1,486.68,SALE,1733271729,S11,20241203
S11/20241203/00009,4,TAX,1,181.89,TAX,1733271729,S11,20241203
S11/20241203/00009,5,TENDER,1,1981.53,TENDER,1733271729,S11,20241203
S11/20241203/00010,1,P101064,2,33.84,SALE,1733239785,S11,20241203
S11/20241203/00010,2,P106872,2,73.12,SALE,1733239785,S11,20241203
S11/20241203/00010,3,P103757,2,159.40,SALE,1733239785,S11,20241203
S11/20241203/00010,4,P107327,2,1138.42,SALE,1733239785,S11,20241203
S11/20241203/00010,5,TAX,1,54.45,TAX,1733239785,S11,20241203
S11/20241203/00010,6,TENDER,1,2864.01,TENDER,1733239785,S11,20241203
S11/20241203/00011,1,P102311,2,308.69,SALE,1733237515,S11,20241203
S11/20241203/00011,2,P102695,1,1277.24,SALE,1733237515,S11,20241203
S11/20241203/00011,3,P108149,2,1073.33,SALE,1733237515,S11,20241203
S11/20241203/00011,4,TAX,1,184.14,TAX,1733237515,S11,20241203
S11/20241203/00011,5,TENDER,1,4225.42,TENDER,1733237515,S11,20241203
S11/20241203/00012,1,P107327,1,1138.42,SALE,1733243053,S11,20241203
S11/20241203/00012,2,P101164,3,401.86,SALE,1733243053,S11,20241203
S11/20241203/00012,3,P102000,2,82.98,SALE,1733243053,S11,20241203
S11/20241203/00012,4,P102671,3,252.00,SALE,1733243053,S11,20241203
S11/20241203/00012,5,P105119,5,106.45,SALE,1733243053,S11,20241203
S11/20241203/00012,6,TAX,1,478.76,TAX,1733243053,S11,20241203
S11/20241203/00012,7,TENDER,1,4276.97,TENDER,1733243053,S11,20241203
S11/20241203/00013,1,P106072,3,78.69,SALE,1733233415,S11,20241203
S11/20241203/00013,2,P103732,3,94.74,SALE,1733233415,S11,20241203
S11/20241203/00013,3,P101864,2,112.21,SALE,1733233415,S11,20241203
S11/20241203/00013,4,P103973,1,108.48,SALE,1733233415,S11,20241203
S11/20241203/00013,5,P100131,2,667.83,SALE,1733233415,S11,20241203
S11/20241203/00013,6,P107989,3,189.72,SALE,1733233415,S11,20241203
S11/20241203/00013,7,P102656,4,194.33,SALE,1733233415,S11,20241203
S11/20241203/00013,8,TAX,1,404.06,TAX,1733233415,S11,20241203
S11/20241203/00013,9,TENDER,1,3939.39,TENDER,1733233415,S11,20241203
S11/20241203/00014,1,P104401,1,207.51,SALE,1733250700,S11,20241203
S11/20241203/00014,2,P108247,1,252.59,SALE,1733250700,S11,20241203
S11/20241203/00014,3,P102833,2,680.71,SALE,1733250700,S11,20241203
S11/20241203/00014,4,P102903,2,51.46,SALE,1733250700,S11,20241203
S11/20241203/00014,5,TAX,1,156.96,TAX,1733250700,S11,20241203
S11/20241203/00014,6,TENDER,1,2081.40,TENDER,1733250700,S11,20241203
S11/20241203/00015,1,P107966,1,391.71,SALE,1733256969,S11,20241203
S11/20241203/00015,2,P104916,2,340.18,SALE,1733256969,S11,20241203
S11/20241203/00015,3,TAX,1,122.46,TAX,1733256969,S11,20241203
S11/20241203/00015,4,TENDER,1,1194.53,TENDER,1733256969,S11,20241203
S11/20241203/00016,1,P103577,2,100.44,SALE,1733251857,S11,20241203
S11/20241203/00016,2,P107301,2,945.94,SALE,1733251857,S11,20241203
S11/20241203/00016,3,P103908,3,104.62,SALE,1733251857,S11,20241203
S11/20241203/00016,4,P106718,1,525.27,SALE,1733251857,S11,20241203
S11/20241203/00016,5,P101732,1,1390.76,SALE,1733251857,S11,20241203
S11/20241203/00016,6,TAX,1,323.21,TAX,1733251857,S11,20241203
S11/20241203/00016,7,TENDER,1,4645.86,TENDER,1733251857,S11,20241203
S11/20241203/00017,1,P104501,2,413.53,SALE,1733213215,S11,20241203
S11/20241203/00017,2,P104334,2,294.34,SALE,1733213215,S11,20241203
S11/20241203/00017,3,P104784,2,370.89,SALE,1733213215,S11,20241203
S11/20241203/00017,4,P108338,2,218.68,SALE,1733213215,S11,20241203
S11/20241203/00017,5,P104358,3,1243.57,SALE,1733213215,S11,20241203
S11/20241203/00017,6,P102811,3,199.78,SALE,1733213215,S11,20241203
S11/20241203/00017,7,P104831,2,1516.75,SALE,1733213215,S11,20241203
S11/20241203/00017,8,TAX,1,1038.84,TAX,1733213215,S11,20241203
S11/20241203/00017,9,TENDER,1,10997.27,TENDER,1733213215,S11,20241203
S11/20241203/00018,1,P102768,4,158.73,SALE,1733261817,S11,20241203
S11/20241203/00018,2,P105740,1,103.24,SALE,1733261817,S11,20241203
S11/20241203/00018,3,P106965,3,89.01,SALE,1733261817,S11,20241203
S11/20241203/00018,4,TAX,1,146.22,TAX,1733261817,S11,20241203
S11/20241203/00018,5,TENDER,1,1151.41,TENDER,1733261817,S11,20241203
S11/20241203/00019,1,P108125,4,129.06,SALE,1733228104,S11,20241203
S11/20241203/00019,2,P100665,1,305.11,SALE,1733228104,S11,20241203
S11/20241203/00019,3,P101127,1,51.94,SALE,1733228104,S11,20241203
S11/20241203/00019,4,TAX,1,36.61,TAX,1733228104,S11,20241203
S11/20241203/00019,5,TENDER,1,909.90,TENDER,1733228104,S11,20241203
S11/20241203/00020,1,P108369,5,326.04,SALE,1733249966,S11,20241203
S11/20241203/00020,2,P102821,1,1314.43,SALE,1733249966,S11,20241203
S11/20241203/00020,3,P104715,1,162.67,SALE,1733249966,S11,20241203
S11/20241203/00020,4,P103794,4,785.54,SALE,1733249966,S11,20241203
S11/20241203/00020,5,P100850,1,172.84,SALE,1733249966,S11,20241203
S11/20241203/00020,6,P100362,3,282.80,SALE,1733249966,S11,20241203
S11/20241203/00020,7,TAX,1,500.57,TAX,1733249966,S11,20241203
S11/20241203/00020,8,TENDER,1,7771.27,TENDER,1733249966,S11,20241203
S11/20241203/00021,1,P102480,2,198.67,SALE,1733254258,S11,20241203
S11/20241203/00021,2,P106602,4,122.17,SALE,1733254258,S11,20241203
S11/20241203/00021,3,P102794,3,416.24,SALE,1733254258,S11,20241203
S11/20241203/00021,4,P104725,3,551.38,SALE,1733254258,S11,20241203
S11/20241203/00021,5,P106024,2,472.89,SALE,1733254258,S11,20241203
S11/20241203/00021,6,TAX,1,512.29,TAX,1733254258,S11,20241203
S11/20241203/00021,7,TENDER,1,5246.95,TENDER,1733254258,S11,20241203
S11/20241203/00022,1,P104446,3,66.45,SALE,1733242588,S11,20241203
S11/20241203/00022,2,P101106,1,543.49,SALE,1733242588,S11,20241203
S11/20241203/00022,3,P102054,2,142.99,SALE,1733242588,S11,20241203
S11/20241203/00022,4,P106833,5,446.47,SALE,1733242588,S11,20241203
S11/20241203/00022,5,P106181,2,778.60,SALE,1733242588,S11,20241203
S11/20241203/00022,6,P105698,2,194.14,SALE,1733242588,S11,20241203
S11/20241203/00022,7,P101465,1,573.89,SALE,1733242588,S11,20241203
S11/20241203/00022,8,TAX,1,652.37,TAX,1733242588,S11,20241203
S11/20241203/00022,9,TENDER,1,6432.91,TENDER,1733242588,S11,20241203
S11/20241203/00023,1,P102691,3,219.72,SALE,1733232617,S11,20241203
S11/20241203/00023,2,TAX,1,32.96,TAX,1733232617,S11,20241203
S11/20241203/00023,3,TENDER,1,692.12,TENDER,1733232617,S11,20241203
S11/20241204/00001,1,P107381,4,195.99,SALE,1733342137,S11,20241204
S11/20241204/00001,2,P107777,3,222.77,SALE,1733342137,S11,20241204
S11/20241204/00001,3,P107432,2,45.60,SALE,1733342137,S11,20241204
S11/20241204/00001,4,TAX,1,98.64,TAX,1733342137,S11,20241204
S11/20241204/00001,5,TENDER,1,1642.11,TENDER,1733342137,S11,20241204
S11/20241204/00002,1,P101720,1,44.26,SALE,1733336229,S11,20241204
S11/20241204/00002,2,P100967,2,969.23,SALE,1733336229,S11,20241204
S11/20241204/00002,3,P105164,3,242.35,SALE,1733336229,S11,20241204
S11/20241204/00002,4,P106639,1,485.46,SALE,1733336229,S11,20241204
S11/20241204/00002,5,P107784,1,245.59,SALE,1733336229,S11,20241204
S11/20241204/00002,6,P101720,-1,44.26,VOID,1733336229,S11,20241204
S11/20241204/00002,7,P100967,-2,969.23,VOID,1733336229,S11,20241204
S11/20241204/00002,8,P105164,-3,242.35,VOID,1733336229,S11,20241204
S11/20241204/00002,9,P106639,-1,485.46,VOID,1733336229,S11,20241204
S11/20241204/00002,10,P107784,-1,245.59,VOID,1733336229,S11,20241204
S11/20241204/00002,11,TAX,1,0.00,TAX,1733336229,S11,20241204
S11/20241204/00002,12,TENDER,1,0.00,TENDER,1733336229,S11,20241204
S11/20241204/00003,1,P102954,3,129.98,SALE,1733316521,S11,20241204
S11/20241204/00003,2,P101076,2,606.89,SALE,1733316521,S11,20241204
S11/20241204/00003,3,P102122,3,138.84,SALE,1733316521,S11,20241204
S11/20241204/00003,4,P103416,2,73.27,SALE,1733316521,S11,20241204
S11/20241204/00003,5,P107508,3,1577.69,SALE,1733316521,S11,20241204
S11/20241204/00003,6,P104909,2,363.10,SALE,1733316521,S11,20241204
S11/20241204/00003,7,P106833,3,446.47,SALE,1733316521,S11,20241204
S11/20241204/00003,8,TAX,1,1017.89,TAX,1733316521,S11,20241204
S11/20241204/00003,9,TENDER,1,9983.35,TENDER,1733316521,S11,20241204
S11/20241204/00004,1,P102695,1,1277.24,SALE,1733325564,S11,20241204
S11/20241204/00004,2,P101263,2,684.55,SALE,1733325564,S11,20241204
S11/20241204/00004,3,P103682,2,372.67,SALE,1733325564,S11,20241204
S11/20241204/00004,4,P106244,2,73.94,SALE,1733325564,S11,20241204
S11/20241204/00004,5,P102794,2,416.24,SALE,1733325564,S11,20241204
S11/20241204/00004,6,TAX,1,551.61,TAX,1733325564,S11,20241204
S11/20241204/00004,7,TENDER,1,4923.65,TENDER,1733325564,S11,20241204
S11/20241204/00005,1,P108032,5,648.04,SALE,1733325207,S11,20241204
S11/20241204/00005,2,P108017,4,105.98,SALE,1733325207,S11,20241204
S11/20241204/00005,3,P105547,1,431.77,SALE,1733325207,S11,20241204
S11/20241204/00005,4,P101842,1,227.96,SALE,1733325207,S11,20241204
S11/20241204/00005,5,P101152,3,490.05,SALE,1733325207,S11,20241204
S11/20241204/00005,6,P102963,3,415.64,SALE,1733325207,S11,20241204
S11/20241204/00005,7,P105009,4,65.38,SALE,1733325207,S11,20241204
S11/20241204/00005,8,P108302,1,855.55,SALE,1733325207,S11,20241204
S11/20241204/00005,9,P105337,3,35.20,SALE,1733325207,S11,20241204
S11/20241204/00005,10,DISC,1,-759.49,DISCOUNT,1733325207,S11,20241204
S11/20241204/00005,11,TAX,1,941.00,TAX,1733325207,S11,20241204
S11/20241204/00005,12,TENDER,1,8445.10,TENDER,1733325207,S11,20241204
S11/20241204/00006,1,P107137,3,32.59,SALE,1733325390,S11,20241204
S11/20241204/00006,2,P105155,2,350.84,SALE,1733325390,S11,20241204
S11/20241204/00006,3,P105100,1,270.01,SALE,1733325390,S11,20241204
S11/20241204/00006,4,P108125,3,129.06,SALE,1733325390,S11,20241204
S11/20241204/00006,5,P105531,3,502.91,SALE,1733325390,S11,20241204
S11/20241204/00006,6,P105511,2,310.12,SALE,1733325390,S11,20241204
S11/20241204/00006,7,P100767,1,277.22,SALE,1733325390,S11,20241204
S11/20241204/00006,8,TAX,1,409.64,TAX,1733325390,S11,20241204
S11/20241204/00006,9,TENDER,1,4272.47,TENDER,1733325390,S11,20241204
S11/20241204/00007,1,P102290,3,587.69,SALE,1733329652,S11,20241204
S11/20241204/00007,2,P107047,3,413.27,SALE,1733329652,S11,20241204
S11/20241204/00007,3,P108272,3,121.99,SALE,1733329652,S11,20241204
S11/20241204/00007,4,P107208,3,323.06,SALE,1733329652,S11,20241204
S11/20241204/00007,5,P105855,2,123.28,SALE,1733329652,S11,20241204
S11/20241204/00007,6,P104194,2,119.04,SALE,1733329652,S11,20241204
S11/20241204/00007,7,P100362,3,282.80,SALE,1733329652,S11,20241204
S11/20241204/00007,8,P102175,2,191.56,SALE,1733329652,S11,20241204
S11/20241204/00007,9,P104625,2,296.80,SALE,1733329652,S11,20241204
S11/20241204/00007,10,TAX,1,507.90,TAX,1733329652,S11,20241204
S11/20241204/00007,11,TENDER,1,7155.69,TENDER,1733329652,S11,20241204
S11/20241204/00008,1,P107826,2,136.08,SALE,1733336727,S11,20241204
S11/20241204/00008,2,TAX,1,32.66,TAX,1733336727,S11,20241204
S11/20241204/00008,3,TENDER,1,304.82,TENDER,1733336727,S11,20241204
S11/20241204/00009,1,P104501,1,413.53,SALE,1733317686,S11,20241204
S11/20241204/00009,2,P101225,1,452.38,SALE,1733317686,S11,20241204
S11/20241204/00009,3,P105656,3,516.52,SALE,1733317686,S11,20241204
S11/20241204/00009,4,P103719,2,957.52,SALE,1733317686,S11,20241204
S11/20241204/00009,5,TAX,1,284.09,TAX,1733317686,S11,20241204
S11/20241204/00009,6,TENDER,1,4614.60,TENDER,1733317686,S11,20241204
S11/20241204/00010,1,P102546,2,74.67,SALE,1733357521,S11,20241204
S11/20241204/00010,2,P102998,1,158.64,SALE,1733357521,S11,20241204
S11/20241204/00010,3,P101940,3,201.44,SALE,1733357521,S11,20241204
S11/20241204/00010,4,P104011,1,657.72,SALE,1733357521,S11,20241204
S11/20241204/00010,5,TAX,1,160.84,TAX,1733357521,S11,20241204
S11/20241204/00010,6,TENDER,1,1730.86,TENDER,1733357521,S11,20241204
S11/20241204/00011,1,P106965,4,89.01,SALE,1733348159,S11,20241204
S11/20241204/00011,2,P106151,1,298.42,SALE,1733348159,S11,20241204
S11/20241204/00011,3,P105106,2,104.56,SALE,1733348159,S11,20241204
S11/20241204/00011,4,TAX,1,91.25,TAX,1733348159,S11,20241204
S11/20241204/00011,5,TENDER,1,954.83,TENDER,1733348159,S11,20241204
S11/20241204/00012,1,P106911,2,232.77,SALE,1733325936,S11,20241204
S11/20241204/00012,2,P103129,2,84.49,SALE,1733325936,S11,20241204
S11/20241204/00012,3,TAX,1,30.42,TAX,1733325936,S11,20241204
S11/20241204/00012,4,TENDER,1,664.94,TENDER,1733325936,S11,20241204
S11/20241204/00013,1,P104992,2,979.87,SALE,1733330865,S11,20241204
S11/20241204/00013,2,P108118,2,66.05,SALE,1733330865,S11,20241204
S11/20241204/00013,3,TAX,1,6.61,TAX,1733330865,S11,20241204
S11/20241204/00013,4,TENDER,1,2098.45,TENDER,1733330865,S11,20241204
S11/20241204/00014,1,P102886,2,139.22,SALE,1733320681,S11,20241204
S11/20241204/00014,2,P103340,3,537.50,SALE,1733320681,S11,20241204
S11/20241204/00014,3,P104023,3,630.48,SALE,1733320681,S11,20241204
S11/20241204/00014,4,P100985,2,327.15,SALE,1733320681,S11,20241204
S11/20241204/00014,5,P102833,4,680.71,SALE,1733320681,S11,20241204
S11/20241204/00014,6,P105468,2,1100.43,SALE,1733320681,S11,20241204
S11/20241204/00014,7,TAX,1,762.70,TAX,1733320681,S11,20241204
S11/20241204/00014,8,TENDER,1,10123.08,TENDER,1733320681,S11,20241204
S11/20241204/00015,1,P100198,2,162.72,SALE,1733346929,S11,20241204
S11/20241204/00015,2,P107681,4,193.13,SALE,1733346929,S11,20241204
S11/20241204/00015,3,TAX,1,155.33,TAX,1733346929,S11,20241204
S11/20241204/00015,4,TENDER,1,1253.29,TENDER,1733346929,S11,20241204
S11/20241204/00016,1,P106989,1,26.75,SALE,1733314515,S11,20241204
S11/20241204/00016,2,P101990,2,408.52,SALE,1733314515,S11,20241204
S11/20241204/00016,3,P104048,3,193.57,SALE,1733314515,S11,20241204
S11/20241204/00016,4,TAX,1,172.55,TAX,1733314515,S11,20241204
S11/20241204/00016,5,TENDER,1,1597.05,TENDER,1733314515,S11,20241204
S11/20241204/00017,1,P104389,-3,169.98,RETURN,1733310579,S11,20241204
S11/20241204/00017,2,P103794,-1,785.54,RETURN,1733310579,S11,20241204
S11/20241204/00017,3,TAX,1,-131.07,TAX,1733310579,S11,20241204
S11/20241204/00017,4,TENDER,1,-1426.55,TENDER,1733310579,S11,20241204
S11/20241204/00018,1,P106143,1,61.74,SALE,1733336112,S11,20241204
S11/20241204/00018,2,P107859,2,136.84,SALE,1733336112,S11,20241204
S11/20241204/00018,3,P106718,1,525.27,SALE,1733336112,S11,20241204
S11/20241204/00018,4,P104883,2,370.64,SALE,1733336112,S11,20241204
S11/20241204/00018,5,TAX,1,156.41,TAX,1733336112,S11,20241204
S11/20241204/00018,6,TENDER,1,1758.38,TENDER,1733336112,S11,20241204
S11/20241204/00019,1,P105236,2,552.60,SALE,1733353274,S11,20241204
S11/20241204/00019,2,P107609,2,108.46,SALE,1733353274,S11,20241204
S11/20241204/00019,3,TAX,1,171.67,TAX,1733353274,S11,20241204
S11/20241204/00019,4,TENDER,1,1493.79,TENDER,1733353274,S11,20241204
S11/20241204/00020,1,P105775,2,104.41,SALE,1733320828,S11,20241204
S11/20241204/00020,2,P107662,1,330.01,SALE,1733320828,S11,20241204
S11/20241204/00020,3,P101034,1,94.74,SALE,1733320828,S11,20241204
S11/20241204/00020,4,DISC,1,-34.97,DISCOUNT,1733320828,S11,20241204
S11/20241204/00020,5,TAX,1,66.86,TAX,1733320828,S11,20241204
S11/20241204/00020,6,TENDER,1,665.46,TENDER,1733320828,S11,20241204
S11/20241204/00021,1,P102375,1,509.34,SALE,1733325905,S11,20241204
S11/20241204/00021,2,P100536,1,471.52,SALE,1733325905,S11,20241204
S11/20241204/00021,3,P103886,1,312.24,SALE,1733325905,S11,20241204
S11/20241204/00021,4,P100571,1,134.98,SALE,1733325905,S11,20241204
S11/20241204/00021,5,P104401,1,207.51,SALE,1733325905,S11,20241204
S11/20241204/00021,6,DISC,1,-165.09,DISCOUNT,1733325905,S11,20241204
S11/20241204/00021,7,TAX,1,202.97,TAX,1733325905,S11,20241204
S11/20241204/00021,8,TENDER,1,1673.47,TENDER,1733325905,S11,20241204
S11/20241204/00022,1,P104478,-1,18.27,RETURN,1733311527,S11,20241204
S11/20241204/00022,2,P107623,-3,468.34,RETURN,1733311527,S11,20241204
S11/20241204/00022,3,P105908,-3,698.64,RETURN,1733311527,S11,20241204
S11/20241204/00022,4,P107215,-4,153.85,RETURN,1733311527,S11,20241204
S11/20241204/00022,5,P105511,-2,310.12,RETURN,1733311527,S11,20241204
S11/20241204/00022,6,TAX,1,-546.48,TAX,1733311527,S11,20241204
S11/20241204/00022,7,TENDER,1,-5301.33,TENDER,1733311527,S11,20241204
S11/20241204/00023,1,P102342,3,107.02,SALE,1733330026,S11,20241204
S11/20241204/00023,2,P105553,3,764.76,SALE,1733330026,S11,20241204
S11/20241204/00023,3,P101626,2,1040.69,SALE,1733330026,S11,20241204
S11/20241204/00023,4,P102695,3,1277.24,SALE,1733330026,S11,20241204
S11/20241204/00023,5,TAX,1,1023.41,TAX,1733330026,S11,20241204
S11/20241204/00023,6,TENDER,1,9551.85,TENDER,1733330026,S11,20241204
S11/20241205/00001,1,P105394,2,327.72,SALE,1733419013,S11,20241205
S11/20241205/00001,2,P106336,3,452.43,SALE,1733419013,S11,20241205
S11/20241205/00001,3,P100100,2,435.38,SALE,1733419013,S11,20241205
S11/20241205/00001,4,P107775,2,737.39,SALE,1733419013,S11,20241205
S11/20241205/00001,5,P104328,1,64.22,SALE,1733419013,S11,20241205
S11/20241205/00001,6,P101106,4,543.49,SALE,1733419013,S11,20241205
S11/20241205/00001,7,TAX,1,652.43,TAX,1733419013,S11,20241205
S11/20241205/00001,8,TENDER,1,7248.88,TENDER,1733419013,S11,20241205
S11/20241205/00002,1,P102217,2,68.46,SALE,1733403770,S11,20241205
S11/20241205/00002,2,P105684,2,1114.27,SALE,1733403770,S11,20241205
S11/20241205/00002,3,P102371,1,59.77,SALE,1733403770,S11,20241205
S11/20241205/00002,4,P103354,1,894.50,SALE,1733403770,S11,20241205
S11/20241205/00002,5,TAX,1,111.43,TAX,1733403770,S11,20241205
S11/20241205/00002,6,TENDER,1,3431.16,TENDER,1733403770,S11,20241205
S11/20241205/00003,1,P108206,1,81.62,SALE,1733418431,S11,20241205
S11/20241205/00003,2,P106181,1,778.60,SALE,1733418431,S11,20241205
S11/20241205/00003,3,P105562,2,422.85,SALE,1733418431,S11,20241205
S11/20241205/00003,4,P107126,3,68.67,SALE,1733418431,S11,20241205
S11/20241205/00003,5,P106391,2,795.61,SALE,1733418431,S11,20241205
S11/20241205/00003,6,P105050,3,109.65,SALE,1733418431,S11,20241205
S11/20241205/00003,7,P102436,2,243.03,SALE,1733418431,S11,20241205
S11/20241205/00003,8,P101152,1,490.05,SALE,1733418431,S11,20241205
S11/20241205/00003,9,P104446,2,66.45,SALE,1733418431,S11,20241205
S11/20241205/00003,10,P100999,2,171.06,SALE,1733418431,S11,20241205
S11/20241205/00003,11,P101933,2,1344.63,SALE,1733418431,S11,20241205
S11/20241205/00003,12,P108206,-1,81.62,VOID,1733418431,S11,20241205
S11/20241205/00003,13,P106181,-1,778.60,VOID,1733418431,S11,20241205
S11/20241205/00003,14,P105562,-2,422.85,VOID,1733418431,S11,20241205
S11/20241205/00003,15,P107126,-3,68.67,VOID,1733418431,S11,20241205
S11/20241205/00003,16,P106391,-2,795.61,VOID,1733418431,S11,20241205
S11/20241205/00003,17,P105050,-3,109.65,VOID,1733418431,S11,20241205
S11/20241205/00003,18,P102436,-2,243.03,VOID,1733418431,S11,20241205
S11/20241205/00003,19,P101152,-1,490.05,VOID,1733418431,S11,20241205
S11/20241205/00003,20,P104446,-2,66.45,VOID,1733418431,S11,20241205
S11/20241205/00003,21,P100999,-2,171.06,VOID,1733418431,S11,20241205
S11/20241205/00003,22,P101933,-2,1344.63,VOID,1733418431,S11,20241205
S11/20241205/00003,23,TAX,1,0.00,TAX,1733418431,S11,20241205
S11/20241205/00003,24,TENDER,1,0.00,TENDER,1733418431,S11,20241205
S11/20241205/00004,1,P102549,1,139.23,SALE,1733408795,S11,20241205
S11/20241205/00004,2,P100640,4,379.48,SALE,1733408795,S11,20241205
S11/20241205/00004,3,P106877,2,1085.30,SALE,1733408795,S11,20241205
S11/20241205/00004,4,P101164,1,401.86,SALE,1733408795,S11,20241205
S11/20241205/00004,5,P107190,3,223.50,SALE,1733408795,S11,20241205
S11/20241205/00004,6,P100456,3,982.47,SALE,1733408795,S11,20241205
S11/20241205/00004,7,P106907,3,321.26,SALE,1733408795,S11,20241205
S11/20241205/00004,8,TAX,1,522.55,TAX,1733408795,S11,20241205
S11/20241205/00004,9,TENDER,1,9333.85,TENDER,1733408795,S11,20241205
S11/20241205/00005,1,P107253,2,249.41,SALE,1733433961,S11,20241205
S11/20241205/00005,2,P106234,3,79.42,SALE,1733433961,S11,20241205
S11/20241205/00005,3,P103074,1,52.85,SALE,1733433961,S11,20241205
S11/20241205/00005,4,P108302,1,855.55,SALE,1733433961,S11,20241205
S11/20241205/00005,5,P103178,2,21.89,SALE,1733433961,S11,20241205
S11/20241205/00005,6,P105106,1,104.56,SALE,1733433961,S11,20241205
S11/20241205/00005,7,TAX,1,107.58,TAX,1733433961,S11,20241205
S11/20241205/00005,8,TENDER,1,1901.40,TENDER,1733433961,S11,20241205
S11/20241205/00006,1,P108326,1,472.80,SALE,1733391138,S11,20241205
S11/20241205/00006,2,P102248,2,22.39,SALE,1733391138,S11,20241205
S11/20241205/00006,3,P100348,1,527.90,SALE,1733391138,S11,20241205
S11/20241205/00006,4,P100463,2,290.57,SALE,1733391138,S11,20241205
S11/20241205/00006,5,P106258,5,423.67,SALE,1733391138,S11,20241205
S11/20241205/00006,6,P107564,2,325.35,SALE,1733391138,S11,20241205
S11/20241205/00006,7,TAX,1,336.87,TAX,1733391138,S11,20241205
S11/20241205/00006,8,TENDER,1,4732.54,TENDER,1733391138,S11,20241205
S11/20241205/00007,1,P103922,4,51.00,SALE,1733419638,S11,20241205
S11/20241205/00007,2,P101037,2,613.83,SALE,1733419638,S11,20241205
S11/20241205/00007,3,TAX,1,257.70,TAX,1733419638,S11,20241205
S11/20241205/00007,4,TENDER,1,1689.36,TENDER,1733419638,S11,20241205
S11/20241205/00008,1,P101564,1,172.72,SALE,1733410266,S11,20241205
S11/20241205/00008,2,P104688,1,178.09,SALE,1733410266,S11,20241205
S11/20241205/00008,3,P107354,1,227.60,SALE,1733410266,S11,20241205
S11/20241205/00008,4,P105937,3,259.08,SALE,1733410266,S11,20241205
S11/20241205/00008,5,P107072,1,75.15,SALE,1733410266,S11,20241205
S11/20241205/00008,6,TAX,1,207.21,TAX,1733410266,S11,20241205
S11/20241205/00008,7,TENDER,1,1638.01,TENDER,1733410266,S11,20241205
S11/20241205/00009,1,P101037,3,613.83,SALE,1733404646,S11,20241205
S11/20241205/00009,2,TAX,1,331.47,TAX,1733404646,S11,20241205
S11/20241205/00009,3,TENDER,1,2172.96,TENDER,1733404646,S11,20241205
S11/20241205/00010,1,P103137,1,218.09,SALE,1733401228,S11,20241205
S11/20241205/00010,2,P101774,3,1168.66,SALE,1733401228,S11,20241205
S11/20241205/00010,3,P104992,1,979.87,SALE,1733401228,S11,20241205
S11/20241205/00010,4,P103855,3,322.11,SALE,1733401228,S11,20241205
S11/20241205/00010,5,P104533,2,313.53,SALE,1733401228,S11,20241205
S11/20241205/00010,6,P106975,3,143.78,SALE,1733401228,S11,20241205
S11/20241205/00010,7,P102014,1,261.84,SALE,1733401228,S11,20241205
S11/20241205/00010,8,P105757,3,248.44,SALE,1733401228,S11,20241205
S11/20241205/00010,9,P106200,3,119.89,SALE,1733401228,S11,20241205
S11/20241205/00010,10,P102371,2,59.77,SALE,1733401228,S11,20241205
S11/20241205/00010,11,TAX,1,857.38,TAX,1733401228,S11,20241205
S11/20241205/00010,12,TENDER,1,9072.42,TENDER,1733401228,S11,20241205
S11/20241205/00011,1,P102054,1,142.99,SALE,1733393462,S11,20241205
S11/20241205/00011,2,P102445,3,31.53,SALE,1733393462,S11,20241205
S11/20241205/00011,3,TAX,1,24.18,TAX,1733393462,S11,20241205
S11/20241205/00011,4,TENDER,1,261.76,TENDER,1733393462,S11,20241205
S11/20241205/00012,1,P108046,3,101.85,SALE,1733412964,S11,20241205
S11/20241205/00012,2,P100156,2,1528.63,SALE,1733412964,S11,20241205
S11/20241205/00012,3,P103283,2,166.64,SALE,1733412964,S11,20241205
S11/20241205/00012,4,P101543,4,178.10,SALE,1733412964,S11,20241205
S11/20241205/00012,5,P104688,2,178.09,SALE,1733412964,S11,20241205
S11/20241205/00012,6,P106209,1,199.51,SALE,1733412964,S11,20241205
S11/20241205/00012,7,TAX,1,241.65,TAX,1733412964,S11,20241205
S11/20241205/00012,8,TENDER,1,5205.83,TENDER,1733412964,S11,20241205
S11/20241205/00013,1,P105351,3,109.14,SALE,1733440339,S11,20241205
S11/20241205/00013,2,P102913,5,375.37,SALE,1733440339,S11,20241205
S11/20241205/00013,3,P108191,1,309.71,SALE,1733440339,S11,20241205
S11/20241205/00013,4,TAX,1,299.64,TAX,1733440339,S11,20241205
S11/20241205/00013,5,TENDER,1,2813.62,TENDER,1733440339,S11,20241205
S11/20241205/00014,1,P102534,2,98.12,SALE,1733414179,S11,20241205
S11/20241205/00014,2,P100380,2,136.58,SALE,1733414179,S11,20241205
S11/20241205/00014,3,TAX,1,68.10,TAX,1733414179,S11,20241205
S11/20241205/00014,4,TENDER,1,537.50,TENDER,1733414179,S11,20241205
S11/20241205/00015,1,P105337,4,35.20,SALE,1733394111,S11,20241205
S11/20241205/00015,2,P100889,1,1028.39,SALE,1733394111,S11,20241205
S11/20241205/00015,3,P105677,2,109.29,SALE,1733394111,S11,20241205
S11/20241205/00015,4,P103986,3,495.05,SALE,1733394111,S11,20241205
S11/20241205/00015,5,TAX,1,365.13,TAX,1733394111,S11,20241205
S11/20241205/00015,6,TENDER,1,3238.05,TENDER,1733394111,S11,20241205
S11/20241205/00016,1,P107308,3,226.19,SALE,1733394444,S11,20241205
S11/20241205/00016,2,P106577,2,52.98,SALE,1733394444,S11,20241205
S11/20241205/00016,3,P101419,3,202.93,SALE,1733394444,S11,20241205
S11/20241205/00016,4,P102436,3,243.03,SALE,1733394444,S11,20241205
S11/20241205/00016,5,P100260,2,1120.33,SALE,1733394444,S11,20241205
S11/20241205/00016,6,P102520,2,731.86,SALE,1733394444,S11,20241205
S11/20241205/00016,7,P105594,2,321.63,SALE,1733394444,S11,20241205
S11/20241205/00016,8,P103435,1,443.24,SALE,1733394444,S11,20241205
S11/20241205/00016,9,P105980,2,288.70,SALE,1733394444,S11,20241205
S11/20241205/00016,10,TAX,1,631.18,TAX,1733394444,S11,20241205
S11/20241205/00016,11,TENDER,1,8121.87,TENDER,1733394444,S11,20241205
S11/20241205/00017,1,P107662,2,330.01,SALE,1733407221,S11,20241205
S11/20241205/00017,2,P102801,2,108.87,SALE,1733407221,S11,20241205
S11/20241205/00017,3,P104361,3,1519.18,SALE,1733407221,S11,20241205
S11/20241205/00017,4,P105950,1,1356.49,SALE,1733407221,S11,20241205
S11/20241205/00017,5,P103281,1,172.43,SALE,1733407221,S11,20241205
S11/20241205/00017,6,P106123,2,248.44,SALE,1733407221,S11,20241205
S11/20241205/00017,7,TAX,1,735.94,TAX,1733407221,S11,20241205
S11/20241205/00017,8,TENDER,1,8197.04,TENDER,1733407221,S11,20241205
S11/20241205/00018,1,P100086,2,89.00,SALE,1733418443,S11,20241205
S11/20241205/00018,2,P101242,1,92.35,SALE,1733418443,S11,20241205
S11/20241205/00018,3,P100754,1,91.60,SALE,1733418443,S11,20241205
S11/20241205/00018,4,TAX,1,30.10,TAX,1733418443,S11,20241205
S11/20241205/00018,5,TENDER,1,392.05,TENDER,1733418443,S11,20241205
S11/20241205/00019,1,P100991,2,173.46,SALE,1733406282,S11,20241205
S11/20241205/00019,2,P102096,1,982.72,SALE,1733406282,S11,20241205
S11/20241205/00019,3,P103129,2,84.49,SALE,1733406282,S11,20241205
S11/20241205/00019,4,P106478,1,56.12,SALE,1733406282,S11,20241205
S11/20241205/00019,5,P101010,2,71.39,SALE,1733406282,S11,20241205
S11/20241205/00019,6,P100121,1,113.08,SALE,1733406282,S11,20241205
S11/20241205/00019,7,P100348,1,527.90,SALE,1733406282,S11,20241205
S11/20241205/00019,8,TAX,1,217.68,TAX,1733406282,S11,20241205
S11/20241205/00019,9,TENDER,1,2556.18,TENDER,1733406282,S11,20241205
S11/20241205/00020,1,P101570,2,298.03,SALE,1733434436,S11,20241205
S11/20241205/00020,2,P108032,1,648.04,SALE,1733434436,S11,20241205
S11/20241205/00020,3,P103504,2,366.55,SALE,1733434436,S11,20241205
S11/20241205/00020,4,TAX,1,237.26,TAX,1733434436,S11,20241205
S11/20241205/00020,5,TENDER,1,2214.46,TENDER,1733434436,S11,20241205
S11/20241205/00021,1,P106297,3,169.05,SALE,1733409978,S11,20241205
S11/20241205/00021,2,P103273,1,356.86,SALE,1733409978,S11,20241205
S11/20241205/00021,3,P102626,1,416.91,SALE,1733409978,S11,20241205
S11/20241205/00021,4,P106228,1,44.54,SALE,1733409978,S11,20241205
S11/20241205/00021,5,P101279,4,242.90,SALE,1733409978,S11,20241205
S11/20241205/00021,6,P105937,4,259.08,SALE,1733409978,S11,20241205
S11/20241205/00021,7,TAX,1,378.69,TAX,1733409978,S11,20241205
S11/20241205/00021,8,TENDER,1,3712.07,TENDER,1733409978,S11,20241205
S11/20241205/00022,1,P107385,1,811.35,SALE,1733408550,S11,20241205
S11/20241205/00022,2,P100771,1,820.85,SALE,1733408550,S11,20241205
S11/20241205/00022,3,P102768,2,158.73,SALE,1733408550,S11,20241205
S11/20241205/00022,4,P105030,3,224.07,SALE,1733408550,S11,20241205
S11/20241205/00022,5,P105337,4,35.20,SALE,1733408550,S11,20241205
S11/20241205/00022,6,DISC,1,-270.95,DISCOUNT,1733408550,S11,20241205
S11/20241205/00022,7,TAX,1,292.45,TAX,1733408550,S11,20241205
S11/20241205/00022,8,TENDER,1,2784.17,TENDER,1733408550,S11,20241205
S11/20241205/00023,1,P107903,1,22.86,SALE,1733436870,S11,20241205
S11/20241205/00023,2,P102042,1,151.18,SALE,1733436870,S11,20241205
S11/20241205/00023,3,P106282,4,448.43,SALE,1733436870,S11,20241205
S11/20241205/00023,4,P104628,4,196.55,SALE,1733436870,S11,20241205
S11/20241205/00023,5,P107072,2,75.15,SALE,1733436870,S11,20241205
S11/20241205/00023,6,TAX,1,486.64,TAX,1733436870,S11,20241205
S11/20241205/00023,7,TENDER,1,3390.90,TENDER,1733436870,S11,20241205
S11/20241205/00024,1,P102566,2,414.37,SALE,1733420449,S11,20241205
S11/20241205/00024,2,P102175,2,191.56,SALE,1733420449,S11,20241205
S11/20241205/00024,3,P102335,2,94.24,SALE,1733420449,S11,20241205
S11/20241205/00024,4,P101884,2,352.98,SALE,1733420449,S11,20241205
S11/20241205/00024,5,P104302,3,1255.97,SALE,1733420449,S11,20241205
S11/20241205/00024,6,P100838,1,38.03,SALE,1733420449,S11,20241205
S11/20241205/00024,7,TAX,1,614.13,TAX,1733420449,S11,20241205
S11/20241205/00024,8,TENDER,1,6526.37,TENDER,1733420449,S11,20241205
S11/20241205/00025,1,P104175,4,814.13,SALE,1733417564,S11,20241205
S11/20241205/00025,2,P105775,2,104.41,SALE,1733417564,S11,20241205
S11/20241205/00025,3,TAX,1,0.00,TAX,1733417564,S11,20241205
S11/20241205/00025,4,TENDER,1,3465.34,TENDER,1733417564,S11,20241205
S11/20241205/00026,1,P105937,1,274.62,SALE,1733406603,S11,20241205
S11/20241205/00026,2,P105965,2,66.08,SALE,1733406603,S11,20241205
S11/20241205/00026,3,DISC,1,-30.85,DISCOUNT,1733406603,S11,20241205
S11/20241205/00026,4,TAX,1,51.79,TAX,1733406603,S11,20241205
S11/20241205/00026,5,TENDER,1,427.72,TENDER,1733406603,S11,20241205
S11/20241205/00027,1,P102389,2,84.91,SALE,1733429435,S11,20241205
S11/20241205/00027,2,P101164,2,401.86,SALE,1733429435,S11,20241205
S11/20241205/00027,3,P101751,2,477.38,SALE,1733429435,S11,20241205
S11/20241205/00027,4,TAX,1,347.09,TAX,1733429435,S11,20241205
S11/20241205/00027,5,TENDER,1,2275.39,TENDER,1733429435,S11,20241205
S11/20241205/00028,1,P104747,3,342.93,SALE,1733392523,S11,20241205
S11/20241205/00028,2,P100649,2,618.96,SALE,1733392523,S11,20241205
S11/20241205/00028,3,P101599,1,417.76,SALE,1733392523,S11,20241205
S11/20241205/00028,4,P103262,2,54.76,SALE,1733392523,S11,20241205
S11/20241205/00028,5,P102272,2,389.34,SALE,1733392523,S11,20241205
S11/20241205/00028,6,P103647,2,42.08,SALE,1733392523,S11,20241205
S11/20241205/00028,7,P108101,4,1603.81,SALE,1733392523,S11,20241205
S11/20241205/00028,8,TAX,1,1129.29,TAX,1733392523,S11,20241205
S11/20241205/00028,9,TENDER,1,11201.36,TENDER,1733392523,S11,20241205
S11/20241205/00029,1,P105331,3,308.39,SALE,1733424261,S11,20241205
S11/20241205/00029,2,P105405,1,430.78,SALE,1733424261,S11,20241205
S11/20241205/00029,3,P103309,4,59.95,SALE,1733424261,S11,20241205
S11/20241205/00029,4,P101258,2,216.42,SALE,1733424261,S11,20241205
S11/20241205/00029,5,P102175,2,191.56,SALE,1733424261,S11,20241205
S11/20241205/00029,6,P102207,1,342.36,SALE,1733424261,S11,20241205
S11/20241205/00029,7,P105272,2,351.65,SALE,1733424261,S11,20241205
S11/20241205/00029,8,TAX,1,283.18,TAX,1733424261,S11,20241205
S11/20241205/00029,9,TENDER,1,3740.55,TENDER,1733424261,S11,20241205
S11/20241206/00001,1,P108319,3,262.79,SALE,1733504357,S11,20241206
S11/20241206/00001,2,P106035,1,86.76,SALE,1733504357,S11,20241206
S11/20241206/00001,3,P102067,3,181.50,SALE,1733504357,S11,20241206
S11/20241206/00001,4,P100019,1,74.65,SALE,1733504357,S11,20241206
S11/20241206/00001,5,TAX,1,95.70,TAX,1733504357,S11,20241206
S11/20241206/00001,6,TENDER,1,1589.98,TENDER,1733504357,S11,20241206
S11/20241206/00002,1,P104497,2,229.16,SALE,1733475819,S11,20241206
S11/20241206/00002,2,P100074,4,57.78,SALE,1733475819,S11,20241206
S11/20241206/00002,3,P101747,1,245.75,SALE,1733475819,S11,20241206
S11/20241206/00002,4,P105313,2,51.83,SALE,1733475819,S11,20241206
S11/20241206/00002,5,P101048,3,219.90,SALE,1733475819,S11,20241206
S11/20241206/00002,6,P107337,1,429.21,SALE,1733475819,S11,20241206
S11/20241206/00002,7,P104121,1,131.32,SALE,1733475819,S11,20241206
S11/20241206/00002,8,TAX,1,124.84,TAX,1733475819,S11,20241206
S11/20241206/00002,9,TENDER,1,2383.92,TENDER,1733475819,S11,20241206
S11/20241206/00003,1,P103620,2,474.03,SALE,1733516240,S11,20241206
S11/20241206/00003,2,P103693,2,102.71,SALE,1733516240,S11,20241206
S11/20241206/00003,3,P103040,3,410.59,SALE,1733516240,S11,20241206
S11/20241206/00003,4,P105425,2,153.55,SALE,1733516240,S11,20241206
S11/20241206/00003,5,P100428,3,150.84,SALE,1733516240,S11,20241206
S11/20241206/00003,6,P101321,1,24.76,SALE,1733516240,S11,20241206
S11/20241206/00003,7,TAX,1,241.53,TAX,1733516240,S11,20241206
S11/20241206/00003,8,TENDER,1,3411.16,TENDER,1733516240,S11,20241206
S11/20241206/00004,1,P107282,2,1189.20,SALE,1733506100,S11,20241206
S11/20241206/00004,2,P101481,3,55.03,SALE,1733506100,S11,20241206
S11/20241206/00004,3,P104858,1,331.88,SALE,1733506100,S11,20241206
S11/20241206/00004,4,TAX,1,48.08,TAX,1733506100,S11,20241206
S11/20241206/00004,5,TENDER,1,2923.45,TENDER,1733506100,S11,20241206
S11/20241206/00005,1,P102768,1,158.73,SALE,1733508417,S11,20241206
S11/20241206/00005,2,P104316,3,489.63,SALE,1733508417,S11,20241206
S11/20241206/00005,3,TAX,1,292.97,TAX,1733508417,S11,20241206
S11/20241206/00005,4,TENDER,1,1920.59,TENDER,1733508417,S11,20241206
S11/20241206/00006,1,P107409,1,486.68,SALE,1733500235,S11,20241206
S11/20241206/00006,2,P100940,1,199.52,SALE,1733500235,S11,20241206
S11/20241206/00006,3,P101648,2,334.22,SALE,1733500235,S11,20241206
S11/20241206/00006,4,P101190,2,89.25,SALE,1733500235,S11,20241206
S11/20241206/00006,5,TAX,1,125.80,TAX,1733500235,S11,20241206
S11/20241206/00006,6,TENDER,1,1658.94,TENDER,1733500235,S11,20241206
S11/20241206/00007,1,P101827,1,155.74,SALE,1733518452,S11,20241206
S11/20241206/00007,2,P101321,1,24.76,SALE,1733518452,S11,20241206
S11/20241206/00007,3,P104361,1,1519.18,SALE,1733518452,S11,20241206
S11/20241206/00007,4,P104270,1,1153.64,SALE,1733518452,S11,20241206
S11/20241206/00007,5,TAX,1,252.23,TAX,1733518452,S11,20241206
S11/20241206/00007,6,TENDER,1,3105.55,TENDER,1733518452,S11,20241206
S11/20241206/00008,1,P101311,2,481.74,SALE,1733495030,S11,20241206
S11/20241206/00008,2,P106844,2,23.44,SALE,1733495030,S11,20241206
S11/20241206/00008,3,P100255,2,1250.31,SALE,1733495030,S11,20241206
S11/20241206/00008,4,P106671,1,90.38,SALE,1733495030,S11,20241206
S11/20241206/00008,5,P105633,2,46.25,SALE,1733495030,S11,20241206
S11/20241206/00008,6,TAX,1,190.79,TAX,1733495030,S11,20241206
S11/20241206/00008,7,TENDER,1,3884.65,TENDER,1733495030,S11,20241206
S11/20241206/00009,1,P103040,2,410.59,SALE,1733515879,S11,20241206
S11/20241206/00009,2,P100260,2,1120.33,SALE,1733515879,S11,20241206
S11/20241206/00009,3,P103794,1,785.54,SALE,1733515879,S11,20241206
S11/20241206/00009,4,P101421,2,119.60,SALE,1733515879,S11,20241206
S11/20241206/00009,5,TAX,1,230.15,TAX,1733515879,S11,20241206
S11/20241206/00009,6,TENDER,1,4316.73,TENDER,1733515879,S11,20241206
S11/20241206/00010,1,P105643,2,1294.23,SALE,1733516892,S11,20241206
S11/20241206/00010,2,P101564,3,172.72,SALE,1733516892,S11,20241206
S11/20241206/00010,3,P107966,1,391.71,SALE,1733516892,S11,20241206
S11/20241206/00010,4,P107605,1,1129.73,SALE,1733516892,S11,20241206
S11/20241206/00010,5,TAX,1,228.84,TAX,1733516892,S11,20241206
S11/20241206/00010,6,TENDER,1,4856.90,TENDER,1733516892,S11,20241206
S11/20241206/00011,1,P103563,1,26.76,SALE,1733506839,S11,20241206
S11/20241206/00011,2,P101076,1,606.89,SALE,1733506839,S11,20241206
S11/20241206/00011,3,P104772,2,342.57,SALE,1733506839,S11,20241206
S11/20241206/00011,4,P103861,2,57.59,SALE,1733506839,S11,20241206
S11/20241206/00011,5,TAX,1,164.25,TAX,1733506839,S11,20241206
S11/20241206/00011,6,TENDER,1,1598.22,TENDER,1733506839,S11,20241206
S11/20241206/00012,1,P107337,3,429.21,SALE,1733489864,S11,20241206
S11/20241206/00012,2,P103214,1,283.38,SALE,1733489864,S11,20241206
S11/20241206/00012,3,P108326,1,472.80,SALE,1733489864,S11,20241206
S11/20241206/00012,4,TAX,1,135.29,TAX,1733489864,S11,20241206
S11/20241206/00012,5,TENDER,1,2179.10,TENDER,1733489864,S11,20241206
S11/20241206/00013,1,P107226,1,88.38,SALE,1733480456,S11,20241206
S11/20241206/00013,2,P102648,3,389.80,SALE,1733480456,S11,20241206
S11/20241206/00013,3,P105988,1,29.57,SALE,1733480456,S11,20241206
S11/20241206/00013,4,P106115,2,128.36,SALE,1733480456,S11,20241206
S11/20241206/00013,5,TAX,1,274.09,TAX,1733480456,S11,20241206
S11/20241206/00013,6,TENDER,1,1818.16,TENDER,1733480456,S11,20241206
S11/20241206/00014,1,P104361,3,1519.18,SALE,1733514971,S11,20241206
S11/20241206/00014,2,P107119,2,18.29,SALE,1733514971,S11,20241206
S11/20241206/00014,3,P101968,2,12.46,SALE,1733514971,S11,20241206
S11/20241206/00014,4,P105575,2,513.17,SALE,1733514971,S11,20241206
S11/20241206/00014,5,P104842,3,352.80,SALE,1733514971,S11,20241206
S11/20241206/00014,6,TAX,1,736.30,TAX,1733514971,S11,20241206
S11/20241206/00014,7,TENDER,1,7440.08,TENDER,1733514971,S11,20241206
S11/20241206/00015,1,P106984,3,28.34,SALE,1733520146,S11,20241206
S11/20241206/00015,2,P105394,4,327.72,SALE,1733520146,S11,20241206
S11/20241206/00015,3,P105575,4,513.17,SALE,1733520146,S11,20241206
S11/20241206/00015,4,TAX,1,342.84,TAX,1733520146,S11,20241206
S11/20241206/00015,5,TENDER,1,3791.42,TENDER,1733520146,S11,20241206
S11/20241206/00016,1,P106130,2,1317.16,SALE,1733495717,S11,20241206
S11/20241206/00016,2,P104048,2,193.57,SALE,1733495717,S11,20241206
S11/20241206/00016,3,P103591,2,102.70,SALE,1733495717,S11,20241206
S11/20241206/00016,4,P102103,3,400.89,SALE,1733495717,S11,20241206
S11/20241206/00016,5,P106563,4,469.90,SALE,1733495717,S11,20241206
S11/20241206/00016,6,DISC,1,-277.61,DISCOUNT,1733495717,S11,20241206
S11/20241206/00016,7,TAX,1,502.34,TAX,1733495717,S11,20241206
S11/20241206/00016,8,TENDER,1,6533.86,TENDER,1733495717,S11,20241206
S11/20241206/00017,1,P107208,1,323.06,SALE,1733507523,S11,20241206
S11/20241206/00017,2,P101263,2,684.55,SALE,1733507523,S11,20241206
S11/20241206/00017,3,P102311,1,308.69,SALE,1733507523,S11,20241206
S11/20241206/00017,4,P100131,4,667.83,SALE,1733507523,S11,20241206
S11/20241206/00017,5,P100899,3,131.46,SALE,1733507523,S11,20241206
S11/20241206/00017,6,TAX,1,598.58,TAX,1733507523,S11,20241206
S11/20241206/00017,7,TENDER,1,5665.13,TENDER,1733507523,S11,20241206
S11/20241206/00018,1,P107414,2,565.57,SALE,1733521608,S11,20241206
S11/20241206/00018,2,P106473,1,297.16,SALE,1733521608,S11,20241206
S11/20241206/00018,3,P100095,1,100.57,SALE,1733521608,S11,20241206
S11/20241206/00018,4,P102788,2,920.26,SALE,1733521608,S11,20241206
S11/20241206/00018,5,P108206,2,81.62,SALE,1733521608,S11,20241206
S11/20241206/00018,6,P105860,3,674.13,SALE,1733521608,S11,20241206
S11/20241206/00018,7,P107197,2,669.72,SALE,1733521608,S11,20241206
S11/20241206/00018,8,P104358,1,1243.57,SALE,1733521608,S11,20241206
S11/20241206/00018,9,TAX,1,698.55,TAX,1733521608,S11,20241206
S11/20241206/00018,10,TENDER,1,8836.58,TENDER,1733521608,S11,20241206
S11/20241206/00019,1,P100026,1,315.91,SALE,1733492978,S11,20241206
S11/20241206/00019,2,P101489,5,555.59,SALE,1733492978,S11,20241206
S11/20241206/00019,3,P105971,1,1150.46,SALE,1733492978,S11,20241206
S11/20241206/00019,4,P103413,1,1352.06,SALE,1733492978,S11,20241206
S11/20241206/00019,5,P101010,4,71.39,SALE,1733492978,S11,20241206
S11/20241206/00019,6,P107354,2,227.60,SALE,1733492978,S11,20241206
S11/20241206/00019,7,TAX,1,229.81,TAX,1733492978,S11,20241206
S11/20241206/00019,8,TENDER,1,6566.95,TENDER,1733492978,S11,20241206
S11/20241206/00020,1,P106443,2,52.87,SALE,1733499906,S11,20241206
S11/20241206/00020,2,P101076,4,606.89,SALE,1733499906,S11,20241206
S11/20241206/00020,3,P101134,3,1071.76,SALE,1733499906,S11,20241206
S11/20241206/00020,4,P100649,3,618.96,SALE,1733499906,S11,20241206
S11/20241206/00020,5,P107516,2,565.20,SALE,1733499906,S11,20241206
S11/20241206/00020,6,TAX,1,422.98,TAX,1733499906,S11,20241206
S11/20241206/00020,7,TENDER,1,9158.84,TENDER,1733499906,S11,20241206
S11/20241206/00021,1,P101421,1,119.60,SALE,1733494287,S11,20241206
S11/20241206/00021,2,P108379,1,300.71,SALE,1733494287,S11,20241206
S11/20241206/00021,3,P104097,1,330.82,SALE,1733494287,S11,20241206
S11/20241206/00021,4,TAX,1,97.31,TAX,1733494287,S11,20241206
S11/20241206/00021,5,TENDER,1,848.44,TENDER,1733494287,S11,20241206
S11/20241206/00022,1,P106473,1,297.16,SALE,1733513807,S11,20241206
S11/20241206/00022,2,P101859,1,66.16,SALE,1733513807,S11,20241206
S11/20241206/00022,3,P102516,1,1272.67,SALE,1733513807,S11,20241206
S11/20241206/00022,4,TAX,1,125.06,TAX,1733513807,S11,20241206
S11/20241206/00022,5,TENDER,1,1761.05,TENDER,1733513807,S11,20241206
S11/20241206/00023,1,P106731,2,153.24,SALE,1733496112,S11,20241206
S11/20241206/00023,2,P102755,2,75.17,SALE,1733496112,S11,20241206
S11/20241206/00023,3,P107542,2,162.57,SALE,1733496112,S11,20241206
S11/20241206/00023,4,P100722,1,330.17,SALE,1733496112,S11,20241206
S11/20241206/00023,5,P102021,2,90.22,SALE,1733496112,S11,20241206
S11/20241206/00023,6,TAX,1,29.17,TAX,1733496112,S11,20241206
S11/20241206/00023,7,TENDER,1,1321.74,TENDER,1733496112,S11,20241206
S11/20241206/00024,1,P101669,2,56.49,SALE,1733497235,S11,20241206
S11/20241206/00024,2,P103022,3,60.43,SALE,1733497235,S11,20241206
S11/20241206/00024,3,P105643,1,1294.23,SALE,1733497235,S11,20241206
S11/20241206/00024,4,P102460,1,582.21,SALE,1733497235,S11,20241206
S11/20241206/00024,5,TAX,1,56.51,TAX,1733497235,S11,20241206
S11/20241206/00024,6,TENDER,1,2227.22,TENDER,1733497235,S11,20241206
S11/20241206/00025,1,P102998,3,158.64,SALE,1733514084,S11,20241206
S11/20241206/00025,2,P104032,2,603.87,SALE,1733514084,S11,20241206
S11/20241206/00025,3,P101356,2,1264.05,SALE,1733514084,S11,20241206
S11/20241206/00025,4,P105187,2,1046.11,SALE,1733514084,S11,20241206
S11/20241206/00025,5,P104567,2,141.21,SALE,1733514084,S11,20241206
S11/20241206/00025,6,P101298,2,224.87,SALE,1733514084,S11,20241206
S11/20241206/00025,7,TAX,1,517.32,TAX,1733514084,S11,20241206
S11/20241206/00025,8,TENDER,1,7553.46,TENDER,1733514084,S11,20241206
S11/20241206/00026,1,P102219,2,780.86,SALE,1733526783,S11,20241206
S11/20241206/00026,2,P105030,1,224.07,SALE,1733526783,S11,20241206
S11/20241206/00026,3,P100239,2,360.16,SALE,1733526783,S11,20241206
S11/20241206/00026,4,P105672,4,69.48,SALE,1733526783,S11,20241206
S11/20241206/00026,5,P103465,1,32.05,SALE,1733526783,S11,20241206
S11/20241206/00026,6,TAX,1,210.63,TAX,1733526783,S11,20241206
S11/20241206/00026,7,TENDER,1,3026.71,TENDER,1733526783,S11,20241206
S11/20241206/00027,1,P106464,7,277.18,SALE,1733480611,S11,20241206
S11/20241206/00027,2,P103864,1,540.44,SALE,1733480611,S11,20241206
S11/20241206/00027,3,P102067,2,181.50,SALE,1733480611,S11,20241206
S11/20241206/00027,4,P104011,2,657.72,SALE,1733480611,S11,20241206
S11/20241206/00027,5,P101702,3,491.39,SALE,1733480611,S11,20241206
S11/20241206/00027,6,TAX,1,609.13,TAX,1733480611,S11,20241206
S11/20241206/00027,7,TENDER,1,6242.44,TENDER,1733480611,S11,20241206
S11/20241206/00028,1,P100855,2,345.07,SALE,1733494594,S11,20241206
S11/20241206/00028,2,P102243,2,145.61,SALE,1733494594,S11,20241206
S11/20241206/00028,3,TAX,1,138.79,TAX,1733494594,S11,20241206
S11/20241206/00028,4,TENDER,1,1120.15,TENDER,1733494594,S11,20241206
S11/20241206/00029,1,P104485,1,643.04,SALE,1733505522,S11,20241206
S11/20241206/00029,2,P104512,3,94.53,SALE,1733505522,S11,20241206
S11/20241206/00029,3,P103575,1,54.47,SALE,1733505522,S11,20241206
S11/20241206/00029,4,P102181,1,1615.15,SALE,1733505522,S11,20241206
S11/20241206/00029,5,TAX,1,94.07,TAX,1733505522,S11,20241206
S11/20241206/00029,6,TENDER,1,2690.32,TENDER,1733505522,S11,20241206
S11/20241206/00030,1,P100959,1,352.74,SALE,1733516599,S11,20241206
S11/20241206/00030,2,P106958,4,125.66,SALE,1733516599,S11,20241206
S11/20241206/00030,3,P103719,3,957.52,SALE,1733516599,S11,20241206
S11/20241206/00030,4,P100604,4,167.40,SALE,1733516599,S11,20241206
S11/20241206/00030,5,DISC,1,-490.14,DISCOUNT,1733516599,S11,20241206
S11/20241206/00030,6,TAX,1,443.09,TAX,1733516599,S11,20241206
S11/20241206/00030,7,TENDER,1,4350.49,TENDER,1733516599,S11,20241206
S11/20241206/00031,1,P104372,1,105.38,SALE,1733501151,S11,20241206
S11/20241206/00031,2,P100781,1,654.99,SALE,1733501151,S11,20241206
S11/20241206/00031,3,P101481,1,55.03,SALE,1733501151,S11,20241206
S11/20241206/00031,4,TAX,1,125.92,TAX,1733501151,S11,20241206
S11/20241206/00031,5,TENDER,1,941.32,TENDER,1733501151,S11,20241206
S11/20241206/00032,1,P107137,3,32.59,SALE,1733511283,S11,20241206
S11/20241206/00032,2,P101332,4,400.98,SALE,1733511283,S11,20241206
S11/20241206/00032,3,P107100,2,200.76,SALE,1733511283,S11,20241206
S11/20241206/00032,4,P107984,2,357.15,SALE,1733511283,S11,20241206
S11/20241206/00032,5,P100744,1,67.07,SALE,1733511283,S11,20241206
S11/20241206/00032,6,TAX,1,468.82,TAX,1733511283,S11,20241206
S11/20241206/00032,7,TENDER,1,3353.40,TENDER,1733511283,S11,20241206
S11/20241206/00033,1,P100348,2,527.90,SALE,1733510433,S11,20241206
S11/20241206/00033,2,P101500,2,330.53,SALE,1733510433,S11,20241206
S11/20241206/00033,3,P103645,4,285.25,SALE,1733510433,S11,20241206
S11/20241206/00033,4,P101578,1,44.18,SALE,1733510433,S11,20241206
S11/20241206/00033,5,P100577,3,300.10,SALE,1733510433,S11,20241206
S11/20241206/00033,6,P105929,1,11.18,SALE,1733510433,S11,20241206
S11/20241206/00033,7,P107266,2,71.89,SALE,1733510433,S11,20241206
S11/20241206/00033,8,TAX,1,226.25,TAX,1733510433,S11,20241206
S11/20241206/00033,9,TENDER,1,4183.55,TENDER,1733510433,S11,20241206
S11/20241207/00001,1,P105547,2,431.77,SALE,1733580523,S11,20241207
S11/20241207/00001,2,P106550,3,29.54,SALE,1733580523,S11,20241207
S11/20241207/00001,3,P101911,3,1431.80,SALE,1733580523,S11,20241207
S11/20241207/00001,4,P106382,5,81.60,SALE,1733580523,S11,20241207
S11/20241207/00001,5,P106955,2,204.37,SALE,1733580523,S11,20241207
S11/20241207/00001,6,P104718,4,364.54,SALE,1733580523,S11,20241207
S11/20241207/00001,7,DISC,1,-643.25,DISCOUNT,1733580523,S11,20241207
S11/20241207/00001,8,TAX,1,288.06,TAX,1733580523,S11,20241207
S11/20241207/00001,9,TENDER,1,7167.27,TENDER,1733580523,S11,20241207
S11/20241207/00002,1,P103452,1,1033.70,SALE,1733568937,S11,20241207
S11/20241207/00002,2,P107890,1,133.07,SALE,1733568937,S11,20241207
S11/20241207/00002,3,P100095,2,100.57,SALE,1733568937,S11,20241207
S11/20241207/00002,4,TAX,1,68.40,TAX,1733568937,S11,20241207
S11/20241207/00002,5,TENDER,1,1436.31,TENDER,1733568937,S11,20241207
S11/20241207/00003,1,P100703,3,171.10,SALE,1733586269,S11,20241207
S11/20241207/00003,2,P100543,1,123.06,SALE,1733586269,S11,20241207
S11/20241207/00003,3,P102811,1,199.78,SALE,1733586269,S11,20241207
S11/20241207/00003,4,P105418,1,257.82,SALE,1733586269,S11,20241207
S11/20241207/00003,5,P105351,4,109.14,SALE,1733586269,S11,20241207
S11/20241207/00003,6,P106473,1,297.16,SALE,1733586269,S11,20241207
S11/20241207/00003,7,P108131,1,627.37,SALE,1733586269,S11,20241207
S11/20241207/00003,8,P107989,3,189.72,SALE,1733586269,S11,20241207
S11/20241207/00003,9,TAX,1,383.88,TAX,1733586269,S11,20241207
S11/20241207/00003,10,TENDER,1,3408.09,TENDER,1733586269,S11,20241207
S11/20241207/00004,1,P100044,3,737.05,SALE,1733596754,S11,20241207
S11/20241207/00004,2,P105950,1,1356.49,SALE,1733596754,S11,20241207
S11/20241207/00004,3,P106679,1,181.66,SALE,1733596754,S11,20241207
S11/20241207/00004,4,TAX,1,265.34,TAX,1733596754,S11,20241207
S11/20241207/00004,5,TENDER,1,4014.64,TENDER,1733596754,S11,20241207
S11/20241207/00005,1,P106452,4,31.15,SALE,1733601823,S11,20241207
S11/20241207/00005,2,P100722,3,330.17,SALE,1733601823,S11,20241207
S11/20241207/00005,3,P101048,3,219.90,SALE,1733601823,S11,20241207
S11/20241207/00005,4,P103004,1,82.09,SALE,1733601823,S11,20241207
S11/20241207/00005,5,P106506,1,125.80,SALE,1733601823,S11,20241207
S11/20241207/00005,6,P100203,3,272.10,SALE,1733601823,S11,20241207
S11/20241207/00005,7,DISC,1,-270.09,DISCOUNT,1733601823,S11,20241207
S11/20241207/00005,8,TAX,1,96.47,TAX,1733601823,S11,20241207
S11/20241207/00005,9,TENDER,1,2625.38,TENDER,1733601823,S11,20241207
S11/20241207/00006,1,P107264,3,190.99,SALE,1733603668,S11,20241207
S11/20241207/00006,2,P108200,1,333.41,SALE,1733603668,S11,20241207
S11/20241207/00006,3,P108110,2,16.57,SALE,1733603668,S11,20241207
S11/20241207/00006,4,P102931,3,185.66,SALE,1733603668,S11,20241207
S11/20241207/00006,5,P106751,4,134.60,SALE,1733603668,S11,20241207
S11/20241207/00006,6,TAX,1,176.03,TAX,1733603668,S11,20241207
S11/20241207/00006,7,TENDER,1,2210.93,TENDER,1733603668,S11,20241207
S11/20241207/00007,1,P104625,2,296.80,SALE,1733602001,S11,20241207
S11/20241207/00007,2,P104902,1,516.78,SALE,1733602001,S11,20241207
S11/20241207/00007,3,P103259,1,298.27,SALE,1733602001,S11,20241207
S11/20241207/00007,4,P106648,2,339.01,SALE,1733602001,S11,20241207
S11/20241207/00007,5,P105835,1,238.39,SALE,1733602001,S11,20241207
S11/20241207/00007,6,TAX,1,138.84,TAX,1733602001,S11,20241207
S11/20241207/00007,7,TENDER,1,2463.90,TENDER,1733602001,S11,20241207
S11/20241207/00008,1,P106270,2,308.83,SALE,1733575547,S11,20241207
S11/20241207/00008,2,P103600,2,107.84,SALE,1733575547,S11,20241207
S11/20241207/00008,3,TAX,1,10.78,TAX,1733575547,S11,20241207
S11/20241207/00008,4,TENDER,1,844.12,TENDER,1733575547,S11,20241207
S11/20241207/00009,1,P105230,4,123.72,SALE,1733577204,S11,20241207
S11/20241207/00009,2,P102664,1,261.47,SALE,1733577204,S11,20241207
S11/20241207/00009,3,P103096,1,315.47,SALE,1733577204,S11,20241207
S11/20241207/00009,4,P104844,4,553.13,SALE,1733577204,S11,20241207
S11/20241207/00009,5,P104606,2,98.45,SALE,1733577204,S11,20241207
S11/20241207/00009,6,TAX,1,297.49,TAX,1733577204,S11,20241207
S11/20241207/00009,7,TENDER,1,3778.73,TENDER,1733577204,S11,20241207
S11/20241207/00010,1,P102103,4,400.89,SALE,1733589514,S11,20241207
S11/20241207/00010,2,P105575,2,513.17,SALE,1733589514,S11,20241207
S11/20241207/00010,3,P100838,2,38.03,SALE,1733589514,S11,20241207
S11/20241207/00010,4,P107686,2,347.22,SALE,1733589514,S11,20241207
S11/20241207/00010,5,P101258,1,216.42,SALE,1733589514,S11,20241207
S11/20241207/00010,6,TAX,1,507.72,TAX,1733589514,S11,20241207
S11/20241207/00010,7,TENDER,1,4124.54,TENDER,1733589514,S11,20241207
S11/20241207/00011,1,P100703,2,171.10,SALE,1733590302,S11,20241207
S11/20241207/00011,2,P101911,1,1431.80,SALE,1733590302,S11,20241207
S11/20241207/00011,3,P105908,4,698.64,SALE,1733590302,S11,20241207
S11/20241207/00011,4,P100135,2,72.29,SALE,1733590302,S11,20241207
S11/20241207/00011,5,DISC,1,-380.98,DISCOUNT,1733590302,S11,20241207
S11/20241207/00011,6,TAX,1,172.82,TAX,1733590302,S11,20241207
S11/20241207/00011,7,TENDER,1,4504.98,TENDER,1733590302,S11,20241207
S11/20241207/00012,1,P105980,2,288.70,SALE,1733597490,S11,20241207
S11/20241207/00012,2,P105562,2,422.85,SALE,1733597490,S11,20241207
S11/20241207/00012,3,P103864,1,540.44,SALE,1733597490,S11,20241207
S11/20241207/00012,4,P106765,1,279.73,SALE,1733597490,S11,20241207
S11/20241207/00012,5,P101004,1,357.75,SALE,1733597490,S11,20241207
S11/20241207/00012,6,P103886,3,312.24,SALE,1733597490,S11,20241207
S11/20241207/00012,7,P107242,3,635.24,SALE,1733597490,S11,20241207
S11/20241207/00012,8,TAX,1,412.06,TAX,1733597490,S11,20241207
S11/20241207/00012,9,TENDER,1,5855.52,TENDER,1733597490,S11,20241207
S11/20241207/00013,1,P108186,2,324.50,SALE,1733582491,S11,20241207
S11/20241207/00013,2,P105643,2,1294.23,SALE,1733582491,S11,20241207
S11/20241207/00013,3,P107012,1,109.16,SALE,1733582491,S11,20241207
S11/20241207/00013,4,P101766,3,220.67,SALE,1733582491,S11,20241207
S11/20241207/00013,5,P107630,2,309.72,SALE,1733582491,S11,20241207
S11/20241207/00013,6,P100463,1,290.57,SALE,1733582491,S11,20241207
S11/20241207/00013,7,TAX,1,309.15,TAX,1733582491,S11,20241207
S11/20241207/00013,8,TENDER,1,5227.79,TENDER,1733582491,S11,20241207
S11/20241207/00014,1,P101732,4,1390.76,SALE,1733600407,S11,20241207
S11/20241207/00014,2,P107282,1,1189.20,SALE,1733600407,S11,20241207
S11/20241207/00014,3,P108361,3,73.59,SALE,1733600407,S11,20241207
S11/20241207/00014,4,P100549,2,320.43,SALE,1733600407,S11,20241207
S11/20241207/00014,5,P101578,1,44.18,SALE,1733600407,S11,20241207
S11/20241207/00014,6,P106577,1,52.98,SALE,1733600407,S11,20241207
S11/20241207/00014,7,P104956,3,141.84,SALE,1733600407,S11,20241207
S11/20241207/00014,8,P108179,2,307.53,SALE,1733600407,S11,20241207
S11/20241207/00014,9,P103637,1,338.13,SALE,1733600407,S11,20241207
S11/20241207/00014,10,DISC,1,-1009.82,DISCOUNT,1733600407,S11,20241207
S11/20241207/00014,11,TAX,1,853.87,TAX,1733600407,S11,20241207
S11/20241207/00014,12,TENDER,1,8933.79,TENDER,1733600407,S11,20241207
S11/20241207/00015,1,P100178,4,480.34,SALE,1733601035,S11,20241207
S11/20241207/00015,2,P103647,4,42.08,SALE,1733601035,S11,20241207
S11/20241207/00015,3,P101876,1,68.16,SALE,1733601035,S11,20241207
S11/20241207/00015,4,P103348,4,485.60,SALE,1733601035,S11,20241207
S11/20241207/00015,5,P100239,2,360.16,SALE,1733601035,S11,20241207
S11/20241207/00015,6,TAX,1,532.81,TAX,1733601035,S11,20241207
S11/20241207/00015,7,TENDER,1,5353.37,TENDER,1733601035,S11,20241207
S11/20241207/00016,1,P104831,2,1516.75,SALE,1733589914,S11,20241207
S11/20241207/00016,2,P101955,2,364.45,SALE,1733589914,S11,20241207
S11/20241207/00016,3,P105302,1,281.37,SALE,1733589914,S11,20241207
S11/20241207/00016,4,P105155,2,350.84,SALE,1733589914,S11,20241207
S11/20241207/00016,5,P102947,2,59.21,SALE,1733589914,S11,20241207
S11/20241207/00016,6,TAX,1,544.37,TAX,1733589914,S11,20241207
S11/20241207/00016,7,TENDER,1,5408.24,TENDER,1733589914,S11,20241207
S11/20241207/00017,1,P106473,1,297.16,SALE,1733612933,S11,20241207
S11/20241207/00017,2,P104372,3,105.38,SALE,1733612933,S11,20241207
S11/20241207/00017,3,P100658,1,50.53,SALE,1733612933,S11,20241207
S11/20241207/00017,4,TAX,1,69.30,TAX,1733612933,S11,20241207
S11/20241207/00017,5,TENDER,1,733.13,TENDER,1733612933,S11,20241207
S11/20241207/00018,1,P103452,2,1033.70,SALE,1733587028,S11,20241207
S11/20241207/00018,2,P103040,3,410.59,SALE,1733587028,S11,20241207
S11/20241207/00018,3,P107163,2,187.11,SALE,1733587028,S11,20241207
S11/20241207/00018,4,P100555,3,435.03,SALE,1733587028,S11,20241207
S11/20241207/00018,5,P101864,1,112.21,SALE,1733587028,S11,20241207
S11/20241207/00018,6,TAX,1,598.91,TAX,1733587028,S11,20241207
S11/20241207/00018,7,TENDER,1,5689.60,TENDER,1733587028,S11,20241207
S11/20241207/00019,1,P108191,1,309.71,SALE,1733577007,S11,20241207
S11/20241207/00019,2,P103231,3,241.80,SALE,1733577007,S11,20241207
S11/20241207/00019,3,P102886,2,139.22,SALE,1733577007,S11,20241207
S11/20241207/00019,4,P102972,2,227.38,SALE,1733577007,S11,20241207
S11/20241207/00019,5,P101681,2,139.09,SALE,1733577007,S11,20241207
S11/20241207/00019,6,P107799,2,751.07,SALE,1733577007,S11,20241207
S11/20241207/00019,7,P103701,1,1171.33,SALE,1733577007,S11,20241207
S11/20241207/00019,8,P100761,3,51.26,SALE,1733577007,S11,20241207
S11/20241207/00019,9,TAX,1,294.99,TAX,1733577007,S11,20241207
S11/20241207/00019,10,TENDER,1,5168.73,TENDER,1733577007,S11,20241207
S11/20241207/00020,1,P103118,2,47.89,SALE,1733597820,S11,20241207
S11/20241207/00020,2,P105980,1,288.70,SALE,1733597820,S11,20241207
S11/20241207/00020,3,P101321,2,24.76,SALE,1733597820,S11,20241207
S11/20241207/00020,4,P102945,1,43.42,SALE,1733597820,S11,20241207
S11/20241207/00020,5,P100049,4,68.93,SALE,1733597820,S11,20241207
S11/20241207/00020,6,TAX,1,105.79,TAX,1733597820,S11,20241207
S11/20241207/00020,7,TENDER,1,858.93,TENDER,1733597820,S11,20241207
S11/20241207/00021,1,P107826,2,136.08,SALE,1733608277,S11,20241207
S11/20241207/00021,2,P105252,1,12.09,SALE,1733608277,S11,20241207
S11/20241207/00021,3,P101258,2,216.42,SALE,1733608277,S11,20241207
S11/20241207/00021,4,P103559,3,370.21,SALE,1733608277,S11,20241207
S11/20241207/00021,5,P102857,2,116.85,SALE,1733608277,S11,20241207
S11/20241207/00021,6,P102835,3,101.19,SALE,1733608277,S11,20241207
S11/20241207/00021,7,P101076,1,606.89,SALE,1733608277,S11,20241207
S11/20241207/00021,8,P100754,4,91.60,SALE,1733608277,S11,20241207
S11/20241207/00021,9,P105497,2,70.98,SALE,1733608277,S11,20241207
S11/20241207/00021,10,TAX,1,312.47,TAX,1733608277,S11,20241207
S11/20241207/00021,11,TENDER,1,3792.71,TENDER,1733608277,S11,20241207
S11/20241207/00022,1,P103855,1,322.11,SALE,1733572396,S11,20241207
S11/20241207/00022,2,P105069,2,168.30,SALE,1733572396,S11,20241207
S11/20241207/00022,3,P107920,2,109.22,SALE,1733572396,S11,20241207
S11/20241207/00022,4,P107012,3,109.16,SALE,1733572396,S11,20241207
S11/20241207/00022,5,P107667,4,367.93,SALE,1733572396,S11,20241207
S11/20241207/00022,6,P100131,1,667.83,SALE,1733572396,S11,20241207
S11/20241207/00022,7,TAX,1,431.01,TAX,1733572396,S11,20241207
S11/20241207/00022,8,TENDER,1,3775.19,TENDER,1733572396,S11,20241207
S11/20241207/00023,1,P107654,2,409.57,SALE,1733569607,S11,20241207
S11/20241207/00023,2,P103214,3,283.38,SALE,1733569607,S11,20241207
S11/20241207/00023,3,P104266,1,431.11,SALE,1733569607,S11,20241207
S11/20241207/00023,4,P104517,2,1474.90,SALE,1733569607,S11,20241207
S11/20241207/00023,5,P107880,2,347.04,SALE,1733569607,S11,20241207
S11/20241207/00023,6,TAX,1,253.11,TAX,1733569607,S11,20241207
S11/20241207/00023,7,TENDER,1,5997.38,TENDER,1733569607,S11,20241207
S11/20241207/00024,1,P103382,2,196.46,SALE,1733585466,S11,20241207
S11/20241207/00024,2,P102286,1,281.91,SALE,1733585466,S11,20241207
S11/20241207/00024,3,TAX,1,70.39,TAX,1733585466,S11,20241207
S11/20241207/00024,4,TENDER,1,745.22,TENDER,1733585466,S11,20241207
S11/20241207/00025,1,P106965,1,89.01,SALE,1733591069,S11,20241207
S11/20241207/00025,2,P106277,1,416.62,SALE,1733591069,S11,20241207
S11/20241207/00025,3,P107393,1,469.90,SALE,1733591069,S11,20241207
S11/20241207/00025,4,P105479,1,253.92,SALE,1733591069,S11,20241207
S11/20241207/00025,5,P100276,2,965.56,SALE,1733591069,S11,20241207
S11/20241207/00025,6,TAX,1,208.70,TAX,1733591069,S11,20241207
S11/20241207/00025,7,TENDER,1,3369.27,TENDER,1733591069,S11,20241207
S11/20241207/00026,1,P106659,1,106.86,SALE,1733596728,S11,20241207
S11/20241207/00026,2,P104986,4,221.68,SALE,1733596728,S11,20241207
S11/20241207/00026,3,P100438,3,66.55,SALE,1733596728,S11,20241207
S11/20241207/00026,4,TAX,1,182.42,TAX,1733596728,S11,20241207
S11/20241207/00026,5,TENDER,1,1375.65,TENDER,1733596728,S11,20241207
S11/20241207/00027,1,P103035,2,1333.74,SALE,1733603193,S11,20241207
S11/20241207/00027,2,P103354,2,894.50,SALE,1733603193,S11,20241207
S11/20241207/00027,3,P106424,2,535.14,SALE,1733603193,S11,20241207
S11/20241207/00027,4,P107549,2,47.87,SALE,1733603193,S11,20241207
S11/20241207/00027,5,P106710,1,98.77,SALE,1733603193,S11,20241207
S11/20241207/00027,6,P108300,4,286.59,SALE,1733603193,S11,20241207
S11/20241207/00027,7,P105100,2,270.01,SALE,1733603193,S11,20241207
S11/20241207/00027,8,P101339,1,230.61,SALE,1733603193,S11,20241207
S11/20241207/00027,9,P104401,2,207.51,SALE,1733603193,S11,20241207
S11/20241207/00027,10,TAX,1,586.78,TAX,1733603193,S11,20241207
S11/20241207/00027,11,TENDER,1,8640.06,TENDER,1733603193,S11,20241207
S11/20241207/00028,1,P106720,1,126.28,SALE,1733580467,S11,20241207
S11/20241207/00028,2,P106718,2,525.27,SALE,1733580467,S11,20241207
S11/20241207/00028,3,P108191,2,309.71,SALE,1733580467,S11,20241207
S11/20241207/00028,4,P107409,1,486.68,SALE,1733580467,S11,20241207
S11/20241207/00028,5,TAX,1,267.13,TAX,1733580467,S11,20241207
S11/20241207/00028,6,TENDER,1,2550.05,TENDER,1733580467,S11,20241207
S11/20241207/00029,1,P107208,2,323.06,SALE,1733591033,S11,20241207
S11/20241207/00029,2,P102714,2,86.80,SALE,1733591033,S11,20241207
S11/20241207/00029,3,P101751,3,477.38,SALE,1733591033,S11,20241207
S11/20241207/00029,4,P102549,3,139.23,SALE,1733591033,S11,20241207
S11/20241207/00029,5,P102886,1,139.22,SALE,1733591033,S11,20241207
S11/20241207/00029,6,P108397,2,286.03,SALE,1733591033,S11,20241207
S11/20241207/00029,7,P106911,3,232.77,SALE,1733591033,S11,20241207
S11/20241207/00029,8,TAX,1,386.53,TAX,1733591033,S11,20241207
S11/20241207/00029,9,TENDER,1,4465.67,TENDER,1733591033,S11,20241207
S11/20241207/00030,1,P104285,1,683.70,SALE,1733604100,S11,20241207
S11/20241207/00030,2,P100855,4,345.07,SALE,1733604100,S11,20241207
S11/20241207/00030,3,TAX,1,282.64,TAX,1733604100,S11,20241207
S11/20241207/00030,4,TENDER,1,2346.62,TENDER,1733604100,S11,20241207
S11/20241207/00031,1,P102217,3,68.46,SALE,1733580712,S11,20241207
S11/20241207/00031,2,P105713,4,345.36,SALE,1733580712,S11,20241207
S11/20241207/00031,3,P108379,2,300.71,SALE,1733580712,S11,20241207
S11/20241207/00031,4,P100049,1,68.93,SALE,1733580712,S11,20241207
S11/20241207/00031,5,P106106,2,219.14,SALE,1733580712,S11,20241207
S11/20241207/00031,6,TAX,1,232.54,TAX,1733580712,S11,20241207
S11/20241207/00031,7,TENDER,1,2927.99,TENDER,1733580712,S11,20241207
S11/20241207/00032,1,P104950,2,91.01,SALE,1733557791,S11,20241207
S11/20241207/00032,2,P100767,4,277.22,SALE,1733557791,S11,20241207
S11/20241207/00032,3,P100543,1,123.06,SALE,1733557791,S11,20241207
S11/20241207/00032,4,P103465,1,32.05,SALE,1733557791,S11,20241207
S11/20241207/00032,5,P108302,2,855.55,SALE,1733557791,S11,20241207
S11/20241207/00032,6,P106830,1,103.94,SALE,1733557791,S11,20241207
S11/20241207/00032,7,TAX,1,275.86,TAX,1733557791,S11,20241207
S11/20241207/00032,8,TENDER,1,3536.91,TENDER,1733557791,S11,20241207
S11/20241207/00033,1,P106506,2,125.80,SALE,1733583714,S11,20241207
S11/20241207/00033,2,P102375,3,509.34,SALE,1733583714,S11,20241207
S11/20241207/00033,3,P100260,2,1120.33,SALE,1733583714,S11,20241207
S11/20241207/00033,4,TAX,1,320.33,TAX,1733583714,S11,20241207
S11/20241207/00033,5,TENDER,1,4340.61,TENDER,1733583714,S11,20241207
S11/20241207/00034,1,P103074,1,52.85,SALE,1733558806,S11,20241207
S11/20241207/00034,2,TAX,1,9.51,TAX,1733558806,S11,20241207
S11/20241207/00034,3,TENDER,1,62.36,TENDER,1733558806,S11,20241207
S11/20241207/00035,1,P107989,4,189.72,SALE,1733585189,S11,20241207
S11/20241207/00035,2,P102471,3,151.71,SALE,1733585189,S11,20241207
S11/20241207/00035,3,P104427,2,466.11,SALE,1733585189,S11,20241207
S11/20241207/00035,4,P103328,3,228.35,SALE,1733585189,S11,20241207
S11/20241207/00035,5,P101374,2,55.98,SALE,1733585189,S11,20241207
S11/20241207/00035,6,P100348,3,527.90,SALE,1733585189,S11,20241207
S11/20241207/00035,7,TAX,1,608.97,TAX,1733585189,S11,20241207
S11/20241207/00035,8,TENDER,1,5135.91,TENDER,1733585189,S11,20241207
S11/20241207/00036,1,P103222,1,427.41,SALE,1733582426,S11,20241207
S11/20241207/00036,2,P107843,2,486.47,SALE,1733582426,S11,20241207
S11/20241207/00036,3,P106731,3,153.24,SALE,1733582426,S11,20241207
S11/20241207/00036,4,P106490,1,671.88,SALE,1733582426,S11,20241207
S11/20241207/00036,5,P103749,3,17.91,SALE,1733582426,S11,20241207
S11/20241207/00036,6,P108326,1,472.80,SALE,1733582426,S11,20241207
S11/20241207/00036,7,TAX,1,292.83,TAX,1733582426,S11,20241207
S11/20241207/00036,8,TENDER,1,3351.31,TENDER,1733582426,S11,20241207
S11/20241207/00037,1,P107686,2,347.22,SALE,1733584762,S11,20241207
S11/20241207/00037,2,P104361,3,1519.18,SALE,1733584762,S11,20241207
S11/20241207/00037,3,P102874,6,142.11,SALE,1733584762,S11,20241207
S11/20241207/00037,4,P103999,2,120.61,SALE,1733584762,S11,20241207
S11/20241207/00037,5,P101410,4,958.72,SALE,1733584762,S11,20241207
S11/20241207/00037,6,TAX,1,1186.78,TAX,1733584762,S11,20241207
S11/20241207/00037,7,TENDER,1,11367.52,TENDER,1733584762,S11,20241207
S11/20241207/00038,1,P100348,4,527.90,SALE,1733582226,S11,20241207
S11/20241207/00038,2,P101722,1,1460.17,SALE,1733582226,S11,20241207
S11/20241207/00038,3,P107646,2,225.19,SALE,1733582226,S11,20241207
S11/20241207/00038,4,P101961,4,767.84,SALE,1733582226,S11,20241207
S11/20241207/00038,5,TAX,1,753.95,TAX,1733582226,S11,20241207
S11/20241207/00038,6,TENDER,1,7847.46,TENDER,1733582226,S11,20241207
S11/20241207/00039,1,P103749,1,17.91,SALE,1733598523,S11,20241207
S11/20241207/00039,2,P108186,2,324.50,SALE,1733598523,S11,20241207
S11/20241207/00039,3,P100483,2,933.37,SALE,1733598523,S11,20241207
S11/20241207/00039,4,P102975,3,234.92,SALE,1733598523,S11,20241207
S11/20241207/00039,5,P101669,1,56.49,SALE,1733598523,S11,20241207
S11/20241207/00039,6,DISC,1,-323.31,DISCOUNT,1733598523,S11,20241207
S11/20241207/00039,7,TAX,1,190.10,TAX,1733598523,S11,20241207
S11/20241207/00039,8,TENDER,1,3161.69,TENDER,1733598523,S11,20241207
S11/20241207/00040,1,P105959,2,513.93,SALE,1733594574,S11,20241207
S11/20241207/00040,2,P107301,1,945.94,SALE,1733594574,S11,20241207
S11/20241207/00040,3,P104358,1,1243.57,SALE,1733594574,S11,20241207
S11/20241207/00040,4,P104725,1,551.38,SALE,1733594574,S11,20241207
S11/20241207/00040,5,P102129,1,241.90,SALE,1733594574,S11,20241207
S11/20241207/00040,6,P102184,3,101.58,SALE,1733594574,S11,20241207
S11/20241207/00040,7,TAX,1,500.44,TAX,1733594574,S11,20241207
S11/20241207/00040,8,TENDER,1,4815.83,TENDER,1733594574,S11,20241207
S11/20241207/00041,1,P101004,2,357.75,SALE,1733570051,S11,20241207
S11/20241207/00041,2,P103259,1,298.27,SALE,1733570051,S11,20241207
S11/20241207/00041,3,P105656,2,547.51,SALE,1733570051,S11,20241207
S11/20241207/00041,4,P101367,2,512.46,SALE,1733570051,S11,20241207
S11/20241207/00041,5,P106317,1,485.55,SALE,1733570051,S11,20241207
S11/20241207/00041,6,TAX,1,278.53,TAX,1733570051,S11,20241207
S11/20241207/00041,7,TENDER,1,3897.79,TENDER,1733570051,S11,20241207
S11/20241207/00042,1,P102371,3,59.77,SALE,1733566691,S11,20241207
S11/20241207/00042,2,P106169,1,221.89,SALE,1733566691,S11,20241207
S11/20241207/00042,3,P106710,1,98.77,SALE,1733566691,S11,20241207
S11/20241207/00042,4,P102975,2,234.92,SALE,1733566691,S11,20241207
S11/20241207/00042,5,P107715,2,241.95,SALE,1733566691,S11,20241207
S11/20241207/00042,6,TAX,1,229.39,TAX,1733566691,S11,20241207
S11/20241207/00042,7,TENDER,1,1683.10,TENDER,1733566691,S11,20241207
S11/20241207/00043,1,P105057,2,294.62,SALE,1733584231,S11,20241207
S11/20241207/00043,2,P105230,3,113.82,SALE,1733584231,S11,20241207
S11/20241207/00043,3,P107575,1,82.07,SALE,1733584231,S11,20241207
S11/20241207/00043,4,P101933,1,1344.63,SALE,1733584231,S11,20241207
S11/20241207/00043,5,TAX,1,308.39,TAX,1733584231,S11,20241207
S11/20241207/00043,6,TENDER,1,2665.79,TENDER,1733584231,S11,20241207
S11/20241207/00044,1,P104469,1,1631.11,SALE,1733572843,S11,20241207
S11/20241207/00044,2,P106454,2,127.35,SALE,1733572843,S11,20241207
S11/20241207/00044,3,P106807,3,322.15,SALE,1733572843,S11,20241207
S11/20241207/00044,4,P101802,1,44.15,SALE,1733572843,S11,20241207
S11/20241207/00044,5,P106833,2,446.47,SALE,1733572843,S11,20241207
S11/20241207/00044,6,TAX,1,545.37,TAX,1733572843,S11,20241207
S11/20241207/00044,7,TENDER,1,4334.72,TENDER,1733572843,S11,20241207
S11/20241208/00001,1,P103096,3,315.47,SALE,1733690996,S11,20241208
S11/20241208/00001,2,P105219,5,763.15,SALE,1733690996,S11,20241208
S11/20241208/00001,3,P103035,2,1333.74,SALE,1733690996,S11,20241208
S11/20241208/00001,4,TAX,1,990.56,TAX,1733690996,S11,20241208
S11/20241208/00001,5,TENDER,1,8420.20,TENDER,1733690996,S11,20241208
S11/20241208/00002,1,P103563,1,26.76,SALE,1733692312,S11,20241208
S11/20241208/00002,2,P106317,7,485.55,SALE,1733692312,S11,20241208
S11/20241208/00002,3,P103871,1,220.55,SALE,1733692312,S11,20241208
S11/20241208/00002,4,P107362,3,75.90,SALE,1733692312,S11,20241208
S11/20241208/00002,5,P105707,1,130.64,SALE,1733692312,S11,20241208
S11/20241208/00002,6,P104708,5,487.33,SALE,1733692312,S11,20241208
S11/20241208/00002,7,P106731,1,153.24,SALE,1733692312,S11,20241208
S11/20241208/00002,8,TAX,1,602.20,TAX,1733692312,S11,20241208
S11/20241208/00002,9,TENDER,1,7196.59,TENDER,1733692312,S11,20241208
S11/20241208/00003,1,P101874,2,21.48,SALE,1733679899,S11,20241208
S11/20241208/00003,2,P101492,2,113.44,SALE,1733679899,S11,20241208
S11/20241208/00003,3,P103068,3,153.43,SALE,1733679899,S11,20241208
S11/20241208/00003,4,P106927,1,156.05,SALE,1733679899,S11,20241208
S11/20241208/00003,5,P106599,2,245.11,SALE,1733679899,S11,20241208
S11/20241208/00003,6,P102160,3,221.62,SALE,1733679899,S11,20241208
S11/20241208/00003,7,TAX,1,175.95,TAX,1733679899,S11,20241208
S11/20241208/00003,8,TENDER,1,2217.21,TENDER,1733679899,S11,20241208
S11/20241208/00004,1,P103806,1,319.17,SALE,1733683376,S11,20241208
S11/20241208/00004,2,P100210,3,1073.90,SALE,1733683376,S11,20241208
S11/20241208/00004,3,P108227,3,551.58,SALE,1733683376,S11,20241208
S11/20241208/00004,4,P104854,2,35.80,SALE,1733683376,S11,20241208
S11/20241208/00004,5,TAX,1,386.60,TAX,1733683376,S11,20241208
S11/20241208/00004,6,TENDER,1,5653.81,TENDER,1733683376,S11,20241208
S11/20241208/00005,1,P101674,2,387.70,SALE,1733668299,S11,20241208
S11/20241208/00005,2,P106599,1,245.11,SALE,1733668299,S11,20241208
S11/20241208/00005,3,P103680,3,210.26,SALE,1733668299,S11,20241208
S11/20241208/00005,4,DISC,1,-65.70,DISCOUNT,1733668299,S11,20241208
S11/20241208/00005,5,TAX,1,145.79,TAX,1733668299,S11,20241208
S11/20241208/00005,6,TENDER,1,1731.38,TENDER,1733668299,S11,20241208
S11/20241208/00006,1,P104139,2,249.08,SALE,1733674832,S11,20241208
S11/20241208/00006,2,P101779,4,209.76,SALE,1733674832,S11,20241208
S11/20241208/00006,3,P101533,1,975.60,SALE,1733674832,S11,20241208
S11/20241208/00006,4,TAX,1,159.02,TAX,1733674832,S11,20241208
S11/20241208/00006,5,TENDER,1,2471.82,TENDER,1733674832,S11,20241208
S11/20241208/00007,1,P104854,3,35.80,SALE,1733683683,S11,20241208
S11/20241208/00007,2,P103118,1,47.89,SALE,1733683683,S11,20241208
S11/20241208/00007,3,P103886,4,312.24,SALE,1733683683,S11,20241208
S11/20241208/00007,4,P101697,1,102.34,SALE,1733683683,S11,20241208
S11/20241208/00007,5,P103372,2,49.00,SALE,1733683683,S11,20241208
S11/20241208/00007,6,P102933,3,610.87,SALE,1733683683,S11,20241208
S11/20241208/00007,7,P104950,1,91.01,SALE,1733683683,S11,20241208
S11/20241208/00007,8,P101660,1,193.14,SALE,1733683683,S11,20241208
S11/20241208/00007,9,TAX,1,265.99,TAX,1733683683,S11,20241208
S11/20241208/00007,10,TENDER,1,3987.34,TENDER,1733683683,S11,20241208
S11/20241208/00008,1,P100736,2,700.87,SALE,1733659335,S11,20241208
S11/20241208/00008,2,P106478,1,56.12,SALE,1733659335,S11,20241208
S11/20241208/00008,3,P106984,2,28.34,SALE,1733659335,S11,20241208
S11/20241208/00008,4,TAX,1,173.85,TAX,1733659335,S11,20241208
S11/20241208/00008,5,TENDER,1,1688.39,TENDER,1733659335,S11,20241208
S11/20241208/00009,1,P103645,1,285.25,SALE,1733670911,S11,20241208
S11/20241208/00009,2,P102346,1,89.47,SALE,1733670911,S11,20241208
S11/20241208/00009,3,P103040,2,410.59,SALE,1733670911,S11,20241208
S11/20241208/00009,4,TAX,1,158.55,TAX,1733670911,S11,20241208
S11/20241208/00009,5,TENDER,1,1354.45,TENDER,1733670911,S11,20241208
S11/20241208/00010,1,P108118,1,66.05,SALE,1733692948,S11,20241208
S11/20241208/00010,2,P100864,2,208.63,SALE,1733692948,S11,20241208
S11/20241208/00010,3,P101864,2,112.21,SALE,1733692948,S11,20241208
S11/20241208/00010,4,P101305,4,114.22,SALE,1733692948,S11,20241208
S11/20241208/00010,5,P103934,3,284.79,SALE,1733692948,S11,20241208
S11/20241208/00010,6,TAX,1,354.83,TAX,1733692948,S11,20241208
S11/20241208/00010,7,TENDER,1,2373.81,TENDER,1733692948,S11,20241208
S11/20241208/00011,1,P103294,3,69.64,SALE,1733702800,S11,20241208
S11/20241208/00011,2,P100224,1,79.22,SALE,1733702800,S11,20241208
S11/20241208/00011,3,TAX,1,14.41,TAX,1733702800,S11,20241208
S11/20241208/00011,4,TENDER,1,302.55,TENDER,1733702800,S11,20241208
S11/20241208/00012,1,P103062,3,173.63,SALE,1733689296,S11,20241208
S11/20241208/00012,2,P105720,2,69.64,SALE,1733689296,S11,20241208
S11/20241208/00012,3,P107549,3,47.87,SALE,1733689296,S11,20241208
S11/20241208/00012,4,DISC,1,-88.08,DISCOUNT,1733689296,S11,20241208
S11/20241208/00012,5,TAX,1,46.21,TAX,1733689296,S11,20241208
S11/20241208/00012,6,TENDER,1,761.91,TENDER,1733689296,S11,20241208
S11/20241208/00013,1,P107581,4,287.09,SALE,1733674729,S11,20241208
S11/20241208/00013,2,P105524,1,81.14,SALE,1733674729,S11,20241208
S11/20241208/00013,3,P107933,2,1146.02,SALE,1733674729,S11,20241208
S11/20241208/00013,4,P104533,2,313.53,SALE,1733674729,S11,20241208
S11/20241208/00013,5,P107337,1,429.21,SALE,1733674729,S11,20241208
S11/20241208/00013,6,TAX,1,480.27,TAX,1733674729,S11,20241208
S11/20241208/00013,7,TENDER,1,5058.08,TENDER,1733674729,S11,20241208
S11/20241208/00014,1,P105636,4,558.71,SALE,1733679125,S11,20241208
S11/20241208/00014,2,P103999,1,120.61,SALE,1733679125,S11,20241208
S11/20241208/00014,3,P106367,2,650.25,SALE,1733679125,S11,20241208
S11/20241208/00014,4,P103525,2,252.51,SALE,1733679125,S11,20241208
S11/20241208/00014,5,TAX,1,96.31,TAX,1733679125,S11,20241208
S11/20241208/00014,6,TENDER,1,4257.28,TENDER,1733679125,S11,20241208
S11/20241208/00015,1,P103958,2,32.46,SALE,1733660037,S11,20241208
S11/20241208/00015,2,P100319,1,54.97,SALE,1733660037,S11,20241208
S11/20241208/00015,3,P107100,2,200.76,SALE,1733660037,S11,20241208
S11/20241208/00015,4,P105562,2,422.85,SALE,1733660037,S11,20241208
S11/20241208/00015,5,P108361,7,73.59,SALE,1733660037,S11,20241208
S11/20241208/00015,6,P104909,2,363.10,SALE,1733660037,S11,20241208
S11/20241208/00015,7,P100974,2,41.35,SALE,1733660037,S11,20241208
S11/20241208/00015,8,TAX,1,218.98,TAX,1733660037,S11,20241208
S11/20241208/00015,9,TENDER,1,2910.12,TENDER,1733660037,S11,20241208
S11/20241208/00016,1,P103994,3,148.39,SALE,1733677682,S11,20241208
S11/20241208/00016,2,P102714,1,86.80,SALE,1733677682,S11,20241208
S11/20241208/00016,3,P104344,1,390.44,SALE,1733677682,S11,20241208
S11/20241208/00016,4,P107777,1,222.77,SALE,1733677682,S11,20241208
S11/20241208/00016,5,TAX,1,80.70,TAX,1733677682,S11,20241208
S11/20241208/00016,6,TENDER,1,1225.88,TENDER,1733677682,S11,20241208
S11/20241208/00017,1,P101530,3,576.50,SALE,1733676855,S11,20241208
S11/20241208/00017,2,P106620,3,273.19,SALE,1733676855,S11,20241208
S11/20241208/00017,3,P101660,1,193.14,SALE,1733676855,S11,20241208
S11/20241208/00017,4,P103978,1,347.08,SALE,1733676855,S11,20241208
S11/20241208/00017,5,TAX,1,436.67,TAX,1733676855,S11,20241208
S11/20241208/00017,6,TENDER,1,3525.96,TENDER,1733676855,S11,20241208
S11/20241208/00018,1,P105971,1,1150.46,SALE,1733676680,S11,20241208
S11/20241208/00018,2,P101374,3,55.98,SALE,1733676680,S11,20241208
S11/20241208/00018,3,P102465,1,1410.14,SALE,1733676680,S11,20241208
S11/20241208/00018,4,P104842,2,352.80,SALE,1733676680,S11,20241208
S11/20241208/00018,5,TAX,1,242.93,TAX,1733676680,S11,20241208
S11/20241208/00018,6,TENDER,1,3677.07,TENDER,1733676680,S11,20241208
S11/20241208/00019,1,P102074,1,415.90,SALE,1733670480,S11,20241208
S11/20241208/00019,2,P107047,1,413.27,SALE,1733670480,S11,20241208
S11/20241208/00019,3,P101225,1,452.38,SALE,1733670480,S11,20241208
S11/20241208/00019,4,P103563,1,26.76,SALE,1733670480,S11,20241208
S11/20241208/00019,5,P103281,2,172.43,SALE,1733670480,S11,20241208
S11/20241208/00019,6,P104123,2,432.72,SALE,1733670480,S11,20241208
S11/20241208/00019,7,P101766,3,220.67,SALE,1733670480,S11,20241208
S11/20241208/00019,8,TAX,1,374.86,TAX,1733670480,S11,20241208
S11/20241208/00019,9,TENDER,1,3555.48,TENDER,1733670480,S11,20241208
S11/20241208/00020,1,P103994,3,148.39,SALE,1733684579,S11,20241208
S11/20241208/00020,2,P101911,2,1431.80,SALE,1733684579,S11,20241208
S11/20241208/00020,3,P102569,1,116.37,SALE,1733684579,S11,20241208
S11/20241208/00020,4,P105589,3,90.25,SALE,1733684579,S11,20241208
S11/20241208/00020,5,P102424,3,333.88,SALE,1733684579,S11,20241208
S11/20241208/00020,6,DISC,1,-523.96,DISCOUNT,1733684579,S11,20241208
S11/20241208/00020,7,TAX,1,100.20,TAX,1733684579,S11,20241208
S11/20241208/00020,8,TENDER,1,4273.77,TENDER,1733684579,S11,20241208
S11/20241208/00021,1,P103294,1,69.64,SALE,1733682560,S11,20241208
S11/20241208/00021,2,P107446,3,593.14,SALE,1733682560,S11,20241208
S11/20241208/00021,3,TAX,1,323.78,TAX,1733682560,S11,20241208
S11/20241208/00021,4,TENDER,1,2172.84,TENDER,1733682560,S11,20241208
S11/20241208/00022,1,P107072,2,75.15,SALE,1733656546,S11,20241208
S11/20241208/00022,2,P101968,2,12.46,SALE,1733656546,S11,20241208
S11/20241208/00022,3,P107575,2,82.07,SALE,1733656546,S11,20241208
S11/20241208/00022,4,P103757,1,159.40,SALE,1733656546,S11,20241208
S11/20241208/00022,5,TAX,1,12.46,TAX,1733656546,S11,20241208
S11/20241208/00022,6,TENDER,1,511.22,TENDER,1733656546,S11,20241208
S11/20241208/00023,1,P104485,1,643.04,SALE,1733668243,S11,20241208
S11/20241208/00023,2,P100940,4,199.52,SALE,1733668243,S11,20241208
S11/20241208/00023,3,P108397,4,286.03,SALE,1733668243,S11,20241208
S11/20241208/00023,4,DISC,1,-166.88,DISCOUNT,1733668243,S11,20241208
S11/20241208/00023,5,TAX,1,335.00,TAX,1733668243,S11,20241208
S11/20241208/00023,6,TENDER,1,2753.36,TENDER,1733668243,S11,20241208
S11/20241208/00024,1,P107807,1,118.66,SALE,1733670304,S11,20241208
S11/20241208/00024,2,P107178,1,298.69,SALE,1733670304,S11,20241208
S11/20241208/00024,3,P104688,1,178.09,SALE,1733670304,S11,20241208
S11/20241208/00024,4,P107278,4,55.18,SALE,1733670304,S11,20241208
S11/20241208/00024,5,P107018,2,187.58,SALE,1733670304,S11,20241208
S11/20241208/00024,6,P103682,2,372.67,SALE,1733670304,S11,20241208
S11/20241208/00024,7,P102559,2,86.19,SALE,1733670304,S11,20241208
S11/20241208/00024,8,DISC,1,-197.76,DISCOUNT,1733670304,S11,20241208
S11/20241208/00024,9,TAX,1,216.32,TAX,1733670304,S11,20241208
S11/20241208/00024,10,TENDER,1,2127.60,TENDER,1733670304,S11,20241208
S11/20241208/00025,1,P102485,2,208.13,SALE,1733664917,S11,20241208
S11/20241208/00025,2,P106388,2,1120.55,SALE,1733664917,S11,20241208
S11/20241208/00025,3,P106426,1,154.27,SALE,1733664917,S11,20241208
S11/20241208/00025,4,P107145,3,235.69,SALE,1733664917,S11,20241208
S11/20241208/00025,5,P105838,1,594.50,SALE,1733664917,S11,20241208
S11/20241208/00025,6,TAX,1,133.43,TAX,1733664917,S11,20241208
S11/20241208/00025,7,TENDER,1,4246.63,TENDER,1733664917,S11,20241208
S11/20241208/00026,1,P107308,1,226.19,SALE,1733669359,S11,20241208
S11/20241208/00026,2,P103727,2,116.88,SALE,1733669359,S11,20241208
S11/20241208/00026,3,P101122,3,69.38,SALE,1733669359,S11,20241208
S11/20241208/00026,4,P106169,1,221.89,SALE,1733669359,S11,20241208
S11/20241208/00026,5,P103118,1,47.89,SALE,1733669359,S11,20241208
S11/20241208/00026,6,P105323,2,84.67,SALE,1733669359,S11,20241208
S11/20241208/00026,7,P105633,2,46.25,SALE,1733669359,S11,20241208
S11/20241208/00026,8,P103081,1,480.46,SALE,1733669359,S11,20241208
S11/20241208/00026,9,TAX,1,248.14,TAX,1733669359,S11,20241208
S11/20241208/00026,10,TENDER,1,1928.31,TENDER,1733669359,S11,20241208
S11/20241208/00027,1,P106009,6,372.60,SALE,1733683258,S11,20241208
S11/20241208/00027,2,P100632,2,331.55,SALE,1733683258,S11,20241208
S11/20241208/00027,3,P106948,2,209.81,SALE,1733683258,S11,20241208
S11/20241208/00027,4,P105583,1,179.43,SALE,1733683258,S11,20241208
S11/20241208/00027,5,P102160,4,221.62,SALE,1733683258,S11,20241208
S11/20241208/00027,6,P104554,2,437.01,SALE,1733683258,S11,20241208
S11/20241208/00027,7,P103600,1,107.84,SALE,1733683258,S11,20241208
S11/20241208/00027,8,P104401,1,207.51,SALE,1733683258,S11,20241208
S11/20241208/00027,9,TAX,1,682.46,TAX,1733683258,S11,20241208
S11/20241208/00027,10,TENDER,1,6256.06,TENDER,1733683258,S11,20241208
S11/20241208/00028,1,P102636,2,113.15,SALE,1733668300,S11,20241208
S11/20241208/00028,2,P105468,1,1100.43,SALE,1733668300,S11,20241208
S11/20241208/00028,3,P105959,2,513.93,SALE,1733668300,S11,20241208
S11/20241208/00028,4,P104725,2,551.38,SALE,1733668300,S11,20241208
S11/20241208/00028,5,P104579,1,67.48,SALE,1733668300,S11,20241208
S11/20241208/00028,6,P101638,1,402.54,SALE,1733668300,S11,20241208
S11/20241208/00028,7,P101533,3,975.60,SALE,1733668300,S11,20241208
S11/20241208/00028,8,TAX,1,849.37,TAX,1733668300,S11,20241208
S11/20241208/00028,9,TENDER,1,7703.54,TENDER,1733668300,S11,20241208
S11/20241208/00029,1,P104831,1,1516.75,SALE,1733667126,S11,20241208
S11/20241208/00029,2,P103171,2,68.42,SALE,1733667126,S11,20241208
S11/20241208/00029,3,P102103,2,400.89,SALE,1733667126,S11,20241208
S11/20241208/00029,4,P101279,3,242.90,SALE,1733667126,S11,20241208
S11/20241208/00029,5,DISC,1,-155.64,DISCOUNT,1733667126,S11,20241208
S11/20241208/00029,6,TAX,1,316.89,TAX,1733667126,S11,20241208
S11/20241208/00029,7,TENDER,1,3345.32,TENDER,1733667126,S11,20241208
S11/20241208/00030,1,P106844,5,23.44,SALE,1733677591,S11,20241208
S11/20241208/00030,2,P105988,1,29.57,SALE,1733677591,S11,20241208
S11/20241208/00030,3,P108272,2,121.99,SALE,1733677591,S11,20241208
S11/20241208/00030,4,P105288,3,271.73,SALE,1733677591,S11,20241208
S11/20241208/00030,5,TAX,1,51.85,TAX,1733677591,S11,20241208
S11/20241208/00030,6,TENDER,1,1257.79,TENDER,1733677591,S11,20241208
S11/20241208/00031,1,P103806,-3,319.17,RETURN,1733676088,S11,20241208
S11/20241208/00031,2,P106254,-3,1282.79,RETURN,1733676088,S11,20241208
S11/20241208/00031,3,P107115,-3,172.62,RETURN,1733676088,S11,20241208
S11/20241208/00031,4,P100007,-1,155.06,RETURN,1733676088,S11,20241208
S11/20241208/00031,5,P103760,-2,103.67,RETURN,1733676088,S11,20241208
S11/20241208/00031,6,P102006,-2,1553.68,RETURN,1733676088,S11,20241208
S11/20241208/00031,7,TAX,1,-91.12,TAX,1733676088,S11,20241208
S11/20241208/00031,8,TENDER,1,-8884.62,TENDER,1733676088,S11,20241208
S11/20241208/00032,1,P102931,2,185.66,SALE,1733662496,S11,20241208
S11/20241208/00032,2,P102707,2,425.19,SALE,1733662496,S11,20241208
S11/20241208/00032,3,TAX,1,102.05,TAX,1733662496,S11,20241208
S11/20241208/00032,4,TENDER,1,1323.75,TENDER,1733662496,S11,20241208
S11/20241208/00033,1,P101298,3,224.87,SALE,1733681688,S11,20241208
S11/20241208/00033,2,P104404,3,890.27,SALE,1733681688,S11,20241208
S11/20241208/00033,3,P102674,4,515.88,SALE,1733681688,S11,20241208
S11/20241208/00033,4,TAX,1,772.88,TAX,1733681688,S11,20241208
S11/20241208/00033,5,TENDER,1,6181.82,TENDER,1733681688,S11,20241208
S11/20241208/00034,1,P100339,1,299.99,SALE,1733686793,S11,20241208
S11/20241208/00034,2,P106534,4,96.00,SALE,1733686793,S11,20241208
S11/20241208/00034,3,P101570,3,298.03,SALE,1733686793,S11,20241208
S11/20241208/00034,4,P101470,1,196.94,SALE,1733686793,S11,20241208
S11/20241208/00034,5,DISC,1,-43.89,DISCOUNT,1733686793,S11,20241208
S11/20241208/00034,6,TAX,1,224.71,TAX,1733686793,S11,20241208
S11/20241208/00034,7,TENDER,1,1955.84,TENDER,1733686793,S11,20241208
S11/20241208/00035,1,P106592,4,815.90,SALE,1733690797,S11,20241208
S11/20241208/00035,2,P106015,3,148.43,SALE,1733690797,S11,20241208
S11/20241208/00035,3,P101101,2,74.25,SALE,1733690797,S11,20241208
S11/20241208/00035,4,P101592,2,295.58,SALE,1733690797,S11,20241208
S11/20241208/00035,5,P101789,2,391.48,SALE,1733690797,S11,20241208
S11/20241208/00035,6,TAX,1,379.99,TAX,1733690797,S11,20241208
S11/20241208/00035,7,TENDER,1,5611.50,TENDER,1733690797,S11,20241208
S11/20241208/00036,1,P106577,3,52.98,SALE,1733674882,S11,20241208
S11/20241208/00036,2,P101740,1,855.00,SALE,1733674882,S11,20241208
S11/20241208/00036,3,P104898,5,181.50,SALE,1733674882,S11,20241208
S11/20241208/00036,4,P105418,2,257.82,SALE,1733674882,S11,20241208
S11/20241208/00036,5,P103465,1,32.05,SALE,1733674882,S11,20241208
S11/20241208/00036,6,P103406,2,1248.48,SALE,1733674882,S11,20241208
S11/20241208/00036,7,P106288,2,48.38,SALE,1733674882,S11,20241208
S11/20241208/00036,8,TAX,1,456.38,TAX,1733674882,S11,20241208
S11/20241208/00036,9,TENDER,1,5519.23,TENDER,1733674882,S11,20241208
S11/20241208/00037,1,P102364,1,104.57,SALE,1733663416,S11,20241208
S11/20241208/00037,2,P102129,4,241.90,SALE,1733663416,S11,20241208
S11/20241208/00037,3,P104139,3,249.08,SALE,1733663416,S11,20241208
S11/20241208/00037,4,P106288,6,48.38,SALE,1733663416,S11,20241208
S11/20241208/00037,5,P101292,2,380.75,SALE,1733663416,S11,20241208
S11/20241208/00037,6,DISC,1,-129.89,DISCOUNT,1733663416,S11,20241208
S11/20241208/00037,7,TAX,1,114.37,TAX,1733663416,S11,20241208
S11/20241208/00037,8,TENDER,1,2855.67,TENDER,1733663416,S11,20241208
S11/20241209/00001,1,P108050,1,1166.49,SALE,1733753106,S11,20241209
S11/20241209/00001,2,P105997,3,124.60,SALE,1733753106,S11,20241209
S11/20241209/00001,3,TAX,1,77.01,TAX,1733753106,S11,20241209
S11/20241209/00001,4,TENDER,1,1617.30,TENDER,1733753106,S11,20241209
S11/20241209/00002,1,P103833,2,1136.81,SALE,1733783822,S11,20241209
S11/20241209/00002,2,P103406,1,1248.48,SALE,1733783822,S11,20241209
S11/20241209/00002,3,P105268,2,300.66,SALE,1733783822,S11,20241209
S11/20241209/00002,4,P103591,3,102.70,SALE,1733783822,S11,20241209
S11/20241209/00002,5,DISC,1,-162.14,DISCOUNT,1733783822,S11,20241209
S11/20241209/00002,6,TAX,1,411.56,TAX,1733783822,S11,20241209
S11/20241209/00002,7,TENDER,1,4680.94,TENDER,1733783822,S11,20241209
S11/20241209/00003,1,P106563,3,469.90,SALE,1733771929,S11,20241209
S11/20241209/00003,2,P108200,1,333.41,SALE,1733771929,S11,20241209
S11/20241209/00003,3,P102465,3,1410.14,SALE,1733771929,S11,20241209
S11/20241209/00003,4,P106158,4,507.58,SALE,1733771929,S11,20241209
S11/20241209/00003,5,TAX,1,522.21,TAX,1733771929,S11,20241209
S11/20241209/00003,6,TENDER,1,8526.06,TENDER,1733771929,S11,20241209
S11/20241209/00004,1,P104081,1,652.80,SALE,1733747766,S11,20241209
S11/20241209/00004,2,P105541,3,189.75,SALE,1733747766,S11,20241209
S11/20241209/00004,3,TAX,1,102.47,TAX,1733747766,S11,20241209
S11/20241209/00004,4,TENDER,1,1324.52,TENDER,1733747766,S11,20241209
S11/20241209/00005,1,P107502,2,311.85,SALE,1733770467,S11,20241209
S11/20241209/00005,2,P108282,2,472.97,SALE,1733770467,S11,20241209
S11/20241209/00005,3,P105695,2,158.81,SALE,1733770467,S11,20241209
S11/20241209/00005,4,P101626,2,1040.69,SALE,1733770467,S11,20241209
S11/20241209/00005,5,P106553,3,139.74,SALE,1733770467,S11,20241209
S11/20241209/00005,6,P102280,2,644.81,SALE,1733770467,S11,20241209
S11/20241209/00005,7,TAX,1,732.80,TAX,1733770467,S11,20241209
S11/20241209/00005,8,TENDER,1,6410.28,TENDER,1733770467,S11,20241209
S11/20241209/00006,1,P104567,1,141.21,SALE,1733757637,S11,20241209
S11/20241209/00006,2,P104965,2,88.50,SALE,1733757637,S11,20241209
S11/20241209/00006,3,P102389,2,84.91,SALE,1733757637,S11,20241209
S11/20241209/00006,4,TAX,1,56.36,TAX,1733757637,S11,20241209
S11/20241209/00006,5,TENDER,1,544.39,TENDER,1733757637,S11,20241209
S11/20241209/00007,1,P108379,1,300.71,SALE,1733779074,S11,20241209
S11/20241209/00007,2,P103855,3,322.11,SALE,1733779074,S11,20241209
S11/20241209/00007,3,P104558,1,440.08,SALE,1733779074,S11,20241209
S11/20241209/00007,4,P105524,2,81.14,SALE,1733779074,S11,20241209
S11/20241209/00007,5,P106629,1,57.49,SALE,1733779074,S11,20241209
S11/20241209/00007,6,P101974,3,302.00,SALE,1733779074,S11,20241209
S11/20241209/00007,7,TAX,1,465.47,TAX,1733779074,S11,20241209
S11/20241209/00007,8,TENDER,1,3298.36,TENDER,1733779074,S11,20241209
S11/20241209/00008,1,P102129,1,241.90,SALE,1733749375,S11,20241209
S11/20241209/00008,2,P108174,3,235.92,SALE,1733749375,S11,20241209
S11/20241209/00008,3,P103299,2,238.05,SALE,1733749375,S11,20241209
S11/20241209/00008,4,P107777,4,222.77,SALE,1733749375,S11,20241209
S11/20241209/00008,5,P106563,3,469.90,SALE,1733749375,S11,20241209
S11/20241209/00008,6,TAX,1,302.35,TAX,1733749375,S11,20241209
S11/20241209/00008,7,TENDER,1,4028.89,TENDER,1733749375,S11,20241209
S11/20241209/00009,1,P102371,1,59.77,SALE,1733755715,S11,20241209
S11/20241209/00009,2,P102502,3,408.64,SALE,1733755715,S11,20241209
S11/20241209/00009,3,P107414,1,565.57,SALE,1733755715,S11,20241209
S11/20241209/00009,4,P102656,1,194.33,SALE,1733755715,S11,20241209
S11/20241209/00009,5,P106048,1,310.59,SALE,1733755715,S11,20241209
S11/20241209/00009,6,TAX,1,295.93,TAX,1733755715,S11,20241209
S11/20241209/00009,7,TENDER,1,2652.11,TENDER,1733755715,S11,20241209
S11/20241209/00010,1,P106669,3,102.72,SALE,1733749120,S11,20241209
S11/20241209/00010,2,P107226,2,88.38,SALE,1733749120,S11,20241209
S11/20241209/00010,3,P103806,1,319.17,SALE,1733749120,S11,20241209
S11/20241209/00010,4,TAX,1,47.22,TAX,1733749120,S11,20241209
S11/20241209/00010,5,TENDER,1,851.31,TENDER,1733749120,S11,20241209
S11/20241209/00011,1,P102230,2,335.28,SALE,1733752572,S11,20241209
S11/20241209/00011,2,P108118,1,66.05,SALE,1733752572,S11,20241209
S11/20241209/00011,3,P108239,3,256.06,SALE,1733752572,S11,20241209
S11/20241209/00011,4,P107989,4,189.72,SALE,1733752572,S11,20241209
S11/20241209/00011,5,P102718,1,356.09,SALE,1733752572,S11,20241209
S11/20241209/00011,6,TAX,1,462.97,TAX,1733752572,S11,20241209
S11/20241209/00011,7,TENDER,1,3082.73,TENDER,1733752572,S11,20241209
S11/20241209/00012,1,P106288,4,48.38,SALE,1733766278,S11,20241209
S11/20241209/00012,2,P108258,2,54.62,SALE,1733766278,S11,20241209
S11/20241209/00012,3,P107488,3,303.21,SALE,1733766278,S11,20241209
S11/20241209/00012,4,P105294,1,143.55,SALE,1733766278,S11,20241209
S11/20241209/00012,5,TAX,1,218.91,TAX,1733766278,S11,20241209
S11/20241209/00012,6,TENDER,1,1574.85,TENDER,1733766278,S11,20241209
S11/20241209/00013,1,P102445,4,31.53,SALE,1733747185,S11,20241209
S11/20241209/00013,2,P107435,1,636.54,SALE,1733747185,S11,20241209
S11/20241209/00013,3,P103749,3,17.91,SALE,1733747185,S11,20241209
S11/20241209/00013,4,P100640,1,379.48,SALE,1733747185,S11,20241209
S11/20241209/00013,5,P105882,1,222.02,SALE,1733747185,S11,20241209
S11/20241209/00013,6,TAX,1,232.45,TAX,1733747185,S11,20241209
S11/20241209/00013,7,TENDER,1,1650.34,TENDER,1733747185,S11,20241209
S11/20241209/00014,1,P103719,5,957.52,SALE,1733787497,S11,20241209
S11/20241209/00014,2,P101177,2,166.36,SALE,1733787497,S11,20241209
S11/20241209/00014,3,P100260,5,1120.33,SALE,1733787497,S11,20241209
S11/20241209/00014,4,P105541,1,189.75,SALE,1733787497,S11,20241209
S11/20241209/00014,5,P104081,1,600.58,SALE,1733787497,S11,20241209
S11/20241209/00014,6,P102181,1,1615.15,SALE,1733787497,S11,20241209
S11/20241209/00014,7,P106234,1,79.42,SALE,1733787497,S11,20241209
S11/20241209/00014,8,P103144,2,145.27,SALE,1733787497,S11,20241209
S11/20241209/00014,9,TAX,1,649.36,TAX,1733787497,S11,20241209
S11/20241209/00014,10,TENDER,1,14146.77,TENDER,1733787497,S11,20241209
S11/20241209/00015,1,P103452,2,1033.70,SALE,1733775647,S11,20241209
S11/20241209/00015,2,P100007,1,155.06,SALE,1733775647,S11,20241209
S11/20241209/00015,3,P103552,2,125.20,SALE,1733775647,S11,20241209
S11/20241209/00015,4,P107775,3,737.39,SALE,1733775647,S11,20241209
S11/20241209/00015,5,P104956,1,141.84,SALE,1733775647,S11,20241209
S11/20241209/00015,6,TAX,1,267.42,TAX,1733775647,S11,20241209
S11/20241209/00015,7,TENDER,1,5094.29,TENDER,1733775647,S11,20241209
S11/20241209/00016,1,P100077,4,173.95,SALE,1733791500,S11,20241209
S11/20241209/00016,2,P107966,3,391.71,SALE,1733791500,S11,20241209
S11/20241209/00016,3,P100178,1,480.34,SALE,1733791500,S11,20241209
S11/20241209/00016,4,P102947,3,59.21,SALE,1733791500,S11,20241209
S11/20241209/00016,5,TAX,1,121.25,TAX,1733791500,S11,20241209
S11/20241209/00016,6,TENDER,1,2650.15,TENDER,1733791500,S11,20241209
S11/20241209/00017,1,P102139,4,1710.06,SALE,1733770149,S11,20241209
S11/20241209/00017,2,P100840,1,248.08,SALE,1733770149,S11,20241209
S11/20241209/00017,3,P102998,2,158.64,SALE,1733770149,S11,20241209
S11/20241209/00017,4,P100722,2,330.17,SALE,1733770149,S11,20241209
S11/20241209/00017,5,P100549,1,320.43,SALE,1733770149,S11,20241209
S11/20241209/00017,6,DISC,1,-944.21,DISCOUNT,1733770149,S11,20241209
S11/20241209/00017,7,TAX,1,427.93,TAX,1733770149,S11,20241209
S11/20241209/00017,8,TENDER,1,7870.09,TENDER,1733770149,S11,20241209
S11/20241209/00018,1,P100682,1,337.76,SALE,1733743289,S11,20241209
S11/20241209/00018,2,P100736,1,700.87,SALE,1733743289,S11,20241209
S11/20241209/00018,3,TAX,1,124.64,TAX,1733743289,S11,20241209
S11/20241209/00018,4,TENDER,1,1163.27,TENDER,1733743289,S11,20241209
S11/20241209/00019,1,P105351,2,109.14,SALE,1733749053,S11,20241209
S11/20241209/00019,2,P101037,3,613.83,SALE,1733749053,S11,20241209
S11/20241209/00019,3,P100595,1,404.82,SALE,1733749053,S11,20241209
S11/20241209/00019,4,P100921,1,441.43,SALE,1733749053,S11,20241209
S11/20241209/00019,5,P107231,3,1193.22,SALE,1733749053,S11,20241209
S11/20241209/00019,6,TAX,1,498.79,TAX,1733749053,S11,20241209
S11/20241209/00019,7,TENDER,1,6984.47,TENDER,1733749053,S11,20241209
S11/20241209/00020,1,P105100,2,270.01,SALE,1733761218,S11,20241209
S11/20241209/00020,2,P107575,1,82.07,SALE,1733761218,S11,20241209
S11/20241209/00020,3,P107472,3,64.61,SALE,1733761218,S11,20241209
S11/20241209/00020,4,P108275,3,504.53,SALE,1733761218,S11,20241209
S11/20241209/00020,5,P102432,1,895.86,SALE,1733761218,S11,20241209
S11/20241209/00020,6,TAX,1,486.84,TAX,1733761218,S11,20241209
S11/20241209/00020,7,TENDER,1,3712.21,TENDER,1733761218,S11,20241209
S11/20241209/00021,1,P102122,2,138.84,SALE,1733774140,S11,20241209
S11/20241209/00021,2,P105092,1,57.00,SALE,1733774140,S11,20241209
S11/20241209/00021,3,P106955,1,204.37,SALE,1733774140,S11,20241209
S11/20241209/00021,4,TAX,1,70.46,TAX,1733774140,S11,20241209
S11/20241209/00021,5,TENDER,1,609.51,TENDER,1733774140,S11,20241209
S11/20241209/00022,1,P103504,1,366.55,SALE,1733780002,S11,20241209
S11/20241209/00022,2,P106697,2,342.69,SALE,1733780002,S11,20241209
S11/20241209/00022,3,P106989,1,26.75,SALE,1733780002,S11,20241209
S11/20241209/00022,4,DISC,1,-73.91,DISCOUNT,1733780002,S11,20241209
S11/20241209/00022,5,TAX,1,122.07,TAX,1733780002,S11,20241209
S11/20241209/00022,6,TENDER,1,1126.84,TENDER,1733780002,S11,20241209
S11/20241209/00023,1,P103620,2,474.03,SALE,1733773626,S11,20241209
S11/20241209/00023,2,P102874,3,142.11,SALE,1733773626,S11,20241209
S11/20241209/00023,3,P100106,3,318.86,SALE,1733773626,S11,20241209
S11/20241209/00023,4,TAX,1,193.50,TAX,1733773626,S11,20241209
S11/20241209/00023,5,TENDER,1,2524.47,TENDER,1733773626,S11,20241209
S11/20241209/00024,1,P102531,-2,160.54,RETURN,1733753202,S11,20241209
S11/20241209/00024,2,P103559,-5,370.21,RETURN,1733753202,S11,20241209
S11/20241209/00024,3,P104427,-1,506.64,RETURN,1733753202,S11,20241209
S11/20241209/00024,4,P102060,-3,165.83,RETURN,1733753202,S11,20241209
S11/20241209/00024,5,P102880,-1,575.53,RETURN,1733753202,S11,20241209
S11/20241209/00024,6,P100367,-4,537.90,RETURN,1733753202,S11,20241209
S11/20241209/00024,7,P104242,-2,308.27,RETURN,1733753202,S11,20241209
S11/20241209/00024,8,TAX,1,-712.33,TAX,1733753202,S11,20241209
S11/20241209/00024,9,TENDER,1,-7232.26,TENDER,1733753202,S11,20241209
S11/20241209/00025,1,P105524,1,81.14,SALE,1733749261,S11,20241209
S11/20241209/00025,2,P102371,3,59.77,SALE,1733749261,S11,20241209
S11/20241209/00025,3,P103616,6,662.98,SALE,1733749261,S11,20241209
S11/20241209/00025,4,TAX,1,213.50,TAX,1733749261,S11,20241209
S11/20241209/00025,5,TENDER,1,4451.83,TENDER,1733749261,S11,20241209
S11/20241210/00001,1,P102112,1,389.72,SALE,1733845038,S11,20241210
S11/20241210/00001,2,P107422,5,193.56,SALE,1733845038,S11,20241210
S11/20241210/00001,3,P103487,2,361.14,SALE,1733845038,S11,20241210
S11/20241210/00001,4,P105479,5,253.92,SALE,1733845038,S11,20241210
S11/20241210/00001,5,P105636,3,558.71,SALE,1733845038,S11,20241210
S11/20241210/00001,6,P103682,1,372.67,SALE,1733845038,S11,20241210
S11/20241210/00001,7,P101955,2,364.45,SALE,1733845038,S11,20241210
S11/20241210/00001,8,P104202,3,166.10,SALE,1733845038,S11,20241210
S11/20241210/00001,9,DISC,1,-483.83,DISCOUNT,1733845038,S11,20241210
S11/20241210/00001,10,TAX,1,493.58,TAX,1733845038,S11,20241210
S11/20241210/00001,11,TENDER,1,6635.15,TENDER,1733845038,S11,20241210
S11/20241210/00002,1,P102779,2,25.62,SALE,1733860920,S11,20241210
S11/20241210/00002,2,P104469,3,1631.11,SALE,1733860920,S11,20241210
S11/20241210/00002,3,TAX,1,593.35,TAX,1733860920,S11,20241210
S11/20241210/00002,4,TENDER,1,5537.92,TENDER,1733860920,S11,20241210
S11/20241210/00003,1,P107536,3,1613.47,SALE,1733853874,S11,20241210
S11/20241210/00003,2,P105127,2,77.13,SALE,1733853874,S11,20241210
S11/20241210/00003,3,P101023,1,213.62,SALE,1733853874,S11,20241210
S11/20241210/00003,4,P105965,1,66.08,SALE,1733853874,S11,20241210
S11/20241210/00003,5,P103074,1,52.85,SALE,1733853874,S11,20241210
S11/20241210/00003,6,P100140,1,58.05,SALE,1733853874,S11,20241210
S11/20241210/00003,7,P103958,3,32.46,SALE,1733853874,S11,20241210
S11/20241210/00003,8,P102779,2,25.62,SALE,1733853874,S11,20241210
S11/20241210/00003,9,P101272,2,96.70,SALE,1733853874,S11,20241210
S11/20241210/00003,10,TAX,1,75.01,TAX,1733853874,S11,20241210
S11/20241210/00003,11,TENDER,1,5802.30,TENDER,1733853874,S11,20241210
S11/20241210/00004,1,P105553,1,764.76,SALE,1733864427,S11,20241210
S11/20241210/00004,2,P100319,4,54.97,SALE,1733864427,S11,20241210
S11/20241210/00004,3,P105835,2,238.39,SALE,1733864427,S11,20241210
S11/20241210/00004,4,P107294,1,85.13,SALE,1733864427,S11,20241210
S11/20241210/00004,5,P103040,3,410.59,SALE,1733864427,S11,20241210
S11/20241210/00004,6,P106093,2,315.93,SALE,1733864427,S11,20241210
S11/20241210/00004,7,P107639,1,128.49,SALE,1733864427,S11,20241210
S11/20241210/00004,8,TAX,1,443.82,TAX,1733864427,S11,20241210
S11/20241210/00004,9,TENDER,1,3982.49,TENDER,1733864427,S11,20241210
S11/20241210/00005,1,P104606,1,98.45,SALE,1733866675,S11,20241210
S11/20241210/00005,2,P107933,5,1146.02,SALE,1733866675,S11,20241210
S11/20241210/00005,3,TAX,1,699.43,TAX,1733866675,S11,20241210
S11/20241210/00005,4,TENDER,1,6527.98,TENDER,1733866675,S11,20241210
S11/20241210/00006,1,P107715,1,241.95,SALE,1733852081,S11,20241210
S11/20241210/00006,2,P107662,1,330.01,SALE,1733852081,S11,20241210
S11/20241210/00006,3,P106270,2,308.83,SALE,1733852081,S11,20241210
S11/20241210/00006,4,P106048,4,310.59,SALE,1733852081,S11,20241210
S11/20241210/00006,5,P104593,1,867.34,SALE,1733852081,S11,20241210
S11/20241210/00006,6,P101570,3,298.03,SALE,1733852081,S11,20241210
S11/20241210/00006,7,DISC,1,-432.01,DISCOUNT,1733852081,S11,20241210
S11/20241210/00006,8,TAX,1,415.67,TAX,1733852081,S11,20241210
S11/20241210/00006,9,TENDER,1,4177.07,TENDER,1733852081,S11,20241210
S11/20241210/00007,1,P100308,3,328.66,SALE,1733868216,S11,20241210
S11/20241210/00007,2,P106270,3,308.83,SALE,1733868216,S11,20241210
S11/20241210/00007,3,P105198,2,15.39,SALE,1733868216,S11,20241210
S11/20241210/00007,4,P100604,1,167.40,SALE,1733868216,S11,20241210
S11/20241210/00007,5,P100100,2,435.38,SALE,1733868216,S11,20241210
S11/20241210/00007,6,TAX,1,226.50,TAX,1733868216,S11,20241210
S11/20241210/00007,7,TENDER,1,3207.91,TENDER,1733868216,S11,20241210
S11/20241210/00008,1,P100555,3,435.03,SALE,1733854911,S11,20241210
S11/20241210/00008,2,P101968,1,12.46,SALE,1733854911,S11,20241210
S11/20241210/00008,3,P104909,3,363.10,SALE,1733854911,S11,20241210
S11/20241210/00008,4,P106234,2,79.42,SALE,1733854911,S11,20241210
S11/20241210/00008,5,DISC,1,-121.61,DISCOUNT,1733854911,S11,20241210
S11/20241210/00008,6,TAX,1,244.08,TAX,1733854911,S11,20241210
S11/20241210/00008,7,TENDER,1,2688.16,TENDER,1733854911,S11,20241210
S11/20241210/00009,1,P104344,1,390.44,SALE,1733845401,S11,20241210
S11/20241210/00009,2,P103022,2,60.43,SALE,1733845401,S11,20241210
S11/20241210/00009,3,P106080,3,361.06,SALE,1733845401,S11,20241210
S11/20241210/00009,4,TAX,1,214.76,TAX,1733845401,S11,20241210
S11/20241210/00009,5,TENDER,1,1809.24,TENDER,1733845401,S11,20241210
S11/20241210/00010,1,P106200,1,119.89,SALE,1733828695,S11,20241210
S11/20241210/00010,2,P102494,1,14.54,SALE,1733828695,S11,20241210
S11/20241210/00010,3,P101690,1,1044.81,SALE,1733828695,S11,20241210
S11/20241210/00010,4,P106143,3,61.74,SALE,1733828695,S11,20241210
S11/20241210/00010,5,P108379,2,300.71,SALE,1733828695,S11,20241210
S11/20241210/00010,6,TAX,1,174.75,TAX,1733828695,S11,20241210
S11/20241210/00010,7,TENDER,1,2140.63,TENDER,1733828695,S11,20241210
S11/20241210/00011,1,P100305,2,771.81,SALE,1733859846,S11,20241210
S11/20241210/00011,2,P107966,2,391.71,SALE,1733859846,S11,20241210
S11/20241210/00011,3,P103904,3,1081.09,SALE,1733859846,S11,20241210
S11/20241210/00011,4,P102835,1,101.19,SALE,1733859846,S11,20241210
S11/20241210/00011,5,TAX,1,174.31,TAX,1733859846,S11,20241210
S11/20241210/00011,6,TENDER,1,5845.81,TENDER,1733859846,S11,20241210
S11/20241210/00012,1,P107966,4,391.71,SALE,1733848850,S11,20241210
S11/20241210/00012,2,P105609,2,817.71,SALE,1733848850,S11,20241210
S11/20241210/00012,3,P100754,1,91.60,SALE,1733848850,S11,20241210
S11/20241210/00012,4,P106254,1,1282.79,SALE,1733848850,S11,20241210
S11/20241210/00012,5,DISC,1,-447.31,DISCOUNT,1733848850,S11,20241210
S11/20241210/00012,6,TAX,1,4.13,TAX,1733848850,S11,20241210
S11/20241210/00012,7,TENDER,1,4133.47,TENDER,1733848850,S11,20241210
S11/20241210/00013,1,P103452,3,1033.70,SALE,1733839922,S11,20241210
S11/20241210/00013,2,P106115,4,128.36,SALE,1733839922,S11,20241210
S11/20241210/00013,3,P106624,1,98.44,SALE,1733839922,S11,20241210
S11/20241210/00013,4,P101489,4,555.59,SALE,1733839922,S11,20241210
S11/20241210/00013,5,P107733,1,56.44,SALE,1733839922,S11,20241210
S11/20241210/00013,6,TAX,1,250.30,TAX,1733839922,S11,20241210
S11/20241210/00013,7,TENDER,1,6242.08,TENDER,1733839922,S11,20241210
S11/20241210/00014,1,P105433,3,144.32,SALE,1733841869,S11,20241210
S11/20241210/00014,2,P106697,1,342.69,SALE,1733841869,S11,20241210
S11/20241210/00014,3,TAX,1,119.06,TAX,1733841869,S11,20241210
S11/20241210/00014,4,TENDER,1,894.71,TENDER,1733841869,S11,20241210
S11/20241210/00015,1,P105405,3,430.78,SALE,1733856273,S11,20241210
S11/20241210/00015,2,P103416,1,73.27,SALE,1733856273,S11,20241210
S11/20241210/00015,3,P103606,1,185.94,SALE,1733856273,S11,20241210
S11/20241210/00015,4,TAX,1,87.10,TAX,1733856273,S11,20241210
S11/20241210/00015,5,TENDER,1,1638.65,TENDER,1733856273,S11,20241210
S11/20241210/00016,1,P108110,1,16.57,SALE,1733847253,S11,20241210
S11/20241210/00016,2,P100604,2,167.40,SALE,1733847253,S11,20241210
S11/20241210/00016,3,P101356,2,1264.05,SALE,1733847253,S11,20241210
S11/20241210/00016,4,P102982,4,255.95,SALE,1733847253,S11,20241210
S11/20241210/00016,5,P101810,1,793.98,SALE,1733847253,S11,20241210
S11/20241210/00016,6,P101774,1,1168.66,SALE,1733847253,S11,20241210
S11/20241210/00016,7,P103600,2,107.84,SALE,1733847253,S11,20241210
S11/20241210/00016,8,P104123,2,432.72,SALE,1733847253,S11,20241210
S11/20241210/00016,9,P102549,3,139.23,SALE,1733847253,S11,20241210
S11/20241210/00016,10,P102021,1,90.22,SALE,1733847253,S11,20241210
S11/20241210/00016,11,DISC,1,-647.94,DISCOUNT,1733847253,S11,20241210
S11/20241210/00016,12,TAX,1,616.01,TAX,1733847253,S11,20241210
S11/20241210/00016,13,TENDER,1,7423.01,TENDER,1733847253,S11,20241210
S11/20241210/00017,1,P107381,3,195.99,SALE,1733845656,S11,20241210
S11/20241210/00017,2,P107282,5,1189.20,SALE,1733845656,S11,20241210
S11/20241210/00017,3,P105057,1,294.62,SALE,1733845656,S11,20241210
S11/20241210/00017,4,P102744,2,98.75,SALE,1733845656,S11,20241210
S11/20241210/00017,5,P102091,3,87.97,SALE,1733845656,S11,20241210
S11/20241210/00017,6,TAX,1,133.46,TAX,1733845656,S11,20241210
S11/20241210/00017,7,TENDER,1,7423.46,TENDER,1733845656,S11,20241210
S11/20241210/00018,1,P106550,1,29.54,SALE,1733848919,S11,20241210
S11/20241210/00018,2,P106367,2,650.25,SALE,1733848919,S11,20241210
S11/20241210/00018,3,P105460,2,148.47,SALE,1733848919,S11,20241210
S11/20241210/00018,4,P101272,1,96.70,SALE,1733848919,S11,20241210
S11/20241210/00018,5,TAX,1,128.63,TAX,1733848919,S11,20241210
S11/20241210/00018,6,TENDER,1,1852.31,TENDER,1733848919,S11,20241210
S11/20241210/00019,1,P102945,1,43.42,SALE,1733841170,S11,20241210
S11/20241210/00019,2,P104121,2,131.32,SALE,1733841170,S11,20241210
S11/20241210/00019,3,P107667,3,367.93,SALE,1733841170,S11,20241210
S11/20241210/00019,4,P101018,2,141.83,SALE,1733841170,S11,20241210
S11/20241210/00019,5,P100074,3,61.25,SALE,1733841170,S11,20241210
S11/20241210/00019,6,P104072,1,724.10,SALE,1733841170,S11,20241210
S11/20241210/00019,7,P102768,5,158.73,SALE,1733841170,S11,20241210
S11/20241210/00019,8,TAX,1,375.80,TAX,1733841170,S11,20241210
S11/20241210/00019,9,TENDER,1,3770.81,TENDER,1733841170,S11,20241210
S11/20241210/00020,1,P102811,2,199.78,SALE,1733845339,S11,20241210
S11/20241210/00020,2,P103743,2,1117.90,SALE,1733845339,S11,20241210
S11/20241210/00020,3,P107040,1,474.18,SALE,1733845339,S11,20241210
S11/20241210/00020,4,P105651,3,108.83,SALE,1733845339,S11,20241210
S11/20241210/00020,5,P101592,2,295.58,SALE,1733845339,S11,20241210
S11/20241210/00020,6,TAX,1,208.86,TAX,1733845339,S11,20241210
S11/20241210/00020,7,TENDER,1,4236.05,TENDER,1733845339,S11,20241210
S11/20241210/00021,1,P106648,3,339.01,SALE,1733854540,S11,20241210
S11/20241210/00021,2,P101547,2,66.03,SALE,1733854540,S11,20241210
S11/20241210/00021,3,P105236,1,552.60,SALE,1733854540,S11,20241210
S11/20241210/00021,4,P105729,2,75.27,SALE,1733854540,S11,20241210
S11/20241210/00021,5,P104651,3,540.51,SALE,1733854540,S11,20241210
S11/20241210/00021,6,P106648,-3,339.01,VOID,1733854540,S11,20241210
S11/20241210/00021,7,P101547,-2,66.03,VOID,1733854540,S11,20241210
S11/20241210/00021,8,P105236,-1,552.60,VOID,1733854540,S11,20241210
S11/20241210/00021,9,P105729,-2,75.27,VOID,1733854540,S11,20241210
S11/20241210/00021,10,P104651,-3,540.51,VOID,1733854540,S11,20241210
S11/20241210/00021,11,TAX,1,0.00,TAX,1733854540,S11,20241210
S11/20241210/00021,12,TENDER,1,0.00,TENDER,1733854540,S11,20241210
S11/20241210/00022,1,P108239,2,256.06,SALE,1733855522,S11,20241210
S11/20241210/00022,2,P103206,3,450.05,SALE,1733855522,S11,20241210
S11/20241210/00022,3,P101570,1,298.03,SALE,1733855522,S11,20241210
S11/20241210/00022,4,TAX,1,370.97,TAX,1733855522,S11,20241210
S11/20241210/00022,5,TENDER,1,2531.27,TENDER,1733855522,S11,20241210
S11/20241210/00023,1,P101305,2,114.22,SALE,1733865489,S11,20241210
S11/20241210/00023,2,P102321,4,35.15,SALE,1733865489,S11,20241210
S11/20241210/00023,3,P102656,3,194.33,SALE,1733865489,S11,20241210
S11/20241210/00023,4,P106942,2,206.70,SALE,1733865489,S11,20241210
S11/20241210/00023,5,TAX,1,107.81,TAX,1733865489,S11,20241210
S11/20241210/00023,6,TENDER,1,1473.24,TENDER,1733865489,S11,20241210
S11/20241210/00024,1,P104512,1,94.53,SALE,1733857934,S11,20241210
S11/20241210/00024,2,P106228,2,44.54,SALE,1733857934,S11,20241210
S11/20241210/00024,3,P102207,2,342.36,SALE,1733857934,S11,20241210
S11/20241210/00024,4,P106833,2,446.47,SALE,1733857934,S11,20241210
S11/20241210/00024,5,P103206,1,450.05,SALE,1733857934,S11,20241210
S11/20241210/00024,6,P101023,2,213.62,SALE,1733857934,S11,20241210
S11/20241210/00024,7,P105733,5,151.69,SALE,1733857934,S11,20241210
S11/20241210/00024,8,P107078,1,98.82,SALE,1733857934,S11,20241210
S11/20241210/00024,9,TAX,1,502.55,TAX,1733857934,S11,20241210
S11/20241210/00024,10,TENDER,1,3998.38,TENDER,1733857934,S11,20241210
S11/20241210/00025,1,P100511,2,442.66,SALE,1733846229,S11,20241210
S11/20241210/00025,2,P106584,3,247.63,SALE,1733846229,S11,20241210
S11/20241210/00025,3,P101018,1,141.83,SALE,1733846229,S11,20241210
S11/20241210/00025,4,P105707,1,130.64,SALE,1733846229,S11,20241210
S11/20241210/00025,5,P103012,2,240.75,SALE,1733846229,S11,20241210
S11/20241210/00025,6,P106958,2,125.66,SALE,1733846229,S11,20241210
S11/20241210/00025,7,P103435,3,443.24,SALE,1733846229,S11,20241210
S11/20241210/00025,8,TAX,1,464.28,TAX,1733846229,S11,20241210
S11/20241210/00025,9,TENDER,1,4427.50,TENDER,1733846229,S11,20241210
S11/20241210/00026,1,P107003,4,1218.85,SALE,1733830936,S11,20241210
S11/20241210/00026,2,P104725,3,551.38,SALE,1733830936,S11,20241210
S11/20241210/00026,3,P103616,1,662.98,SALE,1733830936,S11,20241210
S11/20241210/00026,4,P106651,1,900.59,SALE,1733830936,S11,20241210
S11/20241210/00026,5,P106984,1,28.34,SALE,1733830936,S11,20241210
S11/20241210/00026,6,P100260,2,1120.33,SALE,1733830936,S11,20241210
S11/20241210/00026,7,P107795,1,284.47,SALE,1733830936,S11,20241210
S11/20241210/00026,8,TAX,1,366.45,TAX,1733830936,S11,20241210
S11/20241210/00026,9,TENDER,1,11013.03,TENDER,1733830936,S11,20241210
S11/20241211/00001,1,P101520,1,187.47,SALE,1733934108,S11,20241211
S11/20241211/00001,2,P105835,2,238.39,SALE,1733934108,S11,20241211
S11/20241211/00001,3,P101681,2,139.09,SALE,1733934108,S11,20241211
S11/20241211/00001,4,P105268,2,300.66,SALE,1733934108,S11,20241211
S11/20241211/00001,5,P107381,2,195.99,SALE,1733934108,S11,20241211
S11/20241211/00001,6,P107542,1,162.57,SALE,1733934108,S11,20241211
S11/20241211/00001,7,P104854,2,35.80,SALE,1733934108,S11,20241211
S11/20241211/00001,8,TAX,1,221.87,TAX,1733934108,S11,20241211
S11/20241211/00001,9,TENDER,1,2391.77,TENDER,1733934108,S11,20241211
S11/20241211/00002,1,P104497,3,229.16,SALE,1733944535,S11,20241211
S11/20241211/00002,2,P100239,1,360.16,SALE,1733944535,S11,20241211
S11/20241211/00002,3,P104270,1,1153.64,SALE,1733944535,S11,20241211
S11/20241211/00002,4,TAX,1,135.28,TAX,1733944535,S11,20241211
S11/20241211/00002,5,TENDER,1,2336.56,TENDER,1733944535,S11,20241211
S11/20241211/00003,1,P104123,-1,432.72,RETURN,1733920864,S11,20241211
S11/20241211/00003,2,P105394,-4,327.72,RETURN,1733920864,S11,20241211
S11/20241211/00003,3,P105075,-1,49.58,RETURN,1733920864,S11,20241211
S11/20241211/00003,4,P101613,-2,125.30,RETURN,1733920864,S11,20241211
S11/20241211/00003,5,P100319,-2,54.97,RETURN,1733920864,S11,20241211
S11/20241211/00003,6,P107753,-2,73.61,RETURN,1733920864,S11,20241211
S11/20241211/00003,7,P101940,-1,201.44,RETURN,1733920864,S11,20241211
S11/20241211/00003,8,TAX,1,-371.59,TAX,1733920864,S11,20241211
S11/20241211/00003,9,TENDER,1,-2873.97,TENDER,1733920864,S11,20241211
S11/20241211/00004,1,P106550,3,29.54,SALE,1733922655,S11,20241211
S11/20241211/00004,2,P100403,1,71.79,SALE,1733922655,S11,20241211
S11/20241211/00004,3,P104800,3,692.51,SALE,1733922655,S11,20241211
S11/20241211/00004,4,P100985,2,327.15,SALE,1733922655,S11,20241211
S11/20241211/00004,5,P103766,2,212.45,SALE,1733922655,S11,20241211
S11/20241211/00004,6,P103719,3,957.52,SALE,1733922655,S11,20241211
S11/20241211/00004,7,TAX,1,757.60,TAX,1733922655,S11,20241211
S11/20241211/00004,8,TENDER,1,6947.30,TENDER,1733922655,S11,20241211
S11/20241211/00005,1,P101321,3,24.76,SALE,1733927724,S11,20241211
S11/20241211/00005,2,P100711,3,101.23,SALE,1733927724,S11,20241211
S11/20241211/00005,3,P105187,1,1046.11,SALE,1733927724,S11,20241211
S11/20241211/00005,4,P101156,2,95.07,SALE,1733927724,S11,20241211
S11/20241211/00005,5,P107246,2,313.74,SALE,1733927724,S11,20241211
S11/20241211/00005,6,P101648,1,334.22,SALE,1733927724,S11,20241211
S11/20241211/00005,7,P106720,2,126.28,SALE,1733927724,S11,20241211
S11/20241211/00005,8,P103168,2,980.21,SALE,1733927724,S11,20241211
S11/20241211/00005,9,TAX,1,487.91,TAX,1733927724,S11,20241211
S11/20241211/00005,10,TENDER,1,5276.81,TENDER,1733927724,S11,20241211
S11/20241211/00006,1,P104107,1,479.48,SALE,1733949163,S11,20241211
S11/20241211/00006,2,P100771,1,820.85,SALE,1733949163,S11,20241211
S11/20241211/00006,3,P106486,1,1837.06,SALE,1733949163,S11,20241211
S11/20241211/00006,4,P105180,1,102.63,SALE,1733949163,S11,20241211
S11/20241211/00006,5,P107589,3,257.75,SALE,1733949163,S11,20241211
S11/20241211/00006,6,TAX,1,562.91,TAX,1733949163,S11,20241211
S11/20241211/00006,7,TENDER,1,4576.18,TENDER,1733949163,S11,20241211
S11/20241211/00007,1,P101923,-1,527.50,RETURN,1733940681,S11,20241211
S11/20241211/00007,2,P106297,-2,169.05,RETURN,1733940681,S11,20241211
S11/20241211/00007,3,P107903,-3,22.86,RETURN,1733940681,S11,20241211
S11/20241211/00007,4,P106123,-3,248.44,RETURN,1733940681,S11,20241211
S11/20241211/00007,5,TAX,1,-168.15,TAX,1733940681,S11,20241211
S11/20241211/00007,6,TENDER,1,-1847.65,TENDER,1733940681,S11,20241211
S11/20241211/00008,1,P104916,2,340.18,SALE,1733934399,S11,20241211
S11/20241211/00008,2,P107880,3,347.04,SALE,1733934399,S11,20241211
S11/20241211/00008,3,P100255,1,1250.31,SALE,1733934399,S11,20241211
S11/20241211/00008,4,P105252,3,12.82,SALE,1733934399,S11,20241211
S11/20241211/00008,5,TAX,1,243.96,TAX,1733934399,S11,20241211
S11/20241211/00008,6,TENDER,1,3254.21,TENDER,1733934399,S11,20241211
S11/20241211/00009,1,P102566,2,414.37,SALE,1733931926,S11,20241211
S11/20241211/00009,2,P106027,2,1548.23,SALE,1733931926,S11,20241211
S11/20241211/00009,3,P100421,2,121.56,SALE,1733931926,S11,20241211
S11/20241211/00009,4,P108300,2,286.59,SALE,1733931926,S11,20241211
S11/20241211/00009,5,P106067,5,444.09,SALE,1733931926,S11,20241211
S11/20241211/00009,6,TAX,1,255.63,TAX,1733931926,S11,20241211
S11/20241211/00009,7,TENDER,1,7217.58,TENDER,1733931926,S11,20241211
S11/20241211/00010,1,P107753,2,73.61,SALE,1733931694,S11,20241211
S11/20241211/00010,2,P100731,2,254.77,SALE,1733931694,S11,20241211
S11/20241211/00010,3,P103206,2,450.05,SALE,1733931694,S11,20241211
S11/20241211/00010,4,P106697,4,342.69,SALE,1733931694,S11,20241211
S11/20241211/00010,5,P107163,3,187.11,SALE,1733931694,S11,20241211
S11/20241211/00010,6,P105127,2,77.13,SALE,1733931694,S11,20241211
S11/20241211/00010,7,TAX,1,454.01,TAX,1733931694,S11,20241211
S11/20241211/00010,8,TENDER,1,4097.22,TENDER,1733931694,S11,20241211
S11/20241211/00011,1,P101327,1,233.22,SALE,1733944848,S11,20241211
S11/20241211/00011,2,P100677,2,256.17,SALE,1733944848,S11,20241211
S11/20241211/00011,3,P103766,3,212.45,SALE,1733944848,S11,20241211
S11/20241211/00011,4,P108361,1,73.59,SALE,1733944848,S11,20241211
S11/20241211/00011,5,TAX,1,166.07,TAX,1733944848,S11,20241211
S11/20241211/00011,6,TENDER,1,1622.57,TENDER,1733944848,S11,20241211
S11/20241211/00012,1,P106955,1,204.37,SALE,1733915173,S11,20241211
S11/20241211/00012,2,P100308,3,328.66,SALE,1733915173,S11,20241211
S11/20241211/00012,3,P102296,3,48.88,SALE,1733915173,S11,20241211
S11/20241211/00012,4,TAX,1,154.93,TAX,1733915173,S11,20241211
S11/20241211/00012,5,TENDER,1,1491.92,TENDER,1733915173,S11,20241211
S11/20241211/00013,1,P108234,2,33.09,SALE,1733939615,S11,20241211
S11/20241211/00013,2,P105483,1,160.65,SALE,1733939615,S11,20241211
S11/20241211/00013,3,P102445,4,31.53,SALE,1733939615,S11,20241211
S11/20241211/00013,4,P105988,2,29.57,SALE,1733939615,S11,20241211
S11/20241211/00013,5,TAX,1,66.49,TAX,1733939615,S11,20241211
S11/20241211/00013,6,TENDER,1,478.58,TENDER,1733939615,S11,20241211
S11/20241211/00014,1,P101298,1,224.87,SALE,1733926598,S11,20241211
S11/20241211/00014,2,P100999,1,171.06,SALE,1733926598,S11,20241211
S11/20241211/00014,3,P100658,3,50.53,SALE,1733926598,S11,20241211
S11/20241211/00014,4,P107463,2,188.92,SALE,1733926598,S11,20241211
S11/20241211/00014,5,TAX,1,95.00,TAX,1733926598,S11,20241211
S11/20241211/00014,6,TENDER,1,1020.36,TENDER,1733926598,S11,20241211
S11/20241211/00015,1,P102626,2,416.91,SALE,1733951333,S11,20241211
S11/20241211/00015,2,P106297,2,169.05,SALE,1733951333,S11,20241211
S11/20241211/00015,3,P104606,3,98.45,SALE,1733951333,S11,20241211
S11/20241211/00015,4,P105106,2,104.56,SALE,1733951333,S11,20241211
S11/20241211/00015,5,P102129,1,241.90,SALE,1733951333,S11,20241211
S11/20241211/00015,6,TAX,1,246.10,TAX,1733951333,S11,20241211
S11/20241211/00015,7,TENDER,1,2164.39,TENDER,1733951333,S11,20241211
S11/20241211/00016,1,P104944,2,54.97,SALE,1733908636,S11,20241211
S11/20241211/00016,2,P103575,1,54.47,SALE,1733908636,S11,20241211
S11/20241211/00016,3,P107182,1,112.81,SALE,1733908636,S11,20241211
S11/20241211/00016,4,DISC,1,-10.81,DISCOUNT,1733908636,S11,20241211
S11/20241211/00016,5,TAX,1,41.15,TAX,1733908636,S11,20241211
S11/20241211/00016,6,TENDER,1,307.56,TENDER,1733908636,S11,20241211
S11/20241211/00017,1,P100933,3,276.15,SALE,1733932420,S11,20241211
S11/20241211/00017,2,P102371,2,59.77,SALE,1733932420,S11,20241211
S11/20241211/00017,3,P100100,2,435.38,SALE,1733932420,S11,20241211
S11/20241211/00017,4,P103090,6,841.97,SALE,1733932420,S11,20241211
S11/20241211/00017,5,P102042,2,151.18,SALE,1733932420,S11,20241211
S11/20241211/00017,6,P103096,3,315.47,SALE,1733932420,S11,20241211
S11/20241211/00017,7,TAX,1,712.84,TAX,1733932420,S11,20241211
S11/20241211/00017,8,TENDER,1,8832.18,TENDER,1733932420,S11,20241211
S11/20241211/00018,1,P106624,1,98.44,SALE,1733926395,S11,20241211
S11/20241211/00018,2,P106550,2,29.54,SALE,1733926395,S11,20241211
S11/20241211/00018,3,P104478,2,18.27,SALE,1733926395,S11,20241211
S11/20241211/00018,4,P108221,2,50.44,SALE,1733926395,S11,20241211
S11/20241211/00018,5,P102364,3,104.57,SALE,1733926395,S11,20241211
S11/20241211/00018,6,P102636,1,113.15,SALE,1733926395,S11,20241211
S11/20241211/00018,7,P102375,1,509.34,SALE,1733926395,S11,20241211
S11/20241211/00018,8,P104933,2,560.59,SALE,1733926395,S11,20241211
S11/20241211/00018,9,P105127,3,77.13,SALE,1733926395,S11,20241211
S11/20241211/00018,10,TAX,1,402.56,TAX,1733926395,S11,20241211
S11/20241211/00018,11,TENDER,1,2986.27,TENDER,1733926395,S11,20241211
S11/20241211/00019,1,P103682,3,372.67,SALE,1733928745,S11,20241211
S11/20241211/00019,2,P103563,2,26.76,SALE,1733928745,S11,20241211
S11/20241211/00019,3,P105450,2,252.15,SALE,1733928745,S11,20241211
S11/20241211/00019,4,P102609,3,183.47,SALE,1733928745,S11,20241211
S11/20241211/00019,5,P100319,4,54.97,SALE,1733928745,S11,20241211
S11/20241211/00019,6,DISC,1,-251.77,DISCOUNT,1733928745,S11,20241211
S11/20241211/00019,7,TAX,1,258.28,TAX,1733928745,S11,20241211
S11/20241211/00019,8,TENDER,1,2452.63,TENDER,1733928745,S11,20241211
S11/20241211/00020,1,P100077,1,173.95,SALE,1733936965,S11,20241211
S11/20241211/00020,2,P102139,2,1710.06,SALE,1733936965,S11,20241211
S11/20241211/00020,3,P104933,2,560.59,SALE,1733936965,S11,20241211
S11/20241211/00020,4,P104064,1,326.15,SALE,1733936965,S11,20241211
S11/20241211/00020,5,TAX,1,420.65,TAX,1733936965,S11,20241211
S11/20241211/00020,6,TENDER,1,5462.05,TENDER,1733936965,S11,20241211
S11/20241211/00021,1,P105636,6,558.71,SALE,1733961425,S11,20241211
S11/20241211/00021,2,P102219,1,780.86,SALE,1733961425,S11,20241211
S11/20241211/00021,3,P101332,5,400.98,SALE,1733961425,S11,20241211
S11/20241211/00021,4,P100164,4,594.91,SALE,1733961425,S11,20241211
S11/20241211/00021,5,TAX,1,828.26,TAX,1733961425,S11,20241211
S11/20241211/00021,6,TENDER,1,9345.92,TENDER,1733961425,S11,20241211
S11/20241211/00022,1,P102436,1,243.03,SALE,1733944409,S11,20241211
S11/20241211/00022,2,P106872,2,73.12,SALE,1733944409,S11,20241211
S11/20241211/00022,3,P107308,1,226.19,SALE,1733944409,S11,20241211
S11/20241211/00022,4,P108216,1,69.70,SALE,1733944409,S11,20241211
S11/20241211/00022,5,TAX,1,114.27,TAX,1733944409,S11,20241211
S11/20241211/00022,6,TENDER,1,799.43,TENDER,1733944409,S11,20241211
S11/20241211/00023,1,P106130,1,1317.16,SALE,1733930530,S11,20241211
S11/20241211/00023,2,P100869,1,62.15,SALE,1733930530,S11,20241211
S11/20241211/00023,3,P101974,4,332.20,SALE,1733930530,S11,20241211
S11/20241211/00023,4,P106478,2,56.12,SALE,1733930530,S11,20241211
S11/20241211/00023,5,P102585,3,516.36,SALE,1733930530,S11,20241211
S11/20241211/00023,6,P102181,2,1615.15,SALE,1733930530,S11,20241211
S11/20241211/00023,7,P100956,2,421.98,SALE,1733930530,S11,20241211
S11/20241211/00023,8,TAX,1,371.91,TAX,1733930530,S11,20241211
S11/20241211/00023,9,TENDER,1,8815.60,TENDER,1733930530,S11,20241211
S11/20241211/00024,1,P107354,2,227.60,SALE,1733920773,S11,20241211
S11/20241211/00024,2,P100864,2,208.63,SALE,1733920773,S11,20241211
S11/20241211/00024,3,P106553,4,139.74,SALE,1733920773,S11,20241211
S11/20241211/00024,4,P105198,2,15.39,SALE,1733920773,S11,20241211
S11/20241211/00024,5,P101732,4,1390.76,SALE,1733920773,S11,20241211
S11/20241211/00024,6,P106955,3,204.37,SALE,1733920773,S11,20241211
S11/20241211/00024,7,TAX,1,932.26,TAX,1733920773,S11,20241211
S11/20241211/00024,8,TENDER,1,8570.61,TENDER,1733920773,S11,20241211
S11/20241211/00025,1,P104802,3,213.28,SALE,1733931688,S11,20241211
S11/20241211/00025,2,P100609,2,75.79,SALE,1733931688,S11,20241211
S11/20241211/00025,3,TAX,1,133.36,TAX,1733931688,S11,20241211
S11/20241211/00025,4,TENDER,1,924.78,TENDER,1733931688,S11,20241211
S11/20241211/00026,1,P103994,4,148.39,SALE,1733926825,S11,20241211
S11/20241211/00026,2,P106629,1,57.49,SALE,1733926825,S11,20241211
S11/20241211/00026,3,P105119,2,106.45,SALE,1733926825,S11,20241211
S11/20241211/00026,4,P101789,2,391.48,SALE,1733926825,S11,20241211
S11/20241211/00026,5,P102286,4,281.91,SALE,1733926825,S11,20241211
S11/20241211/00026,6,TAX,1,290.79,TAX,1733926825,S11,20241211
S11/20241211/00026,7,TENDER,1,3065.34,TENDER,1733926825,S11,20241211
S11/20241211/00027,1,P102142,2,93.89,SALE,1733943292,S11,20241211
S11/20241211/00027,2,P101208,2,593.86,SALE,1733943292,S11,20241211
S11/20241211/00027,3,P105400,6,56.32,SALE,1733943292,S11,20241211
S11/20241211/00027,4,P100255,2,1250.31,SALE,1733943292,S11,20241211
S11/20241211/00027,5,TAX,1,195.25,TAX,1733943292,S11,20241211
S11/20241211/00027,6,TENDER,1,4409.29,TENDER,1733943292,S11,20241211
S11/20241211/00028,1,P101961,4,767.84,SALE,1733923476,S11,20241211
S11/20241211/00028,2,P106059,3,313.87,SALE,1733923476,S11,20241211
S11/20241211/00028,3,P103222,3,427.41,SALE,1733923476,S11,20241211
S11/20241211/00028,4,P107477,1,116.48,SALE,1733923476,S11,20241211
S11/20241211/00028,5,P101990,1,408.52,SALE,1733923476,S11,20241211
S11/20241211/00028,6,P105570,4,345.21,SALE,1733923476,S11,20241211
S11/20241211/00028,7,P104435,1,477.09,SALE,1733923476,S11,20241211
S11/20241211/00028,8,TAX,1,1057.34,TAX,1733923476,S11,20241211
S11/20241211/00028,9,TENDER,1,8735.47,TENDER,1733923476,S11,20241211
S11/20241211/00029,1,P106872,-4,73.12,RETURN,1733921943,S11,20241211
S11/20241211/00029,2,P106848,-2,17.39,RETURN,1733921943,S11,20241211
S11/20241211/00029,3,P105405,-2,430.78,RETURN,1733921943,S11,20241211
S11/20241211/00029,4,P105294,-1,143.55,RETURN,1733921943,S11,20241211
S11/20241211/00029,5,P107520,-2,139.81,RETURN,1733921943,S11,20241211
S11/20241211/00029,6,P106454,-3,127.35,RETURN,1733921943,S11,20241211
S11/20241211/00029,7,P106317,-2,485.55,RETURN,1733921943,S11,20241211
S11/20241211/00029,8,P106258,-2,423.67,RETURN,1733921943,S11,20241211
S11/20241211/00029,9,TAX,1,-313.55,TAX,1733921943,S11,20241211
S11/20241211/00029,10,TENDER,1,-4126.03,TENDER,1733921943,S11,20241211
S11/20241211/00030,1,P100239,4,360.16,SALE,1733939240,S11,20241211
S11/20241211/00030,2,P108221,1,50.44,SALE,1733939240,S11,20241211
S11/20241211/00030,3,P105827,3,124.38,SALE,1733939240,S11,20241211
S11/20241211/00030,4,P107536,2,1613.47,SALE,1733939240,S11,20241211
S11/20241211/00030,5,P101874,2,21.48,SALE,1733939240,S11,20241211
S11/20241211/00030,6,P108282,3,472.97,SALE,1733939240,S11,20241211
S11/20241211/00030,7,P106454,1,127.35,SALE,1733939240,S11,20241211
S11/20241211/00030,8,P107163,2,187.11,SALE,1733939240,S11,20241211
S11/20241211/00030,9,P100005,4,114.37,SALE,1733939240,S11,20241211
S11/20241211/00030,10,P102067,1,181.50,SALE,1733939240,S11,20241211
S11/20241211/00030,11,TAX,1,388.06,TAX,1733939240,S11,20241211
S11/20241211/00030,12,TENDER,1,8081.64,TENDER,1733939240,S11,20241211
S11/20241211/00031,1,P105980,6,288.70,SALE,1733929659,S11,20241211
S11/20241211/00031,2,P107012,3,109.16,SALE,1733929659,S11,20241211
S11/20241211/00031,3,P100112,4,95.15,SALE,1733929659,S11,20241211
S11/20241211/00031,4,P102054,4,142.99,SALE,1733929659,S11,20241211
S11/20241211/00031,5,P101515,2,60.18,SALE,1733929659,S11,20241211
S11/20241211/00031,6,P106651,3,900.59,SALE,1733929659,S11,20241211
S11/20241211/00031,7,DISC,1,-534.40,DISCOUNT,1733929659,S11,20241211
S11/20241211/00031,8,TAX,1,291.91,TAX,1733929659,S11,20241211
S11/20241211/00031,9,TENDER,1,5591.88,TENDER,1733929659,S11,20241211
S11/20241211/00032,1,P101982,1,428.91,SALE,1733965032,S11,20241211
S11/20241211/00032,2,P100121,2,113.08,SALE,1733965032,S11,20241211
S11/20241211/00032,3,P102236,3,928.51,SALE,1733965032,S11,20241211
S11/20241211/00032,4,P102768,2,158.73,SALE,1733965032,S11,20241211
S11/20241211/00032,5,P107843,3,486.47,SALE,1733965032,S11,20241211
S11/20241211/00032,6,P102103,3,400.89,SALE,1733965032,S11,20241211
S11/20241211/00032,7,TAX,1,764.11,TAX,1733965032,S11,20241211
S11/20241211/00032,8,TENDER,1,7184.25,TENDER,1733965032,S11,20241211
S11/20241211/00033,1,P106310,1,462.03,SALE,1733940693,S11,20241211
S11/20241211/00033,2,P103029,1,11.28,SALE,1733940693,S11,20241211
S11/20241211/00033,3,P101023,3,213.62,SALE,1733940693,S11,20241211
S11/20241211/00033,4,P107784,1,245.59,SALE,1733940693,S11,20241211
S11/20241211/00033,5,P106955,2,204.37,SALE,1733940693,S11,20241211
S11/20241211/00033,6,P104938,2,999.94,SALE,1733940693,S11,20241211
S11/20241211/00033,7,TAX,1,407.13,TAX,1733940693,S11,20241211
S11/20241211/00033,8,TENDER,1,4175.51,TENDER,1733940693,S11,20241211
S11/20241211/00034,1,P105603,5,202.29,SALE,1733934235,S11,20241211
S11/20241211/00034,2,P106353,3,267.43,SALE,1733934235,S11,20241211
S11/20241211/00034,3,P100033,1,828.62,SALE,1733934235,S11,20241211
S11/20241211/00034,4,P106207,1,564.89,SALE,1733934235,S11,20241211
S11/20241211/00034,5,TAX,1,469.58,TAX,1733934235,S11,20241211
S11/20241211/00034,6,TENDER,1,3676.83,TENDER,1733934235,S11,20241211
S11/20241212/00001,1,P108046,2,101.85,SALE,1734011377,S11,20241212
S11/20241212/00001,2,P102755,1,75.17,SALE,1734011377,S11,20241212
S11/20241212/00001,3,P107508,1,1577.69,SALE,1734011377,S11,20241212
S11/20241212/00001,4,TAX,1,229.75,TAX,1734011377,S11,20241212
S11/20241212/00001,5,TENDER,1,2086.31,TENDER,1734011377,S11,20241212
S11/20241212/00002,1,P102656,2,194.33,SALE,1734029472,S11,20241212
S11/20241212/00002,2,P105260,4,72.61,SALE,1734029472,S11,20241212
S11/20241212/00002,3,P108356,1,234.68,SALE,1734029472,S11,20241212
S11/20241212/00002,4,P104637,2,353.99,SALE,1734029472,S11,20241212
S11/20241212/00002,5,DISC,1,-128.26,DISCOUNT,1734029472,S11,20241212
S11/20241212/00002,6,TAX,1,154.17,TAX,1734029472,S11,20241212
S11/20241212/00002,7,TENDER,1,1647.67,TENDER,1734029472,S11,20241212
S11/20241212/00003,1,P107163,2,187.11,SALE,1734033945,S11,20241212
S11/20241212/00003,2,P108050,1,1166.49,SALE,1734033945,S11,20241212
S11/20241212/00003,3,P102772,1,151.97,SALE,1734033945,S11,20241212
S11/20241212/00003,4,P106035,3,86.76,SALE,1734033945,S11,20241212
S11/20241212/00003,5,TAX,1,131.48,TAX,1734033945,S11,20241212
S11/20241212/00003,6,TENDER,1,2084.44,TENDER,1734033945,S11,20241212
S11/20241212/00004,1,P100665,1,305.11,SALE,1734023226,S11,20241212
S11/20241212/00004,2,P100456,4,982.47,SALE,1734023226,S11,20241212
S11/20241212/00004,3,P100348,1,527.90,SALE,1734023226,S11,20241212
S11/20241212/00004,4,P101859,2,66.16,SALE,1734023226,S11,20241212
S11/20241212/00004,5,TAX,1,275.38,TAX,1734023226,S11,20241212
S11/20241212/00004,6,TENDER,1,5170.59,TENDER,1734023226,S11,20241212
S11/20241212/00005,1,P104526,2,363.05,SALE,1734006842,S11,20241212
S11/20241212/00005,2,P105050,3,109.65,SALE,1734006842,S11,20241212
S11/20241212/00005,3,P106015,1,148.43,SALE,1734006842,S11,20241212
S11/20241212/00005,4,P101018,1,141.83,SALE,1734006842,S11,20241212
S11/20241212/00005,5,TAX,1,70.56,TAX,1734006842,S11,20241212
S11/20241212/00005,6,TENDER,1,1415.87,TENDER,1734006842,S11,20241212
S11/20241212/00006,1,P107018,1,187.58,SALE,1734015111,S11,20241212
S11/20241212/00006,2,P107446,2,593.14,SALE,1734015111,S11,20241212
S11/20241212/00006,3,P105918,3,294.44,SALE,1734015111,S11,20241212
S11/20241212/00006,4,P102724,2,391.04,SALE,1734015111,S11,20241212
S11/20241212/00006,5,P103012,2,240.75,SALE,1734015111,S11,20241212
S11/20241212/00006,6,TAX,1,580.46,TAX,1734015111,S11,20241212
S11/20241212/00006,7,TENDER,1,4101.22,TENDER,1734015111,S11,20241212
S11/20241212/00007,1,P104756,2,373.50,SALE,1734013577,S11,20241212
S11/20241212/00007,2,P105707,2,130.64,SALE,1734013577,S11,20241212
S11/20241212/00007,3,P102207,1,342.36,SALE,1734013577,S11,20241212
S11/20241212/00007,4,P107815,2,106.85,SALE,1734013577,S11,20241212
S11/20241212/00007,5,TAX,1,187.72,TAX,1734013577,S11,20241212
S11/20241212/00007,6,TENDER,1,1752.06,TENDER,1734013577,S11,20241212
S11/20241212/00008,1,P101419,1,202.93,SALE,1734011790,S11,20241212
S11/20241212/00008,2,P103374,3,38.02,SALE,1734011790,S11,20241212
S11/20241212/00008,3,P102682,1,95.00,SALE,1734011790,S11,20241212
S11/20241212/00008,4,P108110,3,16.57,SALE,1734011790,S11,20241212
S11/20241212/00008,5,P101374,1,55.98,SALE,1734011790,S11,20241212
S11/20241212/00008,6,P107508,3,1577.69,SALE,1734011790,S11,20241212
S11/20241212/00008,7,TAX,1,636.63,TAX,1734011790,S11,20241212
S11/20241212/00008,8,TENDER,1,5887.38,TENDER,1734011790,S11,20241212
S11/20241212/00009,1,P102534,3,98.12,SALE,1734005014,S11,20241212
S11/20241212/00009,2,P101374,4,55.98,SALE,1734005014,S11,20241212
S11/20241212/00009,3,P107899,5,197.21,SALE,1734005014,S11,20241212
S11/20241212/00009,4,TAX,1,142.59,TAX,1734005014,S11,20241212
S11/20241212/00009,5,TENDER,1,1646.92,TENDER,1734005014,S11,20241212
S11/20241212/00010,1,P104308,1,53.24,SALE,1734047701,S11,20241212
S11/20241212/00010,2,P106490,1,671.88,SALE,1734047701,S11,20241212
S11/20241212/00010,3,P104811,3,108.16,SALE,1734047701,S11,20241212
S11/20241212/00010,4,P103986,1,495.05,SALE,1734047701,S11,20241212
S11/20241212/00010,5,TAX,1,157.10,TAX,1734047701,S11,20241212
S11/20241212/00010,6,TENDER,1,1701.75,TENDER,1734047701,S11,20241212
S11/20241212/00011,1,P102280,2,644.81,SALE,1734023777,S11,20241212
S11/20241212/00011,2,P104854,5,35.80,SALE,1734023777,S11,20241212
S11/20241212/00011,3,P101444,1,838.86,SALE,1734023777,S11,20241212
S11/20241212/00011,4,P102772,1,151.97,SALE,1734023777,S11,20241212
S11/20241212/00011,5,P108186,1,324.50,SALE,1734023777,S11,20241212
S11/20241212/00011,6,TAX,1,320.61,TAX,1734023777,S11,20241212
S11/20241212/00011,7,TENDER,1,3104.56,TENDER,1734023777,S11,20241212
S11/20241212/00012,1,P101389,1,430.39,SALE,1734042986,S11,20241212
S11/20241212/00012,2,P101263,3,684.55,SALE,1734042986,S11,20241212
S11/20241212/00012,3,P104891,1,757.22,SALE,1734042986,S11,20241212
S11/20241212/00012,4,P101564,2,172.72,SALE,1734042986,S11,20241212
S11/20241212/00012,5,P101177,3,166.36,SALE,1734042986,S11,20241212
S11/20241212/00012,6,TAX,1,625.13,TAX,1734042986,S11,20241212
S11/20241212/00012,7,TENDER,1,4710.91,TENDER,1734042986,S11,20241212
S11/20241212/00013,1,P104133,2,248.31,SALE,1734019496,S11,20241212
S11/20241212/00013,2,P103682,4,372.67,SALE,1734019496,S11,20241212
S11/20241212/00013,3,P104344,3,390.44,SALE,1734019496,S11,20241212
S11/20241212/00013,4,P105260,1,72.61,SALE,1734019496,S11,20241212
S11/20241212/00013,5,P105384,2,315.25,SALE,1734019496,S11,20241212
S11/20241212/00013,6,TAX,1,563.53,TAX,1734019496,S11,20241212
S11/20241212/00013,7,TENDER,1,4425.26,TENDER,1734019496,S11,20241212
S11/20241212/00014,1,P101911,3,1431.80,SALE,1734035415,S11,20241212
S11/20241212/00014,2,P101622,3,272.35,SALE,1734035415,S11,20241212
S11/20241212/00014,3,P100536,2,471.52,SALE,1734035415,S11,20241212
S11/20241212/00014,4,P106900,1,179.85,SALE,1734035415,S11,20241212
S11/20241212/00014,5,P107208,2,323.06,SALE,1734035415,S11,20241212
S11/20241212/00014,6,P106807,2,322.15,SALE,1734035415,S11,20241212
S11/20241212/00014,7,P104351,3,1128.29,SALE,1734035415,S11,20241212
S11/20241212/00014,8,P101156,1,95.07,SALE,1734035415,S11,20241212
S11/20241212/00014,9,TAX,1,541.87,TAX,1734035415,S11,20241212
S11/20241212/00014,10,TENDER,1,11547.57,TENDER,1734035415,S11,20241212
S11/20241212/00015,1,P107686,3,347.22,SALE,1734036574,S11,20241212
S11/20241212/00015,2,P100640,3,379.48,SALE,1734036574,S11,20241212
S11/20241212/00015,3,P108050,3,1166.49,SALE,1734036574,S11,20241212
S11/20241212/00015,4,TAX,1,499.09,TAX,1734036574,S11,20241212
S11/20241212/00015,5,TENDER,1,6178.66,TENDER,1734036574,S11,20241212
S11/20241212/00016,1,P106989,3,26.75,SALE,1734020013,S11,20241212
S11/20241212/00016,2,P101419,1,202.93,SALE,1734020013,S11,20241212
S11/20241212/00016,3,P105868,4,68.91,SALE,1734020013,S11,20241212
S11/20241212/00016,4,P107943,1,252.32,SALE,1734020013,S11,20241212
S11/20241212/00016,5,TAX,1,98.00,TAX,1734020013,S11,20241212
S11/20241212/00016,6,TENDER,1,909.14,TENDER,1734020013,S11,20241212
S11/20241212/00017,1,P103552,5,125.20,SALE,1734000703,S11,20241212
S11/20241212/00017,2,P100221,2,139.88,SALE,1734000703,S11,20241212
S11/20241212/00017,3,P107242,3,635.24,SALE,1734000703,S11,20241212
S11/20241212/00017,4,P108101,3,1603.81,SALE,1734000703,S11,20241212
S11/20241212/00017,5,TAX,1,706.23,TAX,1734000703,S11,20241212
S11/20241212/00017,6,TENDER,1,8329.14,TENDER,1734000703,S11,20241212
S11/20241212/00018,1,P106830,2,103.94,SALE,1734003673,S11,20241212
S11/20241212/00018,2,P105198,1,15.39,SALE,1734003673,S11,20241212
S11/20241212/00018,3,DISC,1,-11.46,DISCOUNT,1734003673,S11,20241212
S11/20241212/00018,4,TAX,1,37.25,TAX,1734003673,S11,20241212
S11/20241212/00018,5,TENDER,1,249.06,TENDER,1734003673,S11,20241212
S11/20241212/00019,1,P103294,2,69.64,SALE,1734003053,S11,20241212
S11/20241212/00019,2,P104606,3,98.45,SALE,1734003053,S11,20241212
S11/20241212/00019,3,P102510,2,37.13,SALE,1734003053,S11,20241212
S11/20241212/00019,4,TAX,1,51.32,TAX,1734003053,S11,20241212
S11/20241212/00019,5,TENDER,1,560.21,TENDER,1734003053,S11,20241212
S11/20241212/00020,1,P101674,2,387.70,SALE,1734004075,S11,20241212
S11/20241212/00020,2,P103206,1,450.05,SALE,1734004075,S11,20241212
S11/20241212/00020,3,P105198,1,15.39,SALE,1734004075,S11,20241212
S11/20241212/00020,4,P100019,3,74.65,SALE,1734004075,S11,20241212
S11/20241212/00020,5,TAX,1,262.74,TAX,1734004075,S11,20241212
S11/20241212/00020,6,TENDER,1,1727.53,TENDER,1734004075,S11,20241212
S11/20241212/00021,1,P105656,1,516.52,SALE,1734016253,S11,20241212
S11/20241212/00021,2,P107110,3,77.73,SALE,1734016253,S11,20241212
S11/20241212/00021,3,P107409,3,486.68,SALE,1734016253,S11,20241212
S11/20241212/00021,4,P102217,1,68.46,SALE,1734016253,S11,20241212
S11/20241212/00021,5,TAX,1,114.98,TAX,1734016253,S11,20241212
S11/20241212/00021,6,TENDER,1,2393.19,TENDER,1734016253,S11,20241212
S11/20241212/00022,1,P106373,3,48.45,SALE,1734014996,S11,20241212
S11/20241212/00022,2,P101766,1,220.67,SALE,1734014996,S11,20241212
S11/20241212/00022,3,P104149,2,88.07,SALE,1734014996,S11,20241212
S11/20241212/00022,4,TAX,1,42.55,TAX,1734014996,S11,20241212
S11/20241212/00022,5,TENDER,1,584.71,TENDER,1734014996,S11,20241212
S11/20241212/00023,1,P108186,1,324.50,SALE,1734021381,S11,20241212
S11/20241212/00023,2,P105167,2,826.20,SALE,1734021381,S11,20241212
S11/20241212/00023,3,P102465,5,1410.14,SALE,1734021381,S11,20241212
S11/20241212/00023,4,P100255,4,1250.31,SALE,1734021381,S11,20241212
S11/20241212/00023,5,P107654,1,409.57,SALE,1734021381,S11,20241212
S11/20241212/00023,6,TAX,1,773.31,TAX,1734021381,S11,20241212
S11/20241212/00023,7,TENDER,1,15211.72,TENDER,1734021381,S11,20241212
S11/20241212/00024,1,P104715,1,162.67,SALE,1734033922,S11,20241212
S11/20241212/00024,2,TAX,1,29.28,TAX,1734033922,S11,20241212
S11/20241212/00024,3,TENDER,1,191.95,TENDER,1734033922,S11,20241212
S11/20241213/00001,1,P105695,4,158.81,SALE,1734091617,S11,20241213
S11/20241213/00001,2,P101101,2,74.25,SALE,1734091617,S11,20241213
S11/20241213/00001,3,DISC,1,-92.63,DISCOUNT,1734091617,S11,20241213
S11/20241213/00001,4,TAX,1,43.72,TAX,1734091617,S11,20241213
S11/20241213/00001,5,TENDER,1,734.83,TENDER,1734091617,S11,20241213
S11/20241213/00002,1,P105106,2,104.56,SALE,1734090091,S11,20241213
S11/20241213/00002,2,P101208,2,593.86,SALE,1734090091,S11,20241213
S11/20241213/00002,3,P101968,2,12.46,SALE,1734090091,S11,20241213
S11/20241213/00002,4,P108247,3,252.59,SALE,1734090091,S11,20241213
S11/20241213/00002,5,P107899,1,197.21,SALE,1734090091,S11,20241213
S11/20241213/00002,6,P106353,2,267.43,SALE,1734090091,S11,20241213
S11/20241213/00002,7,P104212,2,426.07,SALE,1734090091,S11,20241213
S11/20241213/00002,8,P106093,5,315.93,SALE,1734090091,S11,20241213
S11/20241213/00002,9,TAX,1,627.60,TAX,1734090091,S11,20241213
S11/20241213/00002,10,TENDER,1,5970.99,TENDER,1734090091,S11,20241213
S11/20241213/00003,1,P100086,3,89.00,SALE,1734126975,S11,20241213
S11/20241213/00003,2,P102067,1,181.50,SALE,1734126975,S11,20241213
S11/20241213/00003,3,P105460,1,148.47,SALE,1734126975,S11,20241213
S11/20241213/00003,4,P101327,1,233.22,SALE,1734126975,S11,20241213
S11/20241213/00003,5,P104628,3,196.55,SALE,1734126975,S11,20241213
S11/20241213/00003,6,TAX,1,197.27,TAX,1734126975,S11,20241213
S11/20241213/00003,7,TENDER,1,1617.11,TENDER,1734126975,S11,20241213
S11/20241213/00004,1,P105507,2,22.07,SALE,1734089884,S11,20241213
S11/20241213/00004,2,P100183,4,1466.16,SALE,1734089884,S11,20241213
S11/20241213/00004,3,TAX,1,703.76,TAX,1734089884,S11,20241213
S11/20241213/00004,4,TENDER,1,6612.54,TENDER,1734089884,S11,20241213
S11/20241213/00005,1,P108302,2,812.77,SALE,1734106569,S11,20241213
S11/20241213/00005,2,P102510,1,37.13,SALE,1734106569,S11,20241213
S11/20241213/00005,3,TAX,1,85.73,TAX,1734106569,S11,20241213
S11/20241213/00005,4,TENDER,1,1748.40,TENDER,1734106569,S11,20241213
S11/20241213/00006,1,P100319,1,54.97,SALE,1734082659,S11,20241213
S11/20241213/00006,2,P104600,2,56.45,SALE,1734082659,S11,20241213
S11/20241213/00006,3,P104883,2,370.64,SALE,1734082659,S11,20241213
S11/20241213/00006,4,P107843,3,486.47,SALE,1734082659,S11,20241213
S11/20241213/00006,5,DISC,1,-125.49,DISCOUNT,1734082659,S11,20241213
S11/20241213/00006,6,TAX,1,291.82,TAX,1734082659,S11,20241213
S11/20241213/00006,7,TENDER,1,2534.89,TENDER,1734082659,S11,20241213
S11/20241213/00007,1,P106751,2,134.60,SALE,1734119345,S11,20241213
S11/20241213/00007,2,P100456,2,982.47,SALE,1734119345,S11,20241213
S11/20241213/00007,3,DISC,1,-158.97,DISCOUNT,1734119345,S11,20241213
S11/20241213/00007,4,TAX,1,103.76,TAX,1734119345,S11,20241213
S11/20241213/00007,5,TENDER,1,2178.93,TENDER,1734119345,S11,20241213
S11/20241213/00008,1,P105035,3,159.58,SALE,1734119265,S11,20241213
S11/20241213/00008,2,P105377,1,275.11,SALE,1734119265,S11,20241213
S11/20241213/00008,3,P104160,1,256.98,SALE,1734119265,S11,20241213
S11/20241213/00008,4,P103538,1,265.96,SALE,1734119265,S11,20241213
S11/20241213/00008,5,P106151,1,298.42,SALE,1734119265,S11,20241213
S11/20241213/00008,6,P104715,1,162.67,SALE,1734119265,S11,20241213
S11/20241213/00008,7,P106776,2,445.40,SALE,1734119265,S11,20241213
S11/20241213/00008,8,P100985,2,327.15,SALE,1734119265,S11,20241213
S11/20241213/00008,9,TAX,1,273.72,TAX,1734119265,S11,20241213
S11/20241213/00008,10,TENDER,1,3556.70,TENDER,1734119265,S11,20241213
S11/20241213/00009,1,P107488,3,303.21,SALE,1734086565,S11,20241213
S11/20241213/00009,2,P100456,5,982.47,SALE,1734086565,S11,20241213
S11/20241213/00009,3,P107542,1,162.57,SALE,1734086565,S11,20241213
S11/20241213/00009,4,P100999,1,171.06,SALE,1734086565,S11,20241213
S11/20241213/00009,5,P101766,2,220.67,SALE,1734086565,S11,20241213
S11/20241213/00009,6,P103727,1,116.88,SALE,1734086565,S11,20241213
S11/20241213/00009,7,DISC,1,-235.61,DISCOUNT,1734086565,S11,20241213
S11/20241213/00009,8,TAX,1,459.62,TAX,1734086565,S11,20241213
S11/20241213/00009,9,TENDER,1,6937.84,TENDER,1734086565,S11,20241213
S11/20241213/00010,1,P104554,2,437.01,SALE,1734100930,S11,20241213
S11/20241213/00010,2,P106221,3,31.65,SALE,1734100930,S11,20241213
S11/20241213/00010,3,P106651,3,900.59,SALE,1734100930,S11,20241213
S11/20241213/00010,4,P103637,1,358.42,SALE,1734100930,S11,20241213
S11/20241213/00010,5,P103299,1,238.05,SALE,1734100930,S11,20241213
S11/20241213/00010,6,P102021,2,90.22,SALE,1734100930,S11,20241213
S11/20241213/00010,7,P104175,2,814.13,SALE,1734100930,S11,20241213
S11/20241213/00010,8,TAX,1,250.99,TAX,1734100930,S11,20241213
S11/20241213/00010,9,TENDER,1,6326.90,TENDER,1734100930,S11,20241213
S11/20241213/00011,1,P103647,1,42.08,SALE,1734117140,S11,20241213
S11/20241213/00011,2,P106534,1,96.00,SALE,1734117140,S11,20241213
S11/20241213/00011,3,P105547,3,431.77,SALE,1734117140,S11,20241213
S11/20241213/00011,4,P107630,3,309.72,SALE,1734117140,S11,20241213
S11/20241213/00011,5,P104975,3,568.03,SALE,1734117140,S11,20241213
S11/20241213/00011,6,TAX,1,339.97,TAX,1734117140,S11,20241213
S11/20241213/00011,7,TENDER,1,4406.61,TENDER,1734117140,S11,20241213
S11/20241213/00012,1,P102480,2,198.67,SALE,1734100368,S11,20241213
S11/20241213/00012,2,P100150,3,280.80,SALE,1734100368,S11,20241213
S11/20241213/00012,3,P100686,2,800.21,SALE,1734100368,S11,20241213
S11/20241213/00012,4,P108135,2,562.62,SALE,1734100368,S11,20241213
S11/20241213/00012,5,DISC,1,-138.91,DISCOUNT,1734100368,S11,20241213
S11/20241213/00012,6,TAX,1,59.82,TAX,1734100368,S11,20241213
S11/20241213/00012,7,TENDER,1,3886.31,TENDER,1734100368,S11,20241213
S11/20241213/00013,1,P100164,1,594.91,SALE,1734105439,S11,20241213
S11/20241213/00013,2,P101500,4,330.53,SALE,1734105439,S11,20241213
S11/20241213/00013,3,P104715,1,162.67,SALE,1734105439,S11,20241213
S11/20241213/00013,4,DISC,1,-95.31,DISCOUNT,1734105439,S11,20241213
S11/20241213/00013,5,TAX,1,130.11,TAX,1734105439,S11,20241213
S11/20241213/00013,6,TENDER,1,2114.50,TENDER,1734105439,S11,20241213
S11/20241213/00014,1,P102296,3,48.88,SALE,1734108296,S11,20241213
S11/20241213/00014,2,P103449,1,381.08,SALE,1734108296,S11,20241213
S11/20241213/00014,3,P106174,2,229.89,SALE,1734108296,S11,20241213
S11/20241213/00014,4,P106611,1,341.44,SALE,1734108296,S11,20241213
S11/20241213/00014,5,P107282,1,1189.20,SALE,1734108296,S11,20241213
S11/20241213/00014,6,P103372,1,49.00,SALE,1734108296,S11,20241213
S11/20241213/00014,7,P100528,1,595.90,SALE,1734108296,S11,20241213
S11/20241213/00014,8,TAX,1,95.24,TAX,1734108296,S11,20241213
S11/20241213/00014,9,TENDER,1,3258.28,TENDER,1734108296,S11,20241213
S11/20241213/00015,1,P107145,3,235.69,SALE,1734120706,S11,20241213
S11/20241213/00015,2,P106948,1,209.81,SALE,1734120706,S11,20241213
S11/20241213/00015,3,P108026,2,103.54,SALE,1734120706,S11,20241213
S11/20241213/00015,4,P108162,2,257.55,SALE,1734120706,S11,20241213
S11/20241213/00015,5,P107623,2,468.34,SALE,1734120706,S11,20241213
S11/20241213/00015,6,TAX,1,326.97,TAX,1734120706,S11,20241213
S11/20241213/00015,7,TENDER,1,2902.71,TENDER,1734120706,S11,20241213
S11/20241213/00016,1,P106718,1,525.27,SALE,1734131258,S11,20241213
S11/20241213/00016,2,P106330,2,218.33,SALE,1734131258,S11,20241213
S11/20241213/00016,3,P102549,2,139.23,SALE,1734131258,S11,20241213
S11/20241213/00016,4,P105176,2,509.66,SALE,1734131258,S11,20241213
S11/20241213/00016,5,P105050,3,109.65,SALE,1734131258,S11,20241213
S11/20241213/00016,6,DISC,1,-175.29,DISCOUNT,1734131258,S11,20241213
S11/20241213/00016,7,TAX,1,347.81,TAX,1734131258,S11,20241213
S11/20241213/00016,8,TENDER,1,2761.18,TENDER,1734131258,S11,20241213
S11/20241213/00017,1,P105594,3,321.63,SALE,1734076058,S11,20241213
S11/20241213/00017,2,P104023,2,630.48,SALE,1734076058,S11,20241213
S11/20241213/00017,3,P108162,2,257.55,SALE,1734076058,S11,20241213
S11/20241213/00017,4,P108046,1,101.85,SALE,1734076058,S11,20241213
S11/20241213/00017,5,P105784,1,116.81,SALE,1734076058,S11,20241213
S11/20241213/00017,6,P102566,2,414.37,SALE,1734076058,S11,20241213
S11/20241213/00017,7,P103281,2,172.43,SALE,1734076058,S11,20241213
S11/20241213/00017,8,P104160,4,256.98,SALE,1734076058,S11,20241213
S11/20241213/00017,9,P104844,5,553.13,SALE,1734076058,S11,20241213
S11/20241213/00017,10,P103712,5,481.86,SALE,1734076058,S11,20241213
S11/20241213/00017,11,TAX,1,753.83,TAX,1734076058,S11,20241213
S11/20241213/00017,12,TENDER,1,11089.91,TENDER,1734076058,S11,20241213
S11/20241213/00018,1,P105797,3,254.07,SALE,1734078440,S11,20241213
S11/20241213/00018,2,P102933,3,610.87,SALE,1734078440,S11,20241213
S11/20241213/00018,3,DISC,1,-106.61,DISCOUNT,1734078440,S11,20241213
S11/20241213/00018,4,TAX,1,342.44,TAX,1734078440,S11,20241213
S11/20241213/00018,5,TENDER,1,2830.65,TENDER,1734078440,S11,20241213
S11/20241213/00019,1,P107767,1,510.38,SALE,1734127807,S11,20241213
S11/20241213/00019,2,P105835,4,238.39,SALE,1734127807,S11,20241213
S11/20241213/00019,3,P105636,1,558.71,SALE,1734127807,S11,20241213
S11/20241213/00019,4,P108247,3,252.59,SALE,1734127807,S11,20241213
S11/20241213/00019,5,P105127,3,77.13,SALE,1734127807,S11,20241213
S11/20241213/00019,6,P104048,2,193.57,SALE,1734127807,S11,20241213
S11/20241213/00019,7,P107605,1,1129.73,SALE,1734127807,S11,20241213
S11/20241213/00019,8,P106602,1,122.17,SALE,1734127807,S11,20241213
S11/20241213/00019,9,TAX,1,409.30,TAX,1734127807,S11,20241213
S11/20241213/00019,10,TENDER,1,5060.15,TENDER,1734127807,S11,20241213
S11/20241213/00020,1,P102886,2,139.22,SALE,1734117996,S11,20241213
S11/20241213/00020,2,P106686,4,324.48,SALE,1734117996,S11,20241213
S11/20241213/00020,3,P103552,2,125.20,SALE,1734117996,S11,20241213
S11/20241213/00020,4,P100380,3,136.58,SALE,1734117996,S11,20241213
S11/20241213/00020,5,P105666,2,1064.29,SALE,1734117996,S11,20241213
S11/20241213/00020,6,P105100,2,270.01,SALE,1734117996,S11,20241213
S11/20241213/00020,7,P102006,2,1553.68,SALE,1734117996,S11,20241213
S11/20241213/00020,8,P101638,1,402.54,SALE,1734117996,S11,20241213
S11/20241213/00020,9,P100367,1,537.90,SALE,1734117996,S11,20241213
S11/20241213/00020,10,TAX,1,370.32,TAX,1734117996,S11,20241213
S11/20241213/00020,11,TENDER,1,9323.22,TENDER,1734117996,S11,20241213
S11/20241213/00021,1,P102114,1,134.74,SALE,1734102517,S11,20241213
S11/20241213/00021,2,P107182,3,112.81,SALE,1734102517,S11,20241213
S11/20241213/00021,3,P101613,2,125.30,SALE,1734102517,S11,20241213
S11/20241213/00021,4,TAX,1,112.76,TAX,1734102517,S11,20241213
S11/20241213/00021,5,TENDER,1,836.53,TENDER,1734102517,S11,20241213
S11/20241213/00022,1,P102874,2,142.11,SALE,1734100313,S11,20241213
S11/20241213/00022,2,P100717,1,561.52,SALE,1734100313,S11,20241213
S11/20241213/00022,3,P106473,1,297.16,SALE,1734100313,S11,20241213
S11/20241213/00022,4,P106942,3,206.70,SALE,1734100313,S11,20241213
S11/20241213/00022,5,P108356,2,234.68,SALE,1734100313,S11,20241213
S11/20241213/00022,6,DISC,1,-124.04,DISCOUNT,1734100313,S11,20241213
S11/20241213/00022,7,TAX,1,241.87,TAX,1734100313,S11,20241213
S11/20241213/00022,8,TENDER,1,2350.19,TENDER,1734100313,S11,20241213
S11/20241213/00023,1,P108247,1,252.59,SALE,1734102132,S11,20241213
S11/20241213/00023,2,P107381,1,195.99,SALE,1734102132,S11,20241213
S11/20241213/00023,3,P107708,2,167.35,SALE,1734102132,S11,20241213
S11/20241213/00023,4,TAX,1,68.99,TAX,1734102132,S11,20241213
S11/20241213/00023,5,TENDER,1,852.27,TENDER,1734102132,S11,20241213
S11/20241213/00024,1,P100810,2,200.65,SALE,1734106874,S11,20241213
S11/20241213/00024,2,P100348,1,527.90,SALE,1734106874,S11,20241213
S11/20241213/00024,3,P106464,1,277.18,SALE,1734106874,S11,20241213
S11/20241213/00024,4,TAX,1,79.72,TAX,1734106874,S11,20241213
S11/20241213/00024,5,TENDER,1,1286.10,TENDER,1734106874,S11,20241213
S11/20241213/00025,1,P103661,3,125.81,SALE,1734100804,S11,20241213
S11/20241213/00025,2,P101470,1,196.94,SALE,1734100804,S11,20241213
S11/20241213/00025,3,P107775,2,737.39,SALE,1734100804,S11,20241213
S11/20241213/00025,4,P106563,3,469.90,SALE,1734100804,S11,20241213
S11/20241213/00025,5,DISC,1,-339.91,DISCOUNT,1734100804,S11,20241213
S11/20241213/00025,6,TAX,1,280.29,TAX,1734100804,S11,20241213
S11/20241213/00025,7,TENDER,1,3399.23,TENDER,1734100804,S11,20241213
S11/20241213/00026,1,P101558,3,52.58,SALE,1734109130,S11,20241213
S11/20241213/00026,2,P101428,1,431.72,SALE,1734109130,S11,20241213
S11/20241213/00026,3,P100536,2,471.52,SALE,1734109130,S11,20241213
S11/20241213/00026,4,P100924,2,50.37,SALE,1734109130,S11,20241213
S11/20241213/00026,5,P104417,2,332.65,SALE,1734109130,S11,20241213
S11/20241213/00026,6,P107775,3,737.39,SALE,1734109130,S11,20241213
S11/20241213/00026,7,TAX,1,484.43,TAX,1734109130,S11,20241213
S11/20241213/00026,8,TENDER,1,4995.14,TENDER,1734109130,S11,20241213
S11/20241213/00027,1,P104270,3,1153.64,SALE,1734107910,S11,20241213
S11/20241213/00027,2,P106277,1,416.62,SALE,1734107910,S11,20241213
S11/20241213/00027,3,P102248,4,22.39,SALE,1734107910,S11,20241213
S11/20241213/00027,4,P104637,5,353.99,SALE,1734107910,S11,20241213
S11/20241213/00027,5,P105092,2,57.00,SALE,1734107910,S11,20241213
S11/20241213/00027,6,P106478,2,56.12,SALE,1734107910,S11,20241213
S11/20241213/00027,7,TAX,1,432.40,TAX,1734107910,S11,20241213
S11/20241213/00027,8,TENDER,1,6395.69,TENDER,1734107910,S11,20241213
S11/20241213/00028,1,P102593,2,92.93,SALE,1734114997,S11,20241213
S11/20241213/00028,2,P108200,2,333.41,SALE,1734114997,S11,20241213
S11/20241213/00028,3,P105483,1,160.65,SALE,1734114997,S11,20241213
S11/20241213/00028,4,TAX,1,142.39,TAX,1734114997,S11,20241213
S11/20241213/00028,5,TENDER,1,1155.72,TENDER,1734114997,S11,20241213
S11/20241213/00029,1,P104121,1,131.32,SALE,1734086154,S11,20241213
S11/20241213/00029,2,P107708,5,167.35,SALE,1734086154,S11,20241213
S11/20241213/00029,3,TAX,1,23.64,TAX,1734086154,S11,20241213
S11/20241213/00029,4,TENDER,1,991.71,TENDER,1734086154,S11,20241213
S11/20241213/00030,1,P103281,1,172.43,SALE,1734106361,S11,20241213
S11/20241213/00030,2,P104715,2,162.67,SALE,1734106361,S11,20241213
S11/20241213/00030,3,P102585,1,516.36,SALE,1734106361,S11,20241213
S11/20241213/00030,4,P105119,3,106.45,SALE,1734106361,S11,20241213
S11/20241213/00030,5,DISC,1,-120.20,DISCOUNT,1734106361,S11,20241213
S11/20241213/00030,6,TAX,1,157.31,TAX,1734106361,S11,20241213
S11/20241213/00030,7,TENDER,1,1370.59,TENDER,1734106361,S11,20241213
S11/20241214/00001,1,P104651,1,540.51,SALE,1734216733,S11,20241214
S11/20241214/00001,2,P103563,1,26.76,SALE,1734216733,S11,20241214
S11/20241214/00001,3,P100560,4,180.90,SALE,1734216733,S11,20241214
S11/20241214/00001,4,P107126,3,68.67,SALE,1734216733,S11,20241214
S11/20241214/00001,5,P105062,1,14.84,SALE,1734216733,S11,20241214
S11/20241214/00001,6,P106391,2,795.61,SALE,1734216733,S11,20241214
S11/20241214/00001,7,P107826,2,136.08,SALE,1734216733,S11,20241214
S11/20241214/00001,8,DISC,1,-172.48,DISCOUNT,1734216733,S11,20241214
S11/20241214/00001,9,TAX,1,280.99,TAX,1734216733,S11,20241214
S11/20241214/00001,10,TENDER,1,3483.61,TENDER,1734216733,S11,20241214
S11/20241214/00002,1,P106563,2,469.90,SALE,1734193007,S11,20241214
S11/20241214/00002,2,P106501,3,164.07,SALE,1734193007,S11,20241214
S11/20241214/00002,3,P104446,2,66.45,SALE,1734193007,S11,20241214
S11/20241214/00002,4,P106997,4,42.42,SALE,1734193007,S11,20241214
S11/20241214/00002,5,TAX,1,245.66,TAX,1734193007,S11,20241214
S11/20241214/00002,6,TENDER,1,1980.25,TENDER,1734193007,S11,20241214
S11/20241214/00003,1,P102811,1,199.78,SALE,1734193582,S11,20241214
S11/20241214/00003,2,P100711,1,101.23,SALE,1734193582,S11,20241214
S11/20241214/00003,3,P101062,3,52.38,SALE,1734193582,S11,20241214
S11/20241214/00003,4,TAX,1,36.07,TAX,1734193582,S11,20241214
S11/20241214/00003,5,TENDER,1,494.22,TENDER,1734193582,S11,20241214
S11/20241214/00004,1,P101747,1,245.75,SALE,1734186501,S11,20241214
S11/20241214/00004,2,P102833,2,680.71,SALE,1734186501,S11,20241214
S11/20241214/00004,3,TAX,1,80.36,TAX,1734186501,S11,20241214
S11/20241214/00004,4,TENDER,1,1687.53,TENDER,1734186501,S11,20241214
S11/20241214/00005,1,P104600,2,56.45,SALE,1734200310,S11,20241214
S11/20241214/00005,2,P107890,2,133.07,SALE,1734200310,S11,20241214
S11/20241214/00005,3,P107807,1,118.66,SALE,1734200310,S11,20241214
S11/20241214/00005,4,P104023,2,630.48,SALE,1734200310,S11,20241214
S11/20241214/00005,5,P107943,1,252.32,SALE,1734200310,S11,20241214
S11/20241214/00005,6,P104593,5,867.34,SALE,1734200310,S11,20241214
S11/20241214/00005,7,P100940,3,199.52,SALE,1734200310,S11,20241214
S11/20241214/00005,8,P106391,1,795.61,SALE,1734200310,S11,20241214
S11/20241214/00005,9,TAX,1,801.28,TAX,1734200310,S11,20241214
S11/20241214/00005,10,TENDER,1,8543.13,TENDER,1734200310,S11,20241214
S11/20241214/00006,1,P107414,3,565.57,SALE,1734188646,S11,20241214
S11/20241214/00006,2,P108144,2,253.94,SALE,1734188646,S11,20241214
S11/20241214/00006,3,P106844,2,23.44,SALE,1734188646,S11,20241214
S11/20241214/00006,4,P106686,3,324.48,SALE,1734188646,S11,20241214
S11/20241214/00006,5,P108159,2,488.81,SALE,1734188646,S11,20241214
S11/20241214/00006,6,P104294,1,122.67,SALE,1734188646,S11,20241214
S11/20241214/00006,7,TAX,1,217.61,TAX,1734188646,S11,20241214
S11/20241214/00006,8,TENDER,1,4542.81,TENDER,1734188646,S11,20241214
S11/20241214/00007,1,P105479,1,253.92,SALE,1734188058,S11,20241214
S11/20241214/00007,2,P100717,1,561.52,SALE,1734188058,S11,20241214
S11/20241214/00007,3,P104048,1,193.57,SALE,1734188058,S11,20241214
S11/20241214/00007,4,P102534,2,98.12,SALE,1734188058,S11,20241214
S11/20241214/00007,5,TAX,1,190.10,TAX,1734188058,S11,20241214
S11/20241214/00007,6,TENDER,1,1395.35,TENDER,1734188058,S11,20241214
S11/20241214/00008,1,P102096,3,982.72,SALE,1734190347,S11,20241214
S11/20241214/00008,2,P103111,3,40.41,SALE,1734190347,S11,20241214
S11/20241214/00008,3,P107662,2,330.01,SALE,1734190347,S11,20241214
S11/20241214/00008,4,TAX,1,478.64,TAX,1734190347,S11,20241214
S11/20241214/00008,5,TENDER,1,4208.05,TENDER,1734190347,S11,20241214
S11/20241214/00009,1,P103206,1,450.05,SALE,1734201870,S11,20241214
S11/20241214/00009,2,P105155,1,350.84,SALE,1734201870,S11,20241214
S11/20241214/00009,3,P103904,2,1081.09,SALE,1734201870,S11,20241214
S11/20241214/00009,4,P107609,2,108.46,SALE,1734201870,S11,20241214
S11/20241214/00009,5,P100816,2,806.93,SALE,1734201870,S11,20241214
S11/20241214/00009,6,TAX,1,439.37,TAX,1734201870,S11,20241214
S11/20241214/00009,7,TENDER,1,5233.22,TENDER,1734201870,S11,20241214
S11/20241214/00010,1,P104202,3,166.10,SALE,1734196250,S11,20241214
S11/20241214/00010,2,P107282,3,1189.20,SALE,1734196250,S11,20241214
S11/20241214/00010,3,P104133,2,248.31,SALE,1734196250,S11,20241214
S11/20241214/00010,4,P102096,1,982.72,SALE,1734196250,S11,20241214
S11/20241214/00010,5,P104774,3,81.81,SALE,1734196250,S11,20241214
S11/20241214/00010,6,TAX,1,130.20,TAX,1734196250,S11,20241214
S11/20241214/00010,7,TENDER,1,5920.87,TENDER,1734196250,S11,20241214
S11/20241214/00011,1,P100711,3,101.23,SALE,1734197456,S11,20241214
S11/20241214/00011,2,P105030,1,224.07,SALE,1734197456,S11,20241214
S11/20241214/00011,3,P101263,2,684.55,SALE,1734197456,S11,20241214
S11/20241214/00011,4,P106297,5,169.05,SALE,1734197456,S11,20241214
S11/20241214/00011,5,TAX,1,493.58,TAX,1734197456,S11,20241214
S11/20241214/00011,6,TENDER,1,3235.69,TENDER,1734197456,S11,20241214
S11/20241214/00012,1,P108067,1,640.50,SALE,1734202265,S11,20241214
S11/20241214/00012,2,P100453,2,207.31,SALE,1734202265,S11,20241214
S11/20241214/00012,3,TAX,1,49.75,TAX,1734202265,S11,20241214
S11/20241214/00012,4,TENDER,1,1104.87,TENDER,1734202265,S11,20241214
S11/20241214/00013,1,P107226,3,88.38,SALE,1734170437,S11,20241214
S11/20241214/00013,2,P101955,3,364.45,SALE,1734170437,S11,20241214
S11/20241214/00013,3,P103654,4,481.76,SALE,1734170437,S11,20241214
S11/20241214/00013,4,TAX,1,340.88,TAX,1734170437,S11,20241214
S11/20241214/00013,5,TENDER,1,3626.41,TENDER,1734170437,S11,20241214
S11/20241214/00014,1,P107115,2,172.62,SALE,1734197607,S11,20241214
S11/20241214/00014,2,P102566,4,414.37,SALE,1734197607,S11,20241214
S11/20241214/00014,3,P104844,2,553.13,SALE,1734197607,S11,20241214
S11/20241214/00014,4,P104058,1,351.54,SALE,1734197607,S11,20241214
S11/20241214/00014,5,P101974,2,302.00,SALE,1734197607,S11,20241214
S11/20241214/00014,6,P104944,2,54.97,SALE,1734197607,S11,20241214
S11/20241214/00014,7,P102142,1,93.89,SALE,1734197607,S11,20241214
S11/20241214/00014,8,TAX,1,351.93,TAX,1734197607,S11,20241214
S11/20241214/00014,9,TENDER,1,4620.28,TENDER,1734197607,S11,20241214
S11/20241214/00015,1,P101592,1,280.80,SALE,1734210801,S11,20241214
S11/20241214/00015,2,P103178,1,21.89,SALE,1734210801,S11,20241214
S11/20241214/00015,3,P103364,2,118.90,SALE,1734210801,S11,20241214
S11/20241214/00015,4,DISC,1,-25.28,DISCOUNT,1734210801,S11,20241214
S11/20241214/00015,5,TAX,1,51.94,TAX,1734210801,S11,20241214
S11/20241214/00015,6,TENDER,1,567.15,TENDER,1734210801,S11,20241214
S11/20241214/00016,1,P102648,2,389.80,SALE,1734183600,S11,20241214
S11/20241214/00016,2,P102280,2,644.81,SALE,1734183600,S11,20241214
S11/20241214/00016,3,P107362,1,75.90,SALE,1734183600,S11,20241214
S11/20241214/00016,4,P106802,3,739.16,SALE,1734183600,S11,20241214
S11/20241214/00016,5,P106004,2,137.38,SALE,1734183600,S11,20241214
S11/20241214/00016,6,P100940,2,199.52,SALE,1734183600,S11,20241214
S11/20241214/00016,7,P102671,5,267.12,SALE,1734183600,S11,20241214
S11/20241214/00016,8,TAX,1,822.97,TAX,1734183600,S11,20241214
S11/20241214/00016,9,TENDER,1,7194.97,TENDER,1734183600,S11,20241214
S11/20241214/00017,1,P102768,1,158.73,SALE,1734194445,S11,20241214
S11/20241214/00017,2,P104688,1,178.09,SALE,1734194445,S11,20241214
S11/20241214/00017,3,P104933,1,560.59,SALE,1734194445,S11,20241214
S11/20241214/00017,4,P105468,3,1100.43,SALE,1734194445,S11,20241214
S11/20241214/00017,5,P105695,3,158.81,SALE,1734194445,S11,20241214
S11/20241214/00017,6,TAX,1,327.27,TAX,1734194445,S11,20241214
S11/20241214/00017,7,TENDER,1,5002.40,TENDER,1734194445,S11,20241214
S11/20241214/00018,1,P103606,2,185.94,SALE,1734189385,S11,20241214
S11/20241214/00018,2,P106191,3,1230.97,SALE,1734189385,S11,20241214
S11/20241214/00018,3,P106009,1,372.60,SALE,1734189385,S11,20241214
S11/20241214/00018,4,P105302,3,281.37,SALE,1734189385,S11,20241214
S11/20241214/00018,5,DISC,1,-390.61,DISCOUNT,1734189385,S11,20241214
S11/20241214/00018,6,TAX,1,97.71,TAX,1734189385,S11,20241214
S11/20241214/00018,7,TENDER,1,4988.60,TENDER,1734189385,S11,20241214
S11/20241214/00019,1,P102691,2,219.72,SALE,1734187290,S11,20241214
S11/20241214/00019,2,P106067,1,444.09,SALE,1734187290,S11,20241214
S11/20241214/00019,3,P103259,2,298.27,SALE,1734187290,S11,20241214
S11/20241214/00019,4,P107952,4,1964.70,SALE,1734187290,S11,20241214
S11/20241214/00019,5,TAX,1,44.18,TAX,1734187290,S11,20241214
S11/20241214/00019,6,TENDER,1,9383.05,TENDER,1734187290,S11,20241214
S11/20241214/00020,1,P104909,2,363.10,SALE,1734171488,S11,20241214
S11/20241214/00020,2,P102735,3,534.08,SALE,1734171488,S11,20241214
S11/20241214/00020,3,P100019,2,74.65,SALE,1734171488,S11,20241214
S11/20241214/00020,4,P101634,3,25.05,SALE,1734171488,S11,20241214
S11/20241214/00020,5,TAX,1,328.80,TAX,1734171488,S11,20241214
S11/20241214/00020,6,TENDER,1,2881.69,TENDER,1734171488,S11,20241214
S11/20241214/00021,1,P105453,1,465.18,SALE,1734193815,S11,20241214
S11/20241214/00021,2,P100869,1,62.15,SALE,1734193815,S11,20241214
S11/20241214/00021,3,P101064,2,33.84,SALE,1734193815,S11,20241214
S11/20241214/00021,4,P103406,3,1248.48,SALE,1734193815,S11,20241214
S11/20241214/00021,5,DISC,1,-363.22,DISCOUNT,1734193815,S11,20241214
S11/20241214/00021,6,TAX,1,506.56,TAX,1734193815,S11,20241214
S11/20241214/00021,7,TENDER,1,4483.79,TENDER,1734193815,S11,20241214
S11/20241214/00022,1,P107028,1,56.60,SALE,1734209236,S11,20241214
S11/20241214/00022,2,P107899,2,197.21,SALE,1734209236,S11,20241214
S11/20241214/00022,3,P102424,2,333.88,SALE,1734209236,S11,20241214
S11/20241214/00022,4,P101444,1,838.86,SALE,1734209236,S11,20241214
S11/20241214/00022,5,TAX,1,105.24,TAX,1734209236,S11,20241214
S11/20241214/00022,6,TENDER,1,2062.88,TENDER,1734209236,S11,20241214
S11/20241214/00023,1,P103637,1,338.13,SALE,1734185318,S11,20241214
S11/20241214/00023,2,P106169,6,221.89,SALE,1734185318,S11,20241214
S11/20241214/00023,3,TAX,1,300.50,TAX,1734185318,S11,20241214
S11/20241214/00023,4,TENDER,1,1969.97,TENDER,1734185318,S11,20241214
S11/20241214/00024,1,P102445,3,31.53,SALE,1734180878,S11,20241214
S11/20241214/00024,2,P106044,1,40.72,SALE,1734180878,S11,20241214
S11/20241214/00024,3,P104554,2,437.01,SALE,1734180878,S11,20241214
S11/20241214/00024,4,P102559,2,94.81,SALE,1734180878,S11,20241214
S11/20241214/00024,5,TAX,1,138.72,TAX,1734180878,S11,20241214
S11/20241214/00024,6,TENDER,1,1337.67,TENDER,1734180878,S11,20241214
S11/20241214/00025,1,P104992,1,979.87,SALE,1734208334,S11,20241214
S11/20241214/00025,2,P100339,1,299.99,SALE,1734208334,S11,20241214
S11/20241214/00025,3,P103374,1,38.02,SALE,1734208334,S11,20241214
S11/20241214/00025,4,P108026,1,103.54,SALE,1734208334,S11,20241214
S11/20241214/00025,5,P106506,3,119.51,SALE,1734208334,S11,20241214
S11/20241214/00025,6,TAX,1,144.01,TAX,1734208334,S11,20241214
S11/20241214/00025,7,TENDER,1,1923.96,TENDER,1734208334,S11,20241214
S11/20241214/00026,1,P102371,1,59.77,SALE,1734200671,S11,20241214
S11/20241214/00026,2,P101332,2,400.98,SALE,1734200671,S11,20241214
S11/20241214/00026,3,P107226,3,88.38,SALE,1734200671,S11,20241214
S11/20241214/00026,4,TAX,1,192.08,TAX,1734200671,S11,20241214
S11/20241214/00026,5,TENDER,1,1318.95,TENDER,1734200671,S11,20241214
S11/20241214/00027,1,P108090,1,139.96,SALE,1734216048,S11,20241214
S11/20241214/00027,2,P105797,2,254.07,SALE,1734216048,S11,20241214
S11/20241214/00027,3,P101272,1,96.70,SALE,1734216048,S11,20241214
S11/20241214/00027,4,P101048,2,219.90,SALE,1734216048,S11,20241214
S11/20241214/00027,5,P108008,1,128.46,SALE,1734216048,S11,20241214
S11/20241214/00027,6,P102623,1,107.54,SALE,1734216048,S11,20241214
S11/20241214/00027,7,TAX,1,161.32,TAX,1734216048,S11,20241214
S11/20241214/00027,8,TENDER,1,1581.92,TENDER,1734216048,S11,20241214
S11/20241214/00028,1,P106624,2,98.44,SALE,1734196537,S11,20241214
S11/20241214/00028,2,P103249,2,521.24,SALE,1734196537,S11,20241214
S11/20241214/00028,3,P106651,1,900.59,SALE,1734196537,S11,20241214
S11/20241214/00028,4,TAX,1,52.12,TAX,1734196537,S11,20241214
S11/20241214/00028,5,TENDER,1,2192.07,TENDER,1734196537,S11,20241214
S11/20241214/00029,1,P104389,2,169.98,SALE,1734172891,S11,20241214
S11/20241214/00029,2,P101961,1,767.84,SALE,1734172891,S11,20241214
S11/20241214/00029,3,P100604,1,167.40,SALE,1734172891,S11,20241214
S11/20241214/00029,4,P107880,2,347.04,SALE,1734172891,S11,20241214
S11/20241214/00029,5,P106443,2,52.87,SALE,1734172891,S11,20241214
S11/20241214/00029,6,TAX,1,239.40,TAX,1734172891,S11,20241214
S11/20241214/00029,7,TENDER,1,2314.42,TENDER,1734172891,S11,20241214
S11/20241214/00030,1,P107432,2,45.60,SALE,1734201896,S11,20241214
S11/20241214/00030,2,P100330,1,188.77,SALE,1734201896,S11,20241214
S11/20241214/00030,3,P106989,3,26.75,SALE,1734201896,S11,20241214
S11/20241214/00030,4,P101690,5,1044.81,SALE,1734201896,S11,20241214
S11/20241214/00030,5,P101884,4,352.98,SALE,1734201896,S11,20241214
S11/20241214/00030,6,TAX,1,459.08,TAX,1734201896,S11,20241214
S11/20241214/00030,7,TENDER,1,7455.27,TENDER,1734201896,S11,20241214
S11/20241214/00031,1,P107012,2,109.16,SALE,1734172197,S11,20241214
S11/20241214/00031,2,P106254,3,1282.79,SALE,1734172197,S11,20241214
S11/20241214/00031,3,P107639,2,128.49,SALE,1734172197,S11,20241214
S11/20241214/00031,4,P100985,1,327.15,SALE,1734172197,S11,20241214
S11/20241214/00031,5,P106035,2,86.76,SALE,1734172197,S11,20241214
S11/20241214/00031,6,P100744,1,67.07,SALE,1734172197,S11,20241214
S11/20241214/00031,7,TAX,1,135.23,TAX,1734172197,S11,20241214
S11/20241214/00031,8,TENDER,1,5026.64,TENDER,1734172197,S11,20241214
S11/20241214/00032,1,P105280,6,220.35,SALE,1734199318,S11,20241214
S11/20241214/00032,2,P103040,2,410.59,SALE,1734199318,S11,20241214
S11/20241214/00032,3,P105035,3,159.58,SALE,1734199318,S11,20241214
S11/20241214/00032,4,TAX,1,213.92,TAX,1734199318,S11,20241214
S11/20241214/00032,5,TENDER,1,2835.94,TENDER,1734199318,S11,20241214
S11/20241214/00033,1,P102569,3,116.37,SALE,1734215196,S11,20241214
S11/20241214/00033,2,P100509,3,143.57,SALE,1734215196,S11,20241214
S11/20241214/00033,3,P108110,2,16.57,SALE,1734215196,S11,20241214
S11/20241214/00033,4,P102006,1,1553.68,SALE,1734215196,S11,20241214
S11/20241214/00033,5,P107100,2,200.76,SALE,1734215196,S11,20241214
S11/20241214/00033,6,TAX,1,117.58,TAX,1734215196,S11,20241214
S11/20241214/00033,7,TENDER,1,2885.74,TENDER,1734215196,S11,20241214
S11/20241214/00034,1,P102311,3,308.69,SALE,1734194296,S11,20241214
S11/20241214/00034,2,TAX,1,46.30,TAX,1734194296,S11,20241214
S11/20241214/00034,3,TENDER,1,972.37,TENDER,1734194296,S11,20241214
S11/20241214/00035,1,P105351,4,109.14,SALE,1734180412,S11,20241214
S11/20241214/00035,2,P102724,3,391.04,SALE,1734180412,S11,20241214
S11/20241214/00035,3,P100582,2,170.67,SALE,1734180412,S11,20241214
S11/20241214/00035,4,P105553,1,764.76,SALE,1734180412,S11,20241214
S11/20241214/00035,5,P102045,1,21.89,SALE,1734180412,S11,20241214
S11/20241214/00035,6,P104302,2,1255.97,SALE,1734180412,S11,20241214
S11/20241214/00035,7,P107047,2,413.27,SALE,1734180412,S11,20241214
S11/20241214/00035,8,TAX,1,847.51,TAX,1734180412,S11,20241214
S11/20241214/00035,9,TENDER,1,6923.66,TENDER,1734180412,S11,20241214
S11/20241214/00036,1,P101864,1,112.21,SALE,1734177059,S11,20241214
S11/20241214/00036,2,P108050,1,1166.49,SALE,1734177059,S11,20241214
S11/20241214/00036,3,P101543,1,178.10,SALE,1734177059,S11,20241214
S11/20241214/00036,4,P106651,1,900.59,SALE,1734177059,S11,20241214
S11/20241214/00036,5,TAX,1,110.58,TAX,1734177059,S11,20241214
S11/20241214/00036,6,TENDER,1,2467.97,TENDER,1734177059,S11,20241214
S11/20241214/00037,1,P104844,2,553.13,SALE,1734197630,S11,20241214
S11/20241214/00037,2,P107385,3,811.35,SALE,1734197630,S11,20241214
S11/20241214/00037,3,P103927,1,206.11,SALE,1734197630,S11,20241214
S11/20241214/00037,4,P107028,2,56.60,SALE,1734197630,S11,20241214
S11/20241214/00037,5,TAX,1,207.70,TAX,1734197630,S11,20241214
S11/20241214/00037,6,TENDER,1,4067.32,TENDER,1734197630,S11,20241214
S11/20241215/00001,1,P100509,1,143.57,SALE,1734291387,S11,20241215
S11/20241215/00001,2,P105062,2,14.84,SALE,1734291387,S11,20241215
S11/20241215/00001,3,P107721,3,92.25,SALE,1734291387,S11,20241215
S11/20241215/00001,4,DISC,1,-33.52,DISCOUNT,1734291387,S11,20241215
S11/20241215/00001,5,TAX,1,11.59,TAX,1734291387,S11,20241215
S11/20241215/00001,6,TENDER,1,428.07,TENDER,1734291387,S11,20241215
S11/20241215/00002,1,P100999,3,171.06,SALE,1734290956,S11,20241215
S11/20241215/00002,2,P105918,4,294.44,SALE,1734290956,S11,20241215
S11/20241215/00002,3,P104718,4,364.54,SALE,1734290956,S11,20241215
S11/20241215/00002,4,P106848,2,17.39,SALE,1734290956,S11,20241215
S11/20241215/00002,5,P102954,1,129.98,SALE,1734290956,S11,20241215
S11/20241215/00002,6,P105980,3,288.70,SALE,1734290956,S11,20241215
S11/20241215/00002,7,P107639,1,128.49,SALE,1734290956,S11,20241215
S11/20241215/00002,8,P105908,3,698.64,SALE,1734290956,S11,20241215
S11/20241215/00002,9,TAX,1,626.72,TAX,1734290956,S11,20241215
S11/20241215/00002,10,TENDER,1,7031.09,TENDER,1734290956,S11,20241215
S11/20241215/00003,1,P101751,1,477.38,SALE,1734257452,S11,20241215
S11/20241215/00003,2,P100033,3,828.62,SALE,1734257452,S11,20241215
S11/20241215/00003,3,P104048,3,193.57,SALE,1734257452,S11,20241215
S11/20241215/00003,4,P105747,2,287.56,SALE,1734257452,S11,20241215
S11/20241215/00003,5,TAX,1,383.43,TAX,1734257452,S11,20241215
S11/20241215/00003,6,TENDER,1,4502.50,TENDER,1734257452,S11,20241215
S11/20241215/00004,1,P102788,2,920.26,SALE,1734281666,S11,20241215
S11/20241215/00004,2,P100194,1,46.79,SALE,1734281666,S11,20241215
S11/20241215/00004,3,P102397,2,355.28,SALE,1734281666,S11,20241215
S11/20241215/00004,4,TAX,1,185.72,TAX,1734281666,S11,20241215
S11/20241215/00004,5,TENDER,1,2783.59,TENDER,1734281666,S11,20241215
S11/20241215/00005,1,P102569,2,116.37,SALE,1734268576,S11,20241215
S11/20241215/00005,2,P101702,1,491.39,SALE,1734268576,S11,20241215
S11/20241215/00005,3,TAX,1,116.38,TAX,1734268576,S11,20241215
S11/20241215/00005,4,TENDER,1,840.51,TENDER,1734268576,S11,20241215
S11/20241215/00006,1,P107053,2,457.07,SALE,1734280242,S11,20241215
S11/20241215/00006,2,P100221,2,139.88,SALE,1734280242,S11,20241215
S11/20241215/00006,3,TAX,1,79.28,TAX,1734280242,S11,20241215
S11/20241215/00006,4,TENDER,1,1273.18,TENDER,1734280242,S11,20241215
S11/20241215/00007,1,P107564,1,325.35,SALE,1734271214,S11,20241215
S11/20241215/00007,2,P101955,2,364.45,SALE,1734271214,S11,20241215
S11/20241215/00007,3,P102142,2,93.89,SALE,1734271214,S11,20241215
S11/20241215/00007,4,P104625,1,296.80,SALE,1734271214,S11,20241215
S11/20241215/00007,5,P103487,2,361.14,SALE,1734271214,S11,20241215
S11/20241215/00007,6,P102648,1,389.80,SALE,1734271214,S11,20241215
S11/20241215/00007,7,P100121,2,113.08,SALE,1734271214,S11,20241215
S11/20241215/00007,8,P107715,3,241.95,SALE,1734271214,S11,20241215
S11/20241215/00007,9,DISC,1,-388.10,DISCOUNT,1734271214,S11,20241215
S11/20241215/00007,10,TAX,1,426.90,TAX,1734271214,S11,20241215
S11/20241215/00007,11,TENDER,1,3641.72,TENDER,1734271214,S11,20241215
S11/20241215/00008,1,P104617,3,107.09,SALE,1734292524,S11,20241215
S11/20241215/00008,2,P103397,2,371.02,SALE,1734292524,S11,20241215
S11/20241215/00008,3,P106651,1,900.59,SALE,1734292524,S11,20241215
S11/20241215/00008,4,P106478,3,56.12,SALE,1734292524,S11,20241215
S11/20241215/00008,5,P104478,1,18.27,SALE,1734292524,S11,20241215
S11/20241215/00008,6,TAX,1,69.54,TAX,1734292524,S11,20241215
S11/20241215/00008,7,TENDER,1,2220.07,TENDER,1734292524,S11,20241215
S11/20241215/00009,1,P105356,2,232.26,SALE,1734279438,S11,20241215
S11/20241215/00009,2,P102593,1,92.93,SALE,1734279438,S11,20241215
S11/20241215/00009,3,P104497,3,229.16,SALE,1734279438,S11,20241215
S11/20241215/00009,4,TAX,1,74.33,TAX,1734279438,S11,20241215
S11/20241215/00009,5,TENDER,1,1319.26,TENDER,1734279438,S11,20241215
S11/20241215/00010,1,P107149,1,145.83,SALE,1734289316,S11,20241215
S11/20241215/00010,2,P107178,1,298.69,SALE,1734289316,S11,20241215
S11/20241215/00010,3,P100940,3,199.52,SALE,1734289316,S11,20241215
S11/20241215/00010,4,P106035,1,86.76,SALE,1734289316,S11,20241215
S11/20241215/00010,5,P104462,1,86.38,SALE,1734289316,S11,20241215
S11/20241215/00010,6,P102353,1,139.83,SALE,1734289316,S11,20241215
S11/20241215/00010,7,TAX,1,196.76,TAX,1734289316,S11,20241215
S11/20241215/00010,8,TENDER,1,1552.81,TENDER,1734289316,S11,20241215
S11/20241215/00011,1,P105698,1,194.14,SALE,1734261979,S11,20241215
S11/20241215/00011,2,P102151,1,1117.25,SALE,1734261979,S11,20241215
S11/20241215/00011,3,P106123,4,248.44,SALE,1734261979,S11,20241215
S11/20241215/00011,4,P104789,2,67.52,SALE,1734261979,S11,20241215
S11/20241215/00011,5,P102103,1,400.89,SALE,1734261979,S11,20241215
S11/20241215/00011,6,TAX,1,162.97,TAX,1734261979,S11,20241215
S11/20241215/00011,7,TENDER,1,3004.05,TENDER,1734261979,S11,20241215
S11/20241215/00012,1,P104544,1,104.46,SALE,1734274017,S11,20241215
S11/20241215/00012,2,P105057,2,294.62,SALE,1734274017,S11,20241215
S11/20241215/00012,3,P101134,1,1071.76,SALE,1734274017,S11,20241215
S11/20241215/00012,4,P105219,1,763.15,SALE,1734274017,S11,20241215
S11/20241215/00012,5,P101458,1,1365.07,SALE,1734274017,S11,20241215
S11/20241215/00012,6,TAX,1,248.65,TAX,1734274017,S11,20241215
S11/20241215/00012,7,TENDER,1,4142.33,TENDER,1734274017,S11,20241215
S11/20241215/00013,1,P106522,2,203.79,SALE,1734262854,S11,20241215
S11/20241215/00013,2,P101923,3,527.50,SALE,1734262854,S11,20241215
S11/20241215/00013,3,P100077,2,173.95,SALE,1734262854,S11,20241215
S11/20241215/00013,4,P103202,3,295.26,SALE,1734262854,S11,20241215
S11/20241215/00013,5,P108179,1,307.53,SALE,1734262854,S11,20241215
S11/20241215/00013,6,TAX,1,465.82,TAX,1734262854,S11,20241215
S11/20241215/00013,7,TENDER,1,3997.11,TENDER,1734262854,S11,20241215
S11/20241215/00014,1,P106336,1,452.43,SALE,1734305167,S11,20241215
S11/20241215/00014,2,P106735,2,320.99,SALE,1734305167,S11,20241215
S11/20241215/00014,3,P101311,2,481.74,SALE,1734305167,S11,20241215
S11/20241215/00014,4,P105651,3,108.83,SALE,1734305167,S11,20241215
S11/20241215/00014,5,P106877,2,1085.30,SALE,1734305167,S11,20241215
S11/20241215/00014,6,P101774,3,1168.66,SALE,1734305167,S11,20241215
S11/20241215/00014,7,P105971,4,1150.46,SALE,1734305167,S11,20241215
S11/20241215/00014,8,P103413,2,1352.06,SALE,1734305167,S11,20241215
S11/20241215/00014,9,P102922,3,120.15,SALE,1734305167,S11,20241215
S11/20241215/00014,10,DISC,1,-1728.72,DISCOUNT,1734305167,S11,20241215
S11/20241215/00014,11,TAX,1,1027.90,TAX,1734305167,S11,20241215
S11/20241215/00014,12,TENDER,1,15026.55,TENDER,1734305167,S11,20241215
S11/20241215/00015,1,P101419,2,202.93,SALE,1734288961,S11,20241215
S11/20241215/00015,2,P106044,2,40.72,SALE,1734288961,S11,20241215
S11/20241215/00015,3,P106367,2,650.25,SALE,1734288961,S11,20241215
S11/20241215/00015,4,P108174,1,235.92,SALE,1734288961,S11,20241215
S11/20241215/00015,5,TAX,1,140.18,TAX,1734288961,S11,20241215
S11/20241215/00015,6,TENDER,1,2163.90,TENDER,1734288961,S11,20241215
S11/20241215/00016,1,P100007,1,155.06,SALE,1734274957,S11,20241215
S11/20241215/00016,2,P100026,3,315.91,SALE,1734274957,S11,20241215
S11/20241215/00016,3,TAX,1,75.30,TAX,1734274957,S11,20241215
S11/20241215/00016,4,TENDER,1,1178.09,TENDER,1734274957,S11,20241215
S11/20241215/00017,1,P105377,4,275.11,SALE,1734263278,S11,20241215
S11/20241215/00017,2,P100194,1,46.79,SALE,1734263278,S11,20241215
S11/20241215/00017,3,P101489,5,555.59,SALE,1734263278,S11,20241215
S11/20241215/00017,4,P104658,3,75.90,SALE,1734263278,S11,20241215
S11/20241215/00017,5,P101122,3,69.38,SALE,1734263278,S11,20241215
S11/20241215/00017,6,TAX,1,189.33,TAX,1734263278,S11,20241215
S11/20241215/00017,7,TENDER,1,4550.35,TENDER,1734263278,S11,20241215
S11/20241215/00018,1,P107708,3,167.35,SALE,1734262253,S11,20241215
S11/20241215/00018,2,P101626,2,1040.69,SALE,1734262253,S11,20241215
S11/20241215/00018,3,P106783,3,94.23,SALE,1734262253,S11,20241215
S11/20241215/00018,4,TAX,1,300.65,TAX,1734262253,S11,20241215
S11/20241215/00018,5,TENDER,1,3166.77,TENDER,1734262253,S11,20241215
S11/20241215/00019,1,P100453,2,207.31,SALE,1734301448,S11,20241215
S11/20241215/00019,2,P106773,2,397.71,SALE,1734301448,S11,20241215
S11/20241215/00019,3,P106975,2,143.78,SALE,1734301448,S11,20241215
S11/20241215/00019,4,P107721,2,92.25,SALE,1734301448,S11,20241215
S11/20241215/00019,5,P100367,5,537.90,SALE,1734301448,S11,20241215
S11/20241215/00019,6,P100453,-2,207.31,VOID,1734301448,S11,20241215
S11/20241215/00019,7,P106773,-2,397.71,VOID,1734301448,S11,20241215
S11/20241215/00019,8,P106975,-2,143.78,VOID,1734301448,S11,20241215
S11/20241215/00019,9,P107721,-2,92.25,VOID,1734301448,S11,20241215
S11/20241215/00019,10,P100367,-5,537.90,VOID,1734301448,S11,20241215
S11/20241215/00019,11,TAX,1,0.00,TAX,1734301448,S11,20241215
S11/20241215/00019,12,TENDER,1,0.00,TENDER,1734301448,S11,20241215
S11/20241215/00020,1,P108302,1,855.55,SALE,1734271384,S11,20241215
S11/20241215/00020,2,P106858,3,281.23,SALE,1734271384,S11,20241215
S11/20241215/00020,3,P107996,4,224.54,SALE,1734271384,S11,20241215
S11/20241215/00020,4,TAX,1,239.55,TAX,1734271384,S11,20241215
S11/20241215/00020,5,TENDER,1,2836.95,TENDER,1734271384,S11,20241215
S11/20241215/00021,1,P106181,1,739.67,SALE,1734264844,S11,20241215
S11/20241215/00021,2,P107740,4,1366.88,SALE,1734264844,S11,20241215
S11/20241215/00021,3,P102691,2,219.72,SALE,1734264844,S11,20241215
S11/20241215/00021,4,P100911,2,67.40,SALE,1734264844,S11,20241215
S11/20241215/00021,5,TAX,1,684.81,TAX,1734264844,S11,20241215
S11/20241215/00021,6,TENDER,1,7466.24,TENDER,1734264844,S11,20241215
S11/20241215/00022,1,P107063,4,387.93,SALE,1734298791,S11,20241215
S11/20241215/00022,2,P106004,2,137.38,SALE,1734298791,S11,20241215
S11/20241215/00022,3,P100077,2,173.95,SALE,1734298791,S11,20241215
S11/20241215/00022,4,P103811,1,778.90,SALE,1734298791,S11,20241215
S11/20241215/00022,5,TAX,1,217.34,TAX,1734298791,S11,20241215
S11/20241215/00022,6,TENDER,1,3170.62,TENDER,1734298791,S11,20241215
S11/20241215/00023,1,P102397,3,355.28,SALE,1734304980,S11,20241215
S11/20241215/00023,2,P100717,2,561.52,SALE,1734304980,S11,20241215
S11/20241215/00023,3,P103510,1,196.86,SALE,1734304980,S11,20241215
S11/20241215/00023,4,TAX,1,339.89,TAX,1734304980,S11,20241215
S11/20241215/00023,5,TENDER,1,2725.63,TENDER,1734304980,S11,20241215
S11/20241215/00024,1,P100421,2,121.56,SALE,1734264971,S11,20241215
S11/20241215/00024,2,P104072,2,724.10,SALE,1734264971,S11,20241215
S11/20241215/00024,3,P108067,3,640.50,SALE,1734264971,S11,20241215
S11/20241215/00024,4,P101174,2,57.43,SALE,1734264971,S11,20241215
S11/20241215/00024,5,P105201,2,365.02,SALE,1734264971,S11,20241215
S11/20241215/00024,6,P106955,2,204.37,SALE,1734264971,S11,20241215
S11/20241215/00024,7,TAX,1,135.09,TAX,1734264971,S11,20241215
S11/20241215/00024,8,TENDER,1,5001.55,TENDER,1734264971,S11,20241215
S11/20241215/00025,1,P107623,1,468.34,SALE,1734269776,S11,20241215
S11/20241215/00025,2,P107182,2,112.81,SALE,1734269776,S11,20241215
S11/20241215/00025,3,P106651,2,900.59,SALE,1734269776,S11,20241215
S11/20241215/00025,4,P104938,1,999.94,SALE,1734269776,S11,20241215
S11/20241215/00025,5,P102549,2,139.23,SALE,1734269776,S11,20241215
S11/20241215/00025,6,P104251,3,79.68,SALE,1734269776,S11,20241215
S11/20241215/00025,7,P108361,1,73.59,SALE,1734269776,S11,20241215
S11/20241215/00025,8,P102835,2,101.19,SALE,1734269776,S11,20241215
S11/20241215/00025,9,TAX,1,312.22,TAX,1734269776,S11,20241215
S11/20241215/00025,10,TENDER,1,4600.77,TENDER,1734269776,S11,20241215
S11/20241215/00026,1,P102321,1,35.15,SALE,1734257010,S11,20241215
S11/20241215/00026,2,P102998,3,158.64,SALE,1734257010,S11,20241215
S11/20241215/00026,3,P101356,1,1264.05,SALE,1734257010,S11,20241215
S11/20241215/00026,4,P103958,4,32.46,SALE,1734257010,S11,20241215
S11/20241215/00026,5,P103701,2,1171.33,SALE,1734257010,S11,20241215
S11/20241215/00026,6,P108282,1,501.35,SALE,1734257010,S11,20241215
S11/20241215/00026,7,P107880,5,347.04,SALE,1734257010,S11,20241215
S11/20241215/00026,8,TAX,1,405.42,TAX,1734257010,S11,20241215
S11/20241215/00026,9,TENDER,1,6889.59,TENDER,1734257010,S11,20241215
S11/20241215/00027,1,P105083,2,245.38,SALE,1734275016,S11,20241215
S11/20241215/00027,2,P105747,1,287.56,SALE,1734275016,S11,20241215
S11/20241215/00027,3,P107264,1,190.99,SALE,1734275016,S11,20241215
S11/20241215/00027,4,P101037,2,613.83,SALE,1734275016,S11,20241215
S11/20241215/00027,5,P105260,3,72.61,SALE,1734275016,S11,20241215
S11/20241215/00027,6,TAX,1,421.59,TAX,1734275016,S11,20241215
S11/20241215/00027,7,TENDER,1,2836.39,TENDER,1734275016,S11,20241215
S11/20241215/00028,1,P105167,1,826.20,SALE,1734277896,S11,20241215
S11/20241215/00028,2,P102671,1,252.00,SALE,1734277896,S11,20241215
S11/20241215/00028,3,P100221,2,139.88,SALE,1734277896,S11,20241215
S11/20241215/00028,4,P103068,1,153.43,SALE,1734277896,S11,20241215
S11/20241215/00028,5,TAX,1,127.91,TAX,1734277896,S11,20241215
S11/20241215/00028,6,TENDER,1,1639.30,TENDER,1734277896,S11,20241215
S11/20241215/00029,1,P107740,3,1366.88,SALE,1734266446,S11,20241215
S11/20241215/00029,2,P107278,3,55.18,SALE,1734266446,S11,20241215
S11/20241215/00029,3,P101106,2,543.49,SALE,1734266446,S11,20241215
S11/20241215/00029,4,P106399,2,198.14,SALE,1734266446,S11,20241215
S11/20241215/00029,5,P100479,1,342.92,SALE,1734266446,S11,20241215
S11/20241215/00029,6,TAX,1,627.26,TAX,1734266446,S11,20241215
S11/20241215/00029,7,TENDER,1,6719.62,TENDER,1734266446,S11,20241215
S11/20241215/00030,1,P100803,2,278.56,SALE,1734262081,S11,20241215
S11/20241215/00030,2,P102305,3,111.72,SALE,1734262081,S11,20241215
S11/20241215/00030,3,P102465,3,1410.14,SALE,1734262081,S11,20241215
S11/20241215/00030,4,P107605,2,1129.73,SALE,1734262081,S11,20241215
S11/20241215/00030,5,P103668,3,1530.18,SALE,1734262081,S11,20241215
S11/20241215/00030,6,P102290,2,587.69,SALE,1734262081,S11,20241215
S11/20241215/00030,7,TAX,1,921.30,TAX,1734262081,S11,20241215
S11/20241215/00030,8,TENDER,1,14069.38,TENDER,1734262081,S11,20241215
S11/20241215/00031,1,P108374,1,1417.29,SALE,1734286551,S11,20241215
S11/20241215/00031,2,P106434,1,178.02,SALE,1734286551,S11,20241215
S11/20241215/00031,3,P105959,2,513.93,SALE,1734286551,S11,20241215
S11/20241215/00031,4,P105815,2,320.65,SALE,1734286551,S11,20241215
S11/20241215/00031,5,P107119,1,18.29,SALE,1734286551,S11,20241215
S11/20241215/00031,6,P108017,2,105.98,SALE,1734286551,S11,20241215
S11/20241215/00031,7,DISC,1,-415.39,DISCOUNT,1734286551,S11,20241215
S11/20241215/00031,8,TAX,1,252.56,TAX,1734286551,S11,20241215
S11/20241215/00031,9,TENDER,1,3331.89,TENDER,1734286551,S11,20241215
S11/20241215/00032,1,P104898,2,181.50,SALE,1734278522,S11,20241215
S11/20241215/00032,2,P103348,2,485.60,SALE,1734278522,S11,20241215
S11/20241215/00032,3,P100784,3,319.36,SALE,1734278522,S11,20241215
S11/20241215/00032,4,P100298,3,53.95,SALE,1734278522,S11,20241215
S11/20241215/00032,5,P102821,1,1314.43,SALE,1734278522,S11,20241215
S11/20241215/00032,6,P101454,2,148.61,SALE,1734278522,S11,20241215
S11/20241215/00032,7,TAX,1,225.44,TAX,1734278522,S11,20241215
S11/20241215/00032,8,TENDER,1,4291.22,TENDER,1734278522,S11,20241215
S11/20241215/00033,1,P103559,4,370.21,SALE,1734275945,S11,20241215
S11/20241215/00033,2,P103620,2,474.03,SALE,1734275945,S11,20241215
S11/20241215/00033,3,P102772,2,151.97,SALE,1734275945,S11,20241215
S11/20241215/00033,4,P103202,3,295.26,SALE,1734275945,S11,20241215
S11/20241215/00033,5,DISC,1,-372.89,DISCOUNT,1734275945,S11,20241215
S11/20241215/00033,6,TAX,1,175.38,TAX,1734275945,S11,20241215
S11/20241215/00033,7,TENDER,1,3421.11,TENDER,1734275945,S11,20241215
S11/20241215/00034,1,P108234,3,31.44,SALE,1734259068,S11,20241215
S11/20241215/00034,2,P100904,1,68.79,SALE,1734259068,S11,20241215
S11/20241215/00034,3,P104916,4,340.18,SALE,1734259068,S11,20241215
S11/20241215/00034,4,P104725,2,551.38,SALE,1734259068,S11,20241215
S11/20241215/00034,5,TAX,1,472.79,TAX,1734259068,S11,20241215
S11/20241215/00034,6,TENDER,1,3099.38,TENDER,1734259068,S11,20241215
S11/20241216/00001,1,P100985,1,327.15,SALE,1734382341,S11,20241216
S11/20241216/00001,2,P101034,3,94.74,SALE,1734382341,S11,20241216
S11/20241216/00001,3,P103934,2,284.79,SALE,1734382341,S11,20241216
S11/20241216/00001,4,P101585,3,10.45,SALE,1734382341,S11,20241216
S11/20241216/00001,5,DISC,1,-128.80,DISCOUNT,1734382341,S11,20241216
S11/20241216/00001,6,TAX,1,179.79,TAX,1734382341,S11,20241216
S11/20241216/00001,7,TENDER,1,1263.29,TENDER,1734382341,S11,20241216
S11/20241216/00002,1,P106228,1,44.54,SALE,1734350130,S11,20241216
S11/20241216/00002,2,P103792,3,25.06,SALE,1734350130,S11,20241216
S11/20241216/00002,3,P103855,1,322.11,SALE,1734350130,S11,20241216
S11/20241216/00002,4,P105164,2,242.35,SALE,1734350130,S11,20241216
S11/20241216/00002,5,P107605,4,1129.73,SALE,1734350130,S11,20241216
S11/20241216/00002,6,P104478,1,18.27,SALE,1734350130,S11,20241216
S11/20241216/00002,7,P101064,4,33.84,SALE,1734350130,S11,20241216
S11/20241216/00002,8,DISC,1,-275.87,DISCOUNT,1734350130,S11,20241216
S11/20241216/00002,9,TAX,1,608.16,TAX,1734350130,S11,20241216
S11/20241216/00002,10,TENDER,1,5931.37,TENDER,1734350130,S11,20241216
S11/20241216/00003,1,P108302,2,855.55,SALE,1734333655,S11,20241216
S11/20241216/00003,2,P100156,1,1528.63,SALE,1734333655,S11,20241216
S11/20241216/00003,3,P105100,1,270.01,SALE,1734333655,S11,20241216
S11/20241216/00003,4,P100428,1,150.84,SALE,1734333655,S11,20241216
S11/20241216/00003,5,P103693,3,102.71,SALE,1734333655,S11,20241216
S11/20241216/00003,6,P102272,3,389.34,SALE,1734333655,S11,20241216
S11/20241216/00003,7,TAX,1,274.32,TAX,1734333655,S11,20241216
S11/20241216/00003,8,TENDER,1,5411.05,TENDER,1734333655,S11,20241216
S11/20241216/00004,1,P101940,3,201.44,SALE,1734361229,S11,20241216
S11/20241216/00004,2,P102175,1,191.56,SALE,1734361229,S11,20241216
S11/20241216/00004,3,P104361,1,1519.18,SALE,1734361229,S11,20241216
S11/20241216/00004,4,P101899,1,326.35,SALE,1734361229,S11,20241216
S11/20241216/00004,5,P102160,2,221.62,SALE,1734361229,S11,20241216
S11/20241216/00004,6,P105860,1,674.13,SALE,1734361229,S11,20241216
S11/20241216/00004,7,TAX,1,400.46,TAX,1734361229,S11,20241216
S11/20241216/00004,8,TENDER,1,4159.24,TENDER,1734361229,S11,20241216
S11/20241216/00005,1,P105236,2,552.60,SALE,1734375302,S11,20241216
S11/20241216/00005,2,P105453,2,465.18,SALE,1734375302,S11,20241216
S11/20241216/00005,3,P101356,1,1264.05,SALE,1734375302,S11,20241216
S11/20241216/00005,4,P103397,5,371.02,SALE,1734375302,S11,20241216
S11/20241216/00005,5,P102060,2,165.83,SALE,1734375302,S11,20241216
S11/20241216/00005,6,P102103,3,400.89,SALE,1734375302,S11,20241216
S11/20241216/00005,7,DISC,1,-525.16,DISCOUNT,1734375302,S11,20241216
S11/20241216/00005,8,TAX,1,534.25,TAX,1734375302,S11,20241216
S11/20241216/00005,9,TENDER,1,6698.13,TENDER,1734375302,S11,20241216
S11/20241216/00006,1,P105562,1,422.85,SALE,1734340284,S11,20241216
S11/20241216/00006,2,P108300,2,286.59,SALE,1734340284,S11,20241216
S11/20241216/00006,3,P102640,2,270.61,SALE,1734340284,S11,20241216
S11/20241216/00006,4,P102695,2,1277.24,SALE,1734340284,S11,20241216
S11/20241216/00006,5,TAX,1,583.24,TAX,1734340284,S11,20241216
S11/20241216/00006,6,TENDER,1,4674.97,TENDER,1734340284,S11,20241216
S11/20241216/00007,1,P101062,1,52.38,SALE,1734389716,S11,20241216
S11/20241216/00007,2,P105882,3,222.02,SALE,1734389716,S11,20241216
S11/20241216/00007,3,P103004,2,82.09,SALE,1734389716,S11,20241216
S11/20241216/00007,4,TAX,1,130.72,TAX,1734389716,S11,20241216
S11/20241216/00007,5,TENDER,1,1013.34,TENDER,1734389716,S11,20241216
S11/20241216/00008,1,P104023,3,630.48,SALE,1734370181,S11,20241216
S11/20241216/00008,2,P101208,3,593.86,SALE,1734370181,S11,20241216
S11/20241216/00008,3,P102913,2,375.37,SALE,1734370181,S11,20241216
S11/20241216/00008,4,P103124,3,523.92,SALE,1734370181,S11,20241216
S11/20241216/00008,5,P108097,2,93.69,SALE,1734370181,S11,20241216
S11/20241216/00008,6,P108001,3,96.97,SALE,1734370181,S11,20241216
S11/20241216/00008,7,P103178,2,21.89,SALE,1734370181,S11,20241216
S11/20241216/00008,8,P103294,1,69.64,SALE,1734370181,S11,20241216
S11/20241216/00008,9,TAX,1,501.43,TAX,1734370181,S11,20241216
S11/20241216/00008,10,TENDER,1,7088.66,TENDER,1734370181,S11,20241216
S11/20241216/00009,1,P101810,2,793.98,SALE,1734381301,S11,20241216
S11/20241216/00009,2,P107946,6,313.77,SALE,1734381301,S11,20241216
S11/20241216/00009,3,P101101,1,74.25,SALE,1734381301,S11,20241216
S11/20241216/00009,4,P103029,2,11.28,SALE,1734381301,S11,20241216
S11/20241216/00009,5,P105440,1,107.89,SALE,1734381301,S11,20241216
S11/20241216/00009,6,P100456,3,982.47,SALE,1734381301,S11,20241216
S11/20241216/00009,7,P100330,1,188.77,SALE,1734381301,S11,20241216
S11/20241216/00009,8,P101622,2,272.35,SALE,1734381301,S11,20241216
S11/20241216/00009,9,P104658,1,75.90,SALE,1734381301,S11,20241216
S11/20241216/00009,10,P101305,1,114.22,SALE,1734381301,S11,20241216
S11/20241216/00009,11,TAX,1,417.32,TAX,1734381301,S11,20241216
S11/20241216/00009,12,TENDER,1,7963.60,TENDER,1734381301,S11,20241216
S11/20241216/00010,1,P107508,2,1577.69,SALE,1734372051,S11,20241216
S11/20241216/00010,2,P102835,1,101.19,SALE,1734372051,S11,20241216
S11/20241216/00010,3,P106330,2,218.33,SALE,1734372051,S11,20241216
S11/20241216/00010,4,P105541,2,189.75,SALE,1734372051,S11,20241216
S11/20241216/00010,5,TAX,1,537.70,TAX,1734372051,S11,20241216
S11/20241216/00010,6,TENDER,1,4610.43,TENDER,1734372051,S11,20241216
S11/20241216/00011,1,P101626,1,1040.69,SALE,1734363807,S11,20241216
S11/20241216/00011,2,P103105,2,34.12,SALE,1734363807,S11,20241216
S11/20241216/00011,3,P101010,2,71.39,SALE,1734363807,S11,20241216
S11/20241216/00011,4,P100005,4,114.37,SALE,1734363807,S11,20241216
S11/20241216/00011,5,P100819,3,1109.59,SALE,1734363807,S11,20241216
S11/20241216/00011,6,P102081,2,164.15,SALE,1734363807,S11,20241216
S11/20241216/00011,7,TAX,1,295.74,TAX,1734363807,S11,20241216
S11/20241216/00011,8,TENDER,1,5662.00,TENDER,1734363807,S11,20241216
S11/20241216/00012,1,P101465,1,573.89,SALE,1734367512,S11,20241216
S11/20241216/00012,2,P104112,4,52.93,SALE,1734367512,S11,20241216
S11/20241216/00012,3,P103538,1,265.96,SALE,1734367512,S11,20241216
S11/20241216/00012,4,P105356,2,232.26,SALE,1734367512,S11,20241216
S11/20241216/00012,5,P105713,1,345.36,SALE,1734367512,S11,20241216
S11/20241216/00012,6,P106802,2,739.16,SALE,1734367512,S11,20241216
S11/20241216/00012,7,TAX,1,241.59,TAX,1734367512,S11,20241216
S11/20241216/00012,8,TENDER,1,3581.36,TENDER,1734367512,S11,20241216
S11/20241216/00013,1,P107807,1,118.66,SALE,1734361996,S11,20241216
S11/20241216/00013,2,P102219,3,780.86,SALE,1734361996,S11,20241216
S11/20241216/00013,3,P106059,1,313.87,SALE,1734361996,S11,20241216
S11/20241216/00013,4,P104986,5,221.68,SALE,1734361996,S11,20241216
S11/20241216/00013,5,TAX,1,379.07,TAX,1734361996,S11,20241216
S11/20241216/00013,6,TENDER,1,4262.58,TENDER,1734361996,S11,20241216
S11/20241216/00014,1,P104501,1,413.53,SALE,1734355715,S11,20241216
S11/20241216/00014,2,P103397,1,371.02,SALE,1734355715,S11,20241216
S11/20241216/00014,3,TAX,1,0.00,TAX,1734355715,S11,20241216
S11/20241216/00014,4,TENDER,1,784.55,TENDER,1734355715,S11,20241216
S11/20241216/00015,1,P104079,2,75.55,SALE,1734359004,S11,20241216
S11/20241216/00015,2,P105307,3,818.25,SALE,1734359004,S11,20241216
S11/20241216/00015,3,P100178,1,480.34,SALE,1734359004,S11,20241216
S11/20241216/00015,4,P102933,1,610.87,SALE,1734359004,S11,20241216
S11/20241216/00015,5,P106357,3,1078.45,SALE,1734359004,S11,20241216
S11/20241216/00015,6,P104064,4,326.15,SALE,1734359004,S11,20241216
S11/20241216/00015,7,P101864,3,112.21,SALE,1734359004,S11,20241216
S11/20241216/00015,8,P108191,3,309.71,SALE,1734359004,S11,20241216
S11/20241216/00015,9,P107777,2,222.77,SALE,1734359004,S11,20241216
S11/20241216/00015,10,P107246,2,313.74,SALE,1734359004,S11,20241216
S11/20241216/00015,11,P108262,3,592.59,SALE,1734359004,S11,20241216
S11/20241216/00015,12,P105594,3,321.63,SALE,1734359004,S11,20241216
S11/20241216/00015,13,P105425,2,153.55,SALE,1734359004,S11,20241216
S11/20241216/00015,14,P105483,4,160.65,SALE,1734359004,S11,20241216
S11/20241216/00015,15,TAX,1,1614.10,TAX,1734359004,S11,20241216
S11/20241216/00015,16,TENDER,1,15882.25,TENDER,1734359004,S11,20241216
S11/20241216/00016,1,P106317,3,485.55,SALE,1734352939,S11,20241216
S11/20241216/00016,2,P101626,2,1040.69,SALE,1734352939,S11,20241216
S11/20241216/00016,3,P108118,2,66.05,SALE,1734352939,S11,20241216
S11/20241216/00016,4,P101492,2,113.44,SALE,1734352939,S11,20241216
S11/20241216/00016,5,P102081,3,164.15,SALE,1734352939,S11,20241216
S11/20241216/00016,6,P100911,3,67.40,SALE,1734352939,S11,20241216
S11/20241216/00016,7,TAX,1,570.76,TAX,1734352939,S11,20241216
S11/20241216/00016,8,TENDER,1,5162.42,TENDER,1734352939,S11,20241216
S11/20241216/00017,1,P100509,1,143.57,SALE,1734368097,S11,20241216
S11/20241216/00017,2,P103839,2,226.78,SALE,1734368097,S11,20241216
S11/20241216/00017,3,TAX,1,88.82,TAX,1734368097,S11,20241216
S11/20241216/00017,4,TENDER,1,685.95,TENDER,1734368097,S11,20241216
S11/20241216/00018,1,P105656,7,516.52,SALE,1734383088,S11,20241216
S11/20241216/00018,2,P106048,1,310.59,SALE,1734383088,S11,20241216
S11/20241216/00018,3,P106207,1,564.89,SALE,1734383088,S11,20241216
S11/20241216/00018,4,P106745,2,621.98,SALE,1734383088,S11,20241216
S11/20241216/00018,5,DISC,1,-248.98,DISCOUNT,1734383088,S11,20241216
S11/20241216/00018,6,TAX,1,347.11,TAX,1734383088,S11,20241216
S11/20241216/00018,7,TENDER,1,5833.21,TENDER,1734383088,S11,20241216
S11/20241216/00019,1,P106900,2,179.85,SALE,1734350539,S11,20241216
S11/20241216/00019,2,P107581,4,287.09,SALE,1734350539,S11,20241216
S11/20241216/00019,3,P101279,1,242.90,SALE,1734350539,S11,20241216
S11/20241216/00019,4,P104921,2,425.26,SALE,1734350539,S11,20241216
S11/20241216/00019,5,P107721,3,92.25,SALE,1734350539,S11,20241216
S11/20241216/00019,6,P103178,5,21.89,SALE,1734350539,S11,20241216
S11/20241216/00019,7,P105302,4,281.37,SALE,1734350539,S11,20241216
S11/20241216/00019,8,P103510,2,196.86,SALE,1734350539,S11,20241216
S11/20241216/00019,9,TAX,1,404.54,TAX,1734350539,S11,20241216
S11/20241216/00019,10,TENDER,1,4911.42,TENDER,1734350539,S11,20241216
S11/20241216/00020,1,P108275,2,504.53,SALE,1734354861,S11,20241216
S11/20241216/00020,2,P101225,2,452.38,SALE,1734354861,S11,20241216
S11/20241216/00020,3,P107215,2,153.85,SALE,1734354861,S11,20241216
S11/20241216/00020,4,P101272,2,96.70,SALE,1734354861,S11,20241216
S11/20241216/00020,5,P105337,5,35.20,SALE,1734354861,S11,20241216
S11/20241216/00020,6,P102193,2,343.13,SALE,1734354861,S11,20241216
S11/20241216/00020,7,P106024,2,472.89,SALE,1734354861,S11,20241216
S11/20241216/00020,8,P102397,1,355.28,SALE,1734354861,S11,20241216
S11/20241216/00020,9,P106300,1,425.27,SALE,1734354861,S11,20241216
S11/20241216/00020,10,TAX,1,733.03,TAX,1734354861,S11,20241216
S11/20241216/00020,11,TENDER,1,5736.54,TENDER,1734354861,S11,20241216
S11/20241216/00021,1,P101813,2,273.64,SALE,1734334495,S11,20241216
S11/20241216/00021,2,P101690,1,1044.81,SALE,1734334495,S11,20241216
S11/20241216/00021,3,P105656,1,516.52,SALE,1734334495,S11,20241216
S11/20241216/00021,4,P102175,1,191.56,SALE,1734334495,S11,20241216
S11/20241216/00021,5,P106997,1,42.42,SALE,1734334495,S11,20241216
S11/20241216/00021,6,P100974,5,41.35,SALE,1734334495,S11,20241216
S11/20241216/00021,7,P102569,1,116.37,SALE,1734334495,S11,20241216
S11/20241216/00021,8,TAX,1,81.63,TAX,1734334495,S11,20241216
S11/20241216/00021,9,TENDER,1,2747.34,TENDER,1734334495,S11,20241216
S11/20241216/00022,1,P100677,1,256.17,SALE,1734373689,S11,20241216
S11/20241216/00022,2,P105594,2,321.63,SALE,1734373689,S11,20241216
S11/20241216/00022,3,P106659,3,106.86,SALE,1734373689,S11,20241216
S11/20241216/00022,4,TAX,1,161.77,TAX,1734373689,S11,20241216
S11/20241216/00022,5,TENDER,1,1381.78,TENDER,1734373689,S11,20241216
S11/20241216/00023,1,P104765,2,401.36,SALE,1734355500,S11,20241216
S11/20241216/00023,2,P104401,3,207.51,SALE,1734355500,S11,20241216
S11/20241216/00023,3,P106115,1,128.36,SALE,1734355500,S11,20241216
S11/20241216/00023,4,P104725,1,551.38,SALE,1734355500,S11,20241216
S11/20241216/00023,5,P106942,2,206.70,SALE,1734355500,S11,20241216
S11/20241216/00023,6,TAX,1,314.05,TAX,1734355500,S11,20241216
S11/20241216/00023,7,TENDER,1,2832.44,TENDER,1734355500,S11,20241216
S11/20241216/00024,1,P101156,2,95.07,SALE,1734354120,S11,20241216
S11/20241216/00024,2,P103171,3,68.42,SALE,1734354120,S11,20241216
S11/20241216/00024,3,P100281,2,485.13,SALE,1734354120,S11,20241216
S11/20241216/00024,4,P101740,1,855.00,SALE,1734354120,S11,20241216
S11/20241216/00024,5,TAX,1,68.28,TAX,1734354120,S11,20241216
S11/20241216/00024,6,TENDER,1,2288.94,TENDER,1734354120,S11,20241216
S11/20241217/00001,1,P107925,1,992.11,SALE,1734443638,S11,20241217
S11/20241217/00001,2,P106669,3,102.72,SALE,1734443638,S11,20241217
S11/20241217/00001,3,P104526,1,363.05,SALE,1734443638,S11,20241217
S11/20241217/00001,4,P103855,1,322.11,SALE,1734443638,S11,20241217
S11/20241217/00001,5,P102263,1,116.79,SALE,1734443638,S11,20241217
S11/20241217/00001,6,TAX,1,155.16,TAX,1734443638,S11,20241217
S11/20241217/00001,7,TENDER,1,2257.38,TENDER,1734443638,S11,20241217
S11/20241217/00002,1,P105413,2,168.78,SALE,1734456225,S11,20241217
S11/20241217/00002,2,P106452,3,31.15,SALE,1734456225,S11,20241217
S11/20241217/00002,3,P106162,2,534.57,SALE,1734456225,S11,20241217
S11/20241217/00002,4,P102122,3,138.84,SALE,1734456225,S11,20241217
S11/20241217/00002,5,TAX,1,120.15,TAX,1734456225,S11,20241217
S11/20241217/00002,6,TENDER,1,2036.82,TENDER,1734456225,S11,20241217
S11/20241217/00003,1,P101359,1,49.69,SALE,1734429097,S11,20241217
S11/20241217/00003,2,P101489,2,555.59,SALE,1734429097,S11,20241217
S11/20241217/00003,3,P100049,2,68.93,SALE,1734429097,S11,20241217
S11/20241217/00003,4,P102531,2,160.54,SALE,1734429097,S11,20241217
S11/20241217/00003,5,P108227,3,551.58,SALE,1734429097,S11,20241217
S11/20241217/00003,6,P100761,2,51.26,SALE,1734429097,S11,20241217
S11/20241217/00003,7,P104257,3,42.95,SALE,1734429097,S11,20241217
S11/20241217/00003,8,P108144,2,253.94,SALE,1734429097,S11,20241217
S11/20241217/00003,9,TAX,1,144.80,TAX,1734429097,S11,20241217
S11/20241217/00003,10,TENDER,1,4158.60,TENDER,1734429097,S11,20241217
S11/20241217/00004,1,P105468,3,1100.43,SALE,1734451059,S11,20241217
S11/20241217/00004,2,P102566,3,414.37,SALE,1734451059,S11,20241217
S11/20241217/00004,3,P101592,2,295.58,SALE,1734451059,S11,20241217
S11/20241217/00004,4,P102801,1,108.87,SALE,1734451059,S11,20241217
S11/20241217/00004,5,P106048,2,310.59,SALE,1734451059,S11,20241217
S11/20241217/00004,6,P103994,2,148.39,SALE,1734451059,S11,20241217
S11/20241217/00004,7,DISC,1,-305.41,DISCOUNT,1734451059,S11,20241217
S11/20241217/00004,8,TAX,1,406.57,TAX,1734451059,S11,20241217
S11/20241217/00004,9,TENDER,1,6263.55,TENDER,1734451059,S11,20241217
S11/20241217/00005,1,P101298,1,224.87,SALE,1734447342,S11,20241217
S11/20241217/00005,2,DISC,1,-20.51,DISCOUNT,1734447342,S11,20241217
S11/20241217/00005,3,TAX,1,24.52,TAX,1734447342,S11,20241217
S11/20241217/00005,4,TENDER,1,228.88,TENDER,1734447342,S11,20241217
S11/20241217/00006,1,P107733,1,56.44,SALE,1734441074,S11,20241217
S11/20241217/00006,2,P104986,2,221.68,SALE,1734441074,S11,20241217
S11/20241217/00006,3,P106751,2,134.60,SALE,1734441074,S11,20241217
S11/20241217/00006,4,P101982,2,428.91,SALE,1734441074,S11,20241217
S11/20241217/00006,5,P103473,2,428.66,SALE,1734441074,S11,20241217
S11/20241217/00006,6,P108275,4,504.53,SALE,1734441074,S11,20241217
S11/20241217/00006,7,P106300,2,425.27,SALE,1734441074,S11,20241217
S11/20241217/00006,8,TAX,1,818.70,TAX,1734441074,S11,20241217
S11/20241217/00006,9,TENDER,1,6171.50,TENDER,1734441074,S11,20241217
S11/20241217/00007,1,P100511,1,442.66,SALE,1734445917,S11,20241217
S11/20241217/00007,2,P108067,1,640.50,SALE,1734445917,S11,20241217
S11/20241217/00007,3,P107589,2,257.75,SALE,1734445917,S11,20241217
S11/20241217/00007,4,P100221,1,139.88,SALE,1734445917,S11,20241217
S11/20241217/00007,5,P104676,1,87.52,SALE,1734445917,S11,20241217
S11/20241217/00007,6,P106191,2,1230.97,SALE,1734445917,S11,20241217
S11/20241217/00007,7,P100511,-1,442.66,VOID,1734445917,S11,20241217
S11/20241217/00007,8,P108067,-1,640.50,VOID,1734445917,S11,20241217
S11/20241217/00007,9,P107589,-2,257.75,VOID,1734445917,S11,20241217
S11/20241217/00007,10,P100221,-1,139.88,VOID,1734445917,S11,20241217
S11/20241217/00007,11,P104676,-1,87.52,VOID,1734445917,S11,20241217
S11/20241217/00007,12,P106191,-2,1230.97,VOID,1734445917,S11,20241217
S11/20241217/00007,13,TAX,1,0.00,TAX,1734445917,S11,20241217
S11/20241217/00007,14,TENDER,1,0.00,TENDER,1734445917,S11,20241217
S11/20241217/00008,1,P104302,3,1255.97,SALE,1734448093,S11,20241217
S11/20241217/00008,2,P103214,1,283.38,SALE,1734448093,S11,20241217
S11/20241217/00008,3,P102833,2,680.71,SALE,1734448093,S11,20241217
S11/20241217/00008,4,P100810,1,200.65,SALE,1734448093,S11,20241217
S11/20241217/00008,5,DISC,1,-314.71,DISCOUNT,1734448093,S11,20241217
S11/20241217/00008,6,TAX,1,513.90,TAX,1734448093,S11,20241217
S11/20241217/00008,7,TENDER,1,5812.55,TENDER,1734448093,S11,20241217
S11/20241217/00009,1,P103202,1,295.26,SALE,1734443367,S11,20241217
S11/20241217/00009,2,P100210,1,1073.90,SALE,1734443367,S11,20241217
S11/20241217/00009,3,P106344,2,801.30,SALE,1734443367,S11,20241217
S11/20241217/00009,4,P102849,3,682.39,SALE,1734443367,S11,20241217
S11/20241217/00009,5,TAX,1,409.96,TAX,1734443367,S11,20241217
S11/20241217/00009,6,TENDER,1,5428.89,TENDER,1734443367,S11,20241217
S11/20241217/00010,1,P107242,1,635.24,SALE,1734433830,S11,20241217
S11/20241217/00010,2,P102975,1,234.92,SALE,1734433830,S11,20241217
S11/20241217/00010,3,P105450,3,252.15,SALE,1734433830,S11,20241217
S11/20241217/00010,4,TAX,1,74.05,TAX,1734433830,S11,20241217
S11/20241217/00010,5,TENDER,1,1700.66,TENDER,1734433830,S11,20241217
S11/20241217/00011,1,P105106,2,104.56,SALE,1734478305,S11,20241217
S11/20241217/00011,2,P102714,1,86.80,SALE,1734478305,S11,20241217
S11/20241217/00011,3,P103542,1,398.89,SALE,1734478305,S11,20241217
S11/20241217/00011,4,P106443,3,52.87,SALE,1734478305,S11,20241217
S11/20241217/00011,5,P107784,2,245.59,SALE,1734478305,S11,20241217
S11/20241217/00011,6,P104708,3,487.33,SALE,1734478305,S11,20241217
S11/20241217/00011,7,TAX,1,235.90,TAX,1734478305,S11,20241217
S11/20241217/00011,8,TENDER,1,3042.49,TENDER,1734478305,S11,20241217
S11/20241217/00012,1,P101839,2,402.65,SALE,1734463263,S11,20241217
S11/20241217/00012,2,P100959,1,320.67,SALE,1734463263,S11,20241217
S11/20241217/00012,3,P107149,1,145.83,SALE,1734463263,S11,20241217
S11/20241217/00012,4,P102160,3,221.62,SALE,1734463263,S11,20241217
S11/20241217/00012,5,TAX,1,260.39,TAX,1734463263,S11,20241217
S11/20241217/00012,6,TENDER,1,2197.05,TENDER,1734463263,S11,20241217
S11/20241217/00013,1,P106353,2,267.43,SALE,1734450832,S11,20241217
S11/20241217/00013,2,P102945,2,43.42,SALE,1734450832,S11,20241217
S11/20241217/00013,3,P108026,2,103.54,SALE,1734450832,S11,20241217
S11/20241217/00013,4,P104112,5,52.93,SALE,1734450832,S11,20241217
S11/20241217/00013,5,P100367,1,537.90,SALE,1734450832,S11,20241217
S11/20241217/00013,6,P105280,1,220.35,SALE,1734450832,S11,20241217
S11/20241217/00013,7,P105908,1,698.64,SALE,1734450832,S11,20241217
S11/20241217/00013,8,TAX,1,305.18,TAX,1734450832,S11,20241217
S11/20241217/00013,9,TENDER,1,2855.50,TENDER,1734450832,S11,20241217
S11/20241217/00014,1,P100095,3,100.57,SALE,1734450939,S11,20241217
S11/20241217/00014,2,P103222,4,427.41,SALE,1734450939,S11,20241217
S11/20241217/00014,3,P106399,2,198.14,SALE,1734450939,S11,20241217
S11/20241217/00014,4,P103081,4,480.46,SALE,1734450939,S11,20241217
S11/20241217/00014,5,P100131,1,667.83,SALE,1734450939,S11,20241217
S11/20241217/00014,6,TAX,1,666.13,TAX,1734450939,S11,20241217
S11/20241217/00014,7,TENDER,1,5663.43,TENDER,1734450939,S11,20241217
S11/20241217/00015,1,P101747,2,245.75,SALE,1734424453,S11,20241217
S11/20241217/00015,2,P104891,2,757.22,SALE,1734424453,S11,20241217
S11/20241217/00015,3,P100007,2,155.06,SALE,1734424453,S11,20241217
S11/20241217/00015,4,TAX,1,262.13,TAX,1734424453,S11,20241217
S11/20241217/00015,5,TENDER,1,2578.19,TENDER,1734424453,S11,20241217
S11/20241217/00016,1,P106234,2,79.42,SALE,1734470484,S11,20241217
S11/20241217/00016,2,P100549,3,320.43,SALE,1734470484,S11,20241217
S11/20241217/00016,3,P105980,2,288.70,SALE,1734470484,S11,20241217
S11/20241217/00016,4,P102761,5,170.84,SALE,1734470484,S11,20241217
S11/20241217/00016,5,TAX,1,203.70,TAX,1734470484,S11,20241217
S11/20241217/00016,6,TENDER,1,2755.43,TENDER,1734470484,S11,20241217
S11/20241217/00017,1,P103538,5,265.96,SALE,1734450420,S11,20241217
S11/20241217/00017,2,P105356,4,232.26,SALE,1734450420,S11,20241217
S11/20241217/00017,3,P107973,5,271.93,SALE,1734450420,S11,20241217
S11/20241217/00017,4,P105198,2,15.39,SALE,1734450420,S11,20241217
S11/20241217/00017,5,P105633,2,49.03,SALE,1734450420,S11,20241217
S11/20241217/00017,6,TAX,1,189.52,TAX,1734450420,S11,20241217
S11/20241217/00017,7,TENDER,1,3936.85,TENDER,1734450420,S11,20241217
S11/20241217/00018,1,P101564,3,172.72,SALE,1734446572,S11,20241217
S11/20241217/00018,2,P100754,1,91.60,SALE,1734446572,S11,20241217
S11/20241217/00018,3,P106024,2,472.89,SALE,1734446572,S11,20241217
S11/20241217/00018,4,P102598,1,133.17,SALE,1734446572,S11,20241217
S11/20241217/00018,5,P106669,1,102.72,SALE,1734446572,S11,20241217
S11/20241217/00018,6,TAX,1,273.23,TAX,1734446572,S11,20241217
S11/20241217/00018,7,TENDER,1,2064.66,TENDER,1734446572,S11,20241217
S11/20241217/00019,1,P107639,1,128.49,SALE,1734429741,S11,20241217
S11/20241217/00019,2,P105541,1,189.75,SALE,1734429741,S11,20241217
S11/20241217/00019,3,P105260,4,72.61,SALE,1734429741,S11,20241217
S11/20241217/00019,4,P107226,2,88.38,SALE,1734429741,S11,20241217
S11/20241217/00019,5,P106443,4,52.87,SALE,1734429741,S11,20241217
S11/20241217/00019,6,P108110,1,16.57,SALE,1734429741,S11,20241217
S11/20241217/00019,7,P107568,3,140.27,SALE,1734429741,S11,20241217
S11/20241217/00019,8,P100380,1,136.58,SALE,1734429741,S11,20241217
S11/20241217/00019,9,TAX,1,167.23,TAX,1734429741,S11,20241217
S11/20241217/00019,10,TENDER,1,1738.11,TENDER,1734429741,S11,20241217
S11/20241217/00020,1,P104867,3,190.50,SALE,1734452580,S11,20241217
S11/20241217/00020,2,P100233,2,67.07,SALE,1734452580,S11,20241217
S11/20241217/00020,3,P100112,2,95.15,SALE,1734452580,S11,20241217
S11/20241217/00020,4,P104670,1,108.77,SALE,1734452580,S11,20241217
S11/20241217/00020,5,P101899,2,326.35,SALE,1734452580,S11,20241217
S11/20241217/00020,6,P100677,1,256.17,SALE,1734452580,S11,20241217
S11/20241217/00020,7,TAX,1,252.71,TAX,1734452580,S11,20241217
S11/20241217/00020,8,TENDER,1,2166.29,TENDER,1734452580,S11,20241217
S11/20241217/00021,1,P104637,4,353.99,SALE,1734440206,S11,20241217
S11/20241217/00021,2,P102982,2,255.95,SALE,1734440206,S11,20241217
S11/20241217/00021,3,P101311,1,481.74,SALE,1734440206,S11,20241217
S11/20241217/00021,4,P104980,4,92.75,SALE,1734440206,S11,20241217
S11/20241217/00021,5,P107145,1,235.69,SALE,1734440206,S11,20241217
S11/20241217/00021,6,P105784,1,116.81,SALE,1734440206,S11,20241217
S11/20241217/00021,7,TAX,1,332.98,TAX,1734440206,S11,20241217
S11/20241217/00021,8,TENDER,1,3466.08,TENDER,1734440206,S11,20241217
S11/20241217/00022,1,P101674,2,387.70,SALE,1734463324,S11,20241217
S11/20241217/00022,2,P105965,6,66.08,SALE,1734463324,S11,20241217
S11/20241217/00022,3,P107231,2,1193.22,SALE,1734463324,S11,20241217
S11/20241217/00022,4,P106391,3,795.61,SALE,1734463324,S11,20241217
S11/20241217/00022,5,P107966,4,391.71,SALE,1734463324,S11,20241217
S11/20241217/00022,6,TAX,1,278.74,TAX,1734463324,S11,20241217
S11/20241217/00022,7,TENDER,1,7790.73,TENDER,1734463324,S11,20241217
S11/20241217/00023,1,P101894,4,668.48,SALE,1734423426,S11,20241217
S11/20241217/00023,2,P105294,1,143.55,SALE,1734423426,S11,20241217
S11/20241217/00023,3,P102404,3,370.32,SALE,1734423426,S11,20241217
S11/20241217/00023,4,P102738,1,236.55,SALE,1734423426,S11,20241217
S11/20241217/00023,5,P107432,1,45.60,SALE,1734423426,S11,20241217
S11/20241217/00023,6,TAX,1,377.38,TAX,1734423426,S11,20241217
S11/20241217/00023,7,TENDER,1,4587.96,TENDER,1734423426,S11,20241217
S11/20241218/00001,1,P100810,3,200.65,SALE,1734529413,S11,20241218
S11/20241218/00001,2,P103111,1,40.41,SALE,1734529413,S11,20241218
S11/20241218/00001,3,P101599,2,417.76,SALE,1734529413,S11,20241218
S11/20241218/00001,4,P105695,1,158.81,SALE,1734529413,S11,20241218
S11/20241218/00001,5,TAX,1,190.45,TAX,1734529413,S11,20241218
S11/20241218/00001,6,TENDER,1,1827.14,TENDER,1734529413,S11,20241218
S11/20241218/00002,1,P100135,2,72.29,SALE,1734536679,S11,20241218
S11/20241218/00002,2,P103822,1,594.96,SALE,1734536679,S11,20241218
S11/20241218/00002,3,P105062,1,14.84,SALE,1734536679,S11,20241218
S11/20241218/00002,4,TAX,1,116.99,TAX,1734536679,S11,20241218
S11/20241218/00002,5,TENDER,1,871.37,TENDER,1734536679,S11,20241218
S11/20241218/00003,1,P100221,3,139.88,SALE,1734521668,S11,20241218
S11/20241218/00003,2,P102243,1,145.61,SALE,1734521668,S11,20241218
S11/20241218/00003,3,P100224,3,79.22,SALE,1734521668,S11,20241218
S11/20241218/00003,4,P101722,2,1460.17,SALE,1734521668,S11,20241218
S11/20241218/00003,5,P102142,2,93.89,SALE,1734521668,S11,20241218
S11/20241218/00003,6,TAX,1,224.93,TAX,1734521668,S11,20241218
S11/20241218/00003,7,TENDER,1,4135.96,TENDER,1734521668,S11,20241218
S11/20241218/00004,1,P102849,2,682.39,SALE,1734547868,S11,20241218
S11/20241218/00004,2,P104916,1,340.18,SALE,1734547868,S11,20241218
S11/20241218/00004,3,P103766,1,212.45,SALE,1734547868,S11,20241218
S11/20241218/00004,4,P104123,2,432.72,SALE,1734547868,S11,20241218
S11/20241218/00004,5,TAX,1,339.48,TAX,1734547868,S11,20241218
S11/20241218/00004,6,TENDER,1,3122.33,TENDER,1734547868,S11,20241218
S11/20241218/00005,1,P106004,1,137.38,SALE,1734538202,S11,20241218
S11/20241218/00005,2,P104042,2,365.03,SALE,1734538202,S11,20241218
S11/20241218/00005,3,P105127,2,77.13,SALE,1734538202,S11,20241218
S11/20241218/00005,4,P105139,1,119.64,SALE,1734538202,S11,20241218
S11/20241218/00005,5,P102452,1,176.54,SALE,1734538202,S11,20241218
S11/20241218/00005,6,TAX,1,125.37,TAX,1734538202,S11,20241218
S11/20241218/00005,7,TENDER,1,1443.25,TENDER,1734538202,S11,20241218
S11/20241218/00006,1,P108275,3,504.53,SALE,1734549811,S11,20241218
S11/20241218/00006,2,P104439,2,123.98,SALE,1734549811,S11,20241218
S11/20241218/00006,3,P106270,3,308.83,SALE,1734549811,S11,20241218
S11/20241218/00006,4,TAX,1,317.08,TAX,1734549811,S11,20241218
S11/20241218/00006,5,TENDER,1,3005.12,TENDER,1734549811,S11,20241218
S11/20241218/00007,1,P106802,4,739.16,SALE,1734546970,S11,20241218
S11/20241218/00007,2,DISC,1,-121.60,DISCOUNT,1734546970,S11,20241218
S11/20241218/00007,3,TAX,1,141.75,TAX,1734546970,S11,20241218
S11/20241218/00007,4,TENDER,1,2976.79,TENDER,1734546970,S11,20241218
S11/20241218/00008,1,P101356,1,1264.05,SALE,1734537134,S11,20241218
S11/20241218/00008,2,P105479,2,253.92,SALE,1734537134,S11,20241218
S11/20241218/00008,3,P103035,1,1333.74,SALE,1734537134,S11,20241218
S11/20241218/00008,4,P100387,2,116.37,SALE,1734537134,S11,20241218
S11/20241218/00008,5,P101766,2,220.67,SALE,1734537134,S11,20241218
S11/20241218/00008,6,TAX,1,255.43,TAX,1734537134,S11,20241218
S11/20241218/00008,7,TENDER,1,4035.14,TENDER,1734537134,S11,20241218
S11/20241218/00009,1,P106454,1,127.35,SALE,1734552106,S11,20241218
S11/20241218/00009,2,P106955,3,204.37,SALE,1734552106,S11,20241218
S11/20241218/00009,3,P101421,1,119.60,SALE,1734552106,S11,20241218
S11/20241218/00009,4,P104820,2,207.26,SALE,1734552106,S11,20241218
S11/20241218/00009,5,P105139,1,119.64,SALE,1734552106,S11,20241218
S11/20241218/00009,6,TAX,1,147.52,TAX,1734552106,S11,20241218
S11/20241218/00009,7,TENDER,1,1541.74,TENDER,1734552106,S11,20241218
S11/20241218/00010,1,P102616,1,82.31,SALE,1734548364,S11,20241218
S11/20241218/00010,2,P102217,1,68.46,SALE,1734548364,S11,20241218
S11/20241218/00010,3,P105246,2,840.69,SALE,1734548364,S11,20241218
S11/20241218/00010,4,P105624,2,380.06,SALE,1734548364,S11,20241218
S11/20241218/00010,5,P106989,2,26.75,SALE,1734548364,S11,20241218
S11/20241218/00010,6,TAX,1,146.52,TAX,1734548364,S11,20241218
S11/20241218/00010,7,TENDER,1,2792.29,TENDER,1734548364,S11,20241218
S11/20241218/00011,1,P102494,2,14.54,SALE,1734545235,S11,20241218
S11/20241218/00011,2,P105570,4,345.21,SALE,1734545235,S11,20241218
S11/20241218/00011,3,P101751,3,477.38,SALE,1734545235,S11,20241218
S11/20241218/00011,4,P101789,3,391.48,SALE,1734545235,S11,20241218
S11/20241218/00011,5,TAX,1,390.78,TAX,1734545235,S11,20241218
S11/20241218/00011,6,TENDER,1,4407.28,TENDER,1734545235,S11,20241218
S11/20241218/00012,1,P100736,1,700.87,SALE,1734550193,S11,20241218
S11/20241218/00012,2,P105450,4,252.15,SALE,1734550193,S11,20241218
S11/20241218/00012,3,P106989,2,26.75,SALE,1734550193,S11,20241218
S11/20241218/00012,4,P104058,2,351.54,SALE,1734550193,S11,20241218
S11/20241218/00012,5,TAX,1,220.29,TAX,1734550193,S11,20241218
S11/20241218/00012,6,TENDER,1,2686.34,TENDER,1734550193,S11,20241218
S11/20241218/00013,1,P100879,1,159.99,SALE,1734541640,S11,20241218
S11/20241218/00013,2,P105988,3,29.57,SALE,1734541640,S11,20241218
S11/20241218/00013,3,P107662,3,330.01,SALE,1734541640,S11,20241218
S11/20241218/00013,4,TAX,1,182.64,TAX,1734541640,S11,20241218
S11/20241218/00013,5,TENDER,1,1421.37,TENDER,1734541640,S11,20241218
S11/20241218/00014,1,P100686,2,800.21,SALE,1734529297,S11,20241218
S11/20241218/00014,2,P102616,2,82.31,SALE,1734529297,S11,20241218
S11/20241218/00014,3,P105050,1,109.65,SALE,1734529297,S11,20241218
S11/20241218/00014,4,TAX,1,35.11,TAX,1734529297,S11,20241218
S11/20241218/00014,5,TENDER,1,1909.80,TENDER,1734529297,S11,20241218
S11/20241218/00015,1,P105092,2,57.00,SALE,1734520821,S11,20241218
S11/20241218/00015,2,P101585,1,10.45,SALE,1734520821,S11,20241218
S11/20241218/00015,3,P102755,3,75.17,SALE,1734520821,S11,20241218
S11/20241218/00015,4,P100354,2,182.63,SALE,1734520821,S11,20241218
S11/20241218/00015,5,TAX,1,77.51,TAX,1734520821,S11,20241218
S11/20241218/00015,6,TENDER,1,792.73,TENDER,1734520821,S11,20241218
S11/20241218/00016,1,P101968,2,12.46,SALE,1734534554,S11,20241218
S11/20241218/00016,2,P104026,4,152.97,SALE,1734534554,S11,20241218
S11/20241218/00016,3,P101374,1,55.98,SALE,1734534554,S11,20241218
S11/20241218/00016,4,TAX,1,45.16,TAX,1734534554,S11,20241218
S11/20241218/00016,5,TENDER,1,737.94,TENDER,1734534554,S11,20241218
S11/20241218/00017,1,P107089,2,208.86,SALE,1734532825,S11,20241218
S11/20241218/00017,2,P104328,1,64.22,SALE,1734532825,S11,20241218
S11/20241218/00017,3,P100582,1,170.67,SALE,1734532825,S11,20241218
S11/20241218/00017,4,P107775,4,737.39,SALE,1734532825,S11,20241218
S11/20241218/00017,5,TAX,1,202.30,TAX,1734532825,S11,20241218
S11/20241218/00017,6,TENDER,1,3804.47,TENDER,1734532825,S11,20241218
S11/20241218/00018,1,P102296,1,48.88,SALE,1734538769,S11,20241218
S11/20241218/00018,2,P105713,2,345.36,SALE,1734538769,S11,20241218
S11/20241218/00018,3,P106911,3,232.77,SALE,1734538769,S11,20241218
S11/20241218/00018,4,P104628,2,196.55,SALE,1734538769,S11,20241218
S11/20241218/00018,5,TAX,1,114.09,TAX,1734538769,S11,20241218
S11/20241218/00018,6,TENDER,1,1945.10,TENDER,1734538769,S11,20241218
S11/20241218/00019,1,P100904,1,68.79,SALE,1734525497,S11,20241218
S11/20241218/00019,2,P102516,2,1272.67,SALE,1734525497,S11,20241218
S11/20241218/00019,3,P107743,3,197.87,SALE,1734525497,S11,20241218
S11/20241218/00019,4,TAX,1,210.88,TAX,1734525497,S11,20241218
S11/20241218/00019,5,TENDER,1,3418.62,TENDER,1734525497,S11,20241218
S11/20241218/00020,1,P101305,3,114.22,SALE,1734531391,S11,20241218
S11/20241218/00020,2,P107984,1,357.15,SALE,1734531391,S11,20241218
S11/20241218/00020,3,P107308,1,226.19,SALE,1734531391,S11,20241218
S11/20241218/00020,4,P105062,2,14.84,SALE,1734531391,S11,20241218
S11/20241218/00020,5,P103766,1,212.45,SALE,1734531391,S11,20241218
S11/20241218/00020,6,P105400,2,53.13,SALE,1734531391,S11,20241218
S11/20241218/00020,7,TAX,1,201.77,TAX,1734531391,S11,20241218
S11/20241218/00020,8,TENDER,1,1476.16,TENDER,1734531391,S11,20241218
S11/20241218/00021,1,P104956,3,141.84,SALE,1734539642,S11,20241218
S11/20241218/00021,2,P102404,1,370.32,SALE,1734539642,S11,20241218
S11/20241218/00021,3,P106865,3,299.72,SALE,1734539642,S11,20241218
S11/20241218/00021,4,TAX,1,238.44,TAX,1734539642,S11,20241218
S11/20241218/00021,5,TENDER,1,1933.44,TENDER,1734539642,S11,20241218
S11/20241218/00022,1,P101164,3,401.86,SALE,1734530813,S11,20241218
S11/20241218/00022,2,P104257,2,42.95,SALE,1734530813,S11,20241218
S11/20241218/00022,3,P102409,4,326.59,SALE,1734530813,S11,20241218
S11/20241218/00022,4,P100528,2,595.90,SALE,1734530813,S11,20241218
S11/20241218/00022,5,P107925,2,992.11,SALE,1734530813,S11,20241218
S11/20241218/00022,6,P101851,1,1750.29,SALE,1734530813,S11,20241218
S11/20241218/00022,7,TAX,1,555.66,TAX,1734530813,S11,20241218
S11/20241218/00022,8,TENDER,1,8079.81,TENDER,1734530813,S11,20241218
S11/20241218/00023,1,P103749,3,17.91,SALE,1734526979,S11,20241218
S11/20241218/00023,2,P108186,3,324.50,SALE,1734526979,S11,20241218
S11/20241218/00023,3,P102849,3,682.39,SALE,1734526979,S11,20241218
S11/20241218/00023,4,P102972,2,227.38,SALE,1734526979,S11,20241218
S11/20241218/00023,5,P102424,2,333.88,SALE,1734526979,S11,20241218
S11/20241218/00023,6,P102566,1,414.37,SALE,1734526979,S11,20241218
S11/20241218/00023,7,TAX,1,480.83,TAX,1734526979,S11,20241218
S11/20241218/00023,8,TENDER,1,5092.12,TENDER,1734526979,S11,20241218
S11/20241219/00001,1,P102636,2,113.15,SALE,1734612904,S11,20241219
S11/20241219/00001,2,P107301,2,945.94,SALE,1734612904,S11,20241219
S11/20241219/00001,3,P105672,1,69.48,SALE,1734612904,S11,20241219
S11/20241219/00001,4,P105323,2,84.67,SALE,1734612904,S11,20241219
S11/20241219/00001,5,P107733,2,56.44,SALE,1734612904,S11,20241219
S11/20241219/00001,6,TAX,1,25.43,TAX,1734612904,S11,20241219
S11/20241219/00001,7,TENDER,1,2495.31,TENDER,1734612904,S11,20241219
S11/20241219/00002,1,P100784,1,319.36,SALE,1734625745,S11,20241219
S11/20241219/00002,2,P102772,2,151.97,SALE,1734625745,S11,20241219
S11/20241219/00002,3,P103118,5,47.89,SALE,1734625745,S11,20241219
S11/20241219/00002,4,P106464,4,277.18,SALE,1734625745,S11,20241219
S11/20241219/00002,5,P103629,3,60.58,SALE,1734625745,S11,20241219
S11/20241219/00002,6,P103668,3,1530.18,SALE,1734625745,S11,20241219
S11/20241219/00002,7,TAX,1,460.78,TAX,1734625745,S11,20241219
S11/20241219/00002,8,TENDER,1,7204.53,TENDER,1734625745,S11,20241219
S11/20241219/00003,1,P102833,3,680.71,SALE,1734610886,S11,20241219
S11/20241219/00003,2,P107733,1,56.44,SALE,1734610886,S11,20241219
S11/20241219/00003,3,P102445,2,31.53,SALE,1734610886,S11,20241219
S11/20241219/00003,4,P102081,2,164.15,SALE,1734610886,S11,20241219
S11/20241219/00003,5,P107495,1,448.19,SALE,1734610886,S11,20241219
S11/20241219/00003,6,P102845,2,261.08,SALE,1734610886,S11,20241219
S11/20241219/00003,7,TAX,1,255.26,TAX,1734610886,S11,20241219
S11/20241219/00003,8,TENDER,1,3715.54,TENDER,1734610886,S11,20241219
S11/20241219/00004,1,P101440,2,253.26,SALE,1734632456,S11,20241219
S11/20241219/00004,2,P102993,1,318.19,SALE,1734632456,S11,20241219
S11/20241219/00004,3,P103620,3,474.03,SALE,1734632456,S11,20241219
S11/20241219/00004,4,P102593,1,92.93,SALE,1734632456,S11,20241219
S11/20241219/00004,5,P105307,4,818.25,SALE,1734632456,S11,20241219
S11/20241219/00004,6,TAX,1,196.29,TAX,1734632456,S11,20241219
S11/20241219/00004,7,TENDER,1,5809.02,TENDER,1734632456,S11,20241219
S11/20241219/00005,1,P103517,2,177.49,SALE,1734620826,S11,20241219
S11/20241219/00005,2,P101697,1,102.34,SALE,1734620826,S11,20241219
S11/20241219/00005,3,P100956,2,421.98,SALE,1734620826,S11,20241219
S11/20241219/00005,4,P100682,2,337.76,SALE,1734620826,S11,20241219
S11/20241219/00005,5,TAX,1,123.26,TAX,1734620826,S11,20241219
S11/20241219/00005,6,TENDER,1,2100.06,TENDER,1734620826,S11,20241219
S11/20241219/00006,1,P101990,2,408.52,SALE,1734614563,S11,20241219
S11/20241219/00006,2,P104891,3,757.22,SALE,1734614563,S11,20241219
S11/20241219/00006,3,P104533,2,313.53,SALE,1734614563,S11,20241219
S11/20241219/00006,4,P104802,2,213.28,SALE,1734614563,S11,20241219
S11/20241219/00006,5,P105450,1,252.15,SALE,1734614563,S11,20241219
S11/20241219/00006,6,P106718,1,525.27,SALE,1734614563,S11,20241219
S11/20241219/00006,7,P100494,2,67.32,SALE,1734614563,S11,20241219
S11/20241219/00006,8,P102954,1,129.98,SALE,1734614563,S11,20241219
S11/20241219/00006,9,TAX,1,613.16,TAX,1734614563,S11,20241219
S11/20241219/00006,10,TENDER,1,5797.52,TENDER,1734614563,S11,20241219
S11/20241219/00007,1,P104064,3,326.15,SALE,1734634778,S11,20241219
S11/20241219/00007,2,P102788,1,920.26,SALE,1734634778,S11,20241219
S11/20241219/00007,3,P103822,2,547.36,SALE,1734634778,S11,20241219
S11/20241219/00007,4,P106357,1,1078.45,SALE,1734634778,S11,20241219
S11/20241219/00007,5,P104351,2,1128.29,SALE,1734634778,S11,20241219
S11/20241219/00007,6,TAX,1,602.72,TAX,1734634778,S11,20241219
S11/20241219/00007,7,TENDER,1,6931.18,TENDER,1734634778,S11,20241219
S11/20241219/00008,1,P104512,3,94.53,SALE,1734598179,S11,20241219
S11/20241219/00008,2,P104789,1,67.52,SALE,1734598179,S11,20241219
S11/20241219/00008,3,P101599,1,417.76,SALE,1734598179,S11,20241219
S11/20241219/00008,4,P102714,3,86.80,SALE,1734598179,S11,20241219
S11/20241219/00008,5,P106207,2,564.89,SALE,1734598179,S11,20241219
S11/20241219/00008,6,P107681,1,193.13,SALE,1734598179,S11,20241219
S11/20241219/00008,7,TAX,1,358.75,TAX,1734598179,S11,20241219
S11/20241219/00008,8,TENDER,1,2710.93,TENDER,1734598179,S11,20241219
S11/20241219/00009,1,P104831,3,1516.75,SALE,1734639656,S11,20241219
S11/20241219/00009,2,P106528,2,832.82,SALE,1734639656,S11,20241219
S11/20241219/00009,3,P104558,1,440.08,SALE,1734639656,S11,20241219
S11/20241219/00009,4,TAX,1,798.72,TAX,1734639656,S11,20241219
S11/20241219/00009,5,TENDER,1,7454.69,TENDER,1734639656,S11,20241219
S11/20241219/00010,1,P100131,1,667.83,SALE,1734615048,S11,20241219
S11/20241219/00010,2,P101106,2,543.49,SALE,1734615048,S11,20241219
S11/20241219/00010,3,P100921,3,441.43,SALE,1734615048,S11,20241219
S11/20241219/00010,4,P107266,1,71.89,SALE,1734615048,S11,20241219
S11/20241219/00010,5,P105860,2,674.13,SALE,1734615048,S11,20241219
S11/20241219/00010,6,DISC,1,-438.38,DISCOUNT,1734615048,S11,20241219
S11/20241219/00010,7,TAX,1,400.62,TAX,1734615048,S11,20241219
S11/20241219/00010,8,TENDER,1,4461.49,TENDER,1734615048,S11,20241219
S11/20241219/00011,1,P102364,3,104.57,SALE,1734621236,S11,20241219
S11/20241219/00011,2,P100330,1,188.77,SALE,1734621236,S11,20241219
S11/20241219/00011,3,P104219,2,249.74,SALE,1734621236,S11,20241219
S11/20241219/00011,4,P106158,1,507.58,SALE,1734621236,S11,20241219
S11/20241219/00011,5,P100305,1,771.81,SALE,1734621236,S11,20241219
S11/20241219/00011,6,P108379,2,300.71,SALE,1734621236,S11,20241219
S11/20241219/00011,7,P106207,2,564.89,SALE,1734621236,S11,20241219
S11/20241219/00011,8,TAX,1,426.75,TAX,1734621236,S11,20241219
S11/20241219/00011,9,TENDER,1,4439.30,TENDER,1734621236,S11,20241219
S11/20241219/00012,1,P103465,4,32.05,SALE,1734607301,S11,20241219
S11/20241219/00012,2,P107826,1,136.08,SALE,1734607301,S11,20241219
S11/20241219/00012,3,P102202,1,194.70,SALE,1734607301,S11,20241219
S11/20241219/00012,4,P102193,3,343.13,SALE,1734607301,S11,20241219
S11/20241219/00012,5,P100754,3,91.60,SALE,1734607301,S11,20241219
S11/20241219/00012,6,P102280,3,644.81,SALE,1734607301,S11,20241219
S11/20241219/00012,7,TAX,1,621.68,TAX,1734607301,S11,20241219
S11/20241219/00012,8,TENDER,1,4319.28,TENDER,1734607301,S11,20241219
S11/20241219/00013,1,P107292,3,372.98,SALE,1734630341,S11,20241219
S11/20241219/00013,2,P102305,1,111.72,SALE,1734630341,S11,20241219
S11/20241219/00013,3,P105106,1,104.56,SALE,1734630341,S11,20241219
S11/20241219/00013,4,TAX,1,166.50,TAX,1734630341,S11,20241219
S11/20241219/00013,5,TENDER,1,1501.72,TENDER,1734630341,S11,20241219
S11/20241219/00014,1,P102006,2,1553.68,SALE,1734618107,S11,20241219
S11/20241219/00014,2,P103389,1,239.67,SALE,1734618107,S11,20241219
S11/20241219/00014,3,P105547,3,431.77,SALE,1734618107,S11,20241219
S11/20241219/00014,4,TAX,1,198.58,TAX,1734618107,S11,20241219
S11/20241219/00014,5,TENDER,1,4840.92,TENDER,1734618107,S11,20241219
S11/20241219/00015,1,P102998,1,158.64,SALE,1734627910,S11,20241219
S11/20241219/00015,2,P107215,1,153.85,SALE,1734627910,S11,20241219
S11/20241219/00015,3,P102626,2,416.91,SALE,1734627910,S11,20241219
S11/20241219/00015,4,P105209,3,399.92,SALE,1734627910,S11,20241219
S11/20241219/00015,5,P105236,1,552.60,SALE,1734627910,S11,20241219
S11/20241219/00015,6,P100172,1,205.47,SALE,1734627910,S11,20241219
S11/20241219/00015,7,DISC,1,-103.73,DISCOUNT,1734627910,S11,20241219
S11/20241219/00015,8,TAX,1,424.93,TAX,1734627910,S11,20241219
S11/20241219/00015,9,TENDER,1,3425.34,TENDER,1734627910,S11,20241219
S11/20241219/00016,1,P106920,3,1398.34,SALE,1734619719,S11,20241219
S11/20241219/00016,2,P107110,3,77.73,SALE,1734619719,S11,20241219
S11/20241219/00016,3,P105589,3,85.74,SALE,1734619719,S11,20241219
S11/20241219/00016,4,P103171,2,68.42,SALE,1734619719,S11,20241219
S11/20241219/00016,5,P104688,2,178.09,SALE,1734619719,S11,20241219
S11/20241219/00016,6,P101876,3,68.16,SALE,1734619719,S11,20241219
S11/20241219/00016,7,TAX,1,123.15,TAX,1734619719,S11,20241219
S11/20241219/00016,8,TENDER,1,5506.08,TENDER,1734619719,S11,20241219
S11/20241220/00001,1,P100049,1,68.93,SALE,1734699346,S11,20241220
S11/20241220/00001,2,P102738,1,236.55,SALE,1734699346,S11,20241220
S11/20241220/00001,3,P107705,2,763.24,SALE,1734699346,S11,20241220
S11/20241220/00001,4,DISC,1,-66.51,DISCOUNT,1734699346,S11,20241220
S11/20241220/00001,5,TAX,1,215.84,TAX,1734699346,S11,20241220
S11/20241220/00001,6,TENDER,1,1981.29,TENDER,1734699346,S11,20241220
S11/20241220/00002,1,P107740,3,1366.88,SALE,1734710321,S11,20241220
S11/20241220/00002,2,P102755,2,75.17,SALE,1734710321,S11,20241220
S11/20241220/00002,3,TAX,1,499.59,TAX,1734710321,S11,20241220
S11/20241220/00002,4,TENDER,1,4750.57,TENDER,1734710321,S11,20241220
S11/20241220/00003,1,P100549,2,320.43,SALE,1734721534,S11,20241220
S11/20241220/00003,2,P103202,3,295.26,SALE,1734721534,S11,20241220
S11/20241220/00003,3,P103129,3,84.49,SALE,1734721534,S11,20241220
S11/20241220/00003,4,P105323,1,84.67,SALE,1734721534,S11,20241220
S11/20241220/00003,5,P108082,3,236.40,SALE,1734721534,S11,20241220
S11/20241220/00003,6,P100330,3,188.77,SALE,1734721534,S11,20241220
S11/20241220/00003,7,TAX,1,389.03,TAX,1734721534,S11,20241220
S11/20241220/00003,8,TENDER,1,3529.32,TENDER,1734721534,S11,20241220
S11/20241220/00004,1,P103542,3,398.89,SALE,1734711097,S11,20241220
S11/20241220/00004,2,P104334,3,294.34,SALE,1734711097,S11,20241220
S11/20241220/00004,3,P108292,2,104.02,SALE,1734711097,S11,20241220
S11/20241220/00004,4,P101740,2,855.00,SALE,1734711097,S11,20241220
S11/20241220/00004,5,TAX,1,187.75,TAX,1734711097,S11,20241220
S11/20241220/00004,6,TENDER,1,4185.48,TENDER,1734711097,S11,20241220
S11/20241220/00005,1,P106174,4,229.89,SALE,1734704383,S11,20241220
S11/20241220/00005,2,P101305,3,114.22,SALE,1734704383,S11,20241220
S11/20241220/00005,3,P107721,5,92.25,SALE,1734704383,S11,20241220
S11/20241220/00005,4,P100394,2,320.36,SALE,1734704383,S11,20241220
S11/20241220/00005,5,P105356,1,232.26,SALE,1734704383,S11,20241220
S11/20241220/00005,6,TAX,1,150.18,TAX,1734704383,S11,20241220
S11/20241220/00005,7,TENDER,1,2746.63,TENDER,1734704383,S11,20241220
S11/20241220/00006,1,P101613,2,125.30,SALE,1734715711,S11,20241220
S11/20241220/00006,2,P100106,1,318.86,SALE,1734715711,S11,20241220
S11/20241220/00006,3,P100543,3,123.06,SALE,1734715711,S11,20241220
S11/20241220/00006,4,P106671,1,90.38,SALE,1734715711,S11,20241220
S11/20241220/00006,5,P105180,3,102.63,SALE,1734715711,S11,20241220
S11/20241220/00006,6,P100330,1,188.77,SALE,1734715711,S11,20241220
S11/20241220/00006,7,P108338,2,218.68,SALE,1734715711,S11,20241220
S11/20241220/00006,8,P103682,3,372.67,SALE,1734715711,S11,20241220
S11/20241220/00006,9,DISC,1,-359.07,DISCOUNT,1734715711,S11,20241220
S11/20241220/00006,10,TAX,1,399.19,TAX,1734715711,S11,20241220
S11/20241220/00006,11,TENDER,1,3121.17,TENDER,1734715711,S11,20241220
S11/20241220/00007,1,P101444,1,838.86,SALE,1734705484,S11,20241220
S11/20241220/00007,2,P105684,2,1114.27,SALE,1734705484,S11,20241220
S11/20241220/00007,3,P100339,2,299.99,SALE,1734705484,S11,20241220
S11/20241220/00007,4,P104765,3,401.36,SALE,1734705484,S11,20241220
S11/20241220/00007,5,P105518,2,729.30,SALE,1734705484,S11,20241220
S11/20241220/00007,6,DISC,1,-403.01,DISCOUNT,1734705484,S11,20241220
S11/20241220/00007,7,TAX,1,625.85,TAX,1734705484,S11,20241220
S11/20241220/00007,8,TENDER,1,6552.90,TENDER,1734705484,S11,20241220
S11/20241220/00008,1,P101564,1,172.72,SALE,1734718703,S11,20241220
S11/20241220/00008,2,P101813,3,273.64,SALE,1734718703,S11,20241220
S11/20241220/00008,3,P106191,2,1230.97,SALE,1734718703,S11,20241220
S11/20241220/00008,4,P104469,3,1549.55,SALE,1734718703,S11,20241220
S11/20241220/00008,5,TAX,1,588.93,TAX,1734718703,S11,20241220
S11/20241220/00008,6,TENDER,1,8693.16,TENDER,1734718703,S11,20241220
S11/20241220/00009,1,P101585,1,10.45,SALE,1734689710,S11,20241220
S11/20241220/00009,2,P104266,1,431.11,SALE,1734689710,S11,20241220
S11/20241220/00009,3,P102623,2,107.54,SALE,1734689710,S11,20241220
S11/20241220/00009,4,P103861,1,57.59,SALE,1734689710,S11,20241220
S11/20241220/00009,5,TAX,1,108.17,TAX,1734689710,S11,20241220
S11/20241220/00009,6,TENDER,1,822.40,TENDER,1734689710,S11,20241220
S11/20241220/00010,1,P104637,1,353.99,SALE,1734684065,S11,20241220
S11/20241220/00010,2,P100456,1,982.47,SALE,1734684065,S11,20241220
S11/20241220/00010,3,P105971,3,1150.46,SALE,1734684065,S11,20241220
S11/20241220/00010,4,TAX,1,264.17,TAX,1734684065,S11,20241220
S11/20241220/00010,5,TENDER,1,5052.01,TENDER,1734684065,S11,20241220
S11/20241220/00011,1,P107568,1,140.27,SALE,1734723424,S11,20241220
S11/20241220/00011,2,P106697,2,342.69,SALE,1734723424,S11,20241220
S11/20241220/00011,3,P105127,2,77.13,SALE,1734723424,S11,20241220
S11/20241220/00011,4,P105351,1,109.14,SALE,1734723424,S11,20241220
S11/20241220/00011,5,P104079,3,75.55,SALE,1734723424,S11,20241220
S11/20241220/00011,6,TAX,1,116.62,TAX,1734723424,S11,20241220
S11/20241220/00011,7,TENDER,1,1432.32,TENDER,1734723424,S11,20241220
S11/20241220/00012,1,P100924,1,50.37,SALE,1734701638,S11,20241220
S11/20241220/00012,2,P108346,1,534.07,SALE,1734701638,S11,20241220
S11/20241220/00012,3,P104410,3,541.11,SALE,1734701638,S11,20241220
S11/20241220/00012,4,P105021,2,1246.70,SALE,1734701638,S11,20241220
S11/20241220/00012,5,DISC,1,-390.21,DISCOUNT,1734701638,S11,20241220
S11/20241220/00012,6,TAX,1,575.12,TAX,1734701638,S11,20241220
S11/20241220/00012,7,TENDER,1,4886.08,TENDER,1734701638,S11,20241220
S11/20241220/00013,1,P101558,3,52.58,SALE,1734715232,S11,20241220
S11/20241220/00013,2,P106624,2,98.44,SALE,1734715232,S11,20241220
S11/20241220/00013,3,P105547,2,431.77,SALE,1734715232,S11,20241220
S11/20241220/00013,4,P104587,3,252.25,SALE,1734715232,S11,20241220
S11/20241220/00013,5,P100086,2,89.00,SALE,1734715232,S11,20241220
S11/20241220/00013,6,DISC,1,-205.73,DISCOUNT,1734715232,S11,20241220
S11/20241220/00013,7,TAX,1,161.67,TAX,1734715232,S11,20241220
S11/20241220/00013,8,TENDER,1,2108.85,TENDER,1734715232,S11,20241220
S11/20241220/00014,1,P107822,3,69.77,SALE,1734719629,S11,20241220
S11/20241220/00014,2,P100100,3,435.38,SALE,1734719629,S11,20241220
S11/20241220/00014,3,P106731,3,153.24,SALE,1734719629,S11,20241220
S11/20241220/00014,4,P102432,2,895.86,SALE,1734719629,S11,20241220
S11/20241220/00014,5,TAX,1,409.42,TAX,1734719629,S11,20241220
S11/20241220/00014,6,TENDER,1,4176.31,TENDER,1734719629,S11,20241220
S11/20241220/00015,1,P101802,2,44.15,SALE,1734718318,S11,20241220
S11/20241220/00015,2,P106522,1,203.79,SALE,1734718318,S11,20241220
S11/20241220/00015,3,P104700,2,1425.82,SALE,1734718318,S11,20241220
S11/20241220/00015,4,P104831,3,1516.75,SALE,1734718318,S11,20241220
S11/20241220/00015,5,P107743,6,197.87,SALE,1734718318,S11,20241220
S11/20241220/00015,6,TAX,1,703.10,TAX,1734718318,S11,20241220
S11/20241220/00015,7,TENDER,1,9584.30,TENDER,1734718318,S11,20241220
S11/20241220/00016,1,P107795,2,284.47,SALE,1734695525,S11,20241220
S11/20241220/00016,2,P108125,3,129.06,SALE,1734695525,S11,20241220
S11/20241220/00016,3,P103171,1,68.42,SALE,1734695525,S11,20241220
S11/20241220/00016,4,P101904,2,607.91,SALE,1734695525,S11,20241220
S11/20241220/00016,5,DISC,1,-99.17,DISCOUNT,1734695525,S11,20241220
S11/20241220/00016,6,TAX,1,277.68,TAX,1734695525,S11,20241220
S11/20241220/00016,7,TENDER,1,2418.87,TENDER,1734695525,S11,20241220
S11/20241220/00017,1,P107320,2,231.92,SALE,1734704193,S11,20241220
S11/20241220/00017,2,P101359,2,49.69,SALE,1734704193,S11,20241220
S11/20241220/00017,3,P101356,2,1264.05,SALE,1734704193,S11,20241220
S11/20241220/00017,4,DISC,1,-322.60,DISCOUNT,1734704193,S11,20241220
S11/20241220/00017,5,TAX,1,179.09,TAX,1734704193,S11,20241220
S11/20241220/00017,6,TENDER,1,2947.81,TENDER,1734704193,S11,20241220
S11/20241220/00018,1,P106221,-2,31.65,RETURN,1734699981,S11,20241220
S11/20241220/00018,2,P106528,-3,832.82,RETURN,1734699981,S11,20241220
S11/20241220/00018,3,P104902,-1,516.78,RETURN,1734699981,S11,20241220
S11/20241220/00018,4,P106288,-3,48.38,RETURN,1734699981,S11,20241220
S11/20241220/00018,5,P100921,-1,441.43,RETURN,1734699981,S11,20241220
S11/20241220/00018,6,P105656,-1,516.52,RETURN,1734699981,S11,20241220
S11/20241220/00018,7,P107463,-1,188.92,RETURN,1734699981,S11,20241220
S11/20241220/00018,8,P100703,-3,171.10,RETURN,1734699981,S11,20241220
S11/20241220/00018,9,P103124,-1,523.92,RETURN,1734699981,S11,20241220
S11/20241220/00018,10,TAX,1,-680.85,TAX,1734699981,S11,20241220
S11/20241220/00018,11,TENDER,1,-6088.62,TENDER,1734699981,S11,20241220
S11/20241220/00019,1,P105988,2,29.57,SALE,1734727509,S11,20241220
S11/20241220/00019,2,P103316,3,1774.02,SALE,1734727509,S11,20241220
S11/20241220/00019,3,P105890,5,1196.88,SALE,1734727509,S11,20241220
S11/20241220/00019,4,P101292,3,380.75,SALE,1734727509,S11,20241220
S11/20241220/00019,5,P100711,2,101.23,SALE,1734727509,S11,20241220
S11/20241220/00019,6,P104921,3,425.26,SALE,1734727509,S11,20241220
S11/20241220/00019,7,P100593,1,32.38,SALE,1734727509,S11,20241220
S11/20241220/00019,8,TAX,1,1265.64,TAX,1734727509,S11,20241220
S11/20241220/00019,9,TENDER,1,15284.11,TENDER,1734727509,S11,20241220
S11/20241220/00020,1,P101444,1,838.86,SALE,1734721030,S11,20241220
S11/20241220/00020,2,P102707,3,425.19,SALE,1734721030,S11,20241220
S11/20241220/00020,3,TAX,1,195.01,TAX,1734721030,S11,20241220
S11/20241220/00020,4,TENDER,1,2309.44,TENDER,1734721030,S11,20241220
S11/20241220/00021,1,P107449,-1,1495.62,RETURN,1734706878,S11,20241220
S11/20241220/00021,2,P100131,-2,667.83,RETURN,1734706878,S11,20241220
S11/20241220/00021,3,TAX,1,-339.75,TAX,1734706878,S11,20241220
S11/20241220/00021,4,TENDER,1,-3171.03,TENDER,1734706878,S11,20241220
S11/20241220/00022,1,P104081,1,652.80,SALE,1734720016,S11,20241220
S11/20241220/00022,2,P106072,2,78.69,SALE,1734720016,S11,20241220
S11/20241220/00022,3,P104435,2,477.09,SALE,1734720016,S11,20241220
S11/20241220/00022,4,P100308,2,328.66,SALE,1734720016,S11,20241220
S11/20241220/00022,5,P106757,1,387.95,SALE,1734720016,S11,20241220
S11/20241220/00022,6,TAX,1,231.66,TAX,1734720016,S11,20241220
S11/20241220/00022,7,TENDER,1,3041.29,TENDER,1734720016,S11,20241220
S11/20241220/00023,1,P105112,3,194.64,SALE,1734709537,S11,20241220
S11/20241220/00023,2,P107960,2,1191.78,SALE,1734709537,S11,20241220
S11/20241220/00023,3,P104081,3,652.80,SALE,1734709537,S11,20241220
S11/20241220/00023,4,P102814,1,543.91,SALE,1734709537,S11,20241220
S11/20241220/00023,5,TAX,1,342.42,TAX,1734709537,S11,20241220
S11/20241220/00023,6,TENDER,1,5812.21,TENDER,1734709537,S11,20241220
S11/20241220/00024,1,P101681,3,139.09,SALE,1734725093,S11,20241220
S11/20241220/00024,2,P104042,3,365.03,SALE,1734725093,S11,20241220
S11/20241220/00024,3,P102006,3,1553.68,SALE,1734725093,S11,20241220
S11/20241220/00024,4,P105405,2,430.78,SALE,1734725093,S11,20241220
S11/20241220/00024,5,P104485,4,643.04,SALE,1734725093,S11,20241220
S11/20241220/00024,6,TAX,1,533.22,TAX,1734725093,S11,20241220
S11/20241220/00024,7,TENDER,1,10140.34,TENDER,1734725093,S11,20241220
S11/20241220/00025,1,P108149,4,1073.33,SALE,1734703807,S11,20241220
S11/20241220/00025,2,P106373,2,48.45,SALE,1734703807,S11,20241220
S11/20241220/00025,3,P102933,1,610.87,SALE,1734703807,S11,20241220
S11/20241220/00025,4,P105413,2,168.78,SALE,1734703807,S11,20241220
S11/20241220/00025,5,TAX,1,118.66,TAX,1734703807,S11,20241220
S11/20241220/00025,6,TENDER,1,5457.31,TENDER,1734703807,S11,20241220
S11/20241220/00026,1,P105908,1,698.64,SALE,1734705678,S11,20241220
S11/20241220/00026,2,P105057,3,294.62,SALE,1734705678,S11,20241220
S11/20241220/00026,3,P107581,1,287.09,SALE,1734705678,S11,20241220
S11/20241220/00026,4,P100066,1,251.22,SALE,1734705678,S11,20241220
S11/20241220/00026,5,P101018,1,141.83,SALE,1734705678,S11,20241220
S11/20241220/00026,6,P102383,3,10.62,SALE,1734705678,S11,20241220
S11/20241220/00026,7,P107320,2,231.92,SALE,1734705678,S11,20241220
S11/20241220/00026,8,TAX,1,335.09,TAX,1734705678,S11,20241220
S11/20241220/00026,9,TENDER,1,3093.43,TENDER,1734705678,S11,20241220
S11/20241220/00027,1,P102559,2,86.19,SALE,1734714360,S11,20241220
S11/20241220/00027,2,P102346,2,89.47,SALE,1734714360,S11,20241220
S11/20241220/00027,3,P104294,2,115.73,SALE,1734714360,S11,20241220
S11/20241220/00027,4,P103661,3,125.81,SALE,1734714360,S11,20241220
S11/20241220/00027,5,TAX,1,125.80,TAX,1734714360,S11,20241220
S11/20241220/00027,6,TENDER,1,1086.01,TENDER,1734714360,S11,20241220
S11/20241220/00028,1,P107115,2,172.62,SALE,1734718887,S11,20241220
S11/20241220/00028,2,P103283,2,153.31,SALE,1734718887,S11,20241220
S11/20241220/00028,3,P106942,1,206.70,SALE,1734718887,S11,20241220
S11/20241220/00028,4,P102272,3,389.34,SALE,1734718887,S11,20241220
S11/20241220/00028,5,P103530,3,427.69,SALE,1734718887,S11,20241220
S11/20241220/00028,6,P107472,3,64.61,SALE,1734718887,S11,20241220
S11/20241220/00028,7,TAX,1,423.73,TAX,1734718887,S11,20241220
S11/20241220/00028,8,TENDER,1,3927.21,TENDER,1734718887,S11,20241220
S11/20241220/00029,1,P106550,1,29.54,SALE,1734692321,S11,20241220
S11/20241220/00029,2,P104858,2,331.88,SALE,1734692321,S11,20241220
S11/20241220/00029,3,P105384,2,315.25,SALE,1734692321,S11,20241220
S11/20241220/00029,4,P107278,1,55.18,SALE,1734692321,S11,20241220
S11/20241220/00029,5,P104965,2,88.50,SALE,1734692321,S11,20241220
S11/20241220/00029,6,P105633,1,46.25,SALE,1734692321,S11,20241220
S11/20241220/00029,7,TAX,1,178.41,TAX,1734692321,S11,20241220
S11/20241220/00029,8,TENDER,1,1780.64,TENDER,1734692321,S11,20241220
S11/20241220/00030,1,P105009,2,65.38,SALE,1734724603,S11,20241220
S11/20241220/00030,2,P102471,4,151.71,SALE,1734724603,S11,20241220
S11/20241220/00030,3,P102255,1,167.76,SALE,1734724603,S11,20241220
S11/20241220/00030,4,P104867,2,190.50,SALE,1734724603,S11,20241220
S11/20241220/00030,5,TAX,1,151.82,TAX,1734724603,S11,20241220
S11/20241220/00030,6,TENDER,1,1438.18,TENDER,1734724603,S11,20241220
S11/20241220/00031,1,P104302,2,1255.97,SALE,1734716023,S11,20241220
S11/20241220/00031,2,P105797,4,254.07,SALE,1734716023,S11,20241220
S11/20241220/00031,3,P100946,1,81.33,SALE,1734716023,S11,20241220
S11/20241220/00031,4,P103994,3,148.39,SALE,1734716023,S11,20241220
S11/20241220/00031,5,P103294,3,69.64,SALE,1734716023,S11,20241220
S11/20241220/00031,6,TAX,1,509.45,TAX,1734716023,S11,20241220
S11/20241220/00031,7,TENDER,1,4773.09,TENDER,1734716023,S11,20241220
S11/20241220/00032,1,P107759,1,257.69,SALE,1734697446,S11,20241220
S11/20241220/00032,2,P100974,1,41.35,SALE,1734697446,S11,20241220
S11/20241220/00032,3,P102845,2,261.08,SALE,1734697446,S11,20241220
S11/20241220/00032,4,P102436,3,243.03,SALE,1734697446,S11,20241220
S11/20241220/00032,5,P104587,5,252.25,SALE,1734697446,S11,20241220
S11/20241220/00032,6,P100771,3,820.85,SALE,1734697446,S11,20241220
S11/20241220/00032,7,TAX,1,517.98,TAX,1734697446,S11,20241220
S11/20241220/00032,8,TENDER,1,5792.07,TENDER,1734697446,S11,20241220
S11/20241220/00033,1,P104858,1,331.88,SALE,1734693172,S11,20241220
S11/20241220/00033,2,P101925,2,186.54,SALE,1734693172,S11,20241220
S11/20241220/00033,3,P100380,1,136.58,SALE,1734693172,S11,20241220
S11/20241220/00033,4,P102139,4,1710.06,SALE,1734693172,S11,20241220
S11/20241220/00033,5,P107056,1,341.76,SALE,1734693172,S11,20241220
S11/20241220/00033,6,TAX,1,526.90,TAX,1734693172,S11,20241220
S11/20241220/00033,7,TENDER,1,8550.44,TENDER,1734693172,S11,20241220
S11/20241220/00034,1,P106858,3,281.23,SALE,1734718107,S11,20241220
S11/20241220/00034,2,P105394,2,327.72,SALE,1734718107,S11,20241220
S11/20241220/00034,3,P102811,2,199.78,SALE,1734718107,S11,20241220
S11/20241220/00034,4,P101156,1,95.07,SALE,1734718107,S11,20241220
S11/20241220/00034,5,DISC,1,-185.07,DISCOUNT,1734718107,S11,20241220
S11/20241220/00034,6,TAX,1,267.23,TAX,1734718107,S11,20241220
S11/20241220/00034,7,TENDER,1,2075.92,TENDER,1734718107,S11,20241220
S11/20241220/00035,1,P103319,4,356.46,SALE,1734731200,S11,20241220
S11/20241220/00035,2,P102998,3,158.64,SALE,1734731200,S11,20241220
S11/20241220/00035,3,P104950,1,91.01,SALE,1734731200,S11,20241220
S11/20241220/00035,4,P104251,2,79.68,SALE,1734731200,S11,20241220
S11/20241220/00035,5,P101339,3,230.61,SALE,1734731200,S11,20241220
S11/20241220/00035,6,P103159,2,1193.28,SALE,1734731200,S11,20241220
S11/20241220/00035,7,TAX,1,236.62,TAX,1734731200,S11,20241220
S11/20241220/00035,8,TENDER,1,5467.14,TENDER,1734731200,S11,20241220
S11/20241221/00001,1,P107568,1,140.27,SALE,1734795007,S11,20241221
S11/20241221/00001,2,P105230,3,123.72,SALE,1734795007,S11,20241221
S11/20241221/00001,3,P100816,3,806.93,SALE,1734795007,S11,20241221
S11/20241221/00001,4,DISC,1,-225.19,DISCOUNT,1734795007,S11,20241221
S11/20241221/00001,5,TAX,1,315.78,TAX,1734795007,S11,20241221
S11/20241221/00001,6,TENDER,1,3022.81,TENDER,1734795007,S11,20241221
S11/20241221/00002,1,P105490,1,154.49,SALE,1734805110,S11,20241221
S11/20241221/00002,2,P100287,1,240.45,SALE,1734805110,S11,20241221
S11/20241221/00002,3,P103530,3,427.69,SALE,1734805110,S11,20241221
S11/20241221/00002,4,P107681,3,193.13,SALE,1734805110,S11,20241221
S11/20241221/00002,5,P107880,1,347.04,SALE,1734805110,S11,20241221
S11/20241221/00002,6,P108227,3,551.58,SALE,1734805110,S11,20241221
S11/20241221/00002,7,P104718,3,364.54,SALE,1734805110,S11,20241221
S11/20241221/00002,8,DISC,1,-126.34,DISCOUNT,1734805110,S11,20241221
S11/20241221/00002,9,TAX,1,527.73,TAX,1734805110,S11,20241221
S11/20241221/00002,10,TENDER,1,5754.19,TENDER,1734805110,S11,20241221
S11/20241221/00003,1,P102042,3,151.18,SALE,1734805993,S11,20241221
S11/20241221/00003,2,P104526,2,363.05,SALE,1734805993,S11,20241221
S11/20241221/00003,3,P105294,3,143.55,SALE,1734805993,S11,20241221
S11/20241221/00003,4,P106009,3,372.60,SALE,1734805993,S11,20241221
S11/20241221/00003,5,P101690,1,1044.81,SALE,1734805993,S11,20241221
S11/20241221/00003,6,P104320,1,147.42,SALE,1734805993,S11,20241221
S11/20241221/00003,7,TAX,1,354.62,TAX,1734805993,S11,20241221
S11/20241221/00003,8,TENDER,1,4274.94,TENDER,1734805993,S11,20241221
S11/20241221/00004,1,P100387,1,116.37,SALE,1734787327,S11,20241221
S11/20241221/00004,2,P105594,1,321.63,SALE,1734787327,S11,20241221
S11/20241221/00004,3,P107137,3,32.59,SALE,1734787327,S11,20241221
S11/20241221/00004,4,P105009,2,65.38,SALE,1734787327,S11,20241221
S11/20241221/00004,5,P100658,1,50.53,SALE,1734787327,S11,20241221
S11/20241221/00004,6,TAX,1,67.95,TAX,1734787327,S11,20241221
S11/20241221/00004,7,TENDER,1,785.01,TENDER,1734787327,S11,20241221
S11/20241221/00005,1,P106872,2,73.12,SALE,1734796962,S11,20241221
S11/20241221/00005,2,P106577,2,52.98,SALE,1734796962,S11,20241221
S11/20241221/00005,3,P102656,4,194.33,SALE,1734796962,S11,20241221
S11/20241221/00005,4,TAX,1,70.49,TAX,1734796962,S11,20241221
S11/20241221/00005,5,TENDER,1,1100.01,TENDER,1734796962,S11,20241221
S11/20241221/00006,1,P104909,3,363.10,SALE,1734799475,S11,20241221
S11/20241221/00006,2,P103243,4,231.63,SALE,1734799475,S11,20241221
S11/20241221/00006,3,P101543,3,178.10,SALE,1734799475,S11,20241221
S11/20241221/00006,4,P105268,3,300.66,SALE,1734799475,S11,20241221
S11/20241221/00006,5,P108206,3,81.62,SALE,1734799475,S11,20241221
S11/20241221/00006,6,P107759,4,257.69,SALE,1734799475,S11,20241221
S11/20241221/00006,7,P107960,2,1191.78,SALE,1734799475,S11,20241221
S11/20241221/00006,8,P105017,3,220.46,SALE,1734799475,S11,20241221
S11/20241221/00006,9,P101925,2,186.54,SALE,1734799475,S11,20241221
S11/20241221/00006,10,P105583,2,179.43,SALE,1734799475,S11,20241221
S11/20241221/00006,11,TAX,1,841.68,TAX,1734799475,S11,20241221
S11/20241221/00006,12,TENDER,1,9346.28,TENDER,1734799475,S11,20241221
S11/20241221/00007,1,P103234,4,128.39,SALE,1734814502,S11,20241221
S11/20241221/00007,2,P108397,3,286.03,SALE,1734814502,S11,20241221
S11/20241221/00007,3,P105230,3,123.72,SALE,1734814502,S11,20241221
S11/20241221/00007,4,P104800,2,692.51,SALE,1734814502,S11,20241221
S11/20241221/00007,5,P101101,3,74.25,SALE,1734814502,S11,20241221
S11/20241221/00007,6,TAX,1,432.88,TAX,1734814502,S11,20241221
S11/20241221/00007,7,TENDER,1,3783.46,TENDER,1734814502,S11,20241221
S11/20241221/00008,1,P105944,2,985.47,SALE,1734800466,S11,20241221
S11/20241221/00008,2,P107266,1,71.89,SALE,1734800466,S11,20241221
S11/20241221/00008,3,P100387,1,116.37,SALE,1734800466,S11,20241221
S11/20241221/00008,4,P100711,3,101.23,SALE,1734800466,S11,20241221
S11/20241221/00008,5,P106975,1,143.78,SALE,1734800466,S11,20241221
S11/20241221/00008,6,DISC,1,-236.18,DISCOUNT,1734800466,S11,20241221
S11/20241221/00008,7,TAX,1,296.89,TAX,1734800466,S11,20241221
S11/20241221/00008,8,TENDER,1,2667.38,TENDER,1734800466,S11,20241221
S11/20241221/00009,1,P103262,2,54.76,SALE,1734807479,S11,20241221
S11/20241221/00009,2,P107609,2,108.46,SALE,1734807479,S11,20241221
S11/20241221/00009,3,P103563,2,26.76,SALE,1734807479,S11,20241221
S11/20241221/00009,4,P101751,2,477.38,SALE,1734807479,S11,20241221
S11/20241221/00009,5,P108239,1,256.06,SALE,1734807479,S11,20241221
S11/20241221/00009,6,TAX,1,272.10,TAX,1734807479,S11,20241221
S11/20241221/00009,7,TENDER,1,1862.88,TENDER,1734807479,S11,20241221
S11/20241221/00010,1,P101520,2,187.47,SALE,1734794996,S11,20241221
S11/20241221/00010,2,P100164,2,594.91,SALE,1734794996,S11,20241221
S11/20241221/00010,3,P105805,2,110.21,SALE,1734794996,S11,20241221
S11/20241221/00010,4,TAX,1,232.91,TAX,1734794996,S11,20241221
S11/20241221/00010,5,TENDER,1,2018.09,TENDER,1734794996,S11,20241221
S11/20241221/00011,1,P100840,2,248.08,SALE,1734809488,S11,20241221
S11/20241221/00011,2,P105323,1,84.67,SALE,1734809488,S11,20241221
S11/20241221/00011,3,P100816,2,806.93,SALE,1734809488,S11,20241221
S11/20241221/00011,4,P101839,4,402.65,SALE,1734809488,S11,20241221
S11/20241221/00011,5,P107654,1,409.57,SALE,1734809488,S11,20241221
S11/20241221/00011,6,TAX,1,529.63,TAX,1734809488,S11,20241221
S11/20241221/00011,7,TENDER,1,4744.49,TENDER,1734809488,S11,20241221
S11/20241221/00012,1,P100380,1,136.58,SALE,1734766824,S11,20241221
S11/20241221/00012,2,P107721,1,84.87,SALE,1734766824,S11,20241221
S11/20241221/00012,3,TAX,1,16.39,TAX,1734766824,S11,20241221
S11/20241221/00012,4,TENDER,1,237.84,TENDER,1734766824,S11,20241221
S11/20241221/00013,1,P106207,1,564.89,SALE,1734810271,S11,20241221
S11/20241221/00013,2,P107508,4,1577.69,SALE,1734810271,S11,20241221
S11/20241221/00013,3,P104107,2,479.48,SALE,1734810271,S11,20241221
S11/20241221/00013,4,P103496,1,70.71,SALE,1734810271,S11,20241221
S11/20241221/00013,5,P103382,2,196.46,SALE,1734810271,S11,20241221
S11/20241221/00013,6,TAX,1,1063.96,TAX,1734810271,S11,20241221
S11/20241221/00013,7,TENDER,1,9362.20,TENDER,1734810271,S11,20241221
S11/20241221/00014,1,P107463,3,188.92,SALE,1734810381,S11,20241221
S11/20241221/00014,2,P100781,3,654.99,SALE,1734810381,S11,20241221
S11/20241221/00014,3,TAX,1,455.71,TAX,1734810381,S11,20241221
S11/20241221/00014,4,TENDER,1,2987.44,TENDER,1734810381,S11,20241221
S11/20241221/00015,1,P105740,2,103.24,SALE,1734825366,S11,20241221
S11/20241221/00015,2,P105313,2,51.83,SALE,1734825366,S11,20241221
S11/20241221/00015,3,P102207,3,342.36,SALE,1734825366,S11,20241221
S11/20241221/00015,4,TAX,1,160.42,TAX,1734825366,S11,20241221
S11/20241221/00015,5,TENDER,1,1497.64,TENDER,1734825366,S11,20241221
S11/20241221/00016,1,P101613,2,125.30,SALE,1734795315,S11,20241221
S11/20241221/00016,2,P102626,1,416.91,SALE,1734795315,S11,20241221
S11/20241221/00016,3,P103908,1,104.62,SALE,1734795315,S11,20241221
S11/20241221/00016,4,P104478,1,18.27,SALE,1734795315,S11,20241221
S11/20241221/00016,5,P101101,2,74.25,SALE,1734795315,S11,20241221
S11/20241221/00016,6,P103389,1,239.67,SALE,1734795315,S11,20241221
S11/20241221/00016,7,P103517,1,177.49,SALE,1734795315,S11,20241221
S11/20241221/00016,8,P104558,2,440.08,SALE,1734795315,S11,20241221
S11/20241221/00016,9,DISC,1,-209.28,DISCOUNT,1734795315,S11,20241221
S11/20241221/00016,10,TAX,1,251.58,TAX,1734795315,S11,20241221
S11/20241221/00016,11,TENDER,1,2278.52,TENDER,1734795315,S11,20241221
S11/20241221/00017,1,P107807,1,118.66,SALE,1734802238,S11,20241221
S11/20241221/00017,2,P108135,1,562.62,SALE,1734802238,S11,20241221
S11/20241221/00017,3,P108067,3,640.50,SALE,1734802238,S11,20241221
S11/20241221/00017,4,P101859,1,66.16,SALE,1734802238,S11,20241221
S11/20241221/00017,5,P104257,1,42.95,SALE,1734802238,S11,20241221
S11/20241221/00017,6,P107149,1,145.83,SALE,1734802238,S11,20241221
S11/20241221/00017,7,TAX,1,42.27,TAX,1734802238,S11,20241221
S11/20241221/00017,8,TENDER,1,2899.99,TENDER,1734802238,S11,20241221
S11/20241221/00018,1,P105868,2,68.91,SALE,1734806157,S11,20241221
S11/20241221/00018,2,P102947,4,59.21,SALE,1734806157,S11,20241221
S11/20241221/00018,3,P108101,3,1603.81,SALE,1734806157,S11,20241221
S11/20241221/00018,4,TAX,1,584.26,TAX,1734806157,S11,20241221
S11/20241221/00018,5,TENDER,1,5770.35,TENDER,1734806157,S11,20241221
S11/20241221/00019,1,P101489,2,555.59,SALE,1734799641,S11,20241221
S11/20241221/00019,2,P100609,2,75.79,SALE,1734799641,S11,20241221
S11/20241221/00019,3,P105720,1,69.64,SALE,1734799641,S11,20241221
S11/20241221/00019,4,P102346,1,89.47,SALE,1734799641,S11,20241221
S11/20241221/00019,5,P104462,4,86.38,SALE,1734799641,S11,20241221
S11/20241221/00019,6,P103424,3,295.58,SALE,1734799641,S11,20241221
S11/20241221/00019,7,P100883,2,723.68,SALE,1734799641,S11,20241221
S11/20241221/00019,8,TAX,1,224.98,TAX,1734799641,S11,20241221
S11/20241221/00019,9,TENDER,1,4326.47,TENDER,1734799641,S11,20241221
S11/20241221/00020,1,P108097,1,93.69,SALE,1734787174,S11,20241221
S11/20241221/00020,2,P101585,4,10.45,SALE,1734787174,S11,20241221
S11/20241221/00020,3,P103822,2,594.96,SALE,1734787174,S11,20241221
S11/20241221/00020,4,P103958,4,32.46,SALE,1734787174,S11,20241221
S11/20241221/00020,5,P107056,2,341.76,SALE,1734787174,S11,20241221
S11/20241221/00020,6,P103413,1,1352.06,SALE,1734787174,S11,20241221
S11/20241221/00020,7,DISC,1,-389.47,DISCOUNT,1734787174,S11,20241221
S11/20241221/00020,8,TAX,1,397.09,TAX,1734787174,S11,20241221
S11/20241221/00020,9,TENDER,1,3498.45,TENDER,1734787174,S11,20241221
S11/20241221/00021,1,P107063,1,387.93,SALE,1734805162,S11,20241221
S11/20241221/00021,2,P102531,1,160.54,SALE,1734805162,S11,20241221
S11/20241221/00021,3,P102886,3,139.22,SALE,1734805162,S11,20241221
S11/20241221/00021,4,DISC,1,-99.58,DISCOUNT,1734805162,S11,20241221
S11/20241221/00021,5,TAX,1,77.76,TAX,1734805162,S11,20241221
S11/20241221/00021,6,TENDER,1,944.31,TENDER,1734805162,S11,20241221
S11/20241221/00022,1,P103517,1,177.49,SALE,1734802205,S11,20241221
S11/20241221/00022,2,P104715,2,162.67,SALE,1734802205,S11,20241221
S11/20241221/00022,3,P102691,1,219.72,SALE,1734802205,S11,20241221
S11/20241221/00022,4,P105965,1,66.08,SALE,1734802205,S11,20241221
S11/20241221/00022,5,P104277,3,128.39,SALE,1734802205,S11,20241221
S11/20241221/00022,6,P102114,3,134.74,SALE,1734802205,S11,20241221
S11/20241221/00022,7,TAX,1,139.28,TAX,1734802205,S11,20241221
S11/20241221/00022,8,TENDER,1,1717.30,TENDER,1734802205,S11,20241221
S11/20241221/00023,1,P106911,2,232.77,SALE,1734799965,S11,20241221
S11/20241221/00023,2,P106323,1,218.99,SALE,1734799965,S11,20241221
S11/20241221/00023,3,TAX,1,10.95,TAX,1734799965,S11,20241221
S11/20241221/00023,4,TENDER,1,695.48,TENDER,1734799965,S11,20241221
S11/20241221/00024,1,P101339,2,230.61,SALE,1734805267,S11,20241221
S11/20241221/00024,2,P100463,1,290.57,SALE,1734805267,S11,20241221
S11/20241221/00024,3,P106592,2,815.90,SALE,1734805267,S11,20241221
S11/20241221/00024,4,P101492,1,113.44,SALE,1734805267,S11,20241221
S11/20241221/00024,5,P105100,2,270.01,SALE,1734805267,S11,20241221
S11/20241221/00024,6,DISC,1,-118.32,DISCOUNT,1734805267,S11,20241221
S11/20241221/00024,7,TAX,1,247.12,TAX,1734805267,S11,20241221
S11/20241221/00024,8,TENDER,1,3165.85,TENDER,1734805267,S11,20241221
S11/20241221/00025,1,P103054,5,145.96,SALE,1734803005,S11,20241221
S11/20241221/00025,2,P107072,2,75.15,SALE,1734803005,S11,20241221
S11/20241221/00025,3,P108216,1,69.70,SALE,1734803005,S11,20241221
S11/20241221/00025,4,P103354,1,894.50,SALE,1734803005,S11,20241221
S11/20241221/00025,5,P104320,5,147.42,SALE,1734803005,S11,20241221
S11/20241221/00025,6,P100203,2,272.10,SALE,1734803005,S11,20241221
S11/20241221/00025,7,TAX,1,30.70,TAX,1734803005,S11,20241221
S11/20241221/00025,8,TENDER,1,3156.30,TENDER,1734803005,S11,20241221
S11/20241221/00026,1,P107354,2,227.60,SALE,1734806921,S11,20241221
S11/20241221/00026,2,P100135,2,72.29,SALE,1734806921,S11,20241221
S11/20241221/00026,3,P101570,1,298.03,SALE,1734806921,S11,20241221
S11/20241221/00026,4,P102321,2,35.15,SALE,1734806921,S11,20241221
S11/20241221/00026,5,TAX,1,106.05,TAX,1734806921,S11,20241221
S11/20241221/00026,6,TENDER,1,1074.16,TENDER,1734806921,S11,20241221
S11/20241221/00027,1,P107246,2,313.74,SALE,1734805388,S11,20241221
S11/20241221/00027,2,P101106,4,543.49,SALE,1734805388,S11,20241221
S11/20241221/00027,3,P102184,1,101.58,SALE,1734805388,S11,20241221
S11/20241221/00027,4,P105547,2,431.77,SALE,1734805388,S11,20241221
S11/20241221/00027,5,TAX,1,343.55,TAX,1734805388,S11,20241221
S11/20241221/00027,6,TENDER,1,4110.11,TENDER,1734805388,S11,20241221
S11/20241221/00028,1,P107215,1,153.85,SALE,1734786156,S11,20241221
S11/20241221/00028,2,P100840,3,248.08,SALE,1734786156,S11,20241221
S11/20241221/00028,3,P102290,3,587.69,SALE,1734786156,S11,20241221
S11/20241221/00028,4,P101674,2,387.70,SALE,1734786156,S11,20241221
S11/20241221/00028,5,P107414,3,565.57,SALE,1734786156,S11,20241221
S11/20241221/00028,6,P106207,2,564.89,SALE,1734786156,S11,20241221
S11/20241221/00028,7,TAX,1,791.76,TAX,1734786156,S11,20241221
S11/20241221/00028,8,TENDER,1,7054.81,TENDER,1734786156,S11,20241221
S11/20241221/00029,1,P103348,2,485.60,SALE,1734796415,S11,20241221
S11/20241221/00029,2,P102193,2,343.13,SALE,1734796415,S11,20241221
S11/20241221/00029,3,P106044,1,40.72,SALE,1734796415,S11,20241221
S11/20241221/00029,4,TAX,1,179.42,TAX,1734796415,S11,20241221
S11/20241221/00029,5,TENDER,1,1877.60,TENDER,1734796415,S11,20241221
S11/20241221/00030,1,P100703,3,171.10,SALE,1734782554,S11,20241221
S11/20241221/00030,2,P104149,3,88.07,SALE,1734782554,S11,20241221
S11/20241221/00030,3,P102664,2,261.47,SALE,1734782554,S11,20241221
S11/20241221/00030,4,DISC,1,-71.08,DISCOUNT,1734782554,S11,20241221
S11/20241221/00030,5,TAX,1,159.70,TAX,1734782554,S11,20241221
S11/20241221/00030,6,TENDER,1,1389.07,TENDER,1734782554,S11,20241221
S11/20241221/00031,1,P103054,2,145.96,SALE,1734822051,S11,20241221
S11/20241221/00031,2,P105164,1,242.35,SALE,1734822051,S11,20241221
S11/20241221/00031,3,P107920,4,109.22,SALE,1734822051,S11,20241221
S11/20241221/00031,4,P104294,1,115.73,SALE,1734822051,S11,20241221
S11/20241221/00031,5,P103473,1,428.66,SALE,1734822051,S11,20241221
S11/20241221/00031,6,P100438,3,66.55,SALE,1734822051,S11,20241221
S11/20241221/00031,7,P101603,3,965.71,SALE,1734822051,S11,20241221
S11/20241221/00031,8,TAX,1,501.60,TAX,1734822051,S11,20241221
S11/20241221/00031,9,TENDER,1,5113.92,TENDER,1734822051,S11,20241221
S11/20241221/00032,1,P100210,1,1073.90,SALE,1734772556,S11,20241221
S11/20241221/00032,2,P105017,4,220.46,SALE,1734772556,S11,20241221
S11/20241221/00032,3,P103964,3,134.21,SALE,1734772556,S11,20241221
S11/20241221/00032,4,P104361,1,1519.18,SALE,1734772556,S11,20241221
S11/20241221/00032,5,P101489,2,555.59,SALE,1734772556,S11,20241221
S11/20241221/00032,6,P102998,1,158.64,SALE,1734772556,S11,20241221
S11/20241221/00032,7,P105450,2,252.15,SALE,1734772556,S11,20241221
S11/20241221/00032,8,TAX,1,518.59,TAX,1734772556,S11,20241221
S11/20241221/00032,9,TENDER,1,6170.26,TENDER,1734772556,S11,20241221
S11/20241221/00033,1,P105331,2,308.39,SALE,1734823984,S11,20241221
S11/20241221/00033,2,P102219,1,780.86,SALE,1734823984,S11,20241221
S11/20241221/00033,3,P101656,1,324.95,SALE,1734823984,S11,20241221
S11/20241221/00033,4,P106434,1,178.02,SALE,1734823984,S11,20241221
S11/20241221/00033,5,P107100,1,200.76,SALE,1734823984,S11,20241221
S11/20241221/00033,6,P107859,2,136.84,SALE,1734823984,S11,20241221
S11/20241221/00033,7,TAX,1,168.01,TAX,1734823984,S11,20241221
S11/20241221/00033,8,TENDER,1,2543.06,TENDER,1734823984,S11,20241221
S11/20241221/00034,1,P107667,2,367.93,SALE,1734793730,S11,20241221
S11/20241221/00034,2,P106454,2,127.35,SALE,1734793730,S11,20241221
S11/20241221/00034,3,P103202,1,295.26,SALE,1734793730,S11,20241221
S11/20241221/00034,4,P105855,4,123.28,SALE,1734793730,S11,20241221
S11/20241221/00034,5,TAX,1,161.13,TAX,1734793730,S11,20241221
S11/20241221/00034,6,TENDER,1,1940.07,TENDER,1734793730,S11,20241221
S11/20241221/00035,1,P107536,2,1613.47,SALE,1734781206,S11,20241221
S11/20241221/00035,2,P101851,3,1750.29,SALE,1734781206,S11,20241221
S11/20241221/00035,3,P105307,3,818.25,SALE,1734781206,S11,20241221
S11/20241221/00035,4,TAX,1,122.74,TAX,1734781206,S11,20241221
S11/20241221/00035,5,TENDER,1,11055.30,TENDER,1734781206,S11,20241221
S11/20241221/00036,1,P104242,2,308.27,SALE,1734788783,S11,20241221
S11/20241221/00036,2,P106584,1,247.63,SALE,1734788783,S11,20241221
S11/20241221/00036,3,P107568,4,140.27,SALE,1734788783,S11,20241221
S11/20241221/00036,4,DISC,1,-32.74,DISCOUNT,1734788783,S11,20241221
S11/20241221/00036,5,TAX,1,99.69,TAX,1734788783,S11,20241221
S11/20241221/00036,6,TENDER,1,1492.20,TENDER,1734788783,S11,20241221
S11/20241221/00037,1,P101530,2,576.50,SALE,1734801105,S11,20241221
S11/20241221/00037,2,P105453,2,465.18,SALE,1734801105,S11,20241221
S11/20241221/00037,3,P105603,2,202.29,SALE,1734801105,S11,20241221
S11/20241221/00037,4,P103575,2,54.47,SALE,1734801105,S11,20241221
S11/20241221/00037,5,P102821,3,1314.43,SALE,1734801105,S11,20241221
S11/20241221/00037,6,P100784,2,319.36,SALE,1734801105,S11,20241221
S11/20241221/00037,7,P100761,1,51.26,SALE,1734801105,S11,20241221
S11/20241221/00037,8,P107047,4,413.27,SALE,1734801105,S11,20241221
S11/20241221/00037,9,P105167,3,826.20,SALE,1734801105,S11,20241221
S11/20241221/00037,10,TAX,1,854.79,TAX,1734801105,S11,20241221
S11/20241221/00037,11,TENDER,1,12216.62,TENDER,1734801105,S11,20241221
S11/20241221/00038,1,P103719,1,957.52,SALE,1734800178,S11,20241221
S11/20241221/00038,2,P105651,2,108.83,SALE,1734800178,S11,20241221
S11/20241221/00038,3,P100528,2,595.90,SALE,1734800178,S11,20241221
S11/20241221/00038,4,P108008,1,128.46,SALE,1734800178,S11,20241221
S11/20241221/00038,5,P102849,1,682.39,SALE,1734800178,S11,20241221
S11/20241221/00038,6,TAX,1,259.09,TAX,1734800178,S11,20241221
S11/20241221/00038,7,TENDER,1,3436.92,TENDER,1734800178,S11,20241221
S11/20241221/00039,1,P106833,2,446.47,SALE,1734796897,S11,20241221
S11/20241221/00039,2,P100604,2,167.40,SALE,1734796897,S11,20241221
S11/20241221/00039,3,P101732,3,1390.76,SALE,1734796897,S11,20241221
S11/20241221/00039,4,P107695,2,271.01,SALE,1734796897,S11,20241221
S11/20241221/00039,5,P100250,3,544.91,SALE,1734796897,S11,20241221
S11/20241221/00039,6,P100077,2,173.95,SALE,1734796897,S11,20241221
S11/20241221/00039,7,TAX,1,858.10,TAX,1734796897,S11,20241221
S11/20241221/00039,8,TENDER,1,8782.77,TENDER,1734796897,S11,20241221
S11/20241221/00040,1,P104867,2,190.50,SALE,1734810633,S11,20241221
S11/20241221/00040,2,P104965,3,88.50,SALE,1734810633,S11,20241221
S11/20241221/00040,3,P105057,1,294.62,SALE,1734810633,S11,20241221
S11/20241221/00040,4,P101279,2,242.90,SALE,1734810633,S11,20241221
S11/20241221/00040,5,P107597,2,562.77,SALE,1734810633,S11,20241221
S11/20241221/00040,6,P102485,3,208.13,SALE,1734810633,S11,20241221
S11/20241221/00040,7,P104733,2,669.60,SALE,1734810633,S11,20241221
S11/20241221/00040,8,TAX,1,413.91,TAX,1734810633,S11,20241221
S11/20241221/00040,9,TENDER,1,4929.96,TENDER,1734810633,S11,20241221
S11/20241221/00041,1,P102947,3,59.21,SALE,1734812135,S11,20241221
S11/20241221/00041,2,P106277,2,416.62,SALE,1734812135,S11,20241221
S11/20241221/00041,3,P107226,1,88.38,SALE,1734812135,S11,20241221
S11/20241221/00041,4,TAX,1,57.57,TAX,1734812135,S11,20241221
S11/20241221/00041,5,TENDER,1,1156.82,TENDER,1734812135,S11,20241221
S11/20241221/00042,1,P101389,1,430.39,SALE,1734779079,S11,20241221
S11/20241221/00042,2,P107422,2,193.56,SALE,1734779079,S11,20241221
S11/20241221/00042,3,P107308,2,226.19,SALE,1734779079,S11,20241221
S11/20241221/00042,4,P104181,1,298.55,SALE,1734779079,S11,20241221
S11/20241221/00042,5,P107708,1,167.35,SALE,1734779079,S11,20241221
S11/20241221/00042,6,P104401,3,207.51,SALE,1734779079,S11,20241221
S11/20241221/00042,7,P104842,3,352.80,SALE,1734779079,S11,20241221
S11/20241221/00042,8,TAX,1,415.79,TAX,1734779079,S11,20241221
S11/20241221/00042,9,TENDER,1,3832.51,TENDER,1734779079,S11,20241221
S11/20241221/00043,1,P104800,2,692.51,SALE,1734824940,S11,20241221
S11/20241221/00043,2,P108174,2,235.92,SALE,1734824940,S11,20241221
S11/20241221/00043,3,P108046,1,101.85,SALE,1734824940,S11,20241221
S11/20241221/00043,4,P100330,2,188.77,SALE,1734824940,S11,20241221
S11/20241221/00043,5,P102000,4,82.98,SALE,1734824940,S11,20241221
S11/20241221/00043,6,P105918,1,294.44,SALE,1734824940,S11,20241221
S11/20241221/00043,7,TAX,1,339.75,TAX,1734824940,S11,20241221
S11/20241221/00043,8,TENDER,1,3302.36,TENDER,1734824940,S11,20241221
S11/20241222/00001,1,P101010,2,71.39,SALE,1734875714,S11,20241222
S11/20241222/00001,2,P107026,1,69.10,SALE,1734875714,S11,20241222
S11/20241222/00001,3,P102432,2,895.86,SALE,1734875714,S11,20241222
S11/20241222/00001,4,P106072,2,78.69,SALE,1734875714,S11,20241222
S11/20241222/00001,5,P100156,1,1528.63,SALE,1734875714,S11,20241222
S11/20241222/00001,6,TAX,1,263.46,TAX,1734875714,S11,20241222
S11/20241222/00001,7,TENDER,1,3953.07,TENDER,1734875714,S11,20241222
S11/20241222/00002,1,P104294,1,115.73,SALE,1734869391,S11,20241222
S11/20241222/00002,2,P104625,2,296.80,SALE,1734869391,S11,20241222
S11/20241222/00002,3,P102510,1,37.13,SALE,1734869391,S11,20241222
S11/20241222/00002,4,P107597,4,562.77,SALE,1734869391,S11,20241222
S11/20241222/00002,5,P107337,2,429.21,SALE,1734869391,S11,20241222
S11/20241222/00002,6,P107676,3,213.04,SALE,1734869391,S11,20241222
S11/20241222/00002,7,P104938,6,999.94,SALE,1734869391,S11,20241222
S11/20241222/00002,8,P105997,3,124.60,SALE,1734869391,S11,20241222
S11/20241222/00002,9,TAX,1,944.42,TAX,1734869391,S11,20241222
S11/20241222/00002,10,TENDER,1,11812.94,TENDER,1734869391,S11,20241222
S11/20241222/00003,1,P107502,3,311.85,SALE,1734874251,S11,20241222
S11/20241222/00003,2,P106731,2,153.24,SALE,1734874251,S11,20241222
S11/20241222/00003,3,P100511,1,442.66,SALE,1734874251,S11,20241222
S11/20241222/00003,4,TAX,1,221.52,TAX,1734874251,S11,20241222
S11/20241222/00003,5,TENDER,1,1906.21,TENDER,1734874251,S11,20241222
S11/20241222/00004,1,P108131,2,627.37,SALE,1734887057,S11,20241222
S11/20241222/00004,2,P100140,2,58.05,SALE,1734887057,S11,20241222
S11/20241222/00004,3,P107178,4,298.69,SALE,1734887057,S11,20241222
S11/20241222/00004,4,P102909,3,48.78,SALE,1734887057,S11,20241222
S11/20241222/00004,5,DISC,1,-225.32,DISCOUNT,1734887057,S11,20241222
S11/20241222/00004,6,TAX,1,208.15,TAX,1734887057,S11,20241222
S11/20241222/00004,7,TENDER,1,2694.77,TENDER,1734887057,S11,20241222
S11/20241222/00005,1,P105236,2,552.60,SALE,1734878862,S11,20241222
S11/20241222/00005,2,P106984,1,28.34,SALE,1734878862,S11,20241222
S11/20241222/00005,3,P106833,2,446.47,SALE,1734878862,S11,20241222
S11/20241222/00005,4,TAX,1,294.77,TAX,1734878862,S11,20241222
S11/20241222/00005,5,TENDER,1,2321.25,TENDER,1734878862,S11,20241222
S11/20241222/00006,1,P103050,1,569.48,SALE,1734910482,S11,20241222
S11/20241222/00006,2,P102445,2,31.53,SALE,1734910482,S11,20241222
S11/20241222/00006,3,P104219,2,249.74,SALE,1734910482,S11,20241222
S11/20241222/00006,4,P105483,4,160.65,SALE,1734910482,S11,20241222
S11/20241222/00006,5,P101722,2,1460.17,SALE,1734910482,S11,20241222
S11/20241222/00006,6,P101470,1,196.94,SALE,1734910482,S11,20241222
S11/20241222/00006,7,P106512,2,467.07,SALE,1734910482,S11,20241222
S11/20241222/00006,8,P101305,5,114.22,SALE,1734910482,S11,20241222
S11/20241222/00006,9,P107308,1,208.09,SALE,1734910482,S11,20241222
S11/20241222/00006,10,TAX,1,641.37,TAX,1734910482,S11,20241222
S11/20241222/00006,11,TENDER,1,7246.60,TENDER,1734910482,S11,20241222
S11/20241222/00007,1,P108356,1,234.68,SALE,1734894528,S11,20241222
S11/20241222/00007,2,P104544,1,104.46,SALE,1734894528,S11,20241222
S11/20241222/00007,3,P105139,1,119.64,SALE,1734894528,S11,20241222
S11/20241222/00007,4,P105971,1,1150.46,SALE,1734894528,S11,20241222
S11/20241222/00007,5,TAX,1,105.26,TAX,1734894528,S11,20241222
S11/20241222/00007,6,TENDER,1,1714.50,TENDER,1734894528,S11,20241222
S11/20241222/00008,1,P104854,4,35.80,SALE,1734880369,S11,20241222
S11/20241222/00008,2,P101263,4,684.55,SALE,1734880369,S11,20241222
S11/20241222/00008,3,P101547,3,66.03,SALE,1734880369,S11,20241222
S11/20241222/00008,4,P104212,1,426.07,SALE,1734880369,S11,20241222
S11/20241222/00008,5,P105684,2,1114.27,SALE,1734880369,S11,20241222
S11/20241222/00008,6,TAX,1,690.90,TAX,1734880369,S11,20241222
S11/20241222/00008,7,TENDER,1,6425.00,TENDER,1734880369,S11,20241222
S11/20241222/00009,1,P100509,3,143.57,SALE,1734893095,S11,20241222
S11/20241222/00009,2,P102436,1,243.03,SALE,1734893095,S11,20241222
S11/20241222/00009,3,TAX,1,65.28,TAX,1734893095,S11,20241222
S11/20241222/00009,4,TENDER,1,739.02,TENDER,1734893095,S11,20241222
S11/20241222/00010,1,P106710,-1,98.77,RETURN,1734867908,S11,20241222
S11/20241222/00010,2,P105677,-5,109.29,RETURN,1734867908,S11,20241222
S11/20241222/00010,3,P107676,-2,213.04,RETURN,1734867908,S11,20241222
S11/20241222/00010,4,P106522,-2,203.79,RETURN,1734867908,S11,20241222
S11/20241222/00010,5,P108313,-2,455.94,RETURN,1734867908,S11,20241222
S11/20241222/00010,6,TAX,1,-267.25,TAX,1734867908,S11,20241222
S11/20241222/00010,7,TENDER,1,-2658.01,TENDER,1734867908,S11,20241222
S11/20241222/00011,1,P103525,3,252.51,SALE,1734910456,S11,20241222
S11/20241222/00011,2,P106877,2,1085.30,SALE,1734910456,S11,20241222
S11/20241222/00011,3,P100711,3,101.23,SALE,1734910456,S11,20241222
S11/20241222/00011,4,P108046,3,101.85,SALE,1734910456,S11,20241222
S11/20241222/00011,5,P106697,3,342.69,SALE,1734910456,S11,20241222
S11/20241222/00011,6,P103473,2,428.66,SALE,1734910456,S11,20241222
S11/20241222/00011,7,DISC,1,-171.46,DISCOUNT,1734910456,S11,20241222
S11/20241222/00011,8,TAX,1,361.97,TAX,1734910456,S11,20241222
S11/20241222/00011,9,TENDER,1,5613.27,TENDER,1734910456,S11,20241222
S11/20241222/00012,1,P101864,1,112.21,SALE,1734884885,S11,20241222
S11/20241222/00012,2,P104439,2,123.98,SALE,1734884885,S11,20241222
S11/20241222/00012,3,P106984,3,28.34,SALE,1734884885,S11,20241222
S11/20241222/00012,4,P100549,2,320.43,SALE,1734884885,S11,20241222
S11/20241222/00012,5,P100156,4,1528.63,SALE,1734884885,S11,20241222
S11/20241222/00012,6,P106258,1,423.67,SALE,1734884885,S11,20241222
S11/20241222/00012,7,P108162,2,257.55,SALE,1734884885,S11,20241222
S11/20241222/00012,8,TAX,1,192.92,TAX,1734884885,S11,20241222
S11/20241222/00012,9,TENDER,1,8332.26,TENDER,1734884885,S11,20241222
S11/20241222/00013,1,P108282,3,472.97,SALE,1734879585,S11,20241222
S11/20241222/00013,2,P104446,3,66.45,SALE,1734879585,S11,20241222
S11/20241222/00013,3,P101090,2,24.06,SALE,1734879585,S11,20241222
S11/20241222/00013,4,P100268,2,197.00,SALE,1734879585,S11,20241222
S11/20241222/00013,5,P106624,3,98.44,SALE,1734879585,S11,20241222
S11/20241222/00013,6,P100803,1,278.56,SALE,1734879585,S11,20241222
S11/20241222/00013,7,TAX,1,149.12,TAX,1734879585,S11,20241222
S11/20241222/00013,8,TENDER,1,2783.38,TENDER,1734879585,S11,20241222
S11/20241222/00014,1,P105246,4,840.69,SALE,1734873120,S11,20241222
S11/20241222/00014,2,P104992,1,979.87,SALE,1734873120,S11,20241222
S11/20241222/00014,3,P106934,3,1604.94,SALE,1734873120,S11,20241222
S11/20241222/00014,4,TAX,1,168.14,TAX,1734873120,S11,20241222
S11/20241222/00014,5,TENDER,1,9325.59,TENDER,1734873120,S11,20241222
S11/20241222/00015,1,P106566,1,251.68,SALE,1734895099,S11,20241222
S11/20241222/00015,2,P105677,2,103.83,SALE,1734895099,S11,20241222
S11/20241222/00015,3,P104181,4,298.55,SALE,1734895099,S11,20241222
S11/20241222/00015,4,P105260,3,72.61,SALE,1734895099,S11,20241222
S11/20241222/00015,5,TAX,1,252.12,TAX,1734895099,S11,20241222
S11/20241222/00015,6,TENDER,1,2123.49,TENDER,1734895099,S11,20241222
S11/20241222/00016,1,P108032,3,648.04,SALE,1734875661,S11,20241222
S11/20241222/00016,2,P103299,1,238.05,SALE,1734875661,S11,20241222
S11/20241222/00016,3,P103584,2,402.02,SALE,1734875661,S11,20241222
S11/20241222/00016,4,P103074,1,52.85,SALE,1734875661,S11,20241222
S11/20241222/00016,5,P108090,2,139.96,SALE,1734875661,S11,20241222
S11/20241222/00016,6,TAX,1,444.38,TAX,1734875661,S11,20241222
S11/20241222/00016,7,TENDER,1,3763.36,TENDER,1734875661,S11,20241222
S11/20241222/00017,1,P105868,3,68.91,SALE,1734886625,S11,20241222
S11/20241222/00017,2,P100879,1,159.99,SALE,1734886625,S11,20241222
S11/20241222/00017,3,P101732,1,1390.76,SALE,1734886625,S11,20241222
S11/20241222/00017,4,P105136,2,158.61,SALE,1734886625,S11,20241222
S11/20241222/00017,5,P100224,3,79.22,SALE,1734886625,S11,20241222
S11/20241222/00017,6,P104637,3,353.99,SALE,1734886625,S11,20241222
S11/20241222/00017,7,TAX,1,316.55,TAX,1734886625,S11,20241222
S11/20241222/00017,8,TENDER,1,3690.88,TENDER,1734886625,S11,20241222
S11/20241222/00018,1,P106958,1,125.66,SALE,1734881147,S11,20241222
S11/20241222/00018,2,P100536,1,471.52,SALE,1734881147,S11,20241222
S11/20241222/00018,3,P101359,2,49.69,SALE,1734881147,S11,20241222
S11/20241222/00018,4,P104089,1,358.58,SALE,1734881147,S11,20241222
S11/20241222/00018,5,TAX,1,189.93,TAX,1734881147,S11,20241222
S11/20241222/00018,6,TENDER,1,1245.07,TENDER,1734881147,S11,20241222
S11/20241222/00019,1,P101305,1,114.22,SALE,1734899957,S11,20241222
S11/20241222/00019,2,P107381,2,195.99,SALE,1734899957,S11,20241222
S11/20241222/00019,3,TAX,1,67.60,TAX,1734899957,S11,20241222
S11/20241222/00019,4,TENDER,1,573.80,TENDER,1734899957,S11,20241222
S11/20241222/00020,1,P106958,1,125.66,SALE,1734891078,S11,20241222
S11/20241222/00020,2,P101674,3,387.70,SALE,1734891078,S11,20241222
S11/20241222/00020,3,DISC,1,-124.41,DISCOUNT,1734891078,S11,20241222
S11/20241222/00020,4,TAX,1,209.58,TAX,1734891078,S11,20241222
S11/20241222/00020,5,TENDER,1,1373.93,TENDER,1734891078,S11,20241222
S11/20241222/00021,1,P102243,3,145.61,SALE,1734880842,S11,20241222
S11/20241222/00021,2,DISC,1,-48.58,DISCOUNT,1734880842,S11,20241222
S11/20241222/00021,3,TAX,1,19.41,TAX,1734880842,S11,20241222
S11/20241222/00021,4,TENDER,1,407.66,TENDER,1734880842,S11,20241222
S11/20241222/00022,1,P105198,5,15.39,SALE,1734891600,S11,20241222
S11/20241222/00022,2,P107028,2,56.60,SALE,1734891600,S11,20241222
S11/20241222/00022,3,P103197,6,339.40,SALE,1734891600,S11,20241222
S11/20241222/00022,4,P107654,2,409.57,SALE,1734891600,S11,20241222
S11/20241222/00022,5,TAX,1,372.27,TAX,1734891600,S11,20241222
S11/20241222/00022,6,TENDER,1,3417.96,TENDER,1734891600,S11,20241222
S11/20241222/00023,1,P107190,4,223.50,SALE,1734892106,S11,20241222
S11/20241222/00023,2,P106009,2,372.60,SALE,1734892106,S11,20241222
S11/20241222/00023,3,P103259,2,298.27,SALE,1734892106,S11,20241222
S11/20241222/00023,4,P105042,2,66.53,SALE,1734892106,S11,20241222
S11/20241222/00023,5,P102546,4,74.67,SALE,1734892106,S11,20241222
S11/20241222/00023,6,P104372,3,105.38,SALE,1734892106,S11,20241222
S11/20241222/00023,7,P107984,1,357.15,SALE,1734892106,S11,20241222
S11/20241222/00023,8,TAX,1,408.15,TAX,1734892106,S11,20241222
S11/20241222/00023,9,TENDER,1,3748.92,TENDER,1734892106,S11,20241222
S11/20241222/00024,1,P100555,3,435.03,SALE,1734892832,S11,20241222
S11/20241222/00024,2,P101052,2,212.18,SALE,1734892832,S11,20241222
S11/20241222/00024,3,P105307,1,818.25,SALE,1734892832,S11,20241222
S11/20241222/00024,4,P100686,2,800.21,SALE,1734892832,S11,20241222
S11/20241222/00024,5,P102296,1,48.88,SALE,1734892832,S11,20241222
S11/20241222/00024,6,TAX,1,361.01,TAX,1734892832,S11,20241222
S11/20241222/00024,7,TENDER,1,4558.01,TENDER,1734892832,S11,20241222
S11/20241222/00025,1,P101613,4,125.30,SALE,1734875515,S11,20241222
S11/20241222/00025,2,P107502,1,311.85,SALE,1734875515,S11,20241222
S11/20241222/00025,3,P100276,1,965.56,SALE,1734875515,S11,20241222
S11/20241222/00025,4,P103435,2,443.24,SALE,1734875515,S11,20241222
S11/20241222/00025,5,P108272,5,121.99,SALE,1734875515,S11,20241222
S11/20241222/00025,6,P105440,2,107.89,SALE,1734875515,S11,20241222
S11/20241222/00025,7,P100418,3,213.97,SALE,1734875515,S11,20241222
S11/20241222/00025,8,TAX,1,438.18,TAX,1734875515,S11,20241222
S11/20241222/00025,9,TENDER,1,4570.91,TENDER,1734875515,S11,20241222
S11/20241223/00001,1,P104517,2,1474.90,SALE,1734988686,S11,20241223
S11/20241223/00001,2,P104454,1,49.63,SALE,1734988686,S11,20241223
S11/20241223/00001,3,TAX,1,2.48,TAX,1734988686,S11,20241223
S11/20241223/00001,4,TENDER,1,3001.91,TENDER,1734988686,S11,20241223
S11/20241223/00002,1,P106602,2,122.17,SALE,1734962234,S11,20241223
S11/20241223/00002,2,P104700,1,1425.82,SALE,1734962234,S11,20241223
S11/20241223/00002,3,P105805,3,110.21,SALE,1734962234,S11,20241223
S11/20241223/00002,4,P101722,3,1460.17,SALE,1734962234,S11,20241223
S11/20241223/00002,5,P102945,2,43.42,SALE,1734962234,S11,20241223
S11/20241223/00002,6,P103927,2,206.11,SALE,1734962234,S11,20241223
S11/20241223/00002,7,DISC,1,-821.85,DISCOUNT,1734962234,S11,20241223
S11/20241223/00002,8,TAX,1,235.53,TAX,1734962234,S11,20241223
S11/20241223/00002,9,TENDER,1,6294.04,TENDER,1734962234,S11,20241223
S11/20241223/00003,1,P103504,2,366.55,SALE,1734959773,S11,20241223
S11/20241223/00003,2,P100511,1,442.66,SALE,1734959773,S11,20241223
S11/20241223/00003,3,P106288,3,48.38,SALE,1734959773,S11,20241223
S11/20241223/00003,4,TAX,1,148.35,TAX,1734959773,S11,20241223
S11/20241223/00003,5,TENDER,1,1469.25,TENDER,1734959773,S11,20241223
S11/20241223/00004,1,P106258,2,423.67,SALE,1734981669,S11,20241223
S11/20241223/00004,2,P103668,1,1530.18,SALE,1734981669,S11,20241223
S11/20241223/00004,3,P102324,1,194.59,SALE,1734981669,S11,20241223
S11/20241223/00004,4,P103510,1,196.86,SALE,1734981669,S11,20241223
S11/20241223/00004,5,TAX,1,138.45,TAX,1734981669,S11,20241223
S11/20241223/00004,6,TENDER,1,2907.42,TENDER,1734981669,S11,20241223
S11/20241223/00005,1,P108258,1,54.62,SALE,1734966498,S11,20241223
S11/20241223/00005,2,P104739,3,172.21,SALE,1734966498,S11,20241223
S11/20241223/00005,3,P106858,2,281.23,SALE,1734966498,S11,20241223
S11/20241223/00005,4,P106258,2,423.67,SALE,1734966498,S11,20241223
S11/20241223/00005,5,P101648,4,334.22,SALE,1734966498,S11,20241223
S11/20241223/00005,6,P102801,2,108.87,SALE,1734966498,S11,20241223
S11/20241223/00005,7,P102151,3,1117.25,SALE,1734966498,S11,20241223
S11/20241223/00005,8,DISC,1,-578.37,DISCOUNT,1734966498,S11,20241223
S11/20241223/00005,9,TAX,1,476.39,TAX,1734966498,S11,20241223
S11/20241223/00005,10,TENDER,1,6785.44,TENDER,1734966498,S11,20241223
S11/20241223/00006,1,P105720,1,69.64,SALE,1734963594,S11,20241223
S11/20241223/00006,2,P100803,2,278.56,SALE,1734963594,S11,20241223
S11/20241223/00006,3,P106823,1,148.11,SALE,1734963594,S11,20241223
S11/20241223/00006,4,P107695,3,271.01,SALE,1734963594,S11,20241223
S11/20241223/00006,5,P107282,4,1189.20,SALE,1734963594,S11,20241223
S11/20241223/00006,6,P100456,2,982.47,SALE,1734963594,S11,20241223
S11/20241223/00006,7,TAX,1,290.22,TAX,1734963594,S11,20241223
S11/20241223/00006,8,TENDER,1,8599.86,TENDER,1734963594,S11,20241223
S11/20241223/00007,1,P105733,1,151.69,SALE,1734949143,S11,20241223
S11/20241223/00007,2,P102656,7,194.33,SALE,1734949143,S11,20241223
S11/20241223/00007,3,TAX,1,95.32,TAX,1734949143,S11,20241223
S11/20241223/00007,4,TENDER,1,1607.32,TENDER,1734949143,S11,20241223
S11/20241223/00008,1,P102640,1,270.61,SALE,1734965893,S11,20241223
S11/20241223/00008,2,P100260,1,1120.33,SALE,1734965893,S11,20241223
S11/20241223/00008,3,P100112,2,95.15,SALE,1734965893,S11,20241223
S11/20241223/00008,4,TAX,1,82.96,TAX,1734965893,S11,20241223
S11/20241223/00008,5,TENDER,1,1664.20,TENDER,1734965893,S11,20241223
S11/20241223/00009,1,P100658,2,50.53,SALE,1734976754,S11,20241223
S11/20241223/00009,2,P102695,1,1277.24,SALE,1734976754,S11,20241223
S11/20241223/00009,3,TAX,1,153.27,TAX,1734976754,S11,20241223
S11/20241223/00009,4,TENDER,1,1531.57,TENDER,1734976754,S11,20241223
S11/20241223/00010,1,P104883,3,370.64,SALE,1734965743,S11,20241223
S11/20241223/00010,2,P106773,2,397.71,SALE,1734965743,S11,20241223
S11/20241223/00010,3,P102982,2,255.95,SALE,1734965743,S11,20241223
S11/20241223/00010,4,P102122,1,138.84,SALE,1734965743,S11,20241223
S11/20241223/00010,5,P107984,1,357.15,SALE,1734965743,S11,20241223
S11/20241223/00010,6,P106239,2,803.36,SALE,1734965743,S11,20241223
S11/20241223/00010,7,P102321,1,35.15,SALE,1734965743,S11,20241223
S11/20241223/00010,8,TAX,1,384.41,TAX,1734965743,S11,20241223
S11/20241223/00010,9,TENDER,1,4941.51,TENDER,1734965743,S11,20241223
S11/20241223/00011,1,P105797,2,254.07,SALE,1734974732,S11,20241223
S11/20241223/00011,2,P106486,1,1837.06,SALE,1734974732,S11,20241223
S11/20241223/00011,3,P105450,2,252.15,SALE,1734974732,S11,20241223
S11/20241223/00011,4,P104541,2,149.08,SALE,1734974732,S11,20241223
S11/20241223/00011,5,P102006,2,1553.68,SALE,1734974732,S11,20241223
S11/20241223/00011,6,TAX,1,326.82,TAX,1734974732,S11,20241223
S11/20241223/00011,7,TENDER,1,6581.84,TENDER,1734974732,S11,20241223
S11/20241223/00012,1,P102674,2,515.88,SALE,1734985817,S11,20241223
S11/20241223/00012,2,P102375,2,509.34,SALE,1734985817,S11,20241223
S11/20241223/00012,3,P107253,1,249.41,SALE,1734985817,S11,20241223
S11/20241223/00012,4,TAX,1,369.08,TAX,1734985817,S11,20241223
S11/20241223/00012,5,TENDER,1,2668.93,TENDER,1734985817,S11,20241223
S11/20241223/00013,1,P100469,1,49.98,SALE,1734953132,S11,20241223
S11/20241223/00013,2,P104950,1,91.01,SALE,1734953132,S11,20241223
S11/20241223/00013,3,P107859,2,136.84,SALE,1734953132,S11,20241223
S11/20241223/00013,4,P100627,6,440.29,SALE,1734953132,S11,20241223
S11/20241223/00013,5,P102290,1,587.69,SALE,1734953132,S11,20241223
S11/20241223/00013,6,P100784,3,319.36,SALE,1734953132,S11,20241223
S11/20241223/00013,7,P100438,4,66.55,SALE,1734953132,S11,20241223
S11/20241223/00013,8,P101095,2,205.38,SALE,1734953132,S11,20241223
S11/20241223/00013,9,TAX,1,363.45,TAX,1734953132,S11,20241223
S11/20241223/00013,10,TENDER,1,5642.59,TENDER,1734953132,S11,20241223
S11/20241223/00014,1,P103927,2,206.11,SALE,1734966076,S11,20241223
S11/20241223/00014,2,P106181,2,778.60,SALE,1734966076,S11,20241223
S11/20241223/00014,3,TAX,1,20.61,TAX,1734966076,S11,20241223
S11/20241223/00014,4,TENDER,1,1990.03,TENDER,1734966076,S11,20241223
S11/20241223/00015,1,P106015,2,148.43,SALE,1734969611,S11,20241223
S11/20241223/00015,2,P104733,1,669.60,SALE,1734969611,S11,20241223
S11/20241223/00015,3,P100991,4,173.46,SALE,1734969611,S11,20241223
S11/20241223/00015,4,P102640,2,270.61,SALE,1734969611,S11,20241223
S11/20241223/00015,5,TAX,1,288.26,TAX,1734969611,S11,20241223
S11/20241223/00015,6,TENDER,1,2489.78,TENDER,1734969611,S11,20241223
S11/20241223/00016,1,P104358,2,1243.57,SALE,1734982832,S11,20241223
S11/20241223/00016,2,P103693,3,102.71,SALE,1734982832,S11,20241223
S11/20241223/00016,3,P107843,2,486.47,SALE,1734982832,S11,20241223
S11/20241223/00016,4,P104372,2,105.38,SALE,1734982832,S11,20241223
S11/20241223/00016,5,P100911,3,67.40,SALE,1734982832,S11,20241223
S11/20241223/00016,6,P101533,1,975.60,SALE,1734982832,S11,20241223
S11/20241223/00016,7,P107777,1,222.77,SALE,1734982832,S11,20241223
S11/20241223/00016,8,P105988,5,29.57,SALE,1734982832,S11,20241223
S11/20241223/00016,9,P104533,3,313.53,SALE,1734982832,S11,20241223
S11/20241223/00016,10,P100221,1,139.88,SALE,1734982832,S11,20241223
S11/20241223/00016,11,P104700,1,1425.82,SALE,1734982832,S11,20241223
S11/20241223/00016,12,P101298,2,224.87,SALE,1734982832,S11,20241223
S11/20241223/00016,13,DISC,1,-711.60,DISCOUNT,1734982832,S11,20241223
S11/20241223/00016,14,TAX,1,674.71,TAX,1734982832,S11,20241223
S11/20241223/00016,15,TENDER,1,8446.53,TENDER,1734982832,S11,20241223
S11/20241223/00017,1,P100665,2,305.11,SALE,1734974957,S11,20241223
S11/20241223/00017,2,P104168,5,512.27,SALE,1734974957,S11,20241223
S11/20241223/00017,3,P103406,2,1248.48,SALE,1734974957,S11,20241223
S11/20241223/00017,4,P101520,2,187.47,SALE,1734974957,S11,20241223
S11/20241223/00017,5,P100066,2,251.22,SALE,1734974957,S11,20241223
S11/20241223/00017,6,P104933,2,560.59,SALE,1734974957,S11,20241223
S11/20241223/00017,7,P106927,1,156.05,SALE,1734974957,S11,20241223
S11/20241223/00017,8,P105351,1,109.14,SALE,1734974957,S11,20241223
S11/20241223/00017,9,TAX,1,839.38,TAX,1734974957,S11,20241223
S11/20241223/00017,10,TENDER,1,8771.66,TENDER,1734974957,S11,20241223
S11/20241223/00018,1,P104032,1,603.87,SALE,1734966264,S11,20241223
S11/20241223/00018,2,P105988,5,29.57,SALE,1734966264,S11,20241223
S11/20241223/00018,3,P101283,1,263.48,SALE,1734966264,S11,20241223
S11/20241223/00018,4,TAX,1,163.52,TAX,1734966264,S11,20241223
S11/20241223/00018,5,TENDER,1,1178.72,TENDER,1734966264,S11,20241223
S11/20241223/00019,1,P107933,2,1146.02,SALE,1734948852,S11,20241223
S11/20241223/00019,2,P100933,1,276.15,SALE,1734948852,S11,20241223
S11/20241223/00019,3,P102845,1,261.08,SALE,1734948852,S11,20241223
S11/20241223/00019,4,TAX,1,337.81,TAX,1734948852,S11,20241223
S11/20241223/00019,5,TENDER,1,3167.08,TENDER,1734948852,S11,20241223
S11/20241223/00020,1,P104048,2,193.57,SALE,1734966479,S11,20241223
S11/20241223/00020,2,P100649,4,618.96,SALE,1734966479,S11,20241223
S11/20241223/00020,3,P107890,1,133.07,SALE,1734966479,S11,20241223
S11/20241223/00020,4,DISC,1,-273.06,DISCOUNT,1734966479,S11,20241223
S11/20241223/00020,5,TAX,1,160.78,TAX,1734966479,S11,20241223
S11/20241223/00020,6,TENDER,1,2883.77,TENDER,1734966479,S11,20241223
S11/20241224/00001,1,P103382,1,196.46,SALE,1735053981,S11,20241224
S11/20241224/00001,2,P100140,1,58.05,SALE,1735053981,S11,20241224
S11/20241224/00001,3,P104202,2,166.10,SALE,1735053981,S11,20241224
S11/20241224/00001,4,P106697,4,342.69,SALE,1735053981,S11,20241224
S11/20241224/00001,5,TAX,1,184.76,TAX,1735053981,S11,20241224
S11/20241224/00001,6,TENDER,1,2142.23,TENDER,1735053981,S11,20241224
S11/20241224/00002,1,P107568,2,140.27,SALE,1735063853,S11,20241224
S11/20241224/00002,2,P107026,1,69.10,SALE,1735063853,S11,20241224
S11/20241224/00002,3,TAX,1,26.47,TAX,1735063853,S11,20241224
S11/20241224/00002,4,TENDER,1,376.11,TENDER,1735063853,S11,20241224
S11/20241224/00003,1,P105187,1,1046.11,SALE,1735043035,S11,20241224
S11/20241224/00003,2,P101440,2,253.26,SALE,1735043035,S11,20241224
S11/20241224/00003,3,P101669,2,56.49,SALE,1735043035,S11,20241224
S11/20241224/00003,4,TAX,1,5.65,TAX,1735043035,S11,20241224
S11/20241224/00003,5,TENDER,1,1671.26,TENDER,1735043035,S11,20241224
S11/20241224/00004,1,P105201,3,365.02,SALE,1735044240,S11,20241224
S11/20241224/00004,2,P106106,2,219.14,SALE,1735044240,S11,20241224
S11/20241224/00004,3,P104462,2,86.38,SALE,1735044240,S11,20241224
S11/20241224/00004,4,P103340,3,537.50,SALE,1735044240,S11,20241224
S11/20241224/00004,5,P100686,2,800.21,SALE,1735044240,S11,20241224
S11/20241224/00004,6,P100543,1,123.06,SALE,1735044240,S11,20241224
S11/20241224/00004,7,DISC,1,-141.64,DISCOUNT,1735044240,S11,20241224
S11/20241224/00004,8,TAX,1,420.38,TAX,1735044240,S11,20241224
S11/20241224/00004,9,TENDER,1,5320.82,TENDER,1735044240,S11,20241224
S11/20241224/00005,1,P103794,2,785.54,SALE,1735043331,S11,20241224
S11/20241224/00005,2,P100308,3,328.66,SALE,1735043331,S11,20241224
S11/20241224/00005,3,TAX,1,196.87,TAX,1735043331,S11,20241224
S11/20241224/00005,4,TENDER,1,2753.93,TENDER,1735043331,S11,20241224
S11/20241224/00006,1,P104257,3,42.95,SALE,1735047300,S11,20241224
S11/20241224/00006,2,P103559,3,370.21,SALE,1735047300,S11,20241224
S11/20241224/00006,3,P103438,2,187.96,SALE,1735047300,S11,20241224
S11/20241224/00006,4,P100627,1,440.29,SALE,1735047300,S11,20241224
S11/20241224/00006,5,TAX,1,102.78,TAX,1735047300,S11,20241224
S11/20241224/00006,6,TENDER,1,2158.47,TENDER,1735047300,S11,20241224
S11/20241224/00007,1,P100911,2,67.40,SALE,1735034570,S11,20241224
S11/20241224/00007,2,P107126,4,68.67,SALE,1735034570,S11,20241224
S11/20241224/00007,3,P101458,2,1365.07,SALE,1735034570,S11,20241224
S11/20241224/00007,4,P105827,2,124.38,SALE,1735034570,S11,20241224
S11/20241224/00007,5,P106084,2,592.14,SALE,1735034570,S11,20241224
S11/20241224/00007,6,P105720,3,69.64,SALE,1735034570,S11,20241224
S11/20241224/00007,7,TAX,1,111.35,TAX,1735034570,S11,20241224
S11/20241224/00007,8,TENDER,1,4892.93,TENDER,1735034570,S11,20241224
S11/20241224/00008,1,P105518,4,729.30,SALE,1735042691,S11,20241224
S11/20241224/00008,2,P105583,3,179.43,SALE,1735042691,S11,20241224
S11/20241224/00008,3,P101134,1,1071.76,SALE,1735042691,S11,20241224
S11/20241224/00008,4,P101298,2,224.87,SALE,1735042691,S11,20241224
S11/20241224/00008,5,P105765,3,529.25,SALE,1735042691,S11,20241224
S11/20241224/00008,6,P104854,4,35.80,SALE,1735042691,S11,20241224
S11/20241224/00008,7,TAX,1,961.75,TAX,1735042691,S11,20241224
S11/20241224/00008,8,TENDER,1,7669.69,TENDER,1735042691,S11,20241224
S11/20241224/00009,1,P105511,3,310.12,SALE,1735050650,S11,20241224
S11/20241224/00009,2,P103732,1,94.74,SALE,1735050650,S11,20241224
S11/20241224/00009,3,P100005,1,114.37,SALE,1735050650,S11,20241224
S11/20241224/00009,4,TAX,1,192.79,TAX,1735050650,S11,20241224
S11/20241224/00009,5,TENDER,1,1332.26,TENDER,1735050650,S11,20241224
S11/20241224/00010,1,P105050,-1,109.65,RETURN,1735035360,S11,20241224
S11/20241224/00010,2,P103766,-3,212.45,RETURN,1735035360,S11,20241224
S11/20241224/00010,3,P106072,-2,78.69,RETURN,1735035360,S11,20241224
S11/20241224/00010,4,TAX,1,-56.24,TAX,1735035360,S11,20241224
S11/20241224/00010,5,TENDER,1,-960.62,TENDER,1735035360,S11,20241224
S11/20241224/00011,1,P103452,4,1033.70,SALE,1735063637,S11,20241224
S11/20241224/00011,2,P106686,2,324.48,SALE,1735063637,S11,20241224
S11/20241224/00011,3,P104149,1,88.07,SALE,1735063637,S11,20241224
S11/20241224/00011,4,P101122,4,69.38,SALE,1735063637,S11,20241224
S11/20241224/00011,5,P104175,2,814.13,SALE,1735063637,S11,20241224
S11/20241224/00011,6,P100250,2,544.91,SALE,1735063637,S11,20241224
S11/20241224/00011,7,TAX,1,348.04,TAX,1735063637,S11,20241224
S11/20241224/00011,8,TENDER,1,8215.47,TENDER,1735063637,S11,20241224
S11/20241224/00012,1,P107502,1,311.85,SALE,1735045799,S11,20241224
S11/20241224/00012,2,P106093,2,315.93,SALE,1735045799,S11,20241224
S11/20241224/00012,3,P102272,3,389.34,SALE,1735045799,S11,20241224
S11/20241224/00012,4,P105815,1,320.65,SALE,1735045799,S11,20241224
S11/20241224/00012,5,P105057,3,294.62,SALE,1735045799,S11,20241224
S11/20241224/00012,6,P102975,4,234.92,SALE,1735045799,S11,20241224
S11/20241224/00012,7,TAX,1,638.83,TAX,1735045799,S11,20241224
S11/20241224/00012,8,TENDER,1,4894.75,TENDER,1735045799,S11,20241224
S11/20241224/00013,1,P106330,1,218.33,SALE,1735052587,S11,20241224
S11/20241224/00013,2,P105119,1,106.45,SALE,1735052587,S11,20241224
S11/20241224/00013,3,P106004,1,137.38,SALE,1735052587,S11,20241224
S11/20241224/00013,4,P107477,2,128.13,SALE,1735052587,S11,20241224
S11/20241224/00013,5,P100131,4,667.83,SALE,1735052587,S11,20241224
S11/20241224/00013,6,P100911,4,67.40,SALE,1735052587,S11,20241224
S11/20241224/00013,7,TAX,1,412.18,TAX,1735052587,S11,20241224
S11/20241224/00013,8,TENDER,1,4071.52,TENDER,1735052587,S11,20241224
S11/20241224/00014,1,P101101,3,74.25,SALE,1735059966,S11,20241224
S11/20241224/00014,2,P107208,4,323.06,SALE,1735059966,S11,20241224
S11/20241224/00014,3,P105684,2,1114.27,SALE,1735059966,S11,20241224
S11/20241224/00014,4,TAX,1,202.77,TAX,1735059966,S11,20241224
S11/20241224/00014,5,TENDER,1,3946.30,TENDER,1735059966,S11,20241224
S11/20241224/00015,1,P100140,1,58.05,SALE,1735055467,S11,20241224
S11/20241224/00015,2,P106599,2,245.11,SALE,1735055467,S11,20241224
S11/20241224/00015,3,P100463,1,290.57,SALE,1735055467,S11,20241224
S11/20241224/00015,4,P103749,1,17.91,SALE,1735055467,S11,20241224
S11/20241224/00015,5,P101384,3,42.99,SALE,1735055467,S11,20241224
S11/20241224/00015,6,P103074,4,52.85,SALE,1735055467,S11,20241224
S11/20241224/00015,7,TAX,1,117.55,TAX,1735055467,S11,20241224
S11/20241224/00015,8,TENDER,1,1314.67,TENDER,1735055467,S11,20241224
S11/20241224/00016,1,P102067,3,181.50,SALE,1735052385,S11,20241224
S11/20241224/00016,2,P104149,2,88.07,SALE,1735052385,S11,20241224
S11/20241224/00016,3,P101023,3,213.62,SALE,1735052385,S11,20241224
S11/20241224/00016,4,P103950,2,1283.54,SALE,1735052385,S11,20241224
S11/20241224/00016,5,P103473,3,428.66,SALE,1735052385,S11,20241224
S11/20241224/00016,6,P100784,4,319.36,SALE,1735052385,S11,20241224
S11/20241224/00016,7,DISC,1,-635.89,DISCOUNT,1735052385,S11,20241224
S11/20241224/00016,8,TAX,1,454.67,TAX,1735052385,S11,20241224
S11/20241224/00016,9,TENDER,1,6310.78,TENDER,1735052385,S11,20241224
S11/20241224/00017,1,P101283,1,263.48,SALE,1735086991,S11,20241224
S11/20241224/00017,2,P104251,2,79.68,SALE,1735086991,S11,20241224
S11/20241224/00017,3,DISC,1,-16.01,DISCOUNT,1735086991,S11,20241224
S11/20241224/00017,4,TAX,1,73.23,TAX,1735086991,S11,20241224
S11/20241224/00017,5,TENDER,1,480.06,TENDER,1735086991,S11,20241224
S11/20241224/00018,1,P104739,1,172.21,SALE,1735058843,S11,20241224
S11/20241224/00018,2,P105740,2,103.24,SALE,1735058843,S11,20241224
S11/20241224/00018,3,P101327,3,233.22,SALE,1735058843,S11,20241224
S11/20241224/00018,4,P107346,2,449.29,SALE,1735058843,S11,20241224
S11/20241224/00018,5,P107126,2,68.67,SALE,1735058843,S11,20241224
S11/20241224/00018,6,TAX,1,255.51,TAX,1735058843,S11,20241224
S11/20241224/00018,7,TENDER,1,2369.78,TENDER,1735058843,S11,20241224
S11/20241224/00019,1,P106288,2,48.38,SALE,1735051495,S11,20241224
S11/20241224/00019,2,P100438,5,66.55,SALE,1735051495,S11,20241224
S11/20241224/00019,3,P105180,3,102.63,SALE,1735051495,S11,20241224
S11/20241224/00019,4,P106191,1,1230.97,SALE,1735051495,S11,20241224
S11/20241224/00019,5,P100121,2,113.08,SALE,1735051495,S11,20241224
S11/20241224/00019,6,P103262,1,54.76,SALE,1735051495,S11,20241224
S11/20241224/00019,7,TAX,1,90.94,TAX,1735051495,S11,20241224
S11/20241224/00019,8,TENDER,1,2340.23,TENDER,1735051495,S11,20241224
S11/20241224/00020,1,P105729,4,75.27,SALE,1735065109,S11,20241224
S11/20241224/00020,2,P102263,1,116.79,SALE,1735065109,S11,20241224
S11/20241224/00020,3,P105583,2,179.43,SALE,1735065109,S11,20241224
S11/20241224/00020,4,P101851,2,1750.29,SALE,1735065109,S11,20241224
S11/20241224/00020,5,P107330,2,134.92,SALE,1735065109,S11,20241224
S11/20241224/00020,6,P101419,1,202.93,SALE,1735065109,S11,20241224
S11/20241224/00020,7,P106885,2,137.92,SALE,1735065109,S11,20241224
S11/20241224/00020,8,P100479,3,342.92,SALE,1735065109,S11,20241224
S11/20241224/00020,9,TAX,1,378.83,TAX,1735065109,S11,20241224
S11/20241224/00020,10,TENDER,1,6433.51,TENDER,1735065109,S11,20241224
S11/20241224/00021,1,P100438,1,66.55,SALE,1735039650,S11,20241224
S11/20241224/00021,2,P104789,1,67.52,SALE,1735039650,S11,20241224
S11/20241224/00021,3,P103348,2,485.60,SALE,1735039650,S11,20241224
S11/20241224/00021,4,P105260,2,72.61,SALE,1735039650,S11,20241224
S11/20241224/00021,5,P108076,2,151.55,SALE,1735039650,S11,20241224
S11/20241224/00021,6,DISC,1,-103.67,DISCOUNT,1735039650,S11,20241224
S11/20241224/00021,7,TAX,1,115.61,TAX,1735039650,S11,20241224
S11/20241224/00021,8,TENDER,1,1565.53,TENDER,1735039650,S11,20241224
S11/20241224/00022,1,P101106,3,543.49,SALE,1735068863,S11,20241224
S11/20241224/00022,2,P108026,2,103.54,SALE,1735068863,S11,20241224
S11/20241224/00022,3,P106399,1,198.14,SALE,1735068863,S11,20241224
S11/20241224/00022,4,P103504,2,366.55,SALE,1735068863,S11,20241224
S11/20241224/00022,5,P107848,3,267.41,SALE,1735068863,S11,20241224
S11/20241224/00022,6,DISC,1,-95.10,DISCOUNT,1735068863,S11,20241224
S11/20241224/00022,7,TAX,1,249.95,TAX,1735068863,S11,20241224
S11/20241224/00022,8,TENDER,1,3725.87,TENDER,1735068863,S11,20241224
S11/20241224/00023,1,P105057,1,294.62,SALE,1735062907,S11,20241224
S11/20241224/00023,2,P101292,3,380.75,SALE,1735062907,S11,20241224
S11/20241224/00023,3,TAX,1,110.14,TAX,1735062907,S11,20241224
S11/20241224/00023,4,TENDER,1,1547.01,TENDER,1735062907,S11,20241224
S11/20241224/00024,1,P102671,2,252.00,SALE,1735076774,S11,20241224
S11/20241224/00024,2,P102045,3,21.89,SALE,1735076774,S11,20241224
S11/20241224/00024,3,P104079,1,75.55,SALE,1735076774,S11,20241224
S11/20241224/00024,4,P106955,1,204.37,SALE,1735076774,S11,20241224
S11/20241224/00024,5,P105468,1,1100.43,SALE,1735076774,S11,20241224
S11/20241224/00024,6,DISC,1,-139.49,DISCOUNT,1735076774,S11,20241224
S11/20241224/00024,7,TAX,1,155.78,TAX,1735076774,S11,20241224
S11/20241224/00024,8,TENDER,1,1966.31,TENDER,1735076774,S11,20241224
S11/20241224/00025,1,P108149,4,1073.33,SALE,1735075298,S11,20241224
S11/20241224/00025,2,P106710,2,98.77,SALE,1735075298,S11,20241224
S11/20241224/00025,3,P108174,2,235.92,SALE,1735075298,S11,20241224
S11/20241224/00025,4,P100428,1,150.84,SALE,1735075298,S11,20241224
S11/20241224/00025,5,P104718,1,364.54,SALE,1735075298,S11,20241224
S11/20241224/00025,6,TAX,1,102.89,TAX,1735075298,S11,20241224
S11/20241224/00025,7,TENDER,1,5580.97,TENDER,1735075298,S11,20241224
S11/20241224/00026,1,P106098,1,334.84,SALE,1735038995,S11,20241224
S11/20241224/00026,2,P103118,3,47.89,SALE,1735038995,S11,20241224
S11/20241224/00026,3,P107294,1,85.13,SALE,1735038995,S11,20241224
S11/20241224/00026,4,P106584,4,247.63,SALE,1735038995,S11,20241224
S11/20241224/00026,5,P106865,1,299.72,SALE,1735038995,S11,20241224
S11/20241224/00026,6,P102184,2,101.58,SALE,1735038995,S11,20241224
S11/20241224/00026,7,TAX,1,142.14,TAX,1735038995,S11,20241224
S11/20241224/00026,8,TENDER,1,2199.18,TENDER,1735038995,S11,20241224
S11/20241224/00027,1,P105106,1,104.56,SALE,1735056165,S11,20241224
S11/20241224/00027,2,P108282,1,472.97,SALE,1735056165,S11,20241224
S11/20241224/00027,3,P107777,2,222.77,SALE,1735056165,S11,20241224
S11/20241224/00027,4,P101507,1,635.95,SALE,1735056165,S11,20241224
S11/20241224/00027,5,P101356,1,1264.05,SALE,1735056165,S11,20241224
S11/20241224/00027,6,TAX,1,137.47,TAX,1735056165,S11,20241224
S11/20241224/00027,7,TENDER,1,3060.54,TENDER,1735056165,S11,20241224
S11/20241224/00028,1,P102415,1,1245.81,SALE,1735024131,S11,20241224
S11/20241224/00028,2,P106048,3,310.59,SALE,1735024131,S11,20241224
S11/20241224/00028,3,P106885,1,137.92,SALE,1735024131,S11,20241224
S11/20241224/00028,4,P106133,4,370.91,SALE,1735024131,S11,20241224
S11/20241224/00028,5,P104011,1,657.72,SALE,1735024131,S11,20241224
S11/20241224/00028,6,P104789,1,67.52,SALE,1735024131,S11,20241224
S11/20241224/00028,7,P101127,1,51.94,SALE,1735024131,S11,20241224
S11/20241224/00028,8,DISC,1,-146.09,DISCOUNT,1735024131,S11,20241224
S11/20241224/00028,9,TAX,1,482.94,TAX,1735024131,S11,20241224
S11/20241224/00028,10,TENDER,1,4913.17,TENDER,1735024131,S11,20241224
S11/20241224/00029,1,P107078,1,98.82,SALE,1735050308,S11,20241224
S11/20241224/00029,2,P105707,2,130.64,SALE,1735050308,S11,20241224
S11/20241224/00029,3,P106015,5,148.43,SALE,1735050308,S11,20241224
S11/20241224/00029,4,P101440,6,253.26,SALE,1735050308,S11,20241224
S11/20241224/00029,5,P106934,2,1604.94,SALE,1735050308,S11,20241224
S11/20241224/00029,6,DISC,1,-322.36,DISCOUNT,1735050308,S11,20241224
S11/20241224/00029,7,TAX,1,113.76,TAX,1735050308,S11,20241224
S11/20241224/00029,8,TENDER,1,5623.09,TENDER,1735050308,S11,20241224
S11/20241224/00030,1,P107609,1,108.46,SALE,1735073889,S11,20241224
S11/20241224/00030,2,P106035,2,86.76,SALE,1735073889,S11,20241224
S11/20241224/00030,3,TAX,1,50.76,TAX,1735073889,S11,20241224
S11/20241224/00030,4,TENDER,1,332.74,TENDER,1735073889,S11,20241224
S11/20241224/00031,1,P106084,3,592.14,SALE,1735058896,S11,20241224
S11/20241224/00031,2,P106317,4,485.55,SALE,1735058896,S11,20241224
S11/20241224/00031,3,P105405,1,430.78,SALE,1735058896,S11,20241224
S11/20241224/00031,4,P104212,1,426.07,SALE,1735058896,S11,20241224
S11/20241224/00031,5,P104175,1,814.13,SALE,1735058896,S11,20241224
S11/20241224/00031,6,P105729,2,75.27,SALE,1735058896,S11,20241224
S11/20241224/00031,7,TAX,1,447.21,TAX,1735058896,S11,20241224
S11/20241224/00031,8,TENDER,1,5987.35,TENDER,1735058896,S11,20241224
S11/20241224/00032,1,P103978,1,347.08,SALE,1735056299,S11,20241224
S11/20241224/00032,2,P102664,2,261.47,SALE,1735056299,S11,20241224
S11/20241224/00032,3,P108346,1,534.07,SALE,1735056299,S11,20241224
S11/20241224/00032,4,P101613,2,125.30,SALE,1735056299,S11,20241224
S11/20241224/00032,5,TAX,1,183.29,TAX,1735056299,S11,20241224
S11/20241224/00032,6,TENDER,1,1837.98,TENDER,1735056299,S11,20241224
S11/20241224/00033,1,P104765,-1,401.36,RETURN,1735067354,S11,20241224
S11/20241224/00033,2,P103882,-1,273.56,RETURN,1735067354,S11,20241224
S11/20241224/00033,3,TAX,1,-97.40,TAX,1735067354,S11,20241224
S11/20241224/00033,4,TENDER,1,-772.32,TENDER,1735067354,S11,20241224
S11/20241225/00001,1,P101839,1,402.65,SALE,1735133038,S11,20241225
S11/20241225/00001,2,P103958,1,32.46,SALE,1735133038,S11,20241225
S11/20241225/00001,3,P104072,3,724.10,SALE,1735133038,S11,20241225
S11/20241225/00001,4,P104446,1,66.45,SALE,1735133038,S11,20241225
S11/20241225/00001,5,P106258,1,423.67,SALE,1735133038,S11,20241225
S11/20241225/00001,6,P103934,2,284.79,SALE,1735133038,S11,20241225
S11/20241225/00001,7,TAX,1,298.44,TAX,1735133038,S11,20241225
S11/20241225/00001,8,TENDER,1,3965.55,TENDER,1735133038,S11,20241225
S11/20241225/00002,1,P106577,1,52.98,SALE,1735161744,S11,20241225
S11/20241225/00002,2,P100582,2,170.67,SALE,1735161744,S11,20241225
S11/20241225/00002,3,P100403,2,71.79,SALE,1735161744,S11,20241225
S11/20241225/00002,4,P100731,2,254.77,SALE,1735161744,S11,20241225
S11/20241225/00002,5,P104665,1,217.71,SALE,1735161744,S11,20241225
S11/20241225/00002,6,P103682,1,372.67,SALE,1735161744,S11,20241225
S11/20241225/00002,7,P102931,2,185.66,SALE,1735161744,S11,20241225
S11/20241225/00002,8,P107178,1,298.69,SALE,1735161744,S11,20241225
S11/20241225/00002,9,TAX,1,302.09,TAX,1735161744,S11,20241225
S11/20241225/00002,10,TENDER,1,2609.92,TENDER,1735161744,S11,20241225
S11/20241225/00003,1,P100974,2,41.35,SALE,1735140764,S11,20241225
S11/20241225/00003,2,P101874,3,21.48,SALE,1735140764,S11,20241225
S11/20241225/00003,3,P104645,2,1052.62,SALE,1735140764,S11,20241225
S11/20241225/00003,4,P103732,1,94.74,SALE,1735140764,S11,20241225
S11/20241225/00003,5,TAX,1,8.87,TAX,1735140764,S11,20241225
S11/20241225/00003,6,TENDER,1,2355.99,TENDER,1735140764,S11,20241225
S11/20241225/00004,1,P106434,3,178.02,SALE,1735122305,S11,20241225
S11/20241225/00004,2,P107920,2,109.22,SALE,1735122305,S11,20241225
S11/20241225/00004,3,DISC,1,-71.79,DISCOUNT,1735122305,S11,20241225
S11/20241225/00004,4,TAX,1,93.54,TAX,1735122305,S11,20241225
S11/20241225/00004,5,TENDER,1,774.25,TENDER,1735122305,S11,20241225
S11/20241225/00005,1,P105835,2,238.39,SALE,1735134247,S11,20241225
S11/20241225/00005,2,P106776,1,445.40,SALE,1735134247,S11,20241225
S11/20241225/00005,3,TAX,1,46.11,TAX,1735134247,S11,20241225
S11/20241225/00005,4,TENDER,1,968.29,TENDER,1735134247,S11,20241225
S11/20241225/00006,1,P106911,3,232.77,SALE,1735126721,S11,20241225
S11/20241225/00006,2,P102184,1,101.58,SALE,1735126721,S11,20241225
S11/20241225/00006,3,TAX,1,18.28,TAX,1735126721,S11,20241225
S11/20241225/00006,4,TENDER,1,818.17,TENDER,1735126721,S11,20241225
S11/20241225/00007,1,P108258,-1,54.62,RETURN,1735130786,S11,20241225
S11/20241225/00007,2,P103693,-1,102.71,RETURN,1735130786,S11,20241225
S11/20241225/00007,3,P104257,-2,42.95,RETURN,1735130786,S11,20241225
S11/20241225/00007,4,P103616,-2,662.98,RETURN,1735130786,S11,20241225
S11/20241225/00007,5,TAX,1,-80.42,TAX,1735130786,S11,20241225
S11/20241225/00007,6,TENDER,1,-1649.61,TENDER,1735130786,S11,20241225
S11/20241225/00008,1,P102913,1,375.37,SALE,1735152570,S11,20241225
S11/20241225/00008,2,P106927,3,156.05,SALE,1735152570,S11,20241225
S11/20241225/00008,3,P103766,2,212.45,SALE,1735152570,S11,20241225
S11/20241225/00008,4,TAX,1,89.70,TAX,1735152570,S11,20241225
S11/20241225/00008,5,TENDER,1,1358.12,TENDER,1735152570,S11,20241225
S11/20241225/00009,1,P106833,2,446.47,SALE,1735138214,S11,20241225
S11/20241225/00009,2,P107422,2,193.56,SALE,1735138214,S11,20241225
S11/20241225/00009,3,P104554,1,437.01,SALE,1735138214,S11,20241225
S11/20241225/00009,4,TAX,1,232.53,TAX,1735138214,S11,20241225
S11/20241225/00009,5,TENDER,1,1949.60,TENDER,1735138214,S11,20241225
S11/20241225/00010,1,P103340,2,537.50,SALE,1735142328,S11,20241225
S11/20241225/00010,2,P100339,3,299.99,SALE,1735142328,S11,20241225
S11/20241225/00010,3,P102963,2,415.64,SALE,1735142328,S11,20241225
S11/20241225/00010,4,P108346,1,534.07,SALE,1735142328,S11,20241225
S11/20241225/00010,5,P104389,4,169.98,SALE,1735142328,S11,20241225
S11/20241225/00010,6,P102151,2,1117.25,SALE,1735142328,S11,20241225
S11/20241225/00010,7,P103452,2,1033.70,SALE,1735142328,S11,20241225
S11/20241225/00010,8,TAX,1,869.31,TAX,1735142328,S11,20241225
S11/20241225/00010,9,TENDER,1,9191.45,TENDER,1735142328,S11,20241225
S11/20241225/00011,1,P107708,1,167.35,SALE,1735151154,S11,20241225
S11/20241225/00011,2,P104827,1,168.97,SALE,1735151154,S11,20241225
S11/20241225/00011,3,P101578,5,44.18,SALE,1735151154,S11,20241225
S11/20241225/00011,4,P105677,1,109.29,SALE,1735151154,S11,20241225
S11/20241225/00011,5,P101681,4,139.09,SALE,1735151154,S11,20241225
S11/20241225/00011,6,P105695,2,158.81,SALE,1735151154,S11,20241225
S11/20241225/00011,7,P101152,3,490.05,SALE,1735151154,S11,20241225
S11/20241225/00011,8,P102903,1,51.46,SALE,1735151154,S11,20241225
S11/20241225/00011,9,TAX,1,387.25,TAX,1735151154,S11,20241225
S11/20241225/00011,10,TENDER,1,3449.35,TENDER,1735151154,S11,20241225
S11/20241225/00012,1,P104992,3,979.87,SALE,1735136182,S11,20241225
S11/20241225/00012,2,P102006,2,1553.68,SALE,1735136182,S11,20241225
S11/20241225/00012,3,P107018,2,187.58,SALE,1735136182,S11,20241225
S11/20241225/00012,4,P101933,3,1344.63,SALE,1735136182,S11,20241225
S11/20241225/00012,5,TAX,1,502.82,TAX,1735136182,S11,20241225
S11/20241225/00012,6,TENDER,1,10958.84,TENDER,1735136182,S11,20241225
S11/20241225/00013,1,P107264,1,190.99,SALE,1735143093,S11,20241225
S11/20241225/00013,2,P107822,2,69.77,SALE,1735143093,S11,20241225
S11/20241225/00013,3,P102321,1,35.15,SALE,1735143093,S11,20241225
S11/20241225/00013,4,P101660,2,193.14,SALE,1735143093,S11,20241225
S11/20241225/00013,5,TAX,1,83.03,TAX,1735143093,S11,20241225
S11/20241225/00013,6,TENDER,1,834.99,TENDER,1735143093,S11,20241225
S11/20241225/00014,1,P108159,3,488.81,SALE,1735152065,S11,20241225
S11/20241225/00014,2,P103068,1,153.43,SALE,1735152065,S11,20241225
S11/20241225/00014,3,P103054,3,145.96,SALE,1735152065,S11,20241225
S11/20241225/00014,4,TAX,1,7.67,TAX,1735152065,S11,20241225
S11/20241225/00014,5,TENDER,1,2065.41,TENDER,1735152065,S11,20241225
S11/20241225/00015,1,P103231,3,241.80,SALE,1735174437,S11,20241225
S11/20241225/00015,2,P106955,1,204.37,SALE,1735174437,S11,20241225
S11/20241225/00015,3,P106454,2,127.35,SALE,1735174437,S11,20241225
S11/20241225/00015,4,P107759,1,257.69,SALE,1735174437,S11,20241225
S11/20241225/00015,5,P105280,2,220.35,SALE,1735174437,S11,20241225
S11/20241225/00015,6,TAX,1,81.26,TAX,1735174437,S11,20241225
S11/20241225/00015,7,TENDER,1,1964.12,TENDER,1735174437,S11,20241225
S11/20241225/00016,1,P105923,1,245.29,SALE,1735158956,S11,20241225
S11/20241225/00016,2,P102788,1,920.26,SALE,1735158956,S11,20241225
S11/20241225/00016,3,P102364,2,104.57,SALE,1735158956,S11,20241225
S11/20241225/00016,4,TAX,1,95.92,TAX,1735158956,S11,20241225
S11/20241225/00016,5,TENDER,1,1470.61,TENDER,1735158956,S11,20241225
S11/20241225/00017,1,P108179,3,307.53,SALE,1735160553,S11,20241225
S11/20241225/00017,2,P101367,2,512.46,SALE,1735160553,S11,20241225
S11/20241225/00017,3,P103542,1,398.89,SALE,1735160553,S11,20241225
S11/20241225/00017,4,P100268,3,197.00,SALE,1735160553,S11,20241225
S11/20241225/00017,5,TAX,1,372.61,TAX,1735160553,S11,20241225
S11/20241225/00017,6,TENDER,1,3310.01,TENDER,1735160553,S11,20241225
S11/20241225/00018,1,P106239,5,803.36,SALE,1735146367,S11,20241225
S11/20241225/00018,2,P101990,2,408.52,SALE,1735146367,S11,20241225
S11/20241225/00018,3,P106891,2,642.78,SALE,1735146367,S11,20241225
S11/20241225/00018,4,P104676,1,87.52,SALE,1735146367,S11,20241225
S11/20241225/00018,5,P104168,2,512.27,SALE,1735146367,S11,20241225
S11/20241225/00018,6,P105351,4,109.14,SALE,1735146367,S11,20241225
S11/20241225/00018,7,P102718,1,356.09,SALE,1735146367,S11,20241225
S11/20241225/00018,8,P107799,1,751.07,SALE,1735146367,S11,20241225
S11/20241225/00018,9,TAX,1,409.53,TAX,1735146367,S11,20241225
S11/20241225/00018,10,TENDER,1,9184.71,TENDER,1735146367,S11,20241225
S11/20241225/00019,1,P103202,1,295.26,SALE,1735168265,S11,20241225
S11/20241225/00019,2,P100682,1,337.76,SALE,1735168265,S11,20241225
S11/20241225/00019,3,P101558,1,52.58,SALE,1735168265,S11,20241225
S11/20241225/00019,4,TAX,1,85.43,TAX,1735168265,S11,20241225
S11/20241225/00019,5,TENDER,1,771.03,TENDER,1735168265,S11,20241225
S11/20241225/00020,1,P107089,1,208.86,SALE,1735136119,S11,20241225
S11/20241225/00020,2,P102909,2,48.78,SALE,1735136119,S11,20241225
S11/20241225/00020,3,P104270,2,1153.64,SALE,1735136119,S11,20241225
S11/20241225/00020,4,P104554,3,437.01,SALE,1735136119,S11,20241225
S11/20241225/00020,5,P100463,1,290.57,SALE,1735136119,S11,20241225
S11/20241225/00020,6,P102931,2,185.66,SALE,1735136119,S11,20241225
S11/20241225/00020,7,P108191,1,309.71,SALE,1735136119,S11,20241225
S11/20241225/00020,8,P104072,2,724.10,SALE,1735136119,S11,20241225
S11/20241225/00020,9,P100658,3,50.53,SALE,1735136119,S11,20241225
S11/20241225/00020,10,P106651,2,900.59,SALE,1735136119,S11,20241225
S11/20241225/00020,11,TAX,1,405.89,TAX,1735136119,S11,20241225
S11/20241225/00020,12,TENDER,1,8703.19,TENDER,1735136119,S11,20241225
S11/20241225/00021,1,P108302,2,855.55,SALE,1735166717,S11,20241225
S11/20241225/00021,2,P100879,3,159.99,SALE,1735166717,S11,20241225
S11/20241225/00021,3,P100640,3,379.48,SALE,1735166717,S11,20241225
S11/20241225/00021,4,P106282,2,448.43,SALE,1735166717,S11,20241225
S11/20241225/00021,5,TAX,1,383.60,TAX,1735166717,S11,20241225
S11/20241225/00021,6,TENDER,1,4609.97,TENDER,1735166717,S11,20241225
S11/20241225/00022,1,P107477,2,116.48,SALE,1735129530,S11,20241225
S11/20241225/00022,2,TAX,1,11.65,TAX,1735129530,S11,20241225
S11/20241225/00022,3,TENDER,1,244.61,TENDER,1735129530,S11,20241225
S11/20241225/00023,1,P102849,3,682.39,SALE,1735148704,S11,20241225
S11/20241225/00023,2,P105838,3,594.50,SALE,1735148704,S11,20241225
S11/20241225/00023,3,P102972,2,227.38,SALE,1735148704,S11,20241225
S11/20241225/00023,4,P102954,1,129.98,SALE,1735148704,S11,20241225
S11/20241225/00023,5,P103552,2,125.20,SALE,1735148704,S11,20241225
S11/20241225/00023,6,TAX,1,315.83,TAX,1735148704,S11,20241225
S11/20241225/00023,7,TENDER,1,4981.64,TENDER,1735148704,S11,20241225
S11/20241225/00024,1,P102849,4,682.39,SALE,1735141908,S11,20241225
S11/20241225/00024,2,P108397,2,286.03,SALE,1735141908,S11,20241225
S11/20241225/00024,3,P102184,1,101.58,SALE,1735141908,S11,20241225
S11/20241225/00024,4,P101710,5,345.87,SALE,1735141908,S11,20241225
S11/20241225/00024,5,P107292,3,372.98,SALE,1735141908,S11,20241225
S11/20241225/00024,6,TAX,1,756.27,TAX,1735141908,S11,20241225
S11/20241225/00024,7,TENDER,1,7007.76,TENDER,1735141908,S11,20241225
S11/20241225/00025,1,P102714,2,86.80,SALE,1735134398,S11,20241225
S11/20241225/00025,2,P100711,2,101.23,SALE,1735134398,S11,20241225
S11/20241225/00025,3,P104058,1,351.54,SALE,1735134398,S11,20241225
S11/20241225/00025,4,P106181,1,778.60,SALE,1735134398,S11,20241225
S11/20241225/00025,5,P103231,2,241.80,SALE,1735134398,S11,20241225
S11/20241225/00025,6,P103654,2,481.76,SALE,1735134398,S11,20241225
S11/20241225/00025,7,TAX,1,192.91,TAX,1735134398,S11,20241225
S11/20241225/00025,8,TENDER,1,3146.23,TENDER,1735134398,S11,20241225
S11/20241225/00026,1,P101106,2,543.49,SALE,1735135919,S11,20241225
S11/20241225/00026,2,TAX,1,54.35,TAX,1735135919,S11,20241225
S11/20241225/00026,3,TENDER,1,1141.33,TENDER,1735135919,S11,20241225
S11/20241225/00027,1,P103606,2,185.94,SALE,1735113874,S11,20241225
S11/20241225/00027,2,TAX,1,18.59,TAX,1735113874,S11,20241225
S11/20241225/00027,3,TENDER,1,390.47,TENDER,1735113874,S11,20241225
S11/20241225/00028,1,P103090,3,841.97,SALE,1735145911,S11,20241225
S11/20241225/00028,2,P104427,2,506.64,SALE,1735145911,S11,20241225
S11/20241225/00028,3,P103958,2,32.46,SALE,1735145911,S11,20241225
S11/20241225/00028,4,TAX,1,320.37,TAX,1735145911,S11,20241225
S11/20241225/00028,5,TENDER,1,3924.48,TENDER,1735145911,S11,20241225
S11/20241225/00029,1,P105405,1,430.78,SALE,1735124597,S11,20241225
S11/20241225/00029,2,P101656,2,324.95,SALE,1735124597,S11,20241225
S11/20241225/00029,3,P105400,2,53.13,SALE,1735124597,S11,20241225
S11/20241225/00029,4,TAX,1,118.65,TAX,1735124597,S11,20241225
S11/20241225/00029,5,TENDER,1,1305.59,TENDER,1735124597,S11,20241225
S11/20241225/00030,1,P104902,2,516.78,SALE,1735132383,S11,20241225
S11/20241225/00030,2,P102255,2,167.76,SALE,1735132383,S11,20241225
S11/20241225/00030,3,DISC,1,-61.33,DISCOUNT,1735132383,S11,20241225
S11/20241225/00030,4,TAX,1,177.71,TAX,1735132383,S11,20241225
S11/20241225/00030,5,TENDER,1,1485.46,TENDER,1735132383,S11,20241225
S11/20241226/00001,1,P104382,1,62.22,SALE,1735218585,S11,20241226
S11/20241226/00001,2,DISC,1,-5.17,DISCOUNT,1735218585,S11,20241226
S11/20241226/00001,3,TAX,1,2.85,TAX,1735218585,S11,20241226
S11/20241226/00001,4,TENDER,1,59.90,TENDER,1735218585,S11,20241226
S11/20241226/00002,1,P108008,4,128.46,SALE,1735226148,S11,20241226
S11/20241226/00002,2,P103249,2,521.24,SALE,1735226148,S11,20241226
S11/20241226/00002,3,P100131,3,667.83,SALE,1735226148,S11,20241226
S11/20241226/00002,4,P102975,3,234.92,SALE,1735226148,S11,20241226
S11/20241226/00002,5,TAX,1,511.89,TAX,1735226148,S11,20241226
S11/20241226/00002,6,TENDER,1,4776.46,TENDER,1735226148,S11,20241226
S11/20241226/00003,1,P102814,2,543.91,SALE,1735232592,S11,20241226
S11/20241226/00003,2,P102616,3,82.31,SALE,1735232592,S11,20241226
S11/20241226/00003,3,P103719,3,957.52,SALE,1735232592,S11,20241226
S11/20241226/00003,4,P102581,2,185.56,SALE,1735232592,S11,20241226
S11/20241226/00003,5,TAX,1,462.10,TAX,1735232592,S11,20241226
S11/20241226/00003,6,TENDER,1,5040.53,TENDER,1735232592,S11,20241226
S11/20241226/00004,1,P105345,1,335.85,SALE,1735245480,S11,20241226
S11/20241226/00004,2,P100406,2,435.20,SALE,1735245480,S11,20241226
S11/20241226/00004,3,P106035,2,86.76,SALE,1735245480,S11,20241226
S11/20241226/00004,4,P103259,3,298.27,SALE,1735245480,S11,20241226
S11/20241226/00004,5,P103118,2,47.89,SALE,1735245480,S11,20241226
S11/20241226/00004,6,P104938,2,999.94,SALE,1735245480,S11,20241226
S11/20241226/00004,7,P103188,3,30.16,SALE,1735245480,S11,20241226
S11/20241226/00004,8,TAX,1,352.61,TAX,1735245480,S11,20241226
S11/20241226/00004,9,TENDER,1,4813.33,TENDER,1735245480,S11,20241226
S11/20241226/00005,1,P103896,3,203.30,SALE,1735250765,S11,20241226
S11/20241226/00005,2,P104916,3,340.18,SALE,1735250765,S11,20241226
S11/20241226/00005,3,P107899,1,197.21,SALE,1735250765,S11,20241226
S11/20241226/00005,4,P100816,3,806.93,SALE,1735250765,S11,20241226
S11/20241226/00005,5,TAX,1,593.83,TAX,1735250765,S11,20241226
S11/20241226/00005,6,TENDER,1,4842.27,TENDER,1735250765,S11,20241226
S11/20241226/00006,1,P102397,2,355.28,SALE,1735231424,S11,20241226
S11/20241226/00006,2,TAX,1,85.27,TAX,1735231424,S11,20241226
S11/20241226/00006,3,TENDER,1,795.83,TENDER,1735231424,S11,20241226
S11/20241226/00007,1,P107346,1,449.29,SALE,1735222118,S11,20241226
S11/20241226/00007,2,P104219,2,249.74,SALE,1735222118,S11,20241226
S11/20241226/00007,3,P107695,3,271.01,SALE,1735222118,S11,20241226
S11/20241226/00007,4,P106833,5,446.47,SALE,1735222118,S11,20241226
S11/20241226/00007,5,P100816,2,806.93,SALE,1735222118,S11,20241226
S11/20241226/00007,6,P103129,1,84.49,SALE,1735222118,S11,20241226
S11/20241226/00007,7,TAX,1,839.44,TAX,1735222118,S11,20241226
S11/20241226/00007,8,TENDER,1,6531.94,TENDER,1735222118,S11,20241226
S11/20241226/00008,1,P104725,2,551.38,SALE,1735219034,S11,20241226
S11/20241226/00008,2,P105666,1,1064.29,SALE,1735219034,S11,20241226
S11/20241226/00008,3,P107463,3,188.92,SALE,1735219034,S11,20241226
S11/20241226/00008,4,P104593,1,867.34,SALE,1735219034,S11,20241226
S11/20241226/00008,5,TAX,1,404.59,TAX,1735219034,S11,20241226
S11/20241226/00008,6,TENDER,1,4005.74,TENDER,1735219034,S11,20241226
S11/20241226/00009,1,P101622,2,272.35,SALE,1735236875,S11,20241226
S11/20241226/00009,2,P103406,1,1248.48,SALE,1735236875,S11,20241226
S11/20241226/00009,3,P103461,2,109.46,SALE,1735236875,S11,20241226
S11/20241226/00009,4,P105937,2,259.08,SALE,1735236875,S11,20241226
S11/20241226/00009,5,P102738,1,236.55,SALE,1735236875,S11,20241226
S11/20241226/00009,6,TAX,1,324.98,TAX,1735236875,S11,20241226
S11/20241226/00009,7,TENDER,1,3091.79,TENDER,1735236875,S11,20241226
S11/20241226/00010,1,P107695,1,271.01,SALE,1735218480,S11,20241226
S11/20241226/00010,2,P107822,3,69.77,SALE,1735218480,S11,20241226
S11/20241226/00010,3,P107294,2,85.13,SALE,1735218480,S11,20241226
S11/20241226/00010,4,TAX,1,94.97,TAX,1735218480,S11,20241226
S11/20241226/00010,5,TENDER,1,745.55,TENDER,1735218480,S11,20241226
S11/20241226/00011,1,P106382,3,81.60,SALE,1735243200,S11,20241226
S11/20241226/00011,2,P107346,2,449.29,SALE,1735243200,S11,20241226
S11/20241226/00011,3,TAX,1,44.93,TAX,1735243200,S11,20241226
S11/20241226/00011,4,TENDER,1,1188.31,TENDER,1735243200,S11,20241226
S11/20241226/00012,1,P104097,3,330.82,SALE,1735228035,S11,20241226
S11/20241226/00012,2,P106080,3,361.06,SALE,1735228035,S11,20241226
S11/20241226/00012,3,P105075,1,49.58,SALE,1735228035,S11,20241226
S11/20241226/00012,4,P105384,1,315.25,SALE,1735228035,S11,20241226
S11/20241226/00012,5,TAX,1,295.83,TAX,1735228035,S11,20241226
S11/20241226/00012,6,TENDER,1,2736.30,TENDER,1735228035,S11,20241226
S11/20241226/00013,1,P103904,3,1081.09,SALE,1735233521,S11,20241226
S11/20241226/00013,2,P104372,3,105.38,SALE,1735233521,S11,20241226
S11/20241226/00013,3,P100394,4,320.36,SALE,1735233521,S11,20241226
S11/20241226/00013,4,TAX,1,331.74,TAX,1735233521,S11,20241226
S11/20241226/00013,5,TENDER,1,5172.59,TENDER,1735233521,S11,20241226
S11/20241226/00014,1,P101911,3,1431.80,SALE,1735224197,S11,20241226
S11/20241226/00014,2,P102998,2,158.64,SALE,1735224197,S11,20241226
S11/20241226/00014,3,P100403,2,71.79,SALE,1735224197,S11,20241226
S11/20241226/00014,4,P100677,1,256.17,SALE,1735224197,S11,20241226
S11/20241226/00014,5,P102000,2,82.98,SALE,1735224197,S11,20241226
S11/20241226/00014,6,P105944,2,985.47,SALE,1735224197,S11,20241226
S11/20241226/00014,7,TAX,1,386.84,TAX,1735224197,S11,20241226
S11/20241226/00014,8,TENDER,1,7536.17,TENDER,1735224197,S11,20241226
S11/20241226/00015,1,P101023,2,213.62,SALE,1735250048,S11,20241226
S11/20241226/00015,2,P102181,1,1615.15,SALE,1735250048,S11,20241226
S11/20241226/00015,3,P105845,2,121.94,SALE,1735250048,S11,20241226
S11/20241226/00015,4,P103616,3,662.98,SALE,1735250048,S11,20241226
S11/20241226/00015,5,TAX,1,164.71,TAX,1735250048,S11,20241226
S11/20241226/00015,6,TENDER,1,4439.92,TENDER,1735250048,S11,20241226
S11/20241226/00016,1,P106648,2,339.01,SALE,1735201713,S11,20241226
S11/20241226/00016,2,P105433,2,144.32,SALE,1735201713,S11,20241226
S11/20241226/00016,3,P106942,2,206.70,SALE,1735201713,S11,20241226
S11/20241226/00016,4,P108060,1,217.09,SALE,1735201713,S11,20241226
S11/20241226/00016,5,TAX,1,145.60,TAX,1735201713,S11,20241226
S11/20241226/00016,6,TENDER,1,1742.75,TENDER,1735201713,S11,20241226
S11/20241226/00017,1,P105230,2,123.72,SALE,1735231653,S11,20241226
S11/20241226/00017,2,P100571,3,134.98,SALE,1735231653,S11,20241226
S11/20241226/00017,3,P103449,3,381.08,SALE,1735231653,S11,20241226
S11/20241226/00017,4,P105815,3,320.65,SALE,1735231653,S11,20241226
S11/20241226/00017,5,P104427,4,506.64,SALE,1735231653,S11,20241226
S11/20241226/00017,6,P107715,2,241.95,SALE,1735231653,S11,20241226
S11/20241226/00017,7,TAX,1,727.06,TAX,1735231653,S11,20241226
S11/20241226/00017,8,TENDER,1,5995.09,TENDER,1735231653,S11,20241226
S11/20241226/00018,1,P108067,2,640.50,SALE,1735253744,S11,20241226
S11/20241226/00018,2,P104854,2,35.80,SALE,1735253744,S11,20241226
S11/20241226/00018,3,P101305,1,114.22,SALE,1735253744,S11,20241226
S11/20241226/00018,4,P106258,2,423.67,SALE,1735253744,S11,20241226
S11/20241226/00018,5,TAX,1,62.93,TAX,1735253744,S11,20241226
S11/20241226/00018,6,TENDER,1,2377.09,TENDER,1735253744,S11,20241226
S11/20241226/00019,1,P107208,1,323.06,SALE,1735232663,S11,20241226
S11/20241226/00019,2,P103927,2,206.11,SALE,1735232663,S11,20241226
S11/20241226/00019,3,P105656,2,516.52,SALE,1735232663,S11,20241226
S11/20241226/00019,4,P101648,2,334.22,SALE,1735232663,S11,20241226
S11/20241226/00019,5,P102682,5,95.00,SALE,1735232663,S11,20241226
S11/20241226/00019,6,TAX,1,93.94,TAX,1735232663,S11,20241226
S11/20241226/00019,7,TENDER,1,3005.70,TENDER,1735232663,S11,20241226
S11/20241226/00020,1,P106844,2,23.44,SALE,1735238002,S11,20241226
S11/20241226/00020,2,P106490,2,671.88,SALE,1735238002,S11,20241226
S11/20241226/00020,3,TAX,1,8.44,TAX,1735238002,S11,20241226
S11/20241226/00020,4,TENDER,1,1399.08,TENDER,1735238002,S11,20241226
S11/20241226/00021,1,P107799,1,751.07,SALE,1735234650,S11,20241226
S11/20241226/00021,2,P104733,6,669.60,SALE,1735234650,S11,20241226
S11/20241226/00021,3,P106258,2,423.67,SALE,1735234650,S11,20241226
S11/20241226/00021,4,DISC,1,-442.02,DISCOUNT,1735234650,S11,20241226
S11/20241226/00021,5,TAX,1,739.88,TAX,1735234650,S11,20241226
S11/20241226/00021,6,TENDER,1,5913.87,TENDER,1735234650,S11,20241226
S11/20241226/00022,1,P108076,3,151.55,SALE,1735224798,S11,20241226
S11/20241226/00022,2,P105908,2,698.64,SALE,1735224798,S11,20241226
S11/20241226/00022,3,P106367,2,650.25,SALE,1735224798,S11,20241226
S11/20241226/00022,4,TAX,1,216.73,TAX,1735224798,S11,20241226
S11/20241226/00022,5,TENDER,1,3369.16,TENDER,1735224798,S11,20241226
S11/20241226/00023,1,P103397,3,371.02,SALE,1735206208,S11,20241226
S11/20241226/00023,2,P105100,1,270.01,SALE,1735206208,S11,20241226
S11/20241226/00023,3,P106415,1,911.99,SALE,1735206208,S11,20241226
S11/20241226/00023,4,P104112,3,52.93,SALE,1735206208,S11,20241226
S11/20241226/00023,5,P104242,3,308.27,SALE,1735206208,S11,20241226
S11/20241226/00023,6,TAX,1,276.96,TAX,1735206208,S11,20241226
S11/20241226/00023,7,TENDER,1,3655.62,TENDER,1735206208,S11,20241226
S11/20241226/00024,1,P103620,2,474.03,SALE,1735238822,S11,20241226
S11/20241226/00024,2,P103743,3,1117.90,SALE,1735238822,S11,20241226
S11/20241226/00024,3,TAX,1,0.00,TAX,1735238822,S11,20241226
S11/20241226/00024,4,TENDER,1,4301.76,TENDER,1735238822,S11,20241226
S11/20241226/00025,1,P105950,1,1356.49,SALE,1735233128,S11,20241226
S11/20241226/00025,2,P107137,2,32.59,SALE,1735233128,S11,20241226
S11/20241226/00025,3,P106330,1,218.33,SALE,1735233128,S11,20241226
S11/20241226/00025,4,P101599,1,417.76,SALE,1735233128,S11,20241226
S11/20241226/00025,5,P104501,1,413.53,SALE,1735233128,S11,20241226
S11/20241226/00025,6,P108221,3,50.44,SALE,1735233128,S11,20241226
S11/20241226/00025,7,TAX,1,141.73,TAX,1735233128,S11,20241226
S11/20241226/00025,8,TENDER,1,2764.34,TENDER,1735233128,S11,20241226
S11/20241226/00026,1,P105636,3,558.71,SALE,1735223726,S11,20241226
S11/20241226/00026,2,P102510,2,37.13,SALE,1735223726,S11,20241226
S11/20241226/00026,3,P107564,2,325.35,SALE,1735223726,S11,20241226
S11/20241226/00026,4,TAX,1,87.00,TAX,1735223726,S11,20241226
S11/20241226/00026,5,TENDER,1,2488.09,TENDER,1735223726,S11,20241226
S11/20241226/00027,1,P104733,2,669.60,SALE,1735235395,S11,20241226
S11/20241226/00027,2,P107385,2,811.35,SALE,1735235395,S11,20241226
S11/20241226/00027,3,TAX,1,322.19,TAX,1735235395,S11,20241226
S11/20241226/00027,4,TENDER,1,3284.09,TENDER,1735235395,S11,20241226
S11/20241226/00028,1,P101697,2,102.34,SALE,1735254534,S11,20241226
S11/20241226/00028,2,P102664,3,261.47,SALE,1735254534,S11,20241226
S11/20241226/00028,3,P101164,1,401.86,SALE,1735254534,S11,20241226
S11/20241226/00028,4,P107446,2,593.14,SALE,1735254534,S11,20241226
S11/20241226/00028,5,TAX,1,427.06,TAX,1735254534,S11,20241226
S11/20241226/00028,6,TENDER,1,3004.29,TENDER,1735254534,S11,20241226
S11/20241226/00029,1,P106015,2,148.43,SALE,1735230452,S11,20241226
S11/20241226/00029,2,TAX,1,35.62,TAX,1735230452,S11,20241226
S11/20241226/00029,3,TENDER,1,332.48,TENDER,1735230452,S11,20241226
S11/20241227/00001,1,P100827,2,1218.17,SALE,1735338213,S11,20241227
S11/20241227/00001,2,P105280,1,220.35,SALE,1735338213,S11,20241227
S11/20241227/00001,3,P106793,3,303.65,SALE,1735338213,S11,20241227
S11/20241227/00001,4,TAX,1,56.57,TAX,1735338213,S11,20241227
S11/20241227/00001,5,TENDER,1,3624.21,TENDER,1735338213,S11,20241227
S11/20241227/00002,1,P106907,3,321.26,SALE,1735324098,S11,20241227
S11/20241227/00002,2,P101004,2,357.75,SALE,1735324098,S11,20241227
S11/20241227/00002,3,P106958,4,125.66,SALE,1735324098,S11,20241227
S11/20241227/00002,4,P101851,1,1750.29,SALE,1735324098,S11,20241227
S11/20241227/00002,5,P104593,2,867.34,SALE,1735324098,S11,20241227
S11/20241227/00002,6,P105050,1,109.65,SALE,1735324098,S11,20241227
S11/20241227/00002,7,P102424,1,333.88,SALE,1735324098,S11,20241227
S11/20241227/00002,8,TAX,1,356.59,TAX,1735324098,S11,20241227
S11/20241227/00002,9,TENDER,1,6467.01,TENDER,1735324098,S11,20241227
S11/20241227/00003,1,P105479,2,253.92,SALE,1735314628,S11,20241227
S11/20241227/00003,2,P101626,2,1040.69,SALE,1735314628,S11,20241227
S11/20241227/00003,3,P106044,2,40.72,SALE,1735314628,S11,20241227
S11/20241227/00003,4,P104587,1,252.25,SALE,1735314628,S11,20241227
S11/20241227/00003,5,P104772,3,342.57,SALE,1735314628,S11,20241227
S11/20241227/00003,6,P106550,3,29.54,SALE,1735314628,S11,20241227
S11/20241227/00003,7,P106174,2,229.89,SALE,1735314628,S11,20241227
S11/20241227/00003,8,TAX,1,538.92,TAX,1735314628,S11,20241227
S11/20241227/00003,9,TENDER,1,5037.94,TENDER,1735314628,S11,20241227
S11/20241227/00004,1,P100784,3,319.36,SALE,1735323748,S11,20241227
S11/20241227/00004,2,P108135,1,562.62,SALE,1735323748,S11,20241227
S11/20241227/00004,3,P101076,2,606.89,SALE,1735323748,S11,20241227
S11/20241227/00004,4,P102954,2,129.98,SALE,1735323748,S11,20241227
S11/20241227/00004,5,TAX,1,206.85,TAX,1735323748,S11,20241227
S11/20241227/00004,6,TENDER,1,3201.29,TENDER,1735323748,S11,20241227
S11/20241227/00005,1,P100380,1,136.58,SALE,1735310967,S11,20241227
S11/20241227/00005,2,P108001,3,96.97,SALE,1735310967,S11,20241227
S11/20241227/00005,3,P100250,1,544.91,SALE,1735310967,S11,20241227
S11/20241227/00005,4,P106048,3,310.59,SALE,1735310967,S11,20241227
S11/20241227/00005,5,TAX,1,155.45,TAX,1735310967,S11,20241227
S11/20241227/00005,6,TENDER,1,2059.62,TENDER,1735310967,S11,20241227
S11/20241227/00006,1,P103682,2,372.67,SALE,1735315124,S11,20241227
S11/20241227/00006,2,P103155,2,270.20,SALE,1735315124,S11,20241227
S11/20241227/00006,3,P105918,2,294.44,SALE,1735315124,S11,20241227
S11/20241227/00006,4,P107458,1,1239.88,SALE,1735315124,S11,20241227
S11/20241227/00006,5,TAX,1,337.43,TAX,1735315124,S11,20241227
S11/20241227/00006,6,TENDER,1,3451.93,TENDER,1735315124,S11,20241227
S11/20241227/00007,1,P102755,4,75.17,SALE,1735323839,S11,20241227
S11/20241227/00007,2,P104316,2,489.63,SALE,1735323839,S11,20241227
S11/20241227/00007,3,P100135,2,72.29,SALE,1735323839,S11,20241227
S11/20241227/00007,4,P100044,1,737.05,SALE,1735323839,S11,20241227
S11/20241227/00007,5,TAX,1,286.98,TAX,1735323839,S11,20241227
S11/20241227/00007,6,TENDER,1,2448.55,TENDER,1735323839,S11,20241227
S11/20241227/00008,1,P103978,2,347.08,SALE,1735301085,S11,20241227
S11/20241227/00008,2,P103973,3,108.48,SALE,1735301085,S11,20241227
S11/20241227/00008,3,P107226,2,88.38,SALE,1735301085,S11,20241227
S11/20241227/00008,4,P104389,1,169.98,SALE,1735301085,S11,20241227
S11/20241227/00008,5,TAX,1,155.70,TAX,1735301085,S11,20241227
S11/20241227/00008,6,TENDER,1,1522.04,TENDER,1735301085,S11,20241227
S11/20241227/00009,1,P104625,2,296.80,SALE,1735305266,S11,20241227
S11/20241227/00009,2,P103197,2,339.40,SALE,1735305266,S11,20241227
S11/20241227/00009,3,P106528,1,832.82,SALE,1735305266,S11,20241227
S11/20241227/00009,4,P105698,1,194.14,SALE,1735305266,S11,20241227
S11/20241227/00009,5,P107996,2,224.54,SALE,1735305266,S11,20241227
S11/20241227/00009,6,TAX,1,238.79,TAX,1735305266,S11,20241227
S11/20241227/00009,7,TENDER,1,2987.23,TENDER,1735305266,S11,20241227
S11/20241227/00010,1,P105937,2,259.08,SALE,1735332345,S11,20241227
S11/20241227/00010,2,P100722,1,330.17,SALE,1735332345,S11,20241227
S11/20241227/00010,3,P101465,2,573.89,SALE,1735332345,S11,20241227
S11/20241227/00010,4,P106620,2,273.19,SALE,1735332345,S11,20241227
S11/20241227/00010,5,P106703,2,76.83,SALE,1735332345,S11,20241227
S11/20241227/00010,6,TAX,1,373.12,TAX,1735332345,S11,20241227
S11/20241227/00010,7,TENDER,1,3069.27,TENDER,1735332345,S11,20241227
S11/20241227/00011,1,P105252,1,12.09,SALE,1735342966,S11,20241227
S11/20241227/00011,2,P107775,1,737.39,SALE,1735342966,S11,20241227
S11/20241227/00011,3,P100784,1,319.36,SALE,1735342966,S11,20241227
S11/20241227/00011,4,P100582,2,170.67,SALE,1735342966,S11,20241227
S11/20241227/00011,5,TAX,1,138.81,TAX,1735342966,S11,20241227
S11/20241227/00011,6,TENDER,1,1548.99,TENDER,1735342966,S11,20241227
S11/20241227/00012,1,P105562,5,422.85,SALE,1735338450,S11,20241227
S11/20241227/00012,2,P101177,4,166.36,SALE,1735338450,S11,20241227
S11/20241227/00012,3,P104257,2,42.95,SALE,1735338450,S11,20241227
S11/20241227/00012,4,TAX,1,418.13,TAX,1735338450,S11,20241227
S11/20241227/00012,5,TENDER,1,3283.72,TENDER,1735338450,S11,20241227
S11/20241227/00013,1,P102023,1,425.67,SALE,1735324659,S11,20241227
S11/20241227/00013,2,P106027,2,1548.23,SALE,1735324659,S11,20241227
S11/20241227/00013,3,P100367,2,537.90,SALE,1735324659,S11,20241227
S11/20241227/00013,4,P105695,3,158.81,SALE,1735324659,S11,20241227
S11/20241227/00013,5,TAX,1,268.55,TAX,1735324659,S11,20241227
S11/20241227/00013,6,TENDER,1,5342.91,TENDER,1735324659,S11,20241227
S11/20241227/00014,1,P105747,1,287.56,SALE,1735322656,S11,20241227
S11/20241227/00014,2,P103090,1,841.97,SALE,1735322656,S11,20241227
S11/20241227/00014,3,P101766,3,220.67,SALE,1735322656,S11,20241227
S11/20241227/00014,4,P104579,1,67.48,SALE,1735322656,S11,20241227
S11/20241227/00014,5,P103994,1,148.39,SALE,1735322656,S11,20241227
S11/20241227/00014,6,P102707,2,425.19,SALE,1735322656,S11,20241227
S11/20241227/00014,7,TAX,1,275.35,TAX,1735322656,S11,20241227
S11/20241227/00014,8,TENDER,1,3133.14,TENDER,1735322656,S11,20241227
S11/20241227/00015,1,P107400,4,273.33,SALE,1735324644,S11,20241227
S11/20241227/00015,2,TAX,1,196.80,TAX,1735324644,S11,20241227
S11/20241227/00015,3,TENDER,1,1290.12,TENDER,1735324644,S11,20241227
S11/20241227/00016,1,P101864,2,112.21,SALE,1735305471,S11,20241227
S11/20241227/00016,2,P101454,2,148.61,SALE,1735305471,S11,20241227
S11/20241227/00016,3,P101311,1,481.74,SALE,1735305471,S11,20241227
S11/20241227/00016,4,P106823,1,148.11,SALE,1735305471,S11,20241227
S11/20241227/00016,5,P104485,2,643.04,SALE,1735305471,S11,20241227
S11/20241227/00016,6,TAX,1,272.25,TAX,1735305471,S11,20241227
S11/20241227/00016,7,TENDER,1,2709.82,TENDER,1735305471,S11,20241227
S11/20241227/00017,1,P104058,2,351.54,SALE,1735307881,S11,20241227
S11/20241227/00017,2,P102054,1,142.99,SALE,1735307881,S11,20241227
S11/20241227/00017,3,P107880,1,347.04,SALE,1735307881,S11,20241227
S11/20241227/00017,4,P107231,5,1193.22,SALE,1735307881,S11,20241227
S11/20241227/00017,5,P108060,3,217.09,SALE,1735307881,S11,20241227
S11/20241227/00017,6,P102243,4,145.61,SALE,1735307881,S11,20241227
S11/20241227/00017,7,P108174,3,235.92,SALE,1735307881,S11,20241227
S11/20241227/00017,8,TAX,1,332.79,TAX,1735307881,S11,20241227
S11/20241227/00017,9,TENDER,1,9433.47,TENDER,1735307881,S11,20241227
S11/20241227/00018,1,P105377,2,275.11,SALE,1735305084,S11,20241227
S11/20241227/00018,2,P107777,1,222.77,SALE,1735305084,S11,20241227
S11/20241227/00018,3,P106659,2,106.86,SALE,1735305084,S11,20241227
S11/20241227/00018,4,DISC,1,-108.76,DISCOUNT,1735305084,S11,20241227
S11/20241227/00018,5,TAX,1,81.57,TAX,1735305084,S11,20241227
S11/20241227/00018,6,TENDER,1,959.52,TENDER,1735305084,S11,20241227
S11/20241227/00019,1,P108101,3,1603.81,SALE,1735313564,S11,20241227
S11/20241227/00019,2,P105268,2,300.66,SALE,1735313564,S11,20241227
S11/20241227/00019,3,P106686,1,324.48,SALE,1735313564,S11,20241227
S11/20241227/00019,4,P105497,2,70.98,SALE,1735313564,S11,20241227
S11/20241227/00019,5,P100754,2,91.60,SALE,1735313564,S11,20241227
S11/20241227/00019,6,TAX,1,728.03,TAX,1735313564,S11,20241227
S11/20241227/00019,7,TENDER,1,6790.42,TENDER,1735313564,S11,20241227
S11/20241227/00020,1,P100549,1,320.43,SALE,1735324733,S11,20241227
S11/20241227/00020,2,P104872,1,132.45,SALE,1735324733,S11,20241227
S11/20241227/00020,3,P106745,4,621.98,SALE,1735324733,S11,20241227
S11/20241227/00020,4,P107094,2,97.95,SALE,1735324733,S11,20241227
S11/20241227/00020,5,P102263,2,116.79,SALE,1735324733,S11,20241227
S11/20241227/00020,6,P100640,1,379.48,SALE,1735324733,S11,20241227
S11/20241227/00020,7,TAX,1,611.00,TAX,1735324733,S11,20241227
S11/20241227/00020,8,TENDER,1,4360.76,TENDER,1735324733,S11,20241227
S11/20241227/00021,1,P100711,3,101.23,SALE,1735317243,S11,20241227
S11/20241227/00021,2,P101393,2,36.64,SALE,1735317243,S11,20241227
S11/20241227/00021,3,P104302,1,1255.97,SALE,1735317243,S11,20241227
S11/20241227/00021,4,P106745,1,621.98,SALE,1735317243,S11,20241227
S11/20241227/00021,5,P104715,2,162.67,SALE,1735317243,S11,20241227
S11/20241227/00021,6,TAX,1,379.56,TAX,1735317243,S11,20241227
S11/20241227/00021,7,TENDER,1,2959.82,TENDER,1735317243,S11,20241227
S11/20241227/00022,1,P100418,2,213.97,SALE,1735305627,S11,20241227
S11/20241227/00022,2,P104485,2,591.60,SALE,1735305627,S11,20241227
S11/20241227/00022,3,P105201,2,365.02,SALE,1735305627,S11,20241227
S11/20241227/00022,4,P100479,1,342.92,SALE,1735305627,S11,20241227
S11/20241227/00022,5,P105313,3,51.83,SALE,1735305627,S11,20241227
S11/20241227/00022,6,TAX,1,219.64,TAX,1735305627,S11,20241227
S11/20241227/00022,7,TENDER,1,3059.23,TENDER,1735305627,S11,20241227
S11/20241227/00023,1,P103896,2,203.30,SALE,1735322004,S11,20241227
S11/20241227/00023,2,P106751,3,134.60,SALE,1735322004,S11,20241227
S11/20241227/00023,3,P103413,4,1352.06,SALE,1735322004,S11,20241227
S11/20241227/00023,4,P103129,2,84.49,SALE,1735322004,S11,20241227
S11/20241227/00023,5,P107536,3,1613.47,SALE,1735322004,S11,20241227
S11/20241227/00023,6,TAX,1,394.21,TAX,1735322004,S11,20241227
S11/20241227/00023,7,TENDER,1,11622.24,TENDER,1735322004,S11,20241227
S11/20241227/00024,1,P101766,3,220.67,SALE,1735324204,S11,20241227
S11/20241227/00024,2,TAX,1,79.44,TAX,1735324204,S11,20241227
S11/20241227/00024,3,TENDER,1,741.45,TENDER,1735324204,S11,20241227
S11/20241227/00025,1,P101747,-3,245.75,RETURN,1735311945,S11,20241227
S11/20241227/00025,2,P105855,-4,123.28,RETURN,1735311945,S11,20241227
S11/20241227/00025,3,P107292,-1,372.98,RETURN,1735311945,S11,20241227
S11/20241227/00025,4,P104789,-1,67.52,RETURN,1735311945,S11,20241227
S11/20241227/00025,5,P104579,-1,67.48,RETURN,1735311945,S11,20241227
S11/20241227/00025,6,TAX,1,-106.28,TAX,1735311945,S11,20241227
S11/20241227/00025,7,TENDER,1,-1844.63,TENDER,1735311945,S11,20241227
S11/20241227/00026,1,P101106,2,543.49,SALE,1735320278,S11,20241227
S11/20241227/00026,2,P106629,3,57.49,SALE,1735320278,S11,20241227
S11/20241227/00026,3,P102353,2,139.83,SALE,1735320278,S11,20241227
S11/20241227/00026,4,P104344,2,390.44,SALE,1735320278,S11,20241227
S11/20241227/00026,5,TAX,1,239.94,TAX,1735320278,S11,20241227
S11/20241227/00026,6,TENDER,1,2559.93,TENDER,1735320278,S11,20241227
S11/20241227/00027,1,P108032,1,648.04,SALE,1735314864,S11,20241227
S11/20241227/00027,2,P101258,3,216.42,SALE,1735314864,S11,20241227
S11/20241227/00027,3,P106793,2,303.65,SALE,1735314864,S11,20241227
S11/20241227/00027,4,P105365,1,420.06,SALE,1735314864,S11,20241227
S11/20241227/00027,5,TAX,1,275.40,TAX,1735314864,S11,20241227
S11/20241227/00027,6,TENDER,1,2600.06,TENDER,1735314864,S11,20241227
S11/20241227/00028,1,P100348,4,527.90,SALE,1735321101,S11,20241227
S11/20241227/00028,2,P108361,4,73.59,SALE,1735321101,S11,20241227
S11/20241227/00028,3,P103188,1,30.16,SALE,1735321101,S11,20241227
S11/20241227/00028,4,TAX,1,111.01,TAX,1735321101,S11,20241227
S11/20241227/00028,5,TENDER,1,2547.13,TENDER,1735321101,S11,20241227
S11/20241227/00029,1,P103299,2,238.05,SALE,1735318707,S11,20241227
S11/20241227/00029,2,P106162,2,534.57,SALE,1735318707,S11,20241227
S11/20241227/00029,3,P105246,1,840.69,SALE,1735318707,S11,20241227
S11/20241227/00029,4,TAX,1,127.73,TAX,1735318707,S11,20241227
S11/20241227/00029,5,TENDER,1,2513.66,TENDER,1735318707,S11,20241227
S11/20241227/00030,1,P102122,2,138.84,SALE,1735324735,S11,20241227
S11/20241227/00030,2,P105369,1,143.76,SALE,1735324735,S11,20241227
S11/20241227/00030,3,P106098,2,334.84,SALE,1735324735,S11,20241227
S11/20241227/00030,4,P105351,1,109.14,SALE,1735324735,S11,20241227
S11/20241227/00030,5,P101747,3,245.75,SALE,1735324735,S11,20241227
S11/20241227/00030,6,P106067,2,444.09,SALE,1735324735,S11,20241227
S11/20241227/00030,7,P106123,1,248.44,SALE,1735324735,S11,20241227
S11/20241227/00030,8,TAX,1,257.14,TAX,1735324735,S11,20241227
S11/20241227/00030,9,TENDER,1,3331.27,TENDER,1735324735,S11,20241227
S11/20241227/00031,1,P103637,1,338.13,SALE,1735339446,S11,20241227
S11/20241227/00031,2,P103777,3,44.82,SALE,1735339446,S11,20241227
S11/20241227/00031,3,P102286,1,281.91,SALE,1735339446,S11,20241227
S11/20241227/00031,4,P104446,3,66.45,SALE,1735339446,S11,20241227
S11/20241227/00031,5,P106228,3,44.54,SALE,1735339446,S11,20241227
S11/20241227/00031,6,P106965,1,89.01,SALE,1735339446,S11,20241227
S11/20241227/00031,7,P103922,1,51.00,SALE,1735339446,S11,20241227
S11/20241227/00031,8,DISC,1,-135.11,DISCOUNT,1735339446,S11,20241227
S11/20241227/00031,9,TAX,1,170.77,TAX,1735339446,S11,20241227
S11/20241227/00031,10,TENDER,1,1263.14,TENDER,1735339446,S11,20241227
S11/20241227/00032,1,P103124,1,523.92,SALE,1735317430,S11,20241227
S11/20241227/00032,2,P106382,2,81.60,SALE,1735317430,S11,20241227
S11/20241227/00032,3,P108050,2,1166.49,SALE,1735317430,S11,20241227
S11/20241227/00032,4,P105313,2,51.83,SALE,1735317430,S11,20241227
S11/20241227/00032,5,TAX,1,210.95,TAX,1735317430,S11,20241227
S11/20241227/00032,6,TENDER,1,3334.71,TENDER,1735317430,S11,20241227
S11/20241227/00033,1,P104344,2,390.44,SALE,1735307762,S11,20241227
S11/20241227/00033,2,P100066,1,251.22,SALE,1735307762,S11,20241227
S11/20241227/00033,3,DISC,1,-116.39,DISCOUNT,1735307762,S11,20241227
S11/20241227/00033,4,TAX,1,164.83,TAX,1735307762,S11,20241227
S11/20241227/00033,5,TENDER,1,1080.54,TENDER,1735307762,S11,20241227
S11/20241227/00034,1,P107715,1,241.95,SALE,1735323876,S11,20241227
S11/20241227/00034,2,P107178,1,298.69,SALE,1735323876,S11,20241227
S11/20241227/00034,3,P100330,4,188.77,SALE,1735323876,S11,20241227
S11/20241227/00034,4,P100956,2,421.98,SALE,1735323876,S11,20241227
S11/20241227/00034,5,TAX,1,159.35,TAX,1735323876,S11,20241227
S11/20241227/00034,6,TENDER,1,2299.03,TENDER,1735323876,S11,20241227
S11/20241227/00035,1,P104658,3,75.90,SALE,1735328903,S11,20241227
S11/20241227/00035,2,P106686,3,324.48,SALE,1735328903,S11,20241227
S11/20241227/00035,3,P101690,3,1044.81,SALE,1735328903,S11,20241227
S11/20241227/00035,4,TAX,1,216.78,TAX,1735328903,S11,20241227
S11/20241227/00035,5,TENDER,1,4552.35,TENDER,1735328903,S11,20241227
S11/20241228/00001,1,P107226,3,88.38,SALE,1735408758,S11,20241228
S11/20241228/00001,2,P101789,4,391.48,SALE,1735408758,S11,20241228
S11/20241228/00001,3,P101018,2,141.83,SALE,1735408758,S11,20241228
S11/20241228/00001,4,P102569,1,116.37,SALE,1735408758,S11,20241228
S11/20241228/00001,5,TAX,1,139.99,TAX,1735408758,S11,20241228
S11/20241228/00001,6,TENDER,1,2371.08,TENDER,1735408758,S11,20241228
S11/20241228/00002,1,P101076,2,606.89,SALE,1735383723,S11,20241228
S11/20241228/00002,2,P104285,4,683.70,SALE,1735383723,S11,20241228
S11/20241228/00002,3,P103118,2,47.89,SALE,1735383723,S11,20241228
S11/20241228/00002,4,TAX,1,202.22,TAX,1735383723,S11,20241228
S11/20241228/00002,5,TENDER,1,4246.58,TENDER,1735383723,S11,20241228
S11/20241228/00003,1,P102296,3,48.88,SALE,1735411904,S11,20241228
S11/20241228/00003,2,P105227,2,277.91,SALE,1735411904,S11,20241228
S11/20241228/00003,3,P100640,1,379.48,SALE,1735411904,S11,20241228
S11/20241228/00003,4,P100441,4,509.29,SALE,1735411904,S11,20241228
S11/20241228/00003,5,P103496,5,70.71,SALE,1735411904,S11,20241228
S11/20241228/00003,6,TAX,1,446.73,TAX,1735411904,S11,20241228
S11/20241228/00003,7,TENDER,1,3919.38,TENDER,1735411904,S11,20241228
S11/20241228/00004,1,P106802,4,739.16,SALE,1735407335,S11,20241228
S11/20241228/00004,2,P108369,2,343.20,SALE,1735407335,S11,20241228
S11/20241228/00004,3,P106434,4,178.02,SALE,1735407335,S11,20241228
S11/20241228/00004,4,P100005,2,114.37,SALE,1735407335,S11,20241228
S11/20241228/00004,5,P100131,1,667.83,SALE,1735407335,S11,20241228
S11/20241228/00004,6,P103202,1,295.26,SALE,1735407335,S11,20241228
S11/20241228/00004,7,P102255,4,167.76,SALE,1735407335,S11,20241228
S11/20241228/00004,8,TAX,1,513.58,TAX,1735407335,S11,20241228
S11/20241228/00004,9,TENDER,1,6731.57,TENDER,1735407335,S11,20241228
S11/20241228/00005,1,P107435,3,636.54,SALE,1735382415,S11,20241228
S11/20241228/00005,2,P101481,3,55.03,SALE,1735382415,S11,20241228
S11/20241228/00005,3,P108262,3,592.59,SALE,1735382415,S11,20241228
S11/20241228/00005,4,P106911,2,232.77,SALE,1735382415,S11,20241228
S11/20241228/00005,5,P105227,1,292.54,SALE,1735382415,S11,20241228
S11/20241228/00005,6,TAX,1,707.09,TAX,1735382415,S11,20241228
S11/20241228/00005,7,TENDER,1,5317.65,TENDER,1735382415,S11,20241228
S11/20241228/00006,1,P103348,2,485.60,SALE,1735431105,S11,20241228
S11/20241228/00006,2,P104858,3,331.88,SALE,1735431105,S11,20241228
S11/20241228/00006,3,P100959,3,320.67,SALE,1735431105,S11,20241228
S11/20241228/00006,4,P108356,3,234.68,SALE,1735431105,S11,20241228
S11/20241228/00006,5,DISC,1,-114.00,DISCOUNT,1735431105,S11,20241228
S11/20241228/00006,6,TAX,1,412.33,TAX,1735431105,S11,20241228
S11/20241228/00006,7,TENDER,1,3931.22,TENDER,1735431105,S11,20241228
S11/20241228/00007,1,P103886,2,312.24,SALE,1735388126,S11,20241228
S11/20241228/00007,2,P105369,2,143.76,SALE,1735388126,S11,20241228
S11/20241228/00007,3,P103105,2,34.12,SALE,1735388126,S11,20241228
S11/20241228/00007,4,P107740,1,1366.88,SALE,1735388126,S11,20241228
S11/20241228/00007,5,P108234,3,33.09,SALE,1735388126,S11,20241228
S11/20241228/00007,6,P106745,2,621.98,SALE,1735388126,S11,20241228
S11/20241228/00007,7,TAX,1,469.84,TAX,1735388126,S11,20241228
S11/20241228/00007,8,TENDER,1,4160.19,TENDER,1735388126,S11,20241228
S11/20241228/00008,1,P104587,3,252.25,SALE,1735402829,S11,20241228
S11/20241228/00008,2,P100731,4,254.77,SALE,1735402829,S11,20241228
S11/20241228/00008,3,P108101,2,1603.81,SALE,1735402829,S11,20241228
S11/20241228/00008,4,P106317,1,485.55,SALE,1735402829,S11,20241228
S11/20241228/00008,5,P104058,1,351.54,SALE,1735402829,S11,20241228
S11/20241228/00008,6,P101766,1,220.67,SALE,1735402829,S11,20241228
S11/20241228/00008,7,P105112,2,194.64,SALE,1735402829,S11,20241228
S11/20241228/00008,8,TAX,1,773.67,TAX,1735402829,S11,20241228
S11/20241228/00008,9,TENDER,1,7204.16,TENDER,1735402829,S11,20241228
S11/20241228/00009,1,P103372,1,49.00,SALE,1735403907,S11,20241228
S11/20241228/00009,2,P105747,2,287.56,SALE,1735403907,S11,20241228
S11/20241228/00009,3,P102772,2,151.97,SALE,1735403907,S11,20241228
S11/20241228/00009,4,P105918,2,294.44,SALE,1735403907,S11,20241228
S11/20241228/00009,5,P102598,3,133.17,SALE,1735403907,S11,20241228
S11/20241228/00009,6,P102181,1,1615.15,SALE,1735403907,S11,20241228
S11/20241228/00009,7,TAX,1,233.54,TAX,1735403907,S11,20241228
S11/20241228/00009,8,TENDER,1,3765.14,TENDER,1735403907,S11,20241228
S11/20241228/00010,1,P100250,3,544.91,SALE,1735409395,S11,20241228
S11/20241228/00010,2,P102857,3,116.85,SALE,1735409395,S11,20241228
S11/20241228/00010,3,P101023,1,213.62,SALE,1735409395,S11,20241228
S11/20241228/00010,4,P100463,1,290.57,SALE,1735409395,S11,20241228
S11/20241228/00010,5,P107767,3,510.38,SALE,1735409395,S11,20241228
S11/20241228/00010,6,P101465,1,573.89,SALE,1735409395,S11,20241228
S11/20241228/00010,7,P106452,2,31.15,SALE,1735409395,S11,20241228
S11/20241228/00010,8,P101884,3,352.98,SALE,1735409395,S11,20241228
S11/20241228/00010,9,P100135,1,72.29,SALE,1735409395,S11,20241228
S11/20241228/00010,10,P107495,1,448.19,SALE,1735409395,S11,20241228
S11/20241228/00010,11,P101225,3,452.38,SALE,1735409395,S11,20241228
S11/20241228/00010,12,TAX,1,720.68,TAX,1735409395,S11,20241228
S11/20241228/00010,13,TENDER,1,8314.04,TENDER,1735409395,S11,20241228
S11/20241228/00011,1,P101774,1,1168.66,SALE,1735391604,S11,20241228
S11/20241228/00011,2,P101925,2,186.54,SALE,1735391604,S11,20241228
S11/20241228/00011,3,P105897,1,249.03,SALE,1735391604,S11,20241228
S11/20241228/00011,4,TAX,1,237.28,TAX,1735391604,S11,20241228
S11/20241228/00011,5,TENDER,1,2028.05,TENDER,1735391604,S11,20241228
S11/20241228/00012,1,P103616,2,662.98,SALE,1735409299,S11,20241228
S11/20241228/00012,2,P105302,1,281.37,SALE,1735409299,S11,20241228
S11/20241228/00012,3,P107740,2,1366.88,SALE,1735409299,S11,20241228
S11/20241228/00012,4,P101062,5,52.38,SALE,1735409299,S11,20241228
S11/20241228/00012,5,P104501,1,413.53,SALE,1735409299,S11,20241228
S11/20241228/00012,6,P102364,3,104.57,SALE,1735409299,S11,20241228
S11/20241228/00012,7,TAX,1,477.98,TAX,1735409299,S11,20241228
S11/20241228/00012,8,TENDER,1,5808.21,TENDER,1735409299,S11,20241228
S11/20241228/00013,1,P102788,2,920.26,SALE,1735415059,S11,20241228
S11/20241228/00013,2,P108090,1,139.96,SALE,1735415059,S11,20241228
S11/20241228/00013,3,P103214,5,283.38,SALE,1735415059,S11,20241228
S11/20241228/00013,4,P100428,1,150.84,SALE,1735415059,S11,20241228
S11/20241228/00013,5,P107178,1,298.69,SALE,1735415059,S11,20241228
S11/20241228/00013,6,TAX,1,205.71,TAX,1735415059,S11,20241228
S11/20241228/00013,7,TENDER,1,4052.62,TENDER,1735415059,S11,20241228
S11/20241228/00014,1,P101470,2,196.94,SALE,1735393326,S11,20241228
S11/20241228/00014,2,P105307,1,818.25,SALE,1735393326,S11,20241228
S11/20241228/00014,3,P103111,2,40.41,SALE,1735393326,S11,20241228
S11/20241228/00014,4,TAX,1,44.95,TAX,1735393326,S11,20241228
S11/20241228/00014,5,TENDER,1,1337.90,TENDER,1735393326,S11,20241228
S11/20241228/00015,1,P100595,3,384.58,SALE,1735389502,S11,20241228
S11/20241228/00015,2,P105433,4,144.32,SALE,1735389502,S11,20241228
S11/20241228/00015,3,P100595,-3,384.58,VOID,1735389502,S11,20241228
S11/20241228/00015,4,P105433,-4,144.32,VOID,1735389502,S11,20241228
S11/20241228/00015,5,TAX,1,0.00,TAX,1735389502,S11,20241228
S11/20241228/00015,6,TENDER,1,0.00,TENDER,1735389502,S11,20241228
S11/20241228/00016,1,P106776,1,445.40,SALE,1735405912,S11,20241228
S11/20241228/00016,2,P107393,1,469.90,SALE,1735405912,S11,20241228
S11/20241228/00016,3,P102353,1,139.83,SALE,1735405912,S11,20241228
S11/20241228/00016,4,TAX,1,85.65,TAX,1735405912,S11,20241228
S11/20241228/00016,5,TENDER,1,1140.78,TENDER,1735405912,S11,20241228
S11/20241228/00017,1,P108272,3,121.99,SALE,1735401671,S11,20241228
S11/20241228/00017,2,P104844,2,553.13,SALE,1735401671,S11,20241228
S11/20241228/00017,3,P107197,6,669.72,SALE,1735401671,S11,20241228
S11/20241228/00017,4,P104867,2,190.50,SALE,1735401671,S11,20241228
S11/20241228/00017,5,P105772,2,576.55,SALE,1735401671,S11,20241228
S11/20241228/00017,6,P105594,3,321.63,SALE,1735401671,S11,20241228
S11/20241228/00017,7,TAX,1,1164.92,TAX,1735401671,S11,20241228
S11/20241228/00017,8,TENDER,1,9154.46,TENDER,1735401671,S11,20241228
S11/20241228/00018,1,P108149,4,1073.33,SALE,1735403431,S11,20241228
S11/20241228/00018,2,P104625,2,296.80,SALE,1735403431,S11,20241228
S11/20241228/00018,3,P104194,6,119.04,SALE,1735403431,S11,20241228
S11/20241228/00018,4,TAX,1,128.56,TAX,1735403431,S11,20241228
S11/20241228/00018,5,TENDER,1,5729.72,TENDER,1735403431,S11,20241228
S11/20241228/00019,1,P101404,1,228.51,SALE,1735401504,S11,20241228
S11/20241228/00019,2,P105176,3,509.66,SALE,1735401504,S11,20241228
S11/20241228/00019,3,P107149,1,145.83,SALE,1735401504,S11,20241228
S11/20241228/00019,4,TAX,1,312.89,TAX,1735401504,S11,20241228
S11/20241228/00019,5,TENDER,1,2216.21,TENDER,1735401504,S11,20241228
S11/20241228/00020,1,P103950,3,1283.54,SALE,1735415832,S11,20241228
S11/20241228/00020,2,P102290,1,587.69,SALE,1735415832,S11,20241228
S11/20241228/00020,3,P104980,2,92.75,SALE,1735415832,S11,20241228
S11/20241228/00020,4,P101201,3,48.42,SALE,1735415832,S11,20241228
S11/20241228/00020,5,TAX,1,279.59,TAX,1735415832,S11,20241228
S11/20241228/00020,6,TENDER,1,5048.66,TENDER,1735415832,S11,20241228
S11/20241228/00021,1,P104802,1,213.28,SALE,1735391018,S11,20241228
S11/20241228/00021,2,P100571,3,134.98,SALE,1735391018,S11,20241228
S11/20241228/00021,3,P103144,1,145.27,SALE,1735391018,S11,20241228
S11/20241228/00021,4,P102081,2,164.15,SALE,1735391018,S11,20241228
S11/20241228/00021,5,P100946,2,81.33,SALE,1735391018,S11,20241228
S11/20241228/00021,6,P103155,3,270.20,SALE,1735391018,S11,20241228
S11/20241228/00021,7,TAX,1,352.82,TAX,1735391018,S11,20241228
S11/20241228/00021,8,TENDER,1,2417.87,TENDER,1735391018,S11,20241228
S11/20241228/00022,1,P100933,3,276.15,SALE,1735410840,S11,20241228
S11/20241228/00022,2,P106388,2,1120.55,SALE,1735410840,S11,20241228
S11/20241228/00022,3,P103111,3,40.41,SALE,1735410840,S11,20241228
S11/20241228/00022,4,P105209,1,399.92,SALE,1735410840,S11,20241228
S11/20241228/00022,5,P107508,2,1577.69,SALE,1735410840,S11,20241228
S11/20241228/00022,6,P107145,3,235.69,SALE,1735410840,S11,20241228
S11/20241228/00022,7,TAX,1,690.66,TAX,1735410840,S11,20241228
S11/20241228/00022,8,TENDER,1,8143.81,TENDER,1735410840,S11,20241228
S11/20241228/00023,1,P100421,3,121.56,SALE,1735374869,S11,20241228
S11/20241228/00023,2,P103629,2,60.58,SALE,1735374869,S11,20241228
S11/20241228/00023,3,P104107,2,479.48,SALE,1735374869,S11,20241228
S11/20241228/00023,4,P103438,2,187.96,SALE,1735374869,S11,20241228
S11/20241228/00023,5,TAX,1,213.22,TAX,1735374869,S11,20241228
S11/20241228/00023,6,TENDER,1,2033.94,TENDER,1735374869,S11,20241228
S11/20241228/00024,1,P104802,2,213.28,SALE,1735402522,S11,20241228
S11/20241228/00024,2,P102219,1,780.86,SALE,1735402522,S11,20241228
S11/20241228/00024,3,P103958,3,32.46,SALE,1735402522,S11,20241228
S11/20241228/00024,4,P106858,1,281.23,SALE,1735402522,S11,20241228
S11/20241228/00024,5,TAX,1,183.97,TAX,1735402522,S11,20241228
S11/20241228/00024,6,TENDER,1,1770.00,TENDER,1735402522,S11,20241228
S11/20241228/00025,1,P104501,2,413.53,SALE,1735411785,S11,20241228
S11/20241228/00025,2,P107301,6,945.94,SALE,1735411785,S11,20241228
S11/20241228/00025,3,P101955,5,364.45,SALE,1735411785,S11,20241228
S11/20241228/00025,4,TAX,1,328.01,TAX,1735411785,S11,20241228
S11/20241228/00025,5,TENDER,1,8652.96,TENDER,1735411785,S11,20241228
S11/20241228/00026,1,P104800,1,692.51,SALE,1735395082,S11,20241228
S11/20241228/00026,2,P101802,1,44.15,SALE,1735395082,S11,20241228
S11/20241228/00026,3,P107294,3,85.13,SALE,1735395082,S11,20241228
S11/20241228/00026,4,P103096,4,315.47,SALE,1735395082,S11,20241228
S11/20241228/00026,5,TAX,1,325.22,TAX,1735395082,S11,20241228
S11/20241228/00026,6,TENDER,1,2579.15,TENDER,1735395082,S11,20241228
S11/20241228/00027,1,P107925,2,992.11,SALE,1735382262,S11,20241228
S11/20241228/00027,2,P107327,2,1138.42,SALE,1735382262,S11,20241228
S11/20241228/00027,3,P103504,2,366.55,SALE,1735382262,S11,20241228
S11/20241228/00027,4,DISC,1,-575.54,DISCOUNT,1735382262,S11,20241228
S11/20241228/00027,5,TAX,1,165.61,TAX,1735382262,S11,20241228
S11/20241228/00027,6,TENDER,1,4584.23,TENDER,1735382262,S11,20241228
S11/20241228/00028,1,P105246,2,840.69,SALE,1735420606,S11,20241228
S11/20241228/00028,2,TAX,1,84.07,TAX,1735420606,S11,20241228
S11/20241228/00028,3,TENDER,1,1765.45,TENDER,1735420606,S11,20241228
S11/20241228/00029,1,P105589,1,90.25,SALE,1735428541,S11,20241228
S11/20241228/00029,2,P104872,2,132.45,SALE,1735428541,S11,20241228
S11/20241228/00029,3,P102779,3,25.62,SALE,1735428541,S11,20241228
S11/20241228/00029,4,P107100,2,200.76,SALE,1735428541,S11,20241228
S11/20241228/00029,5,P100224,3,79.22,SALE,1735428541,S11,20241228
S11/20241228/00029,6,TAX,1,117.32,TAX,1735428541,S11,20241228
S11/20241228/00029,7,TENDER,1,1188.51,TENDER,1735428541,S11,20241228
S11/20241228/00030,1,P105636,-3,558.71,RETURN,1735398569,S11,20241228
S11/20241228/00030,2,P101507,-1,635.95,RETURN,1735398569,S11,20241228
S11/20241228/00030,3,TAX,1,-31.80,TAX,1735398569,S11,20241228
S11/20241228/00030,4,TENDER,1,-2343.88,TENDER,1735398569,S11,20241228
S11/20241228/00031,1,P100121,2,113.08,SALE,1735386784,S11,20241228
S11/20241228/00031,2,P101458,3,1365.07,SALE,1735386784,S11,20241228
S11/20241228/00031,3,P103090,2,841.97,SALE,1735386784,S11,20241228
S11/20241228/00031,4,P104042,2,365.03,SALE,1735386784,S11,20241228
S11/20241228/00031,5,P107508,1,1577.69,SALE,1735386784,S11,20241228
S11/20241228/00031,6,P104446,3,66.45,SALE,1735386784,S11,20241228
S11/20241228/00031,7,P100640,4,379.48,SALE,1735386784,S11,20241228
S11/20241228/00031,8,TAX,1,590.47,TAX,1735386784,S11,20241228
S11/20241228/00031,9,TENDER,1,10620.80,TENDER,1735386784,S11,20241228
S11/20241228/00032,1,P106009,3,372.60,SALE,1735407138,S11,20241228
S11/20241228/00032,2,P104544,1,104.46,SALE,1735407138,S11,20241228
S11/20241228/00032,3,TAX,1,139.36,TAX,1735407138,S11,20241228
S11/20241228/00032,4,TENDER,1,1361.62,TENDER,1735407138,S11,20241228
S11/20241228/00033,1,P105092,1,57.00,SALE,1735407076,S11,20241228
S11/20241228/00033,2,P104676,3,87.52,SALE,1735407076,S11,20241228
S11/20241228/00033,3,P100640,1,379.48,SALE,1735407076,S11,20241228
S11/20241228/00033,4,P105377,3,275.11,SALE,1735407076,S11,20241228
S11/20241228/00033,5,TAX,1,202.10,TAX,1735407076,S11,20241228
S11/20241228/00033,6,TENDER,1,1726.47,TENDER,1735407076,S11,20241228
S11/20241228/00034,1,P106084,2,592.14,SALE,1735401353,S11,20241228
S11/20241228/00034,2,P104064,1,326.15,SALE,1735401353,S11,20241228
S11/20241228/00034,3,TAX,1,98.35,TAX,1735401353,S11,20241228
S11/20241228/00034,4,TENDER,1,1608.78,TENDER,1735401353,S11,20241228
S11/20241228/00035,1,P100287,2,240.45,SALE,1735418646,S11,20241228
S11/20241228/00035,2,P108110,2,16.57,SALE,1735418646,S11,20241228
S11/20241228/00035,3,P102415,3,1245.81,SALE,1735418646,S11,20241228
S11/20241228/00035,4,P108369,2,343.20,SALE,1735418646,S11,20241228
S11/20241228/00035,5,P104112,2,52.93,SALE,1735418646,S11,20241228
S11/20241228/00035,6,DISC,1,-464.26,DISCOUNT,1735418646,S11,20241228
S11/20241228/00035,7,TAX,1,344.47,TAX,1735418646,S11,20241228
S11/20241228/00035,8,TENDER,1,4923.94,TENDER,1735418646,S11,20241228
S11/20241228/00036,1,P102972,2,227.38,SALE,1735413048,S11,20241228
S11/20241228/00036,2,P104820,3,207.26,SALE,1735413048,S11,20241228
S11/20241228/00036,3,P106592,4,815.90,SALE,1735413048,S11,20241228
S11/20241228/00036,4,P104446,2,66.45,SALE,1735413048,S11,20241228
S11/20241228/00036,5,P101174,2,57.43,SALE,1735413048,S11,20241228
S11/20241228/00036,6,DISC,1,-168.39,DISCOUNT,1735413048,S11,20241228
S11/20241228/00036,7,TAX,1,346.15,TAX,1735413048,S11,20241228
S11/20241228/00036,8,TENDER,1,4765.66,TENDER,1735413048,S11,20241228
S11/20241228/00037,1,P105201,3,365.02,SALE,1735409163,S11,20241228
S11/20241228/00037,2,P104389,1,169.98,SALE,1735409163,S11,20241228
S11/20241228/00037,3,P103908,1,104.62,SALE,1735409163,S11,20241228
S11/20241228/00037,4,P102845,1,261.08,SALE,1735409163,S11,20241228
S11/20241228/00037,5,P106757,1,387.95,SALE,1735409163,S11,20241228
S11/20241228/00037,6,TAX,1,130.36,TAX,1735409163,S11,20241228
S11/20241228/00037,7,TENDER,1,2149.05,TENDER,1735409163,S11,20241228
S11/20241228/00038,1,P101697,4,102.34,SALE,1735401292,S11,20241228
S11/20241228/00038,2,P103050,3,569.48,SALE,1735401292,S11,20241228
S11/20241228/00038,3,P101174,2,57.43,SALE,1735401292,S11,20241228
S11/20241228/00038,4,P107110,1,77.73,SALE,1735401292,S11,20241228
S11/20241228/00038,5,P100100,1,435.38,SALE,1735401292,S11,20241228
S11/20241228/00038,6,TAX,1,71.98,TAX,1735401292,S11,20241228
S11/20241228/00038,7,TENDER,1,2817.75,TENDER,1735401292,S11,20241228
S11/20241228/00039,1,P103777,3,44.82,SALE,1735395717,S11,20241228
S11/20241228/00039,2,P104938,1,999.94,SALE,1735395717,S11,20241228
S11/20241228/00039,3,P102849,2,682.39,SALE,1735395717,S11,20241228
S11/20241228/00039,4,P102909,2,48.78,SALE,1735395717,S11,20241228
S11/20241228/00039,5,P105323,1,84.67,SALE,1735395717,S11,20241228
S11/20241228/00039,6,DISC,1,-239.88,DISCOUNT,1735395717,S11,20241228
S11/20241228/00039,7,TAX,1,268.36,TAX,1735395717,S11,20241228
S11/20241228/00039,8,TENDER,1,2709.89,TENDER,1735395717,S11,20241228
S11/20241228/00040,1,P107362,-1,75.90,RETURN,1735399786,S11,20241228
S11/20241228/00040,2,P107126,-2,68.67,RETURN,1735399786,S11,20241228
S11/20241228/00040,3,P106584,-2,247.63,RETURN,1735399786,S11,20241228
S11/20241228/00040,4,P104670,-2,108.77,RETURN,1735399786,S11,20241228
S11/20241228/00040,5,P105797,-1,254.07,RETURN,1735399786,S11,20241228
S11/20241228/00040,6,P103090,-1,841.97,RETURN,1735399786,S11,20241228
S11/20241228/00040,7,P106130,-2,1317.16,RETURN,1735399786,S11,20241228
S11/20241228/00040,8,P104358,-4,1243.57,RETURN,1735399786,S11,20241228
S11/20241228/00040,9,TAX,1,-754.04,TAX,1735399786,S11,20241228
S11/20241228/00040,10,TENDER,1,-10384.72,TENDER,1735399786,S11,20241228
S11/20241228/00041,1,P101796,4,990.67,SALE,1735371007,S11,20241228
S11/20241228/00041,2,P104107,1,479.48,SALE,1735371007,S11,20241228
S11/20241228/00041,3,P102671,1,252.00,SALE,1735371007,S11,20241228
S11/20241228/00041,4,DISC,1,-303.01,DISCOUNT,1735371007,S11,20241228
S11/20241228/00041,5,TAX,1,308.51,TAX,1735371007,S11,20241228
S11/20241228/00041,6,TENDER,1,4699.66,TENDER,1735371007,S11,20241228
S11/20241229/00001,1,P101023,1,213.62,SALE,1735490749,S11,20241229
S11/20241229/00001,2,P107217,2,278.78,SALE,1735490749,S11,20241229
S11/20241229/00001,3,P101674,3,387.70,SALE,1735490749,S11,20241229
S11/20241229/00001,4,P102122,4,138.84,SALE,1735490749,S11,20241229
S11/20241229/00001,5,P106424,1,535.14,SALE,1735490749,S11,20241229
S11/20241229/00001,6,P104921,2,425.26,SALE,1735490749,S11,20241229
S11/20241229/00001,7,DISC,1,-131.44,DISCOUNT,1735490749,S11,20241229
S11/20241229/00001,8,TAX,1,547.54,TAX,1735490749,S11,20241229
S11/20241229/00001,9,TENDER,1,4291.40,TENDER,1735490749,S11,20241229
S11/20241229/00002,1,P105155,3,350.84,SALE,1735475040,S11,20241229
S11/20241229/00002,2,P106501,2,164.07,SALE,1735475040,S11,20241229
S11/20241229/00002,3,P108239,1,256.06,SALE,1735475040,S11,20241229
S11/20241229/00002,4,TAX,1,157.78,TAX,1735475040,S11,20241229
S11/20241229/00002,5,TENDER,1,1794.50,TENDER,1735475040,S11,20241229
S11/20241229/00003,1,P105547,3,431.77,SALE,1735490257,S11,20241229
S11/20241229/00003,2,TAX,1,155.44,TAX,1735490257,S11,20241229
S11/20241229/00003,3,TENDER,1,1450.75,TENDER,1735490257,S11,20241229
S11/20241229/00004,1,P105720,4,69.64,SALE,1735486623,S11,20241229
S11/20241229/00004,2,P105440,2,107.89,SALE,1735486623,S11,20241229
S11/20241229/00004,3,TAX,1,10.79,TAX,1735486623,S11,20241229
S11/20241229/00004,4,TENDER,1,505.13,TENDER,1735486623,S11,20241229
S11/20241229/00005,1,P105583,4,179.43,SALE,1735470528,S11,20241229
S11/20241229/00005,2,P100571,3,134.98,SALE,1735470528,S11,20241229
S11/20241229/00005,3,P106191,2,1230.97,SALE,1735470528,S11,20241229
S11/20241229/00005,4,P104921,2,425.26,SALE,1735470528,S11,20241229
S11/20241229/00005,5,P104497,2,229.16,SALE,1735470528,S11,20241229
S11/20241229/00005,6,P104160,3,256.98,SALE,1735470528,S11,20241229
S11/20241229/00005,7,P101142,3,102.04,SALE,1735470528,S11,20241229
S11/20241229/00005,8,TAX,1,414.82,TAX,1735470528,S11,20241229
S11/20241229/00005,9,TENDER,1,6385.32,TENDER,1735470528,S11,20241229
S11/20241229/00006,1,P106550,1,29.54,SALE,1735486193,S11,20241229
S11/20241229/00006,2,P101842,1,227.96,SALE,1735486193,S11,20241229
S11/20241229/00006,3,P104665,1,217.71,SALE,1735486193,S11,20241229
S11/20241229/00006,4,P103435,4,443.24,SALE,1735486193,S11,20241229
S11/20241229/00006,5,P103777,2,44.82,SALE,1735486193,S11,20241229
S11/20241229/00006,6,P100287,2,240.45,SALE,1735486193,S11,20241229
S11/20241229/00006,7,TAX,1,424.16,TAX,1735486193,S11,20241229
S11/20241229/00006,8,TENDER,1,3242.87,TENDER,1735486193,S11,20241229
S11/20241229/00007,1,P107943,1,252.32,SALE,1735486025,S11,20241229
S11/20241229/00007,2,P100703,2,171.10,SALE,1735486025,S11,20241229
S11/20241229/00007,3,P106989,3,26.75,SALE,1735486025,S11,20241229
S11/20241229/00007,4,P105929,1,11.18,SALE,1735486025,S11,20241229
S11/20241229/00007,5,TAX,1,102.94,TAX,1735486025,S11,20241229
S11/20241229/00007,6,TENDER,1,788.89,TENDER,1735486025,S11,20241229
S11/20241229/00008,1,P106072,2,78.69,SALE,1735489851,S11,20241229
S11/20241229/00008,2,P101177,2,166.36,SALE,1735489851,S11,20241229
S11/20241229/00008,3,P104202,4,166.10,SALE,1735489851,S11,20241229
S11/20241229/00008,4,P105155,1,350.84,SALE,1735489851,S11,20241229
S11/20241229/00008,5,P105570,1,345.21,SALE,1735489851,S11,20241229
S11/20241229/00008,6,TAX,1,70.32,TAX,1735489851,S11,20241229
S11/20241229/00008,7,TENDER,1,1920.87,TENDER,1735489851,S11,20241229
S11/20241229/00009,1,P100784,1,319.36,SALE,1735485429,S11,20241229
S11/20241229/00009,2,P103473,4,428.66,SALE,1735485429,S11,20241229
S11/20241229/00009,3,P107226,1,88.38,SALE,1735485429,S11,20241229
S11/20241229/00009,4,P105418,2,257.82,SALE,1735485429,S11,20241229
S11/20241229/00009,5,P105009,3,65.38,SALE,1735485429,S11,20241229
S11/20241229/00009,6,P101722,1,1460.17,SALE,1735485429,S11,20241229
S11/20241229/00009,7,TAX,1,461.12,TAX,1735485429,S11,20241229
S11/20241229/00009,8,TENDER,1,4755.45,TENDER,1735485429,S11,20241229
S11/20241229/00010,1,P102546,2,74.67,SALE,1735479557,S11,20241229
S11/20241229/00010,2,P108067,2,640.50,SALE,1735479557,S11,20241229
S11/20241229/00010,3,P108017,2,105.98,SALE,1735479557,S11,20241229
S11/20241229/00010,4,P107446,3,593.14,SALE,1735479557,S11,20241229
S11/20241229/00010,5,P108118,1,66.05,SALE,1735479557,S11,20241229
S11/20241229/00010,6,P102998,1,158.64,SALE,1735479557,S11,20241229
S11/20241229/00010,7,P107264,3,190.99,SALE,1735479557,S11,20241229
S11/20241229/00010,8,TAX,1,482.17,TAX,1735479557,S11,20241229
S11/20241229/00010,9,TENDER,1,4701.55,TENDER,1735479557,S11,20241229
S11/20241229/00011,1,P103654,1,481.76,SALE,1735488769,S11,20241229
S11/20241229/00011,2,P104854,1,35.80,SALE,1735488769,S11,20241229
S11/20241229/00011,3,P106072,2,78.69,SALE,1735488769,S11,20241229
S11/20241229/00011,4,P104079,2,75.55,SALE,1735488769,S11,20241229
S11/20241229/00011,5,P100066,2,251.22,SALE,1735488769,S11,20241229
S11/20241229/00011,6,P106624,3,98.44,SALE,1735488769,S11,20241229
S11/20241229/00011,7,TAX,1,133.41,TAX,1735488769,S11,20241229
S11/20241229/00011,8,TENDER,1,1757.21,TENDER,1735488769,S11,20241229
S11/20241229/00012,1,P105100,2,270.01,SALE,1735487454,S11,20241229
S11/20241229/00012,2,P103461,3,109.46,SALE,1735487454,S11,20241229
S11/20241229/00012,3,P102243,2,145.61,SALE,1735487454,S11,20241229
S11/20241229/00012,4,TAX,1,151.17,TAX,1735487454,S11,20241229
S11/20241229/00012,5,TENDER,1,1310.79,TENDER,1735487454,S11,20241229
S11/20241229/00013,1,P100233,2,67.07,SALE,1735473851,S11,20241229
S11/20241229/00013,2,P101622,2,272.35,SALE,1735473851,S11,20241229
S11/20241229/00013,3,P101492,4,113.44,SALE,1735473851,S11,20241229
S11/20241229/00013,4,TAX,1,115.62,TAX,1735473851,S11,20241229
S11/20241229/00013,5,TENDER,1,1248.22,TENDER,1735473851,S11,20241229
S11/20241229/00014,1,P101458,2,1365.07,SALE,1735497615,S11,20241229
S11/20241229/00014,2,P107163,3,187.11,SALE,1735497615,S11,20241229
S11/20241229/00014,3,P106221,3,31.65,SALE,1735497615,S11,20241229
S11/20241229/00014,4,P105897,1,249.03,SALE,1735497615,S11,20241229
S11/20241229/00014,5,P104435,1,477.09,SALE,1735497615,S11,20241229
S11/20241229/00014,6,TAX,1,132.29,TAX,1735497615,S11,20241229
S11/20241229/00014,7,TENDER,1,4244.83,TENDER,1735497615,S11,20241229
S11/20241229/00015,1,P102219,2,780.86,SALE,1735478950,S11,20241229
S11/20241229/00015,2,P105511,2,310.12,SALE,1735478950,S11,20241229
S11/20241229/00015,3,P107715,1,241.95,SALE,1735478950,S11,20241229
S11/20241229/00015,4,P104733,3,669.60,SALE,1735478950,S11,20241229
S11/20241229/00015,5,TAX,1,594.86,TAX,1735478950,S11,20241229
S11/20241229/00015,6,TENDER,1,5027.57,TENDER,1735478950,S11,20241229
S11/20241229/00016,1,P101018,1,141.83,SALE,1735501675,S11,20241229
S11/20241229/00016,2,P103922,2,51.00,SALE,1735501675,S11,20241229
S11/20241229/00016,3,P106965,1,89.01,SALE,1735501675,S11,20241229
S11/20241229/00016,4,P104112,3,52.93,SALE,1735501675,S11,20241229
S11/20241229/00016,5,P107960,1,1191.78,SALE,1735501675,S11,20241229
S11/20241229/00016,6,TAX,1,173.76,TAX,1735501675,S11,20241229
S11/20241229/00016,7,TENDER,1,1857.17,TENDER,1735501675,S11,20241229
S11/20241229/00017,1,P105713,2,345.36,SALE,1735480407,S11,20241229
S11/20241229/00017,2,P106310,4,462.03,SALE,1735480407,S11,20241229
S11/20241229/00017,3,P108179,2,307.53,SALE,1735480407,S11,20241229
S11/20241229/00017,4,P105003,1,323.64,SALE,1735480407,S11,20241229
S11/20241229/00017,5,P107966,2,391.71,SALE,1735480407,S11,20241229
S11/20241229/00017,6,P101272,1,96.70,SALE,1735480407,S11,20241229
S11/20241229/00017,7,DISC,1,-258.77,DISCOUNT,1735480407,S11,20241229
S11/20241229/00017,8,TAX,1,474.16,TAX,1735480407,S11,20241229
S11/20241229/00017,9,TENDER,1,4573.05,TENDER,1735480407,S11,20241229
S11/20241229/00018,1,P105805,3,110.21,SALE,1735477717,S11,20241229
S11/20241229/00018,2,P106877,2,1085.30,SALE,1735477717,S11,20241229
S11/20241229/00018,3,P108076,2,151.55,SALE,1735477717,S11,20241229
S11/20241229/00018,4,P106907,1,321.26,SALE,1735477717,S11,20241229
S11/20241229/00018,5,P100268,1,197.00,SALE,1735477717,S11,20241229
S11/20241229/00018,6,TAX,1,64.41,TAX,1735477717,S11,20241229
S11/20241229/00018,7,TENDER,1,3387.00,TENDER,1735477717,S11,20241229
S11/20241229/00019,1,P101968,3,12.46,SALE,1735494812,S11,20241229
S11/20241229/00019,2,P105252,2,12.09,SALE,1735494812,S11,20241229
S11/20241229/00019,3,TAX,1,11.08,TAX,1735494812,S11,20241229
S11/20241229/00019,4,TENDER,1,72.64,TENDER,1735494812,S11,20241229
S11/20241229/00020,1,P107549,3,47.87,SALE,1735490316,S11,20241229
S11/20241229/00020,2,P102640,2,270.61,SALE,1735490316,S11,20241229
S11/20241229/00020,3,TAX,1,123.27,TAX,1735490316,S11,20241229
S11/20241229/00020,4,TENDER,1,808.10,TENDER,1735490316,S11,20241229
S11/20241229/00021,1,P101933,1,1479.09,SALE,1735485978,S11,20241229
S11/20241229/00021,2,P103701,2,1171.33,SALE,1735485978,S11,20241229
S11/20241229/00021,3,P105643,1,1294.23,SALE,1735485978,S11,20241229
S11/20241229/00021,4,P100281,1,485.13,SALE,1735485978,S11,20241229
S11/20241229/00021,5,P106027,2,1548.23,SALE,1735485978,S11,20241229
S11/20241229/00021,6,P106169,1,221.89,SALE,1735485978,S11,20241229
S11/20241229/00021,7,TAX,1,358.82,TAX,1735485978,S11,20241229
S11/20241229/00021,8,TENDER,1,9278.28,TENDER,1735485978,S11,20241229
S11/20241229/00022,1,P100135,3,72.29,SALE,1735478278,S11,20241229
S11/20241229/00022,2,P103749,4,17.91,SALE,1735478278,S11,20241229
S11/20241229/00022,3,P104446,3,66.45,SALE,1735478278,S11,20241229
S11/20241229/00022,4,P108338,1,218.68,SALE,1735478278,S11,20241229
S11/20241229/00022,5,P104155,2,144.69,SALE,1735478278,S11,20241229
S11/20241229/00022,6,P102857,2,116.85,SALE,1735478278,S11,20241229
S11/20241229/00022,7,P105345,1,335.85,SALE,1735478278,S11,20241229
S11/20241229/00022,8,P107520,2,139.81,SALE,1735478278,S11,20241229
S11/20241229/00022,9,TAX,1,171.82,TAX,1735478278,S11,20241229
S11/20241229/00022,10,TENDER,1,2016.91,TENDER,1735478278,S11,20241229
S11/20241229/00023,1,P102460,2,582.21,SALE,1735483201,S11,20241229
S11/20241229/00023,2,P102485,1,208.13,SALE,1735483201,S11,20241229
S11/20241229/00023,3,P107094,5,97.95,SALE,1735483201,S11,20241229
S11/20241229/00023,4,P105965,3,66.08,SALE,1735483201,S11,20241229
S11/20241229/00023,5,P103435,1,443.24,SALE,1735483201,S11,20241229
S11/20241229/00023,6,TAX,1,246.48,TAX,1735483201,S11,20241229
S11/20241229/00023,7,TENDER,1,2750.26,TENDER,1735483201,S11,20241229
S11/20241229/00024,1,P103792,2,25.06,SALE,1735492355,S11,20241229
S11/20241229/00024,2,P104867,3,190.50,SALE,1735492355,S11,20241229
S11/20241229/00024,3,P106009,2,372.60,SALE,1735492355,S11,20241229
S11/20241229/00024,4,P104139,2,249.08,SALE,1735492355,S11,20241229
S11/20241229/00024,5,P106671,1,90.38,SALE,1735492355,S11,20241229
S11/20241229/00024,6,P107753,2,73.61,SALE,1735492355,S11,20241229
S11/20241229/00024,7,P100571,2,134.98,SALE,1735492355,S11,20241229
S11/20241229/00024,8,TAX,1,173.62,TAX,1735492355,S11,20241229
S11/20241229/00024,9,TENDER,1,2546.16,TENDER,1735492355,S11,20241229
S11/20241229/00025,1,P106989,1,26.75,SALE,1735491891,S11,20241229
S11/20241229/00025,2,P103040,2,410.59,SALE,1735491891,S11,20241229
S11/20241229/00025,3,P100827,2,1218.17,SALE,1735491891,S11,20241229
S11/20241229/00025,4,TAX,1,152.63,TAX,1735491891,S11,20241229
S11/20241229/00025,5,TENDER,1,3436.90,TENDER,1735491891,S11,20241229
S11/20241229/00026,1,P103340,3,537.50,SALE,1735494742,S11,20241229
S11/20241229/00026,2,P101332,1,400.98,SALE,1735494742,S11,20241229
S11/20241229/00026,3,P107943,1,252.32,SALE,1735494742,S11,20241229
S11/20241229/00026,4,P103994,1,148.39,SALE,1735494742,S11,20241229
S11/20241229/00026,5,TAX,1,407.84,TAX,1735494742,S11,20241229
S11/20241229/00026,6,TENDER,1,2822.03,TENDER,1735494742,S11,20241229
S11/20241229/00027,1,P103654,2,481.76,SALE,1735485212,S11,20241229
S11/20241229/00027,2,P104469,2,1631.11,SALE,1735485212,S11,20241229
S11/20241229/00027,3,P101634,5,25.05,SALE,1735485212,S11,20241229
S11/20241229/00027,4,P105698,2,194.14,SALE,1735485212,S11,20241229
S11/20241229/00027,5,P100621,2,134.28,SALE,1735485212,S11,20241229
S11/20241229/00027,6,P101669,2,56.49,SALE,1735485212,S11,20241229
S11/20241229/00027,7,TAX,1,586.07,TAX,1735485212,S11,20241229
S11/20241229/00027,8,TENDER,1,5706.88,TENDER,1735485212,S11,20241229
S11/20241229/00028,1,P106697,2,342.69,SALE,1735493614,S11,20241229
S11/20241229/00028,2,P105201,2,365.02,SALE,1735493614,S11,20241229
S11/20241229/00028,3,P100711,3,101.23,SALE,1735493614,S11,20241229
S11/20241229/00028,4,P104688,2,178.09,SALE,1735493614,S11,20241229
S11/20241229/00028,5,P104980,1,92.75,SALE,1735493614,S11,20241229
S11/20241229/00028,6,P105272,3,351.65,SALE,1735493614,S11,20241229
S11/20241229/00028,7,P101076,2,606.89,SALE,1735493614,S11,20241229
S11/20241229/00028,8,TAX,1,383.14,TAX,1735493614,S11,20241229
S11/20241229/00028,9,TENDER,1,4819.91,TENDER,1735493614,S11,20241229
S11/20241229/00029,1,P106277,2,416.62,SALE,1735482432,S11,20241229
S11/20241229/00029,2,P103577,2,100.44,SALE,1735482432,S11,20241229
S11/20241229/00029,3,P101904,2,607.91,SALE,1735482432,S11,20241229
S11/20241229/00029,4,P106793,1,303.65,SALE,1735482432,S11,20241229
S11/20241229/00029,5,P100326,1,47.79,SALE,1735482432,S11,20241229
S11/20241229/00029,6,TAX,1,308.40,TAX,1735482432,S11,20241229
S11/20241229/00029,7,TENDER,1,2909.78,TENDER,1735482432,S11,20241229
S11/20241229/00030,1,P104975,1,568.03,SALE,1735493591,S11,20241229
S11/20241229/00030,2,P107414,2,565.57,SALE,1735493591,S11,20241229
S11/20241229/00030,3,P104469,1,1631.11,SALE,1735493591,S11,20241229
S11/20241229/00030,4,P102738,1,236.55,SALE,1735493591,S11,20241229
S11/20241229/00030,5,P107373,1,96.28,SALE,1735493591,S11,20241229
S11/20241229/00030,6,P103416,3,73.27,SALE,1735493591,S11,20241229
S11/20241229/00030,7,TAX,1,320.24,TAX,1735493591,S11,20241229
S11/20241229/00030,8,TENDER,1,4203.16,TENDER,1735493591,S11,20241229
S11/20241229/00031,1,P103559,2,370.21,SALE,1735484564,S11,20241229
S11/20241229/00031,2,P105139,4,119.64,SALE,1735484564,S11,20241229
S11/20241229/00031,3,P101570,1,298.03,SALE,1735484564,S11,20241229
S11/20241229/00031,4,P107837,2,104.51,SALE,1735484564,S11,20241229
S11/20241229/00031,5,P106927,2,156.05,SALE,1735484564,S11,20241229
S11/20241229/00031,6,TAX,1,183.44,TAX,1735484564,S11,20241229
S11/20241229/00031,7,TENDER,1,2221.57,TENDER,1735484564,S11,20241229
S11/20241229/00032,1,P106807,3,322.15,SALE,1735498022,S11,20241229
S11/20241229/00032,2,P107826,2,136.08,SALE,1735498022,S11,20241229
S11/20241229/00032,3,TAX,1,206.62,TAX,1735498022,S11,20241229
S11/20241229/00032,4,TENDER,1,1445.23,TENDER,1735498022,S11,20241229
S11/20241229/00033,1,P100543,2,123.06,SALE,1735508912,S11,20241229
S11/20241229/00033,2,P102230,1,335.28,SALE,1735508912,S11,20241229
S11/20241229/00033,3,P102549,6,139.23,SALE,1735508912,S11,20241229
S11/20241229/00033,4,P102636,1,113.15,SALE,1735508912,S11,20241229
S11/20241229/00033,5,P108110,2,16.57,SALE,1735508912,S11,20241229
S11/20241229/00033,6,P105236,4,552.60,SALE,1735508912,S11,20241229
S11/20241229/00033,7,TAX,1,337.22,TAX,1735508912,S11,20241229
S11/20241229/00033,8,TENDER,1,4110.69,TENDER,1735508912,S11,20241229
S11/20241229/00034,1,P101974,3,302.00,SALE,1735471831,S11,20241229
S11/20241229/00034,2,P106048,1,310.59,SALE,1735471831,S11,20241229
S11/20241229/00034,3,P107145,2,235.69,SALE,1735471831,S11,20241229
S11/20241229/00034,4,P105003,2,323.64,SALE,1735471831,S11,20241229
S11/20241229/00034,5,P106697,1,342.69,SALE,1735471831,S11,20241229
S11/20241229/00034,6,TAX,1,414.55,TAX,1735471831,S11,20241229
S11/20241229/00034,7,TENDER,1,3092.49,TENDER,1735471831,S11,20241229
S11/20241229/00035,1,P100308,2,328.66,SALE,1735487029,S11,20241229
S11/20241229/00035,2,P101156,2,95.07,SALE,1735487029,S11,20241229
S11/20241229/00035,3,P106659,1,106.86,SALE,1735487029,S11,20241229
S11/20241229/00035,4,P107708,3,167.35,SALE,1735487029,S11,20241229
S11/20241229/00035,5,P105201,2,365.02,SALE,1735487029,S11,20241229
S11/20241229/00035,6,P108067,1,640.50,SALE,1735487029,S11,20241229
S11/20241229/00035,7,TAX,1,137.71,TAX,1735487029,S11,20241229
S11/20241229/00035,8,TENDER,1,2964.62,TENDER,1735487029,S11,20241229
S11/20241229/00036,1,P100057,1,233.39,SALE,1735493735,S11,20241229
S11/20241229/00036,2,P107826,4,136.08,SALE,1735493735,S11,20241229
S11/20241229/00036,3,P100077,4,173.95,SALE,1735493735,S11,20241229
S11/20241229/00036,4,P100367,3,537.90,SALE,1735493735,S11,20241229
S11/20241229/00036,5,P101520,2,206.22,SALE,1735493735,S11,20241229
S11/20241229/00036,6,TAX,1,439.20,TAX,1735493735,S11,20241229
S11/20241229/00036,7,TENDER,1,3938.85,TENDER,1735493735,S11,20241229
S11/20241229/00037,1,P100479,1,342.92,SALE,1735504021,S11,20241229
S11/20241229/00037,2,P104081,2,652.80,SALE,1735504021,S11,20241229
S11/20241229/00037,3,P104023,3,630.48,SALE,1735504021,S11,20241229
S11/20241229/00037,4,P101004,4,357.75,SALE,1735504021,S11,20241229
S11/20241229/00037,5,P100172,1,205.47,SALE,1735504021,S11,20241229
S11/20241229/00037,6,P100438,2,66.55,SALE,1735504021,S11,20241229
S11/20241229/00037,7,P103843,1,660.15,SALE,1735504021,S11,20241229
S11/20241229/00037,8,P103950,3,1283.54,SALE,1735504021,S11,20241229
S11/20241229/00037,9,P101332,2,400.98,SALE,1735504021,S11,20241229
S11/20241229/00037,10,TAX,1,679.91,TAX,1735504021,S11,20241229
S11/20241229/00037,11,TENDER,1,11302.17,TENDER,1735504021,S11,20241229
S11/20241229/00038,1,P107843,1,486.47,SALE,1735491609,S11,20241229
S11/20241229/00038,2,P107899,2,197.21,SALE,1735491609,S11,20241229
S11/20241229/00038,3,P105553,2,764.76,SALE,1735491609,S11,20241229
S11/20241229/00038,4,P100326,1,47.79,SALE,1735491609,S11,20241229
S11/20241229/00038,5,TAX,1,299.43,TAX,1735491609,S11,20241229
S11/20241229/00038,6,TENDER,1,2757.63,TENDER,1735491609,S11,20241229
S11/20241229/00039,1,P105944,2,985.47,SALE,1735514341,S11,20241229
S11/20241229/00039,2,P103118,3,47.89,SALE,1735514341,S11,20241229
S11/20241229/00039,3,P103299,1,238.05,SALE,1735514341,S11,20241229
S11/20241229/00039,4,P102674,6,515.88,SALE,1735514341,S11,20241229
S11/20241229/00039,5,P103012,2,240.75,SALE,1735514341,S11,20241229
S11/20241229/00039,6,P102280,1,644.81,SALE,1735514341,S11,20241229
S11/20241229/00039,7,P108174,1,235.92,SALE,1735514341,S11,20241229
S11/20241229/00039,8,P101237,2,278.87,SALE,1735514341,S11,20241229
S11/20241229/00039,9,TAX,1,1096.27,TAX,1735514341,S11,20241229
S11/20241229/00039,10,TENDER,1,8464.18,TENDER,1735514341,S11,20241229
S11/20241229/00040,1,P108216,2,69.70,SALE,1735500021,S11,20241229
S11/20241229/00040,2,P104844,1,553.13,SALE,1735500021,S11,20241229
S11/20241229/00040,3,P101827,2,155.74,SALE,1735500021,S11,20241229
S11/20241229/00040,4,P104328,2,64.22,SALE,1735500021,S11,20241229
S11/20241229/00040,5,TAX,1,56.62,TAX,1735500021,S11,20241229
S11/20241229/00040,6,TENDER,1,1189.07,TENDER,1735500021,S11,20241229
S11/20241229/00041,1,P100354,2,182.63,SALE,1735466924,S11,20241229
S11/20241229/00041,2,P107246,2,313.74,SALE,1735466924,S11,20241229
S11/20241229/00041,3,P102255,3,167.76,SALE,1735466924,S11,20241229
S11/20241229/00041,4,P101982,2,428.91,SALE,1735466924,S11,20241229
S11/20241229/00041,5,TAX,1,311.19,TAX,1735466924,S11,20241229
S11/20241229/00041,6,TENDER,1,2665.03,TENDER,1735466924,S11,20241229
S11/20241229/00042,1,P105136,1,158.61,SALE,1735474546,S11,20241229
S11/20241229/00042,2,P101613,1,125.30,SALE,1735474546,S11,20241229
S11/20241229/00042,3,P103822,3,594.96,SALE,1735474546,S11,20241229
S11/20241229/00042,4,P106679,1,181.66,SALE,1735474546,S11,20241229
S11/20241229/00042,5,P103111,3,40.41,SALE,1735474546,S11,20241229
S11/20241229/00042,6,P105042,1,66.53,SALE,1735474546,S11,20241229
S11/20241229/00042,7,DISC,1,-182.42,DISCOUNT,1735474546,S11,20241229
S11/20241229/00042,8,TAX,1,334.80,TAX,1735474546,S11,20241229
S11/20241229/00042,9,TENDER,1,2590.59,TENDER,1735474546,S11,20241229
S11/20241229/00043,1,P102814,3,543.91,SALE,1735487026,S11,20241229
S11/20241229/00043,2,P105490,3,154.49,SALE,1735487026,S11,20241229
S11/20241229/00043,3,P101458,1,1365.07,SALE,1735487026,S11,20241229
S11/20241229/00043,4,P105035,3,159.58,SALE,1735487026,S11,20241229
S11/20241229/00043,5,P101134,3,1071.76,SALE,1735487026,S11,20241229
S11/20241229/00043,6,TAX,1,165.01,TAX,1735487026,S11,20241229
S11/20241229/00043,7,TENDER,1,7319.30,TENDER,1735487026,S11,20241229
S11/20241229/00044,1,P107215,3,153.85,SALE,1735508830,S11,20241229
S11/20241229/00044,2,P103137,4,218.09,SALE,1735508830,S11,20241229
S11/20241229/00044,3,P102494,2,14.54,SALE,1735508830,S11,20241229
S11/20241229/00044,4,P101762,1,528.36,SALE,1735508830,S11,20241229
S11/20241229/00044,5,P101968,2,12.46,SALE,1735508830,S11,20241229
S11/20241229/00044,6,TAX,1,233.19,TAX,1735508830,S11,20241229
S11/20241229/00044,7,TENDER,1,2149.46,TENDER,1735508830,S11,20241229
S11/20241229/00045,1,P107508,5,1577.69,SALE,1735483275,S11,20241229
S11/20241229/00045,2,P103973,1,108.48,SALE,1735483275,S11,20241229
S11/20241229/00045,3,P101923,2,527.50,SALE,1735483275,S11,20241229
S11/20241229/00045,4,P102045,5,21.89,SALE,1735483275,S11,20241229
S11/20241229/00045,5,P103510,3,196.86,SALE,1735483275,S11,20241229
S11/20241229/00045,6,P103273,2,356.86,SALE,1735483275,S11,20241229
S11/20241229/00045,7,P104285,2,683.70,SALE,1735483275,S11,20241229
S11/20241229/00045,8,P107807,2,118.66,SALE,1735483275,S11,20241229
S11/20241229/00045,9,TAX,1,1371.15,TAX,1735483275,S11,20241229
S11/20241229/00045,10,TENDER,1,13441.55,TENDER,1735483275,S11,20241229
S11/20241229/00046,1,P103259,-2,298.27,RETURN,1735500659,S11,20241229
S11/20241229/00046,2,P105100,-3,270.01,RETURN,1735500659,S11,20241229
S11/20241229/00046,3,P101876,-1,68.16,RETURN,1735500659,S11,20241229
S11/20241229/00046,4,P104739,-1,172.21,RETURN,1735500659,S11,20241229
S11/20241229/00046,5,P105351,-5,109.14,RETURN,1735500659,S11,20241229
S11/20241229/00046,6,P105950,-1,1356.49,RETURN,1735500659,S11,20241229
S11/20241229/00046,7,P103946,-2,338.64,RETURN,1735500659,S11,20241229
S11/20241229/00046,8,P108326,-1,472.80,RETURN,1735500659,S11,20241229
S11/20241229/00046,9,TAX,1,-335.17,TAX,1735500659,S11,20241229
S11/20241229/00046,10,TENDER,1,-5034.38,TENDER,1735500659,S11,20241229
S11/20241229/00047,1,P105589,1,90.25,SALE,1735487414,S11,20241229
S11/20241229/00047,2,P104485,3,643.04,SALE,1735487414,S11,20241229
S11/20241229/00047,3,P103159,3,1193.28,SALE,1735487414,S11,20241229
S11/20241229/00047,4,P106669,2,102.72,SALE,1735487414,S11,20241229
S11/20241229/00047,5,P102272,2,389.34,SALE,1735487414,S11,20241229
S11/20241229/00047,6,P103538,3,265.96,SALE,1735487414,S11,20241229
S11/20241229/00047,7,P100816,2,806.93,SALE,1735487414,S11,20241229
S11/20241229/00047,8,P106671,2,90.38,SALE,1735487414,S11,20241229
S11/20241229/00047,9,TAX,1,594.05,TAX,1735487414,S11,20241229
S11/20241229/00047,10,TENDER,1,9769.88,TENDER,1735487414,S11,20241229
S11/20241229/00048,1,P100469,2,49.98,SALE,1735485253,S11,20241229
S11/20241229/00048,2,P103749,3,17.91,SALE,1735485253,S11,20241229
S11/20241229/00048,3,P107667,3,367.93,SALE,1735485253,S11,20241229
S11/20241229/00048,4,P100007,3,155.06,SALE,1735485253,S11,20241229
S11/20241229/00048,5,TAX,1,230.86,TAX,1735485253,S11,20241229
S11/20241229/00048,6,TENDER,1,1953.52,TENDER,1735485253,S11,20241229
S11/20241229/00049,1,P106877,4,1085.30,SALE,1735480571,S11,20241229
S11/20241229/00049,2,P103668,2,1530.18,SALE,1735480571,S11,20241229
S11/20241229/00049,3,P104533,2,313.53,SALE,1735480571,S11,20241229
S11/20241229/00049,4,DISC,1,-704.96,DISCOUNT,1735480571,S11,20241229
S11/20241229/00049,5,TAX,1,168.18,TAX,1735480571,S11,20241229
S11/20241229/00049,6,TENDER,1,7491.84,TENDER,1735480571,S11,20241229
S11/20241229/00050,1,P108356,2,234.68,SALE,1735473565,S11,20241229
S11/20241229/00050,2,P105819,3,66.64,SALE,1735473565,S11,20241229
S11/20241229/00050,3,P105507,1,22.07,SALE,1735473565,S11,20241229
S11/20241229/00050,4,TAX,1,92.31,TAX,1735473565,S11,20241229
S11/20241229/00050,5,TENDER,1,783.66,TENDER,1735473565,S11,20241229
S11/20241229/00051,1,P102436,2,243.03,SALE,1735488110,S11,20241229
S11/20241229/00051,2,P102042,1,151.18,SALE,1735488110,S11,20241229
S11/20241229/00051,3,P101428,3,431.72,SALE,1735488110,S11,20241229
S11/20241229/00051,4,TAX,1,338.76,TAX,1735488110,S11,20241229
S11/20241229/00051,5,TENDER,1,2271.16,TENDER,1735488110,S11,20241229
S11/20241230/00001,1,P108200,1,333.41,SALE,1735576578,S11,20241230
S11/20241230/00001,2,P105136,2,158.61,SALE,1735576578,S11,20241230
S11/20241230/00001,3,P100354,2,182.63,SALE,1735576578,S11,20241230
S11/20241230/00001,4,P106323,1,201.47,SALE,1735576578,S11,20241230
S11/20241230/00001,5,P103645,1,285.25,SALE,1735576578,S11,20241230
S11/20241230/00001,6,P100224,2,79.22,SALE,1735576578,S11,20241230
S11/20241230/00001,7,TAX,1,101.84,TAX,1735576578,S11,20241230
S11/20241230/00001,8,TENDER,1,1762.89,TENDER,1735576578,S11,20241230
S11/20241230/00002,1,P100827,2,1218.17,SALE,1735572756,S11,20241230
S11/20241230/00002,2,P103484,2,109.59,SALE,1735572756,S11,20241230
S11/20241230/00002,3,P106209,1,199.51,SALE,1735572756,S11,20241230
S11/20241230/00002,4,P102849,1,682.39,SALE,1735572756,S11,20241230
S11/20241230/00002,5,TAX,1,145.28,TAX,1735572756,S11,20241230
S11/20241230/00002,6,TENDER,1,3682.70,TENDER,1735572756,S11,20241230
S11/20241230/00003,1,P107639,3,128.49,SALE,1735589721,S11,20241230
S11/20241230/00003,2,P105740,3,103.24,SALE,1735589721,S11,20241230
S11/20241230/00003,3,P107264,2,190.99,SALE,1735589721,S11,20241230
S11/20241230/00003,4,P105425,1,153.55,SALE,1735589721,S11,20241230
S11/20241230/00003,5,P102616,1,82.31,SALE,1735589721,S11,20241230
S11/20241230/00003,6,TAX,1,193.26,TAX,1735589721,S11,20241230
S11/20241230/00003,7,TENDER,1,1506.29,TENDER,1735589721,S11,20241230
S11/20241230/00004,1,P102445,2,31.53,SALE,1735590386,S11,20241230
S11/20241230/00004,2,P104072,2,724.10,SALE,1735590386,S11,20241230
S11/20241230/00004,3,P100511,5,442.66,SALE,1735590386,S11,20241230
S11/20241230/00004,4,TAX,1,349.36,TAX,1735590386,S11,20241230
S11/20241230/00004,5,TENDER,1,4073.92,TENDER,1735590386,S11,20241230
S11/20241230/00005,1,P101732,3,1390.76,SALE,1735577373,S11,20241230
S11/20241230/00005,2,P100627,3,440.29,SALE,1735577373,S11,20241230
S11/20241230/00005,3,P103124,2,523.92,SALE,1735577373,S11,20241230
S11/20241230/00005,4,P101201,1,48.42,SALE,1735577373,S11,20241230
S11/20241230/00005,5,P105017,1,220.46,SALE,1735577373,S11,20241230
S11/20241230/00005,6,TAX,1,797.43,TAX,1735577373,S11,20241230
S11/20241230/00005,7,TENDER,1,7607.30,TENDER,1735577373,S11,20241230
S11/20241230/00006,1,P104389,2,169.98,SALE,1735580637,S11,20241230
S11/20241230/00006,2,P104558,2,440.08,SALE,1735580637,S11,20241230
S11/20241230/00006,3,P103461,1,109.46,SALE,1735580637,S11,20241230
S11/20241230/00006,4,P103918,2,527.10,SALE,1735580637,S11,20241230
S11/20241230/00006,5,P104747,1,342.93,SALE,1735580637,S11,20241230
S11/20241230/00006,6,P101470,2,196.94,SALE,1735580637,S11,20241230
S11/20241230/00006,7,P108046,1,101.85,SALE,1735580637,S11,20241230
S11/20241230/00006,8,TAX,1,292.14,TAX,1735580637,S11,20241230
S11/20241230/00006,9,TENDER,1,3514.58,TENDER,1735580637,S11,20241230
S11/20241230/00007,1,P105890,2,1196.88,SALE,1735573558,S11,20241230
S11/20241230/00007,2,P106776,3,445.40,SALE,1735573558,S11,20241230
S11/20241230/00007,3,P106426,1,154.27,SALE,1735573558,S11,20241230
S11/20241230/00007,4,TAX,1,214.27,TAX,1735573558,S11,20241230
S11/20241230/00007,5,TENDER,1,4098.50,TENDER,1735573558,S11,20241230
S11/20241230/00008,1,P103693,2,102.71,SALE,1735544476,S11,20241230
S11/20241230/00008,2,P102998,3,158.64,SALE,1735544476,S11,20241230
S11/20241230/00008,3,P107119,2,18.29,SALE,1735544476,S11,20241230
S11/20241230/00008,4,TAX,1,92.25,TAX,1735544476,S11,20241230
S11/20241230/00008,5,TENDER,1,810.17,TENDER,1735544476,S11,20241230
S11/20241230/00009,1,P100095,2,100.57,SALE,1735580141,S11,20241230
S11/20241230/00009,2,P100131,2,667.83,SALE,1735580141,S11,20241230
S11/20241230/00009,3,P108046,1,101.85,SALE,1735580141,S11,20241230
S11/20241230/00009,4,P107158,4,147.89,SALE,1735580141,S11,20241230
S11/20241230/00009,5,P101547,2,66.03,SALE,1735580141,S11,20241230
S11/20241230/00009,6,TAX,1,301.75,TAX,1735580141,S11,20241230
S11/20241230/00009,7,TENDER,1,2664.02,TENDER,1735580141,S11,20241230
S11/20241230/00010,1,P100911,2,67.40,SALE,1735587623,S11,20241230
S11/20241230/00010,2,P105440,1,107.89,SALE,1735587623,S11,20241230
S11/20241230/00010,3,P101674,3,387.70,SALE,1735587623,S11,20241230
S11/20241230/00010,4,TAX,1,221.49,TAX,1735587623,S11,20241230
S11/20241230/00010,5,TENDER,1,1627.28,TENDER,1735587623,S11,20241230
S11/20241230/00011,1,P103487,3,361.14,SALE,1735584305,S11,20241230
S11/20241230/00011,2,P106048,2,310.59,SALE,1735584305,S11,20241230
S11/20241230/00011,3,DISC,1,-182.04,DISCOUNT,1735584305,S11,20241230
S11/20241230/00011,4,TAX,1,182.71,TAX,1735584305,S11,20241230
S11/20241230/00011,5,TENDER,1,1705.27,TENDER,1735584305,S11,20241230
S11/20241230/00012,1,P100428,3,150.84,SALE,1735594647,S11,20241230
S11/20241230/00012,2,P107733,1,56.44,SALE,1735594647,S11,20241230
S11/20241230/00012,3,P103661,1,125.81,SALE,1735594647,S11,20241230
S11/20241230/00012,4,P102045,1,21.89,SALE,1735594647,S11,20241230
S11/20241230/00012,5,TAX,1,29.41,TAX,1735594647,S11,20241230
S11/20241230/00012,6,TENDER,1,686.07,TENDER,1735594647,S11,20241230
S11/20241230/00013,1,P102236,3,928.51,SALE,1735603399,S11,20241230
S11/20241230/00013,2,P100221,4,139.88,SALE,1735603399,S11,20241230
S11/20241230/00013,3,P101095,2,205.38,SALE,1735603399,S11,20241230
S11/20241230/00013,4,P107740,2,1366.88,SALE,1735603399,S11,20241230
S11/20241230/00013,5,P102054,3,142.99,SALE,1735603399,S11,20241230
S11/20241230/00013,6,TAX,1,555.92,TAX,1735603399,S11,20241230
S11/20241230/00013,7,TENDER,1,7474.46,TENDER,1735603399,S11,20241230
S11/20241230/00014,1,P106382,2,81.60,SALE,1735575961,S11,20241230
S11/20241230/00014,2,P101359,1,49.69,SALE,1735575961,S11,20241230
S11/20241230/00014,3,P103504,2,348.22,SALE,1735575961,S11,20241230
S11/20241230/00014,4,P102353,3,139.83,SALE,1735575961,S11,20241230
S11/20241230/00014,5,P100198,2,162.72,SALE,1735575961,S11,20241230
S11/20241230/00014,6,P104121,2,131.32,SALE,1735575961,S11,20241230
S11/20241230/00014,7,P104149,2,88.07,SALE,1735575961,S11,20241230
S11/20241230/00014,8,P100339,1,299.99,SALE,1735575961,S11,20241230
S11/20241230/00014,9,P104715,1,162.67,SALE,1735575961,S11,20241230
S11/20241230/00014,10,P107435,2,636.54,SALE,1735575961,S11,20241230
S11/20241230/00014,11,DISC,1,-163.45,DISCOUNT,1735575961,S11,20241230
S11/20241230/00014,12,TAX,1,477.01,TAX,1735575961,S11,20241230
S11/20241230/00014,13,TENDER,1,4142.34,TENDER,1735575961,S11,20241230
S11/20241230/00015,1,P107226,3,88.38,SALE,1735579726,S11,20241230
S11/20241230/00015,2,P106830,4,103.94,SALE,1735579726,S11,20241230
S11/20241230/00015,3,P108186,2,324.50,SALE,1735579726,S11,20241230
S11/20241230/00015,4,P106793,2,303.65,SALE,1735579726,S11,20241230
S11/20241230/00015,5,P104308,1,53.24,SALE,1735579726,S11,20241230
S11/20241230/00015,6,P107472,3,64.61,SALE,1735579726,S11,20241230
S11/20241230/00015,7,P106310,2,462.03,SALE,1735579726,S11,20241230
S11/20241230/00015,8,P103062,2,173.63,SALE,1735579726,S11,20241230
S11/20241230/00015,9,TAX,1,433.78,TAX,1735579726,S11,20241230
S11/20241230/00015,10,TENDER,1,3889.37,TENDER,1735579726,S11,20241230
S11/20241230/00016,1,P106877,1,1085.30,SALE,1735557890,S11,20241230
S11/20241230/00016,2,P102272,1,389.34,SALE,1735557890,S11,20241230
S11/20241230/00016,3,P103861,2,57.59,SALE,1735557890,S11,20241230
S11/20241230/00016,4,DISC,1,-168.00,DISCOUNT,1735557890,S11,20241230
S11/20241230/00016,5,TAX,1,46.93,TAX,1735557890,S11,20241230
S11/20241230/00016,6,TENDER,1,1468.75,TENDER,1735557890,S11,20241230
S11/20241230/00017,1,P103811,1,778.90,SALE,1735587785,S11,20241230
S11/20241230/00017,2,P101010,1,71.39,SALE,1735587785,S11,20241230
S11/20241230/00017,3,P104733,1,669.60,SALE,1735587785,S11,20241230
S11/20241230/00017,4,P103732,2,94.74,SALE,1735587785,S11,20241230
S11/20241230/00017,5,TAX,1,138.57,TAX,1735587785,S11,20241230
S11/20241230/00017,6,TENDER,1,1847.94,TENDER,1735587785,S11,20241230
S11/20241230/00018,1,P106209,4,199.51,SALE,1735554666,S11,20241230
S11/20241230/00018,2,P104950,2,91.01,SALE,1735554666,S11,20241230
S11/20241230/00018,3,P104802,3,213.28,SALE,1735554666,S11,20241230
S11/20241230/00018,4,P100959,2,320.67,SALE,1735554666,S11,20241230
S11/20241230/00018,5,P107705,3,763.24,SALE,1735554666,S11,20241230
S11/20241230/00018,6,P102593,2,92.93,SALE,1735554666,S11,20241230
S11/20241230/00018,7,P100005,2,114.37,SALE,1735554666,S11,20241230
S11/20241230/00018,8,DISC,1,-168.44,DISCOUNT,1735554666,S11,20241230
S11/20241230/00018,9,TAX,1,684.50,TAX,1735554666,S11,20241230
S11/20241230/00018,10,TENDER,1,5481.62,TENDER,1735554666,S11,20241230
S11/20241230/00019,1,P107784,1,245.59,SALE,1735587761,S11,20241230
S11/20241230/00019,2,P105384,2,315.25,SALE,1735587761,S11,20241230
S11/20241230/00019,3,P107246,3,313.74,SALE,1735587761,S11,20241230
S11/20241230/00019,4,P101933,2,1344.63,SALE,1735587761,S11,20241230
S11/20241230/00019,5,P101393,2,36.64,SALE,1735587761,S11,20241230
S11/20241230/00019,6,P102335,1,94.24,SALE,1735587761,S11,20241230
S11/20241230/00019,7,P104811,2,108.16,SALE,1735587761,S11,20241230
S11/20241230/00019,8,DISC,1,-338.12,DISCOUNT,1735587761,S11,20241230
S11/20241230/00019,9,TAX,1,611.41,TAX,1735587761,S11,20241230
S11/20241230/00019,10,TENDER,1,5163.70,TENDER,1735587761,S11,20241230
S11/20241230/00020,1,P100921,3,441.43,SALE,1735560823,S11,20241230
S11/20241230/00020,2,P105260,2,72.61,SALE,1735560823,S11,20241230
S11/20241230/00020,3,P104872,3,132.45,SALE,1735560823,S11,20241230
S11/20241230/00020,4,P100178,1,480.34,SALE,1735560823,S11,20241230
S11/20241230/00020,5,TAX,1,389.94,TAX,1735560823,S11,20241230
S11/20241230/00020,6,TENDER,1,2737.14,TENDER,1735560823,S11,20241230
S11/20241230/00021,1,P105219,2,763.15,SALE,1735582688,S11,20241230
S11/20241230/00021,2,P103882,1,273.56,SALE,1735582688,S11,20241230
S11/20241230/00021,3,P104802,2,213.28,SALE,1735582688,S11,20241230
S11/20241230/00021,4,P104485,1,643.04,SALE,1735582688,S11,20241230
S11/20241230/00021,5,TAX,1,477.92,TAX,1735582688,S11,20241230
S11/20241230/00021,6,TENDER,1,3347.38,TENDER,1735582688,S11,20241230
S11/20241230/00022,1,P102502,2,408.64,SALE,1735586002,S11,20241230
S11/20241230/00022,2,DISC,1,-21.58,DISCOUNT,1735586002,S11,20241230
S11/20241230/00022,3,TAX,1,143.23,TAX,1735586002,S11,20241230
S11/20241230/00022,4,TENDER,1,938.93,TENDER,1735586002,S11,20241230
S11/20241230/00023,1,P104226,2,303.01,SALE,1735578259,S11,20241230
S11/20241230/00023,2,P103206,4,450.05,SALE,1735578259,S11,20241230
S11/20241230/00023,3,P103397,1,371.02,SALE,1735578259,S11,20241230
S11/20241230/00023,4,P101218,1,61.39,SALE,1735578259,S11,20241230
S11/20241230/00023,5,P107589,3,257.75,SALE,1735578259,S11,20241230
S11/20241230/00023,6,TAX,1,474.27,TAX,1735578259,S11,20241230
S11/20241230/00023,7,TENDER,1,4086.15,TENDER,1735578259,S11,20241230
S11/20241230/00024,1,P102021,5,90.22,SALE,1735581109,S11,20241230
S11/20241230/00024,2,P101152,4,490.05,SALE,1735581109,S11,20241230
S11/20241230/00024,3,P105747,3,287.56,SALE,1735581109,S11,20241230
S11/20241230/00024,4,P106965,1,89.01,SALE,1735581109,S11,20241230
S11/20241230/00024,5,P107458,4,1239.88,SALE,1735581109,S11,20241230
S11/20241230/00024,6,P106067,4,444.09,SALE,1735581109,S11,20241230
S11/20241230/00024,7,TAX,1,655.52,TAX,1735581109,S11,20241230
S11/20241230/00024,8,TENDER,1,10754.39,TENDER,1735581109,S11,20241230
S11/20241230/00025,1,P102772,2,151.97,SALE,1735582176,S11,20241230
S11/20241230/00025,2,P105855,4,123.28,SALE,1735582176,S11,20241230
S11/20241230/00025,3,P105009,4,65.38,SALE,1735582176,S11,20241230
S11/20241230/00025,4,TAX,1,86.93,TAX,1735582176,S11,20241230
S11/20241230/00025,5,TENDER,1,1145.51,TENDER,1735582176,S11,20241230
S11/20241230/00026,1,P105198,4,14.62,SALE,1735601016,S11,20241230
S11/20241230/00026,2,P104867,3,190.50,SALE,1735601016,S11,20241230
S11/20241230/00026,3,P101404,1,228.51,SALE,1735601016,S11,20241230
S11/20241230/00026,4,P104756,1,373.50,SALE,1735601016,S11,20241230
S11/20241230/00026,5,TAX,1,91.84,TAX,1735601016,S11,20241230
S11/20241230/00026,6,TENDER,1,1323.83,TENDER,1735601016,S11,20241230
S11/20241230/00027,1,P107520,2,139.81,SALE,1735581276,S11,20241230
S11/20241230/00027,2,P108374,4,1417.29,SALE,1735581276,S11,20241230
S11/20241230/00027,3,P101492,2,113.44,SALE,1735581276,S11,20241230
S11/20241230/00027,4,TAX,1,54.82,TAX,1735581276,S11,20241230
S11/20241230/00027,5,TENDER,1,6230.48,TENDER,1735581276,S11,20241230
S11/20241230/00028,1,P102081,2,164.15,SALE,1735572050,S11,20241230
S11/20241230/00028,2,P103050,3,569.48,SALE,1735572050,S11,20241230
S11/20241230/00028,3,P102202,6,194.70,SALE,1735572050,S11,20241230
S11/20241230/00028,4,P100421,2,121.56,SALE,1735572050,S11,20241230
S11/20241230/00028,5,P108162,2,257.55,SALE,1735572050,S11,20241230
S11/20241230/00028,6,TAX,1,295.13,TAX,1735572050,S11,20241230
S11/20241230/00028,7,TENDER,1,4258.29,TENDER,1735572050,S11,20241230
S11/20241230/00029,1,P102623,3,107.54,SALE,1735585301,S11,20241230
S11/20241230/00029,2,P102811,4,199.78,SALE,1735585301,S11,20241230
S11/20241230/00029,3,P104718,2,364.54,SALE,1735585301,S11,20241230
S11/20241230/00029,4,DISC,1,-112.89,DISCOUNT,1735585301,S11,20241230
S11/20241230/00029,5,TAX,1,156.03,TAX,1735585301,S11,20241230
S11/20241230/00029,6,TENDER,1,1893.96,TENDER,1735585301,S11,20241230
S11/20241230/00030,1,P104462,2,86.38,SALE,1735554895,S11,20241230
S11/20241230/00030,2,P102397,3,355.28,SALE,1735554895,S11,20241230
S11/20241230/00030,3,TAX,1,136.54,TAX,1735554895,S11,20241230
S11/20241230/00030,4,TENDER,1,1375.14,TENDER,1735554895,S11,20241230
S11/20241230/00031,1,P106639,3,485.46,SALE,1735567058,S11,20241230
S11/20241230/00031,2,P102636,1,113.15,SALE,1735567058,S11,20241230
S11/20241230/00031,3,TAX,1,180.42,TAX,1735567058,S11,20241230
S11/20241230/00031,4,TENDER,1,1749.95,TENDER,1735567058,S11,20241230
S11/20241231/00001,1,P103389,1,239.67,SALE,1735655866,S11,20241231
S11/20241231/00001,2,P100838,1,38.03,SALE,1735655866,S11,20241231
S11/20241231/00001,3,P101660,1,193.14,SALE,1735655866,S11,20241231
S11/20241231/00001,4,P104277,1,128.39,SALE,1735655866,S11,20241231
S11/20241231/00001,5,DISC,1,-68.59,DISCOUNT,1735655866,S11,20241231
S11/20241231/00001,6,TAX,1,62.08,TAX,1735655866,S11,20241231
S11/20241231/00001,7,TENDER,1,592.72,TENDER,1735655866,S11,20241231
S11/20241231/00002,1,P107089,3,208.86,SALE,1735675689,S11,20241231
S11/20241231/00002,2,P103647,3,42.08,SALE,1735675689,S11,20241231
S11/20241231/00002,3,P102744,1,98.75,SALE,1735675689,S11,20241231
S11/20241231/00002,4,P104645,1,1052.62,SALE,1735675689,S11,20241231
S11/20241231/00002,5,P100911,3,67.40,SALE,1735675689,S11,20241231
S11/20241231/00002,6,TAX,1,46.38,TAX,1735675689,S11,20241231
S11/20241231/00002,7,TENDER,1,2152.77,TENDER,1735675689,S11,20241231
S11/20241231/00003,1,P105547,1,431.77,SALE,1735671250,S11,20241231
S11/20241231/00003,2,P102207,1,362.90,SALE,1735671250,S11,20241231
S11/20241231/00003,3,P106528,4,832.82,SALE,1735671250,S11,20241231
S11/20241231/00003,4,P105707,3,130.64,SALE,1735671250,S11,20241231
S11/20241231/00003,5,P107676,1,213.04,SALE,1735671250,S11,20241231
S11/20241231/00003,6,TAX,1,552.80,TAX,1735671250,S11,20241231
S11/20241231/00003,7,TENDER,1,5283.71,TENDER,1735671250,S11,20241231
S11/20241231/00004,1,P105918,2,294.44,SALE,1735667020,S11,20241231
S11/20241231/00004,2,P104497,1,229.16,SALE,1735667020,S11,20241231
S11/20241231/00004,3,P104008,1,116.02,SALE,1735667020,S11,20241231
S11/20241231/00004,4,TAX,1,123.26,TAX,1735667020,S11,20241231
S11/20241231/00004,5,TENDER,1,1057.32,TENDER,1735667020,S11,20241231
S11/20241231/00005,1,P101876,1,68.16,SALE,1735652919,S11,20241231
S11/20241231/00005,2,P104358,3,1243.57,SALE,1735652919,S11,20241231
S11/20241231/00005,3,P101134,2,1071.76,SALE,1735652919,S11,20241231
S11/20241231/00005,4,P102321,3,35.15,SALE,1735652919,S11,20241231
S11/20241231/00005,5,P103328,1,228.35,SALE,1735652919,S11,20241231
S11/20241231/00005,6,P101796,1,990.67,SALE,1735652919,S11,20241231
S11/20241231/00005,7,TAX,1,554.38,TAX,1735652919,S11,20241231
S11/20241231/00005,8,TENDER,1,7821.24,TENDER,1735652919,S11,20241231
S11/20241231/00006,1,P104756,1,373.50,SALE,1735658006,S11,20241231
S11/20241231/00006,2,P100649,5,618.96,SALE,1735658006,S11,20241231
S11/20241231/00006,3,P102219,3,780.86,SALE,1735658006,S11,20241231
S11/20241231/00006,4,P105307,2,818.25,SALE,1735658006,S11,20241231
S11/20241231/00006,5,P107925,1,992.11,SALE,1735658006,S11,20241231
S11/20241231/00006,6,TAX,1,448.12,TAX,1735658006,S11,20241231
S11/20241231/00006,7,TENDER,1,8887.61,TENDER,1735658006,S11,20241231
S11/20241231/00007,1,P102217,3,68.46,SALE,1735653457,S11,20241231
S11/20241231/00007,2,P104617,3,107.09,SALE,1735653457,S11,20241231
S11/20241231/00007,3,P103637,3,338.13,SALE,1735653457,S11,20241231
S11/20241231/00007,4,DISC,1,-83.78,DISCOUNT,1735653457,S11,20241231
S11/20241231/00007,5,TAX,1,227.35,TAX,1735653457,S11,20241231
S11/20241231/00007,6,TENDER,1,1684.61,TENDER,1735653457,S11,20241231
S11/20241231/00008,1,P100308,3,328.66,SALE,1735679676,S11,20241231
S11/20241231/00008,2,P105187,2,1046.11,SALE,1735679676,S11,20241231
S11/20241231/00008,3,TAX,1,118.32,TAX,1735679676,S11,20241231
S11/20241231/00008,4,TENDER,1,3196.52,TENDER,1735679676,S11,20241231
S11/20241231/00009,1,P105775,3,104.41,SALE,1735649924,S11,20241231
S11/20241231/00009,2,P100281,2,485.13,SALE,1735649924,S11,20241231
S11/20241231/00009,3,P108262,3,592.59,SALE,1735649924,S11,20241231
S11/20241231/00009,4,P104501,1,413.53,SALE,1735649924,S11,20241231
S11/20241231/00009,5,P105518,4,729.30,SALE,1735649924,S11,20241231
S11/20241231/00009,6,TAX,1,893.61,TAX,1735649924,S11,20241231
S11/20241231/00009,7,TENDER,1,7285.60,TENDER,1735649924,S11,20241231
S11/20241231/00010,1,P102353,2,139.83,SALE,1735656248,S11,20241231
S11/20241231/00010,2,P106865,1,299.72,SALE,1735656248,S11,20241231
S11/20241231/00010,3,P104526,2,363.05,SALE,1735656248,S11,20241231
S11/20241231/00010,4,TAX,1,104.24,TAX,1735656248,S11,20241231
S11/20241231/00010,5,TENDER,1,1409.72,TENDER,1735656248,S11,20241231
S11/20241231/00011,1,P103129,2,84.49,SALE,1735647403,S11,20241231
S11/20241231/00011,2,P103144,4,145.27,SALE,1735647403,S11,20241231
S11/20241231/00011,3,P103886,2,312.24,SALE,1735647403,S11,20241231
S11/20241231/00011,4,P106686,2,356.93,SALE,1735647403,S11,20241231
S11/20241231/00011,5,P105209,1,399.92,SALE,1735647403,S11,20241231
S11/20241231/00011,6,P107630,2,309.72,SALE,1735647403,S11,20241231
S11/20241231/00011,7,P103777,1,44.82,SALE,1735647403,S11,20241231
S11/20241231/00011,8,TAX,1,280.89,TAX,1735647403,S11,20241231
S11/20241231/00011,9,TENDER,1,3433.47,TENDER,1735647403,S11,20241231
S11/20241231/00012,1,P102707,1,425.19,SALE,1735661601,S11,20241231
S11/20241231/00012,2,P103855,1,322.11,SALE,1735661601,S11,20241231
S11/20241231/00012,3,P102042,1,160.25,SALE,1735661601,S11,20241231
S11/20241231/00012,4,TAX,1,128.23,TAX,1735661601,S11,20241231
S11/20241231/00012,5,TENDER,1,1035.78,TENDER,1735661601,S11,20241231
S11/20241231/00013,1,P103712,2,481.86,SALE,1735677953,S11,20241231
S11/20241231/00013,2,P103281,3,172.43,SALE,1735677953,S11,20241231
S11/20241231/00013,3,P102353,3,139.83,SALE,1735677953,S11,20241231
S11/20241231/00013,4,P102886,2,139.22,SALE,1735677953,S11,20241231
S11/20241231/00013,5,TAX,1,243.66,TAX,1735677953,S11,20241231
S11/20241231/00013,6,TENDER,1,2422.60,TENDER,1735677953,S11,20241231
S11/20241231/00014,1,P104554,2,437.01,SALE,1735657235,S11,20241231
S11/20241231/00014,2,P105698,1,194.14,SALE,1735657235,S11,20241231
S11/20241231/00014,3,P107137,1,32.59,SALE,1735657235,S11,20241231
S11/20241231/00014,4,TAX,1,139.83,TAX,1735657235,S11,20241231
S11/20241231/00014,5,TENDER,1,1240.58,TENDER,1735657235,S11,20241231
S11/20241231/00015,1,P104533,2,313.53,SALE,1735688083,S11,20241231
S11/20241231/00015,2,P104854,3,35.80,SALE,1735688083,S11,20241231
S11/20241231/00015,3,TAX,1,31.35,TAX,1735688083,S11,20241231
S11/20241231/00015,4,TENDER,1,765.81,TENDER,1735688083,S11,20241231
S11/20241231/00016,1,P104772,3,342.57,SALE,1735642487,S11,20241231
S11/20241231/00016,2,P103864,4,540.44,SALE,1735642487,S11,20241231
S11/20241231/00016,3,P101774,3,1168.66,SALE,1735642487,S11,20241231
S11/20241231/00016,4,P103668,1,1530.18,SALE,1735642487,S11,20241231
S11/20241231/00016,5,TAX,1,790.30,TAX,1735642487,S11,20241231
S11/20241231/00016,6,TENDER,1,9015.93,TENDER,1735642487,S11,20241231
S11/20241231/00017,1,P107208,2,323.06,SALE,1735645774,S11,20241231
S11/20241231/00017,2,P102531,3,160.54,SALE,1735645774,S11,20241231
S11/20241231/00017,3,P108125,2,129.06,SALE,1735645774,S11,20241231
S11/20241231/00017,4,P103054,1,145.96,SALE,1735645774,S11,20241231
S11/20241231/00017,5,P102122,2,138.84,SALE,1735645774,S11,20241231
S11/20241231/00017,6,P103794,5,785.54,SALE,1735645774,S11,20241231
S11/20241231/00017,7,TAX,1,336.47,TAX,1735645774,S11,20241231
S11/20241231/00017,8,TENDER,1,6073.67,TENDER,1735645774,S11,20241231
S11/20241231/00018,1,P107446,1,593.14,SALE,1735682529,S11,20241231
S11/20241231/00018,2,P100593,1,32.38,SALE,1735682529,S11,20241231
S11/20241231/00018,3,P100463,2,290.57,SALE,1735682529,S11,20241231
S11/20241231/00018,4,P106473,3,297.16,SALE,1735682529,S11,20241231
S11/20241231/00018,5,P104688,4,178.09,SALE,1735682529,S11,20241231
S11/20241231/00018,6,TAX,1,374.21,TAX,1735682529,S11,20241231
S11/20241231/00018,7,TENDER,1,3184.71,TENDER,1735682529,S11,20241231
S11/20241231/00019,1,P106169,2,221.89,SALE,1735667796,S11,20241231
S11/20241231/00019,2,P100308,2,328.66,SALE,1735667796,S11,20241231
S11/20241231/00019,3,P106044,3,40.72,SALE,1735667796,S11,20241231
S11/20241231/00019,4,P100172,2,205.47,SALE,1735667796,S11,20241231
S11/20241231/00019,5,P102471,1,151.71,SALE,1735667796,S11,20241231
S11/20241231/00019,6,P101421,2,119.60,SALE,1735667796,S11,20241231
S11/20241231/00019,7,P108110,1,16.57,SALE,1735667796,S11,20241231
S11/20241231/00019,8,P101345,2,80.74,SALE,1735667796,S11,20241231
S11/20241231/00019,9,TAX,1,282.72,TAX,1735667796,S11,20241231
S11/20241231/00019,10,TENDER,1,2485.88,TENDER,1735667796,S11,20241231
S11/20241231/00020,1,P107743,5,197.87,SALE,1735653990,S11,20241231
S11/20241231/00020,2,P105180,1,102.63,SALE,1735653990,S11,20241231
S11/20241231/00020,3,P101507,2,635.95,SALE,1735653990,S11,20241231
S11/20241231/00020,4,TAX,1,200.79,TAX,1735653990,S11,20241231
S11/20241231/00020,5,TENDER,1,2564.67,TENDER,1735653990,S11,20241231
S11/20241231/00021,1,P103137,1,218.09,SALE,1735664733,S11,20241231
S11/20241231/00021,2,P100057,1,233.39,SALE,1735664733,S11,20241231
S11/20241231/00021,3,P102236,3,928.51,SALE,1735664733,S11,20241231
S11/20241231/00021,4,P100717,2,561.52,SALE,1735664733,S11,20241231
S11/20241231/00021,5,P107753,4,73.61,SALE,1735664733,S11,20241231
S11/20241231/00021,6,TAX,1,395.60,TAX,1735664733,S11,20241231
S11/20241231/00021,7,TENDER,1,5050.09,TENDER,1735664733,S11,20241231
S11/20241231/00022,1,P107385,1,811.35,SALE,1735677608,S11,20241231
S11/20241231/00022,2,P108319,3,262.79,SALE,1735677608,S11,20241231
S11/20241231/00022,3,P105331,1,308.39,SALE,1735677608,S11,20241231
S11/20241231/00022,4,P103861,5,57.59,SALE,1735677608,S11,20241231
S11/20241231/00022,5,P103946,3,338.64,SALE,1735677608,S11,20241231
S11/20241231/00022,6,P100403,3,71.79,SALE,1735677608,S11,20241231
S11/20241231/00022,7,TAX,1,135.65,TAX,1735677608,S11,20241231
S11/20241231/00022,8,TENDER,1,3563.00,TENDER,1735677608,S11,20241231
S11/20241231/00023,1,P100649,4,618.96,SALE,1735647916,S11,20241231
S11/20241231/00023,2,P104858,2,331.88,SALE,1735647916,S11,20241231
S11/20241231/00023,3,P108046,1,101.85,SALE,1735647916,S11,20241231
S11/20241231/00023,4,P101339,5,230.61,SALE,1735647916,S11,20241231
S11/20241231/00023,5,P106270,3,308.83,SALE,1735647916,S11,20241231
S11/20241231/00023,6,P106577,1,52.98,SALE,1735647916,S11,20241231
S11/20241231/00023,7,TAX,1,282.08,TAX,1735647916,S11,20241231
S11/20241231/00023,8,TENDER,1,5656.05,TENDER,1735647916,S11,20241231
S11/20241231/00024,1,P106534,1,96.00,SALE,1735657877,S11,20241231
S11/20241231/00024,2,P106169,1,221.89,SALE,1735657877,S11,20241231
S11/20241231/00024,3,P105918,3,294.44,SALE,1735657877,S11,20241231
S11/20241231/00024,4,P102691,2,219.72,SALE,1735657877,S11,20241231
S11/20241231/00024,5,P105377,2,275.11,SALE,1735657877,S11,20241231
S11/20241231/00024,6,TAX,1,304.22,TAX,1735657877,S11,20241231
S11/20241231/00024,7,TENDER,1,2495.09,TENDER,1735657877,S11,20241231
S11/20241231/00025,1,P101802,3,44.15,SALE,1735663687,S11,20241231
S11/20241231/00025,2,P106239,1,803.36,SALE,1735663687,S11,20241231
S11/20241231/00025,3,P101454,5,148.61,SALE,1735663687,S11,20241231
S11/20241231/00025,4,P105733,1,151.69,SALE,1735663687,S11,20241231
S11/20241231/00025,5,P106258,1,423.67,SALE,1735663687,S11,20241231
S11/20241231/00025,6,TAX,1,144.28,TAX,1735663687,S11,20241231
S11/20241231/00025,7,TENDER,1,2398.50,TENDER,1735663687,S11,20241231
