bill_no,line_no,product_code,qty,unit_price,line_type,ts,store_id,business_date
S08/20240901/00001,1,P103701,3,1171.33,SALE,01-09-2024 12:52:03,S08,20240901
S08/20240901/00001,2,P103591,2,102.70,SALE,01-09-2024 12:52:03,S08,20240901
S08/20240901/00001,3,P101656,3,262.95,SALE,01-09-2024 12:52:03,S08,20240901
S08/20240901/00001,4,DISC,1,-307.51,DISCOUNT,01-09-2024 12:52:03,S08,20240901
S08/20240901/00001,5,TAX,1,286.37,TAX,01-09-2024 12:52:03,S08,20240901
S08/20240901/00001,6,TENDER,1,4487.10,TENDER,01-09-2024 12:52:03,S08,20240901
S08/20240901/00002,1,P106009,2,372.60,SALE,01-09-2024 20:03:30,S08,20240901
S08/20240901/00002,2,P103629,2,60.58,SALE,01-09-2024 20:03:30,S08,20240901
S08/20240901/00002,3,P103654,6,481.76,SALE,01-09-2024 20:03:30,S08,20240901
S08/20240901/00002,4,P101722,2,1331.86,SALE,01-09-2024 20:03:30,S08,20240901
S08/20240901/00002,5,TAX,1,388.95,TAX,01-09-2024 20:03:30,S08,20240901
S08/20240901/00002,6,TENDER,1,6809.59,TENDER,01-09-2024 20:03:30,S08,20240901
S08/20240901/00003,1,P101990,3,408.52,SALE,01-09-2024 19:27:39,S08,20240901
S08/20240901/00003,2,P107966,2,391.71,SALE,01-09-2024 19:27:39,S08,20240901
S08/20240901/00003,3,P100731,1,254.77,SALE,01-09-2024 19:27:39,S08,20240901
S08/20240901/00003,4,P100339,3,299.99,SALE,01-09-2024 19:27:39,S08,20240901
S08/20240901/00003,5,P102761,3,170.84,SALE,01-09-2024 19:27:39,S08,20240901
S08/20240901/00003,6,P103517,1,160.29,SALE,01-09-2024 19:27:39,S08,20240901
S08/20240901/00003,7,TAX,1,354.92,TAX,01-09-2024 19:27:39,S08,20240901
S08/20240901/00003,8,TENDER,1,4191.45,TENDER,01-09-2024 19:27:39,S08,20240901
S08/20240901/00004,1,P106948,2,190.87,SALE,01-09-2024 15:54:01,S08,20240901
S08/20240901/00004,2,P103682,1,372.67,SALE,01-09-2024 15:54:01,S08,20240901
S08/20240901/00004,3,TAX,1,86.17,TAX,01-09-2024 15:54:01,S08,20240901
S08/20240901/00004,4,TENDER,1,840.58,TENDER,01-09-2024 15:54:01,S08,20240901
S08/20240901/00005,1,P101722,4,1331.86,SALE,01-09-2024 08:39:35,S08,20240901
S08/20240901/00005,2,P100298,4,53.95,SALE,01-09-2024 08:39:35,S08,20240901
S08/20240901/00005,3,P105433,1,144.32,SALE,01-09-2024 08:39:35,S08,20240901
S08/20240901/00005,4,P107373,1,96.28,SALE,01-09-2024 08:39:35,S08,20240901
S08/20240901/00005,5,TAX,1,303.14,TAX,01-09-2024 08:39:35,S08,20240901
S08/20240901/00005,6,TENDER,1,6086.98,TENDER,01-09-2024 08:39:35,S08,20240901
S08/20240901/00006,1,P103591,1,102.70,SALE,01-09-2024 17:00:50,S08,20240901
S08/20240901/00006,2,P107253,4,241.31,SALE,01-09-2024 17:00:50,S08,20240901
S08/20240901/00006,3,P105187,2,1046.11,SALE,01-09-2024 17:00:50,S08,20240901
S08/20240901/00006,4,P106911,1,232.77,SALE,01-09-2024 17:00:50,S08,20240901
S08/20240901/00006,5,TAX,1,18.49,TAX,01-09-2024 17:00:50,S08,20240901
S08/20240901/00006,6,TENDER,1,3411.42,TENDER,01-09-2024 17:00:50,S08,20240901
S08/20240901/00007,1,P100239,4,355.87,SALE,01-09-2024 18:07:08,S08,20240901
S08/20240901/00007,2,TAX,1,170.82,TAX,01-09-2024 18:07:08,S08,20240901
S08/20240901/00007,3,TENDER,1,1594.30,TENDER,01-09-2024 18:07:08,S08,20240901
S08/20240901/00008,1,P100803,2,278.56,SALE,01-09-2024 21:04:37,S08,20240901
S08/20240901/00008,2,P102389,3,84.91,SALE,01-09-2024 21:04:37,S08,20240901
S08/20240901/00008,3,P100519,1,365.61,SALE,01-09-2024 21:04:37,S08,20240901
S08/20240901/00008,4,P105570,2,345.21,SALE,01-09-2024 21:04:37,S08,20240901
S08/20240901/00008,5,DISC,1,-107.41,DISCOUNT,01-09-2024 21:04:37,S08,20240901
S08/20240901/00008,6,TAX,1,143.36,TAX,01-09-2024 21:04:37,S08,20240901
S08/20240901/00008,7,TENDER,1,1903.83,TENDER,01-09-2024 21:04:37,S08,20240901
S08/20240901/00009,1,P105377,1,275.11,SALE,01-09-2024 17:26:46,S08,20240901
S08/20240901/00009,2,P105425,1,153.55,SALE,01-09-2024 17:26:46,S08,20240901
S08/20240901/00009,3,P103374,1,34.95,SALE,01-09-2024 17:26:46,S08,20240901
S08/20240901/00009,4,P103766,2,213.25,SALE,01-09-2024 17:26:46,S08,20240901
S08/20240901/00009,5,P102067,1,181.50,SALE,01-09-2024 17:26:46,S08,20240901
S08/20240901/00009,6,TAX,1,77.38,TAX,01-09-2024 17:26:46,S08,20240901
S08/20240901/00009,7,TENDER,1,1148.99,TENDER,01-09-2024 17:26:46,S08,20240901
S08/20240901/00010,1,P107094,1,97.95,SALE,01-09-2024 17:38:54,S08,20240901
S08/20240901/00010,2,P106745,3,621.98,SALE,01-09-2024 17:38:54,S08,20240901
S08/20240901/00010,3,P106757,2,379.84,SALE,01-09-2024 17:38:54,S08,20240901
S08/20240901/00010,4,P106200,1,117.95,SALE,01-09-2024 17:38:54,S08,20240901
S08/20240901/00010,5,P108282,2,472.97,SALE,01-09-2024 17:38:54,S08,20240901
S08/20240901/00010,6,P104800,1,692.51,SALE,01-09-2024 17:38:54,S08,20240901
S08/20240901/00010,7,P104139,4,225.08,SALE,01-09-2024 17:38:54,S08,20240901
S08/20240901/00010,8,TAX,1,536.04,TAX,01-09-2024 17:38:54,S08,20240901
S08/20240901/00010,9,TENDER,1,5916.33,TENDER,01-09-2024 17:38:54,S08,20240901
S08/20240901/00011,1,P105797,2,254.07,SALE,01-09-2024 18:29:49,S08,20240901
S08/20240901/00011,2,P103328,2,236.27,SALE,01-09-2024 18:29:49,S08,20240901
S08/20240901/00011,3,P103473,3,428.66,SALE,01-09-2024 18:29:49,S08,20240901
S08/20240901/00011,4,P103496,2,70.71,SALE,01-09-2024 18:29:49,S08,20240901
S08/20240901/00011,5,P104651,2,540.51,SALE,01-09-2024 18:29:49,S08,20240901
S08/20240901/00011,6,P107863,4,575.65,SALE,01-09-2024 18:29:49,S08,20240901
S08/20240901/00011,7,DISC,1,-319.96,DISCOUNT,01-09-2024 18:29:49,S08,20240901
S08/20240901/00011,8,TAX,1,850.74,TAX,01-09-2024 18:29:49,S08,20240901
S08/20240901/00011,9,TENDER,1,6322.48,TENDER,01-09-2024 18:29:49,S08,20240901
S08/20240901/00012,1,P103994,3,148.39,SALE,01-09-2024 16:22:30,S08,20240901
S08/20240901/00012,2,P104747,1,342.93,SALE,01-09-2024 16:22:30,S08,20240901
S08/20240901/00012,3,TAX,1,41.15,TAX,01-09-2024 16:22:30,S08,20240901
S08/20240901/00012,4,TENDER,1,829.25,TENDER,01-09-2024 16:22:30,S08,20240901
S08/20240901/00013,1,P101530,2,576.50,SALE,01-09-2024 16:59:40,S08,20240901
S08/20240901/00013,2,P107278,2,55.18,SALE,01-09-2024 16:59:40,S08,20240901
S08/20240901/00013,3,P100421,2,121.56,SALE,01-09-2024 16:59:40,S08,20240901
S08/20240901/00013,4,P103727,5,116.88,SALE,01-09-2024 16:59:40,S08,20240901
S08/20240901/00013,5,P105030,3,232.49,SALE,01-09-2024 16:59:40,S08,20240901
S08/20240901/00013,6,TAX,1,416.46,TAX,01-09-2024 16:59:40,S08,20240901
S08/20240901/00013,7,TENDER,1,3204.81,TENDER,01-09-2024 16:59:40,S08,20240901
S08/20240901/00014,1,P103496,4,70.71,SALE,01-09-2024 11:50:34,S08,20240901
S08/20240901/00014,2,P104715,2,162.67,SALE,01-09-2024 11:50:34,S08,20240901
S08/20240901/00014,3,P103934,1,284.79,SALE,01-09-2024 11:50:34,S08,20240901
S08/20240901/00014,4,P107327,2,1138.42,SALE,01-09-2024 11:50:34,S08,20240901
S08/20240901/00014,5,P107705,2,763.24,SALE,01-09-2024 11:50:34,S08,20240901
S08/20240901/00014,6,P106035,4,89.95,SALE,01-09-2024 11:50:34,S08,20240901
S08/20240901/00014,7,TAX,1,408.68,TAX,01-09-2024 11:50:34,S08,20240901
S08/20240901/00014,8,TENDER,1,5464.77,TENDER,01-09-2024 11:50:34,S08,20240901
S08/20240901/00015,1,P108174,3,235.92,SALE,01-09-2024 10:45:55,S08,20240901
S08/20240901/00015,2,P102383,5,10.62,SALE,01-09-2024 10:45:55,S08,20240901
S08/20240901/00015,3,TAX,1,44.95,TAX,01-09-2024 10:45:55,S08,20240901
S08/20240901/00015,4,TENDER,1,805.81,TENDER,01-09-2024 10:45:55,S08,20240901
S08/20240901/00016,1,P107026,6,65.23,SALE,01-09-2024 10:54:36,S08,20240901
S08/20240901/00016,2,P106382,1,81.60,SALE,01-09-2024 10:54:36,S08,20240901
S08/20240901/00016,3,P100652,2,45.46,SALE,01-09-2024 10:54:36,S08,20240901
S08/20240901/00016,4,P108258,1,54.62,SALE,01-09-2024 10:54:36,S08,20240901
S08/20240901/00016,5,P107458,3,1239.88,SALE,01-09-2024 10:54:36,S08,20240901
S08/20240901/00016,6,P106735,2,320.99,SALE,01-09-2024 10:54:36,S08,20240901
S08/20240901/00016,7,P107676,1,186.95,SALE,01-09-2024 10:54:36,S08,20240901
S08/20240901/00016,8,TAX,1,221.55,TAX,01-09-2024 10:54:36,S08,20240901
S08/20240901/00016,9,TENDER,1,5388.64,TENDER,01-09-2024 10:54:36,S08,20240901
S08/20240901/00017,1,P103538,1,265.96,SALE,01-09-2024 16:00:26,S08,20240901
S08/20240901/00017,2,P103757,1,147.98,SALE,01-09-2024 16:00:26,S08,20240901
S08/20240901/00017,3,P106955,3,204.37,SALE,01-09-2024 16:00:26,S08,20240901
S08/20240901/00017,4,P103171,3,68.42,SALE,01-09-2024 16:00:26,S08,20240901
S08/20240901/00017,5,P106765,2,270.40,SALE,01-09-2024 16:00:26,S08,20240901
S08/20240901/00017,6,DISC,1,-36.47,DISCOUNT,01-09-2024 16:00:26,S08,20240901
S08/20240901/00017,7,TAX,1,155.69,TAX,01-09-2024 16:00:26,S08,20240901
S08/20240901/00017,8,TENDER,1,1892.33,TENDER,01-09-2024 16:00:26,S08,20240901
S08/20240901/00018,1,P105720,1,69.64,SALE,01-09-2024 14:41:59,S08,20240901
S08/20240901/00018,2,P107432,2,45.60,SALE,01-09-2024 14:41:59,S08,20240901
S08/20240901/00018,3,P104344,3,390.44,SALE,01-09-2024 14:41:59,S08,20240901
S08/20240901/00018,4,TAX,1,215.40,TAX,01-09-2024 14:41:59,S08,20240901
S08/20240901/00018,5,TENDER,1,1547.56,TENDER,01-09-2024 14:41:59,S08,20240901
S08/20240901/00019,1,P105868,2,68.91,SALE,02-09-2024 00:09:30,S08,20240901
S08/20240901/00019,2,P103591,4,102.70,SALE,02-09-2024 00:09:30,S08,20240901
S08/20240901/00019,3,P108067,2,640.50,SALE,02-09-2024 00:09:30,S08,20240901
S08/20240901/00019,4,P103452,4,1033.70,SALE,02-09-2024 00:09:30,S08,20240901
S08/20240901/00019,5,P108076,2,144.05,SALE,02-09-2024 00:09:30,S08,20240901
S08/20240901/00019,6,P103124,1,489.23,SALE,02-09-2024 00:09:30,S08,20240901
S08/20240901/00019,7,TAX,1,427.49,TAX,02-09-2024 00:09:30,S08,20240901
S08/20240901/00019,8,TENDER,1,7169.24,TENDER,02-09-2024 00:09:30,S08,20240901
S08/20240901/00020,1,P108319,2,253.21,SALE,01-09-2024 12:41:19,S08,20240901
S08/20240901/00020,2,P104600,1,56.45,SALE,01-09-2024 12:41:19,S08,20240901
S08/20240901/00020,3,P107542,1,162.57,SALE,01-09-2024 12:41:19,S08,20240901
S08/20240901/00020,4,P107110,3,77.73,SALE,01-09-2024 12:41:19,S08,20240901
S08/20240901/00020,5,P100494,3,67.32,SALE,01-09-2024 12:41:19,S08,20240901
S08/20240901/00020,6,P107815,4,106.85,SALE,01-09-2024 12:41:19,S08,20240901
S08/20240901/00020,7,P106415,1,911.99,SALE,01-09-2024 12:41:19,S08,20240901
S08/20240901/00020,8,TAX,1,267.20,TAX,01-09-2024 12:41:19,S08,20240901
S08/20240901/00020,9,TENDER,1,2767.18,TENDER,01-09-2024 12:41:19,S08,20240901
S08/20240901/00021,1,P107495,2,448.19,SALE,01-09-2024 20:54:42,S08,20240901
S08/20240901/00021,2,P105453,2,439.19,SALE,01-09-2024 20:54:42,S08,20240901
S08/20240901/00021,3,P103732,3,94.74,SALE,01-09-2024 20:54:42,S08,20240901
S08/20240901/00021,4,P107463,2,188.92,SALE,01-09-2024 20:54:42,S08,20240901
S08/20240901/00021,5,P103542,3,398.89,SALE,01-09-2024 20:54:42,S08,20240901
S08/20240901/00021,6,P107381,1,195.99,SALE,01-09-2024 20:54:42,S08,20240901
S08/20240901/00021,7,TAX,1,515.02,TAX,01-09-2024 20:54:42,S08,20240901
S08/20240901/00021,8,TENDER,1,4344.50,TENDER,01-09-2024 20:54:42,S08,20240901
S08/20240901/00022,1,P107278,3,55.18,SALE,01-09-2024 16:07:27,S08,20240901
S08/20240901/00022,2,P105119,2,100.30,SALE,01-09-2024 16:07:27,S08,20240901
S08/20240901/00022,3,P102718,4,333.45,SALE,01-09-2024 16:07:27,S08,20240901
S08/20240901/00022,4,TAX,1,296.06,TAX,01-09-2024 16:07:27,S08,20240901
S08/20240901/00022,5,TENDER,1,1996.00,TENDER,01-09-2024 16:07:27,S08,20240901
S08/20240901/00023,1,P106044,4,40.72,SALE,01-09-2024 20:28:41,S08,20240901
S08/20240901/00023,2,P100593,3,29.38,SALE,01-09-2024 20:28:41,S08,20240901
S08/20240901/00023,3,P101164,2,401.86,SALE,01-09-2024 20:28:41,S08,20240901
S08/20240901/00023,4,P100911,4,71.10,SALE,01-09-2024 20:28:41,S08,20240901
S08/20240901/00023,5,P100441,1,419.95,SALE,01-09-2024 20:28:41,S08,20240901
S08/20240901/00023,6,P104827,1,168.97,SALE,01-09-2024 20:28:41,S08,20240901
S08/20240901/00023,7,TAX,1,243.01,TAX,01-09-2024 20:28:41,S08,20240901
S08/20240901/00023,8,TENDER,1,2171.07,TENDER,01-09-2024 20:28:41,S08,20240901
S08/20240901/00024,1,P101393,1,32.95,SALE,01-09-2024 19:53:56,S08,20240901
S08/20240901/00024,2,TAX,1,1.65,TAX,01-09-2024 19:53:56,S08,20240901
S08/20240901/00024,3,TENDER,1,34.60,TENDER,01-09-2024 19:53:56,S08,20240901
S08/20240901/00025,1,P101762,2,528.36,SALE,01-09-2024 19:26:39,S08,20240901
S08/20240901/00025,2,P101242,1,83.48,SALE,01-09-2024 19:26:39,S08,20240901
S08/20240901/00025,3,P101034,2,95.77,SALE,01-09-2024 19:26:39,S08,20240901
S08/20240901/00025,4,P105643,2,1294.23,SALE,01-09-2024 19:26:39,S08,20240901
S08/20240901/00025,5,P107171,2,335.20,SALE,01-09-2024 19:26:39,S08,20240901
S08/20240901/00025,6,P100140,1,61.44,SALE,01-09-2024 19:26:39,S08,20240901
S08/20240901/00025,7,DISC,1,-295.12,DISCOUNT,01-09-2024 19:26:39,S08,20240901
S08/20240901/00025,8,TAX,1,240.06,TAX,01-09-2024 19:26:39,S08,20240901
S08/20240901/00025,9,TENDER,1,4596.98,TENDER,01-09-2024 19:26:39,S08,20240901
S08/20240901/00026,1,P104417,2,322.95,SALE,01-09-2024 19:25:12,S08,20240901
S08/20240901/00026,2,P104194,2,119.04,SALE,01-09-2024 19:25:12,S08,20240901
S08/20240901/00026,3,P107943,3,252.32,SALE,01-09-2024 19:25:12,S08,20240901
S08/20240901/00026,4,P106434,4,178.02,SALE,01-09-2024 19:25:12,S08,20240901
S08/20240901/00026,5,P105518,3,729.30,SALE,01-09-2024 19:25:12,S08,20240901
S08/20240901/00026,6,P107477,3,116.48,SALE,01-09-2024 19:25:12,S08,20240901
S08/20240901/00026,7,P108369,2,318.67,SALE,01-09-2024 19:25:12,S08,20240901
S08/20240901/00026,8,P101428,2,394.08,SALE,01-09-2024 19:25:12,S08,20240901
S08/20240901/00026,9,P103785,1,491.90,SALE,01-09-2024 19:25:12,S08,20240901
S08/20240901/00026,10,TAX,1,1068.98,TAX,01-09-2024 19:25:12,S08,20240901
S08/20240901/00026,11,TENDER,1,7876.74,TENDER,01-09-2024 19:25:12,S08,20240901
S08/20240901/00027,1,P103397,1,371.02,SALE,01-09-2024 08:42:50,S08,20240901
S08/20240901/00027,2,P105643,2,1294.23,SALE,01-09-2024 08:42:50,S08,20240901
S08/20240901/00027,3,P100178,1,480.34,SALE,01-09-2024 08:42:50,S08,20240901
S08/20240901/00027,4,TAX,1,86.46,TAX,01-09-2024 08:42:50,S08,20240901
S08/20240901/00027,5,TENDER,1,3526.28,TENDER,01-09-2024 08:42:50,S08,20240901
S08/20240901/00028,1,P103978,3,347.08,SALE,01-09-2024 13:46:58,S08,20240901
S08/20240901/00028,2,P106776,3,404.48,SALE,01-09-2024 13:46:58,S08,20240901
S08/20240901/00028,3,P106490,2,671.88,SALE,01-09-2024 13:46:58,S08,20240901
S08/20240901/00028,4,P105656,4,516.52,SALE,01-09-2024 13:46:58,S08,20240901
S08/20240901/00028,5,TAX,1,112.73,TAX,01-09-2024 13:46:58,S08,20240901
S08/20240901/00028,6,TENDER,1,5777.25,TENDER,01-09-2024 13:46:58,S08,20240901
S08/20240901/00029,1,P103908,1,104.62,SALE,01-09-2024 10:57:12,S08,20240901
S08/20240901/00029,2,P100899,2,131.46,SALE,01-09-2024 10:57:12,S08,20240901
S08/20240901/00029,3,P101864,1,112.21,SALE,01-09-2024 10:57:12,S08,20240901
S08/20240901/00029,4,P104554,2,437.01,SALE,01-09-2024 10:57:12,S08,20240901
S08/20240901/00029,5,P105614,2,652.27,SALE,01-09-2024 10:57:12,S08,20240901
S08/20240901/00029,6,P100864,3,193.24,SALE,01-09-2024 10:57:12,S08,20240901
S08/20240901/00029,7,TAX,1,476.80,TAX,01-09-2024 10:57:12,S08,20240901
S08/20240901/00029,8,TENDER,1,3714.83,TENDER,01-09-2024 10:57:12,S08,20240901
S08/20240901/00030,1,P106833,2,446.47,SALE,01-09-2024 18:52:02,S08,20240901
S08/20240901/00030,2,P104236,3,289.43,SALE,01-09-2024 18:52:02,S08,20240901
S08/20240901/00030,3,P100889,1,976.95,SALE,01-09-2024 18:52:02,S08,20240901
S08/20240901/00030,4,P106534,3,96.00,SALE,01-09-2024 18:52:02,S08,20240901
S08/20240901/00030,5,P104081,1,586.63,SALE,01-09-2024 18:52:02,S08,20240901
S08/20240901/00030,6,TAX,1,417.71,TAX,01-09-2024 18:52:02,S08,20240901
S08/20240901/00030,7,TENDER,1,4030.52,TENDER,01-09-2024 18:52:02,S08,20240901
S08/20240901/00031,1,P105180,2,102.63,SALE,01-09-2024 19:44:11,S08,20240901
S08/20240901/00031,2,P105323,4,73.95,SALE,01-09-2024 19:44:11,S08,20240901
S08/20240901/00031,3,P107072,1,75.15,SALE,01-09-2024 19:44:11,S08,20240901
S08/20240901/00031,4,P105260,1,72.61,SALE,01-09-2024 19:44:11,S08,20240901
S08/20240901/00031,5,P102510,2,37.13,SALE,01-09-2024 19:44:11,S08,20240901
S08/20240901/00031,6,DISC,1,-81.48,DISCOUNT,01-09-2024 19:44:11,S08,20240901
S08/20240901/00031,7,TAX,1,61.55,TAX,01-09-2024 19:44:11,S08,20240901
S08/20240901/00031,8,TENDER,1,703.15,TENDER,01-09-2024 19:44:11,S08,20240901
S08/20240901/00032,1,P105740,4,103.24,SALE,01-09-2024 11:30:47,S08,20240901
S08/20240901/00032,2,P106151,2,298.42,SALE,01-09-2024 11:30:47,S08,20240901
S08/20240901/00032,3,P102465,2,1410.14,SALE,01-09-2024 11:30:47,S08,20240901
S08/20240901/00032,4,P108186,1,348.70,SALE,01-09-2024 11:30:47,S08,20240901
S08/20240901/00032,5,P101311,2,481.74,SALE,01-09-2024 11:30:47,S08,20240901
S08/20240901/00032,6,TAX,1,376.99,TAX,01-09-2024 11:30:47,S08,20240901
S08/20240901/00032,7,TENDER,1,5519.25,TENDER,01-09-2024 11:30:47,S08,20240901
S08/20240901/00033,1,P101842,2,210.53,SALE,01-09-2024 15:00:15,S08,20240901
S08/20240901/00033,2,P103958,2,30.95,SALE,01-09-2024 15:00:15,S08,20240901
S08/20240901/00033,3,P104410,3,548.58,SALE,01-09-2024 15:00:15,S08,20240901
S08/20240901/00033,4,P100326,2,47.79,SALE,01-09-2024 15:00:15,S08,20240901
S08/20240901/00033,5,P101656,2,262.95,SALE,01-09-2024 15:00:15,S08,20240901
S08/20240901/00033,6,P100362,1,270.89,SALE,01-09-2024 15:00:15,S08,20240901
S08/20240901/00033,7,P104975,1,496.12,SALE,01-09-2024 15:00:15,S08,20240901
S08/20240901/00033,8,TAX,1,408.74,TAX,01-09-2024 15:00:15,S08,20240901
S08/20240901/00033,9,TENDER,1,3925.93,TENDER,01-09-2024 15:00:15,S08,20240901
S08/20240901/00034,1,P103413,1,1352.06,SALE,01-09-2024 18:43:40,S08,20240901
S08/20240901/00034,2,P104008,3,116.02,SALE,01-09-2024 18:43:40,S08,20240901
S08/20240901/00034,3,P105021,3,1111.36,SALE,01-09-2024 18:43:40,S08,20240901
S08/20240901/00034,4,P101747,1,245.75,SALE,01-09-2024 18:43:40,S08,20240901
S08/20240901/00034,5,P100711,3,101.23,SALE,01-09-2024 18:43:40,S08,20240901
S08/20240901/00034,6,TAX,1,552.05,TAX,01-09-2024 18:43:40,S08,20240901
S08/20240901/00034,7,TENDER,1,6135.69,TENDER,01-09-2024 18:43:40,S08,20240901
S08/20240902/00001,1,P107646,4,225.19,SALE,02-09-2024 10:35:10,S08,20240902
S08/20240902/00001,2,TAX,1,45.04,TAX,02-09-2024 10:35:10,S08,20240902
S08/20240902/00001,3,TENDER,1,945.80,TENDER,02-09-2024 10:35:10,S08,20240902
S08/20240902/00002,1,P103206,1,450.05,SALE,02-09-2024 19:25:59,S08,20240902
S08/20240902/00002,2,P103918,2,527.10,SALE,02-09-2024 19:25:59,S08,20240902
S08/20240902/00002,3,P101859,2,66.16,SALE,02-09-2024 19:25:59,S08,20240902
S08/20240902/00002,4,TAX,1,149.60,TAX,02-09-2024 19:25:59,S08,20240902
S08/20240902/00002,5,TENDER,1,1786.17,TENDER,02-09-2024 19:25:59,S08,20240902
S08/20240902/00003,1,P101813,3,273.64,SALE,02-09-2024 19:04:24,S08,20240902
S08/20240902/00003,2,P101766,1,207.00,SALE,02-09-2024 19:04:24,S08,20240902
S08/20240902/00003,3,P102305,1,116.95,SALE,02-09-2024 19:04:24,S08,20240902
S08/20240902/00003,4,P104572,1,182.16,SALE,02-09-2024 19:04:24,S08,20240902
S08/20240902/00003,5,P106735,1,320.99,SALE,02-09-2024 19:04:24,S08,20240902
S08/20240902/00003,6,TAX,1,105.76,TAX,02-09-2024 19:04:24,S08,20240902
S08/20240902/00003,7,TENDER,1,1753.78,TENDER,02-09-2024 19:04:24,S08,20240902
S08/20240902/00004,1,P106143,3,60.82,SALE,02-09-2024 11:50:19,S08,20240902
S08/20240902/00004,2,P105901,2,82.67,SALE,02-09-2024 11:50:19,S08,20240902
S08/20240902/00004,3,P100194,2,42.41,SALE,02-09-2024 11:50:19,S08,20240902
S08/20240902/00004,4,P104212,2,400.09,SALE,02-09-2024 11:50:19,S08,20240902
S08/20240902/00004,5,P104011,3,657.72,SALE,02-09-2024 11:50:19,S08,20240902
S08/20240902/00004,6,TAX,1,310.64,TAX,02-09-2024 11:50:19,S08,20240902
S08/20240902/00004,7,TENDER,1,3516.60,TENDER,02-09-2024 11:50:19,S08,20240902
S08/20240902/00005,1,P106382,1,81.60,SALE,02-09-2024 18:14:23,S08,20240902
S08/20240902/00005,2,P104042,1,346.95,SALE,02-09-2024 18:14:23,S08,20240902
S08/20240902/00005,3,P100156,1,1576.32,SALE,02-09-2024 18:14:23,S08,20240902
S08/20240902/00005,4,P102103,1,363.83,SALE,02-09-2024 18:14:23,S08,20240902
S08/20240902/00005,5,P100421,2,121.56,SALE,02-09-2024 18:14:23,S08,20240902
S08/20240902/00005,6,P108221,3,50.44,SALE,02-09-2024 18:14:23,S08,20240902
S08/20240902/00005,7,TAX,1,134.36,TAX,02-09-2024 18:14:23,S08,20240902
S08/20240902/00005,8,TENDER,1,2897.50,TENDER,02-09-2024 18:14:23,S08,20240902
S08/20240902/00006,1,P103035,2,1201.33,SALE,02-09-2024 12:57:37,S08,20240902
S08/20240902/00006,2,P102648,1,397.04,SALE,02-09-2024 12:57:37,S08,20240902
S08/20240902/00006,3,P108110,2,15.95,SALE,02-09-2024 12:57:37,S08,20240902
S08/20240902/00006,4,P104417,2,322.95,SALE,02-09-2024 12:57:37,S08,20240902
S08/20240902/00006,5,P103105,2,31.43,SALE,02-09-2024 12:57:37,S08,20240902
S08/20240902/00006,6,TAX,1,286.17,TAX,02-09-2024 12:57:37,S08,20240902
S08/20240902/00006,7,TENDER,1,3826.53,TENDER,02-09-2024 12:57:37,S08,20240902
S08/20240902/00007,1,P102755,1,72.12,SALE,02-09-2024 10:02:06,S08,20240902
S08/20240902/00007,2,P100869,4,62.15,SALE,02-09-2024 10:02:06,S08,20240902
S08/20240902/00007,3,P107346,3,449.29,SALE,02-09-2024 10:02:06,S08,20240902
S08/20240902/00007,4,TAX,1,100.83,TAX,02-09-2024 10:02:06,S08,20240902
S08/20240902/00007,5,TENDER,1,1769.42,TENDER,02-09-2024 10:02:06,S08,20240902
S08/20240902/00008,1,P101404,3,213.08,SALE,02-09-2024 18:23:13,S08,20240902
S08/20240902/00008,2,P107012,2,104.24,SALE,02-09-2024 18:23:13,S08,20240902
S08/20240902/00008,3,P103584,1,402.02,SALE,02-09-2024 18:23:13,S08,20240902
S08/20240902/00008,4,P103864,4,452.72,SALE,02-09-2024 18:23:13,S08,20240902
S08/20240902/00008,5,TAX,1,205.29,TAX,02-09-2024 18:23:13,S08,20240902
S08/20240902/00008,6,TENDER,1,3265.91,TENDER,02-09-2024 18:23:13,S08,20240902
S08/20240902/00009,1,P106367,3,650.25,SALE,02-09-2024 15:37:53,S08,20240902
S08/20240902/00009,2,P106336,4,456.47,SALE,02-09-2024 15:37:53,S08,20240902
S08/20240902/00009,3,P104567,3,141.21,SALE,02-09-2024 15:37:53,S08,20240902
S08/20240902/00009,4,P106317,3,485.55,SALE,02-09-2024 15:37:53,S08,20240902
S08/20240902/00009,5,P103029,2,11.28,SALE,02-09-2024 15:37:53,S08,20240902
S08/20240902/00009,6,P104285,2,639.46,SALE,02-09-2024 15:37:53,S08,20240902
S08/20240902/00009,7,P107705,2,763.24,SALE,02-09-2024 15:37:53,S08,20240902
S08/20240902/00009,8,TAX,1,903.01,TAX,02-09-2024 15:37:53,S08,20240902
S08/20240902/00009,9,TENDER,1,9387.88,TENDER,02-09-2024 15:37:53,S08,20240902
S08/20240902/00010,1,P103693,1,102.71,SALE,02-09-2024 09:37:54,S08,20240902
S08/20240902/00010,2,P104233,1,1355.30,SALE,02-09-2024 09:37:54,S08,20240902
S08/20240902/00010,3,P100026,2,304.63,SALE,02-09-2024 09:37:54,S08,20240902
S08/20240902/00010,4,TAX,1,98.23,TAX,02-09-2024 09:37:54,S08,20240902
S08/20240902/00010,5,TENDER,1,2165.50,TENDER,02-09-2024 09:37:54,S08,20240902
S08/20240902/00011,1,P101095,3,205.38,SALE,02-09-2024 14:34:20,S08,20240902
S08/20240902/00011,2,P102494,1,11.95,SALE,02-09-2024 14:34:20,S08,20240902
S08/20240902/00011,3,P108258,2,54.62,SALE,02-09-2024 14:34:20,S08,20240902
S08/20240902/00011,4,P101064,1,33.84,SALE,02-09-2024 14:34:20,S08,20240902
S08/20240902/00011,5,DISC,1,-42.25,DISCOUNT,02-09-2024 14:34:20,S08,20240902
S08/20240902/00011,6,TAX,1,26.38,TAX,02-09-2024 14:34:20,S08,20240902
S08/20240902/00011,7,TENDER,1,755.30,TENDER,02-09-2024 14:34:20,S08,20240902
S08/20240902/00012,1,P104404,1,890.27,SALE,02-09-2024 23:57:40,S08,20240902
S08/20240902/00012,2,P101339,1,222.95,SALE,02-09-2024 23:57:40,S08,20240902
S08/20240902/00012,3,P100767,3,277.22,SALE,02-09-2024 23:57:40,S08,20240902
S08/20240902/00012,4,TAX,1,217.78,TAX,02-09-2024 23:57:40,S08,20240902
S08/20240902/00012,5,TENDER,1,2162.66,TENDER,02-09-2024 23:57:40,S08,20240902
S08/20240902/00013,1,P100330,3,188.77,SALE,02-09-2024 15:46:35,S08,20240902
S08/20240902/00013,2,P107946,1,303.95,SALE,02-09-2024 15:46:35,S08,20240902
S08/20240902/00013,3,P103525,2,252.51,SALE,02-09-2024 15:46:35,S08,20240902
S08/20240902/00013,4,P102616,1,79.27,SALE,02-09-2024 15:46:35,S08,20240902
S08/20240902/00013,5,P100319,1,48.05,SALE,02-09-2024 15:46:35,S08,20240902
S08/20240902/00013,6,TAX,1,70.24,TAX,02-09-2024 15:46:35,S08,20240902
S08/20240902/00013,7,TENDER,1,1572.84,TENDER,02-09-2024 15:46:35,S08,20240902
S08/20240902/00014,1,P102286,3,238.95,SALE,02-09-2024 19:39:02,S08,20240902
S08/20240902/00014,2,P107946,4,303.95,SALE,02-09-2024 19:39:02,S08,20240902
S08/20240902/00014,3,P101421,1,112.02,SALE,02-09-2024 19:39:02,S08,20240902
S08/20240902/00014,4,P106424,2,535.14,SALE,02-09-2024 19:39:02,S08,20240902
S08/20240902/00014,5,P108313,2,373.23,SALE,02-09-2024 19:39:02,S08,20240902
S08/20240902/00014,6,TAX,1,292.29,TAX,02-09-2024 19:39:02,S08,20240902
S08/20240902/00014,7,TENDER,1,4153.70,TENDER,02-09-2024 19:39:02,S08,20240902
S08/20240902/00015,1,P101674,3,373.95,SALE,02-09-2024 16:27:02,S08,20240902
S08/20240902/00015,2,P104772,2,353.04,SALE,02-09-2024 16:27:02,S08,20240902
S08/20240902/00015,3,P106288,3,46.52,SALE,02-09-2024 16:27:02,S08,20240902
S08/20240902/00015,4,P102534,2,98.12,SALE,02-09-2024 16:27:02,S08,20240902
S08/20240902/00015,5,P106490,3,671.88,SALE,02-09-2024 16:27:02,S08,20240902
S08/20240902/00015,6,P101622,2,259.77,SALE,02-09-2024 16:27:02,S08,20240902
S08/20240902/00015,7,TAX,1,397.31,TAX,02-09-2024 16:27:02,S08,20240902
S08/20240902/00015,8,TENDER,1,5096.22,TENDER,02-09-2024 16:27:02,S08,20240902
S08/20240902/00016,1,P101404,2,213.08,SALE,02-09-2024 16:32:35,S08,20240902
S08/20240902/00016,2,P102801,1,108.87,SALE,02-09-2024 16:32:35,S08,20240902
S08/20240902/00016,3,P103171,2,68.42,SALE,02-09-2024 16:32:35,S08,20240902
S08/20240902/00016,4,P104921,2,421.02,SALE,02-09-2024 16:32:35,S08,20240902
S08/20240902/00016,5,P101393,2,32.95,SALE,02-09-2024 16:32:35,S08,20240902
S08/20240902/00016,6,P106731,2,142.59,SALE,02-09-2024 16:32:35,S08,20240902
S08/20240902/00016,7,TAX,1,202.61,TAX,02-09-2024 16:32:35,S08,20240902
S08/20240902/00016,8,TENDER,1,2067.60,TENDER,02-09-2024 16:32:35,S08,20240902
S08/20240902/00017,1,P106174,3,229.89,SALE,02-09-2024 19:12:02,S08,20240902
S08/20240902/00017,2,P106244,3,73.94,SALE,02-09-2024 19:12:02,S08,20240902
S08/20240902/00017,3,P107989,4,184.95,SALE,02-09-2024 19:12:02,S08,20240902
S08/20240902/00017,4,TAX,1,159.78,TAX,02-09-2024 19:12:02,S08,20240902
S08/20240902/00017,5,TENDER,1,1811.07,TENDER,02-09-2024 19:12:02,S08,20240902
S08/20240902/00018,1,P100924,2,49.24,SALE,02-09-2024 07:36:38,S08,20240902
S08/20240902/00018,2,TAX,1,17.73,TAX,02-09-2024 07:36:38,S08,20240902
S08/20240902/00018,3,TENDER,1,116.21,TENDER,02-09-2024 07:36:38,S08,20240902
S08/20240902/00019,1,P107784,1,245.59,SALE,02-09-2024 13:19:09,S08,20240902
S08/20240902/00019,2,P105666,1,1064.29,SALE,02-09-2024 13:19:09,S08,20240902
S08/20240902/00019,3,P105180,1,102.63,SALE,02-09-2024 13:19:09,S08,20240902
S08/20240902/00019,4,TAX,1,47.94,TAX,02-09-2024 13:19:09,S08,20240902
S08/20240902/00019,5,TENDER,1,1460.45,TENDER,02-09-2024 13:19:09,S08,20240902
S08/20240902/00020,1,P100899,4,131.46,SALE,02-09-2024 17:06:22,S08,20240902
S08/20240902/00020,2,P103473,2,428.66,SALE,02-09-2024 17:06:22,S08,20240902
S08/20240902/00020,3,P106044,1,40.72,SALE,02-09-2024 17:06:22,S08,20240902
S08/20240902/00020,4,P103416,1,73.27,SALE,02-09-2024 17:06:22,S08,20240902
S08/20240902/00020,5,P104718,2,364.54,SALE,02-09-2024 17:06:22,S08,20240902
S08/20240902/00020,6,P100582,1,159.72,SALE,02-09-2024 17:06:22,S08,20240902
S08/20240902/00020,7,TAX,1,239.64,TAX,02-09-2024 17:06:22,S08,20240902
S08/20240902/00020,8,TENDER,1,2625.59,TENDER,02-09-2024 17:06:22,S08,20240902
S08/20240902/00021,1,P104187,3,86.95,SALE,02-09-2024 20:50:12,S08,20240902
S08/20240902/00021,2,P106813,3,257.87,SALE,02-09-2024 20:50:12,S08,20240902
S08/20240902/00021,3,P100233,2,67.07,SALE,02-09-2024 20:50:12,S08,20240902
S08/20240902/00021,4,P106745,1,621.98,SALE,02-09-2024 20:50:12,S08,20240902
S08/20240902/00021,5,P108200,2,336.95,SALE,02-09-2024 20:50:12,S08,20240902
S08/20240902/00021,6,P105937,2,259.08,SALE,02-09-2024 20:50:12,S08,20240902
S08/20240902/00021,7,TAX,1,398.68,TAX,02-09-2024 20:50:12,S08,20240902
S08/20240902/00021,8,TENDER,1,3381.32,TENDER,02-09-2024 20:50:12,S08,20240902
S08/20240902/00022,1,P101874,2,19.95,SALE,02-09-2024 15:37:40,S08,20240902
S08/20240902/00022,2,P108361,3,68.42,SALE,02-09-2024 15:37:40,S08,20240902
S08/20240902/00022,3,P102181,3,1586.03,SALE,02-09-2024 15:37:40,S08,20240902
S08/20240902/00022,4,P107308,1,207.74,SALE,02-09-2024 15:37:40,S08,20240902
S08/20240902/00022,5,P101134,2,1071.76,SALE,02-09-2024 15:37:40,S08,20240902
S08/20240902/00022,6,P105624,4,380.06,SALE,02-09-2024 15:37:40,S08,20240902
S08/20240902/00022,7,TAX,1,113.41,TAX,02-09-2024 15:37:40,S08,20240902
S08/20240902/00022,8,TENDER,1,8988.16,TENDER,02-09-2024 15:37:40,S08,20240902
S08/20240902/00023,1,P100150,2,280.80,SALE,02-09-2024 16:41:43,S08,20240902
S08/20240902/00023,2,P105236,1,552.60,SALE,02-09-2024 16:41:43,S08,20240902
S08/20240902/00023,3,P103606,1,181.69,SALE,02-09-2024 16:41:43,S08,20240902
S08/20240902/00023,4,P103144,1,145.27,SALE,02-09-2024 16:41:43,S08,20240902
S08/20240902/00023,5,P106629,1,52.08,SALE,02-09-2024 16:41:43,S08,20240902
S08/20240902/00023,6,TAX,1,120.11,TAX,02-09-2024 16:41:43,S08,20240902
S08/20240902/00023,7,TENDER,1,1613.35,TENDER,02-09-2024 16:41:43,S08,20240902
S08/20240902/00024,1,P102160,-3,243.78,RETURN,02-09-2024 12:54:28,S08,20240902
S08/20240902/00024,2,P107715,-2,241.95,RETURN,02-09-2024 12:54:28,S08,20240902
S08/20240902/00024,3,P105547,-3,431.77,RETURN,02-09-2024 12:54:28,S08,20240902
S08/20240902/00024,4,P103559,-2,370.21,RETURN,02-09-2024 12:54:28,S08,20240902
S08/20240902/00024,5,TAX,1,-367.32,TAX,02-09-2024 12:54:28,S08,20240902
S08/20240902/00024,6,TENDER,1,-3618.29,TENDER,02-09-2024 12:54:28,S08,20240902
S08/20240902/00025,1,P101201,1,45.00,SALE,02-09-2024 11:23:11,S08,20240902
S08/20240902/00025,2,TAX,1,2.25,TAX,02-09-2024 11:23:11,S08,20240902
S08/20240902/00025,3,TENDER,1,47.25,TENDER,02-09-2024 11:23:11,S08,20240902
S08/20240902/00026,1,P100850,2,172.84,SALE,02-09-2024 14:11:38,S08,20240902
S08/20240902/00026,2,P100100,2,374.32,SALE,02-09-2024 14:11:38,S08,20240902
S08/20240902/00026,3,P100035,2,1810.38,SALE,02-09-2024 14:11:38,S08,20240902
S08/20240902/00026,4,P107330,3,131.77,SALE,02-09-2024 14:11:38,S08,20240902
S08/20240902/00026,5,P106323,2,218.99,SALE,02-09-2024 14:11:38,S08,20240902
S08/20240902/00026,6,P105507,1,20.37,SALE,02-09-2024 14:11:38,S08,20240902
S08/20240902/00026,7,TAX,1,658.86,TAX,02-09-2024 14:11:38,S08,20240902
S08/20240902/00026,8,TENDER,1,6227.60,TENDER,02-09-2024 14:11:38,S08,20240902
S08/20240902/00027,1,P101345,2,77.54,SALE,02-09-2024 17:59:41,S08,20240902
S08/20240902/00027,2,P104572,2,182.16,SALE,02-09-2024 17:59:41,S08,20240902
S08/20240902/00027,3,P107362,2,62.10,SALE,02-09-2024 17:59:41,S08,20240902
S08/20240902/00027,4,P105069,3,168.30,SALE,02-09-2024 17:59:41,S08,20240902
S08/20240902/00027,5,P107973,1,271.93,SALE,02-09-2024 17:59:41,S08,20240902
S08/20240902/00027,6,P104708,1,487.33,SALE,02-09-2024 17:59:41,S08,20240902
S08/20240902/00027,7,TAX,1,177.17,TAX,02-09-2024 17:59:41,S08,20240902
S08/20240902/00027,8,TENDER,1,2084.93,TENDER,02-09-2024 17:59:41,S08,20240902
S08/20240903/00001,1,P107681,2,193.13,SALE,03-09-2024 17:29:25,S08,20240903
S08/20240903/00001,2,P105733,1,151.69,SALE,03-09-2024 17:29:25,S08,20240903
S08/20240903/00001,3,P104285,4,639.46,SALE,03-09-2024 17:29:25,S08,20240903
S08/20240903/00001,4,P107458,2,1239.88,SALE,03-09-2024 17:29:25,S08,20240903
S08/20240903/00001,5,P102193,3,343.13,SALE,03-09-2024 17:29:25,S08,20240903
S08/20240903/00001,6,DISC,1,-354.94,DISCOUNT,03-09-2024 17:29:25,S08,20240903
S08/20240903/00001,7,TAX,1,387.98,TAX,03-09-2024 17:29:25,S08,20240903
S08/20240903/00001,8,TENDER,1,6637.98,TENDER,03-09-2024 17:29:25,S08,20240903
S08/20240903/00002,1,P101410,4,936.26,SALE,03-09-2024 11:15:42,S08,20240903
S08/20240903/00002,2,P105280,3,220.35,SALE,03-09-2024 11:15:42,S08,20240903
S08/20240903/00002,3,P100203,2,272.10,SALE,03-09-2024 11:15:42,S08,20240903
S08/20240903/00002,4,P103004,1,82.09,SALE,03-09-2024 11:15:42,S08,20240903
S08/20240903/00002,5,P103719,2,957.52,SALE,03-09-2024 11:15:42,S08,20240903
S08/20240903/00002,6,P100224,2,78.05,SALE,03-09-2024 11:15:42,S08,20240903
S08/20240903/00002,7,TAX,1,751.38,TAX,03-09-2024 11:15:42,S08,20240903
S08/20240903/00002,8,TENDER,1,7854.90,TENDER,03-09-2024 11:15:42,S08,20240903
S08/20240903/00003,1,P107003,1,1186.93,SALE,03-09-2024 20:42:10,S08,20240903
S08/20240903/00003,2,P108356,2,206.87,SALE,03-09-2024 20:42:10,S08,20240903
S08/20240903/00003,3,P100326,1,47.79,SALE,03-09-2024 20:42:10,S08,20240903
S08/20240903/00003,4,P105740,2,103.24,SALE,03-09-2024 20:42:10,S08,20240903
S08/20240903/00003,5,TAX,1,95.42,TAX,03-09-2024 20:42:10,S08,20240903
S08/20240903/00003,6,TENDER,1,1950.36,TENDER,03-09-2024 20:42:10,S08,20240903
S08/20240903/00004,1,P105057,2,294.62,SALE,03-09-2024 14:47:19,S08,20240903
S08/20240903/00004,2,P100840,1,248.08,SALE,03-09-2024 14:47:19,S08,20240903
S08/20240903/00004,3,P103563,2,23.03,SALE,03-09-2024 14:47:19,S08,20240903
S08/20240903/00004,4,P105003,2,285.67,SALE,03-09-2024 14:47:19,S08,20240903
S08/20240903/00004,5,TAX,1,261.85,TAX,03-09-2024 14:47:19,S08,20240903
S08/20240903/00004,6,TENDER,1,1716.57,TENDER,03-09-2024 14:47:19,S08,20240903
S08/20240903/00005,1,P100077,2,173.95,SALE,03-09-2024 20:46:31,S08,20240903
S08/20240903/00005,2,P107605,2,1234.07,SALE,03-09-2024 20:46:31,S08,20240903
S08/20240903/00005,3,P103354,2,894.50,SALE,03-09-2024 20:46:31,S08,20240903
S08/20240903/00005,4,TAX,1,313.57,TAX,03-09-2024 20:46:31,S08,20240903
S08/20240903/00005,5,TENDER,1,4918.61,TENDER,03-09-2024 20:46:31,S08,20240903
S08/20240903/00006,1,P105677,3,89.95,SALE,03-09-2024 13:52:22,S08,20240903
S08/20240903/00006,2,P103896,2,205.72,SALE,03-09-2024 13:52:22,S08,20240903
S08/20240903/00006,3,P103822,1,594.96,SALE,03-09-2024 13:52:22,S08,20240903
S08/20240903/00006,4,P105307,1,831.20,SALE,03-09-2024 13:52:22,S08,20240903
S08/20240903/00006,5,P102272,5,389.34,SALE,03-09-2024 13:52:22,S08,20240903
S08/20240903/00006,6,P105413,2,168.78,SALE,03-09-2024 13:52:22,S08,20240903
S08/20240903/00006,7,DISC,1,-501.22,DISCOUNT,03-09-2024 13:52:22,S08,20240903
S08/20240903/00006,8,TAX,1,483.15,TAX,03-09-2024 13:52:22,S08,20240903
S08/20240903/00006,9,TENDER,1,4373.64,TENDER,03-09-2024 13:52:22,S08,20240903
S08/20240903/00007,1,P102383,1,10.62,SALE,03-09-2024 16:49:13,S08,20240903
S08/20240903/00007,2,P102886,4,139.22,SALE,03-09-2024 16:49:13,S08,20240903
S08/20240903/00007,3,P100287,1,218.95,SALE,03-09-2024 16:49:13,S08,20240903
S08/20240903/00007,4,P101004,1,324.97,SALE,03-09-2024 16:49:13,S08,20240903
S08/20240903/00007,5,TAX,1,72.28,TAX,03-09-2024 16:49:13,S08,20240903
S08/20240903/00007,6,TENDER,1,1183.70,TENDER,03-09-2024 16:49:13,S08,20240903
S08/20240903/00008,1,P107899,1,197.21,SALE,03-09-2024 12:20:12,S08,20240903
S08/20240903/00008,2,P103074,2,52.85,SALE,03-09-2024 12:20:12,S08,20240903
S08/20240903/00008,3,P107526,2,53.96,SALE,03-09-2024 12:20:12,S08,20240903
S08/20240903/00008,4,P103316,2,1774.02,SALE,03-09-2024 12:20:12,S08,20240903
S08/20240903/00008,5,P106900,1,179.85,SALE,03-09-2024 12:20:12,S08,20240903
S08/20240903/00008,6,P102954,2,129.98,SALE,03-09-2024 12:20:12,S08,20240903
S08/20240903/00008,7,TAX,1,514.26,TAX,03-09-2024 12:20:12,S08,20240903
S08/20240903/00008,8,TENDER,1,4912.94,TENDER,03-09-2024 12:20:12,S08,20240903
S08/20240903/00009,1,P102779,1,25.62,SALE,03-09-2024 15:11:43,S08,20240903
S08/20240903/00009,2,P100519,2,365.61,SALE,03-09-2024 15:11:43,S08,20240903
S08/20240903/00009,3,P102335,4,94.24,SALE,03-09-2024 15:11:43,S08,20240903
S08/20240903/00009,4,P107435,5,549.51,SALE,03-09-2024 15:11:43,S08,20240903
S08/20240903/00009,5,P108008,1,128.46,SALE,03-09-2024 15:11:43,S08,20240903
S08/20240903/00009,6,TAX,1,676.36,TAX,03-09-2024 15:11:43,S08,20240903
S08/20240903/00009,7,TENDER,1,4686.17,TENDER,03-09-2024 15:11:43,S08,20240903
S08/20240903/00010,1,P101218,1,61.39,SALE,03-09-2024 16:07:40,S08,20240903
S08/20240903/00010,2,P107488,1,303.21,SALE,03-09-2024 16:07:40,S08,20240903
S08/20240903/00010,3,P101874,2,19.95,SALE,03-09-2024 16:07:40,S08,20240903
S08/20240903/00010,4,TAX,1,65.63,TAX,03-09-2024 16:07:40,S08,20240903
S08/20240903/00010,5,TENDER,1,470.13,TENDER,03-09-2024 16:07:40,S08,20240903
S08/20240903/00011,1,P104212,2,400.09,SALE,03-09-2024 13:41:34,S08,20240903
S08/20240903/00011,2,P108272,3,119.46,SALE,03-09-2024 13:41:34,S08,20240903
S08/20240903/00011,3,P101454,4,134.66,SALE,03-09-2024 13:41:34,S08,20240903
S08/20240903/00011,4,TAX,1,251.67,TAX,03-09-2024 13:41:34,S08,20240903
S08/20240903/00011,5,TENDER,1,1948.87,TENDER,03-09-2024 13:41:34,S08,20240903
S08/20240903/00012,1,P106506,2,125.80,SALE,03-09-2024 17:18:28,S08,20240903
S08/20240903/00012,2,TAX,1,45.29,TAX,03-09-2024 17:18:28,S08,20240903
S08/20240903/00012,3,TENDER,1,296.89,TENDER,03-09-2024 17:18:28,S08,20240903
S08/20240903/00013,1,P106599,2,224.95,SALE,03-09-2024 17:31:04,S08,20240903
S08/20240903/00013,2,P106234,2,78.81,SALE,03-09-2024 17:31:04,S08,20240903
S08/20240903/00013,3,P100921,2,441.43,SALE,03-09-2024 17:31:04,S08,20240903
S08/20240903/00013,4,P106528,1,832.82,SALE,03-09-2024 17:31:04,S08,20240903
S08/20240903/00013,5,P104302,1,1255.97,SALE,03-09-2024 17:31:04,S08,20240903
S08/20240903/00013,6,P103620,3,474.03,SALE,03-09-2024 17:31:04,S08,20240903
S08/20240903/00013,7,TAX,1,450.98,TAX,03-09-2024 17:31:04,S08,20240903
S08/20240903/00013,8,TENDER,1,5452.24,TENDER,03-09-2024 17:31:04,S08,20240903
S08/20240903/00014,1,P104992,4,979.87,SALE,03-09-2024 14:48:49,S08,20240903
S08/20240903/00014,2,P105589,2,90.25,SALE,03-09-2024 14:48:49,S08,20240903
S08/20240903/00014,3,P101500,4,330.53,SALE,03-09-2024 14:48:49,S08,20240903
S08/20240903/00014,4,DISC,1,-204.24,DISCOUNT,03-09-2024 14:48:49,S08,20240903
S08/20240903/00014,5,TAX,1,31.27,TAX,03-09-2024 14:48:49,S08,20240903
S08/20240903/00014,6,TENDER,1,5249.13,TENDER,03-09-2024 14:48:49,S08,20240903
S08/20240903/00015,1,P107899,1,197.21,SALE,03-09-2024 20:59:55,S08,20240903
S08/20240903/00015,2,P104334,1,294.34,SALE,03-09-2024 20:59:55,S08,20240903
S08/20240903/00015,3,P104168,4,543.01,SALE,03-09-2024 20:59:55,S08,20240903
S08/20240903/00015,4,TAX,1,133.18,TAX,03-09-2024 20:59:55,S08,20240903
S08/20240903/00015,5,TENDER,1,2796.77,TENDER,03-09-2024 20:59:55,S08,20240903
S08/20240903/00016,1,P100640,3,363.28,SALE,03-09-2024 16:03:45,S08,20240903
S08/20240903/00016,2,P104285,2,639.46,SALE,03-09-2024 16:03:45,S08,20240903
S08/20240903/00016,3,TAX,1,194.73,TAX,03-09-2024 16:03:45,S08,20240903
S08/20240903/00016,4,TENDER,1,2563.49,TENDER,03-09-2024 16:03:45,S08,20240903
S08/20240903/00017,1,P103354,1,894.50,SALE,03-09-2024 12:02:12,S08,20240903
S08/20240903/00017,2,P107654,2,409.57,SALE,03-09-2024 12:02:12,S08,20240903
S08/20240903/00017,3,P105365,1,420.06,SALE,03-09-2024 12:02:12,S08,20240903
S08/20240903/00017,4,TAX,1,148.70,TAX,03-09-2024 12:02:12,S08,20240903
S08/20240903/00017,5,TENDER,1,2282.40,TENDER,03-09-2024 12:02:12,S08,20240903
S08/20240903/00018,1,P104351,2,1128.29,SALE,03-09-2024 15:34:07,S08,20240903
S08/20240903/00018,2,P103616,2,609.05,SALE,03-09-2024 15:34:07,S08,20240903
S08/20240903/00018,3,P105772,3,539.31,SALE,03-09-2024 15:34:07,S08,20240903
S08/20240903/00018,4,P107733,4,57.55,SALE,03-09-2024 15:34:07,S08,20240903
S08/20240903/00018,5,P103864,1,452.72,SALE,03-09-2024 15:34:07,S08,20240903
S08/20240903/00018,6,TAX,1,499.11,TAX,03-09-2024 15:34:07,S08,20240903
S08/20240903/00018,7,TENDER,1,6274.64,TENDER,03-09-2024 15:34:07,S08,20240903
S08/20240903/00019,1,P104950,1,91.01,SALE,03-09-2024 18:11:19,S08,20240903
S08/20240903/00019,2,TAX,1,16.38,TAX,03-09-2024 18:11:19,S08,20240903
S08/20240903/00019,3,TENDER,1,107.39,TENDER,03-09-2024 18:11:19,S08,20240903
S08/20240903/00020,1,P101305,3,114.22,SALE,03-09-2024 18:04:38,S08,20240903
S08/20240903/00020,2,P100754,2,91.60,SALE,03-09-2024 18:04:38,S08,20240903
S08/20240903/00020,3,P101876,2,71.98,SALE,03-09-2024 18:04:38,S08,20240903
S08/20240903/00020,4,P103206,3,450.05,SALE,03-09-2024 18:04:38,S08,20240903
S08/20240903/00020,5,P102436,3,243.03,SALE,03-09-2024 18:04:38,S08,20240903
S08/20240903/00020,6,TAX,1,452.30,TAX,03-09-2024 18:04:38,S08,20240903
S08/20240903/00020,7,TENDER,1,3201.36,TENDER,03-09-2024 18:04:38,S08,20240903
S08/20240903/00021,1,P103062,2,173.63,SALE,03-09-2024 11:19:35,S08,20240903
S08/20240903/00021,2,P108379,2,305.48,SALE,03-09-2024 11:19:35,S08,20240903
S08/20240903/00021,3,P103168,3,923.59,SALE,03-09-2024 11:19:35,S08,20240903
S08/20240903/00021,4,TAX,1,423.17,TAX,03-09-2024 11:19:35,S08,20240903
S08/20240903/00021,5,TENDER,1,4152.16,TENDER,03-09-2024 11:19:35,S08,20240903
S08/20240903/00022,1,P102217,3,68.46,SALE,03-09-2024 12:06:51,S08,20240903
S08/20240903/00022,2,P107056,2,341.76,SALE,03-09-2024 12:06:51,S08,20240903
S08/20240903/00022,3,P106181,1,778.60,SALE,03-09-2024 12:06:51,S08,20240903
S08/20240903/00022,4,P101530,2,576.50,SALE,03-09-2024 12:06:51,S08,20240903
S08/20240903/00022,5,TAX,1,330.57,TAX,03-09-2024 12:06:51,S08,20240903
S08/20240903/00022,6,TENDER,1,3151.07,TENDER,03-09-2024 12:06:51,S08,20240903
S08/20240903/00023,1,P101899,3,345.29,SALE,03-09-2024 14:10:59,S08,20240903
S08/20240903/00023,2,P102933,1,610.87,SALE,03-09-2024 14:10:59,S08,20240903
S08/20240903/00023,3,P104645,2,1052.62,SALE,03-09-2024 14:10:59,S08,20240903
S08/20240903/00023,4,P100308,1,319.56,SALE,03-09-2024 14:10:59,S08,20240903
S08/20240903/00023,5,TAX,1,298.11,TAX,03-09-2024 14:10:59,S08,20240903
S08/20240903/00023,6,TENDER,1,4369.65,TENDER,03-09-2024 14:10:59,S08,20240903
S08/20240903/00024,1,P104658,2,73.05,SALE,03-09-2024 16:29:54,S08,20240903
S08/20240903/00024,2,P102023,2,425.67,SALE,03-09-2024 16:29:54,S08,20240903
S08/20240903/00024,3,P104160,1,258.87,SALE,03-09-2024 16:29:54,S08,20240903
S08/20240903/00024,4,P100999,2,161.56,SALE,03-09-2024 16:29:54,S08,20240903
S08/20240903/00024,5,TAX,1,109.47,TAX,03-09-2024 16:29:54,S08,20240903
S08/20240903/00024,6,TENDER,1,1688.90,TENDER,03-09-2024 16:29:54,S08,20240903
S08/20240903/00025,1,P108162,2,257.55,SALE,03-09-2024 15:28:50,S08,20240903
S08/20240903/00025,2,P107100,2,171.95,SALE,03-09-2024 15:28:50,S08,20240903
S08/20240903/00025,3,P104439,1,123.98,SALE,03-09-2024 15:28:50,S08,20240903
S08/20240903/00025,4,P107308,2,207.74,SALE,03-09-2024 15:28:50,S08,20240903
S08/20240903/00025,5,P106858,2,281.23,SALE,03-09-2024 15:28:50,S08,20240903
S08/20240903/00025,6,P103973,3,108.48,SALE,03-09-2024 15:28:50,S08,20240903
S08/20240903/00025,7,P105733,1,151.69,SALE,03-09-2024 15:28:50,S08,20240903
S08/20240903/00025,8,TAX,1,351.25,TAX,03-09-2024 15:28:50,S08,20240903
S08/20240903/00025,9,TENDER,1,2789.30,TENDER,03-09-2024 15:28:50,S08,20240903
S08/20240903/00026,1,P102021,2,90.22,SALE,03-09-2024 18:11:57,S08,20240903
S08/20240903/00026,2,P101751,3,460.11,SALE,03-09-2024 18:11:57,S08,20240903
S08/20240903/00026,3,P100555,3,435.03,SALE,03-09-2024 18:11:57,S08,20240903
S08/20240903/00026,4,P102821,1,1356.95,SALE,03-09-2024 18:11:57,S08,20240903
S08/20240903/00026,5,P107026,4,65.23,SALE,03-09-2024 18:11:57,S08,20240903
S08/20240903/00026,6,P106686,1,324.48,SALE,03-09-2024 18:11:57,S08,20240903
S08/20240903/00026,7,P103792,1,25.06,SALE,03-09-2024 18:11:57,S08,20240903
S08/20240903/00026,8,TAX,1,569.47,TAX,03-09-2024 18:11:57,S08,20240903
S08/20240903/00026,9,TENDER,1,5402.74,TENDER,03-09-2024 18:11:57,S08,20240903
S08/20240903/00027,1,P104854,3,32.11,SALE,03-09-2024 16:43:57,S08,20240903
S08/20240903/00027,2,P100074,2,57.78,SALE,03-09-2024 16:43:57,S08,20240903
S08/20240903/00027,3,P104334,3,294.34,SALE,03-09-2024 16:43:57,S08,20240903
S08/20240903/00027,4,TAX,1,49.93,TAX,03-09-2024 16:43:57,S08,20240903
S08/20240903/00027,5,TENDER,1,1144.84,TENDER,03-09-2024 16:43:57,S08,20240903
S08/20240903/00028,1,P102593,-2,92.93,RETURN,03-09-2024 15:25:39,S08,20240903
S08/20240903/00028,2,P104358,-3,1243.57,RETURN,03-09-2024 15:25:39,S08,20240903
S08/20240903/00028,3,P107920,-2,109.22,RETURN,03-09-2024 15:25:39,S08,20240903
S08/20240903/00028,4,P103144,-1,145.27,RETURN,03-09-2024 15:25:39,S08,20240903
S08/20240903/00028,5,P104219,-1,249.74,RETURN,03-09-2024 15:25:39,S08,20240903
S08/20240903/00028,6,P100604,-3,154.60,RETURN,03-09-2024 15:25:39,S08,20240903
S08/20240903/00028,7,P106388,-2,1120.55,RETURN,03-09-2024 15:25:39,S08,20240903
S08/20240903/00028,8,P106958,-1,124.03,RETURN,03-09-2024 15:25:39,S08,20240903
S08/20240903/00028,9,TAX,1,-580.02,TAX,03-09-2024 15:25:39,S08,20240903
S08/20240903/00028,10,TENDER,1,-7938.97,TENDER,03-09-2024 15:25:39,S08,20240903
S08/20240903/00029,1,P108379,1,305.48,SALE,03-09-2024 15:39:34,S08,20240903
S08/20240903/00029,2,P106234,3,78.81,SALE,03-09-2024 15:39:34,S08,20240903
S08/20240903/00029,3,P100106,1,318.86,SALE,03-09-2024 15:39:34,S08,20240903
S08/20240903/00029,4,P101421,3,112.02,SALE,03-09-2024 15:39:34,S08,20240903
S08/20240903/00029,5,P103577,3,100.44,SALE,03-09-2024 15:39:34,S08,20240903
S08/20240903/00029,6,P106844,2,23.44,SALE,03-09-2024 15:39:34,S08,20240903
S08/20240903/00029,7,P106751,1,132.55,SALE,03-09-2024 15:39:34,S08,20240903
S08/20240903/00029,8,TAX,1,234.14,TAX,03-09-2024 15:39:34,S08,20240903
S08/20240903/00029,9,TENDER,1,1911.72,TENDER,03-09-2024 15:39:34,S08,20240903
S08/20240903/00030,1,P101389,4,430.39,SALE,03-09-2024 09:51:25,S08,20240903
S08/20240903/00030,2,P102880,1,575.53,SALE,03-09-2024 09:51:25,S08,20240903
S08/20240903/00030,3,P103328,2,236.27,SALE,03-09-2024 09:51:25,S08,20240903
S08/20240903/00030,4,P103958,3,30.95,SALE,03-09-2024 09:51:25,S08,20240903
S08/20240903/00030,5,P100441,1,419.95,SALE,03-09-2024 09:51:25,S08,20240903
S08/20240903/00030,6,TAX,1,490.82,TAX,03-09-2024 09:51:25,S08,20240903
S08/20240903/00030,7,TENDER,1,3773.25,TENDER,03-09-2024 09:51:25,S08,20240903
S08/20240903/00031,1,P107920,1,109.22,SALE,03-09-2024 19:15:46,S08,20240903
S08/20240903/00031,2,P105112,2,194.64,SALE,03-09-2024 19:15:46,S08,20240903
S08/20240903/00031,3,P108319,3,253.21,SALE,03-09-2024 19:15:46,S08,20240903
S08/20240903/00031,4,P101440,1,234.68,SALE,03-09-2024 19:15:46,S08,20240903
S08/20240903/00031,5,P104427,1,462.16,SALE,03-09-2024 19:15:46,S08,20240903
S08/20240903/00031,6,TAX,1,160.29,TAX,03-09-2024 19:15:46,S08,20240903
S08/20240903/00031,7,TENDER,1,2115.26,TENDER,03-09-2024 19:15:46,S08,20240903
S08/20240903/00032,1,P104320,4,159.74,SALE,03-09-2024 22:18:19,S08,20240903
S08/20240903/00032,2,P105294,1,126.15,SALE,03-09-2024 22:18:19,S08,20240903
S08/20240903/00032,3,P104389,1,169.98,SALE,03-09-2024 22:18:19,S08,20240903
S08/20240903/00032,4,TAX,1,53.30,TAX,03-09-2024 22:18:19,S08,20240903
S08/20240903/00032,5,TENDER,1,988.39,TENDER,03-09-2024 22:18:19,S08,20240903
S08/20240904/00001,1,P100438,1,66.55,SALE,04-09-2024 16:03:30,S08,20240904
S08/20240904/00001,2,P101974,3,302.00,SALE,04-09-2024 16:03:30,S08,20240904
S08/20240904/00001,3,P100210,1,1073.90,SALE,04-09-2024 16:03:30,S08,20240904
S08/20240904/00001,4,P106965,3,89.01,SALE,04-09-2024 16:03:30,S08,20240904
S08/20240904/00001,5,P103693,2,102.71,SALE,04-09-2024 16:03:30,S08,20240904
S08/20240904/00001,6,P103281,1,150.25,SALE,04-09-2024 16:03:30,S08,20240904
S08/20240904/00001,7,P103243,4,193.36,SALE,04-09-2024 16:03:30,S08,20240904
S08/20240904/00001,8,P106388,2,1120.55,SALE,04-09-2024 16:03:30,S08,20240904
S08/20240904/00001,9,TAX,1,374.34,TAX,04-09-2024 16:03:30,S08,20240904
S08/20240904/00001,10,TENDER,1,6058.03,TENDER,04-09-2024 16:03:30,S08,20240904
S08/20240904/00002,1,P107946,3,303.95,SALE,04-09-2024 10:52:43,S08,20240904
S08/20240904/00002,2,P106833,4,446.47,SALE,04-09-2024 10:52:43,S08,20240904
S08/20240904/00002,3,P104123,2,382.58,SALE,04-09-2024 10:52:43,S08,20240904
S08/20240904/00002,4,P103822,2,594.96,SALE,04-09-2024 10:52:43,S08,20240904
S08/20240904/00002,5,TAX,1,627.46,TAX,04-09-2024 10:52:43,S08,20240904
S08/20240904/00002,6,TENDER,1,5280.27,TENDER,04-09-2024 10:52:43,S08,20240904
S08/20240904/00003,1,P103896,2,205.72,SALE,04-09-2024 18:44:33,S08,20240904
S08/20240904/00003,2,P100838,3,37.95,SALE,04-09-2024 18:44:33,S08,20240904
S08/20240904/00003,3,P106072,2,78.69,SALE,04-09-2024 18:44:33,S08,20240904
S08/20240904/00003,4,P104410,2,498.71,SALE,04-09-2024 18:44:33,S08,20240904
S08/20240904/00003,5,P105479,2,237.28,SALE,04-09-2024 18:44:33,S08,20240904
S08/20240904/00003,6,P101669,2,53.28,SALE,04-09-2024 18:44:33,S08,20240904
S08/20240904/00003,7,P105280,1,220.35,SALE,04-09-2024 18:44:33,S08,20240904
S08/20240904/00003,8,TAX,1,351.47,TAX,04-09-2024 18:44:33,S08,20240904
S08/20240904/00003,9,TENDER,1,2833.03,TENDER,04-09-2024 18:44:33,S08,20240904
S08/20240904/00004,1,P100609,5,76.13,SALE,04-09-2024 08:20:00,S08,20240904
S08/20240904/00004,2,P100140,2,61.44,SALE,04-09-2024 08:20:00,S08,20240904
S08/20240904/00004,3,P106757,5,379.84,SALE,04-09-2024 08:20:00,S08,20240904
S08/20240904/00004,4,P100511,4,442.66,SALE,04-09-2024 08:20:00,S08,20240904
S08/20240904/00004,5,TAX,1,375.23,TAX,04-09-2024 08:20:00,S08,20240904
S08/20240904/00004,6,TENDER,1,4548.60,TENDER,04-09-2024 08:20:00,S08,20240904
S08/20240904/00005,1,P101023,3,213.62,SALE,04-09-2024 15:58:54,S08,20240904
S08/20240904/00005,2,P102181,3,1586.03,SALE,04-09-2024 15:58:54,S08,20240904
S08/20240904/00005,3,P107815,1,106.85,SALE,04-09-2024 15:58:54,S08,20240904
S08/20240904/00005,4,TAX,1,44.87,TAX,04-09-2024 15:58:54,S08,20240904
S08/20240904/00005,5,TENDER,1,5550.67,TENDER,04-09-2024 15:58:54,S08,20240904
S08/20240904/00006,1,P104665,4,217.71,SALE,04-09-2024 18:20:29,S08,20240904
S08/20240904/00006,2,P101603,4,911.37,SALE,04-09-2024 18:20:29,S08,20240904
S08/20240904/00006,3,P102151,2,1117.25,SALE,04-09-2024 18:20:29,S08,20240904
S08/20240904/00006,4,TAX,1,653.68,TAX,04-09-2024 18:20:29,S08,20240904
S08/20240904/00006,5,TENDER,1,7404.50,TENDER,04-09-2024 18:20:29,S08,20240904
S08/20240904/00007,1,P101533,1,975.60,SALE,04-09-2024 21:05:24,S08,20240904
S08/20240904/00007,2,P104372,2,105.38,SALE,04-09-2024 21:05:24,S08,20240904
S08/20240904/00007,3,P101864,3,112.21,SALE,04-09-2024 21:05:24,S08,20240904
S08/20240904/00007,4,P104526,2,363.05,SALE,04-09-2024 21:05:24,S08,20240904
S08/20240904/00007,5,TAX,1,224.51,TAX,04-09-2024 21:05:24,S08,20240904
S08/20240904/00007,6,TENDER,1,2473.60,TENDER,04-09-2024 21:05:24,S08,20240904
S08/20240904/00008,1,P102321,2,35.15,SALE,04-09-2024 12:51:13,S08,20240904
S08/20240904/00008,2,TAX,1,8.44,TAX,04-09-2024 12:51:13,S08,20240904
S08/20240904/00008,3,TENDER,1,78.74,TENDER,04-09-2024 12:51:13,S08,20240904
S08/20240904/00009,1,P101982,6,366.95,SALE,04-09-2024 15:08:38,S08,20240904
S08/20240904/00009,2,P104645,1,1052.62,SALE,04-09-2024 15:08:38,S08,20240904
S08/20240904/00009,3,P102609,2,183.47,SALE,04-09-2024 15:08:38,S08,20240904
S08/20240904/00009,4,P105384,3,315.25,SALE,04-09-2024 15:08:38,S08,20240904
S08/20240904/00009,5,TAX,1,553.83,TAX,04-09-2024 15:08:38,S08,20240904
S08/20240904/00009,6,TENDER,1,5120.84,TENDER,04-09-2024 15:08:38,S08,20240904
S08/20240904/00010,1,P104469,-1,1548.25,RETURN,04-09-2024 17:44:43,S08,20240904
S08/20240904/00010,2,P107320,-1,223.25,RETURN,04-09-2024 17:44:43,S08,20240904
S08/20240904/00010,3,P102122,-2,129.27,RETURN,04-09-2024 17:44:43,S08,20240904
S08/20240904/00010,4,P108191,-1,309.71,RETURN,04-09-2024 17:44:43,S08,20240904
S08/20240904/00010,5,P106093,-3,315.93,RETURN,04-09-2024 17:44:43,S08,20240904
S08/20240904/00010,6,P105490,-1,154.49,RETURN,04-09-2024 17:44:43,S08,20240904
S08/20240904/00010,7,TAX,1,-416.15,TAX,04-09-2024 17:44:43,S08,20240904
S08/20240904/00010,8,TENDER,1,-3858.18,TENDER,04-09-2024 17:44:43,S08,20240904
S08/20240904/00011,1,P104831,2,1516.75,SALE,04-09-2024 12:22:27,S08,20240904
S08/20240904/00011,2,P105819,1,66.64,SALE,04-09-2024 12:22:27,S08,20240904
S08/20240904/00011,3,TAX,1,376.02,TAX,04-09-2024 12:22:27,S08,20240904
S08/20240904/00011,4,TENDER,1,3476.16,TENDER,04-09-2024 12:22:27,S08,20240904
S08/20240904/00012,1,P103918,1,527.10,SALE,04-09-2024 11:01:38,S08,20240904
S08/20240904/00012,2,P104651,3,540.51,SALE,04-09-2024 11:01:38,S08,20240904
S08/20240904/00012,3,P105405,1,430.78,SALE,04-09-2024 11:01:38,S08,20240904
S08/20240904/00012,4,P103054,3,113.30,SALE,04-09-2024 11:01:38,S08,20240904
S08/20240904/00012,5,TAX,1,242.48,TAX,04-09-2024 11:01:38,S08,20240904
S08/20240904/00012,6,TENDER,1,3161.79,TENDER,04-09-2024 11:01:38,S08,20240904
S08/20240904/00013,1,P107495,4,448.19,SALE,04-09-2024 18:33:09,S08,20240904
S08/20240904/00013,2,P103766,3,213.25,SALE,04-09-2024 18:33:09,S08,20240904
S08/20240904/00013,3,P108319,2,253.21,SALE,04-09-2024 18:33:09,S08,20240904
S08/20240904/00013,4,P106080,4,361.06,SALE,04-09-2024 18:33:09,S08,20240904
S08/20240904/00013,5,P103452,2,1033.70,SALE,04-09-2024 18:33:09,S08,20240904
S08/20240904/00013,6,P105236,2,552.60,SALE,04-09-2024 18:33:09,S08,20240904
S08/20240904/00013,7,P106911,3,232.77,SALE,04-09-2024 18:33:09,S08,20240904
S08/20240904/00013,8,P107354,2,227.60,SALE,04-09-2024 18:33:09,S08,20240904
S08/20240904/00013,9,P105965,1,66.08,SALE,04-09-2024 18:33:09,S08,20240904
S08/20240904/00013,10,P100287,3,218.95,SALE,04-09-2024 18:33:09,S08,20240904
S08/20240904/00013,11,P103908,2,104.62,SALE,04-09-2024 18:33:09,S08,20240904
S08/20240904/00013,12,TAX,1,843.60,TAX,04-09-2024 18:33:09,S08,20240904
S08/20240904/00013,13,TENDER,1,10485.05,TENDER,04-09-2024 18:33:09,S08,20240904
S08/20240904/00014,1,P100121,-4,107.67,RETURN,04-09-2024 16:20:03,S08,20240904
S08/20240904/00014,2,P103600,-3,107.84,RETURN,04-09-2024 16:20:03,S08,20240904
S08/20240904/00014,3,P107623,-1,442.34,RETURN,04-09-2024 16:20:03,S08,20240904
S08/20240904/00014,4,TAX,1,-117.33,TAX,04-09-2024 16:20:03,S08,20240904
S08/20240904/00014,5,TENDER,1,-1313.87,TENDER,04-09-2024 16:20:03,S08,20240904
S08/20240904/00015,1,P105772,4,539.31,SALE,04-09-2024 19:55:23,S08,20240904
S08/20240904/00015,2,P107089,2,208.86,SALE,04-09-2024 19:55:23,S08,20240904
S08/20240904/00015,3,P103584,3,402.02,SALE,04-09-2024 19:55:23,S08,20240904
S08/20240904/00015,4,P101990,4,408.52,SALE,04-09-2024 19:55:23,S08,20240904
S08/20240904/00015,5,P108302,3,855.55,SALE,04-09-2024 19:55:23,S08,20240904
S08/20240904/00015,6,P104600,5,56.45,SALE,04-09-2024 19:55:23,S08,20240904
S08/20240904/00015,7,P104765,1,401.36,SALE,04-09-2024 19:55:23,S08,20240904
S08/20240904/00015,8,TAX,1,1012.98,TAX,04-09-2024 19:55:23,S08,20240904
S08/20240904/00015,9,TENDER,1,9678.34,TENDER,04-09-2024 19:55:23,S08,20240904
S08/20240904/00016,1,P105030,2,219.33,SALE,04-09-2024 17:27:23,S08,20240904
S08/20240904/00016,2,P106174,2,229.89,SALE,04-09-2024 17:27:23,S08,20240904
S08/20240904/00016,3,P107320,3,223.25,SALE,04-09-2024 17:27:23,S08,20240904
S08/20240904/00016,4,P101279,1,237.59,SALE,04-09-2024 17:27:23,S08,20240904
S08/20240904/00016,5,P107520,1,137.21,SALE,04-09-2024 17:27:23,S08,20240904
S08/20240904/00016,6,P102452,2,176.54,SALE,04-09-2024 17:27:23,S08,20240904
S08/20240904/00016,7,P104933,1,560.59,SALE,04-09-2024 17:27:23,S08,20240904
S08/20240904/00016,8,TAX,1,284.75,TAX,04-09-2024 17:27:23,S08,20240904
S08/20240904/00016,9,TENDER,1,3141.41,TENDER,04-09-2024 17:27:23,S08,20240904
S08/20240904/00017,1,P108032,3,648.04,SALE,04-09-2024 14:38:21,S08,20240904
S08/20240904/00017,2,P107346,2,449.29,SALE,04-09-2024 14:38:21,S08,20240904
S08/20240904/00017,3,P102114,4,128.95,SALE,04-09-2024 14:38:21,S08,20240904
S08/20240904/00017,4,P104956,2,133.95,SALE,04-09-2024 14:38:21,S08,20240904
S08/20240904/00017,5,TAX,1,352.24,TAX,04-09-2024 14:38:21,S08,20240904
S08/20240904/00017,6,TENDER,1,3978.64,TENDER,04-09-2024 14:38:21,S08,20240904
S08/20240904/00018,1,P107952,2,1852.40,SALE,04-09-2024 20:43:05,S08,20240904
S08/20240904/00018,2,P106830,3,103.94,SALE,04-09-2024 20:43:05,S08,20240904
S08/20240904/00018,3,P100380,3,136.58,SALE,04-09-2024 20:43:05,S08,20240904
S08/20240904/00018,4,P104891,3,757.22,SALE,04-09-2024 20:43:05,S08,20240904
S08/20240904/00018,5,P103178,1,21.21,SALE,04-09-2024 20:43:05,S08,20240904
S08/20240904/00018,6,TAX,1,381.71,TAX,04-09-2024 20:43:05,S08,20240904
S08/20240904/00018,7,TENDER,1,7100.94,TENDER,04-09-2024 20:43:05,S08,20240904
S08/20240904/00019,1,P107542,2,162.57,SALE,04-09-2024 10:36:23,S08,20240904
S08/20240904/00019,2,P103766,2,213.25,SALE,04-09-2024 10:36:23,S08,20240904
S08/20240904/00019,3,P102045,3,22.11,SALE,04-09-2024 10:36:23,S08,20240904
S08/20240904/00019,4,P106486,4,1786.00,SALE,04-09-2024 10:36:23,S08,20240904
S08/20240904/00019,5,TAX,1,890.54,TAX,04-09-2024 10:36:23,S08,20240904
S08/20240904/00019,6,TENDER,1,8852.51,TENDER,04-09-2024 10:36:23,S08,20240904
S08/20240904/00020,1,P100665,1,305.11,SALE,04-09-2024 18:48:16,S08,20240904
S08/20240904/00020,2,P105075,2,49.58,SALE,04-09-2024 18:48:16,S08,20240904
S08/20240904/00020,3,P104820,1,207.26,SALE,04-09-2024 18:48:16,S08,20240904
S08/20240904/00020,4,P107458,1,1239.88,SALE,04-09-2024 18:48:16,S08,20240904
S08/20240904/00020,5,TAX,1,91.77,TAX,04-09-2024 18:48:16,S08,20240904
S08/20240904/00020,6,TENDER,1,1943.18,TENDER,04-09-2024 18:48:16,S08,20240904
S08/20240904/00021,1,P107695,1,271.01,SALE,04-09-2024 17:59:13,S08,20240904
S08/20240904/00021,2,P102248,3,22.39,SALE,04-09-2024 17:59:13,S08,20240904
S08/20240904/00021,3,TAX,1,48.78,TAX,04-09-2024 17:59:13,S08,20240904
S08/20240904/00021,4,TENDER,1,386.96,TENDER,04-09-2024 17:59:13,S08,20240904
S08/20240904/00022,1,P104316,2,406.45,SALE,04-09-2024 18:28:59,S08,20240904
S08/20240904/00022,2,P105757,2,248.44,SALE,04-09-2024 18:28:59,S08,20240904
S08/20240904/00022,3,P106191,4,1230.97,SALE,04-09-2024 18:28:59,S08,20240904
S08/20240904/00022,4,TAX,1,171.17,TAX,04-09-2024 18:28:59,S08,20240904
S08/20240904/00022,5,TENDER,1,6404.83,TENDER,04-09-2024 18:28:59,S08,20240904
S08/20240904/00023,1,P101974,2,302.00,SALE,04-09-2024 17:08:24,S08,20240904
S08/20240904/00023,2,TAX,1,108.72,TAX,04-09-2024 17:08:24,S08,20240904
S08/20240904/00023,3,TENDER,1,712.72,TENDER,04-09-2024 17:08:24,S08,20240904
S08/20240904/00024,1,P104765,1,401.36,SALE,04-09-2024 16:20:17,S08,20240904
S08/20240904/00024,2,P101419,2,195.72,SALE,04-09-2024 16:20:17,S08,20240904
S08/20240904/00024,3,P106143,1,60.82,SALE,04-09-2024 16:20:17,S08,20240904
S08/20240904/00024,4,P107458,1,1239.88,SALE,04-09-2024 16:20:17,S08,20240904
S08/20240904/00024,5,P103591,1,102.70,SALE,04-09-2024 16:20:17,S08,20240904
S08/20240904/00024,6,TAX,1,124.57,TAX,04-09-2024 16:20:17,S08,20240904
S08/20240904/00024,7,TENDER,1,2320.77,TENDER,04-09-2024 16:20:17,S08,20240904
S08/20240904/00025,1,P104454,2,47.84,SALE,04-09-2024 23:55:46,S08,20240904
S08/20240904/00025,2,P107903,1,22.86,SALE,04-09-2024 23:55:46,S08,20240904
S08/20240904/00025,3,P101237,1,278.87,SALE,04-09-2024 23:55:46,S08,20240904
S08/20240904/00025,4,TAX,1,42.36,TAX,04-09-2024 23:55:46,S08,20240904
S08/20240904/00025,5,TENDER,1,439.77,TENDER,04-09-2024 23:55:46,S08,20240904
S08/20240904/00026,1,P103668,4,1530.18,SALE,04-09-2024 17:58:06,S08,20240904
S08/20240904/00026,2,P102383,4,10.62,SALE,04-09-2024 17:58:06,S08,20240904
S08/20240904/00026,3,P103855,2,322.11,SALE,04-09-2024 17:58:06,S08,20240904
S08/20240904/00026,4,P103927,1,206.11,SALE,04-09-2024 17:58:06,S08,20240904
S08/20240904/00026,5,P107705,2,763.24,SALE,04-09-2024 17:58:06,S08,20240904
S08/20240904/00026,6,TAX,1,623.13,TAX,04-09-2024 17:58:06,S08,20240904
S08/20240904/00026,7,TENDER,1,9163.14,TENDER,04-09-2024 17:58:06,S08,20240904
S08/20240904/00027,1,P104572,2,182.16,SALE,04-09-2024 18:57:25,S08,20240904
S08/20240904/00027,2,P100536,1,471.52,SALE,04-09-2024 18:57:25,S08,20240904
S08/20240904/00027,3,P101925,1,181.41,SALE,04-09-2024 18:57:25,S08,20240904
S08/20240904/00027,4,P101064,1,33.84,SALE,04-09-2024 18:57:25,S08,20240904
S08/20240904/00027,5,P107708,3,163.95,SALE,04-09-2024 18:57:25,S08,20240904
S08/20240904/00027,6,P106130,1,1331.09,SALE,04-09-2024 18:57:25,S08,20240904
S08/20240904/00027,7,TAX,1,141.83,TAX,04-09-2024 18:57:25,S08,20240904
S08/20240904/00027,8,TENDER,1,3015.86,TENDER,04-09-2024 18:57:25,S08,20240904
S08/20240905/00001,1,P100677,2,227.95,SALE,05-09-2024 10:40:15,S08,20240905
S08/20240905/00001,2,P106373,1,48.45,SALE,05-09-2024 10:40:15,S08,20240905
S08/20240905/00001,3,P106044,2,40.72,SALE,05-09-2024 10:40:15,S08,20240905
S08/20240905/00001,4,P103364,1,114.95,SALE,05-09-2024 10:40:15,S08,20240905
S08/20240905/00001,5,TAX,1,99.14,TAX,05-09-2024 10:40:15,S08,20240905
S08/20240905/00001,6,TENDER,1,799.88,TENDER,05-09-2024 10:40:15,S08,20240905
S08/20240905/00002,1,P103719,1,957.52,SALE,05-09-2024 15:57:06,S08,20240905
S08/20240905/00002,2,P107056,2,341.76,SALE,05-09-2024 15:57:06,S08,20240905
S08/20240905/00002,3,P103155,1,270.20,SALE,05-09-2024 15:57:06,S08,20240905
S08/20240905/00002,4,P108216,4,69.70,SALE,05-09-2024 15:57:06,S08,20240905
S08/20240905/00002,5,P100686,2,787.42,SALE,05-09-2024 15:57:06,S08,20240905
S08/20240905/00002,6,P105497,3,70.98,SALE,05-09-2024 15:57:06,S08,20240905
S08/20240905/00002,7,P101064,1,33.84,SALE,05-09-2024 15:57:06,S08,20240905
S08/20240905/00002,8,P103090,1,805.95,SALE,05-09-2024 15:57:06,S08,20240905
S08/20240905/00002,9,P104361,3,1389.73,SALE,05-09-2024 15:57:06,S08,20240905
S08/20240905/00002,10,TAX,1,872.76,TAX,05-09-2024 15:57:06,S08,20240905
S08/20240905/00002,11,TENDER,1,9859.56,TENDER,05-09-2024 15:57:06,S08,20240905
S08/20240905/00003,1,P108082,1,236.40,SALE,05-09-2024 14:36:03,S08,20240905
S08/20240905/00003,2,P102886,4,147.57,SALE,05-09-2024 14:36:03,S08,20240905
S08/20240905/00003,3,P100649,2,628.39,SALE,05-09-2024 14:36:03,S08,20240905
S08/20240905/00003,4,P106550,3,28.48,SALE,05-09-2024 14:36:03,S08,20240905
S08/20240905/00003,5,P106783,2,94.23,SALE,05-09-2024 14:36:03,S08,20240905
S08/20240905/00003,6,P100305,1,771.81,SALE,05-09-2024 14:36:03,S08,20240905
S08/20240905/00003,7,P103096,3,315.47,SALE,05-09-2024 14:36:03,S08,20240905
S08/20240905/00003,8,TAX,1,354.56,TAX,05-09-2024 14:36:03,S08,20240905
S08/20240905/00003,9,TENDER,1,4430.14,TENDER,05-09-2024 14:36:03,S08,20240905
S08/20240905/00004,1,P103090,2,805.95,SALE,05-09-2024 14:29:34,S08,20240905
S08/20240905/00004,2,P106885,2,132.48,SALE,05-09-2024 14:29:34,S08,20240905
S08/20240905/00004,3,P102091,1,87.97,SALE,05-09-2024 14:29:34,S08,20240905
S08/20240905/00004,4,P102874,4,142.11,SALE,05-09-2024 14:29:34,S08,20240905
S08/20240905/00004,5,P107526,2,53.96,SALE,05-09-2024 14:29:34,S08,20240905
S08/20240905/00004,6,P107266,1,69.30,SALE,05-09-2024 14:29:34,S08,20240905
S08/20240905/00004,7,P106624,2,103.58,SALE,05-09-2024 14:29:34,S08,20240905
S08/20240905/00004,8,P105313,2,51.83,SALE,05-09-2024 14:29:34,S08,20240905
S08/20240905/00004,9,TAX,1,179.60,TAX,05-09-2024 14:29:34,S08,20240905
S08/20240905/00004,10,TENDER,1,3200.91,TENDER,05-09-2024 14:29:34,S08,20240905
S08/20240905/00005,1,P103964,1,134.21,SALE,05-09-2024 12:37:02,S08,20240905
S08/20240905/00005,2,P107182,1,112.81,SALE,05-09-2024 12:37:02,S08,20240905
S08/20240905/00005,3,P107003,4,1186.93,SALE,05-09-2024 12:37:02,S08,20240905
S08/20240905/00005,4,TAX,1,27.02,TAX,05-09-2024 12:37:02,S08,20240905
S08/20240905/00005,5,TENDER,1,5021.76,TENDER,05-09-2024 12:37:02,S08,20240905
S08/20240905/00006,1,P108361,-3,68.42,RETURN,05-09-2024 12:50:13,S08,20240905
S08/20240905/00006,2,P107226,-1,86.90,RETURN,05-09-2024 12:50:13,S08,20240905
S08/20240905/00006,3,TAX,1,-15.64,TAX,05-09-2024 12:50:13,S08,20240905
S08/20240905/00006,4,TENDER,1,-307.80,TENDER,05-09-2024 12:50:13,S08,20240905
S08/20240905/00007,1,P102735,1,534.08,SALE,05-09-2024 10:28:59,S08,20240905
S08/20240905/00007,2,P106357,3,1078.45,SALE,05-09-2024 10:28:59,S08,20240905
S08/20240905/00007,3,P106330,2,199.12,SALE,05-09-2024 10:28:59,S08,20240905
S08/20240905/00007,4,P104089,1,358.58,SALE,05-09-2024 10:28:59,S08,20240905
S08/20240905/00007,5,TAX,1,620.60,TAX,05-09-2024 10:28:59,S08,20240905
S08/20240905/00007,6,TENDER,1,5146.85,TENDER,05-09-2024 10:28:59,S08,20240905
S08/20240905/00008,1,P107639,2,128.49,SALE,05-09-2024 17:02:14,S08,20240905
S08/20240905/00008,2,P100819,1,1203.94,SALE,05-09-2024 17:02:14,S08,20240905
S08/20240905/00008,3,P106948,2,180.07,SALE,05-09-2024 17:02:14,S08,20240905
S08/20240905/00008,4,P106162,2,527.95,SALE,05-09-2024 17:02:14,S08,20240905
S08/20240905/00008,5,P102207,3,342.36,SALE,05-09-2024 17:02:14,S08,20240905
S08/20240905/00008,6,P102695,2,1259.21,SALE,05-09-2024 17:02:14,S08,20240905
S08/20240905/00008,7,P103105,1,31.43,SALE,05-09-2024 17:02:14,S08,20240905
S08/20240905/00008,8,DISC,1,-485.77,DISCOUNT,05-09-2024 17:02:14,S08,20240905
S08/20240905/00008,9,TAX,1,443.84,TAX,05-09-2024 17:02:14,S08,20240905
S08/20240905/00008,10,TENDER,1,6411.96,TENDER,05-09-2024 17:02:14,S08,20240905
S08/20240905/00009,1,P107884,4,29.77,SALE,05-09-2024 18:40:07,S08,20240905
S08/20240905/00009,2,P105479,2,237.28,SALE,05-09-2024 18:40:07,S08,20240905
S08/20240905/00009,3,P107676,2,186.95,SALE,05-09-2024 18:40:07,S08,20240905
S08/20240905/00009,4,TAX,1,97.08,TAX,05-09-2024 18:40:07,S08,20240905
S08/20240905/00009,5,TENDER,1,1064.62,TENDER,05-09-2024 18:40:07,S08,20240905
S08/20240905/00010,1,P103575,4,54.47,SALE,05-09-2024 21:18:19,S08,20240905
S08/20240905/00010,2,P100260,3,1120.33,SALE,05-09-2024 21:18:19,S08,20240905
S08/20240905/00010,3,TAX,1,10.89,TAX,05-09-2024 21:18:19,S08,20240905
S08/20240905/00010,4,TENDER,1,3589.76,TENDER,05-09-2024 21:18:19,S08,20240905
S08/20240905/00011,1,P100255,2,1250.31,SALE,05-09-2024 12:25:11,S08,20240905
S08/20240905/00011,2,P106506,2,125.80,SALE,05-09-2024 12:25:11,S08,20240905
S08/20240905/00011,3,P104533,3,271.68,SALE,05-09-2024 12:25:11,S08,20240905
S08/20240905/00011,4,P106522,2,203.79,SALE,05-09-2024 12:25:11,S08,20240905
S08/20240905/00011,5,DISC,1,-101.42,DISCOUNT,05-09-2024 12:25:11,S08,20240905
S08/20240905/00011,6,TAX,1,225.54,TAX,05-09-2024 12:25:11,S08,20240905
S08/20240905/00011,7,TENDER,1,4098.96,TENDER,05-09-2024 12:25:11,S08,20240905
S08/20240905/00012,1,P100483,2,933.37,SALE,05-09-2024 18:33:33,S08,20240905
S08/20240905/00012,2,P103833,1,1136.81,SALE,05-09-2024 18:33:33,S08,20240905
S08/20240905/00012,3,P100418,1,204.95,SALE,05-09-2024 18:33:33,S08,20240905
S08/20240905/00012,4,DISC,1,-238.17,DISCOUNT,05-09-2024 18:33:33,S08,20240905
S08/20240905/00012,5,TAX,1,52.62,TAX,05-09-2024 18:33:33,S08,20240905
S08/20240905/00012,6,TENDER,1,3022.95,TENDER,05-09-2024 18:33:33,S08,20240905
S08/20240905/00013,1,P103964,1,134.21,SALE,05-09-2024 13:05:50,S08,20240905
S08/20240905/00013,2,P106907,3,321.26,SALE,05-09-2024 13:05:50,S08,20240905
S08/20240905/00013,3,P105729,1,68.08,SALE,05-09-2024 13:05:50,S08,20240905
S08/20240905/00013,4,P103040,1,410.59,SALE,05-09-2024 13:05:50,S08,20240905
S08/20240905/00013,5,P101345,1,77.54,SALE,05-09-2024 13:05:50,S08,20240905
S08/20240905/00013,6,TAX,1,96.75,TAX,05-09-2024 13:05:50,S08,20240905
S08/20240905/00013,7,TENDER,1,1750.95,TENDER,05-09-2024 13:05:50,S08,20240905
S08/20240905/00014,1,P101384,2,42.99,SALE,05-09-2024 14:49:30,S08,20240905
S08/20240905/00014,2,P102129,1,252.76,SALE,05-09-2024 14:49:30,S08,20240905
S08/20240905/00014,3,TAX,1,16.94,TAX,05-09-2024 14:49:30,S08,20240905
S08/20240905/00014,4,TENDER,1,355.68,TENDER,05-09-2024 14:49:30,S08,20240905
S08/20240905/00015,1,P103461,3,104.95,SALE,05-09-2024 15:16:21,S08,20240905
S08/20240905/00015,2,P104774,2,81.81,SALE,05-09-2024 15:16:21,S08,20240905
S08/20240905/00015,3,P104858,3,331.88,SALE,05-09-2024 15:16:21,S08,20240905
S08/20240905/00015,4,P102243,1,133.95,SALE,05-09-2024 15:16:21,S08,20240905
S08/20240905/00015,5,P105356,4,232.26,SALE,05-09-2024 15:16:21,S08,20240905
S08/20240905/00015,6,P100855,1,345.07,SALE,05-09-2024 15:16:21,S08,20240905
S08/20240905/00015,7,P101242,1,83.48,SALE,05-09-2024 15:16:21,S08,20240905
S08/20240905/00015,8,P105272,3,351.65,SALE,05-09-2024 15:16:21,S08,20240905
S08/20240905/00015,9,P102510,1,37.13,SALE,05-09-2024 15:16:21,S08,20240905
S08/20240905/00015,10,TAX,1,426.78,TAX,05-09-2024 15:16:21,S08,20240905
S08/20240905/00015,11,TENDER,1,4484.51,TENDER,05-09-2024 15:16:21,S08,20240905
S08/20240905/00016,1,P100744,2,67.07,SALE,05-09-2024 12:11:29,S08,20240905
S08/20240905/00016,2,P108186,2,348.70,SALE,05-09-2024 12:11:29,S08,20240905
S08/20240905/00016,3,P104285,2,639.46,SALE,05-09-2024 12:11:29,S08,20240905
S08/20240905/00016,4,P101305,1,114.22,SALE,05-09-2024 12:11:29,S08,20240905
S08/20240905/00016,5,DISC,1,-48.62,DISCOUNT,05-09-2024 12:11:29,S08,20240905
S08/20240905/00016,6,TAX,1,171.08,TAX,05-09-2024 12:11:29,S08,20240905
S08/20240905/00016,7,TENDER,1,2347.14,TENDER,05-09-2024 12:11:29,S08,20240905
S08/20240905/00017,1,P105227,3,292.54,SALE,05-09-2024 15:57:03,S08,20240905
S08/20240905/00017,2,P106735,2,320.99,SALE,05-09-2024 15:57:03,S08,20240905
S08/20240905/00017,3,P100991,2,173.46,SALE,05-09-2024 15:57:03,S08,20240905
S08/20240905/00017,4,P102609,2,183.47,SALE,05-09-2024 15:57:03,S08,20240905
S08/20240905/00017,5,P100582,1,159.72,SALE,05-09-2024 15:57:03,S08,20240905
S08/20240905/00017,6,DISC,1,-80.18,DISCOUNT,05-09-2024 15:57:03,S08,20240905
S08/20240905/00017,7,TAX,1,300.58,TAX,05-09-2024 15:57:03,S08,20240905
S08/20240905/00017,8,TENDER,1,2613.58,TENDER,05-09-2024 15:57:03,S08,20240905
S08/20240905/00018,1,P104302,1,1255.97,SALE,05-09-2024 07:13:18,S08,20240905
S08/20240905/00018,2,TAX,1,150.72,TAX,05-09-2024 07:13:18,S08,20240905
S08/20240905/00018,3,TENDER,1,1406.69,TENDER,05-09-2024 07:13:18,S08,20240905
S08/20240905/00019,1,P105405,3,430.78,SALE,06-09-2024 00:58:40,S08,20240905
S08/20240905/00019,2,P103645,1,241.18,SALE,06-09-2024 00:58:40,S08,20240905
S08/20240905/00019,3,P106207,1,459.95,SALE,06-09-2024 00:58:40,S08,20240905
S08/20240905/00019,4,TAX,1,147.41,TAX,06-09-2024 00:58:40,S08,20240905
S08/20240905/00019,5,TENDER,1,2140.88,TENDER,06-09-2024 00:58:40,S08,20240905
S08/20240905/00020,1,P101062,2,47.97,SALE,05-09-2024 11:50:48,S08,20240905
S08/20240905/00020,2,P102947,3,59.21,SALE,05-09-2024 11:50:48,S08,20240905
S08/20240905/00020,3,P107182,2,112.81,SALE,05-09-2024 11:50:48,S08,20240905
S08/20240905/00020,4,P104554,1,437.01,SALE,05-09-2024 11:50:48,S08,20240905
S08/20240905/00020,5,TAX,1,97.85,TAX,05-09-2024 11:50:48,S08,20240905
S08/20240905/00020,6,TENDER,1,1034.05,TENDER,05-09-2024 11:50:48,S08,20240905
S08/20240905/00021,1,P106084,1,592.14,SALE,05-09-2024 19:23:47,S08,20240905
S08/20240905/00021,2,P107795,3,284.47,SALE,05-09-2024 19:23:47,S08,20240905
S08/20240905/00021,3,P108179,3,295.94,SALE,05-09-2024 19:23:47,S08,20240905
S08/20240905/00021,4,TAX,1,238.55,TAX,05-09-2024 19:23:47,S08,20240905
S08/20240905/00021,5,TENDER,1,2571.92,TENDER,05-09-2024 19:23:47,S08,20240905
S08/20240905/00022,1,P106288,3,46.52,SALE,05-09-2024 16:40:20,S08,20240905
S08/20240905/00022,2,P100007,3,155.06,SALE,05-09-2024 16:40:20,S08,20240905
S08/20240905/00022,3,P101359,1,51.47,SALE,05-09-2024 16:40:20,S08,20240905
S08/20240905/00022,4,P100367,2,537.90,SALE,05-09-2024 16:40:20,S08,20240905
S08/20240905/00022,5,P103904,2,1081.09,SALE,05-09-2024 16:40:20,S08,20240905
S08/20240905/00022,6,TAX,1,401.73,TAX,05-09-2024 16:40:20,S08,20240905
S08/20240905/00022,7,TENDER,1,4295.92,TENDER,05-09-2024 16:40:20,S08,20240905
S08/20240905/00023,1,P103637,4,338.13,SALE,05-09-2024 14:43:36,S08,20240905
S08/20240905/00023,2,P101825,2,183.68,SALE,05-09-2024 14:43:36,S08,20240905
S08/20240905/00023,3,P101762,2,528.36,SALE,05-09-2024 14:43:36,S08,20240905
S08/20240905/00023,4,P100883,3,723.68,SALE,05-09-2024 14:43:36,S08,20240905
S08/20240905/00023,5,P100609,2,76.13,SALE,05-09-2024 14:43:36,S08,20240905
S08/20240905/00023,6,P106310,1,462.03,SALE,05-09-2024 14:43:36,S08,20240905
S08/20240905/00023,7,TAX,1,598.62,TAX,05-09-2024 14:43:36,S08,20240905
S08/20240905/00023,8,TENDER,1,6160.55,TENDER,05-09-2024 14:43:36,S08,20240905
S08/20240905/00024,1,P103918,2,527.10,SALE,05-09-2024 17:31:43,S08,20240905
S08/20240905/00024,2,P102230,5,340.01,SALE,05-09-2024 17:31:43,S08,20240905
S08/20240905/00024,3,P104266,2,412.47,SALE,05-09-2024 17:31:43,S08,20240905
S08/20240905/00024,4,P100250,2,544.91,SALE,05-09-2024 17:31:43,S08,20240905
S08/20240905/00024,5,P102324,1,194.59,SALE,05-09-2024 17:31:43,S08,20240905
S08/20240905/00024,6,TAX,1,571.43,TAX,05-09-2024 17:31:43,S08,20240905
S08/20240905/00024,7,TENDER,1,5435.03,TENDER,05-09-2024 17:31:43,S08,20240905
S08/20240905/00025,1,P100135,1,63.52,SALE,05-09-2024 14:12:31,S08,20240905
S08/20240905/00025,2,P103243,3,193.36,SALE,05-09-2024 14:12:31,S08,20240905
S08/20240905/00025,3,P107119,2,16.65,SALE,05-09-2024 14:12:31,S08,20240905
S08/20240905/00025,4,P104739,3,172.21,SALE,05-09-2024 14:12:31,S08,20240905
S08/20240905/00025,5,P104898,1,181.50,SALE,05-09-2024 14:12:31,S08,20240905
S08/20240905/00025,6,P101263,5,620.85,SALE,05-09-2024 14:12:31,S08,20240905
S08/20240905/00025,7,TAX,1,699.01,TAX,05-09-2024 14:12:31,S08,20240905
S08/20240905/00025,8,TENDER,1,5178.29,TENDER,05-09-2024 14:12:31,S08,20240905
S08/20240905/00026,1,P105740,2,103.24,SALE,05-09-2024 15:23:41,S08,20240905
S08/20240905/00026,2,P107381,1,195.99,SALE,05-09-2024 15:23:41,S08,20240905
S08/20240905/00026,3,P100658,2,50.53,SALE,05-09-2024 15:23:41,S08,20240905
S08/20240905/00026,4,P106143,1,60.82,SALE,05-09-2024 15:23:41,S08,20240905
S08/20240905/00026,5,P103035,5,1201.33,SALE,05-09-2024 15:23:41,S08,20240905
S08/20240905/00026,6,TAX,1,371.97,TAX,05-09-2024 15:23:41,S08,20240905
S08/20240905/00026,7,TENDER,1,6942.97,TENDER,05-09-2024 15:23:41,S08,20240905
S08/20240905/00027,1,P106434,2,178.02,SALE,05-09-2024 16:20:14,S08,20240905
S08/20240905/00027,2,P101076,2,606.89,SALE,05-09-2024 16:20:14,S08,20240905
S08/20240905/00027,3,P104916,3,291.36,SALE,05-09-2024 16:20:14,S08,20240905
S08/20240905/00027,4,P108239,3,256.06,SALE,05-09-2024 16:20:14,S08,20240905
S08/20240905/00027,5,P105614,1,600.09,SALE,05-09-2024 16:20:14,S08,20240905
S08/20240905/00027,6,TAX,1,507.04,TAX,05-09-2024 16:20:14,S08,20240905
S08/20240905/00027,7,TENDER,1,4319.21,TENDER,05-09-2024 16:20:14,S08,20240905
S08/20240905/00028,1,P102735,1,534.08,SALE,05-09-2024 16:31:01,S08,20240905
S08/20240905/00028,2,P107414,1,565.57,SALE,05-09-2024 16:31:01,S08,20240905
S08/20240905/00028,3,P105337,3,35.20,SALE,05-09-2024 16:31:01,S08,20240905
S08/20240905/00028,4,P101842,4,210.53,SALE,05-09-2024 16:31:01,S08,20240905
S08/20240905/00028,5,P106833,2,446.47,SALE,05-09-2024 16:31:01,S08,20240905
S08/20240905/00028,6,P106823,1,156.34,SALE,05-09-2024 16:31:01,S08,20240905
S08/20240905/00028,7,P106130,2,1331.09,SALE,05-09-2024 16:31:01,S08,20240905
S08/20240905/00028,8,TAX,1,351.29,TAX,05-09-2024 16:31:01,S08,20240905
S08/20240905/00028,9,TENDER,1,6110.12,TENDER,05-09-2024 16:31:01,S08,20240905
S08/20240905/00029,1,P100577,-1,318.11,RETURN,05-09-2024 22:39:43,S08,20240905
S08/20240905/00029,2,P102460,-2,582.21,RETURN,05-09-2024 22:39:43,S08,20240905
S08/20240905/00029,3,P105695,-3,158.81,RETURN,05-09-2024 22:39:43,S08,20240905
S08/20240905/00029,4,P102217,-1,68.46,RETURN,05-09-2024 22:39:43,S08,20240905
S08/20240905/00029,5,P104544,-2,104.46,RETURN,05-09-2024 22:39:43,S08,20240905
S08/20240905/00029,6,TAX,1,-149.75,TAX,05-09-2024 22:39:43,S08,20240905
S08/20240905/00029,7,TENDER,1,-2386.09,TENDER,05-09-2024 22:39:43,S08,20240905
S08/20240905/00030,1,P106599,2,224.95,SALE,05-09-2024 18:34:33,S08,20240905
S08/20240905/00030,2,P105805,2,112.64,SALE,05-09-2024 18:34:33,S08,20240905
S08/20240905/00030,3,P107502,1,311.85,SALE,05-09-2024 18:34:33,S08,20240905
S08/20240905/00030,4,P102389,2,84.91,SALE,05-09-2024 18:34:33,S08,20240905
S08/20240905/00030,5,P100959,2,280.97,SALE,05-09-2024 18:34:33,S08,20240905
S08/20240905/00030,6,TAX,1,210.34,TAX,05-09-2024 18:34:33,S08,20240905
S08/20240905/00030,7,TENDER,1,1929.13,TENDER,05-09-2024 18:34:33,S08,20240905
S08/20240905/00031,1,P105815,1,320.65,SALE,05-09-2024 12:53:36,S08,20240905
S08/20240905/00031,2,P103542,3,398.89,SALE,05-09-2024 12:53:36,S08,20240905
S08/20240905/00031,3,P102656,3,176.99,SALE,05-09-2024 12:53:36,S08,20240905
S08/20240905/00031,4,TAX,1,208.63,TAX,05-09-2024 12:53:36,S08,20240905
S08/20240905/00031,5,TENDER,1,2256.92,TENDER,05-09-2024 12:53:36,S08,20240905
S08/20240905/00032,1,P106024,3,472.89,SALE,05-09-2024 14:11:35,S08,20240905
S08/20240905/00032,2,P105944,2,985.47,SALE,05-09-2024 14:11:35,S08,20240905
S08/20240905/00032,3,P105035,2,158.77,SALE,05-09-2024 14:11:35,S08,20240905
S08/20240905/00032,4,TAX,1,491.87,TAX,05-09-2024 14:11:35,S08,20240905
S08/20240905/00032,5,TENDER,1,4199.02,TENDER,05-09-2024 14:11:35,S08,20240905
S08/20240905/00033,1,P105003,1,285.67,SALE,05-09-2024 18:44:07,S08,20240905
S08/20240905/00033,2,P103249,5,521.24,SALE,05-09-2024 18:44:07,S08,20240905
S08/20240905/00033,3,P103822,2,594.96,SALE,05-09-2024 18:44:07,S08,20240905
S08/20240905/00033,4,P103243,1,193.36,SALE,05-09-2024 18:44:07,S08,20240905
S08/20240905/00033,5,TAX,1,405.58,TAX,05-09-2024 18:44:07,S08,20240905
S08/20240905/00033,6,TENDER,1,4680.73,TENDER,05-09-2024 18:44:07,S08,20240905
S08/20240905/00034,1,P106228,3,44.54,SALE,05-09-2024 23:45:57,S08,20240905
S08/20240905/00034,2,P100019,1,64.89,SALE,05-09-2024 23:45:57,S08,20240905
S08/20240905/00034,3,P100198,3,156.66,SALE,05-09-2024 23:45:57,S08,20240905
S08/20240905/00034,4,P101789,1,391.48,SALE,05-09-2024 23:45:57,S08,20240905
S08/20240905/00034,5,TAX,1,78.80,TAX,05-09-2024 23:45:57,S08,20240905
S08/20240905/00034,6,TENDER,1,1138.77,TENDER,05-09-2024 23:45:57,S08,20240905
S08/20240905/00035,1,P108041,4,368.87,SALE,05-09-2024 13:31:42,S08,20240905
S08/20240905/00035,2,P104194,1,119.04,SALE,05-09-2024 13:31:42,S08,20240905
S08/20240905/00035,3,P107843,2,486.47,SALE,05-09-2024 13:31:42,S08,20240905
S08/20240905/00035,4,P108206,4,81.62,SALE,05-09-2024 13:31:42,S08,20240905
S08/20240905/00035,5,P107581,1,287.09,SALE,05-09-2024 13:31:42,S08,20240905
S08/20240905/00035,6,P105878,2,282.51,SALE,05-09-2024 13:31:42,S08,20240905
S08/20240905/00035,7,P101578,3,39.77,SALE,05-09-2024 13:31:42,S08,20240905
S08/20240905/00035,8,TAX,1,442.28,TAX,05-09-2024 13:31:42,S08,20240905
S08/20240905/00035,9,TENDER,1,4307.64,TENDER,05-09-2024 13:31:42,S08,20240905
S08/20240905/00036,1,P104902,3,470.00,SALE,05-09-2024 17:15:15,S08,20240905
S08/20240905/00036,2,P103283,1,166.64,SALE,05-09-2024 17:15:15,S08,20240905
S08/20240905/00036,3,P106367,3,650.25,SALE,05-09-2024 17:15:15,S08,20240905
S08/20240905/00036,4,P103309,3,59.57,SALE,05-09-2024 17:15:15,S08,20240905
S08/20240905/00036,5,TAX,1,368.61,TAX,05-09-2024 17:15:15,S08,20240905
S08/20240905/00036,6,TENDER,1,4074.71,TENDER,05-09-2024 17:15:15,S08,20240905
S08/20240906/00001,1,P101859,1,66.16,SALE,06-09-2024 08:10:46,S08,20240906
S08/20240906/00001,2,P103259,2,298.27,SALE,06-09-2024 08:10:46,S08,20240906
S08/20240906/00001,3,P101802,1,40.81,SALE,06-09-2024 08:10:46,S08,20240906
S08/20240906/00001,4,TAX,1,9.98,TAX,06-09-2024 08:10:46,S08,20240906
S08/20240906/00001,5,TENDER,1,713.49,TENDER,06-09-2024 08:10:46,S08,20240906
S08/20240906/00002,1,P102067,2,181.50,SALE,06-09-2024 23:09:30,S08,20240906
S08/20240906/00002,2,P104700,3,1425.82,SALE,06-09-2024 23:09:30,S08,20240906
S08/20240906/00002,3,P107231,1,1193.22,SALE,06-09-2024 23:09:30,S08,20240906
S08/20240906/00002,4,TAX,1,18.15,TAX,06-09-2024 23:09:30,S08,20240906
S08/20240906/00002,5,TENDER,1,5851.83,TENDER,06-09-2024 23:09:30,S08,20240906
S08/20240906/00003,1,P106080,5,361.06,SALE,06-09-2024 10:39:39,S08,20240906
S08/20240906/00003,2,TAX,1,216.64,TAX,06-09-2024 10:39:39,S08,20240906
S08/20240906/00003,3,TENDER,1,2021.94,TENDER,06-09-2024 10:39:39,S08,20240906
S08/20240906/00004,1,P102569,2,116.37,SALE,06-09-2024 17:58:13,S08,20240906
S08/20240906/00004,2,P105009,2,65.38,SALE,06-09-2024 17:58:13,S08,20240906
S08/20240906/00004,3,P106745,1,621.98,SALE,06-09-2024 17:58:13,S08,20240906
S08/20240906/00004,4,P100511,4,442.66,SALE,06-09-2024 17:58:13,S08,20240906
S08/20240906/00004,5,P104606,1,90.58,SALE,06-09-2024 17:58:13,S08,20240906
S08/20240906/00004,6,P102534,3,90.27,SALE,06-09-2024 17:58:13,S08,20240906
S08/20240906/00004,7,TAX,1,435.51,TAX,06-09-2024 17:58:13,S08,20240906
S08/20240906/00004,8,TENDER,1,3553.02,TENDER,06-09-2024 17:58:13,S08,20240906
S08/20240906/00005,1,P105003,-2,285.67,RETURN,06-09-2024 18:49:11,S08,20240906
S08/20240906/00005,2,P106885,-3,132.48,RETURN,06-09-2024 18:49:11,S08,20240906
S08/20240906/00005,3,P105589,-4,90.25,RETURN,06-09-2024 18:49:11,S08,20240906
S08/20240906/00005,4,P101454,-1,134.66,RETURN,06-09-2024 18:49:11,S08,20240906
S08/20240906/00005,5,P108001,-1,96.97,RETURN,06-09-2024 18:49:11,S08,20240906
S08/20240906/00005,6,P103704,-1,172.20,RETURN,06-09-2024 18:49:11,S08,20240906
S08/20240906/00005,7,P102324,-1,194.59,RETURN,06-09-2024 18:49:11,S08,20240906
S08/20240906/00005,8,TAX,1,-296.25,TAX,06-09-2024 18:49:11,S08,20240906
S08/20240906/00005,9,TENDER,1,-2224.45,TENDER,06-09-2024 18:49:11,S08,20240906
S08/20240906/00006,1,P104938,2,999.94,SALE,06-09-2024 14:18:42,S08,20240906
S08/20240906/00006,2,P104891,1,757.22,SALE,06-09-2024 14:18:42,S08,20240906
S08/20240906/00006,3,TAX,1,330.85,TAX,06-09-2024 14:18:42,S08,20240906
S08/20240906/00006,4,TENDER,1,3087.95,TENDER,06-09-2024 14:18:42,S08,20240906
S08/20240906/00007,1,P103197,-1,330.65,RETURN,06-09-2024 10:02:30,S08,20240906
S08/20240906/00007,2,P104058,-1,351.54,RETURN,06-09-2024 10:02:30,S08,20240906
S08/20240906/00007,3,P101101,-2,74.25,RETURN,06-09-2024 10:02:30,S08,20240906
S08/20240906/00007,4,P103816,-2,209.63,RETURN,06-09-2024 10:02:30,S08,20240906
S08/20240906/00007,5,P105323,-2,73.95,RETURN,06-09-2024 10:02:30,S08,20240906
S08/20240906/00007,6,P101904,-1,634.24,RETURN,06-09-2024 10:02:30,S08,20240906
S08/20240906/00007,7,TAX,1,-317.80,TAX,06-09-2024 10:02:30,S08,20240906
S08/20240906/00007,8,TENDER,1,-2349.89,TENDER,06-09-2024 10:02:30,S08,20240906
S08/20240906/00008,1,P106751,3,132.55,SALE,06-09-2024 18:32:50,S08,20240906
S08/20240906/00008,2,P105433,4,144.32,SALE,06-09-2024 18:32:50,S08,20240906
S08/20240906/00008,3,P107759,1,257.69,SALE,06-09-2024 18:32:50,S08,20240906
S08/20240906/00008,4,P105003,2,285.67,SALE,06-09-2024 18:32:50,S08,20240906
S08/20240906/00008,5,P104011,1,657.72,SALE,06-09-2024 18:32:50,S08,20240906
S08/20240906/00008,6,DISC,1,-85.12,DISCOUNT,06-09-2024 18:32:50,S08,20240906
S08/20240906/00008,7,TAX,1,250.55,TAX,06-09-2024 18:32:50,S08,20240906
S08/20240906/00008,8,TENDER,1,2627.11,TENDER,06-09-2024 18:32:50,S08,20240906
S08/20240906/00009,1,P101925,1,181.41,SALE,06-09-2024 15:40:34,S08,20240906
S08/20240906/00009,2,P100703,1,171.10,SALE,06-09-2024 15:40:34,S08,20240906
S08/20240906/00009,3,P103484,1,109.59,SALE,06-09-2024 15:40:34,S08,20240906
S08/20240906/00009,4,P101789,1,414.97,SALE,06-09-2024 15:40:34,S08,20240906
S08/20240906/00009,5,P100754,2,91.60,SALE,06-09-2024 15:40:34,S08,20240906
S08/20240906/00009,6,TAX,1,102.82,TAX,06-09-2024 15:40:34,S08,20240906
S08/20240906/00009,7,TENDER,1,1163.09,TENDER,06-09-2024 15:40:34,S08,20240906
S08/20240906/00010,1,P105868,2,68.91,SALE,06-09-2024 13:11:32,S08,20240906
S08/20240906/00010,2,P108174,2,235.92,SALE,06-09-2024 13:11:32,S08,20240906
S08/20240906/00010,3,P107966,2,372.12,SALE,06-09-2024 13:11:32,S08,20240906
S08/20240906/00010,4,P101982,2,366.95,SALE,06-09-2024 13:11:32,S08,20240906
S08/20240906/00010,5,P100571,3,134.98,SALE,06-09-2024 13:11:32,S08,20240906
S08/20240906/00010,6,P102045,4,22.11,SALE,06-09-2024 13:11:32,S08,20240906
S08/20240906/00010,7,P101961,1,767.84,SALE,06-09-2024 13:11:32,S08,20240906
S08/20240906/00010,8,P101690,1,1044.81,SALE,06-09-2024 13:11:32,S08,20240906
S08/20240906/00010,9,TAX,1,441.85,TAX,06-09-2024 13:11:32,S08,20240906
S08/20240906/00010,10,TENDER,1,4835.68,TENDER,06-09-2024 13:11:32,S08,20240906
S08/20240906/00011,1,P100394,4,320.36,SALE,06-09-2024 16:47:24,S08,20240906
S08/20240906/00011,2,P104401,5,207.51,SALE,06-09-2024 16:47:24,S08,20240906
S08/20240906/00011,3,P101076,2,606.89,SALE,06-09-2024 16:47:24,S08,20240906
S08/20240906/00011,4,P102346,1,89.47,SALE,06-09-2024 16:47:24,S08,20240906
S08/20240906/00011,5,P103922,1,51.00,SALE,06-09-2024 16:47:24,S08,20240906
S08/20240906/00011,6,P104867,3,190.50,SALE,06-09-2024 16:47:24,S08,20240906
S08/20240906/00011,7,P105479,4,237.28,SALE,06-09-2024 16:47:24,S08,20240906
S08/20240906/00011,8,P102788,3,920.26,SALE,06-09-2024 16:47:24,S08,20240906
S08/20240906/00011,9,P100239,1,355.87,SALE,06-09-2024 16:47:24,S08,20240906
S08/20240906/00011,10,P101802,2,40.81,SALE,06-09-2024 16:47:24,S08,20240906
S08/20240906/00011,11,TAX,1,686.18,TAX,06-09-2024 16:47:24,S08,20240906
S08/20240906/00011,12,TENDER,1,9078.31,TENDER,06-09-2024 16:47:24,S08,20240906
S08/20240906/00012,1,P105594,5,321.63,SALE,06-09-2024 14:40:39,S08,20240906
S08/20240906/00012,2,P106522,4,203.79,SALE,06-09-2024 14:40:39,S08,20240906
S08/20240906/00012,3,P103757,2,159.40,SALE,06-09-2024 14:40:39,S08,20240906
S08/20240906/00012,4,P105092,2,57.00,SALE,06-09-2024 14:40:39,S08,20240906
S08/20240906/00012,5,P106434,5,178.02,SALE,06-09-2024 14:40:39,S08,20240906
S08/20240906/00012,6,P100781,5,611.95,SALE,06-09-2024 14:40:39,S08,20240906
S08/20240906/00012,7,TAX,1,927.76,TAX,06-09-2024 14:40:39,S08,20240906
S08/20240906/00012,8,TENDER,1,7733.72,TENDER,06-09-2024 14:40:39,S08,20240906
S08/20240906/00013,1,P101697,2,102.34,SALE,06-09-2024 13:12:06,S08,20240906
S08/20240906/00013,2,P107681,4,193.13,SALE,06-09-2024 13:12:06,S08,20240906
S08/20240906/00013,3,TAX,1,139.05,TAX,06-09-2024 13:12:06,S08,20240906
S08/20240906/00013,4,TENDER,1,1116.25,TENDER,06-09-2024 13:12:06,S08,20240906
S08/20240906/00014,1,P101101,1,74.25,SALE,06-09-2024 09:14:03,S08,20240906
S08/20240906/00014,2,P105594,2,321.63,SALE,06-09-2024 09:14:03,S08,20240906
S08/20240906/00014,3,P101298,1,224.87,SALE,06-09-2024 09:14:03,S08,20240906
S08/20240906/00014,4,P104320,1,159.74,SALE,06-09-2024 09:14:03,S08,20240906
S08/20240906/00014,5,P104820,3,207.26,SALE,06-09-2024 09:14:03,S08,20240906
S08/20240906/00014,6,P103504,2,361.87,SALE,06-09-2024 09:14:03,S08,20240906
S08/20240906/00014,7,TAX,1,311.85,TAX,06-09-2024 09:14:03,S08,20240906
S08/20240906/00014,8,TENDER,1,2759.49,TENDER,06-09-2024 09:14:03,S08,20240906
S08/20240906/00015,1,P104427,3,462.16,SALE,06-09-2024 16:23:08,S08,20240906
S08/20240906/00015,2,P108227,3,551.58,SALE,06-09-2024 16:23:08,S08,20240906
S08/20240906/00015,3,P106244,3,73.94,SALE,06-09-2024 16:23:08,S08,20240906
S08/20240906/00015,4,P107346,1,449.29,SALE,06-09-2024 16:23:08,S08,20240906
S08/20240906/00015,5,P102236,2,928.51,SALE,06-09-2024 16:23:08,S08,20240906
S08/20240906/00015,6,P107973,1,271.93,SALE,06-09-2024 16:23:08,S08,20240906
S08/20240906/00015,7,P101592,2,295.58,SALE,06-09-2024 16:23:08,S08,20240906
S08/20240906/00015,8,TAX,1,511.51,TAX,06-09-2024 16:23:08,S08,20240906
S08/20240906/00015,9,TENDER,1,6943.95,TENDER,06-09-2024 16:23:08,S08,20240906
S08/20240906/00016,1,P108067,1,640.50,SALE,06-09-2024 17:35:20,S08,20240906
S08/20240906/00016,2,P100499,1,258.12,SALE,06-09-2024 17:35:20,S08,20240906
S08/20240906/00016,3,P104628,4,196.55,SALE,06-09-2024 17:35:20,S08,20240906
S08/20240906/00016,4,P106765,1,270.40,SALE,06-09-2024 17:35:20,S08,20240906
S08/20240906/00016,5,P102465,1,1410.14,SALE,06-09-2024 17:35:20,S08,20240906
S08/20240906/00016,6,P106553,1,139.74,SALE,06-09-2024 17:35:20,S08,20240906
S08/20240906/00016,7,P105119,3,100.30,SALE,06-09-2024 17:35:20,S08,20240906
S08/20240906/00016,8,P101177,1,153.94,SALE,06-09-2024 17:35:20,S08,20240906
S08/20240906/00016,9,DISC,1,-372.49,DISCOUNT,06-09-2024 17:35:20,S08,20240906
S08/20240906/00016,10,TAX,1,343.06,TAX,06-09-2024 17:35:20,S08,20240906
S08/20240906/00016,11,TENDER,1,3930.51,TENDER,06-09-2024 17:35:20,S08,20240906
S08/20240906/00017,1,P106027,2,1505.86,SALE,06-09-2024 17:04:35,S08,20240906
S08/20240906/00017,2,P106669,2,102.72,SALE,06-09-2024 17:04:35,S08,20240906
S08/20240906/00017,3,P108319,1,253.21,SALE,06-09-2024 17:04:35,S08,20240906
S08/20240906/00017,4,P104676,1,81.62,SALE,06-09-2024 17:04:35,S08,20240906
S08/20240906/00017,5,TAX,1,37.62,TAX,06-09-2024 17:04:35,S08,20240906
S08/20240906/00017,6,TENDER,1,3589.61,TENDER,06-09-2024 17:04:35,S08,20240906
S08/20240906/00018,1,P107432,3,45.60,SALE,06-09-2024 14:18:02,S08,20240906
S08/20240906/00018,2,P103452,1,1033.70,SALE,06-09-2024 14:18:02,S08,20240906
S08/20240906/00018,3,P106833,3,446.47,SALE,06-09-2024 14:18:02,S08,20240906
S08/20240906/00018,4,P107884,1,29.77,SALE,06-09-2024 14:18:02,S08,20240906
S08/20240906/00018,5,TAX,1,304.98,TAX,06-09-2024 14:18:02,S08,20240906
S08/20240906/00018,6,TENDER,1,2844.66,TENDER,06-09-2024 14:18:02,S08,20240906
S08/20240906/00019,1,P102219,1,726.06,SALE,06-09-2024 18:05:30,S08,20240906
S08/20240906/00019,2,P108300,3,291.42,SALE,06-09-2024 18:05:30,S08,20240906
S08/20240906/00019,3,P105819,3,66.64,SALE,06-09-2024 18:05:30,S08,20240906
S08/20240906/00019,4,P101851,2,1750.29,SALE,06-09-2024 18:05:30,S08,20240906
S08/20240906/00019,5,P100991,2,173.46,SALE,06-09-2024 18:05:30,S08,20240906
S08/20240906/00019,6,P103316,3,1774.02,SALE,06-09-2024 18:05:30,S08,20240906
S08/20240906/00019,7,TAX,1,885.65,TAX,06-09-2024 18:05:30,S08,20240906
S08/20240906/00019,8,TENDER,1,11855.45,TENDER,06-09-2024 18:05:30,S08,20240906
S08/20240906/00020,1,P100959,1,280.97,SALE,06-09-2024 15:02:55,S08,20240906
S08/20240906/00020,2,P107028,2,56.60,SALE,06-09-2024 15:02:55,S08,20240906
S08/20240906/00020,3,P107119,2,16.65,SALE,06-09-2024 15:02:55,S08,20240906
S08/20240906/00020,4,P100717,2,535.58,SALE,06-09-2024 15:02:55,S08,20240906
S08/20240906/00020,5,TAX,1,269.75,TAX,06-09-2024 15:02:55,S08,20240906
S08/20240906/00020,6,TENDER,1,1768.38,TENDER,06-09-2024 15:02:55,S08,20240906
S08/20240906/00021,1,P104160,3,258.87,SALE,06-09-2024 12:52:58,S08,20240906
S08/20240906/00021,2,P100784,1,319.36,SALE,06-09-2024 12:52:58,S08,20240906
S08/20240906/00021,3,P104628,3,196.55,SALE,06-09-2024 12:52:58,S08,20240906
S08/20240906/00021,4,P102648,2,397.04,SALE,06-09-2024 12:52:58,S08,20240906
S08/20240906/00021,5,P103124,2,489.23,SALE,06-09-2024 12:52:58,S08,20240906
S08/20240906/00021,6,P106891,2,642.78,SALE,06-09-2024 12:52:58,S08,20240906
S08/20240906/00021,7,P103843,3,660.15,SALE,06-09-2024 12:52:58,S08,20240906
S08/20240906/00021,8,TAX,1,884.28,TAX,06-09-2024 12:52:58,S08,20240906
S08/20240906/00021,9,TENDER,1,7608.45,TENDER,06-09-2024 12:52:58,S08,20240906
S08/20240906/00022,1,P102151,2,1117.25,SALE,06-09-2024 15:06:03,S08,20240906
S08/20240906/00022,2,P106200,3,117.95,SALE,06-09-2024 15:06:03,S08,20240906
S08/20240906/00022,3,P105835,4,238.39,SALE,06-09-2024 15:06:03,S08,20240906
S08/20240906/00022,4,TAX,1,201.87,TAX,06-09-2024 15:06:03,S08,20240906
S08/20240906/00022,5,TENDER,1,3743.78,TENDER,06-09-2024 15:06:03,S08,20240906
S08/20240906/00023,1,P107414,1,565.57,SALE,06-09-2024 17:46:56,S08,20240906
S08/20240906/00023,2,P104011,2,657.72,SALE,06-09-2024 17:46:56,S08,20240906
S08/20240906/00023,3,P100260,1,1120.33,SALE,06-09-2024 17:46:56,S08,20240906
S08/20240906/00023,4,P107385,4,811.35,SALE,06-09-2024 17:46:56,S08,20240906
S08/20240906/00023,5,TAX,1,256.32,TAX,06-09-2024 17:46:56,S08,20240906
S08/20240906/00023,6,TENDER,1,6503.06,TENDER,06-09-2024 17:46:56,S08,20240906
S08/20240906/00024,1,P105897,4,249.03,SALE,06-09-2024 16:06:20,S08,20240906
S08/20240906/00024,2,P106958,1,124.03,SALE,06-09-2024 16:06:20,S08,20240906
S08/20240906/00024,3,P105268,4,255.65,SALE,06-09-2024 16:06:20,S08,20240906
S08/20240906/00024,4,P100781,4,611.95,SALE,06-09-2024 16:06:20,S08,20240906
S08/20240906/00024,5,TAX,1,766.53,TAX,06-09-2024 16:06:20,S08,20240906
S08/20240906/00024,6,TENDER,1,5357.08,TENDER,06-09-2024 16:06:20,S08,20240906
S08/20240906/00025,1,P103202,2,295.26,SALE,06-09-2024 17:05:42,S08,20240906
S08/20240906/00025,2,P108131,3,619.79,SALE,06-09-2024 17:05:42,S08,20240906
S08/20240906/00025,3,DISC,1,-227.68,DISCOUNT,06-09-2024 17:05:42,S08,20240906
S08/20240906/00025,4,TAX,1,148.61,TAX,06-09-2024 17:05:42,S08,20240906
S08/20240906/00025,5,TENDER,1,2370.82,TENDER,06-09-2024 17:05:42,S08,20240906
S08/20240906/00026,1,P102122,4,142.20,SALE,06-09-2024 18:26:59,S08,20240906
S08/20240906/00026,2,P106584,1,247.63,SALE,06-09-2024 18:26:59,S08,20240906
S08/20240906/00026,3,P103680,2,210.26,SALE,06-09-2024 18:26:59,S08,20240906
S08/20240906/00026,4,P103727,1,116.88,SALE,06-09-2024 18:26:59,S08,20240906
S08/20240906/00026,5,P105575,1,513.17,SALE,06-09-2024 18:26:59,S08,20240906
S08/20240906/00026,6,P100494,4,67.32,SALE,06-09-2024 18:26:59,S08,20240906
S08/20240906/00026,7,TAX,1,190.54,TAX,06-09-2024 18:26:59,S08,20240906
S08/20240906/00026,8,TENDER,1,2326.82,TENDER,06-09-2024 18:26:59,S08,20240906
S08/20240906/00027,1,P100131,2,667.83,SALE,06-09-2024 17:52:56,S08,20240906
S08/20240906/00027,2,P106534,1,96.00,SALE,06-09-2024 17:52:56,S08,20240906
S08/20240906/00027,3,TAX,1,177.56,TAX,06-09-2024 17:52:56,S08,20240906
S08/20240906/00027,4,TENDER,1,1609.22,TENDER,06-09-2024 17:52:56,S08,20240906
S08/20240906/00028,1,P104361,1,1389.73,SALE,06-09-2024 11:11:52,S08,20240906
S08/20240906/00028,2,P103281,1,163.32,SALE,06-09-2024 11:11:52,S08,20240906
S08/20240906/00028,3,P103654,1,481.76,SALE,06-09-2024 11:11:52,S08,20240906
S08/20240906/00028,4,P101321,1,24.76,SALE,06-09-2024 11:11:52,S08,20240906
S08/20240906/00028,5,P105119,2,100.30,SALE,06-09-2024 11:11:52,S08,20240906
S08/20240906/00028,6,TAX,1,260.82,TAX,06-09-2024 11:11:52,S08,20240906
S08/20240906/00028,7,TENDER,1,2520.99,TENDER,06-09-2024 11:11:52,S08,20240906
S08/20240907/00001,1,P102021,2,90.22,SALE,07-09-2024 16:53:44,S08,20240907
S08/20240907/00001,2,P102060,1,165.83,SALE,07-09-2024 16:53:44,S08,20240907
S08/20240907/00001,3,P100479,2,342.92,SALE,07-09-2024 16:53:44,S08,20240907
S08/20240907/00001,4,P101982,2,366.95,SALE,07-09-2024 16:53:44,S08,20240907
S08/20240907/00001,5,TAX,1,236.06,TAX,07-09-2024 16:53:44,S08,20240907
S08/20240907/00001,6,TENDER,1,2002.07,TENDER,07-09-2024 16:53:44,S08,20240907
S08/20240907/00002,1,P103766,3,213.25,SALE,07-09-2024 14:48:48,S08,20240907
S08/20240907/00002,2,P104747,1,342.93,SALE,07-09-2024 14:48:48,S08,20240907
S08/20240907/00002,3,P101982,2,366.95,SALE,07-09-2024 14:48:48,S08,20240907
S08/20240907/00002,4,P101603,4,911.37,SALE,07-09-2024 14:48:48,S08,20240907
S08/20240907/00002,5,P105209,2,399.92,SALE,07-09-2024 14:48:48,S08,20240907
S08/20240907/00002,6,P102788,3,920.26,SALE,07-09-2024 14:48:48,S08,20240907
S08/20240907/00002,7,TAX,1,924.71,TAX,07-09-2024 14:48:48,S08,20240907
S08/20240907/00002,8,TENDER,1,9847.39,TENDER,07-09-2024 14:48:48,S08,20240907
S08/20240907/00003,1,P107826,2,117.63,SALE,07-09-2024 15:49:45,S08,20240907
S08/20240907/00003,2,P102738,3,236.55,SALE,07-09-2024 15:49:45,S08,20240907
S08/20240907/00003,3,P105583,2,179.43,SALE,07-09-2024 15:49:45,S08,20240907
S08/20240907/00003,4,TAX,1,177.98,TAX,07-09-2024 15:49:45,S08,20240907
S08/20240907/00003,5,TENDER,1,1481.75,TENDER,07-09-2024 15:49:45,S08,20240907
S08/20240907/00004,1,P100911,2,71.10,SALE,07-09-2024 13:14:17,S08,20240907
S08/20240907/00004,2,P102913,2,375.37,SALE,07-09-2024 13:14:17,S08,20240907
S08/20240907/00004,3,P102207,3,342.36,SALE,07-09-2024 13:14:17,S08,20240907
S08/20240907/00004,4,TAX,1,220.45,TAX,07-09-2024 13:14:17,S08,20240907
S08/20240907/00004,5,TENDER,1,2140.47,TENDER,07-09-2024 13:14:17,S08,20240907
S08/20240907/00005,1,P106885,2,132.48,SALE,07-09-2024 21:29:56,S08,20240907
S08/20240907/00005,2,P102671,2,252.00,SALE,07-09-2024 21:29:56,S08,20240907
S08/20240907/00005,3,P104351,2,1128.29,SALE,07-09-2024 21:29:56,S08,20240907
S08/20240907/00005,4,P104175,1,814.13,SALE,07-09-2024 21:29:56,S08,20240907
S08/20240907/00005,5,P105882,1,222.02,SALE,07-09-2024 21:29:56,S08,20240907
S08/20240907/00005,6,P105280,1,220.35,SALE,07-09-2024 21:29:56,S08,20240907
S08/20240907/00005,7,TAX,1,302.22,TAX,07-09-2024 21:29:56,S08,20240907
S08/20240907/00005,8,TENDER,1,4584.26,TENDER,07-09-2024 21:29:56,S08,20240907
S08/20240907/00006,1,P103904,3,1081.09,SALE,07-09-2024 15:20:44,S08,20240907
S08/20240907/00006,2,P104435,1,435.11,SALE,07-09-2024 15:20:44,S08,20240907
S08/20240907/00006,3,P104756,2,373.50,SALE,07-09-2024 15:20:44,S08,20240907
S08/20240907/00006,4,P106373,4,48.45,SALE,07-09-2024 15:20:44,S08,20240907
S08/20240907/00006,5,P105413,3,168.78,SALE,07-09-2024 15:20:44,S08,20240907
S08/20240907/00006,6,P101201,2,45.00,SALE,07-09-2024 15:20:44,S08,20240907
S08/20240907/00006,7,P100135,2,63.52,SALE,07-09-2024 15:20:44,S08,20240907
S08/20240907/00006,8,P101101,1,74.25,SALE,07-09-2024 15:20:44,S08,20240907
S08/20240907/00006,9,P106927,2,140.95,SALE,07-09-2024 15:20:44,S08,20240907
S08/20240907/00006,10,TAX,1,408.32,TAX,07-09-2024 15:20:44,S08,20240907
S08/20240907/00006,11,TENDER,1,6107.03,TENDER,07-09-2024 15:20:44,S08,20240907
S08/20240907/00007,1,P108397,3,286.03,SALE,07-09-2024 20:03:14,S08,20240907
S08/20240907/00007,2,P106158,2,564.54,SALE,07-09-2024 20:03:14,S08,20240907
S08/20240907/00007,3,P103155,1,270.20,SALE,07-09-2024 20:03:14,S08,20240907
S08/20240907/00007,4,P105433,1,144.32,SALE,07-09-2024 20:03:14,S08,20240907
S08/20240907/00007,5,P108292,4,104.02,SALE,07-09-2024 20:03:14,S08,20240907
S08/20240907/00007,6,DISC,1,-160.14,DISCOUNT,07-09-2024 20:03:14,S08,20240907
S08/20240907/00007,7,TAX,1,220.74,TAX,07-09-2024 20:03:14,S08,20240907
S08/20240907/00007,8,TENDER,1,2878.37,TENDER,07-09-2024 20:03:14,S08,20240907
S08/20240907/00008,1,P102975,1,226.32,SALE,07-09-2024 14:37:21,S08,20240907
S08/20240907/00008,2,P102035,2,454.43,SALE,07-09-2024 14:37:21,S08,20240907
S08/20240907/00008,3,P100438,3,66.55,SALE,07-09-2024 14:37:21,S08,20240907
S08/20240907/00008,4,P108313,3,373.23,SALE,07-09-2024 14:37:21,S08,20240907
S08/20240907/00008,5,P100840,1,248.08,SALE,07-09-2024 14:37:21,S08,20240907
S08/20240907/00008,6,P101184,2,64.09,SALE,07-09-2024 14:37:21,S08,20240907
S08/20240907/00008,7,DISC,1,-112.65,DISCOUNT,07-09-2024 14:37:21,S08,20240907
S08/20240907/00008,8,TAX,1,279.00,TAX,07-09-2024 14:37:21,S08,20240907
S08/20240907/00008,9,TENDER,1,2997.13,TENDER,07-09-2024 14:37:21,S08,20240907
S08/20240907/00009,1,P101083,3,343.85,SALE,07-09-2024 17:38:31,S08,20240907
S08/20240907/00009,2,P101842,3,210.53,SALE,07-09-2024 17:38:31,S08,20240907
S08/20240907/00009,3,P104637,2,342.12,SALE,07-09-2024 17:38:31,S08,20240907
S08/20240907/00009,4,DISC,1,-208.67,DISCOUNT,07-09-2024 17:38:31,S08,20240907
S08/20240907/00009,5,TAX,1,272.76,TAX,07-09-2024 17:38:31,S08,20240907
S08/20240907/00009,6,TENDER,1,2411.47,TENDER,07-09-2024 17:38:31,S08,20240907
S08/20240907/00010,1,P101564,4,172.72,SALE,07-09-2024 17:41:08,S08,20240907
S08/20240907/00010,2,P105356,1,232.26,SALE,07-09-2024 17:41:08,S08,20240907
S08/20240907/00010,3,P103022,2,47.95,SALE,07-09-2024 17:41:08,S08,20240907
S08/20240907/00010,4,TAX,1,147.48,TAX,07-09-2024 17:41:08,S08,20240907
S08/20240907/00010,5,TENDER,1,1166.52,TENDER,07-09-2024 17:41:08,S08,20240907
S08/20240907/00011,1,P105765,3,495.29,SALE,07-09-2024 20:06:04,S08,20240907
S08/20240907/00011,2,P100754,2,91.60,SALE,07-09-2024 20:06:04,S08,20240907
S08/20240907/00011,3,P104401,1,207.51,SALE,07-09-2024 20:06:04,S08,20240907
S08/20240907/00011,4,P103074,2,52.85,SALE,07-09-2024 20:06:04,S08,20240907
S08/20240907/00011,5,P106624,1,103.58,SALE,07-09-2024 20:06:04,S08,20240907
S08/20240907/00011,6,DISC,1,-158.83,DISCOUNT,07-09-2024 20:06:04,S08,20240907
S08/20240907/00011,7,TAX,1,296.14,TAX,07-09-2024 20:06:04,S08,20240907
S08/20240907/00011,8,TENDER,1,2223.17,TENDER,07-09-2024 20:06:04,S08,20240907
S08/20240907/00012,1,P100026,1,304.63,SALE,07-09-2024 17:32:23,S08,20240907
S08/20240907/00012,2,P101933,1,1344.63,SALE,07-09-2024 17:32:23,S08,20240907
S08/20240907/00012,3,TAX,1,176.59,TAX,07-09-2024 17:32:23,S08,20240907
S08/20240907/00012,4,TENDER,1,1825.85,TENDER,07-09-2024 17:32:23,S08,20240907
S08/20240907/00013,1,P106143,2,60.82,SALE,07-09-2024 16:22:29,S08,20240907
S08/20240907/00013,2,P101374,2,49.36,SALE,07-09-2024 16:22:29,S08,20240907
S08/20240907/00013,3,P107826,4,117.63,SALE,07-09-2024 16:22:29,S08,20240907
S08/20240907/00013,4,P103040,2,410.59,SALE,07-09-2024 16:22:29,S08,20240907
S08/20240907/00013,5,P104478,2,18.27,SALE,07-09-2024 16:22:29,S08,20240907
S08/20240907/00013,6,TAX,1,250.52,TAX,07-09-2024 16:22:29,S08,20240907
S08/20240907/00013,7,TENDER,1,1799.12,TENDER,07-09-2024 16:22:29,S08,20240907
S08/20240907/00014,1,P105772,3,539.31,SALE,07-09-2024 09:13:25,S08,20240907
S08/20240907/00014,2,P105198,3,15.39,SALE,07-09-2024 09:13:25,S08,20240907
S08/20240907/00014,3,P107933,3,1146.02,SALE,07-09-2024 09:13:25,S08,20240907
S08/20240907/00014,4,P102674,1,496.43,SALE,07-09-2024 09:13:25,S08,20240907
S08/20240907/00014,5,P102794,2,416.24,SALE,07-09-2024 09:13:25,S08,20240907
S08/20240907/00014,6,P101648,1,334.22,SALE,07-09-2024 09:13:25,S08,20240907
S08/20240907/00014,7,P102922,1,120.15,SALE,07-09-2024 09:13:25,S08,20240907
S08/20240907/00014,8,TAX,1,837.03,TAX,07-09-2024 09:13:25,S08,20240907
S08/20240907/00014,9,TENDER,1,7722.47,TENDER,07-09-2024 09:13:25,S08,20240907
S08/20240907/00015,1,P103004,6,82.09,SALE,07-09-2024 14:05:03,S08,20240907
S08/20240907/00015,2,P102219,1,726.06,SALE,07-09-2024 14:05:03,S08,20240907
S08/20240907/00015,3,P100463,3,290.57,SALE,07-09-2024 14:05:03,S08,20240907
S08/20240907/00015,4,TAX,1,165.54,TAX,07-09-2024 14:05:03,S08,20240907
S08/20240907/00015,5,TENDER,1,2255.85,TENDER,07-09-2024 14:05:03,S08,20240907
S08/20240907/00016,1,P106258,1,423.67,SALE,07-09-2024 14:02:55,S08,20240907
S08/20240907/00016,2,P103994,3,148.39,SALE,07-09-2024 14:02:55,S08,20240907
S08/20240907/00016,3,TAX,1,21.18,TAX,07-09-2024 14:02:55,S08,20240907
S08/20240907/00016,4,TENDER,1,890.02,TENDER,07-09-2024 14:02:55,S08,20240907
S08/20240907/00017,1,P104858,3,331.88,SALE,07-09-2024 19:05:02,S08,20240907
S08/20240907/00017,2,P101802,3,44.15,SALE,07-09-2024 19:05:02,S08,20240907
S08/20240907/00017,3,P100221,2,139.88,SALE,07-09-2024 19:05:02,S08,20240907
S08/20240907/00017,4,P103999,1,120.61,SALE,07-09-2024 19:05:02,S08,20240907
S08/20240907/00017,5,P102566,1,414.37,SALE,07-09-2024 19:05:02,S08,20240907
S08/20240907/00017,6,TAX,1,186.42,TAX,07-09-2024 19:05:02,S08,20240907
S08/20240907/00017,7,TENDER,1,2129.25,TENDER,07-09-2024 19:05:02,S08,20240907
S08/20240907/00018,1,P105268,2,255.65,SALE,07-09-2024 16:57:35,S08,20240907
S08/20240907/00018,2,P107072,2,75.15,SALE,07-09-2024 16:57:35,S08,20240907
S08/20240907/00018,3,P105139,4,100.45,SALE,07-09-2024 16:57:35,S08,20240907
S08/20240907/00018,4,P102963,3,399.39,SALE,07-09-2024 16:57:35,S08,20240907
S08/20240907/00018,5,DISC,1,-126.81,DISCOUNT,07-09-2024 16:57:35,S08,20240907
S08/20240907/00018,6,TAX,1,335.96,TAX,07-09-2024 16:57:35,S08,20240907
S08/20240907/00018,7,TENDER,1,2470.72,TENDER,07-09-2024 16:57:35,S08,20240907
S08/20240907/00019,1,P107458,2,1239.88,SALE,07-09-2024 10:35:38,S08,20240907
S08/20240907/00019,2,P107400,3,274.90,SALE,07-09-2024 10:35:38,S08,20240907
S08/20240907/00019,3,P100974,2,41.35,SALE,07-09-2024 10:35:38,S08,20240907
S08/20240907/00019,4,P107933,1,1054.34,SALE,07-09-2024 10:35:38,S08,20240907
S08/20240907/00019,5,P100754,2,91.60,SALE,07-09-2024 10:35:38,S08,20240907
S08/20240907/00019,6,TAX,1,288.26,TAX,07-09-2024 10:35:38,S08,20240907
S08/20240907/00019,7,TENDER,1,4912.96,TENDER,07-09-2024 10:35:38,S08,20240907
S08/20240907/00020,1,P105720,1,69.64,SALE,07-09-2024 12:52:59,S08,20240907
S08/20240907/00020,2,P106282,2,448.43,SALE,07-09-2024 12:52:59,S08,20240907
S08/20240907/00020,3,P107996,2,215.44,SALE,07-09-2024 12:52:59,S08,20240907
S08/20240907/00020,4,DISC,1,-51.42,DISCOUNT,07-09-2024 12:52:59,S08,20240907
S08/20240907/00020,5,TAX,1,176.25,TAX,07-09-2024 12:52:59,S08,20240907
S08/20240907/00020,6,TENDER,1,1522.21,TENDER,07-09-2024 12:52:59,S08,20240907
S08/20240907/00021,1,P107242,1,589.95,SALE,07-09-2024 14:42:33,S08,20240907
S08/20240907/00021,2,P103682,3,372.67,SALE,07-09-2024 14:42:33,S08,20240907
S08/20240907/00021,3,P101428,1,394.08,SALE,07-09-2024 14:42:33,S08,20240907
S08/20240907/00021,4,P101813,4,273.64,SALE,07-09-2024 14:42:33,S08,20240907
S08/20240907/00021,5,P102054,2,137.00,SALE,07-09-2024 14:42:33,S08,20240907
S08/20240907/00021,6,TAX,1,315.37,TAX,07-09-2024 14:42:33,S08,20240907
S08/20240907/00021,7,TENDER,1,3785.97,TENDER,07-09-2024 14:42:33,S08,20240907
S08/20240907/00022,1,P100519,3,365.61,SALE,07-09-2024 17:14:34,S08,20240907
S08/20240907/00022,2,P106405,1,38.72,SALE,07-09-2024 17:14:34,S08,20240907
S08/20240907/00022,3,P104802,2,194.24,SALE,07-09-2024 17:14:34,S08,20240907
S08/20240907/00022,4,P101311,3,481.74,SALE,07-09-2024 17:14:34,S08,20240907
S08/20240907/00022,5,P101732,4,1390.76,SALE,07-09-2024 17:14:34,S08,20240907
S08/20240907/00022,6,P107960,3,1047.81,SALE,07-09-2024 17:14:34,S08,20240907
S08/20240907/00022,7,TAX,1,1325.55,TAX,07-09-2024 17:14:34,S08,20240907
S08/20240907/00022,8,TENDER,1,13001.27,TENDER,07-09-2024 17:14:34,S08,20240907
S08/20240907/00023,1,P100380,1,136.58,SALE,07-09-2024 14:17:20,S08,20240907
S08/20240907/00023,2,P108082,2,236.40,SALE,07-09-2024 14:17:20,S08,20240907
S08/20240907/00023,3,P104975,2,496.12,SALE,07-09-2024 14:17:20,S08,20240907
S08/20240907/00023,4,P102648,2,397.04,SALE,07-09-2024 14:17:20,S08,20240907
S08/20240907/00023,5,P104435,1,435.11,SALE,07-09-2024 14:17:20,S08,20240907
S08/20240907/00023,6,DISC,1,-115.09,DISCOUNT,07-09-2024 14:17:20,S08,20240907
S08/20240907/00023,7,TAX,1,284.58,TAX,07-09-2024 14:17:20,S08,20240907
S08/20240907/00023,8,TENDER,1,3000.30,TENDER,07-09-2024 14:17:20,S08,20240907
S08/20240907/00024,1,P106989,3,26.75,SALE,07-09-2024 15:30:18,S08,20240907
S08/20240907/00024,2,P102998,2,145.74,SALE,07-09-2024 15:30:18,S08,20240907
S08/20240907/00024,3,P107072,2,75.15,SALE,07-09-2024 15:30:18,S08,20240907
S08/20240907/00024,4,P103600,1,107.84,SALE,07-09-2024 15:30:18,S08,20240907
S08/20240907/00024,5,P103538,3,265.96,SALE,07-09-2024 15:30:18,S08,20240907
S08/20240907/00024,6,P103637,1,338.13,SALE,07-09-2024 15:30:18,S08,20240907
S08/20240907/00024,7,TAX,1,173.06,TAX,07-09-2024 15:30:18,S08,20240907
S08/20240907/00024,8,TENDER,1,1938.94,TENDER,07-09-2024 15:30:18,S08,20240907
S08/20240907/00025,1,P103484,4,109.59,SALE,07-09-2024 17:49:02,S08,20240907
S08/20240907/00025,2,P100864,2,193.24,SALE,07-09-2024 17:49:02,S08,20240907
S08/20240907/00025,3,P101134,2,1071.76,SALE,07-09-2024 17:49:02,S08,20240907
S08/20240907/00025,4,TAX,1,148.47,TAX,07-09-2024 17:49:02,S08,20240907
S08/20240907/00025,5,TENDER,1,3116.83,TENDER,07-09-2024 17:49:02,S08,20240907
S08/20240907/00026,1,P100543,1,123.06,SALE,07-09-2024 17:26:13,S08,20240907
S08/20240907/00026,2,P106757,5,379.84,SALE,07-09-2024 17:26:13,S08,20240907
S08/20240907/00026,3,P108017,1,105.98,SALE,07-09-2024 17:26:13,S08,20240907
S08/20240907/00026,4,DISC,1,-101.09,DISCOUNT,07-09-2024 17:26:13,S08,20240907
S08/20240907/00026,5,TAX,1,90.45,TAX,07-09-2024 17:26:13,S08,20240907
S08/20240907/00026,6,TENDER,1,2117.60,TENDER,07-09-2024 17:26:13,S08,20240907
S08/20240907/00027,1,P100479,2,342.92,SALE,07-09-2024 15:44:44,S08,20240907
S08/20240907/00027,2,P101585,2,10.45,SALE,07-09-2024 15:44:44,S08,20240907
S08/20240907/00027,3,P107422,1,193.56,SALE,07-09-2024 15:44:44,S08,20240907
S08/20240907/00027,4,P101298,1,224.87,SALE,07-09-2024 15:44:44,S08,20240907
S08/20240907/00027,5,P108302,2,855.55,SALE,07-09-2024 15:44:44,S08,20240907
S08/20240907/00027,6,TAX,1,208.28,TAX,07-09-2024 15:44:44,S08,20240907
S08/20240907/00027,7,TENDER,1,3044.55,TENDER,07-09-2024 15:44:44,S08,20240907
S08/20240907/00028,1,P105918,3,294.44,SALE,07-09-2024 19:44:58,S08,20240907
S08/20240907/00028,2,P103214,1,283.38,SALE,07-09-2024 19:44:58,S08,20240907
S08/20240907/00028,3,TAX,1,173.17,TAX,07-09-2024 19:44:58,S08,20240907
S08/20240907/00028,4,TENDER,1,1339.87,TENDER,07-09-2024 19:44:58,S08,20240907
S08/20240907/00029,1,P103792,2,25.06,SALE,07-09-2024 15:59:33,S08,20240907
S08/20240907/00029,2,P107555,1,1314.43,SALE,07-09-2024 15:59:33,S08,20240907
S08/20240907/00029,3,P101037,1,613.83,SALE,07-09-2024 15:59:33,S08,20240907
S08/20240907/00029,4,TAX,1,113.00,TAX,07-09-2024 15:59:33,S08,20240907
S08/20240907/00029,5,TENDER,1,2091.38,TENDER,07-09-2024 15:59:33,S08,20240907
S08/20240907/00030,1,P104187,2,86.95,SALE,07-09-2024 17:45:34,S08,20240907
S08/20240907/00030,2,P101751,2,460.11,SALE,07-09-2024 17:45:34,S08,20240907
S08/20240907/00030,3,P102112,3,389.72,SALE,07-09-2024 17:45:34,S08,20240907
S08/20240907/00030,4,DISC,1,-190.10,DISCOUNT,07-09-2024 17:45:34,S08,20240907
S08/20240907/00030,5,TAX,1,288.21,TAX,07-09-2024 17:45:34,S08,20240907
S08/20240907/00030,6,TENDER,1,2361.39,TENDER,07-09-2024 17:45:34,S08,20240907
S08/20240907/00031,1,P102707,3,440.21,SALE,07-09-2024 21:14:44,S08,20240907
S08/20240907/00031,2,P104417,2,322.95,SALE,07-09-2024 21:14:44,S08,20240907
S08/20240907/00031,3,TAX,1,235.98,TAX,07-09-2024 21:14:44,S08,20240907
S08/20240907/00031,4,TENDER,1,2202.51,TENDER,07-09-2024 21:14:44,S08,20240907
S08/20240907/00032,1,P101669,3,53.28,SALE,07-09-2024 17:31:28,S08,20240907
S08/20240907/00032,2,P107078,1,111.95,SALE,07-09-2024 17:31:28,S08,20240907
S08/20240907/00032,3,P102559,5,94.81,SALE,07-09-2024 17:31:28,S08,20240907
S08/20240907/00032,4,P107215,3,153.85,SALE,07-09-2024 17:31:28,S08,20240907
S08/20240907/00032,5,TAX,1,87.08,TAX,07-09-2024 17:31:28,S08,20240907
S08/20240907/00032,6,TENDER,1,1294.47,TENDER,07-09-2024 17:31:28,S08,20240907
S08/20240907/00033,1,P100879,2,159.99,SALE,07-09-2024 11:04:15,S08,20240907
S08/20240907/00033,2,P102598,2,133.17,SALE,07-09-2024 11:04:15,S08,20240907
S08/20240907/00033,3,P100456,3,982.47,SALE,07-09-2024 11:04:15,S08,20240907
S08/20240907/00033,4,DISC,1,-178.47,DISCOUNT,07-09-2024 11:04:15,S08,20240907
S08/20240907/00033,5,TAX,1,139.93,TAX,07-09-2024 11:04:15,S08,20240907
S08/20240907/00033,6,TENDER,1,3495.19,TENDER,07-09-2024 11:04:15,S08,20240907
S08/20240907/00034,1,P106735,2,320.99,SALE,07-09-2024 14:21:54,S08,20240907
S08/20240907/00034,2,P105666,6,1064.29,SALE,07-09-2024 14:21:54,S08,20240907
S08/20240907/00034,3,P103424,2,295.58,SALE,07-09-2024 14:21:54,S08,20240907
S08/20240907/00034,4,P106277,2,425.71,SALE,07-09-2024 14:21:54,S08,20240907
S08/20240907/00034,5,P105603,4,202.29,SALE,07-09-2024 14:21:54,S08,20240907
S08/20240907/00034,6,TAX,1,374.72,TAX,07-09-2024 14:21:54,S08,20240907
S08/20240907/00034,7,TENDER,1,9654.18,TENDER,07-09-2024 14:21:54,S08,20240907
S08/20240907/00035,1,P102909,1,48.95,SALE,07-09-2024 11:25:54,S08,20240907
S08/20240907/00035,2,P100889,3,976.95,SALE,07-09-2024 11:25:54,S08,20240907
S08/20240907/00035,3,P107639,1,128.49,SALE,07-09-2024 11:25:54,S08,20240907
S08/20240907/00035,4,TAX,1,161.96,TAX,07-09-2024 11:25:54,S08,20240907
S08/20240907/00035,5,TENDER,1,3270.25,TENDER,07-09-2024 11:25:54,S08,20240907
S08/20240907/00036,1,P107063,2,374.87,SALE,07-09-2024 13:11:29,S08,20240907
S08/20240907/00036,2,P101321,2,24.76,SALE,07-09-2024 13:11:29,S08,20240907
S08/20240907/00036,3,P102042,2,151.18,SALE,07-09-2024 13:11:29,S08,20240907
S08/20240907/00036,4,P101481,1,51.07,SALE,07-09-2024 13:11:29,S08,20240907
S08/20240907/00036,5,P102868,1,471.29,SALE,07-09-2024 13:11:29,S08,20240907
S08/20240907/00036,6,DISC,1,-44.74,DISCOUNT,07-09-2024 13:11:29,S08,20240907
S08/20240907/00036,7,TAX,1,216.42,TAX,07-09-2024 13:11:29,S08,20240907
S08/20240907/00036,8,TENDER,1,1795.66,TENDER,07-09-2024 13:11:29,S08,20240907
S08/20240907/00037,1,P102074,3,415.90,SALE,07-09-2024 16:25:10,S08,20240907
S08/20240907/00037,2,P100026,2,304.63,SALE,07-09-2024 16:25:10,S08,20240907
S08/20240907/00037,3,P106452,2,28.29,SALE,07-09-2024 16:25:10,S08,20240907
S08/20240907/00037,4,P100904,2,68.79,SALE,07-09-2024 16:25:10,S08,20240907
S08/20240907/00037,5,P103197,3,330.65,SALE,07-09-2024 16:25:10,S08,20240907
S08/20240907/00037,6,P105950,2,1356.49,SALE,07-09-2024 16:25:10,S08,20240907
S08/20240907/00037,7,P102963,3,399.39,SALE,07-09-2024 16:25:10,S08,20240907
S08/20240907/00037,8,P100469,2,50.11,SALE,07-09-2024 16:25:10,S08,20240907
S08/20240907/00037,9,P104842,3,357.87,SALE,07-09-2024 16:25:10,S08,20240907
S08/20240907/00037,10,DISC,1,-421.46,DISCOUNT,07-09-2024 16:25:10,S08,20240907
S08/20240907/00037,11,TAX,1,558.45,TAX,07-09-2024 16:25:10,S08,20240907
S08/20240907/00037,12,TENDER,1,8265.04,TENDER,07-09-2024 16:25:10,S08,20240907
S08/20240907/00038,1,P100074,2,57.78,SALE,07-09-2024 20:33:21,S08,20240907
S08/20240907/00038,2,P101164,1,401.86,SALE,07-09-2024 20:33:21,S08,20240907
S08/20240907/00038,3,P103629,3,60.58,SALE,07-09-2024 20:33:21,S08,20240907
S08/20240907/00038,4,TAX,1,110.83,TAX,07-09-2024 20:33:21,S08,20240907
S08/20240907/00038,5,TENDER,1,809.99,TENDER,07-09-2024 20:33:21,S08,20240907
S08/20240907/00039,1,P108200,1,336.95,SALE,07-09-2024 10:00:52,S08,20240907
S08/20240907/00039,2,P101766,2,207.00,SALE,07-09-2024 10:00:52,S08,20240907
S08/20240907/00039,3,P103144,2,145.27,SALE,07-09-2024 10:00:52,S08,20240907
S08/20240907/00039,4,P105835,2,238.39,SALE,07-09-2024 10:00:52,S08,20240907
S08/20240907/00039,5,P105483,2,160.65,SALE,07-09-2024 10:00:52,S08,20240907
S08/20240907/00039,6,P103816,4,209.63,SALE,07-09-2024 10:00:52,S08,20240907
S08/20240907/00039,7,P104233,3,1232.09,SALE,07-09-2024 10:00:52,S08,20240907
S08/20240907/00039,8,P106072,4,78.69,SALE,07-09-2024 10:00:52,S08,20240907
S08/20240907/00039,9,P101622,2,259.77,SALE,07-09-2024 10:00:52,S08,20240907
S08/20240907/00039,10,TAX,1,585.81,TAX,07-09-2024 10:00:52,S08,20240907
S08/20240907/00039,11,TENDER,1,7794.47,TENDER,07-09-2024 10:00:52,S08,20240907
S08/20240907/00040,1,P103794,1,729.86,SALE,07-09-2024 16:50:12,S08,20240907
S08/20240907/00040,2,P107623,2,442.34,SALE,07-09-2024 16:50:12,S08,20240907
S08/20240907/00040,3,P107848,5,267.41,SALE,07-09-2024 16:50:12,S08,20240907
S08/20240907/00040,4,P102465,2,1410.14,SALE,07-09-2024 16:50:12,S08,20240907
S08/20240907/00040,5,P103530,2,427.69,SALE,07-09-2024 16:50:12,S08,20240907
S08/20240907/00040,6,P108174,1,235.92,SALE,07-09-2024 16:50:12,S08,20240907
S08/20240907/00040,7,P101810,2,793.98,SALE,07-09-2024 16:50:12,S08,20240907
S08/20240907/00040,8,P107837,3,94.99,SALE,07-09-2024 16:50:12,S08,20240907
S08/20240907/00040,9,P100803,3,278.56,SALE,07-09-2024 16:50:12,S08,20240907
S08/20240907/00040,10,TAX,1,853.00,TAX,07-09-2024 16:50:12,S08,20240907
S08/20240907/00040,11,TENDER,1,10424.78,TENDER,07-09-2024 16:50:12,S08,20240907
S08/20240907/00041,1,P105740,1,103.24,SALE,07-09-2024 14:46:35,S08,20240907
S08/20240907/00041,2,P104883,2,370.64,SALE,07-09-2024 14:46:35,S08,20240907
S08/20240907/00041,3,P105035,2,158.77,SALE,07-09-2024 14:46:35,S08,20240907
S08/20240907/00041,4,P104351,3,1128.29,SALE,07-09-2024 14:46:35,S08,20240907
S08/20240907/00041,5,P107253,3,241.31,SALE,07-09-2024 14:46:35,S08,20240907
S08/20240907/00041,6,P100198,1,156.66,SALE,07-09-2024 14:46:35,S08,20240907
S08/20240907/00041,7,P106720,2,126.28,SALE,07-09-2024 14:46:35,S08,20240907
S08/20240907/00041,8,TAX,1,278.18,TAX,07-09-2024 14:46:35,S08,20240907
S08/20240907/00041,9,TENDER,1,5958.26,TENDER,07-09-2024 14:46:35,S08,20240907
S08/20240907/00042,1,P100298,2,53.95,SALE,07-09-2024 16:11:39,S08,20240907
S08/20240907/00042,2,P106659,1,98.98,SALE,07-09-2024 16:11:39,S08,20240907
S08/20240907/00042,3,P102718,1,333.45,SALE,07-09-2024 16:11:39,S08,20240907
S08/20240907/00042,4,TAX,1,77.29,TAX,07-09-2024 16:11:39,S08,20240907
S08/20240907/00042,5,TENDER,1,617.62,TENDER,07-09-2024 16:11:39,S08,20240907
S08/20240907/00043,1,P106773,3,397.71,SALE,07-09-2024 16:03:38,S08,20240907
S08/20240907/00043,2,P106731,1,142.59,SALE,07-09-2024 16:03:38,S08,20240907
S08/20240907/00043,3,P108050,1,1166.49,SALE,07-09-2024 16:03:38,S08,20240907
S08/20240907/00043,4,TAX,1,273.09,TAX,07-09-2024 16:03:38,S08,20240907
S08/20240907/00043,5,TENDER,1,2775.30,TENDER,07-09-2024 16:03:38,S08,20240907
S08/20240907/00044,1,P104372,2,105.38,SALE,07-09-2024 18:33:56,S08,20240907
S08/20240907/00044,2,P100287,2,218.95,SALE,07-09-2024 18:33:56,S08,20240907
S08/20240907/00044,3,P104820,2,207.26,SALE,07-09-2024 18:33:56,S08,20240907
S08/20240907/00044,4,P106872,2,73.12,SALE,07-09-2024 18:33:56,S08,20240907
S08/20240907/00044,5,P103525,1,252.51,SALE,07-09-2024 18:33:56,S08,20240907
S08/20240907/00044,6,TAX,1,176.65,TAX,07-09-2024 18:33:56,S08,20240907
S08/20240907/00044,7,TENDER,1,1638.58,TENDER,07-09-2024 18:33:56,S08,20240907
S08/20240907/00045,1,P101533,1,975.60,SALE,07-09-2024 18:44:42,S08,20240907
S08/20240907/00045,2,P104026,1,152.97,SALE,07-09-2024 18:44:42,S08,20240907
S08/20240907/00045,3,TAX,1,124.72,TAX,07-09-2024 18:44:42,S08,20240907
S08/20240907/00045,4,TENDER,1,1253.29,TENDER,07-09-2024 18:44:42,S08,20240907
S08/20240907/00046,1,P100453,2,207.31,SALE,07-09-2024 20:39:18,S08,20240907
S08/20240907/00046,2,P102096,1,982.72,SALE,07-09-2024 20:39:18,S08,20240907
S08/20240907/00046,3,P106602,2,122.17,SALE,07-09-2024 20:39:18,S08,20240907
S08/20240907/00046,4,P106434,1,178.02,SALE,07-09-2024 20:39:18,S08,20240907
S08/20240907/00046,5,P107654,1,409.57,SALE,07-09-2024 20:39:18,S08,20240907
S08/20240907/00046,6,DISC,1,-121.16,DISCOUNT,07-09-2024 20:39:18,S08,20240907
S08/20240907/00046,7,TAX,1,236.80,TAX,07-09-2024 20:39:18,S08,20240907
S08/20240907/00046,8,TENDER,1,2344.91,TENDER,07-09-2024 20:39:18,S08,20240907
S08/20240907/00047,1,P105594,1,321.63,SALE,07-09-2024 16:41:24,S08,20240907
S08/20240907/00047,2,P106405,2,38.72,SALE,07-09-2024 16:41:24,S08,20240907
S08/20240907/00047,3,P107695,1,271.01,SALE,07-09-2024 16:41:24,S08,20240907
S08/20240907/00047,4,P103155,2,270.20,SALE,07-09-2024 16:41:24,S08,20240907
S08/20240907/00047,5,P102691,1,219.72,SALE,07-09-2024 16:41:24,S08,20240907
S08/20240907/00047,6,TAX,1,209.57,TAX,07-09-2024 16:41:24,S08,20240907
S08/20240907/00047,7,TENDER,1,1639.77,TENDER,07-09-2024 16:41:24,S08,20240907
S08/20240907/00048,1,P105440,1,107.89,SALE,07-09-2024 19:08:39,S08,20240907
S08/20240907/00048,2,P103510,2,196.86,SALE,07-09-2024 19:08:39,S08,20240907
S08/20240907/00048,3,P100494,4,67.32,SALE,07-09-2024 19:08:39,S08,20240907
S08/20240907/00048,4,P104676,1,81.62,SALE,07-09-2024 19:08:39,S08,20240907
S08/20240907/00048,5,P100722,3,330.17,SALE,07-09-2024 19:08:39,S08,20240907
S08/20240907/00048,6,TAX,1,88.24,TAX,07-09-2024 19:08:39,S08,20240907
S08/20240907/00048,7,TENDER,1,1931.26,TENDER,07-09-2024 19:08:39,S08,20240907
S08/20240907/00049,1,P106877,1,1085.30,SALE,07-09-2024 16:55:22,S08,20240907
S08/20240907/00049,2,P107536,2,1613.47,SALE,07-09-2024 16:55:22,S08,20240907
S08/20240907/00049,3,P107807,2,118.66,SALE,07-09-2024 16:55:22,S08,20240907
S08/20240907/00049,4,P103129,2,83.79,SALE,07-09-2024 16:55:22,S08,20240907
S08/20240907/00049,5,P106244,3,73.94,SALE,07-09-2024 16:55:22,S08,20240907
S08/20240907/00049,6,P105815,3,320.65,SALE,07-09-2024 16:55:22,S08,20240907
S08/20240907/00049,7,P103886,3,302.49,SALE,07-09-2024 16:55:22,S08,20240907
S08/20240907/00049,8,P102074,2,415.90,SALE,07-09-2024 16:55:22,S08,20240907
S08/20240907/00049,9,TAX,1,225.67,TAX,07-09-2024 16:55:22,S08,20240907
S08/20240907/00049,10,TENDER,1,7865.85,TENDER,07-09-2024 16:55:22,S08,20240907
S08/20240907/00050,1,P100483,2,933.37,SALE,07-09-2024 11:57:18,S08,20240907
S08/20240907/00050,2,P101367,1,485.76,SALE,07-09-2024 11:57:18,S08,20240907
S08/20240907/00050,3,P104658,3,73.05,SALE,07-09-2024 11:57:18,S08,20240907
S08/20240907/00050,4,TAX,1,98.39,TAX,07-09-2024 11:57:18,S08,20240907
S08/20240907/00050,5,TENDER,1,2670.04,TENDER,07-09-2024 11:57:18,S08,20240907
S08/20240907/00051,1,P105384,5,315.25,SALE,07-09-2024 16:53:20,S08,20240907
S08/20240907/00051,2,P102998,2,145.74,SALE,07-09-2024 16:53:20,S08,20240907
S08/20240907/00051,3,P102656,2,194.33,SALE,07-09-2024 16:53:20,S08,20240907
S08/20240907/00051,4,TAX,1,261.05,TAX,07-09-2024 16:53:20,S08,20240907
S08/20240907/00051,5,TENDER,1,2517.44,TENDER,07-09-2024 16:53:20,S08,20240907
S08/20240907/00052,1,P107899,3,197.21,SALE,07-09-2024 14:03:39,S08,20240907
S08/20240907/00052,2,P104097,3,319.17,SALE,07-09-2024 14:03:39,S08,20240907
S08/20240907/00052,3,P106258,2,423.67,SALE,07-09-2024 14:03:39,S08,20240907
S08/20240907/00052,4,P103654,1,481.76,SALE,07-09-2024 14:03:39,S08,20240907
S08/20240907/00052,5,TAX,1,210.94,TAX,07-09-2024 14:03:39,S08,20240907
S08/20240907/00052,6,TENDER,1,3089.18,TENDER,07-09-2024 14:03:39,S08,20240907
S08/20240907/00053,1,P100479,4,342.92,SALE,07-09-2024 16:41:32,S08,20240907
S08/20240907/00053,2,P104854,1,34.90,SALE,07-09-2024 16:41:32,S08,20240907
S08/20240907/00053,3,P103243,3,193.36,SALE,07-09-2024 16:41:32,S08,20240907
S08/20240907/00053,4,TAX,1,193.61,TAX,07-09-2024 16:41:32,S08,20240907
S08/20240907/00053,5,TENDER,1,2180.27,TENDER,07-09-2024 16:41:32,S08,20240907
S08/20240907/00054,1,P101311,1,481.74,SALE,07-09-2024 17:59:46,S08,20240907
S08/20240907/00054,2,P102263,4,116.79,SALE,07-09-2024 17:59:46,S08,20240907
S08/20240907/00054,3,TAX,1,80.15,TAX,07-09-2024 17:59:46,S08,20240907
S08/20240907/00054,4,TENDER,1,1029.05,TENDER,07-09-2024 17:59:46,S08,20240907
S08/20240907/00055,1,P102892,1,227.52,SALE,07-09-2024 20:10:06,S08,20240907
S08/20240907/00055,2,P102880,5,575.53,SALE,07-09-2024 20:10:06,S08,20240907
S08/20240907/00055,3,TAX,1,184.84,TAX,07-09-2024 20:10:06,S08,20240907
S08/20240907/00055,4,TENDER,1,3290.01,TENDER,07-09-2024 20:10:06,S08,20240907
S08/20240908/00001,1,P102664,2,261.47,SALE,08-09-2024 20:44:12,S08,20240908
S08/20240908/00001,2,P102945,3,43.42,SALE,08-09-2024 20:44:12,S08,20240908
S08/20240908/00001,3,TAX,1,117.58,TAX,08-09-2024 20:44:12,S08,20240908
S08/20240908/00001,4,TENDER,1,770.78,TENDER,08-09-2024 20:44:12,S08,20240908
S08/20240908/00002,1,P102510,1,34.16,SALE,08-09-2024 18:07:11,S08,20240908
S08/20240908/00002,2,P102845,2,261.08,SALE,08-09-2024 18:07:11,S08,20240908
S08/20240908/00002,3,P101419,3,195.72,SALE,08-09-2024 18:07:11,S08,20240908
S08/20240908/00002,4,P101634,2,25.05,SALE,08-09-2024 18:07:11,S08,20240908
S08/20240908/00002,5,P103202,1,295.26,SALE,08-09-2024 18:07:11,S08,20240908
S08/20240908/00002,6,P107346,2,449.29,SALE,08-09-2024 18:07:11,S08,20240908
S08/20240908/00002,7,P103606,3,181.69,SALE,08-09-2024 18:07:11,S08,20240908
S08/20240908/00002,8,P107920,3,109.22,SALE,08-09-2024 18:07:11,S08,20240908
S08/20240908/00002,9,TAX,1,276.28,TAX,08-09-2024 18:07:11,S08,20240908
S08/20240908/00002,10,TENDER,1,3536.43,TENDER,08-09-2024 18:07:11,S08,20240908
S08/20240908/00003,1,P104501,1,413.53,SALE,08-09-2024 15:40:55,S08,20240908
S08/20240908/00003,2,P108032,1,648.04,SALE,08-09-2024 15:40:55,S08,20240908
S08/20240908/00003,3,P101356,2,1083.07,SALE,08-09-2024 15:40:55,S08,20240908
S08/20240908/00003,4,P103999,3,120.61,SALE,08-09-2024 15:40:55,S08,20240908
S08/20240908/00003,5,P106093,2,315.93,SALE,08-09-2024 15:40:55,S08,20240908
S08/20240908/00003,6,P105827,2,104.04,SALE,08-09-2024 15:40:55,S08,20240908
S08/20240908/00003,7,TAX,1,290.39,TAX,08-09-2024 15:40:55,S08,20240908
S08/20240908/00003,8,TENDER,1,4719.87,TENDER,08-09-2024 15:40:55,S08,20240908
S08/20240908/00004,1,P105100,2,270.01,SALE,08-09-2024 16:24:50,S08,20240908
S08/20240908/00004,2,P108374,2,1311.92,SALE,08-09-2024 16:24:50,S08,20240908
S08/20240908/00004,3,TAX,1,97.20,TAX,08-09-2024 16:24:50,S08,20240908
S08/20240908/00004,4,TENDER,1,3261.06,TENDER,08-09-2024 16:24:50,S08,20240908
S08/20240908/00005,1,P100178,6,480.34,SALE,08-09-2024 14:20:32,S08,20240908
S08/20240908/00005,2,P102656,5,194.33,SALE,08-09-2024 14:20:32,S08,20240908
S08/20240908/00005,3,TAX,1,567.35,TAX,08-09-2024 14:20:32,S08,20240908
S08/20240908/00005,4,TENDER,1,4421.04,TENDER,08-09-2024 14:20:32,S08,20240908
S08/20240908/00006,1,P107242,2,589.95,SALE,08-09-2024 23:53:34,S08,20240908
S08/20240908/00006,2,P100946,3,75.81,SALE,08-09-2024 23:53:34,S08,20240908
S08/20240908/00006,3,P103484,2,109.59,SALE,08-09-2024 23:53:34,S08,20240908
S08/20240908/00006,4,P101874,2,19.95,SALE,08-09-2024 23:53:34,S08,20240908
S08/20240908/00006,5,P105294,3,126.15,SALE,08-09-2024 23:53:34,S08,20240908
S08/20240908/00006,6,P100827,2,1218.17,SALE,08-09-2024 23:53:34,S08,20240908
S08/20240908/00006,7,TAX,1,207.51,TAX,08-09-2024 23:53:34,S08,20240908
S08/20240908/00006,8,TENDER,1,4688.71,TENDER,08-09-2024 23:53:34,S08,20240908
S08/20240908/00007,1,P102184,3,91.57,SALE,08-09-2024 17:15:15,S08,20240908
S08/20240908/00007,2,P107137,1,32.59,SALE,08-09-2024 17:15:15,S08,20240908
S08/20240908/00007,3,P106833,1,446.47,SALE,08-09-2024 17:15:15,S08,20240908
S08/20240908/00007,4,P104725,2,536.92,SALE,08-09-2024 17:15:15,S08,20240908
S08/20240908/00007,5,TAX,1,323.10,TAX,08-09-2024 17:15:15,S08,20240908
S08/20240908/00007,6,TENDER,1,2150.71,TENDER,08-09-2024 17:15:15,S08,20240908
S08/20240908/00008,1,P104469,3,1548.25,SALE,08-09-2024 23:56:57,S08,20240908
S08/20240908/00008,2,P107242,2,589.95,SALE,08-09-2024 23:56:57,S08,20240908
S08/20240908/00008,3,P105280,1,220.35,SALE,08-09-2024 23:56:57,S08,20240908
S08/20240908/00008,4,P102311,2,284.95,SALE,08-09-2024 23:56:57,S08,20240908
S08/20240908/00008,5,P104600,3,56.45,SALE,08-09-2024 23:56:57,S08,20240908
S08/20240908/00008,6,P102383,1,10.62,SALE,08-09-2024 23:56:57,S08,20240908
S08/20240908/00008,7,P102397,2,355.28,SALE,08-09-2024 23:56:57,S08,20240908
S08/20240908/00008,8,TAX,1,751.52,TAX,08-09-2024 23:56:57,S08,20240908
S08/20240908/00008,9,TENDER,1,8256.95,TENDER,08-09-2024 23:56:57,S08,20240908
S08/20240908/00009,1,P106648,2,330.96,SALE,08-09-2024 17:28:45,S08,20240908
S08/20240908/00009,2,P101374,1,49.36,SALE,08-09-2024 17:28:45,S08,20240908
S08/20240908/00009,3,TAX,1,41.98,TAX,08-09-2024 17:28:45,S08,20240908
S08/20240908/00009,4,TENDER,1,753.26,TENDER,08-09-2024 17:28:45,S08,20240908
S08/20240908/00010,1,P106357,2,1078.45,SALE,08-09-2024 15:25:02,S08,20240908
S08/20240908/00010,2,P108097,1,93.69,SALE,08-09-2024 15:25:02,S08,20240908
S08/20240908/00010,3,P103806,2,305.95,SALE,08-09-2024 15:25:02,S08,20240908
S08/20240908/00010,4,P107589,2,266.18,SALE,08-09-2024 15:25:02,S08,20240908
S08/20240908/00010,5,TAX,1,365.90,TAX,08-09-2024 15:25:02,S08,20240908
S08/20240908/00010,6,TENDER,1,3760.75,TENDER,08-09-2024 15:25:02,S08,20240908
S08/20240908/00011,1,P101298,2,224.87,SALE,08-09-2024 17:47:26,S08,20240908
S08/20240908/00011,2,P102886,1,139.22,SALE,08-09-2024 17:47:26,S08,20240908
S08/20240908/00011,3,P106244,3,73.94,SALE,08-09-2024 17:47:26,S08,20240908
S08/20240908/00011,4,P100453,2,207.31,SALE,08-09-2024 17:47:26,S08,20240908
S08/20240908/00011,5,P108369,1,318.67,SALE,08-09-2024 17:47:26,S08,20240908
S08/20240908/00011,6,TAX,1,194.66,TAX,08-09-2024 17:47:26,S08,20240908
S08/20240908/00011,7,TENDER,1,1738.73,TENDER,08-09-2024 17:47:26,S08,20240908
S08/20240908/00012,1,P104572,2,182.16,SALE,08-09-2024 18:33:21,S08,20240908
S08/20240908/00012,2,P101174,4,57.43,SALE,08-09-2024 18:33:21,S08,20240908
S08/20240908/00012,3,P102202,2,194.70,SALE,08-09-2024 18:33:21,S08,20240908
S08/20240908/00012,4,P108041,2,368.87,SALE,08-09-2024 18:33:21,S08,20240908
S08/20240908/00012,5,P106989,1,26.75,SALE,08-09-2024 18:33:21,S08,20240908
S08/20240908/00012,6,P106490,3,671.88,SALE,08-09-2024 18:33:21,S08,20240908
S08/20240908/00012,7,P106813,2,257.87,SALE,08-09-2024 18:33:21,S08,20240908
S08/20240908/00012,8,P108369,1,318.67,SALE,08-09-2024 18:33:21,S08,20240908
S08/20240908/00012,9,TAX,1,312.39,TAX,08-09-2024 18:33:21,S08,20240908
S08/20240908/00012,10,TENDER,1,4910.37,TENDER,08-09-2024 18:33:21,S08,20240908
S08/20240908/00013,1,P101454,3,134.66,SALE,09-09-2024 00:17:49,S08,20240908
S08/20240908/00013,2,P105575,4,513.17,SALE,09-09-2024 00:17:49,S08,20240908
S08/20240908/00013,3,P100593,1,29.38,SALE,09-09-2024 00:17:49,S08,20240908
S08/20240908/00013,4,P102151,2,1117.25,SALE,09-09-2024 00:17:49,S08,20240908
S08/20240908/00013,5,DISC,1,-412.62,DISCOUNT,09-09-2024 00:17:49,S08,20240908
S08/20240908/00013,6,TAX,1,241.20,TAX,09-09-2024 00:17:49,S08,20240908
S08/20240908/00013,7,TENDER,1,4549.12,TENDER,09-09-2024 00:17:49,S08,20240908
S08/20240908/00014,1,P105313,1,51.83,SALE,08-09-2024 19:47:36,S08,20240908
S08/20240908/00014,2,P105450,2,252.15,SALE,08-09-2024 19:47:36,S08,20240908
S08/20240908/00014,3,P100066,2,251.22,SALE,08-09-2024 19:47:36,S08,20240908
S08/20240908/00014,4,P104676,1,81.62,SALE,08-09-2024 19:47:36,S08,20240908
S08/20240908/00014,5,TAX,1,105.13,TAX,08-09-2024 19:47:36,S08,20240908
S08/20240908/00014,6,TENDER,1,1245.32,TENDER,08-09-2024 19:47:36,S08,20240908
S08/20240908/00015,1,P106426,2,149.87,SALE,08-09-2024 16:38:28,S08,20240908
S08/20240908/00015,2,P105145,1,763.65,SALE,08-09-2024 16:38:28,S08,20240908
S08/20240908/00015,3,P106044,1,40.72,SALE,08-09-2024 16:38:28,S08,20240908
S08/20240908/00015,4,P103839,1,213.95,SALE,08-09-2024 16:38:28,S08,20240908
S08/20240908/00015,5,P104533,2,271.68,SALE,08-09-2024 16:38:28,S08,20240908
S08/20240908/00015,6,TAX,1,126.96,TAX,08-09-2024 16:38:28,S08,20240908
S08/20240908/00015,7,TENDER,1,1988.38,TENDER,08-09-2024 16:38:28,S08,20240908
S08/20240908/00016,1,P107740,3,1366.88,SALE,08-09-2024 15:33:46,S08,20240908
S08/20240908/00016,2,P103794,1,729.86,SALE,08-09-2024 15:33:46,S08,20240908
S08/20240908/00016,3,P107502,1,311.85,SALE,08-09-2024 15:33:46,S08,20240908
S08/20240908/00016,4,P104665,1,217.71,SALE,08-09-2024 15:33:46,S08,20240908
S08/20240908/00016,5,P106391,1,747.95,SALE,08-09-2024 15:33:46,S08,20240908
S08/20240908/00016,6,P104202,2,153.74,SALE,08-09-2024 15:33:46,S08,20240908
S08/20240908/00016,7,DISC,1,-378.55,DISCOUNT,08-09-2024 15:33:46,S08,20240908
S08/20240908/00016,8,TAX,1,609.98,TAX,08-09-2024 15:33:46,S08,20240908
S08/20240908/00016,9,TENDER,1,6646.92,TENDER,08-09-2024 15:33:46,S08,20240908
S08/20240908/00017,1,P101367,-2,485.76,RETURN,08-09-2024 14:43:48,S08,20240908
S08/20240908/00017,2,P106522,-1,203.79,RETURN,08-09-2024 14:43:48,S08,20240908
S08/20240908/00017,3,P101048,-2,219.90,RETURN,08-09-2024 14:43:48,S08,20240908
S08/20240908/00017,4,P102671,-4,252.00,RETURN,08-09-2024 14:43:48,S08,20240908
S08/20240908/00017,5,P106207,-1,459.95,RETURN,08-09-2024 14:43:48,S08,20240908
S08/20240908/00017,6,P100150,-1,280.80,RETURN,08-09-2024 14:43:48,S08,20240908
S08/20240908/00017,7,P103259,-2,298.27,RETURN,08-09-2024 14:43:48,S08,20240908
S08/20240908/00017,8,TAX,1,-485.32,TAX,08-09-2024 14:43:48,S08,20240908
S08/20240908/00017,9,TENDER,1,-4445.72,TENDER,08-09-2024 14:43:48,S08,20240908
S08/20240908/00018,1,P105757,1,248.44,SALE,08-09-2024 11:32:22,S08,20240908
S08/20240908/00018,2,P101578,2,39.77,SALE,08-09-2024 11:32:22,S08,20240908
S08/20240908/00018,3,P100677,3,256.17,SALE,08-09-2024 11:32:22,S08,20240908
S08/20240908/00018,4,P105707,2,130.64,SALE,08-09-2024 11:32:22,S08,20240908
S08/20240908/00018,5,TAX,1,186.08,TAX,08-09-2024 11:32:22,S08,20240908
S08/20240908/00018,6,TENDER,1,1543.85,TENDER,08-09-2024 11:32:22,S08,20240908
S08/20240908/00019,1,P104257,2,42.95,SALE,08-09-2024 17:09:33,S08,20240908
S08/20240908/00019,2,P102718,4,333.45,SALE,08-09-2024 17:09:33,S08,20240908
S08/20240908/00019,3,P102714,2,86.80,SALE,08-09-2024 17:09:33,S08,20240908
S08/20240908/00019,4,P108110,2,14.67,SALE,08-09-2024 17:09:33,S08,20240908
S08/20240908/00019,5,DISC,1,-80.77,DISCOUNT,08-09-2024 17:09:33,S08,20240908
S08/20240908/00019,6,TAX,1,257.03,TAX,08-09-2024 17:09:33,S08,20240908
S08/20240908/00019,7,TENDER,1,1798.90,TENDER,08-09-2024 17:09:33,S08,20240908
S08/20240908/00020,1,P107966,2,391.71,SALE,08-09-2024 15:55:18,S08,20240908
S08/20240908/00020,2,P103389,1,239.67,SALE,08-09-2024 15:55:18,S08,20240908
S08/20240908/00020,3,P100203,1,272.10,SALE,08-09-2024 15:55:18,S08,20240908
S08/20240908/00020,4,P101298,2,224.87,SALE,08-09-2024 15:55:18,S08,20240908
S08/20240908/00020,5,P101842,4,210.53,SALE,08-09-2024 15:55:18,S08,20240908
S08/20240908/00020,6,TAX,1,152.82,TAX,08-09-2024 15:55:18,S08,20240908
S08/20240908/00020,7,TENDER,1,2739.87,TENDER,08-09-2024 15:55:18,S08,20240908
S08/20240908/00021,1,P104202,2,153.74,SALE,08-09-2024 17:27:27,S08,20240908
S08/20240908/00021,2,P108247,1,242.95,SALE,08-09-2024 17:27:27,S08,20240908
S08/20240908/00021,3,P103882,1,269.95,SALE,08-09-2024 17:27:27,S08,20240908
S08/20240908/00021,4,P106027,1,1505.86,SALE,08-09-2024 17:27:27,S08,20240908
S08/20240908/00021,5,P105069,3,168.30,SALE,08-09-2024 17:27:27,S08,20240908
S08/20240908/00021,6,TAX,1,183.20,TAX,08-09-2024 17:27:27,S08,20240908
S08/20240908/00021,7,TENDER,1,3014.34,TENDER,08-09-2024 17:27:27,S08,20240908
S08/20240908/00022,1,P104328,1,66.72,SALE,08-09-2024 15:24:39,S08,20240908
S08/20240908/00022,2,P107400,5,274.90,SALE,08-09-2024 15:24:39,S08,20240908
S08/20240908/00022,3,P106254,3,1135.50,SALE,08-09-2024 15:24:39,S08,20240908
S08/20240908/00022,4,P107589,3,266.18,SALE,08-09-2024 15:24:39,S08,20240908
S08/20240908/00022,5,P100005,3,114.37,SALE,08-09-2024 15:24:39,S08,20240908
S08/20240908/00022,6,TAX,1,456.24,TAX,08-09-2024 15:24:39,S08,20240908
S08/20240908/00022,7,TENDER,1,6445.61,TENDER,08-09-2024 15:24:39,S08,20240908
S08/20240908/00023,1,P105042,2,66.53,SALE,08-09-2024 16:58:18,S08,20240908
S08/20240908/00023,2,P102067,2,181.50,SALE,08-09-2024 16:58:18,S08,20240908
S08/20240908/00023,3,P104600,2,56.45,SALE,08-09-2024 16:58:18,S08,20240908
S08/20240908/00023,4,P104107,2,479.48,SALE,08-09-2024 16:58:18,S08,20240908
S08/20240908/00023,5,P103435,1,443.24,SALE,08-09-2024 16:58:18,S08,20240908
S08/20240908/00023,6,P101626,2,1040.69,SALE,08-09-2024 16:58:18,S08,20240908
S08/20240908/00023,7,TAX,1,549.91,TAX,08-09-2024 16:58:18,S08,20240908
S08/20240908/00023,8,TENDER,1,4642.45,TENDER,08-09-2024 16:58:18,S08,20240908
S08/20240908/00024,1,P106920,2,1398.34,SALE,08-09-2024 13:05:48,S08,20240908
S08/20240908/00024,2,P100595,1,404.82,SALE,08-09-2024 13:05:48,S08,20240908
S08/20240908/00024,3,P105656,3,516.52,SALE,08-09-2024 13:05:48,S08,20240908
S08/20240908/00024,4,P103144,2,145.27,SALE,08-09-2024 13:05:48,S08,20240908
S08/20240908/00024,5,P105827,1,104.04,SALE,08-09-2024 13:05:48,S08,20240908
S08/20240908/00024,6,TAX,1,68.31,TAX,08-09-2024 13:05:48,S08,20240908
S08/20240908/00024,7,TENDER,1,5213.95,TENDER,08-09-2024 13:05:48,S08,20240908
S08/20240908/00025,1,P104334,2,294.34,SALE,08-09-2024 12:33:51,S08,20240908
S08/20240908/00025,2,P101298,1,224.87,SALE,08-09-2024 12:33:51,S08,20240908
S08/20240908/00025,3,P100260,2,1120.33,SALE,08-09-2024 12:33:51,S08,20240908
S08/20240908/00025,4,P101813,4,273.64,SALE,08-09-2024 12:33:51,S08,20240908
S08/20240908/00025,5,P100754,1,91.60,SALE,08-09-2024 12:33:51,S08,20240908
S08/20240908/00025,6,P105009,4,65.38,SALE,08-09-2024 12:33:51,S08,20240908
S08/20240908/00025,7,TAX,1,108.07,TAX,08-09-2024 12:33:51,S08,20240908
S08/20240908/00025,8,TENDER,1,4609.96,TENDER,08-09-2024 12:33:51,S08,20240908
S08/20240908/00026,1,P100855,1,345.07,SALE,08-09-2024 12:37:46,S08,20240908
S08/20240908/00026,2,P105483,1,160.65,SALE,08-09-2024 12:37:46,S08,20240908
S08/20240908/00026,3,P105490,3,154.49,SALE,08-09-2024 12:37:46,S08,20240908
S08/20240908/00026,4,P104302,1,1255.97,SALE,08-09-2024 12:37:46,S08,20240908
S08/20240908/00026,5,P103382,3,196.46,SALE,08-09-2024 12:37:46,S08,20240908
S08/20240908/00026,6,P100649,3,628.39,SALE,08-09-2024 12:37:46,S08,20240908
S08/20240908/00026,7,TAX,1,448.90,TAX,08-09-2024 12:37:46,S08,20240908
S08/20240908/00026,8,TENDER,1,5148.61,TENDER,08-09-2024 12:37:46,S08,20240908
S08/20240908/00027,1,P106900,1,197.84,SALE,08-09-2024 18:47:16,S08,20240908
S08/20240908/00027,2,P104032,1,603.87,SALE,08-09-2024 18:47:16,S08,20240908
S08/20240908/00027,3,P106620,2,296.41,SALE,08-09-2024 18:47:16,S08,20240908
S08/20240908/00027,4,P101933,4,1344.63,SALE,08-09-2024 18:47:16,S08,20240908
S08/20240908/00027,5,P101500,1,330.53,SALE,08-09-2024 18:47:16,S08,20240908
S08/20240908/00027,6,P101156,4,97.31,SALE,08-09-2024 18:47:16,S08,20240908
S08/20240908/00027,7,DISC,1,-423.75,DISCOUNT,08-09-2024 18:47:16,S08,20240908
S08/20240908/00027,8,TAX,1,806.28,TAX,08-09-2024 18:47:16,S08,20240908
S08/20240908/00027,9,TENDER,1,7875.35,TENDER,08-09-2024 18:47:16,S08,20240908
S08/20240908/00028,1,P102982,1,256.21,SALE,08-09-2024 13:43:00,S08,20240908
S08/20240908/00028,2,P107946,1,303.95,SALE,08-09-2024 13:43:00,S08,20240908
S08/20240908/00028,3,P104665,2,217.71,SALE,08-09-2024 13:43:00,S08,20240908
S08/20240908/00028,4,P101101,2,74.25,SALE,08-09-2024 13:43:00,S08,20240908
S08/20240908/00028,5,TAX,1,116.19,TAX,08-09-2024 13:43:00,S08,20240908
S08/20240908/00028,6,TENDER,1,1260.27,TENDER,08-09-2024 13:43:00,S08,20240908
S08/20240908/00029,1,P107740,1,1366.88,SALE,08-09-2024 16:52:04,S08,20240908
S08/20240908/00029,2,P102112,1,389.72,SALE,08-09-2024 16:52:04,S08,20240908
S08/20240908/00029,3,P106577,3,52.98,SALE,08-09-2024 16:52:04,S08,20240908
S08/20240908/00029,4,P104718,1,364.54,SALE,08-09-2024 16:52:04,S08,20240908
S08/20240908/00029,5,P108221,2,50.44,SALE,08-09-2024 16:52:04,S08,20240908
S08/20240908/00029,6,TAX,1,280.64,TAX,08-09-2024 16:52:04,S08,20240908
S08/20240908/00029,7,TENDER,1,2661.60,TENDER,08-09-2024 16:52:04,S08,20240908
S08/20240908/00030,1,P104658,1,73.05,SALE,08-09-2024 17:09:31,S08,20240908
S08/20240908/00030,2,P102768,3,158.73,SALE,08-09-2024 17:09:31,S08,20240908
S08/20240908/00030,3,P101789,1,391.48,SALE,08-09-2024 17:09:31,S08,20240908
S08/20240908/00030,4,P107294,1,83.95,SALE,08-09-2024 17:09:31,S08,20240908
S08/20240908/00030,5,P101389,2,430.39,SALE,08-09-2024 17:09:31,S08,20240908
S08/20240908/00030,6,P102389,2,84.91,SALE,08-09-2024 17:09:31,S08,20240908
S08/20240908/00030,7,TAX,1,298.65,TAX,08-09-2024 17:09:31,S08,20240908
S08/20240908/00030,8,TENDER,1,2353.92,TENDER,08-09-2024 17:09:31,S08,20240908
S08/20240908/00031,1,P101674,2,373.95,SALE,08-09-2024 18:16:20,S08,20240908
S08/20240908/00031,2,P105775,4,104.41,SALE,08-09-2024 18:16:20,S08,20240908
S08/20240908/00031,3,P101327,4,233.22,SALE,08-09-2024 18:16:20,S08,20240908
S08/20240908/00031,4,P101389,3,430.39,SALE,08-09-2024 18:16:20,S08,20240908
S08/20240908/00031,5,P107605,2,1234.07,SALE,08-09-2024 18:16:20,S08,20240908
S08/20240908/00031,6,P105672,3,65.85,SALE,08-09-2024 18:16:20,S08,20240908
S08/20240908/00031,7,P100164,2,594.91,SALE,08-09-2024 18:16:20,S08,20240908
S08/20240908/00031,8,P103222,1,398.43,SALE,08-09-2024 18:16:20,S08,20240908
S08/20240908/00031,9,P100479,2,342.92,SALE,08-09-2024 18:16:20,S08,20240908
S08/20240908/00031,10,TAX,1,1175.41,TAX,08-09-2024 18:16:20,S08,20240908
S08/20240908/00031,11,TENDER,1,9504.78,TENDER,08-09-2024 18:16:20,S08,20240908
S08/20240908/00032,1,P100577,2,300.10,SALE,08-09-2024 18:04:55,S08,20240908
S08/20240908/00032,2,P100319,1,48.05,SALE,08-09-2024 18:04:55,S08,20240908
S08/20240908/00032,3,P104891,1,757.22,SALE,08-09-2024 18:04:55,S08,20240908
S08/20240908/00032,4,P102874,2,142.11,SALE,08-09-2024 18:04:55,S08,20240908
S08/20240908/00032,5,P106151,2,298.42,SALE,08-09-2024 18:04:55,S08,20240908
S08/20240908/00032,6,P107253,2,241.31,SALE,08-09-2024 18:04:55,S08,20240908
S08/20240908/00032,7,TAX,1,287.14,TAX,08-09-2024 18:04:55,S08,20240908
S08/20240908/00032,8,TENDER,1,3056.29,TENDER,08-09-2024 18:04:55,S08,20240908
S08/20240908/00033,1,P103372,5,47.26,SALE,08-09-2024 14:24:41,S08,20240908
S08/20240908/00033,2,P103654,1,481.76,SALE,08-09-2024 14:24:41,S08,20240908
S08/20240908/00033,3,P107903,1,22.86,SALE,08-09-2024 14:24:41,S08,20240908
S08/20240908/00033,4,TAX,1,70.74,TAX,08-09-2024 14:24:41,S08,20240908
S08/20240908/00033,5,TENDER,1,811.66,TENDER,08-09-2024 14:24:41,S08,20240908
S08/20240908/00034,1,P102972,2,250.10,SALE,08-09-2024 08:11:10,S08,20240908
S08/20240908/00034,2,P106830,4,103.94,SALE,08-09-2024 08:11:10,S08,20240908
S08/20240908/00034,3,P107605,1,1234.07,SALE,08-09-2024 08:11:10,S08,20240908
S08/20240908/00034,4,P103999,2,120.61,SALE,08-09-2024 08:11:10,S08,20240908
S08/20240908/00034,5,P103382,3,196.46,SALE,08-09-2024 08:11:10,S08,20240908
S08/20240908/00034,6,TAX,1,324.48,TAX,08-09-2024 08:11:10,S08,20240908
S08/20240908/00034,7,TENDER,1,3305.11,TENDER,08-09-2024 08:11:10,S08,20240908
S08/20240908/00035,1,P104404,1,890.27,SALE,08-09-2024 14:50:02,S08,20240908
S08/20240908/00035,2,P107581,3,287.09,SALE,08-09-2024 14:50:02,S08,20240908
S08/20240908/00035,3,P103074,3,52.85,SALE,08-09-2024 14:50:02,S08,20240908
S08/20240908/00035,4,P107400,4,274.90,SALE,08-09-2024 14:50:02,S08,20240908
S08/20240908/00035,5,P101428,1,394.08,SALE,08-09-2024 14:50:02,S08,20240908
S08/20240908/00035,6,P106424,1,535.14,SALE,08-09-2024 14:50:02,S08,20240908
S08/20240908/00035,7,P100287,1,218.95,SALE,08-09-2024 14:50:02,S08,20240908
S08/20240908/00035,8,P105950,2,1356.49,SALE,08-09-2024 14:50:02,S08,20240908
S08/20240908/00035,9,TAX,1,560.62,TAX,08-09-2024 14:50:02,S08,20240908
S08/20240908/00035,10,TENDER,1,7431.46,TENDER,08-09-2024 14:50:02,S08,20240908
S08/20240908/00036,1,P104676,1,81.62,SALE,08-09-2024 17:38:25,S08,20240908
S08/20240908/00036,2,P106751,2,132.55,SALE,08-09-2024 17:38:25,S08,20240908
S08/20240908/00036,3,TAX,1,27.95,TAX,08-09-2024 17:38:25,S08,20240908
S08/20240908/00036,4,TENDER,1,374.67,TENDER,08-09-2024 17:38:25,S08,20240908
S08/20240908/00037,1,P104042,2,346.95,SALE,08-09-2024 14:59:06,S08,20240908
S08/20240908/00037,2,P108041,2,368.87,SALE,08-09-2024 14:59:06,S08,20240908
S08/20240908/00037,3,P107072,1,75.15,SALE,08-09-2024 14:59:06,S08,20240908
S08/20240908/00037,4,P105302,1,281.37,SALE,08-09-2024 14:59:06,S08,20240908
S08/20240908/00037,5,P104023,2,630.48,SALE,08-09-2024 14:59:06,S08,20240908
S08/20240908/00037,6,TAX,1,248.91,TAX,08-09-2024 14:59:06,S08,20240908
S08/20240908/00037,7,TENDER,1,3298.03,TENDER,08-09-2024 14:59:06,S08,20240908
S08/20240908/00038,1,P100519,2,365.61,SALE,08-09-2024 15:43:47,S08,20240908
S08/20240908/00038,2,P104454,2,49.63,SALE,08-09-2024 15:43:47,S08,20240908
S08/20240908/00038,3,P106686,1,324.48,SALE,08-09-2024 15:43:47,S08,20240908
S08/20240908/00038,4,P100627,4,440.29,SALE,08-09-2024 15:43:47,S08,20240908
S08/20240908/00038,5,TAX,1,196.99,TAX,08-09-2024 15:43:47,S08,20240908
S08/20240908/00038,6,TENDER,1,3113.11,TENDER,08-09-2024 15:43:47,S08,20240908
S08/20240908/00039,1,P104302,3,1255.97,SALE,08-09-2024 07:06:36,S08,20240908
S08/20240908/00039,2,P106671,5,101.77,SALE,08-09-2024 07:06:36,S08,20240908
S08/20240908/00039,3,P102682,1,94.04,SALE,08-09-2024 07:06:36,S08,20240908
S08/20240908/00039,4,P103283,2,166.64,SALE,08-09-2024 07:06:36,S08,20240908
S08/20240908/00039,5,TAX,1,498.96,TAX,08-09-2024 07:06:36,S08,20240908
S08/20240908/00039,6,TENDER,1,5203.04,TENDER,08-09-2024 07:06:36,S08,20240908
S08/20240908/00040,1,P101585,2,10.45,SALE,08-09-2024 15:53:14,S08,20240908
S08/20240908/00040,2,P104462,2,86.38,SALE,08-09-2024 15:53:14,S08,20240908
S08/20240908/00040,3,P102794,2,416.24,SALE,08-09-2024 15:53:14,S08,20240908
S08/20240908/00040,4,DISC,1,-95.36,DISCOUNT,08-09-2024 15:53:14,S08,20240908
S08/20240908/00040,5,TAX,1,11.25,TAX,08-09-2024 15:53:14,S08,20240908
S08/20240908/00040,6,TENDER,1,942.03,TENDER,08-09-2024 15:53:14,S08,20240908
S08/20240908/00041,1,P103159,3,1193.28,SALE,08-09-2024 14:04:07,S08,20240908
S08/20240908/00041,2,P107040,2,474.18,SALE,08-09-2024 14:04:07,S08,20240908
S08/20240908/00041,3,P101839,2,408.40,SALE,08-09-2024 14:04:07,S08,20240908
S08/20240908/00041,4,P108135,1,539.95,SALE,08-09-2024 14:04:07,S08,20240908
S08/20240908/00041,5,TAX,1,145.43,TAX,08-09-2024 14:04:07,S08,20240908
S08/20240908/00041,6,TENDER,1,6030.38,TENDER,08-09-2024 14:04:07,S08,20240908
S08/20240909/00001,1,P100203,2,272.10,SALE,09-09-2024 20:47:53,S08,20240909
S08/20240909/00001,2,P103449,4,381.08,SALE,09-09-2024 20:47:53,S08,20240909
S08/20240909/00001,3,P100150,2,280.80,SALE,09-09-2024 20:47:53,S08,20240909
S08/20240909/00001,4,P106989,4,26.75,SALE,09-09-2024 20:47:53,S08,20240909
S08/20240909/00001,5,DISC,1,-264.99,DISCOUNT,09-09-2024 20:47:53,S08,20240909
S08/20240909/00001,6,TAX,1,136.17,TAX,09-09-2024 20:47:53,S08,20240909
S08/20240909/00001,7,TENDER,1,2608.30,TENDER,09-09-2024 20:47:53,S08,20240909
S08/20240909/00002,1,P101779,2,198.09,SALE,09-09-2024 13:57:56,S08,20240909
S08/20240909/00002,2,P100469,4,50.11,SALE,09-09-2024 13:57:56,S08,20240909
S08/20240909/00002,3,P106501,1,164.07,SALE,09-09-2024 13:57:56,S08,20240909
S08/20240909/00002,4,P103222,1,398.43,SALE,09-09-2024 13:57:56,S08,20240909
S08/20240909/00002,5,TAX,1,107.18,TAX,09-09-2024 13:57:56,S08,20240909
S08/20240909/00002,6,TENDER,1,1266.30,TENDER,09-09-2024 13:57:56,S08,20240909
S08/20240909/00003,1,P104883,1,370.64,SALE,09-09-2024 17:29:35,S08,20240909
S08/20240909/00003,2,P105624,1,380.06,SALE,09-09-2024 17:29:35,S08,20240909
S08/20240909/00003,3,P101669,2,53.28,SALE,09-09-2024 17:29:35,S08,20240909
S08/20240909/00003,4,P103811,2,778.90,SALE,09-09-2024 17:29:35,S08,20240909
S08/20240909/00003,5,TAX,1,42.86,TAX,09-09-2024 17:29:35,S08,20240909
S08/20240909/00003,6,TENDER,1,2457.92,TENDER,09-09-2024 17:29:35,S08,20240909
S08/20240909/00004,1,P106891,2,642.78,SALE,10-09-2024 00:17:12,S08,20240909
S08/20240909/00004,2,P104891,2,757.22,SALE,10-09-2024 00:17:12,S08,20240909
S08/20240909/00004,3,P104064,2,326.15,SALE,10-09-2024 00:17:12,S08,20240909
S08/20240909/00004,4,P106512,2,450.83,SALE,10-09-2024 00:17:12,S08,20240909
S08/20240909/00004,5,P106671,2,101.77,SALE,10-09-2024 00:17:12,S08,20240909
S08/20240909/00004,6,P107381,2,195.99,SALE,10-09-2024 00:17:12,S08,20240909
S08/20240909/00004,7,P100140,4,61.44,SALE,10-09-2024 00:17:12,S08,20240909
S08/20240909/00004,8,TAX,1,588.04,TAX,10-09-2024 00:17:12,S08,20240909
S08/20240909/00004,9,TENDER,1,5783.28,TENDER,10-09-2024 00:17:12,S08,20240909
S08/20240909/00005,1,P106563,-1,426.95,RETURN,09-09-2024 18:44:54,S08,20240909
S08/20240909/00005,2,P104872,-1,132.45,RETURN,09-09-2024 18:44:54,S08,20240909
S08/20240909/00005,3,P102006,-4,1553.68,RETURN,09-09-2024 18:44:54,S08,20240909
S08/20240909/00005,4,TAX,1,-67.13,TAX,09-09-2024 18:44:54,S08,20240909
S08/20240909/00005,5,TENDER,1,-6841.25,TENDER,09-09-2024 18:44:54,S08,20240909
S08/20240909/00006,1,P101690,1,1044.81,SALE,09-09-2024 19:12:21,S08,20240909
S08/20240909/00006,2,P102566,2,414.37,SALE,09-09-2024 19:12:21,S08,20240909
S08/20240909/00006,3,P106697,6,342.69,SALE,09-09-2024 19:12:21,S08,20240909
S08/20240909/00006,4,P100239,1,360.16,SALE,09-09-2024 19:12:21,S08,20240909
S08/20240909/00006,5,P103950,2,1283.54,SALE,09-09-2024 19:12:21,S08,20240909
S08/20240909/00006,6,P105187,4,1046.11,SALE,09-09-2024 19:12:21,S08,20240909
S08/20240909/00006,7,TAX,1,511.99,TAX,09-09-2024 19:12:21,S08,20240909
S08/20240909/00006,8,TENDER,1,11553.36,TENDER,09-09-2024 19:12:21,S08,20240909
S08/20240909/00007,1,P100418,1,204.95,SALE,09-09-2024 19:37:12,S08,20240909
S08/20240909/00007,2,P104883,1,370.64,SALE,09-09-2024 19:37:12,S08,20240909
S08/20240909/00007,3,P102945,4,43.42,SALE,09-09-2024 19:37:12,S08,20240909
S08/20240909/00007,4,P101489,3,493.95,SALE,09-09-2024 19:37:12,S08,20240909
S08/20240909/00007,5,TAX,1,49.79,TAX,09-09-2024 19:37:12,S08,20240909
S08/20240909/00007,6,TENDER,1,2280.91,TENDER,09-09-2024 19:37:12,S08,20240909
S08/20240909/00008,1,P102383,5,10.09,SALE,09-09-2024 14:48:02,S08,20240909
S08/20240909/00008,2,P101622,1,259.77,SALE,09-09-2024 14:48:02,S08,20240909
S08/20240909/00008,3,P101272,1,96.70,SALE,09-09-2024 14:48:02,S08,20240909
S08/20240909/00008,4,P107362,1,69.39,SALE,09-09-2024 14:48:02,S08,20240909
S08/20240909/00008,5,P106067,3,444.09,SALE,09-09-2024 14:48:02,S08,20240909
S08/20240909/00008,6,P105547,1,431.77,SALE,09-09-2024 14:48:02,S08,20240909
S08/20240909/00008,7,TAX,1,157.82,TAX,09-09-2024 14:48:02,S08,20240909
S08/20240909/00008,8,TENDER,1,2398.17,TENDER,09-09-2024 14:48:02,S08,20240909
S08/20240909/00009,1,P103986,2,495.05,SALE,09-09-2024 15:18:46,S08,20240909
S08/20240909/00009,2,P105805,3,112.64,SALE,09-09-2024 15:18:46,S08,20240909
S08/20240909/00009,3,P106323,2,218.99,SALE,09-09-2024 15:18:46,S08,20240909
S08/20240909/00009,4,P101327,2,233.22,SALE,09-09-2024 15:18:46,S08,20240909
S08/20240909/00009,5,P104058,2,351.54,SALE,09-09-2024 15:18:46,S08,20240909
S08/20240909/00009,6,TAX,1,410.63,TAX,09-09-2024 15:18:46,S08,20240909
S08/20240909/00009,7,TENDER,1,3346.15,TENDER,09-09-2024 15:18:46,S08,20240909
S08/20240909/00010,1,P105460,2,143.35,SALE,09-09-2024 13:23:16,S08,20240909
S08/20240909/00010,2,P104469,2,1548.25,SALE,09-09-2024 13:23:16,S08,20240909
S08/20240909/00010,3,P102311,3,284.95,SALE,09-09-2024 13:23:16,S08,20240909
S08/20240909/00010,4,P104670,3,108.77,SALE,09-09-2024 13:23:16,S08,20240909
S08/20240909/00010,5,P103861,1,57.59,SALE,09-09-2024 13:23:16,S08,20240909
S08/20240909/00010,6,P107826,1,117.63,SALE,09-09-2024 13:23:16,S08,20240909
S08/20240909/00010,7,P100665,1,305.11,SALE,09-09-2024 13:23:16,S08,20240909
S08/20240909/00010,8,DISC,1,-282.75,DISCOUNT,09-09-2024 13:23:16,S08,20240909
S08/20240909/00010,9,TAX,1,545.86,TAX,09-09-2024 13:23:16,S08,20240909
S08/20240909/00010,10,TENDER,1,5307.80,TENDER,09-09-2024 13:23:16,S08,20240909
S08/20240909/00011,1,P101164,1,401.86,SALE,09-09-2024 17:34:14,S08,20240909
S08/20240909/00011,2,P107278,2,55.18,SALE,09-09-2024 17:34:14,S08,20240909
S08/20240909/00011,3,P104512,2,94.53,SALE,09-09-2024 17:34:14,S08,20240909
S08/20240909/00011,4,P105929,2,11.18,SALE,09-09-2024 17:34:14,S08,20240909
S08/20240909/00011,5,P108361,1,68.42,SALE,09-09-2024 17:34:14,S08,20240909
S08/20240909/00011,6,P106745,4,621.98,SALE,09-09-2024 17:34:14,S08,20240909
S08/20240909/00011,7,P104872,2,132.45,SALE,09-09-2024 17:34:14,S08,20240909
S08/20240909/00011,8,P106098,2,334.84,SALE,09-09-2024 17:34:14,S08,20240909
S08/20240909/00011,9,P105069,2,168.30,SALE,09-09-2024 17:34:14,S08,20240909
S08/20240909/00011,10,P108110,1,15.95,SALE,09-09-2024 17:34:14,S08,20240909
S08/20240909/00011,11,P104784,1,370.89,SALE,09-09-2024 17:34:14,S08,20240909
S08/20240909/00011,12,TAX,1,767.00,TAX,09-09-2024 17:34:14,S08,20240909
S08/20240909/00011,13,TENDER,1,5705.00,TENDER,09-09-2024 17:34:14,S08,20240909
S08/20240909/00012,1,P107381,1,195.99,SALE,09-09-2024 13:17:16,S08,20240909
S08/20240909/00012,2,P102549,4,139.23,SALE,09-09-2024 13:17:16,S08,20240909
S08/20240909/00012,3,P105805,1,112.64,SALE,09-09-2024 13:17:16,S08,20240909
S08/20240909/00012,4,TAX,1,23.52,TAX,09-09-2024 13:17:16,S08,20240909
S08/20240909/00012,5,TENDER,1,889.07,TENDER,09-09-2024 13:17:16,S08,20240909
S08/20240909/00013,1,P105337,2,35.20,SALE,09-09-2024 15:49:16,S08,20240909
S08/20240909/00013,2,P102436,3,243.03,SALE,09-09-2024 15:49:16,S08,20240909
S08/20240909/00013,3,P103927,4,206.11,SALE,09-09-2024 15:49:16,S08,20240909
S08/20240909/00013,4,P104628,2,196.55,SALE,09-09-2024 15:49:16,S08,20240909
S08/20240909/00013,5,P103012,1,256.77,SALE,09-09-2024 15:49:16,S08,20240909
S08/20240909/00013,6,P108216,1,69.70,SALE,09-09-2024 15:49:16,S08,20240909
S08/20240909/00013,7,P105531,1,502.91,SALE,09-09-2024 15:49:16,S08,20240909
S08/20240909/00013,8,P104133,2,248.31,SALE,09-09-2024 15:49:16,S08,20240909
S08/20240909/00013,9,TAX,1,341.38,TAX,09-09-2024 15:49:16,S08,20240909
S08/20240909/00013,10,TENDER,1,3684.41,TENDER,09-09-2024 15:49:16,S08,20240909
S08/20240909/00014,1,P106920,1,1398.34,SALE,09-09-2024 16:52:28,S08,20240909
S08/20240909/00014,2,P105603,3,202.29,SALE,09-09-2024 16:52:28,S08,20240909
S08/20240909/00014,3,TAX,1,109.24,TAX,09-09-2024 16:52:28,S08,20240909
S08/20240909/00014,4,TENDER,1,2114.45,TENDER,09-09-2024 16:52:28,S08,20240909
S08/20240909/00015,1,P107171,2,335.20,SALE,09-09-2024 13:42:03,S08,20240909
S08/20240909/00015,2,P105260,3,72.61,SALE,09-09-2024 13:42:03,S08,20240909
S08/20240909/00015,3,P102311,2,284.95,SALE,09-09-2024 13:42:03,S08,20240909
S08/20240909/00015,4,TAX,1,135.08,TAX,09-09-2024 13:42:03,S08,20240909
S08/20240909/00015,5,TENDER,1,1593.21,TENDER,09-09-2024 13:42:03,S08,20240909
S08/20240909/00016,1,P105003,1,285.67,SALE,09-09-2024 22:47:44,S08,20240909
S08/20240909/00016,2,P105959,1,513.93,SALE,09-09-2024 22:47:44,S08,20240909
S08/20240909/00016,3,P105772,1,539.31,SALE,09-09-2024 22:47:44,S08,20240909
S08/20240909/00016,4,TAX,1,241.00,TAX,09-09-2024 22:47:44,S08,20240909
S08/20240909/00016,5,TENDER,1,1579.91,TENDER,09-09-2024 22:47:44,S08,20240909
S08/20240909/00017,1,P108374,5,1311.92,SALE,09-09-2024 11:01:21,S08,20240909
S08/20240909/00017,2,P103062,2,173.63,SALE,09-09-2024 11:01:21,S08,20240909
S08/20240909/00017,3,P101747,1,270.33,SALE,09-09-2024 11:01:21,S08,20240909
S08/20240909/00017,4,P102000,4,82.98,SALE,09-09-2024 11:01:21,S08,20240909
S08/20240909/00017,5,P108227,2,551.58,SALE,09-09-2024 11:01:21,S08,20240909
S08/20240909/00017,6,P104938,2,999.94,SALE,09-09-2024 11:01:21,S08,20240909
S08/20240909/00017,7,TAX,1,330.61,TAX,09-09-2024 11:01:21,S08,20240909
S08/20240909/00017,8,TENDER,1,10942.76,TENDER,09-09-2024 11:01:21,S08,20240909
S08/20240909/00018,1,P100864,2,193.24,SALE,09-09-2024 15:53:16,S08,20240909
S08/20240909/00018,2,P105651,1,108.83,SALE,09-09-2024 15:53:16,S08,20240909
S08/20240909/00018,3,P101669,2,53.28,SALE,09-09-2024 15:53:16,S08,20240909
S08/20240909/00018,4,P105337,1,35.20,SALE,09-09-2024 15:53:16,S08,20240909
S08/20240909/00018,5,P106534,3,96.00,SALE,09-09-2024 15:53:16,S08,20240909
S08/20240909/00018,6,TAX,1,148.08,TAX,09-09-2024 15:53:16,S08,20240909
S08/20240909/00018,7,TENDER,1,1073.15,TENDER,09-09-2024 15:53:16,S08,20240909
S08/20240909/00019,1,P104902,2,470.00,SALE,09-09-2024 10:57:46,S08,20240909
S08/20240909/00019,2,P102593,1,92.93,SALE,09-09-2024 10:57:46,S08,20240909
S08/20240909/00019,3,P107837,1,94.99,SALE,09-09-2024 10:57:46,S08,20240909
S08/20240909/00019,4,P107381,1,195.99,SALE,09-09-2024 10:57:46,S08,20240909
S08/20240909/00019,5,TAX,1,226.54,TAX,09-09-2024 10:57:46,S08,20240909
S08/20240909/00019,6,TENDER,1,1550.45,TENDER,09-09-2024 10:57:46,S08,20240909
S08/20240909/00020,1,P105901,2,82.67,SALE,09-09-2024 20:25:39,S08,20240909
S08/20240909/00020,2,P103637,1,338.13,SALE,09-09-2024 20:25:39,S08,20240909
S08/20240909/00020,3,P104802,2,194.24,SALE,09-09-2024 20:25:39,S08,20240909
S08/20240909/00020,4,P107158,1,150.12,SALE,09-09-2024 20:25:39,S08,20240909
S08/20240909/00020,5,P105789,3,42.75,SALE,09-09-2024 20:25:39,S08,20240909
S08/20240909/00020,6,P105541,4,196.86,SALE,09-09-2024 20:25:39,S08,20240909
S08/20240909/00020,7,TAX,1,342.48,TAX,09-09-2024 20:25:39,S08,20240909
S08/20240909/00020,8,TENDER,1,2300.24,TENDER,09-09-2024 20:25:39,S08,20240909
S08/20240909/00021,1,P107026,1,65.23,SALE,09-09-2024 15:24:06,S08,20240909
S08/20240909/00021,2,P105666,2,1064.29,SALE,09-09-2024 15:24:06,S08,20240909
S08/20240909/00021,3,P107217,1,293.45,SALE,09-09-2024 15:24:06,S08,20240909
S08/20240909/00021,4,P102139,2,1521.81,SALE,09-09-2024 15:24:06,S08,20240909
S08/20240909/00021,5,P101298,2,224.87,SALE,09-09-2024 15:24:06,S08,20240909
S08/20240909/00021,6,TAX,1,253.11,TAX,09-09-2024 15:24:06,S08,20240909
S08/20240909/00021,7,TENDER,1,6233.73,TENDER,09-09-2024 15:24:06,S08,20240909
S08/20240909/00022,1,P108090,3,139.96,SALE,09-09-2024 21:03:26,S08,20240909
S08/20240909/00022,2,P100135,3,63.52,SALE,09-09-2024 21:03:26,S08,20240909
S08/20240909/00022,3,P104155,4,144.69,SALE,09-09-2024 21:03:26,S08,20240909
S08/20240909/00022,4,P100621,1,134.28,SALE,09-09-2024 21:03:26,S08,20240909
S08/20240909/00022,5,P108097,1,93.69,SALE,09-09-2024 21:03:26,S08,20240909
S08/20240909/00022,6,DISC,1,-139.23,DISCOUNT,09-09-2024 21:03:26,S08,20240909
S08/20240909/00022,7,TAX,1,59.46,TAX,09-09-2024 21:03:26,S08,20240909
S08/20240909/00022,8,TENDER,1,1337.40,TENDER,09-09-2024 21:03:26,S08,20240909
S08/20240909/00023,1,P104112,3,52.93,SALE,09-09-2024 15:58:03,S08,20240909
S08/20240909/00023,2,P100250,3,544.91,SALE,09-09-2024 15:58:03,S08,20240909
S08/20240909/00023,3,P100967,2,969.23,SALE,09-09-2024 15:58:03,S08,20240909
S08/20240909/00023,4,P105418,2,257.82,SALE,09-09-2024 15:58:03,S08,20240909
S08/20240909/00023,5,P107354,2,227.60,SALE,09-09-2024 15:58:03,S08,20240909
S08/20240909/00023,6,P101327,2,233.22,SALE,09-09-2024 15:58:03,S08,20240909
S08/20240909/00023,7,P108060,4,217.09,SALE,09-09-2024 15:58:03,S08,20240909
S08/20240909/00023,8,TAX,1,709.99,TAX,09-09-2024 15:58:03,S08,20240909
S08/20240909/00023,9,TENDER,1,6747.61,TENDER,09-09-2024 15:58:03,S08,20240909
S08/20240909/00024,1,P103766,1,213.25,SALE,09-09-2024 11:45:36,S08,20240909
S08/20240909/00024,2,P102465,3,1410.14,SALE,09-09-2024 11:45:36,S08,20240909
S08/20240909/00024,3,DISC,1,-449.26,DISCOUNT,09-09-2024 11:45:36,S08,20240909
S08/20240909/00024,4,TAX,1,199.72,TAX,09-09-2024 11:45:36,S08,20240909
S08/20240909/00024,5,TENDER,1,4194.13,TENDER,09-09-2024 11:45:36,S08,20240909
S08/20240910/00001,1,P104219,3,249.74,SALE,10-09-2024 09:04:36,S08,20240910
S08/20240910/00001,2,P100095,2,92.95,SALE,10-09-2024 09:04:36,S08,20240910
S08/20240910/00001,3,P107564,1,325.35,SALE,10-09-2024 09:04:36,S08,20240910
S08/20240910/00001,4,P106620,4,296.41,SALE,10-09-2024 09:04:36,S08,20240910
S08/20240910/00001,5,TAX,1,280.52,TAX,10-09-2024 09:04:36,S08,20240910
S08/20240910/00001,6,TENDER,1,2726.63,TENDER,10-09-2024 09:04:36,S08,20240910
S08/20240910/00002,1,P103105,1,31.43,SALE,10-09-2024 10:59:59,S08,20240910
S08/20240910/00002,2,P108149,2,1073.33,SALE,10-09-2024 10:59:59,S08,20240910
S08/20240910/00002,3,P101961,2,767.84,SALE,10-09-2024 10:59:59,S08,20240910
S08/20240910/00002,4,TAX,1,282.08,TAX,10-09-2024 10:59:59,S08,20240910
S08/20240910/00002,5,TENDER,1,3995.85,TENDER,10-09-2024 10:59:59,S08,20240910
S08/20240910/00003,1,P106948,1,180.07,SALE,10-09-2024 11:16:37,S08,20240910
S08/20240910/00003,2,P107767,6,510.38,SALE,10-09-2024 11:16:37,S08,20240910
S08/20240910/00003,3,P106720,2,126.28,SALE,10-09-2024 11:16:37,S08,20240910
S08/20240910/00003,4,P102286,4,238.95,SALE,10-09-2024 11:16:37,S08,20240910
S08/20240910/00003,5,TAX,1,379.62,TAX,10-09-2024 11:16:37,S08,20240910
S08/20240910/00003,6,TENDER,1,4830.33,TENDER,10-09-2024 11:16:37,S08,20240910
S08/20240910/00004,1,P101004,1,357.47,SALE,10-09-2024 07:18:40,S08,20240910
S08/20240910/00004,2,P101127,2,45.95,SALE,10-09-2024 07:18:40,S08,20240910
S08/20240910/00004,3,P100621,3,134.28,SALE,10-09-2024 07:18:40,S08,20240910
S08/20240910/00004,4,TAX,1,90.38,TAX,10-09-2024 07:18:40,S08,20240910
S08/20240910/00004,5,TENDER,1,942.59,TENDER,10-09-2024 07:18:40,S08,20240910
S08/20240910/00005,1,P100268,5,197.00,SALE,10-09-2024 14:05:55,S08,20240910
S08/20240910/00005,2,P104123,1,382.58,SALE,10-09-2024 14:05:55,S08,20240910
S08/20240910/00005,3,P107564,1,325.35,SALE,10-09-2024 14:05:55,S08,20240910
S08/20240910/00005,4,P107449,3,1495.62,SALE,10-09-2024 14:05:55,S08,20240910
S08/20240910/00005,5,P102755,2,72.12,SALE,10-09-2024 14:05:55,S08,20240910
S08/20240910/00005,6,TAX,1,679.84,TAX,10-09-2024 14:05:55,S08,20240910
S08/20240910/00005,7,TENDER,1,7003.87,TENDER,10-09-2024 14:05:55,S08,20240910
S08/20240910/00006,1,P102744,3,98.75,SALE,10-09-2024 12:44:49,S08,20240910
S08/20240910/00006,2,P100499,1,258.12,SALE,10-09-2024 12:44:49,S08,20240910
S08/20240910/00006,3,P103243,2,193.36,SALE,10-09-2024 12:44:49,S08,20240910
S08/20240910/00006,4,P107381,2,195.99,SALE,10-09-2024 12:44:49,S08,20240910
S08/20240910/00006,5,TAX,1,112.16,TAX,10-09-2024 12:44:49,S08,20240910
S08/20240910/00006,6,TENDER,1,1445.23,TENDER,10-09-2024 12:44:49,S08,20240910
S08/20240910/00007,1,P101174,1,57.43,SALE,10-09-2024 07:47:38,S08,20240910
S08/20240910/00007,2,P104956,2,133.95,SALE,10-09-2024 07:47:38,S08,20240910
S08/20240910/00007,3,P101134,1,1071.76,SALE,10-09-2024 07:47:38,S08,20240910
S08/20240910/00007,4,TAX,1,51.09,TAX,10-09-2024 07:47:38,S08,20240910
S08/20240910/00007,5,TENDER,1,1448.18,TENDER,10-09-2024 07:47:38,S08,20240910
S08/20240910/00008,1,P105069,1,168.30,SALE,10-09-2024 15:42:02,S08,20240910
S08/20240910/00008,2,P101298,2,224.87,SALE,10-09-2024 15:42:02,S08,20240910
S08/20240910/00008,3,TAX,1,84.26,TAX,10-09-2024 15:42:02,S08,20240910
S08/20240910/00008,4,TENDER,1,702.30,TENDER,10-09-2024 15:42:02,S08,20240910
S08/20240910/00009,1,P107253,3,241.31,SALE,10-09-2024 16:28:10,S08,20240910
S08/20240910/00009,2,P104898,2,181.50,SALE,10-09-2024 16:28:10,S08,20240910
S08/20240910/00009,3,P107775,2,739.97,SALE,10-09-2024 16:28:10,S08,20240910
S08/20240910/00009,4,P101894,2,668.48,SALE,10-09-2024 16:28:10,S08,20240910
S08/20240910/00009,5,P104600,2,56.45,SALE,10-09-2024 16:28:10,S08,20240910
S08/20240910/00009,6,TAX,1,258.23,TAX,10-09-2024 16:28:10,S08,20240910
S08/20240910/00009,7,TENDER,1,4274.96,TENDER,10-09-2024 16:28:10,S08,20240910
S08/20240910/00010,1,P101622,3,259.77,SALE,10-09-2024 14:46:04,S08,20240910
S08/20240910/00010,2,P108227,1,551.58,SALE,10-09-2024 14:46:04,S08,20240910
S08/20240910/00010,3,P108008,1,128.46,SALE,10-09-2024 14:46:04,S08,20240910
S08/20240910/00010,4,P107516,1,589.05,SALE,10-09-2024 14:46:04,S08,20240910
S08/20240910/00010,5,TAX,1,168.12,TAX,10-09-2024 14:46:04,S08,20240910
S08/20240910/00010,6,TENDER,1,2216.52,TENDER,10-09-2024 14:46:04,S08,20240910
S08/20240910/00011,1,P106367,2,650.25,SALE,10-09-2024 18:23:48,S08,20240910
S08/20240910/00011,2,P105294,2,126.15,SALE,10-09-2024 18:23:48,S08,20240910
S08/20240910/00011,3,TAX,1,110.44,TAX,10-09-2024 18:23:48,S08,20240910
S08/20240910/00011,4,TENDER,1,1663.24,TENDER,10-09-2024 18:23:48,S08,20240910
S08/20240910/00012,1,P101740,2,855.00,SALE,10-09-2024 17:52:32,S08,20240910
S08/20240910/00012,2,P102375,1,488.34,SALE,10-09-2024 17:52:32,S08,20240910
S08/20240910/00012,3,P103105,1,31.43,SALE,10-09-2024 17:52:32,S08,20240910
S08/20240910/00012,4,P105507,3,20.37,SALE,10-09-2024 17:52:32,S08,20240910
S08/20240910/00012,5,P106629,2,52.08,SALE,10-09-2024 17:52:32,S08,20240910
S08/20240910/00012,6,TAX,1,112.31,TAX,10-09-2024 17:52:32,S08,20240910
S08/20240910/00012,7,TENDER,1,2507.35,TENDER,10-09-2024 17:52:32,S08,20240910
S08/20240910/00013,1,P106731,3,153.24,SALE,10-09-2024 11:34:30,S08,20240910
S08/20240910/00013,2,P105901,5,82.67,SALE,10-09-2024 11:34:30,S08,20240910
S08/20240910/00013,3,P108221,1,50.44,SALE,10-09-2024 11:34:30,S08,20240910
S08/20240910/00013,4,P105167,2,826.20,SALE,10-09-2024 11:34:30,S08,20240910
S08/20240910/00013,5,P103563,3,23.03,SALE,10-09-2024 11:34:30,S08,20240910
S08/20240910/00013,6,TAX,1,153.74,TAX,10-09-2024 11:34:30,S08,20240910
S08/20240910/00013,7,TENDER,1,2798.74,TENDER,10-09-2024 11:34:30,S08,20240910
S08/20240910/00014,1,P106143,2,60.82,SALE,10-09-2024 17:48:26,S08,20240910
S08/20240910/00014,2,P105252,1,11.87,SALE,10-09-2024 17:48:26,S08,20240910
S08/20240910/00014,3,TAX,1,24.03,TAX,10-09-2024 17:48:26,S08,20240910
S08/20240910/00014,4,TENDER,1,157.54,TENDER,10-09-2024 17:48:26,S08,20240910
S08/20240910/00015,1,P101690,1,1044.81,SALE,10-09-2024 19:52:38,S08,20240910
S08/20240910/00015,2,P103129,3,79.05,SALE,10-09-2024 19:52:38,S08,20240910
S08/20240910/00015,3,P106553,1,139.74,SALE,10-09-2024 19:52:38,S08,20240910
S08/20240910/00015,4,P100339,4,299.99,SALE,10-09-2024 19:52:38,S08,20240910
S08/20240910/00015,5,P108008,2,128.46,SALE,10-09-2024 19:52:38,S08,20240910
S08/20240910/00015,6,TAX,1,382.32,TAX,10-09-2024 19:52:38,S08,20240910
S08/20240910/00015,7,TENDER,1,3260.90,TENDER,10-09-2024 19:52:38,S08,20240910
S08/20240910/00016,1,P105614,2,652.27,SALE,10-09-2024 16:47:01,S08,20240910
S08/20240910/00016,2,P102353,1,139.83,SALE,10-09-2024 16:47:01,S08,20240910
S08/20240910/00016,3,P108125,6,129.06,SALE,10-09-2024 16:47:01,S08,20240910
S08/20240910/00016,4,P100609,5,76.13,SALE,10-09-2024 16:47:01,S08,20240910
S08/20240910/00016,5,P102230,2,340.01,SALE,10-09-2024 16:47:01,S08,20240910
S08/20240910/00016,6,P105345,3,295.95,SALE,10-09-2024 16:47:01,S08,20240910
S08/20240910/00016,7,TAX,1,454.28,TAX,10-09-2024 16:47:01,S08,20240910
S08/20240910/00016,8,TENDER,1,4621.53,TENDER,10-09-2024 16:47:01,S08,20240910
S08/20240910/00017,1,P106934,5,1554.16,SALE,10-09-2024 14:29:43,S08,20240910
S08/20240910/00017,2,P100784,1,319.36,SALE,10-09-2024 14:29:43,S08,20240910
S08/20240910/00017,3,P100453,1,207.31,SALE,10-09-2024 14:29:43,S08,20240910
S08/20240910/00017,4,TAX,1,63.20,TAX,10-09-2024 14:29:43,S08,20240910
S08/20240910/00017,5,TENDER,1,8360.67,TENDER,10-09-2024 14:29:43,S08,20240910
S08/20240910/00018,1,P107488,4,303.21,SALE,10-09-2024 16:06:42,S08,20240910
S08/20240910/00018,2,P104251,2,79.68,SALE,10-09-2024 16:06:42,S08,20240910
S08/20240910/00018,3,TAX,1,247.00,TAX,10-09-2024 16:06:42,S08,20240910
S08/20240910/00018,4,TENDER,1,1619.20,TENDER,10-09-2024 16:06:42,S08,20240910
S08/20240910/00019,1,P105541,2,196.86,SALE,10-09-2024 16:10:25,S08,20240910
S08/20240910/00019,2,P104187,5,86.95,SALE,10-09-2024 16:10:25,S08,20240910
S08/20240910/00019,3,P102324,3,194.59,SALE,10-09-2024 16:10:25,S08,20240910
S08/20240910/00019,4,P106415,3,911.99,SALE,10-09-2024 16:10:25,S08,20240910
S08/20240910/00019,5,P107767,2,510.38,SALE,10-09-2024 16:10:25,S08,20240910
S08/20240910/00019,6,P105017,1,212.97,SALE,10-09-2024 16:10:25,S08,20240910
S08/20240910/00019,7,TAX,1,539.48,TAX,10-09-2024 16:10:25,S08,20240910
S08/20240910/00019,8,TENDER,1,5921.42,TENDER,10-09-2024 16:10:25,S08,20240910
S08/20240910/00020,1,P102975,2,226.32,SALE,10-09-2024 15:16:38,S08,20240910
S08/20240910/00020,2,P102122,2,129.27,SALE,10-09-2024 15:16:38,S08,20240910
S08/20240910/00020,3,P107542,3,162.57,SALE,10-09-2024 15:16:38,S08,20240910
S08/20240910/00020,4,P100827,1,1218.17,SALE,10-09-2024 15:16:38,S08,20240910
S08/20240910/00020,5,P106123,3,248.44,SALE,10-09-2024 15:16:38,S08,20240910
S08/20240910/00020,6,P101660,2,193.14,SALE,10-09-2024 15:16:38,S08,20240910
S08/20240910/00020,7,TAX,1,147.33,TAX,10-09-2024 15:16:38,S08,20240910
S08/20240910/00020,8,TENDER,1,3695.99,TENDER,10-09-2024 15:16:38,S08,20240910
S08/20240910/00021,1,P104883,2,370.64,SALE,10-09-2024 15:48:24,S08,20240910
S08/20240910/00021,2,P106288,1,46.52,SALE,10-09-2024 15:48:24,S08,20240910
S08/20240910/00021,3,P103785,2,562.18,SALE,10-09-2024 15:48:24,S08,20240910
S08/20240910/00021,4,P105042,2,66.53,SALE,10-09-2024 15:48:24,S08,20240910
S08/20240910/00021,5,P101656,2,262.95,SALE,10-09-2024 15:48:24,S08,20240910
S08/20240910/00021,6,P103732,1,94.74,SALE,10-09-2024 15:48:24,S08,20240910
S08/20240910/00021,7,P108050,1,1166.49,SALE,10-09-2024 15:48:24,S08,20240910
S08/20240910/00021,8,P104950,4,91.01,SALE,10-09-2024 15:48:24,S08,20240910
S08/20240910/00021,9,DISC,1,-296.71,DISCOUNT,10-09-2024 15:48:24,S08,20240910
S08/20240910/00021,10,TAX,1,362.39,TAX,10-09-2024 15:48:24,S08,20240910
S08/20240910/00021,11,TENDER,1,4262.07,TENDER,10-09-2024 15:48:24,S08,20240910
S08/20240910/00022,1,P105677,2,89.95,SALE,10-09-2024 13:24:34,S08,20240910
S08/20240910/00022,2,P102217,2,68.46,SALE,10-09-2024 13:24:34,S08,20240910
S08/20240910/00022,3,P104898,1,181.50,SALE,10-09-2024 13:24:34,S08,20240910
S08/20240910/00022,4,P106501,2,164.07,SALE,10-09-2024 13:24:34,S08,20240910
S08/20240910/00022,5,P106415,1,911.99,SALE,10-09-2024 13:24:34,S08,20240910
S08/20240910/00022,6,TAX,1,209.96,TAX,10-09-2024 13:24:34,S08,20240910
S08/20240910/00022,7,TENDER,1,1948.41,TENDER,10-09-2024 13:24:34,S08,20240910
S08/20240910/00023,1,P105594,2,321.63,SALE,10-09-2024 10:12:15,S08,20240910
S08/20240910/00023,2,P105003,4,285.67,SALE,10-09-2024 10:12:15,S08,20240910
S08/20240910/00023,3,P106553,2,139.74,SALE,10-09-2024 10:12:15,S08,20240910
S08/20240910/00023,4,P108097,1,93.69,SALE,10-09-2024 10:12:15,S08,20240910
S08/20240910/00023,5,P106464,1,271.59,SALE,10-09-2024 10:12:15,S08,20240910
S08/20240910/00023,6,P104665,2,217.71,SALE,10-09-2024 10:12:15,S08,20240910
S08/20240910/00023,7,P103074,1,52.85,SALE,10-09-2024 10:12:15,S08,20240910
S08/20240910/00023,8,TAX,1,438.78,TAX,10-09-2024 10:12:15,S08,20240910
S08/20240910/00023,9,TENDER,1,3357.75,TENDER,10-09-2024 10:12:15,S08,20240910
S08/20240910/00024,1,P105413,3,168.78,SALE,10-09-2024 11:15:03,S08,20240910
S08/20240910/00024,2,P101660,2,193.14,SALE,10-09-2024 11:15:03,S08,20240910
S08/20240910/00024,3,P106823,3,156.34,SALE,10-09-2024 11:15:03,S08,20240910
S08/20240910/00024,4,P104212,3,400.09,SALE,10-09-2024 11:15:03,S08,20240910
S08/20240910/00024,5,P103452,1,1033.70,SALE,10-09-2024 11:15:03,S08,20240910
S08/20240910/00024,6,P104382,1,62.22,SALE,10-09-2024 11:15:03,S08,20240910
S08/20240910/00024,7,P103918,1,527.10,SALE,10-09-2024 11:15:03,S08,20240910
S08/20240910/00024,8,TAX,1,433.56,TAX,10-09-2024 11:15:03,S08,20240910
S08/20240910/00024,9,TENDER,1,4618.49,TENDER,10-09-2024 11:15:03,S08,20240910
S08/20240910/00025,1,P106478,2,56.12,SALE,10-09-2024 15:21:03,S08,20240910
S08/20240910/00025,2,P103994,2,148.39,SALE,10-09-2024 15:21:03,S08,20240910
S08/20240910/00025,3,P101374,2,49.36,SALE,10-09-2024 15:21:03,S08,20240910
S08/20240910/00025,4,TAX,1,23.38,TAX,10-09-2024 15:21:03,S08,20240910
S08/20240910/00025,5,TENDER,1,531.12,TENDER,10-09-2024 15:21:03,S08,20240910
S08/20240910/00026,1,P100421,2,121.56,SALE,10-09-2024 16:42:00,S08,20240910
S08/20240910/00026,2,P106907,1,321.26,SALE,10-09-2024 16:42:00,S08,20240910
S08/20240910/00026,3,P108389,3,838.88,SALE,10-09-2024 16:42:00,S08,20240910
S08/20240910/00026,4,P102035,3,493.95,SALE,10-09-2024 16:42:00,S08,20240910
S08/20240910/00026,5,P102695,2,1259.21,SALE,10-09-2024 16:42:00,S08,20240910
S08/20240910/00026,6,P108397,1,286.03,SALE,10-09-2024 16:42:00,S08,20240910
S08/20240910/00026,7,TAX,1,536.46,TAX,10-09-2024 16:42:00,S08,20240910
S08/20240910/00026,8,TENDER,1,7903.78,TENDER,10-09-2024 16:42:00,S08,20240910
S08/20240910/00027,1,P105356,3,232.26,SALE,10-09-2024 19:29:48,S08,20240910
S08/20240910/00027,2,P102021,1,90.22,SALE,10-09-2024 19:29:48,S08,20240910
S08/20240910/00027,3,P101208,2,576.58,SALE,10-09-2024 19:29:48,S08,20240910
S08/20240910/00027,4,P106648,3,330.96,SALE,10-09-2024 19:29:48,S08,20240910
S08/20240910/00027,5,P105092,3,57.00,SALE,10-09-2024 19:29:48,S08,20240910
S08/20240910/00027,6,TAX,1,126.09,TAX,10-09-2024 19:29:48,S08,20240910
S08/20240910/00027,7,TENDER,1,3230.13,TENDER,10-09-2024 19:29:48,S08,20240910
S08/20240910/00028,1,P106501,2,164.07,SALE,10-09-2024 07:09:00,S08,20240910
S08/20240910/00028,2,P103214,2,260.71,SALE,10-09-2024 07:09:00,S08,20240910
S08/20240910/00028,3,P101982,3,366.95,SALE,10-09-2024 07:09:00,S08,20240910
S08/20240910/00028,4,TAX,1,283.29,TAX,10-09-2024 07:09:00,S08,20240910
S08/20240910/00028,5,TENDER,1,2233.70,TENDER,10-09-2024 07:09:00,S08,20240910
S08/20240910/00029,1,P105944,3,985.47,SALE,10-09-2024 19:01:50,S08,20240910
S08/20240910/00029,2,P103886,2,302.49,SALE,10-09-2024 19:01:50,S08,20240910
S08/20240910/00029,3,P104194,3,119.04,SALE,10-09-2024 19:01:50,S08,20240910
S08/20240910/00029,4,P107872,1,650.85,SALE,10-09-2024 19:01:50,S08,20240910
S08/20240910/00029,5,P102598,1,133.17,SALE,10-09-2024 19:01:50,S08,20240910
S08/20240910/00029,6,P101292,3,380.75,SALE,10-09-2024 19:01:50,S08,20240910
S08/20240910/00029,7,TAX,1,508.71,TAX,10-09-2024 19:01:50,S08,20240910
S08/20240910/00029,8,TENDER,1,6353.49,TENDER,10-09-2024 19:01:50,S08,20240910
S08/20240910/00030,1,P101018,2,141.83,SALE,10-09-2024 17:21:06,S08,20240910
S08/20240910/00030,2,P107018,1,187.58,SALE,10-09-2024 17:21:06,S08,20240910
S08/20240910/00030,3,P100348,1,513.95,SALE,10-09-2024 17:21:06,S08,20240910
S08/20240910/00030,4,P107346,2,449.29,SALE,10-09-2024 17:21:06,S08,20240910
S08/20240910/00030,5,P106844,2,23.44,SALE,10-09-2024 17:21:06,S08,20240910
S08/20240910/00030,6,P102761,1,170.84,SALE,10-09-2024 17:21:06,S08,20240910
S08/20240910/00030,7,TAX,1,88.44,TAX,10-09-2024 17:21:06,S08,20240910
S08/20240910/00030,8,TENDER,1,2189.93,TENDER,10-09-2024 17:21:06,S08,20240910
S08/20240911/00001,1,P104462,-1,86.38,RETURN,11-09-2024 12:55:18,S08,20240911
S08/20240911/00001,2,P102364,-3,104.57,RETURN,11-09-2024 12:55:18,S08,20240911
S08/20240911/00001,3,P100767,-2,277.22,RETURN,11-09-2024 12:55:18,S08,20240911
S08/20240911/00001,4,P107018,-3,187.58,RETURN,11-09-2024 12:55:18,S08,20240911
S08/20240911/00001,5,TAX,1,-155.46,TAX,11-09-2024 12:55:18,S08,20240911
S08/20240911/00001,6,TENDER,1,-1672.73,TENDER,11-09-2024 12:55:18,S08,20240911
S08/20240911/00002,1,P103168,1,923.59,SALE,11-09-2024 13:25:09,S08,20240911
S08/20240911/00002,2,P101613,1,125.30,SALE,11-09-2024 13:25:09,S08,20240911
S08/20240911/00002,3,P103309,1,59.57,SALE,11-09-2024 13:25:09,S08,20240911
S08/20240911/00002,4,P107190,3,223.50,SALE,11-09-2024 13:25:09,S08,20240911
S08/20240911/00002,5,P101062,1,47.97,SALE,11-09-2024 13:25:09,S08,20240911
S08/20240911/00002,6,TAX,1,259.45,TAX,11-09-2024 13:25:09,S08,20240911
S08/20240911/00002,7,TENDER,1,2086.38,TENDER,11-09-2024 13:25:09,S08,20240911
S08/20240911/00003,1,P104554,1,437.01,SALE,11-09-2024 23:03:16,S08,20240911
S08/20240911/00003,2,P103062,1,173.63,SALE,11-09-2024 23:03:16,S08,20240911
S08/20240911/00003,3,P101034,2,94.74,SALE,11-09-2024 23:03:16,S08,20240911
S08/20240911/00003,4,P102947,1,59.21,SALE,11-09-2024 23:03:16,S08,20240911
S08/20240911/00003,5,P103231,3,235.56,SALE,11-09-2024 23:03:16,S08,20240911
S08/20240911/00003,6,P100239,1,360.16,SALE,11-09-2024 23:03:16,S08,20240911
S08/20240911/00003,7,P105672,3,65.85,SALE,11-09-2024 23:03:16,S08,20240911
S08/20240911/00003,8,TAX,1,162.41,TAX,11-09-2024 23:03:16,S08,20240911
S08/20240911/00003,9,TENDER,1,2286.13,TENDER,11-09-2024 23:03:16,S08,20240911
S08/20240911/00004,1,P104202,1,153.74,SALE,11-09-2024 18:24:07,S08,20240911
S08/20240911/00004,2,P106473,2,298.68,SALE,11-09-2024 18:24:07,S08,20240911
S08/20240911/00004,3,P102471,1,151.71,SALE,11-09-2024 18:24:07,S08,20240911
S08/20240911/00004,4,P102821,2,1356.95,SALE,11-09-2024 18:24:07,S08,20240911
S08/20240911/00004,5,TAX,1,134.83,TAX,11-09-2024 18:24:07,S08,20240911
S08/20240911/00004,6,TENDER,1,3751.54,TENDER,11-09-2024 18:24:07,S08,20240911
S08/20240911/00005,1,P107320,1,223.25,SALE,11-09-2024 17:23:23,S08,20240911
S08/20240911/00005,2,P105695,1,158.81,SALE,11-09-2024 17:23:23,S08,20240911
S08/20240911/00005,3,P101656,2,262.95,SALE,11-09-2024 17:23:23,S08,20240911
S08/20240911/00005,4,P103461,3,104.95,SALE,11-09-2024 17:23:23,S08,20240911
S08/20240911/00005,5,TAX,1,135.62,TAX,11-09-2024 17:23:23,S08,20240911
S08/20240911/00005,6,TENDER,1,1358.43,TENDER,11-09-2024 17:23:23,S08,20240911
S08/20240911/00006,1,P108026,2,103.54,SALE,11-09-2024 20:48:08,S08,20240911
S08/20240911/00006,2,P106288,2,46.52,SALE,11-09-2024 20:48:08,S08,20240911
S08/20240911/00006,3,P101311,1,481.74,SALE,11-09-2024 20:48:08,S08,20240911
S08/20240911/00006,4,P108026,-2,103.54,VOID,11-09-2024 20:48:08,S08,20240911
S08/20240911/00006,5,P106288,-2,46.52,VOID,11-09-2024 20:48:08,S08,20240911
S08/20240911/00006,6,P101311,-1,481.74,VOID,11-09-2024 20:48:08,S08,20240911
S08/20240911/00006,7,TAX,1,0.00,TAX,11-09-2024 20:48:08,S08,20240911
S08/20240911/00006,8,TENDER,1,0.00,TENDER,11-09-2024 20:48:08,S08,20240911
S08/20240911/00007,1,P107822,1,69.77,SALE,11-09-2024 19:50:32,S08,20240911
S08/20240911/00007,2,P105950,1,1356.49,SALE,11-09-2024 19:50:32,S08,20240911
S08/20240911/00007,3,P104294,1,115.73,SALE,11-09-2024 19:50:32,S08,20240911
S08/20240911/00007,4,P105288,1,271.73,SALE,11-09-2024 19:50:32,S08,20240911
S08/20240911/00007,5,TAX,1,26.45,TAX,11-09-2024 19:50:32,S08,20240911
S08/20240911/00007,6,TENDER,1,1840.17,TENDER,11-09-2024 19:50:32,S08,20240911
S08/20240911/00008,1,P106773,3,397.71,SALE,11-09-2024 22:07:55,S08,20240911
S08/20240911/00008,2,P101638,4,402.54,SALE,11-09-2024 22:07:55,S08,20240911
S08/20240911/00008,3,P101674,2,373.95,SALE,11-09-2024 22:07:55,S08,20240911
S08/20240911/00008,4,P105490,2,154.49,SALE,11-09-2024 22:07:55,S08,20240911
S08/20240911/00008,5,TAX,1,598.22,TAX,11-09-2024 22:07:55,S08,20240911
S08/20240911/00008,6,TENDER,1,4458.39,TENDER,11-09-2024 22:07:55,S08,20240911
S08/20240911/00009,1,P103701,-1,1171.33,RETURN,11-09-2024 17:15:39,S08,20240911
S08/20240911/00009,2,P102397,-2,355.28,RETURN,11-09-2024 17:15:39,S08,20240911
S08/20240911/00009,3,TAX,1,-143.83,TAX,11-09-2024 17:15:39,S08,20240911
S08/20240911/00009,4,TENDER,1,-2025.72,TENDER,11-09-2024 17:15:39,S08,20240911
S08/20240911/00010,1,P103424,3,295.58,SALE,11-09-2024 14:44:59,S08,20240911
S08/20240911/00010,2,P106659,1,98.98,SALE,11-09-2024 14:44:59,S08,20240911
S08/20240911/00010,3,P101710,3,322.76,SALE,11-09-2024 14:44:59,S08,20240911
S08/20240911/00010,4,P100850,3,172.84,SALE,11-09-2024 14:44:59,S08,20240911
S08/20240911/00010,5,P102671,3,252.00,SALE,11-09-2024 14:44:59,S08,20240911
S08/20240911/00010,6,TAX,1,432.78,TAX,11-09-2024 14:44:59,S08,20240911
S08/20240911/00010,7,TENDER,1,3661.30,TENDER,11-09-2024 14:44:59,S08,20240911
S08/20240911/00011,1,P107708,3,163.95,SALE,11-09-2024 15:28:49,S08,20240911
S08/20240911/00011,2,P100131,2,667.83,SALE,11-09-2024 15:28:49,S08,20240911
S08/20240911/00011,3,P102886,3,139.22,SALE,11-09-2024 15:28:49,S08,20240911
S08/20240911/00011,4,P100135,1,72.29,SALE,11-09-2024 15:28:49,S08,20240911
S08/20240911/00011,5,TAX,1,184.78,TAX,11-09-2024 15:28:49,S08,20240911
S08/20240911/00011,6,TENDER,1,2502.24,TENDER,11-09-2024 15:28:49,S08,20240911
S08/20240911/00012,1,P104756,3,373.50,SALE,11-09-2024 18:12:12,S08,20240911
S08/20240911/00012,2,P102091,1,87.97,SALE,11-09-2024 18:12:12,S08,20240911
S08/20240911/00012,3,P105377,1,275.11,SALE,11-09-2024 18:12:12,S08,20240911
S08/20240911/00012,4,P100255,4,1250.31,SALE,11-09-2024 18:12:12,S08,20240911
S08/20240911/00012,5,P103294,3,73.82,SALE,11-09-2024 18:12:12,S08,20240911
S08/20240911/00012,6,P106783,4,94.23,SALE,11-09-2024 18:12:12,S08,20240911
S08/20240911/00012,7,TAX,1,496.45,TAX,11-09-2024 18:12:12,S08,20240911
S08/20240911/00012,8,TENDER,1,7579.65,TENDER,11-09-2024 18:12:12,S08,20240911
S08/20240911/00013,1,P105827,1,104.04,SALE,11-09-2024 20:01:34,S08,20240911
S08/20240911/00013,2,P107708,2,163.95,SALE,11-09-2024 20:01:34,S08,20240911
S08/20240911/00013,3,P101305,2,114.22,SALE,11-09-2024 20:01:34,S08,20240911
S08/20240911/00013,4,P101004,2,324.97,SALE,11-09-2024 20:01:34,S08,20240911
S08/20240911/00013,5,P106277,4,425.71,SALE,11-09-2024 20:01:34,S08,20240911
S08/20240911/00013,6,TAX,1,163.96,TAX,11-09-2024 20:01:34,S08,20240911
S08/20240911/00013,7,TENDER,1,3177.12,TENDER,11-09-2024 20:01:34,S08,20240911
S08/20240911/00014,1,P101101,2,74.25,SALE,11-09-2024 12:12:14,S08,20240911
S08/20240911/00014,2,P100106,3,318.86,SALE,11-09-2024 12:12:14,S08,20240911
S08/20240911/00014,3,P102880,1,575.53,SALE,11-09-2024 12:12:14,S08,20240911
S08/20240911/00014,4,P101242,2,83.48,SALE,11-09-2024 12:12:14,S08,20240911
S08/20240911/00014,5,P104858,1,331.88,SALE,11-09-2024 12:12:14,S08,20240911
S08/20240911/00014,6,P106911,3,232.77,SALE,11-09-2024 12:12:14,S08,20240911
S08/20240911/00014,7,TAX,1,288.66,TAX,11-09-2024 12:12:14,S08,20240911
S08/20240911/00014,8,TENDER,1,3166.42,TENDER,11-09-2024 12:12:14,S08,20240911
S08/20240911/00015,1,P104593,3,867.34,SALE,11-09-2024 18:31:29,S08,20240911
S08/20240911/00015,2,P103435,2,443.24,SALE,11-09-2024 18:31:29,S08,20240911
S08/20240911/00015,3,P100767,2,293.85,SALE,11-09-2024 18:31:29,S08,20240911
S08/20240911/00015,4,TAX,1,542.33,TAX,11-09-2024 18:31:29,S08,20240911
S08/20240911/00015,5,TENDER,1,4618.53,TENDER,11-09-2024 18:31:29,S08,20240911
S08/20240911/00016,1,P104501,1,413.53,SALE,11-09-2024 13:13:46,S08,20240911
S08/20240911/00016,2,P104916,3,291.36,SALE,11-09-2024 13:13:46,S08,20240911
S08/20240911/00016,3,P100549,5,320.43,SALE,11-09-2024 13:13:46,S08,20240911
S08/20240911/00016,4,P107630,3,290.66,SALE,11-09-2024 13:13:46,S08,20240911
S08/20240911/00016,5,P106710,3,98.77,SALE,11-09-2024 13:13:46,S08,20240911
S08/20240911/00016,6,P103299,3,220.95,SALE,11-09-2024 13:13:46,S08,20240911
S08/20240911/00016,7,TAX,1,679.20,TAX,11-09-2024 13:13:46,S08,20240911
S08/20240911/00016,8,TENDER,1,5400.10,TENDER,11-09-2024 13:13:46,S08,20240911
S08/20240911/00017,1,P102623,3,107.54,SALE,11-09-2024 20:47:45,S08,20240911
S08/20240911/00017,2,P102122,1,129.27,SALE,11-09-2024 20:47:45,S08,20240911
S08/20240911/00017,3,P105050,3,114.80,SALE,11-09-2024 20:47:45,S08,20240911
S08/20240911/00017,4,P102217,6,68.46,SALE,11-09-2024 20:47:45,S08,20240911
S08/20240911/00017,5,TAX,1,79.20,TAX,11-09-2024 20:47:45,S08,20240911
S08/20240911/00017,6,TENDER,1,1286.25,TENDER,11-09-2024 20:47:45,S08,20240911
S08/20240911/00018,1,P104739,1,172.21,SALE,11-09-2024 16:14:39,S08,20240911
S08/20240911/00018,2,P107171,2,335.20,SALE,11-09-2024 16:14:39,S08,20240911
S08/20240911/00018,3,P100178,1,480.34,SALE,11-09-2024 16:14:39,S08,20240911
S08/20240911/00018,4,P106566,3,251.68,SALE,11-09-2024 16:14:39,S08,20240911
S08/20240911/00018,5,TAX,1,333.81,TAX,11-09-2024 16:14:39,S08,20240911
S08/20240911/00018,6,TENDER,1,2411.80,TENDER,11-09-2024 16:14:39,S08,20240911
S08/20240911/00019,1,P104533,3,271.68,SALE,11-09-2024 11:19:06,S08,20240911
S08/20240911/00019,2,P103538,2,265.96,SALE,11-09-2024 11:19:06,S08,20240911
S08/20240911/00019,3,P101779,1,198.09,SALE,11-09-2024 11:19:06,S08,20240911
S08/20240911/00019,4,P100183,2,1493.10,SALE,11-09-2024 11:19:06,S08,20240911
S08/20240911/00019,5,P104202,3,153.74,SALE,11-09-2024 11:19:06,S08,20240911
S08/20240911/00019,6,DISC,1,-344.84,DISCOUNT,11-09-2024 11:19:06,S08,20240911
S08/20240911/00019,7,TAX,1,405.51,TAX,11-09-2024 11:19:06,S08,20240911
S08/20240911/00019,8,TENDER,1,5053.14,TENDER,11-09-2024 11:19:06,S08,20240911
S08/20240911/00020,1,P101507,2,635.95,SALE,12-09-2024 00:04:12,S08,20240911
S08/20240911/00020,2,TAX,1,63.60,TAX,12-09-2024 00:04:12,S08,20240911
S08/20240911/00020,3,TENDER,1,1335.50,TENDER,12-09-2024 00:04:12,S08,20240911
S08/20240911/00021,1,P105827,1,104.04,SALE,11-09-2024 15:53:16,S08,20240911
S08/20240911/00021,2,P101356,2,1083.07,SALE,11-09-2024 15:53:16,S08,20240911
S08/20240911/00021,3,P103035,2,1201.33,SALE,11-09-2024 15:53:16,S08,20240911
S08/20240911/00021,4,P104011,2,657.72,SALE,11-09-2024 15:53:16,S08,20240911
S08/20240911/00021,5,TAX,1,299.41,TAX,11-09-2024 15:53:16,S08,20240911
S08/20240911/00021,6,TENDER,1,6287.69,TENDER,11-09-2024 15:53:16,S08,20240911
S08/20240911/00022,1,P100057,1,213.48,SALE,11-09-2024 12:51:47,S08,20240911
S08/20240911/00022,2,P106443,2,52.87,SALE,11-09-2024 12:51:47,S08,20240911
S08/20240911/00022,3,P105805,2,112.64,SALE,11-09-2024 12:51:47,S08,20240911
S08/20240911/00022,4,P104854,4,34.90,SALE,11-09-2024 12:51:47,S08,20240911
S08/20240911/00022,5,TAX,1,30.90,TAX,11-09-2024 12:51:47,S08,20240911
S08/20240911/00022,6,TENDER,1,715.00,TENDER,11-09-2024 12:51:47,S08,20240911
S08/20240911/00023,1,P103096,3,315.47,SALE,11-09-2024 15:48:42,S08,20240911
S08/20240911/00023,2,P105651,3,108.83,SALE,11-09-2024 15:48:42,S08,20240911
S08/20240911/00023,3,P106478,4,56.12,SALE,11-09-2024 15:48:42,S08,20240911
S08/20240911/00023,4,P106802,3,689.06,SALE,11-09-2024 15:48:42,S08,20240911
S08/20240911/00023,5,TAX,1,343.71,TAX,11-09-2024 15:48:42,S08,20240911
S08/20240911/00023,6,TENDER,1,3908.27,TENDER,11-09-2024 15:48:42,S08,20240911
S08/20240911/00024,1,P100198,2,156.66,SALE,11-09-2024 14:56:21,S08,20240911
S08/20240911/00024,2,P105511,1,310.12,SALE,11-09-2024 14:56:21,S08,20240911
S08/20240911/00024,3,P105633,1,46.25,SALE,11-09-2024 14:56:21,S08,20240911
S08/20240911/00024,4,TAX,1,73.80,TAX,11-09-2024 14:56:21,S08,20240911
S08/20240911/00024,5,TENDER,1,743.49,TENDER,11-09-2024 14:56:21,S08,20240911
S08/20240911/00025,1,P101018,6,141.83,SALE,11-09-2024 18:42:14,S08,20240911
S08/20240911/00025,2,P103629,2,60.58,SALE,11-09-2024 18:42:14,S08,20240911
S08/20240911/00025,3,P105547,4,431.77,SALE,11-09-2024 18:42:14,S08,20240911
S08/20240911/00025,4,TAX,1,229.06,TAX,11-09-2024 18:42:14,S08,20240911
S08/20240911/00025,5,TENDER,1,2928.28,TENDER,11-09-2024 18:42:14,S08,20240911
S08/20240911/00026,1,P105497,2,70.98,SALE,11-09-2024 10:26:00,S08,20240911
S08/20240911/00026,2,P101083,6,343.85,SALE,11-09-2024 10:26:00,S08,20240911
S08/20240911/00026,3,P105944,4,985.47,SALE,11-09-2024 10:26:00,S08,20240911
S08/20240911/00026,4,TAX,1,861.42,TAX,11-09-2024 10:26:00,S08,20240911
S08/20240911/00026,5,TENDER,1,7008.36,TENDER,11-09-2024 10:26:00,S08,20240911
S08/20240911/00027,1,P105356,2,232.26,SALE,11-09-2024 19:44:04,S08,20240911
S08/20240911/00027,2,P104242,3,308.27,SALE,11-09-2024 19:44:04,S08,20240911
S08/20240911/00027,3,P105155,1,350.84,SALE,11-09-2024 19:44:04,S08,20240911
S08/20240911/00027,4,P104236,1,289.43,SALE,11-09-2024 19:44:04,S08,20240911
S08/20240911/00027,5,P100326,3,47.79,SALE,11-09-2024 19:44:04,S08,20240911
S08/20240911/00027,6,P106553,3,139.74,SALE,11-09-2024 19:44:04,S08,20240911
S08/20240911/00027,7,P102081,4,164.15,SALE,11-09-2024 19:44:04,S08,20240911
S08/20240911/00027,8,P102585,3,516.36,SALE,11-09-2024 19:44:04,S08,20240911
S08/20240911/00027,9,TAX,1,500.75,TAX,11-09-2024 19:44:04,S08,20240911
S08/20240911/00027,10,TENDER,1,5298.62,TENDER,11-09-2024 19:44:04,S08,20240911
S08/20240911/00028,1,P104378,2,95.33,SALE,11-09-2024 15:42:11,S08,20240911
S08/20240911/00028,2,P102166,2,52.54,SALE,11-09-2024 15:42:11,S08,20240911
S08/20240911/00028,3,P103328,3,236.27,SALE,11-09-2024 15:42:11,S08,20240911
S08/20240911/00028,4,P107145,5,235.69,SALE,11-09-2024 15:42:11,S08,20240911
S08/20240911/00028,5,TAX,1,310.79,TAX,11-09-2024 15:42:11,S08,20240911
S08/20240911/00028,6,TENDER,1,2493.79,TENDER,11-09-2024 15:42:11,S08,20240911
S08/20240911/00029,1,P100260,1,1120.33,SALE,11-09-2024 20:15:54,S08,20240911
S08/20240911/00029,2,P105307,2,831.20,SALE,11-09-2024 20:15:54,S08,20240911
S08/20240911/00029,3,P106209,4,199.51,SALE,11-09-2024 20:15:54,S08,20240911
S08/20240911/00029,4,P107662,5,330.01,SALE,11-09-2024 20:15:54,S08,20240911
S08/20240911/00029,5,P101874,3,19.95,SALE,11-09-2024 20:15:54,S08,20240911
S08/20240911/00029,6,P106181,2,778.60,SALE,11-09-2024 20:15:54,S08,20240911
S08/20240911/00029,7,TAX,1,475.89,TAX,11-09-2024 20:15:54,S08,20240911
S08/20240911/00029,8,TENDER,1,7323.76,TENDER,11-09-2024 20:15:54,S08,20240911
S08/20240912/00001,1,P103833,3,1136.81,SALE,12-09-2024 15:42:54,S08,20240912
S08/20240912/00001,2,P106629,1,52.08,SALE,12-09-2024 15:42:54,S08,20240912
S08/20240912/00001,3,P101825,2,183.68,SALE,12-09-2024 15:42:54,S08,20240912
S08/20240912/00001,4,P101389,1,430.39,SALE,12-09-2024 15:42:54,S08,20240912
S08/20240912/00001,5,DISC,1,-358.30,DISCOUNT,12-09-2024 15:42:54,S08,20240912
S08/20240912/00001,6,TAX,1,252.54,TAX,12-09-2024 15:42:54,S08,20240912
S08/20240912/00001,7,TENDER,1,4154.50,TENDER,12-09-2024 15:42:54,S08,20240912
S08/20240912/00002,1,P102160,1,221.62,SALE,12-09-2024 14:29:53,S08,20240912
S08/20240912/00002,2,P102772,4,151.97,SALE,12-09-2024 14:29:53,S08,20240912
S08/20240912/00002,3,P100380,5,136.58,SALE,12-09-2024 14:29:53,S08,20240912
S08/20240912/00002,4,P107753,2,73.61,SALE,12-09-2024 14:29:53,S08,20240912
S08/20240912/00002,5,P104064,1,326.15,SALE,12-09-2024 14:29:53,S08,20240912
S08/20240912/00002,6,TAX,1,178.07,TAX,12-09-2024 14:29:53,S08,20240912
S08/20240912/00002,7,TENDER,1,2163.84,TENDER,12-09-2024 14:29:53,S08,20240912
S08/20240912/00003,1,P106735,1,320.99,SALE,12-09-2024 11:12:22,S08,20240912
S08/20240912/00003,2,P108369,1,318.67,SALE,12-09-2024 11:12:22,S08,20240912
S08/20240912/00003,3,P100326,3,47.79,SALE,12-09-2024 11:12:22,S08,20240912
S08/20240912/00003,4,P103294,2,69.64,SALE,12-09-2024 11:12:22,S08,20240912
S08/20240912/00003,5,TAX,1,147.91,TAX,12-09-2024 11:12:22,S08,20240912
S08/20240912/00003,6,TENDER,1,1070.22,TENDER,12-09-2024 11:12:22,S08,20240912
S08/20240912/00004,1,P104187,1,86.95,SALE,12-09-2024 16:15:14,S08,20240912
S08/20240912/00004,2,P104554,2,437.01,SALE,12-09-2024 16:15:14,S08,20240912
S08/20240912/00004,3,P101779,2,198.09,SALE,12-09-2024 16:15:14,S08,20240912
S08/20240912/00004,4,TAX,1,129.04,TAX,12-09-2024 16:15:14,S08,20240912
S08/20240912/00004,5,TENDER,1,1486.19,TENDER,12-09-2024 16:15:14,S08,20240912
S08/20240912/00005,1,P100649,3,628.39,SALE,12-09-2024 19:02:40,S08,20240912
S08/20240912/00005,2,P105553,1,764.76,SALE,12-09-2024 19:02:40,S08,20240912
S08/20240912/00005,3,P101332,2,400.98,SALE,12-09-2024 19:02:40,S08,20240912
S08/20240912/00005,4,P106004,2,137.38,SALE,12-09-2024 19:02:40,S08,20240912
S08/20240912/00005,5,TAX,1,344.12,TAX,12-09-2024 19:02:40,S08,20240912
S08/20240912/00005,6,TENDER,1,4070.77,TENDER,12-09-2024 19:02:40,S08,20240912
S08/20240912/00006,1,P107190,5,223.50,SALE,12-09-2024 18:58:59,S08,20240912
S08/20240912/00006,2,P105980,2,263.95,SALE,12-09-2024 18:58:59,S08,20240912
S08/20240912/00006,3,P100183,2,1493.10,SALE,12-09-2024 18:58:59,S08,20240912
S08/20240912/00006,4,P108206,5,81.62,SALE,12-09-2024 18:58:59,S08,20240912
S08/20240912/00006,5,P100549,2,320.43,SALE,12-09-2024 18:58:59,S08,20240912
S08/20240912/00006,6,P101164,1,401.86,SALE,12-09-2024 18:58:59,S08,20240912
S08/20240912/00006,7,P107158,1,150.12,SALE,12-09-2024 18:58:59,S08,20240912
S08/20240912/00006,8,P107190,-5,223.50,VOID,12-09-2024 18:58:59,S08,20240912
S08/20240912/00006,9,P105980,-2,263.95,VOID,12-09-2024 18:58:59,S08,20240912
S08/20240912/00006,10,P100183,-2,1493.10,VOID,12-09-2024 18:58:59,S08,20240912
S08/20240912/00006,11,P108206,-5,81.62,VOID,12-09-2024 18:58:59,S08,20240912
S08/20240912/00006,12,P100549,-2,320.43,VOID,12-09-2024 18:58:59,S08,20240912
S08/20240912/00006,13,P101164,-1,401.86,VOID,12-09-2024 18:58:59,S08,20240912
S08/20240912/00006,14,P107158,-1,150.12,VOID,12-09-2024 18:58:59,S08,20240912
S08/20240912/00006,15,TAX,1,0.00,TAX,12-09-2024 18:58:59,S08,20240912
S08/20240912/00006,16,TENDER,1,0.00,TENDER,12-09-2024 18:58:59,S08,20240912
S08/20240912/00007,1,P104058,2,351.54,SALE,12-09-2024 07:45:22,S08,20240912
S08/20240912/00007,2,TAX,1,126.55,TAX,12-09-2024 07:45:22,S08,20240912
S08/20240912/00007,3,TENDER,1,829.63,TENDER,12-09-2024 07:45:22,S08,20240912
S08/20240912/00008,1,P105365,1,420.06,SALE,12-09-2024 09:40:38,S08,20240912
S08/20240912/00008,2,P103262,1,54.76,SALE,12-09-2024 09:40:38,S08,20240912
S08/20240912/00008,3,P103822,1,654.46,SALE,12-09-2024 09:40:38,S08,20240912
S08/20240912/00008,4,TAX,1,170.95,TAX,12-09-2024 09:40:38,S08,20240912
S08/20240912/00008,5,TENDER,1,1300.23,TENDER,12-09-2024 09:40:38,S08,20240912
S08/20240912/00009,1,P102534,3,98.12,SALE,12-09-2024 20:31:13,S08,20240912
S08/20240912/00009,2,P108216,1,69.70,SALE,12-09-2024 20:31:13,S08,20240912
S08/20240912/00009,3,P101690,2,1044.81,SALE,12-09-2024 20:31:13,S08,20240912
S08/20240912/00009,4,P105815,1,320.65,SALE,12-09-2024 20:31:13,S08,20240912
S08/20240912/00009,5,P105075,2,49.58,SALE,12-09-2024 20:31:13,S08,20240912
S08/20240912/00009,6,TAX,1,217.28,TAX,12-09-2024 20:31:13,S08,20240912
S08/20240912/00009,7,TENDER,1,3090.77,TENDER,12-09-2024 20:31:13,S08,20240912
S08/20240912/00010,1,P100549,2,320.43,SALE,12-09-2024 18:41:00,S08,20240912
S08/20240912/00010,2,P102531,1,148.04,SALE,12-09-2024 18:41:00,S08,20240912
S08/20240912/00010,3,P101911,1,1431.80,SALE,12-09-2024 18:41:00,S08,20240912
S08/20240912/00010,4,P104072,1,708.34,SALE,12-09-2024 18:41:00,S08,20240912
S08/20240912/00010,5,P103222,1,398.43,SALE,12-09-2024 18:41:00,S08,20240912
S08/20240912/00010,6,P101690,2,1044.81,SALE,12-09-2024 18:41:00,S08,20240912
S08/20240912/00010,7,P104294,2,115.73,SALE,12-09-2024 18:41:00,S08,20240912
S08/20240912/00010,8,TAX,1,310.15,TAX,12-09-2024 18:41:00,S08,20240912
S08/20240912/00010,9,TENDER,1,5958.70,TENDER,12-09-2024 18:41:00,S08,20240912
S08/20240912/00011,1,P104811,-2,108.16,RETURN,12-09-2024 19:13:03,S08,20240912
S08/20240912/00011,2,P103249,-1,521.24,RETURN,12-09-2024 19:13:03,S08,20240912
S08/20240912/00011,3,TAX,1,-65.00,TAX,12-09-2024 19:13:03,S08,20240912
S08/20240912/00011,4,TENDER,1,-802.56,TENDER,12-09-2024 19:13:03,S08,20240912
S08/20240912/00012,1,P103452,2,1033.70,SALE,12-09-2024 19:53:54,S08,20240912
S08/20240912/00012,2,P101722,3,1331.86,SALE,12-09-2024 19:53:54,S08,20240912
S08/20240912/00012,3,P104854,3,34.90,SALE,12-09-2024 19:53:54,S08,20240912
S08/20240912/00012,4,P104351,1,1128.29,SALE,12-09-2024 19:53:54,S08,20240912
S08/20240912/00012,5,P107526,1,54.94,SALE,12-09-2024 19:53:54,S08,20240912
S08/20240912/00012,6,P101389,1,430.39,SALE,12-09-2024 19:53:54,S08,20240912
S08/20240912/00012,7,TAX,1,446.92,TAX,12-09-2024 19:53:54,S08,20240912
S08/20240912/00012,8,TENDER,1,8228.22,TENDER,12-09-2024 19:53:54,S08,20240912
S08/20240912/00013,1,P101218,1,61.39,SALE,12-09-2024 19:34:04,S08,20240912
S08/20240912/00013,2,P103760,1,104.16,SALE,12-09-2024 19:34:04,S08,20240912
S08/20240912/00013,3,P104842,4,357.87,SALE,12-09-2024 19:34:04,S08,20240912
S08/20240912/00013,4,P108335,3,165.51,SALE,12-09-2024 19:34:04,S08,20240912
S08/20240912/00013,5,P103552,1,125.20,SALE,12-09-2024 19:34:04,S08,20240912
S08/20240912/00013,6,P102933,3,610.87,SALE,12-09-2024 19:34:04,S08,20240912
S08/20240912/00013,7,P102849,2,692.04,SALE,12-09-2024 19:34:04,S08,20240912
S08/20240912/00013,8,P103364,3,114.95,SALE,12-09-2024 19:34:04,S08,20240912
S08/20240912/00013,9,TAX,1,587.58,TAX,12-09-2024 19:34:04,S08,20240912
S08/20240912/00013,10,TENDER,1,6367.88,TENDER,12-09-2024 19:34:04,S08,20240912
S08/20240912/00014,1,P100172,4,205.47,SALE,12-09-2024 13:22:54,S08,20240912
S08/20240912/00014,2,P104526,3,363.05,SALE,12-09-2024 13:22:54,S08,20240912
S08/20240912/00014,3,P104789,4,65.95,SALE,12-09-2024 13:22:54,S08,20240912
S08/20240912/00014,4,DISC,1,-222.53,DISCOUNT,12-09-2024 13:22:54,S08,20240912
S08/20240912/00014,5,TAX,1,85.77,TAX,12-09-2024 13:22:54,S08,20240912
S08/20240912/00014,6,TENDER,1,2038.07,TENDER,12-09-2024 13:22:54,S08,20240912
S08/20240912/00015,1,P102581,2,189.36,SALE,12-09-2024 08:56:16,S08,20240912
S08/20240912/00015,2,P100005,2,114.37,SALE,12-09-2024 08:56:16,S08,20240912
S08/20240912/00015,3,P105302,2,281.37,SALE,12-09-2024 08:56:16,S08,20240912
S08/20240912/00015,4,P100339,1,299.99,SALE,12-09-2024 08:56:16,S08,20240912
S08/20240912/00015,5,P102738,4,236.55,SALE,12-09-2024 08:56:16,S08,20240912
S08/20240912/00015,6,TAX,1,255.79,TAX,12-09-2024 08:56:16,S08,20240912
S08/20240912/00015,7,TENDER,1,2672.18,TENDER,12-09-2024 08:56:16,S08,20240912
S08/20240912/00016,1,P100974,1,41.35,SALE,12-09-2024 14:51:43,S08,20240912
S08/20240912/00016,2,P107463,2,188.92,SALE,12-09-2024 14:51:43,S08,20240912
S08/20240912/00016,3,P104944,2,54.97,SALE,12-09-2024 14:51:43,S08,20240912
S08/20240912/00016,4,P106900,3,179.85,SALE,12-09-2024 14:51:43,S08,20240912
S08/20240912/00016,5,P101613,2,125.30,SALE,12-09-2024 14:51:43,S08,20240912
S08/20240912/00016,6,P107799,1,751.07,SALE,12-09-2024 14:51:43,S08,20240912
S08/20240912/00016,7,TAX,1,199.51,TAX,12-09-2024 14:51:43,S08,20240912
S08/20240912/00016,8,TENDER,1,2269.86,TENDER,12-09-2024 14:51:43,S08,20240912
S08/20240912/00017,1,P101076,1,606.89,SALE,12-09-2024 18:29:37,S08,20240912
S08/20240912/00017,2,P106900,1,179.85,SALE,12-09-2024 18:29:37,S08,20240912
S08/20240912/00017,3,TAX,1,39.34,TAX,12-09-2024 18:29:37,S08,20240912
S08/20240912/00017,4,TENDER,1,826.08,TENDER,12-09-2024 18:29:37,S08,20240912
S08/20240912/00018,1,P106158,2,564.54,SALE,12-09-2024 11:57:51,S08,20240912
S08/20240912/00018,2,P105400,3,53.13,SALE,12-09-2024 11:57:51,S08,20240912
S08/20240912/00018,3,P108239,4,256.06,SALE,12-09-2024 11:57:51,S08,20240912
S08/20240912/00018,4,P100380,2,136.58,SALE,12-09-2024 11:57:51,S08,20240912
S08/20240912/00018,5,P105511,1,310.12,SALE,12-09-2024 11:57:51,S08,20240912
S08/20240912/00018,6,P107520,3,137.21,SALE,12-09-2024 11:57:51,S08,20240912
S08/20240912/00018,7,TAX,1,378.69,TAX,12-09-2024 11:57:51,S08,20240912
S08/20240912/00018,8,TENDER,1,3686.31,TENDER,12-09-2024 11:57:51,S08,20240912
S08/20240912/00019,1,P103111,1,40.41,SALE,12-09-2024 14:52:13,S08,20240912
S08/20240912/00019,2,P108356,1,206.87,SALE,12-09-2024 14:52:13,S08,20240912
S08/20240912/00019,3,P100519,4,365.61,SALE,12-09-2024 14:52:13,S08,20240912
S08/20240912/00019,4,P105923,2,245.29,SALE,12-09-2024 14:52:13,S08,20240912
S08/20240912/00019,5,TAX,1,226.87,TAX,12-09-2024 14:52:13,S08,20240912
S08/20240912/00019,6,TENDER,1,2427.17,TENDER,12-09-2024 14:52:13,S08,20240912
S08/20240912/00020,1,P101923,2,484.95,SALE,12-09-2024 17:20:23,S08,20240912
S08/20240912/00020,2,P106323,3,218.99,SALE,12-09-2024 17:20:23,S08,20240912
S08/20240912/00020,3,P101263,2,620.85,SALE,12-09-2024 17:20:23,S08,20240912
S08/20240912/00020,4,TAX,1,430.94,TAX,12-09-2024 17:20:23,S08,20240912
S08/20240912/00020,5,TENDER,1,3299.51,TENDER,12-09-2024 17:20:23,S08,20240912
S08/20240912/00021,1,P103986,4,495.05,SALE,12-09-2024 14:58:19,S08,20240912
S08/20240912/00021,2,P104257,3,42.95,SALE,12-09-2024 14:58:19,S08,20240912
S08/20240912/00021,3,P103281,1,163.32,SALE,12-09-2024 14:58:19,S08,20240912
S08/20240912/00021,4,P100239,3,360.16,SALE,12-09-2024 14:58:19,S08,20240912
S08/20240912/00021,5,P106984,2,28.34,SALE,12-09-2024 14:58:19,S08,20240912
S08/20240912/00021,6,TAX,1,524.77,TAX,12-09-2024 14:58:19,S08,20240912
S08/20240912/00021,7,TENDER,1,3934.30,TENDER,12-09-2024 14:58:19,S08,20240912
S08/20240912/00022,1,P106330,3,199.12,SALE,12-09-2024 20:33:41,S08,20240912
S08/20240912/00022,2,P101839,1,402.65,SALE,12-09-2024 20:33:41,S08,20240912
S08/20240912/00022,3,P101283,1,263.48,SALE,12-09-2024 20:33:41,S08,20240912
S08/20240912/00022,4,P103701,1,1171.33,SALE,12-09-2024 20:33:41,S08,20240912
S08/20240912/00022,5,P107337,2,429.21,SALE,12-09-2024 20:33:41,S08,20240912
S08/20240912/00022,6,TAX,1,304.76,TAX,12-09-2024 20:33:41,S08,20240912
S08/20240912/00022,7,TENDER,1,3598.00,TENDER,12-09-2024 20:33:41,S08,20240912
S08/20240912/00023,1,P104637,3,342.12,SALE,12-09-2024 16:23:34,S08,20240912
S08/20240912/00023,2,P103994,1,148.39,SALE,12-09-2024 16:23:34,S08,20240912
S08/20240912/00023,3,P106592,1,815.90,SALE,12-09-2024 16:23:34,S08,20240912
S08/20240912/00023,4,P101802,3,44.15,SALE,12-09-2024 16:23:34,S08,20240912
S08/20240912/00023,5,P103074,1,52.85,SALE,12-09-2024 16:23:34,S08,20240912
S08/20240912/00023,6,P107422,2,193.56,SALE,12-09-2024 16:23:34,S08,20240912
S08/20240912/00023,7,P103374,2,34.95,SALE,12-09-2024 16:23:34,S08,20240912
S08/20240912/00023,8,DISC,1,-187.61,DISCOUNT,12-09-2024 16:23:34,S08,20240912
S08/20240912/00023,9,TAX,1,196.92,TAX,12-09-2024 16:23:34,S08,20240912
S08/20240912/00023,10,TENDER,1,2642.28,TENDER,12-09-2024 16:23:34,S08,20240912
S08/20240912/00024,1,P103958,2,30.95,SALE,12-09-2024 10:51:52,S08,20240912
S08/20240912/00024,2,P107119,4,16.65,SALE,12-09-2024 10:51:52,S08,20240912
S08/20240912/00024,3,P105164,1,216.12,SALE,12-09-2024 10:51:52,S08,20240912
S08/20240912/00024,4,P104168,2,512.27,SALE,12-09-2024 10:51:52,S08,20240912
S08/20240912/00024,5,TAX,1,74.36,TAX,12-09-2024 10:51:52,S08,20240912
S08/20240912/00024,6,TENDER,1,1443.52,TENDER,12-09-2024 10:51:52,S08,20240912
S08/20240912/00025,1,P101106,3,515.70,SALE,12-09-2024 10:17:05,S08,20240912
S08/20240912/00025,2,P102432,1,819.74,SALE,12-09-2024 10:17:05,S08,20240912
S08/20240912/00025,3,P103096,2,315.47,SALE,12-09-2024 10:17:05,S08,20240912
S08/20240912/00025,4,P108191,1,309.71,SALE,12-09-2024 10:17:05,S08,20240912
S08/20240912/00025,5,P108008,2,128.46,SALE,12-09-2024 10:17:05,S08,20240912
S08/20240912/00025,6,TAX,1,351.02,TAX,12-09-2024 10:17:05,S08,20240912
S08/20240912/00025,7,TENDER,1,3915.43,TENDER,12-09-2024 10:17:05,S08,20240912
S08/20240912/00026,1,P101018,2,141.83,SALE,12-09-2024 23:49:27,S08,20240912
S08/20240912/00026,2,P106629,3,52.08,SALE,12-09-2024 23:49:27,S08,20240912
S08/20240912/00026,3,P107676,3,186.95,SALE,12-09-2024 23:49:27,S08,20240912
S08/20240912/00026,4,P106239,1,803.36,SALE,12-09-2024 23:49:27,S08,20240912
S08/20240912/00026,5,P101740,2,855.00,SALE,12-09-2024 23:49:27,S08,20240912
S08/20240912/00026,6,TAX,1,56.17,TAX,12-09-2024 23:49:27,S08,20240912
S08/20240912/00026,7,TENDER,1,3570.28,TENDER,12-09-2024 23:49:27,S08,20240912
S08/20240912/00027,1,P100621,1,134.28,SALE,12-09-2024 18:04:11,S08,20240912
S08/20240912/00027,2,P103504,2,361.87,SALE,12-09-2024 18:04:11,S08,20240912
S08/20240912/00027,3,TAX,1,111.02,TAX,12-09-2024 18:04:11,S08,20240912
S08/20240912/00027,4,TENDER,1,969.04,TENDER,12-09-2024 18:04:11,S08,20240912
S08/20240913/00001,1,P103309,2,59.57,SALE,13-09-2024 17:52:56,S08,20240913
S08/20240913/00001,2,P105139,2,100.45,SALE,13-09-2024 17:52:56,S08,20240913
S08/20240913/00001,3,P101106,3,542.84,SALE,13-09-2024 17:52:56,S08,20240913
S08/20240913/00001,4,TAX,1,111.49,TAX,13-09-2024 17:52:56,S08,20240913
S08/20240913/00001,5,TENDER,1,2060.05,TENDER,13-09-2024 17:52:56,S08,20240913
S08/20240913/00002,1,P104715,4,162.67,SALE,13-09-2024 20:32:09,S08,20240913
S08/20240913/00002,2,P104938,1,999.94,SALE,13-09-2024 20:32:09,S08,20240913
S08/20240913/00002,3,P105929,1,11.18,SALE,13-09-2024 20:32:09,S08,20240913
S08/20240913/00002,4,P104316,2,406.45,SALE,13-09-2024 20:32:09,S08,20240913
S08/20240913/00002,5,TAX,1,385.45,TAX,13-09-2024 20:32:09,S08,20240913
S08/20240913/00002,6,TENDER,1,2860.15,TENDER,13-09-2024 20:32:09,S08,20240913
S08/20240913/00003,1,P106300,1,387.92,SALE,13-09-2024 15:55:47,S08,20240913
S08/20240913/00003,2,P105479,3,237.28,SALE,13-09-2024 15:55:47,S08,20240913
S08/20240913/00003,3,P100855,1,345.07,SALE,13-09-2024 15:55:47,S08,20240913
S08/20240913/00003,4,P102534,1,98.12,SALE,13-09-2024 15:55:47,S08,20240913
S08/20240913/00003,5,TAX,1,211.75,TAX,13-09-2024 15:55:47,S08,20240913
S08/20240913/00003,6,TENDER,1,1754.70,TENDER,13-09-2024 15:55:47,S08,20240913
S08/20240913/00004,1,P102695,1,1259.21,SALE,13-09-2024 18:19:10,S08,20240913
S08/20240913/00004,2,P102129,3,252.76,SALE,13-09-2024 18:19:10,S08,20240913
S08/20240913/00004,3,P104485,2,643.04,SALE,13-09-2024 18:19:10,S08,20240913
S08/20240913/00004,4,P102255,1,167.76,SALE,13-09-2024 18:19:10,S08,20240913
S08/20240913/00004,5,TAX,1,343.35,TAX,13-09-2024 18:19:10,S08,20240913
S08/20240913/00004,6,TENDER,1,3814.68,TENDER,13-09-2024 18:19:10,S08,20240913
S08/20240913/00005,1,P106553,2,139.74,SALE,13-09-2024 20:13:23,S08,20240913
S08/20240913/00005,2,P101648,1,334.22,SALE,13-09-2024 20:13:23,S08,20240913
S08/20240913/00005,3,P107217,2,293.45,SALE,13-09-2024 20:13:23,S08,20240913
S08/20240913/00005,4,P106927,3,140.95,SALE,13-09-2024 20:13:23,S08,20240913
S08/20240913/00005,5,P104898,1,181.50,SALE,13-09-2024 20:13:23,S08,20240913
S08/20240913/00005,6,P107246,1,313.74,SALE,13-09-2024 20:13:23,S08,20240913
S08/20240913/00005,7,TAX,1,224.14,TAX,13-09-2024 20:13:23,S08,20240913
S08/20240913/00005,8,TENDER,1,2342.83,TENDER,13-09-2024 20:13:23,S08,20240913
S08/20240913/00006,1,P101321,1,24.76,SALE,13-09-2024 17:48:35,S08,20240913
S08/20240913/00006,2,P104747,1,342.93,SALE,13-09-2024 17:48:35,S08,20240913
S08/20240913/00006,3,P105069,3,168.30,SALE,13-09-2024 17:48:35,S08,20240913
S08/20240913/00006,4,P105331,4,308.39,SALE,13-09-2024 17:48:35,S08,20240913
S08/20240913/00006,5,P107422,2,193.56,SALE,13-09-2024 17:48:35,S08,20240913
S08/20240913/00006,6,P105209,2,399.92,SALE,13-09-2024 17:48:35,S08,20240913
S08/20240913/00006,7,TAX,1,361.50,TAX,13-09-2024 17:48:35,S08,20240913
S08/20240913/00006,8,TENDER,1,3654.61,TENDER,13-09-2024 17:48:35,S08,20240913
S08/20240913/00007,1,P104485,1,643.04,SALE,13-09-2024 17:48:47,S08,20240913
S08/20240913/00007,2,P106807,3,322.15,SALE,13-09-2024 17:48:47,S08,20240913
S08/20240913/00007,3,P104975,2,568.03,SALE,13-09-2024 17:48:47,S08,20240913
S08/20240913/00007,4,P106765,3,270.40,SALE,13-09-2024 17:48:47,S08,20240913
S08/20240913/00007,5,P104725,2,536.92,SALE,13-09-2024 17:48:47,S08,20240913
S08/20240913/00007,6,P107555,2,1314.43,SALE,13-09-2024 17:48:47,S08,20240913
S08/20240913/00007,7,TAX,1,590.43,TAX,13-09-2024 17:48:47,S08,20240913
S08/20240913/00007,8,TENDER,1,7849.88,TENDER,13-09-2024 17:48:47,S08,20240913
S08/20240913/00008,1,P107667,1,367.93,SALE,13-09-2024 12:59:00,S08,20240913
S08/20240913/00008,2,P100604,1,154.60,SALE,13-09-2024 12:59:00,S08,20240913
S08/20240913/00008,3,P107597,2,519.83,SALE,13-09-2024 12:59:00,S08,20240913
S08/20240913/00008,4,P105507,2,20.37,SALE,13-09-2024 12:59:00,S08,20240913
S08/20240913/00008,5,P101515,4,58.58,SALE,13-09-2024 12:59:00,S08,20240913
S08/20240913/00008,6,DISC,1,-153.91,DISCOUNT,13-09-2024 12:59:00,S08,20240913
S08/20240913/00008,7,TAX,1,88.08,TAX,13-09-2024 12:59:00,S08,20240913
S08/20240913/00008,8,TENDER,1,1771.42,TENDER,13-09-2024 12:59:00,S08,20240913
S08/20240913/00009,1,P106697,4,342.69,SALE,13-09-2024 14:20:10,S08,20240913
S08/20240913/00009,2,P105643,2,1294.23,SALE,13-09-2024 14:20:10,S08,20240913
S08/20240913/00009,3,P101062,2,47.97,SALE,13-09-2024 14:20:10,S08,20240913
S08/20240913/00009,4,P105050,1,114.80,SALE,13-09-2024 14:20:10,S08,20240913
S08/20240913/00009,5,P102744,2,98.75,SALE,13-09-2024 14:20:10,S08,20240913
S08/20240913/00009,6,TAX,1,184.90,TAX,13-09-2024 14:20:10,S08,20240913
S08/20240913/00009,7,TENDER,1,4552.36,TENDER,13-09-2024 14:20:10,S08,20240913
S08/20240913/00010,1,P100387,1,116.37,SALE,13-09-2024 07:24:13,S08,20240913
S08/20240913/00010,2,P107536,1,1613.47,SALE,13-09-2024 07:24:13,S08,20240913
S08/20240913/00010,3,P101762,1,528.36,SALE,13-09-2024 07:24:13,S08,20240913
S08/20240913/00010,4,P100632,3,331.55,SALE,13-09-2024 07:24:13,S08,20240913
S08/20240913/00010,5,P101690,4,1044.81,SALE,13-09-2024 07:24:13,S08,20240913
S08/20240913/00010,6,P107914,2,231.95,SALE,13-09-2024 07:24:13,S08,20240913
S08/20240913/00010,7,TAX,1,540.72,TAX,13-09-2024 07:24:13,S08,20240913
S08/20240913/00010,8,TENDER,1,8436.71,TENDER,13-09-2024 07:24:13,S08,20240913
S08/20240913/00011,1,P101638,3,402.54,SALE,13-09-2024 13:11:44,S08,20240913
S08/20240913/00011,2,P107516,4,565.20,SALE,13-09-2024 13:11:44,S08,20240913
S08/20240913/00011,3,P102913,1,375.37,SALE,13-09-2024 13:11:44,S08,20240913
S08/20240913/00011,4,P100164,2,594.91,SALE,13-09-2024 13:11:44,S08,20240913
S08/20240913/00011,5,TAX,1,811.07,TAX,13-09-2024 13:11:44,S08,20240913
S08/20240913/00011,6,TENDER,1,5844.68,TENDER,13-09-2024 13:11:44,S08,20240913
S08/20240913/00012,1,P107163,2,187.11,SALE,13-09-2024 14:26:30,S08,20240913
S08/20240913/00012,2,P104718,5,364.54,SALE,13-09-2024 14:26:30,S08,20240913
S08/20240913/00012,3,P106927,2,140.95,SALE,13-09-2024 14:26:30,S08,20240913
S08/20240913/00012,4,P103124,1,489.23,SALE,13-09-2024 14:26:30,S08,20240913
S08/20240913/00012,5,P107872,1,650.85,SALE,13-09-2024 14:26:30,S08,20240913
S08/20240913/00012,6,P104645,3,1052.62,SALE,13-09-2024 14:26:30,S08,20240913
S08/20240913/00012,7,TAX,1,372.13,TAX,13-09-2024 14:26:30,S08,20240913
S08/20240913/00012,8,TENDER,1,7148.89,TENDER,13-09-2024 14:26:30,S08,20240913
S08/20240913/00013,1,P108356,2,206.87,SALE,13-09-2024 14:31:29,S08,20240913
S08/20240913/00013,2,P104891,1,757.22,SALE,13-09-2024 14:31:29,S08,20240913
S08/20240913/00013,3,P102193,1,343.13,SALE,13-09-2024 14:31:29,S08,20240913
S08/20240913/00013,4,P100135,1,72.29,SALE,13-09-2024 14:31:29,S08,20240913
S08/20240913/00013,5,P102520,3,731.86,SALE,13-09-2024 14:31:29,S08,20240913
S08/20240913/00013,6,P107018,2,187.58,SALE,13-09-2024 14:31:29,S08,20240913
S08/20240913/00013,7,P106244,4,73.94,SALE,13-09-2024 14:31:29,S08,20240913
S08/20240913/00013,8,P104600,3,56.45,SALE,13-09-2024 14:31:29,S08,20240913
S08/20240913/00013,9,P100406,2,435.20,SALE,13-09-2024 14:31:29,S08,20240913
S08/20240913/00013,10,P106024,1,472.89,SALE,13-09-2024 14:31:29,S08,20240913
S08/20240913/00013,11,P108174,2,235.92,SALE,13-09-2024 14:31:29,S08,20240913
S08/20240913/00013,12,P100250,1,544.91,SALE,13-09-2024 14:31:29,S08,20240913
S08/20240913/00013,13,TAX,1,557.87,TAX,13-09-2024 14:31:29,S08,20240913
S08/20240913/00013,14,TENDER,1,7540.14,TENDER,13-09-2024 14:31:29,S08,20240913
S08/20240913/00014,1,P100255,2,1250.31,SALE,13-09-2024 23:31:38,S08,20240913
S08/20240913/00014,2,P101747,5,245.75,SALE,13-09-2024 23:31:38,S08,20240913
S08/20240913/00014,3,P104316,2,406.45,SALE,13-09-2024 23:31:38,S08,20240913
S08/20240913/00014,4,P103749,3,16.85,SALE,13-09-2024 23:31:38,S08,20240913
S08/20240913/00014,5,P106955,2,204.37,SALE,13-09-2024 23:31:38,S08,20240913
S08/20240913/00014,6,P100479,2,342.92,SALE,13-09-2024 23:31:38,S08,20240913
S08/20240913/00014,7,TAX,1,444.63,TAX,13-09-2024 23:31:38,S08,20240913
S08/20240913/00014,8,TENDER,1,6132.03,TENDER,13-09-2024 23:31:38,S08,20240913
S08/20240913/00015,1,P103424,3,295.58,SALE,13-09-2024 21:49:09,S08,20240913
S08/20240913/00015,2,P107943,2,252.32,SALE,13-09-2024 21:49:09,S08,20240913
S08/20240913/00015,3,P106765,2,270.40,SALE,13-09-2024 21:49:09,S08,20240913
S08/20240913/00015,4,P103680,4,210.26,SALE,13-09-2024 21:49:09,S08,20240913
S08/20240913/00015,5,P107899,2,197.21,SALE,13-09-2024 21:49:09,S08,20240913
S08/20240913/00015,6,TAX,1,314.31,TAX,13-09-2024 21:49:09,S08,20240913
S08/20240913/00015,7,TENDER,1,3481.95,TENDER,13-09-2024 21:49:09,S08,20240913
S08/20240913/00016,1,P105695,3,158.81,SALE,13-09-2024 18:17:42,S08,20240913
S08/20240913/00016,2,P103144,1,145.27,SALE,13-09-2024 18:17:42,S08,20240913
S08/20240913/00016,3,P103855,2,322.11,SALE,13-09-2024 18:17:42,S08,20240913
S08/20240913/00016,4,P106367,1,650.25,SALE,13-09-2024 18:17:42,S08,20240913
S08/20240913/00016,5,P108144,1,253.94,SALE,13-09-2024 18:17:42,S08,20240913
S08/20240913/00016,6,TAX,1,210.03,TAX,13-09-2024 18:17:42,S08,20240913
S08/20240913/00016,7,TENDER,1,2380.14,TENDER,13-09-2024 18:17:42,S08,20240913
S08/20240913/00017,1,P106399,2,198.14,SALE,13-09-2024 15:50:41,S08,20240913
S08/20240913/00017,2,P105453,1,439.19,SALE,13-09-2024 15:50:41,S08,20240913
S08/20240913/00017,3,P101710,5,322.76,SALE,13-09-2024 15:50:41,S08,20240913
S08/20240913/00017,4,P104628,2,196.55,SALE,13-09-2024 15:50:41,S08,20240913
S08/20240913/00017,5,P100819,1,1203.94,SALE,13-09-2024 15:50:41,S08,20240913
S08/20240913/00017,6,P108258,1,54.62,SALE,13-09-2024 15:50:41,S08,20240913
S08/20240913/00017,7,P106133,1,331.44,SALE,13-09-2024 15:50:41,S08,20240913
S08/20240913/00017,8,TAX,1,432.77,TAX,13-09-2024 15:50:41,S08,20240913
S08/20240913/00017,9,TENDER,1,4865.14,TENDER,13-09-2024 15:50:41,S08,20240913
S08/20240913/00018,1,P107362,1,69.39,SALE,13-09-2024 15:29:22,S08,20240913
S08/20240913/00018,2,P100044,2,737.05,SALE,13-09-2024 15:29:22,S08,20240913
S08/20240913/00018,3,P104517,1,1474.90,SALE,13-09-2024 15:29:22,S08,20240913
S08/20240913/00018,4,P104032,2,603.87,SALE,13-09-2024 15:29:22,S08,20240913
S08/20240913/00018,5,P100519,1,365.61,SALE,13-09-2024 15:29:22,S08,20240913
S08/20240913/00018,6,P105356,2,232.26,SALE,13-09-2024 15:29:22,S08,20240913
S08/20240913/00018,7,P108206,2,81.62,SALE,13-09-2024 15:29:22,S08,20240913
S08/20240913/00018,8,P104160,2,258.87,SALE,13-09-2024 15:29:22,S08,20240913
S08/20240913/00018,9,P103283,3,166.64,SALE,13-09-2024 15:29:22,S08,20240913
S08/20240913/00018,10,P105490,1,154.49,SALE,13-09-2024 15:29:22,S08,20240913
S08/20240913/00018,11,P101052,2,198.99,SALE,13-09-2024 15:29:22,S08,20240913
S08/20240913/00018,12,TAX,1,598.32,TAX,13-09-2024 15:29:22,S08,20240913
S08/20240913/00018,13,TENDER,1,7387.95,TENDER,13-09-2024 15:29:22,S08,20240913
S08/20240913/00019,1,P101218,1,61.39,SALE,13-09-2024 16:30:58,S08,20240913
S08/20240913/00019,2,P104242,3,308.27,SALE,13-09-2024 16:30:58,S08,20240913
S08/20240913/00019,3,P105288,1,271.73,SALE,13-09-2024 16:30:58,S08,20240913
S08/20240913/00019,4,P108076,3,144.05,SALE,13-09-2024 16:30:58,S08,20240913
S08/20240913/00019,5,P105918,2,294.44,SALE,13-09-2024 16:30:58,S08,20240913
S08/20240913/00019,6,P106151,2,298.42,SALE,13-09-2024 16:30:58,S08,20240913
S08/20240913/00019,7,TAX,1,377.43,TAX,13-09-2024 16:30:58,S08,20240913
S08/20240913/00019,8,TENDER,1,3253.23,TENDER,13-09-2024 16:30:58,S08,20240913
S08/20240913/00020,1,P104665,2,217.71,SALE,13-09-2024 12:55:56,S08,20240913
S08/20240913/00020,2,P102409,2,326.59,SALE,13-09-2024 12:55:56,S08,20240913
S08/20240913/00020,3,P102707,4,440.21,SALE,13-09-2024 12:55:56,S08,20240913
S08/20240913/00020,4,TAX,1,381.12,TAX,13-09-2024 12:55:56,S08,20240913
S08/20240913/00020,5,TENDER,1,3230.56,TENDER,13-09-2024 12:55:56,S08,20240913
S08/20240913/00021,1,P108200,1,336.95,SALE,13-09-2024 13:04:38,S08,20240913
S08/20240913/00021,2,P101023,1,213.62,SALE,13-09-2024 13:04:38,S08,20240913
S08/20240913/00021,3,P104739,2,189.43,SALE,13-09-2024 13:04:38,S08,20240913
S08/20240913/00021,4,P103950,3,1283.54,SALE,13-09-2024 13:04:38,S08,20240913
S08/20240913/00021,5,P106027,1,1505.86,SALE,13-09-2024 13:04:38,S08,20240913
S08/20240913/00021,6,P105009,2,65.38,SALE,13-09-2024 13:04:38,S08,20240913
S08/20240913/00021,7,P106244,2,73.94,SALE,13-09-2024 13:04:38,S08,20240913
S08/20240913/00021,8,P100731,3,254.77,SALE,13-09-2024 13:04:38,S08,20240913
S08/20240913/00021,9,TAX,1,490.70,TAX,13-09-2024 13:04:38,S08,20240913
S08/20240913/00021,10,TENDER,1,7819.56,TENDER,13-09-2024 13:04:38,S08,20240913
S08/20240913/00022,1,P104023,1,630.48,SALE,13-09-2024 20:58:36,S08,20240913
S08/20240913/00022,2,P101827,2,139.26,SALE,13-09-2024 20:58:36,S08,20240913
S08/20240913/00022,3,P101492,3,113.44,SALE,13-09-2024 20:58:36,S08,20240913
S08/20240913/00022,4,TAX,1,106.71,TAX,13-09-2024 20:58:36,S08,20240913
S08/20240913/00022,5,TENDER,1,1356.03,TENDER,13-09-2024 20:58:36,S08,20240913
S08/20240913/00023,1,P105643,2,1294.23,SALE,13-09-2024 19:55:26,S08,20240913
S08/20240913/00023,2,P102006,1,1553.68,SALE,13-09-2024 19:55:26,S08,20240913
S08/20240913/00023,3,P103137,3,218.09,SALE,13-09-2024 19:55:26,S08,20240913
S08/20240913/00023,4,P101751,1,460.11,SALE,13-09-2024 19:55:26,S08,20240913
S08/20240913/00023,5,TAX,1,161.33,TAX,13-09-2024 19:55:26,S08,20240913
S08/20240913/00023,6,TENDER,1,5417.85,TENDER,13-09-2024 19:55:26,S08,20240913
S08/20240913/00024,1,P103766,1,213.25,SALE,13-09-2024 20:28:06,S08,20240913
S08/20240913/00024,2,P103171,1,68.42,SALE,13-09-2024 20:28:06,S08,20240913
S08/20240913/00024,3,P108335,1,165.51,SALE,13-09-2024 20:28:06,S08,20240913
S08/20240913/00024,4,P100781,1,611.95,SALE,13-09-2024 20:28:06,S08,20240913
S08/20240913/00024,5,TAX,1,124.23,TAX,13-09-2024 20:28:06,S08,20240913
S08/20240913/00024,6,TENDER,1,1183.36,TENDER,13-09-2024 20:28:06,S08,20240913
S08/20240913/00025,1,P103806,3,305.95,SALE,13-09-2024 23:53:15,S08,20240913
S08/20240913/00025,2,P100784,3,319.36,SALE,13-09-2024 23:53:15,S08,20240913
S08/20240913/00025,3,P104637,3,342.12,SALE,13-09-2024 23:53:15,S08,20240913
S08/20240913/00025,4,TAX,1,238.13,TAX,13-09-2024 23:53:15,S08,20240913
S08/20240913/00025,5,TENDER,1,3140.42,TENDER,13-09-2024 23:53:15,S08,20240913
S08/20240913/00026,1,P107078,1,111.95,SALE,13-09-2024 18:18:44,S08,20240913
S08/20240913/00026,2,P100007,2,155.06,SALE,13-09-2024 18:18:44,S08,20240913
S08/20240913/00026,3,P100260,3,1120.33,SALE,13-09-2024 18:18:44,S08,20240913
S08/20240913/00026,4,P102636,1,114.77,SALE,13-09-2024 18:18:44,S08,20240913
S08/20240913/00026,5,P106151,1,298.42,SALE,13-09-2024 18:18:44,S08,20240913
S08/20240913/00026,6,TAX,1,97.37,TAX,13-09-2024 18:18:44,S08,20240913
S08/20240913/00026,7,TENDER,1,4293.62,TENDER,13-09-2024 18:18:44,S08,20240913
S08/20240913/00027,1,P107018,1,187.58,SALE,13-09-2024 17:18:10,S08,20240913
S08/20240913/00027,2,P105009,2,65.38,SALE,13-09-2024 17:18:10,S08,20240913
S08/20240913/00027,3,P103171,1,68.42,SALE,13-09-2024 17:18:10,S08,20240913
S08/20240913/00027,4,P104277,1,136.79,SALE,13-09-2024 17:18:10,S08,20240913
S08/20240913/00027,5,TAX,1,52.75,TAX,13-09-2024 17:18:10,S08,20240913
S08/20240913/00027,6,TENDER,1,576.30,TENDER,13-09-2024 17:18:10,S08,20240913
S08/20240913/00028,1,P102880,1,575.53,SALE,13-09-2024 20:13:23,S08,20240913
S08/20240913/00028,2,P102404,4,370.32,SALE,13-09-2024 20:13:23,S08,20240913
S08/20240913/00028,3,P105747,3,287.56,SALE,13-09-2024 20:13:23,S08,20240913
S08/20240913/00028,4,DISC,1,-298.46,DISCOUNT,13-09-2024 20:13:23,S08,20240913
S08/20240913/00028,5,TAX,1,165.24,TAX,13-09-2024 20:13:23,S08,20240913
S08/20240913/00028,6,TENDER,1,2786.27,TENDER,13-09-2024 20:13:23,S08,20240913
S08/20240914/00001,1,P101076,3,606.89,SALE,14-09-2024 17:49:23,S08,20240914
S08/20240914/00001,2,P103354,2,894.50,SALE,14-09-2024 17:49:23,S08,20240914
S08/20240914/00001,3,P103732,2,94.74,SALE,14-09-2024 17:49:23,S08,20240914
S08/20240914/00001,4,DISC,1,-343.06,DISCOUNT,14-09-2024 17:49:23,S08,20240914
S08/20240914/00001,5,TAX,1,91.43,TAX,14-09-2024 17:49:23,S08,20240914
S08/20240914/00001,6,TENDER,1,3547.52,TENDER,14-09-2024 17:49:23,S08,20240914
S08/20240914/00002,1,P106162,1,527.95,SALE,14-09-2024 19:13:07,S08,20240914
S08/20240914/00002,2,P102021,2,90.22,SALE,14-09-2024 19:13:07,S08,20240914
S08/20240914/00002,3,TAX,1,21.65,TAX,14-09-2024 19:13:07,S08,20240914
S08/20240914/00002,4,TENDER,1,730.04,TENDER,14-09-2024 19:13:07,S08,20240914
S08/20240914/00003,1,P107721,3,92.25,SALE,14-09-2024 20:35:26,S08,20240914
S08/20240914/00003,2,P101842,2,210.53,SALE,14-09-2024 20:35:26,S08,20240914
S08/20240914/00003,3,P104572,3,182.16,SALE,14-09-2024 20:35:26,S08,20240914
S08/20240914/00003,4,P106169,1,221.89,SALE,14-09-2024 20:35:26,S08,20240914
S08/20240914/00003,5,P108179,2,295.94,SALE,14-09-2024 20:35:26,S08,20240914
S08/20240914/00003,6,P102510,2,37.13,SALE,14-09-2024 20:35:26,S08,20240914
S08/20240914/00003,7,P106434,2,178.02,SALE,14-09-2024 20:35:26,S08,20240914
S08/20240914/00003,8,P100233,1,67.07,SALE,14-09-2024 20:35:26,S08,20240914
S08/20240914/00003,9,DISC,1,-115.72,DISCOUNT,14-09-2024 20:35:26,S08,20240914
S08/20240914/00003,10,TAX,1,204.63,TAX,14-09-2024 20:35:26,S08,20240914
S08/20240914/00003,11,TENDER,1,2644.34,TENDER,14-09-2024 20:35:26,S08,20240914
S08/20240914/00004,1,P101796,2,990.67,SALE,14-09-2024 19:37:29,S08,20240914
S08/20240914/00004,2,P101258,1,200.10,SALE,14-09-2024 19:37:29,S08,20240914
S08/20240914/00004,3,P108060,1,217.09,SALE,14-09-2024 19:37:29,S08,20240914
S08/20240914/00004,4,P101023,2,213.62,SALE,14-09-2024 19:37:29,S08,20240914
S08/20240914/00004,5,P100879,3,159.99,SALE,14-09-2024 19:37:29,S08,20240914
S08/20240914/00004,6,P100494,3,67.32,SALE,14-09-2024 19:37:29,S08,20240914
S08/20240914/00004,7,P102566,3,414.37,SALE,14-09-2024 19:37:29,S08,20240914
S08/20240914/00004,8,TAX,1,294.03,TAX,14-09-2024 19:37:29,S08,20240914
S08/20240914/00004,9,TENDER,1,5044.84,TENDER,14-09-2024 19:37:29,S08,20240914
S08/20240914/00005,1,P107100,2,171.95,SALE,14-09-2024 18:51:56,S08,20240914
S08/20240914/00005,2,P106098,3,334.84,SALE,14-09-2024 18:51:56,S08,20240914
S08/20240914/00005,3,P104695,2,80.54,SALE,14-09-2024 18:51:56,S08,20240914
S08/20240914/00005,4,P101367,2,485.76,SALE,14-09-2024 18:51:56,S08,20240914
S08/20240914/00005,5,TAX,1,344.74,TAX,14-09-2024 18:51:56,S08,20240914
S08/20240914/00005,6,TENDER,1,2825.76,TENDER,14-09-2024 18:51:56,S08,20240914
S08/20240914/00006,1,P105878,1,282.51,SALE,14-09-2024 14:28:08,S08,20240914
S08/20240914/00006,2,P100441,2,419.95,SALE,14-09-2024 14:28:08,S08,20240914
S08/20240914/00006,3,P107215,1,153.85,SALE,14-09-2024 14:28:08,S08,20240914
S08/20240914/00006,4,P104544,2,104.46,SALE,14-09-2024 14:28:08,S08,20240914
S08/20240914/00006,5,TAX,1,143.82,TAX,14-09-2024 14:28:08,S08,20240914
S08/20240914/00006,6,TENDER,1,1629.00,TENDER,14-09-2024 14:28:08,S08,20240914
S08/20240914/00007,1,P106765,1,270.40,SALE,14-09-2024 12:22:59,S08,20240914
S08/20240914/00007,2,P105855,1,123.28,SALE,14-09-2024 12:22:59,S08,20240914
S08/20240914/00007,3,P105845,1,111.01,SALE,14-09-2024 12:22:59,S08,20240914
S08/20240914/00007,4,P107837,1,94.99,SALE,14-09-2024 12:22:59,S08,20240914
S08/20240914/00007,5,P101023,2,213.62,SALE,14-09-2024 12:22:59,S08,20240914
S08/20240914/00007,6,P102045,1,21.89,SALE,14-09-2024 12:22:59,S08,20240914
S08/20240914/00007,7,P108369,1,318.67,SALE,14-09-2024 12:22:59,S08,20240914
S08/20240914/00007,8,P107137,3,32.59,SALE,14-09-2024 12:22:59,S08,20240914
S08/20240914/00007,9,P102383,2,10.62,SALE,14-09-2024 12:22:59,S08,20240914
S08/20240914/00007,10,P101345,1,77.54,SALE,14-09-2024 12:22:59,S08,20240914
S08/20240914/00007,11,TAX,1,182.28,TAX,14-09-2024 12:22:59,S08,20240914
S08/20240914/00007,12,TENDER,1,1746.31,TENDER,14-09-2024 12:22:59,S08,20240914
S08/20240914/00008,1,P100367,1,537.90,SALE,14-09-2024 17:07:48,S08,20240914
S08/20240914/00008,2,P102656,2,194.33,SALE,14-09-2024 17:07:48,S08,20240914
S08/20240914/00008,3,P102230,1,340.01,SALE,14-09-2024 17:07:48,S08,20240914
S08/20240914/00008,4,P101062,2,47.97,SALE,14-09-2024 17:07:48,S08,20240914
S08/20240914/00008,5,P107890,1,133.07,SALE,14-09-2024 17:07:48,S08,20240914
S08/20240914/00008,6,P105570,2,345.21,SALE,14-09-2024 17:07:48,S08,20240914
S08/20240914/00008,7,P103806,1,319.17,SALE,14-09-2024 17:07:48,S08,20240914
S08/20240914/00008,8,P104517,5,1474.90,SALE,14-09-2024 17:07:48,S08,20240914
S08/20240914/00008,9,P104226,2,303.01,SALE,14-09-2024 17:07:48,S08,20240914
S08/20240914/00008,10,TAX,1,223.43,TAX,14-09-2024 17:07:48,S08,20240914
S08/20240914/00008,11,TENDER,1,10709.12,TENDER,14-09-2024 17:07:48,S08,20240914
S08/20240914/00009,1,P105377,-1,275.11,RETURN,14-09-2024 19:07:46,S08,20240914
S08/20240914/00009,2,P108001,-2,96.97,RETURN,14-09-2024 19:07:46,S08,20240914
S08/20240914/00009,3,P107933,-1,1146.02,RETURN,14-09-2024 19:07:46,S08,20240914
S08/20240914/00009,4,P105127,-1,65.49,RETURN,14-09-2024 19:07:46,S08,20240914
S08/20240914/00009,5,P102695,-5,1259.21,RETURN,14-09-2024 19:07:46,S08,20240914
S08/20240914/00009,6,P104358,-2,1243.57,RETURN,14-09-2024 19:07:46,S08,20240914
S08/20240914/00009,7,TAX,1,-1227.79,TAX,14-09-2024 19:07:46,S08,20240914
S08/20240914/00009,8,TENDER,1,-11691.54,TENDER,14-09-2024 19:07:46,S08,20240914
S08/20240914/00010,1,P107215,3,153.85,SALE,14-09-2024 14:15:43,S08,20240914
S08/20240914/00010,2,P103168,3,923.59,SALE,14-09-2024 14:15:43,S08,20240914
S08/20240914/00010,3,P103927,1,206.11,SALE,14-09-2024 14:15:43,S08,20240914
S08/20240914/00010,4,P103504,2,361.87,SALE,14-09-2024 14:15:43,S08,20240914
S08/20240914/00010,5,P107721,1,92.25,SALE,14-09-2024 14:15:43,S08,20240914
S08/20240914/00010,6,P100499,2,258.12,SALE,14-09-2024 14:15:43,S08,20240914
S08/20240914/00010,7,P101156,1,91.80,SALE,14-09-2024 14:15:43,S08,20240914
S08/20240914/00010,8,TAX,1,551.57,TAX,14-09-2024 14:15:43,S08,20240914
S08/20240914/00010,9,TENDER,1,5414.03,TENDER,14-09-2024 14:15:43,S08,20240914
S08/20240914/00011,1,P102656,3,194.33,SALE,14-09-2024 15:59:40,S08,20240914
S08/20240914/00011,2,P106336,1,456.47,SALE,14-09-2024 15:59:40,S08,20240914
S08/20240914/00011,3,P105400,2,53.13,SALE,14-09-2024 15:59:40,S08,20240914
S08/20240914/00011,4,P100183,3,1493.10,SALE,14-09-2024 15:59:40,S08,20240914
S08/20240914/00011,5,DISC,1,-160.70,DISCOUNT,14-09-2024 15:59:40,S08,20240914
S08/20240914/00011,6,TAX,1,648.87,TAX,14-09-2024 15:59:40,S08,20240914
S08/20240914/00011,7,TENDER,1,6113.19,TENDER,14-09-2024 15:59:40,S08,20240914
S08/20240914/00012,1,P102585,1,516.36,SALE,14-09-2024 16:37:48,S08,20240914
S08/20240914/00012,2,P106611,2,341.44,SALE,14-09-2024 16:37:48,S08,20240914
S08/20240914/00012,3,P103118,3,47.89,SALE,14-09-2024 16:37:48,S08,20240914
S08/20240914/00012,4,P106228,2,44.54,SALE,14-09-2024 16:37:48,S08,20240914
S08/20240914/00012,5,P106751,3,132.55,SALE,14-09-2024 16:37:48,S08,20240914
S08/20240914/00012,6,TAX,1,150.86,TAX,14-09-2024 16:37:48,S08,20240914
S08/20240914/00012,7,TENDER,1,1980.50,TENDER,14-09-2024 16:37:48,S08,20240914
S08/20240914/00013,1,P100632,1,331.55,SALE,14-09-2024 19:57:11,S08,20240914
S08/20240914/00013,2,P104478,2,18.27,SALE,14-09-2024 19:57:11,S08,20240914
S08/20240914/00013,3,P104277,1,136.79,SALE,14-09-2024 19:57:11,S08,20240914
S08/20240914/00013,4,TAX,1,82.67,TAX,14-09-2024 19:57:11,S08,20240914
S08/20240914/00013,5,TENDER,1,587.55,TENDER,14-09-2024 19:57:11,S08,20240914
S08/20240914/00014,1,P108162,2,257.55,SALE,14-09-2024 14:58:51,S08,20240914
S08/20240914/00014,2,P100889,2,1028.39,SALE,14-09-2024 14:58:51,S08,20240914
S08/20240914/00014,3,P108076,2,144.05,SALE,14-09-2024 14:58:51,S08,20240914
S08/20240914/00014,4,P105797,3,254.07,SALE,14-09-2024 14:58:51,S08,20240914
S08/20240914/00014,5,P101660,1,193.14,SALE,14-09-2024 14:58:51,S08,20240914
S08/20240914/00014,6,TAX,1,327.31,TAX,14-09-2024 14:58:51,S08,20240914
S08/20240914/00014,7,TENDER,1,4142.64,TENDER,14-09-2024 14:58:51,S08,20240914
S08/20240914/00015,1,P102346,1,89.47,SALE,14-09-2024 17:24:18,S08,20240914
S08/20240914/00015,2,P102626,2,416.91,SALE,14-09-2024 17:24:18,S08,20240914
S08/20240914/00015,3,P104670,3,108.77,SALE,14-09-2024 17:24:18,S08,20240914
S08/20240914/00015,4,TAX,1,169.53,TAX,14-09-2024 17:24:18,S08,20240914
S08/20240914/00015,5,TENDER,1,1419.13,TENDER,14-09-2024 17:24:18,S08,20240914
S08/20240914/00016,1,P106659,2,98.98,SALE,14-09-2024 15:06:29,S08,20240914
S08/20240914/00016,2,P105666,4,1064.29,SALE,14-09-2024 15:06:29,S08,20240914
S08/20240914/00016,3,P106473,2,298.68,SALE,14-09-2024 15:06:29,S08,20240914
S08/20240914/00016,4,P103406,1,1248.48,SALE,14-09-2024 15:06:29,S08,20240914
S08/20240914/00016,5,P102674,1,496.43,SALE,14-09-2024 15:06:29,S08,20240914
S08/20240914/00016,6,P107145,3,235.69,SALE,14-09-2024 15:06:29,S08,20240914
S08/20240914/00016,7,P103340,2,466.84,SALE,14-09-2024 15:06:29,S08,20240914
S08/20240914/00016,8,P103416,2,73.27,SALE,14-09-2024 15:06:29,S08,20240914
S08/20240914/00016,9,TAX,1,649.74,TAX,14-09-2024 15:06:29,S08,20240914
S08/20240914/00016,10,TENDER,1,9234.42,TENDER,14-09-2024 15:06:29,S08,20240914
S08/20240914/00017,1,P108313,1,373.23,SALE,14-09-2024 19:41:11,S08,20240914
S08/20240914/00017,2,P104064,1,326.15,SALE,14-09-2024 19:41:11,S08,20240914
S08/20240914/00017,3,P106844,2,23.44,SALE,14-09-2024 19:41:11,S08,20240914
S08/20240914/00017,4,P103299,2,220.95,SALE,14-09-2024 19:41:11,S08,20240914
S08/20240914/00017,5,P100394,2,320.36,SALE,14-09-2024 19:41:11,S08,20240914
S08/20240914/00017,6,P100869,5,62.15,SALE,14-09-2024 19:41:11,S08,20240914
S08/20240914/00017,7,P102880,4,575.53,SALE,14-09-2024 19:41:11,S08,20240914
S08/20240914/00017,8,DISC,1,-258.51,DISCOUNT,14-09-2024 19:41:11,S08,20240914
S08/20240914/00017,9,TAX,1,377.84,TAX,14-09-2024 19:41:11,S08,20240914
S08/20240914/00017,10,TENDER,1,4561.08,TENDER,14-09-2024 19:41:11,S08,20240914
S08/20240914/00018,1,P104831,3,1516.75,SALE,14-09-2024 16:05:48,S08,20240914
S08/20240914/00018,2,P103050,3,569.48,SALE,14-09-2024 16:05:48,S08,20240914
S08/20240914/00018,3,P101010,3,71.39,SALE,14-09-2024 16:05:48,S08,20240914
S08/20240914/00018,4,P100582,4,164.39,SALE,14-09-2024 16:05:48,S08,20240914
S08/20240914/00018,5,TAX,1,690.09,TAX,14-09-2024 16:05:48,S08,20240914
S08/20240914/00018,6,TENDER,1,7820.51,TENDER,14-09-2024 16:05:48,S08,20240914
S08/20240914/00019,1,P100330,3,188.77,SALE,14-09-2024 07:31:40,S08,20240914
S08/20240914/00019,2,P102091,2,87.97,SALE,14-09-2024 07:31:40,S08,20240914
S08/20240914/00019,3,P107581,1,287.09,SALE,14-09-2024 07:31:40,S08,20240914
S08/20240914/00019,4,P108017,1,105.98,SALE,14-09-2024 07:31:40,S08,20240914
S08/20240914/00019,5,P103864,1,452.72,SALE,14-09-2024 07:31:40,S08,20240914
S08/20240914/00019,6,TAX,1,85.40,TAX,14-09-2024 07:31:40,S08,20240914
S08/20240914/00019,7,TENDER,1,1673.44,TENDER,14-09-2024 07:31:40,S08,20240914
S08/20240914/00020,1,P101134,3,1071.76,SALE,14-09-2024 16:47:43,S08,20240914
S08/20240914/00020,2,P103999,3,120.61,SALE,14-09-2024 16:47:43,S08,20240914
S08/20240914/00020,3,P106907,1,321.26,SALE,14-09-2024 16:47:43,S08,20240914
S08/20240914/00020,4,P102788,3,920.26,SALE,14-09-2024 16:47:43,S08,20240914
S08/20240914/00020,5,P107012,2,104.24,SALE,14-09-2024 16:47:43,S08,20240914
S08/20240914/00020,6,TAX,1,166.55,TAX,14-09-2024 16:47:43,S08,20240914
S08/20240914/00020,7,TENDER,1,7034.18,TENDER,14-09-2024 16:47:43,S08,20240914
S08/20240914/00021,1,P101851,1,1750.29,SALE,14-09-2024 14:04:36,S08,20240914
S08/20240914/00021,2,P101095,2,205.38,SALE,14-09-2024 14:04:36,S08,20240914
S08/20240914/00021,3,P105030,2,219.33,SALE,14-09-2024 14:04:36,S08,20240914
S08/20240914/00021,4,TAX,1,78.96,TAX,14-09-2024 14:04:36,S08,20240914
S08/20240914/00021,5,TENDER,1,2678.67,TENDER,14-09-2024 14:04:36,S08,20240914
S08/20240914/00022,1,P102353,1,139.83,SALE,14-09-2024 13:06:47,S08,20240914
S08/20240914/00022,2,P103397,3,371.02,SALE,14-09-2024 13:06:47,S08,20240914
S08/20240914/00022,3,TAX,1,6.99,TAX,14-09-2024 13:06:47,S08,20240914
S08/20240914/00022,4,TENDER,1,1259.88,TENDER,14-09-2024 13:06:47,S08,20240914
S08/20240914/00023,1,P105365,2,420.06,SALE,14-09-2024 19:57:24,S08,20240914
S08/20240914/00023,2,P105772,2,539.31,SALE,14-09-2024 19:57:24,S08,20240914
S08/20240914/00023,3,P100441,2,419.95,SALE,14-09-2024 19:57:24,S08,20240914
S08/20240914/00023,4,P105069,2,168.30,SALE,14-09-2024 19:57:24,S08,20240914
S08/20240914/00023,5,P101578,3,39.77,SALE,14-09-2024 19:57:24,S08,20240914
S08/20240914/00023,6,P108149,4,1073.33,SALE,14-09-2024 19:57:24,S08,20240914
S08/20240914/00023,7,P101225,2,452.38,SALE,14-09-2024 19:57:24,S08,20240914
S08/20240914/00023,8,P104072,2,708.34,SALE,14-09-2024 19:57:24,S08,20240914
S08/20240914/00023,9,TAX,1,641.71,TAX,14-09-2024 19:57:24,S08,20240914
S08/20240914/00023,10,TENDER,1,10471.02,TENDER,14-09-2024 19:57:24,S08,20240914
S08/20240914/00024,1,P100827,1,1218.17,SALE,14-09-2024 13:58:28,S08,20240914
S08/20240914/00024,2,P101722,3,1331.86,SALE,14-09-2024 13:58:28,S08,20240914
S08/20240914/00024,3,P103438,2,187.96,SALE,14-09-2024 13:58:28,S08,20240914
S08/20240914/00024,4,P105570,2,345.21,SALE,14-09-2024 13:58:28,S08,20240914
S08/20240914/00024,5,P100784,3,319.36,SALE,14-09-2024 13:58:28,S08,20240914
S08/20240914/00024,6,P101076,1,606.89,SALE,14-09-2024 13:58:28,S08,20240914
S08/20240914/00024,7,TAX,1,398.41,TAX,14-09-2024 13:58:28,S08,20240914
S08/20240914/00024,8,TENDER,1,8243.47,TENDER,14-09-2024 13:58:28,S08,20240914
S08/20240914/00025,1,P101911,1,1431.80,SALE,14-09-2024 17:34:10,S08,20240914
S08/20240914/00025,2,P101454,4,134.66,SALE,14-09-2024 17:34:10,S08,20240914
S08/20240914/00025,3,P108216,2,69.70,SALE,14-09-2024 17:34:10,S08,20240914
S08/20240914/00025,4,TAX,1,71.61,TAX,14-09-2024 17:34:10,S08,20240914
S08/20240914/00025,5,TENDER,1,2181.45,TENDER,14-09-2024 17:34:10,S08,20240914
S08/20240914/00026,1,P106373,3,48.45,SALE,14-09-2024 12:39:14,S08,20240914
S08/20240914/00026,2,P108282,3,472.97,SALE,14-09-2024 12:39:14,S08,20240914
S08/20240914/00026,3,P103105,1,31.43,SALE,14-09-2024 12:39:14,S08,20240914
S08/20240914/00026,4,P104554,3,437.01,SALE,14-09-2024 12:39:14,S08,20240914
S08/20240914/00026,5,P100441,4,419.95,SALE,14-09-2024 12:39:14,S08,20240914
S08/20240914/00026,6,DISC,1,-454.85,DISCOUNT,14-09-2024 12:39:14,S08,20240914
S08/20240914/00026,7,TAX,1,398.86,TAX,14-09-2024 12:39:14,S08,20240914
S08/20240914/00026,8,TENDER,1,4530.53,TENDER,14-09-2024 12:39:14,S08,20240914
S08/20240914/00027,1,P105260,3,72.61,SALE,14-09-2024 10:02:13,S08,20240914
S08/20240914/00027,2,P105069,3,168.30,SALE,14-09-2024 10:02:13,S08,20240914
S08/20240914/00027,3,P105959,2,513.93,SALE,14-09-2024 10:02:13,S08,20240914
S08/20240914/00027,4,TAX,1,302.04,TAX,14-09-2024 10:02:13,S08,20240914
S08/20240914/00027,5,TENDER,1,2052.63,TENDER,14-09-2024 10:02:13,S08,20240914
S08/20240914/00028,1,P103777,1,44.82,SALE,14-09-2024 17:11:16,S08,20240914
S08/20240914/00028,2,P104497,1,242.91,SALE,14-09-2024 17:11:16,S08,20240914
S08/20240914/00028,3,P100736,1,700.87,SALE,14-09-2024 17:11:16,S08,20240914
S08/20240914/00028,4,P102383,1,10.62,SALE,14-09-2024 17:11:16,S08,20240914
S08/20240914/00028,5,P102886,3,139.22,SALE,14-09-2024 17:11:16,S08,20240914
S08/20240914/00028,6,P103978,2,347.08,SALE,14-09-2024 17:11:16,S08,20240914
S08/20240914/00028,7,TAX,1,155.99,TAX,14-09-2024 17:11:16,S08,20240914
S08/20240914/00028,8,TENDER,1,2267.03,TENDER,14-09-2024 17:11:16,S08,20240914
S08/20240914/00029,1,P101533,1,975.60,SALE,14-09-2024 18:30:57,S08,20240914
S08/20240914/00029,2,P101660,4,193.14,SALE,14-09-2024 18:30:57,S08,20240914
S08/20240914/00029,3,P100665,1,305.11,SALE,14-09-2024 18:30:57,S08,20240914
S08/20240914/00029,4,TAX,1,192.31,TAX,14-09-2024 18:30:57,S08,20240914
S08/20240914/00029,5,TENDER,1,2245.58,TENDER,14-09-2024 18:30:57,S08,20240914
S08/20240914/00030,1,P106373,2,48.45,SALE,14-09-2024 21:45:00,S08,20240914
S08/20240914/00030,2,P106072,2,78.69,SALE,14-09-2024 21:45:00,S08,20240914
S08/20240914/00030,3,P100367,1,537.90,SALE,14-09-2024 21:45:00,S08,20240914
S08/20240914/00030,4,P104485,3,643.04,SALE,14-09-2024 21:45:00,S08,20240914
S08/20240914/00030,5,TAX,1,352.05,TAX,14-09-2024 21:45:00,S08,20240914
S08/20240914/00030,6,TENDER,1,3073.35,TENDER,14-09-2024 21:45:00,S08,20240914
S08/20240914/00031,1,P106885,3,132.48,SALE,14-09-2024 13:04:47,S08,20240914
S08/20240914/00031,2,P100131,2,667.83,SALE,14-09-2024 13:04:47,S08,20240914
S08/20240914/00031,3,P107246,2,313.74,SALE,14-09-2024 13:04:47,S08,20240914
S08/20240914/00031,4,TAX,1,344.76,TAX,14-09-2024 13:04:47,S08,20240914
S08/20240914/00031,5,TENDER,1,2705.34,TENDER,14-09-2024 13:04:47,S08,20240914
S08/20240914/00032,1,P104302,3,1255.97,SALE,14-09-2024 19:23:22,S08,20240914
S08/20240914/00032,2,P104831,1,1516.75,SALE,14-09-2024 19:23:22,S08,20240914
S08/20240914/00032,3,P106872,1,73.12,SALE,14-09-2024 19:23:22,S08,20240914
S08/20240914/00032,4,P103999,1,120.61,SALE,14-09-2024 19:23:22,S08,20240914
S08/20240914/00032,5,TAX,1,653.35,TAX,14-09-2024 19:23:22,S08,20240914
S08/20240914/00032,6,TENDER,1,6131.74,TENDER,14-09-2024 19:23:22,S08,20240914
S08/20240914/00033,1,P105468,2,1100.43,SALE,14-09-2024 11:42:17,S08,20240914
S08/20240914/00033,2,P101940,2,201.44,SALE,14-09-2024 11:42:17,S08,20240914
S08/20240914/00033,3,P106072,3,78.69,SALE,14-09-2024 11:42:17,S08,20240914
S08/20240914/00033,4,P106277,1,425.71,SALE,14-09-2024 11:42:17,S08,20240914
S08/20240914/00033,5,TAX,1,208.00,TAX,14-09-2024 11:42:17,S08,20240914
S08/20240914/00033,6,TENDER,1,3473.52,TENDER,14-09-2024 11:42:17,S08,20240914
S08/20240914/00034,1,P104328,3,66.72,SALE,14-09-2024 16:37:05,S08,20240914
S08/20240914/00034,2,P103340,2,466.84,SALE,14-09-2024 16:37:05,S08,20240914
S08/20240914/00034,3,P101237,1,278.87,SALE,14-09-2024 16:37:05,S08,20240914
S08/20240914/00034,4,P104058,2,351.54,SALE,14-09-2024 16:37:05,S08,20240914
S08/20240914/00034,5,TAX,1,338.09,TAX,14-09-2024 16:37:05,S08,20240914
S08/20240914/00034,6,TENDER,1,2453.88,TENDER,14-09-2024 16:37:05,S08,20240914
S08/20240914/00035,1,P106718,1,525.27,SALE,14-09-2024 13:49:03,S08,20240914
S08/20240914/00035,2,P102566,1,414.37,SALE,14-09-2024 13:49:03,S08,20240914
S08/20240914/00035,3,P102181,3,1586.03,SALE,14-09-2024 13:49:03,S08,20240914
S08/20240914/00035,4,P106885,2,132.48,SALE,14-09-2024 13:49:03,S08,20240914
S08/20240914/00035,5,P106234,2,78.81,SALE,14-09-2024 13:49:03,S08,20240914
S08/20240914/00035,6,P105805,3,112.64,SALE,14-09-2024 13:49:03,S08,20240914
S08/20240914/00035,7,DISC,1,-398.60,DISCOUNT,14-09-2024 13:49:03,S08,20240914
S08/20240914/00035,8,TAX,1,170.65,TAX,14-09-2024 13:49:03,S08,20240914
S08/20240914/00035,9,TENDER,1,6230.28,TENDER,14-09-2024 13:49:03,S08,20240914
S08/20240914/00036,1,P107681,-3,193.13,RETURN,14-09-2024 16:02:02,S08,20240914
S08/20240914/00036,2,P106872,-3,73.12,RETURN,14-09-2024 16:02:02,S08,20240914
S08/20240914/00036,3,P106044,-3,40.72,RETURN,14-09-2024 16:02:02,S08,20240914
S08/20240914/00036,4,TAX,1,-165.76,TAX,14-09-2024 16:02:02,S08,20240914
S08/20240914/00036,5,TENDER,1,-1086.67,TENDER,14-09-2024 16:02:02,S08,20240914
S08/20240914/00037,1,P100924,3,49.24,SALE,14-09-2024 14:02:23,S08,20240914
S08/20240914/00037,2,P105331,2,308.39,SALE,14-09-2024 14:02:23,S08,20240914
S08/20240914/00037,3,P106130,3,1331.09,SALE,14-09-2024 14:02:23,S08,20240914
S08/20240914/00037,4,P108335,4,165.51,SALE,14-09-2024 14:02:23,S08,20240914
S08/20240914/00037,5,P107115,3,172.62,SALE,14-09-2024 14:02:23,S08,20240914
S08/20240914/00037,6,DISC,1,-168.45,DISCOUNT,14-09-2024 14:02:23,S08,20240914
S08/20240914/00037,7,TAX,1,80.96,TAX,14-09-2024 14:02:23,S08,20240914
S08/20240914/00037,8,TENDER,1,5850.18,TENDER,14-09-2024 14:02:23,S08,20240914
S08/20240914/00038,1,P107264,1,181.93,SALE,14-09-2024 14:47:53,S08,20240914
S08/20240914/00038,2,P107242,2,589.95,SALE,14-09-2024 14:47:53,S08,20240914
S08/20240914/00038,3,TAX,1,91.74,TAX,14-09-2024 14:47:53,S08,20240914
S08/20240914/00038,4,TENDER,1,1453.57,TENDER,14-09-2024 14:47:53,S08,20240914
S08/20240914/00039,1,P100224,2,79.65,SALE,14-09-2024 15:35:53,S08,20240914
S08/20240914/00039,2,P100100,4,417.83,SALE,14-09-2024 15:35:53,S08,20240914
S08/20240914/00039,3,P102432,2,819.74,SALE,14-09-2024 15:35:53,S08,20240914
S08/20240914/00039,4,TAX,1,405.26,TAX,14-09-2024 15:35:53,S08,20240914
S08/20240914/00039,5,TENDER,1,3875.36,TENDER,14-09-2024 15:35:53,S08,20240914
S08/20240914/00040,1,P101356,3,1083.07,SALE,14-09-2024 18:54:11,S08,20240914
S08/20240914/00040,2,P100754,4,91.60,SALE,14-09-2024 18:54:11,S08,20240914
S08/20240914/00040,3,P106989,1,26.75,SALE,14-09-2024 18:54:11,S08,20240914
S08/20240914/00040,4,P102375,1,485.62,SALE,14-09-2024 18:54:11,S08,20240914
S08/20240914/00040,5,P107171,1,335.20,SALE,14-09-2024 18:54:11,S08,20240914
S08/20240914/00040,6,TAX,1,313.23,TAX,14-09-2024 18:54:11,S08,20240914
S08/20240914/00040,7,TENDER,1,4776.41,TENDER,14-09-2024 18:54:11,S08,20240914
S08/20240915/00001,1,P105882,1,222.02,SALE,15-09-2024 09:28:24,S08,20240915
S08/20240915/00001,2,P103668,2,1530.18,SALE,15-09-2024 09:28:24,S08,20240915
S08/20240915/00001,3,P103435,1,443.24,SALE,15-09-2024 09:28:24,S08,20240915
S08/20240915/00001,4,TAX,1,272.76,TAX,15-09-2024 09:28:24,S08,20240915
S08/20240915/00001,5,TENDER,1,3998.38,TENDER,15-09-2024 09:28:24,S08,20240915
S08/20240915/00002,1,P106310,2,462.03,SALE,15-09-2024 17:48:41,S08,20240915
S08/20240915/00002,2,P106221,3,31.65,SALE,15-09-2024 17:48:41,S08,20240915
S08/20240915/00002,3,P102671,2,252.00,SALE,15-09-2024 17:48:41,S08,20240915
S08/20240915/00002,4,P100731,2,254.77,SALE,15-09-2024 17:48:41,S08,20240915
S08/20240915/00002,5,TAX,1,365.86,TAX,15-09-2024 17:48:41,S08,20240915
S08/20240915/00002,6,TENDER,1,2398.41,TENDER,15-09-2024 17:48:41,S08,20240915
S08/20240915/00003,1,P104916,4,294.91,SALE,15-09-2024 16:29:55,S08,20240915
S08/20240915/00003,2,P107743,1,197.87,SALE,15-09-2024 16:29:55,S08,20240915
S08/20240915/00003,3,TAX,1,236.08,TAX,15-09-2024 16:29:55,S08,20240915
S08/20240915/00003,4,TENDER,1,1613.59,TENDER,15-09-2024 16:29:55,S08,20240915
S08/20240915/00004,1,P106710,2,98.77,SALE,15-09-2024 16:13:00,S08,20240915
S08/20240915/00004,2,P104975,2,568.03,SALE,15-09-2024 16:13:00,S08,20240915
S08/20240915/00004,3,P101904,3,634.24,SALE,15-09-2024 16:13:00,S08,20240915
S08/20240915/00004,4,P104600,1,56.45,SALE,15-09-2024 16:13:00,S08,20240915
S08/20240915/00004,5,P102947,2,59.21,SALE,15-09-2024 16:13:00,S08,20240915
S08/20240915/00004,6,P102471,1,151.71,SALE,15-09-2024 16:13:00,S08,20240915
S08/20240915/00004,7,TAX,1,408.18,TAX,15-09-2024 16:13:00,S08,20240915
S08/20240915/00004,8,TENDER,1,3971.08,TENDER,15-09-2024 16:13:00,S08,20240915
S08/20240915/00005,1,P105729,3,70.06,SALE,15-09-2024 16:47:11,S08,20240915
S08/20240915/00005,2,P103273,1,377.82,SALE,15-09-2024 16:47:11,S08,20240915
S08/20240915/00005,3,P108361,3,68.42,SALE,15-09-2024 16:47:11,S08,20240915
S08/20240915/00005,4,P104404,1,890.27,SALE,15-09-2024 16:47:11,S08,20240915
S08/20240915/00005,5,TAX,1,190.00,TAX,15-09-2024 16:47:11,S08,20240915
S08/20240915/00005,6,TENDER,1,1873.53,TENDER,15-09-2024 16:47:11,S08,20240915
S08/20240915/00006,1,P102821,1,1438.37,SALE,15-09-2024 19:10:14,S08,20240915
S08/20240915/00006,2,P103050,4,569.48,SALE,15-09-2024 19:10:14,S08,20240915
S08/20240915/00006,3,P100838,2,37.95,SALE,15-09-2024 19:10:14,S08,20240915
S08/20240915/00006,4,TAX,1,3.80,TAX,15-09-2024 19:10:14,S08,20240915
S08/20240915/00006,5,TENDER,1,3795.99,TENDER,15-09-2024 19:10:14,S08,20240915
S08/20240915/00007,1,P104308,3,53.24,SALE,15-09-2024 14:14:43,S08,20240915
S08/20240915/00007,2,P105198,3,15.39,SALE,15-09-2024 14:14:43,S08,20240915
S08/20240915/00007,3,P104587,2,252.25,SALE,15-09-2024 14:14:43,S08,20240915
S08/20240915/00007,4,P108135,1,539.95,SALE,15-09-2024 14:14:43,S08,20240915
S08/20240915/00007,5,TAX,1,59.52,TAX,15-09-2024 14:14:43,S08,20240915
S08/20240915/00007,6,TENDER,1,1309.86,TENDER,15-09-2024 14:14:43,S08,20240915
S08/20240915/00008,1,P100827,5,1218.17,SALE,15-09-2024 17:51:42,S08,20240915
S08/20240915/00008,2,P105042,1,66.53,SALE,15-09-2024 17:51:42,S08,20240915
S08/20240915/00008,3,P102931,2,185.66,SALE,15-09-2024 17:51:42,S08,20240915
S08/20240915/00008,4,P100771,1,820.85,SALE,15-09-2024 17:51:42,S08,20240915
S08/20240915/00008,5,TAX,1,110.48,TAX,15-09-2024 17:51:42,S08,20240915
S08/20240915/00008,6,TENDER,1,7460.03,TENDER,15-09-2024 17:51:42,S08,20240915
S08/20240915/00009,1,P104579,3,67.48,SALE,15-09-2024 15:24:55,S08,20240915
S08/20240915/00009,2,P107775,2,739.97,SALE,15-09-2024 15:24:55,S08,20240915
S08/20240915/00009,3,TAX,1,74.00,TAX,15-09-2024 15:24:55,S08,20240915
S08/20240915/00009,4,TENDER,1,1756.38,TENDER,15-09-2024 15:24:55,S08,20240915
S08/20240915/00010,1,P100403,3,71.73,SALE,15-09-2024 18:39:27,S08,20240915
S08/20240915/00010,2,P103328,3,236.27,SALE,15-09-2024 18:39:27,S08,20240915
S08/20240915/00010,3,P101762,3,528.36,SALE,15-09-2024 18:39:27,S08,20240915
S08/20240915/00010,4,TAX,1,343.62,TAX,15-09-2024 18:39:27,S08,20240915
S08/20240915/00010,5,TENDER,1,2852.70,TENDER,15-09-2024 18:39:27,S08,20240915
S08/20240915/00011,1,P105937,2,259.08,SALE,15-09-2024 18:52:02,S08,20240915
S08/20240915/00011,2,P107502,1,311.85,SALE,15-09-2024 18:52:02,S08,20240915
S08/20240915/00011,3,P102909,4,48.95,SALE,15-09-2024 18:52:02,S08,20240915
S08/20240915/00011,4,P100233,1,67.07,SALE,15-09-2024 18:52:02,S08,20240915
S08/20240915/00011,5,P103882,3,269.95,SALE,15-09-2024 18:52:02,S08,20240915
S08/20240915/00011,6,TAX,1,298.53,TAX,15-09-2024 18:52:02,S08,20240915
S08/20240915/00011,7,TENDER,1,2201.26,TENDER,15-09-2024 18:52:02,S08,20240915
S08/20240915/00012,1,P103473,2,428.66,SALE,15-09-2024 16:49:26,S08,20240915
S08/20240915/00012,2,P106512,3,450.83,SALE,15-09-2024 16:49:26,S08,20240915
S08/20240915/00012,3,P107040,3,474.18,SALE,15-09-2024 16:49:26,S08,20240915
S08/20240915/00012,4,P104579,1,67.48,SALE,15-09-2024 16:49:26,S08,20240915
S08/20240915/00012,5,P104501,3,413.53,SALE,15-09-2024 16:49:26,S08,20240915
S08/20240915/00012,6,P103452,2,1033.70,SALE,15-09-2024 16:49:26,S08,20240915
S08/20240915/00012,7,P107695,2,271.01,SALE,15-09-2024 16:49:26,S08,20240915
S08/20240915/00012,8,DISC,1,-443.53,DISCOUNT,15-09-2024 16:49:26,S08,20240915
S08/20240915/00012,9,TAX,1,582.06,TAX,15-09-2024 16:49:26,S08,20240915
S08/20240915/00012,10,TENDER,1,7688.37,TENDER,15-09-2024 16:49:26,S08,20240915
S08/20240915/00013,1,P102913,2,375.37,SALE,15-09-2024 19:12:23,S08,20240915
S08/20240915/00013,2,P106405,4,38.72,SALE,15-09-2024 19:12:23,S08,20240915
S08/20240915/00013,3,P104454,2,49.63,SALE,15-09-2024 19:12:23,S08,20240915
S08/20240915/00013,4,TAX,1,122.93,TAX,15-09-2024 19:12:23,S08,20240915
S08/20240915/00013,5,TENDER,1,1127.81,TENDER,15-09-2024 19:12:23,S08,20240915
S08/20240915/00014,1,P107393,1,469.90,SALE,15-09-2024 17:27:31,S08,20240915
S08/20240915/00014,2,P104842,2,357.87,SALE,15-09-2024 17:27:31,S08,20240915
S08/20240915/00014,3,P106958,1,136.43,SALE,15-09-2024 17:27:31,S08,20240915
S08/20240915/00014,4,DISC,1,-127.91,DISCOUNT,15-09-2024 17:27:31,S08,20240915
S08/20240915/00014,5,TAX,1,150.69,TAX,15-09-2024 17:27:31,S08,20240915
S08/20240915/00014,6,TENDER,1,1344.85,TENDER,15-09-2024 17:27:31,S08,20240915
S08/20240915/00015,1,P103004,2,82.09,SALE,15-09-2024 20:11:26,S08,20240915
S08/20240915/00015,2,P101599,2,417.76,SALE,15-09-2024 20:11:26,S08,20240915
S08/20240915/00015,3,P106399,1,198.14,SALE,15-09-2024 20:11:26,S08,20240915
S08/20240915/00015,4,TAX,1,168.51,TAX,15-09-2024 20:11:26,S08,20240915
S08/20240915/00015,5,TENDER,1,1366.35,TENDER,15-09-2024 20:11:26,S08,20240915
S08/20240915/00016,1,P103222,1,398.43,SALE,15-09-2024 17:13:16,S08,20240915
S08/20240915/00016,2,P101048,2,219.90,SALE,15-09-2024 17:13:16,S08,20240915
S08/20240915/00016,3,P108227,2,551.58,SALE,15-09-2024 17:13:16,S08,20240915
S08/20240915/00016,4,TAX,1,69.80,TAX,15-09-2024 17:13:16,S08,20240915
S08/20240915/00016,5,TENDER,1,2011.19,TENDER,15-09-2024 17:13:16,S08,20240915
S08/20240915/00017,1,P101570,1,288.76,SALE,15-09-2024 13:53:17,S08,20240915
S08/20240915/00017,2,P101578,1,39.77,SALE,15-09-2024 13:53:17,S08,20240915
S08/20240915/00017,3,P101740,1,855.00,SALE,15-09-2024 13:53:17,S08,20240915
S08/20240915/00017,4,P105997,1,109.75,SALE,15-09-2024 13:53:17,S08,20240915
S08/20240915/00017,5,P101710,2,322.76,SALE,15-09-2024 13:53:17,S08,20240915
S08/20240915/00017,6,P101702,2,491.39,SALE,15-09-2024 13:53:17,S08,20240915
S08/20240915/00017,7,TAX,1,296.49,TAX,15-09-2024 13:53:17,S08,20240915
S08/20240915/00017,8,TENDER,1,3218.07,TENDER,15-09-2024 13:53:17,S08,20240915
S08/20240915/00018,1,P104670,2,108.77,SALE,15-09-2024 19:25:42,S08,20240915
S08/20240915/00018,2,P102042,1,151.18,SALE,15-09-2024 19:25:42,S08,20240915
S08/20240915/00018,3,P102296,2,43.24,SALE,15-09-2024 19:25:42,S08,20240915
S08/20240915/00018,4,P104358,1,1243.57,SALE,15-09-2024 19:25:42,S08,20240915
S08/20240915/00018,5,TAX,1,222.09,TAX,15-09-2024 19:25:42,S08,20240915
S08/20240915/00018,6,TENDER,1,1920.86,TENDER,15-09-2024 19:25:42,S08,20240915
S08/20240915/00019,1,P100233,3,67.07,SALE,15-09-2024 15:49:50,S08,20240915
S08/20240915/00019,2,P106948,4,180.07,SALE,15-09-2024 15:49:50,S08,20240915
S08/20240915/00019,3,P107477,3,116.48,SALE,15-09-2024 15:49:50,S08,20240915
S08/20240915/00019,4,P104011,1,657.72,SALE,15-09-2024 15:49:50,S08,20240915
S08/20240915/00019,5,P101064,3,33.84,SALE,15-09-2024 15:49:50,S08,20240915
S08/20240915/00019,6,P104512,2,94.53,SALE,15-09-2024 15:49:50,S08,20240915
S08/20240915/00019,7,P100819,2,1203.94,SALE,15-09-2024 15:49:50,S08,20240915
S08/20240915/00019,8,P103316,1,1774.02,SALE,15-09-2024 15:49:50,S08,20240915
S08/20240915/00019,9,TAX,1,337.04,TAX,15-09-2024 15:49:50,S08,20240915
S08/20240915/00019,10,TENDER,1,6738.17,TENDER,15-09-2024 15:49:50,S08,20240915
S08/20240915/00020,1,P104606,2,90.58,SALE,15-09-2024 11:44:10,S08,20240915
S08/20240915/00020,2,P101090,2,24.06,SALE,15-09-2024 11:44:10,S08,20240915
S08/20240915/00020,3,P105294,7,126.15,SALE,15-09-2024 11:44:10,S08,20240915
S08/20240915/00020,4,P106584,2,247.63,SALE,15-09-2024 11:44:10,S08,20240915
S08/20240915/00020,5,DISC,1,-166.64,DISCOUNT,15-09-2024 11:44:10,S08,20240915
S08/20240915/00020,6,TAX,1,169.72,TAX,15-09-2024 11:44:10,S08,20240915
S08/20240915/00020,7,TENDER,1,1610.67,TENDER,15-09-2024 11:44:10,S08,20240915
S08/20240915/00021,1,P100362,2,270.89,SALE,15-09-2024 17:15:58,S08,20240915
S08/20240915/00021,2,P106123,1,248.44,SALE,15-09-2024 17:15:58,S08,20240915
S08/20240915/00021,3,P104410,3,498.71,SALE,15-09-2024 17:15:58,S08,20240915
S08/20240915/00021,4,P104676,3,87.52,SALE,15-09-2024 17:15:58,S08,20240915
S08/20240915/00021,5,P101500,2,330.53,SALE,15-09-2024 17:15:58,S08,20240915
S08/20240915/00021,6,P106277,3,425.71,SALE,15-09-2024 17:15:58,S08,20240915
S08/20240915/00021,7,TAX,1,380.42,TAX,15-09-2024 17:15:58,S08,20240915
S08/20240915/00021,8,TENDER,1,4867.52,TENDER,15-09-2024 17:15:58,S08,20240915
S08/20240915/00022,1,P103811,2,778.90,SALE,15-09-2024 17:21:27,S08,20240915
S08/20240915/00022,2,P101911,2,1431.80,SALE,15-09-2024 17:21:27,S08,20240915
S08/20240915/00022,3,P105765,1,495.29,SALE,15-09-2024 17:21:27,S08,20240915
S08/20240915/00022,4,P102811,1,199.78,SALE,15-09-2024 17:21:27,S08,20240915
S08/20240915/00022,5,TAX,1,99.14,TAX,15-09-2024 17:21:27,S08,20240915
S08/20240915/00022,6,TENDER,1,5215.61,TENDER,15-09-2024 17:21:27,S08,20240915
S08/20240915/00023,1,P100086,1,88.95,SALE,15-09-2024 16:49:04,S08,20240915
S08/20240915/00023,2,P100456,2,982.47,SALE,15-09-2024 16:49:04,S08,20240915
S08/20240915/00023,3,TAX,1,102.69,TAX,15-09-2024 16:49:04,S08,20240915
S08/20240915/00023,4,TENDER,1,2156.58,TENDER,15-09-2024 16:49:04,S08,20240915
S08/20240915/00024,1,P105307,2,831.20,SALE,15-09-2024 23:55:34,S08,20240915
S08/20240915/00024,2,P103168,1,923.59,SALE,15-09-2024 23:55:34,S08,20240915
S08/20240915/00024,3,P100593,6,32.38,SALE,15-09-2024 23:55:34,S08,20240915
S08/20240915/00024,4,P107446,4,593.14,SALE,15-09-2024 23:55:34,S08,20240915
S08/20240915/00024,5,P103525,2,252.51,SALE,15-09-2024 23:55:34,S08,20240915
S08/20240915/00024,6,P102671,3,252.00,SALE,15-09-2024 23:55:34,S08,20240915
S08/20240915/00024,7,P100627,3,440.29,SALE,15-09-2024 23:55:34,S08,20240915
S08/20240915/00024,8,TAX,1,858.10,TAX,15-09-2024 23:55:34,S08,20240915
S08/20240915/00024,9,TENDER,1,8592.82,TENDER,15-09-2024 23:55:34,S08,20240915
S08/20240915/00025,1,P104533,3,271.68,SALE,15-09-2024 19:09:44,S08,20240915
S08/20240915/00025,2,P103382,1,196.46,SALE,15-09-2024 19:09:44,S08,20240915
S08/20240915/00025,3,P100255,5,1250.31,SALE,15-09-2024 19:09:44,S08,20240915
S08/20240915/00025,4,P106697,1,342.69,SALE,15-09-2024 19:09:44,S08,20240915
S08/20240915/00025,5,TAX,1,404.28,TAX,15-09-2024 19:09:44,S08,20240915
S08/20240915/00025,6,TENDER,1,8010.02,TENDER,15-09-2024 19:09:44,S08,20240915
S08/20240915/00026,1,P103168,-1,923.59,RETURN,15-09-2024 20:59:53,S08,20240915
S08/20240915/00026,2,P106373,-4,53.30,RETURN,15-09-2024 20:59:53,S08,20240915
S08/20240915/00026,3,P103068,-4,151.27,RETURN,15-09-2024 20:59:53,S08,20240915
S08/20240915/00026,4,P105268,-2,255.65,RETURN,15-09-2024 20:59:53,S08,20240915
S08/20240915/00026,5,TAX,1,-243.78,TAX,15-09-2024 20:59:53,S08,20240915
S08/20240915/00026,6,TENDER,1,-2496.95,TENDER,15-09-2024 20:59:53,S08,20240915
S08/20240915/00027,1,P100974,1,41.35,SALE,15-09-2024 10:26:53,S08,20240915
S08/20240915/00027,2,P106865,2,299.72,SALE,15-09-2024 10:26:53,S08,20240915
S08/20240915/00027,3,P106084,2,592.14,SALE,15-09-2024 10:26:53,S08,20240915
S08/20240915/00027,4,P104308,3,53.24,SALE,15-09-2024 10:26:53,S08,20240915
S08/20240915/00027,5,TAX,1,197.93,TAX,15-09-2024 10:26:53,S08,20240915
S08/20240915/00027,6,TENDER,1,2182.72,TENDER,15-09-2024 10:26:53,S08,20240915
S08/20240915/00028,1,P105337,2,35.20,SALE,15-09-2024 16:16:34,S08,20240915
S08/20240915/00028,2,P105030,4,219.33,SALE,15-09-2024 16:16:34,S08,20240915
S08/20240915/00028,3,P105797,1,254.07,SALE,15-09-2024 16:16:34,S08,20240915
S08/20240915/00028,4,P103510,1,196.86,SALE,15-09-2024 16:16:34,S08,20240915
S08/20240915/00028,5,P102465,2,1410.14,SALE,15-09-2024 16:16:34,S08,20240915
S08/20240915/00028,6,TAX,1,358.03,TAX,15-09-2024 16:16:34,S08,20240915
S08/20240915/00028,7,TENDER,1,4576.96,TENDER,15-09-2024 16:16:34,S08,20240915
S08/20240915/00029,1,P107667,2,367.93,SALE,15-09-2024 14:23:16,S08,20240915
S08/20240915/00029,2,P102903,2,51.46,SALE,15-09-2024 14:23:16,S08,20240915
S08/20240915/00029,3,TAX,1,106.83,TAX,15-09-2024 14:23:16,S08,20240915
S08/20240915/00029,4,TENDER,1,945.61,TENDER,15-09-2024 14:23:16,S08,20240915
S08/20240915/00030,1,P103262,1,54.76,SALE,15-09-2024 18:34:14,S08,20240915
S08/20240915/00030,2,P100287,1,208.00,SALE,15-09-2024 18:34:14,S08,20240915
S08/20240915/00030,3,P101156,2,91.80,SALE,15-09-2024 18:34:14,S08,20240915
S08/20240915/00030,4,TAX,1,36.88,TAX,15-09-2024 18:34:14,S08,20240915
S08/20240915/00030,5,TENDER,1,483.24,TENDER,15-09-2024 18:34:14,S08,20240915
S08/20240915/00031,1,P103552,1,125.20,SALE,15-09-2024 16:07:42,S08,20240915
S08/20240915/00031,2,P104478,2,18.27,SALE,15-09-2024 16:07:42,S08,20240915
S08/20240915/00031,3,P103374,2,34.95,SALE,15-09-2024 16:07:42,S08,20240915
S08/20240915/00031,4,P104454,3,49.63,SALE,15-09-2024 16:07:42,S08,20240915
S08/20240915/00031,5,P101242,2,83.48,SALE,15-09-2024 16:07:42,S08,20240915
S08/20240915/00031,6,TAX,1,56.66,TAX,15-09-2024 16:07:42,S08,20240915
S08/20240915/00031,7,TENDER,1,604.15,TENDER,15-09-2024 16:07:42,S08,20240915
S08/20240915/00032,1,P104308,2,53.24,SALE,15-09-2024 21:38:15,S08,20240915
S08/20240915/00032,2,P101585,1,10.45,SALE,15-09-2024 21:38:15,S08,20240915
S08/20240915/00032,3,P103839,2,213.95,SALE,15-09-2024 21:38:15,S08,20240915
S08/20240915/00032,4,P105575,1,513.17,SALE,15-09-2024 21:38:15,S08,20240915
S08/20240915/00032,5,P100946,1,75.81,SALE,15-09-2024 21:38:15,S08,20240915
S08/20240915/00032,6,DISC,1,-82.76,DISCOUNT,15-09-2024 21:38:15,S08,20240915
S08/20240915/00032,7,TAX,1,127.35,TAX,15-09-2024 21:38:15,S08,20240915
S08/20240915/00032,8,TENDER,1,1178.40,TENDER,15-09-2024 21:38:15,S08,20240915
S08/20240915/00033,1,P105772,4,539.31,SALE,15-09-2024 15:10:07,S08,20240915
S08/20240915/00033,2,P105384,1,315.25,SALE,15-09-2024 15:10:07,S08,20240915
S08/20240915/00033,3,P104944,1,54.97,SALE,15-09-2024 15:10:07,S08,20240915
S08/20240915/00033,4,TAX,1,436.03,TAX,15-09-2024 15:10:07,S08,20240915
S08/20240915/00033,5,TENDER,1,2963.49,TENDER,15-09-2024 15:10:07,S08,20240915
S08/20240915/00034,1,P104308,1,53.24,SALE,15-09-2024 16:34:35,S08,20240915
S08/20240915/00034,2,P104867,1,190.50,SALE,15-09-2024 16:34:35,S08,20240915
S08/20240915/00034,3,P103908,3,110.90,SALE,15-09-2024 16:34:35,S08,20240915
S08/20240915/00034,4,P106080,3,361.06,SALE,15-09-2024 16:34:35,S08,20240915
S08/20240915/00034,5,TAX,1,189.01,TAX,15-09-2024 16:34:35,S08,20240915
S08/20240915/00034,6,TENDER,1,1848.63,TENDER,15-09-2024 16:34:35,S08,20240915
S08/20240915/00035,1,P101248,1,497.50,SALE,15-09-2024 18:21:10,S08,20240915
S08/20240915/00035,2,P104517,2,1474.90,SALE,15-09-2024 18:21:10,S08,20240915
S08/20240915/00035,3,P104844,2,553.13,SALE,15-09-2024 18:21:10,S08,20240915
S08/20240915/00035,4,DISC,1,-495.72,DISCOUNT,15-09-2024 18:21:10,S08,20240915
S08/20240915/00035,5,TAX,1,129.09,TAX,15-09-2024 18:21:10,S08,20240915
S08/20240915/00035,6,TENDER,1,4186.93,TENDER,15-09-2024 18:21:10,S08,20240915
S08/20240915/00036,1,P101034,5,94.74,SALE,15-09-2024 12:36:09,S08,20240915
S08/20240915/00036,2,P106072,2,78.69,SALE,15-09-2024 12:36:09,S08,20240915
S08/20240915/00036,3,P105901,1,82.67,SALE,15-09-2024 12:36:09,S08,20240915
S08/20240915/00036,4,P105119,4,100.30,SALE,15-09-2024 12:36:09,S08,20240915
S08/20240915/00036,5,TAX,1,157.87,TAX,15-09-2024 12:36:09,S08,20240915
S08/20240915/00036,6,TENDER,1,1272.82,TENDER,15-09-2024 12:36:09,S08,20240915
S08/20240915/00037,1,P106024,3,472.89,SALE,15-09-2024 14:08:45,S08,20240915
S08/20240915/00037,2,P104665,2,217.71,SALE,15-09-2024 14:08:45,S08,20240915
S08/20240915/00037,3,P101592,2,295.58,SALE,15-09-2024 14:08:45,S08,20240915
S08/20240915/00037,4,P107327,2,1138.42,SALE,15-09-2024 14:08:45,S08,20240915
S08/20240915/00037,5,P101213,4,232.84,SALE,15-09-2024 14:08:45,S08,20240915
S08/20240915/00037,6,P103050,2,569.48,SALE,15-09-2024 14:08:45,S08,20240915
S08/20240915/00037,7,TAX,1,581.66,TAX,15-09-2024 14:08:45,S08,20240915
S08/20240915/00037,8,TENDER,1,7374.07,TENDER,15-09-2024 14:08:45,S08,20240915
S08/20240915/00038,1,P106648,1,339.01,SALE,15-09-2024 22:14:18,S08,20240915
S08/20240915/00038,2,P101933,1,1344.63,SALE,15-09-2024 22:14:18,S08,20240915
S08/20240915/00038,3,TAX,1,178.31,TAX,15-09-2024 22:14:18,S08,20240915
S08/20240915/00038,4,TENDER,1,1861.95,TENDER,15-09-2024 22:14:18,S08,20240915
S08/20240916/00001,1,P103124,3,489.23,SALE,16-09-2024 14:41:50,S08,20240916
S08/20240916/00001,2,P101218,1,61.39,SALE,16-09-2024 14:41:50,S08,20240916
S08/20240916/00001,3,P100112,3,90.37,SALE,16-09-2024 14:41:50,S08,20240916
S08/20240916/00001,4,P103461,1,104.95,SALE,16-09-2024 14:41:50,S08,20240916
S08/20240916/00001,5,DISC,1,-46.74,DISCOUNT,16-09-2024 14:41:50,S08,20240916
S08/20240916/00001,6,TAX,1,328.37,TAX,16-09-2024 14:41:50,S08,20240916
S08/20240916/00001,7,TENDER,1,2186.77,TENDER,16-09-2024 14:41:50,S08,20240916
S08/20240916/00002,1,P101740,3,855.00,SALE,16-09-2024 19:20:11,S08,20240916
S08/20240916/00002,2,P101949,4,857.51,SALE,16-09-2024 19:20:11,S08,20240916
S08/20240916/00002,3,TAX,1,171.50,TAX,16-09-2024 19:20:11,S08,20240916
S08/20240916/00002,4,TENDER,1,6166.54,TENDER,16-09-2024 19:20:11,S08,20240916
S08/20240916/00003,1,P101142,1,102.04,SALE,16-09-2024 14:43:49,S08,20240916
S08/20240916/00003,2,P100224,2,79.65,SALE,16-09-2024 14:43:49,S08,20240916
S08/20240916/00003,3,P106133,1,331.44,SALE,16-09-2024 14:43:49,S08,20240916
S08/20240916/00003,4,DISC,1,-63.14,DISCOUNT,16-09-2024 14:43:49,S08,20240916
S08/20240916/00003,5,TAX,1,71.36,TAX,16-09-2024 14:43:49,S08,20240916
S08/20240916/00003,6,TENDER,1,601.00,TENDER,16-09-2024 14:43:49,S08,20240916
S08/20240916/00004,1,P107767,-3,510.38,RETURN,16-09-2024 18:36:47,S08,20240916
S08/20240916/00004,2,P101720,-1,44.26,RETURN,16-09-2024 18:36:47,S08,20240916
S08/20240916/00004,3,TAX,1,-78.77,TAX,16-09-2024 18:36:47,S08,20240916
S08/20240916/00004,4,TENDER,1,-1654.17,TENDER,16-09-2024 18:36:47,S08,20240916
S08/20240916/00005,1,P105145,3,763.65,SALE,16-09-2024 18:53:06,S08,20240916
S08/20240916/00005,2,P103719,1,957.52,SALE,16-09-2024 18:53:06,S08,20240916
S08/20240916/00005,3,P105356,4,232.26,SALE,16-09-2024 18:53:06,S08,20240916
S08/20240916/00005,4,P104617,1,107.09,SALE,16-09-2024 18:53:06,S08,20240916
S08/20240916/00005,5,P104334,1,294.34,SALE,16-09-2024 18:53:06,S08,20240916
S08/20240916/00005,6,P105450,2,252.15,SALE,16-09-2024 18:53:06,S08,20240916
S08/20240916/00005,7,TAX,1,195.35,TAX,16-09-2024 18:53:06,S08,20240916
S08/20240916/00005,8,TENDER,1,5278.59,TENDER,16-09-2024 18:53:06,S08,20240916
S08/20240916/00006,1,P106434,2,178.02,SALE,16-09-2024 18:17:25,S08,20240916
S08/20240916/00006,2,P102112,2,389.72,SALE,16-09-2024 18:17:25,S08,20240916
S08/20240916/00006,3,P106209,1,199.51,SALE,16-09-2024 18:17:25,S08,20240916
S08/20240916/00006,4,P101225,2,452.38,SALE,16-09-2024 18:17:25,S08,20240916
S08/20240916/00006,5,P108356,1,206.87,SALE,16-09-2024 18:17:25,S08,20240916
S08/20240916/00006,6,TAX,1,293.59,TAX,16-09-2024 18:17:25,S08,20240916
S08/20240916/00006,7,TENDER,1,2740.21,TENDER,16-09-2024 18:17:25,S08,20240916
S08/20240916/00007,1,P103822,2,594.96,SALE,16-09-2024 13:34:32,S08,20240916
S08/20240916/00007,2,P103693,1,102.71,SALE,16-09-2024 13:34:32,S08,20240916
S08/20240916/00007,3,P104891,3,757.22,SALE,16-09-2024 13:34:32,S08,20240916
S08/20240916/00007,4,P107072,3,75.15,SALE,16-09-2024 13:34:32,S08,20240916
S08/20240916/00007,5,P105897,3,249.03,SALE,16-09-2024 13:34:32,S08,20240916
S08/20240916/00007,6,P103309,1,59.57,SALE,16-09-2024 13:34:32,S08,20240916
S08/20240916/00007,7,P103591,2,102.70,SALE,16-09-2024 13:34:32,S08,20240916
S08/20240916/00007,8,P102272,2,389.34,SALE,16-09-2024 13:34:32,S08,20240916
S08/20240916/00007,9,P104107,1,479.48,SALE,16-09-2024 13:34:32,S08,20240916
S08/20240916/00007,10,P106106,1,219.14,SALE,16-09-2024 13:34:32,S08,20240916
S08/20240916/00007,11,P102671,1,252.00,SALE,16-09-2024 13:34:32,S08,20240916
S08/20240916/00007,12,TAX,1,880.94,TAX,16-09-2024 13:34:32,S08,20240916
S08/20240916/00007,13,TENDER,1,7412.04,TENDER,16-09-2024 13:34:32,S08,20240916
S08/20240916/00008,1,P103843,1,660.15,SALE,16-09-2024 23:10:11,S08,20240916
S08/20240916/00008,2,P105450,2,252.15,SALE,16-09-2024 23:10:11,S08,20240916
S08/20240916/00008,3,P105272,2,351.65,SALE,16-09-2024 23:10:11,S08,20240916
S08/20240916/00008,4,P101292,3,380.75,SALE,16-09-2024 23:10:11,S08,20240916
S08/20240916/00008,5,P103645,2,254.96,SALE,16-09-2024 23:10:11,S08,20240916
S08/20240916/00008,6,P106720,1,126.28,SALE,16-09-2024 23:10:11,S08,20240916
S08/20240916/00008,7,P103559,3,370.21,SALE,16-09-2024 23:10:11,S08,20240916
S08/20240916/00008,8,TAX,1,338.60,TAX,16-09-2024 23:10:11,S08,20240916
S08/20240916/00008,9,TENDER,1,5095.43,TENDER,16-09-2024 23:10:11,S08,20240916
S08/20240916/00009,1,P100319,1,48.05,SALE,16-09-2024 13:26:02,S08,20240916
S08/20240916/00009,2,P107208,1,323.06,SALE,16-09-2024 13:26:02,S08,20240916
S08/20240916/00009,3,P105323,1,73.95,SALE,16-09-2024 13:26:02,S08,20240916
S08/20240916/00009,4,P102415,2,1245.81,SALE,16-09-2024 13:26:02,S08,20240916
S08/20240916/00009,5,P100438,2,66.55,SALE,16-09-2024 13:26:02,S08,20240916
S08/20240916/00009,6,P103743,2,1117.90,SALE,16-09-2024 13:26:02,S08,20240916
S08/20240916/00009,7,P103035,1,1201.33,SALE,16-09-2024 13:26:02,S08,20240916
S08/20240916/00009,8,DISC,1,-574.35,DISCOUNT,16-09-2024 13:26:02,S08,20240916
S08/20240916/00009,9,TAX,1,194.71,TAX,16-09-2024 13:26:02,S08,20240916
S08/20240916/00009,10,TENDER,1,6127.27,TENDER,16-09-2024 13:26:02,S08,20240916
S08/20240916/00010,1,P108258,2,54.62,SALE,16-09-2024 17:21:16,S08,20240916
S08/20240916/00010,2,P103105,2,31.43,SALE,16-09-2024 17:21:16,S08,20240916
S08/20240916/00010,3,P101874,3,19.95,SALE,16-09-2024 17:21:16,S08,20240916
S08/20240916/00010,4,TAX,1,30.98,TAX,16-09-2024 17:21:16,S08,20240916
S08/20240916/00010,5,TENDER,1,262.93,TENDER,16-09-2024 17:21:16,S08,20240916
S08/20240916/00011,1,P101933,2,1344.63,SALE,16-09-2024 19:33:21,S08,20240916
S08/20240916/00011,2,P108135,2,539.95,SALE,16-09-2024 19:33:21,S08,20240916
S08/20240916/00011,3,P105507,2,20.37,SALE,16-09-2024 19:33:21,S08,20240916
S08/20240916/00011,4,TAX,1,322.71,TAX,16-09-2024 19:33:21,S08,20240916
S08/20240916/00011,5,TENDER,1,4132.61,TENDER,16-09-2024 19:33:21,S08,20240916
S08/20240916/00012,1,P102520,2,731.86,SALE,16-09-2024 12:36:18,S08,20240916
S08/20240916/00012,2,P102296,4,43.24,SALE,16-09-2024 12:36:18,S08,20240916
S08/20240916/00012,3,P105062,2,14.84,SALE,16-09-2024 12:36:18,S08,20240916
S08/20240916/00012,4,P106648,4,339.01,SALE,16-09-2024 12:36:18,S08,20240916
S08/20240916/00012,5,P105929,1,11.18,SALE,16-09-2024 12:36:18,S08,20240916
S08/20240916/00012,6,P104382,1,62.22,SALE,16-09-2024 12:36:18,S08,20240916
S08/20240916/00012,7,TAX,1,182.59,TAX,16-09-2024 12:36:18,S08,20240916
S08/20240916/00012,8,TENDER,1,3278.39,TENDER,16-09-2024 12:36:18,S08,20240916
S08/20240916/00013,1,P105878,2,282.51,SALE,16-09-2024 12:11:36,S08,20240916
S08/20240916/00013,2,P105440,1,107.89,SALE,16-09-2024 12:11:36,S08,20240916
S08/20240916/00013,3,TAX,1,33.65,TAX,16-09-2024 12:11:36,S08,20240916
S08/20240916/00013,4,TENDER,1,706.56,TENDER,16-09-2024 12:11:36,S08,20240916
S08/20240916/00014,1,P106009,3,372.60,SALE,16-09-2024 16:06:51,S08,20240916
S08/20240916/00014,2,P104572,2,182.16,SALE,16-09-2024 16:06:51,S08,20240916
S08/20240916/00014,3,P105345,2,295.95,SALE,16-09-2024 16:06:51,S08,20240916
S08/20240916/00014,4,P101018,2,141.83,SALE,16-09-2024 16:06:51,S08,20240916
S08/20240916/00014,5,P106773,1,397.71,SALE,16-09-2024 16:06:51,S08,20240916
S08/20240916/00014,6,TAX,1,253.53,TAX,16-09-2024 16:06:51,S08,20240916
S08/20240916/00014,7,TENDER,1,3008.92,TENDER,16-09-2024 16:06:51,S08,20240916
S08/20240916/00015,1,P102424,5,333.88,SALE,16-09-2024 20:18:48,S08,20240916
S08/20240916/00015,2,P103159,3,1193.28,SALE,16-09-2024 20:18:48,S08,20240916
S08/20240916/00015,3,P101208,4,593.86,SALE,16-09-2024 20:18:48,S08,20240916
S08/20240916/00015,4,P106388,6,1120.55,SALE,16-09-2024 20:18:48,S08,20240916
S08/20240916/00015,5,TAX,1,83.47,TAX,16-09-2024 20:18:48,S08,20240916
S08/20240916/00015,6,TENDER,1,14431.45,TENDER,16-09-2024 20:18:48,S08,20240916
S08/20240916/00016,1,P105707,2,130.64,SALE,16-09-2024 17:24:31,S08,20240916
S08/20240916/00016,2,P103382,3,196.46,SALE,16-09-2024 17:24:31,S08,20240916
S08/20240916/00016,3,P100933,3,276.15,SALE,16-09-2024 17:24:31,S08,20240916
S08/20240916/00016,4,P100428,1,132.93,SALE,16-09-2024 17:24:31,S08,20240916
S08/20240916/00016,5,P102485,5,220.03,SALE,16-09-2024 17:24:31,S08,20240916
S08/20240916/00016,6,DISC,1,-273.45,DISCOUNT,16-09-2024 17:24:31,S08,20240916
S08/20240916/00016,7,TAX,1,240.07,TAX,16-09-2024 17:24:31,S08,20240916
S08/20240916/00016,8,TENDER,1,2878.81,TENDER,16-09-2024 17:24:31,S08,20240916
S08/20240916/00017,1,P104587,1,252.25,SALE,16-09-2024 16:38:47,S08,20240916
S08/20240916/00017,2,P107149,2,145.83,SALE,16-09-2024 16:38:47,S08,20240916
S08/20240916/00017,3,P107246,2,313.74,SALE,16-09-2024 16:38:47,S08,20240916
S08/20240916/00017,4,DISC,1,-80.27,DISCOUNT,16-09-2024 16:38:47,S08,20240916
S08/20240916/00017,5,TAX,1,165.86,TAX,16-09-2024 16:38:47,S08,20240916
S08/20240916/00017,6,TENDER,1,1256.98,TENDER,16-09-2024 16:38:47,S08,20240916
S08/20240916/00018,1,P107589,1,266.18,SALE,16-09-2024 16:16:37,S08,20240916
S08/20240916/00018,2,P106955,3,204.37,SALE,16-09-2024 16:16:37,S08,20240916
S08/20240916/00018,3,P107231,5,1193.22,SALE,16-09-2024 16:16:37,S08,20240916
S08/20240916/00018,4,P101839,3,402.65,SALE,16-09-2024 16:16:37,S08,20240916
S08/20240916/00018,5,TAX,1,223.52,TAX,16-09-2024 16:16:37,S08,20240916
S08/20240916/00018,6,TENDER,1,8276.86,TENDER,16-09-2024 16:16:37,S08,20240916
S08/20240916/00019,1,P102845,2,261.08,SALE,16-09-2024 17:14:54,S08,20240916
S08/20240916/00019,2,P107190,4,223.50,SALE,16-09-2024 17:14:54,S08,20240916
S08/20240916/00019,3,P104975,2,568.03,SALE,16-09-2024 17:14:54,S08,20240916
S08/20240916/00019,4,TAX,1,187.03,TAX,16-09-2024 17:14:54,S08,20240916
S08/20240916/00019,5,TENDER,1,2739.25,TENDER,16-09-2024 17:14:54,S08,20240916
S08/20240916/00020,1,P104469,2,1548.25,SALE,16-09-2024 17:21:22,S08,20240916
S08/20240916/00020,2,P108379,2,300.71,SALE,16-09-2024 17:21:22,S08,20240916
S08/20240916/00020,3,P105666,2,1064.29,SALE,16-09-2024 17:21:22,S08,20240916
S08/20240916/00020,4,P107767,1,510.38,SALE,16-09-2024 17:21:22,S08,20240916
S08/20240916/00020,5,P102014,1,261.84,SALE,16-09-2024 17:21:22,S08,20240916
S08/20240916/00020,6,TAX,1,516.40,TAX,16-09-2024 17:21:22,S08,20240916
S08/20240916/00020,7,TENDER,1,7115.12,TENDER,16-09-2024 17:21:22,S08,20240916
S08/20240916/00021,1,P107667,3,367.93,SALE,16-09-2024 19:40:24,S08,20240916
S08/20240916/00021,2,P108131,1,619.79,SALE,16-09-2024 19:40:24,S08,20240916
S08/20240916/00021,3,P102054,2,142.99,SALE,16-09-2024 19:40:24,S08,20240916
S08/20240916/00021,4,P107667,-3,367.93,VOID,16-09-2024 19:40:24,S08,20240916
S08/20240916/00021,5,P108131,-1,619.79,VOID,16-09-2024 19:40:24,S08,20240916
S08/20240916/00021,6,P102054,-2,142.99,VOID,16-09-2024 19:40:24,S08,20240916
S08/20240916/00021,7,TAX,1,0.00,TAX,16-09-2024 19:40:24,S08,20240916
S08/20240916/00021,8,TENDER,1,0.00,TENDER,16-09-2024 19:40:24,S08,20240916
S08/20240916/00022,1,P103473,2,428.66,SALE,16-09-2024 15:15:53,S08,20240916
S08/20240916/00022,2,P106793,1,298.28,SALE,16-09-2024 15:15:53,S08,20240916
S08/20240916/00022,3,P106106,6,219.14,SALE,16-09-2024 15:15:53,S08,20240916
S08/20240916/00022,4,P100827,2,1218.17,SALE,16-09-2024 15:15:53,S08,20240916
S08/20240916/00022,5,P104089,1,358.58,SALE,16-09-2024 15:15:53,S08,20240916
S08/20240916/00022,6,P101481,2,51.07,SALE,16-09-2024 15:15:53,S08,20240916
S08/20240916/00022,7,TAX,1,424.12,TAX,16-09-2024 15:15:53,S08,20240916
S08/20240916/00022,8,TENDER,1,5791.62,TENDER,16-09-2024 15:15:53,S08,20240916
S08/20240916/00023,1,P103202,1,295.26,SALE,16-09-2024 19:43:55,S08,20240916
S08/20240916/00023,2,P103637,1,338.13,SALE,16-09-2024 19:43:55,S08,20240916
S08/20240916/00023,3,TAX,1,96.29,TAX,16-09-2024 19:43:55,S08,20240916
S08/20240916/00023,4,TENDER,1,729.68,TENDER,16-09-2024 19:43:55,S08,20240916
S08/20240916/00024,1,P105609,2,817.71,SALE,16-09-2024 15:25:05,S08,20240916
S08/20240916/00024,2,P103882,4,269.95,SALE,16-09-2024 15:25:05,S08,20240916
S08/20240916/00024,3,P102494,1,11.95,SALE,16-09-2024 15:25:05,S08,20240916
S08/20240916/00024,4,P101292,1,380.75,SALE,16-09-2024 15:25:05,S08,20240916
S08/20240916/00024,5,P102219,1,726.06,SALE,16-09-2024 15:25:05,S08,20240916
S08/20240916/00024,6,P103096,3,315.47,SALE,16-09-2024 15:25:05,S08,20240916
S08/20240916/00024,7,P105280,4,220.35,SALE,16-09-2024 15:25:05,S08,20240916
S08/20240916/00024,8,P107721,2,92.25,SALE,16-09-2024 15:25:05,S08,20240916
S08/20240916/00024,9,P100640,1,363.28,SALE,16-09-2024 15:25:05,S08,20240916
S08/20240916/00024,10,P102549,2,139.23,SALE,16-09-2024 15:25:05,S08,20240916
S08/20240916/00024,11,P100403,2,71.73,SALE,16-09-2024 15:25:05,S08,20240916
S08/20240916/00024,12,P103682,1,372.67,SALE,16-09-2024 15:25:05,S08,20240916
S08/20240916/00024,13,P101208,2,593.86,SALE,16-09-2024 15:25:05,S08,20240916
S08/20240916/00024,14,TAX,1,594.17,TAX,16-09-2024 15:25:05,S08,20240916
S08/20240916/00024,15,TENDER,1,8786.05,TENDER,16-09-2024 15:25:05,S08,20240916
S08/20240916/00025,1,P103517,1,160.29,SALE,16-09-2024 13:07:46,S08,20240916
S08/20240916/00025,2,P106885,4,132.48,SALE,16-09-2024 13:07:46,S08,20240916
S08/20240916/00025,3,P108008,1,128.46,SALE,16-09-2024 13:07:46,S08,20240916
S08/20240916/00025,4,DISC,1,-23.87,DISCOUNT,16-09-2024 13:07:46,S08,20240916
S08/20240916/00025,5,TAX,1,115.05,TAX,16-09-2024 13:07:46,S08,20240916
S08/20240916/00025,6,TENDER,1,909.85,TENDER,16-09-2024 13:07:46,S08,20240916
S08/20240916/00026,1,P104933,2,560.59,SALE,16-09-2024 14:38:59,S08,20240916
S08/20240916/00026,2,P103222,1,398.43,SALE,16-09-2024 14:38:59,S08,20240916
S08/20240916/00026,3,P102236,2,928.51,SALE,16-09-2024 14:38:59,S08,20240916
S08/20240916/00026,4,P103197,2,330.65,SALE,16-09-2024 14:38:59,S08,20240916
S08/20240916/00026,5,TAX,1,421.83,TAX,16-09-2024 14:38:59,S08,20240916
S08/20240916/00026,6,TENDER,1,4459.76,TENDER,16-09-2024 14:38:59,S08,20240916
S08/20240916/00027,1,P101037,5,613.83,SALE,16-09-2024 13:05:25,S08,20240916
S08/20240916/00027,2,P103281,1,163.32,SALE,16-09-2024 13:05:25,S08,20240916
S08/20240916/00027,3,P106357,4,1078.45,SALE,16-09-2024 13:05:25,S08,20240916
S08/20240916/00027,4,P104517,4,1474.90,SALE,16-09-2024 13:05:25,S08,20240916
S08/20240916/00027,5,P104404,2,890.27,SALE,16-09-2024 13:05:25,S08,20240916
S08/20240916/00027,6,TAX,1,1313.17,TAX,16-09-2024 13:05:25,S08,20240916
S08/20240916/00027,7,TENDER,1,16539.58,TENDER,16-09-2024 13:05:25,S08,20240916
S08/20240916/00028,1,P102598,1,133.17,SALE,16-09-2024 20:08:31,S08,20240916
S08/20240916/00028,2,TAX,1,0.00,TAX,16-09-2024 20:08:31,S08,20240916
S08/20240916/00028,3,TENDER,1,133.17,TENDER,16-09-2024 20:08:31,S08,20240916
S08/20240917/00001,1,P104909,4,363.10,SALE,17-09-2024 18:41:23,S08,20240917
S08/20240917/00001,2,P104909,-4,363.10,VOID,17-09-2024 18:41:23,S08,20240917
S08/20240917/00001,3,TAX,1,0.00,TAX,17-09-2024 18:41:23,S08,20240917
S08/20240917/00001,4,TENDER,1,0.00,TENDER,17-09-2024 18:41:23,S08,20240917
S08/20240917/00002,1,P100959,3,280.97,SALE,17-09-2024 16:54:22,S08,20240917
S08/20240917/00002,2,P102129,1,252.76,SALE,17-09-2024 16:54:22,S08,20240917
S08/20240917/00002,3,P101697,1,102.34,SALE,17-09-2024 16:54:22,S08,20240917
S08/20240917/00002,4,P107536,4,1613.47,SALE,17-09-2024 16:54:22,S08,20240917
S08/20240917/00002,5,TAX,1,164.36,TAX,17-09-2024 16:54:22,S08,20240917
S08/20240917/00002,6,TENDER,1,7816.25,TENDER,17-09-2024 16:54:22,S08,20240917
S08/20240917/00003,1,P106891,2,642.78,SALE,17-09-2024 16:07:04,S08,20240917
S08/20240917/00003,2,P101634,3,25.05,SALE,17-09-2024 16:07:04,S08,20240917
S08/20240917/00003,3,P100354,2,182.63,SALE,17-09-2024 16:07:04,S08,20240917
S08/20240917/00003,4,P106802,1,689.06,SALE,17-09-2024 16:07:04,S08,20240917
S08/20240917/00003,5,TAX,1,156.09,TAX,17-09-2024 16:07:04,S08,20240917
S08/20240917/00003,6,TENDER,1,2571.12,TENDER,17-09-2024 16:07:04,S08,20240917
S08/20240917/00004,1,P100394,3,320.36,SALE,17-09-2024 14:27:04,S08,20240917
S08/20240917/00004,2,P106807,2,322.15,SALE,17-09-2024 14:27:04,S08,20240917
S08/20240917/00004,3,P103958,1,30.95,SALE,17-09-2024 14:27:04,S08,20240917
S08/20240917/00004,4,P101345,2,77.54,SALE,17-09-2024 14:27:04,S08,20240917
S08/20240917/00004,5,P101048,1,219.90,SALE,17-09-2024 14:27:04,S08,20240917
S08/20240917/00004,6,P107960,2,1047.81,SALE,17-09-2024 14:27:04,S08,20240917
S08/20240917/00004,7,P107943,2,252.32,SALE,17-09-2024 14:27:04,S08,20240917
S08/20240917/00004,8,P107799,3,751.07,SALE,17-09-2024 14:27:04,S08,20240917
S08/20240917/00004,9,TAX,1,710.59,TAX,17-09-2024 14:27:04,S08,20240917
S08/20240917/00004,10,TENDER,1,7575.37,TENDER,17-09-2024 14:27:04,S08,20240917
S08/20240917/00005,1,P108041,1,368.87,SALE,17-09-2024 13:37:18,S08,20240917
S08/20240917/00005,2,P102868,2,471.29,SALE,17-09-2024 13:37:18,S08,20240917
S08/20240917/00005,3,P103896,1,203.30,SALE,17-09-2024 13:37:18,S08,20240917
S08/20240917/00005,4,P108239,2,256.06,SALE,17-09-2024 13:37:18,S08,20240917
S08/20240917/00005,5,P103111,1,40.41,SALE,17-09-2024 13:37:18,S08,20240917
S08/20240917/00005,6,P102184,2,91.57,SALE,17-09-2024 13:37:18,S08,20240917
S08/20240917/00005,7,P103273,1,377.82,SALE,17-09-2024 13:37:18,S08,20240917
S08/20240917/00005,8,TAX,1,423.03,TAX,17-09-2024 13:37:18,S08,20240917
S08/20240917/00005,9,TENDER,1,3051.27,TENDER,17-09-2024 13:37:18,S08,20240917
S08/20240917/00006,1,P103197,3,330.65,SALE,17-09-2024 14:28:47,S08,20240917
S08/20240917/00006,2,P101367,2,485.76,SALE,17-09-2024 14:28:47,S08,20240917
S08/20240917/00006,3,P100463,3,290.57,SALE,17-09-2024 14:28:47,S08,20240917
S08/20240917/00006,4,P101311,2,481.74,SALE,17-09-2024 14:28:47,S08,20240917
S08/20240917/00006,5,TAX,1,446.69,TAX,17-09-2024 14:28:47,S08,20240917
S08/20240917/00006,6,TENDER,1,4245.35,TENDER,17-09-2024 14:28:47,S08,20240917
S08/20240917/00007,1,P105230,1,123.72,SALE,17-09-2024 22:58:06,S08,20240917
S08/20240917/00007,2,P106512,2,450.83,SALE,17-09-2024 22:58:06,S08,20240917
S08/20240917/00007,3,P101010,3,71.39,SALE,17-09-2024 22:58:06,S08,20240917
S08/20240917/00007,4,DISC,1,-67.73,DISCOUNT,17-09-2024 22:58:06,S08,20240917
S08/20240917/00007,5,TAX,1,191.76,TAX,17-09-2024 22:58:06,S08,20240917
S08/20240917/00007,6,TENDER,1,1363.58,TENDER,17-09-2024 22:58:06,S08,20240917
S08/20240917/00008,1,P107564,2,325.35,SALE,17-09-2024 09:53:33,S08,20240917
S08/20240917/00008,2,P100864,5,193.24,SALE,17-09-2024 09:53:33,S08,20240917
S08/20240917/00008,3,P101492,2,113.44,SALE,17-09-2024 09:53:33,S08,20240917
S08/20240917/00008,4,P105838,3,594.50,SALE,17-09-2024 09:53:33,S08,20240917
S08/20240917/00008,5,P102404,5,370.32,SALE,17-09-2024 09:53:33,S08,20240917
S08/20240917/00008,6,TAX,1,292.84,TAX,17-09-2024 09:53:33,S08,20240917
S08/20240917/00008,7,TENDER,1,5771.72,TENDER,17-09-2024 09:53:33,S08,20240917
S08/20240917/00009,1,P103465,5,32.05,SALE,17-09-2024 17:02:50,S08,20240917
S08/20240917/00009,2,P103559,1,370.21,SALE,17-09-2024 17:02:50,S08,20240917
S08/20240917/00009,3,P108046,3,95.35,SALE,17-09-2024 17:02:50,S08,20240917
S08/20240917/00009,4,TAX,1,98.84,TAX,17-09-2024 17:02:50,S08,20240917
S08/20240917/00009,5,TENDER,1,915.35,TENDER,17-09-2024 17:02:50,S08,20240917
S08/20240917/00010,1,P105918,2,294.44,SALE,17-09-2024 14:26:39,S08,20240917
S08/20240917/00010,2,P106228,3,44.54,SALE,17-09-2024 14:26:39,S08,20240917
S08/20240917/00010,3,P101279,1,237.59,SALE,17-09-2024 14:26:39,S08,20240917
S08/20240917/00010,4,TAX,1,130.05,TAX,17-09-2024 14:26:39,S08,20240917
S08/20240917/00010,5,TENDER,1,1090.14,TENDER,17-09-2024 14:26:39,S08,20240917
S08/20240917/00011,1,P102833,2,680.71,SALE,17-09-2024 08:51:10,S08,20240917
S08/20240917/00011,2,P107989,1,184.95,SALE,17-09-2024 08:51:10,S08,20240917
S08/20240917/00011,3,P102616,2,82.31,SALE,17-09-2024 08:51:10,S08,20240917
S08/20240917/00011,4,P107488,1,303.21,SALE,17-09-2024 08:51:10,S08,20240917
S08/20240917/00011,5,P100066,1,251.22,SALE,17-09-2024 08:51:10,S08,20240917
S08/20240917/00011,6,P103449,4,381.08,SALE,17-09-2024 08:51:10,S08,20240917
S08/20240917/00011,7,P107695,4,271.01,SALE,17-09-2024 08:51:10,S08,20240917
S08/20240917/00011,8,TAX,1,502.13,TAX,17-09-2024 08:51:10,S08,20240917
S08/20240917/00011,9,TENDER,1,5375.91,TENDER,17-09-2024 08:51:10,S08,20240917
S08/20240917/00012,1,P102342,1,107.02,SALE,17-09-2024 16:05:48,S08,20240917
S08/20240917/00012,2,P103040,3,410.59,SALE,17-09-2024 16:05:48,S08,20240917
S08/20240917/00012,3,P101311,1,481.74,SALE,17-09-2024 16:05:48,S08,20240917
S08/20240917/00012,4,TAX,1,258.65,TAX,17-09-2024 16:05:48,S08,20240917
S08/20240917/00012,5,TENDER,1,2079.18,TENDER,17-09-2024 16:05:48,S08,20240917
S08/20240917/00013,1,P105209,2,399.92,SALE,17-09-2024 16:28:00,S08,20240917
S08/20240917/00013,2,P102151,2,1117.25,SALE,17-09-2024 16:28:00,S08,20240917
S08/20240917/00013,3,TAX,1,255.70,TAX,17-09-2024 16:28:00,S08,20240917
S08/20240917/00013,4,TENDER,1,3290.04,TENDER,17-09-2024 16:28:00,S08,20240917
S08/20240917/00014,1,P105524,1,77.90,SALE,17-09-2024 12:50:59,S08,20240917
S08/20240917/00014,2,P103637,2,338.13,SALE,17-09-2024 12:50:59,S08,20240917
S08/20240917/00014,3,P104011,1,657.72,SALE,17-09-2024 12:50:59,S08,20240917
S08/20240917/00014,4,P100375,3,163.45,SALE,17-09-2024 12:50:59,S08,20240917
S08/20240917/00014,5,DISC,1,-184.12,DISCOUNT,17-09-2024 12:50:59,S08,20240917
S08/20240917/00014,6,TAX,1,174.46,TAX,17-09-2024 12:50:59,S08,20240917
S08/20240917/00014,7,TENDER,1,1892.57,TENDER,17-09-2024 12:50:59,S08,20240917
S08/20240917/00015,1,P102248,1,22.39,SALE,17-09-2024 15:42:47,S08,20240917
S08/20240917/00015,2,P106927,5,140.95,SALE,17-09-2024 15:42:47,S08,20240917
S08/20240917/00015,3,P102000,2,82.98,SALE,17-09-2024 15:42:47,S08,20240917
S08/20240917/00015,4,P104487,1,388.90,SALE,17-09-2024 15:42:47,S08,20240917
S08/20240917/00015,5,P100593,2,32.38,SALE,17-09-2024 15:42:47,S08,20240917
S08/20240917/00015,6,TAX,1,115.02,TAX,17-09-2024 15:42:47,S08,20240917
S08/20240917/00015,7,TENDER,1,1461.78,TENDER,17-09-2024 15:42:47,S08,20240917
S08/20240917/00016,1,P102814,1,543.91,SALE,17-09-2024 14:43:29,S08,20240917
S08/20240917/00016,2,P103964,3,134.21,SALE,17-09-2024 14:43:29,S08,20240917
S08/20240917/00016,3,P102305,5,116.95,SALE,17-09-2024 14:43:29,S08,20240917
S08/20240917/00016,4,TAX,1,117.50,TAX,17-09-2024 14:43:29,S08,20240917
S08/20240917/00016,5,TENDER,1,1648.79,TENDER,17-09-2024 14:43:29,S08,20240917
S08/20240917/00017,1,P101543,1,178.10,SALE,17-09-2024 14:34:42,S08,20240917
S08/20240917/00017,2,P102280,1,644.81,SALE,17-09-2024 14:34:42,S08,20240917
S08/20240917/00017,3,P102674,2,496.43,SALE,17-09-2024 14:34:42,S08,20240917
S08/20240917/00017,4,P100791,2,43.02,SALE,17-09-2024 14:34:42,S08,20240917
S08/20240917/00017,5,P104975,2,568.03,SALE,17-09-2024 14:34:42,S08,20240917
S08/20240917/00017,6,TAX,1,331.14,TAX,17-09-2024 14:34:42,S08,20240917
S08/20240917/00017,7,TENDER,1,3369.01,TENDER,17-09-2024 14:34:42,S08,20240917
S08/20240917/00018,1,P102364,1,104.57,SALE,17-09-2024 19:07:40,S08,20240917
S08/20240917/00018,2,P103757,2,159.40,SALE,17-09-2024 19:07:40,S08,20240917
S08/20240917/00018,3,P100362,3,270.89,SALE,17-09-2024 19:07:40,S08,20240917
S08/20240917/00018,4,P108144,2,253.94,SALE,17-09-2024 19:07:40,S08,20240917
S08/20240917/00018,5,P103843,2,660.15,SALE,17-09-2024 19:07:40,S08,20240917
S08/20240917/00018,6,TAX,1,333.36,TAX,17-09-2024 19:07:40,S08,20240917
S08/20240917/00018,7,TENDER,1,3397.58,TENDER,17-09-2024 19:07:40,S08,20240917
S08/20240917/00019,1,P107589,1,266.18,SALE,17-09-2024 14:45:21,S08,20240917
S08/20240917/00019,2,P103452,1,1033.70,SALE,17-09-2024 14:45:21,S08,20240917
S08/20240917/00019,3,P100233,2,67.07,SALE,17-09-2024 14:45:21,S08,20240917
S08/20240917/00019,4,P101332,1,400.98,SALE,17-09-2024 14:45:21,S08,20240917
S08/20240917/00019,5,P102546,1,74.67,SALE,17-09-2024 14:45:21,S08,20240917
S08/20240917/00019,6,TAX,1,191.92,TAX,17-09-2024 14:45:21,S08,20240917
S08/20240917/00019,7,TENDER,1,2101.59,TENDER,17-09-2024 14:45:21,S08,20240917
S08/20240917/00020,1,P104765,2,401.36,SALE,17-09-2024 10:47:59,S08,20240917
S08/20240917/00020,2,P106948,2,180.07,SALE,17-09-2024 10:47:59,S08,20240917
S08/20240917/00020,3,P104933,3,560.59,SALE,17-09-2024 10:47:59,S08,20240917
S08/20240917/00020,4,TAX,1,417.05,TAX,17-09-2024 10:47:59,S08,20240917
S08/20240917/00020,5,TENDER,1,3261.68,TENDER,17-09-2024 10:47:59,S08,20240917
S08/20240917/00021,1,P107568,1,147.18,SALE,17-09-2024 07:02:40,S08,20240917
S08/20240917/00021,2,P106277,4,425.71,SALE,17-09-2024 07:02:40,S08,20240917
S08/20240917/00021,3,P101839,3,402.65,SALE,17-09-2024 07:02:40,S08,20240917
S08/20240917/00021,4,P105971,2,1150.46,SALE,17-09-2024 07:02:40,S08,20240917
S08/20240917/00021,5,TAX,1,352.50,TAX,17-09-2024 07:02:40,S08,20240917
S08/20240917/00021,6,TENDER,1,5711.39,TENDER,17-09-2024 07:02:40,S08,20240917
S08/20240917/00022,1,P103372,2,47.26,SALE,17-09-2024 18:53:33,S08,20240917
S08/20240917/00022,2,P104593,2,867.34,SALE,17-09-2024 18:53:33,S08,20240917
S08/20240917/00022,3,P103620,3,474.03,SALE,17-09-2024 18:53:33,S08,20240917
S08/20240917/00022,4,TAX,1,225.18,TAX,17-09-2024 18:53:33,S08,20240917
S08/20240917/00022,5,TENDER,1,3476.47,TENDER,17-09-2024 18:53:33,S08,20240917
S08/20240917/00023,1,P106388,4,1120.55,SALE,17-09-2024 12:43:58,S08,20240917
S08/20240917/00023,2,P100287,2,218.95,SALE,17-09-2024 12:43:58,S08,20240917
S08/20240917/00023,3,P108097,3,93.69,SALE,17-09-2024 12:43:58,S08,20240917
S08/20240917/00023,4,P103081,2,480.46,SALE,17-09-2024 12:43:58,S08,20240917
S08/20240917/00023,5,P103299,2,220.95,SALE,17-09-2024 12:43:58,S08,20240917
S08/20240917/00023,6,TAX,1,338.78,TAX,17-09-2024 12:43:58,S08,20240917
S08/20240917/00023,7,TENDER,1,6942.77,TENDER,17-09-2024 12:43:58,S08,20240917
S08/20240918/00001,1,P105890,2,1196.88,SALE,18-09-2024 21:15:17,S08,20240918
S08/20240918/00001,2,P107373,3,96.28,SALE,18-09-2024 21:15:17,S08,20240918
S08/20240918/00001,3,P105878,1,282.51,SALE,18-09-2024 21:15:17,S08,20240918
S08/20240918/00001,4,P102880,5,575.53,SALE,18-09-2024 21:15:17,S08,20240918
S08/20240918/00001,5,P102569,3,116.37,SALE,18-09-2024 21:15:17,S08,20240918
S08/20240918/00001,6,P101117,1,203.24,SALE,18-09-2024 21:15:17,S08,20240918
S08/20240918/00001,7,P102353,1,139.83,SALE,18-09-2024 21:15:17,S08,20240918
S08/20240918/00001,8,DISC,1,-288.63,DISCOUNT,18-09-2024 21:15:17,S08,20240918
S08/20240918/00001,9,TAX,1,312.16,TAX,18-09-2024 21:15:17,S08,20240918
S08/20240918/00001,10,TENDER,1,6558.47,TENDER,18-09-2024 21:15:17,S08,20240918
S08/20240918/00002,1,P105433,4,144.32,SALE,18-09-2024 17:57:13,S08,20240918
S08/20240918/00002,2,P103337,2,103.43,SALE,18-09-2024 17:57:13,S08,20240918
S08/20240918/00002,3,P101272,1,96.70,SALE,18-09-2024 17:57:13,S08,20240918
S08/20240918/00002,4,TAX,1,119.09,TAX,18-09-2024 17:57:13,S08,20240918
S08/20240918/00002,5,TENDER,1,999.93,TENDER,18-09-2024 17:57:13,S08,20240918
S08/20240918/00003,1,P108206,1,81.62,SALE,18-09-2024 19:35:21,S08,20240918
S08/20240918/00003,2,P107564,2,325.35,SALE,18-09-2024 19:35:21,S08,20240918
S08/20240918/00003,3,P103397,4,371.02,SALE,18-09-2024 19:35:21,S08,20240918
S08/20240918/00003,4,P101732,3,1390.76,SALE,18-09-2024 19:35:21,S08,20240918
S08/20240918/00003,5,P104454,2,49.63,SALE,18-09-2024 19:35:21,S08,20240918
S08/20240918/00003,6,P100319,2,48.05,SALE,18-09-2024 19:35:21,S08,20240918
S08/20240918/00003,7,TAX,1,588.53,TAX,18-09-2024 19:35:21,S08,20240918
S08/20240918/00003,8,TENDER,1,7172.57,TENDER,18-09-2024 19:35:21,S08,20240918
S08/20240918/00004,1,P102042,1,151.18,SALE,18-09-2024 23:52:44,S08,20240918
S08/20240918/00004,2,P104820,1,207.26,SALE,18-09-2024 23:52:44,S08,20240918
S08/20240918/00004,3,P102626,2,416.91,SALE,18-09-2024 23:52:44,S08,20240918
S08/20240918/00004,4,TAX,1,155.51,TAX,18-09-2024 23:52:44,S08,20240918
S08/20240918/00004,5,TENDER,1,1347.77,TENDER,18-09-2024 23:52:44,S08,20240918
S08/20240918/00005,1,P102695,4,1259.21,SALE,18-09-2024 21:13:14,S08,20240918
S08/20240918/00005,2,P105765,2,495.29,SALE,18-09-2024 21:13:14,S08,20240918
S08/20240918/00005,3,P108319,2,253.21,SALE,18-09-2024 21:13:14,S08,20240918
S08/20240918/00005,4,P106907,3,321.26,SALE,18-09-2024 21:13:14,S08,20240918
S08/20240918/00005,5,P104774,2,81.81,SALE,18-09-2024 21:13:14,S08,20240918
S08/20240918/00005,6,DISC,1,-292.64,DISCOUNT,18-09-2024 21:13:14,S08,20240918
S08/20240918/00005,7,TAX,1,785.05,TAX,18-09-2024 21:13:14,S08,20240918
S08/20240918/00005,8,TENDER,1,8153.65,TENDER,18-09-2024 21:13:14,S08,20240918
S08/20240918/00006,1,P102510,2,37.13,SALE,18-09-2024 17:22:48,S08,20240918
S08/20240918/00006,2,P106382,2,81.60,SALE,18-09-2024 17:22:48,S08,20240918
S08/20240918/00006,3,P104058,1,351.54,SALE,18-09-2024 17:22:48,S08,20240918
S08/20240918/00006,4,P106004,2,137.38,SALE,18-09-2024 17:22:48,S08,20240918
S08/20240918/00006,5,DISC,1,-41.12,DISCOUNT,18-09-2024 17:22:48,S08,20240918
S08/20240918/00006,6,TAX,1,81.84,TAX,18-09-2024 17:22:48,S08,20240918
S08/20240918/00006,7,TENDER,1,904.48,TENDER,18-09-2024 17:22:48,S08,20240918
S08/20240918/00007,1,P107266,2,69.30,SALE,18-09-2024 19:31:30,S08,20240918
S08/20240918/00007,2,P106885,3,132.48,SALE,18-09-2024 19:31:30,S08,20240918
S08/20240918/00007,3,P101974,1,302.00,SALE,18-09-2024 19:31:30,S08,20240918
S08/20240918/00007,4,P105929,1,11.18,SALE,18-09-2024 19:31:30,S08,20240918
S08/20240918/00007,5,P108379,3,300.71,SALE,18-09-2024 19:31:30,S08,20240918
S08/20240918/00007,6,P106566,3,251.68,SALE,18-09-2024 19:31:30,S08,20240918
S08/20240918/00007,7,P107943,1,252.32,SALE,18-09-2024 19:31:30,S08,20240918
S08/20240918/00007,8,TAX,1,424.42,TAX,18-09-2024 19:31:30,S08,20240918
S08/20240918/00007,9,TENDER,1,3183.13,TENDER,18-09-2024 19:31:30,S08,20240918
S08/20240918/00008,1,P107520,3,137.21,SALE,18-09-2024 21:43:32,S08,20240918
S08/20240918/00008,2,P106254,5,1135.50,SALE,18-09-2024 21:43:32,S08,20240918
S08/20240918/00008,3,TAX,1,20.58,TAX,18-09-2024 21:43:32,S08,20240918
S08/20240918/00008,4,TENDER,1,6109.71,TENDER,18-09-2024 21:43:32,S08,20240918
S08/20240918/00009,1,P100549,1,320.43,SALE,18-09-2024 09:46:36,S08,20240918
S08/20240918/00009,2,P106490,1,671.88,SALE,18-09-2024 09:46:36,S08,20240918
S08/20240918/00009,3,P104715,2,162.67,SALE,18-09-2024 09:46:36,S08,20240918
S08/20240918/00009,4,TAX,1,97.01,TAX,18-09-2024 09:46:36,S08,20240918
S08/20240918/00009,5,TENDER,1,1414.66,TENDER,18-09-2024 09:46:36,S08,20240918
S08/20240918/00010,1,P101242,2,83.48,SALE,18-09-2024 11:09:16,S08,20240918
S08/20240918/00010,2,P103525,1,252.51,SALE,18-09-2024 11:09:16,S08,20240918
S08/20240918/00010,3,TAX,1,42.68,TAX,18-09-2024 11:09:16,S08,20240918
S08/20240918/00010,4,TENDER,1,462.15,TENDER,18-09-2024 11:09:16,S08,20240918
S08/20240918/00011,1,P106015,1,148.43,SALE,18-09-2024 15:58:27,S08,20240918
S08/20240918/00011,2,P105740,3,103.24,SALE,18-09-2024 15:58:27,S08,20240918
S08/20240918/00011,3,P100744,1,67.07,SALE,18-09-2024 15:58:27,S08,20240918
S08/20240918/00011,4,P101766,1,207.00,SALE,18-09-2024 15:58:27,S08,20240918
S08/20240918/00011,5,P101127,1,45.95,SALE,18-09-2024 15:58:27,S08,20240918
S08/20240918/00011,6,TAX,1,101.75,TAX,18-09-2024 15:58:27,S08,20240918
S08/20240918/00011,7,TENDER,1,879.92,TENDER,18-09-2024 15:58:27,S08,20240918
S08/20240918/00012,1,P106024,7,472.89,SALE,18-09-2024 15:47:05,S08,20240918
S08/20240918/00012,2,P107282,1,1189.20,SALE,18-09-2024 15:47:05,S08,20240918
S08/20240918/00012,3,P105479,1,231.41,SALE,18-09-2024 15:47:05,S08,20240918
S08/20240918/00012,4,TAX,1,623.61,TAX,18-09-2024 15:47:05,S08,20240918
S08/20240918/00012,5,TENDER,1,5354.45,TENDER,18-09-2024 15:47:05,S08,20240918
S08/20240918/00013,1,P104042,3,346.95,SALE,18-09-2024 14:29:50,S08,20240918
S08/20240918/00013,2,P100784,1,319.36,SALE,18-09-2024 14:29:50,S08,20240918
S08/20240918/00013,3,P105418,2,257.82,SALE,18-09-2024 14:29:50,S08,20240918
S08/20240918/00013,4,P103281,3,163.32,SALE,18-09-2024 14:29:50,S08,20240918
S08/20240918/00013,5,P104478,1,18.27,SALE,18-09-2024 14:29:50,S08,20240918
S08/20240918/00013,6,TAX,1,347.52,TAX,18-09-2024 14:29:50,S08,20240918
S08/20240918/00013,7,TENDER,1,2731.60,TENDER,18-09-2024 14:29:50,S08,20240918
S08/20240918/00014,1,P107472,2,64.61,SALE,18-09-2024 19:24:52,S08,20240918
S08/20240918/00014,2,P100164,1,594.91,SALE,18-09-2024 19:24:52,S08,20240918
S08/20240918/00014,3,P107178,3,298.69,SALE,18-09-2024 19:24:52,S08,20240918
S08/20240918/00014,4,TAX,1,221.07,TAX,18-09-2024 19:24:52,S08,20240918
S08/20240918/00014,5,TENDER,1,1841.27,TENDER,18-09-2024 19:24:52,S08,20240918
S08/20240918/00015,1,P108221,1,50.44,SALE,18-09-2024 16:18:16,S08,20240918
S08/20240918/00015,2,P102945,3,43.42,SALE,18-09-2024 16:18:16,S08,20240918
S08/20240918/00015,3,P102933,3,610.87,SALE,18-09-2024 16:18:16,S08,20240918
S08/20240918/00015,4,P101515,2,58.58,SALE,18-09-2024 16:18:16,S08,20240918
S08/20240918/00015,5,P101813,2,273.64,SALE,18-09-2024 16:18:16,S08,20240918
S08/20240918/00015,6,P103259,4,298.27,SALE,18-09-2024 16:18:16,S08,20240918
S08/20240918/00015,7,P105624,2,380.06,SALE,18-09-2024 16:18:16,S08,20240918
S08/20240918/00015,8,P105923,2,260.01,SALE,18-09-2024 16:18:16,S08,20240918
S08/20240918/00015,9,P101389,1,430.39,SALE,18-09-2024 16:18:16,S08,20240918
S08/20240918/00015,10,P104883,3,370.64,SALE,18-09-2024 16:18:16,S08,20240918
S08/20240918/00015,11,TAX,1,449.51,TAX,18-09-2024 16:18:16,S08,20240918
S08/20240918/00015,12,TENDER,1,7142.79,TENDER,18-09-2024 16:18:16,S08,20240918
S08/20240918/00016,1,P103946,2,338.64,SALE,18-09-2024 17:33:26,S08,20240918
S08/20240918/00016,2,P101851,2,1750.29,SALE,18-09-2024 17:33:26,S08,20240918
S08/20240918/00016,3,P107171,2,335.20,SALE,18-09-2024 17:33:26,S08,20240918
S08/20240918/00016,4,P102129,3,252.76,SALE,18-09-2024 17:33:26,S08,20240918
S08/20240918/00016,5,P106239,2,803.36,SALE,18-09-2024 17:33:26,S08,20240918
S08/20240918/00016,6,P101419,1,195.72,SALE,18-09-2024 17:33:26,S08,20240918
S08/20240918/00016,7,TAX,1,141.85,TAX,18-09-2024 17:33:26,S08,20240918
S08/20240918/00016,8,TENDER,1,7550.83,TENDER,18-09-2024 17:33:26,S08,20240918
S08/20240918/00017,1,P103354,3,894.50,SALE,18-09-2024 17:37:46,S08,20240918
S08/20240918/00017,2,P104181,4,279.95,SALE,18-09-2024 17:37:46,S08,20240918
S08/20240918/00017,3,P103525,2,252.51,SALE,18-09-2024 17:37:46,S08,20240918
S08/20240918/00017,4,P102868,3,471.29,SALE,18-09-2024 17:37:46,S08,20240918
S08/20240918/00017,5,P107330,2,131.77,SALE,18-09-2024 17:37:46,S08,20240918
S08/20240918/00017,6,P100682,3,337.76,SALE,18-09-2024 17:37:46,S08,20240918
S08/20240918/00017,7,TAX,1,583.15,TAX,18-09-2024 17:37:46,S08,20240918
S08/20240918/00017,8,TENDER,1,7582.16,TENDER,18-09-2024 17:37:46,S08,20240918
S08/20240918/00018,1,P101810,1,793.98,SALE,18-09-2024 10:52:48,S08,20240918
S08/20240918/00018,2,P102243,2,133.95,SALE,18-09-2024 10:52:48,S08,20240918
S08/20240918/00018,3,P102835,3,101.19,SALE,18-09-2024 10:52:48,S08,20240918
S08/20240918/00018,4,P103822,1,594.96,SALE,18-09-2024 10:52:48,S08,20240918
S08/20240918/00018,5,TAX,1,252.19,TAX,18-09-2024 10:52:48,S08,20240918
S08/20240918/00018,6,TENDER,1,2212.60,TENDER,18-09-2024 10:52:48,S08,20240918
S08/20240918/00019,1,P104986,1,204.89,SALE,18-09-2024 18:49:37,S08,20240918
S08/20240918/00019,2,P108262,1,592.59,SALE,18-09-2024 18:49:37,S08,20240918
S08/20240918/00019,3,P107705,1,763.24,SALE,18-09-2024 18:49:37,S08,20240918
S08/20240918/00019,4,P103766,2,213.25,SALE,18-09-2024 18:49:37,S08,20240918
S08/20240918/00019,5,P108131,1,619.79,SALE,18-09-2024 18:49:37,S08,20240918
S08/20240918/00019,6,P103231,2,235.56,SALE,18-09-2024 18:49:37,S08,20240918
S08/20240918/00019,7,TAX,1,311.01,TAX,18-09-2024 18:49:37,S08,20240918
S08/20240918/00019,8,TENDER,1,3389.14,TENDER,18-09-2024 18:49:37,S08,20240918
S08/20240918/00020,1,P102166,1,52.54,SALE,18-09-2024 13:23:45,S08,20240918
S08/20240918/00020,2,P104541,3,149.08,SALE,18-09-2024 13:23:45,S08,20240918
S08/20240918/00020,3,P103922,3,51.00,SALE,18-09-2024 13:23:45,S08,20240918
S08/20240918/00020,4,TAX,1,59.36,TAX,18-09-2024 13:23:45,S08,20240918
S08/20240918/00020,5,TENDER,1,712.14,TENDER,18-09-2024 13:23:45,S08,20240918
S08/20240919/00001,1,P102626,2,416.91,SALE,19-09-2024 18:13:56,S08,20240919
S08/20240919/00001,2,P102122,2,129.27,SALE,19-09-2024 18:13:56,S08,20240919
S08/20240919/00001,3,TAX,1,146.60,TAX,19-09-2024 18:13:56,S08,20240919
S08/20240919/00001,4,TENDER,1,1238.96,TENDER,19-09-2024 18:13:56,S08,20240919
S08/20240919/00002,1,P107502,2,311.85,SALE,19-09-2024 11:33:10,S08,20240919
S08/20240919/00002,2,P105547,1,431.77,SALE,19-09-2024 11:33:10,S08,20240919
S08/20240919/00002,3,TAX,1,164.08,TAX,19-09-2024 11:33:10,S08,20240919
S08/20240919/00002,4,TENDER,1,1219.55,TENDER,19-09-2024 11:33:10,S08,20240919
S08/20240919/00003,1,P105784,3,116.81,SALE,19-09-2024 13:06:53,S08,20240919
S08/20240919/00003,2,P101543,2,178.10,SALE,19-09-2024 13:06:53,S08,20240919
S08/20240919/00003,3,DISC,1,-16.80,DISCOUNT,19-09-2024 13:06:53,S08,20240919
S08/20240919/00003,4,TAX,1,62.59,TAX,19-09-2024 13:06:53,S08,20240919
S08/20240919/00003,5,TENDER,1,752.42,TENDER,19-09-2024 13:06:53,S08,20240919
S08/20240919/00004,1,P106911,2,232.77,SALE,19-09-2024 14:25:56,S08,20240919
S08/20240919/00004,2,P108216,2,69.70,SALE,19-09-2024 14:25:56,S08,20240919
S08/20240919/00004,3,P107432,2,45.60,SALE,19-09-2024 14:25:56,S08,20240919
S08/20240919/00004,4,P100543,2,123.06,SALE,19-09-2024 14:25:56,S08,20240919
S08/20240919/00004,5,P108374,4,1311.92,SALE,19-09-2024 14:25:56,S08,20240919
S08/20240919/00004,6,P106059,2,313.87,SALE,19-09-2024 14:25:56,S08,20240919
S08/20240919/00004,7,P102931,2,185.66,SALE,19-09-2024 14:25:56,S08,20240919
S08/20240919/00004,8,P102255,4,167.76,SALE,19-09-2024 14:25:56,S08,20240919
S08/20240919/00004,9,TAX,1,124.52,TAX,19-09-2024 14:25:56,S08,20240919
S08/20240919/00004,10,TENDER,1,7984.56,TENDER,19-09-2024 14:25:56,S08,20240919
S08/20240919/00005,1,P102945,3,43.42,SALE,19-09-2024 14:14:20,S08,20240919
S08/20240919/00005,2,P102471,1,151.71,SALE,19-09-2024 14:14:20,S08,20240919
S08/20240919/00005,3,P105176,3,509.66,SALE,19-09-2024 14:14:20,S08,20240919
S08/20240919/00005,4,TAX,1,325.97,TAX,19-09-2024 14:14:20,S08,20240919
S08/20240919/00005,5,TENDER,1,2136.92,TENDER,19-09-2024 14:14:20,S08,20240919
S08/20240919/00006,1,P102845,4,261.08,SALE,19-09-2024 16:13:31,S08,20240919
S08/20240919/00006,2,P106084,3,592.14,SALE,19-09-2024 16:13:31,S08,20240919
S08/20240919/00006,3,P103777,5,44.82,SALE,19-09-2024 16:13:31,S08,20240919
S08/20240919/00006,4,TAX,1,152.24,TAX,19-09-2024 16:13:31,S08,20240919
S08/20240919/00006,5,TENDER,1,3197.08,TENDER,19-09-2024 16:13:31,S08,20240919
S08/20240919/00007,1,P101690,3,1044.81,SALE,19-09-2024 22:09:00,S08,20240919
S08/20240919/00007,2,P104902,3,470.00,SALE,19-09-2024 22:09:00,S08,20240919
S08/20240919/00007,3,P104842,2,357.87,SALE,19-09-2024 22:09:00,S08,20240919
S08/20240919/00007,4,TAX,1,496.41,TAX,19-09-2024 22:09:00,S08,20240919
S08/20240919/00007,5,TENDER,1,5756.58,TENDER,19-09-2024 22:09:00,S08,20240919
S08/20240919/00008,1,P104378,1,95.33,SALE,19-09-2024 16:21:13,S08,20240919
S08/20240919/00008,2,TAX,1,11.44,TAX,19-09-2024 16:21:13,S08,20240919
S08/20240919/00008,3,TENDER,1,106.77,TENDER,19-09-2024 16:21:13,S08,20240919
S08/20240919/00009,1,P100479,2,342.92,SALE,19-09-2024 14:21:01,S08,20240919
S08/20240919/00009,2,P101894,1,668.48,SALE,19-09-2024 14:21:01,S08,20240919
S08/20240919/00009,3,TAX,1,162.52,TAX,19-09-2024 14:21:01,S08,20240919
S08/20240919/00009,4,TENDER,1,1516.84,TENDER,19-09-2024 14:21:01,S08,20240919
S08/20240919/00010,1,P101367,2,485.76,SALE,19-09-2024 17:03:13,S08,20240919
S08/20240919/00010,2,P102371,2,59.77,SALE,19-09-2024 17:03:13,S08,20240919
S08/20240919/00010,3,P105236,3,552.60,SALE,19-09-2024 17:03:13,S08,20240919
S08/20240919/00010,4,P104497,2,229.16,SALE,19-09-2024 17:03:13,S08,20240919
S08/20240919/00010,5,TAX,1,396.73,TAX,19-09-2024 17:03:13,S08,20240919
S08/20240919/00010,6,TENDER,1,3603.91,TENDER,19-09-2024 17:03:13,S08,20240919
S08/20240919/00011,1,P104501,3,413.53,SALE,19-09-2024 18:39:31,S08,20240919
S08/20240919/00011,2,P107432,1,45.60,SALE,19-09-2024 18:39:31,S08,20240919
S08/20240919/00011,3,P106584,1,247.63,SALE,19-09-2024 18:39:31,S08,20240919
S08/20240919/00011,4,P100112,2,90.37,SALE,19-09-2024 18:39:31,S08,20240919
S08/20240919/00011,5,P108397,2,286.03,SALE,19-09-2024 18:39:31,S08,20240919
S08/20240919/00011,6,P105518,1,729.30,SALE,19-09-2024 18:39:31,S08,20240919
S08/20240919/00011,7,P102112,1,389.72,SALE,19-09-2024 18:39:31,S08,20240919
S08/20240919/00011,8,P108082,3,236.40,SALE,19-09-2024 18:39:31,S08,20240919
S08/20240919/00011,9,TAX,1,409.16,TAX,19-09-2024 18:39:31,S08,20240919
S08/20240919/00011,10,TENDER,1,4524.00,TENDER,19-09-2024 18:39:31,S08,20240919
S08/20240919/00012,1,P108174,3,235.92,SALE,19-09-2024 12:54:17,S08,20240919
S08/20240919/00012,2,P104257,1,42.95,SALE,19-09-2024 12:54:17,S08,20240919
S08/20240919/00012,3,P103222,1,398.43,SALE,19-09-2024 12:54:17,S08,20240919
S08/20240919/00012,4,P104121,1,131.32,SALE,19-09-2024 12:54:17,S08,20240919
S08/20240919/00012,5,P104820,1,227.99,SALE,19-09-2024 12:54:17,S08,20240919
S08/20240919/00012,6,TAX,1,150.02,TAX,19-09-2024 12:54:17,S08,20240919
S08/20240919/00012,7,TENDER,1,1658.47,TENDER,19-09-2024 12:54:17,S08,20240919
S08/20240919/00013,1,P105698,2,194.14,SALE,19-09-2024 18:08:51,S08,20240919
S08/20240919/00013,2,P107795,1,284.47,SALE,19-09-2024 18:08:51,S08,20240919
S08/20240919/00013,3,P106200,3,117.95,SALE,19-09-2024 18:08:51,S08,20240919
S08/20240919/00013,4,P104938,2,999.94,SALE,19-09-2024 18:08:51,S08,20240919
S08/20240919/00013,5,P101543,2,178.10,SALE,19-09-2024 18:08:51,S08,20240919
S08/20240919/00013,6,P102255,2,167.76,SALE,19-09-2024 18:08:51,S08,20240919
S08/20240919/00013,7,TAX,1,450.59,TAX,19-09-2024 18:08:51,S08,20240919
S08/20240919/00013,8,TENDER,1,4168.79,TENDER,19-09-2024 18:08:51,S08,20240919
S08/20240919/00014,1,P107943,2,252.32,SALE,19-09-2024 18:16:06,S08,20240919
S08/20240919/00014,2,P107446,2,593.14,SALE,19-09-2024 18:16:06,S08,20240919
S08/20240919/00014,3,TAX,1,304.37,TAX,19-09-2024 18:16:06,S08,20240919
S08/20240919/00014,4,TENDER,1,1995.29,TENDER,19-09-2024 18:16:06,S08,20240919
S08/20240919/00015,1,P101090,2,24.06,SALE,19-09-2024 15:26:44,S08,20240919
S08/20240919/00015,2,P105757,3,248.44,SALE,19-09-2024 15:26:44,S08,20240919
S08/20240919/00015,3,P106958,3,119.38,SALE,19-09-2024 15:26:44,S08,20240919
S08/20240919/00015,4,P101558,1,46.27,SALE,19-09-2024 15:26:44,S08,20240919
S08/20240919/00015,5,DISC,1,-36.32,DISCOUNT,19-09-2024 15:26:44,S08,20240919
S08/20240919/00015,6,TAX,1,115.12,TAX,19-09-2024 15:26:44,S08,20240919
S08/20240919/00015,7,TENDER,1,1276.65,TENDER,19-09-2024 15:26:44,S08,20240919
S08/20240919/00016,1,P100438,2,66.55,SALE,19-09-2024 18:19:21,S08,20240919
S08/20240919/00016,2,P103647,3,42.17,SALE,19-09-2024 18:19:21,S08,20240919
S08/20240919/00016,3,P100354,3,182.63,SALE,19-09-2024 18:19:21,S08,20240919
S08/20240919/00016,4,P107753,2,73.61,SALE,19-09-2024 18:19:21,S08,20240919
S08/20240919/00016,5,P102581,3,189.36,SALE,19-09-2024 18:19:21,S08,20240919
S08/20240919/00016,6,P100864,5,193.24,SALE,19-09-2024 18:19:21,S08,20240919
S08/20240919/00016,7,TAX,1,274.72,TAX,19-09-2024 18:19:21,S08,20240919
S08/20240919/00016,8,TENDER,1,2763.72,TENDER,19-09-2024 18:19:21,S08,20240919
S08/20240919/00017,1,P105747,2,287.56,SALE,19-09-2024 19:15:26,S08,20240919
S08/20240919/00017,2,P102383,2,10.62,SALE,19-09-2024 19:15:26,S08,20240919
S08/20240919/00017,3,P101851,2,1750.29,SALE,19-09-2024 19:15:26,S08,20240919
S08/20240919/00017,4,TAX,1,107.34,TAX,19-09-2024 19:15:26,S08,20240919
S08/20240919/00017,5,TENDER,1,4204.28,TENDER,19-09-2024 19:15:26,S08,20240919
S08/20240919/00018,1,P108144,1,253.94,SALE,19-09-2024 19:37:32,S08,20240919
S08/20240919/00018,2,P106044,2,40.72,SALE,19-09-2024 19:37:32,S08,20240919
S08/20240919/00018,3,P103012,2,240.75,SALE,19-09-2024 19:37:32,S08,20240919
S08/20240919/00018,4,P105507,1,20.37,SALE,19-09-2024 19:37:32,S08,20240919
S08/20240919/00018,5,P103882,1,269.95,SALE,19-09-2024 19:37:32,S08,20240919
S08/20240919/00018,6,TAX,1,151.50,TAX,19-09-2024 19:37:32,S08,20240919
S08/20240919/00018,7,TENDER,1,1258.70,TENDER,19-09-2024 19:37:32,S08,20240919
S08/20240919/00019,1,P100007,2,155.06,SALE,19-09-2024 16:34:34,S08,20240919
S08/20240919/00019,2,P103792,4,25.06,SALE,19-09-2024 16:34:34,S08,20240919
S08/20240919/00019,3,P104344,1,390.44,SALE,19-09-2024 16:34:34,S08,20240919
S08/20240919/00019,4,P108247,1,242.95,SALE,19-09-2024 16:34:34,S08,20240919
S08/20240919/00019,5,P104854,1,34.90,SALE,19-09-2024 16:34:34,S08,20240919
S08/20240919/00019,6,TAX,1,174.84,TAX,19-09-2024 16:34:34,S08,20240919
S08/20240919/00019,7,TENDER,1,1253.49,TENDER,19-09-2024 16:34:34,S08,20240919
S08/20240919/00020,1,P101117,2,203.24,SALE,19-09-2024 15:06:34,S08,20240919
S08/20240919/00020,2,P103978,2,347.08,SALE,19-09-2024 15:06:34,S08,20240919
S08/20240919/00020,3,P101884,1,352.98,SALE,19-09-2024 15:06:34,S08,20240919
S08/20240919/00020,4,TAX,1,77.07,TAX,19-09-2024 15:06:34,S08,20240919
S08/20240919/00020,5,TENDER,1,1530.69,TENDER,19-09-2024 15:06:34,S08,20240919
S08/20240919/00021,1,P104670,2,108.77,SALE,19-09-2024 17:20:48,S08,20240919
S08/20240919/00021,2,P105268,1,255.65,SALE,19-09-2024 17:20:48,S08,20240919
S08/20240919/00021,3,TAX,1,85.17,TAX,19-09-2024 17:20:48,S08,20240919
S08/20240919/00021,4,TENDER,1,558.36,TENDER,19-09-2024 17:20:48,S08,20240919
S08/20240919/00022,1,P105176,1,509.66,SALE,19-09-2024 19:54:58,S08,20240919
S08/20240919/00022,2,P104334,3,294.34,SALE,19-09-2024 19:54:58,S08,20240919
S08/20240919/00022,3,P105666,2,1064.29,SALE,19-09-2024 19:54:58,S08,20240919
S08/20240919/00022,4,P105307,1,831.20,SALE,19-09-2024 19:54:58,S08,20240919
S08/20240919/00022,5,TAX,1,177.45,TAX,19-09-2024 19:54:58,S08,20240919
S08/20240919/00022,6,TENDER,1,4529.91,TENDER,19-09-2024 19:54:58,S08,20240919
S08/20240919/00023,1,P102922,5,120.15,SALE,19-09-2024 17:42:18,S08,20240919
S08/20240919/00023,2,P106553,1,139.74,SALE,19-09-2024 17:42:18,S08,20240919
S08/20240919/00023,3,P105112,2,194.64,SALE,19-09-2024 17:42:18,S08,20240919
S08/20240919/00023,4,P107686,4,347.22,SALE,19-09-2024 17:42:18,S08,20240919
S08/20240919/00023,5,TAX,1,402.75,TAX,19-09-2024 17:42:18,S08,20240919
S08/20240919/00023,6,TENDER,1,2921.40,TENDER,19-09-2024 17:42:18,S08,20240919
S08/20240919/00024,1,P100549,3,320.43,SALE,19-09-2024 16:19:56,S08,20240919
S08/20240919/00024,2,P100019,4,64.89,SALE,19-09-2024 16:19:56,S08,20240919
S08/20240919/00024,3,P106550,2,29.54,SALE,19-09-2024 16:19:56,S08,20240919
S08/20240919/00024,4,P106072,2,78.69,SALE,19-09-2024 16:19:56,S08,20240919
S08/20240919/00024,5,P108272,1,121.99,SALE,19-09-2024 16:19:56,S08,20240919
S08/20240919/00024,6,TAX,1,206.23,TAX,19-09-2024 16:19:56,S08,20240919
S08/20240919/00024,7,TENDER,1,1765.53,TENDER,19-09-2024 16:19:56,S08,20240919
S08/20240919/00025,1,P102909,5,48.95,SALE,19-09-2024 13:21:58,S08,20240919
S08/20240919/00025,2,P107330,2,131.77,SALE,19-09-2024 13:21:58,S08,20240919
S08/20240919/00025,3,P102857,2,116.85,SALE,19-09-2024 13:21:58,S08,20240919
S08/20240919/00025,4,P106367,3,650.25,SALE,19-09-2024 13:21:58,S08,20240919
S08/20240919/00025,5,P106872,2,73.12,SALE,19-09-2024 13:21:58,S08,20240919
S08/20240919/00025,6,P105570,3,345.21,SALE,19-09-2024 13:21:58,S08,20240919
S08/20240919/00025,7,DISC,1,-419.44,DISCOUNT,19-09-2024 13:21:58,S08,20240919
S08/20240919/00025,8,TAX,1,236.44,TAX,19-09-2024 13:21:58,S08,20240919
S08/20240919/00025,9,TENDER,1,3691.61,TENDER,19-09-2024 13:21:58,S08,20240919
S08/20240919/00026,1,P107115,3,172.62,SALE,19-09-2024 17:27:16,S08,20240919
S08/20240919/00026,2,P107667,3,367.93,SALE,19-09-2024 17:27:16,S08,20240919
S08/20240919/00026,3,P106927,1,140.95,SALE,19-09-2024 17:27:16,S08,20240919
S08/20240919/00026,4,P105003,2,285.67,SALE,19-09-2024 17:27:16,S08,20240919
S08/20240919/00026,5,DISC,1,-157.82,DISCOUNT,19-09-2024 17:27:16,S08,20240919
S08/20240919/00026,6,TAX,1,250.10,TAX,19-09-2024 17:27:16,S08,20240919
S08/20240919/00026,7,TENDER,1,2426.22,TENDER,19-09-2024 17:27:16,S08,20240919
S08/20240919/00027,1,P101034,3,94.74,SALE,19-09-2024 16:00:34,S08,20240919
S08/20240919/00027,2,P106297,2,174.87,SALE,19-09-2024 16:00:34,S08,20240919
S08/20240919/00027,3,P107575,2,76.22,SALE,19-09-2024 16:00:34,S08,20240919
S08/20240919/00027,4,P100761,2,51.26,SALE,19-09-2024 16:00:34,S08,20240919
S08/20240919/00027,5,P105918,3,294.44,SALE,19-09-2024 16:00:34,S08,20240919
S08/20240919/00027,6,TAX,1,261.18,TAX,19-09-2024 16:00:34,S08,20240919
S08/20240919/00027,7,TENDER,1,2033.42,TENDER,19-09-2024 16:00:34,S08,20240919
S08/20240919/00028,1,P104155,1,144.69,SALE,19-09-2024 17:10:33,S08,20240919
S08/20240919/00028,2,P104160,4,258.87,SALE,19-09-2024 17:10:33,S08,20240919
S08/20240919/00028,3,DISC,1,-111.78,DISCOUNT,19-09-2024 17:10:33,S08,20240919
S08/20240919/00028,4,TAX,1,0.00,TAX,19-09-2024 17:10:33,S08,20240919
S08/20240919/00028,5,TENDER,1,1068.39,TENDER,19-09-2024 17:10:33,S08,20240919
S08/20240919/00029,1,P103129,1,75.10,SALE,19-09-2024 11:01:54,S08,20240919
S08/20240919/00029,2,P103222,1,398.43,SALE,19-09-2024 11:01:54,S08,20240919
S08/20240919/00029,3,P107743,2,197.87,SALE,19-09-2024 11:01:54,S08,20240919
S08/20240919/00029,4,P102849,2,692.04,SALE,19-09-2024 11:01:54,S08,20240919
S08/20240919/00029,5,P105057,2,294.62,SALE,19-09-2024 11:01:54,S08,20240919
S08/20240919/00029,6,P106885,3,132.48,SALE,19-09-2024 11:01:54,S08,20240919
S08/20240919/00029,7,P102000,1,82.98,SALE,19-09-2024 11:01:54,S08,20240919
S08/20240919/00029,8,TAX,1,467.45,TAX,19-09-2024 11:01:54,S08,20240919
S08/20240919/00029,9,TENDER,1,3790.46,TENDER,19-09-2024 11:01:54,S08,20240919
S08/20240920/00001,1,P103096,2,315.47,SALE,20-09-2024 12:34:48,S08,20240920
S08/20240920/00001,2,P103882,4,269.95,SALE,20-09-2024 12:34:48,S08,20240920
S08/20240920/00001,3,P100543,3,123.06,SALE,20-09-2024 12:34:48,S08,20240920
S08/20240920/00001,4,P100593,1,32.38,SALE,20-09-2024 12:34:48,S08,20240920
S08/20240920/00001,5,P103600,2,107.84,SALE,20-09-2024 12:34:48,S08,20240920
S08/20240920/00001,6,TAX,1,320.34,TAX,20-09-2024 12:34:48,S08,20240920
S08/20240920/00001,7,TENDER,1,2648.32,TENDER,20-09-2024 12:34:48,S08,20240920
S08/20240920/00002,1,P101592,1,295.58,SALE,20-09-2024 23:47:15,S08,20240920
S08/20240920/00002,2,P104992,1,979.87,SALE,20-09-2024 23:47:15,S08,20240920
S08/20240920/00002,3,TAX,1,53.20,TAX,20-09-2024 23:47:15,S08,20240920
S08/20240920/00002,4,TENDER,1,1328.65,TENDER,20-09-2024 23:47:15,S08,20240920
S08/20240920/00003,1,P103680,4,210.26,SALE,20-09-2024 16:03:57,S08,20240920
S08/20240920/00003,2,P100106,1,318.86,SALE,20-09-2024 16:03:57,S08,20240920
S08/20240920/00003,3,DISC,1,-82.49,DISCOUNT,20-09-2024 16:03:57,S08,20240920
S08/20240920/00003,4,TAX,1,53.31,TAX,20-09-2024 16:03:57,S08,20240920
S08/20240920/00003,5,TENDER,1,1130.72,TENDER,20-09-2024 16:03:57,S08,20240920
S08/20240920/00004,1,P108101,4,1603.81,SALE,20-09-2024 08:39:42,S08,20240920
S08/20240920/00004,2,P101283,2,263.48,SALE,20-09-2024 08:39:42,S08,20240920
S08/20240920/00004,3,P107623,3,442.34,SALE,20-09-2024 08:39:42,S08,20240920
S08/20240920/00004,4,P104334,2,294.34,SALE,20-09-2024 08:39:42,S08,20240920
S08/20240920/00004,5,P105860,1,674.13,SALE,20-09-2024 08:39:42,S08,20240920
S08/20240920/00004,6,P103701,3,1171.33,SALE,20-09-2024 08:39:42,S08,20240920
S08/20240920/00004,7,TAX,1,1342.39,TAX,20-09-2024 08:39:42,S08,20240920
S08/20240920/00004,8,TENDER,1,14388.41,TENDER,20-09-2024 08:39:42,S08,20240920
S08/20240920/00005,1,P102972,3,227.38,SALE,20-09-2024 15:29:44,S08,20240920
S08/20240920/00005,2,P101208,4,593.86,SALE,20-09-2024 15:29:44,S08,20240920
S08/20240920/00005,3,P104645,2,1052.62,SALE,20-09-2024 15:29:44,S08,20240920
S08/20240920/00005,4,P102375,3,485.62,SALE,20-09-2024 15:29:44,S08,20240920
S08/20240920/00005,5,P106191,2,1230.97,SALE,20-09-2024 15:29:44,S08,20240920
S08/20240920/00005,6,DISC,1,-290.80,DISCOUNT,20-09-2024 15:29:44,S08,20240920
S08/20240920/00005,7,TAX,1,333.07,TAX,20-09-2024 15:29:44,S08,20240920
S08/20240920/00005,8,TENDER,1,9123.89,TENDER,20-09-2024 15:29:44,S08,20240920
S08/20240920/00006,1,P105594,3,321.63,SALE,20-09-2024 15:57:54,S08,20240920
S08/20240920/00006,2,P100183,3,1493.10,SALE,20-09-2024 15:57:54,S08,20240920
S08/20240920/00006,3,P102598,2,133.17,SALE,20-09-2024 15:57:54,S08,20240920
S08/20240920/00006,4,P106452,2,31.15,SALE,20-09-2024 15:57:54,S08,20240920
S08/20240920/00006,5,P105453,2,439.19,SALE,20-09-2024 15:57:54,S08,20240920
S08/20240920/00006,6,TAX,1,814.53,TAX,20-09-2024 15:57:54,S08,20240920
S08/20240920/00006,7,TENDER,1,7465.74,TENDER,20-09-2024 15:57:54,S08,20240920
S08/20240920/00007,1,P106958,2,125.66,SALE,20-09-2024 12:43:04,S08,20240920
S08/20240920/00007,2,P102342,2,107.02,SALE,20-09-2024 12:43:04,S08,20240920
S08/20240920/00007,3,P107197,3,669.72,SALE,20-09-2024 12:43:04,S08,20240920
S08/20240920/00007,4,P107609,1,108.46,SALE,20-09-2024 12:43:04,S08,20240920
S08/20240920/00007,5,TAX,1,452.09,TAX,20-09-2024 12:43:04,S08,20240920
S08/20240920/00007,6,TENDER,1,3035.07,TENDER,20-09-2024 12:43:04,S08,20240920
S08/20240920/00008,1,P108247,1,242.95,SALE,20-09-2024 14:14:15,S08,20240920
S08/20240920/00008,2,P106473,2,298.68,SALE,20-09-2024 14:14:15,S08,20240920
S08/20240920/00008,3,P102054,2,142.99,SALE,20-09-2024 14:14:15,S08,20240920
S08/20240920/00008,4,P104980,4,92.75,SALE,20-09-2024 14:14:15,S08,20240920
S08/20240920/00008,5,P103785,4,562.18,SALE,20-09-2024 14:14:15,S08,20240920
S08/20240920/00008,6,TAX,1,453.95,TAX,20-09-2024 14:14:15,S08,20240920
S08/20240920/00008,7,TENDER,1,4199.96,TENDER,20-09-2024 14:14:15,S08,20240920
S08/20240920/00009,1,P107472,2,64.61,SALE,20-09-2024 19:31:11,S08,20240920
S08/20240920/00009,2,P108379,3,300.71,SALE,20-09-2024 19:31:11,S08,20240920
S08/20240920/00009,3,P105553,3,764.76,SALE,20-09-2024 19:31:11,S08,20240920
S08/20240920/00009,4,P101762,2,528.36,SALE,20-09-2024 19:31:11,S08,20240920
S08/20240920/00009,5,P104858,2,331.88,SALE,20-09-2024 19:31:11,S08,20240920
S08/20240920/00009,6,P103973,3,108.48,SALE,20-09-2024 19:31:11,S08,20240920
S08/20240920/00009,7,P105356,2,232.26,SALE,20-09-2024 19:31:11,S08,20240920
S08/20240920/00009,8,P106084,3,592.14,SALE,20-09-2024 19:31:11,S08,20240920
S08/20240920/00009,9,TAX,1,767.11,TAX,20-09-2024 19:31:11,S08,20240920
S08/20240920/00009,10,TENDER,1,8379.60,TENDER,20-09-2024 19:31:11,S08,20240920
S08/20240920/00010,1,P106080,1,361.06,SALE,20-09-2024 12:27:32,S08,20240920
S08/20240920/00010,2,P108001,1,96.97,SALE,20-09-2024 12:27:32,S08,20240920
S08/20240920/00010,3,P103144,1,145.27,SALE,20-09-2024 12:27:32,S08,20240920
S08/20240920/00010,4,P106844,3,23.44,SALE,20-09-2024 12:27:32,S08,20240920
S08/20240920/00010,5,TAX,1,63.25,TAX,20-09-2024 12:27:32,S08,20240920
S08/20240920/00010,6,TENDER,1,736.87,TENDER,20-09-2024 12:27:32,S08,20240920
S08/20240920/00011,1,P100499,2,258.12,SALE,20-09-2024 14:55:27,S08,20240920
S08/20240920/00011,2,P102122,1,138.84,SALE,20-09-2024 14:55:27,S08,20240920
S08/20240920/00011,3,P100375,2,163.45,SALE,20-09-2024 14:55:27,S08,20240920
S08/20240920/00011,4,P101660,1,193.14,SALE,20-09-2024 14:55:27,S08,20240920
S08/20240920/00011,5,TAX,1,112.94,TAX,20-09-2024 14:55:27,S08,20240920
S08/20240920/00011,6,TENDER,1,1288.06,TENDER,20-09-2024 14:55:27,S08,20240920
S08/20240920/00012,1,P100921,2,441.43,SALE,21-09-2024 00:05:35,S08,20240920
S08/20240920/00012,2,P105589,2,90.25,SALE,21-09-2024 00:05:35,S08,20240920
S08/20240920/00012,3,P104064,1,326.15,SALE,21-09-2024 00:05:35,S08,20240920
S08/20240920/00012,4,P107542,3,178.83,SALE,21-09-2024 00:05:35,S08,20240920
S08/20240920/00012,5,P106697,3,342.69,SALE,21-09-2024 00:05:35,S08,20240920
S08/20240920/00012,6,TAX,1,353.91,TAX,21-09-2024 00:05:35,S08,20240920
S08/20240920/00012,7,TENDER,1,3307.98,TENDER,21-09-2024 00:05:35,S08,20240920
S08/20240920/00013,1,P107662,1,330.01,SALE,20-09-2024 09:51:12,S08,20240920
S08/20240920/00013,2,P105562,3,422.85,SALE,20-09-2024 09:51:12,S08,20240920
S08/20240920/00013,3,P103074,2,52.85,SALE,20-09-2024 09:51:12,S08,20240920
S08/20240920/00013,4,P108101,1,1603.81,SALE,20-09-2024 09:51:12,S08,20240920
S08/20240920/00013,5,P108369,2,318.67,SALE,20-09-2024 09:51:12,S08,20240920
S08/20240920/00013,6,TAX,1,613.95,TAX,20-09-2024 09:51:12,S08,20240920
S08/20240920/00013,7,TENDER,1,4559.36,TENDER,20-09-2024 09:51:12,S08,20240920
S08/20240920/00014,1,P104226,2,303.01,SALE,20-09-2024 16:10:00,S08,20240920
S08/20240920/00014,2,P105236,2,552.60,SALE,20-09-2024 16:10:00,S08,20240920
S08/20240920/00014,3,P105547,2,431.77,SALE,20-09-2024 16:10:00,S08,20240920
S08/20240920/00014,4,P107621,1,119.64,SALE,20-09-2024 16:10:00,S08,20240920
S08/20240920/00014,5,P105365,3,420.06,SALE,20-09-2024 16:10:00,S08,20240920
S08/20240920/00014,6,P103606,2,181.69,SALE,20-09-2024 16:10:00,S08,20240920
S08/20240920/00014,7,TAX,1,405.64,TAX,20-09-2024 16:10:00,S08,20240920
S08/20240920/00014,8,TENDER,1,4723.60,TENDER,20-09-2024 16:10:00,S08,20240920
S08/20240920/00015,1,P105136,-1,158.61,RETURN,20-09-2024 13:55:01,S08,20240920
S08/20240920/00015,2,P104831,-1,1516.75,RETURN,20-09-2024 13:55:01,S08,20240920
S08/20240920/00015,3,P102744,-2,98.75,RETURN,20-09-2024 13:55:01,S08,20240920
S08/20240920/00015,4,P104645,-2,1052.62,RETURN,20-09-2024 13:55:01,S08,20240920
S08/20240920/00015,5,P103861,-2,57.59,RETURN,20-09-2024 13:55:01,S08,20240920
S08/20240920/00015,6,P102821,-4,1356.95,RETURN,20-09-2024 13:55:01,S08,20240920
S08/20240920/00015,7,P104427,-2,462.16,RETURN,20-09-2024 13:55:01,S08,20240920
S08/20240920/00015,8,TAX,1,-364.02,TAX,20-09-2024 13:55:01,S08,20240920
S08/20240920/00015,9,TENDER,1,-10809.42,TENDER,20-09-2024 13:55:01,S08,20240920
S08/20240920/00016,1,P107920,2,109.22,SALE,20-09-2024 19:01:07,S08,20240920
S08/20240920/00016,2,P100649,1,628.39,SALE,20-09-2024 19:01:07,S08,20240920
S08/20240920/00016,3,P102006,3,1553.68,SALE,20-09-2024 19:01:07,S08,20240920
S08/20240920/00016,4,P102035,3,493.95,SALE,20-09-2024 19:01:07,S08,20240920
S08/20240920/00016,5,P103743,1,1117.90,SALE,20-09-2024 19:01:07,S08,20240920
S08/20240920/00016,6,P100549,1,320.43,SALE,20-09-2024 19:01:07,S08,20240920
S08/20240920/00016,7,P106563,2,426.95,SALE,20-09-2024 19:01:07,S08,20240920
S08/20240920/00016,8,TAX,1,285.75,TAX,20-09-2024 19:01:07,S08,20240920
S08/20240920/00016,9,TENDER,1,9567.70,TENDER,20-09-2024 19:01:07,S08,20240920
S08/20240920/00017,1,P104665,3,217.71,SALE,20-09-2024 16:48:38,S08,20240920
S08/20240920/00017,2,TAX,1,78.38,TAX,20-09-2024 16:48:38,S08,20240920
S08/20240920/00017,3,TENDER,1,731.51,TENDER,20-09-2024 16:48:38,S08,20240920
S08/20240920/00018,1,P108300,1,291.42,SALE,20-09-2024 16:49:55,S08,20240920
S08/20240920/00018,2,P100703,1,171.10,SALE,20-09-2024 16:49:55,S08,20240920
S08/20240920/00018,3,P106563,1,426.95,SALE,20-09-2024 16:49:55,S08,20240920
S08/20240920/00018,4,P102761,2,170.84,SALE,20-09-2024 16:49:55,S08,20240920
S08/20240920/00018,5,TAX,1,124.22,TAX,20-09-2024 16:49:55,S08,20240920
S08/20240920/00018,6,TENDER,1,1355.37,TENDER,20-09-2024 16:49:55,S08,20240920
S08/20240920/00019,1,P103908,3,104.62,SALE,20-09-2024 17:13:28,S08,20240920
S08/20240920/00019,2,DISC,1,-17.82,DISCOUNT,20-09-2024 17:13:28,S08,20240920
S08/20240920/00019,3,TAX,1,35.52,TAX,20-09-2024 17:13:28,S08,20240920
S08/20240920/00019,4,TENDER,1,331.56,TENDER,20-09-2024 17:13:28,S08,20240920
S08/20240920/00020,1,P103908,2,104.62,SALE,20-09-2024 16:23:55,S08,20240920
S08/20240920/00020,2,P102768,1,158.73,SALE,20-09-2024 16:23:55,S08,20240920
S08/20240920/00020,3,P104956,1,138.81,SALE,20-09-2024 16:23:55,S08,20240920
S08/20240920/00020,4,P105531,1,502.91,SALE,20-09-2024 16:23:55,S08,20240920
S08/20240920/00020,5,TAX,1,139.02,TAX,20-09-2024 16:23:55,S08,20240920
S08/20240920/00020,6,TENDER,1,1148.71,TENDER,20-09-2024 16:23:55,S08,20240920
S08/20240920/00021,1,P106015,1,148.43,SALE,20-09-2024 17:40:09,S08,20240920
S08/20240920/00021,2,P103606,4,181.69,SALE,20-09-2024 17:40:09,S08,20240920
S08/20240920/00021,3,P106997,2,42.42,SALE,20-09-2024 17:40:09,S08,20240920
S08/20240920/00021,4,P103029,1,11.28,SALE,20-09-2024 17:40:09,S08,20240920
S08/20240920/00021,5,P103839,2,213.95,SALE,20-09-2024 17:40:09,S08,20240920
S08/20240920/00021,6,TAX,1,143.38,TAX,20-09-2024 17:40:09,S08,20240920
S08/20240920/00021,7,TENDER,1,1542.59,TENDER,20-09-2024 17:40:09,S08,20240920
S08/20240920/00022,1,P106426,4,149.87,SALE,20-09-2024 13:26:20,S08,20240920
S08/20240920/00022,2,P108389,2,838.88,SALE,20-09-2024 13:26:20,S08,20240920
S08/20240920/00022,3,P106865,3,299.72,SALE,20-09-2024 13:26:20,S08,20240920
S08/20240920/00022,4,P105918,1,294.44,SALE,20-09-2024 13:26:20,S08,20240920
S08/20240920/00022,5,P106934,1,1604.94,SALE,20-09-2024 13:26:20,S08,20240920
S08/20240920/00022,6,P107526,2,54.94,SALE,20-09-2024 13:26:20,S08,20240920
S08/20240920/00022,7,TAX,1,426.42,TAX,20-09-2024 13:26:20,S08,20240920
S08/20240920/00022,8,TENDER,1,5612.08,TENDER,20-09-2024 13:26:20,S08,20240920
S08/20240920/00023,1,P100106,3,318.86,SALE,20-09-2024 13:52:08,S08,20240920
S08/20240920/00023,2,P107158,4,150.12,SALE,20-09-2024 13:52:08,S08,20240920
S08/20240920/00023,3,P101681,3,139.09,SALE,20-09-2024 13:52:08,S08,20240920
S08/20240920/00023,4,P106501,1,164.07,SALE,20-09-2024 13:52:08,S08,20240920
S08/20240920/00023,5,TAX,1,359.88,TAX,20-09-2024 13:52:08,S08,20240920
S08/20240920/00023,6,TENDER,1,2498.28,TENDER,20-09-2024 13:52:08,S08,20240920
S08/20240920/00024,1,P108191,5,309.71,SALE,20-09-2024 18:09:03,S08,20240920
S08/20240920/00024,2,P103413,3,1352.06,SALE,20-09-2024 18:09:03,S08,20240920
S08/20240920/00024,3,P106093,3,315.93,SALE,20-09-2024 18:09:03,S08,20240920
S08/20240920/00024,4,TAX,1,393.97,TAX,20-09-2024 18:09:03,S08,20240920
S08/20240920/00024,5,TENDER,1,6946.49,TENDER,20-09-2024 18:09:03,S08,20240920
S08/20240920/00025,1,P100033,4,828.62,SALE,20-09-2024 17:26:55,S08,20240920
S08/20240920/00025,2,P105882,1,222.02,SALE,20-09-2024 17:26:55,S08,20240920
S08/20240920/00025,3,P102346,1,89.47,SALE,20-09-2024 17:26:55,S08,20240920
S08/20240920/00025,4,P108179,5,295.94,SALE,20-09-2024 17:26:55,S08,20240920
S08/20240920/00025,5,P108067,2,640.50,SALE,20-09-2024 17:26:55,S08,20240920
S08/20240920/00025,6,TAX,1,393.99,TAX,20-09-2024 17:26:55,S08,20240920
S08/20240920/00025,7,TENDER,1,6780.66,TENDER,20-09-2024 17:26:55,S08,20240920
S08/20240920/00026,1,P106072,2,78.69,SALE,20-09-2024 17:06:25,S08,20240920
S08/20240920/00026,2,P105377,1,275.11,SALE,20-09-2024 17:06:25,S08,20240920
S08/20240920/00026,3,P104334,1,294.34,SALE,20-09-2024 17:06:25,S08,20240920
S08/20240920/00026,4,P107435,2,549.51,SALE,20-09-2024 17:06:25,S08,20240920
S08/20240920/00026,5,P101190,2,89.25,SALE,20-09-2024 17:06:25,S08,20240920
S08/20240920/00026,6,P103904,1,1081.09,SALE,20-09-2024 17:06:25,S08,20240920
S08/20240920/00026,7,P103530,5,427.69,SALE,20-09-2024 17:06:25,S08,20240920
S08/20240920/00026,8,P104572,3,182.16,SALE,20-09-2024 17:06:25,S08,20240920
S08/20240920/00026,9,TAX,1,762.87,TAX,20-09-2024 17:06:25,S08,20240920
S08/20240920/00026,10,TENDER,1,6533.24,TENDER,20-09-2024 17:06:25,S08,20240920
S08/20240920/00027,1,P105219,-1,701.93,RETURN,20-09-2024 20:54:57,S08,20240920
S08/20240920/00027,2,P106490,-4,671.88,RETURN,20-09-2024 20:54:57,S08,20240920
S08/20240920/00027,3,P104842,-1,357.87,RETURN,20-09-2024 20:54:57,S08,20240920
S08/20240920/00027,4,TAX,1,-169.29,TAX,20-09-2024 20:54:57,S08,20240920
S08/20240920/00027,5,TENDER,1,-3916.61,TENDER,20-09-2024 20:54:57,S08,20240920
S08/20240920/00028,1,P106405,3,38.72,SALE,20-09-2024 19:34:29,S08,20240920
S08/20240920/00028,2,P107516,2,565.20,SALE,20-09-2024 19:34:29,S08,20240920
S08/20240920/00028,3,P103111,4,40.41,SALE,20-09-2024 19:34:29,S08,20240920
S08/20240920/00028,4,P105511,2,310.12,SALE,20-09-2024 19:34:29,S08,20240920
S08/20240920/00028,5,P103449,1,381.08,SALE,20-09-2024 19:34:29,S08,20240920
S08/20240920/00028,6,TAX,1,363.16,TAX,20-09-2024 19:34:29,S08,20240920
S08/20240920/00028,7,TENDER,1,2772.68,TENDER,20-09-2024 19:34:29,S08,20240920
S08/20240920/00029,1,P106004,2,137.38,SALE,20-09-2024 15:08:01,S08,20240920
S08/20240920/00029,2,P100731,3,254.77,SALE,20-09-2024 15:08:01,S08,20240920
S08/20240920/00029,3,P101789,3,391.48,SALE,20-09-2024 15:08:01,S08,20240920
S08/20240920/00029,4,P107182,3,112.81,SALE,20-09-2024 15:08:01,S08,20240920
S08/20240920/00029,5,TAX,1,270.95,TAX,20-09-2024 15:08:01,S08,20240920
S08/20240920/00029,6,TENDER,1,2822.89,TENDER,20-09-2024 15:08:01,S08,20240920
S08/20240920/00030,1,P104181,5,279.95,SALE,20-09-2024 11:53:42,S08,20240920
S08/20240920/00030,2,P103918,1,527.10,SALE,20-09-2024 11:53:42,S08,20240920
S08/20240920/00030,3,P105855,1,123.28,SALE,20-09-2024 11:53:42,S08,20240920
S08/20240920/00030,4,TAX,1,200.49,TAX,20-09-2024 11:53:42,S08,20240920
S08/20240920/00030,5,TENDER,1,2250.62,TENDER,20-09-2024 11:53:42,S08,20240920
S08/20240920/00031,1,P104372,3,105.38,SALE,20-09-2024 21:33:49,S08,20240920
S08/20240920/00031,2,P102648,3,397.04,SALE,20-09-2024 21:33:49,S08,20240920
S08/20240920/00031,3,P103934,3,284.79,SALE,20-09-2024 21:33:49,S08,20240920
S08/20240920/00031,4,P108001,1,96.97,SALE,20-09-2024 21:33:49,S08,20240920
S08/20240920/00031,5,P102485,3,220.03,SALE,20-09-2024 21:33:49,S08,20240920
S08/20240920/00031,6,TAX,1,417.00,TAX,20-09-2024 21:33:49,S08,20240920
S08/20240920/00031,7,TENDER,1,3535.69,TENDER,20-09-2024 21:33:49,S08,20240920
S08/20240920/00032,1,P101177,3,153.94,SALE,20-09-2024 18:32:55,S08,20240920
S08/20240920/00032,2,P100571,2,134.98,SALE,20-09-2024 18:32:55,S08,20240920
S08/20240920/00032,3,P102707,4,440.21,SALE,20-09-2024 18:32:55,S08,20240920
S08/20240920/00032,4,P105356,1,232.26,SALE,20-09-2024 18:32:55,S08,20240920
S08/20240920/00032,5,P104558,1,440.08,SALE,20-09-2024 18:32:55,S08,20240920
S08/20240920/00032,6,TAX,1,347.41,TAX,20-09-2024 18:32:55,S08,20240920
S08/20240920/00032,7,TENDER,1,3512.37,TENDER,20-09-2024 18:32:55,S08,20240920
S08/20240921/00001,1,P102794,2,416.24,SALE,21-09-2024 14:58:40,S08,20240921
S08/20240921/00001,2,P105707,2,130.64,SALE,21-09-2024 14:58:40,S08,20240921
S08/20240921/00001,3,P104378,3,95.33,SALE,21-09-2024 14:58:40,S08,20240921
S08/20240921/00001,4,P107110,2,77.73,SALE,21-09-2024 14:58:40,S08,20240921
S08/20240921/00001,5,TAX,1,93.66,TAX,21-09-2024 14:58:40,S08,20240921
S08/20240921/00001,6,TENDER,1,1628.87,TENDER,21-09-2024 14:58:40,S08,20240921
S08/20240921/00002,1,P100319,1,48.05,SALE,21-09-2024 14:49:21,S08,20240921
S08/20240921/00002,2,P103452,1,951.00,SALE,21-09-2024 14:49:21,S08,20240921
S08/20240921/00002,3,TAX,1,49.95,TAX,21-09-2024 14:49:21,S08,20240921
S08/20240921/00002,4,TENDER,1,1049.00,TENDER,21-09-2024 14:49:21,S08,20240921
S08/20240921/00003,1,P104302,5,1255.97,SALE,21-09-2024 18:43:49,S08,20240921
S08/20240921/00003,2,P105057,2,294.62,SALE,21-09-2024 18:43:49,S08,20240921
S08/20240921/00003,3,TAX,1,859.65,TAX,21-09-2024 18:43:49,S08,20240921
S08/20240921/00003,4,TENDER,1,7728.74,TENDER,21-09-2024 18:43:49,S08,20240921
S08/20240921/00004,1,P103978,1,347.08,SALE,21-09-2024 20:15:34,S08,20240921
S08/20240921/00004,2,DISC,1,-19.17,DISCOUNT,21-09-2024 20:15:34,S08,20240921
S08/20240921/00004,3,TAX,1,16.40,TAX,21-09-2024 20:15:34,S08,20240921
S08/20240921/00004,4,TENDER,1,344.31,TENDER,21-09-2024 20:15:34,S08,20240921
S08/20240921/00005,1,P104992,1,979.87,SALE,21-09-2024 10:45:30,S08,20240921
S08/20240921/00005,2,P106877,2,1085.30,SALE,21-09-2024 10:45:30,S08,20240921
S08/20240921/00005,3,P104811,2,108.16,SALE,21-09-2024 10:45:30,S08,20240921
S08/20240921/00005,4,P101174,2,57.43,SALE,21-09-2024 10:45:30,S08,20240921
S08/20240921/00005,5,TAX,1,44.68,TAX,21-09-2024 10:45:30,S08,20240921
S08/20240921/00005,6,TENDER,1,3526.33,TENDER,21-09-2024 10:45:30,S08,20240921
S08/20240921/00006,1,P106357,1,1078.45,SALE,21-09-2024 14:26:46,S08,20240921
S08/20240921/00006,2,P100140,2,61.44,SALE,21-09-2024 14:26:46,S08,20240921
S08/20240921/00006,3,P107422,1,193.56,SALE,21-09-2024 14:26:46,S08,20240921
S08/20240921/00006,4,P105713,2,345.36,SALE,21-09-2024 14:26:46,S08,20240921
S08/20240921/00006,5,P101864,2,112.21,SALE,21-09-2024 14:26:46,S08,20240921
S08/20240921/00006,6,TAX,1,236.14,TAX,21-09-2024 14:26:46,S08,20240921
S08/20240921/00006,7,TENDER,1,2546.17,TENDER,21-09-2024 14:26:46,S08,20240921
S08/20240921/00007,1,P104526,2,363.05,SALE,21-09-2024 20:20:35,S08,20240921
S08/20240921/00007,2,P101419,1,195.72,SALE,21-09-2024 20:20:35,S08,20240921
S08/20240921/00007,3,P103806,2,319.17,SALE,21-09-2024 20:20:35,S08,20240921
S08/20240921/00007,4,P104469,1,1631.11,SALE,21-09-2024 20:20:35,S08,20240921
S08/20240921/00007,5,P102122,3,138.84,SALE,21-09-2024 20:20:35,S08,20240921
S08/20240921/00007,6,P105827,1,104.04,SALE,21-09-2024 20:20:35,S08,20240921
S08/20240921/00007,7,P108346,3,534.07,SALE,21-09-2024 20:20:35,S08,20240921
S08/20240921/00007,8,P104747,2,342.93,SALE,21-09-2024 20:20:35,S08,20240921
S08/20240921/00007,9,P106550,3,29.54,SALE,21-09-2024 20:20:35,S08,20240921
S08/20240921/00007,10,TAX,1,514.07,TAX,21-09-2024 20:20:35,S08,20240921
S08/20240921/00007,11,TENDER,1,6602.59,TENDER,21-09-2024 20:20:35,S08,20240921
S08/20240921/00008,1,P101152,6,478.44,SALE,21-09-2024 16:11:15,S08,20240921
S08/20240921/00008,2,P105337,1,35.20,SALE,21-09-2024 16:11:15,S08,20240921
S08/20240921/00008,3,P106965,2,89.01,SALE,21-09-2024 16:11:15,S08,20240921
S08/20240921/00008,4,P107662,3,330.01,SALE,21-09-2024 16:11:15,S08,20240921
S08/20240921/00008,5,TAX,1,705.58,TAX,21-09-2024 16:11:15,S08,20240921
S08/20240921/00008,6,TENDER,1,4779.47,TENDER,21-09-2024 16:11:15,S08,20240921
S08/20240921/00009,1,P103806,1,319.17,SALE,21-09-2024 18:38:07,S08,20240921
S08/20240921/00009,2,P101974,1,302.00,SALE,21-09-2024 18:38:07,S08,20240921
S08/20240921/00009,3,P105164,1,216.12,SALE,21-09-2024 18:38:07,S08,20240921
S08/20240921/00009,4,P107422,3,193.56,SALE,21-09-2024 18:38:07,S08,20240921
S08/20240921/00009,5,TAX,1,83.39,TAX,21-09-2024 18:38:07,S08,20240921
S08/20240921/00009,6,TENDER,1,1501.36,TENDER,21-09-2024 18:38:07,S08,20240921
S08/20240921/00010,1,P101470,2,196.94,SALE,21-09-2024 19:31:39,S08,20240921
S08/20240921/00010,2,P103090,1,805.95,SALE,21-09-2024 19:31:39,S08,20240921
S08/20240921/00010,3,P107266,3,69.30,SALE,21-09-2024 19:31:39,S08,20240921
S08/20240921/00010,4,P106911,2,232.77,SALE,21-09-2024 19:31:39,S08,20240921
S08/20240921/00010,5,TAX,1,50.69,TAX,21-09-2024 19:31:39,S08,20240921
S08/20240921/00010,6,TENDER,1,1923.96,TENDER,21-09-2024 19:31:39,S08,20240921
S08/20240921/00011,1,P102880,3,575.53,SALE,21-09-2024 10:38:09,S08,20240921
S08/20240921/00011,2,P104567,3,141.21,SALE,21-09-2024 10:38:09,S08,20240921
S08/20240921/00011,3,P106592,4,815.90,SALE,21-09-2024 10:38:09,S08,20240921
S08/20240921/00011,4,P101356,1,1083.07,SALE,21-09-2024 10:38:09,S08,20240921
S08/20240921/00011,5,P104725,1,536.92,SALE,21-09-2024 10:38:09,S08,20240921
S08/20240921/00011,6,P100198,3,156.66,SALE,21-09-2024 10:38:09,S08,20240921
S08/20240921/00011,7,TAX,1,474.64,TAX,21-09-2024 10:38:09,S08,20240921
S08/20240921/00011,8,TENDER,1,7978.43,TENDER,21-09-2024 10:38:09,S08,20240921
S08/20240921/00012,1,P100677,1,256.17,SALE,21-09-2024 13:07:40,S08,20240921
S08/20240921/00012,2,P100899,3,131.46,SALE,21-09-2024 13:07:40,S08,20240921
S08/20240921/00012,3,P107226,4,86.90,SALE,21-09-2024 13:07:40,S08,20240921
S08/20240921/00012,4,TAX,1,108.68,TAX,21-09-2024 13:07:40,S08,20240921
S08/20240921/00012,5,TENDER,1,1106.83,TENDER,21-09-2024 13:07:40,S08,20240921
S08/20240921/00013,1,P107568,2,147.18,SALE,21-09-2024 12:56:08,S08,20240921
S08/20240921/00013,2,P100140,2,61.44,SALE,21-09-2024 12:56:08,S08,20240921
S08/20240921/00013,3,P103316,1,1774.02,SALE,21-09-2024 12:56:08,S08,20240921
S08/20240921/00013,4,P100221,2,139.88,SALE,21-09-2024 12:56:08,S08,20240921
S08/20240921/00013,5,TAX,1,283.29,TAX,21-09-2024 12:56:08,S08,20240921
S08/20240921/00013,6,TENDER,1,2754.31,TENDER,21-09-2024 12:56:08,S08,20240921
S08/20240921/00014,1,P105345,6,295.95,SALE,21-09-2024 10:57:34,S08,20240921
S08/20240921/00014,2,P107320,3,223.25,SALE,21-09-2024 10:57:34,S08,20240921
S08/20240921/00014,3,P103904,5,1081.09,SALE,21-09-2024 10:57:34,S08,20240921
S08/20240921/00014,4,P103661,1,125.81,SALE,21-09-2024 10:57:34,S08,20240921
S08/20240921/00014,5,P107826,2,117.63,SALE,21-09-2024 10:57:34,S08,20240921
S08/20240921/00014,6,P104285,2,639.46,SALE,21-09-2024 10:57:34,S08,20240921
S08/20240921/00014,7,TAX,1,554.25,TAX,21-09-2024 10:57:34,S08,20240921
S08/20240921/00014,8,TENDER,1,10045.14,TENDER,21-09-2024 10:57:34,S08,20240921
S08/20240921/00015,1,P105908,1,677.70,SALE,21-09-2024 09:51:06,S08,20240921
S08/20240921/00015,2,P100850,4,172.84,SALE,21-09-2024 09:51:06,S08,20240921
S08/20240921/00015,3,P102129,2,252.76,SALE,21-09-2024 09:51:06,S08,20240921
S08/20240921/00015,4,TAX,1,142.12,TAX,21-09-2024 09:51:06,S08,20240921
S08/20240921/00015,5,TENDER,1,2016.70,TENDER,21-09-2024 09:51:06,S08,20240921
S08/20240921/00016,1,P100178,3,480.34,SALE,21-09-2024 18:52:53,S08,20240921
S08/20240921/00016,2,P106783,4,94.23,SALE,21-09-2024 18:52:53,S08,20240921
S08/20240921/00016,3,P103654,1,481.76,SALE,21-09-2024 18:52:53,S08,20240921
S08/20240921/00016,4,P103090,2,805.95,SALE,21-09-2024 18:52:53,S08,20240921
S08/20240921/00016,5,P102534,6,98.12,SALE,21-09-2024 18:52:53,S08,20240921
S08/20240921/00016,6,DISC,1,-343.72,DISCOUNT,21-09-2024 18:52:53,S08,20240921
S08/20240921/00016,7,TAX,1,496.80,TAX,21-09-2024 18:52:53,S08,20240921
S08/20240921/00016,8,TENDER,1,4653.40,TENDER,21-09-2024 18:52:53,S08,20240921
S08/20240921/00017,1,P108046,2,95.35,SALE,21-09-2024 13:58:44,S08,20240921
S08/20240921/00017,2,P101681,2,139.09,SALE,21-09-2024 13:58:44,S08,20240921
S08/20240921/00017,3,P100816,4,887.62,SALE,21-09-2024 13:58:44,S08,20240921
S08/20240921/00017,4,P107740,4,1366.88,SALE,21-09-2024 13:58:44,S08,20240921
S08/20240921/00017,5,P102311,1,308.69,SALE,21-09-2024 13:58:44,S08,20240921
S08/20240921/00017,6,P107597,2,519.83,SALE,21-09-2024 13:58:44,S08,20240921
S08/20240921/00017,7,P103155,2,270.20,SALE,21-09-2024 13:58:44,S08,20240921
S08/20240921/00017,8,TAX,1,1314.56,TAX,21-09-2024 13:58:44,S08,20240921
S08/20240921/00017,9,TENDER,1,12690.19,TENDER,21-09-2024 13:58:44,S08,20240921
S08/20240921/00018,1,P101052,5,198.99,SALE,21-09-2024 16:34:24,S08,20240921
S08/20240921/00018,2,P102296,1,48.88,SALE,21-09-2024 16:34:24,S08,20240921
S08/20240921/00018,3,P103794,1,729.86,SALE,21-09-2024 16:34:24,S08,20240921
S08/20240921/00018,4,P103816,1,209.63,SALE,21-09-2024 16:34:24,S08,20240921
S08/20240921/00018,5,TAX,1,262.12,TAX,21-09-2024 16:34:24,S08,20240921
S08/20240921/00018,6,TENDER,1,2245.44,TENDER,21-09-2024 16:34:24,S08,20240921
S08/20240921/00019,1,P100744,3,67.07,SALE,21-09-2024 20:08:52,S08,20240921
S08/20240921/00019,2,P100074,2,57.78,SALE,21-09-2024 20:08:52,S08,20240921
S08/20240921/00019,3,P100403,1,71.73,SALE,21-09-2024 20:08:52,S08,20240921
S08/20240921/00019,4,TAX,1,24.45,TAX,21-09-2024 20:08:52,S08,20240921
S08/20240921/00019,5,TENDER,1,412.95,TENDER,21-09-2024 20:08:52,S08,20240921
S08/20240921/00020,1,P101842,3,210.53,SALE,21-09-2024 15:51:03,S08,20240921
S08/20240921/00020,2,P103864,1,540.44,SALE,21-09-2024 15:51:03,S08,20240921
S08/20240921/00020,3,P104883,2,370.64,SALE,21-09-2024 15:51:03,S08,20240921
S08/20240921/00020,4,P106174,2,229.89,SALE,21-09-2024 15:51:03,S08,20240921
S08/20240921/00020,5,P106317,1,485.55,SALE,21-09-2024 15:51:03,S08,20240921
S08/20240921/00020,6,DISC,1,-252.10,DISCOUNT,21-09-2024 15:51:03,S08,20240921
S08/20240921/00020,7,TAX,1,140.36,TAX,21-09-2024 15:51:03,S08,20240921
S08/20240921/00020,8,TENDER,1,2746.90,TENDER,21-09-2024 15:51:03,S08,20240921
S08/20240921/00021,1,P104774,2,81.81,SALE,21-09-2024 15:04:53,S08,20240921
S08/20240921/00021,2,P105057,3,294.62,SALE,21-09-2024 15:04:53,S08,20240921
S08/20240921/00021,3,P107920,2,109.22,SALE,21-09-2024 15:04:53,S08,20240921
S08/20240921/00021,4,TAX,1,206.60,TAX,21-09-2024 15:04:53,S08,20240921
S08/20240921/00021,5,TENDER,1,1472.52,TENDER,21-09-2024 15:04:53,S08,20240921
S08/20240921/00022,1,P106399,-1,198.14,RETURN,21-09-2024 10:00:40,S08,20240921
S08/20240921/00022,2,P101796,-1,990.67,RETURN,21-09-2024 10:00:40,S08,20240921
S08/20240921/00022,3,P103591,-2,102.70,RETURN,21-09-2024 10:00:40,S08,20240921
S08/20240921/00022,4,P102142,-1,93.89,RETURN,21-09-2024 10:00:40,S08,20240921
S08/20240921/00022,5,P106848,-2,17.39,RETURN,21-09-2024 10:00:40,S08,20240921
S08/20240921/00022,6,P100367,-2,537.90,RETURN,21-09-2024 10:00:40,S08,20240921
S08/20240921/00022,7,P103206,-1,450.05,RETURN,21-09-2024 10:00:40,S08,20240921
S08/20240921/00022,8,TAX,1,-375.76,TAX,21-09-2024 10:00:40,S08,20240921
S08/20240921/00022,9,TENDER,1,-3424.49,TENDER,21-09-2024 10:00:40,S08,20240921
S08/20240921/00023,1,P106577,1,52.98,SALE,21-09-2024 18:46:07,S08,20240921
S08/20240921/00023,2,P105860,2,674.13,SALE,21-09-2024 18:46:07,S08,20240921
S08/20240921/00023,3,P107231,3,1193.22,SALE,21-09-2024 18:46:07,S08,20240921
S08/20240921/00023,4,P101710,1,322.76,SALE,21-09-2024 18:46:07,S08,20240921
S08/20240921/00023,5,P104236,2,289.43,SALE,21-09-2024 18:46:07,S08,20240921
S08/20240921/00023,6,DISC,1,-407.38,DISCOUNT,21-09-2024 18:46:07,S08,20240921
S08/20240921/00023,7,TAX,1,198.24,TAX,21-09-2024 18:46:07,S08,20240921
S08/20240921/00023,8,TENDER,1,5673.38,TENDER,21-09-2024 18:46:07,S08,20240921
S08/20240921/00024,1,P105511,1,310.12,SALE,21-09-2024 14:33:49,S08,20240921
S08/20240921/00024,2,P102933,2,610.87,SALE,21-09-2024 14:33:49,S08,20240921
S08/20240921/00024,3,P103999,1,120.61,SALE,21-09-2024 14:33:49,S08,20240921
S08/20240921/00024,4,DISC,1,-136.17,DISCOUNT,21-09-2024 14:33:49,S08,20240921
S08/20240921/00024,5,TAX,1,191.28,TAX,21-09-2024 14:33:49,S08,20240921
S08/20240921/00024,6,TENDER,1,1707.58,TENDER,21-09-2024 14:33:49,S08,20240921
S08/20240921/00025,1,P107568,3,147.18,SALE,21-09-2024 15:42:18,S08,20240921
S08/20240921/00025,2,P104042,4,346.95,SALE,21-09-2024 15:42:18,S08,20240921
S08/20240921/00025,3,P101208,3,593.86,SALE,21-09-2024 15:42:18,S08,20240921
S08/20240921/00025,4,P100883,1,723.68,SALE,21-09-2024 15:42:18,S08,20240921
S08/20240921/00025,5,P106478,1,56.12,SALE,21-09-2024 15:42:18,S08,20240921
S08/20240921/00025,6,TAX,1,227.60,TAX,21-09-2024 15:42:18,S08,20240921
S08/20240921/00025,7,TENDER,1,4618.32,TENDER,21-09-2024 15:42:18,S08,20240921
S08/20240921/00026,1,P103012,2,240.75,SALE,21-09-2024 13:19:54,S08,20240921
S08/20240921/00026,2,P107373,3,96.28,SALE,21-09-2024 13:19:54,S08,20240921
S08/20240921/00026,3,P104651,1,540.51,SALE,21-09-2024 13:19:54,S08,20240921
S08/20240921/00026,4,TAX,1,122.64,TAX,21-09-2024 13:19:54,S08,20240921
S08/20240921/00026,5,TENDER,1,1433.49,TENDER,21-09-2024 13:19:54,S08,20240921
S08/20240921/00027,1,P102664,4,261.47,SALE,21-09-2024 16:33:50,S08,20240921
S08/20240921/00027,2,P103978,4,347.08,SALE,21-09-2024 16:33:50,S08,20240921
S08/20240921/00027,3,TAX,1,257.67,TAX,21-09-2024 16:33:50,S08,20240921
S08/20240921/00027,4,TENDER,1,2691.87,TENDER,21-09-2024 16:33:50,S08,20240921
S08/20240921/00028,1,P103559,1,370.21,SALE,21-09-2024 13:22:27,S08,20240921
S08/20240921/00028,2,P102217,1,68.46,SALE,21-09-2024 13:22:27,S08,20240921
S08/20240921/00028,3,TAX,1,18.51,TAX,21-09-2024 13:22:27,S08,20240921
S08/20240921/00028,4,TENDER,1,457.18,TENDER,21-09-2024 13:22:27,S08,20240921
S08/20240921/00029,1,P100164,3,594.91,SALE,21-09-2024 12:01:27,S08,20240921
S08/20240921/00029,2,P101345,1,80.74,SALE,21-09-2024 12:01:27,S08,20240921
S08/20240921/00029,3,P105450,1,252.15,SALE,21-09-2024 12:01:27,S08,20240921
S08/20240921/00029,4,P108110,2,15.95,SALE,21-09-2024 12:01:27,S08,20240921
S08/20240921/00029,5,P100044,1,737.05,SALE,21-09-2024 12:01:27,S08,20240921
S08/20240921/00029,6,P102868,3,471.29,SALE,21-09-2024 12:01:27,S08,20240921
S08/20240921/00029,7,TAX,1,673.97,TAX,21-09-2024 12:01:27,S08,20240921
S08/20240921/00029,8,TENDER,1,4974.41,TENDER,21-09-2024 12:01:27,S08,20240921
S08/20240921/00030,1,P100899,3,131.46,SALE,21-09-2024 16:55:03,S08,20240921
S08/20240921/00030,2,P101190,1,89.25,SALE,21-09-2024 16:55:03,S08,20240921
S08/20240921/00030,3,P107012,2,104.24,SALE,21-09-2024 16:55:03,S08,20240921
S08/20240921/00030,4,P105772,1,539.31,SALE,21-09-2024 16:55:03,S08,20240921
S08/20240921/00030,5,P105236,5,552.60,SALE,21-09-2024 16:55:03,S08,20240921
S08/20240921/00030,6,TAX,1,455.12,TAX,21-09-2024 16:55:03,S08,20240921
S08/20240921/00030,7,TENDER,1,4449.54,TENDER,21-09-2024 16:55:03,S08,20240921
S08/20240921/00031,1,P101894,2,668.48,SALE,21-09-2024 14:42:41,S08,20240921
S08/20240921/00031,2,P106955,2,204.37,SALE,21-09-2024 14:42:41,S08,20240921
S08/20240921/00031,3,P106300,3,387.92,SALE,21-09-2024 14:42:41,S08,20240921
S08/20240921/00031,4,P107266,4,65.84,SALE,21-09-2024 14:42:41,S08,20240921
S08/20240921/00031,5,TAX,1,333.69,TAX,21-09-2024 14:42:41,S08,20240921
S08/20240921/00031,6,TENDER,1,3506.51,TENDER,21-09-2024 14:42:41,S08,20240921
S08/20240921/00032,1,P100604,2,154.60,SALE,21-09-2024 11:16:01,S08,20240921
S08/20240921/00032,2,P102465,3,1410.14,SALE,21-09-2024 11:16:01,S08,20240921
S08/20240921/00032,3,P107422,4,193.56,SALE,21-09-2024 11:16:01,S08,20240921
S08/20240921/00032,4,P102112,1,389.72,SALE,21-09-2024 11:16:01,S08,20240921
S08/20240921/00032,5,P100210,1,1073.90,SALE,21-09-2024 11:16:01,S08,20240921
S08/20240921/00032,6,P100509,2,151.84,SALE,21-09-2024 11:16:01,S08,20240921
S08/20240921/00032,7,TAX,1,441.05,TAX,21-09-2024 11:16:01,S08,20240921
S08/20240921/00032,8,TENDER,1,7522.21,TENDER,21-09-2024 11:16:01,S08,20240921
S08/20240921/00033,1,P100007,-4,155.06,RETURN,21-09-2024 16:59:53,S08,20240921
S08/20240921/00033,2,P107226,-1,86.90,RETURN,21-09-2024 16:59:53,S08,20240921
S08/20240921/00033,3,P104121,-1,131.32,RETURN,21-09-2024 16:59:53,S08,20240921
S08/20240921/00033,4,TAX,1,-150.92,TAX,21-09-2024 16:59:53,S08,20240921
S08/20240921/00033,5,TENDER,1,-989.38,TENDER,21-09-2024 16:59:53,S08,20240921
S08/20240921/00034,1,P105331,1,308.39,SALE,21-09-2024 16:02:07,S08,20240921
S08/20240921/00034,2,P105511,3,310.12,SALE,21-09-2024 16:02:07,S08,20240921
S08/20240921/00034,3,P105775,1,104.41,SALE,21-09-2024 16:02:07,S08,20240921
S08/20240921/00034,4,P103864,2,540.44,SALE,21-09-2024 16:02:07,S08,20240921
S08/20240921/00034,5,P103413,2,1352.06,SALE,21-09-2024 16:02:07,S08,20240921
S08/20240921/00034,6,P107094,1,97.95,SALE,21-09-2024 16:02:07,S08,20240921
S08/20240921/00034,7,TAX,1,389.77,TAX,21-09-2024 16:02:07,S08,20240921
S08/20240921/00034,8,TENDER,1,5615.88,TENDER,21-09-2024 16:02:07,S08,20240921
S08/20240921/00035,1,P105835,2,238.39,SALE,21-09-2024 11:08:40,S08,20240921
S08/20240921/00035,2,P104202,2,153.74,SALE,21-09-2024 11:08:40,S08,20240921
S08/20240921/00035,3,P103222,2,398.43,SALE,21-09-2024 11:08:40,S08,20240921
S08/20240921/00035,4,P105100,1,270.01,SALE,21-09-2024 11:08:40,S08,20240921
S08/20240921/00035,5,P103766,3,213.25,SALE,21-09-2024 11:08:40,S08,20240921
S08/20240921/00035,6,TAX,1,200.05,TAX,21-09-2024 11:08:40,S08,20240921
S08/20240921/00035,7,TENDER,1,2690.93,TENDER,21-09-2024 11:08:40,S08,20240921
S08/20240921/00036,1,P106080,4,361.06,SALE,21-09-2024 21:47:00,S08,20240921
S08/20240921/00036,2,P104008,1,116.02,SALE,21-09-2024 21:47:00,S08,20240921
S08/20240921/00036,3,P107960,2,1047.81,SALE,21-09-2024 21:47:00,S08,20240921
S08/20240921/00036,4,P104270,2,1153.64,SALE,21-09-2024 21:47:00,S08,20240921
S08/20240921/00036,5,P102353,2,139.83,SALE,21-09-2024 21:47:00,S08,20240921
S08/20240921/00036,6,P100864,2,193.24,SALE,21-09-2024 21:47:00,S08,20240921
S08/20240921/00036,7,P103600,3,107.84,SALE,21-09-2024 21:47:00,S08,20240921
S08/20240921/00036,8,P106209,3,211.48,SALE,21-09-2024 21:47:00,S08,20240921
S08/20240921/00036,9,P101454,2,134.66,SALE,21-09-2024 21:47:00,S08,20240921
S08/20240921/00036,10,TAX,1,754.12,TAX,21-09-2024 21:47:00,S08,20240921
S08/20240921/00036,11,TENDER,1,8610.70,TENDER,21-09-2024 21:47:00,S08,20240921
S08/20240921/00037,1,P106024,-2,472.89,RETURN,21-09-2024 23:27:19,S08,20240921
S08/20240921/00037,2,P107848,-3,267.41,RETURN,21-09-2024 23:27:19,S08,20240921
S08/20240921/00037,3,P101669,-1,53.28,RETURN,21-09-2024 23:27:19,S08,20240921
S08/20240921/00037,4,P105418,-5,257.82,RETURN,21-09-2024 23:27:19,S08,20240921
S08/20240921/00037,5,P105944,-2,985.47,RETURN,21-09-2024 23:27:19,S08,20240921
S08/20240921/00037,6,P101949,-1,857.51,RETURN,21-09-2024 23:27:19,S08,20240921
S08/20240921/00037,7,P102993,-2,299.71,RETURN,21-09-2024 23:27:19,S08,20240921
S08/20240921/00037,8,TAX,1,-754.41,TAX,21-09-2024 23:27:19,S08,20240921
S08/20240921/00037,9,TENDER,1,-7272.67,TENDER,21-09-2024 23:27:19,S08,20240921
S08/20240921/00038,1,P104497,3,229.16,SALE,21-09-2024 23:02:23,S08,20240921
S08/20240921/00038,2,P101156,1,91.80,SALE,21-09-2024 23:02:23,S08,20240921
S08/20240921/00038,3,TAX,1,38.96,TAX,21-09-2024 23:02:23,S08,20240921
S08/20240921/00038,4,TENDER,1,818.24,TENDER,21-09-2024 23:02:23,S08,20240921
S08/20240921/00039,1,P104811,2,108.16,SALE,21-09-2024 17:38:17,S08,20240921
S08/20240921/00039,2,P105965,2,66.08,SALE,21-09-2024 17:38:17,S08,20240921
S08/20240921/00039,3,P102272,3,389.34,SALE,21-09-2024 17:38:17,S08,20240921
S08/20240921/00039,4,P106367,2,650.25,SALE,21-09-2024 17:38:17,S08,20240921
S08/20240921/00039,5,P103273,3,377.82,SALE,21-09-2024 17:38:17,S08,20240921
S08/20240921/00039,6,P103958,2,30.95,SALE,21-09-2024 17:38:17,S08,20240921
S08/20240921/00039,7,P104266,1,412.47,SALE,21-09-2024 17:38:17,S08,20240921
S08/20240921/00039,8,TAX,1,472.13,TAX,21-09-2024 17:38:17,S08,20240921
S08/20240921/00039,9,TENDER,1,4896.96,TENDER,21-09-2024 17:38:17,S08,20240921
S08/20240921/00040,1,P100077,1,173.95,SALE,21-09-2024 11:50:28,S08,20240921
S08/20240921/00040,2,P107089,1,208.86,SALE,21-09-2024 11:50:28,S08,20240921
S08/20240921/00040,3,P102452,3,176.54,SALE,21-09-2024 11:50:28,S08,20240921
S08/20240921/00040,4,P105784,3,116.81,SALE,21-09-2024 11:50:28,S08,20240921
S08/20240921/00040,5,P102311,1,308.69,SALE,21-09-2024 11:50:28,S08,20240921
S08/20240921/00040,6,P104950,1,91.01,SALE,21-09-2024 11:50:28,S08,20240921
S08/20240921/00040,7,P103222,2,398.43,SALE,21-09-2024 11:50:28,S08,20240921
S08/20240921/00040,8,P105562,3,422.85,SALE,21-09-2024 11:50:28,S08,20240921
S08/20240921/00040,9,TAX,1,401.40,TAX,21-09-2024 11:50:28,S08,20240921
S08/20240921/00040,10,TENDER,1,4129.37,TENDER,21-09-2024 11:50:28,S08,20240921
S08/20240921/00041,1,P106765,3,270.40,SALE,21-09-2024 16:33:04,S08,20240921
S08/20240921/00041,2,P105698,2,194.14,SALE,21-09-2024 16:33:04,S08,20240921
S08/20240921/00041,3,P101864,3,112.21,SALE,21-09-2024 16:33:04,S08,20240921
S08/20240921/00041,4,P108149,1,1073.33,SALE,21-09-2024 16:33:04,S08,20240921
S08/20240921/00041,5,P100221,1,148.27,SALE,21-09-2024 16:33:04,S08,20240921
S08/20240921/00041,6,P104665,6,217.71,SALE,21-09-2024 16:33:04,S08,20240921
S08/20240921/00041,7,P107884,1,29.77,SALE,21-09-2024 16:33:04,S08,20240921
S08/20240921/00041,8,DISC,1,-481.81,DISCOUNT,21-09-2024 16:33:04,S08,20240921
S08/20240921/00041,9,TAX,1,402.69,TAX,21-09-2024 16:33:04,S08,20240921
S08/20240921/00041,10,TENDER,1,4014.62,TENDER,21-09-2024 16:33:04,S08,20240921
S08/20240921/00042,1,P107837,3,94.99,SALE,21-09-2024 16:38:11,S08,20240921
S08/20240921/00042,2,DISC,1,-29.10,DISCOUNT,21-09-2024 16:38:11,S08,20240921
S08/20240921/00042,3,TAX,1,46.06,TAX,21-09-2024 16:38:11,S08,20240921
S08/20240921/00042,4,TENDER,1,301.93,TENDER,21-09-2024 16:38:11,S08,20240921
S08/20240921/00043,1,P107536,1,1613.47,SALE,21-09-2024 16:53:16,S08,20240921
S08/20240921/00043,2,P101990,4,408.52,SALE,21-09-2024 16:53:16,S08,20240921
S08/20240921/00043,3,P103406,2,1248.48,SALE,21-09-2024 16:53:16,S08,20240921
S08/20240921/00043,4,P104965,1,88.50,SALE,21-09-2024 16:53:16,S08,20240921
S08/20240921/00043,5,TAX,1,500.15,TAX,21-09-2024 16:53:16,S08,20240921
S08/20240921/00043,6,TENDER,1,6333.16,TENDER,21-09-2024 16:53:16,S08,20240921
S08/20240921/00044,1,P102502,3,366.79,SALE,21-09-2024 12:43:34,S08,20240921
S08/20240921/00044,2,P108356,2,229.05,SALE,21-09-2024 12:43:34,S08,20240921
S08/20240921/00044,3,P107472,2,64.61,SALE,21-09-2024 12:43:34,S08,20240921
S08/20240921/00044,4,TAX,1,259.50,TAX,21-09-2024 12:43:34,S08,20240921
S08/20240921/00044,5,TENDER,1,1947.19,TENDER,21-09-2024 12:43:34,S08,20240921
S08/20240921/00045,1,P103487,1,361.14,SALE,21-09-2024 17:40:43,S08,20240921
S08/20240921/00045,2,P103538,2,265.96,SALE,21-09-2024 17:40:43,S08,20240921
S08/20240921/00045,3,P106258,1,423.67,SALE,21-09-2024 17:40:43,S08,20240921
S08/20240921/00045,4,P105570,2,345.21,SALE,21-09-2024 17:40:43,S08,20240921
S08/20240921/00045,5,TAX,1,125.64,TAX,21-09-2024 17:40:43,S08,20240921
S08/20240921/00045,6,TENDER,1,2132.79,TENDER,21-09-2024 17:40:43,S08,20240921
S08/20240921/00046,1,P104541,2,149.08,SALE,21-09-2024 19:11:32,S08,20240921
S08/20240921/00046,2,P101585,2,10.45,SALE,21-09-2024 19:11:32,S08,20240921
S08/20240921/00046,3,P104558,3,440.08,SALE,21-09-2024 19:11:32,S08,20240921
S08/20240921/00046,4,TAX,1,177.10,TAX,21-09-2024 19:11:32,S08,20240921
S08/20240921/00046,5,TENDER,1,1816.40,TENDER,21-09-2024 19:11:32,S08,20240921
S08/20240921/00047,1,P105677,2,89.95,SALE,22-09-2024 00:42:10,S08,20240921
S08/20240921/00047,2,P107605,4,1234.07,SALE,22-09-2024 00:42:10,S08,20240921
S08/20240921/00047,3,P108159,2,488.81,SALE,22-09-2024 00:42:10,S08,20240921
S08/20240921/00047,4,TAX,1,624.74,TAX,22-09-2024 00:42:10,S08,20240921
S08/20240921/00047,5,TENDER,1,6718.54,TENDER,22-09-2024 00:42:10,S08,20240921
S08/20240921/00048,1,P105797,3,254.07,SALE,21-09-2024 20:34:42,S08,20240921
S08/20240921/00048,2,P105707,1,130.64,SALE,21-09-2024 20:34:42,S08,20240921
S08/20240921/00048,3,P101547,2,66.03,SALE,21-09-2024 20:34:42,S08,20240921
S08/20240921/00048,4,P107432,2,45.60,SALE,21-09-2024 20:34:42,S08,20240921
S08/20240921/00048,5,P100367,3,537.90,SALE,21-09-2024 20:34:42,S08,20240921
S08/20240921/00048,6,P103273,2,377.82,SALE,21-09-2024 20:34:42,S08,20240921
S08/20240921/00048,7,P106234,1,78.81,SALE,21-09-2024 20:34:42,S08,20240921
S08/20240921/00048,8,P105377,2,275.11,SALE,21-09-2024 20:34:42,S08,20240921
S08/20240921/00048,9,DISC,1,-340.73,DISCOUNT,21-09-2024 20:34:42,S08,20240921
S08/20240921/00048,10,TAX,1,569.27,TAX,21-09-2024 20:34:42,S08,20240921
S08/20240921/00048,11,TENDER,1,4343.02,TENDER,21-09-2024 20:34:42,S08,20240921
S08/20240922/00001,1,P108060,2,217.09,SALE,22-09-2024 12:55:36,S08,20240922
S08/20240922/00001,2,P106464,2,271.59,SALE,22-09-2024 12:55:36,S08,20240922
S08/20240922/00001,3,P104909,1,363.10,SALE,22-09-2024 12:55:36,S08,20240922
S08/20240922/00001,4,P103111,2,40.41,SALE,22-09-2024 12:55:36,S08,20240922
S08/20240922/00001,5,P102738,1,236.55,SALE,22-09-2024 12:55:36,S08,20240922
S08/20240922/00001,6,TAX,1,175.76,TAX,22-09-2024 12:55:36,S08,20240922
S08/20240922/00001,7,TENDER,1,1833.59,TENDER,22-09-2024 12:55:36,S08,20240922
S08/20240922/00002,1,P105524,4,77.90,SALE,22-09-2024 17:37:36,S08,20240922
S08/20240922/00002,2,P100362,1,270.89,SALE,22-09-2024 17:37:36,S08,20240922
S08/20240922/00002,3,P107589,2,266.18,SALE,22-09-2024 17:37:36,S08,20240922
S08/20240922/00002,4,P105145,2,763.65,SALE,22-09-2024 17:37:36,S08,20240922
S08/20240922/00002,5,TAX,1,151.91,TAX,22-09-2024 17:37:36,S08,20240922
S08/20240922/00002,6,TENDER,1,2794.06,TENDER,22-09-2024 17:37:36,S08,20240922
S08/20240922/00003,1,P106282,1,448.43,SALE,22-09-2024 17:50:26,S08,20240922
S08/20240922/00003,2,P101248,1,497.50,SALE,22-09-2024 17:50:26,S08,20240922
S08/20240922/00003,3,P100682,1,337.76,SALE,22-09-2024 17:50:26,S08,20240922
S08/20240922/00003,4,TAX,1,210.80,TAX,22-09-2024 17:50:26,S08,20240922
S08/20240922/00003,5,TENDER,1,1494.49,TENDER,22-09-2024 17:50:26,S08,20240922
S08/20240922/00004,1,P107667,3,367.93,SALE,22-09-2024 16:58:07,S08,20240922
S08/20240922/00004,2,P107989,1,184.95,SALE,22-09-2024 16:58:07,S08,20240922
S08/20240922/00004,3,P100767,2,277.22,SALE,22-09-2024 16:58:07,S08,20240922
S08/20240922/00004,4,P103986,2,495.05,SALE,22-09-2024 16:58:07,S08,20240922
S08/20240922/00004,5,P101825,3,183.68,SALE,22-09-2024 16:58:07,S08,20240922
S08/20240922/00004,6,TAX,1,438.05,TAX,22-09-2024 16:58:07,S08,20240922
S08/20240922/00004,7,TENDER,1,3822.37,TENDER,22-09-2024 16:58:07,S08,20240922
S08/20240922/00005,1,P106942,3,206.70,SALE,22-09-2024 17:30:51,S08,20240922
S08/20240922/00005,2,P105729,2,75.27,SALE,22-09-2024 17:30:51,S08,20240922
S08/20240922/00005,3,P100221,3,139.88,SALE,22-09-2024 17:30:51,S08,20240922
S08/20240922/00005,4,P106948,2,180.07,SALE,22-09-2024 17:30:51,S08,20240922
S08/20240922/00005,5,P105835,3,238.39,SALE,22-09-2024 17:30:51,S08,20240922
S08/20240922/00005,6,TAX,1,162.22,TAX,22-09-2024 17:30:51,S08,20240922
S08/20240922/00005,7,TENDER,1,2427.81,TENDER,22-09-2024 17:30:51,S08,20240922
S08/20240922/00006,1,P101599,2,417.76,SALE,22-09-2024 18:58:02,S08,20240922
S08/20240922/00006,2,P105294,1,126.15,SALE,22-09-2024 18:58:02,S08,20240922
S08/20240922/00006,3,P102933,1,610.87,SALE,22-09-2024 18:58:02,S08,20240922
S08/20240922/00006,4,P107477,3,116.48,SALE,22-09-2024 18:58:02,S08,20240922
S08/20240922/00006,5,P101851,1,1750.29,SALE,22-09-2024 18:58:02,S08,20240922
S08/20240922/00006,6,P102922,1,120.15,SALE,22-09-2024 18:58:02,S08,20240922
S08/20240922/00006,7,P106542,1,122.90,SALE,22-09-2024 18:58:02,S08,20240922
S08/20240922/00006,8,TAX,1,307.63,TAX,22-09-2024 18:58:02,S08,20240922
S08/20240922/00006,9,TENDER,1,4222.95,TENDER,22-09-2024 18:58:02,S08,20240922
S08/20240922/00007,1,P101515,1,58.58,SALE,22-09-2024 15:53:44,S08,20240922
S08/20240922/00007,2,P100375,2,163.45,SALE,22-09-2024 15:53:44,S08,20240922
S08/20240922/00007,3,P101982,3,366.95,SALE,22-09-2024 15:53:44,S08,20240922
S08/20240922/00007,4,P107646,1,225.19,SALE,22-09-2024 15:53:44,S08,20240922
S08/20240922/00007,5,P104831,2,1516.75,SALE,22-09-2024 15:53:44,S08,20240922
S08/20240922/00007,6,P108144,1,253.94,SALE,22-09-2024 15:53:44,S08,20240922
S08/20240922/00007,7,P101578,1,39.77,SALE,22-09-2024 15:53:44,S08,20240922
S08/20240922/00007,8,TAX,1,622.24,TAX,22-09-2024 15:53:44,S08,20240922
S08/20240922/00007,9,TENDER,1,5660.97,TENDER,22-09-2024 15:53:44,S08,20240922
S08/20240922/00008,1,P104334,1,294.34,SALE,22-09-2024 16:35:23,S08,20240922
S08/20240922/00008,2,P100627,3,440.29,SALE,22-09-2024 16:35:23,S08,20240922
S08/20240922/00008,3,P107028,1,56.60,SALE,22-09-2024 16:35:23,S08,20240922
S08/20240922/00008,4,P100543,5,123.06,SALE,22-09-2024 16:35:23,S08,20240922
S08/20240922/00008,5,P106877,1,1085.30,SALE,22-09-2024 16:35:23,S08,20240922
S08/20240922/00008,6,P106353,3,236.28,SALE,22-09-2024 16:35:23,S08,20240922
S08/20240922/00008,7,P106191,2,1230.97,SALE,22-09-2024 16:35:23,S08,20240922
S08/20240922/00008,8,P100536,2,471.52,SALE,22-09-2024 16:35:23,S08,20240922
S08/20240922/00008,9,P101023,4,213.62,SALE,22-09-2024 16:35:23,S08,20240922
S08/20240922/00008,10,P102520,2,731.86,SALE,22-09-2024 16:35:23,S08,20240922
S08/20240922/00008,11,TAX,1,504.20,TAX,22-09-2024 16:35:23,S08,20240922
S08/20240922/00008,12,TENDER,1,10308.63,TENDER,22-09-2024 16:35:23,S08,20240922
S08/20240922/00009,1,P101634,2,25.05,SALE,22-09-2024 15:33:14,S08,20240922
S08/20240922/00009,2,P101859,3,66.16,SALE,22-09-2024 15:33:14,S08,20240922
S08/20240922/00009,3,P103682,2,372.67,SALE,22-09-2024 15:33:14,S08,20240922
S08/20240922/00009,4,P100106,2,318.86,SALE,22-09-2024 15:33:14,S08,20240922
S08/20240922/00009,5,TAX,1,281.79,TAX,22-09-2024 15:33:14,S08,20240922
S08/20240922/00009,6,TENDER,1,1913.43,TENDER,22-09-2024 15:33:14,S08,20240922
S08/20240922/00010,1,P103171,1,68.42,SALE,22-09-2024 14:55:59,S08,20240922
S08/20240922/00010,2,P101547,2,66.03,SALE,22-09-2024 14:55:59,S08,20240922
S08/20240922/00010,3,P106452,2,31.15,SALE,22-09-2024 14:55:59,S08,20240922
S08/20240922/00010,4,P102054,1,142.99,SALE,22-09-2024 14:55:59,S08,20240922
S08/20240922/00010,5,TAX,1,20.29,TAX,22-09-2024 14:55:59,S08,20240922
S08/20240922/00010,6,TENDER,1,426.06,TENDER,22-09-2024 14:55:59,S08,20240922
S08/20240922/00011,1,P103416,4,73.27,SALE,22-09-2024 14:52:36,S08,20240922
S08/20240922/00011,2,P107337,2,429.21,SALE,22-09-2024 14:52:36,S08,20240922
S08/20240922/00011,3,P100172,3,205.47,SALE,22-09-2024 14:52:36,S08,20240922
S08/20240922/00011,4,TAX,1,126.50,TAX,22-09-2024 14:52:36,S08,20240922
S08/20240922/00011,5,TENDER,1,1894.41,TENDER,22-09-2024 14:52:36,S08,20240922
S08/20240922/00012,1,P105570,2,345.21,SALE,22-09-2024 18:21:17,S08,20240922
S08/20240922/00012,2,P108125,1,129.06,SALE,22-09-2024 18:21:17,S08,20240922
S08/20240922/00012,3,P102845,2,261.08,SALE,22-09-2024 18:21:17,S08,20240922
S08/20240922/00012,4,P101048,4,219.90,SALE,22-09-2024 18:21:17,S08,20240922
S08/20240922/00012,5,P100509,1,151.84,SALE,22-09-2024 18:21:17,S08,20240922
S08/20240922/00012,6,P103896,2,203.30,SALE,22-09-2024 18:21:17,S08,20240922
S08/20240922/00012,7,P104328,3,66.72,SALE,22-09-2024 18:21:17,S08,20240922
S08/20240922/00012,8,TAX,1,195.40,TAX,22-09-2024 18:21:17,S08,20240922
S08/20240922/00012,9,TENDER,1,3175.24,TENDER,22-09-2024 18:21:17,S08,20240922
S08/20240922/00013,1,P102383,2,10.62,SALE,22-09-2024 11:55:57,S08,20240922
S08/20240922/00013,2,P105236,1,552.60,SALE,22-09-2024 11:55:57,S08,20240922
S08/20240922/00013,3,P101117,2,203.24,SALE,22-09-2024 11:55:57,S08,20240922
S08/20240922/00013,4,TAX,1,70.14,TAX,22-09-2024 11:55:57,S08,20240922
S08/20240922/00013,5,TENDER,1,1050.46,TENDER,22-09-2024 11:55:57,S08,20240922
S08/20240922/00014,1,P101762,3,528.36,SALE,22-09-2024 11:46:43,S08,20240922
S08/20240922/00014,2,P106059,4,313.87,SALE,22-09-2024 11:46:43,S08,20240922
S08/20240922/00014,3,P101622,2,275.36,SALE,22-09-2024 11:46:43,S08,20240922
S08/20240922/00014,4,P102691,4,219.72,SALE,22-09-2024 11:46:43,S08,20240922
S08/20240922/00014,5,P105923,2,245.29,SALE,22-09-2024 11:46:43,S08,20240922
S08/20240922/00014,6,P106577,2,52.98,SALE,22-09-2024 11:46:43,S08,20240922
S08/20240922/00014,7,TAX,1,517.50,TAX,22-09-2024 11:46:43,S08,20240922
S08/20240922/00014,8,TENDER,1,5384.20,TENDER,22-09-2024 11:46:43,S08,20240922
S08/20240922/00015,1,P103206,3,450.05,SALE,22-09-2024 11:34:38,S08,20240922
S08/20240922/00015,2,P100479,3,342.92,SALE,22-09-2024 11:34:38,S08,20240922
S08/20240922/00015,3,P107777,3,222.77,SALE,22-09-2024 11:34:38,S08,20240922
S08/20240922/00015,4,P102549,5,139.23,SALE,22-09-2024 11:34:38,S08,20240922
S08/20240922/00015,5,P101656,2,249.80,SALE,22-09-2024 11:34:38,S08,20240922
S08/20240922/00015,6,TAX,1,426.43,TAX,22-09-2024 11:34:38,S08,20240922
S08/20240922/00015,7,TENDER,1,4669.40,TENDER,22-09-2024 11:34:38,S08,20240922
S08/20240922/00016,1,P103484,3,109.59,SALE,22-09-2024 22:17:57,S08,20240922
S08/20240922/00016,2,P100840,4,248.08,SALE,22-09-2024 22:17:57,S08,20240922
S08/20240922/00016,3,P108282,2,472.97,SALE,22-09-2024 22:17:57,S08,20240922
S08/20240922/00016,4,P104718,2,364.54,SALE,22-09-2024 22:17:57,S08,20240922
S08/20240922/00016,5,TAX,1,372.58,TAX,22-09-2024 22:17:57,S08,20240922
S08/20240922/00016,6,TENDER,1,3368.69,TENDER,22-09-2024 22:17:57,S08,20240922
S08/20240922/00017,1,P100210,2,1073.90,SALE,22-09-2024 19:29:39,S08,20240922
S08/20240922/00017,2,P108032,1,648.04,SALE,22-09-2024 19:29:39,S08,20240922
S08/20240922/00017,3,P103743,2,1117.90,SALE,22-09-2024 19:29:39,S08,20240922
S08/20240922/00017,4,P104042,2,346.95,SALE,22-09-2024 19:29:39,S08,20240922
S08/20240922/00017,5,P107308,3,226.19,SALE,22-09-2024 19:29:39,S08,20240922
S08/20240922/00017,6,P101298,1,224.87,SALE,22-09-2024 19:29:39,S08,20240922
S08/20240922/00017,7,P104733,4,667.46,SALE,22-09-2024 19:29:39,S08,20240922
S08/20240922/00017,8,TAX,1,1048.47,TAX,22-09-2024 19:29:39,S08,20240922
S08/20240922/00017,9,TENDER,1,10347.29,TENDER,22-09-2024 19:29:39,S08,20240922
S08/20240922/00018,1,P105405,2,430.78,SALE,22-09-2024 18:47:18,S08,20240922
S08/20240922/00018,2,P103234,4,128.39,SALE,22-09-2024 18:47:18,S08,20240922
S08/20240922/00018,3,P106566,1,251.68,SALE,22-09-2024 18:47:18,S08,20240922
S08/20240922/00018,4,P105583,5,179.43,SALE,22-09-2024 18:47:18,S08,20240922
S08/20240922/00018,5,P105950,1,1356.49,SALE,22-09-2024 18:47:18,S08,20240922
S08/20240922/00018,6,P104372,4,105.38,SALE,22-09-2024 18:47:18,S08,20240922
S08/20240922/00018,7,P105479,2,231.41,SALE,22-09-2024 18:47:18,S08,20240922
S08/20240922/00018,8,TAX,1,418.92,TAX,22-09-2024 18:47:18,S08,20240922
S08/20240922/00018,9,TENDER,1,5183.70,TENDER,22-09-2024 18:47:18,S08,20240922
S08/20240922/00019,1,P100731,-1,254.77,RETURN,22-09-2024 14:56:59,S08,20240922
S08/20240922/00019,2,P101258,-1,200.10,RETURN,22-09-2024 14:56:59,S08,20240922
S08/20240922/00019,3,P105021,-2,1246.70,RETURN,22-09-2024 14:56:59,S08,20240922
S08/20240922/00019,4,P102516,-4,1272.67,RETURN,22-09-2024 14:56:59,S08,20240922
S08/20240922/00019,5,TAX,1,-635.62,TAX,22-09-2024 14:56:59,S08,20240922
S08/20240922/00019,6,TENDER,1,-8674.57,TENDER,22-09-2024 14:56:59,S08,20240922
S08/20240922/00020,1,P105155,1,350.84,SALE,22-09-2024 16:42:58,S08,20240922
S08/20240922/00020,2,P101681,1,139.09,SALE,22-09-2024 16:42:58,S08,20240922
S08/20240922/00020,3,P105030,1,224.07,SALE,22-09-2024 16:42:58,S08,20240922
S08/20240922/00020,4,TAX,1,74.57,TAX,22-09-2024 16:42:58,S08,20240922
S08/20240922/00020,5,TENDER,1,788.57,TENDER,22-09-2024 16:42:58,S08,20240922
S08/20240922/00021,1,P108131,1,619.79,SALE,22-09-2024 15:20:57,S08,20240922
S08/20240922/00021,2,P106207,2,459.95,SALE,22-09-2024 15:20:57,S08,20240922
S08/20240922/00021,3,P102305,2,116.95,SALE,22-09-2024 15:20:57,S08,20240922
S08/20240922/00021,4,P101669,4,53.28,SALE,22-09-2024 15:20:57,S08,20240922
S08/20240922/00021,5,P108216,3,69.70,SALE,22-09-2024 15:20:57,S08,20240922
S08/20240922/00021,6,DISC,1,-234.54,DISCOUNT,22-09-2024 15:20:57,S08,20240922
S08/20240922/00021,7,TAX,1,219.50,TAX,22-09-2024 15:20:57,S08,20240922
S08/20240922/00021,8,TENDER,1,2180.77,TENDER,22-09-2024 15:20:57,S08,20240922
S08/20240922/00022,1,P100403,2,71.73,SALE,22-09-2024 07:48:31,S08,20240922
S08/20240922/00022,2,P100421,5,121.56,SALE,22-09-2024 07:48:31,S08,20240922
S08/20240922/00022,3,P106004,3,137.38,SALE,22-09-2024 07:48:31,S08,20240922
S08/20240922/00022,4,P104487,2,388.90,SALE,22-09-2024 07:48:31,S08,20240922
S08/20240922/00022,5,TAX,1,131.16,TAX,22-09-2024 07:48:31,S08,20240922
S08/20240922/00022,6,TENDER,1,2072.36,TENDER,22-09-2024 07:48:31,S08,20240922
S08/20240922/00023,1,P105400,2,53.13,SALE,22-09-2024 12:19:54,S08,20240922
S08/20240922/00023,2,P104921,2,421.02,SALE,22-09-2024 12:19:54,S08,20240922
S08/20240922/00023,3,P106989,3,26.75,SALE,22-09-2024 12:19:54,S08,20240922
S08/20240922/00023,4,P102324,1,194.59,SALE,22-09-2024 12:19:54,S08,20240922
S08/20240922/00023,5,P101697,2,102.34,SALE,22-09-2024 12:19:54,S08,20240922
S08/20240922/00023,6,P104401,3,207.51,SALE,22-09-2024 12:19:54,S08,20240922
S08/20240922/00023,7,TAX,1,269.57,TAX,22-09-2024 12:19:54,S08,20240922
S08/20240922/00023,8,TENDER,1,2319.92,TENDER,22-09-2024 12:19:54,S08,20240922
S08/20240922/00024,1,P101489,2,493.95,SALE,22-09-2024 22:29:39,S08,20240922
S08/20240922/00024,2,P101923,2,484.95,SALE,22-09-2024 22:29:39,S08,20240922
S08/20240922/00024,3,P105252,2,11.87,SALE,22-09-2024 22:29:39,S08,20240922
S08/20240922/00024,4,P106651,2,855.95,SALE,22-09-2024 22:29:39,S08,20240922
S08/20240922/00024,5,P105369,3,135.84,SALE,22-09-2024 22:29:39,S08,20240922
S08/20240922/00024,6,TAX,1,252.21,TAX,22-09-2024 22:29:39,S08,20240922
S08/20240922/00024,7,TENDER,1,4353.17,TENDER,22-09-2024 22:29:39,S08,20240922
S08/20240922/00025,1,P103843,3,660.15,SALE,22-09-2024 08:58:59,S08,20240922
S08/20240922/00025,2,P104587,2,252.25,SALE,22-09-2024 08:58:59,S08,20240922
S08/20240922/00025,3,P107327,3,1138.42,SALE,22-09-2024 08:58:59,S08,20240922
S08/20240922/00025,4,P103202,1,295.26,SALE,22-09-2024 08:58:59,S08,20240922
S08/20240922/00025,5,TAX,1,417.14,TAX,22-09-2024 08:58:59,S08,20240922
S08/20240922/00025,6,TENDER,1,6612.61,TENDER,22-09-2024 08:58:59,S08,20240922
S08/20240922/00026,1,P104202,3,153.74,SALE,22-09-2024 18:23:34,S08,20240922
S08/20240922/00026,2,P104784,2,370.89,SALE,22-09-2024 18:23:34,S08,20240922
S08/20240922/00026,3,P107115,2,172.62,SALE,22-09-2024 18:23:34,S08,20240922
S08/20240922/00026,4,P107662,1,330.01,SALE,22-09-2024 18:23:34,S08,20240922
S08/20240922/00026,5,P101311,4,481.74,SALE,22-09-2024 18:23:34,S08,20240922
S08/20240922/00026,6,DISC,1,-81.62,DISCOUNT,22-09-2024 18:23:34,S08,20240922
S08/20240922/00026,7,TAX,1,256.41,TAX,22-09-2024 18:23:34,S08,20240922
S08/20240922/00026,8,TENDER,1,3980.00,TENDER,22-09-2024 18:23:34,S08,20240922
S08/20240922/00027,1,P101419,1,195.72,SALE,22-09-2024 11:27:28,S08,20240922
S08/20240922/00027,2,P102534,2,98.12,SALE,22-09-2024 11:27:28,S08,20240922
S08/20240922/00027,3,TAX,1,58.81,TAX,22-09-2024 11:27:28,S08,20240922
S08/20240922/00027,4,TENDER,1,450.77,TENDER,22-09-2024 11:27:28,S08,20240922
S08/20240922/00028,1,P103159,-2,1193.28,RETURN,22-09-2024 17:49:49,S08,20240922
S08/20240922/00028,2,P107278,-2,55.18,RETURN,22-09-2024 17:49:49,S08,20240922
S08/20240922/00028,3,P105425,-2,153.55,RETURN,22-09-2024 17:49:49,S08,20240922
S08/20240922/00028,4,P106353,-1,236.28,RETURN,22-09-2024 17:49:49,S08,20240922
S08/20240922/00028,5,TAX,1,-71.13,TAX,22-09-2024 17:49:49,S08,20240922
S08/20240922/00028,6,TENDER,1,-3111.43,TENDER,22-09-2024 17:49:49,S08,20240922
S08/20240922/00029,1,P103316,3,1774.02,SALE,22-09-2024 11:26:00,S08,20240922
S08/20240922/00029,2,P102768,4,158.73,SALE,22-09-2024 11:26:00,S08,20240922
S08/20240922/00029,3,P103054,2,136.33,SALE,22-09-2024 11:26:00,S08,20240922
S08/20240922/00029,4,P101634,1,25.05,SALE,22-09-2024 11:26:00,S08,20240922
S08/20240922/00029,5,TAX,1,757.44,TAX,22-09-2024 11:26:00,S08,20240922
S08/20240922/00029,6,TENDER,1,7012.13,TENDER,22-09-2024 11:26:00,S08,20240922
S08/20240922/00030,1,P107799,3,751.07,SALE,22-09-2024 15:51:58,S08,20240922
S08/20240922/00030,2,P100819,3,1203.94,SALE,22-09-2024 15:51:58,S08,20240922
S08/20240922/00030,3,P102656,3,194.33,SALE,22-09-2024 15:51:58,S08,20240922
S08/20240922/00030,4,P108118,2,66.05,SALE,22-09-2024 15:51:58,S08,20240922
S08/20240922/00030,5,P101218,2,61.39,SALE,22-09-2024 15:51:58,S08,20240922
S08/20240922/00030,6,P103416,2,73.27,SALE,22-09-2024 15:51:58,S08,20240922
S08/20240922/00030,7,TAX,1,196.89,TAX,22-09-2024 15:51:58,S08,20240922
S08/20240922/00030,8,TENDER,1,7046.33,TENDER,22-09-2024 15:51:58,S08,20240922
S08/20240922/00031,1,P101570,1,288.76,SALE,22-09-2024 17:17:42,S08,20240922
S08/20240922/00031,2,P107435,2,549.51,SALE,22-09-2024 17:17:42,S08,20240922
S08/20240922/00031,3,P100198,1,156.66,SALE,22-09-2024 17:17:42,S08,20240922
S08/20240922/00031,4,P102636,1,114.77,SALE,22-09-2024 17:17:42,S08,20240922
S08/20240922/00031,5,TAX,1,246.05,TAX,22-09-2024 17:17:42,S08,20240922
S08/20240922/00031,6,TENDER,1,1905.26,TENDER,22-09-2024 17:17:42,S08,20240922
S08/20240922/00032,1,P104512,1,94.53,SALE,22-09-2024 16:40:08,S08,20240922
S08/20240922/00032,2,P101090,4,24.06,SALE,22-09-2024 16:40:08,S08,20240922
S08/20240922/00032,3,P104219,3,249.74,SALE,22-09-2024 16:40:08,S08,20240922
S08/20240922/00032,4,P105997,5,109.75,SALE,22-09-2024 16:40:08,S08,20240922
S08/20240922/00032,5,DISC,1,-92.69,DISCOUNT,22-09-2024 16:40:08,S08,20240922
S08/20240922/00032,6,TAX,1,130.71,TAX,22-09-2024 16:40:08,S08,20240922
S08/20240922/00032,7,TENDER,1,1526.76,TENDER,22-09-2024 16:40:08,S08,20240922
S08/20240922/00033,1,P104858,2,331.88,SALE,22-09-2024 19:05:30,S08,20240922
S08/20240922/00033,2,P106130,1,1331.09,SALE,22-09-2024 19:05:30,S08,20240922
S08/20240922/00033,3,P105260,3,68.98,SALE,22-09-2024 19:05:30,S08,20240922
S08/20240922/00033,4,TAX,1,104.48,TAX,22-09-2024 19:05:30,S08,20240922
S08/20240922/00033,5,TENDER,1,2306.27,TENDER,22-09-2024 19:05:30,S08,20240922
S08/20240922/00034,1,P102129,3,252.76,SALE,22-09-2024 18:40:45,S08,20240922
S08/20240922/00034,2,P105547,1,431.77,SALE,22-09-2024 18:40:45,S08,20240922
S08/20240922/00034,3,P102409,3,326.59,SALE,22-09-2024 18:40:45,S08,20240922
S08/20240922/00034,4,TAX,1,266.09,TAX,22-09-2024 18:40:45,S08,20240922
S08/20240922/00034,5,TENDER,1,2435.91,TENDER,22-09-2024 18:40:45,S08,20240922
S08/20240922/00035,1,P105890,1,1196.88,SALE,22-09-2024 13:27:59,S08,20240922
S08/20240922/00035,2,P102383,2,10.62,SALE,22-09-2024 13:27:59,S08,20240922
S08/20240922/00035,3,P102845,1,261.08,SALE,22-09-2024 13:27:59,S08,20240922
S08/20240922/00035,4,P104858,3,331.88,SALE,22-09-2024 13:27:59,S08,20240922
S08/20240922/00035,5,TAX,1,196.20,TAX,22-09-2024 13:27:59,S08,20240922
S08/20240922/00035,6,TENDER,1,2671.04,TENDER,22-09-2024 13:27:59,S08,20240922
S08/20240922/00036,1,P106486,1,1786.00,SALE,22-09-2024 22:20:32,S08,20240922
S08/20240922/00036,2,P106773,4,397.71,SALE,22-09-2024 22:20:32,S08,20240922
S08/20240922/00036,3,P107182,4,112.81,SALE,22-09-2024 22:20:32,S08,20240922
S08/20240922/00036,4,P101106,3,542.84,SALE,22-09-2024 22:20:32,S08,20240922
S08/20240922/00036,5,P104320,3,159.74,SALE,22-09-2024 22:20:32,S08,20240922
S08/20240922/00036,6,P105479,4,231.41,SALE,22-09-2024 22:20:32,S08,20240922
S08/20240922/00036,7,P104358,2,1243.57,SALE,22-09-2024 22:20:32,S08,20240922
S08/20240922/00036,8,P101660,2,193.14,SALE,22-09-2024 22:20:32,S08,20240922
S08/20240922/00036,9,TAX,1,1092.17,TAX,22-09-2024 22:20:32,S08,20240922
S08/20240922/00036,10,TENDER,1,10827.05,TENDER,22-09-2024 22:20:32,S08,20240922
S08/20240922/00037,1,P107301,1,945.94,SALE,22-09-2024 19:24:35,S08,20240922
S08/20240922/00037,2,P101127,2,45.95,SALE,22-09-2024 19:24:35,S08,20240922
S08/20240922/00037,3,P100711,2,101.23,SALE,22-09-2024 19:24:35,S08,20240922
S08/20240922/00037,4,TAX,1,36.44,TAX,22-09-2024 19:24:35,S08,20240922
S08/20240922/00037,5,TENDER,1,1276.74,TENDER,22-09-2024 19:24:35,S08,20240922
S08/20240922/00038,1,P106877,4,1085.30,SALE,22-09-2024 18:24:15,S08,20240922
S08/20240922/00038,2,P103435,5,443.24,SALE,22-09-2024 18:24:15,S08,20240922
S08/20240922/00038,3,P105042,3,66.53,SALE,22-09-2024 18:24:15,S08,20240922
S08/20240922/00038,4,P102272,4,389.34,SALE,22-09-2024 18:24:15,S08,20240922
S08/20240922/00038,5,P100904,2,68.79,SALE,22-09-2024 18:24:15,S08,20240922
S08/20240922/00038,6,P101722,1,1331.86,SALE,22-09-2024 18:24:15,S08,20240922
S08/20240922/00038,7,P107089,2,208.86,SALE,22-09-2024 18:24:15,S08,20240922
S08/20240922/00038,8,TAX,1,733.97,TAX,22-09-2024 18:24:15,S08,20240922
S08/20240922/00038,9,TENDER,1,10935.48,TENDER,22-09-2024 18:24:15,S08,20240922
S08/20240922/00039,1,P104023,1,630.48,SALE,22-09-2024 09:03:01,S08,20240922
S08/20240922/00039,2,P108239,2,256.06,SALE,22-09-2024 09:03:01,S08,20240922
S08/20240922/00039,3,TAX,1,123.71,TAX,22-09-2024 09:03:01,S08,20240922
S08/20240922/00039,4,TENDER,1,1266.31,TENDER,22-09-2024 09:03:01,S08,20240922
S08/20240922/00040,1,P108125,1,129.06,SALE,22-09-2024 14:23:21,S08,20240922
S08/20240922/00040,2,P108239,2,256.06,SALE,22-09-2024 14:23:21,S08,20240922
S08/20240922/00040,3,P102963,1,415.64,SALE,22-09-2024 14:23:21,S08,20240922
S08/20240922/00040,4,P106989,6,26.75,SALE,22-09-2024 14:23:21,S08,20240922
S08/20240922/00040,5,P100803,2,278.56,SALE,22-09-2024 14:23:21,S08,20240922
S08/20240922/00040,6,P102502,2,366.79,SALE,22-09-2024 14:23:21,S08,20240922
S08/20240922/00040,7,P104992,1,979.87,SALE,22-09-2024 14:23:21,S08,20240922
S08/20240922/00040,8,TAX,1,355.79,TAX,22-09-2024 14:23:21,S08,20240922
S08/20240922/00040,9,TENDER,1,3843.68,TENDER,22-09-2024 14:23:21,S08,20240922
S08/20240922/00041,1,P101722,2,1331.86,SALE,22-09-2024 18:38:49,S08,20240922
S08/20240922/00041,2,P101117,3,203.24,SALE,22-09-2024 18:38:49,S08,20240922
S08/20240922/00041,3,P106975,2,143.78,SALE,22-09-2024 18:38:49,S08,20240922
S08/20240922/00041,4,P108262,1,592.59,SALE,22-09-2024 18:38:49,S08,20240922
S08/20240922/00041,5,P100183,1,1493.10,SALE,22-09-2024 18:38:49,S08,20240922
S08/20240922/00041,6,P104606,3,96.01,SALE,22-09-2024 18:38:49,S08,20240922
S08/20240922/00041,7,P103364,1,114.95,SALE,22-09-2024 18:38:49,S08,20240922
S08/20240922/00041,8,P106221,2,31.65,SALE,22-09-2024 18:38:49,S08,20240922
S08/20240922/00041,9,TAX,1,516.74,TAX,22-09-2024 18:38:49,S08,20240922
S08/20240922/00041,10,TENDER,1,6629.71,TENDER,22-09-2024 18:38:49,S08,20240922
S08/20240922/00042,1,P105944,2,985.47,SALE,22-09-2024 15:09:28,S08,20240922
S08/20240922/00042,2,P106443,1,52.87,SALE,22-09-2024 15:09:28,S08,20240922
S08/20240922/00042,3,P107695,2,271.01,SALE,22-09-2024 15:09:28,S08,20240922
S08/20240922/00042,4,P107899,2,197.21,SALE,22-09-2024 15:09:28,S08,20240922
S08/20240922/00042,5,P100855,1,345.07,SALE,22-09-2024 15:09:28,S08,20240922
S08/20240922/00042,6,P104478,1,18.27,SALE,22-09-2024 15:09:28,S08,20240922
S08/20240922/00042,7,P105272,3,351.65,SALE,22-09-2024 15:09:28,S08,20240922
S08/20240922/00042,8,P103661,3,125.81,SALE,22-09-2024 15:09:28,S08,20240922
S08/20240922/00042,9,TAX,1,616.37,TAX,22-09-2024 15:09:28,S08,20240922
S08/20240922/00042,10,TENDER,1,5372.34,TENDER,22-09-2024 15:09:28,S08,20240922
S08/20240922/00043,1,P102243,2,133.95,SALE,22-09-2024 15:54:32,S08,20240922
S08/20240922/00043,2,P106415,4,911.99,SALE,22-09-2024 15:54:32,S08,20240922
S08/20240922/00043,3,P108200,1,336.95,SALE,22-09-2024 15:54:32,S08,20240922
S08/20240922/00043,4,P108338,1,218.68,SALE,22-09-2024 15:54:32,S08,20240922
S08/20240922/00043,5,TAX,1,530.95,TAX,22-09-2024 15:54:32,S08,20240922
S08/20240922/00043,6,TENDER,1,5002.44,TENDER,22-09-2024 15:54:32,S08,20240922
S08/20240923/00001,1,P103950,1,1283.54,SALE,23-09-2024 20:53:01,S08,20240923
S08/20240923/00001,2,P103328,2,236.27,SALE,23-09-2024 20:53:01,S08,20240923
S08/20240923/00001,3,TAX,1,149.23,TAX,23-09-2024 20:53:01,S08,20240923
S08/20240923/00001,4,TENDER,1,1905.31,TENDER,23-09-2024 20:53:01,S08,20240923
S08/20240923/00002,1,P103382,2,208.25,SALE,23-09-2024 15:52:59,S08,20240923
S08/20240923/00002,2,P106084,2,592.14,SALE,23-09-2024 15:52:59,S08,20240923
S08/20240923/00002,3,P101570,3,288.76,SALE,23-09-2024 15:52:59,S08,20240923
S08/20240923/00002,4,P100974,1,41.35,SALE,23-09-2024 15:52:59,S08,20240923
S08/20240923/00002,5,P102006,1,1553.68,SALE,23-09-2024 15:52:59,S08,20240923
S08/20240923/00002,6,P105603,3,202.29,SALE,23-09-2024 15:52:59,S08,20240923
S08/20240923/00002,7,TAX,1,295.30,TAX,23-09-2024 15:52:59,S08,20240923
S08/20240923/00002,8,TENDER,1,4964.26,TENDER,23-09-2024 15:52:59,S08,20240923
S08/20240923/00003,1,P102546,5,74.67,SALE,23-09-2024 12:36:23,S08,20240923
S08/20240923/00003,2,P106592,1,815.90,SALE,23-09-2024 12:36:23,S08,20240923
S08/20240923/00003,3,P106639,2,415.94,SALE,23-09-2024 12:36:23,S08,20240923
S08/20240923/00003,4,P106671,2,99.01,SALE,23-09-2024 12:36:23,S08,20240923
S08/20240923/00003,5,P102569,1,116.37,SALE,23-09-2024 12:36:23,S08,20240923
S08/20240923/00003,6,TAX,1,231.69,TAX,23-09-2024 12:36:23,S08,20240923
S08/20240923/00003,7,TENDER,1,2567.21,TENDER,23-09-2024 12:36:23,S08,20240923
S08/20240923/00004,1,P100453,2,207.31,SALE,23-09-2024 15:37:34,S08,20240923
S08/20240923/00004,2,P107197,3,669.72,SALE,23-09-2024 15:37:34,S08,20240923
S08/20240923/00004,3,P103424,2,295.58,SALE,23-09-2024 15:37:34,S08,20240923
S08/20240923/00004,4,P106703,1,76.83,SALE,23-09-2024 15:37:34,S08,20240923
S08/20240923/00004,5,P103760,1,104.16,SALE,23-09-2024 15:37:34,S08,20240923
S08/20240923/00004,6,P101660,2,193.14,SALE,23-09-2024 15:37:34,S08,20240923
S08/20240923/00004,7,P106158,2,482.20,SALE,23-09-2024 15:37:34,S08,20240923
S08/20240923/00004,8,P105890,4,1196.88,SALE,23-09-2024 15:37:34,S08,20240923
S08/20240923/00004,9,P106391,2,795.61,SALE,23-09-2024 15:37:34,S08,20240923
S08/20240923/00004,10,TAX,1,891.40,TAX,23-09-2024 15:37:34,S08,20240923
S08/20240923/00004,11,TENDER,1,11816.75,TENDER,23-09-2024 15:37:34,S08,20240923
S08/20240923/00005,1,P108135,3,539.95,SALE,23-09-2024 16:20:02,S08,20240923
S08/20240923/00005,2,P104802,3,194.24,SALE,23-09-2024 16:20:02,S08,20240923
S08/20240923/00005,3,P106648,1,339.01,SALE,23-09-2024 16:20:02,S08,20240923
S08/20240923/00005,4,P107880,2,347.04,SALE,23-09-2024 16:20:02,S08,20240923
S08/20240923/00005,5,TAX,1,156.54,TAX,23-09-2024 16:20:02,S08,20240923
S08/20240923/00005,6,TENDER,1,3392.20,TENDER,23-09-2024 16:20:02,S08,20240923
S08/20240923/00006,1,P103743,2,1117.90,SALE,23-09-2024 10:29:29,S08,20240923
S08/20240923/00006,2,P105187,2,1046.11,SALE,23-09-2024 10:29:29,S08,20240923
S08/20240923/00006,3,P101384,2,42.99,SALE,23-09-2024 10:29:29,S08,20240923
S08/20240923/00006,4,P103654,1,481.76,SALE,23-09-2024 10:29:29,S08,20240923
S08/20240923/00006,5,P100033,2,828.62,SALE,23-09-2024 10:29:29,S08,20240923
S08/20240923/00006,6,P103348,1,485.60,SALE,23-09-2024 10:29:29,S08,20240923
S08/20240923/00006,7,TAX,1,135.53,TAX,23-09-2024 10:29:29,S08,20240923
S08/20240923/00006,8,TENDER,1,7174.13,TENDER,23-09-2024 10:29:29,S08,20240923
S08/20240923/00007,1,P104302,2,1255.97,SALE,23-09-2024 16:49:58,S08,20240923
S08/20240923/00007,2,P101813,3,273.64,SALE,23-09-2024 16:49:58,S08,20240923
S08/20240923/00007,3,P106720,1,126.28,SALE,23-09-2024 16:49:58,S08,20240923
S08/20240923/00007,4,P105707,2,130.64,SALE,23-09-2024 16:49:58,S08,20240923
S08/20240923/00007,5,P107815,3,106.85,SALE,23-09-2024 16:49:58,S08,20240923
S08/20240923/00007,6,P108272,2,121.99,SALE,23-09-2024 16:49:58,S08,20240923
S08/20240923/00007,7,TAX,1,423.26,TAX,23-09-2024 16:49:58,S08,20240923
S08/20240923/00007,8,TENDER,1,4708.21,TENDER,23-09-2024 16:49:58,S08,20240923
S08/20240923/00008,1,P102993,1,299.71,SALE,23-09-2024 15:34:39,S08,20240923
S08/20240923/00008,2,P102534,3,98.12,SALE,23-09-2024 15:34:39,S08,20240923
S08/20240923/00008,3,P101656,3,262.95,SALE,23-09-2024 15:34:39,S08,20240923
S08/20240923/00008,4,P105127,3,65.49,SALE,23-09-2024 15:34:39,S08,20240923
S08/20240923/00008,5,P103382,1,196.46,SALE,23-09-2024 15:34:39,S08,20240923
S08/20240923/00008,6,DISC,1,-60.90,DISCOUNT,23-09-2024 15:34:39,S08,20240923
S08/20240923/00008,7,TAX,1,176.03,TAX,23-09-2024 15:34:39,S08,20240923
S08/20240923/00008,8,TENDER,1,1890.98,TENDER,23-09-2024 15:34:39,S08,20240923
S08/20240923/00009,1,P107253,1,241.31,SALE,24-09-2024 00:01:51,S08,20240923
S08/20240923/00009,2,P106958,4,125.66,SALE,24-09-2024 00:01:51,S08,20240923
S08/20240923/00009,3,P104572,3,182.16,SALE,24-09-2024 00:01:51,S08,20240923
S08/20240923/00009,4,P105819,1,66.64,SALE,24-09-2024 00:01:51,S08,20240923
S08/20240923/00009,5,P104251,2,79.68,SALE,24-09-2024 00:01:51,S08,20240923
S08/20240923/00009,6,P101393,2,36.64,SALE,24-09-2024 00:01:51,S08,20240923
S08/20240923/00009,7,P101492,3,113.44,SALE,24-09-2024 00:01:51,S08,20240923
S08/20240923/00009,8,TAX,1,223.40,TAX,24-09-2024 00:01:51,S08,20240923
S08/20240923/00009,9,TENDER,1,2153.43,TENDER,24-09-2024 00:01:51,S08,20240923
S08/20240923/00010,1,P106550,1,29.54,SALE,23-09-2024 10:09:01,S08,20240923
S08/20240923/00010,2,P104351,3,1128.29,SALE,23-09-2024 10:09:01,S08,20240923
S08/20240923/00010,3,P104446,5,56.83,SALE,23-09-2024 10:09:01,S08,20240923
S08/20240923/00010,4,P106900,2,179.85,SALE,23-09-2024 10:09:01,S08,20240923
S08/20240923/00010,5,TAX,1,243.69,TAX,23-09-2024 10:09:01,S08,20240923
S08/20240923/00010,6,TENDER,1,4301.95,TENDER,23-09-2024 10:09:01,S08,20240923
S08/20240923/00011,1,P106035,3,96.54,SALE,23-09-2024 15:19:53,S08,20240923
S08/20240923/00011,2,P100438,2,66.55,SALE,23-09-2024 15:19:53,S08,20240923
S08/20240923/00011,3,P105294,1,126.15,SALE,23-09-2024 15:19:53,S08,20240923
S08/20240923/00011,4,P106965,2,89.01,SALE,23-09-2024 15:19:53,S08,20240923
S08/20240923/00011,5,P104266,1,412.47,SALE,23-09-2024 15:19:53,S08,20240923
S08/20240923/00011,6,DISC,1,-31.77,DISCOUNT,23-09-2024 15:19:53,S08,20240923
S08/20240923/00011,7,TAX,1,160.05,TAX,23-09-2024 15:19:53,S08,20240923
S08/20240923/00011,8,TENDER,1,1267.64,TENDER,23-09-2024 15:19:53,S08,20240923
S08/20240923/00012,1,P103035,2,1201.33,SALE,23-09-2024 10:41:05,S08,20240923
S08/20240923/00012,2,P101722,3,1331.86,SALE,23-09-2024 10:41:05,S08,20240923
S08/20240923/00012,3,P100593,2,32.38,SALE,23-09-2024 10:41:05,S08,20240923
S08/20240923/00012,4,DISC,1,-338.78,DISCOUNT,23-09-2024 10:41:05,S08,20240923
S08/20240923/00012,5,TAX,1,306.21,TAX,23-09-2024 10:41:05,S08,20240923
S08/20240923/00012,6,TENDER,1,6430.43,TENDER,23-09-2024 10:41:05,S08,20240923
S08/20240923/00013,1,P100771,2,820.85,SALE,23-09-2024 15:48:04,S08,20240923
S08/20240923/00013,2,P100754,3,91.60,SALE,23-09-2024 15:48:04,S08,20240923
S08/20240923/00013,3,P102516,3,1272.67,SALE,23-09-2024 15:48:04,S08,20240923
S08/20240923/00013,4,P103843,3,660.15,SALE,23-09-2024 15:48:04,S08,20240923
S08/20240923/00013,5,DISC,1,-390.26,DISCOUNT,23-09-2024 15:48:04,S08,20240923
S08/20240923/00013,6,TAX,1,719.78,TAX,23-09-2024 15:48:04,S08,20240923
S08/20240923/00013,7,TENDER,1,8044.48,TENDER,23-09-2024 15:48:04,S08,20240923
S08/20240923/00014,1,P107026,3,69.10,SALE,23-09-2024 16:41:36,S08,20240923
S08/20240923/00014,2,P106130,2,1331.09,SALE,23-09-2024 16:41:36,S08,20240923
S08/20240923/00014,3,P104462,1,86.38,SALE,23-09-2024 16:41:36,S08,20240923
S08/20240923/00014,4,TAX,1,41.63,TAX,23-09-2024 16:41:36,S08,20240923
S08/20240923/00014,5,TENDER,1,2997.49,TENDER,23-09-2024 16:41:36,S08,20240923
S08/20240923/00015,1,P106920,2,1398.34,SALE,23-09-2024 20:39:45,S08,20240923
S08/20240923/00015,2,P107110,3,77.73,SALE,23-09-2024 20:39:45,S08,20240923
S08/20240923/00015,3,P102998,2,155.65,SALE,23-09-2024 20:39:45,S08,20240923
S08/20240923/00015,4,TAX,1,98.01,TAX,23-09-2024 20:39:45,S08,20240923
S08/20240923/00015,5,TENDER,1,3439.18,TENDER,23-09-2024 20:39:45,S08,20240923
S08/20240923/00016,1,P103348,2,485.60,SALE,23-09-2024 13:41:40,S08,20240923
S08/20240923/00016,2,P101083,2,349.65,SALE,23-09-2024 13:41:40,S08,20240923
S08/20240923/00016,3,P103449,1,381.08,SALE,23-09-2024 13:41:40,S08,20240923
S08/20240923/00016,4,P108131,2,619.79,SALE,23-09-2024 13:41:40,S08,20240923
S08/20240923/00016,5,P104358,1,1243.57,SALE,23-09-2024 13:41:40,S08,20240923
S08/20240923/00016,6,P102755,1,75.17,SALE,23-09-2024 13:41:40,S08,20240923
S08/20240923/00016,7,TAX,1,408.45,TAX,23-09-2024 13:41:40,S08,20240923
S08/20240923/00016,8,TENDER,1,5018.35,TENDER,23-09-2024 13:41:40,S08,20240923
S08/20240923/00017,1,P107282,1,1308.12,SALE,23-09-2024 10:57:28,S08,20240923
S08/20240923/00017,2,P104168,2,512.27,SALE,23-09-2024 10:57:28,S08,20240923
S08/20240923/00017,3,P108076,3,144.05,SALE,23-09-2024 10:57:28,S08,20240923
S08/20240923/00017,4,P103144,2,145.27,SALE,23-09-2024 10:57:28,S08,20240923
S08/20240923/00017,5,DISC,1,-211.39,DISCOUNT,23-09-2024 10:57:28,S08,20240923
S08/20240923/00017,6,TAX,1,133.61,TAX,23-09-2024 10:57:28,S08,20240923
S08/20240923/00017,7,TENDER,1,2977.57,TENDER,23-09-2024 10:57:28,S08,20240923
S08/20240923/00018,1,P103178,2,21.21,SALE,23-09-2024 15:16:57,S08,20240923
S08/20240923/00018,2,P106900,3,179.85,SALE,23-09-2024 15:16:57,S08,20240923
S08/20240923/00018,3,P106948,2,180.07,SALE,23-09-2024 15:16:57,S08,20240923
S08/20240923/00018,4,TAX,1,52.62,TAX,23-09-2024 15:16:57,S08,20240923
S08/20240923/00018,5,TENDER,1,994.73,TENDER,23-09-2024 15:16:57,S08,20240923
S08/20240923/00019,1,P106553,1,139.74,SALE,23-09-2024 11:08:01,S08,20240923
S08/20240923/00019,2,P100221,3,139.88,SALE,23-09-2024 11:08:01,S08,20240923
S08/20240923/00019,3,P104944,1,54.97,SALE,23-09-2024 11:08:01,S08,20240923
S08/20240923/00019,4,P100593,1,32.38,SALE,23-09-2024 11:08:01,S08,20240923
S08/20240923/00019,5,P107217,2,293.45,SALE,23-09-2024 11:08:01,S08,20240923
S08/20240923/00019,6,TAX,1,157.45,TAX,23-09-2024 11:08:01,S08,20240923
S08/20240923/00019,7,TENDER,1,1391.08,TENDER,23-09-2024 11:08:01,S08,20240923
S08/20240923/00020,1,P107110,1,77.73,SALE,23-09-2024 19:57:27,S08,20240923
S08/20240923/00020,2,P106490,1,671.88,SALE,23-09-2024 19:57:27,S08,20240923
S08/20240923/00020,3,P108338,2,218.68,SALE,23-09-2024 19:57:27,S08,20240923
S08/20240923/00020,4,P105219,3,701.93,SALE,23-09-2024 19:57:27,S08,20240923
S08/20240923/00020,5,P107667,3,367.93,SALE,23-09-2024 19:57:27,S08,20240923
S08/20240923/00020,6,P102346,3,89.47,SALE,23-09-2024 19:57:27,S08,20240923
S08/20240923/00020,7,DISC,1,-268.15,DISCOUNT,23-09-2024 19:57:27,S08,20240923
S08/20240923/00020,8,TAX,1,599.84,TAX,23-09-2024 19:57:27,S08,20240923
S08/20240923/00020,9,TENDER,1,4996.65,TENDER,23-09-2024 19:57:27,S08,20240923
S08/20240923/00021,1,P104026,1,152.97,SALE,23-09-2024 10:35:00,S08,20240923
S08/20240923/00021,2,P106310,4,462.03,SALE,23-09-2024 10:35:00,S08,20240923
S08/20240923/00021,3,P100135,4,72.29,SALE,23-09-2024 10:35:00,S08,20240923
S08/20240923/00021,4,P105666,1,1064.29,SALE,23-09-2024 10:35:00,S08,20240923
S08/20240923/00021,5,TAX,1,354.77,TAX,23-09-2024 10:35:00,S08,20240923
S08/20240923/00021,6,TENDER,1,3709.31,TENDER,23-09-2024 10:35:00,S08,20240923
S08/20240923/00022,1,P107217,1,293.45,SALE,23-09-2024 16:42:13,S08,20240923
S08/20240923/00022,2,P103022,2,47.95,SALE,23-09-2024 16:42:13,S08,20240923
S08/20240923/00022,3,TAX,1,46.72,TAX,23-09-2024 16:42:13,S08,20240923
S08/20240923/00022,4,TENDER,1,436.07,TENDER,23-09-2024 16:42:13,S08,20240923
S08/20240924/00001,1,P102035,2,493.95,SALE,24-09-2024 16:04:44,S08,20240924
S08/20240924/00001,2,P107197,1,669.72,SALE,24-09-2024 16:04:44,S08,20240924
S08/20240924/00001,3,P105400,3,53.13,SALE,24-09-2024 16:04:44,S08,20240924
S08/20240924/00001,4,P106490,3,671.88,SALE,24-09-2024 16:04:44,S08,20240924
S08/20240924/00001,5,P102945,2,47.76,SALE,24-09-2024 16:04:44,S08,20240924
S08/20240924/00001,6,P102000,4,82.98,SALE,24-09-2024 16:04:44,S08,20240924
S08/20240924/00001,7,TAX,1,275.57,TAX,24-09-2024 16:04:44,S08,20240924
S08/20240924/00001,8,TENDER,1,4535.66,TENDER,24-09-2024 16:04:44,S08,20240924
S08/20240924/00002,1,P100933,1,276.15,SALE,24-09-2024 18:45:55,S08,20240924
S08/20240924/00002,2,P102324,3,194.59,SALE,24-09-2024 18:45:55,S08,20240924
S08/20240924/00002,3,P102682,2,95.00,SALE,24-09-2024 18:45:55,S08,20240924
S08/20240924/00002,4,P103882,4,269.95,SALE,24-09-2024 18:45:55,S08,20240924
S08/20240924/00002,5,P102779,1,25.62,SALE,24-09-2024 18:45:55,S08,20240924
S08/20240924/00002,6,P107890,1,133.07,SALE,24-09-2024 18:45:55,S08,20240924
S08/20240924/00002,7,P102193,4,343.13,SALE,24-09-2024 18:45:55,S08,20240924
S08/20240924/00002,8,P102933,3,610.87,SALE,24-09-2024 18:45:55,S08,20240924
S08/20240924/00002,9,P107337,3,429.21,SALE,24-09-2024 18:45:55,S08,20240924
S08/20240924/00002,10,TAX,1,823.84,TAX,24-09-2024 18:45:55,S08,20240924
S08/20240924/00002,11,TENDER,1,7605.01,TENDER,24-09-2024 18:45:55,S08,20240924
S08/20240924/00003,1,P102103,2,400.89,SALE,24-09-2024 11:37:58,S08,20240924
S08/20240924/00003,2,P103029,3,11.28,SALE,24-09-2024 11:37:58,S08,20240924
S08/20240924/00003,3,P104226,3,303.01,SALE,24-09-2024 11:37:58,S08,20240924
S08/20240924/00003,4,P102794,3,416.24,SALE,24-09-2024 11:37:58,S08,20240924
S08/20240924/00003,5,P106911,1,232.77,SALE,24-09-2024 11:37:58,S08,20240924
S08/20240924/00003,6,DISC,1,-361.31,DISCOUNT,24-09-2024 11:37:58,S08,20240924
S08/20240924/00003,7,TAX,1,133.57,TAX,24-09-2024 11:37:58,S08,20240924
S08/20240924/00003,8,TENDER,1,2998.40,TENDER,24-09-2024 11:37:58,S08,20240924
S08/20240924/00004,1,P104372,4,105.38,SALE,24-09-2024 07:18:29,S08,20240924
S08/20240924/00004,2,P101283,2,263.48,SALE,24-09-2024 07:18:29,S08,20240924
S08/20240924/00004,3,P106629,3,52.08,SALE,24-09-2024 07:18:29,S08,20240924
S08/20240924/00004,4,TAX,1,144.05,TAX,24-09-2024 07:18:29,S08,20240924
S08/20240924/00004,5,TENDER,1,1248.77,TENDER,24-09-2024 07:18:29,S08,20240924
S08/20240924/00005,1,P101332,2,400.98,SALE,24-09-2024 14:30:04,S08,20240924
S08/20240924/00005,2,P102236,2,928.51,SALE,24-09-2024 14:30:04,S08,20240924
S08/20240924/00005,3,P101248,3,497.50,SALE,24-09-2024 14:30:04,S08,20240924
S08/20240924/00005,4,P102272,1,389.34,SALE,24-09-2024 14:30:04,S08,20240924
S08/20240924/00005,5,P106353,2,236.28,SALE,24-09-2024 14:30:04,S08,20240924
S08/20240924/00005,6,P102248,3,22.39,SALE,24-09-2024 14:30:04,S08,20240924
S08/20240924/00005,7,TAX,1,637.64,TAX,24-09-2024 14:30:04,S08,20240924
S08/20240924/00005,8,TENDER,1,5718.19,TENDER,24-09-2024 14:30:04,S08,20240924
S08/20240924/00006,1,P105479,3,219.84,SALE,24-09-2024 10:31:54,S08,20240924
S08/20240924/00006,2,P107609,1,108.46,SALE,24-09-2024 10:31:54,S08,20240924
S08/20240924/00006,3,P102593,2,92.93,SALE,24-09-2024 10:31:54,S08,20240924
S08/20240924/00006,4,P100394,2,320.36,SALE,24-09-2024 10:31:54,S08,20240924
S08/20240924/00006,5,TAX,1,209.01,TAX,24-09-2024 10:31:54,S08,20240924
S08/20240924/00006,6,TENDER,1,1803.57,TENDER,24-09-2024 10:31:54,S08,20240924
S08/20240924/00007,1,P106373,3,48.45,SALE,24-09-2024 11:29:43,S08,20240924
S08/20240924/00007,2,P102184,2,91.57,SALE,24-09-2024 11:29:43,S08,20240924
S08/20240924/00007,3,P101248,1,497.50,SALE,24-09-2024 11:29:43,S08,20240924
S08/20240924/00007,4,P104665,3,217.71,SALE,24-09-2024 11:29:43,S08,20240924
S08/20240924/00007,5,P103050,1,569.48,SALE,24-09-2024 11:29:43,S08,20240924
S08/20240924/00007,6,P103647,1,42.17,SALE,24-09-2024 11:29:43,S08,20240924
S08/20240924/00007,7,P104202,1,153.74,SALE,24-09-2024 11:29:43,S08,20240924
S08/20240924/00007,8,P102616,3,82.31,SALE,24-09-2024 11:29:43,S08,20240924
S08/20240924/00007,9,P101697,2,102.34,SALE,24-09-2024 11:29:43,S08,20240924
S08/20240924/00007,10,TAX,1,252.61,TAX,24-09-2024 11:29:43,S08,20240924
S08/20240924/00007,11,TENDER,1,2948.73,TENDER,24-09-2024 11:29:43,S08,20240924
S08/20240924/00008,1,P103364,1,114.95,SALE,24-09-2024 13:46:32,S08,20240924
S08/20240924/00008,2,TAX,1,0.00,TAX,24-09-2024 13:46:32,S08,20240924
S08/20240924/00008,3,TENDER,1,114.95,TENDER,24-09-2024 13:46:32,S08,20240924
S08/20240924/00009,1,P103934,1,284.79,SALE,24-09-2024 20:52:03,S08,20240924
S08/20240924/00009,2,P106123,2,248.44,SALE,24-09-2024 20:52:03,S08,20240924
S08/20240924/00009,3,P102060,3,165.83,SALE,24-09-2024 20:52:03,S08,20240924
S08/20240924/00009,4,P100665,1,305.11,SALE,24-09-2024 20:52:03,S08,20240924
S08/20240924/00009,5,P106424,3,535.14,SALE,24-09-2024 20:52:03,S08,20240924
S08/20240924/00009,6,P106035,1,96.54,SALE,24-09-2024 20:52:03,S08,20240924
S08/20240924/00009,7,DISC,1,-377.67,DISCOUNT,24-09-2024 20:52:03,S08,20240924
S08/20240924/00009,8,TAX,1,164.20,TAX,24-09-2024 20:52:03,S08,20240924
S08/20240924/00009,9,TENDER,1,3072.76,TENDER,24-09-2024 20:52:03,S08,20240924
S08/20240924/00010,1,P102718,1,331.59,SALE,24-09-2024 18:43:31,S08,20240924
S08/20240924/00010,2,P101638,3,402.54,SALE,24-09-2024 18:43:31,S08,20240924
S08/20240924/00010,3,P101766,2,207.00,SALE,24-09-2024 18:43:31,S08,20240924
S08/20240924/00010,4,P105868,2,68.91,SALE,24-09-2024 18:43:31,S08,20240924
S08/20240924/00010,5,P105772,3,539.31,SALE,24-09-2024 18:43:31,S08,20240924
S08/20240924/00010,6,TAX,1,552.40,TAX,24-09-2024 18:43:31,S08,20240924
S08/20240924/00010,7,TENDER,1,4261.36,TENDER,24-09-2024 18:43:31,S08,20240924
S08/20240924/00011,1,P105369,2,135.84,SALE,24-09-2024 15:33:41,S08,20240924
S08/20240924/00011,2,P107292,2,340.23,SALE,24-09-2024 15:33:41,S08,20240924
S08/20240924/00011,3,P102768,2,158.73,SALE,24-09-2024 15:33:41,S08,20240924
S08/20240924/00011,4,P105294,4,126.15,SALE,24-09-2024 15:33:41,S08,20240924
S08/20240924/00011,5,TAX,1,278.53,TAX,24-09-2024 15:33:41,S08,20240924
S08/20240924/00011,6,TENDER,1,2052.73,TENDER,24-09-2024 15:33:41,S08,20240924
S08/20240924/00012,1,P103600,2,107.84,SALE,24-09-2024 10:37:38,S08,20240924
S08/20240924/00012,2,P100967,4,969.23,SALE,24-09-2024 10:37:38,S08,20240924
S08/20240924/00012,3,P105483,1,160.65,SALE,24-09-2024 10:37:38,S08,20240924
S08/20240924/00012,4,P104831,2,1516.75,SALE,24-09-2024 10:37:38,S08,20240924
S08/20240924/00012,5,TAX,1,868.95,TAX,24-09-2024 10:37:38,S08,20240924
S08/20240924/00012,6,TENDER,1,8155.70,TENDER,24-09-2024 10:37:38,S08,20240924
S08/20240924/00013,1,P102640,2,270.61,SALE,24-09-2024 16:52:49,S08,20240924
S08/20240924/00013,2,P100855,1,345.07,SALE,24-09-2024 16:52:49,S08,20240924
S08/20240924/00013,3,P100469,1,49.98,SALE,24-09-2024 16:52:49,S08,20240924
S08/20240924/00013,4,P103188,1,30.16,SALE,24-09-2024 16:52:49,S08,20240924
S08/20240924/00013,5,P108186,5,348.70,SALE,24-09-2024 16:52:49,S08,20240924
S08/20240924/00013,6,P104344,1,390.44,SALE,24-09-2024 16:52:49,S08,20240924
S08/20240924/00013,7,TAX,1,446.96,TAX,24-09-2024 16:52:49,S08,20240924
S08/20240924/00013,8,TENDER,1,3547.33,TENDER,24-09-2024 16:52:49,S08,20240924
S08/20240924/00014,1,P102559,1,86.19,SALE,24-09-2024 17:21:34,S08,20240924
S08/20240924/00014,2,P106310,2,438.93,SALE,24-09-2024 17:21:34,S08,20240924
S08/20240924/00014,3,P108338,2,218.68,SALE,24-09-2024 17:21:34,S08,20240924
S08/20240924/00014,4,P102845,1,261.08,SALE,24-09-2024 17:21:34,S08,20240924
S08/20240924/00014,5,DISC,1,-110.99,DISCOUNT,24-09-2024 17:21:34,S08,20240924
S08/20240924/00014,6,TAX,1,237.14,TAX,24-09-2024 17:21:34,S08,20240924
S08/20240924/00014,7,TENDER,1,1788.64,TENDER,24-09-2024 17:21:34,S08,20240924
S08/20240924/00015,1,P104277,1,136.79,SALE,24-09-2024 11:56:41,S08,20240924
S08/20240924/00015,2,P107777,2,222.77,SALE,24-09-2024 11:56:41,S08,20240924
S08/20240924/00015,3,P100731,1,254.77,SALE,24-09-2024 11:56:41,S08,20240924
S08/20240924/00015,4,TAX,1,62.27,TAX,24-09-2024 11:56:41,S08,20240924
S08/20240924/00015,5,TENDER,1,899.37,TENDER,24-09-2024 11:56:41,S08,20240924
S08/20240924/00016,1,P100100,3,417.83,SALE,24-09-2024 15:19:34,S08,20240924
S08/20240924/00016,2,P101899,1,326.35,SALE,24-09-2024 15:19:34,S08,20240924
S08/20240924/00016,3,P102207,4,342.36,SALE,24-09-2024 15:19:34,S08,20240924
S08/20240924/00016,4,TAX,1,373.49,TAX,24-09-2024 15:19:34,S08,20240924
S08/20240924/00016,5,TENDER,1,3322.77,TENDER,24-09-2024 15:19:34,S08,20240924
S08/20240924/00017,1,P103354,2,894.50,SALE,24-09-2024 17:38:56,S08,20240924
S08/20240924/00017,2,P108032,4,648.04,SALE,24-09-2024 17:38:56,S08,20240924
S08/20240924/00017,3,P103452,2,1033.70,SALE,24-09-2024 17:38:56,S08,20240924
S08/20240924/00017,4,P101076,2,606.89,SALE,24-09-2024 17:38:56,S08,20240924
S08/20240924/00017,5,P107966,3,391.71,SALE,24-09-2024 17:38:56,S08,20240924
S08/20240924/00017,6,P107094,4,97.95,SALE,24-09-2024 17:38:56,S08,20240924
S08/20240924/00017,7,P102067,2,181.50,SALE,24-09-2024 17:38:56,S08,20240924
S08/20240924/00017,8,P106169,2,221.89,SALE,24-09-2024 17:38:56,S08,20240924
S08/20240924/00017,9,P102480,2,198.67,SALE,24-09-2024 17:38:56,S08,20240924
S08/20240924/00017,10,P101034,2,94.74,SALE,24-09-2024 17:38:56,S08,20240924
S08/20240924/00017,11,TAX,1,686.28,TAX,24-09-2024 17:38:56,S08,20240924
S08/20240924/00017,12,TENDER,1,11309.15,TENDER,24-09-2024 17:38:56,S08,20240924
S08/20240924/00018,1,P106757,3,379.84,SALE,24-09-2024 15:15:20,S08,20240924
S08/20240924/00018,2,P102432,1,819.74,SALE,24-09-2024 15:15:20,S08,20240924
S08/20240924/00018,3,P101732,2,1390.76,SALE,24-09-2024 15:15:20,S08,20240924
S08/20240924/00018,4,P101547,4,66.03,SALE,24-09-2024 15:15:20,S08,20240924
S08/20240924/00018,5,P107308,1,226.19,SALE,24-09-2024 15:15:20,S08,20240924
S08/20240924/00018,6,P100840,1,248.08,SALE,24-09-2024 15:15:20,S08,20240924
S08/20240924/00018,7,P104774,2,81.81,SALE,24-09-2024 15:15:20,S08,20240924
S08/20240924/00018,8,TAX,1,595.88,TAX,24-09-2024 15:15:20,S08,20240924
S08/20240924/00018,9,TENDER,1,6238.67,TENDER,24-09-2024 15:15:20,S08,20240924
S08/20240924/00019,1,P101570,2,288.76,SALE,24-09-2024 19:29:53,S08,20240924
S08/20240924/00019,2,P106234,2,78.81,SALE,24-09-2024 19:29:53,S08,20240924
S08/20240924/00019,3,TAX,1,88.22,TAX,24-09-2024 19:29:53,S08,20240924
S08/20240924/00019,4,TENDER,1,823.36,TENDER,24-09-2024 19:29:53,S08,20240924
S08/20240924/00020,1,P104902,5,470.00,SALE,24-09-2024 14:47:30,S08,20240924
S08/20240924/00020,2,P106399,3,198.14,SALE,24-09-2024 14:47:30,S08,20240924
S08/20240924/00020,3,P102230,3,340.01,SALE,24-09-2024 14:47:30,S08,20240924
S08/20240924/00020,4,P100456,4,982.47,SALE,24-09-2024 14:47:30,S08,20240924
S08/20240924/00020,5,P106877,2,1085.30,SALE,24-09-2024 14:47:30,S08,20240924
S08/20240924/00020,6,P107182,1,112.81,SALE,24-09-2024 14:47:30,S08,20240924
S08/20240924/00020,7,TAX,1,853.13,TAX,24-09-2024 14:47:30,S08,20240924
S08/20240924/00020,8,TENDER,1,11030.87,TENDER,24-09-2024 14:47:30,S08,20240924
S08/20240924/00021,1,P103766,2,213.25,SALE,24-09-2024 17:10:37,S08,20240924
S08/20240924/00021,2,P102485,3,220.03,SALE,24-09-2024 17:10:37,S08,20240924
S08/20240924/00021,3,P100140,3,61.44,SALE,24-09-2024 17:10:37,S08,20240924
S08/20240924/00021,4,P107072,2,75.15,SALE,24-09-2024 17:10:37,S08,20240924
S08/20240924/00021,5,TAX,1,87.51,TAX,24-09-2024 17:10:37,S08,20240924
S08/20240924/00021,6,TENDER,1,1508.72,TENDER,24-09-2024 17:10:37,S08,20240924
S08/20240924/00022,1,P107630,1,290.66,SALE,24-09-2024 13:00:08,S08,20240924
S08/20240924/00022,2,P105950,2,1356.49,SALE,24-09-2024 13:00:08,S08,20240924
S08/20240924/00022,3,P102383,2,10.62,SALE,24-09-2024 13:00:08,S08,20240924
S08/20240924/00022,4,P106133,2,331.44,SALE,24-09-2024 13:00:08,S08,20240924
S08/20240924/00022,5,P107327,2,1138.42,SALE,24-09-2024 13:00:08,S08,20240924
S08/20240924/00022,6,P105479,2,231.41,SALE,24-09-2024 13:00:08,S08,20240924
S08/20240924/00022,7,P106731,2,153.24,SALE,24-09-2024 13:00:08,S08,20240924
S08/20240924/00022,8,TAX,1,231.00,TAX,24-09-2024 13:00:08,S08,20240924
S08/20240924/00022,9,TENDER,1,6964.90,TENDER,24-09-2024 13:00:08,S08,20240924
S08/20240924/00023,1,P107414,2,565.57,SALE,24-09-2024 12:16:05,S08,20240924
S08/20240924/00023,2,P105603,4,202.29,SALE,24-09-2024 12:16:05,S08,20240924
S08/20240924/00023,3,P103563,4,23.03,SALE,24-09-2024 12:16:05,S08,20240924
S08/20240924/00023,4,P104072,3,708.34,SALE,24-09-2024 12:16:05,S08,20240924
S08/20240924/00023,5,TAX,1,325.04,TAX,24-09-2024 12:16:05,S08,20240924
S08/20240924/00023,6,TENDER,1,4482.48,TENDER,24-09-2024 12:16:05,S08,20240924
S08/20240924/00024,1,P107822,2,69.77,SALE,24-09-2024 14:08:15,S08,20240924
S08/20240924/00024,2,P106115,5,128.36,SALE,24-09-2024 14:08:15,S08,20240924
S08/20240924/00024,3,TAX,1,140.64,TAX,24-09-2024 14:08:15,S08,20240924
S08/20240924/00024,4,TENDER,1,921.98,TENDER,24-09-2024 14:08:15,S08,20240924
S08/20240924/00025,1,P104351,2,1128.29,SALE,24-09-2024 19:21:20,S08,20240924
S08/20240924/00025,2,P105589,1,90.25,SALE,24-09-2024 19:21:20,S08,20240924
S08/20240924/00025,3,P101248,1,497.50,SALE,24-09-2024 19:21:20,S08,20240924
S08/20240924/00025,4,P100203,4,272.10,SALE,24-09-2024 19:21:20,S08,20240924
S08/20240924/00025,5,P108313,1,373.23,SALE,24-09-2024 19:21:20,S08,20240924
S08/20240924/00025,6,P107409,2,486.68,SALE,24-09-2024 19:21:20,S08,20240924
S08/20240924/00025,7,TAX,1,366.50,TAX,24-09-2024 19:21:20,S08,20240924
S08/20240924/00025,8,TENDER,1,5645.82,TENDER,24-09-2024 19:21:20,S08,20240924
S08/20240925/00001,1,P107190,2,223.50,SALE,25-09-2024 21:49:14,S08,20240925
S08/20240925/00001,2,P107040,1,474.18,SALE,25-09-2024 21:49:14,S08,20240925
S08/20240925/00001,3,P104789,2,67.52,SALE,25-09-2024 21:49:14,S08,20240925
S08/20240925/00001,4,TAX,1,104.17,TAX,25-09-2024 21:49:14,S08,20240925
S08/20240925/00001,5,TENDER,1,1160.39,TENDER,25-09-2024 21:49:14,S08,20240925
S08/20240925/00002,1,P105497,1,70.98,SALE,25-09-2024 15:25:55,S08,20240925
S08/20240925/00002,2,P104628,2,196.55,SALE,25-09-2024 15:25:55,S08,20240925
S08/20240925/00002,3,P101023,3,213.62,SALE,25-09-2024 15:25:55,S08,20240925
S08/20240925/00002,4,P101859,2,66.16,SALE,25-09-2024 15:25:55,S08,20240925
S08/20240925/00002,5,P107597,2,519.83,SALE,25-09-2024 15:25:55,S08,20240925
S08/20240925/00002,6,P102160,3,221.62,SALE,25-09-2024 15:25:55,S08,20240925
S08/20240925/00002,7,P102598,2,133.17,SALE,25-09-2024 15:25:55,S08,20240925
S08/20240925/00002,8,P101626,2,1040.69,SALE,25-09-2024 15:25:55,S08,20240925
S08/20240925/00002,9,TAX,1,508.73,TAX,25-09-2024 15:25:55,S08,20240925
S08/20240925/00002,10,TENDER,1,5798.23,TENDER,25-09-2024 15:25:55,S08,20240925
S08/20240925/00003,1,P105643,2,1294.23,SALE,25-09-2024 15:31:15,S08,20240925
S08/20240925/00003,2,P104526,1,363.05,SALE,25-09-2024 15:31:15,S08,20240925
S08/20240925/00003,3,TAX,1,18.15,TAX,25-09-2024 15:31:15,S08,20240925
S08/20240925/00003,4,TENDER,1,2969.66,TENDER,25-09-2024 15:31:15,S08,20240925
S08/20240925/00004,1,P107536,2,1613.47,SALE,25-09-2024 21:12:41,S08,20240925
S08/20240925/00004,2,P106388,1,1120.55,SALE,25-09-2024 21:12:41,S08,20240925
S08/20240925/00004,3,P103438,2,187.96,SALE,25-09-2024 21:12:41,S08,20240925
S08/20240925/00004,4,P101004,1,324.97,SALE,25-09-2024 21:12:41,S08,20240925
S08/20240925/00004,5,P105288,2,271.73,SALE,25-09-2024 21:12:41,S08,20240925
S08/20240925/00004,6,P106258,3,423.67,SALE,25-09-2024 21:12:41,S08,20240925
S08/20240925/00004,7,P102054,2,142.99,SALE,25-09-2024 21:12:41,S08,20240925
S08/20240925/00004,8,P103406,1,1248.48,SALE,25-09-2024 21:12:41,S08,20240925
S08/20240925/00004,9,TAX,1,262.71,TAX,25-09-2024 21:12:41,S08,20240925
S08/20240925/00004,10,TENDER,1,8660.02,TENDER,25-09-2024 21:12:41,S08,20240925
S08/20240925/00005,1,P102415,1,1245.81,SALE,25-09-2024 14:03:47,S08,20240925
S08/20240925/00005,2,P106858,3,281.23,SALE,25-09-2024 14:03:47,S08,20240925
S08/20240925/00005,3,TAX,1,214.15,TAX,25-09-2024 14:03:47,S08,20240925
S08/20240925/00005,4,TENDER,1,2303.65,TENDER,25-09-2024 14:03:47,S08,20240925
S08/20240925/00006,1,P108247,1,242.95,SALE,25-09-2024 14:03:19,S08,20240925
S08/20240925/00006,2,P107409,1,486.68,SALE,25-09-2024 14:03:19,S08,20240925
S08/20240925/00006,3,P107171,3,335.20,SALE,25-09-2024 14:03:19,S08,20240925
S08/20240925/00006,4,P108275,4,504.53,SALE,25-09-2024 14:03:19,S08,20240925
S08/20240925/00006,5,P105100,2,270.01,SALE,25-09-2024 14:03:19,S08,20240925
S08/20240925/00006,6,P102324,2,194.59,SALE,25-09-2024 14:03:19,S08,20240925
S08/20240925/00006,7,TAX,1,668.66,TAX,25-09-2024 14:03:19,S08,20240925
S08/20240925/00006,8,TENDER,1,5351.21,TENDER,25-09-2024 14:03:19,S08,20240925
S08/20240925/00007,1,P108060,2,217.09,SALE,25-09-2024 12:44:02,S08,20240925
S08/20240925/00007,2,P106773,1,397.71,SALE,25-09-2024 12:44:02,S08,20240925
S08/20240925/00007,3,TAX,1,149.74,TAX,25-09-2024 12:44:02,S08,20240925
S08/20240925/00007,4,TENDER,1,981.63,TENDER,25-09-2024 12:44:02,S08,20240925
S08/20240925/00008,1,P107676,1,186.95,SALE,25-09-2024 09:22:16,S08,20240925
S08/20240925/00008,2,P101134,1,1071.76,SALE,25-09-2024 09:22:16,S08,20240925
S08/20240925/00008,3,P103886,2,302.49,SALE,25-09-2024 09:22:16,S08,20240925
S08/20240925/00008,4,P102321,3,35.15,SALE,25-09-2024 09:22:16,S08,20240925
S08/20240925/00008,5,P100026,1,304.63,SALE,25-09-2024 09:22:16,S08,20240925
S08/20240925/00008,6,P103577,1,100.44,SALE,25-09-2024 09:22:16,S08,20240925
S08/20240925/00008,7,TAX,1,49.29,TAX,25-09-2024 09:22:16,S08,20240925
S08/20240925/00008,8,TENDER,1,2423.50,TENDER,25-09-2024 09:22:16,S08,20240925
S08/20240925/00009,1,P107502,1,311.85,SALE,25-09-2024 12:50:58,S08,20240925
S08/20240925/00009,2,P104854,4,34.90,SALE,25-09-2024 12:50:58,S08,20240925
S08/20240925/00009,3,P104446,2,56.83,SALE,25-09-2024 12:50:58,S08,20240925
S08/20240925/00009,4,P101766,3,207.00,SALE,25-09-2024 12:50:58,S08,20240925
S08/20240925/00009,5,TAX,1,151.11,TAX,25-09-2024 12:50:58,S08,20240925
S08/20240925/00009,6,TENDER,1,1337.22,TENDER,25-09-2024 12:50:58,S08,20240925
S08/20240925/00010,1,P103424,5,295.58,SALE,25-09-2024 18:06:00,S08,20240925
S08/20240925/00010,2,P105643,1,1294.23,SALE,25-09-2024 18:06:00,S08,20240925
S08/20240925/00010,3,P100595,2,404.82,SALE,25-09-2024 18:06:00,S08,20240925
S08/20240925/00010,4,P105345,2,295.95,SALE,25-09-2024 18:06:00,S08,20240925
S08/20240925/00010,5,P100483,1,933.37,SALE,25-09-2024 18:06:00,S08,20240925
S08/20240925/00010,6,P105882,3,222.02,SALE,25-09-2024 18:06:00,S08,20240925
S08/20240925/00010,7,P104725,4,536.92,SALE,25-09-2024 18:06:00,S08,20240925
S08/20240925/00010,8,P107308,1,226.19,SALE,25-09-2024 18:06:00,S08,20240925
S08/20240925/00010,9,P102230,2,340.01,SALE,25-09-2024 18:06:00,S08,20240925
S08/20240925/00010,10,TAX,1,973.69,TAX,25-09-2024 18:06:00,S08,20240925
S08/20240925/00010,11,TENDER,1,9800.68,TENDER,25-09-2024 18:06:00,S08,20240925
S08/20240925/00011,1,P105980,-3,263.95,RETURN,25-09-2024 13:40:10,S08,20240925
S08/20240925/00011,2,P106751,-3,132.55,RETURN,25-09-2024 13:40:10,S08,20240925
S08/20240925/00011,3,P101779,-3,198.09,RETURN,25-09-2024 13:40:10,S08,20240925
S08/20240925/00011,4,P106877,-2,1085.30,RETURN,25-09-2024 13:40:10,S08,20240925
S08/20240925/00011,5,P102559,-1,86.19,RETURN,25-09-2024 13:40:10,S08,20240925
S08/20240925/00011,6,TAX,1,-148.93,TAX,25-09-2024 13:40:10,S08,20240925
S08/20240925/00011,7,TENDER,1,-4189.49,TENDER,25-09-2024 13:40:10,S08,20240925
S08/20240925/00012,1,P106942,2,206.70,SALE,25-09-2024 10:26:24,S08,20240925
S08/20240925/00012,2,P106072,4,78.69,SALE,25-09-2024 10:26:24,S08,20240925
S08/20240925/00012,3,P105272,2,351.65,SALE,25-09-2024 10:26:24,S08,20240925
S08/20240925/00012,4,P108017,2,105.98,SALE,25-09-2024 10:26:24,S08,20240925
S08/20240925/00012,5,P106793,2,303.65,SALE,25-09-2024 10:26:24,S08,20240925
S08/20240925/00012,6,TAX,1,173.20,TAX,25-09-2024 10:26:24,S08,20240925
S08/20240925/00012,7,TENDER,1,2423.92,TENDER,25-09-2024 10:26:24,S08,20240925
S08/20240925/00013,1,P105908,3,677.70,SALE,25-09-2024 13:48:08,S08,20240925
S08/20240925/00013,2,P106848,2,17.39,SALE,25-09-2024 13:48:08,S08,20240925
S08/20240925/00013,3,P103766,1,213.25,SALE,25-09-2024 13:48:08,S08,20240925
S08/20240925/00013,4,P100703,1,171.10,SALE,25-09-2024 13:48:08,S08,20240925
S08/20240925/00013,5,TAX,1,132.85,TAX,25-09-2024 13:48:08,S08,20240925
S08/20240925/00013,6,TENDER,1,2585.08,TENDER,25-09-2024 13:48:08,S08,20240925
S08/20240925/00014,1,P106807,3,322.15,SALE,25-09-2024 18:55:36,S08,20240925
S08/20240925/00014,2,P102112,1,389.72,SALE,25-09-2024 18:55:36,S08,20240925
S08/20240925/00014,3,P107740,3,1366.88,SALE,25-09-2024 18:55:36,S08,20240925
S08/20240925/00014,4,P107226,1,86.90,SALE,25-09-2024 18:55:36,S08,20240925
S08/20240925/00014,5,P107605,3,1234.07,SALE,25-09-2024 18:55:36,S08,20240925
S08/20240925/00014,6,DISC,1,-622.28,DISCOUNT,25-09-2024 18:55:36,S08,20240925
S08/20240925/00014,7,TAX,1,1093.78,TAX,25-09-2024 18:55:36,S08,20240925
S08/20240925/00014,8,TENDER,1,9717.42,TENDER,25-09-2024 18:55:36,S08,20240925
S08/20240925/00015,1,P101201,3,45.00,SALE,25-09-2024 21:25:34,S08,20240925
S08/20240925/00015,2,P104112,3,52.93,SALE,25-09-2024 21:25:34,S08,20240925
S08/20240925/00015,3,P100339,2,299.99,SALE,25-09-2024 21:25:34,S08,20240925
S08/20240925/00015,4,P104909,1,363.10,SALE,25-09-2024 21:25:34,S08,20240925
S08/20240925/00015,5,P104831,3,1516.75,SALE,25-09-2024 21:25:34,S08,20240925
S08/20240925/00015,6,P105394,1,327.72,SALE,25-09-2024 21:25:34,S08,20240925
S08/20240925/00015,7,TAX,1,727.71,TAX,25-09-2024 21:25:34,S08,20240925
S08/20240925/00015,8,TENDER,1,6862.55,TENDER,25-09-2024 21:25:34,S08,20240925
S08/20240925/00016,1,P102096,1,982.72,SALE,25-09-2024 18:22:28,S08,20240925
S08/20240925/00016,2,P107400,3,274.90,SALE,25-09-2024 18:22:28,S08,20240925
S08/20240925/00016,3,P103701,1,1171.33,SALE,25-09-2024 18:22:28,S08,20240925
S08/20240925/00016,4,P104351,2,1128.29,SALE,25-09-2024 18:22:28,S08,20240925
S08/20240925/00016,5,P104501,1,413.53,SALE,25-09-2024 18:22:28,S08,20240925
S08/20240925/00016,6,TAX,1,437.77,TAX,25-09-2024 18:22:28,S08,20240925
S08/20240925/00016,7,TENDER,1,6086.63,TENDER,25-09-2024 18:22:28,S08,20240925
S08/20240925/00017,1,P102868,1,471.29,SALE,25-09-2024 16:14:41,S08,20240925
S08/20240925/00017,2,P106830,3,103.94,SALE,25-09-2024 16:14:41,S08,20240925
S08/20240925/00017,3,TAX,1,140.96,TAX,25-09-2024 16:14:41,S08,20240925
S08/20240925/00017,4,TENDER,1,924.07,TENDER,25-09-2024 16:14:41,S08,20240925
S08/20240925/00018,1,P102006,2,1553.68,SALE,25-09-2024 11:09:00,S08,20240925
S08/20240925/00018,2,P103896,2,203.30,SALE,25-09-2024 11:09:00,S08,20240925
S08/20240925/00018,3,P101359,2,51.47,SALE,25-09-2024 11:09:00,S08,20240925
S08/20240925/00018,4,P105805,3,112.64,SALE,25-09-2024 11:09:00,S08,20240925
S08/20240925/00018,5,P104854,2,34.90,SALE,25-09-2024 11:09:00,S08,20240925
S08/20240925/00018,6,P103510,1,196.86,SALE,25-09-2024 11:09:00,S08,20240925
S08/20240925/00018,7,P107695,1,271.01,SALE,25-09-2024 11:09:00,S08,20240925
S08/20240925/00018,8,DISC,1,-330.43,DISCOUNT,25-09-2024 11:09:00,S08,20240925
S08/20240925/00018,9,TAX,1,139.28,TAX,25-09-2024 11:09:00,S08,20240925
S08/20240925/00018,10,TENDER,1,4301.34,TENDER,25-09-2024 11:09:00,S08,20240925
S08/20240925/00019,1,P100035,2,1810.38,SALE,25-09-2024 18:58:41,S08,20240925
S08/20240925/00019,2,P104410,1,498.71,SALE,25-09-2024 18:58:41,S08,20240925
S08/20240925/00019,3,P102305,3,116.95,SALE,25-09-2024 18:58:41,S08,20240925
S08/20240925/00019,4,P102383,1,10.62,SALE,25-09-2024 18:58:41,S08,20240925
S08/20240925/00019,5,P104567,1,141.21,SALE,25-09-2024 18:58:41,S08,20240925
S08/20240925/00019,6,DISC,1,-209.92,DISCOUNT,25-09-2024 18:58:41,S08,20240925
S08/20240925/00019,7,TAX,1,558.64,TAX,25-09-2024 18:58:41,S08,20240925
S08/20240925/00019,8,TENDER,1,4970.87,TENDER,25-09-2024 18:58:41,S08,20240925
S08/20240925/00020,1,P102000,1,82.98,SALE,25-09-2024 13:44:59,S08,20240925
S08/20240925/00020,2,P100784,1,319.36,SALE,25-09-2024 13:44:59,S08,20240925
S08/20240925/00020,3,P107605,2,1234.07,SALE,25-09-2024 13:44:59,S08,20240925
S08/20240925/00020,4,P102035,3,493.95,SALE,25-09-2024 13:44:59,S08,20240925
S08/20240925/00020,5,P107026,1,69.10,SALE,25-09-2024 13:44:59,S08,20240925
S08/20240925/00020,6,P103202,2,295.26,SALE,25-09-2024 13:44:59,S08,20240925
S08/20240925/00020,7,P102445,2,31.53,SALE,25-09-2024 13:44:59,S08,20240925
S08/20240925/00020,8,P105656,2,516.52,SALE,25-09-2024 13:44:59,S08,20240925
S08/20240925/00020,9,P103050,3,569.48,SALE,25-09-2024 13:44:59,S08,20240925
S08/20240925/00020,10,TAX,1,518.18,TAX,25-09-2024 13:44:59,S08,20240925
S08/20240925/00020,11,TENDER,1,8334.67,TENDER,25-09-2024 13:44:59,S08,20240925
S08/20240925/00021,1,P104316,3,445.32,SALE,25-09-2024 22:29:55,S08,20240925
S08/20240925/00021,2,P100441,4,419.95,SALE,25-09-2024 22:29:55,S08,20240925
S08/20240925/00021,3,P105901,2,82.67,SALE,25-09-2024 22:29:55,S08,20240925
S08/20240925/00021,4,P107337,2,429.21,SALE,25-09-2024 22:29:55,S08,20240925
S08/20240925/00021,5,P102286,1,238.95,SALE,25-09-2024 22:29:55,S08,20240925
S08/20240925/00021,6,P102335,3,94.24,SALE,25-09-2024 22:29:55,S08,20240925
S08/20240925/00021,7,P101283,2,263.48,SALE,25-09-2024 22:29:55,S08,20240925
S08/20240925/00021,8,TAX,1,693.56,TAX,25-09-2024 22:29:55,S08,20240925
S08/20240925/00021,9,TENDER,1,5781.71,TENDER,25-09-2024 22:29:55,S08,20240925
S08/20240925/00022,1,P108144,1,253.94,SALE,25-09-2024 23:25:39,S08,20240925
S08/20240925/00022,2,P102648,3,397.04,SALE,25-09-2024 23:25:39,S08,20240925
S08/20240925/00022,3,P104121,2,131.32,SALE,25-09-2024 23:25:39,S08,20240925
S08/20240925/00022,4,P104739,2,172.21,SALE,25-09-2024 23:25:39,S08,20240925
S08/20240925/00022,5,P106405,2,38.72,SALE,25-09-2024 23:25:39,S08,20240925
S08/20240925/00022,6,TAX,1,368.08,TAX,25-09-2024 23:25:39,S08,20240925
S08/20240925/00022,7,TENDER,1,2497.64,TENDER,25-09-2024 23:25:39,S08,20240925
S08/20240925/00023,1,P104811,3,108.16,SALE,25-09-2024 19:47:33,S08,20240925
S08/20240925/00023,2,P106478,2,56.12,SALE,25-09-2024 19:47:33,S08,20240925
S08/20240925/00023,3,P102465,2,1410.14,SALE,25-09-2024 19:47:33,S08,20240925
S08/20240925/00023,4,TAX,1,205.03,TAX,25-09-2024 19:47:33,S08,20240925
S08/20240925/00023,5,TENDER,1,3462.03,TENDER,25-09-2024 19:47:33,S08,20240925
S08/20240925/00024,1,P101127,3,45.95,SALE,25-09-2024 15:04:20,S08,20240925
S08/20240925/00024,2,P104700,1,1425.82,SALE,25-09-2024 15:04:20,S08,20240925
S08/20240925/00024,3,P105609,1,817.71,SALE,25-09-2024 15:04:20,S08,20240925
S08/20240925/00024,4,TAX,1,0.00,TAX,25-09-2024 15:04:20,S08,20240925
S08/20240925/00024,5,TENDER,1,2381.38,TENDER,25-09-2024 15:04:20,S08,20240925
S08/20240925/00025,1,P105950,2,1356.49,SALE,25-09-2024 18:59:40,S08,20240925
S08/20240925/00025,2,P100049,3,68.93,SALE,25-09-2024 18:59:40,S08,20240925
S08/20240925/00025,3,P107018,1,187.58,SALE,25-09-2024 18:59:40,S08,20240925
S08/20240925/00025,4,P104048,2,193.57,SALE,25-09-2024 18:59:40,S08,20240925
S08/20240925/00025,5,P106620,3,296.41,SALE,25-09-2024 18:59:40,S08,20240925
S08/20240925/00025,6,TAX,1,199.77,TAX,25-09-2024 18:59:40,S08,20240925
S08/20240925/00025,7,TENDER,1,4583.49,TENDER,25-09-2024 18:59:40,S08,20240925
S08/20240925/00026,1,P105425,1,153.55,SALE,25-09-2024 11:47:53,S08,20240925
S08/20240925/00026,2,P106072,2,72.39,SALE,25-09-2024 11:47:53,S08,20240925
S08/20240925/00026,3,P108135,1,539.95,SALE,25-09-2024 11:47:53,S08,20240925
S08/20240925/00026,4,P107872,2,650.85,SALE,25-09-2024 11:47:53,S08,20240925
S08/20240925/00026,5,P101660,3,193.14,SALE,25-09-2024 11:47:53,S08,20240925
S08/20240925/00026,6,P104567,2,141.21,SALE,25-09-2024 11:47:53,S08,20240925
S08/20240925/00026,7,TAX,1,153.00,TAX,25-09-2024 11:47:53,S08,20240925
S08/20240925/00026,8,TENDER,1,3154.82,TENDER,25-09-2024 11:47:53,S08,20240925
S08/20240925/00027,1,P101894,3,668.48,SALE,25-09-2024 13:23:18,S08,20240925
S08/20240925/00027,2,P108149,2,1073.33,SALE,25-09-2024 13:23:18,S08,20240925
S08/20240925/00027,3,P105268,1,255.65,SALE,25-09-2024 13:23:18,S08,20240925
S08/20240925/00027,4,P104541,1,149.08,SALE,25-09-2024 13:23:18,S08,20240925
S08/20240925/00027,5,P100233,2,67.07,SALE,25-09-2024 13:23:18,S08,20240925
S08/20240925/00027,6,P102255,2,167.76,SALE,25-09-2024 13:23:18,S08,20240925
S08/20240925/00027,7,TAX,1,300.83,TAX,25-09-2024 13:23:18,S08,20240925
S08/20240925/00027,8,TENDER,1,5327.32,TENDER,25-09-2024 13:23:18,S08,20240925
S08/20240925/00028,1,P107555,1,1314.43,SALE,25-09-2024 12:56:31,S08,20240925
S08/20240925/00028,2,P104011,1,657.72,SALE,25-09-2024 12:56:31,S08,20240925
S08/20240925/00028,3,P100582,1,164.39,SALE,25-09-2024 12:56:31,S08,20240925
S08/20240925/00028,4,P103111,3,40.41,SALE,25-09-2024 12:56:31,S08,20240925
S08/20240925/00028,5,P106207,2,459.95,SALE,25-09-2024 12:56:31,S08,20240925
S08/20240925/00028,6,P102998,2,155.65,SALE,25-09-2024 12:56:31,S08,20240925
S08/20240925/00028,7,P101626,3,1040.69,SALE,25-09-2024 12:56:31,S08,20240925
S08/20240925/00028,8,TAX,1,664.80,TAX,25-09-2024 12:56:31,S08,20240925
S08/20240925/00028,9,TENDER,1,7275.84,TENDER,25-09-2024 12:56:31,S08,20240925
S08/20240925/00029,1,P108379,1,300.71,SALE,25-09-2024 16:03:14,S08,20240925
S08/20240925/00029,2,P106802,3,689.06,SALE,25-09-2024 16:03:14,S08,20240925
S08/20240925/00029,3,P107914,3,231.95,SALE,25-09-2024 16:03:14,S08,20240925
S08/20240925/00029,4,TAX,1,264.70,TAX,25-09-2024 16:03:14,S08,20240925
S08/20240925/00029,5,TENDER,1,3328.44,TENDER,25-09-2024 16:03:14,S08,20240925
S08/20240925/00030,1,P101184,3,64.09,SALE,25-09-2024 20:50:41,S08,20240925
S08/20240925/00030,2,P107163,1,187.11,SALE,25-09-2024 20:50:41,S08,20240925
S08/20240925/00030,3,P104872,3,132.45,SALE,25-09-2024 20:50:41,S08,20240925
S08/20240925/00030,4,P102801,2,108.87,SALE,25-09-2024 20:50:41,S08,20240925
S08/20240925/00030,5,P105997,1,109.75,SALE,25-09-2024 20:50:41,S08,20240925
S08/20240925/00030,6,P104081,1,586.63,SALE,25-09-2024 20:50:41,S08,20240925
S08/20240925/00030,7,TAX,1,124.79,TAX,25-09-2024 20:50:41,S08,20240925
S08/20240925/00030,8,TENDER,1,1815.64,TENDER,25-09-2024 20:50:41,S08,20240925
S08/20240926/00001,1,P103438,2,187.96,SALE,26-09-2024 09:15:54,S08,20240926
S08/20240926/00001,2,P104404,2,890.27,SALE,26-09-2024 09:15:54,S08,20240926
S08/20240926/00001,3,P107292,1,340.23,SALE,26-09-2024 09:15:54,S08,20240926
S08/20240926/00001,4,P102389,3,84.91,SALE,26-09-2024 09:15:54,S08,20240926
S08/20240926/00001,5,P106024,1,472.89,SALE,26-09-2024 09:15:54,S08,20240926
S08/20240926/00001,6,TAX,1,404.26,TAX,26-09-2024 09:15:54,S08,20240926
S08/20240926/00001,7,TENDER,1,3628.57,TENDER,26-09-2024 09:15:54,S08,20240926
S08/20240926/00002,1,P108135,2,539.95,SALE,26-09-2024 18:38:41,S08,20240926
S08/20240926/00002,2,P105603,3,202.29,SALE,26-09-2024 18:38:41,S08,20240926
S08/20240926/00002,3,P102296,2,48.88,SALE,26-09-2024 18:38:41,S08,20240926
S08/20240926/00002,4,P101710,3,322.76,SALE,26-09-2024 18:38:41,S08,20240926
S08/20240926/00002,5,P101037,2,613.83,SALE,26-09-2024 18:38:41,S08,20240926
S08/20240926/00002,6,TAX,1,464.01,TAX,26-09-2024 18:38:41,S08,20240926
S08/20240926/00002,7,TENDER,1,4444.48,TENDER,26-09-2024 18:38:41,S08,20240926
S08/20240926/00003,1,P101774,3,1116.16,SALE,26-09-2024 16:19:35,S08,20240926
S08/20240926/00003,2,P108374,1,1417.29,SALE,26-09-2024 16:19:35,S08,20240926
S08/20240926/00003,3,P107246,1,313.74,SALE,26-09-2024 16:19:35,S08,20240926
S08/20240926/00003,4,P102023,3,425.67,SALE,26-09-2024 16:19:35,S08,20240926
S08/20240926/00003,5,TAX,1,611.53,TAX,26-09-2024 16:19:35,S08,20240926
S08/20240926/00003,6,TENDER,1,6968.05,TENDER,26-09-2024 16:19:35,S08,20240926
S08/20240926/00004,1,P102286,1,238.95,SALE,26-09-2024 16:50:18,S08,20240926
S08/20240926/00004,2,P106566,1,251.68,SALE,26-09-2024 16:50:18,S08,20240926
S08/20240926/00004,3,P108110,2,15.95,SALE,26-09-2024 16:50:18,S08,20240926
S08/20240926/00004,4,P101127,3,45.95,SALE,26-09-2024 16:50:18,S08,20240926
S08/20240926/00004,5,TAX,1,94.06,TAX,26-09-2024 16:50:18,S08,20240926
S08/20240926/00004,6,TENDER,1,754.44,TENDER,26-09-2024 16:50:18,S08,20240926
S08/20240926/00005,1,P106927,4,140.95,SALE,26-09-2024 18:16:21,S08,20240926
S08/20240926/00005,2,P103171,3,68.42,SALE,26-09-2024 18:16:21,S08,20240926
S08/20240926/00005,3,TAX,1,38.45,TAX,26-09-2024 18:16:21,S08,20240926
S08/20240926/00005,4,TENDER,1,807.51,TENDER,26-09-2024 18:16:21,S08,20240926
S08/20240926/00006,1,P105201,3,331.23,SALE,26-09-2024 18:19:07,S08,20240926
S08/20240926/00006,2,P108262,1,592.59,SALE,26-09-2024 18:19:07,S08,20240926
S08/20240926/00006,3,P108162,1,257.55,SALE,26-09-2024 18:19:07,S08,20240926
S08/20240926/00006,4,P105272,3,351.65,SALE,26-09-2024 18:19:07,S08,20240926
S08/20240926/00006,5,P104772,4,342.57,SALE,26-09-2024 18:19:07,S08,20240926
S08/20240926/00006,6,P104725,1,536.92,SALE,26-09-2024 18:19:07,S08,20240926
S08/20240926/00006,7,P107676,2,186.95,SALE,26-09-2024 18:19:07,S08,20240926
S08/20240926/00006,8,P101789,1,391.48,SALE,26-09-2024 18:19:07,S08,20240926
S08/20240926/00006,9,P102296,1,48.88,SALE,26-09-2024 18:19:07,S08,20240926
S08/20240926/00006,10,P100121,2,107.67,SALE,26-09-2024 18:19:07,S08,20240926
S08/20240926/00006,11,TAX,1,696.95,TAX,26-09-2024 18:19:07,S08,20240926
S08/20240926/00006,12,TENDER,1,6532.53,TENDER,26-09-2024 18:19:07,S08,20240926
S08/20240926/00007,1,P107555,2,1314.43,SALE,26-09-2024 13:55:32,S08,20240926
S08/20240926/00007,2,P106718,2,525.27,SALE,26-09-2024 13:55:32,S08,20240926
S08/20240926/00007,3,P101465,3,573.89,SALE,26-09-2024 13:55:32,S08,20240926
S08/20240926/00007,4,P104121,2,131.32,SALE,26-09-2024 13:55:32,S08,20240926
S08/20240926/00007,5,P108227,3,551.58,SALE,26-09-2024 13:55:32,S08,20240926
S08/20240926/00007,6,P106671,3,99.01,SALE,26-09-2024 13:55:32,S08,20240926
S08/20240926/00007,7,P104811,1,108.16,SALE,26-09-2024 13:55:32,S08,20240926
S08/20240926/00007,8,TAX,1,580.59,TAX,26-09-2024 13:55:32,S08,20240926
S08/20240926/00007,9,TENDER,1,8304.23,TENDER,26-09-2024 13:55:32,S08,20240926
S08/20240926/00008,1,P100536,2,518.67,SALE,26-09-2024 19:50:19,S08,20240926
S08/20240926/00008,2,P106620,5,296.41,SALE,26-09-2024 19:50:19,S08,20240926
S08/20240926/00008,3,P104320,1,159.74,SALE,26-09-2024 19:50:19,S08,20240926
S08/20240926/00008,4,P104155,1,144.69,SALE,26-09-2024 19:50:19,S08,20240926
S08/20240926/00008,5,P106174,1,229.89,SALE,26-09-2024 19:50:19,S08,20240926
S08/20240926/00008,6,P105313,2,51.83,SALE,26-09-2024 19:50:19,S08,20240926
S08/20240926/00008,7,P100595,1,404.82,SALE,26-09-2024 19:50:19,S08,20240926
S08/20240926/00008,8,TAX,1,413.15,TAX,26-09-2024 19:50:19,S08,20240926
S08/20240926/00008,9,TENDER,1,3975.34,TENDER,26-09-2024 19:50:19,S08,20240926
S08/20240926/00009,1,P100308,2,328.66,SALE,26-09-2024 16:47:44,S08,20240926
S08/20240926/00009,2,P108361,2,68.42,SALE,26-09-2024 16:47:44,S08,20240926
S08/20240926/00009,3,P105636,2,558.71,SALE,26-09-2024 16:47:44,S08,20240926
S08/20240926/00009,4,P106802,2,689.06,SALE,26-09-2024 16:47:44,S08,20240926
S08/20240926/00009,5,TAX,1,147.78,TAX,26-09-2024 16:47:44,S08,20240926
S08/20240926/00009,6,TENDER,1,3437.48,TENDER,26-09-2024 16:47:44,S08,20240926
S08/20240926/00010,1,P101681,5,139.09,SALE,26-09-2024 17:57:37,S08,20240926
S08/20240926/00010,2,P105624,2,380.06,SALE,26-09-2024 17:57:37,S08,20240926
S08/20240926/00010,3,P105918,3,294.44,SALE,26-09-2024 17:57:37,S08,20240926
S08/20240926/00010,4,P104072,1,708.34,SALE,26-09-2024 17:57:37,S08,20240926
S08/20240926/00010,5,P107568,4,147.18,SALE,26-09-2024 17:57:37,S08,20240926
S08/20240926/00010,6,P100781,1,611.95,SALE,26-09-2024 17:57:37,S08,20240926
S08/20240926/00010,7,P107705,1,763.24,SALE,26-09-2024 17:57:37,S08,20240926
S08/20240926/00010,8,P102129,1,252.76,SALE,26-09-2024 17:57:37,S08,20240926
S08/20240926/00010,9,DISC,1,-271.81,DISCOUNT,26-09-2024 17:57:37,S08,20240926
S08/20240926/00010,10,TAX,1,530.79,TAX,26-09-2024 17:57:37,S08,20240926
S08/20240926/00010,11,TENDER,1,5522.88,TENDER,26-09-2024 17:57:37,S08,20240926
S08/20240926/00011,1,P103777,2,44.82,SALE,26-09-2024 20:07:40,S08,20240926
S08/20240926/00011,2,P105294,4,126.15,SALE,26-09-2024 20:07:40,S08,20240926
S08/20240926/00011,3,TAX,1,95.31,TAX,26-09-2024 20:07:40,S08,20240926
S08/20240926/00011,4,TENDER,1,689.55,TENDER,26-09-2024 20:07:40,S08,20240926
S08/20240926/00012,1,P106209,2,199.51,SALE,26-09-2024 17:10:23,S08,20240926
S08/20240926/00012,2,P104123,2,432.72,SALE,26-09-2024 17:10:23,S08,20240926
S08/20240926/00012,3,P104175,2,814.13,SALE,26-09-2024 17:10:23,S08,20240926
S08/20240926/00012,4,P106522,1,203.79,SALE,26-09-2024 17:10:23,S08,20240926
S08/20240926/00012,5,TAX,1,161.92,TAX,26-09-2024 17:10:23,S08,20240926
S08/20240926/00012,6,TENDER,1,3258.43,TENDER,26-09-2024 17:10:23,S08,20240926
S08/20240926/00013,1,P102485,1,220.03,SALE,26-09-2024 13:43:20,S08,20240926
S08/20240926/00013,2,P107488,3,303.21,SALE,26-09-2024 13:43:20,S08,20240926
S08/20240926/00013,3,TAX,1,174.73,TAX,26-09-2024 13:43:20,S08,20240926
S08/20240926/00013,4,TENDER,1,1304.39,TENDER,26-09-2024 13:43:20,S08,20240926
S08/20240926/00014,1,P104149,1,88.07,SALE,26-09-2024 17:15:37,S08,20240926
S08/20240926/00014,2,P106473,2,298.68,SALE,26-09-2024 17:15:37,S08,20240926
S08/20240926/00014,3,P107925,1,992.11,SALE,26-09-2024 17:15:37,S08,20240926
S08/20240926/00014,4,P107676,3,186.95,SALE,26-09-2024 17:15:37,S08,20240926
S08/20240926/00014,5,P108135,1,539.95,SALE,26-09-2024 17:15:37,S08,20240926
S08/20240926/00014,6,P100819,3,1203.94,SALE,26-09-2024 17:15:37,S08,20240926
S08/20240926/00014,7,TAX,1,189.58,TAX,26-09-2024 17:15:37,S08,20240926
S08/20240926/00014,8,TENDER,1,6579.74,TENDER,26-09-2024 17:15:37,S08,20240926
S08/20240926/00015,1,P104302,1,1255.97,SALE,26-09-2024 13:14:09,S08,20240926
S08/20240926/00015,2,P101876,2,68.16,SALE,26-09-2024 13:14:09,S08,20240926
S08/20240926/00015,3,P100049,1,68.93,SALE,26-09-2024 13:14:09,S08,20240926
S08/20240926/00015,4,TAX,1,169.94,TAX,26-09-2024 13:14:09,S08,20240926
S08/20240926/00015,5,TENDER,1,1631.16,TENDER,26-09-2024 13:14:09,S08,20240926
S08/20240926/00016,1,P103389,-3,239.67,RETURN,26-09-2024 18:26:44,S08,20240926
S08/20240926/00016,2,P104800,-2,692.51,RETURN,26-09-2024 18:26:44,S08,20240926
S08/20240926/00016,3,P107520,-1,139.81,RETURN,26-09-2024 18:26:44,S08,20240926
S08/20240926/00016,4,P106848,-2,17.39,RETURN,26-09-2024 18:26:44,S08,20240926
S08/20240926/00016,5,P108356,-4,229.05,RETURN,26-09-2024 18:26:44,S08,20240926
S08/20240926/00016,6,P106106,-1,219.14,RETURN,26-09-2024 18:26:44,S08,20240926
S08/20240926/00016,7,TAX,1,-452.00,TAX,26-09-2024 18:26:44,S08,20240926
S08/20240926/00016,8,TENDER,1,-3865.96,TENDER,26-09-2024 18:26:44,S08,20240926
S08/20240926/00017,1,P104427,1,462.16,SALE,26-09-2024 16:24:43,S08,20240926
S08/20240926/00017,2,P108216,1,69.70,SALE,26-09-2024 16:24:43,S08,20240926
S08/20240926/00017,3,TAX,1,86.67,TAX,26-09-2024 16:24:43,S08,20240926
S08/20240926/00017,4,TENDER,1,618.53,TENDER,26-09-2024 16:24:43,S08,20240926
S08/20240926/00018,1,P101613,1,125.30,SALE,26-09-2024 11:38:53,S08,20240926
S08/20240926/00018,2,P107294,3,83.95,SALE,26-09-2024 11:38:53,S08,20240926
S08/20240926/00018,3,P104270,1,1153.64,SALE,26-09-2024 11:38:53,S08,20240926
S08/20240926/00018,4,DISC,1,-45.89,DISCOUNT,26-09-2024 11:38:53,S08,20240926
S08/20240926/00018,5,TAX,1,90.05,TAX,26-09-2024 11:38:53,S08,20240926
S08/20240926/00018,6,TENDER,1,1574.95,TENDER,26-09-2024 11:38:53,S08,20240926
S08/20240926/00019,1,P103171,1,68.42,SALE,26-09-2024 08:43:00,S08,20240926
S08/20240926/00019,2,P102122,1,138.84,SALE,26-09-2024 08:43:00,S08,20240926
S08/20240926/00019,3,P107110,1,77.73,SALE,26-09-2024 08:43:00,S08,20240926
S08/20240926/00019,4,P100308,1,328.66,SALE,26-09-2024 08:43:00,S08,20240926
S08/20240926/00019,5,P105377,2,275.11,SALE,26-09-2024 08:43:00,S08,20240926
S08/20240926/00019,6,TAX,1,147.87,TAX,26-09-2024 08:43:00,S08,20240926
S08/20240926/00019,7,TENDER,1,1311.74,TENDER,26-09-2024 08:43:00,S08,20240926
S08/20240926/00020,1,P101533,3,975.60,SALE,26-09-2024 10:16:34,S08,20240926
S08/20240926/00020,2,P107053,1,457.07,SALE,26-09-2024 10:16:34,S08,20240926
S08/20240926/00020,3,TAX,1,374.07,TAX,26-09-2024 10:16:34,S08,20240926
S08/20240926/00020,4,TENDER,1,3757.94,TENDER,26-09-2024 10:16:34,S08,20240926
S08/20240926/00021,1,P101419,3,195.72,SALE,26-09-2024 15:35:46,S08,20240926
S08/20240926/00021,2,P107799,2,751.07,SALE,26-09-2024 15:35:46,S08,20240926
S08/20240926/00021,3,P100577,2,300.10,SALE,26-09-2024 15:35:46,S08,20240926
S08/20240926/00021,4,P101384,2,42.99,SALE,26-09-2024 15:35:46,S08,20240926
S08/20240926/00021,5,TAX,1,257.90,TAX,26-09-2024 15:35:46,S08,20240926
S08/20240926/00021,6,TENDER,1,3033.38,TENDER,26-09-2024 15:35:46,S08,20240926
S08/20240926/00022,1,P104676,2,87.52,SALE,26-09-2024 09:56:34,S08,20240926
S08/20240926/00022,2,P100033,2,828.62,SALE,26-09-2024 09:56:34,S08,20240926
S08/20240926/00022,3,TAX,1,114.37,TAX,26-09-2024 09:56:34,S08,20240926
S08/20240926/00022,4,TENDER,1,1946.65,TENDER,26-09-2024 09:56:34,S08,20240926
S08/20240926/00023,1,P106209,3,199.51,SALE,26-09-2024 13:15:19,S08,20240926
S08/20240926/00023,2,P104008,2,116.02,SALE,26-09-2024 13:15:19,S08,20240926
S08/20240926/00023,3,P103743,4,1117.90,SALE,26-09-2024 13:15:19,S08,20240926
S08/20240926/00023,4,P106783,2,94.23,SALE,26-09-2024 13:15:19,S08,20240926
S08/20240926/00023,5,P100711,2,101.23,SALE,26-09-2024 13:15:19,S08,20240926
S08/20240926/00023,6,TAX,1,153.79,TAX,26-09-2024 13:15:19,S08,20240926
S08/20240926/00023,7,TENDER,1,5846.88,TENDER,26-09-2024 13:15:19,S08,20240926
S08/20240926/00024,1,P103259,1,298.27,SALE,26-09-2024 14:11:03,S08,20240926
S08/20240926/00024,2,P105959,1,513.93,SALE,26-09-2024 14:11:03,S08,20240926
S08/20240926/00024,3,P101064,2,33.84,SALE,26-09-2024 14:11:03,S08,20240926
S08/20240926/00024,4,P103137,2,218.09,SALE,26-09-2024 14:11:03,S08,20240926
S08/20240926/00024,5,P105845,2,111.01,SALE,26-09-2024 14:11:03,S08,20240926
S08/20240926/00024,6,P106865,2,299.72,SALE,26-09-2024 14:11:03,S08,20240926
S08/20240926/00024,7,P103262,3,54.76,SALE,26-09-2024 14:11:03,S08,20240926
S08/20240926/00024,8,DISC,1,-131.65,DISCOUNT,26-09-2024 14:11:03,S08,20240926
S08/20240926/00024,9,TAX,1,295.20,TAX,26-09-2024 14:11:03,S08,20240926
S08/20240926/00024,10,TENDER,1,2465.35,TENDER,26-09-2024 14:11:03,S08,20240926
S08/20240926/00025,1,P102021,4,90.22,SALE,26-09-2024 16:15:33,S08,20240926
S08/20240926/00025,2,P100999,4,171.06,SALE,26-09-2024 16:15:33,S08,20240926
S08/20240926/00025,3,P106506,3,125.80,SALE,26-09-2024 16:15:33,S08,20240926
S08/20240926/00025,4,P105695,2,158.81,SALE,26-09-2024 16:15:33,S08,20240926
S08/20240926/00025,5,P106577,3,58.28,SALE,26-09-2024 16:15:33,S08,20240926
S08/20240926/00025,6,TAX,1,135.86,TAX,26-09-2024 16:15:33,S08,20240926
S08/20240926/00025,7,TENDER,1,2050.84,TENDER,26-09-2024 16:15:33,S08,20240926
S08/20240926/00026,1,P101117,1,203.24,SALE,26-09-2024 18:45:21,S08,20240926
S08/20240926/00026,2,P101690,2,1044.81,SALE,26-09-2024 18:45:21,S08,20240926
S08/20240926/00026,3,P107026,2,69.10,SALE,26-09-2024 18:45:21,S08,20240926
S08/20240926/00026,4,P105929,3,11.18,SALE,26-09-2024 18:45:21,S08,20240926
S08/20240926/00026,5,P108001,1,96.97,SALE,26-09-2024 18:45:21,S08,20240926
S08/20240926/00026,6,P104944,3,54.97,SALE,26-09-2024 18:45:21,S08,20240926
S08/20240926/00026,7,P105636,2,558.71,SALE,26-09-2024 18:45:21,S08,20240926
S08/20240926/00026,8,TAX,1,165.08,TAX,26-09-2024 18:45:21,S08,20240926
S08/20240926/00026,9,TENDER,1,4008.98,TENDER,26-09-2024 18:45:21,S08,20240926
S08/20240927/00001,1,P103294,5,69.64,SALE,27-09-2024 19:29:11,S08,20240927
S08/20240927/00001,2,P106506,2,125.80,SALE,27-09-2024 19:29:11,S08,20240927
S08/20240927/00001,3,P105288,1,271.73,SALE,27-09-2024 19:29:11,S08,20240927
S08/20240927/00001,4,P108206,3,81.62,SALE,27-09-2024 19:29:11,S08,20240927
S08/20240927/00001,5,P101298,3,224.87,SALE,27-09-2024 19:29:11,S08,20240927
S08/20240927/00001,6,TAX,1,143.65,TAX,27-09-2024 19:29:11,S08,20240927
S08/20240927/00001,7,TENDER,1,1934.65,TENDER,27-09-2024 19:29:11,S08,20240927
S08/20240927/00002,1,P106048,1,310.59,SALE,27-09-2024 17:38:20,S08,20240927
S08/20240927/00002,2,P107516,1,565.20,SALE,27-09-2024 17:38:20,S08,20240927
S08/20240927/00002,3,P107327,2,1138.42,SALE,27-09-2024 17:38:20,S08,20240927
S08/20240927/00002,4,P103584,1,402.02,SALE,27-09-2024 17:38:20,S08,20240927
S08/20240927/00002,5,DISC,1,-367.48,DISCOUNT,27-09-2024 17:38:20,S08,20240927
S08/20240927/00002,6,TAX,1,189.52,TAX,27-09-2024 17:38:20,S08,20240927
S08/20240927/00002,7,TENDER,1,3376.69,TENDER,27-09-2024 17:38:20,S08,20240927
S08/20240927/00003,1,P104168,1,512.27,SALE,27-09-2024 17:52:00,S08,20240927
S08/20240927/00003,2,P102982,3,255.95,SALE,27-09-2024 17:52:00,S08,20240927
S08/20240927/00003,3,P101874,2,19.95,SALE,27-09-2024 17:52:00,S08,20240927
S08/20240927/00003,4,P100276,5,965.56,SALE,27-09-2024 17:52:00,S08,20240927
S08/20240927/00003,5,DISC,1,-576.89,DISCOUNT,27-09-2024 17:52:00,S08,20240927
S08/20240927/00003,6,TAX,1,367.19,TAX,27-09-2024 17:52:00,S08,20240927
S08/20240927/00003,7,TENDER,1,5938.12,TENDER,27-09-2024 17:52:00,S08,20240927
S08/20240927/00004,1,P108017,3,105.98,SALE,27-09-2024 12:58:34,S08,20240927
S08/20240927/00004,2,P108149,2,1073.33,SALE,27-09-2024 12:58:34,S08,20240927
S08/20240927/00004,3,P105345,2,295.95,SALE,27-09-2024 12:58:34,S08,20240927
S08/20240927/00004,4,P104593,4,867.34,SALE,27-09-2024 12:58:34,S08,20240927
S08/20240927/00004,5,P105971,1,1150.46,SALE,27-09-2024 12:58:34,S08,20240927
S08/20240927/00004,6,DISC,1,-802.78,DISCOUNT,27-09-2024 12:58:34,S08,20240927
S08/20240927/00004,7,TAX,1,450.79,TAX,27-09-2024 12:58:34,S08,20240927
S08/20240927/00004,8,TENDER,1,7324.33,TENDER,27-09-2024 12:58:34,S08,20240927
S08/20240927/00005,1,P105356,1,232.26,SALE,27-09-2024 13:21:01,S08,20240927
S08/20240927/00005,2,P107003,3,1186.93,SALE,27-09-2024 13:21:01,S08,20240927
S08/20240927/00005,3,P104883,2,340.99,SALE,27-09-2024 13:21:01,S08,20240927
S08/20240927/00005,4,P100074,3,57.78,SALE,27-09-2024 13:21:01,S08,20240927
S08/20240927/00005,5,P107119,1,18.29,SALE,27-09-2024 13:21:01,S08,20240927
S08/20240927/00005,6,P107914,2,231.95,SALE,27-09-2024 13:21:01,S08,20240927
S08/20240927/00005,7,TAX,1,141.17,TAX,27-09-2024 13:21:01,S08,20240927
S08/20240927/00005,8,TENDER,1,5271.73,TENDER,27-09-2024 13:21:01,S08,20240927
S08/20240927/00006,1,P104089,3,358.58,SALE,28-09-2024 00:08:42,S08,20240927
S08/20240927/00006,2,P104606,2,90.58,SALE,28-09-2024 00:08:42,S08,20240927
S08/20240927/00006,3,P100367,3,537.90,SALE,28-09-2024 00:08:42,S08,20240927
S08/20240927/00006,4,DISC,1,-267.63,DISCOUNT,28-09-2024 00:08:42,S08,20240927
S08/20240927/00006,5,TAX,1,458.68,TAX,28-09-2024 00:08:42,S08,20240927
S08/20240927/00006,6,TENDER,1,3061.65,TENDER,28-09-2024 00:08:42,S08,20240927
S08/20240927/00007,1,P105057,1,294.62,SALE,27-09-2024 14:25:42,S08,20240927
S08/20240927/00007,2,P102695,1,1259.21,SALE,27-09-2024 14:25:42,S08,20240927
S08/20240927/00007,3,P107346,1,449.29,SALE,27-09-2024 14:25:42,S08,20240927
S08/20240927/00007,4,DISC,1,-43.22,DISCOUNT,27-09-2024 14:25:42,S08,20240927
S08/20240927/00007,5,TAX,1,221.71,TAX,27-09-2024 14:25:42,S08,20240927
S08/20240927/00007,6,TENDER,1,2181.61,TENDER,27-09-2024 14:25:42,S08,20240927
S08/20240927/00008,1,P104772,2,342.57,SALE,27-09-2024 18:16:09,S08,20240927
S08/20240927/00008,2,P106288,1,46.52,SALE,27-09-2024 18:16:09,S08,20240927
S08/20240927/00008,3,P105252,2,11.87,SALE,27-09-2024 18:16:09,S08,20240927
S08/20240927/00008,4,TAX,1,129.92,TAX,27-09-2024 18:16:09,S08,20240927
S08/20240927/00008,5,TENDER,1,885.32,TENDER,27-09-2024 18:16:09,S08,20240927
S08/20240927/00009,1,P106282,4,448.43,SALE,27-09-2024 19:33:12,S08,20240927
S08/20240927/00009,2,P107264,3,181.93,SALE,27-09-2024 19:33:12,S08,20240927
S08/20240927/00009,3,P107063,5,374.87,SALE,27-09-2024 19:33:12,S08,20240927
S08/20240927/00009,4,P102184,2,91.57,SALE,27-09-2024 19:33:12,S08,20240927
S08/20240927/00009,5,TAX,1,679.00,TAX,27-09-2024 19:33:12,S08,20240927
S08/20240927/00009,6,TENDER,1,5076.00,TENDER,27-09-2024 19:33:12,S08,20240927
S08/20240927/00010,1,P105838,2,594.50,SALE,27-09-2024 15:00:58,S08,20240927
S08/20240927/00010,2,P104980,1,92.75,SALE,27-09-2024 15:00:58,S08,20240927
S08/20240927/00010,3,P107110,1,77.73,SALE,27-09-2024 15:00:58,S08,20240927
S08/20240927/00010,4,P105878,1,282.51,SALE,27-09-2024 15:00:58,S08,20240927
S08/20240927/00010,5,DISC,1,-54.52,DISCOUNT,27-09-2024 15:00:58,S08,20240927
S08/20240927/00010,6,TAX,1,31.67,TAX,27-09-2024 15:00:58,S08,20240927
S08/20240927/00010,7,TENDER,1,1619.14,TENDER,27-09-2024 15:00:58,S08,20240927
S08/20240927/00011,1,P104625,3,283.99,SALE,27-09-2024 17:24:44,S08,20240927
S08/20240927/00011,2,P100933,3,276.15,SALE,27-09-2024 17:24:44,S08,20240927
S08/20240927/00011,3,P104975,1,568.03,SALE,27-09-2024 17:24:44,S08,20240927
S08/20240927/00011,4,P105030,2,224.07,SALE,27-09-2024 17:24:44,S08,20240927
S08/20240927/00011,5,TAX,1,229.79,TAX,27-09-2024 17:24:44,S08,20240927
S08/20240927/00011,6,TENDER,1,2926.38,TENDER,27-09-2024 17:24:44,S08,20240927
S08/20240927/00012,1,P101802,3,44.15,SALE,27-09-2024 18:00:46,S08,20240927
S08/20240927/00012,2,P100233,5,67.07,SALE,27-09-2024 18:00:46,S08,20240927
S08/20240927/00012,3,P107884,2,29.77,SALE,27-09-2024 18:00:46,S08,20240927
S08/20240927/00012,4,P108302,2,855.55,SALE,27-09-2024 18:00:46,S08,20240927
S08/20240927/00012,5,P107026,6,69.10,SALE,27-09-2024 18:00:46,S08,20240927
S08/20240927/00012,6,P107330,3,131.77,SALE,27-09-2024 18:00:46,S08,20240927
S08/20240927/00012,7,TAX,1,265.45,TAX,27-09-2024 18:00:46,S08,20240927
S08/20240927/00012,8,TENDER,1,3313.80,TENDER,27-09-2024 18:00:46,S08,20240927
S08/20240927/00013,1,P103732,1,94.74,SALE,27-09-2024 15:42:03,S08,20240927
S08/20240927/00013,2,P106920,1,1398.34,SALE,27-09-2024 15:42:03,S08,20240927
S08/20240927/00013,3,P106452,2,31.15,SALE,27-09-2024 15:42:03,S08,20240927
S08/20240927/00013,4,P102744,1,98.75,SALE,27-09-2024 15:42:03,S08,20240927
S08/20240927/00013,5,P103712,4,481.86,SALE,27-09-2024 15:42:03,S08,20240927
S08/20240927/00013,6,TAX,1,244.08,TAX,27-09-2024 15:42:03,S08,20240927
S08/20240927/00013,7,TENDER,1,3825.65,TENDER,27-09-2024 15:42:03,S08,20240927
S08/20240927/00014,1,P100255,1,1250.31,SALE,27-09-2024 11:03:14,S08,20240927
S08/20240927/00014,2,P102409,1,326.59,SALE,27-09-2024 11:03:14,S08,20240927
S08/20240927/00014,3,P100711,1,101.23,SALE,27-09-2024 11:03:14,S08,20240927
S08/20240927/00014,4,P105331,1,308.39,SALE,27-09-2024 11:03:14,S08,20240927
S08/20240927/00014,5,TAX,1,154.94,TAX,27-09-2024 11:03:14,S08,20240927
S08/20240927/00014,6,TENDER,1,2141.46,TENDER,27-09-2024 11:03:14,S08,20240927
S08/20240927/00015,1,P101034,1,94.74,SALE,27-09-2024 19:56:20,S08,20240927
S08/20240927/00015,2,P105651,3,108.83,SALE,27-09-2024 19:56:20,S08,20240927
S08/20240927/00015,3,TAX,1,70.14,TAX,27-09-2024 19:56:20,S08,20240927
S08/20240927/00015,4,TENDER,1,491.37,TENDER,27-09-2024 19:56:20,S08,20240927
S08/20240927/00016,1,P106035,1,96.54,SALE,27-09-2024 17:15:53,S08,20240927
S08/20240927/00016,2,P107449,1,1495.62,SALE,27-09-2024 17:15:53,S08,20240927
S08/20240927/00016,3,P104898,1,181.50,SALE,27-09-2024 17:15:53,S08,20240927
S08/20240927/00016,4,P105497,5,70.98,SALE,27-09-2024 17:15:53,S08,20240927
S08/20240927/00016,5,P107458,2,1239.88,SALE,27-09-2024 17:15:53,S08,20240927
S08/20240927/00016,6,TAX,1,248.51,TAX,27-09-2024 17:15:53,S08,20240927
S08/20240927/00016,7,TENDER,1,4856.83,TENDER,27-09-2024 17:15:53,S08,20240927
S08/20240927/00017,1,P102695,3,1259.21,SALE,27-09-2024 16:17:17,S08,20240927
S08/20240927/00017,2,P107320,2,223.25,SALE,27-09-2024 16:17:17,S08,20240927
S08/20240927/00017,3,P101481,2,55.03,SALE,27-09-2024 16:17:17,S08,20240927
S08/20240927/00017,4,P104226,2,303.01,SALE,27-09-2024 16:17:17,S08,20240927
S08/20240927/00017,5,P107508,4,1577.69,SALE,27-09-2024 16:17:17,S08,20240927
S08/20240927/00017,6,P104121,3,131.32,SALE,27-09-2024 16:17:17,S08,20240927
S08/20240927/00017,7,P101356,1,1132.00,SALE,27-09-2024 16:17:17,S08,20240927
S08/20240927/00017,8,P107777,1,222.77,SALE,27-09-2024 16:17:17,S08,20240927
S08/20240927/00017,9,DISC,1,-915.56,DISCOUNT,27-09-2024 16:17:17,S08,20240927
S08/20240927/00017,10,TAX,1,1298.80,TAX,27-09-2024 16:17:17,S08,20240927
S08/20240927/00017,11,TENDER,1,13382.94,TENDER,27-09-2024 16:17:17,S08,20240927
S08/20240927/00018,1,P104294,3,115.73,SALE,27-09-2024 09:41:05,S08,20240927
S08/20240927/00018,2,P106920,1,1398.34,SALE,27-09-2024 09:41:05,S08,20240927
S08/20240927/00018,3,P104811,1,108.16,SALE,27-09-2024 09:41:05,S08,20240927
S08/20240927/00018,4,P102963,1,415.64,SALE,27-09-2024 09:41:05,S08,20240927
S08/20240927/00018,5,TAX,1,135.95,TAX,27-09-2024 09:41:05,S08,20240927
S08/20240927/00018,6,TENDER,1,2405.28,TENDER,27-09-2024 09:41:05,S08,20240927
S08/20240927/00019,1,P108076,2,144.05,SALE,27-09-2024 14:07:38,S08,20240927
S08/20240927/00019,2,P103504,1,361.87,SALE,27-09-2024 14:07:38,S08,20240927
S08/20240927/00019,3,P103510,2,196.86,SALE,27-09-2024 14:07:38,S08,20240927
S08/20240927/00019,4,P102738,1,236.55,SALE,27-09-2024 14:07:38,S08,20240927
S08/20240927/00019,5,TAX,1,143.35,TAX,27-09-2024 14:07:38,S08,20240927
S08/20240927/00019,6,TENDER,1,1423.59,TENDER,27-09-2024 14:07:38,S08,20240927
S08/20240927/00020,1,P101263,2,620.85,SALE,27-09-2024 13:50:10,S08,20240927
S08/20240927/00020,2,P108379,3,300.71,SALE,27-09-2024 13:50:10,S08,20240927
S08/20240927/00020,3,P106282,1,448.43,SALE,27-09-2024 13:50:10,S08,20240927
S08/20240927/00020,4,TAX,1,412.48,TAX,27-09-2024 13:50:10,S08,20240927
S08/20240927/00020,5,TENDER,1,3004.74,TENDER,27-09-2024 13:50:10,S08,20240927
S08/20240927/00021,1,P105106,2,98.60,SALE,27-09-2024 14:04:24,S08,20240927
S08/20240927/00021,2,P100855,2,345.07,SALE,27-09-2024 14:04:24,S08,20240927
S08/20240927/00021,3,P108361,1,68.42,SALE,27-09-2024 14:04:24,S08,20240927
S08/20240927/00021,4,P106984,3,28.34,SALE,27-09-2024 14:04:24,S08,20240927
S08/20240927/00021,5,P101298,2,224.87,SALE,27-09-2024 14:04:24,S08,20240927
S08/20240927/00021,6,P107354,1,227.60,SALE,27-09-2024 14:04:24,S08,20240927
S08/20240927/00021,7,P100066,2,251.22,SALE,27-09-2024 14:04:24,S08,20240927
S08/20240927/00021,8,P107446,3,593.14,SALE,27-09-2024 14:04:24,S08,20240927
S08/20240927/00021,9,TAX,1,655.99,TAX,27-09-2024 14:04:24,S08,20240927
S08/20240927/00021,10,TENDER,1,4655.97,TENDER,27-09-2024 14:04:24,S08,20240927
S08/20240927/00022,1,P106490,3,671.88,SALE,27-09-2024 16:53:07,S08,20240927
S08/20240927/00022,2,P106566,1,251.68,SALE,27-09-2024 16:53:07,S08,20240927
S08/20240927/00022,3,P108221,2,50.44,SALE,27-09-2024 16:53:07,S08,20240927
S08/20240927/00022,4,P103372,3,49.00,SALE,27-09-2024 16:53:07,S08,20240927
S08/20240927/00022,5,P102593,1,92.93,SALE,27-09-2024 16:53:07,S08,20240927
S08/20240927/00022,6,P100609,2,76.13,SALE,27-09-2024 16:53:07,S08,20240927
S08/20240927/00022,7,P106344,3,801.30,SALE,27-09-2024 16:53:07,S08,20240927
S08/20240927/00022,8,TAX,1,124.92,TAX,27-09-2024 16:53:07,S08,20240927
S08/20240927/00022,9,TENDER,1,5289.21,TENDER,27-09-2024 16:53:07,S08,20240927
S08/20240927/00023,1,P107777,1,222.77,SALE,27-09-2024 14:13:47,S08,20240927
S08/20240927/00023,2,P106731,3,153.24,SALE,27-09-2024 14:13:47,S08,20240927
S08/20240927/00023,3,P102202,1,194.70,SALE,27-09-2024 14:13:47,S08,20240927
S08/20240927/00023,4,P107740,3,1366.88,SALE,27-09-2024 14:13:47,S08,20240927
S08/20240927/00023,5,P104628,1,196.55,SALE,27-09-2024 14:13:47,S08,20240927
S08/20240927/00023,6,P101311,4,529.91,SALE,27-09-2024 14:13:47,S08,20240927
S08/20240927/00023,7,P105656,2,516.52,SALE,27-09-2024 14:13:47,S08,20240927
S08/20240927/00023,8,P106793,1,303.65,SALE,27-09-2024 14:13:47,S08,20240927
S08/20240927/00023,9,TAX,1,683.67,TAX,27-09-2024 14:13:47,S08,20240927
S08/20240927/00023,10,TENDER,1,9314.38,TENDER,27-09-2024 14:13:47,S08,20240927
S08/20240927/00024,1,P103035,1,1201.33,SALE,27-09-2024 11:26:50,S08,20240927
S08/20240927/00024,2,P103465,5,32.05,SALE,27-09-2024 11:26:50,S08,20240927
S08/20240927/00024,3,TAX,1,88.91,TAX,27-09-2024 11:26:50,S08,20240927
S08/20240927/00024,4,TENDER,1,1450.49,TENDER,27-09-2024 11:26:50,S08,20240927
S08/20240927/00025,1,P104072,4,708.34,SALE,27-09-2024 19:51:24,S08,20240927
S08/20240927/00025,2,P101894,2,668.48,SALE,27-09-2024 19:51:24,S08,20240927
S08/20240927/00025,3,P100677,1,256.17,SALE,27-09-2024 19:51:24,S08,20240927
S08/20240927/00025,4,P102801,2,108.87,SALE,27-09-2024 19:51:24,S08,20240927
S08/20240927/00025,5,TAX,1,387.41,TAX,27-09-2024 19:51:24,S08,20240927
S08/20240927/00025,6,TENDER,1,5031.64,TENDER,27-09-2024 19:51:24,S08,20240927
S08/20240927/00026,1,P100869,1,62.15,SALE,27-09-2024 17:20:58,S08,20240927
S08/20240927/00026,2,P106542,2,122.90,SALE,27-09-2024 17:20:58,S08,20240927
S08/20240927/00026,3,P108125,1,129.06,SALE,27-09-2024 17:20:58,S08,20240927
S08/20240927/00026,4,P106813,2,257.87,SALE,27-09-2024 17:20:58,S08,20240927
S08/20240927/00026,5,P103081,4,480.46,SALE,27-09-2024 17:20:58,S08,20240927
S08/20240927/00026,6,P101592,1,295.58,SALE,27-09-2024 17:20:58,S08,20240927
S08/20240927/00026,7,P107960,2,1047.81,SALE,27-09-2024 17:20:58,S08,20240927
S08/20240927/00026,8,P104026,1,152.97,SALE,27-09-2024 17:20:58,S08,20240927
S08/20240927/00026,9,TAX,1,771.85,TAX,27-09-2024 17:20:58,S08,20240927
S08/20240927/00026,10,TENDER,1,6190.61,TENDER,27-09-2024 17:20:58,S08,20240927
S08/20240927/00027,1,P105075,1,49.58,SALE,27-09-2024 15:20:17,S08,20240927
S08/20240927/00027,2,P105460,2,143.35,SALE,27-09-2024 15:20:17,S08,20240927
S08/20240927/00027,3,P101613,3,125.30,SALE,27-09-2024 15:20:17,S08,20240927
S08/20240927/00027,4,P106948,5,180.07,SALE,27-09-2024 15:20:17,S08,20240927
S08/20240927/00027,5,P103461,2,104.95,SALE,27-09-2024 15:20:17,S08,20240927
S08/20240927/00027,6,TAX,1,198.40,TAX,27-09-2024 15:20:17,S08,20240927
S08/20240927/00027,7,TENDER,1,2020.83,TENDER,27-09-2024 15:20:17,S08,20240927
S08/20240927/00028,1,P102181,2,1586.03,SALE,27-09-2024 12:26:43,S08,20240927
S08/20240927/00028,2,P107597,2,519.83,SALE,27-09-2024 12:26:43,S08,20240927
S08/20240927/00028,3,P107149,2,145.83,SALE,27-09-2024 12:26:43,S08,20240927
S08/20240927/00028,4,TAX,1,104.48,TAX,27-09-2024 12:26:43,S08,20240927
S08/20240927/00028,5,TENDER,1,4607.86,TENDER,27-09-2024 12:26:43,S08,20240927
S08/20240927/00029,1,P105729,1,75.27,SALE,27-09-2024 13:49:22,S08,20240927
S08/20240927/00029,2,P105937,2,259.08,SALE,27-09-2024 13:49:22,S08,20240927
S08/20240927/00029,3,P101740,2,855.00,SALE,27-09-2024 13:49:22,S08,20240927
S08/20240927/00029,4,P106522,1,203.79,SALE,27-09-2024 13:49:22,S08,20240927
S08/20240927/00029,5,P105003,1,285.67,SALE,27-09-2024 13:49:22,S08,20240927
S08/20240927/00029,6,P106084,1,592.14,SALE,27-09-2024 13:49:22,S08,20240927
S08/20240927/00029,7,TAX,1,198.03,TAX,27-09-2024 13:49:22,S08,20240927
S08/20240927/00029,8,TENDER,1,3583.06,TENDER,27-09-2024 13:49:22,S08,20240927
S08/20240927/00030,1,P104497,2,229.16,SALE,27-09-2024 15:51:00,S08,20240927
S08/20240927/00030,2,P104784,1,370.89,SALE,27-09-2024 15:51:00,S08,20240927
S08/20240927/00030,3,P104909,1,363.10,SALE,27-09-2024 15:51:00,S08,20240927
S08/20240927/00030,4,P108076,3,144.05,SALE,27-09-2024 15:51:00,S08,20240927
S08/20240927/00030,5,P103487,1,361.14,SALE,27-09-2024 15:51:00,S08,20240927
S08/20240927/00030,6,TAX,1,188.55,TAX,27-09-2024 15:51:00,S08,20240927
S08/20240927/00030,7,TENDER,1,2174.15,TENDER,27-09-2024 15:51:00,S08,20240927
S08/20240927/00031,1,P107667,1,367.93,SALE,27-09-2024 15:14:35,S08,20240927
S08/20240927/00031,2,P105855,1,123.28,SALE,27-09-2024 15:14:35,S08,20240927
S08/20240927/00031,3,P108346,1,534.07,SALE,27-09-2024 15:14:35,S08,20240927
S08/20240927/00031,4,TAX,1,77.02,TAX,27-09-2024 15:14:35,S08,20240927
S08/20240927/00031,5,TENDER,1,1102.30,TENDER,27-09-2024 15:14:35,S08,20240927
S08/20240927/00032,1,P105929,2,11.18,SALE,27-09-2024 15:12:00,S08,20240927
S08/20240927/00032,2,P102671,1,252.00,SALE,27-09-2024 15:12:00,S08,20240927
S08/20240927/00032,3,P108162,1,257.55,SALE,27-09-2024 15:12:00,S08,20240927
S08/20240927/00032,4,P101156,1,91.80,SALE,27-09-2024 15:12:00,S08,20240927
S08/20240927/00032,5,P100221,3,139.88,SALE,27-09-2024 15:12:00,S08,20240927
S08/20240927/00032,6,P105394,1,327.72,SALE,27-09-2024 15:12:00,S08,20240927
S08/20240927/00032,7,P101305,3,114.22,SALE,27-09-2024 15:12:00,S08,20240927
S08/20240927/00032,8,P102371,1,59.77,SALE,27-09-2024 15:12:00,S08,20240927
S08/20240927/00032,9,P101428,2,417.72,SALE,27-09-2024 15:12:00,S08,20240927
S08/20240927/00032,10,TAX,1,388.26,TAX,27-09-2024 15:12:00,S08,20240927
S08/20240927/00032,11,TENDER,1,2997.20,TENDER,27-09-2024 15:12:00,S08,20240927
S08/20240927/00033,1,P107654,2,409.57,SALE,27-09-2024 18:14:11,S08,20240927
S08/20240927/00033,2,P107040,2,474.18,SALE,27-09-2024 18:14:11,S08,20240927
S08/20240927/00033,3,P107053,3,457.07,SALE,27-09-2024 18:14:11,S08,20240927
S08/20240927/00033,4,P105227,3,292.54,SALE,27-09-2024 18:14:11,S08,20240927
S08/20240927/00033,5,P102724,1,391.04,SALE,27-09-2024 18:14:11,S08,20240927
S08/20240927/00033,6,TAX,1,389.98,TAX,27-09-2024 18:14:11,S08,20240927
S08/20240927/00033,7,TENDER,1,4797.35,TENDER,27-09-2024 18:14:11,S08,20240927
S08/20240927/00034,1,P106169,2,221.89,SALE,27-09-2024 14:15:25,S08,20240927
S08/20240927/00034,2,P107294,1,83.95,SALE,27-09-2024 14:15:25,S08,20240927
S08/20240927/00034,3,P105003,2,285.67,SALE,27-09-2024 14:15:25,S08,20240927
S08/20240927/00034,4,P101090,1,24.06,SALE,27-09-2024 14:15:25,S08,20240927
S08/20240927/00034,5,P101697,2,102.34,SALE,27-09-2024 14:15:25,S08,20240927
S08/20240927/00034,6,TAX,1,191.25,TAX,27-09-2024 14:15:25,S08,20240927
S08/20240927/00034,7,TENDER,1,1519.06,TENDER,27-09-2024 14:15:25,S08,20240927
S08/20240927/00035,1,P100771,1,820.85,SALE,27-09-2024 19:42:06,S08,20240927
S08/20240927/00035,2,P101802,4,44.15,SALE,27-09-2024 19:42:06,S08,20240927
S08/20240927/00035,3,P101454,2,148.61,SALE,27-09-2024 19:42:06,S08,20240927
S08/20240927/00035,4,P106367,2,650.25,SALE,27-09-2024 19:42:06,S08,20240927
S08/20240927/00035,5,P105594,1,321.63,SALE,27-09-2024 19:42:06,S08,20240927
S08/20240927/00035,6,P101048,2,219.90,SALE,27-09-2024 19:42:06,S08,20240927
S08/20240927/00035,7,TAX,1,268.61,TAX,27-09-2024 19:42:06,S08,20240927
S08/20240927/00035,8,TENDER,1,3625.21,TENDER,27-09-2024 19:42:06,S08,20240927
S08/20240928/00001,1,P100593,1,32.38,SALE,28-09-2024 19:52:33,S08,20240928
S08/20240928/00001,2,P104992,2,979.87,SALE,28-09-2024 19:52:33,S08,20240928
S08/20240928/00001,3,P107018,1,187.58,SALE,28-09-2024 19:52:33,S08,20240928
S08/20240928/00001,4,P105400,1,53.13,SALE,28-09-2024 19:52:33,S08,20240928
S08/20240928/00001,5,P107686,1,347.22,SALE,28-09-2024 19:52:33,S08,20240928
S08/20240928/00001,6,TAX,1,83.06,TAX,28-09-2024 19:52:33,S08,20240928
S08/20240928/00001,7,TENDER,1,2663.11,TENDER,28-09-2024 19:52:33,S08,20240928
S08/20240928/00002,1,P108174,4,235.92,SALE,28-09-2024 14:40:13,S08,20240928
S08/20240928/00002,2,P102280,3,644.81,SALE,28-09-2024 14:40:13,S08,20240928
S08/20240928/00002,3,P103354,2,894.50,SALE,28-09-2024 14:40:13,S08,20240928
S08/20240928/00002,4,P105729,3,75.27,SALE,28-09-2024 14:40:13,S08,20240928
S08/20240928/00002,5,P108216,1,69.70,SALE,28-09-2024 14:40:13,S08,20240928
S08/20240928/00002,6,P106773,3,397.71,SALE,28-09-2024 14:40:13,S08,20240928
S08/20240928/00002,7,P107848,4,267.41,SALE,28-09-2024 14:40:13,S08,20240928
S08/20240928/00002,8,TAX,1,707.76,TAX,28-09-2024 14:40:13,S08,20240928
S08/20240928/00002,9,TENDER,1,7933.15,TENDER,28-09-2024 14:40:13,S08,20240928
S08/20240928/00003,1,P104695,3,80.54,SALE,28-09-2024 14:27:18,S08,20240928
S08/20240928/00003,2,P103927,5,206.11,SALE,28-09-2024 14:27:18,S08,20240928
S08/20240928/00003,3,P102054,1,142.99,SALE,28-09-2024 14:27:18,S08,20240928
S08/20240928/00003,4,P107301,2,945.94,SALE,28-09-2024 14:27:18,S08,20240928
S08/20240928/00003,5,TAX,1,70.76,TAX,28-09-2024 14:27:18,S08,20240928
S08/20240928/00003,6,TENDER,1,3377.80,TENDER,28-09-2024 14:27:18,S08,20240928
S08/20240928/00004,1,P102054,3,142.99,SALE,28-09-2024 17:22:46,S08,20240928
S08/20240928/00004,2,P101339,3,222.95,SALE,28-09-2024 17:22:46,S08,20240928
S08/20240928/00004,3,P105453,2,439.19,SALE,28-09-2024 17:22:46,S08,20240928
S08/20240928/00004,4,P103168,2,980.21,SALE,28-09-2024 17:22:46,S08,20240928
S08/20240928/00004,5,P105405,1,430.78,SALE,28-09-2024 17:22:46,S08,20240928
S08/20240928/00004,6,TAX,1,469.79,TAX,28-09-2024 17:22:46,S08,20240928
S08/20240928/00004,7,TENDER,1,4837.19,TENDER,28-09-2024 17:22:46,S08,20240928
S08/20240928/00005,1,P103517,1,160.29,SALE,28-09-2024 18:40:22,S08,20240928
S08/20240928/00005,2,P101428,1,394.08,SALE,28-09-2024 18:40:22,S08,20240928
S08/20240928/00005,3,P103413,1,1352.06,SALE,28-09-2024 18:40:22,S08,20240928
S08/20240928/00005,4,P103144,2,145.27,SALE,28-09-2024 18:40:22,S08,20240928
S08/20240928/00005,5,P102821,1,1356.95,SALE,28-09-2024 18:40:22,S08,20240928
S08/20240928/00005,6,P106566,3,251.68,SALE,28-09-2024 18:40:22,S08,20240928
S08/20240928/00005,7,P105268,2,255.65,SALE,28-09-2024 18:40:22,S08,20240928
S08/20240928/00005,8,TAX,1,381.01,TAX,28-09-2024 18:40:22,S08,20240928
S08/20240928/00005,9,TENDER,1,5201.27,TENDER,28-09-2024 18:40:22,S08,20240928
S08/20240928/00006,1,P101825,2,183.68,SALE,28-09-2024 13:23:53,S08,20240928
S08/20240928/00006,2,P101911,2,1431.80,SALE,28-09-2024 13:23:53,S08,20240928
S08/20240928/00006,3,P103559,1,370.21,SALE,28-09-2024 13:23:53,S08,20240928
S08/20240928/00006,4,P105524,3,77.90,SALE,28-09-2024 13:23:53,S08,20240928
S08/20240928/00006,5,P102494,3,14.54,SALE,28-09-2024 13:23:53,S08,20240928
S08/20240928/00006,6,P101747,2,245.75,SALE,28-09-2024 13:23:53,S08,20240928
S08/20240928/00006,7,P100112,1,90.37,SALE,28-09-2024 13:23:53,S08,20240928
S08/20240928/00006,8,TAX,1,127.64,TAX,28-09-2024 13:23:53,S08,20240928
S08/20240928/00006,9,TENDER,1,4588.00,TENDER,28-09-2024 13:23:53,S08,20240928
S08/20240928/00007,1,P105603,1,202.29,SALE,28-09-2024 20:38:56,S08,20240928
S08/20240928/00007,2,P101500,1,330.53,SALE,28-09-2024 20:38:56,S08,20240928
S08/20240928/00007,3,P104439,2,123.98,SALE,28-09-2024 20:38:56,S08,20240928
S08/20240928/00007,4,P105433,1,144.32,SALE,28-09-2024 20:38:56,S08,20240928
S08/20240928/00007,5,P107488,3,303.21,SALE,28-09-2024 20:38:56,S08,20240928
S08/20240928/00007,6,TAX,1,270.76,TAX,28-09-2024 20:38:56,S08,20240928
S08/20240928/00007,7,TENDER,1,2105.49,TENDER,28-09-2024 20:38:56,S08,20240928
S08/20240928/00008,1,P107190,1,223.50,SALE,28-09-2024 16:33:34,S08,20240928
S08/20240928/00008,2,P103833,5,1136.81,SALE,28-09-2024 16:33:34,S08,20240928
S08/20240928/00008,3,P107899,1,197.21,SALE,28-09-2024 16:33:34,S08,20240928
S08/20240928/00008,4,P104316,2,445.32,SALE,28-09-2024 16:33:34,S08,20240928
S08/20240928/00008,5,TAX,1,494.61,TAX,28-09-2024 16:33:34,S08,20240928
S08/20240928/00008,6,TENDER,1,7490.01,TENDER,28-09-2024 16:33:34,S08,20240928
S08/20240928/00009,1,P107605,2,1234.07,SALE,28-09-2024 10:54:06,S08,20240928
S08/20240928/00009,2,P102054,2,142.99,SALE,28-09-2024 10:54:06,S08,20240928
S08/20240928/00009,3,P101332,3,400.98,SALE,28-09-2024 10:54:06,S08,20240928
S08/20240928/00009,4,P103517,1,160.29,SALE,28-09-2024 10:54:06,S08,20240928
S08/20240928/00009,5,P106648,4,339.01,SALE,28-09-2024 10:54:06,S08,20240928
S08/20240928/00009,6,P107740,1,1366.88,SALE,28-09-2024 10:54:06,S08,20240928
S08/20240928/00009,7,TAX,1,758.83,TAX,28-09-2024 10:54:06,S08,20240928
S08/20240928/00009,8,TENDER,1,7599.10,TENDER,28-09-2024 10:54:06,S08,20240928
S08/20240928/00010,1,P104858,1,331.88,SALE,28-09-2024 19:48:14,S08,20240928
S08/20240928/00010,2,P106550,1,29.54,SALE,28-09-2024 19:48:14,S08,20240928
S08/20240928/00010,3,P101444,1,863.68,SALE,28-09-2024 19:48:14,S08,20240928
S08/20240928/00010,4,TAX,1,88.33,TAX,28-09-2024 19:48:14,S08,20240928
S08/20240928/00010,5,TENDER,1,1313.43,TENDER,28-09-2024 19:48:14,S08,20240928
S08/20240928/00011,1,P104811,3,108.16,SALE,28-09-2024 17:06:41,S08,20240928
S08/20240928/00011,2,P107581,1,287.09,SALE,28-09-2024 17:06:41,S08,20240928
S08/20240928/00011,3,DISC,1,-41.71,DISCOUNT,28-09-2024 17:06:41,S08,20240928
S08/20240928/00011,4,TAX,1,86.52,TAX,28-09-2024 17:06:41,S08,20240928
S08/20240928/00011,5,TENDER,1,656.38,TENDER,28-09-2024 17:06:41,S08,20240928
S08/20240928/00012,1,P102324,1,194.59,SALE,28-09-2024 16:45:17,S08,20240928
S08/20240928/00012,2,P106629,2,52.08,SALE,28-09-2024 16:45:17,S08,20240928
S08/20240928/00012,3,P105440,2,107.89,SALE,28-09-2024 16:45:17,S08,20240928
S08/20240928/00012,4,P100791,2,43.02,SALE,28-09-2024 16:45:17,S08,20240928
S08/20240928/00012,5,P103074,2,52.85,SALE,28-09-2024 16:45:17,S08,20240928
S08/20240928/00012,6,TAX,1,62.60,TAX,28-09-2024 16:45:17,S08,20240928
S08/20240928/00012,7,TENDER,1,768.87,TENDER,28-09-2024 16:45:17,S08,20240928
S08/20240928/00013,1,P105483,4,160.65,SALE,28-09-2024 13:27:59,S08,20240928
S08/20240928/00013,2,P106391,3,795.61,SALE,28-09-2024 13:27:59,S08,20240928
S08/20240928/00013,3,P102933,1,610.87,SALE,28-09-2024 13:27:59,S08,20240928
S08/20240928/00013,4,TAX,1,308.31,TAX,28-09-2024 13:27:59,S08,20240928
S08/20240928/00013,5,TENDER,1,3948.61,TENDER,28-09-2024 13:27:59,S08,20240928
S08/20240928/00014,1,P100281,1,485.13,SALE,28-09-2024 12:58:35,S08,20240928
S08/20240928/00014,2,P108275,3,504.53,SALE,28-09-2024 12:58:35,S08,20240928
S08/20240928/00014,3,P104980,2,92.75,SALE,28-09-2024 12:58:35,S08,20240928
S08/20240928/00014,4,P105460,1,143.35,SALE,28-09-2024 12:58:35,S08,20240928
S08/20240928/00014,5,P104133,1,248.31,SALE,28-09-2024 12:58:35,S08,20240928
S08/20240928/00014,6,P105666,1,1064.29,SALE,28-09-2024 12:58:35,S08,20240928
S08/20240928/00014,7,TAX,1,331.78,TAX,28-09-2024 12:58:35,S08,20240928
S08/20240928/00014,8,TENDER,1,3971.95,TENDER,28-09-2024 12:58:35,S08,20240928
S08/20240928/00015,1,P107089,2,208.86,SALE,28-09-2024 19:21:46,S08,20240928
S08/20240928/00015,2,P100418,2,204.95,SALE,28-09-2024 19:21:46,S08,20240928
S08/20240928/00015,3,TAX,1,20.89,TAX,28-09-2024 19:21:46,S08,20240928
S08/20240928/00015,4,TENDER,1,848.51,TENDER,28-09-2024 19:21:46,S08,20240928
S08/20240928/00016,1,P101332,3,400.98,SALE,28-09-2024 12:52:48,S08,20240928
S08/20240928/00016,2,P101859,2,66.16,SALE,28-09-2024 12:52:48,S08,20240928
S08/20240928/00016,3,P103964,3,134.21,SALE,28-09-2024 12:52:48,S08,20240928
S08/20240928/00016,4,P102933,3,610.87,SALE,28-09-2024 12:52:48,S08,20240928
S08/20240928/00016,5,P107449,2,1495.62,SALE,28-09-2024 12:52:48,S08,20240928
S08/20240928/00016,6,P101813,1,273.64,SALE,28-09-2024 12:52:48,S08,20240928
S08/20240928/00016,7,P101751,1,477.38,SALE,28-09-2024 12:52:48,S08,20240928
S08/20240928/00016,8,DISC,1,-157.19,DISCOUNT,28-09-2024 12:52:48,S08,20240928
S08/20240928/00016,9,TAX,1,897.61,TAX,28-09-2024 12:52:48,S08,20240928
S08/20240928/00016,10,TENDER,1,8053.18,TENDER,28-09-2024 12:52:48,S08,20240928
S08/20240928/00017,1,P103188,2,30.16,SALE,28-09-2024 13:34:39,S08,20240928
S08/20240928/00017,2,P105507,3,20.37,SALE,28-09-2024 13:34:39,S08,20240928
S08/20240928/00017,3,P101774,3,1116.16,SALE,28-09-2024 13:34:39,S08,20240928
S08/20240928/00017,4,P104718,2,364.54,SALE,28-09-2024 13:34:39,S08,20240928
S08/20240928/00017,5,P101982,1,366.95,SALE,28-09-2024 13:34:39,S08,20240928
S08/20240928/00017,6,P100479,3,342.92,SALE,28-09-2024 13:34:39,S08,20240928
S08/20240928/00017,7,P102181,2,1586.03,SALE,28-09-2024 13:34:39,S08,20240928
S08/20240928/00017,8,P102931,2,185.66,SALE,28-09-2024 13:34:39,S08,20240928
S08/20240928/00017,9,P105633,2,42.55,SALE,28-09-2024 13:34:39,S08,20240928
S08/20240928/00017,10,TAX,1,693.92,TAX,28-09-2024 13:34:39,S08,20240928
S08/20240928/00017,11,TENDER,1,9917.10,TENDER,28-09-2024 13:34:39,S08,20240928
S08/20240928/00018,1,P103882,2,269.95,SALE,28-09-2024 22:22:28,S08,20240928
S08/20240928/00018,2,P105511,2,310.12,SALE,28-09-2024 22:22:28,S08,20240928
S08/20240928/00018,3,P108050,2,1166.49,SALE,28-09-2024 22:22:28,S08,20240928
S08/20240928/00018,4,DISC,1,-77.84,DISCOUNT,28-09-2024 22:22:28,S08,20240928
S08/20240928/00018,5,TAX,1,318.22,TAX,28-09-2024 22:22:28,S08,20240928
S08/20240928/00018,6,TENDER,1,3733.50,TENDER,28-09-2024 22:22:28,S08,20240928
S08/20240928/00019,1,P101638,2,402.54,SALE,28-09-2024 16:56:42,S08,20240928
S08/20240928/00019,2,P100582,2,164.39,SALE,28-09-2024 16:56:42,S08,20240928
S08/20240928/00019,3,P102664,1,261.47,SALE,28-09-2024 16:56:42,S08,20240928
S08/20240928/00019,4,P104155,3,144.69,SALE,28-09-2024 16:56:42,S08,20240928
S08/20240928/00019,5,TAX,1,202.85,TAX,28-09-2024 16:56:42,S08,20240928
S08/20240928/00019,6,TENDER,1,2032.25,TENDER,28-09-2024 16:56:42,S08,20240928
S08/20240928/00020,1,P104739,2,172.21,SALE,28-09-2024 12:10:09,S08,20240928
S08/20240928/00020,2,P103050,2,569.48,SALE,28-09-2024 12:10:09,S08,20240928
S08/20240928/00020,3,P107432,4,45.60,SALE,28-09-2024 12:10:09,S08,20240928
S08/20240928/00020,4,P100519,1,365.61,SALE,28-09-2024 12:10:09,S08,20240928
S08/20240928/00020,5,P107320,1,223.25,SALE,28-09-2024 12:10:09,S08,20240928
S08/20240928/00020,6,TAX,1,141.78,TAX,28-09-2024 12:10:09,S08,20240928
S08/20240928/00020,7,TENDER,1,2396.42,TENDER,28-09-2024 12:10:09,S08,20240928
S08/20240928/00021,1,P104023,1,630.48,SALE,28-09-2024 20:43:08,S08,20240928
S08/20240928/00021,2,P106997,3,42.42,SALE,28-09-2024 20:43:08,S08,20240928
S08/20240928/00021,3,P103719,2,957.52,SALE,28-09-2024 20:43:08,S08,20240928
S08/20240928/00021,4,P105684,1,1114.27,SALE,28-09-2024 20:43:08,S08,20240928
S08/20240928/00021,5,DISC,1,-423.30,DISCOUNT,28-09-2024 20:43:08,S08,20240928
S08/20240928/00021,6,TAX,1,295.17,TAX,28-09-2024 20:43:08,S08,20240928
S08/20240928/00021,7,TENDER,1,3658.92,TENDER,28-09-2024 20:43:08,S08,20240928
S08/20240928/00022,1,P107681,1,193.13,SALE,28-09-2024 12:13:49,S08,20240928
S08/20240928/00022,2,P103620,1,474.03,SALE,28-09-2024 12:13:49,S08,20240928
S08/20240928/00022,3,TAX,1,34.76,TAX,28-09-2024 12:13:49,S08,20240928
S08/20240928/00022,4,TENDER,1,701.92,TENDER,28-09-2024 12:13:49,S08,20240928
S08/20240928/00023,1,P104617,2,107.09,SALE,28-09-2024 12:52:45,S08,20240928
S08/20240928/00023,2,P101263,1,620.85,SALE,28-09-2024 12:52:45,S08,20240928
S08/20240928/00023,3,P102091,1,87.97,SALE,28-09-2024 12:52:45,S08,20240928
S08/20240928/00023,4,P100924,1,49.24,SALE,28-09-2024 12:52:45,S08,20240928
S08/20240928/00023,5,TAX,1,159.17,TAX,28-09-2024 12:52:45,S08,20240928
S08/20240928/00023,6,TENDER,1,1131.41,TENDER,28-09-2024 12:52:45,S08,20240928
S08/20240928/00024,1,P107733,3,57.55,SALE,28-09-2024 14:22:29,S08,20240928
S08/20240928/00024,2,P101279,3,242.90,SALE,28-09-2024 14:22:29,S08,20240928
S08/20240928/00024,3,TAX,1,8.63,TAX,28-09-2024 14:22:29,S08,20240928
S08/20240928/00024,4,TENDER,1,909.98,TENDER,28-09-2024 14:22:29,S08,20240928
S08/20240928/00025,1,P107400,2,274.90,SALE,28-09-2024 11:33:56,S08,20240928
S08/20240928/00025,2,P107246,1,313.74,SALE,28-09-2024 11:33:56,S08,20240928
S08/20240928/00025,3,P105377,1,275.11,SALE,28-09-2024 11:33:56,S08,20240928
S08/20240928/00025,4,P106158,1,507.58,SALE,28-09-2024 11:33:56,S08,20240928
S08/20240928/00025,5,TAX,1,213.83,TAX,28-09-2024 11:33:56,S08,20240928
S08/20240928/00025,6,TENDER,1,1860.06,TENDER,28-09-2024 11:33:56,S08,20240928
S08/20240928/00026,1,P101190,1,89.25,SALE,28-09-2024 19:37:50,S08,20240928
S08/20240928/00026,2,P100135,2,72.29,SALE,28-09-2024 19:37:50,S08,20240928
S08/20240928/00026,3,P103461,2,104.95,SALE,28-09-2024 19:37:50,S08,20240928
S08/20240928/00026,4,P106424,1,535.14,SALE,28-09-2024 19:37:50,S08,20240928
S08/20240928/00026,5,P100640,3,379.48,SALE,28-09-2024 19:37:50,S08,20240928
S08/20240928/00026,6,TAX,1,211.85,TAX,28-09-2024 19:37:50,S08,20240928
S08/20240928/00026,7,TENDER,1,2329.16,TENDER,28-09-2024 19:37:50,S08,20240928
S08/20240928/00027,1,P102892,2,227.52,SALE,28-09-2024 20:43:45,S08,20240928
S08/20240928/00027,2,TAX,1,81.91,TAX,28-09-2024 20:43:45,S08,20240928
S08/20240928/00027,3,TENDER,1,536.95,TENDER,28-09-2024 20:43:45,S08,20240928
S08/20240928/00028,1,P105050,2,114.80,SALE,29-09-2024 00:16:55,S08,20240928
S08/20240928/00028,2,P104789,1,67.52,SALE,29-09-2024 00:16:55,S08,20240928
S08/20240928/00028,3,P101458,2,1365.07,SALE,29-09-2024 00:16:55,S08,20240928
S08/20240928/00028,4,P104487,1,388.90,SALE,29-09-2024 00:16:55,S08,20240928
S08/20240928/00028,5,TAX,1,58.15,TAX,29-09-2024 00:16:55,S08,20240928
S08/20240928/00028,6,TENDER,1,3474.31,TENDER,29-09-2024 00:16:55,S08,20240928
S08/20240928/00029,1,P104688,2,178.09,SALE,28-09-2024 15:58:42,S08,20240928
S08/20240928/00029,2,P108026,2,103.54,SALE,28-09-2024 15:58:42,S08,20240928
S08/20240928/00029,3,P105589,1,90.25,SALE,28-09-2024 15:58:42,S08,20240928
S08/20240928/00029,4,P107605,1,1234.07,SALE,28-09-2024 15:58:42,S08,20240928
S08/20240928/00029,5,P106659,2,98.98,SALE,28-09-2024 15:58:42,S08,20240928
S08/20240928/00029,6,P107549,3,47.87,SALE,28-09-2024 15:58:42,S08,20240928
S08/20240928/00029,7,P107149,4,145.83,SALE,28-09-2024 15:58:42,S08,20240928
S08/20240928/00029,8,P105707,3,130.64,SALE,28-09-2024 15:58:42,S08,20240928
S08/20240928/00029,9,DISC,1,-303.76,DISCOUNT,28-09-2024 15:58:42,S08,20240928
S08/20240928/00029,10,TAX,1,381.14,TAX,28-09-2024 15:58:42,S08,20240928
S08/20240928/00029,11,TENDER,1,3281.77,TENDER,28-09-2024 15:58:42,S08,20240928
S08/20240928/00030,1,P104517,2,1474.90,SALE,28-09-2024 14:41:40,S08,20240928
S08/20240928/00030,2,P107775,2,739.97,SALE,28-09-2024 14:41:40,S08,20240928
S08/20240928/00030,3,TAX,1,74.00,TAX,28-09-2024 14:41:40,S08,20240928
S08/20240928/00030,4,TENDER,1,4503.74,TENDER,28-09-2024 14:41:40,S08,20240928
S08/20240928/00031,1,P106434,2,178.02,SALE,28-09-2024 16:39:02,S08,20240928
S08/20240928/00031,2,P107217,2,293.45,SALE,28-09-2024 16:39:02,S08,20240928
S08/20240928/00031,3,P106004,1,137.38,SALE,28-09-2024 16:39:02,S08,20240928
S08/20240928/00031,4,TAX,1,120.02,TAX,28-09-2024 16:39:02,S08,20240928
S08/20240928/00031,5,TENDER,1,1200.34,TENDER,28-09-2024 16:39:02,S08,20240928
S08/20240928/00032,1,P106669,2,102.72,SALE,28-09-2024 16:22:49,S08,20240928
S08/20240928/00032,2,P104789,4,67.52,SALE,28-09-2024 16:22:49,S08,20240928
S08/20240928/00032,3,P107826,1,121.37,SALE,28-09-2024 16:22:49,S08,20240928
S08/20240928/00032,4,P101339,2,222.95,SALE,28-09-2024 16:22:49,S08,20240928
S08/20240928/00032,5,P101674,1,387.70,SALE,28-09-2024 16:22:49,S08,20240928
S08/20240928/00032,6,TAX,1,116.92,TAX,28-09-2024 16:22:49,S08,20240928
S08/20240928/00032,7,TENDER,1,1547.41,TENDER,28-09-2024 16:22:49,S08,20240928
S08/20240928/00033,1,P106900,3,179.85,SALE,28-09-2024 15:22:34,S08,20240928
S08/20240928/00033,2,P102993,5,299.71,SALE,28-09-2024 15:22:34,S08,20240928
S08/20240928/00033,3,P104944,4,54.97,SALE,28-09-2024 15:22:34,S08,20240928
S08/20240928/00033,4,P103040,2,410.59,SALE,28-09-2024 15:22:34,S08,20240928
S08/20240928/00033,5,TAX,1,289.30,TAX,28-09-2024 15:22:34,S08,20240928
S08/20240928/00033,6,TENDER,1,3368.46,TENDER,28-09-2024 15:22:34,S08,20240928
S08/20240928/00034,1,P105356,7,232.26,SALE,28-09-2024 15:07:04,S08,20240928
S08/20240928/00034,2,P102520,4,731.86,SALE,28-09-2024 15:07:04,S08,20240928
S08/20240928/00034,3,P100933,4,276.15,SALE,28-09-2024 15:07:04,S08,20240928
S08/20240928/00034,4,DISC,1,-512.09,DISCOUNT,28-09-2024 15:07:04,S08,20240928
S08/20240928/00034,5,TAX,1,387.89,TAX,28-09-2024 15:07:04,S08,20240928
S08/20240928/00034,6,TENDER,1,5533.66,TENDER,28-09-2024 15:07:04,S08,20240928
S08/20240928/00035,1,P103839,2,213.95,SALE,28-09-2024 21:03:35,S08,20240928
S08/20240928/00035,2,P102993,4,299.71,SALE,28-09-2024 21:03:35,S08,20240928
S08/20240928/00035,3,P102616,3,82.31,SALE,28-09-2024 21:03:35,S08,20240928
S08/20240928/00035,4,P103155,1,270.20,SALE,28-09-2024 21:03:35,S08,20240928
S08/20240928/00035,5,P103496,1,70.71,SALE,28-09-2024 21:03:35,S08,20240928
S08/20240928/00035,6,P104854,2,34.90,SALE,28-09-2024 21:03:35,S08,20240928
S08/20240928/00035,7,P105136,4,158.61,SALE,28-09-2024 21:03:35,S08,20240928
S08/20240928/00035,8,TAX,1,242.78,TAX,28-09-2024 21:03:35,S08,20240928
S08/20240928/00035,9,TENDER,1,3161.60,TENDER,28-09-2024 21:03:35,S08,20240928
S08/20240928/00036,1,P107381,3,195.99,SALE,28-09-2024 16:15:17,S08,20240928
S08/20240928/00036,2,P100985,1,327.15,SALE,28-09-2024 16:15:17,S08,20240928
S08/20240928/00036,3,P100178,1,480.34,SALE,28-09-2024 16:15:17,S08,20240928
S08/20240928/00036,4,P100621,3,134.28,SALE,28-09-2024 16:15:17,S08,20240928
S08/20240928/00036,5,P102243,1,145.61,SALE,28-09-2024 16:15:17,S08,20240928
S08/20240928/00036,6,P104512,2,94.53,SALE,28-09-2024 16:15:17,S08,20240928
S08/20240928/00036,7,DISC,1,-141.91,DISCOUNT,28-09-2024 16:15:17,S08,20240928
S08/20240928/00036,8,TAX,1,284.85,TAX,28-09-2024 16:15:17,S08,20240928
S08/20240928/00036,9,TENDER,1,2275.91,TENDER,28-09-2024 16:15:17,S08,20240928
S08/20240928/00037,1,P107242,3,635.24,SALE,28-09-2024 18:43:45,S08,20240928
S08/20240928/00037,2,P108174,1,235.92,SALE,28-09-2024 18:43:45,S08,20240928
S08/20240928/00037,3,P103243,2,193.36,SALE,28-09-2024 18:43:45,S08,20240928
S08/20240928/00037,4,TAX,1,126.42,TAX,28-09-2024 18:43:45,S08,20240928
S08/20240928/00037,5,TENDER,1,2654.78,TENDER,28-09-2024 18:43:45,S08,20240928
S08/20240928/00038,1,P102006,2,1553.68,SALE,28-09-2024 14:09:01,S08,20240928
S08/20240928/00038,2,P102060,2,165.83,SALE,28-09-2024 14:09:01,S08,20240928
S08/20240928/00038,3,P103035,5,1201.33,SALE,28-09-2024 14:09:01,S08,20240928
S08/20240928/00038,4,P102166,2,52.54,SALE,28-09-2024 14:09:01,S08,20240928
S08/20240928/00038,5,P103645,2,254.96,SALE,28-09-2024 14:09:01,S08,20240928
S08/20240928/00038,6,P104854,1,34.90,SALE,28-09-2024 14:09:01,S08,20240928
S08/20240928/00038,7,TAX,1,319.25,TAX,28-09-2024 14:09:01,S08,20240928
S08/20240928/00038,8,TENDER,1,10414.82,TENDER,28-09-2024 14:09:01,S08,20240928
S08/20240928/00039,1,P104462,4,86.38,SALE,28-09-2024 18:54:21,S08,20240928
S08/20240928/00039,2,P104645,4,1052.62,SALE,28-09-2024 18:54:21,S08,20240928
S08/20240928/00039,3,P103340,3,537.50,SALE,28-09-2024 18:54:21,S08,20240928
S08/20240928/00039,4,P101710,1,322.76,SALE,28-09-2024 18:54:21,S08,20240928
S08/20240928/00039,5,P108302,3,855.55,SALE,28-09-2024 18:54:21,S08,20240928
S08/20240928/00039,6,P103908,2,104.62,SALE,28-09-2024 18:54:21,S08,20240928
S08/20240928/00039,7,P104168,2,512.27,SALE,28-09-2024 18:54:21,S08,20240928
S08/20240928/00039,8,TAX,1,550.93,TAX,28-09-2024 18:54:21,S08,20240928
S08/20240928/00039,9,TENDER,1,10842.62,TENDER,28-09-2024 18:54:21,S08,20240928
S08/20240928/00040,1,P102424,1,333.88,SALE,28-09-2024 23:46:24,S08,20240928
S08/20240928/00040,2,P107137,2,32.59,SALE,28-09-2024 23:46:24,S08,20240928
S08/20240928/00040,3,P104756,4,373.50,SALE,28-09-2024 23:46:24,S08,20240928
S08/20240928/00040,4,TAX,1,195.97,TAX,28-09-2024 23:46:24,S08,20240928
S08/20240928/00040,5,TENDER,1,2089.03,TENDER,28-09-2024 23:46:24,S08,20240928
S08/20240928/00041,1,P106553,1,139.74,SALE,28-09-2024 23:27:37,S08,20240928
S08/20240928/00041,2,P102006,2,1553.68,SALE,28-09-2024 23:27:37,S08,20240928
S08/20240928/00041,3,P103435,1,443.24,SALE,28-09-2024 23:27:37,S08,20240928
S08/20240928/00041,4,P100005,1,114.37,SALE,28-09-2024 23:27:37,S08,20240928
S08/20240928/00041,5,P101174,1,57.43,SALE,28-09-2024 23:27:37,S08,20240928
S08/20240928/00041,6,DISC,1,-235.24,DISCOUNT,28-09-2024 23:27:37,S08,20240928
S08/20240928/00041,7,TAX,1,120.57,TAX,28-09-2024 23:27:37,S08,20240928
S08/20240928/00041,8,TENDER,1,3747.47,TENDER,28-09-2024 23:27:37,S08,20240928
S08/20240928/00042,1,P100682,3,337.76,SALE,28-09-2024 09:47:03,S08,20240928
S08/20240928/00042,2,P103137,1,218.09,SALE,28-09-2024 09:47:03,S08,20240928
S08/20240928/00042,3,P105747,2,287.56,SALE,28-09-2024 09:47:03,S08,20240928
S08/20240928/00042,4,P100156,1,1576.32,SALE,28-09-2024 09:47:03,S08,20240928
S08/20240928/00042,5,P103785,3,562.18,SALE,28-09-2024 09:47:03,S08,20240928
S08/20240928/00042,6,P105575,2,513.17,SALE,28-09-2024 09:47:03,S08,20240928
S08/20240928/00042,7,P107432,2,45.60,SALE,28-09-2024 09:47:03,S08,20240928
S08/20240928/00042,8,P105643,3,1294.23,SALE,28-09-2024 09:47:03,S08,20240928
S08/20240928/00042,9,P104194,1,119.04,SALE,28-09-2024 09:47:03,S08,20240928
S08/20240928/00042,10,TAX,1,530.98,TAX,28-09-2024 09:47:03,S08,20240928
S08/20240928/00042,11,TENDER,1,10719.60,TENDER,28-09-2024 09:47:03,S08,20240928
S08/20240928/00043,1,P103645,2,254.96,SALE,28-09-2024 15:20:51,S08,20240928
S08/20240928/00043,2,P107226,2,86.90,SALE,28-09-2024 15:20:51,S08,20240928
S08/20240928/00043,3,P107581,1,287.09,SALE,28-09-2024 15:20:51,S08,20240928
S08/20240928/00043,4,P104187,1,86.95,SALE,28-09-2024 15:20:51,S08,20240928
S08/20240928/00043,5,P102193,1,343.13,SALE,28-09-2024 15:20:51,S08,20240928
S08/20240928/00043,6,P103438,3,187.96,SALE,28-09-2024 15:20:51,S08,20240928
S08/20240928/00043,7,DISC,1,-193.89,DISCOUNT,28-09-2024 15:20:51,S08,20240928
S08/20240928/00043,8,TAX,1,144.25,TAX,28-09-2024 15:20:51,S08,20240928
S08/20240928/00043,9,TENDER,1,1915.13,TENDER,28-09-2024 15:20:51,S08,20240928
S08/20240928/00044,1,P108206,2,81.62,SALE,28-09-2024 17:07:53,S08,20240928
S08/20240928/00044,2,P104567,1,141.21,SALE,28-09-2024 17:07:53,S08,20240928
S08/20240928/00044,3,P102409,4,326.59,SALE,28-09-2024 17:07:53,S08,20240928
S08/20240928/00044,4,TAX,1,252.09,TAX,28-09-2024 17:07:53,S08,20240928
S08/20240928/00044,5,TENDER,1,1862.90,TENDER,28-09-2024 17:07:53,S08,20240928
S08/20240929/00001,1,P104572,2,182.16,SALE,29-09-2024 12:11:21,S08,20240929
S08/20240929/00001,2,P104688,1,178.09,SALE,29-09-2024 12:11:21,S08,20240929
S08/20240929/00001,3,P106254,1,1135.50,SALE,29-09-2024 12:11:21,S08,20240929
S08/20240929/00001,4,P101384,2,42.99,SALE,29-09-2024 12:11:21,S08,20240929
S08/20240929/00001,5,P102933,3,610.87,SALE,29-09-2024 12:11:21,S08,20240929
S08/20240929/00001,6,P104898,4,181.50,SALE,29-09-2024 12:11:21,S08,20240929
S08/20240929/00001,7,DISC,1,-455.67,DISCOUNT,29-09-2024 12:11:21,S08,20240929
S08/20240929/00001,8,TAX,1,257.31,TAX,29-09-2024 12:11:21,S08,20240929
S08/20240929/00001,9,TENDER,1,4124.14,TENDER,29-09-2024 12:11:21,S08,20240929
S08/20240929/00002,1,P105765,2,495.29,SALE,29-09-2024 14:31:48,S08,20240929
S08/20240929/00002,2,P106911,3,232.77,SALE,29-09-2024 14:31:48,S08,20240929
S08/20240929/00002,3,P108369,3,318.67,SALE,29-09-2024 14:31:48,S08,20240929
S08/20240929/00002,4,P105988,2,29.57,SALE,29-09-2024 14:31:48,S08,20240929
S08/20240929/00002,5,TAX,1,353.34,TAX,29-09-2024 14:31:48,S08,20240929
S08/20240929/00002,6,TENDER,1,3057.38,TENDER,29-09-2024 14:31:48,S08,20240929
S08/20240929/00003,1,P106382,3,81.60,SALE,29-09-2024 18:45:00,S08,20240929
S08/20240929/00003,2,P100711,2,101.23,SALE,29-09-2024 18:45:00,S08,20240929
S08/20240929/00003,3,P106106,2,219.14,SALE,29-09-2024 18:45:00,S08,20240929
S08/20240929/00003,4,TAX,1,115.33,TAX,29-09-2024 18:45:00,S08,20240929
S08/20240929/00003,5,TENDER,1,1000.87,TENDER,29-09-2024 18:45:00,S08,20240929
S08/20240929/00004,1,P107843,4,486.47,SALE,29-09-2024 20:29:30,S08,20240929
S08/20240929/00004,2,P107246,2,313.74,SALE,29-09-2024 20:29:30,S08,20240929
S08/20240929/00004,3,P102296,2,48.88,SALE,29-09-2024 20:29:30,S08,20240929
S08/20240929/00004,4,P102035,1,493.95,SALE,29-09-2024 20:29:30,S08,20240929
S08/20240929/00004,5,P108149,1,1073.33,SALE,29-09-2024 20:29:30,S08,20240929
S08/20240929/00004,6,P101339,3,222.95,SALE,29-09-2024 20:29:30,S08,20240929
S08/20240929/00004,7,TAX,1,538.94,TAX,29-09-2024 20:29:30,S08,20240929
S08/20240929/00004,8,TENDER,1,5446.19,TENDER,29-09-2024 20:29:30,S08,20240929
S08/20240929/00005,1,P104933,3,560.59,SALE,29-09-2024 17:15:01,S08,20240929
S08/20240929/00005,2,P100221,4,139.88,SALE,29-09-2024 17:15:01,S08,20240929
S08/20240929/00005,3,P103861,1,57.59,SALE,29-09-2024 17:15:01,S08,20240929
S08/20240929/00005,4,P101774,2,1116.16,SALE,29-09-2024 17:15:01,S08,20240929
S08/20240929/00005,5,P100305,3,771.81,SALE,29-09-2024 17:15:01,S08,20240929
S08/20240929/00005,6,TAX,1,640.62,TAX,29-09-2024 17:15:01,S08,20240929
S08/20240929/00005,7,TENDER,1,7487.25,TENDER,29-09-2024 17:15:01,S08,20240929
S08/20240929/00006,1,P105050,2,114.80,SALE,29-09-2024 16:45:15,S08,20240929
S08/20240929/00006,2,P101974,3,302.00,SALE,29-09-2024 16:45:15,S08,20240929
S08/20240929/00006,3,P101419,1,195.72,SALE,29-09-2024 16:45:15,S08,20240929
S08/20240929/00006,4,P105127,3,65.49,SALE,29-09-2024 16:45:15,S08,20240929
S08/20240929/00006,5,P104558,2,440.08,SALE,29-09-2024 16:45:15,S08,20240929
S08/20240929/00006,6,TAX,1,313.49,TAX,29-09-2024 16:45:15,S08,20240929
S08/20240929/00006,7,TENDER,1,2721.44,TENDER,29-09-2024 16:45:15,S08,20240929
S08/20240929/00007,1,P107435,4,549.51,SALE,29-09-2024 14:38:22,S08,20240929
S08/20240929/00007,2,P102081,1,164.15,SALE,29-09-2024 14:38:22,S08,20240929
S08/20240929/00007,3,P108186,1,348.70,SALE,29-09-2024 14:38:22,S08,20240929
S08/20240929/00007,4,P106323,3,218.99,SALE,29-09-2024 14:38:22,S08,20240929
S08/20240929/00007,5,P105413,4,168.78,SALE,29-09-2024 14:38:22,S08,20240929
S08/20240929/00007,6,P107115,2,172.62,SALE,29-09-2024 14:38:22,S08,20240929
S08/20240929/00007,7,TAX,1,598.16,TAX,29-09-2024 14:38:22,S08,20240929
S08/20240929/00007,8,TENDER,1,4986.38,TENDER,29-09-2024 14:38:22,S08,20240929
S08/20240929/00008,1,P100803,2,278.56,SALE,29-09-2024 15:35:15,S08,20240929
S08/20240929/00008,2,P104454,2,49.63,SALE,29-09-2024 15:35:15,S08,20240929
S08/20240929/00008,3,TAX,1,32.82,TAX,29-09-2024 15:35:15,S08,20240929
S08/20240929/00008,4,TENDER,1,689.20,TENDER,29-09-2024 15:35:15,S08,20240929
S08/20240929/00009,1,P102014,1,261.84,SALE,29-09-2024 12:45:08,S08,20240929
S08/20240929/00009,2,P102502,1,366.79,SALE,29-09-2024 12:45:08,S08,20240929
S08/20240929/00009,3,P101515,3,60.18,SALE,29-09-2024 12:45:08,S08,20240929
S08/20240929/00009,4,TAX,1,113.15,TAX,29-09-2024 12:45:08,S08,20240929
S08/20240929/00009,5,TENDER,1,922.32,TENDER,29-09-2024 12:45:08,S08,20240929
S08/20240929/00010,1,P106776,2,445.40,SALE,29-09-2024 13:55:30,S08,20240929
S08/20240929/00010,2,P108206,1,81.62,SALE,29-09-2024 13:55:30,S08,20240929
S08/20240929/00010,3,P103473,2,428.66,SALE,29-09-2024 13:55:30,S08,20240929
S08/20240929/00010,4,P100956,3,421.98,SALE,29-09-2024 13:55:30,S08,20240929
S08/20240929/00010,5,TAX,1,210.72,TAX,29-09-2024 13:55:30,S08,20240929
S08/20240929/00010,6,TENDER,1,3306.40,TENDER,29-09-2024 13:55:30,S08,20240929
S08/20240929/00011,1,P104242,3,308.27,SALE,29-09-2024 09:42:30,S08,20240929
S08/20240929/00011,2,P104756,3,373.50,SALE,29-09-2024 09:42:30,S08,20240929
S08/20240929/00011,3,P101023,2,213.62,SALE,29-09-2024 09:42:30,S08,20240929
S08/20240929/00011,4,P103896,1,203.30,SALE,29-09-2024 09:42:30,S08,20240929
S08/20240929/00011,5,TAX,1,303.39,TAX,29-09-2024 09:42:30,S08,20240929
S08/20240929/00011,6,TENDER,1,2979.24,TENDER,29-09-2024 09:42:30,S08,20240929
S08/20240929/00012,1,P107686,3,347.22,SALE,29-09-2024 15:16:26,S08,20240929
S08/20240929/00012,2,P102255,2,167.76,SALE,29-09-2024 15:16:26,S08,20240929
S08/20240929/00012,3,P105707,3,130.64,SALE,29-09-2024 15:16:26,S08,20240929
S08/20240929/00012,4,P107784,1,245.59,SALE,29-09-2024 15:16:26,S08,20240929
S08/20240929/00012,5,TAX,1,264.00,TAX,29-09-2024 15:16:26,S08,20240929
S08/20240929/00012,6,TENDER,1,2278.69,TENDER,29-09-2024 15:16:26,S08,20240929
S08/20240929/00013,1,P104501,1,413.53,SALE,29-09-2024 12:45:54,S08,20240929
S08/20240929/00013,2,P104361,2,1458.35,SALE,29-09-2024 12:45:54,S08,20240929
S08/20240929/00013,3,P100621,2,134.28,SALE,29-09-2024 12:45:54,S08,20240929
S08/20240929/00013,4,P106611,3,341.44,SALE,29-09-2024 12:45:54,S08,20240929
S08/20240929/00013,5,TAX,1,521.26,TAX,29-09-2024 12:45:54,S08,20240929
S08/20240929/00013,6,TENDER,1,5144.37,TENDER,29-09-2024 12:45:54,S08,20240929
S08/20240929/00014,1,P100319,2,48.05,SALE,29-09-2024 11:51:08,S08,20240929
S08/20240929/00014,2,P100665,2,305.11,SALE,29-09-2024 11:51:08,S08,20240929
S08/20240929/00014,3,P107564,2,325.35,SALE,29-09-2024 11:51:08,S08,20240929
S08/20240929/00014,4,P102166,1,52.54,SALE,29-09-2024 11:51:08,S08,20240929
S08/20240929/00014,5,P107012,2,104.24,SALE,29-09-2024 11:51:08,S08,20240929
S08/20240929/00014,6,P107100,3,180.97,SALE,29-09-2024 11:51:08,S08,20240929
S08/20240929/00014,7,P106997,2,42.42,SALE,29-09-2024 11:51:08,S08,20240929
S08/20240929/00014,8,P100106,2,318.86,SALE,29-09-2024 11:51:08,S08,20240929
S08/20240929/00014,9,TAX,1,366.12,TAX,29-09-2024 11:51:08,S08,20240929
S08/20240929/00014,10,TENDER,1,3249.63,TENDER,29-09-2024 11:51:08,S08,20240929
S08/20240929/00015,1,P106258,4,423.67,SALE,29-09-2024 12:17:54,S08,20240929
S08/20240929/00015,2,P108239,3,256.06,SALE,29-09-2024 12:17:54,S08,20240929
S08/20240929/00015,3,P103986,3,495.05,SALE,29-09-2024 12:17:54,S08,20240929
S08/20240929/00015,4,P106955,2,204.37,SALE,29-09-2024 12:17:54,S08,20240929
S08/20240929/00015,5,P102129,1,252.76,SALE,29-09-2024 12:17:54,S08,20240929
S08/20240929/00015,6,P101851,1,1750.29,SALE,29-09-2024 12:17:54,S08,20240929
S08/20240929/00015,7,TAX,1,523.41,TAX,29-09-2024 12:17:54,S08,20240929
S08/20240929/00015,8,TENDER,1,6883.21,TENDER,29-09-2024 12:17:54,S08,20240929
S08/20240929/00016,1,P103262,1,54.76,SALE,29-09-2024 14:03:40,S08,20240929
S08/20240929/00016,2,P102566,2,414.37,SALE,29-09-2024 14:03:40,S08,20240929
S08/20240929/00016,3,P102849,2,692.04,SALE,29-09-2024 14:03:40,S08,20240929
S08/20240929/00016,4,P107581,2,287.09,SALE,29-09-2024 14:03:40,S08,20240929
S08/20240929/00016,5,P103435,3,443.24,SALE,29-09-2024 14:03:40,S08,20240929
S08/20240929/00016,6,TAX,1,518.52,TAX,29-09-2024 14:03:40,S08,20240929
S08/20240929/00016,7,TENDER,1,4690.00,TENDER,29-09-2024 14:03:40,S08,20240929
S08/20240929/00017,1,P104756,3,373.50,SALE,29-09-2024 17:20:20,S08,20240929
S08/20240929/00017,2,P107026,1,69.10,SALE,29-09-2024 17:20:20,S08,20240929
S08/20240929/00017,3,P100057,1,220.74,SALE,29-09-2024 17:20:20,S08,20240929
S08/20240929/00017,4,P100438,1,66.55,SALE,29-09-2024 17:20:20,S08,20240929
S08/20240929/00017,5,P101702,1,491.39,SALE,29-09-2024 17:20:20,S08,20240929
S08/20240929/00017,6,P101384,3,42.99,SALE,29-09-2024 17:20:20,S08,20240929
S08/20240929/00017,7,P103577,3,100.44,SALE,29-09-2024 17:20:20,S08,20240929
S08/20240929/00017,8,P107767,3,510.38,SALE,29-09-2024 17:20:20,S08,20240929
S08/20240929/00017,9,DISC,1,-272.43,DISCOUNT,29-09-2024 17:20:20,S08,20240929
S08/20240929/00017,10,TAX,1,357.68,TAX,29-09-2024 17:20:20,S08,20240929
S08/20240929/00017,11,TENDER,1,4014.96,TENDER,29-09-2024 17:20:20,S08,20240929
S08/20240929/00018,1,P100632,2,331.55,SALE,29-09-2024 13:35:12,S08,20240929
S08/20240929/00018,2,P104358,2,1243.57,SALE,29-09-2024 13:35:12,S08,20240929
S08/20240929/00018,3,P103811,1,778.90,SALE,29-09-2024 13:35:12,S08,20240929
S08/20240929/00018,4,P108060,2,217.09,SALE,29-09-2024 13:35:12,S08,20240929
S08/20240929/00018,5,TAX,1,495.97,TAX,29-09-2024 13:35:12,S08,20240929
S08/20240929/00018,6,TENDER,1,4859.29,TENDER,29-09-2024 13:35:12,S08,20240929
S08/20240929/00019,1,P100298,3,53.95,SALE,29-09-2024 14:20:44,S08,20240929
S08/20240929/00019,2,TAX,1,8.09,TAX,29-09-2024 14:20:44,S08,20240929
S08/20240929/00019,3,TENDER,1,169.94,TENDER,29-09-2024 14:20:44,S08,20240929
S08/20240929/00020,1,P105757,1,248.44,SALE,29-09-2024 19:05:56,S08,20240929
S08/20240929/00020,2,P104361,1,1458.35,SALE,29-09-2024 19:05:56,S08,20240929
S08/20240929/00020,3,P104567,2,141.21,SALE,29-09-2024 19:05:56,S08,20240929
S08/20240929/00020,4,P106858,2,281.23,SALE,29-09-2024 19:05:56,S08,20240929
S08/20240929/00020,5,P102874,2,142.11,SALE,29-09-2024 19:05:56,S08,20240929
S08/20240929/00020,6,P103806,2,319.17,SALE,29-09-2024 19:05:56,S08,20240929
S08/20240929/00020,7,P100469,2,49.98,SALE,29-09-2024 19:05:56,S08,20240929
S08/20240929/00020,8,TAX,1,341.77,TAX,29-09-2024 19:05:56,S08,20240929
S08/20240929/00020,9,TENDER,1,3915.96,TENDER,29-09-2024 19:05:56,S08,20240929
S08/20240929/00021,1,P107721,2,92.25,SALE,29-09-2024 15:15:40,S08,20240929
S08/20240929/00021,2,P103833,4,1136.81,SALE,29-09-2024 15:15:40,S08,20240929
S08/20240929/00021,3,P101660,1,193.14,SALE,29-09-2024 15:15:40,S08,20240929
S08/20240929/00021,4,P103510,1,196.86,SALE,29-09-2024 15:15:40,S08,20240929
S08/20240929/00021,5,P106415,1,911.99,SALE,29-09-2024 15:15:40,S08,20240929
S08/20240929/00021,6,P106703,1,76.83,SALE,29-09-2024 15:15:40,S08,20240929
S08/20240929/00021,7,TAX,1,360.14,TAX,29-09-2024 15:15:40,S08,20240929
S08/20240929/00021,8,TENDER,1,6470.70,TENDER,29-09-2024 15:15:40,S08,20240929
S08/20240929/00022,1,P107681,2,193.13,SALE,29-09-2024 08:21:08,S08,20240929
S08/20240929/00022,2,P107568,1,147.18,SALE,29-09-2024 08:21:08,S08,20240929
S08/20240929/00022,3,P106669,1,102.72,SALE,29-09-2024 08:21:08,S08,20240929
S08/20240929/00022,4,TAX,1,82.02,TAX,29-09-2024 08:21:08,S08,20240929
S08/20240929/00022,5,TENDER,1,718.18,TENDER,29-09-2024 08:21:08,S08,20240929
S08/20240929/00023,1,P104277,1,136.79,SALE,29-09-2024 18:05:23,S08,20240929
S08/20240929/00023,2,P102286,1,238.95,SALE,29-09-2024 18:05:23,S08,20240929
S08/20240929/00023,3,P105384,1,315.25,SALE,29-09-2024 18:05:23,S08,20240929
S08/20240929/00023,4,P104410,3,498.71,SALE,29-09-2024 18:05:23,S08,20240929
S08/20240929/00023,5,P104606,7,90.58,SALE,29-09-2024 18:05:23,S08,20240929
S08/20240929/00023,6,P100560,1,176.85,SALE,29-09-2024 18:05:23,S08,20240929
S08/20240929/00023,7,P102096,1,982.72,SALE,29-09-2024 18:05:23,S08,20240929
S08/20240929/00023,8,TAX,1,581.79,TAX,29-09-2024 18:05:23,S08,20240929
S08/20240929/00023,9,TENDER,1,4562.54,TENDER,29-09-2024 18:05:23,S08,20240929
S08/20240929/00024,1,P105307,4,831.20,SALE,29-09-2024 22:18:15,S08,20240929
S08/20240929/00024,2,P104617,2,107.09,SALE,29-09-2024 22:18:15,S08,20240929
S08/20240929/00024,3,P102000,3,78.83,SALE,29-09-2024 22:18:15,S08,20240929
S08/20240929/00024,4,P108239,2,256.06,SALE,29-09-2024 22:18:15,S08,20240929
S08/20240929/00024,5,P102465,2,1410.14,SALE,29-09-2024 22:18:15,S08,20240929
S08/20240929/00024,6,P100717,3,535.58,SALE,29-09-2024 22:18:15,S08,20240929
S08/20240929/00024,7,P104257,2,42.95,SALE,29-09-2024 22:18:15,S08,20240929
S08/20240929/00024,8,TAX,1,774.06,TAX,29-09-2024 22:18:15,S08,20240929
S08/20240929/00024,9,TENDER,1,9574.57,TENDER,29-09-2024 22:18:15,S08,20240929
S08/20240929/00025,1,P106776,3,445.40,SALE,29-09-2024 16:47:41,S08,20240929
S08/20240929/00025,2,P104670,2,108.77,SALE,29-09-2024 16:47:41,S08,20240929
S08/20240929/00025,3,TAX,1,105.97,TAX,29-09-2024 16:47:41,S08,20240929
S08/20240929/00025,4,TENDER,1,1659.71,TENDER,29-09-2024 16:47:41,S08,20240929
S08/20240929/00026,1,P104872,1,132.45,SALE,29-09-2024 16:39:00,S08,20240929
S08/20240929/00026,2,P103435,2,443.24,SALE,29-09-2024 16:39:00,S08,20240929
S08/20240929/00026,3,TAX,1,175.46,TAX,29-09-2024 16:39:00,S08,20240929
S08/20240929/00026,4,TENDER,1,1194.39,TENDER,29-09-2024 16:39:00,S08,20240929
S08/20240929/00027,1,P105180,3,102.63,SALE,29-09-2024 18:55:03,S08,20240929
S08/20240929/00027,2,P102346,1,89.47,SALE,29-09-2024 18:55:03,S08,20240929
S08/20240929/00027,3,P101237,2,278.87,SALE,29-09-2024 18:55:03,S08,20240929
S08/20240929/00027,4,P100463,4,290.57,SALE,29-09-2024 18:55:03,S08,20240929
S08/20240929/00027,5,P108174,1,235.92,SALE,29-09-2024 18:55:03,S08,20240929
S08/20240929/00027,6,P107393,6,469.90,SALE,29-09-2024 18:55:03,S08,20240929
S08/20240929/00027,7,P103438,1,187.96,SALE,29-09-2024 18:55:03,S08,20240929
S08/20240929/00027,8,P108131,2,619.79,SALE,29-09-2024 18:55:03,S08,20240929
S08/20240929/00027,9,TAX,1,694.06,TAX,29-09-2024 18:55:03,S08,20240929
S08/20240929/00027,10,TENDER,1,7294.30,TENDER,29-09-2024 18:55:03,S08,20240929
S08/20240929/00028,1,P102656,3,194.33,SALE,29-09-2024 16:31:09,S08,20240929
S08/20240929/00028,2,P103950,3,1283.54,SALE,29-09-2024 16:31:09,S08,20240929
S08/20240929/00028,3,P108162,2,257.55,SALE,29-09-2024 16:31:09,S08,20240929
S08/20240929/00028,4,P104554,3,437.01,SALE,29-09-2024 16:31:09,S08,20240929
S08/20240929/00028,5,P101570,1,299.33,SALE,29-09-2024 16:31:09,S08,20240929
S08/20240929/00028,6,TAX,1,440.68,TAX,29-09-2024 16:31:09,S08,20240929
S08/20240929/00028,7,TENDER,1,6999.75,TENDER,29-09-2024 16:31:09,S08,20240929
S08/20240929/00029,1,P105050,2,114.80,SALE,29-09-2024 19:18:31,S08,20240929
S08/20240929/00029,2,P106353,4,236.28,SALE,29-09-2024 19:18:31,S08,20240929
S08/20240929/00029,3,P102035,1,493.95,SALE,29-09-2024 19:18:31,S08,20240929
S08/20240929/00029,4,P101722,7,1331.86,SALE,29-09-2024 19:18:31,S08,20240929
S08/20240929/00029,5,P101626,2,1040.69,SALE,29-09-2024 19:18:31,S08,20240929
S08/20240929/00029,6,P105684,3,1114.27,SALE,29-09-2024 19:18:31,S08,20240929
S08/20240929/00029,7,P102566,2,414.37,SALE,29-09-2024 19:18:31,S08,20240929
S08/20240929/00029,8,TAX,1,1130.79,TAX,29-09-2024 19:18:31,S08,20240929
S08/20240929/00029,9,TENDER,1,18375.41,TENDER,29-09-2024 19:18:31,S08,20240929
S08/20240929/00030,1,P106528,3,832.82,SALE,29-09-2024 13:59:55,S08,20240929
S08/20240929/00030,2,P108076,2,144.05,SALE,29-09-2024 13:59:55,S08,20240929
S08/20240929/00030,3,P102922,1,120.15,SALE,29-09-2024 13:59:55,S08,20240929
S08/20240929/00030,4,TAX,1,373.30,TAX,29-09-2024 13:59:55,S08,20240929
S08/20240929/00030,5,TENDER,1,3280.01,TENDER,29-09-2024 13:59:55,S08,20240929
S08/20240929/00031,1,P100536,2,471.52,SALE,29-09-2024 12:46:34,S08,20240929
S08/20240929/00031,2,P103118,1,47.89,SALE,29-09-2024 12:46:34,S08,20240929
S08/20240929/00031,3,TAX,1,172.14,TAX,29-09-2024 12:46:34,S08,20240929
S08/20240929/00031,4,TENDER,1,1163.07,TENDER,29-09-2024 12:46:34,S08,20240929
S08/20240929/00032,1,P106697,2,342.69,SALE,29-09-2024 14:22:59,S08,20240929
S08/20240929/00032,2,P105950,2,1356.49,SALE,29-09-2024 14:22:59,S08,20240929
S08/20240929/00032,3,P103243,2,193.36,SALE,29-09-2024 14:22:59,S08,20240929
S08/20240929/00032,4,P101298,1,224.87,SALE,29-09-2024 14:22:59,S08,20240929
S08/20240929/00032,5,P103946,6,338.64,SALE,29-09-2024 14:22:59,S08,20240929
S08/20240929/00032,6,P107301,2,945.94,SALE,29-09-2024 14:22:59,S08,20240929
S08/20240929/00032,7,TAX,1,128.57,TAX,29-09-2024 14:22:59,S08,20240929
S08/20240929/00032,8,TENDER,1,8062.24,TENDER,29-09-2024 14:22:59,S08,20240929
S08/20240929/00033,1,P105827,1,104.04,SALE,29-09-2024 13:44:47,S08,20240929
S08/20240929/00033,2,P104435,2,467.73,SALE,29-09-2024 13:44:47,S08,20240929
S08/20240929/00033,3,P105747,2,287.56,SALE,29-09-2024 13:44:47,S08,20240929
S08/20240929/00033,4,P107182,3,112.81,SALE,29-09-2024 13:44:47,S08,20240929
S08/20240929/00033,5,P104023,1,630.48,SALE,29-09-2024 13:44:47,S08,20240929
S08/20240929/00033,6,DISC,1,-55.95,DISCOUNT,29-09-2024 13:44:47,S08,20240929
S08/20240929/00033,7,TAX,1,306.63,TAX,29-09-2024 13:44:47,S08,20240929
S08/20240929/00033,8,TENDER,1,2834.21,TENDER,29-09-2024 13:44:47,S08,20240929
S08/20240929/00034,1,P104670,3,108.77,SALE,29-09-2024 15:10:48,S08,20240929
S08/20240929/00034,2,P102502,1,366.79,SALE,29-09-2024 15:10:48,S08,20240929
S08/20240929/00034,3,P100904,3,68.79,SALE,29-09-2024 15:10:48,S08,20240929
S08/20240929/00034,4,P104756,1,410.85,SALE,29-09-2024 15:10:48,S08,20240929
S08/20240929/00034,5,P104658,1,73.05,SALE,29-09-2024 15:10:48,S08,20240929
S08/20240929/00034,6,P100677,1,256.17,SALE,29-09-2024 15:10:48,S08,20240929
S08/20240929/00034,7,TAX,1,260.97,TAX,29-09-2024 15:10:48,S08,20240929
S08/20240929/00034,8,TENDER,1,1900.51,TENDER,29-09-2024 15:10:48,S08,20240929
S08/20240929/00035,1,P106710,2,98.77,SALE,29-09-2024 17:44:26,S08,20240929
S08/20240929/00035,2,P103062,1,173.63,SALE,29-09-2024 17:44:26,S08,20240929
S08/20240929/00035,3,P101356,3,1132.00,SALE,29-09-2024 17:44:26,S08,20240929
S08/20240929/00035,4,P107094,2,97.95,SALE,29-09-2024 17:44:26,S08,20240929
S08/20240929/00035,5,P100198,2,156.66,SALE,29-09-2024 17:44:26,S08,20240929
S08/20240929/00035,6,P107872,3,650.85,SALE,29-09-2024 17:44:26,S08,20240929
S08/20240929/00035,7,TAX,1,362.59,TAX,29-09-2024 17:44:26,S08,20240929
S08/20240929/00035,8,TENDER,1,6591.53,TENDER,29-09-2024 17:44:26,S08,20240929
S08/20240929/00036,1,P100387,1,116.37,SALE,29-09-2024 19:31:59,S08,20240929
S08/20240929/00036,2,P104593,5,867.34,SALE,29-09-2024 19:31:59,S08,20240929
S08/20240929/00036,3,P106353,3,236.28,SALE,29-09-2024 19:31:59,S08,20240929
S08/20240929/00036,4,P102286,1,238.95,SALE,29-09-2024 19:31:59,S08,20240929
S08/20240929/00036,5,TAX,1,696.82,TAX,29-09-2024 19:31:59,S08,20240929
S08/20240929/00036,6,TENDER,1,6097.68,TENDER,29-09-2024 19:31:59,S08,20240929
S08/20240929/00037,1,P107777,3,222.77,SALE,29-09-2024 20:32:27,S08,20240929
S08/20240929/00037,2,P102415,1,1245.81,SALE,29-09-2024 20:32:27,S08,20240929
S08/20240929/00037,3,P105805,2,112.64,SALE,29-09-2024 20:32:27,S08,20240929
S08/20240929/00037,4,P105164,2,229.09,SALE,29-09-2024 20:32:27,S08,20240929
S08/20240929/00037,5,TAX,1,62.29,TAX,29-09-2024 20:32:27,S08,20240929
S08/20240929/00037,6,TENDER,1,2659.87,TENDER,29-09-2024 20:32:27,S08,20240929
S08/20240929/00038,1,P107872,1,650.85,SALE,29-09-2024 13:12:55,S08,20240929
S08/20240929/00038,2,P105302,2,281.37,SALE,29-09-2024 13:12:55,S08,20240929
S08/20240929/00038,3,P104320,3,159.74,SALE,29-09-2024 13:12:55,S08,20240929
S08/20240929/00038,4,P102931,2,185.66,SALE,29-09-2024 13:12:55,S08,20240929
S08/20240929/00038,5,P102779,4,25.62,SALE,29-09-2024 13:12:55,S08,20240929
S08/20240929/00038,6,TAX,1,72.98,TAX,29-09-2024 13:12:55,S08,20240929
S08/20240929/00038,7,TENDER,1,2239.59,TENDER,29-09-2024 13:12:55,S08,20240929
S08/20240929/00039,1,P100074,1,57.78,SALE,29-09-2024 12:05:12,S08,20240929
S08/20240929/00039,2,P105784,3,116.81,SALE,29-09-2024 12:05:12,S08,20240929
S08/20240929/00039,3,P103994,2,148.39,SALE,29-09-2024 12:05:12,S08,20240929
S08/20240929/00039,4,P104435,1,467.73,SALE,29-09-2024 12:05:12,S08,20240929
S08/20240929/00039,5,P101201,2,45.00,SALE,29-09-2024 12:05:12,S08,20240929
S08/20240929/00039,6,TAX,1,63.52,TAX,29-09-2024 12:05:12,S08,20240929
S08/20240929/00039,7,TENDER,1,1326.24,TENDER,29-09-2024 12:05:12,S08,20240929
S08/20240929/00040,1,P102801,1,108.87,SALE,29-09-2024 15:31:09,S08,20240929
S08/20240929/00040,2,P101037,2,613.83,SALE,29-09-2024 15:31:09,S08,20240929
S08/20240929/00040,3,P106550,2,29.54,SALE,29-09-2024 15:31:09,S08,20240929
S08/20240929/00040,4,TAX,1,251.21,TAX,29-09-2024 15:31:09,S08,20240929
S08/20240929/00040,5,TENDER,1,1646.82,TENDER,29-09-2024 15:31:09,S08,20240929
S08/20240929/00041,1,P102272,1,389.34,SALE,29-09-2024 16:20:05,S08,20240929
S08/20240929/00041,2,P100889,2,1028.39,SALE,29-09-2024 16:20:05,S08,20240929
S08/20240929/00041,3,P103050,2,569.48,SALE,29-09-2024 16:20:05,S08,20240929
S08/20240929/00041,4,P100140,3,61.44,SALE,29-09-2024 16:20:05,S08,20240929
S08/20240929/00041,5,TAX,1,182.74,TAX,29-09-2024 16:20:05,S08,20240929
S08/20240929/00041,6,TENDER,1,3952.14,TENDER,29-09-2024 16:20:05,S08,20240929
S08/20240929/00042,1,P100781,1,654.99,SALE,29-09-2024 13:18:29,S08,20240929
S08/20240929/00042,2,P100819,1,1203.94,SALE,29-09-2024 13:18:29,S08,20240929
S08/20240929/00042,3,P107385,1,746.44,SALE,29-09-2024 13:18:29,S08,20240929
S08/20240929/00042,4,P105511,3,310.12,SALE,29-09-2024 13:18:29,S08,20240929
S08/20240929/00042,5,TAX,1,322.69,TAX,29-09-2024 13:18:29,S08,20240929
S08/20240929/00042,6,TENDER,1,3858.42,TENDER,29-09-2024 13:18:29,S08,20240929
S08/20240930/00001,1,P104950,1,91.01,SALE,30-09-2024 10:42:57,S08,20240930
S08/20240930/00001,2,P100281,2,485.13,SALE,30-09-2024 10:42:57,S08,20240930
S08/20240930/00001,3,P104992,1,979.87,SALE,30-09-2024 10:42:57,S08,20240930
S08/20240930/00001,4,P103222,2,398.43,SALE,30-09-2024 10:42:57,S08,20240930
S08/20240930/00001,5,P103833,2,1136.81,SALE,30-09-2024 10:42:57,S08,20240930
S08/20240930/00001,6,TAX,1,274.20,TAX,30-09-2024 10:42:57,S08,20240930
S08/20240930/00001,7,TENDER,1,5385.82,TENDER,30-09-2024 10:42:57,S08,20240930
S08/20240930/00002,1,P102081,1,164.15,SALE,30-09-2024 11:20:08,S08,20240930
S08/20240930/00002,2,P102023,2,468.24,SALE,30-09-2024 11:20:08,S08,20240930
S08/20240930/00002,3,P104236,2,289.43,SALE,30-09-2024 11:20:08,S08,20240930
S08/20240930/00002,4,TAX,1,246.12,TAX,30-09-2024 11:20:08,S08,20240930
S08/20240930/00002,5,TENDER,1,1925.61,TENDER,30-09-2024 11:20:08,S08,20240930
S08/20240930/00003,1,P101156,2,95.07,SALE,30-09-2024 14:19:33,S08,20240930
S08/20240930/00003,2,P107646,4,225.19,SALE,30-09-2024 14:19:33,S08,20240930
S08/20240930/00003,3,TAX,1,54.55,TAX,30-09-2024 14:19:33,S08,20240930
S08/20240930/00003,4,TENDER,1,1145.45,TENDER,30-09-2024 14:19:33,S08,20240930
S08/20240930/00004,1,P103206,3,450.05,SALE,30-09-2024 11:45:37,S08,20240930
S08/20240930/00004,2,P104219,2,249.74,SALE,30-09-2024 11:45:37,S08,20240930
S08/20240930/00004,3,P106330,2,199.12,SALE,30-09-2024 11:45:37,S08,20240930
S08/20240930/00004,4,P101444,2,863.68,SALE,30-09-2024 11:45:37,S08,20240930
S08/20240930/00004,5,P100682,2,337.76,SALE,30-09-2024 11:45:37,S08,20240930
S08/20240930/00004,6,P106592,1,815.90,SALE,30-09-2024 11:45:37,S08,20240930
S08/20240930/00004,7,TAX,1,582.87,TAX,30-09-2024 11:45:37,S08,20240930
S08/20240930/00004,8,TENDER,1,6049.52,TENDER,30-09-2024 11:45:37,S08,20240930
S08/20240930/00005,1,P100604,1,154.60,SALE,30-09-2024 20:31:06,S08,20240930
S08/20240930/00005,2,P107488,1,303.21,SALE,30-09-2024 20:31:06,S08,20240930
S08/20240930/00005,3,P104718,2,364.54,SALE,30-09-2024 20:31:06,S08,20240930
S08/20240930/00005,4,P106584,1,247.63,SALE,30-09-2024 20:31:06,S08,20240930
S08/20240930/00005,5,P103197,1,330.65,SALE,30-09-2024 20:31:06,S08,20240930
S08/20240930/00005,6,P106162,3,534.57,SALE,30-09-2024 20:31:06,S08,20240930
S08/20240930/00005,7,P104842,1,352.80,SALE,30-09-2024 20:31:06,S08,20240930
S08/20240930/00005,8,P108282,3,472.97,SALE,30-09-2024 20:31:06,S08,20240930
S08/20240930/00005,9,TAX,1,295.03,TAX,30-09-2024 20:31:06,S08,20240930
S08/20240930/00005,10,TENDER,1,5435.62,TENDER,30-09-2024 20:31:06,S08,20240930
S08/20240930/00006,1,P104992,1,979.87,SALE,30-09-2024 17:28:27,S08,20240930
S08/20240930/00006,2,P103259,1,298.27,SALE,30-09-2024 17:28:27,S08,20240930
S08/20240930/00006,3,P104439,4,123.98,SALE,30-09-2024 17:28:27,S08,20240930
S08/20240930/00006,4,P101592,2,295.58,SALE,30-09-2024 17:28:27,S08,20240930
S08/20240930/00006,5,TAX,1,195.67,TAX,30-09-2024 17:28:27,S08,20240930
S08/20240930/00006,6,TENDER,1,2560.89,TENDER,30-09-2024 17:28:27,S08,20240930
S08/20240930/00007,1,P106434,1,178.02,SALE,30-09-2024 13:35:18,S08,20240930
S08/20240930/00007,2,P101263,1,620.85,SALE,30-09-2024 13:35:18,S08,20240930
S08/20240930/00007,3,P106751,1,132.55,SALE,30-09-2024 13:35:18,S08,20240930
S08/20240930/00007,4,P100582,2,164.39,SALE,30-09-2024 13:35:18,S08,20240930
S08/20240930/00007,5,P101990,2,408.52,SALE,30-09-2024 13:35:18,S08,20240930
S08/20240930/00007,6,P107100,3,180.97,SALE,30-09-2024 13:35:18,S08,20240930
S08/20240930/00007,7,TAX,1,362.12,TAX,30-09-2024 13:35:18,S08,20240930
S08/20240930/00007,8,TENDER,1,2982.27,TENDER,30-09-2024 13:35:18,S08,20240930
S08/20240930/00008,1,P102485,2,220.03,SALE,30-09-2024 15:03:22,S08,20240930
S08/20240930/00008,2,P105923,1,245.29,SALE,30-09-2024 15:03:22,S08,20240930
S08/20240930/00008,3,P100330,3,188.77,SALE,30-09-2024 15:03:22,S08,20240930
S08/20240930/00008,4,P105643,3,1294.23,SALE,30-09-2024 15:03:22,S08,20240930
S08/20240930/00008,5,TAX,1,62.58,TAX,30-09-2024 15:03:22,S08,20240930
S08/20240930/00008,6,TENDER,1,5196.93,TENDER,30-09-2024 15:03:22,S08,20240930
S08/20240930/00009,1,P102248,1,22.39,SALE,30-09-2024 16:07:48,S08,20240930
S08/20240930/00009,2,P103144,2,145.27,SALE,30-09-2024 16:07:48,S08,20240930
S08/20240930/00009,3,P100140,1,61.44,SALE,30-09-2024 16:07:48,S08,20240930
S08/20240930/00009,4,P101570,2,299.33,SALE,30-09-2024 16:07:48,S08,20240930
S08/20240930/00009,5,TAX,1,97.43,TAX,30-09-2024 16:07:48,S08,20240930
S08/20240930/00009,6,TENDER,1,1070.46,TENDER,30-09-2024 16:07:48,S08,20240930
S08/20240930/00010,1,P105819,2,66.64,SALE,30-09-2024 14:43:19,S08,20240930
S08/20240930/00010,2,P104058,2,351.54,SALE,30-09-2024 14:43:19,S08,20240930
S08/20240930/00010,3,P102963,1,415.64,SALE,30-09-2024 14:43:19,S08,20240930
S08/20240930/00010,4,P103273,1,377.82,SALE,30-09-2024 14:43:19,S08,20240930
S08/20240930/00010,5,TAX,1,270.70,TAX,30-09-2024 14:43:19,S08,20240930
S08/20240930/00010,6,TENDER,1,1900.52,TENDER,30-09-2024 14:43:19,S08,20240930
S08/20240930/00011,1,P103839,3,196.83,SALE,30-09-2024 21:51:19,S08,20240930
S08/20240930/00011,2,P103606,1,181.69,SALE,30-09-2024 21:51:19,S08,20240930
S08/20240930/00011,3,P100940,1,199.52,SALE,30-09-2024 21:51:19,S08,20240930
S08/20240930/00011,4,P101842,1,227.96,SALE,30-09-2024 21:51:19,S08,20240930
S08/20240930/00011,5,P107705,1,763.24,SALE,30-09-2024 21:51:19,S08,20240930
S08/20240930/00011,6,TAX,1,254.27,TAX,30-09-2024 21:51:19,S08,20240930
S08/20240930/00011,7,TENDER,1,2217.17,TENDER,30-09-2024 21:51:19,S08,20240930
S08/20240930/00012,1,P104202,2,153.74,SALE,30-09-2024 17:22:39,S08,20240930
S08/20240930/00012,2,P100810,1,200.65,SALE,30-09-2024 17:22:39,S08,20240930
S08/20240930/00012,3,P103701,1,1171.33,SALE,30-09-2024 17:22:39,S08,20240930
S08/20240930/00012,4,P107145,4,235.69,SALE,30-09-2024 17:22:39,S08,20240930
S08/20240930/00012,5,TAX,1,181.73,TAX,30-09-2024 17:22:39,S08,20240930
S08/20240930/00012,6,TENDER,1,2803.95,TENDER,30-09-2024 17:22:39,S08,20240930
S08/20240930/00013,1,P106592,1,815.90,SALE,30-09-2024 17:38:17,S08,20240930
S08/20240930/00013,2,P101925,1,186.54,SALE,30-09-2024 17:38:17,S08,20240930
S08/20240930/00013,3,P107190,2,223.50,SALE,30-09-2024 17:38:17,S08,20240930
S08/20240930/00013,4,P100781,2,654.99,SALE,30-09-2024 17:38:17,S08,20240930
S08/20240930/00013,5,P103908,2,104.62,SALE,30-09-2024 17:38:17,S08,20240930
S08/20240930/00013,6,P105720,2,69.64,SALE,30-09-2024 17:38:17,S08,20240930
S08/20240930/00013,7,P102175,2,191.56,SALE,30-09-2024 17:38:17,S08,20240930
S08/20240930/00013,8,P107018,3,187.58,SALE,30-09-2024 17:38:17,S08,20240930
S08/20240930/00013,9,P100889,3,1028.39,SALE,30-09-2024 17:38:17,S08,20240930
S08/20240930/00013,10,TAX,1,598.13,TAX,30-09-2024 17:38:17,S08,20240930
S08/20240930/00013,11,TENDER,1,7737.10,TENDER,30-09-2024 17:38:17,S08,20240930
S08/20240930/00014,1,P107145,3,235.69,SALE,30-09-2024 20:05:00,S08,20240930
S08/20240930/00014,2,P105805,2,112.64,SALE,30-09-2024 20:05:00,S08,20240930
S08/20240930/00014,3,P107115,2,172.62,SALE,30-09-2024 20:05:00,S08,20240930
S08/20240930/00014,4,TAX,1,102.11,TAX,30-09-2024 20:05:00,S08,20240930
S08/20240930/00014,5,TENDER,1,1379.70,TENDER,30-09-2024 20:05:00,S08,20240930
S08/20240930/00015,1,P103620,1,474.03,SALE,30-09-2024 18:53:52,S08,20240930
S08/20240930/00015,2,P106807,1,322.15,SALE,30-09-2024 18:53:52,S08,20240930
S08/20240930/00015,3,P107040,2,474.18,SALE,30-09-2024 18:53:52,S08,20240930
S08/20240930/00015,4,P104858,2,331.88,SALE,30-09-2024 18:53:52,S08,20240930
S08/20240930/00015,5,P101564,2,172.72,SALE,30-09-2024 18:53:52,S08,20240930
S08/20240930/00015,6,P106344,2,801.30,SALE,30-09-2024 18:53:52,S08,20240930
S08/20240930/00015,7,TAX,1,247.24,TAX,30-09-2024 18:53:52,S08,20240930
S08/20240930/00015,8,TENDER,1,4603.58,TENDER,30-09-2024 18:53:52,S08,20240930
S08/20240930/00016,1,P107784,2,245.59,SALE,30-09-2024 15:04:07,S08,20240930
S08/20240930/00016,2,P104058,1,351.54,SALE,30-09-2024 15:04:07,S08,20240930
S08/20240930/00016,3,P108090,3,139.96,SALE,30-09-2024 15:04:07,S08,20240930
S08/20240930/00016,4,P105468,3,1100.43,SALE,30-09-2024 15:04:07,S08,20240930
S08/20240930/00016,5,P105541,1,196.86,SALE,30-09-2024 15:04:07,S08,20240930
S08/20240930/00016,6,P106478,2,56.12,SALE,30-09-2024 15:04:07,S08,20240930
S08/20240930/00016,7,P102166,2,52.54,SALE,30-09-2024 15:04:07,S08,20240930
S08/20240930/00016,8,TAX,1,368.24,TAX,30-09-2024 15:04:07,S08,20240930
S08/20240930/00016,9,TENDER,1,5346.31,TENDER,30-09-2024 15:04:07,S08,20240930
S08/20240930/00017,1,P103934,2,284.79,SALE,30-09-2024 19:18:13,S08,20240930
S08/20240930/00017,2,P104541,2,149.08,SALE,30-09-2024 19:18:13,S08,20240930
S08/20240930/00017,3,P107294,3,83.95,SALE,30-09-2024 19:18:13,S08,20240930
S08/20240930/00017,4,P104155,1,144.69,SALE,30-09-2024 19:18:13,S08,20240930
S08/20240930/00017,5,TAX,1,130.02,TAX,30-09-2024 19:18:13,S08,20240930
S08/20240930/00017,6,TENDER,1,1394.30,TENDER,30-09-2024 19:18:13,S08,20240930
S08/20240930/00018,1,P104382,1,62.22,SALE,30-09-2024 12:28:30,S08,20240930
S08/20240930/00018,2,P100959,2,320.67,SALE,30-09-2024 12:28:30,S08,20240930
S08/20240930/00018,3,P100549,3,320.43,SALE,30-09-2024 12:28:30,S08,20240930
S08/20240930/00018,4,P102353,3,139.83,SALE,30-09-2024 12:28:30,S08,20240930
S08/20240930/00018,5,P102324,2,194.59,SALE,30-09-2024 12:28:30,S08,20240930
S08/20240930/00018,6,P103188,1,30.16,SALE,30-09-2024 12:28:30,S08,20240930
S08/20240930/00018,7,P104700,2,1425.82,SALE,30-09-2024 12:28:30,S08,20240930
S08/20240930/00018,8,DISC,1,-545.40,DISCOUNT,30-09-2024 12:28:30,S08,20240930
S08/20240930/00018,9,TAX,1,251.28,TAX,30-09-2024 12:28:30,S08,20240930
S08/20240930/00018,10,TENDER,1,5061.20,TENDER,30-09-2024 12:28:30,S08,20240930
S08/20240930/00019,1,P104512,3,94.53,SALE,30-09-2024 13:24:00,S08,20240930
S08/20240930/00019,2,P107549,3,47.87,SALE,30-09-2024 13:24:00,S08,20240930
S08/20240930/00019,3,P104226,3,303.01,SALE,30-09-2024 13:24:00,S08,20240930
S08/20240930/00019,4,P106080,3,361.06,SALE,30-09-2024 13:24:00,S08,20240930
S08/20240930/00019,5,P107890,3,133.07,SALE,30-09-2024 13:24:00,S08,20240930
S08/20240930/00019,6,TAX,1,189.97,TAX,30-09-2024 13:24:00,S08,20240930
S08/20240930/00019,7,TENDER,1,3008.59,TENDER,30-09-2024 13:24:00,S08,20240930
S08/20240930/00020,1,P100711,1,101.23,SALE,30-09-2024 14:11:51,S08,20240930
S08/20240930/00020,2,P104747,2,342.93,SALE,30-09-2024 14:11:51,S08,20240930
S08/20240930/00020,3,P105815,2,320.65,SALE,30-09-2024 14:11:51,S08,20240930
S08/20240930/00020,4,TAX,1,177.48,TAX,30-09-2024 14:11:51,S08,20240930
S08/20240930/00020,5,TENDER,1,1605.87,TENDER,30-09-2024 14:11:51,S08,20240930
S08/20240930/00021,1,P106512,4,450.83,SALE,30-09-2024 15:15:32,S08,20240930
S08/20240930/00021,2,P101190,1,89.25,SALE,30-09-2024 15:15:32,S08,20240930
S08/20240930/00021,3,P100571,2,134.98,SALE,30-09-2024 15:15:32,S08,20240930
S08/20240930/00021,4,P103978,3,347.08,SALE,30-09-2024 15:15:32,S08,20240930
S08/20240930/00021,5,P101339,1,222.95,SALE,30-09-2024 15:15:32,S08,20240930
S08/20240930/00021,6,P101648,1,334.22,SALE,30-09-2024 15:15:32,S08,20240930
S08/20240930/00021,7,P101961,3,767.84,SALE,30-09-2024 15:15:32,S08,20240930
S08/20240930/00021,8,P104469,2,1631.11,SALE,30-09-2024 15:15:32,S08,20240930
S08/20240930/00021,9,P106130,1,1331.09,SALE,30-09-2024 15:15:32,S08,20240930
S08/20240930/00021,10,TAX,1,1275.28,TAX,30-09-2024 15:15:32,S08,20240930
S08/20240930/00021,11,TENDER,1,11933.05,TENDER,30-09-2024 15:15:32,S08,20240930
S08/20240930/00022,1,P107381,3,195.99,SALE,30-09-2024 17:16:08,S08,20240930
S08/20240930/00022,2,P101520,3,168.04,SALE,30-09-2024 17:16:08,S08,20240930
S08/20240930/00022,3,P107623,2,468.34,SALE,30-09-2024 17:16:08,S08,20240930
S08/20240930/00022,4,P106577,2,52.98,SALE,30-09-2024 17:16:08,S08,20240930
S08/20240930/00022,5,TAX,1,269.66,TAX,30-09-2024 17:16:08,S08,20240930
S08/20240930/00022,6,TENDER,1,2404.39,TENDER,30-09-2024 17:16:08,S08,20240930
S08/20240930/00023,1,P104827,2,168.97,SALE,30-09-2024 15:52:29,S08,20240930
S08/20240930/00023,2,P106611,5,341.44,SALE,30-09-2024 15:52:29,S08,20240930
S08/20240930/00023,3,P107899,3,197.21,SALE,30-09-2024 15:52:29,S08,20240930
S08/20240930/00023,4,P101258,2,200.10,SALE,30-09-2024 15:52:29,S08,20240930
S08/20240930/00023,5,TAX,1,306.48,TAX,30-09-2024 15:52:29,S08,20240930
S08/20240930/00023,6,TENDER,1,3343.45,TENDER,30-09-2024 15:52:29,S08,20240930
S08/20240930/00024,1,P104427,2,462.16,SALE,30-09-2024 15:26:57,S08,20240930
S08/20240930/00024,2,P106830,1,103.94,SALE,30-09-2024 15:26:57,S08,20240930
S08/20240930/00024,3,P107733,1,56.44,SALE,30-09-2024 15:26:57,S08,20240930
S08/20240930/00024,4,TAX,1,187.91,TAX,30-09-2024 15:26:57,S08,20240930
S08/20240930/00024,5,TENDER,1,1272.61,TENDER,30-09-2024 15:26:57,S08,20240930
S08/20240930/00025,1,P106162,2,534.57,SALE,30-09-2024 15:27:52,S08,20240930
S08/20240930/00025,2,P105740,3,103.24,SALE,30-09-2024 15:27:52,S08,20240930
S08/20240930/00025,3,P103111,1,40.41,SALE,30-09-2024 15:27:52,S08,20240930
S08/20240930/00025,4,P107826,4,127.76,SALE,30-09-2024 15:27:52,S08,20240930
S08/20240930/00025,5,TAX,1,119.09,TAX,30-09-2024 15:27:52,S08,20240930
S08/20240930/00025,6,TENDER,1,2049.40,TENDER,30-09-2024 15:27:52,S08,20240930
S08/20240930/00026,1,P105453,2,439.19,SALE,30-09-2024 18:50:39,S08,20240930
S08/20240930/00026,2,P103904,2,1081.09,SALE,30-09-2024 18:50:39,S08,20240930
S08/20240930/00026,3,P107914,2,231.95,SALE,30-09-2024 18:50:39,S08,20240930
S08/20240930/00026,4,P103785,4,562.18,SALE,30-09-2024 18:50:39,S08,20240930
S08/20240930/00026,5,P103452,1,1033.70,SALE,30-09-2024 18:50:39,S08,20240930
S08/20240930/00026,6,TAX,1,671.25,TAX,30-09-2024 18:50:39,S08,20240930
S08/20240930/00026,7,TENDER,1,7458.13,TENDER,30-09-2024 18:50:39,S08,20240930
S08/20240930/00027,1,P100924,4,49.24,SALE,30-09-2024 16:20:57,S08,20240930
S08/20240930/00027,2,P105425,1,153.55,SALE,30-09-2024 16:20:57,S08,20240930
S08/20240930/00027,3,P104316,3,445.32,SALE,30-09-2024 16:20:57,S08,20240930
S08/20240930/00027,4,DISC,1,-119.34,DISCOUNT,30-09-2024 16:20:57,S08,20240930
S08/20240930/00027,5,TAX,1,263.53,TAX,30-09-2024 16:20:57,S08,20240930
S08/20240930/00027,6,TENDER,1,1830.66,TENDER,30-09-2024 16:20:57,S08,20240930
S08/20240930/00028,1,P100677,2,256.17,SALE,30-09-2024 15:05:47,S08,20240930
S08/20240930/00028,2,P104334,1,294.34,SALE,30-09-2024 15:05:47,S08,20240930
S08/20240930/00028,3,P105337,4,35.20,SALE,30-09-2024 15:05:47,S08,20240930
S08/20240930/00028,4,P103234,3,128.39,SALE,30-09-2024 15:05:47,S08,20240930
S08/20240930/00028,5,P104048,4,193.57,SALE,30-09-2024 15:05:47,S08,20240930
S08/20240930/00028,6,DISC,1,-82.46,DISCOUNT,30-09-2024 15:05:47,S08,20240930
S08/20240930/00028,7,TAX,1,265.41,TAX,30-09-2024 15:05:47,S08,20240930
S08/20240930/00028,8,TENDER,1,2289.88,TENDER,30-09-2024 15:05:47,S08,20240930
