bill_no,line_no,product_code,qty,unit_price,line_type,ts,store_id,business_date
S05/20240701/00001,1,P103337,1,84.50,SALE,2024-07-01T13:46:09,S05,20240701
S05/20240701/00001,2,P106059,2,317.68,SALE,2024-07-01T13:46:09,S05,20240701
S05/20240701/00001,3,P102460,2,548.91,SALE,2024-07-01T13:46:09,S05,20240701
S05/20240701/00001,4,P100121,2,107.67,SALE,2024-07-01T13:46:09,S05,20240701
S05/20240701/00001,5,P106745,3,564.66,SALE,2024-07-01T13:46:09,S05,20240701
S05/20240701/00001,6,P102738,3,236.55,SALE,2024-07-01T13:46:09,S05,20240701
S05/20240701/00001,7,TAX,1,574.32,TAX,2024-07-01T13:46:09,S05,20240701
S05/20240701/00001,8,TENDER,1,5010.97,TENDER,2024-07-01T13:46:09,S05,20240701
S05/20240701/00002,1,P102074,3,415.90,SALE,2024-07-01T14:58:22,S05,20240701
S05/20240701/00002,2,P101634,4,25.05,SALE,2024-07-01T14:58:22,S05,20240701
S05/20240701/00002,3,P106048,2,310.59,SALE,2024-07-01T14:58:22,S05,20240701
S05/20240701/00002,4,P101356,2,1083.07,SALE,2024-07-01T14:58:22,S05,20240701
S05/20240701/00002,5,TAX,1,263.27,TAX,2024-07-01T14:58:22,S05,20240701
S05/20240701/00002,6,TENDER,1,4398.49,TENDER,2024-07-01T14:58:22,S05,20240701
S05/20240701/00003,1,P107040,2,474.18,SALE,2024-07-01T20:57:16,S05,20240701
S05/20240701/00003,2,P103864,4,452.72,SALE,2024-07-01T20:57:16,S05,20240701
S05/20240701/00003,3,P106885,2,132.48,SALE,2024-07-01T20:57:16,S05,20240701
S05/20240701/00003,4,P106718,4,526.83,SALE,2024-07-01T20:57:16,S05,20240701
S05/20240701/00003,5,P100035,1,1810.38,SALE,2024-07-01T20:57:16,S05,20240701
S05/20240701/00003,6,TAX,1,782.22,TAX,2024-07-01T20:57:16,S05,20240701
S05/20240701/00003,7,TENDER,1,7724.12,TENDER,2024-07-01T20:57:16,S05,20240701
S05/20240701/00004,1,P100469,1,49.80,SALE,2024-07-01T12:31:54,S05,20240701
S05/20240701/00004,2,P104454,1,47.84,SALE,2024-07-01T12:31:54,S05,20240701
S05/20240701/00004,3,P105965,1,61.37,SALE,2024-07-01T12:31:54,S05,20240701
S05/20240701/00004,4,P105307,3,863.64,SALE,2024-07-01T12:31:54,S05,20240701
S05/20240701/00004,5,P100319,4,48.05,SALE,2024-07-01T12:31:54,S05,20240701
S05/20240701/00004,6,P104334,4,294.34,SALE,2024-07-01T12:31:54,S05,20240701
S05/20240701/00004,7,TAX,1,205.97,TAX,2024-07-01T12:31:54,S05,20240701
S05/20240701/00004,8,TENDER,1,4325.46,TENDER,2024-07-01T12:31:54,S05,20240701
S05/20240701/00005,1,P106270,1,308.83,SALE,2024-07-01T20:12:24,S05,20240701
S05/20240701/00005,2,P107526,1,50.67,SALE,2024-07-01T20:12:24,S05,20240701
S05/20240701/00005,3,P103908,1,104.62,SALE,2024-07-01T20:12:24,S05,20240701
S05/20240701/00005,4,TAX,1,21.68,TAX,2024-07-01T20:12:24,S05,20240701
S05/20240701/00005,5,TENDER,1,485.80,TENDER,2024-07-01T20:12:24,S05,20240701
S05/20240701/00006,1,P101076,-2,606.89,RETURN,2024-07-01T17:57:00,S05,20240701
S05/20240701/00006,2,P107365,-1,934.48,RETURN,2024-07-01T17:57:00,S05,20240701
S05/20240701/00006,3,P106336,-1,456.47,RETURN,2024-07-01T17:57:00,S05,20240701
S05/20240701/00006,4,TAX,1,-254.99,TAX,2024-07-01T17:57:00,S05,20240701
S05/20240701/00006,5,TENDER,1,-2859.72,TENDER,2024-07-01T17:57:00,S05,20240701
S05/20240701/00007,1,P108050,1,1178.10,SALE,2024-07-01T11:45:24,S05,20240701
S05/20240701/00007,2,P104725,3,536.92,SALE,2024-07-01T11:45:24,S05,20240701
S05/20240701/00007,3,P103575,1,54.47,SALE,2024-07-01T11:45:24,S05,20240701
S05/20240701/00007,4,P103719,3,957.52,SALE,2024-07-01T11:45:24,S05,20240701
S05/20240701/00007,5,P101263,1,604.45,SALE,2024-07-01T11:45:24,S05,20240701
S05/20240701/00007,6,P101933,4,1344.63,SALE,2024-07-01T11:45:24,S05,20240701
S05/20240701/00007,7,P107115,1,172.62,SALE,2024-07-01T11:45:24,S05,20240701
S05/20240701/00007,8,TAX,1,1459.13,TAX,2024-07-01T11:45:24,S05,20240701
S05/20240701/00007,9,TENDER,1,13330.61,TENDER,2024-07-01T11:45:24,S05,20240701
S05/20240701/00008,1,P101272,4,87.22,SALE,2024-07-01T11:12:08,S05,20240701
S05/20240701/00008,2,P103811,4,801.95,SALE,2024-07-01T11:12:08,S05,20240701
S05/20240701/00008,3,TAX,1,17.44,TAX,2024-07-01T11:12:08,S05,20240701
S05/20240701/00008,4,TENDER,1,3574.12,TENDER,2024-07-01T11:12:08,S05,20240701
S05/20240701/00009,1,P102445,1,29.80,SALE,2024-07-01T16:52:00,S05,20240701
S05/20240701/00009,2,P107354,2,205.43,SALE,2024-07-01T16:52:00,S05,20240701
S05/20240701/00009,3,P102286,1,238.95,SALE,2024-07-01T16:52:00,S05,20240701
S05/20240701/00009,4,TAX,1,97.68,TAX,2024-07-01T16:52:00,S05,20240701
S05/20240701/00009,5,TENDER,1,777.29,TENDER,2024-07-01T16:52:00,S05,20240701
S05/20240701/00010,1,P103704,1,164.95,SALE,2024-07-01T16:45:26,S05,20240701
S05/20240701/00010,2,P104772,3,332.47,SALE,2024-07-01T16:45:26,S05,20240701
S05/20240701/00010,3,P104242,2,275.95,SALE,2024-07-01T16:45:26,S05,20240701
S05/20240701/00010,4,TAX,1,275.45,TAX,2024-07-01T16:45:26,S05,20240701
S05/20240701/00010,5,TENDER,1,1989.71,TENDER,2024-07-01T16:45:26,S05,20240701
S05/20240701/00011,1,P107400,2,274.90,SALE,2024-07-01T14:05:54,S05,20240701
S05/20240701/00011,2,P102207,1,342.36,SALE,2024-07-01T14:05:54,S05,20240701
S05/20240701/00011,3,P104487,2,388.90,SALE,2024-07-01T14:05:54,S05,20240701
S05/20240701/00011,4,TAX,1,233.38,TAX,2024-07-01T14:05:54,S05,20240701
S05/20240701/00011,5,TENDER,1,1903.34,TENDER,2024-07-01T14:05:54,S05,20240701
S05/20240701/00012,1,P100172,1,196.62,SALE,2024-07-01T12:49:44,S05,20240701
S05/20240701/00012,2,P107278,2,57.40,SALE,2024-07-01T12:49:44,S05,20240701
S05/20240701/00012,3,P107381,1,195.99,SALE,2024-07-01T12:49:44,S05,20240701
S05/20240701/00012,4,P104831,1,1516.75,SALE,2024-07-01T12:49:44,S05,20240701
S05/20240701/00012,5,DISC,1,-105.22,DISCOUNT,2024-07-01T12:49:44,S05,20240701
S05/20240701/00012,6,TAX,1,217.22,TAX,2024-07-01T12:49:44,S05,20240701
S05/20240701/00012,7,TENDER,1,2136.16,TENDER,2024-07-01T12:49:44,S05,20240701
S05/20240701/00013,1,P104404,3,890.27,SALE,2024-07-01T14:41:25,S05,20240701
S05/20240701/00013,2,P102724,1,391.04,SALE,2024-07-01T14:41:25,S05,20240701
S05/20240701/00013,3,P106958,3,124.03,SALE,2024-07-01T14:41:25,S05,20240701
S05/20240701/00013,4,TAX,1,457.86,TAX,2024-07-01T14:41:25,S05,20240701
S05/20240701/00013,5,TENDER,1,3891.80,TENDER,2024-07-01T14:41:25,S05,20240701
S05/20240701/00014,1,P100555,1,435.03,SALE,2024-07-01T12:20:14,S05,20240701
S05/20240701/00014,2,P105230,4,112.14,SALE,2024-07-01T12:20:14,S05,20240701
S05/20240701/00014,3,P108067,2,640.50,SALE,2024-07-01T12:20:14,S05,20240701
S05/20240701/00014,4,P107609,1,108.46,SALE,2024-07-01T12:20:14,S05,20240701
S05/20240701/00014,5,TAX,1,151.66,TAX,2024-07-01T12:20:14,S05,20240701
S05/20240701/00014,6,TENDER,1,2424.71,TENDER,2024-07-01T12:20:14,S05,20240701
S05/20240701/00015,1,P105835,2,243.66,SALE,2024-07-01T16:48:18,S05,20240701
S05/20240701/00015,2,P105950,2,1356.49,SALE,2024-07-01T16:48:18,S05,20240701
S05/20240701/00015,3,P103354,2,894.50,SALE,2024-07-01T16:48:18,S05,20240701
S05/20240701/00015,4,P106424,2,535.14,SALE,2024-07-01T16:48:18,S05,20240701
S05/20240701/00015,5,P102460,1,548.91,SALE,2024-07-01T16:48:18,S05,20240701
S05/20240701/00015,6,TAX,1,105.33,TAX,2024-07-01T16:48:18,S05,20240701
S05/20240701/00015,7,TENDER,1,6713.82,TENDER,2024-07-01T16:48:18,S05,20240701
S05/20240701/00016,1,P100889,4,976.95,SALE,2024-07-01T14:29:52,S05,20240701
S05/20240701/00016,2,P105651,1,110.95,SALE,2024-07-01T14:29:52,S05,20240701
S05/20240701/00016,3,P100035,2,1810.38,SALE,2024-07-01T14:29:52,S05,20240701
S05/20240701/00016,4,P101083,2,343.85,SALE,2024-07-01T14:29:52,S05,20240701
S05/20240701/00016,5,P100086,1,88.95,SALE,2024-07-01T14:29:52,S05,20240701
S05/20240701/00016,6,TAX,1,778.09,TAX,2024-07-01T14:29:52,S05,20240701
S05/20240701/00016,7,TENDER,1,9194.25,TENDER,2024-07-01T14:29:52,S05,20240701
S05/20240701/00017,1,P106865,1,299.72,SALE,2024-07-01T14:40:54,S05,20240701
S05/20240701/00017,2,P100693,3,111.45,SALE,2024-07-01T14:40:54,S05,20240701
S05/20240701/00017,3,P105209,1,399.92,SALE,2024-07-01T14:40:54,S05,20240701
S05/20240701/00017,4,P105003,1,285.67,SALE,2024-07-01T14:40:54,S05,20240701
S05/20240701/00017,5,P104462,3,86.38,SALE,2024-07-01T14:40:54,S05,20240701
S05/20240701/00017,6,TAX,1,250.50,TAX,2024-07-01T14:40:54,S05,20240701
S05/20240701/00017,7,TENDER,1,1829.30,TENDER,2024-07-01T14:40:54,S05,20240701
S05/20240701/00018,1,P107100,3,171.95,SALE,2024-07-01T17:36:13,S05,20240701
S05/20240701/00018,2,P102998,3,145.74,SALE,2024-07-01T17:36:13,S05,20240701
S05/20240701/00018,3,P102202,2,184.86,SALE,2024-07-01T17:36:13,S05,20240701
S05/20240701/00018,4,P107989,2,184.95,SALE,2024-07-01T17:36:13,S05,20240701
S05/20240701/00018,5,P105747,1,287.56,SALE,2024-07-01T17:36:13,S05,20240701
S05/20240701/00018,6,P103214,3,283.38,SALE,2024-07-01T17:36:13,S05,20240701
S05/20240701/00018,7,TAX,1,368.00,TAX,2024-07-01T17:36:13,S05,20240701
S05/20240701/00018,8,TENDER,1,3198.39,TENDER,2024-07-01T17:36:13,S05,20240701
S05/20240702/00001,1,P103525,1,252.51,SALE,2024-07-02T15:20:03,S05,20240702
S05/20240702/00001,2,P101218,1,61.39,SALE,2024-07-02T15:20:03,S05,20240702
S05/20240702/00001,3,P102664,2,256.95,SALE,2024-07-02T15:20:03,S05,20240702
S05/20240702/00001,4,P101470,2,172.36,SALE,2024-07-02T15:20:03,S05,20240702
S05/20240702/00001,5,P105918,4,294.44,SALE,2024-07-02T15:20:03,S05,20240702
S05/20240702/00001,6,TAX,1,328.17,TAX,2024-07-02T15:20:03,S05,20240702
S05/20240702/00001,7,TENDER,1,2678.45,TENDER,2024-07-02T15:20:03,S05,20240702
S05/20240702/00002,1,P101174,3,52.32,SALE,2024-07-02T13:30:48,S05,20240702
S05/20240702/00002,2,P106191,1,1230.97,SALE,2024-07-02T13:30:48,S05,20240702
S05/20240702/00002,3,P104212,1,401.95,SALE,2024-07-02T13:30:48,S05,20240702
S05/20240702/00002,4,P103719,1,957.52,SALE,2024-07-02T13:30:48,S05,20240702
S05/20240702/00002,5,P107056,1,341.76,SALE,2024-07-02T13:30:48,S05,20240702
S05/20240702/00002,6,TAX,1,256.62,TAX,2024-07-02T13:30:48,S05,20240702
S05/20240702/00002,7,TENDER,1,3345.78,TENDER,2024-07-02T13:30:48,S05,20240702
S05/20240702/00003,1,P104042,2,346.95,SALE,2024-07-02T18:14:32,S05,20240702
S05/20240702/00003,2,P101899,1,345.29,SALE,2024-07-02T18:14:32,S05,20240702
S05/20240702/00003,3,P104872,2,132.95,SALE,2024-07-02T18:14:32,S05,20240702
S05/20240702/00003,4,P102452,1,176.54,SALE,2024-07-02T18:14:32,S05,20240702
S05/20240702/00003,5,TAX,1,186.16,TAX,2024-07-02T18:14:32,S05,20240702
S05/20240702/00003,6,TENDER,1,1667.79,TENDER,2024-07-02T18:14:32,S05,20240702
S05/20240702/00004,1,P106942,2,169.95,SALE,2024-07-02T13:52:40,S05,20240702
S05/20240702/00004,2,P107308,3,207.74,SALE,2024-07-02T13:52:40,S05,20240702
S05/20240702/00004,3,P107903,1,22.86,SALE,2024-07-02T13:52:40,S05,20240702
S05/20240702/00004,4,P107597,3,519.83,SALE,2024-07-02T13:52:40,S05,20240702
S05/20240702/00004,5,P101258,3,200.10,SALE,2024-07-02T13:52:40,S05,20240702
S05/20240702/00004,6,TAX,1,319.32,TAX,2024-07-02T13:52:40,S05,20240702
S05/20240702/00004,7,TENDER,1,3465.09,TENDER,2024-07-02T13:52:40,S05,20240702
S05/20240702/00005,1,P107508,1,1450.59,SALE,2024-07-02T11:59:51,S05,20240702
S05/20240702/00005,2,P106169,3,221.89,SALE,2024-07-02T11:59:51,S05,20240702
S05/20240702/00005,3,P107047,3,413.27,SALE,2024-07-02T11:59:51,S05,20240702
S05/20240702/00005,4,P101489,1,493.95,SALE,2024-07-02T11:59:51,S05,20240702
S05/20240702/00005,5,P103668,2,1530.18,SALE,2024-07-02T11:59:51,S05,20240702
S05/20240702/00005,6,P102230,3,340.01,SALE,2024-07-02T11:59:51,S05,20240702
S05/20240702/00005,7,TAX,1,779.29,TAX,2024-07-02T11:59:51,S05,20240702
S05/20240702/00005,8,TENDER,1,8709.70,TENDER,2024-07-02T11:59:51,S05,20240702
S05/20240702/00006,1,P103438,3,187.96,SALE,2024-07-02T17:44:04,S05,20240702
S05/20240702/00006,2,P107520,2,137.21,SALE,2024-07-02T17:44:04,S05,20240702
S05/20240702/00006,3,P102868,2,471.29,SALE,2024-07-02T17:44:04,S05,20240702
S05/20240702/00006,4,P100330,1,188.77,SALE,2024-07-02T17:44:04,S05,20240702
S05/20240702/00006,5,P106367,1,650.25,SALE,2024-07-02T17:44:04,S05,20240702
S05/20240702/00006,6,P101500,2,330.53,SALE,2024-07-02T17:44:04,S05,20240702
S05/20240702/00006,7,TAX,1,253.53,TAX,2024-07-02T17:44:04,S05,20240702
S05/20240702/00006,8,TENDER,1,3534.49,TENDER,2024-07-02T17:44:04,S05,20240702
S05/20240702/00007,1,P107630,4,290.66,SALE,2024-07-02T15:42:06,S05,20240702
S05/20240702/00007,2,P100035,1,1810.38,SALE,2024-07-02T15:42:06,S05,20240702
S05/20240702/00007,3,P104233,1,1232.09,SALE,2024-07-02T15:42:06,S05,20240702
S05/20240702/00007,4,P105176,3,509.66,SALE,2024-07-02T15:42:06,S05,20240702
S05/20240702/00007,5,P106123,2,248.44,SALE,2024-07-02T15:42:06,S05,20240702
S05/20240702/00007,6,P102280,2,611.53,SALE,2024-07-02T15:42:06,S05,20240702
S05/20240702/00007,7,TAX,1,983.49,TAX,2024-07-02T15:42:06,S05,20240702
S05/20240702/00007,8,TENDER,1,8437.52,TENDER,2024-07-02T15:42:06,S05,20240702
S05/20240702/00008,1,P100911,5,71.10,SALE,2024-07-02T18:24:10,S05,20240702
S05/20240702/00008,2,P104058,1,351.54,SALE,2024-07-02T18:24:10,S05,20240702
S05/20240702/00008,3,P103090,2,805.95,SALE,2024-07-02T18:24:10,S05,20240702
S05/20240702/00008,4,P100933,1,257.95,SALE,2024-07-02T18:24:10,S05,20240702
S05/20240702/00008,5,TAX,1,208.08,TAX,2024-07-02T18:24:10,S05,20240702
S05/20240702/00008,6,TENDER,1,2784.97,TENDER,2024-07-02T18:24:10,S05,20240702
S05/20240702/00009,1,P100210,-1,1073.90,RETURN,2024-07-02T16:57:00,S05,20240702
S05/20240702/00009,2,P103732,-2,94.74,RETURN,2024-07-02T16:57:00,S05,20240702
S05/20240702/00009,3,P107777,-1,222.77,RETURN,2024-07-02T16:57:00,S05,20240702
S05/20240702/00009,4,P101225,-2,452.38,RETURN,2024-07-02T16:57:00,S05,20240702
S05/20240702/00009,5,P106629,-3,52.08,RETURN,2024-07-02T16:57:00,S05,20240702
S05/20240702/00009,6,P106004,-4,137.38,RETURN,2024-07-02T16:57:00,S05,20240702
S05/20240702/00009,7,TAX,1,-302.51,TAX,2024-07-02T16:57:00,S05,20240702
S05/20240702/00009,8,TENDER,1,-3399.18,TENDER,2024-07-02T16:57:00,S05,20240702
S05/20240702/00010,1,P105713,3,327.34,SALE,2024-07-02T16:55:35,S05,20240702
S05/20240702/00010,2,P107028,3,56.60,SALE,2024-07-02T16:55:35,S05,20240702
S05/20240702/00010,3,P101190,2,84.60,SALE,2024-07-02T16:55:35,S05,20240702
S05/20240702/00010,4,P103816,4,209.63,SALE,2024-07-02T16:55:35,S05,20240702
S05/20240702/00010,5,P107477,2,116.48,SALE,2024-07-02T16:55:35,S05,20240702
S05/20240702/00010,6,P102857,2,116.85,SALE,2024-07-02T16:55:35,S05,20240702
S05/20240702/00010,7,P101076,3,606.89,SALE,2024-07-02T16:55:35,S05,20240702
S05/20240702/00010,8,TAX,1,405.80,TAX,2024-07-02T16:55:35,S05,20240702
S05/20240702/00010,9,TENDER,1,4852.67,TENDER,2024-07-02T16:55:35,S05,20240702
S05/20240702/00011,1,P103035,3,1201.33,SALE,2024-07-02T16:25:26,S05,20240702
S05/20240702/00011,2,P100511,2,407.54,SALE,2024-07-02T16:25:26,S05,20240702
S05/20240702/00011,3,P100354,4,182.63,SALE,2024-07-02T16:25:26,S05,20240702
S05/20240702/00011,4,P101384,2,42.99,SALE,2024-07-02T16:25:26,S05,20240702
S05/20240702/00011,5,P107458,4,1239.88,SALE,2024-07-02T16:25:26,S05,20240702
S05/20240702/00011,6,P100005,1,114.37,SALE,2024-07-02T16:25:26,S05,20240702
S05/20240702/00011,7,TAX,1,390.56,TAX,2024-07-02T16:25:26,S05,20240702
S05/20240702/00011,8,TENDER,1,10700.02,TENDER,2024-07-02T16:25:26,S05,20240702
S05/20240702/00012,1,P105672,3,62.95,SALE,2024-07-02T17:01:15,S05,20240702
S05/20240702/00012,2,P101648,2,334.22,SALE,2024-07-02T17:01:15,S05,20240702
S05/20240702/00012,3,P106907,2,321.26,SALE,2024-07-02T17:01:15,S05,20240702
S05/20240702/00012,4,TAX,1,33.42,TAX,2024-07-02T17:01:15,S05,20240702
S05/20240702/00012,5,TENDER,1,1533.23,TENDER,2024-07-02T17:01:15,S05,20240702
S05/20240702/00013,1,P102691,2,219.72,SALE,2024-07-02T18:07:44,S05,20240702
S05/20240702/00013,2,P101023,1,193.95,SALE,2024-07-02T18:07:44,S05,20240702
S05/20240702/00013,3,P101839,2,408.40,SALE,2024-07-02T18:07:44,S05,20240702
S05/20240702/00013,4,P103214,2,283.38,SALE,2024-07-02T18:07:44,S05,20240702
S05/20240702/00013,5,P102772,3,151.97,SALE,2024-07-02T18:07:44,S05,20240702
S05/20240702/00013,6,P106620,3,296.41,SALE,2024-07-02T18:07:44,S05,20240702
S05/20240702/00013,7,P105260,2,72.61,SALE,2024-07-02T18:07:44,S05,20240702
S05/20240702/00013,8,P108082,2,236.40,SALE,2024-07-02T18:07:44,S05,20240702
S05/20240702/00013,9,TAX,1,390.06,TAX,2024-07-02T18:07:44,S05,20240702
S05/20240702/00013,10,TENDER,1,4370.17,TENDER,2024-07-02T18:07:44,S05,20240702
S05/20240702/00014,1,P107308,1,207.74,SALE,2024-07-02T13:36:37,S05,20240702
S05/20240702/00014,2,P104175,1,814.13,SALE,2024-07-02T13:36:37,S05,20240702
S05/20240702/00014,3,P103904,1,1081.09,SALE,2024-07-02T13:36:37,S05,20240702
S05/20240702/00014,4,TAX,1,91.45,TAX,2024-07-02T13:36:37,S05,20240702
S05/20240702/00014,5,TENDER,1,2194.41,TENDER,2024-07-02T13:36:37,S05,20240702
S05/20240702/00015,1,P107996,1,215.44,SALE,2024-07-02T12:27:16,S05,20240702
S05/20240702/00015,2,P104747,2,342.93,SALE,2024-07-02T12:27:16,S05,20240702
S05/20240702/00015,3,DISC,1,-18.31,DISCOUNT,2024-07-02T12:27:16,S05,20240702
S05/20240702/00015,4,TAX,1,91.18,TAX,2024-07-02T12:27:16,S05,20240702
S05/20240702/00015,5,TENDER,1,974.17,TENDER,2024-07-02T12:27:16,S05,20240702
S05/20240702/00016,1,P107458,3,1239.88,SALE,2024-07-02T15:45:13,S05,20240702
S05/20240702/00016,2,P101339,2,222.95,SALE,2024-07-02T15:45:13,S05,20240702
S05/20240702/00016,3,P102255,3,167.76,SALE,2024-07-02T15:45:13,S05,20240702
S05/20240702/00016,4,P103062,5,179.06,SALE,2024-07-02T15:45:13,S05,20240702
S05/20240702/00016,5,TAX,1,67.06,TAX,2024-07-02T15:45:13,S05,20240702
S05/20240702/00016,6,TENDER,1,5631.18,TENDER,2024-07-02T15:45:13,S05,20240702
S05/20240702/00017,1,P107708,1,163.95,SALE,2024-07-02T14:17:11,S05,20240702
S05/20240702/00017,2,P100985,2,288.61,SALE,2024-07-02T14:17:11,S05,20240702
S05/20240702/00017,3,TAX,1,103.90,TAX,2024-07-02T14:17:11,S05,20240702
S05/20240702/00017,4,TENDER,1,845.07,TENDER,2024-07-02T14:17:11,S05,20240702
S05/20240702/00018,1,P100549,2,301.95,SALE,2024-07-02T19:22:52,S05,20240702
S05/20240702/00018,2,P101899,4,345.29,SALE,2024-07-02T19:22:52,S05,20240702
S05/20240702/00018,3,P106877,2,1085.30,SALE,2024-07-02T19:22:52,S05,20240702
S05/20240702/00018,4,TAX,1,321.08,TAX,2024-07-02T19:22:52,S05,20240702
S05/20240702/00018,5,TENDER,1,4476.74,TENDER,2024-07-02T19:22:52,S05,20240702
S05/20240702/00019,1,P105772,2,539.31,SALE,2024-07-02T17:10:45,S05,20240702
S05/20240702/00019,2,P106783,2,87.95,SALE,2024-07-02T17:10:45,S05,20240702
S05/20240702/00019,3,P107639,1,128.49,SALE,2024-07-02T17:10:45,S05,20240702
S05/20240702/00019,4,P104389,1,169.98,SALE,2024-07-02T17:10:45,S05,20240702
S05/20240702/00019,5,TAX,1,271.83,TAX,2024-07-02T17:10:45,S05,20240702
S05/20240702/00019,6,TENDER,1,1824.82,TENDER,2024-07-02T17:10:45,S05,20240702
S05/20240703/00001,1,P107362,1,62.10,SALE,2024-07-03T18:24:35,S05,20240703
S05/20240703/00001,2,P102035,3,493.95,SALE,2024-07-03T18:24:35,S05,20240703
S05/20240703/00001,3,P104739,3,172.21,SALE,2024-07-03T18:24:35,S05,20240703
S05/20240703/00001,4,TAX,1,178.26,TAX,2024-07-03T18:24:35,S05,20240703
S05/20240703/00001,5,TENDER,1,2238.84,TENDER,2024-07-03T18:24:35,S05,20240703
S05/20240703/00002,1,P105365,1,393.76,SALE,2024-07-03T15:21:09,S05,20240703
S05/20240703/00002,2,P103214,4,283.38,SALE,2024-07-03T15:21:09,S05,20240703
S05/20240703/00002,3,P102042,3,151.18,SALE,2024-07-03T15:21:09,S05,20240703
S05/20240703/00002,4,P100380,1,136.58,SALE,2024-07-03T15:21:09,S05,20240703
S05/20240703/00002,5,P107119,3,16.65,SALE,2024-07-03T15:21:09,S05,20240703
S05/20240703/00002,6,P103637,4,338.13,SALE,2024-07-03T15:21:09,S05,20240703
S05/20240703/00002,7,DISC,1,-163.71,DISCOUNT,2024-07-03T15:21:09,S05,20240703
S05/20240703/00002,8,TAX,1,407.32,TAX,2024-07-03T15:21:09,S05,20240703
S05/20240703/00002,9,TENDER,1,3763.48,TENDER,2024-07-03T15:21:09,S05,20240703
S05/20240703/00003,1,P106522,1,208.95,SALE,2024-07-03T21:50:38,S05,20240703
S05/20240703/00003,2,P105511,1,294.53,SALE,2024-07-03T21:50:38,S05,20240703
S05/20240703/00003,3,P104058,2,351.54,SALE,2024-07-03T21:50:38,S05,20240703
S05/20240703/00003,4,P102103,1,345.70,SALE,2024-07-03T21:50:38,S05,20240703
S05/20240703/00003,5,P103743,2,1117.90,SALE,2024-07-03T21:50:38,S05,20240703
S05/20240703/00003,6,TAX,1,252.24,TAX,2024-07-03T21:50:38,S05,20240703
S05/20240703/00003,7,TENDER,1,4040.30,TENDER,2024-07-03T21:50:38,S05,20240703
S05/20240703/00004,1,P101440,2,234.68,SALE,2024-07-03T21:10:39,S05,20240703
S05/20240703/00004,2,P101974,1,302.00,SALE,2024-07-03T21:10:39,S05,20240703
S05/20240703/00004,3,P101933,2,1344.63,SALE,2024-07-03T21:10:39,S05,20240703
S05/20240703/00004,4,P101990,1,408.52,SALE,2024-07-03T21:10:39,S05,20240703
S05/20240703/00004,5,P100827,1,1218.17,SALE,2024-07-03T21:10:39,S05,20240703
S05/20240703/00004,6,TAX,1,426.09,TAX,2024-07-03T21:10:39,S05,20240703
S05/20240703/00004,7,TENDER,1,5513.40,TENDER,2024-07-03T21:10:39,S05,20240703
S05/20240703/00005,1,P105490,4,154.49,SALE,2024-07-03T10:40:12,S05,20240703
S05/20240703/00005,2,P101533,2,1020.37,SALE,2024-07-03T10:40:12,S05,20240703
S05/20240703/00005,3,TAX,1,356.12,TAX,2024-07-03T10:40:12,S05,20240703
S05/20240703/00005,4,TENDER,1,3014.82,TENDER,2024-07-03T10:40:12,S05,20240703
S05/20240703/00006,1,P108118,1,66.05,SALE,2024-07-03T15:22:54,S05,20240703
S05/20240703/00006,2,P104133,2,248.31,SALE,2024-07-03T15:22:54,S05,20240703
S05/20240703/00006,3,P107215,3,146.16,SALE,2024-07-03T15:22:54,S05,20240703
S05/20240703/00006,4,P104700,4,1425.82,SALE,2024-07-03T15:22:54,S05,20240703
S05/20240703/00006,5,P103822,1,594.96,SALE,2024-07-03T15:22:54,S05,20240703
S05/20240703/00006,6,TAX,1,163.01,TAX,2024-07-03T15:22:54,S05,20240703
S05/20240703/00006,7,TENDER,1,7462.40,TENDER,2024-07-03T15:22:54,S05,20240703
S05/20240703/00007,1,P105440,1,107.89,SALE,2024-07-03T12:42:15,S05,20240703
S05/20240703/00007,2,P103701,2,1171.33,SALE,2024-07-03T12:42:15,S05,20240703
S05/20240703/00007,3,P104980,1,73.54,SALE,2024-07-03T12:42:15,S05,20240703
S05/20240703/00007,4,P105897,2,249.03,SALE,2024-07-03T12:42:15,S05,20240703
S05/20240703/00007,5,P107686,3,347.22,SALE,2024-07-03T12:42:15,S05,20240703
S05/20240703/00007,6,P101570,1,288.76,SALE,2024-07-03T12:42:15,S05,20240703
S05/20240703/00007,7,TAX,1,408.12,TAX,2024-07-03T12:42:15,S05,20240703
S05/20240703/00007,8,TENDER,1,4760.69,TENDER,2024-07-03T12:42:15,S05,20240703
S05/20240703/00008,1,P100864,2,193.24,SALE,2024-07-03T15:44:35,S05,20240703
S05/20240703/00008,2,P105100,2,270.01,SALE,2024-07-03T15:44:35,S05,20240703
S05/20240703/00008,3,P105201,2,331.23,SALE,2024-07-03T15:44:35,S05,20240703
S05/20240703/00008,4,P101184,1,55.85,SALE,2024-07-03T15:44:35,S05,20240703
S05/20240703/00008,5,P100621,2,134.28,SALE,2024-07-03T15:44:35,S05,20240703
S05/20240703/00008,6,P102931,2,185.66,SALE,2024-07-03T15:44:35,S05,20240703
S05/20240703/00008,7,P108302,2,855.55,SALE,2024-07-03T15:44:35,S05,20240703
S05/20240703/00008,8,P104676,2,81.62,SALE,2024-07-03T15:44:35,S05,20240703
S05/20240703/00008,9,P105980,1,263.95,SALE,2024-07-03T15:44:35,S05,20240703
S05/20240703/00008,10,TAX,1,401.55,TAX,2024-07-03T15:44:35,S05,20240703
S05/20240703/00008,11,TENDER,1,4824.53,TENDER,2024-07-03T15:44:35,S05,20240703
S05/20240703/00009,1,P108001,3,87.00,SALE,2024-07-03T14:56:37,S05,20240703
S05/20240703/00009,2,P105075,2,49.58,SALE,2024-07-03T14:56:37,S05,20240703
S05/20240703/00009,3,P107784,2,245.59,SALE,2024-07-03T14:56:37,S05,20240703
S05/20240703/00009,4,P103525,2,252.51,SALE,2024-07-03T14:56:37,S05,20240703
S05/20240703/00009,5,TAX,1,102.04,TAX,2024-07-03T14:56:37,S05,20240703
S05/20240703/00009,6,TENDER,1,1458.40,TENDER,2024-07-03T14:56:37,S05,20240703
S05/20240703/00010,1,P102324,3,194.59,SALE,2024-07-03T16:00:40,S05,20240703
S05/20240703/00010,2,P101933,2,1344.63,SALE,2024-07-03T16:00:40,S05,20240703
S05/20240703/00010,3,P103637,4,338.13,SALE,2024-07-03T16:00:40,S05,20240703
S05/20240703/00010,4,P102998,3,145.74,SALE,2024-07-03T16:00:40,S05,20240703
S05/20240703/00010,5,TAX,1,674.05,TAX,2024-07-03T16:00:40,S05,20240703
S05/20240703/00010,6,TENDER,1,5736.82,TENDER,2024-07-03T16:00:40,S05,20240703
S05/20240703/00011,1,P106434,2,178.02,SALE,2024-07-03T15:52:04,S05,20240703
S05/20240703/00011,2,P107292,1,324.95,SALE,2024-07-03T15:52:04,S05,20240703
S05/20240703/00011,3,P101410,2,798.18,SALE,2024-07-03T15:52:04,S05,20240703
S05/20240703/00011,4,P107681,1,184.34,SALE,2024-07-03T15:52:04,S05,20240703
S05/20240703/00011,5,DISC,1,-82.36,DISCOUNT,2024-07-03T15:52:04,S05,20240703
S05/20240703/00011,6,TAX,1,296.21,TAX,2024-07-03T15:52:04,S05,20240703
S05/20240703/00011,7,TENDER,1,2675.54,TENDER,2024-07-03T15:52:04,S05,20240703
S05/20240703/00012,1,P106072,2,78.69,SALE,2024-07-03T16:41:47,S05,20240703
S05/20240703/00012,2,P100991,1,173.46,SALE,2024-07-03T16:41:47,S05,20240703
S05/20240703/00012,3,P106584,3,248.90,SALE,2024-07-03T16:41:47,S05,20240703
S05/20240703/00012,4,P102559,2,86.19,SALE,2024-07-03T16:41:47,S05,20240703
S05/20240703/00012,5,TAX,1,36.18,TAX,2024-07-03T16:41:47,S05,20240703
S05/20240703/00012,6,TENDER,1,1286.10,TENDER,2024-07-03T16:41:47,S05,20240703
S05/20240703/00013,1,P100221,2,140.95,SALE,2024-07-03T16:04:32,S05,20240703
S05/20240703/00013,2,P103757,3,147.98,SALE,2024-07-03T16:04:32,S05,20240703
S05/20240703/00013,3,P100479,1,342.53,SALE,2024-07-03T16:04:32,S05,20240703
S05/20240703/00013,4,P105236,3,552.60,SALE,2024-07-03T16:04:32,S05,20240703
S05/20240703/00013,5,TAX,1,296.06,TAX,2024-07-03T16:04:32,S05,20240703
S05/20240703/00013,6,TENDER,1,3022.23,TENDER,2024-07-03T16:04:32,S05,20240703
S05/20240703/00014,1,P104572,2,179.13,SALE,2024-07-03T12:36:52,S05,20240703
S05/20240703/00014,2,P105651,1,110.95,SALE,2024-07-03T12:36:52,S05,20240703
S05/20240703/00014,3,P106848,2,16.02,SALE,2024-07-03T12:36:52,S05,20240703
S05/20240703/00014,4,P106443,3,52.87,SALE,2024-07-03T12:36:52,S05,20240703
S05/20240703/00014,5,P101990,4,408.52,SALE,2024-07-03T12:36:52,S05,20240703
S05/20240703/00014,6,P107890,2,133.07,SALE,2024-07-03T12:36:52,S05,20240703
S05/20240703/00014,7,DISC,1,-119.24,DISCOUNT,2024-07-03T12:36:52,S05,20240703
S05/20240703/00014,8,TAX,1,243.32,TAX,2024-07-03T12:36:52,S05,20240703
S05/20240703/00014,9,TENDER,1,2684.16,TENDER,2024-07-03T12:36:52,S05,20240703
S05/20240703/00015,1,P102346,2,79.95,SALE,2024-07-03T17:25:10,S05,20240703
S05/20240703/00015,2,P105440,2,107.89,SALE,2024-07-03T17:25:10,S05,20240703
S05/20240703/00015,3,P101305,1,110.46,SALE,2024-07-03T17:25:10,S05,20240703
S05/20240703/00015,4,P100924,2,49.24,SALE,2024-07-03T17:25:10,S05,20240703
S05/20240703/00015,5,P100044,2,737.05,SALE,2024-07-03T17:25:10,S05,20240703
S05/20240703/00015,6,P101356,3,1083.07,SALE,2024-07-03T17:25:10,S05,20240703
S05/20240703/00015,7,P101911,3,1431.80,SALE,2024-07-03T17:25:10,S05,20240703
S05/20240703/00015,8,P104155,3,144.69,SALE,2024-07-03T17:25:10,S05,20240703
S05/20240703/00015,9,TAX,1,406.94,TAX,2024-07-03T17:25:10,S05,20240703
S05/20240703/00015,10,TENDER,1,10444.34,TENDER,2024-07-03T17:25:10,S05,20240703
S05/20240703/00016,1,P106975,2,136.95,SALE,2024-07-03T07:20:01,S05,20240703
S05/20240703/00016,2,P101419,1,195.72,SALE,2024-07-03T07:20:01,S05,20240703
S05/20240703/00016,3,P107996,2,228.37,SALE,2024-07-03T07:20:01,S05,20240703
S05/20240703/00016,4,DISC,1,-80.26,DISCOUNT,2024-07-03T07:20:01,S05,20240703
S05/20240703/00016,5,TAX,1,87.34,TAX,2024-07-03T07:20:01,S05,20240703
S05/20240703/00016,6,TENDER,1,933.44,TENDER,2024-07-03T07:20:01,S05,20240703
S05/20240704/00001,1,P105106,2,98.60,SALE,2024-07-04T10:08:09,S05,20240704
S05/20240704/00001,2,P105772,3,539.31,SALE,2024-07-04T10:08:09,S05,20240704
S05/20240704/00001,3,P104637,1,294.49,SALE,2024-07-04T10:08:09,S05,20240704
S05/20240704/00001,4,P106891,4,642.78,SALE,2024-07-04T10:08:09,S05,20240704
S05/20240704/00001,5,P106765,1,270.40,SALE,2024-07-04T10:08:09,S05,20240704
S05/20240704/00001,6,P102021,2,90.22,SALE,2024-07-04T10:08:09,S05,20240704
S05/20240704/00001,7,TAX,1,560.94,TAX,2024-07-04T10:08:09,S05,20240704
S05/20240704/00001,8,TENDER,1,5692.52,TENDER,2024-07-04T10:08:09,S05,20240704
S05/20240704/00002,1,P108282,3,407.70,SALE,2024-07-04T11:47:45,S05,20240704
S05/20240704/00002,2,P103682,3,372.67,SALE,2024-07-04T11:47:45,S05,20240704
S05/20240704/00002,3,P102286,3,238.95,SALE,2024-07-04T11:47:45,S05,20240704
S05/20240704/00002,4,P106221,3,31.65,SALE,2024-07-04T11:47:45,S05,20240704
S05/20240704/00002,5,P102404,2,371.40,SALE,2024-07-04T11:47:45,S05,20240704
S05/20240704/00002,6,TAX,1,408.52,TAX,2024-07-04T11:47:45,S05,20240704
S05/20240704/00002,7,TENDER,1,4304.23,TENDER,2024-07-04T11:47:45,S05,20240704
S05/20240704/00003,1,P108379,2,305.48,SALE,2024-07-04T20:30:57,S05,20240704
S05/20240704/00003,2,P107149,1,145.83,SALE,2024-07-04T20:30:57,S05,20240704
S05/20240704/00003,3,P106528,2,832.82,SALE,2024-07-04T20:30:57,S05,20240704
S05/20240704/00003,4,P104700,3,1425.82,SALE,2024-07-04T20:30:57,S05,20240704
S05/20240704/00003,5,P103316,2,1774.02,SALE,2024-07-04T20:30:57,S05,20240704
S05/20240704/00003,6,P103542,2,398.89,SALE,2024-07-04T20:30:57,S05,20240704
S05/20240704/00003,7,P104844,2,553.13,SALE,2024-07-04T20:30:57,S05,20240704
S05/20240704/00003,8,TAX,1,876.25,TAX,2024-07-04T20:30:57,S05,20240704
S05/20240704/00003,9,TENDER,1,13028.22,TENDER,2024-07-04T20:30:57,S05,20240704
S05/20240704/00004,1,P106671,3,101.77,SALE,2024-07-04T19:34:28,S05,20240704
S05/20240704/00004,2,P102656,1,176.92,SALE,2024-07-04T19:34:28,S05,20240704
S05/20240704/00004,3,P104121,1,130.95,SALE,2024-07-04T19:34:28,S05,20240704
S05/20240704/00004,4,P106731,1,142.59,SALE,2024-07-04T19:34:28,S05,20240704
S05/20240704/00004,5,P100362,2,270.89,SALE,2024-07-04T19:34:28,S05,20240704
S05/20240704/00004,6,TAX,1,47.68,TAX,2024-07-04T19:34:28,S05,20240704
S05/20240704/00004,7,TENDER,1,1345.23,TENDER,2024-07-04T19:34:28,S05,20240704
S05/20240704/00005,1,P103111,1,40.41,SALE,2024-07-04T16:21:07,S05,20240704
S05/20240704/00005,2,P105468,1,1100.43,SALE,2024-07-04T16:21:07,S05,20240704
S05/20240704/00005,3,P107880,4,314.86,SALE,2024-07-04T16:21:07,S05,20240704
S05/20240704/00005,4,P106534,1,87.55,SALE,2024-07-04T16:21:07,S05,20240704
S05/20240704/00005,5,P103144,5,145.27,SALE,2024-07-04T16:21:07,S05,20240704
S05/20240704/00005,6,P102129,1,252.76,SALE,2024-07-04T16:21:07,S05,20240704
S05/20240704/00005,7,P101444,1,834.95,SALE,2024-07-04T16:21:07,S05,20240704
S05/20240704/00005,8,P100156,1,1576.32,SALE,2024-07-04T16:21:07,S05,20240704
S05/20240704/00005,9,DISC,1,-479.09,DISCOUNT,2024-07-04T16:21:07,S05,20240704
S05/20240704/00005,10,TAX,1,208.02,TAX,2024-07-04T16:21:07,S05,20240704
S05/20240704/00005,11,TENDER,1,5607.14,TENDER,2024-07-04T16:21:07,S05,20240704
S05/20240704/00006,1,P107843,2,486.47,SALE,2024-07-04T22:21:29,S05,20240704
S05/20240704/00006,2,P103372,3,43.95,SALE,2024-07-04T22:21:29,S05,20240704
S05/20240704/00006,3,TAX,1,198.86,TAX,2024-07-04T22:21:29,S05,20240704
S05/20240704/00006,4,TENDER,1,1303.65,TENDER,2024-07-04T22:21:29,S05,20240704
S05/20240704/00007,1,P105827,1,98.42,SALE,2024-07-04T11:57:02,S05,20240704
S05/20240704/00007,2,P107458,1,1239.88,SALE,2024-07-04T11:57:02,S05,20240704
S05/20240704/00007,3,P107708,2,163.95,SALE,2024-07-04T11:57:02,S05,20240704
S05/20240704/00007,4,P101174,1,52.32,SALE,2024-07-04T11:57:02,S05,20240704
S05/20240704/00007,5,P107775,1,755.55,SALE,2024-07-04T11:57:02,S05,20240704
S05/20240704/00007,6,P107872,1,583.81,SALE,2024-07-04T11:57:02,S05,20240704
S05/20240704/00007,7,TAX,1,74.51,TAX,2024-07-04T11:57:02,S05,20240704
S05/20240704/00007,8,TENDER,1,3132.39,TENDER,2024-07-04T11:57:02,S05,20240704
S05/20240704/00008,1,P103999,1,118.59,SALE,2024-07-04T16:24:19,S05,20240704
S05/20240704/00008,2,P102849,2,641.17,SALE,2024-07-04T16:24:19,S05,20240704
S05/20240704/00008,3,P103364,2,114.95,SALE,2024-07-04T16:24:19,S05,20240704
S05/20240704/00008,4,P103328,2,236.27,SALE,2024-07-04T16:24:19,S05,20240704
S05/20240704/00008,5,P104233,5,1232.09,SALE,2024-07-04T16:24:19,S05,20240704
S05/20240704/00008,6,TAX,1,552.89,TAX,2024-07-04T16:24:19,S05,20240704
S05/20240704/00008,7,TENDER,1,8816.71,TENDER,2024-07-04T16:24:19,S05,20240704
S05/20240704/00009,1,P105656,2,516.52,SALE,2024-07-04T14:24:39,S05,20240704
S05/20240704/00009,2,P104501,2,449.67,SALE,2024-07-04T14:24:39,S05,20240704
S05/20240704/00009,3,P102217,2,65.41,SALE,2024-07-04T14:24:39,S05,20240704
S05/20240704/00009,4,P104187,1,86.95,SALE,2024-07-04T14:24:39,S05,20240704
S05/20240704/00009,5,P105636,3,543.66,SALE,2024-07-04T14:24:39,S05,20240704
S05/20240704/00009,6,P100330,1,188.77,SALE,2024-07-04T14:24:39,S05,20240704
S05/20240704/00009,7,TAX,1,13.79,TAX,2024-07-04T14:24:39,S05,20240704
S05/20240704/00009,8,TENDER,1,3983.69,TENDER,2024-07-04T14:24:39,S05,20240704
S05/20240704/00010,1,P105112,1,179.95,SALE,2024-07-04T15:31:32,S05,20240704
S05/20240704/00010,2,P104487,1,388.90,SALE,2024-07-04T15:31:32,S05,20240704
S05/20240704/00010,3,P107337,2,365.85,SALE,2024-07-04T15:31:32,S05,20240704
S05/20240704/00010,4,P103124,2,489.23,SALE,2024-07-04T15:31:32,S05,20240704
S05/20240704/00010,5,TAX,1,268.37,TAX,2024-07-04T15:31:32,S05,20240704
S05/20240704/00010,6,TENDER,1,2547.38,TENDER,2024-07-04T15:31:32,S05,20240704
S05/20240704/00011,1,P108216,1,69.70,SALE,2024-07-04T10:43:14,S05,20240704
S05/20240704/00011,2,P103999,3,118.59,SALE,2024-07-04T10:43:14,S05,20240704
S05/20240704/00011,3,P106891,1,642.78,SALE,2024-07-04T10:43:14,S05,20240704
S05/20240704/00011,4,P107381,1,195.99,SALE,2024-07-04T10:43:14,S05,20240704
S05/20240704/00011,5,P108272,1,119.46,SALE,2024-07-04T10:43:14,S05,20240704
S05/20240704/00011,6,P105815,1,320.65,SALE,2024-07-04T10:43:14,S05,20240704
S05/20240704/00011,7,TAX,1,129.74,TAX,2024-07-04T10:43:14,S05,20240704
S05/20240704/00011,8,TENDER,1,1834.09,TENDER,2024-07-04T10:43:14,S05,20240704
S05/20240704/00012,1,P105789,2,42.75,SALE,2024-07-04T12:53:25,S05,20240704
S05/20240704/00012,2,P103012,2,256.77,SALE,2024-07-04T12:53:25,S05,20240704
S05/20240704/00012,3,P103693,3,102.71,SALE,2024-07-04T12:53:25,S05,20240704
S05/20240704/00012,4,P103273,2,377.82,SALE,2024-07-04T12:53:25,S05,20240704
S05/20240704/00012,5,P104700,2,1425.82,SALE,2024-07-04T12:53:25,S05,20240704
S05/20240704/00012,6,P101393,3,32.95,SALE,2024-07-04T12:53:25,S05,20240704
S05/20240704/00012,7,DISC,1,-140.56,DISCOUNT,2024-07-04T12:53:25,S05,20240704
S05/20240704/00012,8,TAX,1,167.37,TAX,2024-07-04T12:53:25,S05,20240704
S05/20240704/00012,9,TENDER,1,4640.11,TENDER,2024-07-04T12:53:25,S05,20240704
S05/20240704/00013,1,P102436,3,243.03,SALE,2024-07-04T11:57:57,S05,20240704
S05/20240704/00013,2,TAX,1,131.24,TAX,2024-07-04T11:57:57,S05,20240704
S05/20240704/00013,3,TENDER,1,860.33,TENDER,2024-07-04T11:57:57,S05,20240704
S05/20240704/00014,1,P101127,1,45.95,SALE,2024-07-04T14:48:05,S05,20240704
S05/20240704/00014,2,P105280,1,220.35,SALE,2024-07-04T14:48:05,S05,20240704
S05/20240704/00014,3,P100767,1,269.95,SALE,2024-07-04T14:48:05,S05,20240704
S05/20240704/00014,4,TAX,1,43.41,TAX,2024-07-04T14:48:05,S05,20240704
S05/20240704/00014,5,TENDER,1,579.66,TENDER,2024-07-04T14:48:05,S05,20240704
S05/20240704/00015,1,P101669,2,49.56,SALE,2024-07-04T16:47:16,S05,20240704
S05/20240704/00015,2,P102626,4,355.05,SALE,2024-07-04T16:47:16,S05,20240704
S05/20240704/00015,3,P103484,1,109.59,SALE,2024-07-04T16:47:16,S05,20240704
S05/20240704/00015,4,P107346,2,449.29,SALE,2024-07-04T16:47:16,S05,20240704
S05/20240704/00015,5,P106844,1,24.75,SALE,2024-07-04T16:47:16,S05,20240704
S05/20240704/00015,6,TAX,1,244.49,TAX,2024-07-04T16:47:16,S05,20240704
S05/20240704/00015,7,TENDER,1,2796.73,TENDER,2024-07-04T16:47:16,S05,20240704
S05/20240704/00016,1,P105868,2,68.91,SALE,2024-07-04T09:32:41,S05,20240704
S05/20240704/00016,2,P103035,2,1201.33,SALE,2024-07-04T09:32:41,S05,20240704
S05/20240704/00016,3,P108067,2,640.50,SALE,2024-07-04T09:32:41,S05,20240704
S05/20240704/00016,4,P102724,4,391.04,SALE,2024-07-04T09:32:41,S05,20240704
S05/20240704/00016,5,P101722,2,1331.86,SALE,2024-07-04T09:32:41,S05,20240704
S05/20240704/00016,6,P103896,4,205.72,SALE,2024-07-04T09:32:41,S05,20240704
S05/20240704/00016,7,P100183,2,1426.11,SALE,2024-07-04T09:32:41,S05,20240704
S05/20240704/00016,8,TAX,1,1032.14,TAX,2024-07-04T09:32:41,S05,20240704
S05/20240704/00016,9,TENDER,1,12756.60,TENDER,2024-07-04T09:32:41,S05,20240704
S05/20240704/00017,1,P102371,4,58.36,SALE,2024-07-04T17:50:35,S05,20240704
S05/20240704/00017,2,P102415,3,1208.12,SALE,2024-07-04T17:50:35,S05,20240704
S05/20240704/00017,3,P107047,1,413.27,SALE,2024-07-04T17:50:35,S05,20240704
S05/20240704/00017,4,P102835,2,101.19,SALE,2024-07-04T17:50:35,S05,20240704
S05/20240704/00017,5,TAX,1,255.10,TAX,2024-07-04T17:50:35,S05,20240704
S05/20240704/00017,6,TENDER,1,4728.55,TENDER,2024-07-04T17:50:35,S05,20240704
S05/20240704/00018,1,P105636,1,543.66,SALE,2024-07-04T18:31:30,S05,20240704
S05/20240704/00018,2,P100483,1,933.37,SALE,2024-07-04T18:31:30,S05,20240704
S05/20240704/00018,3,P104831,2,1516.75,SALE,2024-07-04T18:31:30,S05,20240704
S05/20240704/00018,4,P103510,2,183.91,SALE,2024-07-04T18:31:30,S05,20240704
S05/20240704/00018,5,P104328,1,66.17,SALE,2024-07-04T18:31:30,S05,20240704
S05/20240704/00018,6,P100652,1,45.46,SALE,2024-07-04T18:31:30,S05,20240704
S05/20240704/00018,7,TAX,1,393.90,TAX,2024-07-04T18:31:30,S05,20240704
S05/20240704/00018,8,TENDER,1,5383.88,TENDER,2024-07-04T18:31:30,S05,20240704
S05/20240704/00019,1,P103958,1,30.95,SALE,2024-07-04T12:59:47,S05,20240704
S05/20240704/00019,2,P107115,4,172.62,SALE,2024-07-04T12:59:47,S05,20240704
S05/20240704/00019,3,P101389,1,430.39,SALE,2024-07-04T12:59:47,S05,20240704
S05/20240704/00019,4,P103124,1,489.23,SALE,2024-07-04T12:59:47,S05,20240704
S05/20240704/00019,5,P103144,1,145.27,SALE,2024-07-04T12:59:47,S05,20240704
S05/20240704/00019,6,P102724,2,391.04,SALE,2024-07-04T12:59:47,S05,20240704
S05/20240704/00019,7,DISC,1,-200.50,DISCOUNT,2024-07-04T12:59:47,S05,20240704
S05/20240704/00019,8,TAX,1,326.06,TAX,2024-07-04T12:59:47,S05,20240704
S05/20240704/00019,9,TENDER,1,2693.96,TENDER,2024-07-04T12:59:47,S05,20240704
S05/20240704/00020,1,P104097,1,319.17,SALE,2024-07-04T18:12:23,S05,20240704
S05/20240704/00020,2,P108272,1,119.46,SALE,2024-07-04T18:12:23,S05,20240704
S05/20240704/00020,3,P107943,2,252.32,SALE,2024-07-04T18:12:23,S05,20240704
S05/20240704/00020,4,TAX,1,143.47,TAX,2024-07-04T18:12:23,S05,20240704
S05/20240704/00020,5,TENDER,1,1086.74,TENDER,2024-07-04T18:12:23,S05,20240704
S05/20240704/00021,1,P106027,2,1436.61,SALE,2024-07-04T10:34:18,S05,20240704
S05/20240704/00021,2,P104811,1,113.95,SALE,2024-07-04T10:34:18,S05,20240704
S05/20240704/00021,3,P108090,2,130.88,SALE,2024-07-04T10:34:18,S05,20240704
S05/20240704/00021,4,P105377,2,262.95,SALE,2024-07-04T10:34:18,S05,20240704
S05/20240704/00021,5,TAX,1,96.71,TAX,2024-07-04T10:34:18,S05,20240704
S05/20240704/00021,6,TENDER,1,3871.54,TENDER,2024-07-04T10:34:18,S05,20240704
S05/20240705/00001,1,P107446,1,593.14,SALE,2024-07-05T16:11:28,S05,20240705
S05/20240705/00001,2,P106793,5,298.28,SALE,2024-07-05T16:11:28,S05,20240705
S05/20240705/00001,3,P101961,2,679.58,SALE,2024-07-05T16:11:28,S05,20240705
S05/20240705/00001,4,P107246,2,313.74,SALE,2024-07-05T16:11:28,S05,20240705
S05/20240705/00001,5,P105145,2,763.65,SALE,2024-07-05T16:11:28,S05,20240705
S05/20240705/00001,6,TAX,1,538.93,TAX,2024-07-05T16:11:28,S05,20240705
S05/20240705/00001,7,TENDER,1,6137.41,TENDER,2024-07-05T16:11:28,S05,20240705
S05/20240705/00002,1,P102129,3,252.76,SALE,2024-07-05T21:47:04,S05,20240705
S05/20240705/00002,2,P100308,3,289.31,SALE,2024-07-05T21:47:04,S05,20240705
S05/20240705/00002,3,P107568,5,147.18,SALE,2024-07-05T21:47:04,S05,20240705
S05/20240705/00002,4,P108144,4,253.94,SALE,2024-07-05T21:47:04,S05,20240705
S05/20240705/00002,5,P100985,2,288.61,SALE,2024-07-05T21:47:04,S05,20240705
S05/20240705/00002,6,P105365,1,393.76,SALE,2024-07-05T21:47:04,S05,20240705
S05/20240705/00002,7,P106486,2,1786.00,SALE,2024-07-05T21:47:04,S05,20240705
S05/20240705/00002,8,P101530,2,576.50,SALE,2024-07-05T21:47:04,S05,20240705
S05/20240705/00002,9,TAX,1,1088.08,TAX,2024-07-05T21:47:04,S05,20240705
S05/20240705/00002,10,TENDER,1,10161.93,TENDER,2024-07-05T21:47:04,S05,20240705
S05/20240705/00003,1,P104637,1,294.49,SALE,2024-07-05T15:19:31,S05,20240705
S05/20240705/00003,2,P108060,2,217.09,SALE,2024-07-05T15:19:31,S05,20240705
S05/20240705/00003,3,P105021,1,1086.75,SALE,2024-07-05T15:19:31,S05,20240705
S05/20240705/00003,4,P101648,2,334.22,SALE,2024-07-05T15:19:31,S05,20240705
S05/20240705/00003,5,P103986,2,495.05,SALE,2024-07-05T15:19:31,S05,20240705
S05/20240705/00003,6,P105252,2,10.57,SALE,2024-07-05T15:19:31,S05,20240705
S05/20240705/00003,7,DISC,1,-163.84,DISCOUNT,2024-07-05T15:19:31,S05,20240705
S05/20240705/00003,8,TAX,1,437.81,TAX,2024-07-05T15:19:31,S05,20240705
S05/20240705/00003,9,TENDER,1,3769.07,TENDER,2024-07-05T15:19:31,S05,20240705
S05/20240705/00004,1,P100250,1,544.91,SALE,2024-07-05T11:50:56,S05,20240705
S05/20240705/00004,2,P102151,3,1033.25,SALE,2024-07-05T11:50:56,S05,20240705
S05/20240705/00004,3,P108389,1,838.88,SALE,2024-07-05T11:50:56,S05,20240705
S05/20240705/00004,4,P107393,2,469.90,SALE,2024-07-05T11:50:56,S05,20240705
S05/20240705/00004,5,P101345,2,69.59,SALE,2024-07-05T11:50:56,S05,20240705
S05/20240705/00004,6,P101481,3,42.95,SALE,2024-07-05T11:50:56,S05,20240705
S05/20240705/00004,7,DISC,1,-330.06,DISCOUNT,2024-07-05T11:50:56,S05,20240705
S05/20240705/00004,8,TAX,1,330.04,TAX,2024-07-05T11:50:56,S05,20240705
S05/20240705/00004,9,TENDER,1,5691.35,TENDER,2024-07-05T11:50:56,S05,20240705
S05/20240705/00005,1,P101225,1,452.38,SALE,2024-07-05T19:07:41,S05,20240705
S05/20240705/00005,2,P103712,2,481.86,SALE,2024-07-05T19:07:41,S05,20240705
S05/20240705/00005,3,P106310,2,462.03,SALE,2024-07-05T19:07:41,S05,20240705
S05/20240705/00005,4,P105988,5,29.57,SALE,2024-07-05T19:07:41,S05,20240705
S05/20240705/00005,5,P108369,4,318.67,SALE,2024-07-05T19:07:41,S05,20240705
S05/20240705/00005,6,TAX,1,573.10,TAX,2024-07-05T19:07:41,S05,20240705
S05/20240705/00005,7,TENDER,1,4335.79,TENDER,2024-07-05T19:07:41,S05,20240705
S05/20240705/00006,1,P100582,2,159.72,SALE,2024-07-05T16:23:03,S05,20240705
S05/20240705/00006,2,P105594,2,317.30,SALE,2024-07-05T16:23:03,S05,20240705
S05/20240705/00006,3,TAX,1,133.65,TAX,2024-07-05T16:23:03,S05,20240705
S05/20240705/00006,4,TENDER,1,1087.69,TENDER,2024-07-05T16:23:03,S05,20240705
S05/20240705/00007,1,P102452,1,176.54,SALE,2024-07-05T07:56:39,S05,20240705
S05/20240705/00007,2,P107609,1,108.46,SALE,2024-07-05T07:56:39,S05,20240705
S05/20240705/00007,3,P101827,1,139.26,SALE,2024-07-05T07:56:39,S05,20240705
S05/20240705/00007,4,DISC,1,-46.39,DISCOUNT,2024-07-05T07:56:39,S05,20240705
S05/20240705/00007,5,TAX,1,31.45,TAX,2024-07-05T07:56:39,S05,20240705
S05/20240705/00007,6,TENDER,1,409.32,TENDER,2024-07-05T07:56:39,S05,20240705
S05/20240705/00008,1,P107630,-2,290.66,RETURN,2024-07-05T14:49:03,S05,20240705
S05/20240705/00008,2,P105323,-1,73.95,RETURN,2024-07-05T14:49:03,S05,20240705
S05/20240705/00008,3,P104756,-3,334.95,RETURN,2024-07-05T14:49:03,S05,20240705
S05/20240705/00008,4,P106282,-4,420.65,RETURN,2024-07-05T14:49:03,S05,20240705
S05/20240705/00008,5,TAX,1,-531.79,TAX,2024-07-05T14:49:03,S05,20240705
S05/20240705/00008,6,TENDER,1,-3874.51,TENDER,2024-07-05T14:49:03,S05,20240705
S05/20240705/00009,1,P107984,3,357.15,SALE,2024-07-05T12:37:58,S05,20240705
S05/20240705/00009,2,P105167,1,826.20,SALE,2024-07-05T12:37:58,S05,20240705
S05/20240705/00009,3,P103197,2,292.95,SALE,2024-07-05T12:37:58,S05,20240705
S05/20240705/00009,4,P103413,3,1352.06,SALE,2024-07-05T12:37:58,S05,20240705
S05/20240705/00009,5,TAX,1,507.29,TAX,2024-07-05T12:37:58,S05,20240705
S05/20240705/00009,6,TENDER,1,7047.02,TENDER,2024-07-05T12:37:58,S05,20240705
S05/20240705/00010,1,P100703,1,164.26,SALE,2024-07-05T19:55:06,S05,20240705
S05/20240705/00010,2,P105805,2,112.64,SALE,2024-07-05T19:55:06,S05,20240705
S05/20240705/00010,3,P105819,1,66.64,SALE,2024-07-05T19:55:06,S05,20240705
S05/20240705/00010,4,P105575,3,475.41,SALE,2024-07-05T19:55:06,S05,20240705
S05/20240705/00010,5,P105323,3,73.95,SALE,2024-07-05T19:55:06,S05,20240705
S05/20240705/00010,6,DISC,1,-62.87,DISCOUNT,2024-07-05T19:55:06,S05,20240705
S05/20240705/00010,7,TAX,1,110.70,TAX,2024-07-05T19:55:06,S05,20240705
S05/20240705/00010,8,TENDER,1,2152.09,TENDER,2024-07-05T19:55:06,S05,20240705
S05/20240705/00011,1,P101884,3,352.98,SALE,2024-07-05T19:29:53,S05,20240705
S05/20240705/00011,2,P106181,1,778.60,SALE,2024-07-05T19:29:53,S05,20240705
S05/20240705/00011,3,P105294,2,126.15,SALE,2024-07-05T19:29:53,S05,20240705
S05/20240705/00011,4,P102682,1,94.04,SALE,2024-07-05T19:29:53,S05,20240705
S05/20240705/00011,5,P100967,1,1052.07,SALE,2024-07-05T19:29:53,S05,20240705
S05/20240705/00011,6,TAX,1,303.44,TAX,2024-07-05T19:29:53,S05,20240705
S05/20240705/00011,7,TENDER,1,3539.39,TENDER,2024-07-05T19:29:53,S05,20240705
S05/20240705/00012,1,P108282,2,407.70,SALE,2024-07-05T14:15:49,S05,20240705
S05/20240705/00012,2,P108234,4,33.09,SALE,2024-07-05T14:15:49,S05,20240705
S05/20240705/00012,3,TAX,1,64.59,TAX,2024-07-05T14:15:49,S05,20240705
S05/20240705/00012,4,TENDER,1,1012.35,TENDER,2024-07-05T14:15:49,S05,20240705
S05/20240705/00013,1,P108346,2,478.23,SALE,2024-07-05T19:41:56,S05,20240705
S05/20240705/00013,2,P102452,3,176.54,SALE,2024-07-05T19:41:56,S05,20240705
S05/20240705/00013,3,P104294,1,115.73,SALE,2024-07-05T19:41:56,S05,20240705
S05/20240705/00013,4,P106592,2,738.06,SALE,2024-07-05T19:41:56,S05,20240705
S05/20240705/00013,5,P106344,2,801.30,SALE,2024-07-05T19:41:56,S05,20240705
S05/20240705/00013,6,P104081,2,586.63,SALE,2024-07-05T19:41:56,S05,20240705
S05/20240705/00013,7,P106639,2,415.94,SALE,2024-07-05T19:41:56,S05,20240705
S05/20240705/00013,8,P102139,3,1521.81,SALE,2024-07-05T19:41:56,S05,20240705
S05/20240705/00013,9,TAX,1,490.09,TAX,2024-07-05T19:41:56,S05,20240705
S05/20240705/00013,10,TENDER,1,11741.19,TENDER,2024-07-05T19:41:56,S05,20240705
S05/20240705/00014,1,P103950,1,1283.54,SALE,2024-07-05T08:19:46,S05,20240705
S05/20240705/00014,2,P103413,4,1352.06,SALE,2024-07-05T08:19:46,S05,20240705
S05/20240705/00014,3,DISC,1,-575.25,DISCOUNT,2024-07-05T08:19:46,S05,20240705
S05/20240705/00014,4,TAX,1,305.83,TAX,2024-07-05T08:19:46,S05,20240705
S05/20240705/00014,5,TENDER,1,6422.36,TENDER,2024-07-05T08:19:46,S05,20240705
S05/20240705/00015,1,P104512,2,94.53,SALE,2024-07-05T19:51:29,S05,20240705
S05/20240705/00015,2,P107231,2,1193.22,SALE,2024-07-05T19:51:29,S05,20240705
S05/20240705/00015,3,P100183,3,1426.11,SALE,2024-07-05T19:51:29,S05,20240705
S05/20240705/00015,4,P105797,1,254.07,SALE,2024-07-05T19:51:29,S05,20240705
S05/20240705/00015,5,P101481,7,42.95,SALE,2024-07-05T19:51:29,S05,20240705
S05/20240705/00015,6,TAX,1,583.62,TAX,2024-07-05T19:51:29,S05,20240705
S05/20240705/00015,7,TENDER,1,7992.17,TENDER,2024-07-05T19:51:29,S05,20240705
S05/20240705/00016,1,P106330,3,199.12,SALE,2024-07-05T14:56:50,S05,20240705
S05/20240705/00016,2,P105413,3,158.95,SALE,2024-07-05T14:56:50,S05,20240705
S05/20240705/00016,3,P100255,2,1250.31,SALE,2024-07-05T14:56:50,S05,20240705
S05/20240705/00016,4,DISC,1,-166.09,DISCOUNT,2024-07-05T14:56:50,S05,20240705
S05/20240705/00016,5,TAX,1,276.31,TAX,2024-07-05T14:56:50,S05,20240705
S05/20240705/00016,6,TENDER,1,3685.05,TENDER,2024-07-05T14:56:50,S05,20240705
S05/20240705/00017,1,P107171,1,332.75,SALE,2024-07-05T16:19:46,S05,20240705
S05/20240705/00017,2,P105433,2,144.32,SALE,2024-07-05T16:19:46,S05,20240705
S05/20240705/00017,3,P106130,3,1254.95,SALE,2024-07-05T16:19:46,S05,20240705
S05/20240705/00017,4,P102886,1,139.22,SALE,2024-07-05T16:19:46,S05,20240705
S05/20240705/00017,5,P105901,2,82.67,SALE,2024-07-05T16:19:46,S05,20240705
S05/20240705/00017,6,TAX,1,118.69,TAX,2024-07-05T16:19:46,S05,20240705
S05/20240705/00017,7,TENDER,1,4809.49,TENDER,2024-07-05T16:19:46,S05,20240705
S05/20240705/00018,1,P104533,3,271.68,SALE,2024-07-05T10:51:21,S05,20240705
S05/20240705/00018,2,P100394,4,320.36,SALE,2024-07-05T10:51:21,S05,20240705
S05/20240705/00018,3,P106391,2,747.95,SALE,2024-07-05T10:51:21,S05,20240705
S05/20240705/00018,4,P105198,4,15.39,SALE,2024-07-05T10:51:21,S05,20240705
S05/20240705/00018,5,P101083,3,343.85,SALE,2024-07-05T10:51:21,S05,20240705
S05/20240705/00018,6,P103029,1,11.28,SALE,2024-07-05T10:51:21,S05,20240705
S05/20240705/00018,7,TAX,1,464.42,TAX,2024-07-05T10:51:21,S05,20240705
S05/20240705/00018,8,TENDER,1,5161.19,TENDER,2024-07-05T10:51:21,S05,20240705
S05/20240705/00019,1,P101052,4,198.99,SALE,2024-07-05T16:06:35,S05,20240705
S05/20240705/00019,2,P102849,3,641.17,SALE,2024-07-05T16:06:35,S05,20240705
S05/20240705/00019,3,P104708,2,487.33,SALE,2024-07-05T16:06:35,S05,20240705
S05/20240705/00019,4,P103922,2,51.00,SALE,2024-07-05T16:06:35,S05,20240705
S05/20240705/00019,5,P104372,1,105.38,SALE,2024-07-05T16:06:35,S05,20240705
S05/20240705/00019,6,TAX,1,446.46,TAX,2024-07-05T16:06:35,S05,20240705
S05/20240705/00019,7,TENDER,1,4347.97,TENDER,2024-07-05T16:06:35,S05,20240705
S05/20240705/00020,1,P100632,1,331.55,SALE,2024-07-05T17:57:34,S05,20240705
S05/20240705/00020,2,P102845,1,261.08,SALE,2024-07-05T17:57:34,S05,20240705
S05/20240705/00020,3,P103661,5,125.81,SALE,2024-07-05T17:57:34,S05,20240705
S05/20240705/00020,4,TAX,1,185.96,TAX,2024-07-05T17:57:34,S05,20240705
S05/20240705/00020,5,TENDER,1,1407.64,TENDER,2024-07-05T17:57:34,S05,20240705
S05/20240705/00021,1,P108135,1,539.95,SALE,2024-07-05T16:31:33,S05,20240705
S05/20240705/00021,2,P101062,1,47.97,SALE,2024-07-05T16:31:33,S05,20240705
S05/20240705/00021,3,P103340,3,466.84,SALE,2024-07-05T16:31:33,S05,20240705
S05/20240705/00021,4,TAX,1,254.49,TAX,2024-07-05T16:31:33,S05,20240705
S05/20240705/00021,5,TENDER,1,2242.93,TENDER,2024-07-05T16:31:33,S05,20240705
S05/20240706/00001,1,P104236,3,289.43,SALE,2024-07-06T13:32:54,S05,20240706
S05/20240706/00001,2,P106336,4,456.47,SALE,2024-07-06T13:32:54,S05,20240706
S05/20240706/00001,3,P103118,3,42.98,SALE,2024-07-06T13:32:54,S05,20240706
S05/20240706/00001,4,TAX,1,491.40,TAX,2024-07-06T13:32:54,S05,20240706
S05/20240706/00001,5,TENDER,1,3314.51,TENDER,2024-07-06T13:32:54,S05,20240706
S05/20240706/00002,1,P102682,1,94.04,SALE,2024-07-06T16:37:39,S05,20240706
S05/20240706/00002,2,P104242,1,275.95,SALE,2024-07-06T16:37:39,S05,20240706
S05/20240706/00002,3,P106802,1,689.06,SALE,2024-07-06T16:37:39,S05,20240706
S05/20240706/00002,4,P100722,3,287.33,SALE,2024-07-06T16:37:39,S05,20240706
S05/20240706/00002,5,TAX,1,72.27,TAX,2024-07-06T16:37:39,S05,20240706
S05/20240706/00002,6,TENDER,1,1993.31,TENDER,2024-07-06T16:37:39,S05,20240706
S05/20240706/00003,1,P106258,2,423.67,SALE,2024-07-06T13:11:02,S05,20240706
S05/20240706/00003,2,P104155,1,144.69,SALE,2024-07-06T13:11:02,S05,20240706
S05/20240706/00003,3,TAX,1,42.37,TAX,2024-07-06T13:11:02,S05,20240706
S05/20240706/00003,4,TENDER,1,1034.40,TENDER,2024-07-06T13:11:02,S05,20240706
S05/20240706/00004,1,P107373,2,96.95,SALE,2024-07-06T16:33:25,S05,20240706
S05/20240706/00004,2,TAX,1,0.00,TAX,2024-07-06T16:33:25,S05,20240706
S05/20240706/00004,3,TENDER,1,193.90,TENDER,2024-07-06T16:33:25,S05,20240706
S05/20240706/00005,1,P108191,2,309.71,SALE,2024-07-06T18:47:03,S05,20240706
S05/20240706/00005,2,P101164,4,401.86,SALE,2024-07-06T18:47:03,S05,20240706
S05/20240706/00005,3,TAX,1,320.31,TAX,2024-07-06T18:47:03,S05,20240706
S05/20240706/00005,4,TENDER,1,2547.17,TENDER,2024-07-06T18:47:03,S05,20240706
S05/20240706/00006,1,P101500,2,330.53,SALE,2024-07-06T09:41:18,S05,20240706
S05/20240706/00006,2,P101018,2,136.50,SALE,2024-07-06T09:41:18,S05,20240706
S05/20240706/00006,3,P104844,1,553.13,SALE,2024-07-06T09:41:18,S05,20240706
S05/20240706/00006,4,P104351,1,1128.29,SALE,2024-07-06T09:41:18,S05,20240706
S05/20240706/00006,5,P101454,1,130.95,SALE,2024-07-06T09:41:18,S05,20240706
S05/20240706/00006,6,TAX,1,99.79,TAX,2024-07-06T09:41:18,S05,20240706
S05/20240706/00006,7,TENDER,1,2846.22,TENDER,2024-07-06T09:41:18,S05,20240706
S05/20240706/00007,1,P107063,4,374.87,SALE,2024-07-06T15:38:55,S05,20240706
S05/20240706/00007,2,P108159,1,488.81,SALE,2024-07-06T15:38:55,S05,20240706
S05/20240706/00007,3,P106934,3,1554.16,SALE,2024-07-06T15:38:55,S05,20240706
S05/20240706/00007,4,P102335,2,94.24,SALE,2024-07-06T15:38:55,S05,20240706
S05/20240706/00007,5,P102383,2,10.62,SALE,2024-07-06T15:38:55,S05,20240706
S05/20240706/00007,6,P103035,2,1201.33,SALE,2024-07-06T15:38:55,S05,20240706
S05/20240706/00007,7,P105272,2,351.65,SALE,2024-07-06T15:38:55,S05,20240706
S05/20240706/00007,8,P108067,2,640.50,SALE,2024-07-06T15:38:55,S05,20240706
S05/20240706/00007,9,TAX,1,422.22,TAX,2024-07-06T15:38:55,S05,20240706
S05/20240706/00007,10,TENDER,1,11669.67,TENDER,2024-07-06T15:38:55,S05,20240706
S05/20240706/00008,1,P103231,1,235.56,SALE,2024-07-06T13:08:33,S05,20240706
S05/20240706/00008,2,P108060,4,217.09,SALE,2024-07-06T13:08:33,S05,20240706
S05/20240706/00008,3,P107145,2,235.69,SALE,2024-07-06T13:08:33,S05,20240706
S05/20240706/00008,4,P102280,1,611.53,SALE,2024-07-06T13:08:33,S05,20240706
S05/20240706/00008,5,P105450,2,252.15,SALE,2024-07-06T13:08:33,S05,20240706
S05/20240706/00008,6,P101018,1,144.69,SALE,2024-07-06T13:08:33,S05,20240706
S05/20240706/00008,7,TAX,1,334.72,TAX,2024-07-06T13:08:33,S05,20240706
S05/20240706/00008,8,TENDER,1,3170.54,TENDER,2024-07-06T13:08:33,S05,20240706
S05/20240706/00009,1,P100394,5,320.36,SALE,2024-07-06T20:50:18,S05,20240706
S05/20240706/00009,2,P108026,3,103.54,SALE,2024-07-06T20:50:18,S05,20240706
S05/20240706/00009,3,P101720,1,44.26,SALE,2024-07-06T20:50:18,S05,20240706
S05/20240706/00009,4,P107597,1,519.83,SALE,2024-07-06T20:50:18,S05,20240706
S05/20240706/00009,5,P107449,2,1495.62,SALE,2024-07-06T20:50:18,S05,20240706
S05/20240706/00009,6,P107555,1,1314.43,SALE,2024-07-06T20:50:18,S05,20240706
S05/20240706/00009,7,P104302,2,1255.97,SALE,2024-07-06T20:50:18,S05,20240706
S05/20240706/00009,8,TAX,1,936.71,TAX,2024-07-06T20:50:18,S05,20240706
S05/20240706/00009,9,TENDER,1,10230.83,TENDER,2024-07-06T20:50:18,S05,20240706
S05/20240706/00010,1,P100609,2,76.13,SALE,2024-07-06T15:07:28,S05,20240706
S05/20240706/00010,2,P100479,1,342.53,SALE,2024-07-06T15:07:28,S05,20240706
S05/20240706/00010,3,P108302,3,855.55,SALE,2024-07-06T15:07:28,S05,20240706
S05/20240706/00010,4,P101674,2,373.95,SALE,2024-07-06T15:07:28,S05,20240706
S05/20240706/00010,5,P105460,1,143.35,SALE,2024-07-06T15:07:28,S05,20240706
S05/20240706/00010,6,TAX,1,348.13,TAX,2024-07-06T15:07:28,S05,20240706
S05/20240706/00010,7,TENDER,1,4300.82,TENDER,2024-07-06T15:07:28,S05,20240706
S05/20240706/00011,1,P102674,5,496.43,SALE,2024-07-06T18:37:18,S05,20240706
S05/20240706/00011,2,P100077,2,181.42,SALE,2024-07-06T18:37:18,S05,20240706
S05/20240706/00011,3,P102494,2,11.95,SALE,2024-07-06T18:37:18,S05,20240706
S05/20240706/00011,4,P105164,5,216.12,SALE,2024-07-06T18:37:18,S05,20240706
S05/20240706/00011,5,P106059,6,317.68,SALE,2024-07-06T18:37:18,S05,20240706
S05/20240706/00011,6,P107208,3,323.06,SALE,2024-07-06T18:37:18,S05,20240706
S05/20240706/00011,7,TAX,1,860.78,TAX,2024-07-06T18:37:18,S05,20240706
S05/20240706/00011,8,TENDER,1,7685.53,TENDER,2024-07-06T18:37:18,S05,20240706
S05/20240706/00012,1,P102664,3,256.95,SALE,2024-07-06T18:54:02,S05,20240706
S05/20240706/00012,2,P101656,2,262.95,SALE,2024-07-06T18:54:02,S05,20240706
S05/20240706/00012,3,P101213,4,232.84,SALE,2024-07-06T18:54:02,S05,20240706
S05/20240706/00012,4,P104155,1,144.69,SALE,2024-07-06T18:54:02,S05,20240706
S05/20240706/00012,5,P108101,4,1603.81,SALE,2024-07-06T18:54:02,S05,20240706
S05/20240706/00012,6,P105280,1,220.35,SALE,2024-07-06T18:54:02,S05,20240706
S05/20240706/00012,7,TAX,1,1150.35,TAX,2024-07-06T18:54:02,S05,20240706
S05/20240706/00012,8,TENDER,1,10158.74,TENDER,2024-07-06T18:54:02,S05,20240706
S05/20240706/00013,1,P100367,2,537.90,SALE,2024-07-06T20:29:06,S05,20240706
S05/20240706/00013,2,P105092,2,53.12,SALE,2024-07-06T20:29:06,S05,20240706
S05/20240706/00013,3,P105418,3,243.05,SALE,2024-07-06T20:29:06,S05,20240706
S05/20240706/00013,4,TAX,1,344.01,TAX,2024-07-06T20:29:06,S05,20240706
S05/20240706/00013,5,TENDER,1,2255.20,TENDER,2024-07-06T20:29:06,S05,20240706
S05/20240706/00014,1,P108001,3,87.00,SALE,2024-07-06T16:52:03,S05,20240706
S05/20240706/00014,2,P106858,4,257.07,SALE,2024-07-06T16:52:03,S05,20240706
S05/20240706/00014,3,P105280,1,220.35,SALE,2024-07-06T16:52:03,S05,20240706
S05/20240706/00014,4,TAX,1,196.11,TAX,2024-07-06T16:52:03,S05,20240706
S05/20240706/00014,5,TENDER,1,1705.74,TENDER,2024-07-06T16:52:03,S05,20240706
S05/20240706/00015,1,P103473,2,424.75,SALE,2024-07-06T17:01:55,S05,20240706
S05/20240706/00015,2,P105695,3,158.81,SALE,2024-07-06T17:01:55,S05,20240706
S05/20240706/00015,3,P106718,4,526.83,SALE,2024-07-06T17:01:55,S05,20240706
S05/20240706/00015,4,TAX,1,505.08,TAX,2024-07-06T17:01:55,S05,20240706
S05/20240706/00015,5,TENDER,1,3938.33,TENDER,2024-07-06T17:01:55,S05,20240706
S05/20240706/00016,1,P102035,1,493.95,SALE,2024-07-06T17:57:40,S05,20240706
S05/20240706/00016,2,P102415,1,1208.12,SALE,2024-07-06T17:57:40,S05,20240706
S05/20240706/00016,3,P107100,3,171.95,SALE,2024-07-06T17:57:40,S05,20240706
S05/20240706/00016,4,P104956,1,133.95,SALE,2024-07-06T17:57:40,S05,20240706
S05/20240706/00016,5,P107863,1,489.79,SALE,2024-07-06T17:57:40,S05,20240706
S05/20240706/00016,6,P108162,2,257.55,SALE,2024-07-06T17:57:40,S05,20240706
S05/20240706/00016,7,TAX,1,285.03,TAX,2024-07-06T17:57:40,S05,20240706
S05/20240706/00016,8,TENDER,1,3641.79,TENDER,2024-07-06T17:57:40,S05,20240706
S05/20240706/00017,1,P100767,2,269.95,SALE,2024-07-06T15:06:39,S05,20240706
S05/20240706/00017,2,P105878,1,282.35,SALE,2024-07-06T15:06:39,S05,20240706
S05/20240706/00017,3,P102042,2,151.18,SALE,2024-07-06T15:06:39,S05,20240706
S05/20240706/00017,4,P104944,2,46.58,SALE,2024-07-06T15:06:39,S05,20240706
S05/20240706/00017,5,P100026,2,304.63,SALE,2024-07-06T15:06:39,S05,20240706
S05/20240706/00017,6,TAX,1,162.42,TAX,2024-07-06T15:06:39,S05,20240706
S05/20240706/00017,7,TENDER,1,1989.45,TENDER,2024-07-06T15:06:39,S05,20240706
S05/20240706/00018,1,P105351,1,102.95,SALE,2024-07-06T19:55:13,S05,20240706
S05/20240706/00018,2,P104676,3,81.62,SALE,2024-07-06T19:55:13,S05,20240706
S05/20240706/00018,3,P103096,1,277.95,SALE,2024-07-06T19:55:13,S05,20240706
S05/20240706/00018,4,TAX,1,112.64,TAX,2024-07-06T19:55:13,S05,20240706
S05/20240706/00018,5,TENDER,1,738.40,TENDER,2024-07-06T19:55:13,S05,20240706
S05/20240706/00019,1,P108017,4,103.22,SALE,2024-07-06T17:10:03,S05,20240706
S05/20240706/00019,2,P105511,2,294.53,SALE,2024-07-06T17:10:03,S05,20240706
S05/20240706/00019,3,TAX,1,106.03,TAX,2024-07-06T17:10:03,S05,20240706
S05/20240706/00019,4,TENDER,1,1107.97,TENDER,2024-07-06T17:10:03,S05,20240706
S05/20240706/00020,1,P102931,2,185.66,SALE,2024-07-06T19:07:24,S05,20240706
S05/20240706/00020,2,P103654,2,481.76,SALE,2024-07-06T19:07:24,S05,20240706
S05/20240706/00020,3,P101648,3,334.22,SALE,2024-07-06T19:07:24,S05,20240706
S05/20240706/00020,4,P102324,3,194.59,SALE,2024-07-06T19:07:24,S05,20240706
S05/20240706/00020,5,P100066,3,251.22,SALE,2024-07-06T19:07:24,S05,20240706
S05/20240706/00020,6,TAX,1,263.16,TAX,2024-07-06T19:07:24,S05,20240706
S05/20240706/00020,7,TENDER,1,3938.09,TENDER,2024-07-06T19:07:24,S05,20240706
S05/20240706/00021,1,P104160,1,258.87,SALE,2024-07-06T12:42:14,S05,20240706
S05/20240706/00021,2,TAX,1,0.00,TAX,2024-07-06T12:42:14,S05,20240706
S05/20240706/00021,3,TENDER,1,258.87,TENDER,2024-07-06T12:42:14,S05,20240706
S05/20240706/00022,1,P100479,1,342.53,SALE,2024-07-06T19:31:14,S05,20240706
S05/20240706/00022,2,P105092,2,53.12,SALE,2024-07-06T19:31:14,S05,20240706
S05/20240706/00022,3,DISC,1,-10.67,DISCOUNT,2024-07-06T19:31:14,S05,20240706
S05/20240706/00022,4,TAX,1,58.79,TAX,2024-07-06T19:31:14,S05,20240706
S05/20240706/00022,5,TENDER,1,496.89,TENDER,2024-07-06T19:31:14,S05,20240706
S05/20240706/00023,1,P106584,2,248.90,SALE,2024-07-06T16:03:40,S05,20240706
S05/20240706/00023,2,P106288,2,45.93,SALE,2024-07-06T16:03:40,S05,20240706
S05/20240706/00023,3,P106080,3,361.06,SALE,2024-07-06T16:03:40,S05,20240706
S05/20240706/00023,4,P102035,3,493.95,SALE,2024-07-06T16:03:40,S05,20240706
S05/20240706/00023,5,P102021,1,90.22,SALE,2024-07-06T16:03:40,S05,20240706
S05/20240706/00023,6,TAX,1,219.49,TAX,2024-07-06T16:03:40,S05,20240706
S05/20240706/00023,7,TENDER,1,3464.40,TENDER,2024-07-06T16:03:40,S05,20240706
S05/20240706/00024,1,P100722,2,287.33,SALE,2024-07-06T14:03:28,S05,20240706
S05/20240706/00024,2,P100387,2,116.37,SALE,2024-07-06T14:03:28,S05,20240706
S05/20240706/00024,3,TAX,1,11.64,TAX,2024-07-06T14:03:28,S05,20240706
S05/20240706/00024,4,TENDER,1,819.04,TENDER,2024-07-06T14:03:28,S05,20240706
S05/20240706/00025,1,P100339,-2,299.99,RETURN,2024-07-06T19:49:26,S05,20240706
S05/20240706/00025,2,P104081,-3,586.63,RETURN,2024-07-06T19:49:26,S05,20240706
S05/20240706/00025,3,P103606,-1,181.69,RETURN,2024-07-06T19:49:26,S05,20240706
S05/20240706/00025,4,TAX,1,-117.08,TAX,2024-07-06T19:49:26,S05,20240706
S05/20240706/00025,5,TENDER,1,-2658.64,TENDER,2024-07-06T19:49:26,S05,20240706
S05/20240706/00026,1,P104844,2,553.13,SALE,2024-07-06T14:43:15,S05,20240706
S05/20240706/00026,2,P105524,1,77.90,SALE,2024-07-06T14:43:15,S05,20240706
S05/20240706/00026,3,P104579,2,67.48,SALE,2024-07-06T14:43:15,S05,20240706
S05/20240706/00026,4,TAX,1,69.34,TAX,2024-07-06T14:43:15,S05,20240706
S05/20240706/00026,5,TENDER,1,1388.46,TENDER,2024-07-06T14:43:15,S05,20240706
S05/20240706/00027,1,P100791,4,40.18,SALE,2024-07-06T16:22:36,S05,20240706
S05/20240706/00027,2,P102931,1,185.66,SALE,2024-07-06T16:22:36,S05,20240706
S05/20240706/00027,3,P103273,3,377.82,SALE,2024-07-06T16:22:36,S05,20240706
S05/20240706/00027,4,TAX,1,144.05,TAX,2024-07-06T16:22:36,S05,20240706
S05/20240706/00027,5,TENDER,1,1623.89,TENDER,2024-07-06T16:22:36,S05,20240706
S05/20240706/00028,1,P108313,2,372.95,SALE,2024-07-06T14:01:28,S05,20240706
S05/20240706/00028,2,P101578,2,39.77,SALE,2024-07-06T14:01:28,S05,20240706
S05/20240706/00028,3,TAX,1,93.49,TAX,2024-07-06T14:01:28,S05,20240706
S05/20240706/00028,4,TENDER,1,918.93,TENDER,2024-07-06T14:01:28,S05,20240706
S05/20240706/00029,1,P100985,3,288.61,SALE,2024-07-06T16:29:41,S05,20240706
S05/20240706/00029,2,P105980,3,263.95,SALE,2024-07-06T16:29:41,S05,20240706
S05/20240706/00029,3,P103577,3,100.03,SALE,2024-07-06T16:29:41,S05,20240706
S05/20240706/00029,4,P104058,2,351.54,SALE,2024-07-06T16:29:41,S05,20240706
S05/20240706/00029,5,TAX,1,413.44,TAX,2024-07-06T16:29:41,S05,20240706
S05/20240706/00029,6,TENDER,1,3074.29,TENDER,2024-07-06T16:29:41,S05,20240706
S05/20240706/00030,1,P103416,3,73.27,SALE,2024-07-06T17:30:35,S05,20240706
S05/20240706/00030,2,P105797,1,254.07,SALE,2024-07-06T17:30:35,S05,20240706
S05/20240706/00030,3,P102648,1,397.04,SALE,2024-07-06T17:30:35,S05,20240706
S05/20240706/00030,4,P106391,2,747.95,SALE,2024-07-06T17:30:35,S05,20240706
S05/20240706/00030,5,P101894,1,668.48,SALE,2024-07-06T17:30:35,S05,20240706
S05/20240706/00030,6,P100276,3,965.56,SALE,2024-07-06T17:30:35,S05,20240706
S05/20240706/00030,7,P105698,1,186.46,SALE,2024-07-06T17:30:35,S05,20240706
S05/20240706/00030,8,P104372,4,105.38,SALE,2024-07-06T17:30:35,S05,20240706
S05/20240706/00030,9,P100840,1,248.08,SALE,2024-07-06T17:30:35,S05,20240706
S05/20240706/00030,10,P103068,3,151.27,SALE,2024-07-06T17:30:35,S05,20240706
S05/20240706/00030,11,P107463,1,188.92,SALE,2024-07-06T17:30:35,S05,20240706
S05/20240706/00030,12,TAX,1,612.60,TAX,2024-07-06T17:30:35,S05,20240706
S05/20240706/00030,13,TENDER,1,8043.37,TENDER,2024-07-06T17:30:35,S05,20240706
S05/20240706/00031,1,P105021,2,1086.75,SALE,2024-07-06T16:51:50,S05,20240706
S05/20240706/00031,2,P103372,3,43.95,SALE,2024-07-06T16:51:50,S05,20240706
S05/20240706/00031,3,P105835,2,243.66,SALE,2024-07-06T16:51:50,S05,20240706
S05/20240706/00031,4,P105280,2,220.35,SALE,2024-07-06T16:51:50,S05,20240706
S05/20240706/00031,5,P104079,2,75.55,SALE,2024-07-06T16:51:50,S05,20240706
S05/20240706/00031,6,P102636,1,114.77,SALE,2024-07-06T16:51:50,S05,20240706
S05/20240706/00031,7,P104454,1,47.84,SALE,2024-07-06T16:51:50,S05,20240706
S05/20240706/00031,8,TAX,1,339.08,TAX,2024-07-06T16:51:50,S05,20240706
S05/20240706/00031,9,TENDER,1,3886.16,TENDER,2024-07-06T16:51:50,S05,20240706
S05/20240706/00032,1,P102342,1,99.85,SALE,2024-07-06T17:12:38,S05,20240706
S05/20240706/00032,2,P100652,1,45.46,SALE,2024-07-06T17:12:38,S05,20240706
S05/20240706/00032,3,P101305,1,110.46,SALE,2024-07-06T17:12:38,S05,20240706
S05/20240706/00032,4,TAX,1,40.05,TAX,2024-07-06T17:12:38,S05,20240706
S05/20240706/00032,5,TENDER,1,295.82,TENDER,2024-07-06T17:12:38,S05,20240706
S05/20240706/00033,1,P107282,1,1189.20,SALE,2024-07-06T14:59:06,S05,20240706
S05/20240706/00033,2,P107654,1,363.70,SALE,2024-07-06T14:59:06,S05,20240706
S05/20240706/00033,3,P101669,3,49.56,SALE,2024-07-06T14:59:06,S05,20240706
S05/20240706/00033,4,P107890,3,133.07,SALE,2024-07-06T14:59:06,S05,20240706
S05/20240706/00033,5,TAX,1,71.04,TAX,2024-07-06T14:59:06,S05,20240706
S05/20240706/00033,6,TENDER,1,2171.83,TENDER,2024-07-06T14:59:06,S05,20240706
S05/20240706/00034,1,P101345,1,69.59,SALE,2024-07-06T09:38:09,S05,20240706
S05/20240706/00034,2,P103760,2,104.16,SALE,2024-07-06T09:38:09,S05,20240706
S05/20240706/00034,3,P104617,4,107.09,SALE,2024-07-06T09:38:09,S05,20240706
S05/20240706/00034,4,P103680,3,210.26,SALE,2024-07-06T09:38:09,S05,20240706
S05/20240706/00034,5,P105733,1,135.79,SALE,2024-07-06T09:38:09,S05,20240706
S05/20240706/00034,6,P103487,2,361.14,SALE,2024-07-06T09:38:09,S05,20240706
S05/20240706/00034,7,P102114,2,128.95,SALE,2024-07-06T09:38:09,S05,20240706
S05/20240706/00034,8,P107110,4,77.73,SALE,2024-07-06T09:38:09,S05,20240706
S05/20240706/00034,9,TAX,1,298.06,TAX,2024-07-06T09:38:09,S05,20240706
S05/20240706/00034,10,TENDER,1,3062.00,TENDER,2024-07-06T09:38:09,S05,20240706
S05/20240706/00035,1,P105923,4,242.95,SALE,2024-07-06T18:42:23,S05,20240706
S05/20240706/00035,2,P104194,3,119.04,SALE,2024-07-06T18:42:23,S05,20240706
S05/20240706/00035,3,P106254,1,1135.50,SALE,2024-07-06T18:42:23,S05,20240706
S05/20240706/00035,4,P103861,3,52.95,SALE,2024-07-06T18:42:23,S05,20240706
S05/20240706/00035,5,TAX,1,120.81,TAX,2024-07-06T18:42:23,S05,20240706
S05/20240706/00035,6,TENDER,1,2744.08,TENDER,2024-07-06T18:42:23,S05,20240706
S05/20240707/00001,1,P101037,2,613.83,SALE,2024-07-07T15:45:42,S05,20240707
S05/20240707/00001,2,P102724,1,391.04,SALE,2024-07-07T15:45:42,S05,20240707
S05/20240707/00001,3,P104695,2,74.85,SALE,2024-07-07T15:45:42,S05,20240707
S05/20240707/00001,4,TAX,1,298.85,TAX,2024-07-07T15:45:42,S05,20240707
S05/20240707/00001,5,TENDER,1,2067.25,TENDER,2024-07-07T15:45:42,S05,20240707
S05/20240707/00002,1,P100319,4,48.05,SALE,2024-07-07T12:41:46,S05,20240707
S05/20240707/00002,2,P103319,3,356.46,SALE,2024-07-07T12:41:46,S05,20240707
S05/20240707/00002,3,P103668,2,1530.18,SALE,2024-07-07T12:41:46,S05,20240707
S05/20240707/00002,4,P101802,1,40.81,SALE,2024-07-07T12:41:46,S05,20240707
S05/20240707/00002,5,DISC,1,-248.82,DISCOUNT,2024-07-07T12:41:46,S05,20240707
S05/20240707/00002,6,TAX,1,205.70,TAX,2024-07-07T12:41:46,S05,20240707
S05/20240707/00002,7,TENDER,1,4319.63,TENDER,2024-07-07T12:41:46,S05,20240707
S05/20240707/00003,1,P104485,2,643.04,SALE,2024-07-07T13:28:21,S05,20240707
S05/20240707/00003,2,P102181,3,1586.03,SALE,2024-07-07T13:28:21,S05,20240707
S05/20240707/00003,3,P103816,1,209.63,SALE,2024-07-07T13:28:21,S05,20240707
S05/20240707/00003,4,P107609,3,108.46,SALE,2024-07-07T13:28:21,S05,20240707
S05/20240707/00003,5,P106254,3,1135.50,SALE,2024-07-07T13:28:21,S05,20240707
S05/20240707/00003,6,P103822,3,594.96,SALE,2024-07-07T13:28:21,S05,20240707
S05/20240707/00003,7,TAX,1,571.91,TAX,2024-07-07T13:28:21,S05,20240707
S05/20240707/00003,8,TENDER,1,12342.47,TENDER,2024-07-07T13:28:21,S05,20240707
S05/20240707/00004,1,P101789,1,336.02,SALE,2024-07-07T14:12:57,S05,20240707
S05/20240707/00004,2,P107110,2,77.73,SALE,2024-07-07T14:12:57,S05,20240707
S05/20240707/00004,3,TAX,1,44.78,TAX,2024-07-07T14:12:57,S05,20240707
S05/20240707/00004,4,TENDER,1,536.26,TENDER,2024-07-07T14:12:57,S05,20240707
S05/20240707/00005,1,P106344,-2,801.30,RETURN,2024-07-07T13:42:38,S05,20240707
S05/20240707/00005,2,P100453,-3,207.31,RETURN,2024-07-07T13:42:38,S05,20240707
S05/20240707/00005,3,P105988,-2,29.57,RETURN,2024-07-07T13:42:38,S05,20240707
S05/20240707/00005,4,P103354,-3,894.50,RETURN,2024-07-07T13:42:38,S05,20240707
S05/20240707/00005,5,P107526,-3,50.67,RETURN,2024-07-07T13:42:38,S05,20240707
S05/20240707/00005,6,P108292,-2,104.02,RETURN,2024-07-07T13:42:38,S05,20240707
S05/20240707/00005,7,TAX,1,-104.95,TAX,2024-07-07T13:42:38,S05,20240707
S05/20240707/00005,8,TENDER,1,-5432.17,TENDER,2024-07-07T13:42:38,S05,20240707
S05/20240707/00006,1,P100287,5,218.95,SALE,2024-07-07T14:53:02,S05,20240707
S05/20240707/00006,2,P103348,1,485.60,SALE,2024-07-07T14:53:02,S05,20240707
S05/20240707/00006,3,P101940,2,200.74,SALE,2024-07-07T14:53:02,S05,20240707
S05/20240707/00006,4,P102160,2,221.62,SALE,2024-07-07T14:53:02,S05,20240707
S05/20240707/00006,5,P103222,4,357.87,SALE,2024-07-07T14:53:02,S05,20240707
S05/20240707/00006,6,P101095,2,205.38,SALE,2024-07-07T14:53:02,S05,20240707
S05/20240707/00006,7,P105733,3,135.79,SALE,2024-07-07T14:53:02,S05,20240707
S05/20240707/00006,8,TAX,1,502.12,TAX,2024-07-07T14:53:02,S05,20240707
S05/20240707/00006,9,TENDER,1,5176.80,TENDER,2024-07-07T14:53:02,S05,20240707
S05/20240707/00007,1,P108110,1,15.95,SALE,2024-07-07T17:41:02,S05,20240707
S05/20240707/00007,2,P108379,1,305.48,SALE,2024-07-07T17:41:02,S05,20240707
S05/20240707/00007,3,P105531,2,502.91,SALE,2024-07-07T17:41:02,S05,20240707
S05/20240707/00007,4,P104410,2,498.71,SALE,2024-07-07T17:41:02,S05,20240707
S05/20240707/00007,5,P100066,3,251.22,SALE,2024-07-07T17:41:02,S05,20240707
S05/20240707/00007,6,TAX,1,475.42,TAX,2024-07-07T17:41:02,S05,20240707
S05/20240707/00007,7,TENDER,1,3553.75,TENDER,2024-07-07T17:41:02,S05,20240707
S05/20240707/00008,1,P103934,4,260.38,SALE,2024-07-07T17:38:39,S05,20240707
S05/20240707/00008,2,P100106,2,318.86,SALE,2024-07-07T17:38:39,S05,20240707
S05/20240707/00008,3,P108191,2,309.71,SALE,2024-07-07T17:38:39,S05,20240707
S05/20240707/00008,4,TAX,1,333.23,TAX,2024-07-07T17:38:39,S05,20240707
S05/20240707/00008,5,TENDER,1,2631.89,TENDER,2024-07-07T17:38:39,S05,20240707
S05/20240707/00009,1,P105562,1,422.85,SALE,2024-07-07T17:33:12,S05,20240707
S05/20240707/00009,2,P107630,3,290.66,SALE,2024-07-07T17:33:12,S05,20240707
S05/20240707/00009,3,P102060,4,165.83,SALE,2024-07-07T17:33:12,S05,20240707
S05/20240707/00009,4,TAX,1,233.07,TAX,2024-07-07T17:33:12,S05,20240707
S05/20240707/00009,5,TENDER,1,2191.22,TENDER,2024-07-07T17:33:12,S05,20240707
S05/20240707/00010,1,P104023,2,630.48,SALE,2024-07-07T17:04:37,S05,20240707
S05/20240707/00010,2,P105507,4,20.37,SALE,2024-07-07T17:04:37,S05,20240707
S05/20240707/00010,3,P104372,2,105.38,SALE,2024-07-07T17:04:37,S05,20240707
S05/20240707/00010,4,P107053,1,524.95,SALE,2024-07-07T17:04:37,S05,20240707
S05/20240707/00010,5,P101454,2,130.95,SALE,2024-07-07T17:04:37,S05,20240707
S05/20240707/00010,6,P108379,1,305.48,SALE,2024-07-07T17:04:37,S05,20240707
S05/20240707/00010,7,P102236,4,928.51,SALE,2024-07-07T17:04:37,S05,20240707
S05/20240707/00010,8,TAX,1,353.62,TAX,2024-07-07T17:04:37,S05,20240707
S05/20240707/00010,9,TENDER,1,6713.19,TENDER,2024-07-07T17:04:37,S05,20240707
S05/20240707/00011,1,P104212,1,422.34,SALE,2024-07-07T11:49:58,S05,20240707
S05/20240707/00011,2,TAX,1,76.02,TAX,2024-07-07T11:49:58,S05,20240707
S05/20240707/00011,3,TENDER,1,498.36,TENDER,2024-07-07T11:49:58,S05,20240707
S05/20240707/00012,1,P102772,1,151.97,SALE,2024-07-07T16:55:07,S05,20240707
S05/20240707/00012,2,P102236,3,928.51,SALE,2024-07-07T16:55:07,S05,20240707
S05/20240707/00012,3,P101213,2,232.84,SALE,2024-07-07T16:55:07,S05,20240707
S05/20240707/00012,4,P102290,2,547.95,SALE,2024-07-07T16:55:07,S05,20240707
S05/20240707/00012,5,P106512,1,418.86,SALE,2024-07-07T16:55:07,S05,20240707
S05/20240707/00012,6,P101722,2,1331.86,SALE,2024-07-07T16:55:07,S05,20240707
S05/20240707/00012,7,P103294,3,69.64,SALE,2024-07-07T16:55:07,S05,20240707
S05/20240707/00012,8,TAX,1,581.23,TAX,2024-07-07T16:55:07,S05,20240707
S05/20240707/00012,9,TENDER,1,8371.81,TENDER,2024-07-07T16:55:07,S05,20240707
S05/20240707/00013,1,P102219,1,726.06,SALE,2024-07-07T13:12:57,S05,20240707
S05/20240707/00013,2,P104802,3,194.24,SALE,2024-07-07T13:12:57,S05,20240707
S05/20240707/00013,3,P107695,2,282.58,SALE,2024-07-07T13:12:57,S05,20240707
S05/20240707/00013,4,P106534,3,92.80,SALE,2024-07-07T13:12:57,S05,20240707
S05/20240707/00013,5,P108313,2,372.95,SALE,2024-07-07T13:12:57,S05,20240707
S05/20240707/00013,6,P100593,1,29.38,SALE,2024-07-07T13:12:57,S05,20240707
S05/20240707/00013,7,TAX,1,384.01,TAX,2024-07-07T13:12:57,S05,20240707
S05/20240707/00013,8,TENDER,1,3311.63,TENDER,2024-07-07T13:12:57,S05,20240707
S05/20240707/00014,1,P107446,1,628.73,SALE,2024-07-07T14:00:05,S05,20240707
S05/20240707/00014,2,P105707,2,130.64,SALE,2024-07-07T14:00:05,S05,20240707
S05/20240707/00014,3,P103435,1,443.24,SALE,2024-07-07T14:00:05,S05,20240707
S05/20240707/00014,4,P102814,2,543.50,SALE,2024-07-07T14:00:05,S05,20240707
S05/20240707/00014,5,TAX,1,278.66,TAX,2024-07-07T14:00:05,S05,20240707
S05/20240707/00014,6,TENDER,1,2698.91,TENDER,2024-07-07T14:00:05,S05,20240707
S05/20240707/00015,1,P106602,1,122.17,SALE,2024-07-07T15:46:13,S05,20240707
S05/20240707/00015,2,P101023,4,184.25,SALE,2024-07-07T15:46:13,S05,20240707
S05/20240707/00015,3,TAX,1,42.96,TAX,2024-07-07T15:46:13,S05,20240707
S05/20240707/00015,4,TENDER,1,902.13,TENDER,2024-07-07T15:46:13,S05,20240707
S05/20240707/00016,1,P105684,2,1114.27,SALE,2024-07-07T18:26:27,S05,20240707
S05/20240707/00016,2,P102814,5,543.50,SALE,2024-07-07T18:26:27,S05,20240707
S05/20240707/00016,3,P106452,2,28.29,SALE,2024-07-07T18:26:27,S05,20240707
S05/20240707/00016,4,P104975,2,496.12,SALE,2024-07-07T18:26:27,S05,20240707
S05/20240707/00016,5,P101656,3,262.95,SALE,2024-07-07T18:26:27,S05,20240707
S05/20240707/00016,6,P108082,1,236.40,SALE,2024-07-07T18:26:27,S05,20240707
S05/20240707/00016,7,TAX,1,387.35,TAX,2024-07-07T18:26:27,S05,20240707
S05/20240707/00016,8,TENDER,1,7407.46,TENDER,2024-07-07T18:26:27,S05,20240707
S05/20240707/00017,1,P106751,3,132.55,SALE,2024-07-07T15:29:33,S05,20240707
S05/20240707/00017,2,P107063,3,374.87,SALE,2024-07-07T15:29:33,S05,20240707
S05/20240707/00017,3,P107646,3,225.19,SALE,2024-07-07T15:29:33,S05,20240707
S05/20240707/00017,4,P104404,2,890.27,SALE,2024-07-07T15:29:33,S05,20240707
S05/20240707/00017,5,P107100,3,171.95,SALE,2024-07-07T15:29:33,S05,20240707
S05/20240707/00017,6,TAX,1,464.18,TAX,2024-07-07T15:29:33,S05,20240707
S05/20240707/00017,7,TENDER,1,4958.40,TENDER,2024-07-07T15:29:33,S05,20240707
S05/20240707/00018,1,P104497,1,212.37,SALE,2024-07-07T14:41:47,S05,20240707
S05/20240707/00018,2,P106542,2,122.90,SALE,2024-07-07T14:41:47,S05,20240707
S05/20240707/00018,3,P107826,5,106.95,SALE,2024-07-07T14:41:47,S05,20240707
S05/20240707/00018,4,P107899,1,197.21,SALE,2024-07-07T14:41:47,S05,20240707
S05/20240707/00018,5,P108335,1,165.51,SALE,2024-07-07T14:41:47,S05,20240707
S05/20240707/00018,6,P108179,2,290.92,SALE,2024-07-07T14:41:47,S05,20240707
S05/20240707/00018,7,TAX,1,198.71,TAX,2024-07-07T14:41:47,S05,20240707
S05/20240707/00018,8,TENDER,1,2136.19,TENDER,2024-07-07T14:41:47,S05,20240707
S05/20240707/00019,1,P103542,3,398.89,SALE,2024-07-07T19:05:46,S05,20240707
S05/20240707/00019,2,P106865,3,299.72,SALE,2024-07-07T19:05:46,S05,20240707
S05/20240707/00019,3,P100074,2,57.78,SALE,2024-07-07T19:05:46,S05,20240707
S05/20240707/00019,4,P105518,2,729.30,SALE,2024-07-07T19:05:46,S05,20240707
S05/20240707/00019,5,P107435,2,549.51,SALE,2024-07-07T19:05:46,S05,20240707
S05/20240707/00019,6,P104032,3,603.87,SALE,2024-07-07T19:05:46,S05,20240707
S05/20240707/00019,7,P107178,1,298.69,SALE,2024-07-07T19:05:46,S05,20240707
S05/20240707/00019,8,P106059,1,317.68,SALE,2024-07-07T19:05:46,S05,20240707
S05/20240707/00019,9,TAX,1,1190.71,TAX,2024-07-07T19:05:46,S05,20240707
S05/20240707/00019,10,TENDER,1,8387.70,TENDER,2024-07-07T19:05:46,S05,20240707
S05/20240707/00020,1,P106858,3,257.07,SALE,2024-07-07T09:38:57,S05,20240707
S05/20240707/00020,2,P107217,2,279.38,SALE,2024-07-07T09:38:57,S05,20240707
S05/20240707/00020,3,P104567,1,141.21,SALE,2024-07-07T09:38:57,S05,20240707
S05/20240707/00020,4,P103354,3,894.50,SALE,2024-07-07T09:38:57,S05,20240707
S05/20240707/00020,5,TAX,1,222.81,TAX,2024-07-07T09:38:57,S05,20240707
S05/20240707/00020,6,TENDER,1,4377.49,TENDER,2024-07-07T09:38:57,S05,20240707
S05/20240707/00021,1,P106624,5,103.58,SALE,2024-07-07T13:29:19,S05,20240707
S05/20240707/00021,2,P101164,1,401.86,SALE,2024-07-07T13:29:19,S05,20240707
S05/20240707/00021,3,P107018,4,187.58,SALE,2024-07-07T13:29:19,S05,20240707
S05/20240707/00021,4,P107989,2,184.95,SALE,2024-07-07T13:29:19,S05,20240707
S05/20240707/00021,5,TAX,1,176.43,TAX,2024-07-07T13:29:19,S05,20240707
S05/20240707/00021,6,TENDER,1,2216.41,TENDER,2024-07-07T13:29:19,S05,20240707
S05/20240707/00022,1,P103785,1,491.90,SALE,2024-07-07T12:18:52,S05,20240707
S05/20240707/00022,2,P103328,1,236.27,SALE,2024-07-07T12:18:52,S05,20240707
S05/20240707/00022,3,P100005,1,114.37,SALE,2024-07-07T12:18:52,S05,20240707
S05/20240707/00022,4,P104294,2,115.73,SALE,2024-07-07T12:18:52,S05,20240707
S05/20240707/00022,5,P101218,1,61.39,SALE,2024-07-07T12:18:52,S05,20240707
S05/20240707/00022,6,P105651,2,110.95,SALE,2024-07-07T12:18:52,S05,20240707
S05/20240707/00022,7,P103822,2,594.96,SALE,2024-07-07T12:18:52,S05,20240707
S05/20240707/00022,8,TAX,1,415.10,TAX,2024-07-07T12:18:52,S05,20240707
S05/20240707/00022,9,TENDER,1,2962.31,TENDER,2024-07-07T12:18:52,S05,20240707
S05/20240707/00023,1,P100810,2,200.65,SALE,2024-07-07T12:29:57,S05,20240707
S05/20240707/00023,2,P102892,1,220.95,SALE,2024-07-07T12:29:57,S05,20240707
S05/20240707/00023,3,P105369,1,135.84,SALE,2024-07-07T12:29:57,S05,20240707
S05/20240707/00023,4,P103206,2,450.05,SALE,2024-07-07T12:29:57,S05,20240707
S05/20240707/00023,5,TAX,1,246.31,TAX,2024-07-07T12:29:57,S05,20240707
S05/20240707/00023,6,TENDER,1,1904.50,TENDER,2024-07-07T12:29:57,S05,20240707
S05/20240707/00024,1,P105531,2,502.91,SALE,2024-07-07T12:06:37,S05,20240707
S05/20240707/00024,2,P107110,4,77.73,SALE,2024-07-07T12:06:37,S05,20240707
S05/20240707/00024,3,P100816,3,806.93,SALE,2024-07-07T12:06:37,S05,20240707
S05/20240707/00024,4,TAX,1,467.16,TAX,2024-07-07T12:06:37,S05,20240707
S05/20240707/00024,5,TENDER,1,4204.69,TENDER,2024-07-07T12:06:37,S05,20240707
S05/20240707/00025,1,P107933,1,1146.02,SALE,2024-07-07T11:40:55,S05,20240707
S05/20240707/00025,2,P103839,2,213.95,SALE,2024-07-07T11:40:55,S05,20240707
S05/20240707/00025,3,P102415,2,1208.12,SALE,2024-07-07T11:40:55,S05,20240707
S05/20240707/00025,4,P100703,2,164.26,SALE,2024-07-07T11:40:55,S05,20240707
S05/20240707/00025,5,TAX,1,374.78,TAX,2024-07-07T11:40:55,S05,20240707
S05/20240707/00025,6,TENDER,1,4693.46,TENDER,2024-07-07T11:40:55,S05,20240707
S05/20240707/00026,1,P107630,1,290.66,SALE,2024-07-07T10:35:53,S05,20240707
S05/20240707/00026,2,P100255,2,1250.31,SALE,2024-07-07T10:35:53,S05,20240707
S05/20240707/00026,3,P105187,2,1057.95,SALE,2024-07-07T10:35:53,S05,20240707
S05/20240707/00026,4,DISC,1,-565.15,DISCOUNT,2024-07-07T10:35:53,S05,20240707
S05/20240707/00026,5,TAX,1,156.92,TAX,2024-07-07T10:35:53,S05,20240707
S05/20240707/00026,6,TENDER,1,4498.95,TENDER,2024-07-07T10:35:53,S05,20240707
S05/20240708/00001,1,P101177,2,150.26,SALE,2024-07-08T09:13:54,S05,20240708
S05/20240708/00001,2,P105677,5,89.95,SALE,2024-07-08T09:13:54,S05,20240708
S05/20240708/00001,3,P105797,1,254.07,SALE,2024-07-08T09:13:54,S05,20240708
S05/20240708/00001,4,TAX,1,141.71,TAX,2024-07-08T09:13:54,S05,20240708
S05/20240708/00001,5,TENDER,1,1146.05,TENDER,2024-07-08T09:13:54,S05,20240708
S05/20240708/00002,1,P106405,6,38.72,SALE,2024-07-09T00:22:19,S05,20240708
S05/20240708/00002,2,P104902,1,445.79,SALE,2024-07-09T00:22:19,S05,20240708
S05/20240708/00002,3,P107996,1,215.44,SALE,2024-07-09T00:22:19,S05,20240708
S05/20240708/00002,4,P105294,2,126.15,SALE,2024-07-09T00:22:19,S05,20240708
S05/20240708/00002,5,P104593,4,867.34,SALE,2024-07-09T00:22:19,S05,20240708
S05/20240708/00002,6,P103785,3,491.90,SALE,2024-07-09T00:22:19,S05,20240708
S05/20240708/00002,7,P103950,3,1283.54,SALE,2024-07-09T00:22:19,S05,20240708
S05/20240708/00002,8,P102236,2,928.51,SALE,2024-07-09T00:22:19,S05,20240708
S05/20240708/00002,9,P100744,2,61.87,SALE,2024-07-09T00:22:19,S05,20240708
S05/20240708/00002,10,TAX,1,1063.22,TAX,2024-07-09T00:22:19,S05,20240708
S05/20240708/00002,11,TENDER,1,12985.51,TENDER,2024-07-09T00:22:19,S05,20240708
S05/20240708/00003,1,P104048,5,168.34,SALE,2024-07-08T17:12:12,S05,20240708
S05/20240708/00003,2,P104187,1,86.95,SALE,2024-07-08T17:12:12,S05,20240708
S05/20240708/00003,3,P100604,1,154.60,SALE,2024-07-08T17:12:12,S05,20240708
S05/20240708/00003,4,P104842,1,357.87,SALE,2024-07-08T17:12:12,S05,20240708
S05/20240708/00003,5,TAX,1,148.30,TAX,2024-07-08T17:12:12,S05,20240708
S05/20240708/00003,6,TENDER,1,1589.42,TENDER,2024-07-08T17:12:12,S05,20240708
S05/20240708/00004,1,P102445,3,31.53,SALE,2024-07-08T17:46:56,S05,20240708
S05/20240708/00004,2,P102998,3,145.74,SALE,2024-07-08T17:46:56,S05,20240708
S05/20240708/00004,3,TAX,1,95.73,TAX,2024-07-08T17:46:56,S05,20240708
S05/20240708/00004,4,TENDER,1,627.54,TENDER,2024-07-08T17:46:56,S05,20240708
S05/20240708/00005,1,P102096,3,982.72,SALE,2024-07-08T19:57:22,S05,20240708
S05/20240708/00005,2,P105609,2,817.71,SALE,2024-07-08T19:57:22,S05,20240708
S05/20240708/00005,3,P104533,1,271.68,SALE,2024-07-08T19:57:22,S05,20240708
S05/20240708/00005,4,DISC,1,-485.31,DISCOUNT,2024-07-08T19:57:22,S05,20240708
S05/20240708/00005,5,TAX,1,330.64,TAX,2024-07-08T19:57:22,S05,20240708
S05/20240708/00005,6,TENDER,1,4700.59,TENDER,2024-07-08T19:57:22,S05,20240708
S05/20240708/00006,1,P101656,1,262.95,SALE,2024-07-08T16:29:27,S05,20240708
S05/20240708/00006,2,P107753,1,67.96,SALE,2024-07-08T16:29:27,S05,20240708
S05/20240708/00006,3,P102724,1,391.04,SALE,2024-07-08T16:29:27,S05,20240708
S05/20240708/00006,4,P107330,1,115.95,SALE,2024-07-08T16:29:27,S05,20240708
S05/20240708/00006,5,TAX,1,122.81,TAX,2024-07-08T16:29:27,S05,20240708
S05/20240708/00006,6,TENDER,1,960.71,TENDER,2024-07-08T16:29:27,S05,20240708
S05/20240708/00007,1,P101961,2,679.58,SALE,2024-07-08T12:42:13,S05,20240708
S05/20240708/00007,2,P100250,1,544.91,SALE,2024-07-08T12:42:13,S05,20240708
S05/20240708/00007,3,P105518,3,729.30,SALE,2024-07-08T12:42:13,S05,20240708
S05/20240708/00007,4,TAX,1,665.72,TAX,2024-07-08T12:42:13,S05,20240708
S05/20240708/00007,5,TENDER,1,4757.69,TENDER,2024-07-08T12:42:13,S05,20240708
S05/20240708/00008,1,P107536,2,1495.35,SALE,2024-07-08T10:33:04,S05,20240708
S05/20240708/00008,2,P102963,2,365.76,SALE,2024-07-08T10:33:04,S05,20240708
S05/20240708/00008,3,P108369,3,318.67,SALE,2024-07-08T10:33:04,S05,20240708
S05/20240708/00008,4,P107003,4,1186.93,SALE,2024-07-08T10:33:04,S05,20240708
S05/20240708/00008,5,TAX,1,303.76,TAX,2024-07-08T10:33:04,S05,20240708
S05/20240708/00008,6,TENDER,1,9729.71,TENDER,2024-07-08T10:33:04,S05,20240708
S05/20240708/00009,1,P104600,5,54.71,SALE,2024-07-08T14:40:08,S05,20240708
S05/20240708/00009,2,P102531,1,148.04,SALE,2024-07-08T14:40:08,S05,20240708
S05/20240708/00009,3,P102656,2,176.92,SALE,2024-07-08T14:40:08,S05,20240708
S05/20240708/00009,4,P102409,1,326.59,SALE,2024-07-08T14:40:08,S05,20240708
S05/20240708/00009,5,P107597,2,519.83,SALE,2024-07-08T14:40:08,S05,20240708
S05/20240708/00009,6,TAX,1,159.90,TAX,2024-07-08T14:40:08,S05,20240708
S05/20240708/00009,7,TENDER,1,2301.58,TENDER,2024-07-08T14:40:08,S05,20240708
S05/20240708/00010,1,P100131,1,667.83,SALE,2024-07-08T13:36:25,S05,20240708
S05/20240708/00010,2,P106563,4,426.95,SALE,2024-07-08T13:36:25,S05,20240708
S05/20240708/00010,3,P104236,3,289.43,SALE,2024-07-08T13:36:25,S05,20240708
S05/20240708/00010,4,P103864,3,452.72,SALE,2024-07-08T13:36:25,S05,20240708
S05/20240708/00010,5,TAX,1,509.28,TAX,2024-07-08T13:36:25,S05,20240708
S05/20240708/00010,6,TENDER,1,5111.36,TENDER,2024-07-08T13:36:25,S05,20240708
S05/20240708/00011,1,P103946,1,328.70,SALE,2024-07-08T19:20:49,S05,20240708
S05/20240708/00011,2,P101990,2,408.52,SALE,2024-07-08T19:20:49,S05,20240708
S05/20240708/00011,3,P106200,3,117.95,SALE,2024-07-08T19:20:49,S05,20240708
S05/20240708/00011,4,P101796,4,990.67,SALE,2024-07-08T19:20:49,S05,20240708
S05/20240708/00011,5,P107872,1,583.81,SALE,2024-07-08T19:20:49,S05,20240708
S05/20240708/00011,6,P102255,2,167.76,SALE,2024-07-08T19:20:49,S05,20240708
S05/20240708/00011,7,DISC,1,-471.01,DISCOUNT,2024-07-08T19:20:49,S05,20240708
S05/20240708/00011,8,TAX,1,340.68,TAX,2024-07-08T19:20:49,S05,20240708
S05/20240708/00011,9,TENDER,1,6251.27,TENDER,2024-07-08T19:20:49,S05,20240708
S05/20240708/00012,1,P104718,2,364.54,SALE,2024-07-08T16:19:50,S05,20240708
S05/20240708/00012,2,P105377,2,262.95,SALE,2024-07-08T16:19:50,S05,20240708
S05/20240708/00012,3,P100761,3,51.26,SALE,2024-07-08T16:19:50,S05,20240708
S05/20240708/00012,4,P102656,1,176.92,SALE,2024-07-08T16:19:50,S05,20240708
S05/20240708/00012,5,P105155,1,350.84,SALE,2024-07-08T16:19:50,S05,20240708
S05/20240708/00012,6,DISC,1,-171.59,DISCOUNT,2024-07-08T16:19:50,S05,20240708
S05/20240708/00012,7,TAX,1,168.31,TAX,2024-07-08T16:19:50,S05,20240708
S05/20240708/00012,8,TENDER,1,1933.24,TENDER,2024-07-08T16:19:50,S05,20240708
S05/20240708/00013,1,P104975,3,496.12,SALE,2024-07-08T21:05:14,S05,20240708
S05/20240708/00013,2,P100086,2,88.95,SALE,2024-07-08T21:05:14,S05,20240708
S05/20240708/00013,3,DISC,1,-74.18,DISCOUNT,2024-07-08T21:05:14,S05,20240708
S05/20240708/00013,4,TAX,1,8.50,TAX,2024-07-08T21:05:14,S05,20240708
S05/20240708/00013,5,TENDER,1,1600.58,TENDER,2024-07-08T21:05:14,S05,20240708
S05/20240708/00014,1,P101899,1,345.29,SALE,2024-07-08T17:05:24,S05,20240708
S05/20240708/00014,2,P104827,2,168.97,SALE,2024-07-08T17:05:24,S05,20240708
S05/20240708/00014,3,P107681,1,184.34,SALE,2024-07-08T17:05:24,S05,20240708
S05/20240708/00014,4,P101393,4,32.95,SALE,2024-07-08T17:05:24,S05,20240708
S05/20240708/00014,5,TAX,1,101.92,TAX,2024-07-08T17:05:24,S05,20240708
S05/20240708/00014,6,TENDER,1,1101.29,TENDER,2024-07-08T17:05:24,S05,20240708
S05/20240708/00015,1,P100172,1,196.62,SALE,2024-07-08T21:16:10,S05,20240708
S05/20240708/00015,2,P108162,2,257.55,SALE,2024-07-08T21:16:10,S05,20240708
S05/20240708/00015,3,TAX,1,35.59,TAX,2024-07-08T21:16:10,S05,20240708
S05/20240708/00015,4,TENDER,1,747.31,TENDER,2024-07-08T21:16:10,S05,20240708
S05/20240709/00001,1,P107163,1,187.11,SALE,2024-07-09T13:44:00,S05,20240709
S05/20240709/00001,2,P107989,4,184.95,SALE,2024-07-09T13:44:00,S05,20240709
S05/20240709/00001,3,P103354,2,894.50,SALE,2024-07-09T13:44:00,S05,20240709
S05/20240709/00001,4,P106965,2,78.22,SALE,2024-07-09T13:44:00,S05,20240709
S05/20240709/00001,5,TAX,1,150.34,TAX,2024-07-09T13:44:00,S05,20240709
S05/20240709/00001,6,TENDER,1,3022.69,TENDER,2024-07-09T13:44:00,S05,20240709
S05/20240709/00002,1,P100577,2,277.95,SALE,2024-07-09T12:56:31,S05,20240709
S05/20240709/00002,2,P103922,1,51.00,SALE,2024-07-09T12:56:31,S05,20240709
S05/20240709/00002,3,P104058,2,351.54,SALE,2024-07-09T12:56:31,S05,20240709
S05/20240709/00002,4,P103620,1,474.03,SALE,2024-07-09T12:56:31,S05,20240709
S05/20240709/00002,5,P105345,2,295.95,SALE,2024-07-09T12:56:31,S05,20240709
S05/20240709/00002,6,TAX,1,265.39,TAX,2024-07-09T12:56:31,S05,20240709
S05/20240709/00002,7,TENDER,1,2641.30,TENDER,2024-07-09T12:56:31,S05,20240709
S05/20240709/00003,1,P104008,6,116.02,SALE,2024-07-09T14:25:51,S05,20240709
S05/20240709/00003,2,P100999,3,161.56,SALE,2024-07-09T14:25:51,S05,20240709
S05/20240709/00003,3,TAX,1,34.81,TAX,2024-07-09T14:25:51,S05,20240709
S05/20240709/00003,4,TENDER,1,1215.61,TENDER,2024-07-09T14:25:51,S05,20240709
S05/20240709/00004,1,P103168,3,923.59,SALE,2024-07-09T19:22:34,S05,20240709
S05/20240709/00004,2,P104867,2,190.50,SALE,2024-07-09T19:22:34,S05,20240709
S05/20240709/00004,3,P104316,1,406.45,SALE,2024-07-09T19:22:34,S05,20240709
S05/20240709/00004,4,P100593,2,29.38,SALE,2024-07-09T19:22:34,S05,20240709
S05/20240709/00004,5,P101543,3,178.10,SALE,2024-07-09T19:22:34,S05,20240709
S05/20240709/00004,6,TAX,1,523.82,TAX,2024-07-09T19:22:34,S05,20240709
S05/20240709/00004,7,TENDER,1,4675.10,TENDER,2024-07-09T19:22:34,S05,20240709
S05/20240709/00005,1,P105624,2,380.06,SALE,2024-07-09T16:04:28,S05,20240709
S05/20240709/00005,2,TAX,1,38.01,TAX,2024-07-09T16:04:28,S05,20240709
S05/20240709/00005,3,TENDER,1,798.13,TENDER,2024-07-09T16:04:28,S05,20240709
S05/20240709/00006,1,P107933,2,1146.02,SALE,2024-07-09T09:37:15,S05,20240709
S05/20240709/00006,2,P102248,3,22.39,SALE,2024-07-09T09:37:15,S05,20240709
S05/20240709/00006,3,P105980,2,263.95,SALE,2024-07-09T09:37:15,S05,20240709
S05/20240709/00006,4,TAX,1,338.39,TAX,2024-07-09T09:37:15,S05,20240709
S05/20240709/00006,5,TENDER,1,3225.50,TENDER,2024-07-09T09:37:15,S05,20240709
S05/20240709/00007,1,P101345,5,69.59,SALE,2024-07-09T19:25:53,S05,20240709
S05/20240709/00007,2,P106659,2,88.95,SALE,2024-07-09T19:25:53,S05,20240709
S05/20240709/00007,3,P101940,2,200.74,SALE,2024-07-09T19:25:53,S05,20240709
S05/20240709/00007,4,P100754,4,91.60,SALE,2024-07-09T19:25:53,S05,20240709
S05/20240709/00007,5,TAX,1,105.24,TAX,2024-07-09T19:25:53,S05,20240709
S05/20240709/00007,6,TENDER,1,1398.97,TENDER,2024-07-09T19:25:53,S05,20240709
S05/20240709/00008,1,P107568,4,147.18,SALE,2024-07-09T18:51:26,S05,20240709
S05/20240709/00008,2,P101592,3,295.58,SALE,2024-07-09T18:51:26,S05,20240709
S05/20240709/00008,3,P100019,2,64.89,SALE,2024-07-09T18:51:26,S05,20240709
S05/20240709/00008,4,P100767,1,269.95,SALE,2024-07-09T18:51:26,S05,20240709
S05/20240709/00008,5,TAX,1,244.80,TAX,2024-07-09T18:51:26,S05,20240709
S05/20240709/00008,6,TENDER,1,2119.99,TENDER,2024-07-09T18:51:26,S05,20240709
S05/20240709/00009,1,P102593,2,92.93,SALE,2024-07-09T13:29:37,S05,20240709
S05/20240709/00009,2,P104032,2,603.87,SALE,2024-07-09T13:29:37,S05,20240709
S05/20240709/00009,3,P107327,3,1146.95,SALE,2024-07-09T13:29:37,S05,20240709
S05/20240709/00009,4,P106098,3,334.84,SALE,2024-07-09T13:29:37,S05,20240709
S05/20240709/00009,5,P101164,3,401.86,SALE,2024-07-09T13:29:37,S05,20240709
S05/20240709/00009,6,DISC,1,-269.41,DISCOUNT,2024-07-09T13:29:37,S05,20240709
S05/20240709/00009,7,TAX,1,565.89,TAX,2024-07-09T13:29:37,S05,20240709
S05/20240709/00009,8,TENDER,1,7341.03,TENDER,2024-07-09T13:29:37,S05,20240709
S05/20240709/00010,1,P105083,1,245.38,SALE,2024-07-09T11:24:03,S05,20240709
S05/20240709/00010,2,P105531,1,502.91,SALE,2024-07-09T11:24:03,S05,20240709
S05/20240709/00010,3,P100911,5,71.10,SALE,2024-07-09T11:24:03,S05,20240709
S05/20240709/00010,4,P106048,2,310.59,SALE,2024-07-09T11:24:03,S05,20240709
S05/20240709/00010,5,P106336,3,456.47,SALE,2024-07-09T11:24:03,S05,20240709
S05/20240709/00010,6,P102480,1,198.67,SALE,2024-07-09T11:24:03,S05,20240709
S05/20240709/00010,7,P104784,3,370.89,SALE,2024-07-09T11:24:03,S05,20240709
S05/20240709/00010,8,TAX,1,586.78,TAX,2024-07-09T11:24:03,S05,20240709
S05/20240709/00010,9,TENDER,1,4992.50,TENDER,2024-07-09T11:24:03,S05,20240709
S05/20240709/00011,1,P106872,1,73.31,SALE,2024-07-09T13:20:45,S05,20240709
S05/20240709/00011,2,P102485,1,202.08,SALE,2024-07-09T13:20:45,S05,20240709
S05/20240709/00011,3,P105944,4,985.47,SALE,2024-07-09T13:20:45,S05,20240709
S05/20240709/00011,4,P105035,1,158.77,SALE,2024-07-09T13:20:45,S05,20240709
S05/20240709/00011,5,P107654,2,363.70,SALE,2024-07-09T13:20:45,S05,20240709
S05/20240709/00011,6,P100479,2,342.53,SALE,2024-07-09T13:20:45,S05,20240709
S05/20240709/00011,7,TAX,1,665.82,TAX,2024-07-09T13:20:45,S05,20240709
S05/20240709/00011,8,TENDER,1,6454.32,TENDER,2024-07-09T13:20:45,S05,20240709
S05/20240709/00012,1,P100375,1,163.45,SALE,2024-07-09T17:03:19,S05,20240709
S05/20240709/00012,2,P100469,2,49.80,SALE,2024-07-09T17:03:19,S05,20240709
S05/20240709/00012,3,P105511,1,294.53,SALE,2024-07-09T17:03:19,S05,20240709
S05/20240709/00012,4,P101419,2,195.72,SALE,2024-07-09T17:03:19,S05,20240709
S05/20240709/00012,5,P107933,1,1146.02,SALE,2024-07-09T17:03:19,S05,20240709
S05/20240709/00012,6,TAX,1,250.66,TAX,2024-07-09T17:03:19,S05,20240709
S05/20240709/00012,7,TENDER,1,2345.70,TENDER,2024-07-09T17:03:19,S05,20240709
S05/20240709/00013,1,P101272,2,87.22,SALE,2024-07-09T22:10:08,S05,20240709
S05/20240709/00013,2,P107662,2,330.01,SALE,2024-07-09T22:10:08,S05,20240709
S05/20240709/00013,3,P106027,2,1436.61,SALE,2024-07-09T22:10:08,S05,20240709
S05/20240709/00013,4,P103732,2,94.74,SALE,2024-07-09T22:10:08,S05,20240709
S05/20240709/00013,5,TAX,1,137.00,TAX,2024-07-09T22:10:08,S05,20240709
S05/20240709/00013,6,TENDER,1,4034.16,TENDER,2024-07-09T22:10:08,S05,20240709
S05/20240709/00014,1,P103908,1,104.62,SALE,2024-07-09T12:37:04,S05,20240709
S05/20240709/00014,2,P101660,2,193.14,SALE,2024-07-09T12:37:04,S05,20240709
S05/20240709/00014,3,P102998,4,145.74,SALE,2024-07-09T12:37:04,S05,20240709
S05/20240709/00014,4,P100883,1,723.68,SALE,2024-07-09T12:37:04,S05,20240709
S05/20240709/00014,5,P101656,2,262.95,SALE,2024-07-09T12:37:04,S05,20240709
S05/20240709/00014,6,TAX,1,236.09,TAX,2024-07-09T12:37:04,S05,20240709
S05/20240709/00014,7,TENDER,1,2559.53,TENDER,2024-07-09T12:37:04,S05,20240709
S05/20240709/00015,1,P106773,3,397.71,SALE,2024-07-09T15:04:02,S05,20240709
S05/20240709/00015,2,P100066,2,251.22,SALE,2024-07-09T15:04:02,S05,20240709
S05/20240709/00015,3,P103811,1,801.95,SALE,2024-07-09T15:04:02,S05,20240709
S05/20240709/00015,4,P106357,1,1078.45,SALE,2024-07-09T15:04:02,S05,20240709
S05/20240709/00015,5,TAX,1,434.62,TAX,2024-07-09T15:04:02,S05,20240709
S05/20240709/00015,6,TENDER,1,4010.59,TENDER,2024-07-09T15:04:02,S05,20240709
S05/20240709/00016,1,P104747,1,342.93,SALE,2024-07-09T20:55:53,S05,20240709
S05/20240709/00016,2,P100819,1,1203.94,SALE,2024-07-09T20:55:53,S05,20240709
S05/20240709/00016,3,P101923,1,484.95,SALE,2024-07-09T20:55:53,S05,20240709
S05/20240709/00016,4,P107163,3,187.11,SALE,2024-07-09T20:55:53,S05,20240709
S05/20240709/00016,5,P101444,1,834.95,SALE,2024-07-09T20:55:53,S05,20240709
S05/20240709/00016,6,P104081,1,586.63,SALE,2024-07-09T20:55:53,S05,20240709
S05/20240709/00016,7,P108397,2,286.03,SALE,2024-07-09T20:55:53,S05,20240709
S05/20240709/00016,8,TAX,1,266.90,TAX,2024-07-09T20:55:53,S05,20240709
S05/20240709/00016,9,TENDER,1,4853.69,TENDER,2024-07-09T20:55:53,S05,20240709
S05/20240710/00001,1,P101990,1,408.52,SALE,2024-07-10T13:39:58,S05,20240710
S05/20240710/00001,2,P105365,2,393.76,SALE,2024-07-10T13:39:58,S05,20240710
S05/20240710/00001,3,P107190,1,223.50,SALE,2024-07-10T13:39:58,S05,20240710
S05/20240710/00001,4,TAX,1,183.75,TAX,2024-07-10T13:39:58,S05,20240710
S05/20240710/00001,5,TENDER,1,1603.29,TENDER,2024-07-10T13:39:58,S05,20240710
S05/20240710/00002,1,P102559,2,86.19,SALE,2024-07-10T19:26:53,S05,20240710
S05/20240710/00002,2,P102566,2,415.94,SALE,2024-07-10T19:26:53,S05,20240710
S05/20240710/00002,3,P106254,2,1135.50,SALE,2024-07-10T19:26:53,S05,20240710
S05/20240710/00002,4,P100549,2,301.95,SALE,2024-07-10T19:26:53,S05,20240710
S05/20240710/00002,5,TAX,1,122.68,TAX,2024-07-10T19:26:53,S05,20240710
S05/20240710/00002,6,TENDER,1,4001.84,TENDER,2024-07-10T19:26:53,S05,20240710
S05/20240710/00003,1,P103743,1,1117.90,SALE,2024-07-10T12:21:26,S05,20240710
S05/20240710/00003,2,P103243,2,193.36,SALE,2024-07-10T12:21:26,S05,20240710
S05/20240710/00003,3,P102598,1,133.17,SALE,2024-07-10T12:21:26,S05,20240710
S05/20240710/00003,4,P100640,1,330.95,SALE,2024-07-10T12:21:26,S05,20240710
S05/20240710/00003,5,P102982,2,256.21,SALE,2024-07-10T12:21:26,S05,20240710
S05/20240710/00003,6,P106534,4,87.55,SALE,2024-07-10T12:21:26,S05,20240710
S05/20240710/00003,7,P102623,1,110.85,SALE,2024-07-10T12:21:26,S05,20240710
S05/20240710/00003,8,P104747,3,342.93,SALE,2024-07-10T12:21:26,S05,20240710
S05/20240710/00003,9,P104517,3,1474.90,SALE,2024-07-10T12:21:26,S05,20240710
S05/20240710/00003,10,DISC,1,-696.40,DISCOUNT,2024-07-10T12:21:26,S05,20240710
S05/20240710/00003,11,TAX,1,321.96,TAX,2024-07-10T12:21:26,S05,20240710
S05/20240710/00003,12,TENDER,1,8021.26,TENDER,2024-07-10T12:21:26,S05,20240710
S05/20240710/00004,1,P100609,2,76.13,SALE,2024-07-10T14:17:03,S05,20240710
S05/20240710/00004,2,P103137,1,218.09,SALE,2024-07-10T14:17:03,S05,20240710
S05/20240710/00004,3,P103406,6,1248.48,SALE,2024-07-10T14:17:03,S05,20240710
S05/20240710/00004,4,P105227,1,257.52,SALE,2024-07-10T14:17:03,S05,20240710
S05/20240710/00004,5,P107914,1,231.95,SALE,2024-07-10T14:17:03,S05,20240710
S05/20240710/00004,6,P102695,2,1259.21,SALE,2024-07-10T14:17:03,S05,20240710
S05/20240710/00004,7,TAX,1,1318.21,TAX,2024-07-10T14:17:03,S05,20240710
S05/20240710/00004,8,TENDER,1,12187.33,TENDER,2024-07-10T14:17:03,S05,20240710
S05/20240710/00005,1,P107777,3,222.77,SALE,2024-07-10T19:37:21,S05,20240710
S05/20240710/00005,2,P100362,1,270.89,SALE,2024-07-10T19:37:21,S05,20240710
S05/20240710/00005,3,P101982,1,366.95,SALE,2024-07-10T19:37:21,S05,20240710
S05/20240710/00005,4,TAX,1,66.05,TAX,2024-07-10T19:37:21,S05,20240710
S05/20240710/00005,5,TENDER,1,1372.20,TENDER,2024-07-10T19:37:21,S05,20240710
S05/20240710/00006,1,P102045,3,21.31,SALE,2024-07-10T12:39:38,S05,20240710
S05/20240710/00006,2,P100682,3,325.28,SALE,2024-07-10T12:39:38,S05,20240710
S05/20240710/00006,3,P102129,3,252.76,SALE,2024-07-10T12:39:38,S05,20240710
S05/20240710/00006,4,TAX,1,166.52,TAX,2024-07-10T12:39:38,S05,20240710
S05/20240710/00006,5,TENDER,1,1964.57,TENDER,2024-07-10T12:39:38,S05,20240710
S05/20240710/00007,1,P104133,1,248.31,SALE,2024-07-10T15:43:39,S05,20240710
S05/20240710/00007,2,P100855,4,345.07,SALE,2024-07-10T15:43:39,S05,20240710
S05/20240710/00007,3,TAX,1,248.45,TAX,2024-07-10T15:43:39,S05,20240710
S05/20240710/00007,4,TENDER,1,1877.04,TENDER,2024-07-10T15:43:39,S05,20240710
S05/20240710/00008,1,P107337,2,359.37,SALE,2024-07-10T21:41:53,S05,20240710
S05/20240710/00008,2,P101923,1,484.95,SALE,2024-07-10T21:41:53,S05,20240710
S05/20240710/00008,3,TAX,1,123.23,TAX,2024-07-10T21:41:53,S05,20240710
S05/20240710/00008,4,TENDER,1,1326.92,TENDER,2024-07-10T21:41:53,S05,20240710
S05/20240710/00009,1,P100543,1,123.06,SALE,2024-07-10T09:47:57,S05,20240710
S05/20240710/00009,2,P104160,3,258.87,SALE,2024-07-10T09:47:57,S05,20240710
S05/20240710/00009,3,P106686,3,301.28,SALE,2024-07-10T09:47:57,S05,20240710
S05/20240710/00009,4,P103397,1,371.02,SALE,2024-07-10T09:47:57,S05,20240710
S05/20240710/00009,5,P107400,2,274.90,SALE,2024-07-10T09:47:57,S05,20240710
S05/20240710/00009,6,TAX,1,144.16,TAX,2024-07-10T09:47:57,S05,20240710
S05/20240710/00009,7,TENDER,1,2868.49,TENDER,2024-07-10T09:47:57,S05,20240710
S05/20240710/00010,1,P104718,2,364.54,SALE,2024-07-10T18:36:36,S05,20240710
S05/20240710/00010,2,P106599,2,224.95,SALE,2024-07-10T18:36:36,S05,20240710
S05/20240710/00010,3,P106731,1,142.59,SALE,2024-07-10T18:36:36,S05,20240710
S05/20240710/00010,4,P100380,2,136.58,SALE,2024-07-10T18:36:36,S05,20240710
S05/20240710/00010,5,P106984,3,28.34,SALE,2024-07-10T18:36:36,S05,20240710
S05/20240710/00010,6,P100632,2,331.55,SALE,2024-07-10T18:36:36,S05,20240710
S05/20240710/00010,7,TAX,1,266.37,TAX,2024-07-10T18:36:36,S05,20240710
S05/20240710/00010,8,TENDER,1,2609.22,TENDER,2024-07-10T18:36:36,S05,20240710
S05/20240710/00011,1,P107078,2,111.95,SALE,2024-07-10T15:06:58,S05,20240710
S05/20240710/00011,2,P100233,2,67.07,SALE,2024-07-10T15:06:58,S05,20240710
S05/20240710/00011,3,P105695,1,158.81,SALE,2024-07-10T15:06:58,S05,20240710
S05/20240710/00011,4,P101332,4,400.98,SALE,2024-07-10T15:06:58,S05,20240710
S05/20240710/00011,5,TAX,1,303.35,TAX,2024-07-10T15:06:58,S05,20240710
S05/20240710/00011,6,TENDER,1,2424.12,TENDER,2024-07-10T15:06:58,S05,20240710
S05/20240710/00012,1,P107859,3,127.92,SALE,2024-07-10T12:29:42,S05,20240710
S05/20240710/00012,2,P106624,2,103.58,SALE,2024-07-10T12:29:42,S05,20240710
S05/20240710/00012,3,TAX,1,19.19,TAX,2024-07-10T12:29:42,S05,20240710
S05/20240710/00012,4,TENDER,1,610.11,TENDER,2024-07-10T12:29:42,S05,20240710
S05/20240710/00013,1,P101064,1,33.84,SALE,2024-07-10T14:08:23,S05,20240710
S05/20240710/00013,2,P105698,3,186.46,SALE,2024-07-10T14:08:23,S05,20240710
S05/20240710/00013,3,P107966,2,391.71,SALE,2024-07-10T14:08:23,S05,20240710
S05/20240710/00013,4,P101311,1,481.74,SALE,2024-07-10T14:08:23,S05,20240710
S05/20240710/00013,5,P102296,2,43.24,SALE,2024-07-10T14:08:23,S05,20240710
S05/20240710/00013,6,TAX,1,146.43,TAX,2024-07-10T14:08:23,S05,20240710
S05/20240710/00013,7,TENDER,1,2091.29,TENDER,2024-07-10T14:08:23,S05,20240710
S05/20240710/00014,1,P107775,1,755.55,SALE,2024-07-10T12:01:14,S05,20240710
S05/20240710/00014,2,P106807,1,322.15,SALE,2024-07-10T12:01:14,S05,20240710
S05/20240710/00014,3,P102975,2,226.32,SALE,2024-07-10T12:01:14,S05,20240710
S05/20240710/00014,4,P102868,2,471.29,SALE,2024-07-10T12:01:14,S05,20240710
S05/20240710/00014,5,TAX,1,346.90,TAX,2024-07-10T12:01:14,S05,20240710
S05/20240710/00014,6,TENDER,1,2819.82,TENDER,2024-07-10T12:01:14,S05,20240710
S05/20240710/00015,1,P102640,2,241.34,SALE,2024-07-10T13:32:51,S05,20240710
S05/20240710/00015,2,P106624,1,103.58,SALE,2024-07-10T13:32:51,S05,20240710
S05/20240710/00015,3,P103124,3,489.23,SALE,2024-07-10T13:32:51,S05,20240710
S05/20240710/00015,4,P104072,4,708.34,SALE,2024-07-10T13:32:51,S05,20240710
S05/20240710/00015,5,DISC,1,-518.16,DISCOUNT,2024-07-10T13:32:51,S05,20240710
S05/20240710/00015,6,TAX,1,440.49,TAX,2024-07-10T13:32:51,S05,20240710
S05/20240710/00015,7,TENDER,1,4809.64,TENDER,2024-07-10T13:32:51,S05,20240710
S05/20240710/00016,1,P102248,2,22.39,SALE,2024-07-10T20:08:57,S05,20240710
S05/20240710/00016,2,P102549,2,139.23,SALE,2024-07-10T20:08:57,S05,20240710
S05/20240710/00016,3,P107623,2,442.34,SALE,2024-07-10T20:08:57,S05,20240710
S05/20240710/00016,4,P105805,4,112.64,SALE,2024-07-10T20:08:57,S05,20240710
S05/20240710/00016,5,P104567,3,141.21,SALE,2024-07-10T20:08:57,S05,20240710
S05/20240710/00016,6,TAX,1,210.08,TAX,2024-07-10T20:08:57,S05,20240710
S05/20240710/00016,7,TENDER,1,2292.19,TENDER,2024-07-10T20:08:57,S05,20240710
S05/20240711/00001,1,P102972,2,250.10,SALE,2024-07-11T17:02:43,S05,20240711
S05/20240711/00001,2,P100156,2,1576.32,SALE,2024-07-11T17:02:43,S05,20240711
S05/20240711/00001,3,P102342,3,107.02,SALE,2024-07-11T17:02:43,S05,20240711
S05/20240711/00001,4,TAX,1,98.55,TAX,2024-07-11T17:02:43,S05,20240711
S05/20240711/00001,5,TENDER,1,4072.45,TENDER,2024-07-11T17:02:43,S05,20240711
S05/20240711/00002,1,P108144,1,253.94,SALE,2024-07-11T15:46:41,S05,20240711
S05/20240711/00002,2,P107708,3,163.95,SALE,2024-07-11T15:46:41,S05,20240711
S05/20240711/00002,3,P101184,1,55.85,SALE,2024-07-11T15:46:41,S05,20240711
S05/20240711/00002,4,P102788,1,871.07,SALE,2024-07-11T15:46:41,S05,20240711
S05/20240711/00002,5,P106277,2,425.71,SALE,2024-07-11T15:46:41,S05,20240711
S05/20240711/00002,6,P106848,3,16.02,SALE,2024-07-11T15:46:41,S05,20240711
S05/20240711/00002,7,P108319,3,253.21,SALE,2024-07-11T15:46:41,S05,20240711
S05/20240711/00002,8,DISC,1,-228.76,DISCOUNT,2024-07-11T15:46:41,S05,20240711
S05/20240711/00002,9,TAX,1,150.21,TAX,2024-07-11T15:46:41,S05,20240711
S05/20240711/00002,10,TENDER,1,3253.27,TENDER,2024-07-11T15:46:41,S05,20240711
S05/20240711/00003,1,P100150,3,280.80,SALE,2024-07-11T17:26:05,S05,20240711
S05/20240711/00003,2,P108144,1,253.94,SALE,2024-07-11T17:26:05,S05,20240711
S05/20240711/00003,3,P105413,2,158.95,SALE,2024-07-11T17:26:05,S05,20240711
S05/20240711/00003,4,TAX,1,110.74,TAX,2024-07-11T17:26:05,S05,20240711
S05/20240711/00003,5,TENDER,1,1524.98,TENDER,2024-07-11T17:26:05,S05,20240711
S05/20240711/00004,1,P105136,2,158.61,SALE,2024-07-11T14:31:31,S05,20240711
S05/20240711/00004,2,P107581,3,243.81,SALE,2024-07-11T14:31:31,S05,20240711
S05/20240711/00004,3,P106885,1,132.48,SALE,2024-07-11T14:31:31,S05,20240711
S05/20240711/00004,4,P102972,2,250.10,SALE,2024-07-11T14:31:31,S05,20240711
S05/20240711/00004,5,P104112,2,51.43,SALE,2024-07-11T14:31:31,S05,20240711
S05/20240711/00004,6,P104257,3,41.91,SALE,2024-07-11T14:31:31,S05,20240711
S05/20240711/00004,7,TAX,1,183.07,TAX,2024-07-11T14:31:31,S05,20240711
S05/20240711/00004,8,TENDER,1,2092.99,TENDER,2024-07-11T14:31:31,S05,20240711
S05/20240711/00005,1,P104446,3,56.83,SALE,2024-07-11T11:43:36,S05,20240711
S05/20240711/00005,2,P107646,2,225.19,SALE,2024-07-11T11:43:36,S05,20240711
S05/20240711/00005,3,P105633,1,46.25,SALE,2024-07-11T11:43:36,S05,20240711
S05/20240711/00005,4,TAX,1,55.52,TAX,2024-07-11T11:43:36,S05,20240711
S05/20240711/00005,5,TENDER,1,722.64,TENDER,2024-07-11T11:43:36,S05,20240711
S05/20240711/00006,1,P101292,2,380.75,SALE,2024-07-11T17:02:06,S05,20240711
S05/20240711/00006,2,P107597,2,519.83,SALE,2024-07-11T17:02:06,S05,20240711
S05/20240711/00006,3,P105765,3,439.90,SALE,2024-07-11T17:02:06,S05,20240711
S05/20240711/00006,4,P100250,1,544.91,SALE,2024-07-11T17:02:06,S05,20240711
S05/20240711/00006,5,P107472,1,60.81,SALE,2024-07-11T17:02:06,S05,20240711
S05/20240711/00006,6,DISC,1,-334.31,DISCOUNT,2024-07-11T17:02:06,S05,20240711
S05/20240711/00006,7,TAX,1,325.78,TAX,2024-07-11T17:02:06,S05,20240711
S05/20240711/00006,8,TENDER,1,3718.05,TENDER,2024-07-11T17:02:06,S05,20240711
S05/20240711/00007,1,P100348,1,478.95,SALE,2024-07-11T19:28:40,S05,20240711
S05/20240711/00007,2,P104181,3,279.95,SALE,2024-07-11T19:28:40,S05,20240711
S05/20240711/00007,3,P102623,1,110.85,SALE,2024-07-11T19:28:40,S05,20240711
S05/20240711/00007,4,P104956,2,133.95,SALE,2024-07-11T19:28:40,S05,20240711
S05/20240711/00007,5,P105260,1,72.61,SALE,2024-07-11T19:28:40,S05,20240711
S05/20240711/00007,6,P104251,4,79.68,SALE,2024-07-11T19:28:40,S05,20240711
S05/20240711/00007,7,P107463,2,188.92,SALE,2024-07-11T19:28:40,S05,20240711
S05/20240711/00007,8,TAX,1,320.35,TAX,2024-07-11T19:28:40,S05,20240711
S05/20240711/00007,9,TENDER,1,2787.07,TENDER,2024-07-11T19:28:40,S05,20240711
S05/20240711/00008,1,P105260,1,72.61,SALE,2024-07-11T07:09:38,S05,20240711
S05/20240711/00008,2,P107063,3,374.87,SALE,2024-07-11T07:09:38,S05,20240711
S05/20240711/00008,3,P102903,3,51.46,SALE,2024-07-11T07:09:38,S05,20240711
S05/20240711/00008,4,P104344,3,370.92,SALE,2024-07-11T07:09:38,S05,20240711
S05/20240711/00008,5,P108131,1,611.06,SALE,2024-07-11T07:09:38,S05,20240711
S05/20240711/00008,6,P108374,2,1311.92,SALE,2024-07-11T07:09:38,S05,20240711
S05/20240711/00008,7,P107119,4,16.65,SALE,2024-07-11T07:09:38,S05,20240711
S05/20240711/00008,8,TAX,1,414.29,TAX,2024-07-11T07:09:38,S05,20240711
S05/20240711/00008,9,TENDER,1,6180.15,TENDER,2024-07-11T07:09:38,S05,20240711
S05/20240711/00009,1,P105497,4,70.98,SALE,2024-07-11T18:45:25,S05,20240711
S05/20240711/00009,2,P105021,1,1086.75,SALE,2024-07-11T18:45:25,S05,20240711
S05/20240711/00009,3,P100855,2,345.07,SALE,2024-07-11T18:45:25,S05,20240711
S05/20240711/00009,4,P102324,2,194.59,SALE,2024-07-11T18:45:25,S05,20240711
S05/20240711/00009,5,P107520,2,137.21,SALE,2024-07-11T18:45:25,S05,20240711
S05/20240711/00009,6,TAX,1,321.89,TAX,2024-07-11T18:45:25,S05,20240711
S05/20240711/00009,7,TENDER,1,3046.30,TENDER,2024-07-11T18:45:25,S05,20240711
S05/20240711/00010,1,P104097,4,319.17,SALE,2024-07-11T20:39:48,S05,20240711
S05/20240711/00010,2,P101813,3,260.89,SALE,2024-07-11T20:39:48,S05,20240711
S05/20240711/00010,3,P105651,2,110.95,SALE,2024-07-11T20:39:48,S05,20240711
S05/20240711/00010,4,P106115,1,128.36,SALE,2024-07-11T20:39:48,S05,20240711
S05/20240711/00010,5,P105405,1,430.78,SALE,2024-07-11T20:39:48,S05,20240711
S05/20240711/00010,6,P104242,2,275.95,SALE,2024-07-11T20:39:48,S05,20240711
S05/20240711/00010,7,TAX,1,304.02,TAX,2024-07-11T20:39:48,S05,20240711
S05/20240711/00010,8,TENDER,1,3696.31,TENDER,2024-07-11T20:39:48,S05,20240711
S05/20240711/00011,1,P107158,3,150.12,SALE,2024-07-11T18:05:14,S05,20240711
S05/20240711/00011,2,P101142,2,102.04,SALE,2024-07-11T18:05:14,S05,20240711
S05/20240711/00011,3,P106934,1,1554.16,SALE,2024-07-11T18:05:14,S05,20240711
S05/20240711/00011,4,P103882,1,269.95,SALE,2024-07-11T18:05:14,S05,20240711
S05/20240711/00011,5,TAX,1,154.15,TAX,2024-07-11T18:05:14,S05,20240711
S05/20240711/00011,6,TENDER,1,2632.70,TENDER,2024-07-11T18:05:14,S05,20240711
S05/20240711/00012,1,P108397,1,286.03,SALE,2024-07-11T21:50:59,S05,20240711
S05/20240711/00012,2,P102342,1,107.02,SALE,2024-07-11T21:50:59,S05,20240711
S05/20240711/00012,3,P104558,3,429.56,SALE,2024-07-11T21:50:59,S05,20240711
S05/20240711/00012,4,P100150,1,280.80,SALE,2024-07-11T21:50:59,S05,20240711
S05/20240711/00012,5,P101218,1,61.39,SALE,2024-07-11T21:50:59,S05,20240711
S05/20240711/00012,6,P103871,3,196.47,SALE,2024-07-11T21:50:59,S05,20240711
S05/20240711/00012,7,TAX,1,256.37,TAX,2024-07-11T21:50:59,S05,20240711
S05/20240711/00012,8,TENDER,1,2869.70,TENDER,2024-07-11T21:50:59,S05,20240711
S05/20240711/00013,1,P101955,2,356.95,SALE,2024-07-11T08:19:40,S05,20240711
S05/20240711/00013,2,P102335,3,94.24,SALE,2024-07-11T08:19:40,S05,20240711
S05/20240711/00013,3,P102623,2,110.85,SALE,2024-07-11T08:19:40,S05,20240711
S05/20240711/00013,4,P102006,2,1553.68,SALE,2024-07-11T08:19:40,S05,20240711
S05/20240711/00013,5,P102868,1,471.29,SALE,2024-07-11T08:19:40,S05,20240711
S05/20240711/00013,6,TAX,1,290.83,TAX,2024-07-11T08:19:40,S05,20240711
S05/20240711/00013,7,TENDER,1,5087.80,TENDER,2024-07-11T08:19:40,S05,20240711
S05/20240711/00014,1,P107520,1,137.21,SALE,2024-07-11T16:56:35,S05,20240711
S05/20240711/00014,2,P101876,3,71.32,SALE,2024-07-11T16:56:35,S05,20240711
S05/20240711/00014,3,P105127,2,62.95,SALE,2024-07-11T16:56:35,S05,20240711
S05/20240711/00014,4,P106059,1,317.68,SALE,2024-07-11T16:56:35,S05,20240711
S05/20240711/00014,5,TAX,1,81.04,TAX,2024-07-11T16:56:35,S05,20240711
S05/20240711/00014,6,TENDER,1,875.79,TENDER,2024-07-11T16:56:35,S05,20240711
S05/20240711/00015,1,P107630,1,290.66,SALE,2024-07-11T13:48:55,S05,20240711
S05/20240711/00015,2,P101911,3,1431.80,SALE,2024-07-11T13:48:55,S05,20240711
S05/20240711/00015,3,P105017,2,212.97,SALE,2024-07-11T13:48:55,S05,20240711
S05/20240711/00015,4,P103337,3,84.50,SALE,2024-07-11T13:48:55,S05,20240711
S05/20240711/00015,5,TAX,1,141.66,TAX,2024-07-11T13:48:55,S05,20240711
S05/20240711/00015,6,TENDER,1,5407.16,TENDER,2024-07-11T13:48:55,S05,20240711
S05/20240711/00016,1,P105136,3,158.61,SALE,2024-07-11T14:16:13,S05,20240711
S05/20240711/00016,2,P107662,2,330.01,SALE,2024-07-11T14:16:13,S05,20240711
S05/20240711/00016,3,DISC,1,-132.48,DISCOUNT,2024-07-11T14:16:13,S05,20240711
S05/20240711/00016,4,TAX,1,104.95,TAX,2024-07-11T14:16:13,S05,20240711
S05/20240711/00016,5,TENDER,1,1108.32,TENDER,2024-07-11T14:16:13,S05,20240711
S05/20240711/00017,1,P100499,2,234.95,SALE,2024-07-11T17:35:13,S05,20240711
S05/20240711/00017,2,P103435,2,443.24,SALE,2024-07-11T17:35:13,S05,20240711
S05/20240711/00017,3,P101564,3,155.83,SALE,2024-07-11T17:35:13,S05,20240711
S05/20240711/00017,4,P103188,1,30.16,SALE,2024-07-11T17:35:13,S05,20240711
S05/20240711/00017,5,TAX,1,305.53,TAX,2024-07-11T17:35:13,S05,20240711
S05/20240711/00017,6,TENDER,1,2159.56,TENDER,2024-07-11T17:35:13,S05,20240711
S05/20240711/00018,1,P101702,3,491.39,SALE,2024-07-11T16:12:37,S05,20240711
S05/20240711/00018,2,P106577,4,52.98,SALE,2024-07-11T16:12:37,S05,20240711
S05/20240711/00018,3,P105965,2,66.08,SALE,2024-07-11T16:12:37,S05,20240711
S05/20240711/00018,4,P107759,3,257.69,SALE,2024-07-11T16:12:37,S05,20240711
S05/20240711/00018,5,P105553,3,764.76,SALE,2024-07-11T16:12:37,S05,20240711
S05/20240711/00018,6,P102585,2,516.36,SALE,2024-07-11T16:12:37,S05,20240711
S05/20240711/00018,7,TAX,1,609.50,TAX,2024-07-11T16:12:37,S05,20240711
S05/20240711/00018,8,TENDER,1,6527.82,TENDER,2024-07-11T16:12:37,S05,20240711
S05/20240711/00019,1,P107446,1,593.14,SALE,2024-07-11T14:34:46,S05,20240711
S05/20240711/00019,2,P105288,2,271.73,SALE,2024-07-11T14:34:46,S05,20240711
S05/20240711/00019,3,TAX,1,106.77,TAX,2024-07-11T14:34:46,S05,20240711
S05/20240711/00019,4,TENDER,1,1243.37,TENDER,2024-07-11T14:34:46,S05,20240711
S05/20240711/00020,1,P104372,2,105.38,SALE,2024-07-11T20:15:50,S05,20240711
S05/20240711/00020,2,P106848,2,16.02,SALE,2024-07-11T20:15:50,S05,20240711
S05/20240711/00020,3,P103234,2,128.39,SALE,2024-07-11T20:15:50,S05,20240711
S05/20240711/00020,4,P101095,5,225.92,SALE,2024-07-11T20:15:50,S05,20240711
S05/20240711/00020,5,P103283,3,166.64,SALE,2024-07-11T20:15:50,S05,20240711
S05/20240711/00020,6,P100362,2,270.89,SALE,2024-07-11T20:15:50,S05,20240711
S05/20240711/00020,7,P100049,2,70.71,SALE,2024-07-11T20:15:50,S05,20240711
S05/20240711/00020,8,TAX,1,107.21,TAX,2024-07-11T20:15:50,S05,20240711
S05/20240711/00020,9,TENDER,1,2919.51,TENDER,2024-07-11T20:15:50,S05,20240711
S05/20240711/00021,1,P100582,2,159.72,SALE,2024-07-11T14:07:15,S05,20240711
S05/20240711/00021,2,P101492,2,113.44,SALE,2024-07-11T14:07:15,S05,20240711
S05/20240711/00021,3,P107777,3,222.77,SALE,2024-07-11T14:07:15,S05,20240711
S05/20240711/00021,4,P101968,2,9.95,SALE,2024-07-11T14:07:15,S05,20240711
S05/20240711/00021,5,TAX,1,101.92,TAX,2024-07-11T14:07:15,S05,20240711
S05/20240711/00021,6,TENDER,1,1336.45,TENDER,2024-07-11T14:07:15,S05,20240711
S05/20240711/00022,1,P105294,1,126.15,SALE,2024-07-11T08:38:19,S05,20240711
S05/20240711/00022,2,P104401,3,207.51,SALE,2024-07-11T08:38:19,S05,20240711
S05/20240711/00022,3,P104867,1,190.50,SALE,2024-07-11T08:38:19,S05,20240711
S05/20240711/00022,4,P106357,2,1078.45,SALE,2024-07-11T08:38:19,S05,20240711
S05/20240711/00022,5,DISC,1,-370.29,DISCOUNT,2024-07-11T08:38:19,S05,20240711
S05/20240711/00022,6,TAX,1,322.02,TAX,2024-07-11T08:38:19,S05,20240711
S05/20240711/00022,7,TENDER,1,3047.81,TENDER,2024-07-11T08:38:19,S05,20240711
S05/20240711/00023,1,P103473,2,424.75,SALE,2024-07-11T16:03:06,S05,20240711
S05/20240711/00023,2,P107837,3,94.99,SALE,2024-07-11T16:03:06,S05,20240711
S05/20240711/00023,3,P103654,1,481.76,SALE,2024-07-11T16:03:06,S05,20240711
S05/20240711/00023,4,DISC,1,-179.76,DISCOUNT,2024-07-11T16:03:06,S05,20240711
S05/20240711/00023,5,TAX,1,157.60,TAX,2024-07-11T16:03:06,S05,20240711
S05/20240711/00023,6,TENDER,1,1594.07,TENDER,2024-07-11T16:03:06,S05,20240711
S05/20240711/00024,1,P101899,1,345.29,SALE,2024-07-11T17:26:42,S05,20240711
S05/20240711/00024,2,P100106,1,318.86,SALE,2024-07-11T17:26:42,S05,20240711
S05/20240711/00024,3,TAX,1,119.55,TAX,2024-07-11T17:26:42,S05,20240711
S05/20240711/00024,4,TENDER,1,783.70,TENDER,2024-07-11T17:26:42,S05,20240711
S05/20240711/00025,1,P100956,1,421.98,SALE,2024-07-11T21:45:09,S05,20240711
S05/20240711/00025,2,P105897,2,249.03,SALE,2024-07-11T21:45:09,S05,20240711
S05/20240711/00025,3,TAX,1,80.87,TAX,2024-07-11T21:45:09,S05,20240711
S05/20240711/00025,4,TENDER,1,1000.91,TENDER,2024-07-11T21:45:09,S05,20240711
S05/20240711/00026,1,P103712,3,481.86,SALE,2024-07-11T17:31:02,S05,20240711
S05/20240711/00026,2,P103606,2,181.69,SALE,2024-07-11T17:31:02,S05,20240711
S05/20240711/00026,3,P102202,2,184.86,SALE,2024-07-11T17:31:02,S05,20240711
S05/20240711/00026,4,TAX,1,258.19,TAX,2024-07-11T17:31:02,S05,20240711
S05/20240711/00026,5,TENDER,1,2436.87,TENDER,2024-07-11T17:31:02,S05,20240711
S05/20240711/00027,1,P104625,1,265.44,SALE,2024-07-11T19:07:59,S05,20240711
S05/20240711/00027,2,P103701,3,1171.33,SALE,2024-07-11T19:07:59,S05,20240711
S05/20240711/00027,3,P100255,1,1250.31,SALE,2024-07-11T19:07:59,S05,20240711
S05/20240711/00027,4,P108313,2,372.95,SALE,2024-07-11T19:07:59,S05,20240711
S05/20240711/00027,5,P101076,1,606.89,SALE,2024-07-11T19:07:59,S05,20240711
S05/20240711/00027,6,P107477,1,116.48,SALE,2024-07-11T19:07:59,S05,20240711
S05/20240711/00027,7,P107458,3,1239.88,SALE,2024-07-11T19:07:59,S05,20240711
S05/20240711/00027,8,TAX,1,363.89,TAX,2024-07-11T19:07:59,S05,20240711
S05/20240711/00027,9,TENDER,1,10582.54,TENDER,2024-07-11T19:07:59,S05,20240711
S05/20240711/00028,1,P105950,3,1356.49,SALE,2024-07-11T19:43:24,S05,20240711
S05/20240711/00028,2,P102531,1,148.04,SALE,2024-07-11T19:43:24,S05,20240711
S05/20240711/00028,3,P100791,3,40.18,SALE,2024-07-11T19:43:24,S05,20240711
S05/20240711/00028,4,P101533,1,1020.37,SALE,2024-07-11T19:43:24,S05,20240711
S05/20240711/00028,5,P103090,2,805.95,SALE,2024-07-11T19:43:24,S05,20240711
S05/20240711/00028,6,TAX,1,226.83,TAX,2024-07-11T19:43:24,S05,20240711
S05/20240711/00028,7,TENDER,1,7197.15,TENDER,2024-07-11T19:43:24,S05,20240711
S05/20240711/00029,1,P104844,4,553.13,SALE,2024-07-11T09:37:29,S05,20240711
S05/20240711/00029,2,P102103,2,345.70,SALE,2024-07-11T09:37:29,S05,20240711
S05/20240711/00029,3,P103354,1,894.50,SALE,2024-07-11T09:37:29,S05,20240711
S05/20240711/00029,4,P106486,2,1786.00,SALE,2024-07-11T09:37:29,S05,20240711
S05/20240711/00029,5,TAX,1,663.72,TAX,2024-07-11T09:37:29,S05,20240711
S05/20240711/00029,6,TENDER,1,8034.14,TENDER,2024-07-11T09:37:29,S05,20240711
S05/20240712/00001,1,P106123,1,248.44,SALE,2024-07-12T16:47:16,S05,20240712
S05/20240712/00001,2,P106191,2,1230.97,SALE,2024-07-12T16:47:16,S05,20240712
S05/20240712/00001,3,P101037,3,613.83,SALE,2024-07-12T16:47:16,S05,20240712
S05/20240712/00001,4,P104294,1,115.73,SALE,2024-07-12T16:47:16,S05,20240712
S05/20240712/00001,5,P107094,1,87.94,SALE,2024-07-12T16:47:16,S05,20240712
S05/20240712/00001,6,TAX,1,361.19,TAX,2024-07-12T16:47:16,S05,20240712
S05/20240712/00001,7,TENDER,1,5116.73,TENDER,2024-07-12T16:47:16,S05,20240712
S05/20240712/00002,1,P108389,2,838.88,SALE,2024-07-12T15:12:30,S05,20240712
S05/20240712/00002,2,P103704,1,164.95,SALE,2024-07-12T15:12:30,S05,20240712
S05/20240712/00002,3,P103811,1,850.07,SALE,2024-07-12T15:12:30,S05,20240712
S05/20240712/00002,4,P103435,2,443.24,SALE,2024-07-12T15:12:30,S05,20240712
S05/20240712/00002,5,P103591,2,102.70,SALE,2024-07-12T15:12:30,S05,20240712
S05/20240712/00002,6,P100456,1,982.47,SALE,2024-07-12T15:12:30,S05,20240712
S05/20240712/00002,7,P102534,1,98.12,SALE,2024-07-12T15:12:30,S05,20240712
S05/20240712/00002,8,P102640,1,241.34,SALE,2024-07-12T15:12:30,S05,20240712
S05/20240712/00002,9,TAX,1,420.34,TAX,2024-07-12T15:12:30,S05,20240712
S05/20240712/00002,10,TENDER,1,5526.93,TENDER,2024-07-12T15:12:30,S05,20240712
S05/20240712/00003,1,P106522,2,203.79,SALE,2024-07-12T13:39:48,S05,20240712
S05/20240712/00003,2,P102074,3,415.90,SALE,2024-07-12T13:39:48,S05,20240712
S05/20240712/00003,3,P102755,2,68.95,SALE,2024-07-12T13:39:48,S05,20240712
S05/20240712/00003,4,P100889,4,976.95,SALE,2024-07-12T13:39:48,S05,20240712
S05/20240712/00003,5,DISC,1,-489.94,DISCOUNT,2024-07-12T13:39:48,S05,20240712
S05/20240712/00003,6,TAX,1,260.55,TAX,2024-07-12T13:39:48,S05,20240712
S05/20240712/00003,7,TENDER,1,5471.59,TENDER,2024-07-12T13:39:48,S05,20240712
S05/20240712/00004,1,P107354,5,212.24,SALE,2024-07-12T20:10:53,S05,20240712
S05/20240712/00004,2,P107078,1,111.95,SALE,2024-07-12T20:10:53,S05,20240712
S05/20240712/00004,3,P105944,3,985.47,SALE,2024-07-12T20:10:53,S05,20240712
S05/20240712/00004,4,P104404,2,890.27,SALE,2024-07-12T20:10:53,S05,20240712
S05/20240712/00004,5,P103927,1,206.11,SALE,2024-07-12T20:10:53,S05,20240712
S05/20240712/00004,6,TAX,1,706.08,TAX,2024-07-12T20:10:53,S05,20240712
S05/20240712/00004,7,TENDER,1,6822.29,TENDER,2024-07-12T20:10:53,S05,20240712
S05/20240712/00005,1,P107330,1,115.95,SALE,2024-07-12T10:44:14,S05,20240712
S05/20240712/00005,2,P105878,3,282.35,SALE,2024-07-12T10:44:14,S05,20240712
S05/20240712/00005,3,P106900,2,179.85,SALE,2024-07-12T10:44:14,S05,20240712
S05/20240712/00005,4,TAX,1,81.21,TAX,2024-07-12T10:44:14,S05,20240712
S05/20240712/00005,5,TENDER,1,1403.91,TENDER,2024-07-12T10:44:14,S05,20240712
S05/20240712/00006,1,P107119,2,16.65,SALE,2024-07-12T11:35:11,S05,20240712
S05/20240712/00006,2,P100026,1,304.63,SALE,2024-07-12T11:35:11,S05,20240712
S05/20240712/00006,3,DISC,1,-18.80,DISCOUNT,2024-07-12T11:35:11,S05,20240712
S05/20240712/00006,4,TAX,1,20.04,TAX,2024-07-12T11:35:11,S05,20240712
S05/20240712/00006,5,TENDER,1,339.17,TENDER,2024-07-12T11:35:11,S05,20240712
S05/20240712/00007,1,P104079,2,75.55,SALE,2024-07-12T07:05:59,S05,20240712
S05/20240712/00007,2,P102656,2,176.92,SALE,2024-07-12T07:05:59,S05,20240712
S05/20240712/00007,3,P103465,2,27.30,SALE,2024-07-12T07:05:59,S05,20240712
S05/20240712/00007,4,TAX,1,27.52,TAX,2024-07-12T07:05:59,S05,20240712
S05/20240712/00007,5,TENDER,1,587.06,TENDER,2024-07-12T07:05:59,S05,20240712
S05/20240712/00008,1,P100095,3,92.95,SALE,2024-07-12T11:26:22,S05,20240712
S05/20240712/00008,2,P101530,3,576.50,SALE,2024-07-12T11:26:22,S05,20240712
S05/20240712/00008,3,P100974,3,39.19,SALE,2024-07-12T11:26:22,S05,20240712
S05/20240712/00008,4,P100686,1,787.42,SALE,2024-07-12T11:26:22,S05,20240712
S05/20240712/00008,5,P103757,2,147.98,SALE,2024-07-12T11:26:22,S05,20240712
S05/20240712/00008,6,P105030,3,211.39,SALE,2024-07-12T11:26:22,S05,20240712
S05/20240712/00008,7,DISC,1,-260.38,DISCOUNT,2024-07-12T11:26:22,S05,20240712
S05/20240712/00008,8,TAX,1,428.91,TAX,2024-07-12T11:26:22,S05,20240712
S05/20240712/00008,9,TENDER,1,4012.00,TENDER,2024-07-12T11:26:22,S05,20240712
S05/20240712/00009,1,P101961,3,679.58,SALE,2024-07-12T11:39:40,S05,20240712
S05/20240712/00009,2,P101101,3,74.25,SALE,2024-07-12T11:39:40,S05,20240712
S05/20240712/00009,3,P100287,3,218.95,SALE,2024-07-12T11:39:40,S05,20240712
S05/20240712/00009,4,P105878,1,282.35,SALE,2024-07-12T11:39:40,S05,20240712
S05/20240712/00009,5,P108046,2,95.35,SALE,2024-07-12T11:39:40,S05,20240712
S05/20240712/00009,6,P105272,2,351.65,SALE,2024-07-12T11:39:40,S05,20240712
S05/20240712/00009,7,P108060,2,217.09,SALE,2024-07-12T11:39:40,S05,20240712
S05/20240712/00009,8,P100418,1,204.95,SALE,2024-07-12T11:39:40,S05,20240712
S05/20240712/00009,9,P107330,2,115.95,SALE,2024-07-12T11:39:40,S05,20240712
S05/20240712/00009,10,P106731,1,142.59,SALE,2024-07-12T11:39:40,S05,20240712
S05/20240712/00009,11,TAX,1,725.26,TAX,2024-07-12T11:39:40,S05,20240712
S05/20240712/00009,12,TENDER,1,5833.57,TENDER,2024-07-12T11:39:40,S05,20240712
S05/20240712/00010,1,P101613,3,117.31,SALE,2024-07-12T15:45:42,S05,20240712
S05/20240712/00010,2,P101543,2,178.10,SALE,2024-07-12T15:45:42,S05,20240712
S05/20240712/00010,3,P102874,1,142.11,SALE,2024-07-12T15:45:42,S05,20240712
S05/20240712/00010,4,P100889,1,976.95,SALE,2024-07-12T15:45:42,S05,20240712
S05/20240712/00010,5,TAX,1,183.42,TAX,2024-07-12T15:45:42,S05,20240712
S05/20240712/00010,6,TENDER,1,2010.61,TENDER,2024-07-12T15:45:42,S05,20240712
S05/20240712/00011,1,P101603,1,911.37,SALE,2024-07-12T15:26:56,S05,20240712
S05/20240712/00011,2,P105929,1,11.18,SALE,2024-07-12T15:26:56,S05,20240712
S05/20240712/00011,3,P106382,2,81.60,SALE,2024-07-12T15:26:56,S05,20240712
S05/20240712/00011,4,DISC,1,-38.74,DISCOUNT,2024-07-12T15:26:56,S05,20240712
S05/20240712/00011,5,TAX,1,107.40,TAX,2024-07-12T15:26:56,S05,20240712
S05/20240712/00011,6,TENDER,1,1154.41,TENDER,2024-07-12T15:26:56,S05,20240712
S05/20240712/00012,1,P104739,2,172.21,SALE,2024-07-12T15:01:34,S05,20240712
S05/20240712/00012,2,P101201,2,45.00,SALE,2024-07-12T15:01:34,S05,20240712
S05/20240712/00012,3,P101974,3,302.00,SALE,2024-07-12T15:01:34,S05,20240712
S05/20240712/00012,4,P104251,2,79.68,SALE,2024-07-12T15:01:34,S05,20240712
S05/20240712/00012,5,TAX,1,258.26,TAX,2024-07-12T15:01:34,S05,20240712
S05/20240712/00012,6,TENDER,1,1758.04,TENDER,2024-07-12T15:01:34,S05,20240712
S05/20240712/00013,1,P102546,4,69.95,SALE,2024-07-12T17:47:44,S05,20240712
S05/20240712/00013,2,P101740,1,855.00,SALE,2024-07-12T17:47:44,S05,20240712
S05/20240712/00013,3,P105155,2,350.84,SALE,2024-07-12T17:47:44,S05,20240712
S05/20240712/00013,4,P104992,2,889.34,SALE,2024-07-12T17:47:44,S05,20240712
S05/20240712/00013,5,P102112,1,389.72,SALE,2024-07-12T17:47:44,S05,20240712
S05/20240712/00013,6,P104497,2,212.37,SALE,2024-07-12T17:47:44,S05,20240712
S05/20240712/00013,7,TAX,1,153.45,TAX,2024-07-12T17:47:44,S05,20240712
S05/20240712/00013,8,TENDER,1,4583.07,TENDER,2024-07-12T17:47:44,S05,20240712
S05/20240712/00014,1,P103794,1,729.86,SALE,2024-07-12T12:06:36,S05,20240712
S05/20240712/00014,2,P100100,2,374.32,SALE,2024-07-12T12:06:36,S05,20240712
S05/20240712/00014,3,P102886,3,139.22,SALE,2024-07-12T12:06:36,S05,20240712
S05/20240712/00014,4,P106254,3,1135.50,SALE,2024-07-12T12:06:36,S05,20240712
S05/20240712/00014,5,P105965,6,66.08,SALE,2024-07-12T12:06:36,S05,20240712
S05/20240712/00014,6,P108186,2,348.70,SALE,2024-07-12T12:06:36,S05,20240712
S05/20240712/00014,7,P103563,1,25.34,SALE,2024-07-12T12:06:36,S05,20240712
S05/20240712/00014,8,TAX,1,255.29,TAX,2024-07-12T12:06:36,S05,20240712
S05/20240712/00014,9,TENDER,1,6677.17,TENDER,2024-07-12T12:06:36,S05,20240712
S05/20240712/00015,1,P108097,2,83.76,SALE,2024-07-12T12:48:17,S05,20240712
S05/20240712/00015,2,P105405,2,430.78,SALE,2024-07-12T12:48:17,S05,20240712
S05/20240712/00015,3,P100239,2,355.87,SALE,2024-07-12T12:48:17,S05,20240712
S05/20240712/00015,4,P103137,1,218.09,SALE,2024-07-12T12:48:17,S05,20240712
S05/20240712/00015,5,P104820,2,207.26,SALE,2024-07-12T12:48:17,S05,20240712
S05/20240712/00015,6,P105246,1,840.69,SALE,2024-07-12T12:48:17,S05,20240712
S05/20240712/00015,7,P106823,1,156.34,SALE,2024-07-12T12:48:17,S05,20240712
S05/20240712/00015,8,P106330,1,199.12,SALE,2024-07-12T12:48:17,S05,20240712
S05/20240712/00015,9,TAX,1,346.01,TAX,2024-07-12T12:48:17,S05,20240712
S05/20240712/00015,10,TENDER,1,3915.59,TENDER,2024-07-12T12:48:17,S05,20240712
S05/20240712/00016,1,P107266,3,69.30,SALE,2024-07-12T22:43:21,S05,20240712
S05/20240712/00016,2,P107848,3,267.41,SALE,2024-07-12T22:43:21,S05,20240712
S05/20240712/00016,3,P104401,1,207.51,SALE,2024-07-12T22:43:21,S05,20240712
S05/20240712/00016,4,P107028,2,56.60,SALE,2024-07-12T22:43:21,S05,20240712
S05/20240712/00016,5,TAX,1,95.78,TAX,2024-07-12T22:43:21,S05,20240712
S05/20240712/00016,6,TENDER,1,1426.62,TENDER,2024-07-12T22:43:21,S05,20240712
S05/20240712/00017,1,P104266,-1,408.96,RETURN,2024-07-12T15:30:04,S05,20240712
S05/20240712/00017,2,P105672,-1,62.95,RETURN,2024-07-12T15:30:04,S05,20240712
S05/20240712/00017,3,P106566,-1,229.43,RETURN,2024-07-12T15:30:04,S05,20240712
S05/20240712/00017,4,P103668,-2,1530.18,RETURN,2024-07-12T15:30:04,S05,20240712
S05/20240712/00017,5,P107320,-1,223.25,RETURN,2024-07-12T15:30:04,S05,20240712
S05/20240712/00017,6,P104427,-2,508.38,RETURN,2024-07-12T15:30:04,S05,20240712
S05/20240712/00017,7,TAX,1,-477.73,TAX,2024-07-12T15:30:04,S05,20240712
S05/20240712/00017,8,TENDER,1,-5479.44,TENDER,2024-07-12T15:30:04,S05,20240712
S05/20240712/00018,1,P107215,3,153.85,SALE,2024-07-12T10:58:27,S05,20240712
S05/20240712/00018,2,P107190,1,223.50,SALE,2024-07-12T10:58:27,S05,20240712
S05/20240712/00018,3,P105468,3,1100.43,SALE,2024-07-12T10:58:27,S05,20240712
S05/20240712/00018,4,P104802,1,194.24,SALE,2024-07-12T10:58:27,S05,20240712
S05/20240712/00018,5,P107163,1,187.11,SALE,2024-07-12T10:58:27,S05,20240712
S05/20240712/00018,6,P107294,1,83.95,SALE,2024-07-12T10:58:27,S05,20240712
S05/20240712/00018,7,TAX,1,309.20,TAX,2024-07-12T10:58:27,S05,20240712
S05/20240712/00018,8,TENDER,1,4760.84,TENDER,2024-07-12T10:58:27,S05,20240712
S05/20240712/00019,1,P105030,2,211.39,SALE,2024-07-12T17:06:45,S05,20240712
S05/20240712/00019,2,P105127,2,62.95,SALE,2024-07-12T17:06:45,S05,20240712
S05/20240712/00019,3,TAX,1,82.40,TAX,2024-07-12T17:06:45,S05,20240712
S05/20240712/00019,4,TENDER,1,631.08,TENDER,2024-07-12T17:06:45,S05,20240712
S05/20240712/00020,1,P107767,1,510.38,SALE,2024-07-12T11:37:55,S05,20240712
S05/20240712/00020,2,P101859,1,68.39,SALE,2024-07-12T11:37:55,S05,20240712
S05/20240712/00020,3,TAX,1,33.73,TAX,2024-07-12T11:37:55,S05,20240712
S05/20240712/00020,4,TENDER,1,612.50,TENDER,2024-07-12T11:37:55,S05,20240712
S05/20240712/00021,1,P102311,3,284.95,SALE,2024-07-12T17:49:40,S05,20240712
S05/20240712/00021,2,P106258,2,423.67,SALE,2024-07-12T17:49:40,S05,20240712
S05/20240712/00021,3,P108361,1,68.42,SALE,2024-07-12T17:49:40,S05,20240712
S05/20240712/00021,4,P102874,3,142.11,SALE,2024-07-12T17:49:40,S05,20240712
S05/20240712/00021,5,P105331,3,308.39,SALE,2024-07-12T17:49:40,S05,20240712
S05/20240712/00021,6,P107721,4,92.25,SALE,2024-07-12T17:49:40,S05,20240712
S05/20240712/00021,7,TAX,1,152.68,TAX,2024-07-12T17:49:40,S05,20240712
S05/20240712/00021,8,TENDER,1,3643.79,TENDER,2024-07-12T17:49:40,S05,20240712
S05/20240712/00022,1,P101515,5,58.58,SALE,2024-07-12T17:47:09,S05,20240712
S05/20240712/00022,2,P107960,3,1047.81,SALE,2024-07-12T17:47:09,S05,20240712
S05/20240712/00022,3,P107654,1,363.70,SALE,2024-07-12T17:47:09,S05,20240712
S05/20240712/00022,4,P103864,2,452.72,SALE,2024-07-12T17:47:09,S05,20240712
S05/20240712/00022,5,P104226,2,303.01,SALE,2024-07-12T17:47:09,S05,20240712
S05/20240712/00022,6,TAX,1,466.13,TAX,2024-07-12T17:47:09,S05,20240712
S05/20240712/00022,7,TENDER,1,5777.62,TENDER,2024-07-12T17:47:09,S05,20240712
S05/20240712/00023,1,P104107,4,475.22,SALE,2024-07-12T12:30:17,S05,20240712
S05/20240712/00023,2,P100354,3,182.63,SALE,2024-07-12T12:30:17,S05,20240712
S05/20240712/00023,3,P101982,2,366.95,SALE,2024-07-12T12:30:17,S05,20240712
S05/20240712/00023,4,P106872,2,73.31,SALE,2024-07-12T12:30:17,S05,20240712
S05/20240712/00023,5,P101911,2,1431.80,SALE,2024-07-12T12:30:17,S05,20240712
S05/20240712/00023,6,P100140,2,62.18,SALE,2024-07-12T12:30:17,S05,20240712
S05/20240712/00023,7,P106927,3,140.95,SALE,2024-07-12T12:30:17,S05,20240712
S05/20240712/00023,8,TAX,1,609.93,TAX,2024-07-12T12:30:17,S05,20240712
S05/20240712/00023,9,TENDER,1,7350.03,TENDER,2024-07-12T12:30:17,S05,20240712
S05/20240712/00024,1,P104023,1,630.48,SALE,2024-07-12T18:12:29,S05,20240712
S05/20240712/00024,2,P106942,2,169.95,SALE,2024-07-12T18:12:29,S05,20240712
S05/20240712/00024,3,P100649,1,592.52,SALE,2024-07-12T18:12:29,S05,20240712
S05/20240712/00024,4,TAX,1,78.15,TAX,2024-07-12T18:12:29,S05,20240712
S05/20240712/00024,5,TENDER,1,1641.05,TENDER,2024-07-12T18:12:29,S05,20240712
S05/20240712/00025,1,P105050,2,111.79,SALE,2024-07-12T18:41:01,S05,20240712
S05/20240712/00025,2,P100717,1,505.95,SALE,2024-07-12T18:41:01,S05,20240712
S05/20240712/00025,3,P102788,2,871.07,SALE,2024-07-12T18:41:01,S05,20240712
S05/20240712/00025,4,P104058,1,351.54,SALE,2024-07-12T18:41:01,S05,20240712
S05/20240712/00025,5,P102122,1,129.27,SALE,2024-07-12T18:41:01,S05,20240712
S05/20240712/00025,6,P108041,2,368.87,SALE,2024-07-12T18:41:01,S05,20240712
S05/20240712/00025,7,P108369,4,318.67,SALE,2024-07-12T18:41:01,S05,20240712
S05/20240712/00025,8,TAX,1,593.87,TAX,2024-07-12T18:41:01,S05,20240712
S05/20240712/00025,9,TENDER,1,5558.77,TENDER,2024-07-12T18:41:01,S05,20240712
S05/20240712/00026,1,P100744,3,61.87,SALE,2024-07-12T19:53:48,S05,20240712
S05/20240712/00026,2,P104909,3,363.10,SALE,2024-07-12T19:53:48,S05,20240712
S05/20240712/00026,3,P106344,2,801.30,SALE,2024-07-12T19:53:48,S05,20240712
S05/20240712/00026,4,P105583,2,179.43,SALE,2024-07-12T19:53:48,S05,20240712
S05/20240712/00026,5,P107733,1,57.55,SALE,2024-07-12T19:53:48,S05,20240712
S05/20240712/00026,6,TAX,1,76.75,TAX,2024-07-12T19:53:48,S05,20240712
S05/20240712/00026,7,TENDER,1,3370.67,TENDER,2024-07-12T19:53:48,S05,20240712
S05/20240713/00001,1,P104160,3,258.87,SALE,2024-07-13T16:26:16,S05,20240713
S05/20240713/00001,2,P106490,2,574.62,SALE,2024-07-13T16:26:16,S05,20240713
S05/20240713/00001,3,P106807,1,322.15,SALE,2024-07-13T16:26:16,S05,20240713
S05/20240713/00001,4,P103484,2,109.59,SALE,2024-07-13T16:26:16,S05,20240713
S05/20240713/00001,5,DISC,1,-57.05,DISCOUNT,2024-07-13T16:26:16,S05,20240713
S05/20240713/00001,6,TAX,1,95.19,TAX,2024-07-13T16:26:16,S05,20240713
S05/20240713/00001,7,TENDER,1,2505.32,TENDER,2024-07-13T16:26:16,S05,20240713
S05/20240713/00002,1,P102014,2,261.84,SALE,2024-07-14T00:04:24,S05,20240713
S05/20240713/00002,2,P100560,1,176.85,SALE,2024-07-14T00:04:24,S05,20240713
S05/20240713/00002,3,P100140,1,62.18,SALE,2024-07-14T00:04:24,S05,20240713
S05/20240713/00002,4,P102485,5,222.29,SALE,2024-07-14T00:04:24,S05,20240713
S05/20240713/00002,5,P100899,2,131.46,SALE,2024-07-14T00:04:24,S05,20240713
S05/20240713/00002,6,TAX,1,182.25,TAX,2024-07-14T00:04:24,S05,20240713
S05/20240713/00002,7,TENDER,1,2319.33,TENDER,2024-07-14T00:04:24,S05,20240713
S05/20240713/00003,1,P104226,3,303.01,SALE,2024-07-13T10:18:11,S05,20240713
S05/20240713/00003,2,P102656,2,176.92,SALE,2024-07-13T10:18:11,S05,20240713
S05/20240713/00003,3,P103530,3,427.69,SALE,2024-07-13T10:18:11,S05,20240713
S05/20240713/00003,4,P105155,2,350.84,SALE,2024-07-13T10:18:11,S05,20240713
S05/20240713/00003,5,P106920,2,1398.34,SALE,2024-07-13T10:18:11,S05,20240713
S05/20240713/00003,6,TAX,1,283.73,TAX,2024-07-13T10:18:11,S05,20240713
S05/20240713/00003,7,TENDER,1,6328.03,TENDER,2024-07-13T10:18:11,S05,20240713
S05/20240713/00004,1,P102166,2,52.54,SALE,2024-07-13T22:57:52,S05,20240713
S05/20240713/00004,2,P103833,1,1136.81,SALE,2024-07-13T22:57:52,S05,20240713
S05/20240713/00004,3,P108361,2,68.42,SALE,2024-07-13T22:57:52,S05,20240713
S05/20240713/00004,4,P107759,1,257.69,SALE,2024-07-13T22:57:52,S05,20240713
S05/20240713/00004,5,P106934,1,1554.16,SALE,2024-07-13T22:57:52,S05,20240713
S05/20240713/00004,6,P106009,3,372.60,SALE,2024-07-13T22:57:52,S05,20240713
S05/20240713/00004,7,P108356,1,206.87,SALE,2024-07-13T22:57:52,S05,20240713
S05/20240713/00004,8,P100528,1,623.32,SALE,2024-07-13T22:57:52,S05,20240713
S05/20240713/00004,9,TAX,1,234.72,TAX,2024-07-13T22:57:52,S05,20240713
S05/20240713/00004,10,TENDER,1,5373.29,TENDER,2024-07-13T22:57:52,S05,20240713
S05/20240713/00005,1,P106143,3,56.15,SALE,2024-07-13T19:39:33,S05,20240713
S05/20240713/00005,2,P107422,3,193.56,SALE,2024-07-13T19:39:33,S05,20240713
S05/20240713/00005,3,TAX,1,59.36,TAX,2024-07-13T19:39:33,S05,20240713
S05/20240713/00005,4,TENDER,1,808.49,TENDER,2024-07-13T19:39:33,S05,20240713
S05/20240713/00006,1,P102534,1,98.12,SALE,2024-07-13T10:03:52,S05,20240713
S05/20240713/00006,2,P102324,1,194.59,SALE,2024-07-13T10:03:52,S05,20240713
S05/20240713/00006,3,P107920,2,109.22,SALE,2024-07-13T10:03:52,S05,20240713
S05/20240713/00006,4,P105307,2,863.64,SALE,2024-07-13T10:03:52,S05,20240713
S05/20240713/00006,5,P103299,3,220.95,SALE,2024-07-13T10:03:52,S05,20240713
S05/20240713/00006,6,DISC,1,-162.52,DISCOUNT,2024-07-13T10:03:52,S05,20240713
S05/20240713/00006,7,TAX,1,257.13,TAX,2024-07-13T10:03:52,S05,20240713
S05/20240713/00006,8,TENDER,1,2995.89,TENDER,2024-07-13T10:03:52,S05,20240713
S05/20240713/00007,1,P104512,3,94.53,SALE,2024-07-13T20:20:05,S05,20240713
S05/20240713/00007,2,P107767,3,510.38,SALE,2024-07-13T20:20:05,S05,20240713
S05/20240713/00007,3,P101774,1,1154.33,SALE,2024-07-13T20:20:05,S05,20240713
S05/20240713/00007,4,P102794,3,416.24,SALE,2024-07-13T20:20:05,S05,20240713
S05/20240713/00007,5,P104789,1,65.95,SALE,2024-07-13T20:20:05,S05,20240713
S05/20240713/00007,6,P103435,2,443.24,SALE,2024-07-13T20:20:05,S05,20240713
S05/20240713/00007,7,DISC,1,-206.13,DISCOUNT,2024-07-13T20:20:05,S05,20240713
S05/20240713/00007,8,TAX,1,373.32,TAX,2024-07-13T20:20:05,S05,20240713
S05/20240713/00007,9,TENDER,1,5337.40,TENDER,2024-07-13T20:20:05,S05,20240713
S05/20240713/00008,1,P107308,2,207.74,SALE,2024-07-13T20:27:56,S05,20240713
S05/20240713/00008,2,P106123,3,248.44,SALE,2024-07-13T20:27:56,S05,20240713
S05/20240713/00008,3,P105838,1,594.50,SALE,2024-07-13T20:27:56,S05,20240713
S05/20240713/00008,4,P102963,2,365.76,SALE,2024-07-13T20:27:56,S05,20240713
S05/20240713/00008,5,TAX,1,206.46,TAX,2024-07-13T20:27:56,S05,20240713
S05/20240713/00008,6,TENDER,1,2693.28,TENDER,2024-07-13T20:27:56,S05,20240713
S05/20240713/00009,1,P101762,3,529.95,SALE,2024-07-13T17:23:21,S05,20240713
S05/20240713/00009,2,P104175,1,814.13,SALE,2024-07-13T17:23:21,S05,20240713
S05/20240713/00009,3,P100899,3,131.46,SALE,2024-07-13T17:23:21,S05,20240713
S05/20240713/00009,4,TAX,1,190.78,TAX,2024-07-13T17:23:21,S05,20240713
S05/20240713/00009,5,TENDER,1,2989.14,TENDER,2024-07-13T17:23:21,S05,20240713
S05/20240713/00010,1,P105009,2,65.38,SALE,2024-07-13T20:41:34,S05,20240713
S05/20240713/00010,2,P103202,1,262.07,SALE,2024-07-13T20:41:34,S05,20240713
S05/20240713/00010,3,P106731,1,142.59,SALE,2024-07-13T20:41:34,S05,20240713
S05/20240713/00010,4,P104950,2,91.01,SALE,2024-07-13T20:41:34,S05,20240713
S05/20240713/00010,5,P104242,3,275.95,SALE,2024-07-13T20:41:34,S05,20240713
S05/20240713/00010,6,TAX,1,187.09,TAX,2024-07-13T20:41:34,S05,20240713
S05/20240713/00010,7,TENDER,1,1732.38,TENDER,2024-07-13T20:41:34,S05,20240713
S05/20240713/00011,1,P100260,1,1124.20,SALE,2024-07-13T14:56:36,S05,20240713
S05/20240713/00011,2,P103584,2,402.02,SALE,2024-07-13T14:56:36,S05,20240713
S05/20240713/00011,3,P107301,2,945.94,SALE,2024-07-13T14:56:36,S05,20240713
S05/20240713/00011,4,P100077,2,182.82,SALE,2024-07-13T14:56:36,S05,20240713
S05/20240713/00011,5,TAX,1,163.01,TAX,2024-07-13T14:56:36,S05,20240713
S05/20240713/00011,6,TENDER,1,4348.77,TENDER,2024-07-13T14:56:36,S05,20240713
S05/20240713/00012,1,P108090,1,130.88,SALE,2024-07-13T16:08:09,S05,20240713
S05/20240713/00012,2,P105929,2,11.18,SALE,2024-07-13T16:08:09,S05,20240713
S05/20240713/00012,3,P105835,3,243.66,SALE,2024-07-13T16:08:09,S05,20240713
S05/20240713/00012,4,TAX,1,47.12,TAX,2024-07-13T16:08:09,S05,20240713
S05/20240713/00012,5,TENDER,1,931.34,TENDER,2024-07-13T16:08:09,S05,20240713
S05/20240713/00013,1,P100940,3,199.52,SALE,2024-07-13T21:16:51,S05,20240713
S05/20240713/00013,2,P107217,4,279.38,SALE,2024-07-13T21:16:51,S05,20240713
S05/20240713/00013,3,DISC,1,-144.16,DISCOUNT,2024-07-13T21:16:51,S05,20240713
S05/20240713/00013,4,TAX,1,221.53,TAX,2024-07-13T21:16:51,S05,20240713
S05/20240713/00013,5,TENDER,1,1793.45,TENDER,2024-07-13T21:16:51,S05,20240713
S05/20240713/00014,1,P105433,1,144.32,SALE,2024-07-13T13:11:39,S05,20240713
S05/20240713/00014,2,P104469,1,1548.25,SALE,2024-07-13T13:11:39,S05,20240713
S05/20240713/00014,3,P103978,1,347.08,SALE,2024-07-13T13:11:39,S05,20240713
S05/20240713/00014,4,P101237,3,278.87,SALE,2024-07-13T13:11:39,S05,20240713
S05/20240713/00014,5,P100194,1,42.41,SALE,2024-07-13T13:11:39,S05,20240713
S05/20240713/00014,6,P101023,1,193.95,SALE,2024-07-13T13:11:39,S05,20240713
S05/20240713/00014,7,P106566,3,229.43,SALE,2024-07-13T13:11:39,S05,20240713
S05/20240713/00014,8,P105272,4,351.65,SALE,2024-07-13T13:11:39,S05,20240713
S05/20240713/00014,9,P105614,2,652.27,SALE,2024-07-13T13:11:39,S05,20240713
S05/20240713/00014,10,DISC,1,-167.31,DISCOUNT,2024-07-13T13:11:39,S05,20240713
S05/20240713/00014,11,TAX,1,851.88,TAX,2024-07-13T13:11:39,S05,20240713
S05/20240713/00014,12,TENDER,1,7196.62,TENDER,2024-07-13T13:11:39,S05,20240713
S05/20240713/00015,1,P100904,2,68.79,SALE,2024-07-13T21:23:50,S05,20240713
S05/20240713/00015,2,P102516,1,1272.67,SALE,2024-07-13T21:23:50,S05,20240713
S05/20240713/00015,3,P108292,1,104.02,SALE,2024-07-13T21:23:50,S05,20240713
S05/20240713/00015,4,P106323,3,218.99,SALE,2024-07-13T21:23:50,S05,20240713
S05/20240713/00015,5,P100855,3,345.07,SALE,2024-07-13T21:23:50,S05,20240713
S05/20240713/00015,6,TAX,1,307.58,TAX,2024-07-13T21:23:50,S05,20240713
S05/20240713/00015,7,TENDER,1,3514.03,TENDER,2024-07-13T21:23:50,S05,20240713
S05/20240713/00016,1,P107775,2,755.55,SALE,2024-07-13T09:35:50,S05,20240713
S05/20240713/00016,2,P100593,2,29.38,SALE,2024-07-13T09:35:50,S05,20240713
S05/20240713/00016,3,P101592,1,295.58,SALE,2024-07-13T09:35:50,S05,20240713
S05/20240713/00016,4,TAX,1,131.70,TAX,2024-07-13T09:35:50,S05,20240713
S05/20240713/00016,5,TENDER,1,1997.14,TENDER,2024-07-13T09:35:50,S05,20240713
S05/20240713/00017,1,P100210,4,1073.90,SALE,2024-07-13T12:06:15,S05,20240713
S05/20240713/00017,2,P100308,1,289.31,SALE,2024-07-13T12:06:15,S05,20240713
S05/20240713/00017,3,TAX,1,550.19,TAX,2024-07-13T12:06:15,S05,20240713
S05/20240713/00017,4,TENDER,1,5135.10,TENDER,2024-07-13T12:06:15,S05,20240713
S05/20240713/00018,1,P106563,4,426.95,SALE,2024-07-13T18:25:10,S05,20240713
S05/20240713/00018,2,P105497,1,70.98,SALE,2024-07-13T18:25:10,S05,20240713
S05/20240713/00018,3,P100686,2,787.42,SALE,2024-07-13T18:25:10,S05,20240713
S05/20240713/00018,4,P100106,2,318.86,SALE,2024-07-13T18:25:10,S05,20240713
S05/20240713/00018,5,P106300,2,387.92,SALE,2024-07-13T18:25:10,S05,20240713
S05/20240713/00018,6,P106584,2,247.63,SALE,2024-07-13T18:25:10,S05,20240713
S05/20240713/00018,7,TAX,1,421.34,TAX,2024-07-13T18:25:10,S05,20240713
S05/20240713/00018,8,TENDER,1,5683.78,TENDER,2024-07-13T18:25:10,S05,20240713
S05/20240713/00019,1,P107028,3,56.60,SALE,2024-07-13T16:03:01,S05,20240713
S05/20240713/00019,2,P106522,5,203.79,SALE,2024-07-13T16:03:01,S05,20240713
S05/20240713/00019,3,P102945,3,43.42,SALE,2024-07-13T16:03:01,S05,20240713
S05/20240713/00019,4,P107654,2,363.70,SALE,2024-07-13T16:03:01,S05,20240713
S05/20240713/00019,5,P105288,2,271.73,SALE,2024-07-13T16:03:01,S05,20240713
S05/20240713/00019,6,TAX,1,192.25,TAX,2024-07-13T16:03:01,S05,20240713
S05/20240713/00019,7,TENDER,1,2782.12,TENDER,2024-07-13T16:03:01,S05,20240713
S05/20240713/00020,1,P105092,2,53.12,SALE,2024-07-13T18:25:33,S05,20240713
S05/20240713/00020,2,P108258,1,54.62,SALE,2024-07-13T18:25:33,S05,20240713
S05/20240713/00020,3,TAX,1,28.95,TAX,2024-07-13T18:25:33,S05,20240713
S05/20240713/00020,4,TENDER,1,189.81,TENDER,2024-07-13T18:25:33,S05,20240713
S05/20240713/00021,1,P105425,3,153.55,SALE,2024-07-13T15:45:36,S05,20240713
S05/20240713/00021,2,P102993,2,299.71,SALE,2024-07-13T15:45:36,S05,20240713
S05/20240713/00021,3,P105209,4,399.92,SALE,2024-07-13T15:45:36,S05,20240713
S05/20240713/00021,4,P108258,2,54.62,SALE,2024-07-13T15:45:36,S05,20240713
S05/20240713/00021,5,P105294,1,126.15,SALE,2024-07-13T15:45:36,S05,20240713
S05/20240713/00021,6,TAX,1,383.32,TAX,2024-07-13T15:45:36,S05,20240713
S05/20240713/00021,7,TENDER,1,3278.46,TENDER,2024-07-13T15:45:36,S05,20240713
S05/20240713/00022,1,P102207,1,342.36,SALE,2024-07-13T13:56:23,S05,20240713
S05/20240713/00022,2,P104155,1,144.69,SALE,2024-07-13T13:56:23,S05,20240713
S05/20240713/00022,3,P105219,2,701.93,SALE,2024-07-13T13:56:23,S05,20240713
S05/20240713/00022,4,P103964,1,134.21,SALE,2024-07-13T13:56:23,S05,20240713
S05/20240713/00022,5,P107278,1,55.18,SALE,2024-07-13T13:56:23,S05,20240713
S05/20240713/00022,6,DISC,1,-120.66,DISCOUNT,2024-07-13T13:56:23,S05,20240713
S05/20240713/00022,7,TAX,1,289.30,TAX,2024-07-13T13:56:23,S05,20240713
S05/20240713/00022,8,TENDER,1,2248.94,TENDER,2024-07-13T13:56:23,S05,20240713
S05/20240713/00023,1,P104026,1,152.97,SALE,2024-07-13T16:37:53,S05,20240713
S05/20240713/00023,2,P104266,2,408.96,SALE,2024-07-13T16:37:53,S05,20240713
S05/20240713/00023,3,TAX,1,154.87,TAX,2024-07-13T16:37:53,S05,20240713
S05/20240713/00023,4,TENDER,1,1125.76,TENDER,2024-07-13T16:37:53,S05,20240713
S05/20240713/00024,1,P107784,2,245.59,SALE,2024-07-13T16:31:51,S05,20240713
S05/20240713/00024,2,P108118,2,66.05,SALE,2024-07-13T16:31:51,S05,20240713
S05/20240713/00024,3,P107197,1,669.72,SALE,2024-07-13T16:31:51,S05,20240713
S05/20240713/00024,4,P103397,4,371.02,SALE,2024-07-13T16:31:51,S05,20240713
S05/20240713/00024,5,P107472,3,60.81,SALE,2024-07-13T16:31:51,S05,20240713
S05/20240713/00024,6,P106710,2,93.71,SALE,2024-07-13T16:31:51,S05,20240713
S05/20240713/00024,7,TAX,1,228.95,TAX,2024-07-13T16:31:51,S05,20240713
S05/20240713/00024,8,TENDER,1,3375.88,TENDER,2024-07-13T16:31:51,S05,20240713
S05/20240713/00025,1,P103510,2,183.91,SALE,2024-07-13T15:58:35,S05,20240713
S05/20240713/00025,2,P106382,2,81.60,SALE,2024-07-13T15:58:35,S05,20240713
S05/20240713/00025,3,P105882,1,222.02,SALE,2024-07-13T15:58:35,S05,20240713
S05/20240713/00025,4,TAX,1,58.35,TAX,2024-07-13T15:58:35,S05,20240713
S05/20240713/00025,5,TENDER,1,811.39,TENDER,2024-07-13T15:58:35,S05,20240713
S05/20240713/00026,1,P104739,1,172.21,SALE,2024-07-13T11:16:11,S05,20240713
S05/20240713/00026,2,P105677,4,89.95,SALE,2024-07-13T11:16:11,S05,20240713
S05/20240713/00026,3,P106357,2,1078.45,SALE,2024-07-13T11:16:11,S05,20240713
S05/20240713/00026,4,DISC,1,-59.13,DISCOUNT,2024-07-13T11:16:11,S05,20240713
S05/20240713/00026,5,TAX,1,346.79,TAX,2024-07-13T11:16:11,S05,20240713
S05/20240713/00026,6,TENDER,1,2976.57,TENDER,2024-07-13T11:16:11,S05,20240713
S05/20240713/00027,1,P105042,1,66.53,SALE,2024-07-13T14:57:21,S05,20240713
S05/20240713/00027,2,P102954,2,122.32,SALE,2024-07-13T14:57:21,S05,20240713
S05/20240713/00027,3,P107110,1,77.73,SALE,2024-07-13T14:57:21,S05,20240713
S05/20240713/00027,4,P101796,1,990.67,SALE,2024-07-13T14:57:21,S05,20240713
S05/20240713/00027,5,TAX,1,104.86,TAX,2024-07-13T14:57:21,S05,20240713
S05/20240713/00027,6,TENDER,1,1484.43,TENDER,2024-07-13T14:57:21,S05,20240713
S05/20240713/00028,1,P108149,3,985.90,SALE,2024-07-13T07:43:42,S05,20240713
S05/20240713/00028,2,P107282,2,1189.20,SALE,2024-07-13T07:43:42,S05,20240713
S05/20240713/00028,3,TAX,1,0.00,TAX,2024-07-13T07:43:42,S05,20240713
S05/20240713/00028,4,TENDER,1,5336.10,TENDER,2024-07-13T07:43:42,S05,20240713
S05/20240713/00029,1,P100150,4,280.80,SALE,2024-07-13T16:23:25,S05,20240713
S05/20240713/00029,2,P108361,2,68.42,SALE,2024-07-13T16:23:25,S05,20240713
S05/20240713/00029,3,P106367,6,650.25,SALE,2024-07-13T16:23:25,S05,20240713
S05/20240713/00029,4,DISC,1,-459.06,DISCOUNT,2024-07-13T16:23:25,S05,20240713
S05/20240713/00029,5,TAX,1,228.89,TAX,2024-07-13T16:23:25,S05,20240713
S05/20240713/00029,6,TENDER,1,4931.37,TENDER,2024-07-13T16:23:25,S05,20240713
S05/20240713/00030,1,P100924,4,49.24,SALE,2024-07-13T16:26:58,S05,20240713
S05/20240713/00030,2,P106344,2,801.30,SALE,2024-07-13T16:26:58,S05,20240713
S05/20240713/00030,3,TAX,1,35.45,TAX,2024-07-13T16:26:58,S05,20240713
S05/20240713/00030,4,TENDER,1,1835.01,TENDER,2024-07-13T16:26:58,S05,20240713
S05/20240713/00031,1,P106115,1,128.36,SALE,2024-07-13T18:43:11,S05,20240713
S05/20240713/00031,2,P101048,2,208.35,SALE,2024-07-13T18:43:11,S05,20240713
S05/20240713/00031,3,P105030,1,211.39,SALE,2024-07-13T18:43:11,S05,20240713
S05/20240713/00031,4,P103973,2,112.64,SALE,2024-07-13T18:43:11,S05,20240713
S05/20240713/00031,5,P100791,2,40.18,SALE,2024-07-13T18:43:11,S05,20240713
S05/20240713/00031,6,P104242,1,275.95,SALE,2024-07-13T18:43:11,S05,20240713
S05/20240713/00031,7,P101570,1,288.76,SALE,2024-07-13T18:43:11,S05,20240713
S05/20240713/00031,8,P107346,1,449.29,SALE,2024-07-13T18:43:11,S05,20240713
S05/20240713/00031,9,P107743,1,206.95,SALE,2024-07-13T18:43:11,S05,20240713
S05/20240713/00031,10,TAX,1,241.62,TAX,2024-07-13T18:43:11,S05,20240713
S05/20240713/00031,11,TENDER,1,2524.66,TENDER,2024-07-13T18:43:11,S05,20240713
S05/20240713/00032,1,P100281,2,449.95,SALE,2024-07-13T16:51:47,S05,20240713
S05/20240713/00032,2,P104733,1,627.95,SALE,2024-07-13T16:51:47,S05,20240713
S05/20240713/00032,3,P102409,1,326.59,SALE,2024-07-13T16:51:47,S05,20240713
S05/20240713/00032,4,P101465,1,550.58,SALE,2024-07-13T16:51:47,S05,20240713
S05/20240713/00032,5,TAX,1,315.92,TAX,2024-07-13T16:51:47,S05,20240713
S05/20240713/00032,6,TENDER,1,2720.94,TENDER,2024-07-13T16:51:47,S05,20240713
S05/20240713/00033,1,P102305,1,116.95,SALE,2024-07-13T13:54:42,S05,20240713
S05/20240713/00033,2,P101747,2,245.75,SALE,2024-07-13T13:54:42,S05,20240713
S05/20240713/00033,3,P108135,5,539.95,SALE,2024-07-13T13:54:42,S05,20240713
S05/20240713/00033,4,P107231,2,1133.56,SALE,2024-07-13T13:54:42,S05,20240713
S05/20240713/00033,5,DISC,1,-429.10,DISCOUNT,2024-07-13T13:54:42,S05,20240713
S05/20240713/00033,6,TAX,1,35.64,TAX,2024-07-13T13:54:42,S05,20240713
S05/20240713/00033,7,TENDER,1,5181.86,TENDER,2024-07-13T13:54:42,S05,20240713
S05/20240713/00034,1,P108356,2,206.87,SALE,2024-07-13T11:55:24,S05,20240713
S05/20240713/00034,2,P100035,1,1810.38,SALE,2024-07-13T11:55:24,S05,20240713
S05/20240713/00034,3,P100816,2,806.93,SALE,2024-07-13T11:55:24,S05,20240713
S05/20240713/00034,4,P103062,2,179.06,SALE,2024-07-13T11:55:24,S05,20240713
S05/20240713/00034,5,TAX,1,478.46,TAX,2024-07-13T11:55:24,S05,20240713
S05/20240713/00034,6,TENDER,1,4674.56,TENDER,2024-07-13T11:55:24,S05,20240713
S05/20240713/00035,1,P107446,2,593.14,SALE,2024-07-13T09:15:01,S05,20240713
S05/20240713/00035,2,P106659,3,88.95,SALE,2024-07-13T09:15:01,S05,20240713
S05/20240713/00035,3,P101470,2,190.82,SALE,2024-07-13T09:15:01,S05,20240713
S05/20240713/00035,4,P103197,2,292.95,SALE,2024-07-13T09:15:01,S05,20240713
S05/20240713/00035,5,P107137,2,32.59,SALE,2024-07-13T09:15:01,S05,20240713
S05/20240713/00035,6,TAX,1,315.86,TAX,2024-07-13T09:15:01,S05,20240713
S05/20240713/00035,7,TENDER,1,2801.71,TENDER,2024-07-13T09:15:01,S05,20240713
S05/20240713/00036,1,P107477,2,116.48,SALE,2024-07-13T16:27:25,S05,20240713
S05/20240713/00036,2,P105507,3,20.37,SALE,2024-07-13T16:27:25,S05,20240713
S05/20240713/00036,3,P108234,1,33.09,SALE,2024-07-13T16:27:25,S05,20240713
S05/20240713/00036,4,P102045,1,21.31,SALE,2024-07-13T16:27:25,S05,20240713
S05/20240713/00036,5,P107446,1,593.14,SALE,2024-07-13T16:27:25,S05,20240713
S05/20240713/00036,6,P107884,1,29.77,SALE,2024-07-13T16:27:25,S05,20240713
S05/20240713/00036,7,TAX,1,133.56,TAX,2024-07-13T16:27:25,S05,20240713
S05/20240713/00036,8,TENDER,1,1104.94,TENDER,2024-07-13T16:27:25,S05,20240713
S05/20240713/00037,1,P102353,3,139.83,SALE,2024-07-13T19:50:30,S05,20240713
S05/20240713/00037,2,P106434,2,178.02,SALE,2024-07-13T19:50:30,S05,20240713
S05/20240713/00037,3,DISC,1,-91.90,DISCOUNT,2024-07-13T19:50:30,S05,20240713
S05/20240713/00037,4,TAX,1,56.15,TAX,2024-07-13T19:50:30,S05,20240713
S05/20240713/00037,5,TENDER,1,739.78,TENDER,2024-07-13T19:50:30,S05,20240713
S05/20240713/00038,1,P104718,2,364.54,SALE,2024-07-13T15:15:53,S05,20240713
S05/20240713/00038,2,P103986,1,495.05,SALE,2024-07-13T15:15:53,S05,20240713
S05/20240713/00038,3,P101374,3,49.36,SALE,2024-07-13T15:15:53,S05,20240713
S05/20240713/00038,4,P103197,1,292.95,SALE,2024-07-13T15:15:53,S05,20240713
S05/20240713/00038,5,P106277,2,425.71,SALE,2024-07-13T15:15:53,S05,20240713
S05/20240713/00038,6,P101023,2,193.95,SALE,2024-07-13T15:15:53,S05,20240713
S05/20240713/00038,7,P101802,2,40.81,SALE,2024-07-13T15:15:53,S05,20240713
S05/20240713/00038,8,TAX,1,304.45,TAX,2024-07-13T15:15:53,S05,20240713
S05/20240713/00038,9,TENDER,1,3290.55,TENDER,2024-07-13T15:15:53,S05,20240713
S05/20240713/00039,1,P107488,3,303.21,SALE,2024-07-13T15:11:50,S05,20240713
S05/20240713/00039,2,P105819,2,66.64,SALE,2024-07-13T15:11:50,S05,20240713
S05/20240713/00039,3,TAX,1,187.72,TAX,2024-07-13T15:11:50,S05,20240713
S05/20240713/00039,4,TENDER,1,1230.63,TENDER,2024-07-13T15:11:50,S05,20240713
S05/20240714/00001,1,P104567,2,141.21,SALE,2024-07-14T14:31:28,S05,20240714
S05/20240714/00001,2,P107984,1,357.15,SALE,2024-07-14T14:31:28,S05,20240714
S05/20240714/00001,3,P106282,2,420.65,SALE,2024-07-14T14:31:28,S05,20240714
S05/20240714/00001,4,P103054,1,113.30,SALE,2024-07-14T14:31:28,S05,20240714
S05/20240714/00001,5,P107775,3,755.55,SALE,2024-07-14T14:31:28,S05,20240714
S05/20240714/00001,6,P106405,4,36.78,SALE,2024-07-14T14:31:28,S05,20240714
S05/20240714/00001,7,TAX,1,389.43,TAX,2024-07-14T14:31:28,S05,20240714
S05/20240714/00001,8,TENDER,1,4397.37,TENDER,2024-07-14T14:31:28,S05,20240714
S05/20240714/00002,1,P103833,2,1136.81,SALE,2024-07-14T15:33:51,S05,20240714
S05/20240714/00002,2,P106373,2,48.45,SALE,2024-07-14T15:33:51,S05,20240714
S05/20240714/00002,3,P103004,5,82.09,SALE,2024-07-14T15:33:51,S05,20240714
S05/20240714/00002,4,P103273,2,377.82,SALE,2024-07-14T15:33:51,S05,20240714
S05/20240714/00002,5,P105707,2,130.64,SALE,2024-07-14T15:33:51,S05,20240714
S05/20240714/00002,6,P102335,3,94.24,SALE,2024-07-14T15:33:51,S05,20240714
S05/20240714/00002,7,P105260,1,72.61,SALE,2024-07-14T15:33:51,S05,20240714
S05/20240714/00002,8,TAX,1,320.68,TAX,2024-07-14T15:33:51,S05,20240714
S05/20240714/00002,9,TENDER,1,4473.90,TENDER,2024-07-14T15:33:51,S05,20240714
S05/20240714/00003,1,P101311,2,481.74,SALE,2024-07-14T15:22:33,S05,20240714
S05/20240714/00003,2,P105740,2,103.24,SALE,2024-07-14T15:22:33,S05,20240714
S05/20240714/00003,3,P106143,3,56.15,SALE,2024-07-14T15:22:33,S05,20240714
S05/20240714/00003,4,P102516,1,1272.67,SALE,2024-07-14T15:22:33,S05,20240714
S05/20240714/00003,5,TAX,1,179.29,TAX,2024-07-14T15:22:33,S05,20240714
S05/20240714/00003,6,TENDER,1,2790.37,TENDER,2024-07-14T15:22:33,S05,20240714
S05/20240714/00004,1,P101585,2,11.51,SALE,2024-07-14T14:40:30,S05,20240714
S05/20240714/00004,2,P105219,3,701.93,SALE,2024-07-14T14:40:30,S05,20240714
S05/20240714/00004,3,P101810,1,793.98,SALE,2024-07-14T14:40:30,S05,20240714
S05/20240714/00004,4,P103616,3,621.95,SALE,2024-07-14T14:40:30,S05,20240714
S05/20240714/00004,5,DISC,1,-450.02,DISCOUNT,2024-07-14T14:40:30,S05,20240714
S05/20240714/00004,6,TAX,1,518.02,TAX,2024-07-14T14:40:30,S05,20240714
S05/20240714/00004,7,TENDER,1,4856.64,TENDER,2024-07-14T14:40:30,S05,20240714
S05/20240714/00005,1,P103283,1,166.64,SALE,2024-07-14T15:59:29,S05,20240714
S05/20240714/00005,2,P107589,2,266.18,SALE,2024-07-14T15:59:29,S05,20240714
S05/20240714/00005,3,P108008,1,128.46,SALE,2024-07-14T15:59:29,S05,20240714
S05/20240714/00005,4,P102738,2,236.55,SALE,2024-07-14T15:59:29,S05,20240714
S05/20240714/00005,5,P106323,1,218.99,SALE,2024-07-14T15:59:29,S05,20240714
S05/20240714/00005,6,TAX,1,195.00,TAX,2024-07-14T15:59:29,S05,20240714
S05/20240714/00005,7,TENDER,1,1714.55,TENDER,2024-07-14T15:59:29,S05,20240714
S05/20240714/00006,1,P100164,1,593.34,SALE,2024-07-14T16:35:59,S05,20240714
S05/20240714/00006,2,P105260,2,72.61,SALE,2024-07-14T16:35:59,S05,20240714
S05/20240714/00006,3,P107246,3,313.74,SALE,2024-07-14T16:35:59,S05,20240714
S05/20240714/00006,4,P103354,3,894.50,SALE,2024-07-14T16:35:59,S05,20240714
S05/20240714/00006,5,TAX,1,293.65,TAX,2024-07-14T16:35:59,S05,20240714
S05/20240714/00006,6,TENDER,1,4656.93,TENDER,2024-07-14T16:35:59,S05,20240714
S05/20240714/00007,1,P100375,2,163.45,SALE,2024-07-14T20:28:15,S05,20240714
S05/20240714/00007,2,P102886,3,139.22,SALE,2024-07-14T20:28:15,S05,20240714
S05/20240714/00007,3,P103309,3,59.57,SALE,2024-07-14T20:28:15,S05,20240714
S05/20240714/00007,4,P108346,3,478.23,SALE,2024-07-14T20:28:15,S05,20240714
S05/20240714/00007,5,P100933,3,257.95,SALE,2024-07-14T20:28:15,S05,20240714
S05/20240714/00007,6,TAX,1,257.19,TAX,2024-07-14T20:28:15,S05,20240714
S05/20240714/00007,7,TENDER,1,3389.00,TENDER,2024-07-14T20:28:15,S05,20240714
S05/20240714/00008,1,P104270,4,1036.53,SALE,2024-07-14T16:06:10,S05,20240714
S05/20240714/00008,2,P102892,2,220.95,SALE,2024-07-14T16:06:10,S05,20240714
S05/20240714/00008,3,P101669,1,49.56,SALE,2024-07-14T16:06:10,S05,20240714
S05/20240714/00008,4,P105356,3,232.26,SALE,2024-07-14T16:06:10,S05,20240714
S05/20240714/00008,5,P102045,2,21.31,SALE,2024-07-14T16:06:10,S05,20240714
S05/20240714/00008,6,P104600,1,51.61,SALE,2024-07-14T16:06:10,S05,20240714
S05/20240714/00008,7,P102648,1,397.04,SALE,2024-07-14T16:06:10,S05,20240714
S05/20240714/00008,8,P104226,2,303.01,SALE,2024-07-14T16:06:10,S05,20240714
S05/20240714/00008,9,TAX,1,405.88,TAX,2024-07-14T16:06:10,S05,20240714
S05/20240714/00008,10,TENDER,1,6837.53,TENDER,2024-07-14T16:06:10,S05,20240714
S05/20240714/00009,1,P100326,1,45.40,SALE,2024-07-14T13:32:48,S05,20240714
S05/20240714/00009,2,P104670,2,108.77,SALE,2024-07-14T13:32:48,S05,20240714
S05/20240714/00009,3,P100483,3,933.37,SALE,2024-07-14T13:32:48,S05,20240714
S05/20240714/00009,4,P102534,2,98.12,SALE,2024-07-14T13:32:48,S05,20240714
S05/20240714/00009,5,P104181,4,279.95,SALE,2024-07-14T13:32:48,S05,20240714
S05/20240714/00009,6,P106550,4,28.48,SALE,2024-07-14T13:32:48,S05,20240714
S05/20240714/00009,7,P108275,3,504.53,SALE,2024-07-14T13:32:48,S05,20240714
S05/20240714/00009,8,TAX,1,509.98,TAX,2024-07-14T13:32:48,S05,20240714
S05/20240714/00009,9,TENDER,1,6516.58,TENDER,2024-07-14T13:32:48,S05,20240714
S05/20240714/00010,1,P104123,1,382.58,SALE,2024-07-14T18:40:51,S05,20240714
S05/20240714/00010,2,P106133,2,307.37,SALE,2024-07-14T18:40:51,S05,20240714
S05/20240714/00010,3,P103372,1,43.95,SALE,2024-07-14T18:40:51,S05,20240714
S05/20240714/00010,4,P106997,1,39.70,SALE,2024-07-14T18:40:51,S05,20240714
S05/20240714/00010,5,P105062,1,14.84,SALE,2024-07-14T18:40:51,S05,20240714
S05/20240714/00010,6,TAX,1,171.91,TAX,2024-07-14T18:40:51,S05,20240714
S05/20240714/00010,7,TENDER,1,1267.72,TENDER,2024-07-14T18:40:51,S05,20240714
S05/20240714/00011,1,P101367,3,485.76,SALE,2024-07-14T11:04:12,S05,20240714
S05/20240714/00011,2,P105677,1,89.95,SALE,2024-07-14T11:04:12,S05,20240714
S05/20240714/00011,3,P102335,3,94.24,SALE,2024-07-14T11:04:12,S05,20240714
S05/20240714/00011,4,P103999,1,118.59,SALE,2024-07-14T11:04:12,S05,20240714
S05/20240714/00011,5,P105988,1,29.57,SALE,2024-07-14T11:04:12,S05,20240714
S05/20240714/00011,6,P108191,4,309.71,SALE,2024-07-14T11:04:12,S05,20240714
S05/20240714/00011,7,P107568,1,147.18,SALE,2024-07-14T11:04:12,S05,20240714
S05/20240714/00011,8,TAX,1,406.10,TAX,2024-07-14T11:04:12,S05,20240714
S05/20240714/00011,9,TENDER,1,3770.23,TENDER,2024-07-14T11:04:12,S05,20240714
S05/20240714/00012,1,P101410,2,798.18,SALE,2024-07-14T23:32:47,S05,20240714
S05/20240714/00012,2,P101702,2,491.39,SALE,2024-07-14T23:32:47,S05,20240714
S05/20240714/00012,3,P101648,4,334.22,SALE,2024-07-14T23:32:47,S05,20240714
S05/20240714/00012,4,P108397,1,286.03,SALE,2024-07-14T23:32:47,S05,20240714
S05/20240714/00012,5,P106080,1,361.06,SALE,2024-07-14T23:32:47,S05,20240714
S05/20240714/00012,6,P103732,1,94.74,SALE,2024-07-14T23:32:47,S05,20240714
S05/20240714/00012,7,TAX,1,517.70,TAX,2024-07-14T23:32:47,S05,20240714
S05/20240714/00012,8,TENDER,1,5175.55,TENDER,2024-07-14T23:32:47,S05,20240714
S05/20240714/00013,1,P104854,1,37.91,SALE,2024-07-14T12:08:02,S05,20240714
S05/20240714/00013,2,P106162,2,527.95,SALE,2024-07-14T12:08:02,S05,20240714
S05/20240714/00013,3,P100864,2,193.24,SALE,2024-07-14T12:08:02,S05,20240714
S05/20240714/00013,4,P108200,2,336.95,SALE,2024-07-14T12:08:02,S05,20240714
S05/20240714/00013,5,P106506,2,117.54,SALE,2024-07-14T12:08:02,S05,20240714
S05/20240714/00013,6,P105294,2,126.15,SALE,2024-07-14T12:08:02,S05,20240714
S05/20240714/00013,7,TAX,1,238.16,TAX,2024-07-14T12:08:02,S05,20240714
S05/20240714/00013,8,TENDER,1,2879.73,TENDER,2024-07-14T12:08:02,S05,20240714
S05/20240714/00014,1,P102060,1,165.83,SALE,2024-07-14T18:07:13,S05,20240714
S05/20240714/00014,2,P108302,3,855.55,SALE,2024-07-14T18:07:13,S05,20240714
S05/20240714/00014,3,P106592,2,738.06,SALE,2024-07-14T18:07:13,S05,20240714
S05/20240714/00014,4,P101279,1,237.59,SALE,2024-07-14T18:07:13,S05,20240714
S05/20240714/00014,5,P105453,2,393.95,SALE,2024-07-14T18:07:13,S05,20240714
S05/20240714/00014,6,TAX,1,343.96,TAX,2024-07-14T18:07:13,S05,20240714
S05/20240714/00014,7,TENDER,1,5578.05,TENDER,2024-07-14T18:07:13,S05,20240714
S05/20240714/00015,1,P106584,1,247.63,SALE,2024-07-14T23:31:39,S05,20240714
S05/20240714/00015,2,P105518,2,729.30,SALE,2024-07-14T23:31:39,S05,20240714
S05/20240714/00015,3,P100711,4,101.23,SALE,2024-07-14T23:31:39,S05,20240714
S05/20240714/00015,4,TAX,1,335.43,TAX,2024-07-14T23:31:39,S05,20240714
S05/20240714/00015,5,TENDER,1,2446.58,TENDER,2024-07-14T23:31:39,S05,20240714
S05/20240714/00016,1,P107743,2,206.95,SALE,2024-07-14T15:17:22,S05,20240714
S05/20240714/00016,2,P106872,1,73.31,SALE,2024-07-14T15:17:22,S05,20240714
S05/20240714/00016,3,P106965,2,86.78,SALE,2024-07-14T15:17:22,S05,20240714
S05/20240714/00016,4,P102485,3,202.08,SALE,2024-07-14T15:17:22,S05,20240714
S05/20240714/00016,5,P104854,2,35.76,SALE,2024-07-14T15:17:22,S05,20240714
S05/20240714/00016,6,P105757,1,248.44,SALE,2024-07-14T15:17:22,S05,20240714
S05/20240714/00016,7,TAX,1,114.28,TAX,2024-07-14T15:17:22,S05,20240714
S05/20240714/00016,8,TENDER,1,1701.25,TENDER,2024-07-14T15:17:22,S05,20240714
S05/20240714/00017,1,P107458,2,1239.88,SALE,2024-07-14T07:57:15,S05,20240714
S05/20240714/00017,2,P105230,4,112.14,SALE,2024-07-14T07:57:15,S05,20240714
S05/20240714/00017,3,TAX,1,53.83,TAX,2024-07-14T07:57:15,S05,20240714
S05/20240714/00017,4,TENDER,1,2982.15,TENDER,2024-07-14T07:57:15,S05,20240714
S05/20240714/00018,1,P104226,2,303.01,SALE,2024-07-14T22:49:19,S05,20240714
S05/20240714/00018,2,P102219,2,726.06,SALE,2024-07-14T22:49:19,S05,20240714
S05/20240714/00018,3,P106911,1,246.74,SALE,2024-07-14T22:49:19,S05,20240714
S05/20240714/00018,4,P103958,1,30.95,SALE,2024-07-14T22:49:19,S05,20240714
S05/20240714/00018,5,TAX,1,78.18,TAX,2024-07-14T22:49:19,S05,20240714
S05/20240714/00018,6,TENDER,1,2414.01,TENDER,2024-07-14T22:49:19,S05,20240714
S05/20240714/00019,1,P106258,3,423.67,SALE,2024-07-14T20:23:54,S05,20240714
S05/20240714/00019,2,P106948,1,180.07,SALE,2024-07-14T20:23:54,S05,20240714
S05/20240714/00019,3,P104938,1,999.94,SALE,2024-07-14T20:23:54,S05,20240714
S05/20240714/00019,4,P100362,3,270.89,SALE,2024-07-14T20:23:54,S05,20240714
S05/20240714/00019,5,P104048,3,193.57,SALE,2024-07-14T20:23:54,S05,20240714
S05/20240714/00019,6,P105119,3,91.19,SALE,2024-07-14T20:23:54,S05,20240714
S05/20240714/00019,7,P106133,3,307.37,SALE,2024-07-14T20:23:54,S05,20240714
S05/20240714/00019,8,TAX,1,477.45,TAX,2024-07-14T20:23:54,S05,20240714
S05/20240714/00019,9,TENDER,1,5517.53,TENDER,2024-07-14T20:23:54,S05,20240714
S05/20240714/00020,1,P104270,1,1036.53,SALE,2024-07-14T17:17:54,S05,20240714
S05/20240714/00020,2,P105345,2,295.95,SALE,2024-07-14T17:17:54,S05,20240714
S05/20240714/00020,3,P101874,7,19.95,SALE,2024-07-14T17:17:54,S05,20240714
S05/20240714/00020,4,P104121,2,130.95,SALE,2024-07-14T17:17:54,S05,20240714
S05/20240714/00020,5,DISC,1,-216.30,DISCOUNT,2024-07-14T17:17:54,S05,20240714
S05/20240714/00020,6,TAX,1,114.86,TAX,2024-07-14T17:17:54,S05,20240714
S05/20240714/00020,7,TENDER,1,1928.54,TENDER,2024-07-14T17:17:54,S05,20240714
S05/20240714/00021,1,P100528,2,623.32,SALE,2024-07-14T11:27:10,S05,20240714
S05/20240714/00021,2,P100494,4,67.32,SALE,2024-07-14T11:27:10,S05,20240714
S05/20240714/00021,3,P102880,1,575.53,SALE,2024-07-14T11:27:10,S05,20240714
S05/20240714/00021,4,P106059,3,317.68,SALE,2024-07-14T11:27:10,S05,20240714
S05/20240714/00021,5,P107488,3,303.21,SALE,2024-07-14T11:27:10,S05,20240714
S05/20240714/00021,6,TAX,1,412.53,TAX,2024-07-14T11:27:10,S05,20240714
S05/20240714/00021,7,TENDER,1,4366.65,TENDER,2024-07-14T11:27:10,S05,20240714
S05/20240714/00022,1,P105553,2,764.76,SALE,2024-07-14T20:21:43,S05,20240714
S05/20240714/00022,2,P107799,1,751.07,SALE,2024-07-14T20:21:43,S05,20240714
S05/20240714/00022,3,P104867,2,190.50,SALE,2024-07-14T20:21:43,S05,20240714
S05/20240714/00022,4,P104487,1,388.90,SALE,2024-07-14T20:21:43,S05,20240714
S05/20240714/00022,5,P105337,1,31.85,SALE,2024-07-14T20:21:43,S05,20240714
S05/20240714/00022,6,P107848,2,267.41,SALE,2024-07-14T20:21:43,S05,20240714
S05/20240714/00022,7,TAX,1,315.15,TAX,2024-07-14T20:21:43,S05,20240714
S05/20240714/00022,8,TENDER,1,3932.31,TENDER,2024-07-14T20:21:43,S05,20240714
S05/20240714/00023,1,P100268,2,197.00,SALE,2024-07-14T16:34:59,S05,20240714
S05/20240714/00023,2,P106934,4,1554.16,SALE,2024-07-14T16:34:59,S05,20240714
S05/20240714/00023,3,TAX,1,19.70,TAX,2024-07-14T16:34:59,S05,20240714
S05/20240714/00023,4,TENDER,1,6630.34,TENDER,2024-07-14T16:34:59,S05,20240714
S05/20240714/00024,1,P106130,2,1254.95,SALE,2024-07-14T19:53:35,S05,20240714
S05/20240714/00024,2,P100406,1,435.20,SALE,2024-07-14T19:53:35,S05,20240714
S05/20240714/00024,3,P103337,1,84.50,SALE,2024-07-14T19:53:35,S05,20240714
S05/20240714/00024,4,P100810,2,200.65,SALE,2024-07-14T19:53:35,S05,20240714
S05/20240714/00024,5,P106330,4,199.12,SALE,2024-07-14T19:53:35,S05,20240714
S05/20240714/00024,6,P101722,2,1331.86,SALE,2024-07-14T19:53:35,S05,20240714
S05/20240714/00024,7,TAX,1,322.60,TAX,2024-07-14T19:53:35,S05,20240714
S05/20240714/00024,8,TENDER,1,7213.70,TENDER,2024-07-14T19:53:35,S05,20240714
S05/20240714/00025,1,P104242,1,275.95,SALE,2024-07-14T21:13:27,S05,20240714
S05/20240714/00025,2,P106353,3,233.29,SALE,2024-07-14T21:13:27,S05,20240714
S05/20240714/00025,3,P104811,2,113.95,SALE,2024-07-14T21:13:27,S05,20240714
S05/20240714/00025,4,P103449,2,381.08,SALE,2024-07-14T21:13:27,S05,20240714
S05/20240714/00025,5,DISC,1,-155.36,DISCOUNT,2024-07-14T21:13:27,S05,20240714
S05/20240714/00025,6,TAX,1,219.39,TAX,2024-07-14T21:13:27,S05,20240714
S05/20240714/00025,7,TENDER,1,2029.91,TENDER,2024-07-14T21:13:27,S05,20240714
S05/20240714/00026,1,P103197,2,292.95,SALE,2024-07-14T15:15:28,S05,20240714
S05/20240714/00026,2,P103222,2,357.87,SALE,2024-07-14T15:15:28,S05,20240714
S05/20240714/00026,3,TAX,1,156.20,TAX,2024-07-14T15:15:28,S05,20240714
S05/20240714/00026,4,TENDER,1,1457.84,TENDER,2024-07-14T15:15:28,S05,20240714
S05/20240714/00027,1,P106703,4,76.37,SALE,2024-07-14T19:09:26,S05,20240714
S05/20240714/00027,2,P103259,2,298.27,SALE,2024-07-14T19:09:26,S05,20240714
S05/20240714/00027,3,P106975,2,136.95,SALE,2024-07-14T19:09:26,S05,20240714
S05/20240714/00027,4,P107190,2,223.50,SALE,2024-07-14T19:09:26,S05,20240714
S05/20240714/00027,5,P101796,2,990.67,SALE,2024-07-14T19:09:26,S05,20240714
S05/20240714/00027,6,P103749,2,16.85,SALE,2024-07-14T19:09:26,S05,20240714
S05/20240714/00027,7,P104774,4,84.34,SALE,2024-07-14T19:09:26,S05,20240714
S05/20240714/00027,8,P104628,1,196.55,SALE,2024-07-14T19:09:26,S05,20240714
S05/20240714/00027,9,P105384,2,315.25,SALE,2024-07-14T19:09:26,S05,20240714
S05/20240714/00027,10,TAX,1,378.08,TAX,2024-07-14T19:09:26,S05,20240714
S05/20240714/00027,11,TENDER,1,5180.45,TENDER,2024-07-14T19:09:26,S05,20240714
S05/20240714/00028,1,P102160,2,221.62,SALE,2024-07-14T16:37:37,S05,20240714
S05/20240714/00028,2,P106181,2,778.60,SALE,2024-07-14T16:37:37,S05,20240714
S05/20240714/00028,3,P100761,2,51.26,SALE,2024-07-14T16:37:37,S05,20240714
S05/20240714/00028,4,P100441,2,419.95,SALE,2024-07-14T16:37:37,S05,20240714
S05/20240714/00028,5,P102166,2,52.54,SALE,2024-07-14T16:37:37,S05,20240714
S05/20240714/00028,6,P103484,5,109.59,SALE,2024-07-14T16:37:37,S05,20240714
S05/20240714/00028,7,TAX,1,276.65,TAX,2024-07-14T16:37:37,S05,20240714
S05/20240714/00028,8,TENDER,1,3872.54,TENDER,2024-07-14T16:37:37,S05,20240714
S05/20240714/00029,1,P105209,4,399.92,SALE,2024-07-14T17:52:44,S05,20240714
S05/20240714/00029,2,TAX,1,287.94,TAX,2024-07-14T17:52:44,S05,20240714
S05/20240714/00029,3,TENDER,1,1887.62,TENDER,2024-07-14T17:52:44,S05,20240714
S05/20240714/00030,1,P101062,3,47.97,SALE,2024-07-14T15:02:14,S05,20240714
S05/20240714/00030,2,P105468,1,1100.43,SALE,2024-07-14T15:02:14,S05,20240714
S05/20240714/00030,3,P100911,2,71.10,SALE,2024-07-14T15:02:14,S05,20240714
S05/20240714/00030,4,P106382,4,81.60,SALE,2024-07-14T15:02:14,S05,20240714
S05/20240714/00030,5,TAX,1,69.33,TAX,2024-07-14T15:02:14,S05,20240714
S05/20240714/00030,6,TENDER,1,1782.27,TENDER,2024-07-14T15:02:14,S05,20240714
S05/20240714/00031,1,P101117,2,203.24,SALE,2024-07-14T14:15:23,S05,20240714
S05/20240714/00031,2,P100035,2,1810.38,SALE,2024-07-14T14:15:23,S05,20240714
S05/20240714/00031,3,P103337,1,84.50,SALE,2024-07-14T14:15:23,S05,20240714
S05/20240714/00031,4,TAX,1,438.72,TAX,2024-07-14T14:15:23,S05,20240714
S05/20240714/00031,5,TENDER,1,4550.46,TENDER,2024-07-14T14:15:23,S05,20240714
S05/20240714/00032,1,P106891,1,642.78,SALE,2024-07-14T12:08:45,S05,20240714
S05/20240714/00032,2,P101444,3,834.95,SALE,2024-07-14T12:08:45,S05,20240714
S05/20240714/00032,3,P108379,2,305.48,SALE,2024-07-14T12:08:45,S05,20240714
S05/20240714/00032,4,P104446,2,56.83,SALE,2024-07-14T12:08:45,S05,20240714
S05/20240714/00032,5,P102516,1,1272.67,SALE,2024-07-14T12:08:45,S05,20240714
S05/20240714/00032,6,P106620,4,296.41,SALE,2024-07-14T12:08:45,S05,20240714
S05/20240714/00032,7,P100536,2,471.52,SALE,2024-07-14T12:08:45,S05,20240714
S05/20240714/00032,8,TAX,1,626.81,TAX,2024-07-14T12:08:45,S05,20240714
S05/20240714/00032,9,TENDER,1,7900.41,TENDER,2024-07-14T12:08:45,S05,20240714
S05/20240715/00001,1,P104181,1,279.95,SALE,2024-07-15T12:17:48,S05,20240715
S05/20240715/00001,2,P103839,6,213.95,SALE,2024-07-15T12:17:48,S05,20240715
S05/20240715/00001,3,P102175,1,191.56,SALE,2024-07-15T12:17:48,S05,20240715
S05/20240715/00001,4,P105365,2,393.76,SALE,2024-07-15T12:17:48,S05,20240715
S05/20240715/00001,5,P107110,2,77.73,SALE,2024-07-15T12:17:48,S05,20240715
S05/20240715/00001,6,P103918,4,527.10,SALE,2024-07-15T12:17:48,S05,20240715
S05/20240715/00001,7,P101690,3,1044.81,SALE,2024-07-15T12:17:48,S05,20240715
S05/20240715/00001,8,TAX,1,649.29,TAX,2024-07-15T12:17:48,S05,20240715
S05/20240715/00001,9,TENDER,1,8590.31,TENDER,2024-07-15T12:17:48,S05,20240715
S05/20240715/00002,1,P107217,3,279.38,SALE,2024-07-15T16:22:01,S05,20240715
S05/20240715/00002,2,P101674,2,373.95,SALE,2024-07-15T16:22:01,S05,20240715
S05/20240715/00002,3,P106317,1,485.55,SALE,2024-07-15T16:22:01,S05,20240715
S05/20240715/00002,4,P101547,1,62.01,SALE,2024-07-15T16:22:01,S05,20240715
S05/20240715/00002,5,P108118,2,66.05,SALE,2024-07-15T16:22:01,S05,20240715
S05/20240715/00002,6,DISC,1,-121.10,DISCOUNT,2024-07-15T16:22:01,S05,20240715
S05/20240715/00002,7,TAX,1,286.97,TAX,2024-07-15T16:22:01,S05,20240715
S05/20240715/00002,8,TENDER,1,2431.57,TENDER,2024-07-15T16:22:01,S05,20240715
S05/20240715/00003,1,P102671,2,252.00,SALE,2024-07-15T12:17:16,S05,20240715
S05/20240715/00003,2,P102520,1,731.86,SALE,2024-07-15T12:17:16,S05,20240715
S05/20240715/00003,3,TAX,1,127.31,TAX,2024-07-15T12:17:16,S05,20240715
S05/20240715/00003,4,TENDER,1,1363.17,TENDER,2024-07-15T12:17:16,S05,20240715
S05/20240715/00004,1,P107581,4,243.81,SALE,2024-07-15T17:38:53,S05,20240715
S05/20240715/00004,2,P102880,1,575.53,SALE,2024-07-15T17:38:53,S05,20240715
S05/20240715/00004,3,P103760,2,104.16,SALE,2024-07-15T17:38:53,S05,20240715
S05/20240715/00004,4,P104155,1,137.46,SALE,2024-07-15T17:38:53,S05,20240715
S05/20240715/00004,5,P107609,1,108.46,SALE,2024-07-15T17:38:53,S05,20240715
S05/20240715/00004,6,TAX,1,202.83,TAX,2024-07-15T17:38:53,S05,20240715
S05/20240715/00004,7,TENDER,1,2207.84,TENDER,2024-07-15T17:38:53,S05,20240715
S05/20240715/00005,1,P103950,1,1283.54,SALE,2024-07-15T23:37:56,S05,20240715
S05/20240715/00005,2,P100604,1,154.60,SALE,2024-07-15T23:37:56,S05,20240715
S05/20240715/00005,3,P100308,2,289.31,SALE,2024-07-15T23:37:56,S05,20240715
S05/20240715/00005,4,P101747,1,245.75,SALE,2024-07-15T23:37:56,S05,20240715
S05/20240715/00005,5,P101925,2,181.41,SALE,2024-07-15T23:37:56,S05,20240715
S05/20240715/00005,6,TAX,1,211.21,TAX,2024-07-15T23:37:56,S05,20240715
S05/20240715/00005,7,TENDER,1,2836.54,TENDER,2024-07-15T23:37:56,S05,20240715
S05/20240715/00006,1,P105835,4,243.66,SALE,2024-07-15T20:33:48,S05,20240715
S05/20240715/00006,2,P107477,2,116.48,SALE,2024-07-15T20:33:48,S05,20240715
S05/20240715/00006,3,P102947,1,59.21,SALE,2024-07-15T20:33:48,S05,20240715
S05/20240715/00006,4,P100754,1,91.60,SALE,2024-07-15T20:33:48,S05,20240715
S05/20240715/00006,5,P108090,1,130.88,SALE,2024-07-15T20:33:48,S05,20240715
S05/20240715/00006,6,TAX,1,71.50,TAX,2024-07-15T20:33:48,S05,20240715
S05/20240715/00006,7,TENDER,1,1560.79,TENDER,2024-07-15T20:33:48,S05,20240715
S05/20240715/00007,1,P103542,3,398.89,SALE,2024-07-15T13:27:09,S05,20240715
S05/20240715/00007,2,P106648,2,330.96,SALE,2024-07-15T13:27:09,S05,20240715
S05/20240715/00007,3,P101062,1,47.97,SALE,2024-07-15T13:27:09,S05,20240715
S05/20240715/00007,4,P100203,3,241.95,SALE,2024-07-15T13:27:09,S05,20240715
S05/20240715/00007,5,TAX,1,215.39,TAX,2024-07-15T13:27:09,S05,20240715
S05/20240715/00007,6,TENDER,1,2847.80,TENDER,2024-07-15T13:27:09,S05,20240715
S05/20240715/00008,1,P103743,2,1117.90,SALE,2024-07-15T19:16:07,S05,20240715
S05/20240715/00008,2,P106955,1,204.37,SALE,2024-07-15T19:16:07,S05,20240715
S05/20240715/00008,3,P101083,2,343.85,SALE,2024-07-15T19:16:07,S05,20240715
S05/20240715/00008,4,P107072,2,75.15,SALE,2024-07-15T19:16:07,S05,20240715
S05/20240715/00008,5,DISC,1,-370.73,DISCOUNT,2024-07-15T19:16:07,S05,20240715
S05/20240715/00008,6,TAX,1,118.85,TAX,2024-07-15T19:16:07,S05,20240715
S05/20240715/00008,7,TENDER,1,3026.29,TENDER,2024-07-15T19:16:07,S05,20240715
S05/20240715/00009,1,P104572,2,179.13,SALE,2024-07-15T19:42:29,S05,20240715
S05/20240715/00009,2,P102656,1,176.92,SALE,2024-07-15T19:42:29,S05,20240715
S05/20240715/00009,3,P104867,2,190.50,SALE,2024-07-15T19:42:29,S05,20240715
S05/20240715/00009,4,P105413,1,158.95,SALE,2024-07-15T19:42:29,S05,20240715
S05/20240715/00009,5,TAX,1,64.88,TAX,2024-07-15T19:42:29,S05,20240715
S05/20240715/00009,6,TENDER,1,1140.01,TENDER,2024-07-15T19:42:29,S05,20240715
S05/20240715/00010,1,P103202,2,262.07,SALE,2024-07-15T18:08:03,S05,20240715
S05/20240715/00010,2,P108272,2,119.46,SALE,2024-07-15T18:08:03,S05,20240715
S05/20240715/00010,3,TAX,1,91.57,TAX,2024-07-15T18:08:03,S05,20240715
S05/20240715/00010,4,TENDER,1,854.63,TENDER,2024-07-15T18:08:03,S05,20240715
S05/20240715/00011,1,P100268,2,197.00,SALE,2024-07-15T13:44:02,S05,20240715
S05/20240715/00011,2,P101142,2,102.04,SALE,2024-07-15T13:44:02,S05,20240715
S05/20240715/00011,3,P102671,4,252.00,SALE,2024-07-15T13:44:02,S05,20240715
S05/20240715/00011,4,P102452,1,176.54,SALE,2024-07-15T13:44:02,S05,20240715
S05/20240715/00011,5,P100268,-2,197.00,VOID,2024-07-15T13:44:02,S05,20240715
S05/20240715/00011,6,P101142,-2,102.04,VOID,2024-07-15T13:44:02,S05,20240715
S05/20240715/00011,7,P102671,-4,252.00,VOID,2024-07-15T13:44:02,S05,20240715
S05/20240715/00011,8,P102452,-1,176.54,VOID,2024-07-15T13:44:02,S05,20240715
S05/20240715/00011,9,TAX,1,0.00,TAX,2024-07-15T13:44:02,S05,20240715
S05/20240715/00011,10,TENDER,1,0.00,TENDER,2024-07-15T13:44:02,S05,20240715
S05/20240715/00012,1,P102880,2,575.53,SALE,2024-07-15T14:19:42,S05,20240715
S05/20240715/00012,2,P102724,1,391.04,SALE,2024-07-15T14:19:42,S05,20240715
S05/20240715/00012,3,P101876,2,71.32,SALE,2024-07-15T14:19:42,S05,20240715
S05/20240715/00012,4,P104112,3,51.43,SALE,2024-07-15T14:19:42,S05,20240715
S05/20240715/00012,5,TAX,1,142.79,TAX,2024-07-15T14:19:42,S05,20240715
S05/20240715/00012,6,TENDER,1,1981.82,TENDER,2024-07-15T14:19:42,S05,20240715
S05/20240715/00013,1,P105252,2,10.57,SALE,2024-07-15T14:25:40,S05,20240715
S05/20240715/00013,2,P107362,1,62.10,SALE,2024-07-15T14:25:40,S05,20240715
S05/20240715/00013,3,P106059,2,317.68,SALE,2024-07-15T14:25:40,S05,20240715
S05/20240715/00013,4,P106745,1,564.66,SALE,2024-07-15T14:25:40,S05,20240715
S05/20240715/00013,5,P102114,5,128.95,SALE,2024-07-15T14:25:40,S05,20240715
S05/20240715/00013,6,DISC,1,-224.03,DISCOUNT,2024-07-15T14:25:40,S05,20240715
S05/20240715/00013,7,TAX,1,232.64,TAX,2024-07-15T14:25:40,S05,20240715
S05/20240715/00013,8,TENDER,1,1936.62,TENDER,2024-07-15T14:25:40,S05,20240715
S05/20240715/00014,1,P107777,3,222.77,SALE,2024-07-15T15:20:24,S05,20240715
S05/20240715/00014,2,P101023,1,193.95,SALE,2024-07-15T15:20:24,S05,20240715
S05/20240715/00014,3,P103704,2,164.95,SALE,2024-07-15T15:20:24,S05,20240715
S05/20240715/00014,4,TAX,1,69.08,TAX,2024-07-15T15:20:24,S05,20240715
S05/20240715/00014,5,TENDER,1,1261.24,TENDER,2024-07-15T15:20:24,S05,20240715
S05/20240715/00015,1,P103563,2,23.04,SALE,2024-07-16T00:48:31,S05,20240715
S05/20240715/00015,2,TAX,1,8.29,TAX,2024-07-16T00:48:31,S05,20240715
S05/20240715/00015,3,TENDER,1,54.37,TENDER,2024-07-16T00:48:31,S05,20240715
S05/20240715/00016,1,P100019,1,64.89,SALE,2024-07-15T16:05:26,S05,20240715
S05/20240715/00016,2,P102640,4,241.34,SALE,2024-07-15T16:05:26,S05,20240715
S05/20240715/00016,3,P100250,4,544.91,SALE,2024-07-15T16:05:26,S05,20240715
S05/20240715/00016,4,P105112,2,179.95,SALE,2024-07-15T16:05:26,S05,20240715
S05/20240715/00016,5,P108026,2,103.54,SALE,2024-07-15T16:05:26,S05,20240715
S05/20240715/00016,6,P101740,2,855.00,SALE,2024-07-15T16:05:26,S05,20240715
S05/20240715/00016,7,P101177,1,150.26,SALE,2024-07-15T16:05:26,S05,20240715
S05/20240715/00016,8,P100255,3,1250.31,SALE,2024-07-15T16:05:26,S05,20240715
S05/20240715/00016,9,TAX,1,544.76,TAX,2024-07-15T16:05:26,S05,20240715
S05/20240715/00016,10,TENDER,1,9932.82,TENDER,2024-07-15T16:05:26,S05,20240715
S05/20240715/00017,1,P105003,2,285.67,SALE,2024-07-15T19:37:11,S05,20240715
S05/20240715/00017,2,P101603,2,911.37,SALE,2024-07-15T19:37:11,S05,20240715
S05/20240715/00017,3,P107589,3,266.18,SALE,2024-07-15T19:37:11,S05,20240715
S05/20240715/00017,4,P105167,2,826.20,SALE,2024-07-15T19:37:11,S05,20240715
S05/20240715/00017,5,TAX,1,547.93,TAX,2024-07-15T19:37:11,S05,20240715
S05/20240715/00017,6,TENDER,1,5392.95,TENDER,2024-07-15T19:37:11,S05,20240715
S05/20240716/00001,1,P102014,1,261.84,SALE,2024-07-16T13:17:44,S05,20240716
S05/20240716/00001,2,TAX,1,47.13,TAX,2024-07-16T13:17:44,S05,20240716
S05/20240716/00001,3,TENDER,1,308.97,TENDER,2024-07-16T13:17:44,S05,20240716
S05/20240716/00002,1,P104389,4,169.98,SALE,2024-07-16T12:07:52,S05,20240716
S05/20240716/00002,2,TAX,1,122.39,TAX,2024-07-16T12:07:52,S05,20240716
S05/20240716/00002,3,TENDER,1,802.31,TENDER,2024-07-16T12:07:52,S05,20240716
S05/20240716/00003,1,P104081,1,586.63,SALE,2024-07-16T14:13:03,S05,20240716
S05/20240716/00003,2,P101634,3,25.05,SALE,2024-07-16T14:13:03,S05,20240716
S05/20240716/00003,3,DISC,1,-37.41,DISCOUNT,2024-07-16T14:13:03,S05,20240716
S05/20240716/00003,4,TAX,1,12.76,TAX,2024-07-16T14:13:03,S05,20240716
S05/20240716/00003,5,TENDER,1,637.13,TENDER,2024-07-16T14:13:03,S05,20240716
S05/20240716/00004,1,P102648,2,377.19,SALE,2024-07-16T18:11:37,S05,20240716
S05/20240716/00004,2,P103222,1,357.87,SALE,2024-07-16T18:11:37,S05,20240716
S05/20240716/00004,3,TAX,1,178.73,TAX,2024-07-16T18:11:37,S05,20240716
S05/20240716/00004,4,TENDER,1,1290.98,TENDER,2024-07-16T18:11:37,S05,20240716
S05/20240716/00005,1,P102648,1,397.04,SALE,2024-07-16T20:47:55,S05,20240716
S05/20240716/00005,2,P108097,1,83.76,SALE,2024-07-16T20:47:55,S05,20240716
S05/20240716/00005,3,P104097,2,319.17,SALE,2024-07-16T20:47:55,S05,20240716
S05/20240716/00005,4,P103062,3,179.06,SALE,2024-07-16T20:47:55,S05,20240716
S05/20240716/00005,5,P103029,1,11.28,SALE,2024-07-16T20:47:55,S05,20240716
S05/20240716/00005,6,TAX,1,187.01,TAX,2024-07-16T20:47:55,S05,20240716
S05/20240716/00005,7,TENDER,1,1854.61,TENDER,2024-07-16T20:47:55,S05,20240716
S05/20240716/00006,1,P106563,3,405.60,SALE,2024-07-16T15:35:21,S05,20240716
S05/20240716/00006,2,P101669,3,49.56,SALE,2024-07-16T15:35:21,S05,20240716
S05/20240716/00006,3,P107003,1,1186.93,SALE,2024-07-16T15:35:21,S05,20240716
S05/20240716/00006,4,P101428,2,394.08,SALE,2024-07-16T15:35:21,S05,20240716
S05/20240716/00006,5,TAX,1,295.32,TAX,2024-07-16T15:35:21,S05,20240716
S05/20240716/00006,6,TENDER,1,3635.89,TENDER,2024-07-16T15:35:21,S05,20240716
S05/20240716/00007,1,P103504,3,361.87,SALE,2024-07-16T14:03:37,S05,20240716
S05/20240716/00007,2,P101766,3,219.42,SALE,2024-07-16T14:03:37,S05,20240716
S05/20240716/00007,3,P107072,2,71.39,SALE,2024-07-16T14:03:37,S05,20240716
S05/20240716/00007,4,P101894,1,668.48,SALE,2024-07-16T14:03:37,S05,20240716
S05/20240716/00007,5,P105971,1,1150.46,SALE,2024-07-16T14:03:37,S05,20240716
S05/20240716/00007,6,P106844,1,23.35,SALE,2024-07-16T14:03:37,S05,20240716
S05/20240716/00007,7,P104739,2,172.21,SALE,2024-07-16T14:03:37,S05,20240716
S05/20240716/00007,8,P108162,1,257.55,SALE,2024-07-16T14:03:37,S05,20240716
S05/20240716/00007,9,P105897,3,249.03,SALE,2024-07-16T14:03:37,S05,20240716
S05/20240716/00007,10,TAX,1,515.73,TAX,2024-07-16T14:03:37,S05,20240716
S05/20240716/00007,11,TENDER,1,5593.73,TENDER,2024-07-16T14:03:37,S05,20240716
S05/20240716/00008,1,P100595,1,388.65,SALE,2024-07-16T20:56:58,S05,20240716
S05/20240716/00008,2,P103896,2,205.72,SALE,2024-07-16T20:56:58,S05,20240716
S05/20240716/00008,3,P106553,4,139.74,SALE,2024-07-16T20:56:58,S05,20240716
S05/20240716/00008,4,P100221,5,140.95,SALE,2024-07-16T20:56:58,S05,20240716
S05/20240716/00008,5,P104079,2,75.55,SALE,2024-07-16T20:56:58,S05,20240716
S05/20240716/00008,6,P105209,3,399.92,SALE,2024-07-16T20:56:58,S05,20240716
S05/20240716/00008,7,P101702,2,491.39,SALE,2024-07-16T20:56:58,S05,20240716
S05/20240716/00008,8,TAX,1,698.74,TAX,2024-07-16T20:56:58,S05,20240716
S05/20240716/00008,9,TENDER,1,5096.18,TENDER,2024-07-16T20:56:58,S05,20240716
S05/20240716/00009,1,P103452,3,1033.70,SALE,2024-07-16T08:47:11,S05,20240716
S05/20240716/00009,2,P104992,2,889.34,SALE,2024-07-16T08:47:11,S05,20240716
S05/20240716/00009,3,P100140,6,62.18,SALE,2024-07-16T08:47:11,S05,20240716
S05/20240716/00009,4,P105083,1,245.38,SALE,2024-07-16T08:47:11,S05,20240716
S05/20240716/00009,5,P104358,3,1243.57,SALE,2024-07-16T08:47:11,S05,20240716
S05/20240716/00009,6,P105855,1,128.68,SALE,2024-07-16T08:47:11,S05,20240716
S05/20240716/00009,7,TAX,1,720.50,TAX,2024-07-16T08:47:11,S05,20240716
S05/20240716/00009,8,TENDER,1,10078.13,TENDER,2024-07-16T08:47:11,S05,20240716
S05/20240716/00010,1,P101305,2,110.46,SALE,2024-07-16T14:33:05,S05,20240716
S05/20240716/00010,2,P103054,1,113.30,SALE,2024-07-16T14:33:05,S05,20240716
S05/20240716/00010,3,P105656,3,516.52,SALE,2024-07-16T14:33:05,S05,20240716
S05/20240716/00010,4,P102219,4,726.06,SALE,2024-07-16T14:33:05,S05,20240716
S05/20240716/00010,5,P103785,3,491.90,SALE,2024-07-16T14:33:05,S05,20240716
S05/20240716/00010,6,TAX,1,362.06,TAX,2024-07-16T14:33:05,S05,20240716
S05/20240716/00010,7,TENDER,1,6625.78,TENDER,2024-07-16T14:33:05,S05,20240716
S05/20240716/00011,1,P107330,1,115.95,SALE,2024-07-16T11:15:27,S05,20240716
S05/20240716/00011,2,P104572,3,179.13,SALE,2024-07-16T11:15:27,S05,20240716
S05/20240716/00011,3,P104187,1,86.95,SALE,2024-07-16T11:15:27,S05,20240716
S05/20240716/00011,4,P100308,3,289.31,SALE,2024-07-16T11:15:27,S05,20240716
S05/20240716/00011,5,P100106,1,318.86,SALE,2024-07-16T11:15:27,S05,20240716
S05/20240716/00011,6,P103354,1,894.50,SALE,2024-07-16T11:15:27,S05,20240716
S05/20240716/00011,7,P105651,3,110.95,SALE,2024-07-16T11:15:27,S05,20240716
S05/20240716/00011,8,TAX,1,273.55,TAX,2024-07-16T11:15:27,S05,20240716
S05/20240716/00011,9,TENDER,1,3427.98,TENDER,2024-07-16T11:15:27,S05,20240716
S05/20240716/00012,1,P105112,2,179.95,SALE,2024-07-16T13:48:30,S05,20240716
S05/20240716/00012,2,P104328,2,66.17,SALE,2024-07-16T13:48:30,S05,20240716
S05/20240716/00012,3,TAX,1,24.61,TAX,2024-07-16T13:48:30,S05,20240716
S05/20240716/00012,4,TENDER,1,516.85,TENDER,2024-07-16T13:48:30,S05,20240716
S05/20240716/00013,1,P106776,2,372.12,SALE,2024-07-16T15:50:50,S05,20240716
S05/20240716/00013,2,P105827,2,98.42,SALE,2024-07-16T15:50:50,S05,20240716
S05/20240716/00013,3,P104308,3,53.24,SALE,2024-07-16T15:50:50,S05,20240716
S05/20240716/00013,4,P100074,2,57.78,SALE,2024-07-16T15:50:50,S05,20240716
S05/20240716/00013,5,P104933,3,560.59,SALE,2024-07-16T15:50:50,S05,20240716
S05/20240716/00013,6,P107555,3,1314.43,SALE,2024-07-16T15:50:50,S05,20240716
S05/20240716/00013,7,P103712,2,481.86,SALE,2024-07-16T15:50:50,S05,20240716
S05/20240716/00013,8,TAX,1,499.95,TAX,2024-07-16T15:50:50,S05,20240716
S05/20240716/00013,9,TENDER,1,8305.09,TENDER,2024-07-16T15:50:50,S05,20240716
S05/20240716/00014,1,P100904,3,68.79,SALE,2024-07-16T15:00:26,S05,20240716
S05/20240716/00014,2,TAX,1,37.15,TAX,2024-07-16T15:00:26,S05,20240716
S05/20240716/00014,3,TENDER,1,243.52,TENDER,2024-07-16T15:00:26,S05,20240716
S05/20240716/00015,1,P105511,1,294.53,SALE,2024-07-16T14:43:25,S05,20240716
S05/20240716/00015,2,P108292,1,104.02,SALE,2024-07-16T14:43:25,S05,20240716
S05/20240716/00015,3,P103591,1,102.70,SALE,2024-07-16T14:43:25,S05,20240716
S05/20240716/00015,4,TAX,1,71.50,TAX,2024-07-16T14:43:25,S05,20240716
S05/20240716/00015,5,TENDER,1,572.75,TENDER,2024-07-16T14:43:25,S05,20240716
S05/20240716/00016,1,P100339,2,299.99,SALE,2024-07-16T13:39:33,S05,20240716
S05/20240716/00016,2,P108326,2,473.88,SALE,2024-07-16T13:39:33,S05,20240716
S05/20240716/00016,3,P105351,3,102.95,SALE,2024-07-16T13:39:33,S05,20240716
S05/20240716/00016,4,P104909,1,363.10,SALE,2024-07-16T13:39:33,S05,20240716
S05/20240716/00016,5,P104032,2,603.87,SALE,2024-07-16T13:39:33,S05,20240716
S05/20240716/00016,6,P105772,5,539.31,SALE,2024-07-16T13:39:33,S05,20240716
S05/20240716/00016,7,P101842,5,210.53,SALE,2024-07-16T13:39:33,S05,20240716
S05/20240716/00016,8,TAX,1,1032.73,TAX,2024-07-16T13:39:33,S05,20240716
S05/20240716/00016,9,TENDER,1,8209.36,TENDER,2024-07-16T13:39:33,S05,20240716
S05/20240716/00017,1,P103029,1,11.28,SALE,2024-07-16T10:03:48,S05,20240716
S05/20240716/00017,2,P101101,2,74.25,SALE,2024-07-16T10:03:48,S05,20240716
S05/20240716/00017,3,P105589,1,84.80,SALE,2024-07-16T10:03:48,S05,20240716
S05/20240716/00017,4,P105562,2,422.85,SALE,2024-07-16T10:03:48,S05,20240716
S05/20240716/00017,5,P103637,2,338.13,SALE,2024-07-16T10:03:48,S05,20240716
S05/20240716/00017,6,P102755,1,68.95,SALE,2024-07-16T10:03:48,S05,20240716
S05/20240716/00017,7,TAX,1,312.51,TAX,2024-07-16T10:03:48,S05,20240716
S05/20240716/00017,8,TENDER,1,2148.00,TENDER,2024-07-16T10:03:48,S05,20240716
S05/20240716/00018,1,P103719,4,957.52,SALE,2024-07-17T00:07:59,S05,20240716
S05/20240716/00018,2,TAX,1,459.61,TAX,2024-07-17T00:07:59,S05,20240716
S05/20240716/00018,3,TENDER,1,4289.69,TENDER,2024-07-17T00:07:59,S05,20240716
S05/20240716/00019,1,P104533,1,249.95,SALE,2024-07-16T17:07:58,S05,20240716
S05/20240716/00019,2,P105553,2,764.76,SALE,2024-07-16T17:07:58,S05,20240716
S05/20240716/00019,3,TAX,1,196.04,TAX,2024-07-16T17:07:58,S05,20240716
S05/20240716/00019,4,TENDER,1,1975.51,TENDER,2024-07-16T17:07:58,S05,20240716
S05/20240716/00020,1,P107178,2,298.69,SALE,2024-07-16T09:12:53,S05,20240716
S05/20240716/00020,2,P107872,1,583.81,SALE,2024-07-16T09:12:53,S05,20240716
S05/20240716/00020,3,P103839,1,213.95,SALE,2024-07-16T09:12:53,S05,20240716
S05/20240716/00020,4,P104226,3,303.01,SALE,2024-07-16T09:12:53,S05,20240716
S05/20240716/00020,5,TAX,1,139.39,TAX,2024-07-16T09:12:53,S05,20240716
S05/20240716/00020,6,TENDER,1,2443.56,TENDER,2024-07-16T09:12:53,S05,20240716
S05/20240716/00021,1,P104944,2,53.15,SALE,2024-07-16T17:50:14,S05,20240716
S05/20240716/00021,2,P108032,2,648.04,SALE,2024-07-16T17:50:14,S05,20240716
S05/20240716/00021,3,P102202,1,194.70,SALE,2024-07-16T17:50:14,S05,20240716
S05/20240716/00021,4,P102892,3,220.95,SALE,2024-07-16T17:50:14,S05,20240716
S05/20240716/00021,5,P108338,2,218.68,SALE,2024-07-16T17:50:14,S05,20240716
S05/20240716/00021,6,P107890,1,133.07,SALE,2024-07-16T17:50:14,S05,20240716
S05/20240716/00021,7,TAX,1,414.40,TAX,2024-07-16T17:50:14,S05,20240716
S05/20240716/00021,8,TENDER,1,3244.76,TENDER,2024-07-16T17:50:14,S05,20240716
S05/20240716/00022,1,P107253,1,232.65,SALE,2024-07-16T13:06:54,S05,20240716
S05/20240716/00022,2,P100375,3,163.45,SALE,2024-07-16T13:06:54,S05,20240716
S05/20240716/00022,3,P108162,2,257.55,SALE,2024-07-16T13:06:54,S05,20240716
S05/20240716/00022,4,P107925,1,1023.82,SALE,2024-07-16T13:06:54,S05,20240716
S05/20240716/00022,5,P104168,5,512.27,SALE,2024-07-16T13:06:54,S05,20240716
S05/20240716/00022,6,P101626,2,1040.69,SALE,2024-07-16T13:06:54,S05,20240716
S05/20240716/00022,7,TAX,1,479.30,TAX,2024-07-16T13:06:54,S05,20240716
S05/20240716/00022,8,TENDER,1,7383.95,TENDER,2024-07-16T13:06:54,S05,20240716
S05/20240716/00023,1,P108097,4,83.76,SALE,2024-07-16T10:54:24,S05,20240716
S05/20240716/00023,2,P100164,1,593.34,SALE,2024-07-16T10:54:24,S05,20240716
S05/20240716/00023,3,P106629,4,52.08,SALE,2024-07-16T10:54:24,S05,20240716
S05/20240716/00023,4,P100019,3,64.89,SALE,2024-07-16T10:54:24,S05,20240716
S05/20240716/00023,5,P101332,2,400.98,SALE,2024-07-16T10:54:24,S05,20240716
S05/20240716/00023,6,P102021,2,90.22,SALE,2024-07-16T10:54:24,S05,20240716
S05/20240716/00023,7,P106592,1,738.06,SALE,2024-07-16T10:54:24,S05,20240716
S05/20240716/00023,8,TAX,1,422.45,TAX,2024-07-16T10:54:24,S05,20240716
S05/20240716/00023,9,TENDER,1,3474.28,TENDER,2024-07-16T10:54:24,S05,20240716
S05/20240716/00024,1,P102296,2,43.24,SALE,2024-07-16T13:05:11,S05,20240716
S05/20240716/00024,2,P104320,3,159.74,SALE,2024-07-16T13:05:11,S05,20240716
S05/20240716/00024,3,TAX,1,15.57,TAX,2024-07-16T13:05:11,S05,20240716
S05/20240716/00024,4,TENDER,1,581.27,TENDER,2024-07-16T13:05:11,S05,20240716
S05/20240716/00025,1,P107807,3,118.66,SALE,2024-07-16T15:27:11,S05,20240716
S05/20240716/00025,2,P105890,2,1196.88,SALE,2024-07-16T15:27:11,S05,20240716
S05/20240716/00025,3,P104811,1,113.95,SALE,2024-07-16T15:27:11,S05,20240716
S05/20240716/00025,4,P102933,2,614.03,SALE,2024-07-16T15:27:11,S05,20240716
S05/20240716/00025,5,P104986,3,204.89,SALE,2024-07-16T15:27:11,S05,20240716
S05/20240716/00025,6,P100140,3,62.18,SALE,2024-07-16T15:27:11,S05,20240716
S05/20240716/00025,7,P101874,2,19.95,SALE,2024-07-16T15:27:11,S05,20240716
S05/20240716/00025,8,P102972,1,250.10,SALE,2024-07-16T15:27:11,S05,20240716
S05/20240716/00025,9,DISC,1,-569.08,DISCOUNT,2024-07-16T15:27:11,S05,20240716
S05/20240716/00025,10,TAX,1,426.94,TAX,2024-07-16T15:27:11,S05,20240716
S05/20240716/00025,11,TENDER,1,5040.82,TENDER,2024-07-16T15:27:11,S05,20240716
S05/20240717/00001,1,P107362,2,62.10,SALE,2024-07-17T18:28:10,S05,20240717
S05/20240717/00001,2,P108206,3,82.25,SALE,2024-07-17T18:28:10,S05,20240717
S05/20240717/00001,3,P102485,1,202.08,SALE,2024-07-17T18:28:10,S05,20240717
S05/20240717/00001,4,P101263,3,604.45,SALE,2024-07-17T18:28:10,S05,20240717
S05/20240717/00001,5,P104302,2,1255.97,SALE,2024-07-17T18:28:10,S05,20240717
S05/20240717/00001,6,P107373,5,96.95,SALE,2024-07-17T18:28:10,S05,20240717
S05/20240717/00001,7,TAX,1,660.30,TAX,2024-07-17T18:28:10,S05,20240717
S05/20240717/00001,8,TENDER,1,6043.37,TENDER,2024-07-17T18:28:10,S05,20240717
S05/20240717/00002,1,P100156,4,1576.32,SALE,2024-07-17T21:05:39,S05,20240717
S05/20240717/00002,2,P100140,2,62.18,SALE,2024-07-17T21:05:39,S05,20240717
S05/20240717/00002,3,P100959,3,280.97,SALE,2024-07-17T21:05:39,S05,20240717
S05/20240717/00002,4,P106158,4,564.54,SALE,2024-07-17T21:05:39,S05,20240717
S05/20240717/00002,5,P104168,2,512.27,SALE,2024-07-17T21:05:39,S05,20240717
S05/20240717/00002,6,TAX,1,338.24,TAX,2024-07-17T21:05:39,S05,20240717
S05/20240717/00002,7,TENDER,1,10893.49,TENDER,2024-07-17T21:05:39,S05,20240717
S05/20240717/00003,1,P105009,2,65.38,SALE,2024-07-17T14:45:16,S05,20240717
S05/20240717/00003,2,P100604,3,154.60,SALE,2024-07-17T14:45:16,S05,20240717
S05/20240717/00003,3,P101813,2,260.89,SALE,2024-07-17T14:45:16,S05,20240717
S05/20240717/00003,4,TAX,1,23.54,TAX,2024-07-17T14:45:16,S05,20240717
S05/20240717/00003,5,TENDER,1,1139.88,TENDER,2024-07-17T14:45:16,S05,20240717
S05/20240717/00004,1,P103496,2,70.71,SALE,2024-07-17T16:51:29,S05,20240717
S05/20240717/00004,2,P100019,1,64.89,SALE,2024-07-17T16:51:29,S05,20240717
S05/20240717/00004,3,P102060,3,165.83,SALE,2024-07-17T16:51:29,S05,20240717
S05/20240717/00004,4,P102409,2,326.59,SALE,2024-07-17T16:51:29,S05,20240717
S05/20240717/00004,5,P104058,2,351.54,SALE,2024-07-17T16:51:29,S05,20240717
S05/20240717/00004,6,P100621,1,134.28,SALE,2024-07-17T16:51:29,S05,20240717
S05/20240717/00004,7,P100178,2,480.34,SALE,2024-07-17T16:51:29,S05,20240717
S05/20240717/00004,8,P108159,3,488.81,SALE,2024-07-17T16:51:29,S05,20240717
S05/20240717/00004,9,TAX,1,478.36,TAX,2024-07-17T16:51:29,S05,20240717
S05/20240717/00004,10,TENDER,1,5099.81,TENDER,2024-07-17T16:51:29,S05,20240717
S05/20240717/00005,1,P102569,1,116.37,SALE,2024-07-17T16:16:14,S05,20240717
S05/20240717/00005,2,P107182,1,109.95,SALE,2024-07-17T16:16:14,S05,20240717
S05/20240717/00005,3,P107799,1,751.07,SALE,2024-07-17T16:16:14,S05,20240717
S05/20240717/00005,4,P103249,4,521.24,SALE,2024-07-17T16:16:14,S05,20240717
S05/20240717/00005,5,P107053,1,524.95,SALE,2024-07-17T16:16:14,S05,20240717
S05/20240717/00005,6,P105313,2,51.83,SALE,2024-07-17T16:16:14,S05,20240717
S05/20240717/00005,7,TAX,1,201.80,TAX,2024-07-17T16:16:14,S05,20240717
S05/20240717/00005,8,TENDER,1,3892.76,TENDER,2024-07-17T16:16:14,S05,20240717
S05/20240717/00006,1,P100784,2,319.36,SALE,2024-07-17T12:17:51,S05,20240717
S05/20240717/00006,2,P100767,1,269.95,SALE,2024-07-17T12:17:51,S05,20240717
S05/20240717/00006,3,P100682,1,325.28,SALE,2024-07-17T12:17:51,S05,20240717
S05/20240717/00006,4,TAX,1,148.07,TAX,2024-07-17T12:17:51,S05,20240717
S05/20240717/00006,5,TENDER,1,1382.02,TENDER,2024-07-17T12:17:51,S05,20240717
S05/20240717/00007,1,P104747,2,342.93,SALE,2024-07-17T13:51:29,S05,20240717
S05/20240717/00007,2,P108379,1,281.04,SALE,2024-07-17T13:51:29,S05,20240717
S05/20240717/00007,3,P101258,3,200.10,SALE,2024-07-17T13:51:29,S05,20240717
S05/20240717/00007,4,TAX,1,224.08,TAX,2024-07-17T13:51:29,S05,20240717
S05/20240717/00007,5,TENDER,1,1791.28,TENDER,2024-07-17T13:51:29,S05,20240717
S05/20240717/00008,1,P106200,2,117.95,SALE,2024-07-17T23:26:24,S05,20240717
S05/20240717/00008,2,P103999,2,118.59,SALE,2024-07-17T23:26:24,S05,20240717
S05/20240717/00008,3,P106048,1,310.59,SALE,2024-07-17T23:26:24,S05,20240717
S05/20240717/00008,4,P103927,1,206.11,SALE,2024-07-17T23:26:24,S05,20240717
S05/20240717/00008,5,P105827,3,98.42,SALE,2024-07-17T23:26:24,S05,20240717
S05/20240717/00008,6,P100693,4,111.45,SALE,2024-07-17T23:26:24,S05,20240717
S05/20240717/00008,7,P103299,3,220.95,SALE,2024-07-17T23:26:24,S05,20240717
S05/20240717/00008,8,P106454,2,118.78,SALE,2024-07-17T23:26:24,S05,20240717
S05/20240717/00008,9,TAX,1,313.94,TAX,2024-07-17T23:26:24,S05,20240717
S05/20240717/00008,10,TENDER,1,2945.19,TENDER,2024-07-17T23:26:24,S05,20240717
S05/20240717/00009,1,P100367,4,537.90,SALE,2024-07-17T16:25:05,S05,20240717
S05/20240717/00009,2,P101968,1,10.08,SALE,2024-07-17T16:25:05,S05,20240717
S05/20240717/00009,3,P102000,1,82.98,SALE,2024-07-17T16:25:05,S05,20240717
S05/20240717/00009,4,P104725,5,536.92,SALE,2024-07-17T16:25:05,S05,20240717
S05/20240717/00009,5,P105050,2,111.79,SALE,2024-07-17T16:25:05,S05,20240717
S05/20240717/00009,6,TAX,1,898.45,TAX,2024-07-17T16:25:05,S05,20240717
S05/20240717/00009,7,TENDER,1,6051.29,TENDER,2024-07-17T16:25:05,S05,20240717
S05/20240717/00010,1,P101037,3,613.83,SALE,2024-07-17T07:44:19,S05,20240717
S05/20240717/00010,2,P103946,3,328.70,SALE,2024-07-17T07:44:19,S05,20240717
S05/20240717/00010,3,P103096,3,277.95,SALE,2024-07-17T07:44:19,S05,20240717
S05/20240717/00010,4,P106044,4,40.72,SALE,2024-07-17T07:44:19,S05,20240717
S05/20240717/00010,5,P101810,2,793.98,SALE,2024-07-17T07:44:19,S05,20240717
S05/20240717/00010,6,P104048,2,193.57,SALE,2024-07-17T07:44:19,S05,20240717
S05/20240717/00010,7,P105176,3,509.66,SALE,2024-07-17T07:44:19,S05,20240717
S05/20240717/00010,8,P103035,1,1201.33,SALE,2024-07-17T07:44:19,S05,20240717
S05/20240717/00010,9,TAX,1,1083.17,TAX,2024-07-17T07:44:19,S05,20240717
S05/20240717/00010,10,TENDER,1,9612.90,TENDER,2024-07-17T07:44:19,S05,20240717
S05/20240717/00011,1,P106270,1,308.83,SALE,2024-07-17T10:21:23,S05,20240717
S05/20240717/00011,2,P102933,2,614.03,SALE,2024-07-17T10:21:23,S05,20240717
S05/20240717/00011,3,P105100,1,270.01,SALE,2024-07-17T10:21:23,S05,20240717
S05/20240717/00011,4,TAX,1,195.97,TAX,2024-07-17T10:21:23,S05,20240717
S05/20240717/00011,5,TENDER,1,2002.87,TENDER,2024-07-17T10:21:23,S05,20240717
S05/20240717/00012,1,P106793,3,298.28,SALE,2024-07-17T19:46:07,S05,20240717
S05/20240717/00012,2,P104187,1,86.95,SALE,2024-07-17T19:46:07,S05,20240717
S05/20240717/00012,3,P100172,1,196.62,SALE,2024-07-17T19:46:07,S05,20240717
S05/20240717/00012,4,P104048,3,193.57,SALE,2024-07-17T19:46:07,S05,20240717
S05/20240717/00012,5,P106830,2,103.94,SALE,2024-07-17T19:46:07,S05,20240717
S05/20240717/00012,6,TAX,1,166.02,TAX,2024-07-17T19:46:07,S05,20240717
S05/20240717/00012,7,TENDER,1,2133.02,TENDER,2024-07-17T19:46:07,S05,20240717
S05/20240717/00013,1,P103397,3,371.02,SALE,2024-07-17T14:35:21,S05,20240717
S05/20240717/00013,2,P106669,2,102.72,SALE,2024-07-17T14:35:21,S05,20240717
S05/20240717/00013,3,P100033,1,828.62,SALE,2024-07-17T14:35:21,S05,20240717
S05/20240717/00013,4,P107933,3,1146.02,SALE,2024-07-17T14:35:21,S05,20240717
S05/20240717/00013,5,TAX,1,464.27,TAX,2024-07-17T14:35:21,S05,20240717
S05/20240717/00013,6,TENDER,1,6049.45,TENDER,2024-07-17T14:35:21,S05,20240717
S05/20240717/00014,1,P102718,2,333.45,SALE,2024-07-17T17:07:25,S05,20240717
S05/20240717/00014,2,P104270,5,1036.53,SALE,2024-07-17T17:07:25,S05,20240717
S05/20240717/00014,3,P108335,4,165.51,SALE,2024-07-17T17:07:25,S05,20240717
S05/20240717/00014,4,P104558,2,429.56,SALE,2024-07-17T17:07:25,S05,20240717
S05/20240717/00014,5,P105713,4,327.34,SALE,2024-07-17T17:07:25,S05,20240717
S05/20240717/00014,6,P106639,1,415.94,SALE,2024-07-17T17:07:25,S05,20240717
S05/20240717/00014,7,P105868,4,68.91,SALE,2024-07-17T17:07:25,S05,20240717
S05/20240717/00014,8,P103068,3,151.27,SALE,2024-07-17T17:07:25,S05,20240717
S05/20240717/00014,9,P101339,3,222.95,SALE,2024-07-17T17:07:25,S05,20240717
S05/20240717/00014,10,TAX,1,667.56,TAX,2024-07-17T17:07:25,S05,20240717
S05/20240717/00014,11,TENDER,1,11161.87,TENDER,2024-07-17T17:07:25,S05,20240717
S05/20240717/00015,1,P103600,1,100.64,SALE,2024-07-17T14:33:26,S05,20240717
S05/20240717/00015,2,P107549,1,47.87,SALE,2024-07-17T14:33:26,S05,20240717
S05/20240717/00015,3,TAX,1,13.65,TAX,2024-07-17T14:33:26,S05,20240717
S05/20240717/00015,4,TENDER,1,162.16,TENDER,2024-07-17T14:33:26,S05,20240717
S05/20240717/00016,1,P106907,6,321.26,SALE,2024-07-17T14:13:34,S05,20240717
S05/20240717/00016,2,P106478,2,61.73,SALE,2024-07-17T14:13:34,S05,20240717
S05/20240717/00016,3,P101638,1,373.95,SALE,2024-07-17T14:13:34,S05,20240717
S05/20240717/00016,4,P106207,1,459.95,SALE,2024-07-17T14:13:34,S05,20240717
S05/20240717/00016,5,P101048,3,208.35,SALE,2024-07-17T14:13:34,S05,20240717
S05/20240717/00016,6,P102404,3,371.40,SALE,2024-07-17T14:13:34,S05,20240717
S05/20240717/00016,7,P100362,2,270.89,SALE,2024-07-17T14:13:34,S05,20240717
S05/20240717/00016,8,TAX,1,165.09,TAX,2024-07-17T14:13:34,S05,20240717
S05/20240717/00016,9,TENDER,1,5331.04,TENDER,2024-07-17T14:13:34,S05,20240717
S05/20240717/00017,1,P107807,2,118.66,SALE,2024-07-17T18:12:03,S05,20240717
S05/20240717/00017,2,P104328,3,66.17,SALE,2024-07-17T18:12:03,S05,20240717
S05/20240717/00017,3,P101127,4,45.95,SALE,2024-07-17T18:12:03,S05,20240717
S05/20240717/00017,4,P108300,2,285.19,SALE,2024-07-17T18:12:03,S05,20240717
S05/20240717/00017,5,TAX,1,124.46,TAX,2024-07-17T18:12:03,S05,20240717
S05/20240717/00017,6,TENDER,1,1314.47,TENDER,2024-07-17T18:12:03,S05,20240717
S05/20240718/00001,1,P106751,2,132.55,SALE,2024-07-18T18:35:14,S05,20240718
S05/20240718/00001,2,P107217,1,279.38,SALE,2024-07-18T18:35:14,S05,20240718
S05/20240718/00001,3,P100348,2,478.95,SALE,2024-07-18T18:35:14,S05,20240718
S05/20240718/00001,4,TAX,1,94.68,TAX,2024-07-18T18:35:14,S05,20240718
S05/20240718/00001,5,TENDER,1,1597.06,TENDER,2024-07-18T18:35:14,S05,20240718
S05/20240718/00002,1,P108300,2,285.19,SALE,2024-07-18T15:38:39,S05,20240718
S05/20240718/00002,2,P105100,1,270.01,SALE,2024-07-18T15:38:39,S05,20240718
S05/20240718/00002,3,P100221,3,140.95,SALE,2024-07-18T15:38:39,S05,20240718
S05/20240718/00002,4,P102452,1,176.54,SALE,2024-07-18T15:38:39,S05,20240718
S05/20240718/00002,5,TAX,1,210.84,TAX,2024-07-18T15:38:39,S05,20240718
S05/20240718/00002,6,TENDER,1,1650.62,TENDER,2024-07-18T15:38:39,S05,20240718
S05/20240718/00003,1,P103704,-3,164.95,RETURN,2024-07-18T20:17:33,S05,20240718
S05/20240718/00003,2,P103620,-2,474.03,RETURN,2024-07-18T20:17:33,S05,20240718
S05/20240718/00003,3,P106669,-1,102.72,RETURN,2024-07-18T20:17:33,S05,20240718
S05/20240718/00003,4,P108258,-2,54.62,RETURN,2024-07-18T20:17:33,S05,20240718
S05/20240718/00003,5,P101208,-1,576.58,RETURN,2024-07-18T20:17:33,S05,20240718
S05/20240718/00003,6,P103054,-3,113.30,RETURN,2024-07-18T20:17:33,S05,20240718
S05/20240718/00003,7,P100595,-1,357.56,RETURN,2024-07-18T20:17:33,S05,20240718
S05/20240718/00003,8,TAX,1,-156.78,TAX,2024-07-18T20:17:33,S05,20240718
S05/20240718/00003,9,TENDER,1,-3085.69,TENDER,2024-07-18T20:17:33,S05,20240718
S05/20240718/00004,1,P101543,1,178.10,SALE,2024-07-18T18:23:39,S05,20240718
S05/20240718/00004,2,P107078,1,111.95,SALE,2024-07-18T18:23:39,S05,20240718
S05/20240718/00004,3,P103719,1,957.52,SALE,2024-07-18T18:23:39,S05,20240718
S05/20240718/00004,4,P100095,3,92.95,SALE,2024-07-18T18:23:39,S05,20240718
S05/20240718/00004,5,TAX,1,160.90,TAX,2024-07-18T18:23:39,S05,20240718
S05/20240718/00004,6,TENDER,1,1687.32,TENDER,2024-07-18T18:23:39,S05,20240718
S05/20240718/00005,1,P101048,2,208.35,SALE,2024-07-18T17:23:32,S05,20240718
S05/20240718/00005,2,TAX,1,20.84,TAX,2024-07-18T17:23:32,S05,20240718
S05/20240718/00005,3,TENDER,1,437.54,TENDER,2024-07-18T17:23:32,S05,20240718
S05/20240718/00006,1,P107126,1,75.95,SALE,2024-07-18T14:48:35,S05,20240718
S05/20240718/00006,2,P108227,2,551.58,SALE,2024-07-18T14:48:35,S05,20240718
S05/20240718/00006,3,P100463,2,281.78,SALE,2024-07-18T14:48:35,S05,20240718
S05/20240718/00006,4,P100375,3,163.45,SALE,2024-07-18T14:48:35,S05,20240718
S05/20240718/00006,5,P105609,3,817.71,SALE,2024-07-18T14:48:35,S05,20240718
S05/20240718/00006,6,TAX,1,101.26,TAX,2024-07-18T14:48:35,S05,20240718
S05/20240718/00006,7,TENDER,1,4787.41,TENDER,2024-07-18T14:48:35,S05,20240718
S05/20240718/00007,1,P105236,1,552.60,SALE,2024-07-18T15:13:32,S05,20240718
S05/20240718/00007,2,P104462,2,86.38,SALE,2024-07-18T15:13:32,S05,20240718
S05/20240718/00007,3,P106830,2,103.94,SALE,2024-07-18T15:13:32,S05,20240718
S05/20240718/00007,4,P100362,2,270.89,SALE,2024-07-18T15:13:32,S05,20240718
S05/20240718/00007,5,DISC,1,-168.56,DISCOUNT,2024-07-18T15:13:32,S05,20240718
S05/20240718/00007,6,TAX,1,99.53,TAX,2024-07-18T15:13:32,S05,20240718
S05/20240718/00007,7,TENDER,1,1405.99,TENDER,2024-07-18T15:13:32,S05,20240718
S05/20240718/00008,1,P105017,2,212.97,SALE,2024-07-18T16:03:22,S05,20240718
S05/20240718/00008,2,P102761,2,170.84,SALE,2024-07-18T16:03:22,S05,20240718
S05/20240718/00008,3,P105050,2,111.79,SALE,2024-07-18T16:03:22,S05,20240718
S05/20240718/00008,4,TAX,1,87.85,TAX,2024-07-18T16:03:22,S05,20240718
S05/20240718/00008,5,TENDER,1,1079.05,TENDER,2024-07-18T16:03:22,S05,20240718
S05/20240718/00009,1,P104883,2,342.92,SALE,2024-07-18T13:09:24,S05,20240718
S05/20240718/00009,2,P106611,1,341.44,SALE,2024-07-18T13:09:24,S05,20240718
S05/20240718/00009,3,TAX,1,75.26,TAX,2024-07-18T13:09:24,S05,20240718
S05/20240718/00009,4,TENDER,1,1102.54,TENDER,2024-07-18T13:09:24,S05,20240718
S05/20240718/00010,1,P107026,2,65.23,SALE,2024-07-18T12:31:18,S05,20240718
S05/20240718/00010,2,P104617,1,107.09,SALE,2024-07-18T12:31:18,S05,20240718
S05/20240718/00010,3,P101101,1,74.25,SALE,2024-07-18T12:31:18,S05,20240718
S05/20240718/00010,4,P106234,2,78.81,SALE,2024-07-18T12:31:18,S05,20240718
S05/20240718/00010,5,DISC,1,-49.86,DISCOUNT,2024-07-18T12:31:18,S05,20240718
S05/20240718/00010,6,TAX,1,63.09,TAX,2024-07-18T12:31:18,S05,20240718
S05/20240718/00010,7,TENDER,1,482.65,TENDER,2024-07-18T12:31:18,S05,20240718
S05/20240718/00011,1,P102954,2,122.32,SALE,2024-07-18T18:58:59,S05,20240718
S05/20240718/00011,2,P100403,4,71.73,SALE,2024-07-18T18:58:59,S05,20240718
S05/20240718/00011,3,P107777,4,222.77,SALE,2024-07-18T18:58:59,S05,20240718
S05/20240718/00011,4,P102868,2,471.29,SALE,2024-07-18T18:58:59,S05,20240718
S05/20240718/00011,5,P104872,1,132.95,SALE,2024-07-18T18:58:59,S05,20240718
S05/20240718/00011,6,P107654,2,363.70,SALE,2024-07-18T18:58:59,S05,20240718
S05/20240718/00011,7,P104909,1,363.10,SALE,2024-07-18T18:58:59,S05,20240718
S05/20240718/00011,8,P101034,1,85.95,SALE,2024-07-18T18:58:59,S05,20240718
S05/20240718/00011,9,TAX,1,347.01,TAX,2024-07-18T18:58:59,S05,20240718
S05/20240718/00011,10,TENDER,1,4021.63,TENDER,2024-07-18T18:58:59,S05,20240718
S05/20240718/00012,1,P107208,1,323.06,SALE,2024-07-18T14:23:24,S05,20240718
S05/20240718/00012,2,P101465,1,550.58,SALE,2024-07-18T14:23:24,S05,20240718
S05/20240718/00012,3,P106367,5,650.25,SALE,2024-07-18T14:23:24,S05,20240718
S05/20240718/00012,4,P107843,2,486.47,SALE,2024-07-18T14:23:24,S05,20240718
S05/20240718/00012,5,TAX,1,452.95,TAX,2024-07-18T14:23:24,S05,20240718
S05/20240718/00012,6,TENDER,1,5550.78,TENDER,2024-07-18T14:23:24,S05,20240718
S05/20240718/00013,1,P100665,3,281.09,SALE,2024-07-18T14:27:34,S05,20240718
S05/20240718/00013,2,P107449,1,1495.62,SALE,2024-07-18T14:27:34,S05,20240718
S05/20240718/00013,3,P105139,1,100.45,SALE,2024-07-18T14:27:34,S05,20240718
S05/20240718/00013,4,P101037,2,613.83,SALE,2024-07-18T14:27:34,S05,20240718
S05/20240718/00013,5,P101702,1,491.39,SALE,2024-07-18T14:27:34,S05,20240718
S05/20240718/00013,6,P103792,2,26.45,SALE,2024-07-18T14:27:34,S05,20240718
S05/20240718/00013,7,P108313,6,372.95,SALE,2024-07-18T14:27:34,S05,20240718
S05/20240718/00013,8,TAX,1,873.32,TAX,2024-07-18T14:27:34,S05,20240718
S05/20240718/00013,9,TENDER,1,7322.31,TENDER,2024-07-18T14:27:34,S05,20240718
S05/20240718/00014,1,P107381,2,195.99,SALE,2024-07-18T13:44:29,S05,20240718
S05/20240718/00014,2,P102581,1,189.36,SALE,2024-07-18T13:44:29,S05,20240718
S05/20240718/00014,3,P105845,3,104.71,SALE,2024-07-18T13:44:29,S05,20240718
S05/20240718/00014,4,P100276,2,965.56,SALE,2024-07-18T13:44:29,S05,20240718
S05/20240718/00014,5,P104079,2,75.55,SALE,2024-07-18T13:44:29,S05,20240718
S05/20240718/00014,6,TAX,1,209.61,TAX,2024-07-18T13:44:29,S05,20240718
S05/20240718/00014,7,TENDER,1,3187.30,TENDER,2024-07-18T13:44:29,S05,20240718
S05/20240718/00015,1,P100183,2,1426.11,SALE,2024-07-18T16:24:38,S05,20240718
S05/20240718/00015,2,P100549,1,301.95,SALE,2024-07-18T16:24:38,S05,20240718
S05/20240718/00015,3,P100560,2,176.85,SALE,2024-07-18T16:24:38,S05,20240718
S05/20240718/00015,4,P108300,2,285.19,SALE,2024-07-18T16:24:38,S05,20240718
S05/20240718/00015,5,P100406,3,435.20,SALE,2024-07-18T16:24:38,S05,20240718
S05/20240718/00015,6,TAX,1,588.89,TAX,2024-07-18T16:24:38,S05,20240718
S05/20240718/00015,7,TENDER,1,5972.74,TENDER,2024-07-18T16:24:38,S05,20240718
S05/20240718/00016,1,P104042,1,346.95,SALE,2024-07-18T11:43:07,S05,20240718
S05/20240718/00016,2,P107837,1,94.99,SALE,2024-07-18T11:43:07,S05,20240718
S05/20240718/00016,3,TAX,1,58.73,TAX,2024-07-18T11:43:07,S05,20240718
S05/20240718/00016,4,TENDER,1,500.67,TENDER,2024-07-18T11:43:07,S05,20240718
S05/20240719/00001,1,P103922,2,51.00,SALE,2024-07-19T12:26:22,S05,20240719
S05/20240719/00001,2,P103654,4,481.76,SALE,2024-07-19T12:26:22,S05,20240719
S05/20240719/00001,3,P106934,1,1554.16,SALE,2024-07-19T12:26:22,S05,20240719
S05/20240719/00001,4,P100536,3,471.52,SALE,2024-07-19T12:26:22,S05,20240719
S05/20240719/00001,5,TAX,1,369.33,TAX,2024-07-19T12:26:22,S05,20240719
S05/20240719/00001,6,TENDER,1,5367.09,TENDER,2024-07-19T12:26:22,S05,20240719
S05/20240719/00002,1,P106802,1,689.06,SALE,2024-07-19T16:30:03,S05,20240719
S05/20240719/00002,2,P106534,4,96.00,SALE,2024-07-19T16:30:03,S05,20240719
S05/20240719/00002,3,P108361,2,68.42,SALE,2024-07-19T16:30:03,S05,20240719
S05/20240719/00002,4,P107859,4,127.92,SALE,2024-07-19T16:30:03,S05,20240719
S05/20240719/00002,5,TAX,1,129.16,TAX,2024-07-19T16:30:03,S05,20240719
S05/20240719/00002,6,TENDER,1,1850.74,TENDER,2024-07-19T16:30:03,S05,20240719
S05/20240719/00003,1,P108282,2,432.16,SALE,2024-07-19T15:43:52,S05,20240719
S05/20240719/00003,2,P100418,4,204.95,SALE,2024-07-19T15:43:52,S05,20240719
S05/20240719/00003,3,P103222,6,357.87,SALE,2024-07-19T15:43:52,S05,20240719
S05/20240719/00003,4,P105965,3,66.08,SALE,2024-07-19T15:43:52,S05,20240719
S05/20240719/00003,5,P105707,2,130.64,SALE,2024-07-19T15:43:52,S05,20240719
S05/20240719/00003,6,TAX,1,342.15,TAX,2024-07-19T15:43:52,S05,20240719
S05/20240719/00003,7,TENDER,1,4633.01,TENDER,2024-07-19T15:43:52,S05,20240719
S05/20240719/00004,1,P103732,2,94.74,SALE,2024-07-19T18:39:00,S05,20240719
S05/20240719/00004,2,P104058,2,351.54,SALE,2024-07-19T18:39:00,S05,20240719
S05/20240719/00004,3,P102112,1,389.72,SALE,2024-07-19T18:39:00,S05,20240719
S05/20240719/00004,4,TAX,1,182.79,TAX,2024-07-19T18:39:00,S05,20240719
S05/20240719/00004,5,TENDER,1,1465.07,TENDER,2024-07-19T18:39:00,S05,20240719
S05/20240719/00005,1,P107463,3,188.92,SALE,2024-07-19T19:31:22,S05,20240719
S05/20240719/00005,2,P103283,1,166.64,SALE,2024-07-19T19:31:22,S05,20240719
S05/20240719/00005,3,P100744,1,61.87,SALE,2024-07-19T19:31:22,S05,20240719
S05/20240719/00005,4,P101359,3,51.47,SALE,2024-07-19T19:31:22,S05,20240719
S05/20240719/00005,5,TAX,1,141.24,TAX,2024-07-19T19:31:22,S05,20240719
S05/20240719/00005,6,TENDER,1,1090.92,TENDER,2024-07-19T19:31:22,S05,20240719
S05/20240719/00006,1,P102922,2,120.15,SALE,2024-07-19T16:43:33,S05,20240719
S05/20240719/00006,2,P101507,2,635.95,SALE,2024-07-19T16:43:33,S05,20240719
S05/20240719/00006,3,P101444,2,834.95,SALE,2024-07-19T16:43:33,S05,20240719
S05/20240719/00006,4,P105733,2,151.69,SALE,2024-07-19T16:43:33,S05,20240719
S05/20240719/00006,5,TAX,1,244.95,TAX,2024-07-19T16:43:33,S05,20240719
S05/20240719/00006,6,TENDER,1,3730.43,TENDER,2024-07-19T16:43:33,S05,20240719
S05/20240719/00007,1,P106907,2,321.26,SALE,2024-07-19T17:16:46,S05,20240719
S05/20240719/00007,2,P100560,4,176.85,SALE,2024-07-19T17:16:46,S05,20240719
S05/20240719/00007,3,P103794,4,729.86,SALE,2024-07-19T17:16:46,S05,20240719
S05/20240719/00007,4,P106745,2,564.66,SALE,2024-07-19T17:16:46,S05,20240719
S05/20240719/00007,5,TAX,1,434.14,TAX,2024-07-19T17:16:46,S05,20240719
S05/20240719/00007,6,TENDER,1,5832.82,TENDER,2024-07-19T17:16:46,S05,20240719
S05/20240719/00008,1,P106975,3,143.78,SALE,2024-07-19T15:45:47,S05,20240719
S05/20240719/00008,2,P100652,2,45.46,SALE,2024-07-19T15:45:47,S05,20240719
S05/20240719/00008,3,P100717,3,505.95,SALE,2024-07-19T15:45:47,S05,20240719
S05/20240719/00008,4,P105971,1,1150.46,SALE,2024-07-19T15:45:47,S05,20240719
S05/20240719/00008,5,P103074,3,52.85,SALE,2024-07-19T15:45:47,S05,20240719
S05/20240719/00008,6,TAX,1,453.28,TAX,2024-07-19T15:45:47,S05,20240719
S05/20240719/00008,7,TENDER,1,3802.40,TENDER,2024-07-19T15:45:47,S05,20240719
S05/20240719/00009,1,P104517,2,1474.90,SALE,2024-07-19T11:02:45,S05,20240719
S05/20240719/00009,2,P101004,1,324.97,SALE,2024-07-19T11:02:45,S05,20240719
S05/20240719/00009,3,P104351,2,1128.29,SALE,2024-07-19T11:02:45,S05,20240719
S05/20240719/00009,4,P107472,1,60.81,SALE,2024-07-19T11:02:45,S05,20240719
S05/20240719/00009,5,P103473,3,424.75,SALE,2024-07-19T11:02:45,S05,20240719
S05/20240719/00009,6,TAX,1,285.03,TAX,2024-07-19T11:02:45,S05,20240719
S05/20240719/00009,7,TENDER,1,7151.44,TENDER,2024-07-19T11:02:45,S05,20240719
S05/20240719/00010,1,P106115,4,128.36,SALE,2024-07-19T19:13:52,S05,20240719
S05/20240719/00010,2,P102021,2,90.22,SALE,2024-07-19T19:13:52,S05,20240719
S05/20240719/00010,3,P105740,2,103.24,SALE,2024-07-19T19:13:52,S05,20240719
S05/20240719/00010,4,DISC,1,-40.65,DISCOUNT,2024-07-19T19:13:52,S05,20240719
S05/20240719/00010,5,TAX,1,144.41,TAX,2024-07-19T19:13:52,S05,20240719
S05/20240719/00010,6,TENDER,1,1004.12,TENDER,2024-07-19T19:13:52,S05,20240719
S05/20240719/00011,1,P101674,3,373.95,SALE,2024-07-19T18:39:35,S05,20240719
S05/20240719/00011,2,P102324,3,194.59,SALE,2024-07-19T18:39:35,S05,20240719
S05/20240719/00011,3,P105057,1,272.66,SALE,2024-07-19T18:39:35,S05,20240719
S05/20240719/00011,4,P103281,1,163.32,SALE,2024-07-19T18:39:35,S05,20240719
S05/20240719/00011,5,P106563,1,426.95,SALE,2024-07-19T18:39:35,S05,20240719
S05/20240719/00011,6,TAX,1,360.83,TAX,2024-07-19T18:39:35,S05,20240719
S05/20240719/00011,7,TENDER,1,2929.38,TENDER,2024-07-19T18:39:35,S05,20240719
S05/20240719/00012,1,P100287,1,218.95,SALE,2024-07-19T15:28:22,S05,20240719
S05/20240719/00012,2,P107516,3,598.37,SALE,2024-07-19T15:28:22,S05,20240719
S05/20240719/00012,3,P105695,3,158.81,SALE,2024-07-19T15:28:22,S05,20240719
S05/20240719/00012,4,P100394,1,320.36,SALE,2024-07-19T15:28:22,S05,20240719
S05/20240719/00012,5,P100959,1,280.97,SALE,2024-07-19T15:28:22,S05,20240719
S05/20240719/00012,6,P100627,1,415.95,SALE,2024-07-19T15:28:22,S05,20240719
S05/20240719/00012,7,TAX,1,483.03,TAX,2024-07-19T15:28:22,S05,20240719
S05/20240719/00012,8,TENDER,1,3990.80,TENDER,2024-07-19T15:28:22,S05,20240719
S05/20240719/00013,1,P103591,1,108.86,SALE,2024-07-19T12:55:19,S05,20240719
S05/20240719/00013,2,P107294,2,83.95,SALE,2024-07-19T12:55:19,S05,20240719
S05/20240719/00013,3,P104831,3,1516.75,SALE,2024-07-19T12:55:19,S05,20240719
S05/20240719/00013,4,P100652,1,45.46,SALE,2024-07-19T12:55:19,S05,20240719
S05/20240719/00013,5,P105575,4,475.41,SALE,2024-07-19T12:55:19,S05,20240719
S05/20240719/00013,6,TAX,1,677.28,TAX,2024-07-19T12:55:19,S05,20240719
S05/20240719/00013,7,TENDER,1,7451.39,TENDER,2024-07-19T12:55:19,S05,20240719
S05/20240719/00014,1,P107327,2,1146.95,SALE,2024-07-19T15:39:48,S05,20240719
S05/20240719/00014,2,P105112,2,179.95,SALE,2024-07-19T15:39:48,S05,20240719
S05/20240719/00014,3,P108313,3,372.95,SALE,2024-07-19T15:39:48,S05,20240719
S05/20240719/00014,4,P104975,1,496.12,SALE,2024-07-19T15:39:48,S05,20240719
S05/20240719/00014,5,P103727,1,116.88,SALE,2024-07-19T15:39:48,S05,20240719
S05/20240719/00014,6,P102006,2,1553.68,SALE,2024-07-19T15:39:48,S05,20240719
S05/20240719/00014,7,P101470,3,190.82,SALE,2024-07-19T15:39:48,S05,20240719
S05/20240719/00014,8,TAX,1,166.28,TAX,2024-07-19T15:39:48,S05,20240719
S05/20240719/00014,9,TENDER,1,8231.75,TENDER,2024-07-19T15:39:48,S05,20240719
S05/20240719/00015,1,P105490,2,154.49,SALE,2024-07-19T08:21:29,S05,20240719
S05/20240719/00015,2,P104784,2,370.89,SALE,2024-07-19T08:21:29,S05,20240719
S05/20240719/00015,3,P100354,2,182.63,SALE,2024-07-19T08:21:29,S05,20240719
S05/20240719/00015,4,P101949,2,857.51,SALE,2024-07-19T08:21:29,S05,20240719
S05/20240719/00015,5,P103927,1,206.11,SALE,2024-07-19T08:21:29,S05,20240719
S05/20240719/00015,6,P101533,1,1020.37,SALE,2024-07-19T08:21:29,S05,20240719
S05/20240719/00015,7,DISC,1,-207.57,DISCOUNT,2024-07-19T08:21:29,S05,20240719
S05/20240719/00015,8,TAX,1,387.58,TAX,2024-07-19T08:21:29,S05,20240719
S05/20240719/00015,9,TENDER,1,4537.53,TENDER,2024-07-19T08:21:29,S05,20240719
S05/20240719/00016,1,P100985,2,288.61,SALE,2024-07-19T15:59:10,S05,20240719
S05/20240719/00016,2,P107365,1,934.48,SALE,2024-07-19T15:59:10,S05,20240719
S05/20240719/00016,3,TAX,1,216.04,TAX,2024-07-19T15:59:10,S05,20240719
S05/20240719/00016,4,TENDER,1,1727.74,TENDER,2024-07-19T15:59:10,S05,20240719
S05/20240719/00017,1,P101864,1,101.95,SALE,2024-07-19T14:03:26,S05,20240719
S05/20240719/00017,2,P101697,2,95.47,SALE,2024-07-19T14:03:26,S05,20240719
S05/20240719/00017,3,P103777,2,44.82,SALE,2024-07-19T14:03:26,S05,20240719
S05/20240719/00017,4,P102520,3,731.86,SALE,2024-07-19T14:03:26,S05,20240719
S05/20240719/00017,5,P103757,1,147.98,SALE,2024-07-19T14:03:26,S05,20240719
S05/20240719/00017,6,TAX,1,140.01,TAX,2024-07-19T14:03:26,S05,20240719
S05/20240719/00017,7,TENDER,1,2866.10,TENDER,2024-07-19T14:03:26,S05,20240719
S05/20240719/00018,1,P100375,2,163.45,SALE,2024-07-19T12:41:24,S05,20240719
S05/20240719/00018,2,P103461,3,104.95,SALE,2024-07-19T12:41:24,S05,20240719
S05/20240719/00018,3,TAX,1,54.13,TAX,2024-07-19T12:41:24,S05,20240719
S05/20240719/00018,4,TENDER,1,695.88,TENDER,2024-07-19T12:41:24,S05,20240719
S05/20240719/00019,1,P101208,2,576.58,SALE,2024-07-19T16:14:23,S05,20240719
S05/20240719/00019,2,P107231,2,1193.22,SALE,2024-07-19T16:14:23,S05,20240719
S05/20240719/00019,3,P100131,2,667.83,SALE,2024-07-19T16:14:23,S05,20240719
S05/20240719/00019,4,P104733,1,677.92,SALE,2024-07-19T16:14:23,S05,20240719
S05/20240719/00019,5,P100260,3,1124.20,SALE,2024-07-19T16:14:23,S05,20240719
S05/20240719/00019,6,P107477,2,116.48,SALE,2024-07-19T16:14:23,S05,20240719
S05/20240719/00019,7,P100403,3,71.73,SALE,2024-07-19T16:14:23,S05,20240719
S05/20240719/00019,8,TAX,1,319.78,TAX,2024-07-19T16:14:23,S05,20240719
S05/20240719/00019,9,TENDER,1,9693.71,TENDER,2024-07-19T16:14:23,S05,20240719
S05/20240719/00020,1,P102045,3,21.31,SALE,2024-07-19T19:10:57,S05,20240719
S05/20240719/00020,2,P107308,3,207.74,SALE,2024-07-19T19:10:57,S05,20240719
S05/20240719/00020,3,TAX,1,123.69,TAX,2024-07-19T19:10:57,S05,20240719
S05/20240719/00020,4,TENDER,1,810.84,TENDER,2024-07-19T19:10:57,S05,20240719
S05/20240719/00021,1,P105468,2,1100.43,SALE,2024-07-19T15:14:23,S05,20240719
S05/20240719/00021,2,P104950,4,91.01,SALE,2024-07-19T15:14:23,S05,20240719
S05/20240719/00021,3,P104567,1,141.21,SALE,2024-07-19T15:14:23,S05,20240719
S05/20240719/00021,4,P103661,2,125.81,SALE,2024-07-19T15:14:23,S05,20240719
S05/20240719/00021,5,P103577,2,100.03,SALE,2024-07-19T15:14:23,S05,20240719
S05/20240719/00021,6,P106858,3,282.78,SALE,2024-07-19T15:14:23,S05,20240719
S05/20240719/00021,7,TAX,1,414.52,TAX,2024-07-19T15:14:23,S05,20240719
S05/20240719/00021,8,TENDER,1,4420.65,TENDER,2024-07-19T15:14:23,S05,20240719
S05/20240719/00022,1,P101083,1,343.85,SALE,2024-07-19T15:27:44,S05,20240719
S05/20240719/00022,2,P104670,1,108.77,SALE,2024-07-19T15:27:44,S05,20240719
S05/20240719/00022,3,TAX,1,81.47,TAX,2024-07-19T15:27:44,S05,20240719
S05/20240719/00022,4,TENDER,1,534.09,TENDER,2024-07-19T15:27:44,S05,20240719
S05/20240719/00023,1,P104854,1,35.76,SALE,2024-07-19T15:00:33,S05,20240719
S05/20240719/00023,2,P105180,2,103.95,SALE,2024-07-19T15:00:33,S05,20240719
S05/20240719/00023,3,P100394,1,320.36,SALE,2024-07-19T15:00:33,S05,20240719
S05/20240719/00023,4,P105176,3,509.66,SALE,2024-07-19T15:00:33,S05,20240719
S05/20240719/00023,5,P105819,1,66.64,SALE,2024-07-19T15:00:33,S05,20240719
S05/20240719/00023,6,TAX,1,363.08,TAX,2024-07-19T15:00:33,S05,20240719
S05/20240719/00023,7,TENDER,1,2522.72,TENDER,2024-07-19T15:00:33,S05,20240719
S05/20240719/00024,1,P100577,2,277.95,SALE,2024-07-19T15:18:26,S05,20240719
S05/20240719/00024,2,P100850,2,172.84,SALE,2024-07-19T15:18:26,S05,20240719
S05/20240719/00024,3,P108374,2,1311.92,SALE,2024-07-19T15:18:26,S05,20240719
S05/20240719/00024,4,P104079,4,75.55,SALE,2024-07-19T15:18:26,S05,20240719
S05/20240719/00024,5,P102516,1,1272.67,SALE,2024-07-19T15:18:26,S05,20240719
S05/20240719/00024,6,TAX,1,205.18,TAX,2024-07-19T15:18:26,S05,20240719
S05/20240719/00024,7,TENDER,1,5305.47,TENDER,2024-07-19T15:18:26,S05,20240719
S05/20240719/00025,1,P104842,2,357.87,SALE,2024-07-19T23:57:07,S05,20240719
S05/20240719/00025,2,P106258,2,423.67,SALE,2024-07-19T23:57:07,S05,20240719
S05/20240719/00025,3,P104921,1,421.02,SALE,2024-07-19T23:57:07,S05,20240719
S05/20240719/00025,4,P106611,1,341.44,SALE,2024-07-19T23:57:07,S05,20240719
S05/20240719/00025,5,P106158,1,564.54,SALE,2024-07-19T23:57:07,S05,20240719
S05/20240719/00025,6,P102494,3,11.95,SALE,2024-07-19T23:57:07,S05,20240719
S05/20240719/00025,7,TAX,1,279.69,TAX,2024-07-19T23:57:07,S05,20240719
S05/20240719/00025,8,TENDER,1,3205.62,TENDER,2024-07-19T23:57:07,S05,20240719
S05/20240719/00026,1,P103668,1,1530.18,SALE,2024-07-19T21:26:19,S05,20240719
S05/20240719/00026,2,P106297,2,174.87,SALE,2024-07-19T21:26:19,S05,20240719
S05/20240719/00026,3,P107458,3,1239.88,SALE,2024-07-19T21:26:19,S05,20240719
S05/20240719/00026,4,P102166,3,52.54,SALE,2024-07-19T21:26:19,S05,20240719
S05/20240719/00026,5,P106162,2,527.95,SALE,2024-07-19T21:26:19,S05,20240719
S05/20240719/00026,6,P107799,3,751.07,SALE,2024-07-19T21:26:19,S05,20240719
S05/20240719/00026,7,P100033,1,828.62,SALE,2024-07-19T21:26:19,S05,20240719
S05/20240719/00026,8,P103413,2,1352.06,SALE,2024-07-19T21:26:19,S05,20240719
S05/20240719/00026,9,TAX,1,457.13,TAX,2024-07-19T21:26:19,S05,20240719
S05/20240719/00026,10,TENDER,1,13056.16,TENDER,2024-07-19T21:26:19,S05,20240719
S05/20240720/00001,1,P100883,2,723.68,SALE,2024-07-20T18:15:54,S05,20240720
S05/20240720/00001,2,P105672,1,62.95,SALE,2024-07-20T18:15:54,S05,20240720
S05/20240720/00001,3,P100298,1,53.95,SALE,2024-07-20T18:15:54,S05,20240720
S05/20240720/00001,4,P101500,1,330.53,SALE,2024-07-20T18:15:54,S05,20240720
S05/20240720/00001,5,P103283,3,158.31,SALE,2024-07-20T18:15:54,S05,20240720
S05/20240720/00001,6,P102566,2,415.94,SALE,2024-07-20T18:15:54,S05,20240720
S05/20240720/00001,7,P104593,4,867.34,SALE,2024-07-20T18:15:54,S05,20240720
S05/20240720/00001,8,TAX,1,556.73,TAX,2024-07-20T18:15:54,S05,20240720
S05/20240720/00001,9,TENDER,1,7227.69,TENDER,2024-07-20T18:15:54,S05,20240720
S05/20240720/00002,1,P101127,3,45.95,SALE,2024-07-20T12:37:38,S05,20240720
S05/20240720/00002,2,P102023,2,425.67,SALE,2024-07-20T12:37:38,S05,20240720
S05/20240720/00002,3,P102415,4,1245.81,SALE,2024-07-20T12:37:38,S05,20240720
S05/20240720/00002,4,P102364,2,115.03,SALE,2024-07-20T12:37:38,S05,20240720
S05/20240720/00002,5,P105609,1,817.71,SALE,2024-07-20T12:37:38,S05,20240720
S05/20240720/00002,6,TAX,1,392.73,TAX,2024-07-20T12:37:38,S05,20240720
S05/20240720/00002,7,TENDER,1,7412.93,TENDER,2024-07-20T12:37:38,S05,20240720
S05/20240720/00003,1,P102695,1,1259.21,SALE,2024-07-20T18:20:35,S05,20240720
S05/20240720/00003,2,P104462,1,86.38,SALE,2024-07-20T18:20:35,S05,20240720
S05/20240720/00003,3,TAX,1,155.42,TAX,2024-07-20T18:20:35,S05,20240720
S05/20240720/00003,4,TENDER,1,1501.01,TENDER,2024-07-20T18:20:35,S05,20240720
S05/20240720/00004,1,P106399,2,198.14,SALE,2024-07-20T20:06:42,S05,20240720
S05/20240720/00004,2,P102054,3,137.00,SALE,2024-07-20T20:06:42,S05,20240720
S05/20240720/00004,3,P106382,4,81.60,SALE,2024-07-20T20:06:42,S05,20240720
S05/20240720/00004,4,P106823,3,156.34,SALE,2024-07-20T20:06:42,S05,20240720
S05/20240720/00004,5,P104820,1,207.26,SALE,2024-07-20T20:06:42,S05,20240720
S05/20240720/00004,6,P105507,2,20.37,SALE,2024-07-20T20:06:42,S05,20240720
S05/20240720/00004,7,P100463,2,281.78,SALE,2024-07-20T20:06:42,S05,20240720
S05/20240720/00004,8,TAX,1,201.58,TAX,2024-07-20T20:06:42,S05,20240720
S05/20240720/00004,9,TENDER,1,2615.84,TENDER,2024-07-20T20:06:42,S05,20240720
S05/20240720/00005,1,P107686,1,347.22,SALE,2024-07-20T22:09:24,S05,20240720
S05/20240720/00005,2,P101440,1,234.68,SALE,2024-07-20T22:09:24,S05,20240720
S05/20240720/00005,3,P102424,1,333.88,SALE,2024-07-20T22:09:24,S05,20240720
S05/20240720/00005,4,TAX,1,79.19,TAX,2024-07-20T22:09:24,S05,20240720
S05/20240720/00005,5,TENDER,1,994.97,TENDER,2024-07-20T22:09:24,S05,20240720
S05/20240720/00006,1,P107435,1,549.51,SALE,2024-07-20T14:41:01,S05,20240720
S05/20240720/00006,2,P100744,1,61.87,SALE,2024-07-20T14:41:01,S05,20240720
S05/20240720/00006,3,P100326,3,47.79,SALE,2024-07-20T14:41:01,S05,20240720
S05/20240720/00006,4,TAX,1,127.81,TAX,2024-07-20T14:41:01,S05,20240720
S05/20240720/00006,5,TENDER,1,882.56,TENDER,2024-07-20T14:41:01,S05,20240720
S05/20240720/00007,1,P102096,1,982.72,SALE,2024-07-20T19:11:55,S05,20240720
S05/20240720/00007,2,TAX,1,117.93,TAX,2024-07-20T19:11:55,S05,20240720
S05/20240720/00007,3,TENDER,1,1100.65,TENDER,2024-07-20T19:11:55,S05,20240720
S05/20240720/00008,1,P100044,2,737.05,SALE,2024-07-20T14:49:30,S05,20240720
S05/20240720/00008,2,P103337,1,84.50,SALE,2024-07-20T14:49:30,S05,20240720
S05/20240720/00008,3,P100665,3,281.09,SALE,2024-07-20T14:49:30,S05,20240720
S05/20240720/00008,4,P107721,2,92.25,SALE,2024-07-20T14:49:30,S05,20240720
S05/20240720/00008,5,P101218,1,61.39,SALE,2024-07-20T14:49:30,S05,20240720
S05/20240720/00008,6,P107639,1,128.49,SALE,2024-07-20T14:49:30,S05,20240720
S05/20240720/00008,7,P106942,4,169.95,SALE,2024-07-20T14:49:30,S05,20240720
S05/20240720/00008,8,TAX,1,342.77,TAX,2024-07-20T14:49:30,S05,20240720
S05/20240720/00008,9,TENDER,1,3798.82,TENDER,2024-07-20T14:49:30,S05,20240720
S05/20240720/00009,1,P106174,3,229.89,SALE,2024-07-20T20:43:57,S05,20240720
S05/20240720/00009,2,P102081,2,164.15,SALE,2024-07-20T20:43:57,S05,20240720
S05/20240720/00009,3,P100869,3,62.15,SALE,2024-07-20T20:43:57,S05,20240720
S05/20240720/00009,4,P106024,3,472.89,SALE,2024-07-20T20:43:57,S05,20240720
S05/20240720/00009,5,P105112,3,179.95,SALE,2024-07-20T20:43:57,S05,20240720
S05/20240720/00009,6,TAX,1,363.82,TAX,2024-07-20T20:43:57,S05,20240720
S05/20240720/00009,7,TENDER,1,3526.76,TENDER,2024-07-20T20:43:57,S05,20240720
S05/20240720/00010,1,P103316,4,1774.02,SALE,2024-07-20T12:16:06,S05,20240720
S05/20240720/00010,2,P107542,1,162.57,SALE,2024-07-20T12:16:06,S05,20240720
S05/20240720/00010,3,P104417,2,322.95,SALE,2024-07-20T12:16:06,S05,20240720
S05/20240720/00010,4,TAX,1,929.04,TAX,2024-07-20T12:16:06,S05,20240720
S05/20240720/00010,5,TENDER,1,8833.59,TENDER,2024-07-20T12:16:06,S05,20240720
S05/20240720/00011,1,P103994,3,148.39,SALE,2024-07-20T10:35:39,S05,20240720
S05/20240720/00011,2,P100095,2,92.95,SALE,2024-07-20T10:35:39,S05,20240720
S05/20240720/00011,3,P101722,1,1331.86,SALE,2024-07-20T10:35:39,S05,20240720
S05/20240720/00011,4,P101356,1,1083.07,SALE,2024-07-20T10:35:39,S05,20240720
S05/20240720/00011,5,P100281,1,449.95,SALE,2024-07-20T10:35:39,S05,20240720
S05/20240720/00011,6,TAX,1,152.54,TAX,2024-07-20T10:35:39,S05,20240720
S05/20240720/00011,7,TENDER,1,3648.49,TENDER,2024-07-20T10:35:39,S05,20240720
S05/20240720/00012,1,P105838,2,594.50,SALE,2024-07-20T18:31:58,S05,20240720
S05/20240720/00012,2,P106584,1,247.63,SALE,2024-07-20T18:31:58,S05,20240720
S05/20240720/00012,3,P104883,2,342.92,SALE,2024-07-20T18:31:58,S05,20240720
S05/20240720/00012,4,P105603,1,202.29,SALE,2024-07-20T18:31:58,S05,20240720
S05/20240720/00012,5,P102175,2,210.72,SALE,2024-07-20T18:31:58,S05,20240720
S05/20240720/00012,6,P100731,2,254.77,SALE,2024-07-20T18:31:58,S05,20240720
S05/20240720/00012,7,P101465,2,550.58,SALE,2024-07-20T18:31:58,S05,20240720
S05/20240720/00012,8,P104219,2,249.74,SALE,2024-07-20T18:31:58,S05,20240720
S05/20240720/00012,9,P107502,1,311.85,SALE,2024-07-20T18:31:58,S05,20240720
S05/20240720/00012,10,P102520,3,731.86,SALE,2024-07-20T18:31:58,S05,20240720
S05/20240720/00012,11,TAX,1,586.48,TAX,2024-07-20T18:31:58,S05,20240720
S05/20240720/00012,12,TENDER,1,7950.29,TENDER,2024-07-20T18:31:58,S05,20240720
S05/20240720/00013,1,P106501,2,165.98,SALE,2024-07-20T18:41:48,S05,20240720
S05/20240720/00013,2,P102129,1,252.76,SALE,2024-07-20T18:41:48,S05,20240720
S05/20240720/00013,3,DISC,1,-55.39,DISCOUNT,2024-07-20T18:41:48,S05,20240720
S05/20240720/00013,4,TAX,1,65.53,TAX,2024-07-20T18:41:48,S05,20240720
S05/20240720/00013,5,TENDER,1,594.86,TENDER,2024-07-20T18:41:48,S05,20240720
S05/20240720/00014,1,P102424,3,333.88,SALE,2024-07-20T15:01:04,S05,20240720
S05/20240720/00014,2,P103584,1,402.02,SALE,2024-07-20T15:01:04,S05,20240720
S05/20240720/00014,3,P103050,1,569.48,SALE,2024-07-20T15:01:04,S05,20240720
S05/20240720/00014,4,P101201,2,45.00,SALE,2024-07-20T15:01:04,S05,20240720
S05/20240720/00014,5,P100330,2,188.77,SALE,2024-07-20T15:01:04,S05,20240720
S05/20240720/00014,6,TAX,1,145.82,TAX,2024-07-20T15:01:04,S05,20240720
S05/20240720/00014,7,TENDER,1,2586.50,TENDER,2024-07-20T15:01:04,S05,20240720
S05/20240720/00015,1,P105017,1,212.97,SALE,2024-07-20T17:57:46,S05,20240720
S05/20240720/00015,2,P100203,2,241.95,SALE,2024-07-20T17:57:46,S05,20240720
S05/20240720/00015,3,P106550,3,28.48,SALE,2024-07-20T17:57:46,S05,20240720
S05/20240720/00015,4,P100406,1,435.20,SALE,2024-07-20T17:57:46,S05,20240720
S05/20240720/00015,5,P103904,3,1081.09,SALE,2024-07-20T17:57:46,S05,20240720
S05/20240720/00015,6,TAX,1,261.83,TAX,2024-07-20T17:57:46,S05,20240720
S05/20240720/00015,7,TENDER,1,4722.61,TENDER,2024-07-20T17:57:46,S05,20240720
S05/20240720/00016,1,P107784,1,245.59,SALE,2024-07-20T14:44:31,S05,20240720
S05/20240720/00016,2,P103372,2,47.26,SALE,2024-07-20T14:44:31,S05,20240720
S05/20240720/00016,3,P103496,2,65.05,SALE,2024-07-20T14:44:31,S05,20240720
S05/20240720/00016,4,DISC,1,-49.39,DISCOUNT,2024-07-20T14:44:31,S05,20240720
S05/20240720/00016,5,TAX,1,62.56,TAX,2024-07-20T14:44:31,S05,20240720
S05/20240720/00016,6,TENDER,1,483.38,TENDER,2024-07-20T14:44:31,S05,20240720
S05/20240720/00017,1,P108067,3,640.50,SALE,2024-07-20T20:06:19,S05,20240720
S05/20240720/00017,2,P103904,1,1081.09,SALE,2024-07-20T20:06:19,S05,20240720
S05/20240720/00017,3,P106745,1,564.66,SALE,2024-07-20T20:06:19,S05,20240720
S05/20240720/00017,4,P104593,1,867.34,SALE,2024-07-20T20:06:19,S05,20240720
S05/20240720/00017,5,P107253,1,232.65,SALE,2024-07-20T20:06:19,S05,20240720
S05/20240720/00017,6,P104219,2,249.74,SALE,2024-07-20T20:06:19,S05,20240720
S05/20240720/00017,7,P103727,1,116.88,SALE,2024-07-20T20:06:19,S05,20240720
S05/20240720/00017,8,TAX,1,333.74,TAX,2024-07-20T20:06:19,S05,20240720
S05/20240720/00017,9,TENDER,1,5617.34,TENDER,2024-07-20T20:06:19,S05,20240720
S05/20240720/00018,1,P108144,3,269.18,SALE,2024-07-20T16:38:16,S05,20240720
S05/20240720/00018,2,P102609,3,183.47,SALE,2024-07-20T16:38:16,S05,20240720
S05/20240720/00018,3,TAX,1,162.95,TAX,2024-07-20T16:38:16,S05,20240720
S05/20240720/00018,4,TENDER,1,1520.90,TENDER,2024-07-20T16:38:16,S05,20240720
S05/20240720/00019,1,P107914,3,231.95,SALE,2024-07-20T19:01:09,S05,20240720
S05/20240720/00019,2,P100717,1,535.58,SALE,2024-07-20T19:01:09,S05,20240720
S05/20240720/00019,3,P106900,3,179.85,SALE,2024-07-20T19:01:09,S05,20240720
S05/20240720/00019,4,P102814,1,543.50,SALE,2024-07-20T19:01:09,S05,20240720
S05/20240720/00019,5,P107777,3,222.77,SALE,2024-07-20T19:01:09,S05,20240720
S05/20240720/00019,6,TAX,1,275.81,TAX,2024-07-20T19:01:09,S05,20240720
S05/20240720/00019,7,TENDER,1,3258.60,TENDER,2024-07-20T19:01:09,S05,20240720
S05/20240720/00020,1,P107100,2,171.95,SALE,2024-07-20T14:35:13,S05,20240720
S05/20240720/00020,2,P107784,1,245.59,SALE,2024-07-20T14:35:13,S05,20240720
S05/20240720/00020,3,P102682,3,94.04,SALE,2024-07-20T14:35:13,S05,20240720
S05/20240720/00020,4,P108046,1,95.35,SALE,2024-07-20T14:35:13,S05,20240720
S05/20240720/00020,5,P101034,1,85.95,SALE,2024-07-20T14:35:13,S05,20240720
S05/20240720/00020,6,TAX,1,112.32,TAX,2024-07-20T14:35:13,S05,20240720
S05/20240720/00020,7,TENDER,1,1165.23,TENDER,2024-07-20T14:35:13,S05,20240720
S05/20240720/00021,1,P107605,2,1290.76,SALE,2024-07-20T15:26:16,S05,20240720
S05/20240720/00021,2,TAX,1,309.78,TAX,2024-07-20T15:26:16,S05,20240720
S05/20240720/00021,3,TENDER,1,2891.30,TENDER,2024-07-20T15:26:16,S05,20240720
S05/20240720/00022,1,P106323,2,218.99,SALE,2024-07-20T14:54:47,S05,20240720
S05/20240720/00022,2,P100967,2,969.23,SALE,2024-07-20T14:54:47,S05,20240720
S05/20240720/00022,3,P106080,2,361.06,SALE,2024-07-20T14:54:47,S05,20240720
S05/20240720/00022,4,P108162,4,257.55,SALE,2024-07-20T14:54:47,S05,20240720
S05/20240720/00022,5,P101037,3,613.83,SALE,2024-07-20T14:54:47,S05,20240720
S05/20240720/00022,6,P104533,1,271.68,SALE,2024-07-20T14:54:47,S05,20240720
S05/20240720/00022,7,P102193,1,343.13,SALE,2024-07-20T14:54:47,S05,20240720
S05/20240720/00022,8,P102112,1,389.72,SALE,2024-07-20T14:54:47,S05,20240720
S05/20240720/00022,9,P104567,2,141.21,SALE,2024-07-20T14:54:47,S05,20240720
S05/20240720/00022,10,TAX,1,880.15,TAX,2024-07-20T14:54:47,S05,20240720
S05/20240720/00022,11,TENDER,1,8137.35,TENDER,2024-07-20T14:54:47,S05,20240720
S05/20240720/00023,1,P106207,1,459.95,SALE,2024-07-20T17:40:40,S05,20240720
S05/20240720/00023,2,P106550,4,28.48,SALE,2024-07-20T17:40:40,S05,20240720
S05/20240720/00023,3,P100649,2,628.39,SALE,2024-07-20T17:40:40,S05,20240720
S05/20240720/00023,4,P105092,4,53.12,SALE,2024-07-20T17:40:40,S05,20240720
S05/20240720/00023,5,P108082,3,236.40,SALE,2024-07-20T17:40:40,S05,20240720
S05/20240720/00023,6,P101592,1,295.58,SALE,2024-07-20T17:40:40,S05,20240720
S05/20240720/00023,7,TAX,1,385.24,TAX,2024-07-20T17:40:40,S05,20240720
S05/20240720/00023,8,TENDER,1,3433.15,TENDER,2024-07-20T17:40:40,S05,20240720
S05/20240720/00024,1,P107733,1,57.55,SALE,2024-07-20T10:35:02,S05,20240720
S05/20240720/00024,2,P107952,2,1852.40,SALE,2024-07-20T10:35:02,S05,20240720
S05/20240720/00024,3,TAX,1,2.88,TAX,2024-07-20T10:35:02,S05,20240720
S05/20240720/00024,4,TENDER,1,3765.23,TENDER,2024-07-20T10:35:02,S05,20240720
S05/20240720/00025,1,P104251,1,79.68,SALE,2024-07-20T19:05:38,S05,20240720
S05/20240720/00025,2,P103372,1,47.26,SALE,2024-07-20T19:05:38,S05,20240720
S05/20240720/00025,3,P106035,2,89.95,SALE,2024-07-20T19:05:38,S05,20240720
S05/20240720/00025,4,TAX,1,55.23,TAX,2024-07-20T19:05:38,S05,20240720
S05/20240720/00025,5,TENDER,1,362.07,TENDER,2024-07-20T19:05:38,S05,20240720
S05/20240720/00026,1,P108179,3,295.94,SALE,2024-07-20T12:01:54,S05,20240720
S05/20240720/00026,2,P107775,2,755.55,SALE,2024-07-20T12:01:54,S05,20240720
S05/20240720/00026,3,P100260,2,1124.20,SALE,2024-07-20T12:01:54,S05,20240720
S05/20240720/00026,4,P105636,2,543.66,SALE,2024-07-20T12:01:54,S05,20240720
S05/20240720/00026,5,P104593,1,867.34,SALE,2024-07-20T12:01:54,S05,20240720
S05/20240720/00026,6,P102640,2,241.34,SALE,2024-07-20T12:01:54,S05,20240720
S05/20240720/00026,7,P103922,4,51.00,SALE,2024-07-20T12:01:54,S05,20240720
S05/20240720/00026,8,P102364,1,104.57,SALE,2024-07-20T12:01:54,S05,20240720
S05/20240720/00026,9,P105468,1,1100.43,SALE,2024-07-20T12:01:54,S05,20240720
S05/20240720/00026,10,P101656,2,278.73,SALE,2024-07-20T12:01:54,S05,20240720
S05/20240720/00026,11,TAX,1,550.52,TAX,2024-07-20T12:01:54,S05,20240720
S05/20240720/00026,12,TENDER,1,9601.64,TENDER,2024-07-20T12:01:54,S05,20240720
S05/20240720/00027,1,P101292,1,380.75,SALE,2024-07-20T15:44:07,S05,20240720
S05/20240720/00027,2,P105918,2,294.44,SALE,2024-07-20T15:44:07,S05,20240720
S05/20240720/00027,3,P101656,1,262.95,SALE,2024-07-20T15:44:07,S05,20240720
S05/20240720/00027,4,P101894,3,668.48,SALE,2024-07-20T15:44:07,S05,20240720
S05/20240720/00027,5,TAX,1,397.24,TAX,2024-07-20T15:44:07,S05,20240720
S05/20240720/00027,6,TENDER,1,3635.26,TENDER,2024-07-20T15:44:07,S05,20240720
S05/20240720/00028,1,P103645,-1,241.18,RETURN,2024-07-20T18:53:21,S05,20240720
S05/20240720/00028,2,P105547,-3,406.95,RETURN,2024-07-20T18:53:21,S05,20240720
S05/20240720/00028,3,P104058,-4,351.54,RETURN,2024-07-20T18:53:21,S05,20240720
S05/20240720/00028,4,P100577,-2,277.95,RETURN,2024-07-20T18:53:21,S05,20240720
S05/20240720/00028,5,P102460,-1,548.91,RETURN,2024-07-20T18:53:21,S05,20240720
S05/20240720/00028,6,P104858,-2,297.94,RETURN,2024-07-20T18:53:21,S05,20240720
S05/20240720/00028,7,P101802,-2,40.81,RETURN,2024-07-20T18:53:21,S05,20240720
S05/20240720/00028,8,TAX,1,-602.70,TAX,2024-07-20T18:53:21,S05,20240720
S05/20240720/00028,9,TENDER,1,-5253.20,TENDER,2024-07-20T18:53:21,S05,20240720
S05/20240720/00029,1,P100121,3,107.67,SALE,2024-07-20T20:12:25,S05,20240720
S05/20240720/00029,2,P101864,2,101.95,SALE,2024-07-20T20:12:25,S05,20240720
S05/20240720/00029,3,P105541,1,201.95,SALE,2024-07-20T20:12:25,S05,20240720
S05/20240720/00029,4,TAX,1,89.20,TAX,2024-07-20T20:12:25,S05,20240720
S05/20240720/00029,5,TENDER,1,818.06,TENDER,2024-07-20T20:12:25,S05,20240720
S05/20240720/00030,1,P105518,1,729.30,SALE,2024-07-20T14:01:34,S05,20240720
S05/20240720/00030,2,P107743,3,206.95,SALE,2024-07-20T14:01:34,S05,20240720
S05/20240720/00030,3,P108001,3,87.00,SALE,2024-07-20T14:01:34,S05,20240720
S05/20240720/00030,4,P102243,4,133.95,SALE,2024-07-20T14:01:34,S05,20240720
S05/20240720/00030,5,P103777,2,44.82,SALE,2024-07-20T14:01:34,S05,20240720
S05/20240720/00030,6,TAX,1,237.05,TAX,2024-07-20T14:01:34,S05,20240720
S05/20240720/00030,7,TENDER,1,2473.64,TENDER,2024-07-20T14:01:34,S05,20240720
S05/20240720/00031,1,P103202,2,262.07,SALE,2024-07-20T23:23:19,S05,20240720
S05/20240720/00031,2,P106426,3,149.87,SALE,2024-07-20T23:23:19,S05,20240720
S05/20240720/00031,3,P105145,1,763.65,SALE,2024-07-20T23:23:19,S05,20240720
S05/20240720/00031,4,P100035,1,1810.38,SALE,2024-07-20T23:23:19,S05,20240720
S05/20240720/00031,5,P106942,3,169.95,SALE,2024-07-20T23:23:19,S05,20240720
S05/20240720/00031,6,P107449,4,1495.62,SALE,2024-07-20T23:23:19,S05,20240720
S05/20240720/00031,7,P100816,2,806.93,SALE,2024-07-20T23:23:19,S05,20240720
S05/20240720/00031,8,P102471,2,137.95,SALE,2024-07-20T23:23:19,S05,20240720
S05/20240720/00031,9,P107264,2,181.93,SALE,2024-07-20T23:23:19,S05,20240720
S05/20240720/00031,10,P106310,4,462.03,SALE,2024-07-20T23:23:19,S05,20240720
S05/20240720/00031,11,P107630,3,290.66,SALE,2024-07-20T23:23:19,S05,20240720
S05/20240720/00031,12,TAX,1,1902.90,TAX,2024-07-20T23:23:19,S05,20240720
S05/20240720/00031,13,TENDER,1,16916.73,TENDER,2024-07-20T23:23:19,S05,20240720
S05/20240720/00032,1,P107115,1,172.62,SALE,2024-07-20T19:05:45,S05,20240720
S05/20240720/00032,2,P102371,4,58.36,SALE,2024-07-20T19:05:45,S05,20240720
S05/20240720/00032,3,P101851,1,1750.29,SALE,2024-07-20T19:05:45,S05,20240720
S05/20240720/00032,4,P104811,1,113.95,SALE,2024-07-20T19:05:45,S05,20240720
S05/20240720/00032,5,P108191,2,309.71,SALE,2024-07-20T19:05:45,S05,20240720
S05/20240720/00032,6,P100380,2,136.58,SALE,2024-07-20T19:05:45,S05,20240720
S05/20240720/00032,7,P105180,3,103.95,SALE,2024-07-20T19:05:45,S05,20240720
S05/20240720/00032,8,DISC,1,-264.23,DISCOUNT,2024-07-20T19:05:45,S05,20240720
S05/20240720/00032,9,TAX,1,137.69,TAX,2024-07-20T19:05:45,S05,20240720
S05/20240720/00032,10,TENDER,1,3348.19,TENDER,2024-07-20T19:05:45,S05,20240720
S05/20240720/00033,1,P101766,4,207.00,SALE,2024-07-20T14:22:07,S05,20240720
S05/20240720/00033,2,P103946,3,328.70,SALE,2024-07-20T14:22:07,S05,20240720
S05/20240720/00033,3,P106659,2,88.95,SALE,2024-07-20T14:22:07,S05,20240720
S05/20240720/00033,4,P107996,4,215.44,SALE,2024-07-20T14:22:07,S05,20240720
S05/20240720/00033,5,P107100,2,171.95,SALE,2024-07-20T14:22:07,S05,20240720
S05/20240720/00033,6,P103732,2,94.74,SALE,2024-07-20T14:22:07,S05,20240720
S05/20240720/00033,7,P101298,1,216.72,SALE,2024-07-20T14:22:07,S05,20240720
S05/20240720/00033,8,DISC,1,-133.48,DISCOUNT,2024-07-20T14:22:07,S05,20240720
S05/20240720/00033,9,TAX,1,231.64,TAX,2024-07-20T14:22:07,S05,20240720
S05/20240720/00033,10,TENDER,1,3702.02,TENDER,2024-07-20T14:22:07,S05,20240720
S05/20240721/00001,1,P104867,3,190.50,SALE,2024-07-21T15:53:58,S05,20240721
S05/20240721/00001,2,P100330,4,188.77,SALE,2024-07-21T15:53:58,S05,20240721
S05/20240721/00001,3,TAX,1,66.33,TAX,2024-07-21T15:53:58,S05,20240721
S05/20240721/00001,4,TENDER,1,1392.91,TENDER,2024-07-21T15:53:58,S05,20240721
S05/20240721/00002,1,P105507,1,20.37,SALE,2024-07-21T17:11:14,S05,20240721
S05/20240721/00002,2,P103647,3,42.17,SALE,2024-07-21T17:11:14,S05,20240721
S05/20240721/00002,3,P107330,1,115.95,SALE,2024-07-21T17:11:14,S05,20240721
S05/20240721/00002,4,P103510,4,196.86,SALE,2024-07-21T17:11:14,S05,20240721
S05/20240721/00002,5,P104554,5,415.16,SALE,2024-07-21T17:11:14,S05,20240721
S05/20240721/00002,6,TAX,1,309.34,TAX,2024-07-21T17:11:14,S05,20240721
S05/20240721/00002,7,TENDER,1,3435.41,TENDER,2024-07-21T17:11:14,S05,20240721
S05/20240721/00003,1,P104695,1,80.54,SALE,2024-07-21T17:17:30,S05,20240721
S05/20240721/00003,2,P102868,2,518.42,SALE,2024-07-21T17:17:30,S05,20240721
S05/20240721/00003,3,P106751,1,132.55,SALE,2024-07-21T17:17:30,S05,20240721
S05/20240721/00003,4,P101095,2,205.38,SALE,2024-07-21T17:17:30,S05,20240721
S05/20240721/00003,5,TAX,1,197.29,TAX,2024-07-21T17:17:30,S05,20240721
S05/20240721/00003,6,TENDER,1,1857.98,TENDER,2024-07-21T17:17:30,S05,20240721
S05/20240721/00004,1,P107549,2,47.87,SALE,2024-07-21T17:11:31,S05,20240721
S05/20240721/00004,2,P106405,4,38.72,SALE,2024-07-21T17:11:31,S05,20240721
S05/20240721/00004,3,P108067,3,640.50,SALE,2024-07-21T17:11:31,S05,20240721
S05/20240721/00004,4,P100855,3,345.07,SALE,2024-07-21T17:11:31,S05,20240721
S05/20240721/00004,5,P103406,1,1248.48,SALE,2024-07-21T17:11:31,S05,20240721
S05/20240721/00004,6,P101894,4,668.48,SALE,2024-07-21T17:11:31,S05,20240721
S05/20240721/00004,7,TAX,1,702.14,TAX,2024-07-21T17:11:31,S05,20240721
S05/20240721/00004,8,TENDER,1,7831.87,TENDER,2024-07-21T17:11:31,S05,20240721
S05/20240721/00005,1,P106209,4,182.34,SALE,2024-07-21T18:26:41,S05,20240721
S05/20240721/00005,2,P101859,3,68.39,SALE,2024-07-21T18:26:41,S05,20240721
S05/20240721/00005,3,P106004,1,137.38,SALE,2024-07-21T18:26:41,S05,20240721
S05/20240721/00005,4,P104772,1,332.47,SALE,2024-07-21T18:26:41,S05,20240721
S05/20240721/00005,5,P107149,1,145.83,SALE,2024-07-21T18:26:41,S05,20240721
S05/20240721/00005,6,P102903,2,51.46,SALE,2024-07-21T18:26:41,S05,20240721
S05/20240721/00005,7,P101010,1,71.39,SALE,2024-07-21T18:26:41,S05,20240721
S05/20240721/00005,8,P101842,2,210.53,SALE,2024-07-21T18:26:41,S05,20240721
S05/20240721/00005,9,TAX,1,253.25,TAX,2024-07-21T18:26:41,S05,20240721
S05/20240721/00005,10,TENDER,1,2398.83,TENDER,2024-07-21T18:26:41,S05,20240721
S05/20240721/00006,1,P103950,1,1283.54,SALE,2024-07-21T13:19:32,S05,20240721
S05/20240721/00006,2,P103749,1,16.85,SALE,2024-07-21T13:19:32,S05,20240721
S05/20240721/00006,3,TAX,1,67.21,TAX,2024-07-21T13:19:32,S05,20240721
S05/20240721/00006,4,TENDER,1,1367.60,TENDER,2024-07-21T13:19:32,S05,20240721
S05/20240721/00007,1,P104361,4,1350.95,SALE,2024-07-21T18:02:38,S05,20240721
S05/20240721/00007,2,P105720,1,67.32,SALE,2024-07-21T18:02:38,S05,20240721
S05/20240721/00007,3,P100441,2,419.95,SALE,2024-07-21T18:02:38,S05,20240721
S05/20240721/00007,4,TAX,1,749.24,TAX,2024-07-21T18:02:38,S05,20240721
S05/20240721/00007,5,TENDER,1,7060.26,TENDER,2024-07-21T18:02:38,S05,20240721
S05/20240721/00008,1,P104064,3,318.07,SALE,2024-07-21T19:47:18,S05,20240721
S05/20240721/00008,2,P106911,1,232.77,SALE,2024-07-21T19:47:18,S05,20240721
S05/20240721/00008,3,P100803,1,278.56,SALE,2024-07-21T19:47:18,S05,20240721
S05/20240721/00008,4,P106473,4,298.68,SALE,2024-07-21T19:47:18,S05,20240721
S05/20240721/00008,5,P103105,3,31.43,SALE,2024-07-21T19:47:18,S05,20240721
S05/20240721/00008,6,P102217,2,65.41,SALE,2024-07-21T19:47:18,S05,20240721
S05/20240721/00008,7,P105050,3,111.79,SALE,2024-07-21T19:47:18,S05,20240721
S05/20240721/00008,8,TAX,1,377.22,TAX,2024-07-21T19:47:18,S05,20240721
S05/20240721/00008,9,TENDER,1,3597.96,TENDER,2024-07-21T19:47:18,S05,20240721
S05/20240721/00009,1,P104320,2,159.74,SALE,2024-07-21T17:01:03,S05,20240721
S05/20240721/00009,2,P105740,1,103.24,SALE,2024-07-21T17:01:03,S05,20240721
S05/20240721/00009,3,P105971,2,1150.46,SALE,2024-07-21T17:01:03,S05,20240721
S05/20240721/00009,4,P108335,1,165.51,SALE,2024-07-21T17:01:03,S05,20240721
S05/20240721/00009,5,TAX,1,133.63,TAX,2024-07-21T17:01:03,S05,20240721
S05/20240721/00009,6,TENDER,1,3022.78,TENDER,2024-07-21T17:01:03,S05,20240721
S05/20240721/00010,1,P104316,2,406.45,SALE,2024-07-21T15:02:10,S05,20240721
S05/20240721/00010,2,P107208,3,323.06,SALE,2024-07-21T15:02:10,S05,20240721
S05/20240721/00010,3,P107960,3,1047.81,SALE,2024-07-21T15:02:10,S05,20240721
S05/20240721/00010,4,P105021,1,1111.36,SALE,2024-07-21T15:02:10,S05,20240721
S05/20240721/00010,5,P107145,1,235.69,SALE,2024-07-21T15:02:10,S05,20240721
S05/20240721/00010,6,TAX,1,733.64,TAX,2024-07-21T15:02:10,S05,20240721
S05/20240721/00010,7,TENDER,1,7006.20,TENDER,2024-07-21T15:02:10,S05,20240721
S05/20240721/00011,1,P106877,4,1085.30,SALE,2024-07-21T19:14:40,S05,20240721
S05/20240721/00011,2,P103882,3,269.95,SALE,2024-07-21T19:14:40,S05,20240721
S05/20240721/00011,3,P104233,2,1232.09,SALE,2024-07-21T19:14:40,S05,20240721
S05/20240721/00011,4,P106830,4,103.94,SALE,2024-07-21T19:14:40,S05,20240721
S05/20240721/00011,5,P107056,1,341.76,SALE,2024-07-21T19:14:40,S05,20240721
S05/20240721/00011,6,P108374,2,1311.92,SALE,2024-07-21T19:14:40,S05,20240721
S05/20240721/00011,7,P103144,3,145.27,SALE,2024-07-21T19:14:40,S05,20240721
S05/20240721/00011,8,TAX,1,427.13,TAX,2024-07-21T19:14:40,S05,20240721
S05/20240721/00011,9,TENDER,1,11859.53,TENDER,2024-07-21T19:14:40,S05,20240721
S05/20240721/00012,1,P100627,1,415.95,SALE,2024-07-21T19:48:36,S05,20240721
S05/20240721/00012,2,P108110,1,15.95,SALE,2024-07-21T19:48:36,S05,20240721
S05/20240721/00012,3,P102691,3,219.72,SALE,2024-07-21T19:48:36,S05,20240721
S05/20240721/00012,4,TAX,1,56.63,TAX,2024-07-21T19:48:36,S05,20240721
S05/20240721/00012,5,TENDER,1,1147.69,TENDER,2024-07-21T19:48:36,S05,20240721
S05/20240721/00013,1,P102452,1,176.54,SALE,2024-07-21T12:54:29,S05,20240721
S05/20240721/00013,2,P106907,3,295.56,SALE,2024-07-21T12:54:29,S05,20240721
S05/20240721/00013,3,TAX,1,8.83,TAX,2024-07-21T12:54:29,S05,20240721
S05/20240721/00013,4,TENDER,1,1072.05,TENDER,2024-07-21T12:54:29,S05,20240721
S05/20240721/00014,1,P104512,3,94.53,SALE,2024-07-21T09:18:32,S05,20240721
S05/20240721/00014,2,P105937,2,259.08,SALE,2024-07-21T09:18:32,S05,20240721
S05/20240721/00014,3,P100198,1,156.66,SALE,2024-07-21T09:18:32,S05,20240721
S05/20240721/00014,4,P108125,3,129.06,SALE,2024-07-21T09:18:32,S05,20240721
S05/20240721/00014,5,P100904,2,68.79,SALE,2024-07-21T09:18:32,S05,20240721
S05/20240721/00014,6,P102616,5,79.27,SALE,2024-07-21T09:18:32,S05,20240721
S05/20240721/00014,7,TAX,1,211.39,TAX,2024-07-21T09:18:32,S05,20240721
S05/20240721/00014,8,TENDER,1,2090.91,TENDER,2024-07-21T09:18:32,S05,20240721
S05/20240721/00015,1,P100049,2,65.57,SALE,2024-07-21T20:58:10,S05,20240721
S05/20240721/00015,2,P104637,2,294.49,SALE,2024-07-21T20:58:10,S05,20240721
S05/20240721/00015,3,P103249,1,521.24,SALE,2024-07-21T20:58:10,S05,20240721
S05/20240721/00015,4,P106367,1,650.25,SALE,2024-07-21T20:58:10,S05,20240721
S05/20240721/00015,5,P106783,1,87.95,SALE,2024-07-21T20:58:10,S05,20240721
S05/20240721/00015,6,TAX,1,168.69,TAX,2024-07-21T20:58:10,S05,20240721
S05/20240721/00015,7,TENDER,1,2148.25,TENDER,2024-07-21T20:58:10,S05,20240721
S05/20240721/00016,1,P107826,2,117.63,SALE,2024-07-21T15:15:43,S05,20240721
S05/20240721/00016,2,P102129,1,252.76,SALE,2024-07-21T15:15:43,S05,20240721
S05/20240721/00016,3,P100967,3,969.23,SALE,2024-07-21T15:15:43,S05,20240721
S05/20240721/00016,4,TAX,1,389.79,TAX,2024-07-21T15:15:43,S05,20240721
S05/20240721/00016,5,TENDER,1,3785.50,TENDER,2024-07-21T15:15:43,S05,20240721
S05/20240721/00017,1,P101404,2,213.08,SALE,2024-07-21T10:25:42,S05,20240721
S05/20240721/00017,2,P102903,3,51.46,SALE,2024-07-21T10:25:42,S05,20240721
S05/20240721/00017,3,P106989,6,26.75,SALE,2024-07-21T10:25:42,S05,20240721
S05/20240721/00017,4,P103249,3,521.24,SALE,2024-07-21T10:25:42,S05,20240721
S05/20240721/00017,5,P101825,3,183.68,SALE,2024-07-21T10:25:42,S05,20240721
S05/20240721/00017,6,P101564,1,155.83,SALE,2024-07-21T10:25:42,S05,20240721
S05/20240721/00017,7,P106522,5,203.79,SALE,2024-07-21T10:25:42,S05,20240721
S05/20240721/00017,8,TAX,1,262.72,TAX,2024-07-21T10:25:42,S05,20240721
S05/20240721/00017,9,TENDER,1,4293.30,TENDER,2024-07-21T10:25:42,S05,20240721
S05/20240721/00018,1,P103855,2,322.11,SALE,2024-07-21T10:51:32,S05,20240721
S05/20240721/00018,2,P103389,2,251.95,SALE,2024-07-21T10:51:32,S05,20240721
S05/20240721/00018,3,P105030,1,211.39,SALE,2024-07-21T10:51:32,S05,20240721
S05/20240721/00018,4,P103374,1,34.95,SALE,2024-07-21T10:51:32,S05,20240721
S05/20240721/00018,5,P105167,2,826.20,SALE,2024-07-21T10:51:32,S05,20240721
S05/20240721/00018,6,P101345,1,77.54,SALE,2024-07-21T10:51:32,S05,20240721
S05/20240721/00018,7,P107253,3,232.65,SALE,2024-07-21T10:51:32,S05,20240721
S05/20240721/00018,8,TAX,1,337.50,TAX,2024-07-21T10:51:32,S05,20240721
S05/20240721/00018,9,TENDER,1,4159.85,TENDER,2024-07-21T10:51:32,S05,20240721
S05/20240721/00019,1,P106984,3,28.34,SALE,2024-07-21T15:44:20,S05,20240721
S05/20240721/00019,2,P107777,1,222.77,SALE,2024-07-21T15:44:20,S05,20240721
S05/20240721/00019,3,P106426,1,149.87,SALE,2024-07-21T15:44:20,S05,20240721
S05/20240721/00019,4,P100911,1,71.10,SALE,2024-07-21T15:44:20,S05,20240721
S05/20240721/00019,5,P106751,4,132.55,SALE,2024-07-21T15:44:20,S05,20240721
S05/20240721/00019,6,P100172,1,196.62,SALE,2024-07-21T15:44:20,S05,20240721
S05/20240721/00019,7,TAX,1,71.12,TAX,2024-07-21T15:44:20,S05,20240721
S05/20240721/00019,8,TENDER,1,1326.70,TENDER,2024-07-21T15:44:20,S05,20240721
S05/20240721/00020,1,P106671,2,101.77,SALE,2024-07-21T18:40:47,S05,20240721
S05/20240721/00020,2,P105136,2,168.13,SALE,2024-07-21T18:40:47,S05,20240721
S05/20240721/00020,3,P104625,2,265.44,SALE,2024-07-21T18:40:47,S05,20240721
S05/20240721/00020,4,P102404,2,371.40,SALE,2024-07-21T18:40:47,S05,20240721
S05/20240721/00020,5,P101751,2,460.11,SALE,2024-07-21T18:40:47,S05,20240721
S05/20240721/00020,6,P107520,2,137.21,SALE,2024-07-21T18:40:47,S05,20240721
S05/20240721/00020,7,TAX,1,189.54,TAX,2024-07-21T18:40:47,S05,20240721
S05/20240721/00020,8,TENDER,1,3197.66,TENDER,2024-07-21T18:40:47,S05,20240721
S05/20240722/00001,1,P104168,2,512.27,SALE,2024-07-22T19:45:50,S05,20240722
S05/20240722/00001,2,P101904,3,634.24,SALE,2024-07-22T19:45:50,S05,20240722
S05/20240722/00001,3,P108221,2,50.44,SALE,2024-07-22T19:45:50,S05,20240722
S05/20240722/00001,4,P102931,2,185.66,SALE,2024-07-22T19:45:50,S05,20240722
S05/20240722/00001,5,P100106,1,318.86,SALE,2024-07-22T19:45:50,S05,20240722
S05/20240722/00001,6,P107575,2,65.95,SALE,2024-07-22T19:45:50,S05,20240722
S05/20240722/00001,7,P100864,1,193.24,SALE,2024-07-22T19:45:50,S05,20240722
S05/20240722/00001,8,P100305,1,771.81,SALE,2024-07-22T19:45:50,S05,20240722
S05/20240722/00001,9,TAX,1,504.05,TAX,2024-07-22T19:45:50,S05,20240722
S05/20240722/00001,10,TENDER,1,5319.32,TENDER,2024-07-22T19:45:50,S05,20240722
S05/20240722/00002,1,P101613,3,117.31,SALE,2024-07-22T16:40:49,S05,20240722
S05/20240722/00002,2,P102520,3,731.86,SALE,2024-07-22T16:40:49,S05,20240722
S05/20240722/00002,3,P107542,3,162.57,SALE,2024-07-22T16:40:49,S05,20240722
S05/20240722/00002,4,P103382,2,196.46,SALE,2024-07-22T16:40:49,S05,20240722
S05/20240722/00002,5,TAX,1,192.77,TAX,2024-07-22T16:40:49,S05,20240722
S05/20240722/00002,6,TENDER,1,3620.91,TENDER,2024-07-22T16:40:49,S05,20240722
S05/20240722/00003,1,P107721,1,92.25,SALE,2024-07-22T20:09:43,S05,20240722
S05/20240722/00003,2,P106669,2,102.72,SALE,2024-07-22T20:09:43,S05,20240722
S05/20240722/00003,3,P103372,2,47.26,SALE,2024-07-22T20:09:43,S05,20240722
S05/20240722/00003,4,P102868,4,471.29,SALE,2024-07-22T20:09:43,S05,20240722
S05/20240722/00003,5,TAX,1,366.61,TAX,2024-07-22T20:09:43,S05,20240722
S05/20240722/00003,6,TENDER,1,2643.98,TENDER,2024-07-22T20:09:43,S05,20240722
S05/20240722/00004,1,P102485,2,202.08,SALE,2024-07-22T19:48:57,S05,20240722
S05/20240722/00004,2,P101190,4,84.60,SALE,2024-07-22T19:48:57,S05,20240722
S05/20240722/00004,3,P107495,1,448.19,SALE,2024-07-22T19:48:57,S05,20240722
S05/20240722/00004,4,TAX,1,134.90,TAX,2024-07-22T19:48:57,S05,20240722
S05/20240722/00004,5,TENDER,1,1325.65,TENDER,2024-07-22T19:48:57,S05,20240722
S05/20240722/00005,1,P104121,2,130.95,SALE,2024-07-22T19:23:21,S05,20240722
S05/20240722/00005,2,P101174,2,52.32,SALE,2024-07-22T19:23:21,S05,20240722
S05/20240722/00005,3,P100850,2,172.84,SALE,2024-07-22T19:23:21,S05,20240722
S05/20240722/00005,4,TAX,1,93.86,TAX,2024-07-22T19:23:21,S05,20240722
S05/20240722/00005,5,TENDER,1,806.08,TENDER,2024-07-22T19:23:21,S05,20240722
S05/20240722/00006,1,P106035,1,89.95,SALE,2024-07-22T11:32:29,S05,20240722
S05/20240722/00006,2,P101311,2,481.74,SALE,2024-07-22T11:32:29,S05,20240722
S05/20240722/00006,3,P105583,2,179.43,SALE,2024-07-22T11:32:29,S05,20240722
S05/20240722/00006,4,TAX,1,128.96,TAX,2024-07-22T11:32:29,S05,20240722
S05/20240722/00006,5,TENDER,1,1541.25,TENDER,2024-07-22T11:32:29,S05,20240722
S05/20240722/00007,1,P107432,3,45.60,SALE,2024-07-22T07:01:38,S05,20240722
S05/20240722/00007,2,P105460,2,143.35,SALE,2024-07-22T07:01:38,S05,20240722
S05/20240722/00007,3,P104938,2,999.94,SALE,2024-07-22T07:01:38,S05,20240722
S05/20240722/00007,4,P102193,3,343.13,SALE,2024-07-22T07:01:38,S05,20240722
S05/20240722/00007,5,TAX,1,483.72,TAX,2024-07-22T07:01:38,S05,20240722
S05/20240722/00007,6,TENDER,1,3936.49,TENDER,2024-07-22T07:01:38,S05,20240722
S05/20240722/00008,1,P107056,2,341.76,SALE,2024-07-22T19:55:38,S05,20240722
S05/20240722/00008,2,P102305,1,116.95,SALE,2024-07-22T19:55:38,S05,20240722
S05/20240722/00008,3,P104097,2,319.17,SALE,2024-07-22T19:55:38,S05,20240722
S05/20240722/00008,4,TAX,1,213.67,TAX,2024-07-22T19:55:38,S05,20240722
S05/20240722/00008,5,TENDER,1,1652.48,TENDER,2024-07-22T19:55:38,S05,20240722
S05/20240722/00009,1,P107477,2,116.48,SALE,2024-07-22T12:24:59,S05,20240722
S05/20240722/00009,2,P103054,2,113.30,SALE,2024-07-22T12:24:59,S05,20240722
S05/20240722/00009,3,P100479,2,342.53,SALE,2024-07-22T12:24:59,S05,20240722
S05/20240722/00009,4,P106671,1,101.77,SALE,2024-07-22T12:24:59,S05,20240722
S05/20240722/00009,5,P103111,3,40.41,SALE,2024-07-22T12:24:59,S05,20240722
S05/20240722/00009,6,DISC,1,-31.79,DISCOUNT,2024-07-22T12:24:59,S05,20240722
S05/20240722/00009,7,TAX,1,102.56,TAX,2024-07-22T12:24:59,S05,20240722
S05/20240722/00009,8,TENDER,1,1438.39,TENDER,2024-07-22T12:24:59,S05,20240722
S05/20240722/00010,1,P107520,2,137.21,SALE,2024-07-22T07:53:41,S05,20240722
S05/20240722/00010,2,P102096,1,982.72,SALE,2024-07-22T07:53:41,S05,20240722
S05/20240722/00010,3,P104986,2,204.89,SALE,2024-07-22T07:53:41,S05,20240722
S05/20240722/00010,4,P105603,4,202.29,SALE,2024-07-22T07:53:41,S05,20240722
S05/20240722/00010,5,TAX,1,351.06,TAX,2024-07-22T07:53:41,S05,20240722
S05/20240722/00010,6,TENDER,1,2827.14,TENDER,2024-07-22T07:53:41,S05,20240722
S05/20240722/00011,1,P104526,4,340.46,SALE,2024-07-22T14:23:46,S05,20240722
S05/20240722/00011,2,P105636,1,543.66,SALE,2024-07-22T14:23:46,S05,20240722
S05/20240722/00011,3,TAX,1,68.09,TAX,2024-07-22T14:23:46,S05,20240722
S05/20240722/00011,4,TENDER,1,1973.59,TENDER,2024-07-22T14:23:46,S05,20240722
S05/20240722/00012,1,P102280,2,611.53,SALE,2024-07-22T14:33:18,S05,20240722
S05/20240722/00012,2,P103214,3,283.38,SALE,2024-07-22T14:33:18,S05,20240722
S05/20240722/00012,3,P106254,1,1135.50,SALE,2024-07-22T14:33:18,S05,20240722
S05/20240722/00012,4,P100904,2,68.79,SALE,2024-07-22T14:33:18,S05,20240722
S05/20240722/00012,5,P107743,1,206.95,SALE,2024-07-22T14:33:18,S05,20240722
S05/20240722/00012,6,P108389,1,838.88,SALE,2024-07-22T14:33:18,S05,20240722
S05/20240722/00012,7,DISC,1,-173.08,DISCOUNT,2024-07-22T14:33:18,S05,20240722
S05/20240722/00012,8,TAX,1,340.24,TAX,2024-07-22T14:33:18,S05,20240722
S05/20240722/00012,9,TENDER,1,4559.27,TENDER,2024-07-22T14:33:18,S05,20240722
S05/20240722/00013,1,P105609,3,817.71,SALE,2024-07-22T20:23:34,S05,20240722
S05/20240722/00013,2,P100095,4,92.95,SALE,2024-07-22T20:23:34,S05,20240722
S05/20240722/00013,3,P102342,4,107.02,SALE,2024-07-22T20:23:34,S05,20240722
S05/20240722/00013,4,TAX,1,69.96,TAX,2024-07-22T20:23:34,S05,20240722
S05/20240722/00013,5,TENDER,1,3322.97,TENDER,2024-07-22T20:23:34,S05,20240722
S05/20240722/00014,1,P105119,3,91.19,SALE,2024-07-22T13:34:01,S05,20240722
S05/20240722/00014,2,P105062,6,14.84,SALE,2024-07-22T13:34:01,S05,20240722
S05/20240722/00014,3,P100494,2,67.32,SALE,2024-07-22T13:34:01,S05,20240722
S05/20240722/00014,4,P104579,1,67.48,SALE,2024-07-22T13:34:01,S05,20240722
S05/20240722/00014,5,P100528,2,623.32,SALE,2024-07-22T13:34:01,S05,20240722
S05/20240722/00014,6,P101925,1,181.41,SALE,2024-07-22T13:34:01,S05,20240722
S05/20240722/00014,7,P104587,4,252.25,SALE,2024-07-22T13:34:01,S05,20240722
S05/20240722/00014,8,P102945,2,43.42,SALE,2024-07-22T13:34:01,S05,20240722
S05/20240722/00014,9,TAX,1,188.24,TAX,2024-07-22T13:34:01,S05,20240722
S05/20240722/00014,10,TENDER,1,3276.86,TENDER,2024-07-22T13:34:01,S05,20240722
S05/20240722/00015,1,P103668,2,1530.18,SALE,2024-07-22T17:42:00,S05,20240722
S05/20240722/00015,2,P104439,2,109.14,SALE,2024-07-22T17:42:00,S05,20240722
S05/20240722/00015,3,P100305,2,771.81,SALE,2024-07-22T17:42:00,S05,20240722
S05/20240722/00015,4,P102166,5,52.54,SALE,2024-07-22T17:42:00,S05,20240722
S05/20240722/00015,5,P105356,1,232.26,SALE,2024-07-22T17:42:00,S05,20240722
S05/20240722/00015,6,P104497,3,212.37,SALE,2024-07-22T17:42:00,S05,20240722
S05/20240722/00015,7,DISC,1,-177.66,DISCOUNT,2024-07-22T17:42:00,S05,20240722
S05/20240722/00015,8,TAX,1,274.62,TAX,2024-07-22T17:42:00,S05,20240722
S05/20240722/00015,9,TENDER,1,6051.29,TENDER,2024-07-22T17:42:00,S05,20240722
S05/20240722/00016,1,P105331,1,308.39,SALE,2024-07-22T15:51:42,S05,20240722
S05/20240722/00016,2,P100904,2,68.79,SALE,2024-07-22T15:51:42,S05,20240722
S05/20240722/00016,3,P100479,2,342.53,SALE,2024-07-22T15:51:42,S05,20240722
S05/20240722/00016,4,P104956,2,133.95,SALE,2024-07-22T15:51:42,S05,20240722
S05/20240722/00016,5,P103584,1,402.02,SALE,2024-07-22T15:51:42,S05,20240722
S05/20240722/00016,6,P108300,2,285.19,SALE,2024-07-22T15:51:42,S05,20240722
S05/20240722/00016,7,DISC,1,-205.41,DISCOUNT,2024-07-22T15:51:42,S05,20240722
S05/20240722/00016,8,TAX,1,315.70,TAX,2024-07-22T15:51:42,S05,20240722
S05/20240722/00016,9,TENDER,1,2481.62,TENDER,2024-07-22T15:51:42,S05,20240722
S05/20240722/00017,1,P101904,2,634.24,SALE,2024-07-22T10:38:19,S05,20240722
S05/20240722/00017,2,P101648,2,334.22,SALE,2024-07-22T10:38:19,S05,20240722
S05/20240722/00017,3,TAX,1,261.75,TAX,2024-07-22T10:38:19,S05,20240722
S05/20240722/00017,4,TENDER,1,2198.67,TENDER,2024-07-22T10:38:19,S05,20240722
S05/20240722/00018,1,P103129,-3,79.05,RETURN,2024-07-22T18:52:03,S05,20240722
S05/20240722/00018,2,P105835,-2,238.39,RETURN,2024-07-22T18:52:03,S05,20240722
S05/20240722/00018,3,P103496,-3,70.71,RETURN,2024-07-22T18:52:03,S05,20240722
S05/20240722/00018,4,P108032,-2,648.04,RETURN,2024-07-22T18:52:03,S05,20240722
S05/20240722/00018,5,TAX,1,-260.24,TAX,2024-07-22T18:52:03,S05,20240722
S05/20240722/00018,6,TENDER,1,-2482.38,TENDER,2024-07-22T18:52:03,S05,20240722
S05/20240722/00019,1,P100260,3,1124.20,SALE,2024-07-22T18:35:52,S05,20240722
S05/20240722/00019,2,P102045,1,21.31,SALE,2024-07-22T18:35:52,S05,20240722
S05/20240722/00019,3,P101968,1,10.71,SALE,2024-07-22T18:35:52,S05,20240722
S05/20240722/00019,4,P107292,2,324.95,SALE,2024-07-22T18:35:52,S05,20240722
S05/20240722/00019,5,P100077,3,182.82,SALE,2024-07-22T18:35:52,S05,20240722
S05/20240722/00019,6,P100658,2,50.53,SALE,2024-07-22T18:35:52,S05,20240722
S05/20240722/00019,7,P102151,1,1117.25,SALE,2024-07-22T18:35:52,S05,20240722
S05/20240722/00019,8,P103406,3,1248.48,SALE,2024-07-22T18:35:52,S05,20240722
S05/20240722/00019,9,TAX,1,616.49,TAX,2024-07-22T18:35:52,S05,20240722
S05/20240722/00019,10,TENDER,1,10183.22,TENDER,2024-07-22T18:35:52,S05,20240722
S05/20240723/00001,1,P103637,3,338.13,SALE,2024-07-23T16:05:18,S05,20240723
S05/20240723/00001,2,P105624,2,380.06,SALE,2024-07-23T16:05:18,S05,20240723
S05/20240723/00001,3,P107373,1,96.95,SALE,2024-07-23T16:05:18,S05,20240723
S05/20240723/00001,4,P102761,2,170.84,SALE,2024-07-23T16:05:18,S05,20240723
S05/20240723/00001,5,TAX,1,220.60,TAX,2024-07-23T16:05:18,S05,20240723
S05/20240723/00001,6,TENDER,1,2433.74,TENDER,2024-07-23T16:05:18,S05,20240723
S05/20240723/00002,1,P102768,3,168.25,SALE,2024-07-23T13:23:56,S05,20240723
S05/20240723/00002,2,P106072,3,78.69,SALE,2024-07-23T13:23:56,S05,20240723
S05/20240723/00002,3,P101048,2,208.35,SALE,2024-07-23T13:23:56,S05,20240723
S05/20240723/00002,4,P106288,1,45.93,SALE,2024-07-23T13:23:56,S05,20240723
S05/20240723/00002,5,TAX,1,142.31,TAX,2024-07-23T13:23:56,S05,20240723
S05/20240723/00002,6,TENDER,1,1345.76,TENDER,2024-07-23T13:23:56,S05,20240723
S05/20240723/00003,1,P100198,2,156.66,SALE,2024-07-23T23:28:07,S05,20240723
S05/20240723/00003,2,P100731,2,254.77,SALE,2024-07-23T23:28:07,S05,20240723
S05/20240723/00003,3,P106542,3,122.90,SALE,2024-07-23T23:28:07,S05,20240723
S05/20240723/00003,4,P106344,2,801.30,SALE,2024-07-23T23:28:07,S05,20240723
S05/20240723/00003,5,P107872,2,583.81,SALE,2024-07-23T23:28:07,S05,20240723
S05/20240723/00003,6,TAX,1,232.13,TAX,2024-07-23T23:28:07,S05,20240723
S05/20240723/00003,7,TENDER,1,4193.91,TENDER,2024-07-23T23:28:07,S05,20240723
S05/20240723/00004,1,P107488,2,303.21,SALE,2024-07-23T15:24:29,S05,20240723
S05/20240723/00004,2,P101690,1,1044.81,SALE,2024-07-23T15:24:29,S05,20240723
S05/20240723/00004,3,P103374,3,34.95,SALE,2024-07-23T15:24:29,S05,20240723
S05/20240723/00004,4,DISC,1,-207.95,DISCOUNT,2024-07-23T15:24:29,S05,20240723
S05/20240723/00004,5,TAX,1,158.92,TAX,2024-07-23T15:24:29,S05,20240723
S05/20240723/00004,6,TENDER,1,1707.05,TENDER,2024-07-23T15:24:29,S05,20240723
S05/20240723/00005,1,P107605,2,1290.76,SALE,2024-07-23T17:06:04,S05,20240723
S05/20240723/00005,2,P103525,3,252.51,SALE,2024-07-23T17:06:04,S05,20240723
S05/20240723/00005,3,P106415,3,911.99,SALE,2024-07-23T17:06:04,S05,20240723
S05/20240723/00005,4,P102081,2,164.15,SALE,2024-07-23T17:06:04,S05,20240723
S05/20240723/00005,5,TAX,1,735.07,TAX,2024-07-23T17:06:04,S05,20240723
S05/20240723/00005,6,TENDER,1,7138.39,TENDER,2024-07-23T17:06:04,S05,20240723
S05/20240723/00006,1,P105609,3,817.71,SALE,2024-07-23T15:43:29,S05,20240723
S05/20240723/00006,2,P108046,3,95.35,SALE,2024-07-23T15:43:29,S05,20240723
S05/20240723/00006,3,P105356,1,232.26,SALE,2024-07-23T15:43:29,S05,20240723
S05/20240723/00006,4,P100494,1,67.32,SALE,2024-07-23T15:43:29,S05,20240723
S05/20240723/00006,5,TAX,1,75.22,TAX,2024-07-23T15:43:29,S05,20240723
S05/20240723/00006,6,TENDER,1,3113.98,TENDER,2024-07-23T15:43:29,S05,20240723
S05/20240723/00007,1,P106181,1,778.60,SALE,2024-07-23T15:11:23,S05,20240723
S05/20240723/00007,2,P101564,4,155.83,SALE,2024-07-23T15:11:23,S05,20240723
S05/20240723/00007,3,P102139,1,1521.81,SALE,2024-07-23T15:11:23,S05,20240723
S05/20240723/00007,4,P102849,4,641.17,SALE,2024-07-23T15:11:23,S05,20240723
S05/20240723/00007,5,TAX,1,496.05,TAX,2024-07-23T15:11:23,S05,20240723
S05/20240723/00007,6,TENDER,1,5984.46,TENDER,2024-07-23T15:11:23,S05,20240723
S05/20240723/00008,1,P100121,3,107.67,SALE,2024-07-23T20:56:43,S05,20240723
S05/20240723/00008,2,P108374,1,1311.92,SALE,2024-07-23T20:56:43,S05,20240723
S05/20240723/00008,3,P103487,1,361.14,SALE,2024-07-23T20:56:43,S05,20240723
S05/20240723/00008,4,TAX,1,59.49,TAX,2024-07-23T20:56:43,S05,20240723
S05/20240723/00008,5,TENDER,1,2055.56,TENDER,2024-07-23T20:56:43,S05,20240723
S05/20240723/00009,1,P106975,1,143.78,SALE,2024-07-23T13:16:09,S05,20240723
S05/20240723/00009,2,P100453,1,207.31,SALE,2024-07-23T13:16:09,S05,20240723
S05/20240723/00009,3,P105413,3,158.95,SALE,2024-07-23T13:16:09,S05,20240723
S05/20240723/00009,4,TAX,1,107.98,TAX,2024-07-23T13:16:09,S05,20240723
S05/20240723/00009,5,TENDER,1,935.92,TENDER,2024-07-23T13:16:09,S05,20240723
S05/20240723/00010,1,P103465,1,27.30,SALE,2024-07-23T20:55:21,S05,20240723
S05/20240723/00010,2,P105246,1,840.69,SALE,2024-07-23T20:55:21,S05,20240723
S05/20240723/00010,3,P100640,3,330.95,SALE,2024-07-23T20:55:21,S05,20240723
S05/20240723/00010,4,P102460,1,548.91,SALE,2024-07-23T20:55:21,S05,20240723
S05/20240723/00010,5,P103118,2,42.98,SALE,2024-07-23T20:55:21,S05,20240723
S05/20240723/00010,6,TAX,1,197.83,TAX,2024-07-23T20:55:21,S05,20240723
S05/20240723/00010,7,TENDER,1,2693.54,TENDER,2024-07-23T20:55:21,S05,20240723
S05/20240723/00011,1,P103922,2,51.00,SALE,2024-07-23T14:39:38,S05,20240723
S05/20240723/00011,2,P103680,1,210.26,SALE,2024-07-23T14:39:38,S05,20240723
S05/20240723/00011,3,TAX,1,18.36,TAX,2024-07-23T14:39:38,S05,20240723
S05/20240723/00011,4,TENDER,1,330.62,TENDER,2024-07-23T14:39:38,S05,20240723
S05/20240723/00012,1,P101547,1,62.01,SALE,2024-07-23T16:56:20,S05,20240723
S05/20240723/00012,2,P105897,2,249.03,SALE,2024-07-23T16:56:20,S05,20240723
S05/20240723/00012,3,P105418,2,257.82,SALE,2024-07-23T16:56:20,S05,20240723
S05/20240723/00012,4,P107843,1,486.47,SALE,2024-07-23T16:56:20,S05,20240723
S05/20240723/00012,5,DISC,1,-157.22,DISCOUNT,2024-07-23T16:56:20,S05,20240723
S05/20240723/00012,6,TAX,1,218.77,TAX,2024-07-23T16:56:20,S05,20240723
S05/20240723/00012,7,TENDER,1,1623.73,TENDER,2024-07-23T16:56:20,S05,20240723
S05/20240723/00013,1,P105139,2,100.45,SALE,2024-07-23T17:56:32,S05,20240723
S05/20240723/00013,2,P102903,1,48.89,SALE,2024-07-23T17:56:32,S05,20240723
S05/20240723/00013,3,P102035,2,493.95,SALE,2024-07-23T17:56:32,S05,20240723
S05/20240723/00013,4,P107056,2,341.76,SALE,2024-07-23T17:56:32,S05,20240723
S05/20240723/00013,5,P100387,4,116.37,SALE,2024-07-23T17:56:32,S05,20240723
S05/20240723/00013,6,P103504,2,361.87,SALE,2024-07-23T17:56:32,S05,20240723
S05/20240723/00013,7,P100112,3,91.95,SALE,2024-07-23T17:56:32,S05,20240723
S05/20240723/00013,8,P103168,1,923.59,SALE,2024-07-23T17:56:32,S05,20240723
S05/20240723/00013,9,P104266,2,408.96,SALE,2024-07-23T17:56:32,S05,20240723
S05/20240723/00013,10,TAX,1,623.17,TAX,2024-07-23T17:56:32,S05,20240723
S05/20240723/00013,11,TENDER,1,5750.96,TENDER,2024-07-23T17:56:32,S05,20240723
S05/20240723/00014,1,P104358,3,1243.57,SALE,2024-07-23T20:35:25,S05,20240723
S05/20240723/00014,2,P100543,2,123.06,SALE,2024-07-23T20:35:25,S05,20240723
S05/20240723/00014,3,P105765,3,439.90,SALE,2024-07-23T20:35:25,S05,20240723
S05/20240723/00014,4,P104986,2,204.89,SALE,2024-07-23T20:35:25,S05,20240723
S05/20240723/00014,5,TAX,1,758.99,TAX,2024-07-23T20:35:25,S05,20240723
S05/20240723/00014,6,TENDER,1,6465.30,TENDER,2024-07-23T20:35:25,S05,20240723
S05/20240723/00015,1,P107231,2,1193.22,SALE,2024-07-23T21:46:17,S05,20240723
S05/20240723/00015,2,P107337,1,429.21,SALE,2024-07-23T21:46:17,S05,20240723
S05/20240723/00015,3,P101933,2,1344.63,SALE,2024-07-23T21:46:17,S05,20240723
S05/20240723/00015,4,P100985,1,288.61,SALE,2024-07-23T21:46:17,S05,20240723
S05/20240723/00015,5,P100057,2,213.48,SALE,2024-07-23T21:46:17,S05,20240723
S05/20240723/00015,6,TAX,1,447.36,TAX,2024-07-23T21:46:17,S05,20240723
S05/20240723/00015,7,TENDER,1,6667.84,TENDER,2024-07-23T21:46:17,S05,20240723
S05/20240723/00016,1,P102903,3,51.46,SALE,2024-07-23T16:11:08,S05,20240723
S05/20240723/00016,2,P106813,1,257.87,SALE,2024-07-23T16:11:08,S05,20240723
S05/20240723/00016,3,P107654,2,363.70,SALE,2024-07-23T16:11:08,S05,20240723
S05/20240723/00016,4,P101327,1,233.22,SALE,2024-07-23T16:11:08,S05,20240723
S05/20240723/00016,5,P103886,2,302.49,SALE,2024-07-23T16:11:08,S05,20240723
S05/20240723/00016,6,P106300,1,387.92,SALE,2024-07-23T16:11:08,S05,20240723
S05/20240723/00016,7,TAX,1,234.55,TAX,2024-07-23T16:11:08,S05,20240723
S05/20240723/00016,8,TENDER,1,2600.32,TENDER,2024-07-23T16:11:08,S05,20240723
S05/20240723/00017,1,P102892,3,214.14,SALE,2024-07-23T13:32:43,S05,20240723
S05/20240723/00017,2,P102460,3,548.91,SALE,2024-07-23T13:32:43,S05,20240723
S05/20240723/00017,3,P101638,1,373.95,SALE,2024-07-23T13:32:43,S05,20240723
S05/20240723/00017,4,P107047,2,413.27,SALE,2024-07-23T13:32:43,S05,20240723
S05/20240723/00017,5,P101634,1,25.05,SALE,2024-07-23T13:32:43,S05,20240723
S05/20240723/00017,6,P104651,1,540.51,SALE,2024-07-23T13:32:43,S05,20240723
S05/20240723/00017,7,TAX,1,411.40,TAX,2024-07-23T13:32:43,S05,20240723
S05/20240723/00017,8,TENDER,1,4466.60,TENDER,2024-07-23T13:32:43,S05,20240723
S05/20240723/00018,1,P106651,5,855.95,SALE,2024-07-23T11:23:15,S05,20240723
S05/20240723/00018,2,P103090,1,805.95,SALE,2024-07-23T11:23:15,S05,20240723
S05/20240723/00018,3,P103496,1,70.71,SALE,2024-07-23T11:23:15,S05,20240723
S05/20240723/00018,4,P107536,2,1495.35,SALE,2024-07-23T11:23:15,S05,20240723
S05/20240723/00018,5,P102122,2,129.27,SALE,2024-07-23T11:23:15,S05,20240723
S05/20240723/00018,6,TAX,1,99.56,TAX,2024-07-23T11:23:15,S05,20240723
S05/20240723/00018,7,TENDER,1,8505.21,TENDER,2024-07-23T11:23:15,S05,20240723
S05/20240723/00019,1,P107920,3,109.22,SALE,2024-07-23T20:40:59,S05,20240723
S05/20240723/00019,2,P104112,1,51.43,SALE,2024-07-23T20:40:59,S05,20240723
S05/20240723/00019,3,P108389,2,838.88,SALE,2024-07-23T20:40:59,S05,20240723
S05/20240723/00019,4,P103090,2,805.95,SALE,2024-07-23T20:40:59,S05,20240723
S05/20240723/00019,5,P106602,1,122.17,SALE,2024-07-23T20:40:59,S05,20240723
S05/20240723/00019,6,TAX,1,232.14,TAX,2024-07-23T20:40:59,S05,20240723
S05/20240723/00019,7,TENDER,1,4023.06,TENDER,2024-07-23T20:40:59,S05,20240723
S05/20240723/00020,1,P107458,1,1239.88,SALE,2024-07-23T16:35:33,S05,20240723
S05/20240723/00020,2,P102691,1,219.72,SALE,2024-07-23T16:35:33,S05,20240723
S05/20240723/00020,3,P107110,1,77.73,SALE,2024-07-23T16:35:33,S05,20240723
S05/20240723/00020,4,TAX,1,24.98,TAX,2024-07-23T16:35:33,S05,20240723
S05/20240723/00020,5,TENDER,1,1562.31,TENDER,2024-07-23T16:35:33,S05,20240723
S05/20240723/00021,1,P104072,1,708.34,SALE,2024-07-23T12:40:10,S05,20240723
S05/20240723/00021,2,P101384,3,42.99,SALE,2024-07-23T12:40:10,S05,20240723
S05/20240723/00021,3,P102243,2,133.95,SALE,2024-07-23T12:40:10,S05,20240723
S05/20240723/00021,4,TAX,1,55.26,TAX,2024-07-23T12:40:10,S05,20240723
S05/20240723/00021,5,TENDER,1,1160.47,TENDER,2024-07-23T12:40:10,S05,20240723
S05/20240723/00022,1,P103577,1,100.44,SALE,2024-07-23T13:32:23,S05,20240723
S05/20240723/00022,2,P104097,3,319.17,SALE,2024-07-23T13:32:23,S05,20240723
S05/20240723/00022,3,P101543,2,178.10,SALE,2024-07-23T13:32:23,S05,20240723
S05/20240723/00022,4,P105845,2,111.01,SALE,2024-07-23T13:32:23,S05,20240723
S05/20240723/00022,5,TAX,1,231.03,TAX,2024-07-23T13:32:23,S05,20240723
S05/20240723/00022,6,TENDER,1,1867.20,TENDER,2024-07-23T13:32:23,S05,20240723
S05/20240723/00023,1,P107266,2,69.30,SALE,2024-07-23T23:13:19,S05,20240723
S05/20240723/00023,2,P104042,1,346.95,SALE,2024-07-23T23:13:19,S05,20240723
S05/20240723/00023,3,P104938,3,999.94,SALE,2024-07-23T23:13:19,S05,20240723
S05/20240723/00023,4,TAX,1,408.54,TAX,2024-07-23T23:13:19,S05,20240723
S05/20240723/00023,5,TENDER,1,3893.91,TENDER,2024-07-23T23:13:19,S05,20240723
S05/20240723/00024,1,P104404,1,890.27,SALE,2024-07-23T12:37:48,S05,20240723
S05/20240723/00024,2,P108361,2,68.42,SALE,2024-07-23T12:37:48,S05,20240723
S05/20240723/00024,3,P100348,2,478.95,SALE,2024-07-23T12:37:48,S05,20240723
S05/20240723/00024,4,TAX,1,154.73,TAX,2024-07-23T12:37:48,S05,20240723
S05/20240723/00024,5,TENDER,1,2139.74,TENDER,2024-07-23T12:37:48,S05,20240723
S05/20240724/00001,1,P102656,1,176.92,SALE,2024-07-24T16:57:15,S05,20240724
S05/20240724/00001,2,P101263,2,604.45,SALE,2024-07-24T16:57:15,S05,20240724
S05/20240724/00001,3,P107872,2,583.81,SALE,2024-07-24T16:57:15,S05,20240724
S05/20240724/00001,4,TAX,1,284.83,TAX,2024-07-24T16:57:15,S05,20240724
S05/20240724/00001,5,TENDER,1,2838.27,TENDER,2024-07-24T16:57:15,S05,20240724
S05/20240724/00002,1,P102945,5,43.42,SALE,2024-07-24T12:03:06,S05,20240724
S05/20240724/00002,2,P101949,2,857.51,SALE,2024-07-24T12:03:06,S05,20240724
S05/20240724/00002,3,P105988,2,29.57,SALE,2024-07-24T12:03:06,S05,20240724
S05/20240724/00002,4,P102415,2,1245.81,SALE,2024-07-24T12:03:06,S05,20240724
S05/20240724/00002,5,P104181,1,279.95,SALE,2024-07-24T12:03:06,S05,20240724
S05/20240724/00002,6,TAX,1,285.96,TAX,2024-07-24T12:03:06,S05,20240724
S05/20240724/00002,7,TENDER,1,5048.79,TENDER,2024-07-24T12:03:06,S05,20240724
S05/20240724/00003,1,P106323,1,218.99,SALE,2024-07-24T13:19:00,S05,20240724
S05/20240724/00003,2,P101702,3,491.39,SALE,2024-07-24T13:19:00,S05,20240724
S05/20240724/00003,3,P105747,3,287.56,SALE,2024-07-24T13:19:00,S05,20240724
S05/20240724/00003,4,P101242,4,83.48,SALE,2024-07-24T13:19:00,S05,20240724
S05/20240724/00003,5,P105633,3,46.25,SALE,2024-07-24T13:19:00,S05,20240724
S05/20240724/00003,6,P101454,2,130.95,SALE,2024-07-24T13:19:00,S05,20240724
S05/20240724/00003,7,TAX,1,530.05,TAX,2024-07-24T13:19:00,S05,20240724
S05/20240724/00003,8,TENDER,1,3820.46,TENDER,2024-07-24T13:19:00,S05,20240724
S05/20240724/00004,1,P101083,1,343.85,SALE,2024-07-24T15:30:44,S05,20240724
S05/20240724/00004,2,P108041,3,368.87,SALE,2024-07-24T15:30:44,S05,20240724
S05/20240724/00004,3,P100627,1,415.95,SALE,2024-07-24T15:30:44,S05,20240724
S05/20240724/00004,4,P107458,2,1239.88,SALE,2024-07-24T15:30:44,S05,20240724
S05/20240724/00004,5,P106783,2,87.95,SALE,2024-07-24T15:30:44,S05,20240724
S05/20240724/00004,6,P105356,1,232.26,SALE,2024-07-24T15:30:44,S05,20240724
S05/20240724/00004,7,TAX,1,258.76,TAX,2024-07-24T15:30:44,S05,20240724
S05/20240724/00004,8,TENDER,1,5013.09,TENDER,2024-07-24T15:30:44,S05,20240724
S05/20240724/00005,1,P100203,2,241.95,SALE,2024-07-24T20:58:56,S05,20240724
S05/20240724/00005,2,P102074,4,415.90,SALE,2024-07-24T20:58:56,S05,20240724
S05/20240724/00005,3,P103435,1,443.24,SALE,2024-07-24T20:58:56,S05,20240724
S05/20240724/00005,4,P106528,3,882.79,SALE,2024-07-24T20:58:56,S05,20240724
S05/20240724/00005,5,TAX,1,504.96,TAX,2024-07-24T20:58:56,S05,20240724
S05/20240724/00005,6,TENDER,1,5744.07,TENDER,2024-07-24T20:58:56,S05,20240724
S05/20240724/00006,1,P107973,1,271.34,SALE,2024-07-24T19:27:19,S05,20240724
S05/20240724/00006,2,P107393,2,469.90,SALE,2024-07-24T19:27:19,S05,20240724
S05/20240724/00006,3,P104081,1,586.63,SALE,2024-07-24T19:27:19,S05,20240724
S05/20240724/00006,4,P105684,1,1114.27,SALE,2024-07-24T19:27:19,S05,20240724
S05/20240724/00006,5,P104858,3,297.94,SALE,2024-07-24T19:27:19,S05,20240724
S05/20240724/00006,6,TAX,1,289.31,TAX,2024-07-24T19:27:19,S05,20240724
S05/20240724/00006,7,TENDER,1,4095.17,TENDER,2024-07-24T19:27:19,S05,20240724
S05/20240724/00007,1,P107568,2,147.18,SALE,2024-07-24T18:19:34,S05,20240724
S05/20240724/00007,2,P101225,3,452.38,SALE,2024-07-24T18:19:34,S05,20240724
S05/20240724/00007,3,P104181,3,279.95,SALE,2024-07-24T18:19:34,S05,20240724
S05/20240724/00007,4,P106965,3,86.78,SALE,2024-07-24T18:19:34,S05,20240724
S05/20240724/00007,5,TAX,1,291.37,TAX,2024-07-24T18:19:34,S05,20240724
S05/20240724/00007,6,TENDER,1,3043.06,TENDER,2024-07-24T18:19:34,S05,20240724
S05/20240724/00008,1,P105139,1,100.45,SALE,2024-07-24T14:36:04,S05,20240724
S05/20240724/00008,2,P102636,5,114.77,SALE,2024-07-24T14:36:04,S05,20240724
S05/20240724/00008,3,P106686,4,301.28,SALE,2024-07-24T14:36:04,S05,20240724
S05/20240724/00008,4,P105331,2,308.39,SALE,2024-07-24T14:36:04,S05,20240724
S05/20240724/00008,5,P104285,1,639.46,SALE,2024-07-24T14:36:04,S05,20240724
S05/20240724/00008,6,P105288,3,271.73,SALE,2024-07-24T14:36:04,S05,20240724
S05/20240724/00008,7,P106300,2,387.92,SALE,2024-07-24T14:36:04,S05,20240724
S05/20240724/00008,8,TAX,1,256.92,TAX,2024-07-24T14:36:04,S05,20240724
S05/20240724/00008,9,TENDER,1,4983.61,TENDER,2024-07-24T14:36:04,S05,20240724
S05/20240724/00009,1,P102364,2,104.57,SALE,2024-07-24T17:20:24,S05,20240724
S05/20240724/00009,2,P102353,1,139.83,SALE,2024-07-24T17:20:24,S05,20240724
S05/20240724/00009,3,P106731,3,142.59,SALE,2024-07-24T17:20:24,S05,20240724
S05/20240724/00009,4,P108216,1,69.70,SALE,2024-07-24T17:20:24,S05,20240724
S05/20240724/00009,5,TAX,1,48.12,TAX,2024-07-24T17:20:24,S05,20240724
S05/20240724/00009,6,TENDER,1,894.56,TENDER,2024-07-24T17:20:24,S05,20240724
S05/20240724/00010,1,P107040,2,474.18,SALE,2024-07-24T22:50:17,S05,20240724
S05/20240724/00010,2,P102735,1,534.08,SALE,2024-07-24T22:50:17,S05,20240724
S05/20240724/00010,3,P100722,4,287.33,SALE,2024-07-24T22:50:17,S05,20240724
S05/20240724/00010,4,P102219,2,726.06,SALE,2024-07-24T22:50:17,S05,20240724
S05/20240724/00010,5,P104739,1,172.21,SALE,2024-07-24T22:50:17,S05,20240724
S05/20240724/00010,6,P102096,2,982.72,SALE,2024-07-24T22:50:17,S05,20240724
S05/20240724/00010,7,DISC,1,-714.30,DISCOUNT,2024-07-24T22:50:17,S05,20240724
S05/20240724/00010,8,TAX,1,427.55,TAX,2024-07-24T22:50:17,S05,20240724
S05/20240724/00010,9,TENDER,1,5934.78,TENDER,2024-07-24T22:50:17,S05,20240724
S05/20240724/00011,1,P107149,3,145.83,SALE,2024-07-24T17:48:42,S05,20240724
S05/20240724/00011,2,P100441,3,419.95,SALE,2024-07-24T17:48:42,S05,20240724
S05/20240724/00011,3,P102129,4,252.76,SALE,2024-07-24T17:48:42,S05,20240724
S05/20240724/00011,4,P104676,6,81.62,SALE,2024-07-24T17:48:42,S05,20240724
S05/20240724/00011,5,P101599,2,417.76,SALE,2024-07-24T17:48:42,S05,20240724
S05/20240724/00011,6,TAX,1,519.03,TAX,2024-07-24T17:48:42,S05,20240724
S05/20240724/00011,7,TENDER,1,4552.65,TENDER,2024-07-24T17:48:42,S05,20240724
S05/20240724/00012,1,P101083,2,343.85,SALE,2024-07-24T14:40:00,S05,20240724
S05/20240724/00012,2,P100268,4,197.00,SALE,2024-07-24T14:40:00,S05,20240724
S05/20240724/00012,3,P106207,2,459.95,SALE,2024-07-24T14:40:00,S05,20240724
S05/20240724/00012,4,TAX,1,328.77,TAX,2024-07-24T14:40:00,S05,20240724
S05/20240724/00012,5,TENDER,1,2724.37,TENDER,2024-07-24T14:40:00,S05,20240724
S05/20240724/00013,1,P106434,2,178.02,SALE,2024-07-24T16:54:02,S05,20240724
S05/20240724/00013,2,P100819,1,1203.94,SALE,2024-07-24T16:54:02,S05,20240724
S05/20240724/00013,3,P105313,2,51.83,SALE,2024-07-24T16:54:02,S05,20240724
S05/20240724/00013,4,P100803,3,278.56,SALE,2024-07-24T16:54:02,S05,20240724
S05/20240724/00013,5,TAX,1,84.51,TAX,2024-07-24T16:54:02,S05,20240724
S05/20240724/00013,6,TENDER,1,2583.83,TENDER,2024-07-24T16:54:02,S05,20240724
S05/20240725/00001,1,P105614,3,652.27,SALE,2024-07-25T13:14:45,S05,20240725
S05/20240725/00001,2,P108234,1,33.09,SALE,2024-07-25T13:14:45,S05,20240725
S05/20240725/00001,3,P103496,2,70.71,SALE,2024-07-25T13:14:45,S05,20240725
S05/20240725/00001,4,P102909,3,48.95,SALE,2024-07-25T13:14:45,S05,20240725
S05/20240725/00001,5,P101410,2,936.26,SALE,2024-07-25T13:14:45,S05,20240725
S05/20240725/00001,6,TAX,1,608.34,TAX,2024-07-25T13:14:45,S05,20240725
S05/20240725/00001,7,TENDER,1,4759.03,TENDER,2024-07-25T13:14:45,S05,20240725
S05/20240725/00002,1,P103465,1,27.30,SALE,2024-07-25T15:14:15,S05,20240725
S05/20240725/00002,2,P103542,3,398.89,SALE,2024-07-25T15:14:15,S05,20240725
S05/20240725/00002,3,P102471,1,146.23,SALE,2024-07-25T15:14:15,S05,20240725
S05/20240725/00002,4,P107217,1,279.38,SALE,2024-07-25T15:14:15,S05,20240725
S05/20240725/00002,5,TAX,1,208.36,TAX,2024-07-25T15:14:15,S05,20240725
S05/20240725/00002,6,TENDER,1,1857.94,TENDER,2024-07-25T15:14:15,S05,20240725
S05/20240725/00003,1,P108338,4,218.68,SALE,2024-07-25T13:18:20,S05,20240725
S05/20240725/00003,2,P106048,1,310.59,SALE,2024-07-25T13:18:20,S05,20240725
S05/20240725/00003,3,P106872,2,73.31,SALE,2024-07-25T13:18:20,S05,20240725
S05/20240725/00003,4,P107158,1,150.12,SALE,2024-07-25T13:18:20,S05,20240725
S05/20240725/00003,5,DISC,1,-34.10,DISCOUNT,2024-07-25T13:18:20,S05,20240725
S05/20240725/00003,6,TAX,1,242.42,TAX,2024-07-25T13:18:20,S05,20240725
S05/20240725/00003,7,TENDER,1,1690.37,TENDER,2024-07-25T13:18:20,S05,20240725
S05/20240725/00004,1,P105603,2,202.29,SALE,2024-07-25T22:28:37,S05,20240725
S05/20240725/00004,2,P101732,2,1390.76,SALE,2024-07-25T22:28:37,S05,20240725
S05/20240725/00004,3,P100999,1,161.56,SALE,2024-07-25T22:28:37,S05,20240725
S05/20240725/00004,4,P106357,1,1078.45,SALE,2024-07-25T22:28:37,S05,20240725
S05/20240725/00004,5,P101674,3,373.95,SALE,2024-07-25T22:28:37,S05,20240725
S05/20240725/00004,6,TAX,1,737.95,TAX,2024-07-25T22:28:37,S05,20240725
S05/20240725/00004,7,TENDER,1,6285.91,TENDER,2024-07-25T22:28:37,S05,20240725
S05/20240725/00005,1,P100577,1,277.95,SALE,2024-07-25T21:17:31,S05,20240725
S05/20240725/00005,2,P103994,4,148.39,SALE,2024-07-25T21:17:31,S05,20240725
S05/20240725/00005,3,P102409,1,326.59,SALE,2024-07-25T21:17:31,S05,20240725
S05/20240725/00005,4,P101648,1,334.22,SALE,2024-07-25T21:17:31,S05,20240725
S05/20240725/00005,5,TAX,1,125.53,TAX,2024-07-25T21:17:31,S05,20240725
S05/20240725/00005,6,TENDER,1,1657.85,TENDER,2024-07-25T21:17:31,S05,20240725
S05/20240725/00006,1,P103068,4,151.27,SALE,2024-07-25T10:12:40,S05,20240725
S05/20240725/00006,2,P104026,2,152.97,SALE,2024-07-25T10:12:40,S05,20240725
S05/20240725/00006,3,P106965,1,86.78,SALE,2024-07-25T10:12:40,S05,20240725
S05/20240725/00006,4,P102122,2,129.27,SALE,2024-07-25T10:12:40,S05,20240725
S05/20240725/00006,5,P102945,3,43.42,SALE,2024-07-25T10:12:40,S05,20240725
S05/20240725/00006,6,P102465,1,1410.14,SALE,2024-07-25T10:12:40,S05,20240725
S05/20240725/00006,7,P106807,2,322.15,SALE,2024-07-25T10:12:40,S05,20240725
S05/20240725/00006,8,TAX,1,306.36,TAX,2024-07-25T10:12:40,S05,20240725
S05/20240725/00006,9,TENDER,1,3747.40,TENDER,2024-07-25T10:12:40,S05,20240725
S05/20240725/00007,1,P106745,1,564.66,SALE,2024-07-25T14:58:17,S05,20240725
S05/20240725/00007,2,P100959,1,280.97,SALE,2024-07-25T14:58:17,S05,20240725
S05/20240725/00007,3,P105468,1,1100.43,SALE,2024-07-25T14:58:17,S05,20240725
S05/20240725/00007,4,P103364,2,114.95,SALE,2024-07-25T14:58:17,S05,20240725
S05/20240725/00007,5,DISC,1,-132.06,DISCOUNT,2024-07-25T14:58:17,S05,20240725
S05/20240725/00007,6,TAX,1,194.66,TAX,2024-07-25T14:58:17,S05,20240725
S05/20240725/00007,7,TENDER,1,2238.56,TENDER,2024-07-25T14:58:17,S05,20240725
S05/20240725/00008,1,P101177,2,150.26,SALE,2024-07-25T09:43:06,S05,20240725
S05/20240725/00008,2,P107137,1,32.59,SALE,2024-07-25T09:43:06,S05,20240725
S05/20240725/00008,3,P101702,1,491.39,SALE,2024-07-25T09:43:06,S05,20240725
S05/20240725/00008,4,P101465,1,550.58,SALE,2024-07-25T09:43:06,S05,20240725
S05/20240725/00008,5,TAX,1,202.58,TAX,2024-07-25T09:43:06,S05,20240725
S05/20240725/00008,6,TENDER,1,1577.66,TENDER,2024-07-25T09:43:06,S05,20240725
S05/20240725/00009,1,P103616,3,621.95,SALE,2024-07-25T18:28:53,S05,20240725
S05/20240725/00009,2,P108125,2,129.06,SALE,2024-07-25T18:28:53,S05,20240725
S05/20240725/00009,3,P108227,5,551.58,SALE,2024-07-25T18:28:53,S05,20240725
S05/20240725/00009,4,P100183,5,1426.11,SALE,2024-07-25T18:28:53,S05,20240725
S05/20240725/00009,5,DISC,1,-1307.54,DISCOUNT,2024-07-25T18:28:53,S05,20240725
S05/20240725/00009,6,TAX,1,845.67,TAX,2024-07-25T18:28:53,S05,20240725
S05/20240725/00009,7,TENDER,1,11550.55,TENDER,2024-07-25T18:28:53,S05,20240725
S05/20240725/00010,1,P101106,2,542.84,SALE,2024-07-25T19:49:15,S05,20240725
S05/20240725/00010,2,P101127,2,45.95,SALE,2024-07-25T19:49:15,S05,20240725
S05/20240725/00010,3,P103792,2,26.45,SALE,2024-07-25T19:49:15,S05,20240725
S05/20240725/00010,4,P104032,3,603.87,SALE,2024-07-25T19:49:15,S05,20240725
S05/20240725/00010,5,P107914,2,231.95,SALE,2024-07-25T19:49:15,S05,20240725
S05/20240725/00010,6,P100819,4,1203.94,SALE,2024-07-25T19:49:15,S05,20240725
S05/20240725/00010,7,P106443,3,52.87,SALE,2024-07-25T19:49:15,S05,20240725
S05/20240725/00010,8,TAX,1,474.45,TAX,2024-07-25T19:49:15,S05,20240725
S05/20240725/00010,9,TENDER,1,8954.81,TENDER,2024-07-25T19:49:15,S05,20240725
S05/20240725/00011,1,P100911,1,71.10,SALE,2024-07-25T09:40:38,S05,20240725
S05/20240725/00011,2,P101184,1,64.09,SALE,2024-07-25T09:40:38,S05,20240725
S05/20240725/00011,3,P100387,2,116.37,SALE,2024-07-25T09:40:38,S05,20240725
S05/20240725/00011,4,P107502,1,311.85,SALE,2024-07-25T09:40:38,S05,20240725
S05/20240725/00011,5,P103299,3,220.95,SALE,2024-07-25T09:40:38,S05,20240725
S05/20240725/00011,6,TAX,1,198.33,TAX,2024-07-25T09:40:38,S05,20240725
S05/20240725/00011,7,TENDER,1,1540.96,TENDER,2024-07-25T09:40:38,S05,20240725
S05/20240725/00012,1,P106900,1,179.85,SALE,2024-07-25T15:18:27,S05,20240725
S05/20240725/00012,2,P100164,3,594.91,SALE,2024-07-25T15:18:27,S05,20240725
S05/20240725/00012,3,TAX,1,330.24,TAX,2024-07-25T15:18:27,S05,20240725
S05/20240725/00012,4,TENDER,1,2294.82,TENDER,2024-07-25T15:18:27,S05,20240725
S05/20240725/00013,1,P100112,3,91.95,SALE,2024-07-25T19:52:43,S05,20240725
S05/20240725/00013,2,P104462,3,86.38,SALE,2024-07-25T19:52:43,S05,20240725
S05/20240725/00013,3,P102581,1,189.36,SALE,2024-07-25T19:52:43,S05,20240725
S05/20240725/00013,4,P100519,3,365.61,SALE,2024-07-25T19:52:43,S05,20240725
S05/20240725/00013,5,P106151,2,298.42,SALE,2024-07-25T19:52:43,S05,20240725
S05/20240725/00013,6,TAX,1,275.32,TAX,2024-07-25T19:52:43,S05,20240725
S05/20240725/00013,7,TENDER,1,2693.34,TENDER,2024-07-25T19:52:43,S05,20240725
S05/20240725/00014,1,P100499,1,234.95,SALE,2024-07-25T20:09:25,S05,20240725
S05/20240725/00014,2,DISC,1,-7.89,DISCOUNT,2024-07-25T20:09:25,S05,20240725
S05/20240725/00014,3,TAX,1,27.25,TAX,2024-07-25T20:09:25,S05,20240725
S05/20240725/00014,4,TENDER,1,254.31,TENDER,2024-07-25T20:09:25,S05,20240725
S05/20240725/00015,1,P104600,1,51.61,SALE,2024-07-25T20:29:15,S05,20240725
S05/20240725/00015,2,P108206,2,82.25,SALE,2024-07-25T20:29:15,S05,20240725
S05/20240725/00015,3,P107743,2,197.87,SALE,2024-07-25T20:29:15,S05,20240725
S05/20240725/00015,4,P100974,1,41.35,SALE,2024-07-25T20:29:15,S05,20240725
S05/20240725/00015,5,P102166,3,52.54,SALE,2024-07-25T20:29:15,S05,20240725
S05/20240725/00015,6,P103620,1,474.03,SALE,2024-07-25T20:29:15,S05,20240725
S05/20240725/00015,7,P108162,1,257.55,SALE,2024-07-25T20:29:15,S05,20240725
S05/20240725/00015,8,P104155,2,144.69,SALE,2024-07-25T20:29:15,S05,20240725
S05/20240725/00015,9,TAX,1,93.39,TAX,2024-07-25T20:29:15,S05,20240725
S05/20240725/00015,10,TENDER,1,1925.17,TENDER,2024-07-25T20:29:15,S05,20240725
S05/20240726/00001,1,P105897,3,249.03,SALE,2024-07-26T11:22:44,S05,20240726
S05/20240726/00001,2,P102724,1,391.04,SALE,2024-07-26T11:22:44,S05,20240726
S05/20240726/00001,3,P100135,1,63.52,SALE,2024-07-26T11:22:44,S05,20240726
S05/20240726/00001,4,P102972,1,250.10,SALE,2024-07-26T11:22:44,S05,20240726
S05/20240726/00001,5,P104501,2,449.67,SALE,2024-07-26T11:22:44,S05,20240726
S05/20240726/00001,6,TAX,1,193.23,TAX,2024-07-26T11:22:44,S05,20240726
S05/20240726/00001,7,TENDER,1,2544.32,TENDER,2024-07-26T11:22:44,S05,20240726
S05/20240726/00002,1,P102516,1,1272.67,SALE,2024-07-26T19:46:20,S05,20240726
S05/20240726/00002,2,P101213,2,232.84,SALE,2024-07-26T19:46:20,S05,20240726
S05/20240726/00002,3,P102321,3,35.15,SALE,2024-07-26T19:46:20,S05,20240726
S05/20240726/00002,4,TAX,1,160.11,TAX,2024-07-26T19:46:20,S05,20240726
S05/20240726/00002,5,TENDER,1,2003.91,TENDER,2024-07-26T19:46:20,S05,20240726
S05/20240726/00003,1,P105017,3,212.97,SALE,2024-07-26T20:08:20,S05,20240726
S05/20240726/00003,2,P108046,2,95.35,SALE,2024-07-26T20:08:20,S05,20240726
S05/20240726/00003,3,P100172,2,196.62,SALE,2024-07-26T20:08:20,S05,20240726
S05/20240726/00003,4,P106710,1,98.77,SALE,2024-07-26T20:08:20,S05,20240726
S05/20240726/00003,5,P104820,1,207.26,SALE,2024-07-26T20:08:20,S05,20240726
S05/20240726/00003,6,TAX,1,224.08,TAX,2024-07-26T20:08:20,S05,20240726
S05/20240726/00003,7,TENDER,1,1752.96,TENDER,2024-07-26T20:08:20,S05,20240726
S05/20240726/00004,1,P107301,1,945.94,SALE,2024-07-26T14:26:21,S05,20240726
S05/20240726/00004,2,P108272,3,119.46,SALE,2024-07-26T14:26:21,S05,20240726
S05/20240726/00004,3,P101174,2,52.32,SALE,2024-07-26T14:26:21,S05,20240726
S05/20240726/00004,4,TAX,1,48.24,TAX,2024-07-26T14:26:21,S05,20240726
S05/20240726/00004,5,TENDER,1,1457.20,TENDER,2024-07-26T14:26:21,S05,20240726
S05/20240726/00005,1,P104956,4,133.95,SALE,2024-07-26T20:53:20,S05,20240726
S05/20240726/00005,2,P101940,2,200.74,SALE,2024-07-26T20:53:20,S05,20240726
S05/20240726/00005,3,P102947,2,59.21,SALE,2024-07-26T20:53:20,S05,20240726
S05/20240726/00005,4,P107621,2,119.64,SALE,2024-07-26T20:53:20,S05,20240726
S05/20240726/00005,5,TAX,1,144.62,TAX,2024-07-26T20:53:20,S05,20240726
S05/20240726/00005,6,TENDER,1,1439.60,TENDER,2024-07-26T20:53:20,S05,20240726
S05/20240726/00006,1,P106865,2,299.72,SALE,2024-07-26T15:08:30,S05,20240726
S05/20240726/00006,2,P108346,5,478.23,SALE,2024-07-26T15:08:30,S05,20240726
S05/20240726/00006,3,P105868,1,68.91,SALE,2024-07-26T15:08:30,S05,20240726
S05/20240726/00006,4,P101237,1,278.87,SALE,2024-07-26T15:08:30,S05,20240726
S05/20240726/00006,5,P103096,3,277.95,SALE,2024-07-26T15:08:30,S05,20240726
S05/20240726/00006,6,TAX,1,414.46,TAX,2024-07-26T15:08:30,S05,20240726
S05/20240726/00006,7,TENDER,1,4586.68,TENDER,2024-07-26T15:08:30,S05,20240726
S05/20240726/00007,1,P101106,1,542.84,SALE,2024-07-26T15:17:14,S05,20240726
S05/20240726/00007,2,P107502,1,311.85,SALE,2024-07-26T15:17:14,S05,20240726
S05/20240726/00007,3,P108050,1,1178.10,SALE,2024-07-26T15:17:14,S05,20240726
S05/20240726/00007,4,TAX,1,142.18,TAX,2024-07-26T15:17:14,S05,20240726
S05/20240726/00007,5,TENDER,1,2174.97,TENDER,2024-07-26T15:17:14,S05,20240726
S05/20240726/00008,1,P105252,1,11.87,SALE,2024-07-26T15:00:04,S05,20240726
S05/20240726/00008,2,P101272,1,96.70,SALE,2024-07-26T15:00:04,S05,20240726
S05/20240726/00008,3,P105918,3,294.44,SALE,2024-07-26T15:00:04,S05,20240726
S05/20240726/00008,4,P100974,1,41.35,SALE,2024-07-26T15:00:04,S05,20240726
S05/20240726/00008,5,P108191,1,309.71,SALE,2024-07-26T15:00:04,S05,20240726
S05/20240726/00008,6,DISC,1,-105.28,DISCOUNT,2024-07-26T15:00:04,S05,20240726
S05/20240726/00008,7,TAX,1,169.14,TAX,2024-07-26T15:00:04,S05,20240726
S05/20240726/00008,8,TENDER,1,1406.81,TENDER,2024-07-26T15:00:04,S05,20240726
S05/20240726/00009,1,P101982,2,366.95,SALE,2024-07-26T23:26:29,S05,20240726
S05/20240726/00009,2,P100112,3,90.37,SALE,2024-07-26T23:26:29,S05,20240726
S05/20240726/00009,3,P105433,2,144.32,SALE,2024-07-26T23:26:29,S05,20240726
S05/20240726/00009,4,P104800,2,692.51,SALE,2024-07-26T23:26:29,S05,20240726
S05/20240726/00009,5,P100577,4,277.95,SALE,2024-07-26T23:26:29,S05,20240726
S05/20240726/00009,6,P106671,1,101.77,SALE,2024-07-26T23:26:29,S05,20240726
S05/20240726/00009,7,TAX,1,604.27,TAX,2024-07-26T23:26:29,S05,20240726
S05/20240726/00009,8,TENDER,1,4496.51,TENDER,2024-07-26T23:26:29,S05,20240726
S05/20240726/00010,1,P107795,4,286.95,SALE,2024-07-26T16:17:23,S05,20240726
S05/20240726/00010,2,P105775,1,104.41,SALE,2024-07-26T16:17:23,S05,20240726
S05/20240726/00010,3,P106015,3,150.41,SALE,2024-07-26T16:17:23,S05,20240726
S05/20240726/00010,4,TAX,1,191.88,TAX,2024-07-26T16:17:23,S05,20240726
S05/20240726/00010,5,TENDER,1,1895.32,TENDER,2024-07-26T16:17:23,S05,20240726
S05/20240726/00011,1,P105167,2,826.20,SALE,2024-07-26T14:27:52,S05,20240726
S05/20240726/00011,2,P101225,1,452.38,SALE,2024-07-26T14:27:52,S05,20240726
S05/20240726/00011,3,P105280,2,220.35,SALE,2024-07-26T14:27:52,S05,20240726
S05/20240726/00011,4,P105890,2,1196.88,SALE,2024-07-26T14:27:52,S05,20240726
S05/20240726/00011,5,P104921,2,421.02,SALE,2024-07-26T14:27:52,S05,20240726
S05/20240726/00011,6,TAX,1,430.20,TAX,2024-07-26T14:27:52,S05,20240726
S05/20240726/00011,7,TENDER,1,6211.48,TENDER,2024-07-26T14:27:52,S05,20240726
S05/20240726/00012,1,P103701,3,1171.33,SALE,2024-07-26T11:39:49,S05,20240726
S05/20240726/00012,2,P103766,1,207.53,SALE,2024-07-26T11:39:49,S05,20240726
S05/20240726/00012,3,P101911,2,1431.80,SALE,2024-07-26T11:39:49,S05,20240726
S05/20240726/00012,4,TAX,1,186.08,TAX,2024-07-26T11:39:49,S05,20240726
S05/20240726/00012,5,TENDER,1,6771.20,TENDER,2024-07-26T11:39:49,S05,20240726
S05/20240726/00013,1,P105176,4,509.66,SALE,2024-07-26T13:59:19,S05,20240726
S05/20240726/00013,2,P107047,1,413.27,SALE,2024-07-26T13:59:19,S05,20240726
S05/20240726/00013,3,P108135,1,539.95,SALE,2024-07-26T13:59:19,S05,20240726
S05/20240726/00013,4,P100348,1,478.95,SALE,2024-07-26T13:59:19,S05,20240726
S05/20240726/00013,5,P101762,2,529.95,SALE,2024-07-26T13:59:19,S05,20240726
S05/20240726/00013,6,P103861,2,52.95,SALE,2024-07-26T13:59:19,S05,20240726
S05/20240726/00013,7,P101201,1,45.00,SALE,2024-07-26T13:59:19,S05,20240726
S05/20240726/00013,8,DISC,1,-304.87,DISCOUNT,2024-07-26T13:59:19,S05,20240726
S05/20240726/00013,9,TAX,1,537.77,TAX,2024-07-26T13:59:19,S05,20240726
S05/20240726/00013,10,TENDER,1,4914.51,TENDER,2024-07-26T13:59:19,S05,20240726
S05/20240726/00014,1,P107960,2,1047.81,SALE,2024-07-26T15:29:47,S05,20240726
S05/20240726/00014,2,TAX,1,251.47,TAX,2024-07-26T15:29:47,S05,20240726
S05/20240726/00014,3,TENDER,1,2347.09,TENDER,2024-07-26T15:29:47,S05,20240726
S05/20240726/00015,1,P101345,1,77.54,SALE,2024-07-26T13:40:06,S05,20240726
S05/20240726/00015,2,P104606,2,90.58,SALE,2024-07-26T13:40:06,S05,20240726
S05/20240726/00015,3,P108076,4,145.31,SALE,2024-07-26T13:40:06,S05,20240726
S05/20240726/00015,4,P107508,4,1450.59,SALE,2024-07-26T13:40:06,S05,20240726
S05/20240726/00015,5,P100250,5,544.91,SALE,2024-07-26T13:40:06,S05,20240726
S05/20240726/00015,6,P104266,3,408.96,SALE,2024-07-26T13:40:06,S05,20240726
S05/20240726/00015,7,P102129,3,252.76,SALE,2024-07-26T13:40:06,S05,20240726
S05/20240726/00015,8,TAX,1,1221.50,TAX,2024-07-26T13:40:06,S05,20240726
S05/20240726/00015,9,TENDER,1,12573.51,TENDER,2024-07-26T13:40:06,S05,20240726
S05/20240726/00016,1,P100911,1,71.10,SALE,2024-07-26T22:37:45,S05,20240726
S05/20240726/00016,2,P105698,4,194.14,SALE,2024-07-26T22:37:45,S05,20240726
S05/20240726/00016,3,P104909,1,363.10,SALE,2024-07-26T22:37:45,S05,20240726
S05/20240726/00016,4,P100536,1,471.52,SALE,2024-07-26T22:37:45,S05,20240726
S05/20240726/00016,5,P100074,2,57.78,SALE,2024-07-26T22:37:45,S05,20240726
S05/20240726/00016,6,TAX,1,233.99,TAX,2024-07-26T22:37:45,S05,20240726
S05/20240726/00016,7,TENDER,1,2031.83,TENDER,2024-07-26T22:37:45,S05,20240726
S05/20240726/00017,1,P101740,3,855.00,SALE,2024-07-26T13:10:38,S05,20240726
S05/20240726/00017,2,P101974,1,302.00,SALE,2024-07-26T13:10:38,S05,20240726
S05/20240726/00017,3,P107597,3,519.83,SALE,2024-07-26T13:10:38,S05,20240726
S05/20240726/00017,4,P100911,1,71.10,SALE,2024-07-26T13:10:38,S05,20240726
S05/20240726/00017,5,P102559,2,86.19,SALE,2024-07-26T13:10:38,S05,20240726
S05/20240726/00017,6,P107078,2,111.95,SALE,2024-07-26T13:10:38,S05,20240726
S05/20240726/00017,7,P105553,1,764.76,SALE,2024-07-26T13:10:38,S05,20240726
S05/20240726/00017,8,P108131,3,611.06,SALE,2024-07-26T13:10:38,S05,20240726
S05/20240726/00017,9,TAX,1,327.94,TAX,2024-07-26T13:10:38,S05,20240726
S05/20240726/00017,10,TENDER,1,7819.75,TENDER,2024-07-26T13:10:38,S05,20240726
S05/20240726/00018,1,P107266,3,69.30,SALE,2024-07-26T12:48:22,S05,20240726
S05/20240726/00018,2,TAX,1,10.40,TAX,2024-07-26T12:48:22,S05,20240726
S05/20240726/00018,3,TENDER,1,218.30,TENDER,2024-07-26T12:48:22,S05,20240726
S05/20240726/00019,1,P106106,3,219.14,SALE,2024-07-26T14:51:24,S05,20240726
S05/20240726/00019,2,P103958,2,30.95,SALE,2024-07-26T14:51:24,S05,20240726
S05/20240726/00019,3,P107094,3,87.94,SALE,2024-07-26T14:51:24,S05,20240726
S05/20240726/00019,4,P107337,1,429.21,SALE,2024-07-26T14:51:24,S05,20240726
S05/20240726/00019,5,P103749,2,16.85,SALE,2024-07-26T14:51:24,S05,20240726
S05/20240726/00019,6,TAX,1,204.49,TAX,2024-07-26T14:51:24,S05,20240726
S05/20240726/00019,7,TENDER,1,1650.54,TENDER,2024-07-26T14:51:24,S05,20240726
S05/20240726/00020,1,P100086,3,84.50,SALE,2024-07-26T23:56:01,S05,20240726
S05/20240726/00020,2,P100428,2,122.83,SALE,2024-07-26T23:56:01,S05,20240726
S05/20240726/00020,3,TAX,1,12.68,TAX,2024-07-26T23:56:01,S05,20240726
S05/20240726/00020,4,TENDER,1,511.84,TENDER,2024-07-26T23:56:01,S05,20240726
S05/20240726/00021,1,P103406,2,1248.48,SALE,2024-07-26T17:28:31,S05,20240726
S05/20240726/00021,2,P103062,3,179.06,SALE,2024-07-26T17:28:31,S05,20240726
S05/20240726/00021,3,P102342,3,107.02,SALE,2024-07-26T17:28:31,S05,20240726
S05/20240726/00021,4,TAX,1,365.02,TAX,2024-07-26T17:28:31,S05,20240726
S05/20240726/00021,5,TENDER,1,3720.22,TENDER,2024-07-26T17:28:31,S05,20240726
S05/20240726/00022,1,P104139,3,202.92,SALE,2024-07-26T16:41:17,S05,20240726
S05/20240726/00022,2,P106942,2,169.95,SALE,2024-07-26T16:41:17,S05,20240726
S05/20240726/00022,3,P100911,1,71.10,SALE,2024-07-26T16:41:17,S05,20240726
S05/20240726/00022,4,P103964,1,134.21,SALE,2024-07-26T16:41:17,S05,20240726
S05/20240726/00022,5,P102074,1,415.90,SALE,2024-07-26T16:41:17,S05,20240726
S05/20240726/00022,6,P102903,1,51.46,SALE,2024-07-26T16:41:17,S05,20240726
S05/20240726/00022,7,TAX,1,57.32,TAX,2024-07-26T16:41:17,S05,20240726
S05/20240726/00022,8,TENDER,1,1678.65,TENDER,2024-07-26T16:41:17,S05,20240726
S05/20240726/00023,1,P108262,1,592.59,SALE,2024-07-26T19:24:26,S05,20240726
S05/20240726/00023,2,P104219,2,249.74,SALE,2024-07-26T19:24:26,S05,20240726
S05/20240726/00023,3,P105757,3,248.44,SALE,2024-07-26T19:24:26,S05,20240726
S05/20240726/00023,4,P101048,2,208.35,SALE,2024-07-26T19:24:26,S05,20240726
S05/20240726/00023,5,TAX,1,224.70,TAX,2024-07-26T19:24:26,S05,20240726
S05/20240726/00023,6,TENDER,1,2478.79,TENDER,2024-07-26T19:24:26,S05,20240726
S05/20240726/00024,1,P108135,3,539.95,SALE,2024-07-26T20:12:58,S05,20240726
S05/20240726/00024,2,P105511,3,310.12,SALE,2024-07-26T20:12:58,S05,20240726
S05/20240726/00024,3,TAX,1,167.46,TAX,2024-07-26T20:12:58,S05,20240726
S05/20240726/00024,4,TENDER,1,2717.67,TENDER,2024-07-26T20:12:58,S05,20240726
S05/20240726/00025,1,P103504,3,361.87,SALE,2024-07-26T21:02:01,S05,20240726
S05/20240726/00025,2,P100135,3,63.52,SALE,2024-07-26T21:02:01,S05,20240726
S05/20240726/00025,3,P105980,1,263.95,SALE,2024-07-26T21:02:01,S05,20240726
S05/20240726/00025,4,P106669,2,102.72,SALE,2024-07-26T21:02:01,S05,20240726
S05/20240726/00025,5,P100959,4,280.97,SALE,2024-07-26T21:02:01,S05,20240726
S05/20240726/00025,6,TAX,1,384.05,TAX,2024-07-26T21:02:01,S05,20240726
S05/20240726/00025,7,TENDER,1,3253.49,TENDER,2024-07-26T21:02:01,S05,20240726
S05/20240726/00026,1,P102060,3,165.83,SALE,2024-07-26T21:27:56,S05,20240726
S05/20240726/00026,2,P102142,1,93.89,SALE,2024-07-26T21:27:56,S05,20240726
S05/20240726/00026,3,P101613,1,117.31,SALE,2024-07-26T21:27:56,S05,20240726
S05/20240726/00026,4,P103978,1,347.08,SALE,2024-07-26T21:27:56,S05,20240726
S05/20240726/00026,5,TAX,1,43.16,TAX,2024-07-26T21:27:56,S05,20240726
S05/20240726/00026,6,TENDER,1,1098.93,TENDER,2024-07-26T21:27:56,S05,20240726
S05/20240726/00027,1,P104212,1,422.34,SALE,2024-07-26T17:40:42,S05,20240726
S05/20240726/00027,2,P101174,1,52.32,SALE,2024-07-26T17:40:42,S05,20240726
S05/20240726/00027,3,P106566,1,251.68,SALE,2024-07-26T17:40:42,S05,20240726
S05/20240726/00027,4,P106258,3,423.67,SALE,2024-07-26T17:40:42,S05,20240726
S05/20240726/00027,5,P104011,2,657.72,SALE,2024-07-26T17:40:42,S05,20240726
S05/20240726/00027,6,TAX,1,253.26,TAX,2024-07-26T17:40:42,S05,20240726
S05/20240726/00027,7,TENDER,1,3566.05,TENDER,2024-07-26T17:40:42,S05,20240726
S05/20240726/00028,1,P105009,1,65.38,SALE,2024-07-26T17:39:13,S05,20240726
S05/20240726/00028,2,P104811,1,113.95,SALE,2024-07-26T17:39:13,S05,20240726
S05/20240726/00028,3,P108319,1,253.21,SALE,2024-07-26T17:39:13,S05,20240726
S05/20240726/00028,4,P107822,2,69.77,SALE,2024-07-26T17:39:13,S05,20240726
S05/20240726/00028,5,TAX,1,70.06,TAX,2024-07-26T17:39:13,S05,20240726
S05/20240726/00028,6,TENDER,1,642.14,TENDER,2024-07-26T17:39:13,S05,20240726
S05/20240726/00029,1,P105127,2,62.95,SALE,2024-07-26T21:50:17,S05,20240726
S05/20240726/00029,2,P106209,3,182.34,SALE,2024-07-26T21:50:17,S05,20240726
S05/20240726/00029,3,P104526,2,340.46,SALE,2024-07-26T21:50:17,S05,20240726
S05/20240726/00029,4,P100387,2,116.37,SALE,2024-07-26T21:50:17,S05,20240726
S05/20240726/00029,5,P107933,2,1146.02,SALE,2024-07-26T21:50:17,S05,20240726
S05/20240726/00029,6,P106228,2,43.95,SALE,2024-07-26T21:50:17,S05,20240726
S05/20240726/00029,7,TAX,1,408.49,TAX,2024-07-26T21:50:17,S05,20240726
S05/20240726/00029,8,TENDER,1,4375.01,TENDER,2024-07-26T21:50:17,S05,20240726
S05/20240726/00030,1,P101164,1,401.86,SALE,2024-07-26T20:57:50,S05,20240726
S05/20240726/00030,2,P104121,3,130.95,SALE,2024-07-26T20:57:50,S05,20240726
S05/20240726/00030,3,P101894,1,668.48,SALE,2024-07-26T20:57:50,S05,20240726
S05/20240726/00030,4,P106426,2,149.87,SALE,2024-07-26T20:57:50,S05,20240726
S05/20240726/00030,5,TAX,1,277.22,TAX,2024-07-26T20:57:50,S05,20240726
S05/20240726/00030,6,TENDER,1,2040.15,TENDER,2024-07-26T20:57:50,S05,20240726
S05/20240726/00031,1,P104378,2,95.33,SALE,2024-07-26T14:20:25,S05,20240726
S05/20240726/00031,2,P104921,2,421.02,SALE,2024-07-26T14:20:25,S05,20240726
S05/20240726/00031,3,P101720,2,44.26,SALE,2024-07-26T14:20:25,S05,20240726
S05/20240726/00031,4,P105433,2,144.32,SALE,2024-07-26T14:20:25,S05,20240726
S05/20240726/00031,5,P107126,3,75.95,SALE,2024-07-26T14:20:25,S05,20240726
S05/20240726/00031,6,P108060,4,217.09,SALE,2024-07-26T14:20:25,S05,20240726
S05/20240726/00031,7,P100456,1,982.47,SALE,2024-07-26T14:20:25,S05,20240726
S05/20240726/00031,8,P101570,1,288.76,SALE,2024-07-26T14:20:25,S05,20240726
S05/20240726/00031,9,P101321,2,24.76,SALE,2024-07-26T14:20:25,S05,20240726
S05/20240726/00031,10,P102074,2,415.90,SALE,2024-07-26T14:20:25,S05,20240726
S05/20240726/00031,11,DISC,1,-300.70,DISCOUNT,2024-07-26T14:20:25,S05,20240726
S05/20240726/00031,12,TAX,1,513.33,TAX,2024-07-26T14:20:25,S05,20240726
S05/20240726/00031,13,TENDER,1,4871.25,TENDER,2024-07-26T14:20:25,S05,20240726
S05/20240726/00032,1,P107597,1,519.83,SALE,2024-07-26T15:00:55,S05,20240726
S05/20240726/00032,2,P106927,2,140.95,SALE,2024-07-26T15:00:55,S05,20240726
S05/20240726/00032,3,P106443,1,52.87,SALE,2024-07-26T15:00:55,S05,20240726
S05/20240726/00032,4,P106830,2,103.94,SALE,2024-07-26T15:00:55,S05,20240726
S05/20240726/00032,5,P100761,1,51.26,SALE,2024-07-26T15:00:55,S05,20240726
S05/20240726/00032,6,P101470,2,190.82,SALE,2024-07-26T15:00:55,S05,20240726
S05/20240726/00032,7,P101990,2,408.52,SALE,2024-07-26T15:00:55,S05,20240726
S05/20240726/00032,8,DISC,1,-58.30,DISCOUNT,2024-07-26T15:00:55,S05,20240726
S05/20240726/00032,9,TAX,1,176.20,TAX,2024-07-26T15:00:55,S05,20240726
S05/20240726/00032,10,TENDER,1,2430.32,TENDER,2024-07-26T15:00:55,S05,20240726
S05/20240727/00001,1,P103168,1,923.59,SALE,2024-07-27T21:59:57,S05,20240727
S05/20240727/00001,2,P106844,1,23.44,SALE,2024-07-27T21:59:57,S05,20240727
S05/20240727/00001,3,P105198,3,15.39,SALE,2024-07-27T21:59:57,S05,20240727
S05/20240727/00001,4,P107890,4,133.07,SALE,2024-07-27T21:59:57,S05,20240727
S05/20240727/00001,5,P100911,1,71.10,SALE,2024-07-27T21:59:57,S05,20240727
S05/20240727/00001,6,P100308,3,289.31,SALE,2024-07-27T21:59:57,S05,20240727
S05/20240727/00001,7,P103382,2,196.46,SALE,2024-07-27T21:59:57,S05,20240727
S05/20240727/00001,8,TAX,1,274.56,TAX,2024-07-27T21:59:57,S05,20240727
S05/20240727/00001,9,TENDER,1,3131.99,TENDER,2024-07-27T21:59:57,S05,20240727
S05/20240727/00002,1,P104802,2,194.24,SALE,2024-07-27T16:30:09,S05,20240727
S05/20240727/00002,2,TAX,1,69.93,TAX,2024-07-27T16:30:09,S05,20240727
S05/20240727/00002,3,TENDER,1,458.41,TENDER,2024-07-27T16:30:09,S05,20240727
S05/20240727/00003,1,P102714,1,80.41,SALE,2024-07-28T00:41:12,S05,20240727
S05/20240727/00003,2,P102794,4,416.24,SALE,2024-07-28T00:41:12,S05,20240727
S05/20240727/00003,3,P102485,2,202.08,SALE,2024-07-28T00:41:12,S05,20240727
S05/20240727/00003,4,P105729,1,68.08,SALE,2024-07-28T00:41:12,S05,20240727
S05/20240727/00003,5,P100469,4,49.80,SALE,2024-07-28T00:41:12,S05,20240727
S05/20240727/00003,6,TAX,1,52.07,TAX,2024-07-28T00:41:12,S05,20240727
S05/20240727/00003,7,TENDER,1,2468.88,TENDER,2024-07-28T00:41:12,S05,20240727
S05/20240727/00004,1,P105609,2,817.71,SALE,2024-07-27T10:38:54,S05,20240727
S05/20240727/00004,2,P102321,1,35.15,SALE,2024-07-27T10:38:54,S05,20240727
S05/20240727/00004,3,P101940,1,200.74,SALE,2024-07-27T10:38:54,S05,20240727
S05/20240727/00004,4,P106584,1,247.63,SALE,2024-07-27T10:38:54,S05,20240727
S05/20240727/00004,5,TAX,1,28.31,TAX,2024-07-27T10:38:54,S05,20240727
S05/20240727/00004,6,TENDER,1,2147.25,TENDER,2024-07-27T10:38:54,S05,20240727
S05/20240727/00005,1,P100649,3,628.39,SALE,2024-07-27T19:18:38,S05,20240727
S05/20240727/00005,2,P103259,3,298.27,SALE,2024-07-27T19:18:38,S05,20240727
S05/20240727/00005,3,P100840,1,248.08,SALE,2024-07-27T19:18:38,S05,20240727
S05/20240727/00005,4,P106671,1,101.77,SALE,2024-07-27T19:18:38,S05,20240727
S05/20240727/00005,5,TAX,1,144.00,TAX,2024-07-27T19:18:38,S05,20240727
S05/20240727/00005,6,TENDER,1,3273.83,TENDER,2024-07-27T19:18:38,S05,20240727
S05/20240727/00006,1,P105575,3,475.41,SALE,2024-07-27T13:11:08,S05,20240727
S05/20240727/00006,2,P100469,3,49.80,SALE,2024-07-27T13:11:08,S05,20240727
S05/20240727/00006,3,P105288,2,271.73,SALE,2024-07-27T13:11:08,S05,20240727
S05/20240727/00006,4,P102772,4,151.97,SALE,2024-07-27T13:11:08,S05,20240727
S05/20240727/00006,5,P102263,1,116.79,SALE,2024-07-27T13:11:08,S05,20240727
S05/20240727/00006,6,TAX,1,123.19,TAX,2024-07-27T13:11:08,S05,20240727
S05/20240727/00006,7,TENDER,1,2966.95,TENDER,2024-07-27T13:11:08,S05,20240727
S05/20240727/00007,1,P103530,2,427.69,SALE,2024-07-27T15:33:49,S05,20240727
S05/20240727/00007,2,P101660,2,193.14,SALE,2024-07-27T15:33:49,S05,20240727
S05/20240727/00007,3,P105003,3,285.67,SALE,2024-07-27T15:33:49,S05,20240727
S05/20240727/00007,4,P104401,1,207.51,SALE,2024-07-27T15:33:49,S05,20240727
S05/20240727/00007,5,TAX,1,352.45,TAX,2024-07-27T15:33:49,S05,20240727
S05/20240727/00007,6,TENDER,1,2658.63,TENDER,2024-07-27T15:33:49,S05,20240727
S05/20240727/00008,1,P102738,3,236.55,SALE,2024-07-27T14:42:02,S05,20240727
S05/20240727/00008,2,P102480,2,198.67,SALE,2024-07-27T14:42:02,S05,20240727
S05/20240727/00008,3,P100560,2,176.85,SALE,2024-07-27T14:42:02,S05,20240727
S05/20240727/00008,4,P102219,3,726.06,SALE,2024-07-27T14:42:02,S05,20240727
S05/20240727/00008,5,P108234,1,33.09,SALE,2024-07-27T14:42:02,S05,20240727
S05/20240727/00008,6,P108097,2,83.76,SALE,2024-07-27T14:42:02,S05,20240727
S05/20240727/00008,7,P106239,1,803.36,SALE,2024-07-27T14:42:02,S05,20240727
S05/20240727/00008,8,TAX,1,282.44,TAX,2024-07-27T14:42:02,S05,20240727
S05/20240727/00008,9,TENDER,1,4925.28,TENDER,2024-07-27T14:42:02,S05,20240727
S05/20240727/00009,1,P105971,3,1150.46,SALE,2024-07-27T09:26:10,S05,20240727
S05/20240727/00009,2,P103473,4,424.75,SALE,2024-07-27T09:26:10,S05,20240727
S05/20240727/00009,3,P107621,1,119.64,SALE,2024-07-27T09:26:10,S05,20240727
S05/20240727/00009,4,P102691,2,219.72,SALE,2024-07-27T09:26:10,S05,20240727
S05/20240727/00009,5,TAX,1,398.42,TAX,2024-07-27T09:26:10,S05,20240727
S05/20240727/00009,6,TENDER,1,6107.88,TENDER,2024-07-27T09:26:10,S05,20240727
S05/20240727/00010,1,P106464,2,271.59,SALE,2024-07-27T15:52:41,S05,20240727
S05/20240727/00010,2,P100483,4,933.37,SALE,2024-07-27T15:52:41,S05,20240727
S05/20240727/00010,3,P101201,3,45.00,SALE,2024-07-27T15:52:41,S05,20240727
S05/20240727/00010,4,P104242,1,308.27,SALE,2024-07-27T15:52:41,S05,20240727
S05/20240727/00010,5,P107094,2,87.94,SALE,2024-07-27T15:52:41,S05,20240727
S05/20240727/00010,6,TAX,1,140.58,TAX,2024-07-27T15:52:41,S05,20240727
S05/20240727/00010,7,TENDER,1,5036.39,TENDER,2024-07-27T15:52:41,S05,20240727
S05/20240727/00011,1,P108379,1,305.48,SALE,2024-07-27T23:25:11,S05,20240727
S05/20240727/00011,2,P101570,4,288.76,SALE,2024-07-27T23:25:11,S05,20240727
S05/20240727/00011,3,P102375,2,487.64,SALE,2024-07-27T23:25:11,S05,20240727
S05/20240727/00011,4,P105418,2,257.82,SALE,2024-07-27T23:25:11,S05,20240727
S05/20240727/00011,5,P103397,1,371.02,SALE,2024-07-27T23:25:11,S05,20240727
S05/20240727/00011,6,TAX,1,443.63,TAX,2024-07-27T23:25:11,S05,20240727
S05/20240727/00011,7,TENDER,1,3766.09,TENDER,2024-07-27T23:25:11,S05,20240727
S05/20240727/00012,1,P101533,3,1020.37,SALE,2024-07-27T22:09:14,S05,20240727
S05/20240727/00012,2,P104844,4,553.13,SALE,2024-07-27T22:09:14,S05,20240727
S05/20240727/00012,3,P102230,2,340.01,SALE,2024-07-27T22:09:14,S05,20240727
S05/20240727/00012,4,TAX,1,600.36,TAX,2024-07-27T22:09:14,S05,20240727
S05/20240727/00012,5,TENDER,1,6554.01,TENDER,2024-07-27T22:09:14,S05,20240727
S05/20240727/00013,1,P105971,2,1150.46,SALE,2024-07-27T15:10:14,S05,20240727
S05/20240727/00013,2,P107381,5,195.99,SALE,2024-07-27T15:10:14,S05,20240727
S05/20240727/00013,3,P101690,1,1044.81,SALE,2024-07-27T15:10:14,S05,20240727
S05/20240727/00013,4,TAX,1,284.88,TAX,2024-07-27T15:10:14,S05,20240727
S05/20240727/00013,5,TENDER,1,4610.56,TENDER,2024-07-27T15:10:14,S05,20240727
S05/20240727/00014,1,P101018,2,136.50,SALE,2024-07-27T08:41:31,S05,20240727
S05/20240727/00014,2,P101117,4,203.24,SALE,2024-07-27T08:41:31,S05,20240727
S05/20240727/00014,3,P101174,2,52.32,SALE,2024-07-27T08:41:31,S05,20240727
S05/20240727/00014,4,P104688,3,178.09,SALE,2024-07-27T08:41:31,S05,20240727
S05/20240727/00014,5,P101533,4,1020.37,SALE,2024-07-27T08:41:31,S05,20240727
S05/20240727/00014,6,TAX,1,521.72,TAX,2024-07-27T08:41:31,S05,20240727
S05/20240727/00014,7,TENDER,1,6328.07,TENDER,2024-07-27T08:41:31,S05,20240727
S05/20240727/00015,1,P103068,1,151.27,SALE,2024-07-27T11:54:02,S05,20240727
S05/20240727/00015,2,P107549,2,47.87,SALE,2024-07-27T11:54:02,S05,20240727
S05/20240727/00015,3,P106584,1,247.63,SALE,2024-07-27T11:54:02,S05,20240727
S05/20240727/00015,4,DISC,1,-33.05,DISCOUNT,2024-07-27T11:54:02,S05,20240727
S05/20240727/00015,5,TAX,1,23.14,TAX,2024-07-27T11:54:02,S05,20240727
S05/20240727/00015,6,TENDER,1,484.73,TENDER,2024-07-27T11:54:02,S05,20240727
S05/20240727/00016,1,P107472,2,60.81,SALE,2024-07-27T20:28:16,S05,20240727
S05/20240727/00016,2,P104302,3,1255.97,SALE,2024-07-27T20:28:16,S05,20240727
S05/20240727/00016,3,P100519,2,365.61,SALE,2024-07-27T20:28:16,S05,20240727
S05/20240727/00016,4,TAX,1,545.98,TAX,2024-07-27T20:28:16,S05,20240727
S05/20240727/00016,5,TENDER,1,5166.73,TENDER,2024-07-27T20:28:16,S05,20240727
S05/20240727/00017,1,P102581,1,189.36,SALE,2024-07-27T14:50:00,S05,20240727
S05/20240727/00017,2,P102768,2,158.73,SALE,2024-07-27T14:50:00,S05,20240727
S05/20240727/00017,3,P101305,3,110.46,SALE,2024-07-27T14:50:00,S05,20240727
S05/20240727/00017,4,P102903,1,51.46,SALE,2024-07-27T14:50:00,S05,20240727
S05/20240727/00017,5,P100298,2,53.95,SALE,2024-07-27T14:50:00,S05,20240727
S05/20240727/00017,6,TAX,1,140.92,TAX,2024-07-27T14:50:00,S05,20240727
S05/20240727/00017,7,TENDER,1,1138.48,TENDER,2024-07-27T14:50:00,S05,20240727
S05/20240727/00018,1,P107581,1,255.38,SALE,2024-07-27T19:11:05,S05,20240727
S05/20240727/00018,2,P106452,4,28.29,SALE,2024-07-27T19:11:05,S05,20240727
S05/20240727/00018,3,TAX,1,36.30,TAX,2024-07-27T19:11:05,S05,20240727
S05/20240727/00018,4,TENDER,1,404.84,TENDER,2024-07-27T19:11:05,S05,20240727
S05/20240727/00019,1,P105479,1,237.28,SALE,2024-07-27T22:35:11,S05,20240727
S05/20240727/00019,2,P106927,3,140.95,SALE,2024-07-27T22:35:11,S05,20240727
S05/20240727/00019,3,P100560,2,176.85,SALE,2024-07-27T22:35:11,S05,20240727
S05/20240727/00019,4,P102510,2,37.13,SALE,2024-07-27T22:35:11,S05,20240727
S05/20240727/00019,5,P107458,3,1239.88,SALE,2024-07-27T22:35:11,S05,20240727
S05/20240727/00019,6,TAX,1,100.97,TAX,2024-07-27T22:35:11,S05,20240727
S05/20240727/00019,7,TENDER,1,4908.70,TENDER,2024-07-27T22:35:11,S05,20240727
S05/20240727/00020,1,P101037,1,613.83,SALE,2024-07-27T07:10:49,S05,20240727
S05/20240727/00020,2,P107163,3,187.11,SALE,2024-07-27T07:10:49,S05,20240727
S05/20240727/00020,3,P104485,1,643.04,SALE,2024-07-27T07:10:49,S05,20240727
S05/20240727/00020,4,P102207,1,342.36,SALE,2024-07-27T07:10:49,S05,20240727
S05/20240727/00020,5,P103096,1,315.47,SALE,2024-07-27T07:10:49,S05,20240727
S05/20240727/00020,6,P100074,3,57.78,SALE,2024-07-27T07:10:49,S05,20240727
S05/20240727/00020,7,TAX,1,322.26,TAX,2024-07-27T07:10:49,S05,20240727
S05/20240727/00020,8,TENDER,1,2971.63,TENDER,2024-07-27T07:10:49,S05,20240727
S05/20240727/00021,1,P105413,3,158.95,SALE,2024-07-27T19:46:46,S05,20240727
S05/20240727/00021,2,P103465,2,27.30,SALE,2024-07-27T19:46:46,S05,20240727
S05/20240727/00021,3,P107621,2,119.64,SALE,2024-07-27T19:46:46,S05,20240727
S05/20240727/00021,4,P102707,3,440.21,SALE,2024-07-27T19:46:46,S05,20240727
S05/20240727/00021,5,DISC,1,-155.48,DISCOUNT,2024-07-27T19:46:46,S05,20240727
S05/20240727/00021,6,TAX,1,208.76,TAX,2024-07-27T19:46:46,S05,20240727
S05/20240727/00021,7,TENDER,1,2144.64,TENDER,2024-07-27T19:46:46,S05,20240727
S05/20240727/00022,1,P101410,3,936.26,SALE,2024-07-27T11:02:37,S05,20240727
S05/20240727/00022,2,P106244,1,73.94,SALE,2024-07-27T11:02:37,S05,20240727
S05/20240727/00022,3,TAX,1,345.93,TAX,2024-07-27T11:02:37,S05,20240727
S05/20240727/00022,4,TENDER,1,3228.65,TENDER,2024-07-27T11:02:37,S05,20240727
S05/20240727/00023,1,P103806,3,305.95,SALE,2024-07-27T15:01:02,S05,20240727
S05/20240727/00023,2,P106353,3,233.29,SALE,2024-07-27T15:01:02,S05,20240727
S05/20240727/00023,3,P107795,3,286.95,SALE,2024-07-27T15:01:02,S05,20240727
S05/20240727/00023,4,P108338,1,218.68,SALE,2024-07-27T15:01:02,S05,20240727
S05/20240727/00023,5,TAX,1,268.64,TAX,2024-07-27T15:01:02,S05,20240727
S05/20240727/00023,6,TENDER,1,2965.89,TENDER,2024-07-27T15:01:02,S05,20240727
S05/20240727/00024,1,P101634,3,25.05,SALE,2024-07-27T16:10:45,S05,20240727
S05/20240727/00024,2,P103188,3,30.16,SALE,2024-07-27T16:10:45,S05,20240727
S05/20240727/00024,3,TAX,1,29.81,TAX,2024-07-27T16:10:45,S05,20240727
S05/20240727/00024,4,TENDER,1,195.44,TENDER,2024-07-27T16:10:45,S05,20240727
S05/20240727/00025,1,P106669,1,102.72,SALE,2024-07-27T14:42:10,S05,20240727
S05/20240727/00025,2,P100985,3,288.61,SALE,2024-07-27T14:42:10,S05,20240727
S05/20240727/00025,3,P105260,3,72.61,SALE,2024-07-27T14:42:10,S05,20240727
S05/20240727/00025,4,TAX,1,187.13,TAX,2024-07-27T14:42:10,S05,20240727
S05/20240727/00025,5,TENDER,1,1373.51,TENDER,2024-07-27T14:42:10,S05,20240727
S05/20240727/00026,1,P107662,2,330.01,SALE,2024-07-27T13:44:10,S05,20240727
S05/20240727/00026,2,P106833,3,446.47,SALE,2024-07-27T13:44:10,S05,20240727
S05/20240727/00026,3,P105260,1,72.61,SALE,2024-07-27T13:44:10,S05,20240727
S05/20240727/00026,4,P101339,1,222.95,SALE,2024-07-27T13:44:10,S05,20240727
S05/20240727/00026,5,TAX,1,379.76,TAX,2024-07-27T13:44:10,S05,20240727
S05/20240727/00026,6,TENDER,1,2674.75,TENDER,2024-07-27T13:44:10,S05,20240727
S05/20240727/00027,1,P105937,4,259.08,SALE,2024-07-27T15:16:25,S05,20240727
S05/20240727/00027,2,P103096,1,315.47,SALE,2024-07-27T15:16:25,S05,20240727
S05/20240727/00027,3,TAX,1,243.32,TAX,2024-07-27T15:16:25,S05,20240727
S05/20240727/00027,4,TENDER,1,1595.11,TENDER,2024-07-27T15:16:25,S05,20240727
S05/20240727/00028,1,P100456,4,982.47,SALE,2024-07-27T16:24:34,S05,20240727
S05/20240727/00028,2,P102074,4,415.90,SALE,2024-07-27T16:24:34,S05,20240727
S05/20240727/00028,3,P106373,1,48.45,SALE,2024-07-27T16:24:34,S05,20240727
S05/20240727/00028,4,P107508,1,1450.59,SALE,2024-07-27T16:24:34,S05,20240727
S05/20240727/00028,5,TAX,1,456.17,TAX,2024-07-27T16:24:34,S05,20240727
S05/20240727/00028,6,TENDER,1,7548.69,TENDER,2024-07-27T16:24:34,S05,20240727
S05/20240727/00029,1,P104909,6,363.10,SALE,2024-07-27T15:06:18,S05,20240727
S05/20240727/00029,2,P100330,2,188.77,SALE,2024-07-27T15:06:18,S05,20240727
S05/20240727/00029,3,TAX,1,18.88,TAX,2024-07-27T15:06:18,S05,20240727
S05/20240727/00029,4,TENDER,1,2575.02,TENDER,2024-07-27T15:06:18,S05,20240727
S05/20240727/00030,1,P104454,2,47.84,SALE,2024-07-27T08:11:30,S05,20240727
S05/20240727/00030,2,P102546,2,69.95,SALE,2024-07-27T08:11:30,S05,20240727
S05/20240727/00030,3,P103487,2,361.14,SALE,2024-07-27T08:11:30,S05,20240727
S05/20240727/00030,4,P102640,1,241.34,SALE,2024-07-27T08:11:30,S05,20240727
S05/20240727/00030,5,P101048,4,208.35,SALE,2024-07-27T08:11:30,S05,20240727
S05/20240727/00030,6,P101023,1,193.95,SALE,2024-07-27T08:11:30,S05,20240727
S05/20240727/00030,7,TAX,1,211.45,TAX,2024-07-27T08:11:30,S05,20240727
S05/20240727/00030,8,TENDER,1,2438.00,TENDER,2024-07-27T08:11:30,S05,20240727
S05/20240727/00031,1,P101500,2,330.53,SALE,2024-07-27T14:35:41,S05,20240727
S05/20240727/00031,2,P102023,2,425.67,SALE,2024-07-27T14:35:41,S05,20240727
S05/20240727/00031,3,P106373,3,48.45,SALE,2024-07-27T14:35:41,S05,20240727
S05/20240727/00031,4,P103496,2,70.71,SALE,2024-07-27T14:35:41,S05,20240727
S05/20240727/00031,5,TAX,1,134.88,TAX,2024-07-27T14:35:41,S05,20240727
S05/20240727/00031,6,TENDER,1,1934.05,TENDER,2024-07-27T14:35:41,S05,20240727
S05/20240727/00032,1,P100441,2,419.95,SALE,2024-07-27T18:06:48,S05,20240727
S05/20240727/00032,2,P101592,3,295.58,SALE,2024-07-27T18:06:48,S05,20240727
S05/20240727/00032,3,P107215,2,153.85,SALE,2024-07-27T18:06:48,S05,20240727
S05/20240727/00032,4,DISC,1,-234.35,DISCOUNT,2024-07-27T18:06:48,S05,20240727
S05/20240727/00032,5,TAX,1,263.07,TAX,2024-07-27T18:06:48,S05,20240727
S05/20240727/00032,6,TENDER,1,2063.06,TENDER,2024-07-27T18:06:48,S05,20240727
S05/20240727/00033,1,P103882,1,269.95,SALE,2024-07-27T14:23:33,S05,20240727
S05/20240727/00033,2,P107115,3,172.62,SALE,2024-07-27T14:23:33,S05,20240727
S05/20240727/00033,3,P100268,4,197.00,SALE,2024-07-27T14:23:33,S05,20240727
S05/20240727/00033,4,P104933,1,560.59,SALE,2024-07-27T14:23:33,S05,20240727
S05/20240727/00033,5,P107264,2,181.93,SALE,2024-07-27T14:23:33,S05,20240727
S05/20240727/00033,6,DISC,1,-138.94,DISCOUNT,2024-07-27T14:23:33,S05,20240727
S05/20240727/00033,7,TAX,1,264.71,TAX,2024-07-27T14:23:33,S05,20240727
S05/20240727/00033,8,TENDER,1,2626.03,TENDER,2024-07-27T14:23:33,S05,20240727
S05/20240727/00034,1,P103693,1,102.71,SALE,2024-07-27T19:54:23,S05,20240727
S05/20240727/00034,2,P104427,1,462.16,SALE,2024-07-27T19:54:23,S05,20240727
S05/20240727/00034,3,P102091,2,87.97,SALE,2024-07-27T19:54:23,S05,20240727
S05/20240727/00034,4,P102892,2,214.14,SALE,2024-07-27T19:54:23,S05,20240727
S05/20240727/00034,5,P101634,4,25.05,SALE,2024-07-27T19:54:23,S05,20240727
S05/20240727/00034,6,DISC,1,-118.45,DISCOUNT,2024-07-27T19:54:23,S05,20240727
S05/20240727/00034,7,TAX,1,161.67,TAX,2024-07-27T19:54:23,S05,20240727
S05/20240727/00034,8,TENDER,1,1312.51,TENDER,2024-07-27T19:54:23,S05,20240727
S05/20240728/00001,1,P105167,2,826.20,SALE,2024-07-28T14:29:50,S05,20240728
S05/20240728/00001,2,P100348,2,478.95,SALE,2024-07-28T14:29:50,S05,20240728
S05/20240728/00001,3,P106330,3,199.12,SALE,2024-07-28T14:29:50,S05,20240728
S05/20240728/00001,4,P108272,2,119.46,SALE,2024-07-28T14:29:50,S05,20240728
S05/20240728/00001,5,P104544,1,104.46,SALE,2024-07-28T14:29:50,S05,20240728
S05/20240728/00001,6,DISC,1,-414.77,DISCOUNT,2024-07-28T14:29:50,S05,20240728
S05/20240728/00001,7,TAX,1,240.17,TAX,2024-07-28T14:29:50,S05,20240728
S05/20240728/00001,8,TENDER,1,3376.44,TENDER,2024-07-28T14:29:50,S05,20240728
S05/20240728/00002,1,P103328,2,236.27,SALE,2024-07-28T13:20:37,S05,20240728
S05/20240728/00002,2,P107119,3,16.65,SALE,2024-07-28T13:20:37,S05,20240728
S05/20240728/00002,3,TAX,1,94.05,TAX,2024-07-28T13:20:37,S05,20240728
S05/20240728/00002,4,TENDER,1,616.54,TENDER,2024-07-28T13:20:37,S05,20240728
S05/20240728/00003,1,P105633,1,46.25,SALE,2024-07-28T18:23:39,S05,20240728
S05/20240728/00003,2,P103372,1,47.26,SALE,2024-07-28T18:23:39,S05,20240728
S05/20240728/00003,3,P101940,4,200.74,SALE,2024-07-28T18:23:39,S05,20240728
S05/20240728/00003,4,P104676,1,81.62,SALE,2024-07-28T18:23:39,S05,20240728
S05/20240728/00003,5,TAX,1,121.87,TAX,2024-07-28T18:23:39,S05,20240728
S05/20240728/00003,6,TENDER,1,1099.96,TENDER,2024-07-28T18:23:39,S05,20240728
S05/20240728/00004,1,P107346,1,449.29,SALE,2024-07-28T14:49:55,S05,20240728
S05/20240728/00004,2,P104404,2,890.27,SALE,2024-07-28T14:49:55,S05,20240728
S05/20240728/00004,3,P108247,2,242.95,SALE,2024-07-28T14:49:55,S05,20240728
S05/20240728/00004,4,P100593,4,29.38,SALE,2024-07-28T14:49:55,S05,20240728
S05/20240728/00004,5,P100026,2,304.63,SALE,2024-07-28T14:49:55,S05,20240728
S05/20240728/00004,6,P105440,2,107.89,SALE,2024-07-28T14:49:55,S05,20240728
S05/20240728/00004,7,TAX,1,370.72,TAX,2024-07-28T14:49:55,S05,20240728
S05/20240728/00004,8,TENDER,1,4029.01,TENDER,2024-07-28T14:49:55,S05,20240728
S05/20240728/00005,1,P106927,3,140.95,SALE,2024-07-28T17:00:24,S05,20240728
S05/20240728/00005,2,P104916,3,284.74,SALE,2024-07-28T17:00:24,S05,20240728
S05/20240728/00005,3,P105901,1,82.67,SALE,2024-07-28T17:00:24,S05,20240728
S05/20240728/00005,4,TAX,1,184.82,TAX,2024-07-28T17:00:24,S05,20240728
S05/20240728/00005,5,TENDER,1,1544.56,TENDER,2024-07-28T17:00:24,S05,20240728
S05/20240728/00006,1,P100864,2,193.24,SALE,2024-07-28T11:47:30,S05,20240728
S05/20240728/00006,2,P102067,4,181.50,SALE,2024-07-28T11:47:30,S05,20240728
S05/20240728/00006,3,P100250,2,544.91,SALE,2024-07-28T11:47:30,S05,20240728
S05/20240728/00006,4,P107837,2,104.49,SALE,2024-07-28T11:47:30,S05,20240728
S05/20240728/00006,5,TAX,1,197.97,TAX,2024-07-28T11:47:30,S05,20240728
S05/20240728/00006,6,TENDER,1,2609.25,TENDER,2024-07-28T11:47:30,S05,20240728
S05/20240728/00007,1,P101899,4,345.29,SALE,2024-07-28T16:02:24,S05,20240728
S05/20240728/00007,2,P108050,1,1178.10,SALE,2024-07-28T16:02:24,S05,20240728
S05/20240728/00007,3,P101218,1,61.39,SALE,2024-07-28T16:02:24,S05,20240728
S05/20240728/00007,4,P105988,3,29.57,SALE,2024-07-28T16:02:24,S05,20240728
S05/20240728/00007,5,TAX,1,323.00,TAX,2024-07-28T16:02:24,S05,20240728
S05/20240728/00007,6,TENDER,1,3032.36,TENDER,2024-07-28T16:02:24,S05,20240728
S05/20240728/00008,1,P102963,2,365.76,SALE,2024-07-28T17:23:15,S05,20240728
S05/20240728/00008,2,P102230,3,340.01,SALE,2024-07-28T17:23:15,S05,20240728
S05/20240728/00008,3,P102569,4,116.37,SALE,2024-07-28T17:23:15,S05,20240728
S05/20240728/00008,4,TAX,1,371.14,TAX,2024-07-28T17:23:15,S05,20240728
S05/20240728/00008,5,TENDER,1,2588.17,TENDER,2024-07-28T17:23:15,S05,20240728
S05/20240728/00009,1,P108179,2,295.94,SALE,2024-07-28T16:46:37,S05,20240728
S05/20240728/00009,2,P100121,2,107.67,SALE,2024-07-28T16:46:37,S05,20240728
S05/20240728/00009,3,P107294,1,83.95,SALE,2024-07-28T16:46:37,S05,20240728
S05/20240728/00009,4,P106254,1,1135.50,SALE,2024-07-28T16:46:37,S05,20240728
S05/20240728/00009,5,P102248,3,22.39,SALE,2024-07-28T16:46:37,S05,20240728
S05/20240728/00009,6,P106067,4,444.09,SALE,2024-07-28T16:46:37,S05,20240728
S05/20240728/00009,7,P106490,3,574.62,SALE,2024-07-28T16:46:37,S05,20240728
S05/20240728/00009,8,TAX,1,174.81,TAX,2024-07-28T16:46:37,S05,20240728
S05/20240728/00009,9,TENDER,1,5768.87,TENDER,2024-07-28T16:46:37,S05,20240728
S05/20240728/00010,1,P105908,2,677.70,SALE,2024-07-29T00:05:54,S05,20240728
S05/20240728/00010,2,P106731,4,142.59,SALE,2024-07-29T00:05:54,S05,20240728
S05/20240728/00010,3,P103243,5,193.36,SALE,2024-07-29T00:05:54,S05,20240728
S05/20240728/00010,4,P107145,2,235.69,SALE,2024-07-29T00:05:54,S05,20240728
S05/20240728/00010,5,TAX,1,172.68,TAX,2024-07-29T00:05:54,S05,20240728
S05/20240728/00010,6,TENDER,1,3536.62,TENDER,2024-07-29T00:05:54,S05,20240728
S05/20240728/00011,1,P106823,3,156.34,SALE,2024-07-28T18:47:39,S05,20240728
S05/20240728/00011,2,P101023,3,193.95,SALE,2024-07-28T18:47:39,S05,20240728
S05/20240728/00011,3,P101515,4,58.58,SALE,2024-07-28T18:47:39,S05,20240728
S05/20240728/00011,4,P100049,4,65.57,SALE,2024-07-28T18:47:39,S05,20240728
S05/20240728/00011,5,P107432,1,45.60,SALE,2024-07-28T18:47:39,S05,20240728
S05/20240728/00011,6,TAX,1,134.87,TAX,2024-07-28T18:47:39,S05,20240728
S05/20240728/00011,7,TENDER,1,1727.94,TENDER,2024-07-28T18:47:39,S05,20240728
S05/20240728/00012,1,P104089,1,318.27,SALE,2024-07-28T17:48:31,S05,20240728
S05/20240728/00012,2,P105740,4,103.24,SALE,2024-07-28T17:48:31,S05,20240728
S05/20240728/00012,3,P104747,6,342.93,SALE,2024-07-28T17:48:31,S05,20240728
S05/20240728/00012,4,P104439,3,109.14,SALE,2024-07-28T17:48:31,S05,20240728
S05/20240728/00012,5,P105838,3,594.50,SALE,2024-07-28T17:48:31,S05,20240728
S05/20240728/00012,6,DISC,1,-411.93,DISCOUNT,2024-07-28T17:48:31,S05,20240728
S05/20240728/00012,7,TAX,1,400.69,TAX,2024-07-28T17:48:31,S05,20240728
S05/20240728/00012,8,TENDER,1,4888.49,TENDER,2024-07-28T17:48:31,S05,20240728
S05/20240728/00013,1,P100019,1,64.89,SALE,2024-07-28T17:46:45,S05,20240728
S05/20240728/00013,2,P100744,2,61.87,SALE,2024-07-28T17:46:45,S05,20240728
S05/20240728/00013,3,P107320,2,223.25,SALE,2024-07-28T17:46:45,S05,20240728
S05/20240728/00013,4,P103273,1,377.82,SALE,2024-07-28T17:46:45,S05,20240728
S05/20240728/00013,5,P106162,2,527.95,SALE,2024-07-28T17:46:45,S05,20240728
S05/20240728/00013,6,P105589,1,90.25,SALE,2024-07-28T17:46:45,S05,20240728
S05/20240728/00013,7,P100686,3,787.42,SALE,2024-07-28T17:46:45,S05,20240728
S05/20240728/00013,8,P106048,3,310.59,SALE,2024-07-28T17:46:45,S05,20240728
S05/20240728/00013,9,TAX,1,244.84,TAX,2024-07-28T17:46:45,S05,20240728
S05/20240728/00013,10,TENDER,1,5697.97,TENDER,2024-07-28T17:46:45,S05,20240728
S05/20240728/00014,1,P105707,2,130.64,SALE,2024-07-28T07:30:34,S05,20240728
S05/20240728/00014,2,P101740,1,855.00,SALE,2024-07-28T07:30:34,S05,20240728
S05/20240728/00014,3,P105950,2,1356.49,SALE,2024-07-28T07:30:34,S05,20240728
S05/20240728/00014,4,TAX,1,31.35,TAX,2024-07-28T07:30:34,S05,20240728
S05/20240728/00014,5,TENDER,1,3860.61,TENDER,2024-07-28T07:30:34,S05,20240728
S05/20240728/00015,1,P103732,1,94.74,SALE,2024-07-28T18:13:51,S05,20240728
S05/20240728/00015,2,P102236,3,928.51,SALE,2024-07-28T18:13:51,S05,20240728
S05/20240728/00015,3,P104858,2,331.88,SALE,2024-07-28T18:13:51,S05,20240728
S05/20240728/00015,4,P104079,5,75.55,SALE,2024-07-28T18:13:51,S05,20240728
S05/20240728/00015,5,DISC,1,-284.62,DISCOUNT,2024-07-28T18:13:51,S05,20240728
S05/20240728/00015,6,TAX,1,207.43,TAX,2024-07-28T18:13:51,S05,20240728
S05/20240728/00015,7,TENDER,1,3844.59,TENDER,2024-07-28T18:13:51,S05,20240728
S05/20240728/00016,1,P107639,2,128.49,SALE,2024-07-28T16:41:57,S05,20240728
S05/20240728/00016,2,P102857,1,116.85,SALE,2024-07-28T16:41:57,S05,20240728
S05/20240728/00016,3,P106848,3,16.02,SALE,2024-07-28T16:41:57,S05,20240728
S05/20240728/00016,4,P107178,2,298.69,SALE,2024-07-28T16:41:57,S05,20240728
S05/20240728/00016,5,P100164,4,594.91,SALE,2024-07-28T16:41:57,S05,20240728
S05/20240728/00016,6,P102761,1,170.84,SALE,2024-07-28T16:41:57,S05,20240728
S05/20240728/00016,7,TAX,1,551.89,TAX,2024-07-28T16:41:57,S05,20240728
S05/20240728/00016,8,TENDER,1,4121.64,TENDER,2024-07-28T16:41:57,S05,20240728
S05/20240728/00017,1,P107094,2,87.94,SALE,2024-07-28T16:52:19,S05,20240728
S05/20240728/00017,2,P104079,2,75.55,SALE,2024-07-28T16:52:19,S05,20240728
S05/20240728/00017,3,P103816,2,209.63,SALE,2024-07-28T16:52:19,S05,20240728
S05/20240728/00017,4,TAX,1,107.13,TAX,2024-07-28T16:52:19,S05,20240728
S05/20240728/00017,5,TENDER,1,853.37,TENDER,2024-07-28T16:52:19,S05,20240728
S05/20240728/00018,1,P106336,1,456.47,SALE,2024-07-28T18:19:38,S05,20240728
S05/20240728/00018,2,P101961,2,679.58,SALE,2024-07-28T18:19:38,S05,20240728
S05/20240728/00018,3,P100991,1,173.46,SALE,2024-07-28T18:19:38,S05,20240728
S05/20240728/00018,4,P101201,2,45.00,SALE,2024-07-28T18:19:38,S05,20240728
S05/20240728/00018,5,P101955,2,356.95,SALE,2024-07-28T18:19:38,S05,20240728
S05/20240728/00018,6,P107920,5,109.22,SALE,2024-07-28T18:19:38,S05,20240728
S05/20240728/00018,7,DISC,1,-216.11,DISCOUNT,2024-07-28T18:19:38,S05,20240728
S05/20240728/00018,8,TAX,1,530.10,TAX,2024-07-28T18:19:38,S05,20240728
S05/20240728/00018,9,TENDER,1,3653.08,TENDER,2024-07-28T18:19:38,S05,20240728
S05/20240728/00019,1,P101564,2,155.83,SALE,2024-07-28T19:20:15,S05,20240728
S05/20240728/00019,2,P101242,3,83.48,SALE,2024-07-28T19:20:15,S05,20240728
S05/20240728/00019,3,P102811,2,199.15,SALE,2024-07-28T19:20:15,S05,20240728
S05/20240728/00019,4,P103259,2,298.27,SALE,2024-07-28T19:20:15,S05,20240728
S05/20240728/00019,5,TAX,1,121.09,TAX,2024-07-28T19:20:15,S05,20240728
S05/20240728/00019,6,TENDER,1,1678.03,TENDER,2024-07-28T19:20:15,S05,20240728
S05/20240728/00020,1,P107775,1,755.55,SALE,2024-07-28T19:28:05,S05,20240728
S05/20240728/00020,2,P101500,1,330.53,SALE,2024-07-28T19:28:05,S05,20240728
S05/20240728/00020,3,P100074,1,57.78,SALE,2024-07-28T19:28:05,S05,20240728
S05/20240728/00020,4,P105294,1,126.15,SALE,2024-07-28T19:28:05,S05,20240728
S05/20240728/00020,5,P104802,1,194.24,SALE,2024-07-28T19:28:05,S05,20240728
S05/20240728/00020,6,TAX,1,98.34,TAX,2024-07-28T19:28:05,S05,20240728
S05/20240728/00020,7,TENDER,1,1562.59,TENDER,2024-07-28T19:28:05,S05,20240728
S05/20240728/00021,1,P105997,1,109.75,SALE,2024-07-28T15:52:39,S05,20240728
S05/20240728/00021,2,P106659,3,84.50,SALE,2024-07-28T15:52:39,S05,20240728
S05/20240728/00021,3,P107646,1,225.19,SALE,2024-07-28T15:52:39,S05,20240728
S05/20240728/00021,4,P102682,3,94.04,SALE,2024-07-28T15:52:39,S05,20240728
S05/20240728/00021,5,P103382,1,196.46,SALE,2024-07-28T15:52:39,S05,20240728
S05/20240728/00021,6,TAX,1,71.10,TAX,2024-07-28T15:52:39,S05,20240728
S05/20240728/00021,7,TENDER,1,1138.12,TENDER,2024-07-28T15:52:39,S05,20240728
S05/20240728/00022,1,P100224,2,78.05,SALE,2024-07-28T11:42:05,S05,20240728
S05/20240728/00022,2,P106720,1,126.28,SALE,2024-07-28T11:42:05,S05,20240728
S05/20240728/00022,3,TAX,1,30.54,TAX,2024-07-28T11:42:05,S05,20240728
S05/20240728/00022,4,TENDER,1,312.92,TENDER,2024-07-28T11:42:05,S05,20240728
S05/20240728/00023,1,P108179,2,295.94,SALE,2024-07-28T16:19:24,S05,20240728
S05/20240728/00023,2,P102664,2,261.47,SALE,2024-07-28T16:19:24,S05,20240728
S05/20240728/00023,3,P101345,1,77.54,SALE,2024-07-28T16:19:24,S05,20240728
S05/20240728/00023,4,P106501,1,165.98,SALE,2024-07-28T16:19:24,S05,20240728
S05/20240728/00023,5,TAX,1,198.91,TAX,2024-07-28T16:19:24,S05,20240728
S05/20240728/00023,6,TENDER,1,1557.25,TENDER,2024-07-28T16:19:24,S05,20240728
S05/20240728/00024,1,P105302,-2,281.37,RETURN,2024-07-28T23:59:18,S05,20240728
S05/20240728/00024,2,P102982,-3,256.21,RETURN,2024-07-28T23:59:18,S05,20240728
S05/20240728/00024,3,P107182,-1,109.95,RETURN,2024-07-28T23:59:18,S05,20240728
S05/20240728/00024,4,P102616,-1,79.27,RETURN,2024-07-28T23:59:18,S05,20240728
S05/20240728/00024,5,P101134,-3,1071.76,RETURN,2024-07-28T23:59:18,S05,20240728
S05/20240728/00024,6,P107686,-1,347.22,RETURN,2024-07-28T23:59:18,S05,20240728
S05/20240728/00024,7,TAX,1,-263.05,TAX,2024-07-28T23:59:18,S05,20240728
S05/20240728/00024,8,TENDER,1,-5346.14,TENDER,2024-07-28T23:59:18,S05,20240728
S05/20240728/00025,1,P106997,2,39.70,SALE,2024-07-28T11:14:34,S05,20240728
S05/20240728/00025,2,P108319,2,253.21,SALE,2024-07-28T11:14:34,S05,20240728
S05/20240728/00025,3,P106584,2,247.63,SALE,2024-07-28T11:14:34,S05,20240728
S05/20240728/00025,4,P105594,2,317.30,SALE,2024-07-28T11:14:34,S05,20240728
S05/20240728/00025,5,P105890,1,1196.88,SALE,2024-07-28T11:14:34,S05,20240728
S05/20240728/00025,6,P104389,4,169.98,SALE,2024-07-28T11:14:34,S05,20240728
S05/20240728/00025,7,P103413,1,1352.06,SALE,2024-07-28T11:14:34,S05,20240728
S05/20240728/00025,8,TAX,1,360.83,TAX,2024-07-28T11:14:34,S05,20240728
S05/20240728/00025,9,TENDER,1,5305.37,TENDER,2024-07-28T11:14:34,S05,20240728
S05/20240728/00026,1,P100121,3,107.67,SALE,2024-07-28T13:06:36,S05,20240728
S05/20240728/00026,2,P105106,4,98.60,SALE,2024-07-28T13:06:36,S05,20240728
S05/20240728/00026,3,P102114,4,128.95,SALE,2024-07-28T13:06:36,S05,20240728
S05/20240728/00026,4,P101762,4,529.95,SALE,2024-07-28T13:06:36,S05,20240728
S05/20240728/00026,5,P102933,1,614.03,SALE,2024-07-28T13:06:36,S05,20240728
S05/20240728/00026,6,P105483,1,160.65,SALE,2024-07-28T13:06:36,S05,20240728
S05/20240728/00026,7,P107178,3,298.69,SALE,2024-07-28T13:06:36,S05,20240728
S05/20240728/00026,8,P101428,2,394.08,SALE,2024-07-28T13:06:36,S05,20240728
S05/20240728/00026,9,TAX,1,719.31,TAX,2024-07-28T13:06:36,S05,20240728
S05/20240728/00026,10,TENDER,1,6531.23,TENDER,2024-07-28T13:06:36,S05,20240728
S05/20240728/00027,1,P103022,1,47.95,SALE,2024-07-28T11:18:28,S05,20240728
S05/20240728/00027,2,P108101,1,1603.81,SALE,2024-07-28T11:18:28,S05,20240728
S05/20240728/00027,3,P103124,2,489.23,SALE,2024-07-28T11:18:28,S05,20240728
S05/20240728/00027,4,TAX,1,374.33,TAX,2024-07-28T11:18:28,S05,20240728
S05/20240728/00027,5,TENDER,1,3004.55,TENDER,2024-07-28T11:18:28,S05,20240728
S05/20240728/00028,1,P103999,3,118.59,SALE,2024-07-28T08:33:38,S05,20240728
S05/20240728/00028,2,P107409,2,486.68,SALE,2024-07-28T08:33:38,S05,20240728
S05/20240728/00028,3,P102160,3,221.62,SALE,2024-07-28T08:33:38,S05,20240728
S05/20240728/00028,4,TAX,1,146.24,TAX,2024-07-28T08:33:38,S05,20240728
S05/20240728/00028,5,TENDER,1,2140.23,TENDER,2024-07-28T08:33:38,S05,20240728
S05/20240728/00029,1,P100911,4,71.10,SALE,2024-07-28T19:43:46,S05,20240728
S05/20240728/00029,2,P100827,2,1218.17,SALE,2024-07-28T19:43:46,S05,20240728
S05/20240728/00029,3,P100803,3,278.56,SALE,2024-07-28T19:43:46,S05,20240728
S05/20240728/00029,4,P100519,1,365.61,SALE,2024-07-28T19:43:46,S05,20240728
S05/20240728/00029,5,P107072,3,75.15,SALE,2024-07-28T19:43:46,S05,20240728
S05/20240728/00029,6,P101174,3,52.32,SALE,2024-07-28T19:43:46,S05,20240728
S05/20240728/00029,7,TAX,1,107.73,TAX,2024-07-28T19:43:46,S05,20240728
S05/20240728/00029,8,TENDER,1,4412.17,TENDER,2024-07-28T19:43:46,S05,20240728
S05/20240728/00030,1,P100224,1,78.05,SALE,2024-07-28T13:14:52,S05,20240728
S05/20240728/00030,2,TAX,1,3.90,TAX,2024-07-28T13:14:52,S05,20240728
S05/20240728/00030,3,TENDER,1,81.95,TENDER,2024-07-28T13:14:52,S05,20240728
S05/20240728/00031,1,P105167,1,826.20,SALE,2024-07-28T09:06:04,S05,20240728
S05/20240728/00031,2,P103197,1,292.95,SALE,2024-07-28T09:06:04,S05,20240728
S05/20240728/00031,3,P102021,1,90.22,SALE,2024-07-28T09:06:04,S05,20240728
S05/20240728/00031,4,P105695,2,158.81,SALE,2024-07-28T09:06:04,S05,20240728
S05/20240728/00031,5,TAX,1,103.17,TAX,2024-07-28T09:06:04,S05,20240728
S05/20240728/00031,6,TENDER,1,1630.16,TENDER,2024-07-28T09:06:04,S05,20240728
S05/20240728/00032,1,P102096,-4,982.72,RETURN,2024-07-28T08:10:19,S05,20240728
S05/20240728/00032,2,P103348,-1,485.60,RETURN,2024-07-28T08:10:19,S05,20240728
S05/20240728/00032,3,P107056,-3,341.76,RETURN,2024-07-28T08:10:19,S05,20240728
S05/20240728/00032,4,P100260,-2,1124.20,RETURN,2024-07-28T08:10:19,S05,20240728
S05/20240728/00032,5,P105323,-1,73.95,RETURN,2024-07-28T08:10:19,S05,20240728
S05/20240728/00032,6,P107354,-4,227.60,RETURN,2024-07-28T08:10:19,S05,20240728
S05/20240728/00032,7,P101884,-1,352.98,RETURN,2024-07-28T08:10:19,S05,20240728
S05/20240728/00032,8,TAX,1,-835.84,TAX,2024-07-28T08:10:19,S05,20240728
S05/20240728/00032,9,TENDER,1,-9863.33,TENDER,2024-07-28T08:10:19,S05,20240728
S05/20240728/00033,1,P100499,2,234.95,SALE,2024-07-28T12:03:45,S05,20240728
S05/20240728/00033,2,P102963,2,365.76,SALE,2024-07-28T12:03:45,S05,20240728
S05/20240728/00033,3,P101492,1,113.44,SALE,2024-07-28T12:03:45,S05,20240728
S05/20240728/00033,4,P104625,3,265.44,SALE,2024-07-28T12:03:45,S05,20240728
S05/20240728/00033,5,P100850,2,172.84,SALE,2024-07-28T12:03:45,S05,20240728
S05/20240728/00033,6,P108067,2,640.50,SALE,2024-07-28T12:03:45,S05,20240728
S05/20240728/00033,7,P107040,2,474.18,SALE,2024-07-28T12:03:45,S05,20240728
S05/20240728/00033,8,P103999,2,118.59,SALE,2024-07-28T12:03:45,S05,20240728
S05/20240728/00033,9,P101766,1,207.00,SALE,2024-07-28T12:03:45,S05,20240728
S05/20240728/00033,10,TAX,1,334.08,TAX,2024-07-28T12:03:45,S05,20240728
S05/20240728/00033,11,TENDER,1,5464.48,TENDER,2024-07-28T12:03:45,S05,20240728
S05/20240728/00034,1,P102296,2,43.24,SALE,2024-07-28T16:44:24,S05,20240728
S05/20240728/00034,2,P105901,3,82.67,SALE,2024-07-28T16:44:24,S05,20240728
S05/20240728/00034,3,P106158,2,564.54,SALE,2024-07-28T16:44:24,S05,20240728
S05/20240728/00034,4,P108335,1,165.51,SALE,2024-07-28T16:44:24,S05,20240728
S05/20240728/00034,5,TAX,1,101.78,TAX,2024-07-28T16:44:24,S05,20240728
S05/20240728/00034,6,TENDER,1,1730.86,TENDER,2024-07-28T16:44:24,S05,20240728
S05/20240728/00035,1,P105882,1,222.02,SALE,2024-07-28T17:49:29,S05,20240728
S05/20240728/00035,2,P103397,1,371.02,SALE,2024-07-28T17:49:29,S05,20240728
S05/20240728/00035,3,P104439,2,109.14,SALE,2024-07-28T17:49:29,S05,20240728
S05/20240728/00035,4,P103197,2,292.95,SALE,2024-07-28T17:49:29,S05,20240728
S05/20240728/00035,5,P106934,3,1554.16,SALE,2024-07-28T17:49:29,S05,20240728
S05/20240728/00035,6,P107458,5,1239.88,SALE,2024-07-28T17:49:29,S05,20240728
S05/20240728/00035,7,TAX,1,149.56,TAX,2024-07-28T17:49:29,S05,20240728
S05/20240728/00035,8,TENDER,1,12408.66,TENDER,2024-07-28T17:49:29,S05,20240728
S05/20240728/00036,1,P101955,1,356.95,SALE,2024-07-28T09:37:09,S05,20240728
S05/20240728/00036,2,P102023,2,425.67,SALE,2024-07-28T09:37:09,S05,20240728
S05/20240728/00036,3,P106434,2,178.02,SALE,2024-07-28T09:37:09,S05,20240728
S05/20240728/00036,4,TAX,1,209.14,TAX,2024-07-28T09:37:09,S05,20240728
S05/20240728/00036,5,TENDER,1,1773.47,TENDER,2024-07-28T09:37:09,S05,20240728
S05/20240728/00037,1,P102933,1,614.03,SALE,2024-07-28T23:19:53,S05,20240728
S05/20240728/00037,2,P101547,1,62.01,SALE,2024-07-28T23:19:53,S05,20240728
S05/20240728/00037,3,P107705,1,763.24,SALE,2024-07-28T23:19:53,S05,20240728
S05/20240728/00037,4,TAX,1,168.37,TAX,2024-07-28T23:19:53,S05,20240728
S05/20240728/00037,5,TENDER,1,1607.65,TENDER,2024-07-28T23:19:53,S05,20240728
S05/20240729/00001,1,P102243,1,133.95,SALE,2024-07-29T14:06:37,S05,20240729
S05/20240729/00001,2,P102510,2,37.13,SALE,2024-07-29T14:06:37,S05,20240729
S05/20240729/00001,3,P108216,6,69.70,SALE,2024-07-29T14:06:37,S05,20240729
S05/20240729/00001,4,P106323,3,218.99,SALE,2024-07-29T14:06:37,S05,20240729
S05/20240729/00001,5,TAX,1,69.37,TAX,2024-07-29T14:06:37,S05,20240729
S05/20240729/00001,6,TENDER,1,1352.75,TENDER,2024-07-29T14:06:37,S05,20240729
S05/20240729/00002,1,P104909,1,363.10,SALE,2024-07-29T17:08:24,S05,20240729
S05/20240729/00002,2,P100479,1,342.53,SALE,2024-07-29T17:08:24,S05,20240729
S05/20240729/00002,3,P106024,1,472.89,SALE,2024-07-29T17:08:24,S05,20240729
S05/20240729/00002,4,TAX,1,126.22,TAX,2024-07-29T17:08:24,S05,20240729
S05/20240729/00002,5,TENDER,1,1304.74,TENDER,2024-07-29T17:08:24,S05,20240729
S05/20240729/00003,1,P100985,4,288.61,SALE,2024-07-29T16:30:01,S05,20240729
S05/20240729/00003,2,P101152,1,478.44,SALE,2024-07-29T16:30:01,S05,20240729
S05/20240729/00003,3,P104526,1,340.46,SALE,2024-07-29T16:30:01,S05,20240729
S05/20240729/00003,4,P104554,2,437.01,SALE,2024-07-29T16:30:01,S05,20240729
S05/20240729/00003,5,TAX,1,415.82,TAX,2024-07-29T16:30:01,S05,20240729
S05/20240729/00003,6,TENDER,1,3263.18,TENDER,2024-07-29T16:30:01,S05,20240729
S05/20240729/00004,1,P105400,3,48.10,SALE,2024-07-29T17:28:53,S05,20240729
S05/20240729/00004,2,P100609,1,76.13,SALE,2024-07-29T17:28:53,S05,20240729
S05/20240729/00004,3,TAX,1,35.11,TAX,2024-07-29T17:28:53,S05,20240729
S05/20240729/00004,4,TENDER,1,255.54,TENDER,2024-07-29T17:28:53,S05,20240729
S05/20240729/00005,1,P107516,1,598.37,SALE,2024-07-29T12:17:36,S05,20240729
S05/20240729/00005,2,P104008,3,116.02,SALE,2024-07-29T12:17:36,S05,20240729
S05/20240729/00005,3,P101117,2,203.24,SALE,2024-07-29T12:17:36,S05,20240729
S05/20240729/00005,4,P102707,2,440.21,SALE,2024-07-29T12:17:36,S05,20240729
S05/20240729/00005,5,TAX,1,230.76,TAX,2024-07-29T12:17:36,S05,20240729
S05/20240729/00005,6,TENDER,1,2464.09,TENDER,2024-07-29T12:17:36,S05,20240729
S05/20240729/00006,1,P103022,4,47.95,SALE,2024-07-29T18:18:14,S05,20240729
S05/20240729/00006,2,P105021,2,1111.36,SALE,2024-07-29T18:18:14,S05,20240729
S05/20240729/00006,3,P102112,1,389.72,SALE,2024-07-29T18:18:14,S05,20240729
S05/20240729/00006,4,P102761,2,170.84,SALE,2024-07-29T18:18:14,S05,20240729
S05/20240729/00006,5,TAX,1,336.51,TAX,2024-07-29T18:18:14,S05,20240729
S05/20240729/00006,6,TENDER,1,3482.43,TENDER,2024-07-29T18:18:14,S05,20240729
S05/20240729/00007,1,P100183,2,1426.11,SALE,2024-07-29T07:24:43,S05,20240729
S05/20240729/00007,2,P101923,1,484.95,SALE,2024-07-29T07:24:43,S05,20240729
S05/20240729/00007,3,P101813,1,260.89,SALE,2024-07-29T07:24:43,S05,20240729
S05/20240729/00007,4,TAX,1,429.56,TAX,2024-07-29T07:24:43,S05,20240729
S05/20240729/00007,5,TENDER,1,4027.62,TENDER,2024-07-29T07:24:43,S05,20240729
S05/20240729/00008,1,P103438,2,187.96,SALE,2024-07-29T13:13:45,S05,20240729
S05/20240729/00008,2,P103309,1,59.57,SALE,2024-07-29T13:13:45,S05,20240729
S05/20240729/00008,3,P106542,2,122.90,SALE,2024-07-29T13:13:45,S05,20240729
S05/20240729/00008,4,P100621,2,134.28,SALE,2024-07-29T13:13:45,S05,20240729
S05/20240729/00008,5,P105666,1,1064.29,SALE,2024-07-29T13:13:45,S05,20240729
S05/20240729/00008,6,P102045,1,21.31,SALE,2024-07-29T13:13:45,S05,20240729
S05/20240729/00008,7,TAX,1,118.20,TAX,2024-07-29T13:13:45,S05,20240729
S05/20240729/00008,8,TENDER,1,2153.65,TENDER,2024-07-29T13:13:45,S05,20240729
S05/20240729/00009,1,P106639,2,415.94,SALE,2024-07-29T16:13:23,S05,20240729
S05/20240729/00009,2,P101968,1,10.71,SALE,2024-07-29T16:13:23,S05,20240729
S05/20240729/00009,3,P101004,2,324.97,SALE,2024-07-29T16:13:23,S05,20240729
S05/20240729/00009,4,P100453,2,207.31,SALE,2024-07-29T16:13:23,S05,20240729
S05/20240729/00009,5,P100121,2,107.67,SALE,2024-07-29T16:13:23,S05,20240729
S05/20240729/00009,6,TAX,1,194.77,TAX,2024-07-29T16:13:23,S05,20240729
S05/20240729/00009,7,TENDER,1,2317.26,TENDER,2024-07-29T16:13:23,S05,20240729
S05/20240729/00010,1,P108067,1,640.50,SALE,2024-07-29T16:42:33,S05,20240729
S05/20240729/00010,2,P102480,4,198.67,SALE,2024-07-29T16:42:33,S05,20240729
S05/20240729/00010,3,P103654,2,481.76,SALE,2024-07-29T16:42:33,S05,20240729
S05/20240729/00010,4,DISC,1,-267.46,DISCOUNT,2024-07-29T16:42:33,S05,20240729
S05/20240729/00010,5,TAX,1,78.11,TAX,2024-07-29T16:42:33,S05,20240729
S05/20240729/00010,6,TENDER,1,2209.35,TENDER,2024-07-29T16:42:33,S05,20240729
S05/20240729/00011,1,P103004,3,82.09,SALE,2024-07-29T22:55:44,S05,20240729
S05/20240729/00011,2,P101530,2,576.50,SALE,2024-07-29T22:55:44,S05,20240729
S05/20240729/00011,3,P107784,1,245.59,SALE,2024-07-29T22:55:44,S05,20240729
S05/20240729/00011,4,P100781,2,611.95,SALE,2024-07-29T22:55:44,S05,20240729
S05/20240729/00011,5,P104567,4,141.21,SALE,2024-07-29T22:55:44,S05,20240729
S05/20240729/00011,6,P104772,1,332.47,SALE,2024-07-29T22:55:44,S05,20240729
S05/20240729/00011,7,P102436,2,243.03,SALE,2024-07-29T22:55:44,S05,20240729
S05/20240729/00011,8,P101825,2,183.68,SALE,2024-07-29T22:55:44,S05,20240729
S05/20240729/00011,9,DISC,1,-261.30,DISCOUNT,2024-07-29T22:55:44,S05,20240729
S05/20240729/00011,10,TAX,1,663.34,TAX,2024-07-29T22:55:44,S05,20240729
S05/20240729/00011,11,TENDER,1,5021.53,TENDER,2024-07-29T22:55:44,S05,20240729
S05/20240729/00012,1,P101389,2,430.39,SALE,2024-07-29T13:53:18,S05,20240729
S05/20240729/00012,2,P102272,5,389.34,SALE,2024-07-29T13:53:18,S05,20240729
S05/20240729/00012,3,P103435,2,443.24,SALE,2024-07-29T13:53:18,S05,20240729
S05/20240729/00012,4,TAX,1,548.11,TAX,2024-07-29T13:53:18,S05,20240729
S05/20240729/00012,5,TENDER,1,4242.07,TENDER,2024-07-29T13:53:18,S05,20240729
S05/20240729/00013,1,P101674,1,373.95,SALE,2024-07-29T13:38:34,S05,20240729
S05/20240729/00013,2,TAX,1,67.31,TAX,2024-07-29T13:38:34,S05,20240729
S05/20240729/00013,3,TENDER,1,441.26,TENDER,2024-07-29T13:38:34,S05,20240729
S05/20240729/00014,1,P100007,2,147.31,SALE,2024-07-29T18:21:46,S05,20240729
S05/20240729/00014,2,P100298,1,53.95,SALE,2024-07-29T18:21:46,S05,20240729
S05/20240729/00014,3,P105227,3,257.51,SALE,2024-07-29T18:21:46,S05,20240729
S05/20240729/00014,4,TAX,1,148.43,TAX,2024-07-29T18:21:46,S05,20240729
S05/20240729/00014,5,TENDER,1,1269.53,TENDER,2024-07-29T18:21:46,S05,20240729
S05/20240729/00015,1,P101177,2,153.94,SALE,2024-07-29T21:39:35,S05,20240729
S05/20240729/00015,2,P106934,3,1554.16,SALE,2024-07-29T21:39:35,S05,20240729
S05/20240729/00015,3,P107777,1,222.77,SALE,2024-07-29T21:39:35,S05,20240729
S05/20240729/00015,4,P107012,1,104.24,SALE,2024-07-29T21:39:35,S05,20240729
S05/20240729/00015,5,P107056,4,341.76,SALE,2024-07-29T21:39:35,S05,20240729
S05/20240729/00015,6,P105672,1,62.95,SALE,2024-07-29T21:39:35,S05,20240729
S05/20240729/00015,7,P100665,2,281.09,SALE,2024-07-29T21:39:35,S05,20240729
S05/20240729/00015,8,P104891,2,692.46,SALE,2024-07-29T21:39:35,S05,20240729
S05/20240729/00015,9,TAX,1,500.33,TAX,2024-07-29T21:39:35,S05,20240729
S05/20240729/00015,10,TENDER,1,9174.79,TENDER,2024-07-29T21:39:35,S05,20240729
S05/20240729/00016,1,P102236,3,928.51,SALE,2024-07-29T17:43:43,S05,20240729
S05/20240729/00016,2,P108258,1,54.62,SALE,2024-07-29T17:43:43,S05,20240729
S05/20240729/00016,3,P101470,2,190.82,SALE,2024-07-29T17:43:43,S05,20240729
S05/20240729/00016,4,P106067,1,444.09,SALE,2024-07-29T17:43:43,S05,20240729
S05/20240729/00016,5,TAX,1,171.31,TAX,2024-07-29T17:43:43,S05,20240729
S05/20240729/00016,6,TENDER,1,3837.19,TENDER,2024-07-29T17:43:43,S05,20240729
S05/20240729/00017,1,P103438,2,187.96,SALE,2024-07-29T19:02:44,S05,20240729
S05/20240729/00017,2,P108067,4,640.50,SALE,2024-07-29T19:02:44,S05,20240729
S05/20240729/00017,3,P100375,2,163.45,SALE,2024-07-29T19:02:44,S05,20240729
S05/20240729/00017,4,P100956,1,421.98,SALE,2024-07-29T19:02:44,S05,20240729
S05/20240729/00017,5,P100621,2,134.28,SALE,2024-07-29T19:02:44,S05,20240729
S05/20240729/00017,6,P100784,1,319.36,SALE,2024-07-29T19:02:44,S05,20240729
S05/20240729/00017,7,TAX,1,142.90,TAX,2024-07-29T19:02:44,S05,20240729
S05/20240729/00017,8,TENDER,1,4417.62,TENDER,2024-07-29T19:02:44,S05,20240729
S05/20240729/00018,1,P102788,-4,871.07,RETURN,2024-07-29T15:24:04,S05,20240729
S05/20240729/00018,2,P105819,-1,66.64,RETURN,2024-07-29T15:24:04,S05,20240729
S05/20240729/00018,3,P101152,-2,478.44,RETURN,2024-07-29T15:24:04,S05,20240729
S05/20240729/00018,4,P103111,-3,40.41,RETURN,2024-07-29T15:24:04,S05,20240729
S05/20240729/00018,5,P102845,-3,261.08,RETURN,2024-07-29T15:24:04,S05,20240729
S05/20240729/00018,6,P102494,-3,11.95,RETURN,2024-07-29T15:24:04,S05,20240729
S05/20240729/00018,7,TAX,1,-410.12,TAX,2024-07-29T15:24:04,S05,20240729
S05/20240729/00018,8,TENDER,1,-5858.24,TENDER,2024-07-29T15:24:04,S05,20240729
S05/20240729/00019,1,P104072,3,708.34,SALE,2024-07-29T15:16:42,S05,20240729
S05/20240729/00019,2,P104512,1,94.53,SALE,2024-07-29T15:16:42,S05,20240729
S05/20240729/00019,3,P106330,4,199.12,SALE,2024-07-29T15:16:42,S05,20240729
S05/20240729/00019,4,P101018,2,136.50,SALE,2024-07-29T15:16:42,S05,20240729
S05/20240729/00019,5,TAX,1,254.34,TAX,2024-07-29T15:16:42,S05,20240729
S05/20240729/00019,6,TENDER,1,3543.37,TENDER,2024-07-29T15:16:42,S05,20240729
S05/20240730/00001,1,P101779,2,198.09,SALE,2024-07-30T18:17:08,S05,20240730
S05/20240730/00001,2,P100086,3,88.95,SALE,2024-07-30T18:17:08,S05,20240730
S05/20240730/00001,3,P100571,2,117.95,SALE,2024-07-30T18:17:08,S05,20240730
S05/20240730/00001,4,P100956,3,421.98,SALE,2024-07-30T18:17:08,S05,20240730
S05/20240730/00001,5,P105035,2,158.77,SALE,2024-07-30T18:17:08,S05,20240730
S05/20240730/00001,6,P105345,1,295.95,SALE,2024-07-30T18:17:08,S05,20240730
S05/20240730/00001,7,P102290,1,587.69,SALE,2024-07-30T18:17:08,S05,20240730
S05/20240730/00001,8,P107984,2,357.15,SALE,2024-07-30T18:17:08,S05,20240730
S05/20240730/00001,9,DISC,1,-131.98,DISCOUNT,2024-07-30T18:17:08,S05,20240730
S05/20240730/00001,10,TAX,1,341.39,TAX,2024-07-30T18:17:08,S05,20240730
S05/20240730/00001,11,TENDER,1,4289.76,TENDER,2024-07-30T18:17:08,S05,20240730
S05/20240730/00002,1,P106158,2,564.54,SALE,2024-07-30T16:17:35,S05,20240730
S05/20240730/00002,2,P100528,4,623.32,SALE,2024-07-30T16:17:35,S05,20240730
S05/20240730/00002,3,P101876,2,71.32,SALE,2024-07-30T16:17:35,S05,20240730
S05/20240730/00002,4,P105971,2,1150.46,SALE,2024-07-30T16:17:35,S05,20240730
S05/20240730/00002,5,TAX,1,178.63,TAX,2024-07-30T16:17:35,S05,20240730
S05/20240730/00002,6,TENDER,1,6244.55,TENDER,2024-07-30T16:17:35,S05,20240730
S05/20240730/00003,1,P103406,4,1248.48,SALE,2024-07-30T17:27:12,S05,20240730
S05/20240730/00003,2,P104921,2,421.02,SALE,2024-07-30T17:27:12,S05,20240730
S05/20240730/00003,3,DISC,1,-499.28,DISCOUNT,2024-07-30T17:27:12,S05,20240730
S05/20240730/00003,4,TAX,1,686.60,TAX,2024-07-30T17:27:12,S05,20240730
S05/20240730/00003,5,TENDER,1,6023.28,TENDER,2024-07-30T17:27:12,S05,20240730
S05/20240730/00004,1,P106751,1,132.55,SALE,2024-07-30T16:21:04,S05,20240730
S05/20240730/00004,2,P107843,2,486.47,SALE,2024-07-30T16:21:04,S05,20240730
S05/20240730/00004,3,P108118,2,66.05,SALE,2024-07-30T16:21:04,S05,20240730
S05/20240730/00004,4,P105929,3,11.18,SALE,2024-07-30T16:21:04,S05,20240730
S05/20240730/00004,5,TAX,1,194.40,TAX,2024-07-30T16:21:04,S05,20240730
S05/20240730/00004,6,TENDER,1,1465.53,TENDER,2024-07-30T16:21:04,S05,20240730
S05/20240730/00005,1,P103816,4,209.63,SALE,2024-07-30T16:01:42,S05,20240730
S05/20240730/00005,2,P101911,2,1431.80,SALE,2024-07-30T16:01:42,S05,20240730
S05/20240730/00005,3,P100665,3,281.09,SALE,2024-07-30T16:01:42,S05,20240730
S05/20240730/00005,4,DISC,1,-440.75,DISCOUNT,2024-07-30T16:01:42,S05,20240730
S05/20240730/00005,5,TAX,1,227.68,TAX,2024-07-30T16:01:42,S05,20240730
S05/20240730/00005,6,TENDER,1,4332.32,TENDER,2024-07-30T16:01:42,S05,20240730
S05/20240730/00006,1,P104651,1,540.51,SALE,2024-07-30T13:49:04,S05,20240730
S05/20240730/00006,2,P100112,4,90.37,SALE,2024-07-30T13:49:04,S05,20240730
S05/20240730/00006,3,TAX,1,129.93,TAX,2024-07-30T13:49:04,S05,20240730
S05/20240730/00006,4,TENDER,1,1031.92,TENDER,2024-07-30T13:49:04,S05,20240730
S05/20240730/00007,1,P102768,1,158.73,SALE,2024-07-30T09:18:43,S05,20240730
S05/20240730/00007,2,P100135,2,63.52,SALE,2024-07-30T09:18:43,S05,20240730
S05/20240730/00007,3,P107807,2,118.66,SALE,2024-07-30T09:18:43,S05,20240730
S05/20240730/00007,4,P107292,1,324.95,SALE,2024-07-30T09:18:43,S05,20240730
S05/20240730/00007,5,TAX,1,85.78,TAX,2024-07-30T09:18:43,S05,20240730
S05/20240730/00007,6,TENDER,1,933.82,TENDER,2024-07-30T09:18:43,S05,20240730
S05/20240730/00008,1,P102236,2,928.51,SALE,2024-07-30T14:38:25,S05,20240730
S05/20240730/00008,2,TAX,1,92.85,TAX,2024-07-30T14:38:25,S05,20240730
S05/20240730/00008,3,TENDER,1,1949.87,TENDER,2024-07-30T14:38:25,S05,20240730
S05/20240730/00009,1,P105901,2,82.67,SALE,2024-07-31T00:52:35,S05,20240730
S05/20240730/00009,2,P107215,3,153.85,SALE,2024-07-31T00:52:35,S05,20240730
S05/20240730/00009,3,P102909,5,48.95,SALE,2024-07-31T00:52:35,S05,20240730
S05/20240730/00009,4,P104404,3,890.27,SALE,2024-07-31T00:52:35,S05,20240730
S05/20240730/00009,5,TAX,1,395.72,TAX,2024-07-31T00:52:35,S05,20240730
S05/20240730/00009,6,TENDER,1,3938.17,TENDER,2024-07-31T00:52:35,S05,20240730
S05/20240730/00010,1,P107242,2,589.95,SALE,2024-07-30T17:07:35,S05,20240730
S05/20240730/00010,2,P103908,1,104.62,SALE,2024-07-30T17:07:35,S05,20240730
S05/20240730/00010,3,P104600,2,56.45,SALE,2024-07-30T17:07:35,S05,20240730
S05/20240730/00010,4,P100035,3,1810.38,SALE,2024-07-30T17:07:35,S05,20240730
S05/20240730/00010,5,P104567,1,141.21,SALE,2024-07-30T17:07:35,S05,20240730
S05/20240730/00010,6,TAX,1,745.88,TAX,2024-07-30T17:07:35,S05,20240730
S05/20240730/00010,7,TENDER,1,7715.65,TENDER,2024-07-30T17:07:35,S05,20240730
S05/20240730/00011,1,P107920,1,109.22,SALE,2024-07-30T16:55:27,S05,20240730
S05/20240730/00011,2,P105868,1,68.91,SALE,2024-07-30T16:55:27,S05,20240730
S05/20240730/00011,3,P107115,3,172.62,SALE,2024-07-30T16:55:27,S05,20240730
S05/20240730/00011,4,P104844,2,553.13,SALE,2024-07-30T16:55:27,S05,20240730
S05/20240730/00011,5,P101393,1,32.95,SALE,2024-07-30T16:55:27,S05,20240730
S05/20240730/00011,6,P101613,1,125.30,SALE,2024-07-30T16:55:27,S05,20240730
S05/20240730/00011,7,TAX,1,128.51,TAX,2024-07-30T16:55:27,S05,20240730
S05/20240730/00011,8,TENDER,1,2089.01,TENDER,2024-07-30T16:55:27,S05,20240730
S05/20240730/00012,1,P108076,2,145.31,SALE,2024-07-30T19:07:52,S05,20240730
S05/20240730/00012,2,P100682,3,325.28,SALE,2024-07-30T19:07:52,S05,20240730
S05/20240730/00012,3,P108067,2,640.50,SALE,2024-07-30T19:07:52,S05,20240730
S05/20240730/00012,4,P100339,2,299.99,SALE,2024-07-30T19:07:52,S05,20240730
S05/20240730/00012,5,P104072,1,708.34,SALE,2024-07-30T19:07:52,S05,20240730
S05/20240730/00012,6,P108159,3,488.81,SALE,2024-07-30T19:07:52,S05,20240730
S05/20240730/00012,7,P105772,4,539.31,SALE,2024-07-30T19:07:52,S05,20240730
S05/20240730/00012,8,P100855,2,345.07,SALE,2024-07-30T19:07:52,S05,20240730
S05/20240730/00012,9,TAX,1,825.35,TAX,2024-07-30T19:07:52,S05,20240730
S05/20240730/00012,10,TENDER,1,8994.94,TENDER,2024-07-30T19:07:52,S05,20240730
S05/20240730/00013,1,P101492,1,113.44,SALE,2024-07-30T18:01:38,S05,20240730
S05/20240730/00013,2,P102566,2,415.94,SALE,2024-07-30T18:01:38,S05,20240730
S05/20240730/00013,3,P105302,4,281.37,SALE,2024-07-30T18:01:38,S05,20240730
S05/20240730/00013,4,TAX,1,118.29,TAX,2024-07-30T18:01:38,S05,20240730
S05/20240730/00013,5,TENDER,1,2189.09,TENDER,2024-07-30T18:01:38,S05,20240730
S05/20240730/00014,1,P105656,3,516.52,SALE,2024-07-30T18:46:30,S05,20240730
S05/20240730/00014,2,P106686,2,324.48,SALE,2024-07-30T18:46:30,S05,20240730
S05/20240730/00014,3,P102821,1,1356.95,SALE,2024-07-30T18:46:30,S05,20240730
S05/20240730/00014,4,P101225,3,452.38,SALE,2024-07-30T18:46:30,S05,20240730
S05/20240730/00014,5,P106191,2,1230.97,SALE,2024-07-30T18:46:30,S05,20240730
S05/20240730/00014,6,P100066,2,251.22,SALE,2024-07-30T18:46:30,S05,20240730
S05/20240730/00014,7,P100428,1,122.83,SALE,2024-07-30T18:46:30,S05,20240730
S05/20240730/00014,8,TAX,1,285.74,TAX,2024-07-30T18:46:30,S05,20240730
S05/20240730/00014,9,TENDER,1,8285.56,TENDER,2024-07-30T18:46:30,S05,20240730
S05/20240730/00015,1,P106221,1,31.65,SALE,2024-07-30T14:34:33,S05,20240730
S05/20240730/00015,2,P101961,1,679.58,SALE,2024-07-30T14:34:33,S05,20240730
S05/20240730/00015,3,P104854,2,35.76,SALE,2024-07-30T14:34:33,S05,20240730
S05/20240730/00015,4,P107597,4,519.83,SALE,2024-07-30T14:34:33,S05,20240730
S05/20240730/00015,5,TAX,1,231.99,TAX,2024-07-30T14:34:33,S05,20240730
S05/20240730/00015,6,TENDER,1,3094.06,TENDER,2024-07-30T14:34:33,S05,20240730
S05/20240730/00016,1,P103727,6,116.88,SALE,2024-07-30T11:25:53,S05,20240730
S05/20240730/00016,2,P100754,1,91.60,SALE,2024-07-30T11:25:53,S05,20240730
S05/20240730/00016,3,P105695,6,158.81,SALE,2024-07-30T11:25:53,S05,20240730
S05/20240730/00016,4,P102909,3,48.95,SALE,2024-07-30T11:25:53,S05,20240730
S05/20240730/00016,5,P101327,1,233.22,SALE,2024-07-30T11:25:53,S05,20240730
S05/20240730/00016,6,TAX,1,178.36,TAX,2024-07-30T11:25:53,S05,20240730
S05/20240730/00016,7,TENDER,1,2304.17,TENDER,2024-07-30T11:25:53,S05,20240730
S05/20240730/00017,1,P107137,1,32.59,SALE,2024-07-30T20:55:13,S05,20240730
S05/20240730/00017,2,P108162,1,236.95,SALE,2024-07-30T20:55:13,S05,20240730
S05/20240730/00017,3,P103577,1,100.44,SALE,2024-07-30T20:55:13,S05,20240730
S05/20240730/00017,4,P108017,2,105.98,SALE,2024-07-30T20:55:13,S05,20240730
S05/20240730/00017,5,P101174,2,52.32,SALE,2024-07-30T20:55:13,S05,20240730
S05/20240730/00017,6,TAX,1,29.13,TAX,2024-07-30T20:55:13,S05,20240730
S05/20240730/00017,7,TENDER,1,715.71,TENDER,2024-07-30T20:55:13,S05,20240730
S05/20240730/00018,1,P102794,3,416.24,SALE,2024-07-30T16:37:41,S05,20240730
S05/20240730/00018,2,P107253,4,241.31,SALE,2024-07-30T16:37:41,S05,20240730
S05/20240730/00018,3,TAX,1,0.00,TAX,2024-07-30T16:37:41,S05,20240730
S05/20240730/00018,4,TENDER,1,2213.96,TENDER,2024-07-30T16:37:41,S05,20240730
S05/20240730/00019,1,P108174,3,235.92,SALE,2024-07-30T18:51:47,S05,20240730
S05/20240730/00019,2,P100511,2,407.54,SALE,2024-07-30T18:51:47,S05,20240730
S05/20240730/00019,3,P106221,1,31.65,SALE,2024-07-30T18:51:47,S05,20240730
S05/20240730/00019,4,P107589,4,266.18,SALE,2024-07-30T18:51:47,S05,20240730
S05/20240730/00019,5,P106424,2,535.14,SALE,2024-07-30T18:51:47,S05,20240730
S05/20240730/00019,6,TAX,1,384.06,TAX,2024-07-30T18:51:47,S05,20240730
S05/20240730/00019,7,TENDER,1,4073.55,TENDER,2024-07-30T18:51:47,S05,20240730
S05/20240730/00020,1,P100106,-2,318.86,RETURN,2024-07-30T17:23:57,S05,20240730
S05/20240730/00020,2,P104487,-1,388.90,RETURN,2024-07-30T17:23:57,S05,20240730
S05/20240730/00020,3,TAX,1,-161.46,TAX,2024-07-30T17:23:57,S05,20240730
S05/20240730/00020,4,TENDER,1,-1188.08,TENDER,2024-07-30T17:23:57,S05,20240730
S05/20240731/00001,1,P101722,1,1331.86,SALE,2024-07-31T12:40:30,S05,20240731
S05/20240731/00001,2,P107472,1,60.81,SALE,2024-07-31T12:40:30,S05,20240731
S05/20240731/00001,3,P106169,2,221.89,SALE,2024-07-31T12:40:30,S05,20240731
S05/20240731/00001,4,P104651,3,540.51,SALE,2024-07-31T12:40:30,S05,20240731
S05/20240731/00001,5,TAX,1,344.10,TAX,2024-07-31T12:40:30,S05,20240731
S05/20240731/00001,6,TENDER,1,3802.08,TENDER,2024-07-31T12:40:30,S05,20240731
S05/20240731/00002,1,P101660,3,193.14,SALE,2024-07-31T12:17:51,S05,20240731
S05/20240731/00002,2,P100921,2,441.43,SALE,2024-07-31T12:17:51,S05,20240731
S05/20240731/00002,3,TAX,1,187.89,TAX,2024-07-31T12:17:51,S05,20240731
S05/20240731/00002,4,TENDER,1,1650.17,TENDER,2024-07-31T12:17:51,S05,20240731
S05/20240731/00003,1,P104980,1,82.39,SALE,2024-07-31T20:02:40,S05,20240731
S05/20240731/00003,2,P101095,1,205.38,SALE,2024-07-31T20:02:40,S05,20240731
S05/20240731/00003,3,P100904,3,68.79,SALE,2024-07-31T20:02:40,S05,20240731
S05/20240731/00003,4,TAX,1,41.27,TAX,2024-07-31T20:02:40,S05,20240731
S05/20240731/00003,5,TENDER,1,535.41,TENDER,2024-07-31T20:02:40,S05,20240731
S05/20240731/00004,1,P108110,2,15.95,SALE,2024-07-31T10:00:56,S05,20240731
S05/20240731/00004,2,P101332,3,400.98,SALE,2024-07-31T10:00:56,S05,20240731
S05/20240731/00004,3,P102707,2,440.21,SALE,2024-07-31T10:00:56,S05,20240731
S05/20240731/00004,4,TAX,1,327.92,TAX,2024-07-31T10:00:56,S05,20240731
S05/20240731/00004,5,TENDER,1,2443.18,TENDER,2024-07-31T10:00:56,S05,20240731
S05/20240731/00005,1,P102042,2,151.18,SALE,2024-07-31T21:53:30,S05,20240731
S05/20240731/00005,2,P100387,2,116.37,SALE,2024-07-31T21:53:30,S05,20240731
S05/20240731/00005,3,DISC,1,-61.00,DISCOUNT,2024-07-31T21:53:30,S05,20240731
S05/20240731/00005,4,TAX,1,42.46,TAX,2024-07-31T21:53:30,S05,20240731
S05/20240731/00005,5,TENDER,1,516.56,TENDER,2024-07-31T21:53:30,S05,20240731
S05/20240731/00006,1,P103461,3,104.95,SALE,2024-07-31T21:09:19,S05,20240731
S05/20240731/00006,2,P101690,1,1044.81,SALE,2024-07-31T21:09:19,S05,20240731
S05/20240731/00006,3,P104219,4,249.74,SALE,2024-07-31T21:09:19,S05,20240731
S05/20240731/00006,4,P102436,1,243.03,SALE,2024-07-31T21:09:19,S05,20240731
S05/20240731/00006,5,P107078,4,111.95,SALE,2024-07-31T21:09:19,S05,20240731
S05/20240731/00006,6,P100033,2,828.62,SALE,2024-07-31T21:09:19,S05,20240731
S05/20240731/00006,7,TAX,1,336.51,TAX,2024-07-31T21:09:19,S05,20240731
S05/20240731/00006,8,TENDER,1,5043.20,TENDER,2024-07-31T21:09:19,S05,20240731
S05/20240731/00007,1,P106084,2,592.14,SALE,2024-07-31T14:29:35,S05,20240731
S05/20240731/00007,2,P106310,1,462.03,SALE,2024-07-31T14:29:35,S05,20240731
S05/20240731/00007,3,P107182,1,109.95,SALE,2024-07-31T14:29:35,S05,20240731
S05/20240731/00007,4,DISC,1,-178.45,DISCOUNT,2024-07-31T14:29:35,S05,20240731
S05/20240731/00007,5,TAX,1,145.69,TAX,2024-07-31T14:29:35,S05,20240731
S05/20240731/00007,6,TENDER,1,1723.50,TENDER,2024-07-31T14:29:35,S05,20240731
S05/20240731/00008,1,P100933,1,257.95,SALE,2024-07-31T12:19:12,S05,20240731
S05/20240731/00008,2,P105460,2,143.35,SALE,2024-07-31T12:19:12,S05,20240731
S05/20240731/00008,3,P106710,2,98.77,SALE,2024-07-31T12:19:12,S05,20240731
S05/20240731/00008,4,P107508,1,1450.59,SALE,2024-07-31T12:19:12,S05,20240731
S05/20240731/00008,5,P104401,3,207.51,SALE,2024-07-31T12:19:12,S05,20240731
S05/20240731/00008,6,TAX,1,382.37,TAX,2024-07-31T12:19:12,S05,20240731
S05/20240731/00008,7,TENDER,1,3197.68,TENDER,2024-07-31T12:19:12,S05,20240731
S05/20240731/00009,1,P106997,1,39.70,SALE,2024-07-31T23:09:33,S05,20240731
S05/20240731/00009,2,P104435,1,435.11,SALE,2024-07-31T23:09:33,S05,20240731
S05/20240731/00009,3,P108144,2,253.94,SALE,2024-07-31T23:09:33,S05,20240731
S05/20240731/00009,4,P101702,1,491.39,SALE,2024-07-31T23:09:33,S05,20240731
S05/20240731/00009,5,P106093,2,315.93,SALE,2024-07-31T23:09:33,S05,20240731
S05/20240731/00009,6,TAX,1,282.20,TAX,2024-07-31T23:09:33,S05,20240731
S05/20240731/00009,7,TENDER,1,2388.14,TENDER,2024-07-31T23:09:33,S05,20240731
S05/20240731/00010,1,P102559,1,86.19,SALE,2024-07-31T14:10:28,S05,20240731
S05/20240731/00010,2,P104567,1,141.21,SALE,2024-07-31T14:10:28,S05,20240731
S05/20240731/00010,3,P103416,1,73.27,SALE,2024-07-31T14:10:28,S05,20240731
S05/20240731/00010,4,P105136,3,158.61,SALE,2024-07-31T14:10:28,S05,20240731
S05/20240731/00010,5,P107589,1,266.18,SALE,2024-07-31T14:10:28,S05,20240731
S05/20240731/00010,6,P102569,3,116.37,SALE,2024-07-31T14:10:28,S05,20240731
S05/20240731/00010,7,TAX,1,124.25,TAX,2024-07-31T14:10:28,S05,20240731
S05/20240731/00010,8,TENDER,1,1516.04,TENDER,2024-07-31T14:10:28,S05,20240731
S05/20240731/00011,1,P101440,1,234.68,SALE,2024-07-31T11:48:18,S05,20240731
S05/20240731/00011,2,P105707,1,130.64,SALE,2024-07-31T11:48:18,S05,20240731
S05/20240731/00011,3,P107589,1,266.18,SALE,2024-07-31T11:48:18,S05,20240731
S05/20240731/00011,4,P108046,1,95.35,SALE,2024-07-31T11:48:18,S05,20240731
S05/20240731/00011,5,P105057,1,272.66,SALE,2024-07-31T11:48:18,S05,20240731
S05/20240731/00011,6,TAX,1,129.83,TAX,2024-07-31T11:48:18,S05,20240731
S05/20240731/00011,7,TENDER,1,1129.34,TENDER,2024-07-31T11:48:18,S05,20240731
S05/20240731/00012,1,P106015,1,150.41,SALE,2024-07-31T15:43:45,S05,20240731
S05/20240731/00012,2,P104688,2,178.09,SALE,2024-07-31T15:43:45,S05,20240731
S05/20240731/00012,3,P100106,2,318.86,SALE,2024-07-31T15:43:45,S05,20240731
S05/20240731/00012,4,P108149,2,985.90,SALE,2024-07-31T15:43:45,S05,20240731
S05/20240731/00012,5,P102566,1,415.94,SALE,2024-07-31T15:43:45,S05,20240731
S05/20240731/00012,6,P101052,2,198.99,SALE,2024-07-31T15:43:45,S05,20240731
S05/20240731/00012,7,P105294,1,126.15,SALE,2024-07-31T15:43:45,S05,20240731
S05/20240731/00012,8,TAX,1,265.79,TAX,2024-07-31T15:43:45,S05,20240731
S05/20240731/00012,9,TENDER,1,4321.97,TENDER,2024-07-31T15:43:45,S05,20240731
S05/20240731/00013,1,P105377,3,262.95,SALE,2024-07-31T17:49:28,S05,20240731
S05/20240731/00013,2,P100224,1,78.05,SALE,2024-07-31T17:49:28,S05,20240731
S05/20240731/00013,3,P100555,2,435.03,SALE,2024-07-31T17:49:28,S05,20240731
S05/20240731/00013,4,P100164,3,594.91,SALE,2024-07-31T17:49:28,S05,20240731
S05/20240731/00013,5,P105562,3,422.85,SALE,2024-07-31T17:49:28,S05,20240731
S05/20240731/00013,6,P105624,1,380.06,SALE,2024-07-31T17:49:28,S05,20240731
S05/20240731/00013,7,TAX,1,823.77,TAX,2024-07-31T17:49:28,S05,20240731
S05/20240731/00013,8,TENDER,1,5994.07,TENDER,2024-07-31T17:49:28,S05,20240731
S05/20240731/00014,1,P100095,3,92.95,SALE,2024-07-31T12:44:44,S05,20240731
S05/20240731/00014,2,P101156,3,91.80,SALE,2024-07-31T12:44:44,S05,20240731
S05/20240731/00014,3,P103129,2,79.05,SALE,2024-07-31T12:44:44,S05,20240731
S05/20240731/00014,4,P104064,1,326.15,SALE,2024-07-31T12:44:44,S05,20240731
S05/20240731/00014,5,P100571,3,117.95,SALE,2024-07-31T12:44:44,S05,20240731
S05/20240731/00014,6,TAX,1,159.00,TAX,2024-07-31T12:44:44,S05,20240731
S05/20240731/00014,7,TENDER,1,1551.35,TENDER,2024-07-31T12:44:44,S05,20240731
S05/20240731/00015,1,P103022,-2,47.95,RETURN,2024-07-31T11:51:22,S05,20240731
S05/20240731/00015,2,P106080,-2,361.06,RETURN,2024-07-31T11:51:22,S05,20240731
S05/20240731/00015,3,P103348,-1,485.60,RETURN,2024-07-31T11:51:22,S05,20240731
S05/20240731/00015,4,TAX,1,-122.44,TAX,2024-07-31T11:51:22,S05,20240731
S05/20240731/00015,5,TENDER,1,-1426.06,TENDER,2024-07-31T11:51:22,S05,20240731
S05/20240731/00016,1,P105594,2,317.30,SALE,2024-07-31T13:18:08,S05,20240731
S05/20240731/00016,2,P101955,3,356.95,SALE,2024-07-31T13:18:08,S05,20240731
S05/20240731/00016,3,P102761,1,170.84,SALE,2024-07-31T13:18:08,S05,20240731
S05/20240731/00016,4,TAX,1,268.91,TAX,2024-07-31T13:18:08,S05,20240731
S05/20240731/00016,5,TENDER,1,2145.20,TENDER,2024-07-31T13:18:08,S05,20240731
S05/20240731/00017,1,P100049,2,65.57,SALE,2024-07-31T13:54:12,S05,20240731
S05/20240731/00017,2,P104187,3,86.95,SALE,2024-07-31T13:54:12,S05,20240731
S05/20240731/00017,3,P101470,6,190.82,SALE,2024-07-31T13:54:12,S05,20240731
S05/20240731/00017,4,TAX,1,36.65,TAX,2024-07-31T13:54:12,S05,20240731
S05/20240731/00017,5,TENDER,1,1573.56,TENDER,2024-07-31T13:54:12,S05,20240731
S05/20240731/00018,1,P105507,-1,20.37,RETURN,2024-07-31T11:10:50,S05,20240731
S05/20240731/00018,2,P106158,-1,564.54,RETURN,2024-07-31T11:10:50,S05,20240731
S05/20240731/00018,3,P106239,-1,803.36,RETURN,2024-07-31T11:10:50,S05,20240731
S05/20240731/00018,4,P105450,-1,252.15,RETURN,2024-07-31T11:10:50,S05,20240731
S05/20240731/00018,5,P107859,-1,127.92,RETURN,2024-07-31T11:10:50,S05,20240731
S05/20240731/00018,6,TAX,1,-34.62,TAX,2024-07-31T11:10:50,S05,20240731
S05/20240731/00018,7,TENDER,1,-1802.96,TENDER,2024-07-31T11:10:50,S05,20240731
S05/20240731/00019,1,P105418,2,257.82,SALE,2024-07-31T17:13:05,S05,20240731
S05/20240731/00019,2,P107182,3,109.95,SALE,2024-07-31T17:13:05,S05,20240731
S05/20240731/00019,3,P105450,2,252.15,SALE,2024-07-31T17:13:05,S05,20240731
S05/20240731/00019,4,P108186,2,348.70,SALE,2024-07-31T17:13:05,S05,20240731
S05/20240731/00019,5,P101225,2,452.38,SALE,2024-07-31T17:13:05,S05,20240731
S05/20240731/00019,6,P102067,3,181.50,SALE,2024-07-31T17:13:05,S05,20240731
S05/20240731/00019,7,P104487,1,388.90,SALE,2024-07-31T17:13:05,S05,20240731
S05/20240731/00019,8,DISC,1,-458.46,DISCOUNT,2024-07-31T17:13:05,S05,20240731
S05/20240731/00019,9,TAX,1,368.98,TAX,2024-07-31T17:13:05,S05,20240731
S05/20240731/00019,10,TENDER,1,3795.87,TENDER,2024-07-31T17:13:05,S05,20240731
S05/20240731/00020,1,P104097,2,319.17,SALE,2024-07-31T15:36:36,S05,20240731
S05/20240731/00020,2,P106373,2,48.45,SALE,2024-07-31T15:36:36,S05,20240731
S05/20240731/00020,3,P105997,2,109.75,SALE,2024-07-31T15:36:36,S05,20240731
S05/20240731/00020,4,P107884,1,29.77,SALE,2024-07-31T15:36:36,S05,20240731
S05/20240731/00020,5,DISC,1,-28.63,DISCOUNT,2024-07-31T15:36:36,S05,20240731
S05/20240731/00020,6,TAX,1,94.94,TAX,2024-07-31T15:36:36,S05,20240731
S05/20240731/00020,7,TENDER,1,1050.82,TENDER,2024-07-31T15:36:36,S05,20240731
S05/20240731/00021,1,P108239,1,256.06,SALE,2024-07-31T15:37:52,S05,20240731
S05/20240731/00021,2,P103882,1,269.95,SALE,2024-07-31T15:37:52,S05,20240731
S05/20240731/00021,3,P107264,3,181.93,SALE,2024-07-31T15:37:52,S05,20240731
S05/20240731/00021,4,P107362,1,62.10,SALE,2024-07-31T15:37:52,S05,20240731
S05/20240731/00021,5,TAX,1,204.10,TAX,2024-07-31T15:37:52,S05,20240731
S05/20240731/00021,6,TENDER,1,1338.00,TENDER,2024-07-31T15:37:52,S05,20240731
S05/20240731/00022,1,P106067,2,444.09,SALE,2024-07-31T08:36:43,S05,20240731
S05/20240731/00022,2,P105583,4,179.43,SALE,2024-07-31T08:36:43,S05,20240731
S05/20240731/00022,3,P103510,3,196.86,SALE,2024-07-31T08:36:43,S05,20240731
S05/20240731/00022,4,P104011,1,657.72,SALE,2024-07-31T08:36:43,S05,20240731
S05/20240731/00022,5,P107520,4,137.21,SALE,2024-07-31T08:36:43,S05,20240731
S05/20240731/00022,6,P100781,3,611.95,SALE,2024-07-31T08:36:43,S05,20240731
S05/20240731/00022,7,P102342,1,107.02,SALE,2024-07-31T08:36:43,S05,20240731
S05/20240731/00022,8,P106512,3,460.75,SALE,2024-07-31T08:36:43,S05,20240731
S05/20240731/00022,9,TAX,1,855.56,TAX,2024-07-31T08:36:43,S05,20240731
S05/20240731/00022,10,TENDER,1,7583.72,TENDER,2024-07-31T08:36:43,S05,20240731
S05/20240731/00023,1,P107308,3,207.74,SALE,2024-07-31T16:33:55,S05,20240731
S05/20240731/00023,2,P107933,2,1146.02,SALE,2024-07-31T16:33:55,S05,20240731
S05/20240731/00023,3,P108082,3,236.40,SALE,2024-07-31T16:33:55,S05,20240731
S05/20240731/00023,4,P101839,4,408.40,SALE,2024-07-31T16:33:55,S05,20240731
S05/20240731/00023,5,TAX,1,710.91,TAX,2024-07-31T16:33:55,S05,20240731
S05/20240731/00023,6,TENDER,1,5968.97,TENDER,2024-07-31T16:33:55,S05,20240731
