bill_no,line_no,product_code,qty,unit_price,line_type,ts,store_id,business_date
S07/20240101/00001,1,P105460,1,145.95,SALE,01-01-2024 17:41:38,S07,20240101
S07/20240101/00001,2,P104567,2,121.23,SALE,01-01-2024 17:41:38,S07,20240101
S07/20240101/00001,3,P103950,1,1095.36,SALE,01-01-2024 17:41:38,S07,20240101
S07/20240101/00001,4,DISC,1,-73.34,DISCOUNT,01-01-2024 17:41:38,S07,20240101
S07/20240101/00001,5,TAX,1,104.69,TAX,01-01-2024 17:41:38,S07,20240101
S07/20240101/00001,6,TENDER,1,1515.12,TENDER,01-01-2024 17:41:38,S07,20240101
S07/20240101/00002,1,P107784,2,245.59,SALE,01-01-2024 15:59:46,S07,20240101
S07/20240101/00002,2,P106648,4,309.25,SALE,01-01-2024 15:59:46,S07,20240101
S07/20240101/00002,3,P101048,2,188.58,SALE,01-01-2024 15:59:46,S07,20240101
S07/20240101/00002,4,P104139,1,202.92,SALE,01-01-2024 15:59:46,S07,20240101
S07/20240101/00002,5,P103701,1,1171.33,SALE,01-01-2024 15:59:46,S07,20240101
S07/20240101/00002,6,P103259,2,285.79,SALE,01-01-2024 15:59:46,S07,20240101
S07/20240101/00002,7,TAX,1,198.22,TAX,01-01-2024 15:59:46,S07,20240101
S07/20240101/00002,8,TENDER,1,4249.39,TENDER,01-01-2024 15:59:46,S07,20240101
S07/20240101/00003,1,P108374,1,1247.39,SALE,01-01-2024 14:51:57,S07,20240101
S07/20240101/00003,2,P104294,1,115.73,SALE,01-01-2024 14:51:57,S07,20240101
S07/20240101/00003,3,P106072,2,78.69,SALE,01-01-2024 14:51:57,S07,20240101
S07/20240101/00003,4,P105069,2,162.60,SALE,01-01-2024 14:51:57,S07,20240101
S07/20240101/00003,5,TAX,1,91.31,TAX,01-01-2024 14:51:57,S07,20240101
S07/20240101/00003,6,TENDER,1,1937.01,TENDER,01-01-2024 14:51:57,S07,20240101
S07/20240101/00004,1,P105106,1,102.91,SALE,01-01-2024 15:43:01,S07,20240101
S07/20240101/00004,2,P106048,2,310.59,SALE,01-01-2024 15:43:01,S07,20240101
S07/20240101/00004,3,P100387,2,98.82,SALE,01-01-2024 15:43:01,S07,20240101
S07/20240101/00004,4,P104226,1,303.01,SALE,01-01-2024 15:43:01,S07,20240101
S07/20240101/00004,5,DISC,1,-83.28,DISCOUNT,01-01-2024 15:43:01,S07,20240101
S07/20240101/00004,6,TAX,1,95.95,TAX,01-01-2024 15:43:01,S07,20240101
S07/20240101/00004,7,TENDER,1,1237.41,TENDER,01-01-2024 15:43:01,S07,20240101
S07/20240101/00005,1,P108335,5,153.41,SALE,01-01-2024 17:16:06,S07,20240101
S07/20240101/00005,2,P104986,1,215.50,SALE,01-01-2024 17:16:06,S07,20240101
S07/20240101/00005,3,P100380,6,134.99,SALE,01-01-2024 17:16:06,S07,20240101
S07/20240101/00005,4,P101851,1,1750.29,SALE,01-01-2024 17:16:06,S07,20240101
S07/20240101/00005,5,P100483,3,819.95,SALE,01-01-2024 17:16:06,S07,20240101
S07/20240101/00005,6,DISC,1,-180.20,DISCOUNT,01-01-2024 17:16:06,S07,20240101
S07/20240101/00005,7,TAX,1,131.90,TAX,01-01-2024 17:16:06,S07,20240101
S07/20240101/00005,8,TENDER,1,5954.33,TENDER,01-01-2024 17:16:06,S07,20240101
S07/20240101/00006,1,P105139,4,99.95,SALE,01-01-2024 16:30:14,S07,20240101
S07/20240101/00006,2,P107190,2,223.50,SALE,01-01-2024 16:30:14,S07,20240101
S07/20240101/00006,3,P104774,1,81.88,SALE,01-01-2024 16:30:14,S07,20240101
S07/20240101/00006,4,P103792,1,26.45,SALE,01-01-2024 16:30:14,S07,20240101
S07/20240101/00006,5,P100095,1,92.95,SALE,01-01-2024 16:30:14,S07,20240101
S07/20240101/00006,6,TAX,1,138.50,TAX,01-01-2024 16:30:14,S07,20240101
S07/20240101/00006,7,TENDER,1,1186.58,TENDER,01-01-2024 16:30:14,S07,20240101
S07/20240101/00007,1,P103504,2,376.85,SALE,01-01-2024 12:26:58,S07,20240101
S07/20240101/00007,2,P102502,2,366.79,SALE,01-01-2024 12:26:58,S07,20240101
S07/20240101/00007,3,P102023,3,404.39,SALE,01-01-2024 12:26:58,S07,20240101
S07/20240101/00007,4,P103438,3,156.93,SALE,01-01-2024 12:26:58,S07,20240101
S07/20240101/00007,5,P104544,1,93.89,SALE,01-01-2024 12:26:58,S07,20240101
S07/20240101/00007,6,P107933,2,1175.95,SALE,01-01-2024 12:26:58,S07,20240101
S07/20240101/00007,7,DISC,1,-367.62,DISCOUNT,01-01-2024 12:26:58,S07,20240101
S07/20240101/00007,8,TAX,1,634.12,TAX,01-01-2024 12:26:58,S07,20240101
S07/20240101/00007,9,TENDER,1,5883.53,TENDER,01-01-2024 12:26:58,S07,20240101
S07/20240101/00008,1,P105176,4,499.95,SALE,01-01-2024 13:13:56,S07,20240101
S07/20240101/00008,2,P101669,6,48.95,SALE,01-01-2024 13:13:56,S07,20240101
S07/20240101/00008,3,P101674,2,373.95,SALE,01-01-2024 13:13:56,S07,20240101
S07/20240101/00008,4,P102166,1,45.95,SALE,01-01-2024 13:13:56,S07,20240101
S07/20240101/00008,5,TAX,1,517.54,TAX,01-01-2024 13:13:56,S07,20240101
S07/20240101/00008,6,TENDER,1,3604.89,TENDER,01-01-2024 13:13:56,S07,20240101
S07/20240101/00009,1,P106639,2,406.04,SALE,01-01-2024 09:12:01,S07,20240101
S07/20240101/00009,2,P102286,1,238.95,SALE,01-01-2024 09:12:01,S07,20240101
S07/20240101/00009,3,P101177,3,143.95,SALE,01-01-2024 09:12:01,S07,20240101
S07/20240101/00009,4,P102744,1,86.95,SALE,01-01-2024 09:12:01,S07,20240101
S07/20240101/00009,5,P106239,1,803.36,SALE,01-01-2024 09:12:01,S07,20240101
S07/20240101/00009,6,P104695,4,62.43,SALE,01-01-2024 09:12:01,S07,20240101
S07/20240101/00009,7,P105062,3,15.04,SALE,01-01-2024 09:12:01,S07,20240101
S07/20240101/00009,8,P102342,2,99.85,SALE,01-01-2024 09:12:01,S07,20240101
S07/20240101/00009,9,DISC,1,-186.77,DISCOUNT,01-01-2024 09:12:01,S07,20240101
S07/20240101/00009,10,TAX,1,197.23,TAX,01-01-2024 09:12:01,S07,20240101
S07/20240101/00009,11,TENDER,1,2878.19,TENDER,01-01-2024 09:12:01,S07,20240101
S07/20240101/00010,1,P100744,2,61.87,SALE,01-01-2024 21:00:02,S07,20240101
S07/20240101/00010,2,P103559,2,370.21,SALE,01-01-2024 21:00:02,S07,20240101
S07/20240101/00010,3,P104658,4,73.05,SALE,01-01-2024 21:00:02,S07,20240101
S07/20240101/00010,4,P107542,4,163.06,SALE,01-01-2024 21:00:02,S07,20240101
S07/20240101/00010,5,P107646,2,225.19,SALE,01-01-2024 21:00:02,S07,20240101
S07/20240101/00010,6,P103637,3,338.13,SALE,01-01-2024 21:00:02,S07,20240101
S07/20240101/00010,7,TAX,1,262.93,TAX,01-01-2024 21:00:02,S07,20240101
S07/20240101/00010,8,TENDER,1,3536.30,TENDER,01-01-2024 21:00:02,S07,20240101
S07/20240101/00011,1,P101419,1,179.95,SALE,01-01-2024 16:09:23,S07,20240101
S07/20240101/00011,2,P108149,2,985.90,SALE,01-01-2024 16:09:23,S07,20240101
S07/20240101/00011,3,P106297,3,139.95,SALE,01-01-2024 16:09:23,S07,20240101
S07/20240101/00011,4,TAX,1,97.17,TAX,01-01-2024 16:09:23,S07,20240101
S07/20240101/00011,5,TENDER,1,2668.77,TENDER,01-01-2024 16:09:23,S07,20240101
S07/20240101/00012,1,P103081,2,448.85,SALE,01-01-2024 16:17:41,S07,20240101
S07/20240101/00012,2,P107996,3,199.35,SALE,01-01-2024 16:17:41,S07,20240101
S07/20240101/00012,3,P104372,2,101.21,SALE,01-01-2024 16:17:41,S07,20240101
S07/20240101/00012,4,TAX,1,201.61,TAX,01-01-2024 16:17:41,S07,20240101
S07/20240101/00012,5,TENDER,1,1899.78,TENDER,01-01-2024 16:17:41,S07,20240101
S07/20240101/00013,1,P103413,1,1296.43,SALE,01-01-2024 15:58:06,S07,20240101
S07/20240101/00013,2,P107208,1,302.95,SALE,01-01-2024 15:58:06,S07,20240101
S07/20240101/00013,3,P108174,1,235.92,SALE,01-01-2024 15:58:06,S07,20240101
S07/20240101/00013,4,TAX,1,91.77,TAX,01-01-2024 15:58:06,S07,20240101
S07/20240101/00013,5,TENDER,1,1927.07,TENDER,01-01-2024 15:58:06,S07,20240101
S07/20240101/00014,1,P107733,3,55.17,SALE,01-01-2024 12:31:19,S07,20240101
S07/20240101/00014,2,P103668,3,1416.40,SALE,01-01-2024 12:31:19,S07,20240101
S07/20240101/00014,3,P107385,1,797.95,SALE,01-01-2024 12:31:19,S07,20240101
S07/20240101/00014,4,P101558,1,44.31,SALE,01-01-2024 12:31:19,S07,20240101
S07/20240101/00014,5,TAX,1,268.61,TAX,01-01-2024 12:31:19,S07,20240101
S07/20240101/00014,6,TENDER,1,5525.58,TENDER,01-01-2024 12:31:19,S07,20240101
S07/20240101/00015,1,P107837,1,94.99,SALE,01-01-2024 14:09:53,S07,20240101
S07/20240101/00015,2,P105313,1,51.83,SALE,01-01-2024 14:09:53,S07,20240101
S07/20240101/00015,3,P104965,2,81.82,SALE,01-01-2024 14:09:53,S07,20240101
S07/20240101/00015,4,TAX,1,25.28,TAX,01-01-2024 14:09:53,S07,20240101
S07/20240101/00015,5,TENDER,1,335.74,TENDER,01-01-2024 14:09:53,S07,20240101
S07/20240101/00016,1,P105294,2,129.95,SALE,01-01-2024 15:54:35,S07,20240101
S07/20240101/00016,2,P104097,4,294.95,SALE,01-01-2024 15:54:35,S07,20240101
S07/20240101/00016,3,P104175,4,803.25,SALE,01-01-2024 15:54:35,S07,20240101
S07/20240101/00016,4,P105575,3,422.04,SALE,01-01-2024 15:54:35,S07,20240101
S07/20240101/00016,5,DISC,1,-324.32,DISCOUNT,01-01-2024 15:54:35,S07,20240101
S07/20240101/00016,6,TAX,1,237.87,TAX,01-01-2024 15:54:35,S07,20240101
S07/20240101/00016,7,TENDER,1,5832.37,TENDER,01-01-2024 15:54:35,S07,20240101
S07/20240101/00017,1,P105531,1,471.98,SALE,01-01-2024 14:45:06,S07,20240101
S07/20240101/00017,2,P102821,1,1356.95,SALE,01-01-2024 14:45:06,S07,20240101
S07/20240101/00017,3,P104168,1,512.27,SALE,01-01-2024 14:45:06,S07,20240101
S07/20240101/00017,4,P108097,3,84.95,SALE,01-01-2024 14:45:06,S07,20240101
S07/20240101/00017,5,P100595,2,388.65,SALE,01-01-2024 14:45:06,S07,20240101
S07/20240101/00017,6,P101410,3,805.24,SALE,01-01-2024 14:45:06,S07,20240101
S07/20240101/00017,7,P102290,1,547.95,SALE,01-01-2024 14:45:06,S07,20240101
S07/20240101/00017,8,P101570,2,263.95,SALE,01-01-2024 14:45:06,S07,20240101
S07/20240101/00017,9,P106270,3,307.95,SALE,01-01-2024 14:45:06,S07,20240101
S07/20240101/00017,10,TAX,1,625.10,TAX,01-01-2024 14:45:06,S07,20240101
S07/20240101/00017,11,TENDER,1,8413.87,TENDER,01-01-2024 14:45:06,S07,20240101
S07/20240101/00018,1,P102636,6,114.77,SALE,01-01-2024 13:57:39,S07,20240101
S07/20240101/00018,2,P102648,2,435.00,SALE,01-01-2024 13:57:39,S07,20240101
S07/20240101/00018,3,P100026,1,296.84,SALE,01-01-2024 13:57:39,S07,20240101
S07/20240101/00018,4,P103647,1,37.95,SALE,01-01-2024 13:57:39,S07,20240101
S07/20240101/00018,5,P107686,1,334.95,SALE,01-01-2024 13:57:39,S07,20240101
S07/20240101/00018,6,P103822,3,504.91,SALE,01-01-2024 13:57:39,S07,20240101
S07/20240101/00018,7,TAX,1,538.82,TAX,01-01-2024 13:57:39,S07,20240101
S07/20240101/00018,8,TENDER,1,4281.91,TENDER,01-01-2024 13:57:39,S07,20240101
S07/20240102/00001,1,P104121,1,130.95,SALE,02-01-2024 21:30:29,S07,20240102
S07/20240102/00001,2,P103249,1,521.24,SALE,02-01-2024 21:30:29,S07,20240102
S07/20240102/00001,3,P100121,1,102.39,SALE,02-01-2024 21:30:29,S07,20240102
S07/20240102/00001,4,P105413,3,1243.79,SALE,02-01-2024 21:30:29,S07,20240102
S07/20240102/00001,5,P101062,2,47.97,SALE,02-01-2024 21:30:29,S07,20240102
S07/20240102/00001,6,P105009,1,62.95,SALE,02-01-2024 21:30:29,S07,20240102
S07/20240102/00001,7,P105729,1,68.08,SALE,02-01-2024 21:30:29,S07,20240102
S07/20240102/00001,8,DISC,1,-556.71,DISCOUNT,02-01-2024 21:30:29,S07,20240102
S07/20240102/00001,9,TAX,1,468.19,TAX,02-01-2024 21:30:29,S07,20240102
S07/20240102/00001,10,TENDER,1,4624.40,TENDER,02-01-2024 21:30:29,S07,20240102
S07/20240102/00002,1,P105643,1,1294.23,SALE,02-01-2024 18:46:01,S07,20240102
S07/20240102/00002,2,P103986,3,434.95,SALE,02-01-2024 18:46:01,S07,20240102
S07/20240102/00002,3,TAX,1,234.87,TAX,02-01-2024 18:46:01,S07,20240102
S07/20240102/00002,4,TENDER,1,2833.95,TENDER,02-01-2024 18:46:01,S07,20240102
S07/20240102/00003,1,P104733,-3,627.95,RETURN,02-01-2024 16:07:00,S07,20240102
S07/20240102/00003,2,TAX,1,-339.09,TAX,02-01-2024 16:07:00,S07,20240102
S07/20240102/00003,3,TENDER,1,-2222.94,TENDER,02-01-2024 16:07:00,S07,20240102
S07/20240102/00004,1,P102321,2,27.09,SALE,02-01-2024 20:33:26,S07,20240102
S07/20240102/00004,2,P101292,2,364.42,SALE,02-01-2024 20:33:26,S07,20240102
S07/20240102/00004,3,P106228,2,43.95,SALE,02-01-2024 20:33:26,S07,20240102
S07/20240102/00004,4,DISC,1,-31.27,DISCOUNT,02-01-2024 20:33:26,S07,20240102
S07/20240102/00004,5,TAX,1,56.66,TAX,02-01-2024 20:33:26,S07,20240102
S07/20240102/00004,6,TENDER,1,896.31,TENDER,02-01-2024 20:33:26,S07,20240102
S07/20240102/00005,1,P103035,1,1076.61,SALE,02-01-2024 18:46:22,S07,20240102
S07/20240102/00005,2,P103452,4,1006.95,SALE,02-01-2024 18:46:22,S07,20240102
S07/20240102/00005,3,DISC,1,-177.78,DISCOUNT,02-01-2024 18:46:22,S07,20240102
S07/20240102/00005,4,TAX,1,246.33,TAX,02-01-2024 18:46:22,S07,20240102
S07/20240102/00005,5,TENDER,1,5172.96,TENDER,02-01-2024 18:46:22,S07,20240102
S07/20240102/00006,1,P107848,2,267.41,SALE,02-01-2024 15:41:00,S07,20240102
S07/20240102/00006,2,P103833,2,1136.81,SALE,02-01-2024 15:41:00,S07,20240102
S07/20240102/00006,3,P100441,2,419.95,SALE,02-01-2024 15:41:00,S07,20240102
S07/20240102/00006,4,P102724,3,354.69,SALE,02-01-2024 15:41:00,S07,20240102
S07/20240102/00006,5,P100239,3,352.95,SALE,02-01-2024 15:41:00,S07,20240102
S07/20240102/00006,6,TAX,1,559.80,TAX,02-01-2024 15:41:00,S07,20240102
S07/20240102/00006,7,TENDER,1,6331.06,TENDER,02-01-2024 15:41:00,S07,20240102
S07/20240102/00007,1,P105092,1,421.74,SALE,02-01-2024 17:52:17,S07,20240102
S07/20240102/00007,2,P108041,2,368.87,SALE,02-01-2024 17:52:17,S07,20240102
S07/20240102/00007,3,P101134,2,1001.95,SALE,02-01-2024 17:52:17,S07,20240102
S07/20240102/00007,4,P105139,5,99.95,SALE,02-01-2024 17:52:17,S07,20240102
S07/20240102/00007,5,TAX,1,224.41,TAX,02-01-2024 17:52:17,S07,20240102
S07/20240102/00007,6,TENDER,1,3887.54,TENDER,02-01-2024 17:52:17,S07,20240102
S07/20240102/00008,1,P105365,1,399.23,SALE,02-01-2024 19:10:47,S07,20240102
S07/20240102/00008,2,P108186,2,315.95,SALE,02-01-2024 19:10:47,S07,20240102
S07/20240102/00008,3,P102207,1,348.89,SALE,02-01-2024 19:10:47,S07,20240102
S07/20240102/00008,4,P101034,2,85.95,SALE,02-01-2024 19:10:47,S07,20240102
S07/20240102/00008,5,TAX,1,186.23,TAX,02-01-2024 19:10:47,S07,20240102
S07/20240102/00008,6,TENDER,1,1738.15,TENDER,02-01-2024 19:10:47,S07,20240102
S07/20240102/00009,1,P101864,1,101.95,SALE,02-01-2024 14:51:53,S07,20240102
S07/20240102/00009,2,P107432,3,41.96,SALE,02-01-2024 14:51:53,S07,20240102
S07/20240102/00009,3,P101283,1,263.48,SALE,02-01-2024 14:51:53,S07,20240102
S07/20240102/00009,4,P100956,1,415.95,SALE,02-01-2024 14:51:53,S07,20240102
S07/20240102/00009,5,TAX,1,92.87,TAX,02-01-2024 14:51:53,S07,20240102
S07/20240102/00009,6,TENDER,1,1000.13,TENDER,02-01-2024 14:51:53,S07,20240102
S07/20240102/00010,1,P101034,3,85.95,SALE,02-01-2024 13:25:23,S07,20240102
S07/20240102/00010,2,P101311,2,481.74,SALE,02-01-2024 13:25:23,S07,20240102
S07/20240102/00010,3,P105155,1,317.12,SALE,02-01-2024 13:25:23,S07,20240102
S07/20240102/00010,4,P106207,2,459.95,SALE,02-01-2024 13:25:23,S07,20240102
S07/20240102/00010,5,P102409,1,381.29,SALE,02-01-2024 13:25:23,S07,20240102
S07/20240102/00010,6,TAX,1,279.62,TAX,02-01-2024 13:25:23,S07,20240102
S07/20240102/00010,7,TENDER,1,3119.26,TENDER,02-01-2024 13:25:23,S07,20240102
S07/20240102/00011,1,P108001,1,82.21,SALE,02-01-2024 18:14:00,S07,20240102
S07/20240102/00011,2,P106382,1,81.60,SALE,02-01-2024 18:14:00,S07,20240102
S07/20240102/00011,3,P103050,2,500.14,SALE,02-01-2024 18:14:00,S07,20240102
S07/20240102/00011,4,P108302,2,855.55,SALE,02-01-2024 18:14:00,S07,20240102
S07/20240102/00011,5,P106133,2,307.37,SALE,02-01-2024 18:14:00,S07,20240102
S07/20240102/00011,6,TAX,1,196.21,TAX,02-01-2024 18:14:00,S07,20240102
S07/20240102/00011,7,TENDER,1,3686.14,TENDER,02-01-2024 18:14:00,S07,20240102
S07/20240102/00012,1,P106731,3,142.59,SALE,03-01-2024 00:21:18,S07,20240102
S07/20240102/00012,2,P101076,2,606.89,SALE,03-01-2024 00:21:18,S07,20240102
S07/20240102/00012,3,P106143,2,51.44,SALE,03-01-2024 00:21:18,S07,20240102
S07/20240102/00012,4,P101779,4,197.95,SALE,03-01-2024 00:21:18,S07,20240102
S07/20240102/00012,5,P106731,-3,142.59,VOID,03-01-2024 00:21:18,S07,20240102
S07/20240102/00012,6,P101076,-2,606.89,VOID,03-01-2024 00:21:18,S07,20240102
S07/20240102/00012,7,P106143,-2,51.44,VOID,03-01-2024 00:21:18,S07,20240102
S07/20240102/00012,8,P101779,-4,197.95,VOID,03-01-2024 00:21:18,S07,20240102
S07/20240102/00012,9,TAX,1,0.00,TAX,03-01-2024 00:21:18,S07,20240102
S07/20240102/00012,10,TENDER,1,0.00,TENDER,03-01-2024 00:21:18,S07,20240102
S07/20240102/00013,1,P107914,2,231.95,SALE,02-01-2024 15:06:43,S07,20240102
S07/20240102/00013,2,P107089,1,196.37,SALE,02-01-2024 15:06:43,S07,20240102
S07/20240102/00013,3,P103374,2,34.95,SALE,02-01-2024 15:06:43,S07,20240102
S07/20240102/00013,4,P105345,2,295.95,SALE,02-01-2024 15:06:43,S07,20240102
S07/20240102/00013,5,TAX,1,135.50,TAX,02-01-2024 15:06:43,S07,20240102
S07/20240102/00013,6,TENDER,1,1457.57,TENDER,02-01-2024 15:06:43,S07,20240102
S07/20240102/00014,1,P106009,1,301.95,SALE,02-01-2024 17:51:46,S07,20240102
S07/20240102/00014,2,P106965,3,78.22,SALE,02-01-2024 17:51:46,S07,20240102
S07/20240102/00014,3,P103749,2,13.83,SALE,02-01-2024 17:51:46,S07,20240102
S07/20240102/00014,4,TAX,1,31.81,TAX,02-01-2024 17:51:46,S07,20240102
S07/20240102/00014,5,TENDER,1,596.08,TENDER,02-01-2024 17:51:46,S07,20240102
S07/20240102/00015,1,P103243,2,195.61,SALE,02-01-2024 18:04:28,S07,20240102
S07/20240102/00015,2,P100924,2,46.14,SALE,02-01-2024 18:04:28,S07,20240102
S07/20240102/00015,3,P103538,1,246.95,SALE,02-01-2024 18:04:28,S07,20240102
S07/20240102/00015,4,P101248,1,458.95,SALE,02-01-2024 18:04:28,S07,20240102
S07/20240102/00015,5,P100827,3,1052.95,SALE,02-01-2024 18:04:28,S07,20240102
S07/20240102/00015,6,P105684,3,1096.95,SALE,02-01-2024 18:04:28,S07,20240102
S07/20240102/00015,7,TAX,1,295.67,TAX,02-01-2024 18:04:28,S07,20240102
S07/20240102/00015,8,TENDER,1,7934.77,TENDER,02-01-2024 18:04:28,S07,20240102
S07/20240102/00016,1,P106123,2,244.95,SALE,02-01-2024 17:32:33,S07,20240102
S07/20240102/00016,2,P102982,3,263.07,SALE,02-01-2024 17:32:33,S07,20240102
S07/20240102/00016,3,P100595,2,388.65,SALE,02-01-2024 17:32:33,S07,20240102
S07/20240102/00016,4,P106330,2,177.64,SALE,02-01-2024 17:32:33,S07,20240102
S07/20240102/00016,5,TAX,1,299.28,TAX,02-01-2024 17:32:33,S07,20240102
S07/20240102/00016,6,TENDER,1,2710.97,TENDER,02-01-2024 17:32:33,S07,20240102
S07/20240102/00017,1,P100268,1,184.95,SALE,02-01-2024 16:27:58,S07,20240102
S07/20240102/00017,2,P103118,2,40.95,SALE,02-01-2024 16:27:58,S07,20240102
S07/20240102/00017,3,P102160,1,221.62,SALE,02-01-2024 16:27:58,S07,20240102
S07/20240102/00017,4,P105035,1,158.77,SALE,02-01-2024 16:27:58,S07,20240102
S07/20240102/00017,5,TAX,1,39.94,TAX,02-01-2024 16:27:58,S07,20240102
S07/20240102/00017,6,TENDER,1,687.18,TENDER,02-01-2024 16:27:58,S07,20240102
S07/20240102/00018,1,P101961,3,679.58,SALE,02-01-2024 20:15:15,S07,20240102
S07/20240102/00018,2,P102609,2,176.55,SALE,02-01-2024 20:15:15,S07,20240102
S07/20240102/00018,3,P106209,4,182.34,SALE,02-01-2024 20:15:15,S07,20240102
S07/20240102/00018,4,P108319,3,262.51,SALE,02-01-2024 20:15:15,S07,20240102
S07/20240102/00018,5,DISC,1,-281.83,DISCOUNT,02-01-2024 20:15:15,S07,20240102
S07/20240102/00018,6,TAX,1,497.58,TAX,02-01-2024 20:15:15,S07,20240102
S07/20240102/00018,7,TENDER,1,4124.48,TENDER,02-01-2024 20:15:15,S07,20240102
S07/20240102/00019,1,P106367,1,650.25,SALE,02-01-2024 20:29:36,S07,20240102
S07/20240102/00019,2,P106745,3,518.86,SALE,02-01-2024 20:29:36,S07,20240102
S07/20240102/00019,3,P103882,3,269.95,SALE,02-01-2024 20:29:36,S07,20240102
S07/20240102/00019,4,DISC,1,-261.86,DISCOUNT,02-01-2024 20:29:36,S07,20240102
S07/20240102/00019,5,TAX,1,418.67,TAX,02-01-2024 20:29:36,S07,20240102
S07/20240102/00019,6,TENDER,1,3173.49,TENDER,02-01-2024 20:29:36,S07,20240102
S07/20240102/00020,1,P100682,2,325.28,SALE,02-01-2024 16:08:43,S07,20240102
S07/20240102/00020,2,P101570,2,263.95,SALE,02-01-2024 16:08:43,S07,20240102
S07/20240102/00020,3,P106911,4,232.77,SALE,02-01-2024 16:08:43,S07,20240102
S07/20240102/00020,4,P104800,4,599.10,SALE,02-01-2024 16:08:43,S07,20240102
S07/20240102/00020,5,TAX,1,428.98,TAX,02-01-2024 16:08:43,S07,20240102
S07/20240102/00020,6,TENDER,1,4934.92,TENDER,02-01-2024 16:08:43,S07,20240102
S07/20240103/00001,1,P103785,3,491.90,SALE,03-01-2024 17:42:02,S07,20240103
S07/20240103/00001,2,P102954,3,119.54,SALE,03-01-2024 17:42:02,S07,20240103
S07/20240103/00001,3,P103811,4,801.95,SALE,03-01-2024 17:42:02,S07,20240103
S07/20240103/00001,4,P100509,1,143.38,SALE,03-01-2024 17:42:02,S07,20240103
S07/20240103/00001,5,TAX,1,227.29,TAX,03-01-2024 17:42:02,S07,20240103
S07/20240103/00001,6,TENDER,1,5412.79,TENDER,03-01-2024 17:42:02,S07,20240103
S07/20240103/00002,1,P102415,2,1074.95,SALE,03-01-2024 16:45:19,S07,20240103
S07/20240103/00002,2,P107581,1,225.95,SALE,03-01-2024 16:45:19,S07,20240103
S07/20240103/00002,3,TAX,1,134.61,TAX,03-01-2024 16:45:19,S07,20240103
S07/20240103/00002,4,TENDER,1,2510.46,TENDER,03-01-2024 16:45:19,S07,20240103
S07/20240103/00003,1,P107676,1,186.95,SALE,03-01-2024 11:37:20,S07,20240103
S07/20240103/00003,2,P103629,1,57.95,SALE,03-01-2024 11:37:20,S07,20240103
S07/20240103/00003,3,P106710,1,93.71,SALE,03-01-2024 11:37:20,S07,20240103
S07/20240103/00003,4,P106454,3,118.78,SALE,03-01-2024 11:37:20,S07,20240103
S07/20240103/00003,5,P107914,2,231.95,SALE,03-01-2024 11:37:20,S07,20240103
S07/20240103/00003,6,DISC,1,-136.05,DISCOUNT,03-01-2024 11:37:20,S07,20240103
S07/20240103/00003,7,TAX,1,121.77,TAX,03-01-2024 11:37:20,S07,20240103
S07/20240103/00003,8,TENDER,1,1144.57,TENDER,03-01-2024 11:37:20,S07,20240103
S07/20240103/00004,1,P101603,5,887.87,SALE,03-01-2024 14:26:59,S07,20240103
S07/20240103/00004,2,P101356,1,1054.95,SALE,03-01-2024 14:26:59,S07,20240103
S07/20240103/00004,3,P102207,3,348.89,SALE,03-01-2024 14:26:59,S07,20240103
S07/20240103/00004,4,P107767,2,468.44,SALE,03-01-2024 14:26:59,S07,20240103
S07/20240103/00004,5,P104469,3,1383.23,SALE,03-01-2024 14:26:59,S07,20240103
S07/20240103/00004,6,P107623,2,414.95,SALE,03-01-2024 14:26:59,S07,20240103
S07/20240103/00004,7,TAX,1,1405.26,TAX,03-01-2024 14:26:59,S07,20240103
S07/20240103/00004,8,TENDER,1,13862.70,TENDER,03-01-2024 14:26:59,S07,20240103
S07/20240103/00005,1,P105855,3,128.68,SALE,03-01-2024 09:08:02,S07,20240103
S07/20240103/00005,2,P102236,3,933.52,SALE,03-01-2024 09:08:02,S07,20240103
S07/20240103/00005,3,P108032,1,660.37,SALE,03-01-2024 09:08:02,S07,20240103
S07/20240103/00005,4,P101225,4,452.38,SALE,03-01-2024 09:08:02,S07,20240103
S07/20240103/00005,5,TAX,1,455.72,TAX,03-01-2024 09:08:02,S07,20240103
S07/20240103/00005,6,TENDER,1,6112.21,TENDER,03-01-2024 09:08:02,S07,20240103
S07/20240103/00006,1,P107863,2,449.95,SALE,03-01-2024 17:09:50,S07,20240103
S07/20240103/00006,2,P100528,3,541.30,SALE,03-01-2024 17:09:50,S07,20240103
S07/20240103/00006,3,P102520,2,597.95,SALE,03-01-2024 17:09:50,S07,20240103
S07/20240103/00006,4,TAX,1,221.78,TAX,03-01-2024 17:09:50,S07,20240103
S07/20240103/00006,5,TENDER,1,3941.48,TENDER,03-01-2024 17:09:50,S07,20240103
S07/20240103/00007,1,P103794,1,729.86,SALE,03-01-2024 13:29:00,S07,20240103
S07/20240103/00007,2,P103206,1,367.27,SALE,03-01-2024 13:29:00,S07,20240103
S07/20240103/00007,3,P105908,2,628.20,SALE,03-01-2024 13:29:00,S07,20240103
S07/20240103/00007,4,P102945,2,47.95,SALE,03-01-2024 13:29:00,S07,20240103
S07/20240103/00007,5,P102845,1,80.09,SALE,03-01-2024 13:29:00,S07,20240103
S07/20240103/00007,6,TAX,1,186.69,TAX,03-01-2024 13:29:00,S07,20240103
S07/20240103/00007,7,TENDER,1,2716.21,TENDER,03-01-2024 13:29:00,S07,20240103
S07/20240103/00008,1,P107630,3,275.41,SALE,03-01-2024 21:07:15,S07,20240103
S07/20240103/00008,2,P107872,2,554.95,SALE,03-01-2024 21:07:15,S07,20240103
S07/20240103/00008,3,P101122,2,70.95,SALE,03-01-2024 21:07:15,S07,20240103
S07/20240103/00008,4,P108082,2,218.64,SALE,03-01-2024 21:07:15,S07,20240103
S07/20240103/00008,5,P104417,1,322.95,SALE,03-01-2024 21:07:15,S07,20240103
S07/20240103/00008,6,TAX,1,347.22,TAX,03-01-2024 21:07:15,S07,20240103
S07/20240103/00008,7,TENDER,1,3185.48,TENDER,03-01-2024 21:07:15,S07,20240103
S07/20240103/00009,1,P104872,2,132.95,SALE,03-01-2024 17:23:29,S07,20240103
S07/20240103/00009,2,P102230,3,313.70,SALE,03-01-2024 17:23:29,S07,20240103
S07/20240103/00009,3,P105860,4,141.88,SALE,03-01-2024 17:23:29,S07,20240103
S07/20240103/00009,4,P103871,5,186.42,SALE,03-01-2024 17:23:29,S07,20240103
S07/20240103/00009,5,P105313,2,51.83,SALE,03-01-2024 17:23:29,S07,20240103
S07/20240103/00009,6,TAX,1,247.91,TAX,03-01-2024 17:23:29,S07,20240103
S07/20240103/00009,7,TENDER,1,3058.19,TENDER,03-01-2024 17:23:29,S07,20240103
S07/20240103/00010,1,P101961,1,679.58,SALE,03-01-2024 14:29:56,S07,20240103
S07/20240103/00010,2,P106865,1,299.72,SALE,03-01-2024 14:29:56,S07,20240103
S07/20240103/00010,3,P100879,1,155.98,SALE,03-01-2024 14:29:56,S07,20240103
S07/20240103/00010,4,TAX,1,176.27,TAX,03-01-2024 14:29:56,S07,20240103
S07/20240103/00010,5,TENDER,1,1311.55,TENDER,03-01-2024 14:29:56,S07,20240103
S07/20240103/00011,1,P104079,4,72.20,SALE,03-01-2024 15:19:10,S07,20240103
S07/20240103/00011,2,P105083,1,245.38,SALE,03-01-2024 15:19:10,S07,20240103
S07/20240103/00011,3,P108179,3,284.95,SALE,03-01-2024 15:19:10,S07,20240103
S07/20240103/00011,4,P105651,4,110.95,SALE,03-01-2024 15:19:10,S07,20240103
S07/20240103/00011,5,P103757,2,143.95,SALE,03-01-2024 15:19:10,S07,20240103
S07/20240103/00011,6,P104858,2,297.94,SALE,03-01-2024 15:19:10,S07,20240103
S07/20240103/00011,7,P104909,1,303.38,SALE,03-01-2024 15:19:10,S07,20240103
S07/20240103/00011,8,TAX,1,312.54,TAX,03-01-2024 15:19:10,S07,20240103
S07/20240103/00011,9,TENDER,1,3332.53,TENDER,03-01-2024 15:19:10,S07,20240103
S07/20240103/00012,1,P100991,4,147.89,SALE,03-01-2024 13:46:06,S07,20240103
S07/20240103/00012,2,P104469,1,1383.23,SALE,03-01-2024 13:46:06,S07,20240103
S07/20240103/00012,3,P108313,3,372.95,SALE,03-01-2024 13:46:06,S07,20240103
S07/20240103/00012,4,P103090,1,805.95,SALE,03-01-2024 13:46:06,S07,20240103
S07/20240103/00012,5,P108001,2,87.00,SALE,03-01-2024 13:46:06,S07,20240103
S07/20240103/00012,6,TAX,1,370.13,TAX,03-01-2024 13:46:06,S07,20240103
S07/20240103/00012,7,TENDER,1,4443.72,TENDER,03-01-2024 13:46:06,S07,20240103
S07/20240103/00013,1,P106367,2,650.25,SALE,03-01-2024 18:34:59,S07,20240103
S07/20240103/00013,2,P104708,1,22.95,SALE,03-01-2024 18:34:59,S07,20240103
S07/20240103/00013,3,P106004,2,137.38,SALE,03-01-2024 18:34:59,S07,20240103
S07/20240103/00013,4,TAX,1,82.89,TAX,03-01-2024 18:34:59,S07,20240103
S07/20240103/00013,5,TENDER,1,1681.10,TENDER,03-01-2024 18:34:59,S07,20240103
S07/20240103/00014,1,P101174,1,50.10,SALE,03-01-2024 16:50:51,S07,20240103
S07/20240103/00014,2,P101789,3,336.02,SALE,03-01-2024 16:50:51,S07,20240103
S07/20240103/00014,3,P106336,3,456.47,SALE,03-01-2024 16:50:51,S07,20240103
S07/20240103/00014,4,TAX,1,299.40,TAX,03-01-2024 16:50:51,S07,20240103
S07/20240103/00014,5,TENDER,1,2726.97,TENDER,03-01-2024 16:50:51,S07,20240103
S07/20240103/00015,1,P100276,-1,937.37,RETURN,03-01-2024 11:23:15,S07,20240103
S07/20240103/00015,2,P100339,-3,278.86,RETURN,03-01-2024 11:23:15,S07,20240103
S07/20240103/00015,3,P106391,-1,747.95,RETURN,03-01-2024 11:23:15,S07,20240103
S07/20240103/00015,4,P101874,-1,19.95,RETURN,03-01-2024 11:23:15,S07,20240103
S07/20240103/00015,5,TAX,1,-234.85,TAX,03-01-2024 11:23:15,S07,20240103
S07/20240103/00015,6,TENDER,1,-2776.70,TENDER,03-01-2024 11:23:15,S07,20240103
S07/20240103/00016,1,P100682,4,325.28,SALE,03-01-2024 22:46:49,S07,20240103
S07/20240103/00016,2,P103090,1,805.95,SALE,03-01-2024 22:46:49,S07,20240103
S07/20240103/00016,3,P100511,1,407.54,SALE,03-01-2024 22:46:49,S07,20240103
S07/20240103/00016,4,TAX,1,245.34,TAX,03-01-2024 22:46:49,S07,20240103
S07/20240103/00016,5,TENDER,1,2759.95,TENDER,03-01-2024 22:46:49,S07,20240103
S07/20240103/00017,1,P105624,1,380.06,SALE,03-01-2024 13:06:49,S07,20240103
S07/20240103/00017,2,P100536,1,471.52,SALE,03-01-2024 13:06:49,S07,20240103
S07/20240103/00017,3,P101533,1,1020.37,SALE,03-01-2024 13:06:49,S07,20240103
S07/20240103/00017,4,P106648,1,309.25,SALE,03-01-2024 13:06:49,S07,20240103
S07/20240103/00017,5,P100250,1,526.95,SALE,03-01-2024 13:06:49,S07,20240103
S07/20240103/00017,6,TAX,1,268.13,TAX,03-01-2024 13:06:49,S07,20240103
S07/20240103/00017,7,TENDER,1,2976.28,TENDER,03-01-2024 13:06:49,S07,20240103
S07/20240103/00018,1,P105356,2,233.24,SALE,03-01-2024 18:10:23,S07,20240103
S07/20240103/00018,2,P106258,2,423.67,SALE,03-01-2024 18:10:23,S07,20240103
S07/20240103/00018,3,P103316,1,1749.88,SALE,03-01-2024 18:10:23,S07,20240103
S07/20240103/00018,4,TAX,1,275.68,TAX,03-01-2024 18:10:23,S07,20240103
S07/20240103/00018,5,TENDER,1,3339.38,TENDER,03-01-2024 18:10:23,S07,20240103
S07/20240103/00019,1,P105164,1,221.95,SALE,03-01-2024 13:01:47,S07,20240103
S07/20240103/00019,2,P100421,1,129.94,SALE,03-01-2024 13:01:47,S07,20240103
S07/20240103/00019,3,P103964,3,129.59,SALE,03-01-2024 13:01:47,S07,20240103
S07/20240103/00019,4,P102922,3,109.03,SALE,03-01-2024 13:01:47,S07,20240103
S07/20240103/00019,5,P104587,3,252.25,SALE,03-01-2024 13:01:47,S07,20240103
S07/20240103/00019,6,TAX,1,116.15,TAX,03-01-2024 13:01:47,S07,20240103
S07/20240103/00019,7,TENDER,1,1940.65,TENDER,03-01-2024 13:01:47,S07,20240103
S07/20240104/00001,1,P102296,4,43.24,SALE,04-01-2024 15:16:53,S07,20240104
S07/20240104/00001,2,P101558,1,44.31,SALE,04-01-2024 15:16:53,S07,20240104
S07/20240104/00001,3,P104285,2,582.95,SALE,04-01-2024 15:16:53,S07,20240104
S07/20240104/00001,4,P101751,2,460.11,SALE,04-01-2024 15:16:53,S07,20240104
S07/20240104/00001,5,TAX,1,263.04,TAX,04-01-2024 15:16:53,S07,20240104
S07/20240104/00001,6,TENDER,1,2566.43,TENDER,04-01-2024 15:16:53,S07,20240104
S07/20240104/00002,1,P106522,1,208.95,SALE,04-01-2024 12:51:05,S07,20240104
S07/20240104/00002,2,P100771,1,703.95,SALE,04-01-2024 12:51:05,S07,20240104
S07/20240104/00002,3,P100007,1,129.42,SALE,04-01-2024 12:51:05,S07,20240104
S07/20240104/00002,4,P100077,3,181.42,SALE,04-01-2024 12:51:05,S07,20240104
S07/20240104/00002,5,P105997,4,110.06,SALE,04-01-2024 12:51:05,S07,20240104
S07/20240104/00002,6,TAX,1,167.44,TAX,04-01-2024 12:51:05,S07,20240104
S07/20240104/00002,7,TENDER,1,2194.26,TENDER,04-01-2024 12:51:05,S07,20240104
S07/20240104/00003,1,P106490,2,560.31,SALE,04-01-2024 14:36:20,S07,20240104
S07/20240104/00003,2,P107266,1,70.10,SALE,04-01-2024 14:36:20,S07,20240104
S07/20240104/00003,3,P107190,2,223.50,SALE,04-01-2024 14:36:20,S07,20240104
S07/20240104/00003,4,P105209,2,367.95,SALE,04-01-2024 14:36:20,S07,20240104
S07/20240104/00003,5,TAX,1,216.43,TAX,04-01-2024 14:36:20,S07,20240104
S07/20240104/00003,6,TENDER,1,2590.05,TENDER,04-01-2024 14:36:20,S07,20240104
S07/20240104/00004,1,P104802,2,194.24,SALE,04-01-2024 10:05:23,S07,20240104
S07/20240104/00004,2,P104916,4,284.74,SALE,04-01-2024 10:05:23,S07,20240104
S07/20240104/00004,3,P106718,2,392.95,SALE,04-01-2024 10:05:23,S07,20240104
S07/20240104/00004,4,P106639,1,406.04,SALE,04-01-2024 10:05:23,S07,20240104
S07/20240104/00004,5,P107646,2,225.19,SALE,04-01-2024 10:05:23,S07,20240104
S07/20240104/00004,6,P100899,2,129.12,SALE,04-01-2024 10:05:23,S07,20240104
S07/20240104/00004,7,TAX,1,487.65,TAX,04-01-2024 10:05:23,S07,20240104
S07/20240104/00004,8,TENDER,1,3915.65,TENDER,04-01-2024 10:05:23,S07,20240104
S07/20240104/00005,1,P105541,1,201.95,SALE,04-01-2024 14:09:53,S07,20240104
S07/20240104/00005,2,P106162,1,527.95,SALE,04-01-2024 14:09:53,S07,20240104
S07/20240104/00005,3,P104469,3,1383.23,SALE,04-01-2024 14:09:53,S07,20240104
S07/20240104/00005,4,P108131,2,611.06,SALE,04-01-2024 14:09:53,S07,20240104
S07/20240104/00005,5,TAX,1,595.42,TAX,04-01-2024 14:09:53,S07,20240104
S07/20240104/00005,6,TENDER,1,6697.13,TENDER,04-01-2024 14:09:53,S07,20240104
S07/20240104/00006,1,P101813,1,247.95,SALE,04-01-2024 19:21:43,S07,20240104
S07/20240104/00006,2,P103178,3,21.49,SALE,04-01-2024 19:21:43,S07,20240104
S07/20240104/00006,3,DISC,1,-22.89,DISCOUNT,04-01-2024 19:21:43,S07,20240104
S07/20240104/00006,4,TAX,1,10.75,TAX,04-01-2024 19:21:43,S07,20240104
S07/20240104/00006,5,TENDER,1,300.28,TENDER,04-01-2024 19:21:43,S07,20240104
S07/20240104/00007,1,P104921,2,398.95,SALE,04-01-2024 17:39:33,S07,20240104
S07/20240104/00007,2,P101564,3,160.49,SALE,04-01-2024 17:39:33,S07,20240104
S07/20240104/00007,3,DISC,1,-87.61,DISCOUNT,04-01-2024 17:39:33,S07,20240104
S07/20240104/00007,4,TAX,1,214.52,TAX,04-01-2024 17:39:33,S07,20240104
S07/20240104/00007,5,TENDER,1,1406.28,TENDER,04-01-2024 17:39:33,S07,20240104
S07/20240104/00008,1,P102096,1,1067.74,SALE,04-01-2024 15:23:06,S07,20240104
S07/20240104/00008,2,TAX,1,128.13,TAX,04-01-2024 15:23:06,S07,20240104
S07/20240104/00008,3,TENDER,1,1195.87,TENDER,04-01-2024 15:23:06,S07,20240104
S07/20240104/00009,1,P104587,1,252.25,SALE,04-01-2024 17:33:08,S07,20240104
S07/20240104/00009,2,P101272,2,87.22,SALE,04-01-2024 17:33:08,S07,20240104
S07/20240104/00009,3,P103062,2,163.01,SALE,04-01-2024 17:33:08,S07,20240104
S07/20240104/00009,4,P101592,3,280.95,SALE,04-01-2024 17:33:08,S07,20240104
S07/20240104/00009,5,P106048,4,310.59,SALE,04-01-2024 17:33:08,S07,20240104
S07/20240104/00009,6,P103178,1,21.49,SALE,04-01-2024 17:33:08,S07,20240104
S07/20240104/00009,7,DISC,1,-338.22,DISCOUNT,04-01-2024 17:33:08,S07,20240104
S07/20240104/00009,8,TAX,1,301.81,TAX,04-01-2024 17:33:08,S07,20240104
S07/20240104/00009,9,TENDER,1,2823.00,TENDER,04-01-2024 17:33:08,S07,20240104
S07/20240104/00010,1,P103882,1,269.95,SALE,04-01-2024 17:04:55,S07,20240104
S07/20240104/00010,2,P102067,1,144.78,SALE,04-01-2024 17:04:55,S07,20240104
S07/20240104/00010,3,P101933,1,1168.09,SALE,04-01-2024 17:04:55,S07,20240104
S07/20240104/00010,4,TAX,1,196.00,TAX,04-01-2024 17:04:55,S07,20240104
S07/20240104/00010,5,TENDER,1,1778.82,TENDER,04-01-2024 17:04:55,S07,20240104
S07/20240104/00011,1,P100494,3,64.52,SALE,04-01-2024 14:13:16,S07,20240104
S07/20240104/00011,2,P100239,1,352.95,SALE,04-01-2024 14:13:16,S07,20240104
S07/20240104/00011,3,P100911,3,70.70,SALE,04-01-2024 14:13:16,S07,20240104
S07/20240104/00011,4,P104921,3,398.95,SALE,04-01-2024 14:13:16,S07,20240104
S07/20240104/00011,5,P102963,2,354.95,SALE,04-01-2024 14:13:16,S07,20240104
S07/20240104/00011,6,TAX,1,431.01,TAX,04-01-2024 14:13:16,S07,20240104
S07/20240104/00011,7,TENDER,1,3096.37,TENDER,04-01-2024 14:13:16,S07,20240104
S07/20240104/00012,1,P105583,1,178.95,SALE,04-01-2024 12:32:09,S07,20240104
S07/20240104/00012,2,P100281,1,449.95,SALE,04-01-2024 12:32:09,S07,20240104
S07/20240104/00012,3,P106506,3,91.95,SALE,04-01-2024 12:32:09,S07,20240104
S07/20240104/00012,4,TAX,1,104.36,TAX,04-01-2024 12:32:09,S07,20240104
S07/20240104/00012,5,TENDER,1,1009.11,TENDER,04-01-2024 12:32:09,S07,20240104
S07/20240104/00013,1,P105440,2,107.89,SALE,04-01-2024 14:44:53,S07,20240104
S07/20240104/00013,2,P104328,3,66.17,SALE,04-01-2024 14:44:53,S07,20240104
S07/20240104/00013,3,P100883,2,715.55,SALE,04-01-2024 14:44:53,S07,20240104
S07/20240104/00013,4,P101134,3,1001.95,SALE,04-01-2024 14:44:53,S07,20240104
S07/20240104/00013,5,P100855,1,290.71,SALE,04-01-2024 14:44:53,S07,20240104
S07/20240104/00013,6,P100406,2,342.13,SALE,04-01-2024 14:44:53,S07,20240104
S07/20240104/00013,7,TAX,1,178.81,TAX,04-01-2024 14:44:53,S07,20240104
S07/20240104/00013,8,TENDER,1,6005.02,TENDER,04-01-2024 14:44:53,S07,20240104
S07/20240104/00014,1,P106200,1,117.95,SALE,04-01-2024 17:34:07,S07,20240104
S07/20240104/00014,2,P107226,2,86.90,SALE,04-01-2024 17:34:07,S07,20240104
S07/20240104/00014,3,P100967,2,1052.07,SALE,04-01-2024 17:34:07,S07,20240104
S07/20240104/00014,4,P101190,1,84.60,SALE,04-01-2024 17:34:07,S07,20240104
S07/20240104/00014,5,P100330,4,174.95,SALE,04-01-2024 17:34:07,S07,20240104
S07/20240104/00014,6,TAX,1,348.15,TAX,04-01-2024 17:34:07,S07,20240104
S07/20240104/00014,7,TENDER,1,3528.44,TENDER,04-01-2024 17:34:07,S07,20240104
S07/20240104/00015,1,P100164,1,581.13,SALE,04-01-2024 22:01:28,S07,20240104
S07/20240104/00015,2,P101305,3,119.82,SALE,04-01-2024 22:01:28,S07,20240104
S07/20240104/00015,3,P101095,2,205.38,SALE,04-01-2024 22:01:28,S07,20240104
S07/20240104/00015,4,P103040,2,402.85,SALE,04-01-2024 22:01:28,S07,20240104
S07/20240104/00015,5,TAX,1,314.33,TAX,04-01-2024 22:01:28,S07,20240104
S07/20240104/00015,6,TENDER,1,2471.38,TENDER,04-01-2024 22:01:28,S07,20240104
S07/20240104/00016,1,P103743,1,1117.90,SALE,04-01-2024 13:53:45,S07,20240104
S07/20240104/00016,2,P107472,3,60.81,SALE,04-01-2024 13:53:45,S07,20240104
S07/20240104/00016,3,TAX,1,9.12,TAX,04-01-2024 13:53:45,S07,20240104
S07/20240104/00016,4,TENDER,1,1309.45,TENDER,04-01-2024 13:53:45,S07,20240104
S07/20240104/00017,1,P104328,4,66.17,SALE,04-01-2024 23:09:35,S07,20240104
S07/20240104/00017,2,P107989,3,170.15,SALE,04-01-2024 23:09:35,S07,20240104
S07/20240104/00017,3,P102129,1,252.76,SALE,04-01-2024 23:09:35,S07,20240104
S07/20240104/00017,4,TAX,1,117.75,TAX,04-01-2024 23:09:35,S07,20240104
S07/20240104/00017,5,TENDER,1,1145.64,TENDER,04-01-2024 23:09:35,S07,20240104
S07/20240104/00018,1,P106757,1,398.95,SALE,04-01-2024 21:53:53,S07,20240104
S07/20240104/00018,2,P103299,3,220.95,SALE,04-01-2024 21:53:53,S07,20240104
S07/20240104/00018,3,P101842,4,210.53,SALE,04-01-2024 21:53:53,S07,20240104
S07/20240104/00018,4,P100106,1,287.42,SALE,04-01-2024 21:53:53,S07,20240104
S07/20240104/00018,5,TAX,1,233.10,TAX,04-01-2024 21:53:53,S07,20240104
S07/20240104/00018,6,TENDER,1,2424.44,TENDER,04-01-2024 21:53:53,S07,20240104
S07/20240104/00019,1,P103040,1,402.85,SALE,04-01-2024 19:02:10,S07,20240104
S07/20240104/00019,2,P100754,1,74.95,SALE,04-01-2024 19:02:10,S07,20240104
S07/20240104/00019,3,DISC,1,-34.07,DISCOUNT,04-01-2024 19:02:10,S07,20240104
S07/20240104/00019,4,TAX,1,70.82,TAX,04-01-2024 19:02:10,S07,20240104
S07/20240104/00019,5,TENDER,1,514.55,TENDER,04-01-2024 19:02:10,S07,20240104
S07/20240104/00020,1,P100511,4,407.54,SALE,04-01-2024 11:38:22,S07,20240104
S07/20240104/00020,2,P103111,1,36.75,SALE,04-01-2024 11:38:22,S07,20240104
S07/20240104/00020,3,P102112,4,389.72,SALE,04-01-2024 11:38:22,S07,20240104
S07/20240104/00020,4,P108200,2,336.95,SALE,04-01-2024 11:38:22,S07,20240104
S07/20240104/00020,5,TAX,1,465.39,TAX,04-01-2024 11:38:22,S07,20240104
S07/20240104/00020,6,TENDER,1,4365.08,TENDER,04-01-2024 11:38:22,S07,20240104
S07/20240104/00021,1,P101933,2,1168.09,SALE,04-01-2024 18:47:08,S07,20240104
S07/20240104/00021,2,P100086,5,88.95,SALE,04-01-2024 18:47:08,S07,20240104
S07/20240104/00021,3,P103354,1,782.27,SALE,04-01-2024 18:47:08,S07,20240104
S07/20240104/00021,4,P105980,2,263.95,SALE,04-01-2024 18:47:08,S07,20240104
S07/20240104/00021,5,P104512,1,94.53,SALE,04-01-2024 18:47:08,S07,20240104
S07/20240104/00021,6,P107409,2,419.09,SALE,04-01-2024 18:47:08,S07,20240104
S07/20240104/00021,7,TAX,1,412.56,TAX,04-01-2024 18:47:08,S07,20240104
S07/20240104/00021,8,TENDER,1,5436.37,TENDER,04-01-2024 18:47:08,S07,20240104
S07/20240104/00022,1,P102452,1,169.06,SALE,04-01-2024 13:40:30,S07,20240104
S07/20240104/00022,2,P101813,1,247.95,SALE,04-01-2024 13:40:30,S07,20240104
S07/20240104/00022,3,P107253,1,211.95,SALE,04-01-2024 13:40:30,S07,20240104
S07/20240104/00022,4,P101332,2,400.98,SALE,04-01-2024 13:40:30,S07,20240104
S07/20240104/00022,5,TAX,1,152.81,TAX,04-01-2024 13:40:30,S07,20240104
S07/20240104/00022,6,TENDER,1,1583.73,TENDER,04-01-2024 13:40:30,S07,20240104
S07/20240104/00023,1,P107646,2,225.19,SALE,04-01-2024 15:49:37,S07,20240104
S07/20240104/00023,2,P103719,3,957.52,SALE,04-01-2024 15:49:37,S07,20240104
S07/20240104/00023,3,P103340,1,466.84,SALE,04-01-2024 15:49:37,S07,20240104
S07/20240104/00023,4,P106669,3,102.72,SALE,04-01-2024 15:49:37,S07,20240104
S07/20240104/00023,5,P101374,1,47.10,SALE,04-01-2024 15:49:37,S07,20240104
S07/20240104/00023,6,TAX,1,475.14,TAX,04-01-2024 15:49:37,S07,20240104
S07/20240104/00023,7,TENDER,1,4620.18,TENDER,04-01-2024 15:49:37,S07,20240104
S07/20240104/00024,1,P103372,2,43.95,SALE,04-01-2024 17:32:34,S07,20240104
S07/20240104/00024,2,P107597,2,519.83,SALE,04-01-2024 17:32:34,S07,20240104
S07/20240104/00024,3,P103504,3,342.59,SALE,04-01-2024 17:32:34,S07,20240104
S07/20240104/00024,4,P107414,3,539.23,SALE,04-01-2024 17:32:34,S07,20240104
S07/20240104/00024,5,P105878,3,275.95,SALE,04-01-2024 17:32:34,S07,20240104
S07/20240104/00024,6,TAX,1,313.41,TAX,04-01-2024 17:32:34,S07,20240104
S07/20240104/00024,7,TENDER,1,4914.28,TENDER,04-01-2024 17:32:34,S07,20240104
S07/20240104/00025,1,P102502,3,366.79,SALE,04-01-2024 16:52:24,S07,20240104
S07/20240104/00025,2,P105490,3,149.44,SALE,04-01-2024 16:52:24,S07,20240104
S07/20240104/00025,3,P104236,4,274.58,SALE,04-01-2024 16:52:24,S07,20240104
S07/20240104/00025,4,P104844,3,530.87,SALE,04-01-2024 16:52:24,S07,20240104
S07/20240104/00025,5,P107463,2,177.06,SALE,04-01-2024 16:52:24,S07,20240104
S07/20240104/00025,6,DISC,1,-265.97,DISCOUNT,04-01-2024 16:52:24,S07,20240104
S07/20240104/00025,7,TAX,1,583.95,TAX,04-01-2024 16:52:24,S07,20240104
S07/20240104/00025,8,TENDER,1,4911.72,TENDER,04-01-2024 16:52:24,S07,20240104
S07/20240104/00026,1,P100528,3,541.30,SALE,05-01-2024 00:52:46,S07,20240104
S07/20240104/00026,2,P107899,3,197.21,SALE,05-01-2024 00:52:46,S07,20240104
S07/20240104/00026,3,P105497,2,72.95,SALE,05-01-2024 00:52:46,S07,20240104
S07/20240104/00026,4,P103416,1,68.95,SALE,05-01-2024 00:52:46,S07,20240104
S07/20240104/00026,5,P107126,2,75.95,SALE,05-01-2024 00:52:46,S07,20240104
S07/20240104/00026,6,TAX,1,77.73,TAX,05-01-2024 00:52:46,S07,20240104
S07/20240104/00026,7,TENDER,1,2660.01,TENDER,05-01-2024 00:52:46,S07,20240104
S07/20240104/00027,1,P106004,3,137.38,SALE,04-01-2024 12:17:53,S07,20240104
S07/20240104/00027,2,P104478,4,16.95,SALE,04-01-2024 12:17:53,S07,20240104
S07/20240104/00027,3,P105272,1,340.95,SALE,04-01-2024 12:17:53,S07,20240104
S07/20240104/00027,4,P104008,3,107.37,SALE,04-01-2024 12:17:53,S07,20240104
S07/20240104/00027,5,P106697,1,342.69,SALE,04-01-2024 12:17:53,S07,20240104
S07/20240104/00027,6,P106858,3,216.14,SALE,04-01-2024 12:17:53,S07,20240104
S07/20240104/00027,7,P104774,4,81.88,SALE,04-01-2024 12:17:53,S07,20240104
S07/20240104/00027,8,TAX,1,264.04,TAX,04-01-2024 12:17:53,S07,20240104
S07/20240104/00027,9,TENDER,1,2725.67,TENDER,04-01-2024 12:17:53,S07,20240104
S07/20240104/00028,1,P107495,4,368.95,SALE,04-01-2024 09:09:59,S07,20240104
S07/20240104/00028,2,P108001,2,87.00,SALE,04-01-2024 09:09:59,S07,20240104
S07/20240104/00028,3,TAX,1,177.10,TAX,04-01-2024 09:09:59,S07,20240104
S07/20240104/00028,4,TENDER,1,1826.90,TENDER,04-01-2024 09:09:59,S07,20240104
S07/20240105/00001,1,P105897,3,225.21,SALE,05-01-2024 14:18:16,S07,20240105
S07/20240105/00001,2,P103214,3,279.95,SALE,05-01-2024 14:18:16,S07,20240105
S07/20240105/00001,3,P108206,1,609.36,SALE,05-01-2024 14:18:16,S07,20240105
S07/20240105/00001,4,P104212,4,401.95,SALE,05-01-2024 14:18:16,S07,20240105
S07/20240105/00001,5,P100693,3,99.05,SALE,05-01-2024 14:18:16,S07,20240105
S07/20240105/00001,6,DISC,1,-411.43,DISCOUNT,05-01-2024 14:18:16,S07,20240105
S07/20240105/00001,7,TAX,1,418.39,TAX,05-01-2024 14:18:16,S07,20240105
S07/20240105/00001,8,TENDER,1,4036.75,TENDER,05-01-2024 14:18:16,S07,20240105
S07/20240105/00002,1,P105345,3,295.95,SALE,05-01-2024 15:59:46,S07,20240105
S07/20240105/00002,2,P100172,1,171.71,SALE,05-01-2024 15:59:46,S07,20240105
S07/20240105/00002,3,P103022,1,47.95,SALE,05-01-2024 15:59:46,S07,20240105
S07/20240105/00002,4,P104600,1,48.49,SALE,05-01-2024 15:59:46,S07,20240105
S07/20240105/00002,5,P107217,1,259.95,SALE,05-01-2024 15:59:46,S07,20240105
S07/20240105/00002,6,P101237,2,250.74,SALE,05-01-2024 15:59:46,S07,20240105
S07/20240105/00002,7,P106669,3,102.72,SALE,05-01-2024 15:59:46,S07,20240105
S07/20240105/00002,8,TAX,1,167.94,TAX,05-01-2024 15:59:46,S07,20240105
S07/20240105/00002,9,TENDER,1,2393.53,TENDER,05-01-2024 15:59:46,S07,20240105
S07/20240105/00003,1,P101585,2,10.83,SALE,05-01-2024 16:56:52,S07,20240105
S07/20240105/00003,2,P100330,2,174.95,SALE,05-01-2024 16:56:52,S07,20240105
S07/20240105/00003,3,TAX,1,21.39,TAX,05-01-2024 16:56:52,S07,20240105
S07/20240105/00003,4,TENDER,1,392.95,TENDER,05-01-2024 16:56:52,S07,20240105
S07/20240105/00004,1,P104372,2,105.38,SALE,05-01-2024 20:24:11,S07,20240105
S07/20240105/00004,2,P101859,2,64.95,SALE,05-01-2024 20:24:11,S07,20240105
S07/20240105/00004,3,P102892,3,220.95,SALE,05-01-2024 20:24:11,S07,20240105
S07/20240105/00004,4,TAX,1,145.44,TAX,05-01-2024 20:24:11,S07,20240105
S07/20240105/00004,5,TENDER,1,1148.95,TENDER,05-01-2024 20:24:11,S07,20240105
S07/20240105/00005,1,P100627,2,415.95,SALE,05-01-2024 20:06:25,S07,20240105
S07/20240105/00005,2,P103811,1,801.95,SALE,05-01-2024 20:06:25,S07,20240105
S07/20240105/00005,3,P107266,3,67.10,SALE,05-01-2024 20:06:25,S07,20240105
S07/20240105/00005,4,P104617,2,101.65,SALE,05-01-2024 20:06:25,S07,20240105
S07/20240105/00005,5,P107246,2,303.92,SALE,05-01-2024 20:06:25,S07,20240105
S07/20240105/00005,6,P100816,2,742.63,SALE,05-01-2024 20:06:25,S07,20240105
S07/20240105/00005,7,TAX,1,375.90,TAX,05-01-2024 20:06:25,S07,20240105
S07/20240105/00005,8,TENDER,1,4507.45,TENDER,05-01-2024 20:06:25,S07,20240105
S07/20240105/00006,1,P102122,3,126.23,SALE,05-01-2024 18:19:02,S07,20240105
S07/20240105/00006,2,P105030,3,211.39,SALE,05-01-2024 18:19:02,S07,20240105
S07/20240105/00006,3,P100339,3,278.86,SALE,05-01-2024 18:19:02,S07,20240105
S07/20240105/00006,4,P102286,1,238.95,SALE,05-01-2024 18:19:02,S07,20240105
S07/20240105/00006,5,P104700,2,1328.19,SALE,05-01-2024 18:19:02,S07,20240105
S07/20240105/00006,6,P105260,2,72.61,SALE,05-01-2024 18:19:02,S07,20240105
S07/20240105/00006,7,P105713,2,327.34,SALE,05-01-2024 18:19:02,S07,20240105
S07/20240105/00006,8,TAX,1,426.07,TAX,05-01-2024 18:19:02,S07,20240105
S07/20240105/00006,9,TENDER,1,5970.74,TENDER,05-01-2024 18:19:02,S07,20240105
S07/20240105/00007,1,P101789,1,336.02,SALE,05-01-2024 22:05:17,S07,20240105
S07/20240105/00007,2,P100736,1,700.87,SALE,05-01-2024 22:05:17,S07,20240105
S07/20240105/00007,3,P105345,1,295.95,SALE,05-01-2024 22:05:17,S07,20240105
S07/20240105/00007,4,P100140,2,57.95,SALE,05-01-2024 22:05:17,S07,20240105
S07/20240105/00007,5,P100479,1,342.53,SALE,05-01-2024 22:05:17,S07,20240105
S07/20240105/00007,6,P106478,1,49.91,SALE,05-01-2024 22:05:17,S07,20240105
S07/20240105/00007,7,P103682,3,372.67,SALE,05-01-2024 22:05:17,S07,20240105
S07/20240105/00007,8,DISC,1,-126.20,DISCOUNT,05-01-2024 22:05:17,S07,20240105
S07/20240105/00007,9,TAX,1,365.14,TAX,05-01-2024 22:05:17,S07,20240105
S07/20240105/00007,10,TENDER,1,3198.13,TENDER,05-01-2024 22:05:17,S07,20240105
S07/20240105/00008,1,P106478,1,49.91,SALE,05-01-2024 11:40:24,S07,20240105
S07/20240105/00008,2,P106244,1,76.95,SALE,05-01-2024 11:40:24,S07,20240105
S07/20240105/00008,3,P101327,3,233.22,SALE,05-01-2024 11:40:24,S07,20240105
S07/20240105/00008,4,P103816,2,179.40,SALE,05-01-2024 11:40:24,S07,20240105
S07/20240105/00008,5,P105394,2,335.45,SALE,05-01-2024 11:40:24,S07,20240105
S07/20240105/00008,6,P103822,1,504.91,SALE,05-01-2024 11:40:24,S07,20240105
S07/20240105/00008,7,TAX,1,413.90,TAX,05-01-2024 11:40:24,S07,20240105
S07/20240105/00008,8,TENDER,1,2775.03,TENDER,05-01-2024 11:40:24,S07,20240105
S07/20240105/00009,1,P103654,1,424.48,SALE,05-01-2024 19:36:06,S07,20240105
S07/20240105/00009,2,P105100,3,254.95,SALE,05-01-2024 19:36:06,S07,20240105
S07/20240105/00009,3,DISC,1,-91.70,DISCOUNT,05-01-2024 19:36:06,S07,20240105
S07/20240105/00009,4,TAX,1,146.65,TAX,05-01-2024 19:36:06,S07,20240105
S07/20240105/00009,5,TENDER,1,1244.28,TENDER,05-01-2024 19:36:06,S07,20240105
S07/20240105/00010,1,P102772,3,151.97,SALE,05-01-2024 14:35:57,S07,20240105
S07/20240105/00010,2,P103530,2,427.69,SALE,05-01-2024 14:35:57,S07,20240105
S07/20240105/00010,3,P104155,2,137.26,SALE,05-01-2024 14:35:57,S07,20240105
S07/20240105/00010,4,P104526,3,332.95,SALE,05-01-2024 14:35:57,S07,20240105
S07/20240105/00010,5,P107903,3,144.89,SALE,05-01-2024 14:35:57,S07,20240105
S07/20240105/00010,6,P100298,1,47.87,SALE,05-01-2024 14:35:57,S07,20240105
S07/20240105/00010,7,P107018,1,179.95,SALE,05-01-2024 14:35:57,S07,20240105
S07/20240105/00010,8,TAX,1,316.34,TAX,05-01-2024 14:35:57,S07,20240105
S07/20240105/00010,9,TENDER,1,3563.49,TENDER,05-01-2024 14:35:57,S07,20240105
S07/20240105/00011,1,P101248,1,458.95,SALE,05-01-2024 14:26:47,S07,20240105
S07/20240105/00011,2,P103206,1,367.27,SALE,05-01-2024 14:26:47,S07,20240105
S07/20240105/00011,3,P108221,1,51.41,SALE,05-01-2024 14:26:47,S07,20240105
S07/20240105/00011,4,TAX,1,157.97,TAX,05-01-2024 14:26:47,S07,20240105
S07/20240105/00011,5,TENDER,1,1035.60,TENDER,05-01-2024 14:26:47,S07,20240105
S07/20240105/00012,1,P104606,5,84.95,SALE,05-01-2024 12:59:43,S07,20240105
S07/20240105/00012,2,P104308,3,53.87,SALE,05-01-2024 12:59:43,S07,20240105
S07/20240105/00012,3,P107775,1,733.56,SALE,05-01-2024 12:59:43,S07,20240105
S07/20240105/00012,4,P108282,1,343.95,SALE,05-01-2024 12:59:43,S07,20240105
S07/20240105/00012,5,TAX,1,133.94,TAX,05-01-2024 12:59:43,S07,20240105
S07/20240105/00012,6,TENDER,1,1797.81,TENDER,05-01-2024 12:59:43,S07,20240105
S07/20240105/00013,1,P101578,1,37.17,SALE,05-01-2024 15:15:04,S07,20240105
S07/20240105/00013,2,TAX,1,1.86,TAX,05-01-2024 15:15:04,S07,20240105
S07/20240105/00013,3,TENDER,1,39.03,TENDER,05-01-2024 15:15:04,S07,20240105
S07/20240105/00014,1,P101894,1,662.70,SALE,05-01-2024 17:12:43,S07,20240105
S07/20240105/00014,2,P106221,6,31.65,SALE,05-01-2024 17:12:43,S07,20240105
S07/20240105/00014,3,P108191,1,301.95,SALE,05-01-2024 17:12:43,S07,20240105
S07/20240105/00014,4,TAX,1,128.80,TAX,05-01-2024 17:12:43,S07,20240105
S07/20240105/00014,5,TENDER,1,1283.35,TENDER,05-01-2024 17:12:43,S07,20240105
S07/20240105/00015,1,P104194,1,119.04,SALE,05-01-2024 13:50:04,S07,20240105
S07/20240105/00015,2,P100781,2,611.95,SALE,05-01-2024 13:50:04,S07,20240105
S07/20240105/00015,3,P100260,2,947.15,SALE,05-01-2024 13:50:04,S07,20240105
S07/20240105/00015,4,DISC,1,-316.46,DISCOUNT,05-01-2024 13:50:04,S07,20240105
S07/20240105/00015,5,TAX,1,218.10,TAX,05-01-2024 13:50:04,S07,20240105
S07/20240105/00015,6,TENDER,1,3138.88,TENDER,05-01-2024 13:50:04,S07,20240105
S07/20240105/00016,1,P104334,1,258.22,SALE,05-01-2024 20:14:05,S07,20240105
S07/20240105/00016,2,P108046,2,95.35,SALE,05-01-2024 20:14:05,S07,20240105
S07/20240105/00016,3,P103243,2,195.61,SALE,05-01-2024 20:14:05,S07,20240105
S07/20240105/00016,4,P100838,1,37.95,SALE,05-01-2024 20:14:05,S07,20240105
S07/20240105/00016,5,P107463,1,177.06,SALE,05-01-2024 20:14:05,S07,20240105
S07/20240105/00016,6,TAX,1,100.57,TAX,05-01-2024 20:14:05,S07,20240105
S07/20240105/00016,7,TENDER,1,1155.72,TENDER,05-01-2024 20:14:05,S07,20240105
S07/20240105/00017,1,P104867,2,190.50,SALE,05-01-2024 17:31:18,S07,20240105
S07/20240105/00017,2,P101004,1,700.09,SALE,05-01-2024 17:31:18,S07,20240105
S07/20240105/00017,3,P107215,1,145.82,SALE,05-01-2024 17:31:18,S07,20240105
S07/20240105/00017,4,P101710,2,307.38,SALE,05-01-2024 17:31:18,S07,20240105
S07/20240105/00017,5,TAX,1,194.33,TAX,05-01-2024 17:31:18,S07,20240105
S07/20240105/00017,6,TENDER,1,2036.00,TENDER,05-01-2024 17:31:18,S07,20240105
S07/20240105/00018,1,P105672,4,62.95,SALE,05-01-2024 18:57:14,S07,20240105
S07/20240105/00018,2,P103090,2,805.95,SALE,05-01-2024 18:57:14,S07,20240105
S07/20240105/00018,3,P103904,6,1066.24,SALE,05-01-2024 18:57:14,S07,20240105
S07/20240105/00018,4,P105356,4,233.24,SALE,05-01-2024 18:57:14,S07,20240105
S07/20240105/00018,5,P103159,4,1195.95,SALE,05-01-2024 18:57:14,S07,20240105
S07/20240105/00018,6,P104242,1,275.95,SALE,05-01-2024 18:57:14,S07,20240105
S07/20240105/00018,7,TAX,1,480.23,TAX,05-01-2024 18:57:14,S07,20240105
S07/20240105/00018,8,TENDER,1,14734.08,TENDER,05-01-2024 18:57:14,S07,20240105
S07/20240105/00019,1,P104361,1,1350.95,SALE,05-01-2024 15:34:41,S07,20240105
S07/20240105/00019,2,P107775,1,733.56,SALE,05-01-2024 15:34:41,S07,20240105
S07/20240105/00019,3,P102761,2,159.81,SALE,05-01-2024 15:34:41,S07,20240105
S07/20240105/00019,4,P103262,1,57.50,SALE,05-01-2024 15:34:41,S07,20240105
S07/20240105/00019,5,TAX,1,201.67,TAX,05-01-2024 15:34:41,S07,20240105
S07/20240105/00019,6,TENDER,1,2663.30,TENDER,05-01-2024 15:34:41,S07,20240105
S07/20240105/00020,1,P101697,3,85.25,SALE,05-01-2024 13:56:48,S07,20240105
S07/20240105/00020,2,P107063,1,374.87,SALE,05-01-2024 13:56:48,S07,20240105
S07/20240105/00020,3,P101622,1,259.77,SALE,05-01-2024 13:56:48,S07,20240105
S07/20240105/00020,4,P101751,1,460.11,SALE,05-01-2024 13:56:48,S07,20240105
S07/20240105/00020,5,P105707,3,130.64,SALE,05-01-2024 13:56:48,S07,20240105
S07/20240105/00020,6,P106336,1,456.47,SALE,05-01-2024 13:56:48,S07,20240105
S07/20240105/00020,7,TAX,1,269.99,TAX,05-01-2024 13:56:48,S07,20240105
S07/20240105/00020,8,TENDER,1,2468.88,TENDER,05-01-2024 13:56:48,S07,20240105
S07/20240105/00021,1,P100456,1,949.95,SALE,05-01-2024 12:20:09,S07,20240105
S07/20240105/00021,2,P107597,4,519.83,SALE,05-01-2024 12:20:09,S07,20240105
S07/20240105/00021,3,P108008,3,111.10,SALE,05-01-2024 12:20:09,S07,20240105
S07/20240105/00021,4,P106015,1,147.48,SALE,05-01-2024 12:20:09,S07,20240105
S07/20240105/00021,5,TAX,1,229.16,TAX,05-01-2024 12:20:09,S07,20240105
S07/20240105/00021,6,TENDER,1,3739.21,TENDER,05-01-2024 12:20:09,S07,20240105
S07/20240105/00022,1,P101345,2,69.59,SALE,05-01-2024 19:59:57,S07,20240105
S07/20240105/00022,2,P103760,3,94.95,SALE,05-01-2024 19:59:57,S07,20240105
S07/20240105/00022,3,P102691,3,210.63,SALE,05-01-2024 19:59:57,S07,20240105
S07/20240105/00022,4,P104270,2,1036.53,SALE,05-01-2024 19:59:57,S07,20240105
S07/20240105/00022,5,TAX,1,193.48,TAX,05-01-2024 19:59:57,S07,20240105
S07/20240105/00022,6,TENDER,1,3322.46,TENDER,05-01-2024 19:59:57,S07,20240105
S07/20240106/00001,1,P100985,1,233.06,SALE,06-01-2024 12:37:01,S07,20240106
S07/20240106/00001,2,P101515,2,53.95,SALE,06-01-2024 12:37:01,S07,20240106
S07/20240106/00001,3,P105136,1,158.61,SALE,06-01-2024 12:37:01,S07,20240106
S07/20240106/00001,4,P104089,3,316.95,SALE,06-01-2024 12:37:01,S07,20240106
S07/20240106/00001,5,P101458,2,1309.22,SALE,06-01-2024 12:37:01,S07,20240106
S07/20240106/00001,6,P107996,2,211.95,SALE,06-01-2024 12:37:01,S07,20240106
S07/20240106/00001,7,TAX,1,234.30,TAX,06-01-2024 12:37:01,S07,20240106
S07/20240106/00001,8,TENDER,1,4727.06,TENDER,06-01-2024 12:37:01,S07,20240106
S07/20240106/00002,1,P108282,1,343.95,SALE,06-01-2024 20:56:36,S07,20240106
S07/20240106/00002,2,P106802,4,689.06,SALE,06-01-2024 20:56:36,S07,20240106
S07/20240106/00002,3,P100791,4,40.18,SALE,06-01-2024 20:56:36,S07,20240106
S07/20240106/00002,4,P102000,6,79.16,SALE,06-01-2024 20:56:36,S07,20240106
S07/20240106/00002,5,P107432,2,41.96,SALE,06-01-2024 20:56:36,S07,20240106
S07/20240106/00002,6,P102609,1,176.55,SALE,06-01-2024 20:56:36,S07,20240106
S07/20240106/00002,7,P103283,2,145.09,SALE,06-01-2024 20:56:36,S07,20240106
S07/20240106/00002,8,P100077,1,166.91,SALE,06-01-2024 20:56:36,S07,20240106
S07/20240106/00002,9,TAX,1,296.77,TAX,06-01-2024 20:56:36,S07,20240106
S07/20240106/00002,10,TENDER,1,4750.20,TENDER,06-01-2024 20:56:36,S07,20240106
S07/20240106/00003,1,P102559,1,86.19,SALE,06-01-2024 12:04:32,S07,20240106
S07/20240106/00003,2,P100106,1,287.42,SALE,06-01-2024 12:04:32,S07,20240106
S07/20240106/00003,3,P102114,2,128.95,SALE,06-01-2024 12:04:32,S07,20240106
S07/20240106/00003,4,P103035,2,1076.61,SALE,06-01-2024 12:04:32,S07,20240106
S07/20240106/00003,5,TAX,1,176.60,TAX,06-01-2024 12:04:32,S07,20240106
S07/20240106/00003,6,TENDER,1,2961.33,TENDER,06-01-2024 12:04:32,S07,20240106
S07/20240106/00004,1,P102835,1,101.19,SALE,06-01-2024 18:29:02,S07,20240106
S07/20240106/00004,2,P101638,3,373.95,SALE,06-01-2024 18:29:02,S07,20240106
S07/20240106/00004,3,P102609,1,176.55,SALE,06-01-2024 18:29:02,S07,20240106
S07/20240106/00004,4,P105176,3,499.95,SALE,06-01-2024 18:29:02,S07,20240106
S07/20240106/00004,5,P104401,2,208.95,SALE,06-01-2024 18:29:02,S07,20240106
S07/20240106/00004,6,P102054,1,133.39,SALE,06-01-2024 18:29:02,S07,20240106
S07/20240106/00004,7,P100057,2,215.95,SALE,06-01-2024 18:29:02,S07,20240106
S07/20240106/00004,8,P100156,1,1576.32,SALE,06-01-2024 18:29:02,S07,20240106
S07/20240106/00004,9,P106989,3,24.76,SALE,06-01-2024 18:29:02,S07,20240106
S07/20240106/00004,10,TAX,1,559.94,TAX,06-01-2024 18:29:02,S07,20240106
S07/20240106/00004,11,TENDER,1,6093.17,TENDER,06-01-2024 18:29:02,S07,20240106
S07/20240106/00005,1,P104372,2,105.38,SALE,06-01-2024 17:18:34,S07,20240106
S07/20240106/00005,2,P108060,2,217.09,SALE,06-01-2024 17:18:34,S07,20240106
S07/20240106/00005,3,TAX,1,88.69,TAX,06-01-2024 17:18:34,S07,20240106
S07/20240106/00005,4,TENDER,1,733.63,TENDER,06-01-2024 17:18:34,S07,20240106
S07/20240106/00006,1,P104133,1,247.95,SALE,06-01-2024 14:06:59,S07,20240106
S07/20240106/00006,2,P105835,2,241.66,SALE,06-01-2024 14:06:59,S07,20240106
S07/20240106/00006,3,P105603,2,193.95,SALE,06-01-2024 14:06:59,S07,20240106
S07/20240106/00006,4,P102593,2,84.95,SALE,06-01-2024 14:06:59,S07,20240106
S07/20240106/00006,5,P105260,2,72.61,SALE,06-01-2024 14:06:59,S07,20240106
S07/20240106/00006,6,P106833,2,368.98,SALE,06-01-2024 14:06:59,S07,20240106
S07/20240106/00006,7,TAX,1,274.83,TAX,06-01-2024 14:06:59,S07,20240106
S07/20240106/00006,8,TENDER,1,2447.08,TENDER,06-01-2024 14:06:59,S07,20240106
S07/20240106/00007,1,P102230,1,313.70,SALE,06-01-2024 14:50:24,S07,20240106
S07/20240106/00007,2,P107365,2,934.48,SALE,06-01-2024 14:50:24,S07,20240106
S07/20240106/00007,3,P100767,3,269.95,SALE,06-01-2024 14:50:24,S07,20240106
S07/20240106/00007,4,P101864,4,101.95,SALE,06-01-2024 14:50:24,S07,20240106
S07/20240106/00007,5,TAX,1,451.33,TAX,06-01-2024 14:50:24,S07,20240106
S07/20240106/00007,6,TENDER,1,3851.64,TENDER,06-01-2024 14:50:24,S07,20240106
S07/20240106/00008,1,P104909,3,303.38,SALE,06-01-2024 21:38:03,S07,20240106
S07/20240106/00008,2,P104517,2,1474.90,SALE,06-01-2024 21:38:03,S07,20240106
S07/20240106/00008,3,P103319,1,330.84,SALE,06-01-2024 21:38:03,S07,20240106
S07/20240106/00008,4,TAX,1,16.54,TAX,06-01-2024 21:38:03,S07,20240106
S07/20240106/00008,5,TENDER,1,4207.32,TENDER,06-01-2024 21:38:03,S07,20240106
S07/20240106/00009,1,P105707,3,130.64,SALE,06-01-2024 14:57:53,S07,20240106
S07/20240106/00009,2,P107320,1,223.25,SALE,06-01-2024 14:57:53,S07,20240106
S07/20240106/00009,3,P104980,1,69.95,SALE,06-01-2024 14:57:53,S07,20240106
S07/20240106/00009,4,P102874,2,123.94,SALE,06-01-2024 14:57:53,S07,20240106
S07/20240106/00009,5,P106317,3,423.01,SALE,06-01-2024 14:57:53,S07,20240106
S07/20240106/00009,6,TAX,1,242.00,TAX,06-01-2024 14:57:53,S07,20240106
S07/20240106/00009,7,TENDER,1,2444.03,TENDER,06-01-2024 14:57:53,S07,20240106
S07/20240106/00010,1,P103068,1,137.26,SALE,06-01-2024 22:58:15,S07,20240106
S07/20240106/00010,2,P103283,1,145.09,SALE,06-01-2024 22:58:15,S07,20240106
S07/20240106/00010,3,P101374,3,47.10,SALE,06-01-2024 22:58:15,S07,20240106
S07/20240106/00010,4,P103994,1,134.95,SALE,06-01-2024 22:58:15,S07,20240106
S07/20240106/00010,5,P106844,3,22.95,SALE,06-01-2024 22:58:15,S07,20240106
S07/20240106/00010,6,TAX,1,51.94,TAX,06-01-2024 22:58:15,S07,20240106
S07/20240106/00010,7,TENDER,1,679.39,TENDER,06-01-2024 22:58:15,S07,20240106
S07/20240106/00011,1,P106209,2,182.34,SALE,06-01-2024 17:03:24,S07,20240106
S07/20240106/00011,2,P106997,3,39.70,SALE,06-01-2024 17:03:24,S07,20240106
S07/20240106/00011,3,P106300,2,387.92,SALE,06-01-2024 17:03:24,S07,20240106
S07/20240106/00011,4,TAX,1,151.15,TAX,06-01-2024 17:03:24,S07,20240106
S07/20240106/00011,5,TENDER,1,1410.77,TENDER,06-01-2024 17:03:24,S07,20240106
S07/20240106/00012,1,P102585,1,442.63,SALE,06-01-2024 18:18:14,S07,20240106
S07/20240106/00012,2,P107354,1,217.76,SALE,06-01-2024 18:18:14,S07,20240106
S07/20240106/00012,3,P106948,2,160.95,SALE,06-01-2024 18:18:14,S07,20240106
S07/20240106/00012,4,TAX,1,64.36,TAX,06-01-2024 18:18:14,S07,20240106
S07/20240106/00012,5,TENDER,1,1046.65,TENDER,06-01-2024 18:18:14,S07,20240106
S07/20240106/00013,1,P100367,1,541.84,SALE,06-01-2024 20:24:05,S07,20240106
S07/20240106/00013,2,P106317,1,423.01,SALE,06-01-2024 20:24:05,S07,20240106
S07/20240106/00013,3,P102103,2,345.70,SALE,06-01-2024 20:24:05,S07,20240106
S07/20240106/00013,4,P104708,2,22.95,SALE,06-01-2024 20:24:05,S07,20240106
S07/20240106/00013,5,P100840,2,248.08,SALE,06-01-2024 20:24:05,S07,20240106
S07/20240106/00013,6,P104688,2,178.09,SALE,06-01-2024 20:24:05,S07,20240106
S07/20240106/00013,7,TAX,1,388.12,TAX,06-01-2024 20:24:05,S07,20240106
S07/20240106/00013,8,TENDER,1,2942.61,TENDER,06-01-2024 20:24:05,S07,20240106
S07/20240106/00014,1,P104909,1,303.38,SALE,06-01-2024 14:25:17,S07,20240106
S07/20240106/00014,2,P101899,3,349.72,SALE,06-01-2024 14:25:17,S07,20240106
S07/20240106/00014,3,P100298,2,47.87,SALE,06-01-2024 14:25:17,S07,20240106
S07/20240106/00014,4,DISC,1,-142.76,DISCOUNT,06-01-2024 14:25:17,S07,20240106
S07/20240106/00014,5,TAX,1,174.55,TAX,06-01-2024 14:25:17,S07,20240106
S07/20240106/00014,6,TENDER,1,1480.07,TENDER,06-01-2024 14:25:17,S07,20240106
S07/20240106/00015,1,P102674,-2,450.95,RETURN,06-01-2024 18:28:09,S07,20240106
S07/20240106/00015,2,P105252,-3,10.95,RETURN,06-01-2024 18:28:09,S07,20240106
S07/20240106/00015,3,P102933,-2,614.03,RETURN,06-01-2024 18:28:09,S07,20240106
S07/20240106/00015,4,TAX,1,-315.62,TAX,06-01-2024 18:28:09,S07,20240106
S07/20240106/00015,5,TENDER,1,-2478.43,TENDER,06-01-2024 18:28:09,S07,20240106
S07/20240106/00016,1,P101184,4,54.95,SALE,06-01-2024 08:28:08,S07,20240106
S07/20240106/00016,2,P101796,2,948.95,SALE,06-01-2024 08:28:08,S07,20240106
S07/20240106/00016,3,TAX,1,121.27,TAX,06-01-2024 08:28:08,S07,20240106
S07/20240106/00016,4,TENDER,1,2238.97,TENDER,06-01-2024 08:28:08,S07,20240106
S07/20240106/00017,1,P108369,1,290.47,SALE,06-01-2024 17:26:28,S07,20240106
S07/20240106/00017,2,P101298,1,190.95,SALE,06-01-2024 17:26:28,S07,20240106
S07/20240106/00017,3,P107488,1,303.21,SALE,06-01-2024 17:26:28,S07,20240106
S07/20240106/00017,4,P105672,2,62.95,SALE,06-01-2024 17:26:28,S07,20240106
S07/20240106/00017,5,TAX,1,129.78,TAX,06-01-2024 17:26:28,S07,20240106
S07/20240106/00017,6,TENDER,1,1040.31,TENDER,06-01-2024 17:26:28,S07,20240106
S07/20240106/00018,1,P102321,3,27.09,SALE,06-01-2024 13:00:19,S07,20240106
S07/20240106/00018,2,P107449,1,1182.44,SALE,06-01-2024 13:00:19,S07,20240106
S07/20240106/00018,3,P103530,3,427.69,SALE,06-01-2024 13:00:19,S07,20240106
S07/20240106/00018,4,TAX,1,382.60,TAX,06-01-2024 13:00:19,S07,20240106
S07/20240106/00018,5,TENDER,1,2929.38,TENDER,06-01-2024 13:00:19,S07,20240106
S07/20240106/00019,1,P106067,1,448.95,SALE,06-01-2024 12:08:01,S07,20240106
S07/20240106/00019,2,P102945,1,47.95,SALE,06-01-2024 12:08:01,S07,20240106
S07/20240106/00019,3,P105789,3,46.48,SALE,06-01-2024 12:08:01,S07,20240106
S07/20240106/00019,4,P101603,5,887.87,SALE,06-01-2024 12:08:01,S07,20240106
S07/20240106/00019,5,TAX,1,588.90,TAX,06-01-2024 12:08:01,S07,20240106
S07/20240106/00019,6,TENDER,1,5664.59,TENDER,06-01-2024 12:08:01,S07,20240106
S07/20240106/00020,1,P107149,2,141.95,SALE,06-01-2024 21:05:04,S07,20240106
S07/20240106/00020,2,P107337,2,324.16,SALE,06-01-2024 21:05:04,S07,20240106
S07/20240106/00020,3,P107449,3,1182.44,SALE,06-01-2024 21:05:04,S07,20240106
S07/20240106/00020,4,TAX,1,509.20,TAX,06-01-2024 21:05:04,S07,20240106
S07/20240106/00020,5,TENDER,1,4988.74,TENDER,06-01-2024 21:05:04,S07,20240106
S07/20240106/00021,1,P105589,3,83.95,SALE,06-01-2024 20:37:50,S07,20240106
S07/20240106/00021,2,P101164,2,305.19,SALE,06-01-2024 20:37:50,S07,20240106
S07/20240106/00021,3,P103896,3,200.95,SALE,06-01-2024 20:37:50,S07,20240106
S07/20240106/00021,4,P101507,2,619.87,SALE,06-01-2024 20:37:50,S07,20240106
S07/20240106/00021,5,P101421,2,102.93,SALE,06-01-2024 20:37:50,S07,20240106
S07/20240106/00021,6,P105827,2,96.95,SALE,06-01-2024 20:37:50,S07,20240106
S07/20240106/00021,7,P102585,5,442.63,SALE,06-01-2024 20:37:50,S07,20240106
S07/20240106/00021,8,TAX,1,483.11,TAX,06-01-2024 20:37:50,S07,20240106
S07/20240106/00021,9,TENDER,1,5800.84,TENDER,06-01-2024 20:37:50,S07,20240106
S07/20240106/00022,1,P103374,3,34.95,SALE,06-01-2024 14:08:43,S07,20240106
S07/20240106/00022,2,P100924,1,46.14,SALE,06-01-2024 14:08:43,S07,20240106
S07/20240106/00022,3,P108326,1,439.67,SALE,06-01-2024 14:08:43,S07,20240106
S07/20240106/00022,4,P104902,2,383.95,SALE,06-01-2024 14:08:43,S07,20240106
S07/20240106/00022,5,P101585,2,10.83,SALE,06-01-2024 14:08:43,S07,20240106
S07/20240106/00022,6,P106209,1,182.34,SALE,06-01-2024 14:08:43,S07,20240106
S07/20240106/00022,7,TAX,1,243.94,TAX,06-01-2024 14:08:43,S07,20240106
S07/20240106/00022,8,TENDER,1,1806.50,TENDER,06-01-2024 14:08:43,S07,20240106
S07/20240106/00023,1,P104334,1,258.22,SALE,06-01-2024 12:37:25,S07,20240106
S07/20240106/00023,2,P103144,4,145.27,SALE,06-01-2024 12:37:25,S07,20240106
S07/20240106/00023,3,P103372,4,43.95,SALE,06-01-2024 12:37:25,S07,20240106
S07/20240106/00023,4,P106703,1,74.15,SALE,06-01-2024 12:37:25,S07,20240106
S07/20240106/00023,5,P107662,2,249.95,SALE,06-01-2024 12:37:25,S07,20240106
S07/20240106/00023,6,P106490,1,528.59,SALE,06-01-2024 12:37:25,S07,20240106
S07/20240106/00023,7,TAX,1,167.30,TAX,06-01-2024 12:37:25,S07,20240106
S07/20240106/00023,8,TENDER,1,2285.04,TENDER,06-01-2024 12:37:25,S07,20240106
S07/20240106/00024,1,P106254,1,1091.24,SALE,06-01-2024 14:03:32,S07,20240106
S07/20240106/00024,2,P102845,5,80.09,SALE,06-01-2024 14:03:32,S07,20240106
S07/20240106/00024,3,P107246,1,303.92,SALE,06-01-2024 14:03:32,S07,20240106
S07/20240106/00024,4,P104187,2,86.95,SALE,06-01-2024 14:03:32,S07,20240106
S07/20240106/00024,5,P105453,3,393.95,SALE,06-01-2024 14:03:32,S07,20240106
S07/20240106/00024,6,P106720,2,126.28,SALE,06-01-2024 14:03:32,S07,20240106
S07/20240106/00024,7,TAX,1,341.62,TAX,06-01-2024 14:03:32,S07,20240106
S07/20240106/00024,8,TENDER,1,3745.54,TENDER,06-01-2024 14:03:32,S07,20240106
S07/20240106/00025,1,P106330,2,177.64,SALE,06-01-2024 15:07:19,S07,20240106
S07/20240106/00025,2,P103712,1,481.86,SALE,06-01-2024 15:07:19,S07,20240106
S07/20240106/00025,3,P101142,3,95.95,SALE,06-01-2024 15:07:19,S07,20240106
S07/20240106/00025,4,P102531,4,152.69,SALE,06-01-2024 15:07:19,S07,20240106
S07/20240106/00025,5,TAX,1,229.61,TAX,06-01-2024 15:07:19,S07,20240106
S07/20240106/00025,6,TENDER,1,1965.36,TENDER,06-01-2024 15:07:19,S07,20240106
S07/20240106/00026,1,P107520,-2,136.95,RETURN,06-01-2024 16:16:41,S07,20240106
S07/20240106/00026,2,P104617,-1,101.65,RETURN,06-01-2024 16:16:41,S07,20240106
S07/20240106/00026,3,P108090,-2,129.95,RETURN,06-01-2024 16:16:41,S07,20240106
S07/20240106/00026,4,P107952,-1,1852.40,RETURN,06-01-2024 16:16:41,S07,20240106
S07/20240106/00026,5,TAX,1,-44.99,TAX,06-01-2024 16:16:41,S07,20240106
S07/20240106/00026,6,TENDER,1,-2532.84,TENDER,06-01-2024 16:16:41,S07,20240106
S07/20240106/00027,1,P106258,2,423.67,SALE,06-01-2024 16:12:13,S07,20240106
S07/20240106/00027,2,P101156,1,91.80,SALE,06-01-2024 16:12:13,S07,20240106
S07/20240106/00027,3,P104008,2,107.37,SALE,06-01-2024 16:12:13,S07,20240106
S07/20240106/00027,4,P107354,2,205.43,SALE,06-01-2024 16:12:13,S07,20240106
S07/20240106/00027,5,TAX,1,107.00,TAX,06-01-2024 16:12:13,S07,20240106
S07/20240106/00027,6,TENDER,1,1671.74,TENDER,06-01-2024 16:12:13,S07,20240106
S07/20240106/00028,1,P105356,1,233.24,SALE,06-01-2024 14:13:22,S07,20240106
S07/20240106/00028,2,P101258,1,208.34,SALE,06-01-2024 14:13:22,S07,20240106
S07/20240106/00028,3,P102296,1,43.24,SALE,06-01-2024 14:13:22,S07,20240106
S07/20240106/00028,4,TAX,1,56.95,TAX,06-01-2024 14:13:22,S07,20240106
S07/20240106/00028,5,TENDER,1,541.77,TENDER,06-01-2024 14:13:22,S07,20240106
S07/20240106/00029,1,P100403,6,69.37,SALE,06-01-2024 17:33:21,S07,20240106
S07/20240106/00029,2,P100761,3,51.86,SALE,06-01-2024 17:33:21,S07,20240106
S07/20240106/00029,3,P101515,2,53.95,SALE,06-01-2024 17:33:21,S07,20240106
S07/20240106/00029,4,P106297,3,139.95,SALE,06-01-2024 17:33:21,S07,20240106
S07/20240106/00029,5,TAX,1,133.30,TAX,06-01-2024 17:33:21,S07,20240106
S07/20240106/00029,6,TENDER,1,1232.85,TENDER,06-01-2024 17:33:21,S07,20240106
S07/20240106/00030,1,P100150,1,280.80,SALE,06-01-2024 12:36:17,S07,20240106
S07/20240106/00030,2,P104351,2,1040.24,SALE,06-01-2024 12:36:17,S07,20240106
S07/20240106/00030,3,P107072,3,193.95,SALE,06-01-2024 12:36:17,S07,20240106
S07/20240106/00030,4,P103035,2,1076.61,SALE,06-01-2024 12:36:17,S07,20240106
S07/20240106/00030,5,P103950,1,1095.36,SALE,06-01-2024 12:36:17,S07,20240106
S07/20240106/00030,6,TAX,1,350.32,TAX,06-01-2024 12:36:17,S07,20240106
S07/20240106/00030,7,TENDER,1,6542.03,TENDER,06-01-2024 12:36:17,S07,20240106
S07/20240106/00031,1,P101961,5,679.58,SALE,06-01-2024 19:08:20,S07,20240106
S07/20240106/00031,2,P102151,2,935.36,SALE,06-01-2024 19:08:20,S07,20240106
S07/20240106/00031,3,P104378,5,93.02,SALE,06-01-2024 19:08:20,S07,20240106
S07/20240106/00031,4,P101117,2,195.82,SALE,06-01-2024 19:08:20,S07,20240106
S07/20240106/00031,5,P100260,2,947.15,SALE,06-01-2024 19:08:20,S07,20240106
S07/20240106/00031,6,TAX,1,760.97,TAX,06-01-2024 19:08:20,S07,20240106
S07/20240106/00031,7,TENDER,1,8780.63,TENDER,06-01-2024 19:08:20,S07,20240106
S07/20240106/00032,1,P102207,2,348.89,SALE,06-01-2024 17:02:07,S07,20240106
S07/20240106/00032,2,P102305,2,116.95,SALE,06-01-2024 17:02:07,S07,20240106
S07/20240106/00032,3,P107182,3,109.95,SALE,06-01-2024 17:02:07,S07,20240106
S07/20240106/00032,4,TAX,1,171.17,TAX,06-01-2024 17:02:07,S07,20240106
S07/20240106/00032,5,TENDER,1,1432.70,TENDER,06-01-2024 17:02:07,S07,20240106
S07/20240106/00033,1,P105677,2,89.95,SALE,06-01-2024 18:04:19,S07,20240106
S07/20240106/00033,2,P102616,3,81.45,SALE,06-01-2024 18:04:19,S07,20240106
S07/20240106/00033,3,P106367,2,650.25,SALE,06-01-2024 18:04:19,S07,20240106
S07/20240106/00033,4,P105413,3,1144.29,SALE,06-01-2024 18:04:19,S07,20240106
S07/20240106/00033,5,P104916,1,284.74,SALE,06-01-2024 18:04:19,S07,20240106
S07/20240106/00033,6,P108206,4,609.36,SALE,06-01-2024 18:04:19,S07,20240106
S07/20240106/00033,7,P104107,3,475.22,SALE,06-01-2024 18:04:19,S07,20240106
S07/20240106/00033,8,TAX,1,861.21,TAX,06-01-2024 18:04:19,S07,20240106
S07/20240106/00033,9,TENDER,1,10166.67,TENDER,06-01-2024 18:04:19,S07,20240106
S07/20240107/00001,1,P101911,6,1431.80,SALE,07-01-2024 16:55:30,S07,20240107
S07/20240107/00001,2,P104558,4,396.14,SALE,07-01-2024 16:55:30,S07,20240107
S07/20240107/00001,3,P103283,2,145.09,SALE,07-01-2024 16:55:30,S07,20240107
S07/20240107/00001,4,P100260,1,947.15,SALE,07-01-2024 16:55:30,S07,20240107
S07/20240107/00001,5,TAX,1,204.66,TAX,07-01-2024 16:55:30,S07,20240107
S07/20240107/00001,6,TENDER,1,11617.35,TENDER,07-01-2024 16:55:30,S07,20240107
S07/20240107/00002,1,P106783,4,87.95,SALE,07-01-2024 21:08:52,S07,20240107
S07/20240107/00002,2,P103973,1,103.20,SALE,07-01-2024 21:08:52,S07,20240107
S07/20240107/00002,3,P107400,4,282.29,SALE,07-01-2024 21:08:52,S07,20240107
S07/20240107/00002,4,P106158,3,546.15,SALE,07-01-2024 21:08:52,S07,20240107
S07/20240107/00002,5,TAX,1,367.07,TAX,07-01-2024 21:08:52,S07,20240107
S07/20240107/00002,6,TENDER,1,3589.68,TENDER,07-01-2024 21:08:52,S07,20240107
S07/20240107/00003,1,P103449,1,373.19,SALE,07-01-2024 14:43:18,S07,20240107
S07/20240107/00003,2,P101864,1,101.95,SALE,07-01-2024 14:43:18,S07,20240107
S07/20240107/00003,3,TAX,1,37.01,TAX,07-01-2024 14:43:18,S07,20240107
S07/20240107/00003,4,TENDER,1,512.15,TENDER,07-01-2024 14:43:18,S07,20240107
S07/20240107/00004,1,P101272,1,87.22,SALE,07-01-2024 19:03:19,S07,20240107
S07/20240107/00004,2,P105677,1,89.95,SALE,07-01-2024 19:03:19,S07,20240107
S07/20240107/00004,3,TAX,1,20.55,TAX,07-01-2024 19:03:19,S07,20240107
S07/20240107/00004,4,TENDER,1,197.72,TENDER,07-01-2024 19:03:19,S07,20240107
S07/20240107/00005,1,P103855,2,276.95,SALE,07-01-2024 16:41:51,S07,20240107
S07/20240107/00005,2,P101444,2,834.95,SALE,07-01-2024 16:41:51,S07,20240107
S07/20240107/00005,3,P104058,4,344.73,SALE,07-01-2024 16:41:51,S07,20240107
S07/20240107/00005,4,P101634,1,25.05,SALE,07-01-2024 16:41:51,S07,20240107
S07/20240107/00005,5,P106072,3,78.69,SALE,07-01-2024 16:41:51,S07,20240107
S07/20240107/00005,6,P108216,3,71.71,SALE,07-01-2024 16:41:51,S07,20240107
S07/20240107/00005,7,TAX,1,475.00,TAX,07-01-2024 16:41:51,S07,20240107
S07/20240107/00005,8,TENDER,1,4553.97,TENDER,07-01-2024 16:41:51,S07,20240107
S07/20240107/00006,1,P106072,2,78.69,SALE,07-01-2024 13:42:18,S07,20240107
S07/20240107/00006,2,P105740,2,102.14,SALE,07-01-2024 13:42:18,S07,20240107
S07/20240107/00006,3,P102559,2,86.19,SALE,07-01-2024 13:42:18,S07,20240107
S07/20240107/00006,4,TAX,1,64.28,TAX,07-01-2024 13:42:18,S07,20240107
S07/20240107/00006,5,TENDER,1,598.32,TENDER,07-01-2024 13:42:18,S07,20240107
S07/20240107/00007,1,P107715,3,241.95,SALE,07-01-2024 19:18:30,S07,20240107
S07/20240107/00007,2,P103197,1,292.95,SALE,07-01-2024 19:18:30,S07,20240107
S07/20240107/00007,3,P102534,1,98.12,SALE,07-01-2024 19:18:30,S07,20240107
S07/20240107/00007,4,P105490,2,149.44,SALE,07-01-2024 19:18:30,S07,20240107
S07/20240107/00007,5,P106534,3,78.95,SALE,07-01-2024 19:18:30,S07,20240107
S07/20240107/00007,6,P105468,1,994.58,SALE,07-01-2024 19:18:30,S07,20240107
S07/20240107/00007,7,TAX,1,329.63,TAX,07-01-2024 19:18:30,S07,20240107
S07/20240107/00007,8,TENDER,1,2976.86,TENDER,07-01-2024 19:18:30,S07,20240107
S07/20240107/00008,1,P100682,3,325.28,SALE,07-01-2024 11:09:21,S07,20240107
S07/20240107/00008,2,P103096,1,277.95,SALE,07-01-2024 11:09:21,S07,20240107
S07/20240107/00008,3,P105624,2,380.06,SALE,07-01-2024 11:09:21,S07,20240107
S07/20240107/00008,4,P104155,3,137.26,SALE,07-01-2024 11:09:21,S07,20240107
S07/20240107/00008,5,DISC,1,-282.73,DISCOUNT,07-01-2024 11:09:21,S07,20240107
S07/20240107/00008,6,TAX,1,181.23,TAX,07-01-2024 11:09:21,S07,20240107
S07/20240107/00008,7,TENDER,1,2324.19,TENDER,07-01-2024 11:09:21,S07,20240107
S07/20240107/00009,1,P103424,4,235.87,SALE,07-01-2024 22:27:33,S07,20240107
S07/20240107/00009,2,P104637,5,294.49,SALE,07-01-2024 22:27:33,S07,20240107
S07/20240107/00009,3,P103372,2,43.95,SALE,07-01-2024 22:27:33,S07,20240107
S07/20240107/00009,4,DISC,1,-289.02,DISCOUNT,07-01-2024 22:27:33,S07,20240107
S07/20240107/00009,5,TAX,1,270.44,TAX,07-01-2024 22:27:33,S07,20240107
S07/20240107/00009,6,TENDER,1,2485.25,TENDER,07-01-2024 22:27:33,S07,20240107
S07/20240107/00010,1,P104427,1,462.16,SALE,07-01-2024 12:43:24,S07,20240107
S07/20240107/00010,2,P102219,3,726.06,SALE,07-01-2024 12:43:24,S07,20240107
S07/20240107/00010,3,P100632,1,331.55,SALE,07-01-2024 12:43:24,S07,20240107
S07/20240107/00010,4,P103040,2,402.85,SALE,07-01-2024 12:43:24,S07,20240107
S07/20240107/00010,5,P103374,3,34.95,SALE,07-01-2024 12:43:24,S07,20240107
S07/20240107/00010,6,TAX,1,415.68,TAX,07-01-2024 12:43:24,S07,20240107
S07/20240107/00010,7,TENDER,1,4298.12,TENDER,07-01-2024 12:43:24,S07,20240107
S07/20240107/00011,1,P102691,2,210.63,SALE,07-01-2024 12:37:29,S07,20240107
S07/20240107/00011,2,P102945,2,47.95,SALE,07-01-2024 12:37:29,S07,20240107
S07/20240107/00011,3,P100406,4,342.13,SALE,07-01-2024 12:37:29,S07,20240107
S07/20240107/00011,4,P108067,2,621.95,SALE,07-01-2024 12:37:29,S07,20240107
S07/20240107/00011,5,P102311,1,284.95,SALE,07-01-2024 12:37:29,S07,20240107
S07/20240107/00011,6,P106891,2,642.78,SALE,07-01-2024 12:37:29,S07,20240107
S07/20240107/00011,7,TAX,1,185.28,TAX,07-01-2024 12:37:29,S07,20240107
S07/20240107/00011,8,TENDER,1,4885.37,TENDER,07-01-2024 12:37:29,S07,20240107
S07/20240107/00012,1,P104008,2,107.37,SALE,07-01-2024 19:17:55,S07,20240107
S07/20240107/00012,2,P101208,3,521.19,SALE,07-01-2024 19:17:55,S07,20240107
S07/20240107/00012,3,P103354,2,782.27,SALE,07-01-2024 19:17:55,S07,20240107
S07/20240107/00012,4,P100883,2,715.55,SALE,07-01-2024 19:17:55,S07,20240107
S07/20240107/00012,5,TAX,1,82.29,TAX,07-01-2024 19:17:55,S07,20240107
S07/20240107/00012,6,TENDER,1,4856.24,TENDER,07-01-2024 19:17:55,S07,20240107
S07/20240107/00013,1,P100665,2,281.09,SALE,07-01-2024 21:20:03,S07,20240107
S07/20240107/00013,2,P103785,2,491.90,SALE,07-01-2024 21:20:03,S07,20240107
S07/20240107/00013,3,TAX,1,185.52,TAX,07-01-2024 21:20:03,S07,20240107
S07/20240107/00013,4,TENDER,1,1731.50,TENDER,07-01-2024 21:20:03,S07,20240107
S07/20240107/00014,1,P106942,3,169.95,SALE,07-01-2024 13:18:07,S07,20240107
S07/20240107/00014,2,P103645,2,241.18,SALE,07-01-2024 13:18:07,S07,20240107
S07/20240107/00014,3,P103328,2,231.64,SALE,07-01-2024 13:18:07,S07,20240107
S07/20240107/00014,4,P104487,2,359.81,SALE,07-01-2024 13:18:07,S07,20240107
S07/20240107/00014,5,TAX,1,195.24,TAX,07-01-2024 13:18:07,S07,20240107
S07/20240107/00014,6,TENDER,1,2370.35,TENDER,07-01-2024 13:18:07,S07,20240107
S07/20240107/00015,1,P102931,3,737.59,SALE,07-01-2024 13:38:08,S07,20240107
S07/20240107/00015,2,P106357,1,1078.45,SALE,07-01-2024 13:38:08,S07,20240107
S07/20240107/00015,3,TAX,1,240.05,TAX,07-01-2024 13:38:08,S07,20240107
S07/20240107/00015,4,TENDER,1,3531.27,TENDER,07-01-2024 13:38:08,S07,20240107
S07/20240107/00016,1,P106323,2,206.95,SALE,07-01-2024 14:01:37,S07,20240107
S07/20240107/00016,2,P103712,1,481.86,SALE,07-01-2024 14:01:37,S07,20240107
S07/20240107/00016,3,P102311,1,284.95,SALE,07-01-2024 14:01:37,S07,20240107
S07/20240107/00016,4,P106757,1,398.95,SALE,07-01-2024 14:01:37,S07,20240107
S07/20240107/00016,5,P104427,1,462.16,SALE,07-01-2024 14:01:37,S07,20240107
S07/20240107/00016,6,P101152,1,478.44,SALE,07-01-2024 14:01:37,S07,20240107
S07/20240107/00016,7,P100224,1,76.95,SALE,07-01-2024 14:01:37,S07,20240107
S07/20240107/00016,8,P101048,1,188.58,SALE,07-01-2024 14:01:37,S07,20240107
S07/20240107/00016,9,P104026,1,152.97,SALE,07-01-2024 14:01:37,S07,20240107
S07/20240107/00016,10,TAX,1,302.95,TAX,07-01-2024 14:01:37,S07,20240107
S07/20240107/00016,11,TENDER,1,3241.71,TENDER,07-01-2024 14:01:37,S07,20240107
S07/20240107/00017,1,P102738,1,481.95,SALE,07-01-2024 14:42:21,S07,20240107
S07/20240107/00017,2,P102452,1,179.20,SALE,07-01-2024 14:42:21,S07,20240107
S07/20240107/00017,3,P101961,2,679.58,SALE,07-01-2024 14:42:21,S07,20240107
S07/20240107/00017,4,P104181,4,279.95,SALE,07-01-2024 14:42:21,S07,20240107
S07/20240107/00017,5,P100033,2,763.12,SALE,07-01-2024 14:42:21,S07,20240107
S07/20240107/00017,6,TAX,1,522.13,TAX,07-01-2024 14:42:21,S07,20240107
S07/20240107/00017,7,TENDER,1,5188.48,TENDER,07-01-2024 14:42:21,S07,20240107
S07/20240107/00018,1,P100731,3,268.30,SALE,07-01-2024 13:12:07,S07,20240107
S07/20240107/00018,2,P104587,2,252.25,SALE,07-01-2024 13:12:07,S07,20240107
S07/20240107/00018,3,TAX,1,170.11,TAX,07-01-2024 13:12:07,S07,20240107
S07/20240107/00018,4,TENDER,1,1479.51,TENDER,07-01-2024 13:12:07,S07,20240107
S07/20240107/00019,1,P101859,1,64.95,SALE,07-01-2024 15:41:49,S07,20240107
S07/20240107/00019,2,P104739,2,172.21,SALE,07-01-2024 15:41:49,S07,20240107
S07/20240107/00019,3,P106872,3,73.31,SALE,07-01-2024 15:41:49,S07,20240107
S07/20240107/00019,4,P102305,2,116.95,SALE,07-01-2024 15:41:49,S07,20240107
S07/20240107/00019,5,P100555,2,435.03,SALE,07-01-2024 15:41:49,S07,20240107
S07/20240107/00019,6,DISC,1,-112.30,DISCOUNT,07-01-2024 15:41:49,S07,20240107
S07/20240107/00019,7,TAX,1,275.00,TAX,07-01-2024 15:41:49,S07,20240107
S07/20240107/00019,8,TENDER,1,1895.96,TENDER,07-01-2024 15:41:49,S07,20240107
S07/20240107/00020,1,P108397,3,272.95,SALE,07-01-2024 18:26:29,S07,20240107
S07/20240107/00020,2,P106162,2,527.95,SALE,07-01-2024 18:26:29,S07,20240107
S07/20240107/00020,3,P105666,4,1064.29,SALE,07-01-2024 18:26:29,S07,20240107
S07/20240107/00020,4,P105672,3,62.95,SALE,07-01-2024 18:26:29,S07,20240107
S07/20240107/00020,5,P104831,2,1472.59,SALE,07-01-2024 18:26:29,S07,20240107
S07/20240107/00020,6,P100703,1,164.26,SALE,07-01-2024 18:26:29,S07,20240107
S07/20240107/00020,7,P107597,2,519.83,SALE,07-01-2024 18:26:29,S07,20240107
S07/20240107/00020,8,P107721,5,85.81,SALE,07-01-2024 18:26:29,S07,20240107
S07/20240107/00020,9,P101404,1,214.54,SALE,07-01-2024 18:26:29,S07,20240107
S07/20240107/00020,10,TAX,1,534.10,TAX,07-01-2024 18:26:29,S07,20240107
S07/20240107/00020,11,TENDER,1,11647.55,TENDER,07-01-2024 18:26:29,S07,20240107
S07/20240107/00021,1,P105365,3,399.23,SALE,07-01-2024 12:17:09,S07,20240107
S07/20240107/00021,2,P103922,1,45.95,SALE,07-01-2024 12:17:09,S07,20240107
S07/20240107/00021,3,P105775,3,104.41,SALE,07-01-2024 12:17:09,S07,20240107
S07/20240107/00021,4,P106942,2,169.95,SALE,07-01-2024 12:17:09,S07,20240107
S07/20240107/00021,5,P101810,2,757.60,SALE,07-01-2024 12:17:09,S07,20240107
S07/20240107/00021,6,TAX,1,350.81,TAX,07-01-2024 12:17:09,S07,20240107
S07/20240107/00021,7,TENDER,1,3762.78,TENDER,07-01-2024 12:17:09,S07,20240107
S07/20240107/00022,1,P105950,5,1356.49,SALE,07-01-2024 17:54:47,S07,20240107
S07/20240107/00022,2,P105155,2,317.12,SALE,07-01-2024 17:54:47,S07,20240107
S07/20240107/00022,3,P104334,1,258.22,SALE,07-01-2024 17:54:47,S07,20240107
S07/20240107/00022,4,P106920,1,1398.34,SALE,07-01-2024 17:54:47,S07,20240107
S07/20240107/00022,5,TAX,1,44.62,TAX,07-01-2024 17:54:47,S07,20240107
S07/20240107/00022,6,TENDER,1,9117.87,TENDER,07-01-2024 17:54:47,S07,20240107
S07/20240107/00023,1,P107145,3,235.69,SALE,07-01-2024 22:11:09,S07,20240107
S07/20240107/00023,2,P100781,2,611.95,SALE,07-01-2024 22:11:09,S07,20240107
S07/20240107/00023,3,P105497,2,72.95,SALE,07-01-2024 22:11:09,S07,20240107
S07/20240107/00023,4,TAX,1,322.66,TAX,07-01-2024 22:11:09,S07,20240107
S07/20240107/00023,5,TENDER,1,2399.53,TENDER,07-01-2024 22:11:09,S07,20240107
S07/20240107/00024,1,P108389,2,793.52,SALE,07-01-2024 11:36:56,S07,20240107
S07/20240107/00024,2,P106191,2,1230.97,SALE,07-01-2024 11:36:56,S07,20240107
S07/20240107/00024,3,P100112,1,91.95,SALE,07-01-2024 11:36:56,S07,20240107
S07/20240107/00024,4,P105988,3,26.95,SALE,07-01-2024 11:36:56,S07,20240107
S07/20240107/00024,5,P100838,4,37.95,SALE,07-01-2024 11:36:56,S07,20240107
S07/20240107/00024,6,TAX,1,107.54,TAX,07-01-2024 11:36:56,S07,20240107
S07/20240107/00024,7,TENDER,1,4481.12,TENDER,07-01-2024 11:36:56,S07,20240107
S07/20240107/00025,1,P103600,3,93.36,SALE,07-01-2024 19:45:22,S07,20240107
S07/20240107/00025,2,P101208,2,521.19,SALE,07-01-2024 19:45:22,S07,20240107
S07/20240107/00025,3,P107215,2,145.82,SALE,07-01-2024 19:45:22,S07,20240107
S07/20240107/00025,4,TAX,1,49.00,TAX,07-01-2024 19:45:22,S07,20240107
S07/20240107/00025,5,TENDER,1,1663.10,TENDER,07-01-2024 19:45:22,S07,20240107
S07/20240107/00026,1,P101720,3,43.95,SALE,07-01-2024 20:22:00,S07,20240107
S07/20240107/00026,2,P101489,2,493.95,SALE,07-01-2024 20:22:00,S07,20240107
S07/20240107/00026,3,P106373,2,46.84,SALE,07-01-2024 20:22:00,S07,20240107
S07/20240107/00026,4,P100044,4,668.09,SALE,07-01-2024 20:22:00,S07,20240107
S07/20240107/00026,5,P105944,3,985.47,SALE,07-01-2024 20:22:00,S07,20240107
S07/20240107/00026,6,P104294,2,115.73,SALE,07-01-2024 20:22:00,S07,20240107
S07/20240107/00026,7,TAX,1,714.50,TAX,07-01-2024 20:22:00,S07,20240107
S07/20240107/00026,8,TENDER,1,7788.16,TENDER,07-01-2024 20:22:00,S07,20240107
S07/20240107/00027,1,P100722,1,287.33,SALE,07-01-2024 18:11:03,S07,20240107
S07/20240107/00027,2,P101298,2,190.95,SALE,07-01-2024 18:11:03,S07,20240107
S07/20240107/00027,3,P107320,1,223.25,SALE,07-01-2024 18:11:03,S07,20240107
S07/20240107/00027,4,P105827,2,96.95,SALE,07-01-2024 18:11:03,S07,20240107
S07/20240107/00027,5,P107542,1,163.06,SALE,07-01-2024 18:11:03,S07,20240107
S07/20240107/00027,6,P100999,2,153.43,SALE,07-01-2024 18:11:03,S07,20240107
S07/20240107/00027,7,DISC,1,-86.44,DISCOUNT,07-01-2024 18:11:03,S07,20240107
S07/20240107/00027,8,TAX,1,77.74,TAX,07-01-2024 18:11:03,S07,20240107
S07/20240107/00027,9,TENDER,1,1547.60,TENDER,07-01-2024 18:11:03,S07,20240107
S07/20240107/00028,1,P104567,3,121.23,SALE,07-01-2024 19:06:23,S07,20240107
S07/20240107/00028,2,P102230,2,313.70,SALE,07-01-2024 19:06:23,S07,20240107
S07/20240107/00028,3,P106965,2,78.22,SALE,07-01-2024 19:06:23,S07,20240107
S07/20240107/00028,4,P101884,1,352.98,SALE,07-01-2024 19:06:23,S07,20240107
S07/20240107/00028,5,P100744,1,61.87,SALE,07-01-2024 19:06:23,S07,20240107
S07/20240107/00028,6,P105050,2,103.36,SALE,07-01-2024 19:06:23,S07,20240107
S07/20240107/00028,7,TAX,1,220.18,TAX,07-01-2024 19:06:23,S07,20240107
S07/20240107/00028,8,TENDER,1,1989.28,TENDER,07-01-2024 19:06:23,S07,20240107
S07/20240107/00029,1,P100754,2,74.95,SALE,07-01-2024 21:18:36,S07,20240107
S07/20240107/00029,2,P106323,3,206.95,SALE,07-01-2024 21:18:36,S07,20240107
S07/20240107/00029,3,TAX,1,38.54,TAX,07-01-2024 21:18:36,S07,20240107
S07/20240107/00029,4,TENDER,1,809.29,TENDER,07-01-2024 21:18:36,S07,20240107
S07/20240107/00030,1,P104898,1,161.27,SALE,07-01-2024 20:58:04,S07,20240107
S07/20240107/00030,2,P102389,2,73.06,SALE,07-01-2024 20:58:04,S07,20240107
S07/20240107/00030,3,P106671,3,101.77,SALE,07-01-2024 20:58:04,S07,20240107
S07/20240107/00030,4,P108125,1,129.06,SALE,07-01-2024 20:58:04,S07,20240107
S07/20240107/00030,5,P108060,3,217.09,SALE,07-01-2024 20:58:04,S07,20240107
S07/20240107/00030,6,P100717,1,505.95,SALE,07-01-2024 20:58:04,S07,20240107
S07/20240107/00030,7,P102857,3,114.95,SALE,07-01-2024 20:58:04,S07,20240107
S07/20240107/00030,8,TAX,1,320.00,TAX,07-01-2024 20:58:04,S07,20240107
S07/20240107/00030,9,TENDER,1,2563.83,TENDER,07-01-2024 20:58:04,S07,20240107
S07/20240107/00031,1,P102286,2,238.95,SALE,07-01-2024 16:04:06,S07,20240107
S07/20240107/00031,2,P101421,3,102.93,SALE,07-01-2024 16:04:06,S07,20240107
S07/20240107/00031,3,P100555,1,435.03,SALE,07-01-2024 16:04:06,S07,20240107
S07/20240107/00031,4,P108008,1,111.10,SALE,07-01-2024 16:04:06,S07,20240107
S07/20240107/00031,5,P102903,2,51.46,SALE,07-01-2024 16:04:06,S07,20240107
S07/20240107/00031,6,P101530,2,562.39,SALE,07-01-2024 16:04:06,S07,20240107
S07/20240107/00031,7,P103424,2,235.87,SALE,07-01-2024 16:04:06,S07,20240107
S07/20240107/00031,8,P100421,1,129.94,SALE,07-01-2024 16:04:06,S07,20240107
S07/20240107/00031,9,DISC,1,-254.35,DISCOUNT,07-01-2024 16:04:06,S07,20240107
S07/20240107/00031,10,TAX,1,475.88,TAX,07-01-2024 16:04:06,S07,20240107
S07/20240107/00031,11,TENDER,1,3383.73,TENDER,07-01-2024 16:04:06,S07,20240107
S07/20240108/00001,1,P105288,1,221.15,SALE,08-01-2024 14:21:30,S07,20240108
S07/20240108/00001,2,P101248,3,458.95,SALE,08-01-2024 14:21:30,S07,20240108
S07/20240108/00001,3,P104944,1,42.95,SALE,08-01-2024 14:21:30,S07,20240108
S07/20240108/00001,4,P100722,5,287.33,SALE,08-01-2024 14:21:30,S07,20240108
S07/20240108/00001,5,P100178,4,427.16,SALE,08-01-2024 14:21:30,S07,20240108
S07/20240108/00001,6,P107815,2,101.23,SALE,08-01-2024 14:21:30,S07,20240108
S07/20240108/00001,7,P106907,1,294.95,SALE,08-01-2024 14:21:30,S07,20240108
S07/20240108/00001,8,P106282,2,440.95,SALE,08-01-2024 14:21:30,S07,20240108
S07/20240108/00001,9,TAX,1,746.16,TAX,08-01-2024 14:21:30,S07,20240108
S07/20240108/00001,10,TENDER,1,6911.71,TENDER,08-01-2024 14:21:30,S07,20240108
S07/20240108/00002,1,P101305,1,119.82,SALE,08-01-2024 12:30:03,S07,20240108
S07/20240108/00002,2,P105575,1,430.13,SALE,08-01-2024 12:30:03,S07,20240108
S07/20240108/00002,3,P102207,1,348.89,SALE,08-01-2024 12:30:03,S07,20240108
S07/20240108/00002,4,P105541,1,201.95,SALE,08-01-2024 12:30:03,S07,20240108
S07/20240108/00002,5,TAX,1,121.29,TAX,08-01-2024 12:30:03,S07,20240108
S07/20240108/00002,6,TENDER,1,1222.08,TENDER,08-01-2024 12:30:03,S07,20240108
S07/20240108/00003,1,P107863,1,449.95,SALE,08-01-2024 17:28:38,S07,20240108
S07/20240108/00003,2,P106490,2,528.59,SALE,08-01-2024 17:28:38,S07,20240108
S07/20240108/00003,3,P103040,2,402.85,SALE,08-01-2024 17:28:38,S07,20240108
S07/20240108/00003,4,P101201,1,41.95,SALE,08-01-2024 17:28:38,S07,20240108
S07/20240108/00003,5,TAX,1,228.11,TAX,08-01-2024 17:28:38,S07,20240108
S07/20240108/00003,6,TENDER,1,2582.89,TENDER,08-01-2024 17:28:38,S07,20240108
S07/20240108/00004,1,P102074,3,415.90,SALE,08-01-2024 14:49:32,S07,20240108
S07/20240108/00004,2,P101851,2,1750.29,SALE,08-01-2024 14:49:32,S07,20240108
S07/20240108/00004,3,P106228,2,43.95,SALE,08-01-2024 14:49:32,S07,20240108
S07/20240108/00004,4,P102886,2,139.95,SALE,08-01-2024 14:49:32,S07,20240108
S07/20240108/00004,5,P100077,4,181.42,SALE,08-01-2024 14:49:32,S07,20240108
S07/20240108/00004,6,TAX,1,128.49,TAX,08-01-2024 14:49:32,S07,20240108
S07/20240108/00004,7,TENDER,1,5970.25,TENDER,08-01-2024 14:49:32,S07,20240108
S07/20240108/00005,1,P107047,2,377.10,SALE,08-01-2024 23:38:39,S07,20240108
S07/20240108/00005,2,P103118,4,40.95,SALE,08-01-2024 23:38:39,S07,20240108
S07/20240108/00005,3,P102945,1,47.95,SALE,08-01-2024 23:38:39,S07,20240108
S07/20240108/00005,4,P107621,1,92.47,SALE,08-01-2024 23:38:39,S07,20240108
S07/20240108/00005,5,DISC,1,-85.45,DISCOUNT,08-01-2024 23:38:39,S07,20240108
S07/20240108/00005,6,TAX,1,98.66,TAX,08-01-2024 23:38:39,S07,20240108
S07/20240108/00005,7,TENDER,1,1071.63,TENDER,08-01-2024 23:38:39,S07,20240108
S07/20240108/00006,1,P100991,1,147.89,SALE,08-01-2024 13:39:20,S07,20240108
S07/20240108/00006,2,P107695,2,282.58,SALE,08-01-2024 13:39:20,S07,20240108
S07/20240108/00006,3,P107508,2,1450.59,SALE,08-01-2024 13:39:20,S07,20240108
S07/20240108/00006,4,P105155,2,317.12,SALE,08-01-2024 13:39:20,S07,20240108
S07/20240108/00006,5,TAX,1,488.98,TAX,08-01-2024 13:39:20,S07,20240108
S07/20240108/00006,6,TENDER,1,4737.45,TENDER,08-01-2024 13:39:20,S07,20240108
S07/20240108/00007,1,P100519,1,365.61,SALE,08-01-2024 19:01:23,S07,20240108
S07/20240108/00007,2,P106200,6,117.95,SALE,08-01-2024 19:01:23,S07,20240108
S07/20240108/00007,3,P100946,1,73.95,SALE,08-01-2024 19:01:23,S07,20240108
S07/20240108/00007,4,P101393,2,32.95,SALE,08-01-2024 19:01:23,S07,20240108
S07/20240108/00007,5,P106084,2,592.14,SALE,08-01-2024 19:01:23,S07,20240108
S07/20240108/00007,6,TAX,1,204.62,TAX,08-01-2024 19:01:23,S07,20240108
S07/20240108/00007,7,TENDER,1,2602.06,TENDER,08-01-2024 19:01:23,S07,20240108
S07/20240108/00008,1,P101410,4,805.24,SALE,08-01-2024 14:18:16,S07,20240108
S07/20240108/00008,2,P106528,2,832.82,SALE,08-01-2024 14:18:16,S07,20240108
S07/20240108/00008,3,P106718,2,392.95,SALE,08-01-2024 14:18:16,S07,20240108
S07/20240108/00008,4,TAX,1,727.85,TAX,08-01-2024 14:18:16,S07,20240108
S07/20240108/00008,5,TENDER,1,6400.35,TENDER,08-01-2024 14:18:16,S07,20240108
S07/20240108/00009,1,P101982,2,366.95,SALE,08-01-2024 12:26:46,S07,20240108
S07/20240108/00009,2,P106563,1,426.95,SALE,08-01-2024 12:26:46,S07,20240108
S07/20240108/00009,3,P106277,2,395.95,SALE,08-01-2024 12:26:46,S07,20240108
S07/20240108/00009,4,P102886,3,139.95,SALE,08-01-2024 12:26:46,S07,20240108
S07/20240108/00009,5,P107110,3,76.95,SALE,08-01-2024 12:26:46,S07,20240108
S07/20240108/00009,6,P106813,1,241.11,SALE,08-01-2024 12:26:46,S07,20240108
S07/20240108/00009,7,P105030,2,211.39,SALE,08-01-2024 12:26:46,S07,20240108
S07/20240108/00009,8,P103616,1,621.95,SALE,08-01-2024 12:26:46,S07,20240108
S07/20240108/00009,9,DISC,1,-254.13,DISCOUNT,08-01-2024 12:26:46,S07,20240108
S07/20240108/00009,10,TAX,1,394.06,TAX,08-01-2024 12:26:46,S07,20240108
S07/20240108/00009,11,TENDER,1,4029.22,TENDER,08-01-2024 12:26:46,S07,20240108
S07/20240108/00010,1,P104427,1,462.16,SALE,08-01-2024 16:26:10,S07,20240108
S07/20240108/00010,2,P103693,1,97.06,SALE,08-01-2024 16:26:10,S07,20240108
S07/20240108/00010,3,TAX,1,83.19,TAX,08-01-2024 16:26:10,S07,20240108
S07/20240108/00010,4,TENDER,1,642.41,TENDER,08-01-2024 16:26:10,S07,20240108
S07/20240108/00011,1,P102175,1,171.07,SALE,08-01-2024 16:44:23,S07,20240108
S07/20240108/00011,2,P107072,1,193.95,SALE,08-01-2024 16:44:23,S07,20240108
S07/20240108/00011,3,P106757,3,398.95,SALE,08-01-2024 16:44:23,S07,20240108
S07/20240108/00011,4,P100308,2,277.54,SALE,08-01-2024 16:44:23,S07,20240108
S07/20240108/00011,5,P101747,3,245.75,SALE,08-01-2024 16:44:23,S07,20240108
S07/20240108/00011,6,P106885,2,126.37,SALE,08-01-2024 16:44:23,S07,20240108
S07/20240108/00011,7,P101842,2,210.53,SALE,08-01-2024 16:44:23,S07,20240108
S07/20240108/00011,8,P107292,3,324.95,SALE,08-01-2024 16:44:23,S07,20240108
S07/20240108/00011,9,TAX,1,370.12,TAX,08-01-2024 16:44:23,S07,20240108
S07/20240108/00011,10,TENDER,1,4872.97,TENDER,08-01-2024 16:44:23,S07,20240108
S07/20240108/00012,1,P107346,3,449.29,SALE,08-01-2024 17:31:07,S07,20240108
S07/20240108/00012,2,P105757,3,243.43,SALE,08-01-2024 17:31:07,S07,20240108
S07/20240108/00012,3,P103743,1,1117.90,SALE,08-01-2024 17:31:07,S07,20240108
S07/20240108/00012,4,P104533,2,256.47,SALE,08-01-2024 17:31:07,S07,20240108
S07/20240108/00012,5,P105180,4,103.95,SALE,08-01-2024 17:31:07,S07,20240108
S07/20240108/00012,6,DISC,1,-242.98,DISCOUNT,08-01-2024 17:31:07,S07,20240108
S07/20240108/00012,7,TAX,1,192.36,TAX,08-01-2024 17:31:07,S07,20240108
S07/20240108/00012,8,TENDER,1,4074.18,TENDER,08-01-2024 17:31:07,S07,20240108
S07/20240108/00013,1,P107925,1,1023.82,SALE,08-01-2024 15:19:45,S07,20240108
S07/20240108/00013,2,P101933,2,1168.09,SALE,08-01-2024 15:19:45,S07,20240108
S07/20240108/00013,3,TAX,1,331.53,TAX,08-01-2024 15:19:45,S07,20240108
S07/20240108/00013,4,TENDER,1,3691.53,TENDER,08-01-2024 15:19:45,S07,20240108
S07/20240108/00014,1,P104558,4,396.14,SALE,08-01-2024 15:09:36,S07,20240108
S07/20240108/00014,2,P108300,1,260.37,SALE,08-01-2024 15:09:36,S07,20240108
S07/20240108/00014,3,P103749,2,13.83,SALE,08-01-2024 15:09:36,S07,20240108
S07/20240108/00014,4,DISC,1,-199.67,DISCOUNT,08-01-2024 15:09:36,S07,20240108
S07/20240108/00014,5,TAX,1,216.19,TAX,08-01-2024 15:09:36,S07,20240108
S07/20240108/00014,6,TENDER,1,1889.11,TENDER,08-01-2024 15:09:36,S07,20240108
S07/20240108/00015,1,P104011,2,655.99,SALE,08-01-2024 14:33:28,S07,20240108
S07/20240108/00015,2,P103606,2,178.05,SALE,08-01-2024 14:33:28,S07,20240108
S07/20240108/00015,3,P104867,1,190.50,SALE,08-01-2024 14:33:28,S07,20240108
S07/20240108/00015,4,P103413,2,1296.43,SALE,08-01-2024 14:33:28,S07,20240108
S07/20240108/00015,5,TAX,1,222.57,TAX,08-01-2024 14:33:28,S07,20240108
S07/20240108/00015,6,TENDER,1,4674.01,TENDER,08-01-2024 14:33:28,S07,20240108
S07/20240108/00016,1,P106244,2,73.94,SALE,08-01-2024 11:11:11,S07,20240108
S07/20240108/00016,2,P103577,1,108.85,SALE,08-01-2024 11:11:11,S07,20240108
S07/20240108/00016,3,P105583,2,178.95,SALE,08-01-2024 11:11:11,S07,20240108
S07/20240108/00016,4,P100421,3,129.94,SALE,08-01-2024 11:11:11,S07,20240108
S07/20240108/00016,5,TAX,1,95.23,TAX,08-01-2024 11:11:11,S07,20240108
S07/20240108/00016,6,TENDER,1,1099.68,TENDER,08-01-2024 11:11:11,S07,20240108
S07/20240108/00017,1,P104344,1,367.50,SALE,08-01-2024 19:58:48,S07,20240108
S07/20240108/00017,2,P103542,1,398.89,SALE,08-01-2024 19:58:48,S07,20240108
S07/20240108/00017,3,P108179,3,284.95,SALE,08-01-2024 19:58:48,S07,20240108
S07/20240108/00017,4,P101321,4,24.76,SALE,08-01-2024 19:58:48,S07,20240108
S07/20240108/00017,5,P103606,4,178.05,SALE,08-01-2024 19:58:48,S07,20240108
S07/20240108/00017,6,TAX,1,270.04,TAX,08-01-2024 19:58:48,S07,20240108
S07/20240108/00017,7,TENDER,1,2702.52,TENDER,08-01-2024 19:58:48,S07,20240108
S07/20240108/00018,1,P100810,2,200.65,SALE,08-01-2024 07:33:02,S07,20240108
S07/20240108/00018,2,P107777,4,192.88,SALE,08-01-2024 07:33:02,S07,20240108
S07/20240108/00018,3,P101827,2,139.26,SALE,08-01-2024 07:33:02,S07,20240108
S07/20240108/00018,4,P107337,1,324.16,SALE,08-01-2024 07:33:02,S07,20240108
S07/20240108/00018,5,TAX,1,50.20,TAX,08-01-2024 07:33:02,S07,20240108
S07/20240108/00018,6,TENDER,1,1825.70,TENDER,08-01-2024 07:33:02,S07,20240108
S07/20240108/00019,1,P101465,2,498.53,SALE,08-01-2024 07:24:54,S07,20240108
S07/20240108/00019,2,P104233,3,1232.09,SALE,08-01-2024 07:24:54,S07,20240108
S07/20240108/00019,3,P104688,1,178.09,SALE,08-01-2024 07:24:54,S07,20240108
S07/20240108/00019,4,P101839,1,408.40,SALE,08-01-2024 07:24:54,S07,20240108
S07/20240108/00019,5,P100287,2,218.95,SALE,08-01-2024 07:24:54,S07,20240108
S07/20240108/00019,6,P100879,1,155.98,SALE,08-01-2024 07:24:54,S07,20240108
S07/20240108/00019,7,P106848,1,16.02,SALE,08-01-2024 07:24:54,S07,20240108
S07/20240108/00019,8,P104168,2,512.27,SALE,08-01-2024 07:24:54,S07,20240108
S07/20240108/00019,9,TAX,1,525.97,TAX,08-01-2024 07:24:54,S07,20240108
S07/20240108/00019,10,TENDER,1,7440.23,TENDER,08-01-2024 07:24:54,S07,20240108
S07/20240108/00020,1,P108125,1,129.06,SALE,08-01-2024 17:29:16,S07,20240108
S07/20240108/00020,2,P102502,3,366.79,SALE,08-01-2024 17:29:16,S07,20240108
S07/20240108/00020,3,P103645,2,241.18,SALE,08-01-2024 17:29:16,S07,20240108
S07/20240108/00020,4,P102000,1,79.16,SALE,08-01-2024 17:29:16,S07,20240108
S07/20240108/00020,5,P106620,1,296.41,SALE,08-01-2024 17:29:16,S07,20240108
S07/20240108/00020,6,P101656,2,262.95,SALE,08-01-2024 17:29:16,S07,20240108
S07/20240108/00020,7,TAX,1,310.99,TAX,08-01-2024 17:29:16,S07,20240108
S07/20240108/00020,8,TENDER,1,2924.25,TENDER,08-01-2024 17:29:16,S07,20240108
S07/20240108/00021,1,P103538,4,246.95,SALE,08-01-2024 23:51:17,S07,20240108
S07/20240108/00021,2,P107815,4,101.23,SALE,08-01-2024 23:51:17,S07,20240108
S07/20240108/00021,3,P103946,2,339.95,SALE,08-01-2024 23:51:17,S07,20240108
S07/20240108/00021,4,P100438,2,64.40,SALE,08-01-2024 23:51:17,S07,20240108
S07/20240108/00021,5,P106512,1,364.95,SALE,08-01-2024 23:51:17,S07,20240108
S07/20240108/00021,6,P101156,5,91.80,SALE,08-01-2024 23:51:17,S07,20240108
S07/20240108/00021,7,TAX,1,193.06,TAX,08-01-2024 23:51:17,S07,20240108
S07/20240108/00021,8,TENDER,1,3218.43,TENDER,08-01-2024 23:51:17,S07,20240108
S07/20240108/00022,1,P108041,2,368.87,SALE,08-01-2024 13:02:58,S07,20240108
S07/20240108/00022,2,P104469,3,1383.23,SALE,08-01-2024 13:02:58,S07,20240108
S07/20240108/00022,3,P103273,4,340.81,SALE,08-01-2024 13:02:58,S07,20240108
S07/20240108/00022,4,P106735,4,320.99,SALE,08-01-2024 13:02:58,S07,20240108
S07/20240108/00022,5,P106044,2,37.47,SALE,08-01-2024 13:02:58,S07,20240108
S07/20240108/00022,6,P103525,3,219.41,SALE,08-01-2024 13:02:58,S07,20240108
S07/20240108/00022,7,P108300,1,260.37,SALE,08-01-2024 13:02:58,S07,20240108
S07/20240108/00022,8,P106486,2,1348.95,SALE,08-01-2024 13:02:58,S07,20240108
S07/20240108/00022,9,P105614,2,652.27,SALE,08-01-2024 13:02:58,S07,20240108
S07/20240108/00022,10,P105784,1,116.81,SALE,08-01-2024 13:02:58,S07,20240108
S07/20240108/00022,11,P106592,2,680.95,SALE,08-01-2024 13:02:58,S07,20240108
S07/20240108/00022,12,P107226,1,86.90,SALE,08-01-2024 13:02:58,S07,20240108
S07/20240108/00022,13,TAX,1,1716.76,TAX,08-01-2024 13:02:58,S07,20240108
S07/20240108/00022,14,TENDER,1,15812.98,TENDER,08-01-2024 13:02:58,S07,20240108
S07/20240108/00023,1,P107163,2,171.95,SALE,08-01-2024 18:18:13,S07,20240108
S07/20240108/00023,2,P107946,5,303.95,SALE,08-01-2024 18:18:13,S07,20240108
S07/20240108/00023,3,P105698,1,177.90,SALE,08-01-2024 18:18:13,S07,20240108
S07/20240108/00023,4,P102305,1,116.95,SALE,08-01-2024 18:18:13,S07,20240108
S07/20240108/00023,5,DISC,1,-155.99,DISCOUNT,08-01-2024 18:18:13,S07,20240108
S07/20240108/00023,6,TAX,1,58.68,TAX,08-01-2024 18:18:13,S07,20240108
S07/20240108/00023,7,TENDER,1,2061.19,TENDER,08-01-2024 18:18:13,S07,20240108
S07/20240108/00024,1,P103766,1,191.95,SALE,08-01-2024 13:10:25,S07,20240108
S07/20240108/00024,2,P107859,2,130.84,SALE,08-01-2024 13:10:25,S07,20240108
S07/20240108/00024,3,P107063,3,374.87,SALE,08-01-2024 13:10:25,S07,20240108
S07/20240108/00024,4,P106130,2,1254.95,SALE,08-01-2024 13:10:25,S07,20240108
S07/20240108/00024,5,P107589,1,251.81,SALE,08-01-2024 13:10:25,S07,20240108
S07/20240108/00024,6,TAX,1,202.96,TAX,08-01-2024 13:10:25,S07,20240108
S07/20240108/00024,7,TENDER,1,4542.91,TENDER,08-01-2024 13:10:25,S07,20240108
S07/20240108/00025,1,P102868,4,471.29,SALE,08-01-2024 23:10:31,S07,20240108
S07/20240108/00025,2,P105835,2,243.66,SALE,08-01-2024 23:10:31,S07,20240108
S07/20240108/00025,3,P101208,1,521.19,SALE,08-01-2024 23:10:31,S07,20240108
S07/20240108/00025,4,P103552,1,120.81,SALE,08-01-2024 23:10:31,S07,20240108
S07/20240108/00025,5,P106900,2,179.85,SALE,08-01-2024 23:10:31,S07,20240108
S07/20240108/00025,6,TAX,1,381.68,TAX,08-01-2024 23:10:31,S07,20240108
S07/20240108/00025,7,TENDER,1,3755.86,TENDER,08-01-2024 23:10:31,S07,20240108
S07/20240108/00026,1,P100571,2,117.95,SALE,08-01-2024 15:15:53,S07,20240108
S07/20240108/00026,2,P101279,1,217.77,SALE,08-01-2024 15:15:53,S07,20240108
S07/20240108/00026,3,TAX,1,42.46,TAX,08-01-2024 15:15:53,S07,20240108
S07/20240108/00026,4,TENDER,1,496.13,TENDER,08-01-2024 15:15:53,S07,20240108
S07/20240108/00027,1,P105057,5,253.95,SALE,08-01-2024 17:47:13,S07,20240108
S07/20240108/00027,2,TAX,1,228.56,TAX,08-01-2024 17:47:13,S07,20240108
S07/20240108/00027,3,TENDER,1,1498.31,TENDER,08-01-2024 17:47:13,S07,20240108
S07/20240108/00028,1,P104042,3,346.95,SALE,08-01-2024 12:17:55,S07,20240108
S07/20240108/00028,2,P105497,3,72.95,SALE,08-01-2024 12:17:55,S07,20240108
S07/20240108/00028,3,P107575,1,65.95,SALE,08-01-2024 12:17:55,S07,20240108
S07/20240108/00028,4,TAX,1,151.16,TAX,08-01-2024 12:17:55,S07,20240108
S07/20240108/00028,5,TENDER,1,1476.81,TENDER,08-01-2024 12:17:55,S07,20240108
S07/20240108/00029,1,P102849,2,641.17,SALE,08-01-2024 16:11:06,S07,20240108
S07/20240108/00029,2,P101899,3,349.72,SALE,08-01-2024 16:11:06,S07,20240108
S07/20240108/00029,3,TAX,1,342.73,TAX,08-01-2024 16:11:06,S07,20240108
S07/20240108/00029,4,TENDER,1,2674.23,TENDER,08-01-2024 16:11:06,S07,20240108
S07/20240108/00030,1,P106542,1,107.95,SALE,08-01-2024 17:28:53,S07,20240108
S07/20240108/00030,2,P102794,3,396.95,SALE,08-01-2024 17:28:53,S07,20240108
S07/20240108/00030,3,P104733,1,627.95,SALE,08-01-2024 17:28:53,S07,20240108
S07/20240108/00030,4,P106718,3,392.95,SALE,08-01-2024 17:28:53,S07,20240108
S07/20240108/00030,5,P104567,1,121.23,SALE,08-01-2024 17:28:53,S07,20240108
S07/20240108/00030,6,P108319,2,262.51,SALE,08-01-2024 17:28:53,S07,20240108
S07/20240108/00030,7,P105365,3,399.23,SALE,08-01-2024 17:28:53,S07,20240108
S07/20240108/00030,8,P104454,2,47.84,SALE,08-01-2024 17:28:53,S07,20240108
S07/20240108/00030,9,TAX,1,533.96,TAX,08-01-2024 17:28:53,S07,20240108
S07/20240108/00030,10,TENDER,1,5579.18,TENDER,08-01-2024 17:28:53,S07,20240108
S07/20240108/00031,1,P100483,3,819.95,SALE,08-01-2024 15:00:31,S07,20240108
S07/20240108/00031,2,P107863,1,449.95,SALE,08-01-2024 15:00:31,S07,20240108
S07/20240108/00031,3,P102091,2,87.60,SALE,08-01-2024 15:00:31,S07,20240108
S07/20240108/00031,4,TAX,1,80.99,TAX,08-01-2024 15:00:31,S07,20240108
S07/20240108/00031,5,TENDER,1,3165.99,TENDER,08-01-2024 15:00:31,S07,20240108
S07/20240108/00032,1,P104772,1,277.95,SALE,08-01-2024 15:23:29,S07,20240108
S07/20240108/00032,2,P104512,1,94.53,SALE,08-01-2024 15:23:29,S07,20240108
S07/20240108/00032,3,P106731,3,142.59,SALE,08-01-2024 15:23:29,S07,20240108
S07/20240108/00032,4,P107914,4,231.95,SALE,08-01-2024 15:23:29,S07,20240108
S07/20240108/00032,5,P102768,2,152.65,SALE,08-01-2024 15:23:29,S07,20240108
S07/20240108/00032,6,P104637,1,294.49,SALE,08-01-2024 15:23:29,S07,20240108
S07/20240108/00032,7,P100511,2,407.54,SALE,08-01-2024 15:23:29,S07,20240108
S07/20240108/00032,8,TAX,1,409.86,TAX,08-01-2024 15:23:29,S07,20240108
S07/20240108/00032,9,TENDER,1,3552.78,TENDER,08-01-2024 15:23:29,S07,20240108
S07/20240109/00001,1,P107721,2,90.66,SALE,09-01-2024 12:31:27,S07,20240109
S07/20240109/00001,2,P105030,1,211.39,SALE,09-01-2024 12:31:27,S07,20240109
S07/20240109/00001,3,TAX,1,38.05,TAX,09-01-2024 12:31:27,S07,20240109
S07/20240109/00001,4,TENDER,1,430.76,TENDER,09-01-2024 12:31:27,S07,20240109
S07/20240109/00002,1,P101911,2,1431.80,SALE,09-01-2024 21:07:37,S07,20240109
S07/20240109/00002,2,P101564,2,154.29,SALE,09-01-2024 21:07:37,S07,20240109
S07/20240109/00002,3,P101990,2,352.58,SALE,09-01-2024 21:07:37,S07,20240109
S07/20240109/00002,4,P101585,3,10.83,SALE,09-01-2024 21:07:37,S07,20240109
S07/20240109/00002,5,P106686,3,275.45,SALE,09-01-2024 21:07:37,S07,20240109
S07/20240109/00002,6,P104956,2,133.95,SALE,09-01-2024 21:07:37,S07,20240109
S07/20240109/00002,7,P102346,2,79.95,SALE,09-01-2024 21:07:37,S07,20240109
S07/20240109/00002,8,P108179,1,284.95,SALE,09-01-2024 21:07:37,S07,20240109
S07/20240109/00002,9,P108326,1,439.67,SALE,09-01-2024 21:07:37,S07,20240109
S07/20240109/00002,10,DISC,1,-469.51,DISCOUNT,09-01-2024 21:07:37,S07,20240109
S07/20240109/00002,11,TAX,1,314.45,TAX,09-01-2024 21:07:37,S07,20240109
S07/20240109/00002,12,TENDER,1,5733.54,TENDER,09-01-2024 21:07:37,S07,20240109
S07/20240109/00003,1,P105656,2,438.95,SALE,09-01-2024 16:04:39,S07,20240109
S07/20240109/00003,2,P102931,1,737.59,SALE,09-01-2024 16:04:39,S07,20240109
S07/20240109/00003,3,P103062,3,177.19,SALE,09-01-2024 16:04:39,S07,20240109
S07/20240109/00003,4,P104160,3,243.35,SALE,09-01-2024 16:04:39,S07,20240109
S07/20240109/00003,5,TAX,1,63.46,TAX,09-01-2024 16:04:39,S07,20240109
S07/20240109/00003,6,TENDER,1,2940.57,TENDER,09-01-2024 16:04:39,S07,20240109
S07/20240109/00004,1,P107973,3,259.69,SALE,09-01-2024 21:51:33,S07,20240109
S07/20240109/00004,2,P102142,2,90.71,SALE,09-01-2024 21:51:33,S07,20240109
S07/20240109/00004,3,P101599,2,387.95,SALE,09-01-2024 21:51:33,S07,20240109
S07/20240109/00004,4,P101779,1,197.95,SALE,09-01-2024 21:51:33,S07,20240109
S07/20240109/00004,5,P107715,1,241.95,SALE,09-01-2024 21:51:33,S07,20240109
S07/20240109/00004,6,P100767,4,269.95,SALE,09-01-2024 21:51:33,S07,20240109
S07/20240109/00004,7,P103096,2,277.95,SALE,09-01-2024 21:51:33,S07,20240109
S07/20240109/00004,8,TAX,1,470.77,TAX,09-01-2024 21:51:33,S07,20240109
S07/20240109/00004,9,TENDER,1,4282.76,TENDER,09-01-2024 21:51:33,S07,20240109
S07/20240109/00005,1,P108200,2,336.95,SALE,09-01-2024 20:03:17,S07,20240109
S07/20240109/00005,2,P104439,2,109.14,SALE,09-01-2024 20:03:17,S07,20240109
S07/20240109/00005,3,P105882,1,221.21,SALE,09-01-2024 20:03:17,S07,20240109
S07/20240109/00005,4,P105740,2,102.14,SALE,09-01-2024 20:03:17,S07,20240109
S07/20240109/00005,5,P103517,1,165.73,SALE,09-01-2024 20:03:17,S07,20240109
S07/20240109/00005,6,TAX,1,196.75,TAX,09-01-2024 20:03:17,S07,20240109
S07/20240109/00005,7,TENDER,1,1680.15,TENDER,09-01-2024 20:03:17,S07,20240109
S07/20240109/00006,1,P105369,1,135.84,SALE,10-01-2024 00:49:14,S07,20240109
S07/20240109/00006,2,P107163,5,171.95,SALE,10-01-2024 00:49:14,S07,20240109
S07/20240109/00006,3,P104344,2,367.50,SALE,10-01-2024 00:49:14,S07,20240109
S07/20240109/00006,4,P105042,1,58.95,SALE,10-01-2024 00:49:14,S07,20240109
S07/20240109/00006,5,P106534,1,78.95,SALE,10-01-2024 00:49:14,S07,20240109
S07/20240109/00006,6,P101076,1,606.89,SALE,10-01-2024 00:49:14,S07,20240109
S07/20240109/00006,7,TAX,1,254.91,TAX,10-01-2024 00:49:14,S07,20240109
S07/20240109/00006,8,TENDER,1,2730.29,TENDER,10-01-2024 00:49:14,S07,20240109
S07/20240109/00007,1,P103438,2,179.78,SALE,09-01-2024 16:25:21,S07,20240109
S07/20240109/00007,2,P107920,1,100.63,SALE,09-01-2024 16:25:21,S07,20240109
S07/20240109/00007,3,P104344,3,367.50,SALE,09-01-2024 16:25:21,S07,20240109
S07/20240109/00007,4,P100198,1,156.66,SALE,09-01-2024 16:25:21,S07,20240109
S07/20240109/00007,5,P107458,5,1239.88,SALE,09-01-2024 16:25:21,S07,20240109
S07/20240109/00007,6,P105511,1,270.77,SALE,09-01-2024 16:25:21,S07,20240109
S07/20240109/00007,7,P102664,2,256.95,SALE,09-01-2024 16:25:21,S07,20240109
S07/20240109/00007,8,P104382,1,58.95,SALE,09-01-2024 16:25:21,S07,20240109
S07/20240109/00007,9,P106174,1,229.89,SALE,09-01-2024 16:25:21,S07,20240109
S07/20240109/00007,10,DISC,1,-856.32,DISCOUNT,09-01-2024 16:25:21,S07,20240109
S07/20240109/00007,11,TAX,1,349.75,TAX,09-01-2024 16:25:21,S07,20240109
S07/20240109/00007,12,TENDER,1,8485.69,TENDER,09-01-2024 16:25:21,S07,20240109
S07/20240109/00008,1,P100035,2,1456.57,SALE,09-01-2024 14:19:01,S07,20240109
S07/20240109/00008,2,P105313,1,51.83,SALE,09-01-2024 14:19:01,S07,20240109
S07/20240109/00008,3,P108234,2,31.46,SALE,09-01-2024 14:19:01,S07,20240109
S07/20240109/00008,4,P102546,1,69.95,SALE,09-01-2024 14:19:01,S07,20240109
S07/20240109/00008,5,P104233,6,1232.09,SALE,09-01-2024 14:19:01,S07,20240109
S07/20240109/00008,6,P105901,1,73.95,SALE,09-01-2024 14:19:01,S07,20240109
S07/20240109/00008,7,TAX,1,751.99,TAX,09-01-2024 14:19:01,S07,20240109
S07/20240109/00008,8,TENDER,1,11316.32,TENDER,09-01-2024 14:19:01,S07,20240109
S07/20240109/00009,1,P106512,2,364.95,SALE,09-01-2024 15:13:43,S07,20240109
S07/20240109/00009,2,P102636,1,114.77,SALE,09-01-2024 15:13:43,S07,20240109
S07/20240109/00009,3,P103896,1,200.95,SALE,09-01-2024 15:13:43,S07,20240109
S07/20240109/00009,4,P101925,2,164.95,SALE,09-01-2024 15:13:43,S07,20240109
S07/20240109/00009,5,P105106,2,102.91,SALE,09-01-2024 15:13:43,S07,20240109
S07/20240109/00009,6,P106911,2,232.77,SALE,09-01-2024 15:13:43,S07,20240109
S07/20240109/00009,7,P102006,2,1424.95,SALE,09-01-2024 15:13:43,S07,20240109
S07/20240109/00009,8,TAX,1,269.72,TAX,09-01-2024 15:13:43,S07,20240109
S07/20240109/00009,9,TENDER,1,5166.50,TENDER,09-01-2024 15:13:43,S07,20240109
S07/20240109/00010,1,P101949,4,857.51,SALE,09-01-2024 19:30:39,S07,20240109
S07/20240109/00010,2,P105176,2,499.95,SALE,09-01-2024 19:30:39,S07,20240109
S07/20240109/00010,3,TAX,1,351.48,TAX,09-01-2024 19:30:39,S07,20240109
S07/20240109/00010,4,TENDER,1,4781.42,TENDER,09-01-2024 19:30:39,S07,20240109
S07/20240109/00011,1,P103171,4,56.95,SALE,09-01-2024 16:40:07,S07,20240109
S07/20240109/00011,2,P101208,2,521.19,SALE,09-01-2024 16:40:07,S07,20240109
S07/20240109/00011,3,P100057,1,215.95,SALE,09-01-2024 16:40:07,S07,20240109
S07/20240109/00011,4,TAX,1,37.30,TAX,09-01-2024 16:40:07,S07,20240109
S07/20240109/00011,5,TENDER,1,1523.43,TENDER,09-01-2024 16:40:07,S07,20240109
S07/20240109/00012,1,P107197,2,568.08,SALE,09-01-2024 13:40:57,S07,20240109
S07/20240109/00012,2,P100421,3,129.94,SALE,09-01-2024 13:40:57,S07,20240109
S07/20240109/00012,3,P105450,2,252.15,SALE,09-01-2024 13:40:57,S07,20240109
S07/20240109/00012,4,TAX,1,204.51,TAX,09-01-2024 13:40:57,S07,20240109
S07/20240109/00012,5,TENDER,1,2234.79,TENDER,09-01-2024 13:40:57,S07,20240109
S07/20240109/00013,1,P105418,3,240.95,SALE,09-01-2024 16:29:04,S07,20240109
S07/20240109/00013,2,P105497,2,72.95,SALE,09-01-2024 16:29:04,S07,20240109
S07/20240109/00013,3,P101925,2,164.95,SALE,09-01-2024 16:29:04,S07,20240109
S07/20240109/00013,4,P101570,2,263.95,SALE,09-01-2024 16:29:04,S07,20240109
S07/20240109/00013,5,P104008,2,98.78,SALE,09-01-2024 16:29:04,S07,20240109
S07/20240109/00013,6,P102045,1,21.31,SALE,09-01-2024 16:29:04,S07,20240109
S07/20240109/00013,7,TAX,1,284.06,TAX,09-01-2024 16:29:04,S07,20240109
S07/20240109/00013,8,TENDER,1,2229.48,TENDER,09-01-2024 16:29:04,S07,20240109
S07/20240109/00014,1,P107837,2,94.99,SALE,09-01-2024 14:32:09,S07,20240109
S07/20240109/00014,2,DISC,1,-16.90,DISCOUNT,09-01-2024 14:32:09,S07,20240109
S07/20240109/00014,3,TAX,1,31.15,TAX,09-01-2024 14:32:09,S07,20240109
S07/20240109/00014,4,TENDER,1,204.23,TENDER,09-01-2024 14:32:09,S07,20240109
S07/20240109/00015,1,P106611,4,348.85,SALE,09-01-2024 16:14:52,S07,20240109
S07/20240109/00015,2,P105707,3,130.64,SALE,09-01-2024 16:14:52,S07,20240109
S07/20240109/00015,3,P103792,2,26.45,SALE,09-01-2024 16:14:52,S07,20240109
S07/20240109/00015,4,P104168,1,512.27,SALE,09-01-2024 16:14:52,S07,20240109
S07/20240109/00015,5,P106181,3,885.95,SALE,09-01-2024 16:14:52,S07,20240109
S07/20240109/00015,6,P106534,2,78.95,SALE,09-01-2024 16:14:52,S07,20240109
S07/20240109/00015,7,DISC,1,-342.85,DISCOUNT,09-01-2024 16:14:52,S07,20240109
S07/20240109/00015,8,TAX,1,253.17,TAX,09-01-2024 16:14:52,S07,20240109
S07/20240109/00015,9,TENDER,1,5078.56,TENDER,09-01-2024 16:14:52,S07,20240109
S07/20240109/00016,1,P103600,2,93.36,SALE,09-01-2024 18:34:32,S07,20240109
S07/20240109/00016,2,P102581,5,191.05,SALE,09-01-2024 18:34:32,S07,20240109
S07/20240109/00016,3,P102931,1,737.59,SALE,09-01-2024 18:34:32,S07,20240109
S07/20240109/00016,4,TAX,1,93.98,TAX,09-01-2024 18:34:32,S07,20240109
S07/20240109/00016,5,TENDER,1,1973.54,TENDER,09-01-2024 18:34:32,S07,20240109
S07/20240109/00017,1,P106757,1,398.95,SALE,09-01-2024 14:09:43,S07,20240109
S07/20240109/00017,2,P105294,2,129.95,SALE,09-01-2024 14:09:43,S07,20240109
S07/20240109/00017,3,TAX,1,66.73,TAX,09-01-2024 14:09:43,S07,20240109
S07/20240109/00017,4,TENDER,1,725.58,TENDER,09-01-2024 14:09:43,S07,20240109
S07/20240109/00018,1,P100784,2,197.95,SALE,09-01-2024 16:51:49,S07,20240109
S07/20240109/00018,2,P101690,1,1048.95,SALE,09-01-2024 16:51:49,S07,20240109
S07/20240109/00018,3,P101789,2,336.02,SALE,09-01-2024 16:51:49,S07,20240109
S07/20240109/00018,4,P102286,1,238.95,SALE,09-01-2024 16:51:49,S07,20240109
S07/20240109/00018,5,TAX,1,200.32,TAX,09-01-2024 16:51:49,S07,20240109
S07/20240109/00018,6,TENDER,1,2556.16,TENDER,09-01-2024 16:51:49,S07,20240109
S07/20240109/00019,1,P105944,4,985.47,SALE,09-01-2024 15:03:32,S07,20240109
S07/20240109/00019,2,P106989,1,24.76,SALE,09-01-2024 15:03:32,S07,20240109
S07/20240109/00019,3,P104187,2,86.95,SALE,09-01-2024 15:03:32,S07,20240109
S07/20240109/00019,4,P102922,1,109.03,SALE,09-01-2024 15:03:32,S07,20240109
S07/20240109/00019,5,P106602,2,120.10,SALE,09-01-2024 15:03:32,S07,20240109
S07/20240109/00019,6,P105198,3,12.65,SALE,09-01-2024 15:03:32,S07,20240109
S07/20240109/00019,7,TAX,1,522.37,TAX,09-01-2024 15:03:32,S07,20240109
S07/20240109/00019,8,TENDER,1,5050.09,TENDER,09-01-2024 15:03:32,S07,20240109
S07/20240109/00020,1,P104160,2,243.35,SALE,09-01-2024 23:06:40,S07,20240109
S07/20240109/00020,2,P105425,3,146.30,SALE,09-01-2024 23:06:40,S07,20240109
S07/20240109/00020,3,P104676,2,81.62,SALE,09-01-2024 23:06:40,S07,20240109
S07/20240109/00020,4,P105583,1,178.95,SALE,09-01-2024 23:06:40,S07,20240109
S07/20240109/00020,5,P106620,2,296.41,SALE,09-01-2024 23:06:40,S07,20240109
S07/20240109/00020,6,TAX,1,154.68,TAX,09-01-2024 23:06:40,S07,20240109
S07/20240109/00020,7,TENDER,1,2015.29,TENDER,09-01-2024 23:06:40,S07,20240109
S07/20240109/00021,1,P106911,3,232.77,SALE,09-01-2024 16:31:14,S07,20240109
S07/20240109/00021,2,P100686,1,787.42,SALE,09-01-2024 16:31:14,S07,20240109
S07/20240109/00021,3,P102738,3,481.95,SALE,09-01-2024 16:31:14,S07,20240109
S07/20240109/00021,4,TAX,1,173.50,TAX,09-01-2024 16:31:14,S07,20240109
S07/20240109/00021,5,TENDER,1,3105.08,TENDER,09-01-2024 16:31:14,S07,20240109
S07/20240109/00022,1,P102674,2,450.95,SALE,09-01-2024 14:12:08,S07,20240109
S07/20240109/00022,2,P101037,3,532.57,SALE,09-01-2024 14:12:08,S07,20240109
S07/20240109/00022,3,P100582,2,150.30,SALE,09-01-2024 14:12:08,S07,20240109
S07/20240109/00022,4,TAX,1,504.04,TAX,09-01-2024 14:12:08,S07,20240109
S07/20240109/00022,5,TENDER,1,3304.25,TENDER,09-01-2024 14:12:08,S07,20240109
S07/20240109/00023,1,P100172,2,171.71,SALE,09-01-2024 15:33:59,S07,20240109
S07/20240109/00023,2,P101298,2,190.95,SALE,09-01-2024 15:33:59,S07,20240109
S07/20240109/00023,3,P102122,3,126.23,SALE,09-01-2024 15:33:59,S07,20240109
S07/20240109/00023,4,P100816,1,742.63,SALE,09-01-2024 15:33:59,S07,20240109
S07/20240109/00023,5,P105468,1,994.58,SALE,09-01-2024 15:33:59,S07,20240109
S07/20240109/00023,6,TAX,1,270.01,TAX,09-01-2024 15:33:59,S07,20240109
S07/20240109/00023,7,TENDER,1,3111.23,TENDER,09-01-2024 15:33:59,S07,20240109
S07/20240109/00024,1,P104902,2,383.95,SALE,09-01-2024 20:29:16,S07,20240109
S07/20240109/00024,2,P103964,3,129.59,SALE,09-01-2024 20:29:16,S07,20240109
S07/20240109/00024,3,P107973,2,259.69,SALE,09-01-2024 20:29:16,S07,20240109
S07/20240109/00024,4,TAX,1,183.63,TAX,09-01-2024 20:29:16,S07,20240109
S07/20240109/00024,5,TENDER,1,1859.68,TENDER,09-01-2024 20:29:16,S07,20240109
S07/20240109/00025,1,P100403,1,69.37,SALE,09-01-2024 19:56:00,S07,20240109
S07/20240109/00025,2,P102814,2,524.95,SALE,09-01-2024 19:56:00,S07,20240109
S07/20240109/00025,3,P101062,2,47.97,SALE,09-01-2024 19:56:00,S07,20240109
S07/20240109/00025,4,P106542,1,107.95,SALE,09-01-2024 19:56:00,S07,20240109
S07/20240109/00025,5,TAX,1,85.05,TAX,09-01-2024 19:56:00,S07,20240109
S07/20240109/00025,6,TENDER,1,1408.21,TENDER,09-01-2024 19:56:00,S07,20240109
S07/20240109/00026,1,P105345,3,295.95,SALE,09-01-2024 09:15:37,S07,20240109
S07/20240109/00026,2,P104236,2,274.58,SALE,09-01-2024 09:15:37,S07,20240109
S07/20240109/00026,3,P101258,3,208.34,SALE,09-01-2024 09:15:37,S07,20240109
S07/20240109/00026,4,TAX,1,255.74,TAX,09-01-2024 09:15:37,S07,20240109
S07/20240109/00026,5,TENDER,1,2317.77,TENDER,09-01-2024 09:15:37,S07,20240109
S07/20240110/00001,1,P100528,2,541.30,SALE,10-01-2024 21:08:36,S07,20240110
S07/20240110/00001,2,P107119,2,15.87,SALE,10-01-2024 21:08:36,S07,20240110
S07/20240110/00001,3,TAX,1,5.71,TAX,10-01-2024 21:08:36,S07,20240110
S07/20240110/00001,4,TENDER,1,1120.05,TENDER,10-01-2024 21:08:36,S07,20240110
S07/20240110/00002,1,P107933,1,1117.15,SALE,10-01-2024 20:11:01,S07,20240110
S07/20240110/00002,2,P100595,2,388.65,SALE,10-01-2024 20:11:01,S07,20240110
S07/20240110/00002,3,P106920,3,1398.34,SALE,10-01-2024 20:11:01,S07,20240110
S07/20240110/00002,4,DISC,1,-511.72,DISCOUNT,10-01-2024 20:11:01,S07,20240110
S07/20240110/00002,5,TAX,1,208.23,TAX,10-01-2024 20:11:01,S07,20240110
S07/20240110/00002,6,TENDER,1,5785.98,TENDER,10-01-2024 20:11:01,S07,20240110
S07/20240110/00003,1,P102465,2,1321.88,SALE,10-01-2024 19:53:07,S07,20240110
S07/20240110/00003,2,P104606,2,84.95,SALE,10-01-2024 19:53:07,S07,20240110
S07/20240110/00003,3,P100693,2,99.05,SALE,10-01-2024 19:53:07,S07,20240110
S07/20240110/00003,4,P103374,1,34.95,SALE,10-01-2024 19:53:07,S07,20240110
S07/20240110/00003,5,P108017,2,103.22,SALE,10-01-2024 19:53:07,S07,20240110
S07/20240110/00003,6,TAX,1,194.53,TAX,10-01-2024 19:53:07,S07,20240110
S07/20240110/00003,7,TENDER,1,3447.68,TENDER,10-01-2024 19:53:07,S07,20240110
S07/20240110/00004,1,P103389,1,251.95,SALE,10-01-2024 13:11:18,S07,20240110
S07/20240110/00004,2,P106174,2,229.89,SALE,10-01-2024 13:11:18,S07,20240110
S07/20240110/00004,3,P102874,1,123.94,SALE,10-01-2024 13:11:18,S07,20240110
S07/20240110/00004,4,P107753,1,56.95,SALE,10-01-2024 13:11:18,S07,20240110
S07/20240110/00004,5,P101968,4,9.95,SALE,10-01-2024 13:11:18,S07,20240110
S07/20240110/00004,6,P105583,2,178.95,SALE,10-01-2024 13:11:18,S07,20240110
S07/20240110/00004,7,TAX,1,123.13,TAX,10-01-2024 13:11:18,S07,20240110
S07/20240110/00004,8,TENDER,1,1413.45,TENDER,10-01-2024 13:11:18,S07,20240110
S07/20240110/00005,1,P102321,2,27.09,SALE,10-01-2024 18:06:11,S07,20240110
S07/20240110/00005,2,P105236,3,511.25,SALE,10-01-2024 18:06:11,S07,20240110
S07/20240110/00005,3,TAX,1,190.55,TAX,10-01-2024 18:06:11,S07,20240110
S07/20240110/00005,4,TENDER,1,1778.48,TENDER,10-01-2024 18:06:11,S07,20240110
S07/20240110/00006,1,P106426,2,149.87,SALE,10-01-2024 21:03:22,S07,20240110
S07/20240110/00006,2,P102982,3,263.07,SALE,10-01-2024 21:03:22,S07,20240110
S07/20240110/00006,3,P104112,2,425.51,SALE,10-01-2024 21:03:22,S07,20240110
S07/20240110/00006,4,DISC,1,-152.03,DISCOUNT,10-01-2024 21:03:22,S07,20240110
S07/20240110/00006,5,TAX,1,274.77,TAX,10-01-2024 21:03:22,S07,20240110
S07/20240110/00006,6,TENDER,1,2062.71,TENDER,10-01-2024 21:03:22,S07,20240110
S07/20240110/00007,1,P100771,1,703.95,SALE,10-01-2024 14:13:20,S07,20240110
S07/20240110/00007,2,P100640,2,330.95,SALE,10-01-2024 14:13:20,S07,20240110
S07/20240110/00007,3,P101558,1,44.31,SALE,10-01-2024 14:13:20,S07,20240110
S07/20240110/00007,4,P106353,3,244.95,SALE,10-01-2024 14:13:20,S07,20240110
S07/20240110/00007,5,TAX,1,304.15,TAX,10-01-2024 14:13:20,S07,20240110
S07/20240110/00007,6,TENDER,1,2449.16,TENDER,10-01-2024 14:13:20,S07,20240110
S07/20240110/00008,1,P107952,3,1852.40,SALE,10-01-2024 19:46:15,S07,20240110
S07/20240110/00008,2,P106776,2,404.48,SALE,10-01-2024 19:46:15,S07,20240110
S07/20240110/00008,3,P106885,4,126.37,SALE,10-01-2024 19:46:15,S07,20240110
S07/20240110/00008,4,P108239,2,238.81,SALE,10-01-2024 19:46:15,S07,20240110
S07/20240110/00008,5,P100921,2,435.95,SALE,10-01-2024 19:46:15,S07,20240110
S07/20240110/00008,6,TAX,1,374.35,TAX,10-01-2024 19:46:15,S07,20240110
S07/20240110/00008,7,TENDER,1,8595.51,TENDER,10-01-2024 19:46:15,S07,20240110
S07/20240110/00009,1,P100086,2,88.95,SALE,10-01-2024 18:16:18,S07,20240110
S07/20240110/00009,2,TAX,1,8.90,TAX,10-01-2024 18:16:18,S07,20240110
S07/20240110/00009,3,TENDER,1,186.80,TENDER,10-01-2024 18:16:18,S07,20240110
S07/20240110/00010,1,P102933,1,614.03,SALE,10-01-2024 12:20:06,S07,20240110
S07/20240110/00010,2,P103654,3,424.48,SALE,10-01-2024 12:20:06,S07,20240110
S07/20240110/00010,3,P107872,2,554.95,SALE,10-01-2024 12:20:06,S07,20240110
S07/20240110/00010,4,P105695,1,119.95,SALE,10-01-2024 12:20:06,S07,20240110
S07/20240110/00010,5,P104133,4,247.95,SALE,10-01-2024 12:20:06,S07,20240110
S07/20240110/00010,6,P107508,2,1450.59,SALE,10-01-2024 12:20:06,S07,20240110
S07/20240110/00010,7,P102324,2,194.59,SALE,10-01-2024 12:20:06,S07,20240110
S07/20240110/00010,8,P107826,2,161.95,SALE,10-01-2024 12:20:06,S07,20240110
S07/20240110/00010,9,DISC,1,-795.58,DISCOUNT,10-01-2024 12:20:06,S07,20240110
S07/20240110/00010,10,TAX,1,560.40,TAX,10-01-2024 12:20:06,S07,20240110
S07/20240110/00010,11,TENDER,1,7488.20,TENDER,10-01-2024 12:20:06,S07,20240110
S07/20240110/00011,1,P106424,1,535.14,SALE,10-01-2024 17:23:54,S07,20240110
S07/20240110/00011,2,P103382,1,187.59,SALE,10-01-2024 17:23:54,S07,20240110
S07/20240110/00011,3,P102452,1,169.06,SALE,10-01-2024 17:23:54,S07,20240110
S07/20240110/00011,4,P108131,1,611.06,SALE,10-01-2024 17:23:54,S07,20240110
S07/20240110/00011,5,P100703,1,164.26,SALE,10-01-2024 17:23:54,S07,20240110
S07/20240110/00011,6,P103202,2,262.95,SALE,10-01-2024 17:23:54,S07,20240110
S07/20240110/00011,7,P107292,2,324.95,SALE,10-01-2024 17:23:54,S07,20240110
S07/20240110/00011,8,P103727,4,116.95,SALE,10-01-2024 17:23:54,S07,20240110
S07/20240110/00011,9,P102531,3,152.69,SALE,10-01-2024 17:23:54,S07,20240110
S07/20240110/00011,10,TAX,1,347.05,TAX,10-01-2024 17:23:54,S07,20240110
S07/20240110/00011,11,TENDER,1,4115.83,TENDER,10-01-2024 17:23:54,S07,20240110
S07/20240110/00012,1,P100354,2,182.63,SALE,10-01-2024 14:32:19,S07,20240110
S07/20240110/00012,2,P104756,2,334.95,SALE,10-01-2024 14:32:19,S07,20240110
S07/20240110/00012,3,P107508,3,1450.59,SALE,10-01-2024 14:32:19,S07,20240110
S07/20240110/00012,4,P104123,1,340.95,SALE,10-01-2024 14:32:19,S07,20240110
S07/20240110/00012,5,TAX,1,687.35,TAX,10-01-2024 14:32:19,S07,20240110
S07/20240110/00012,6,TENDER,1,6415.23,TENDER,10-01-2024 14:32:19,S07,20240110
S07/20240110/00013,1,P106044,3,37.47,SALE,10-01-2024 18:59:07,S07,20240110
S07/20240110/00013,2,P107899,2,197.21,SALE,10-01-2024 18:59:07,S07,20240110
S07/20240110/00013,3,P107946,2,303.95,SALE,10-01-2024 18:59:07,S07,20240110
S07/20240110/00013,4,P103693,3,97.06,SALE,10-01-2024 18:59:07,S07,20240110
S07/20240110/00013,5,TAX,1,39.95,TAX,10-01-2024 18:59:07,S07,20240110
S07/20240110/00013,6,TENDER,1,1445.86,TENDER,10-01-2024 18:59:07,S07,20240110
S07/20240110/00014,1,P107158,1,142.95,SALE,10-01-2024 16:22:06,S07,20240110
S07/20240110/00014,2,P102648,2,435.00,SALE,10-01-2024 16:22:06,S07,20240110
S07/20240110/00014,3,P106024,1,378.95,SALE,10-01-2024 16:22:06,S07,20240110
S07/20240110/00014,4,TAX,1,250.54,TAX,10-01-2024 16:22:06,S07,20240110
S07/20240110/00014,5,TENDER,1,1642.44,TENDER,10-01-2024 16:22:06,S07,20240110
S07/20240110/00015,1,P102549,5,114.02,SALE,10-01-2024 15:36:52,S07,20240110
S07/20240110/00015,2,P105425,2,146.30,SALE,10-01-2024 15:36:52,S07,20240110
S07/20240110/00015,3,P104811,1,113.95,SALE,10-01-2024 15:36:52,S07,20240110
S07/20240110/00015,4,DISC,1,-82.12,DISCOUNT,10-01-2024 15:36:52,S07,20240110
S07/20240110/00015,5,TAX,1,58.29,TAX,10-01-2024 15:36:52,S07,20240110
S07/20240110/00015,6,TENDER,1,952.82,TENDER,10-01-2024 15:36:52,S07,20240110
S07/20240110/00016,1,P108272,2,101.95,SALE,10-01-2024 15:54:02,S07,20240110
S07/20240110/00016,2,P106254,3,1091.24,SALE,10-01-2024 15:54:02,S07,20240110
S07/20240110/00016,3,P102409,1,381.29,SALE,10-01-2024 15:54:02,S07,20240110
S07/20240110/00016,4,TAX,1,43.53,TAX,10-01-2024 15:54:02,S07,20240110
S07/20240110/00016,5,TENDER,1,3902.44,TENDER,10-01-2024 15:54:02,S07,20240110
S07/20240110/00017,1,P101578,3,37.17,SALE,10-01-2024 12:21:32,S07,20240110
S07/20240110/00017,2,P102445,3,28.95,SALE,10-01-2024 12:21:32,S07,20240110
S07/20240110/00017,3,P105497,1,72.95,SALE,10-01-2024 12:21:32,S07,20240110
S07/20240110/00017,4,P102656,1,176.92,SALE,10-01-2024 12:21:32,S07,20240110
S07/20240110/00017,5,TAX,1,38.81,TAX,10-01-2024 12:21:32,S07,20240110
S07/20240110/00017,6,TENDER,1,487.04,TENDER,10-01-2024 12:21:32,S07,20240110
S07/20240110/00018,1,P106566,2,210.17,SALE,10-01-2024 18:26:26,S07,20240110
S07/20240110/00018,2,P104181,2,279.95,SALE,10-01-2024 18:26:26,S07,20240110
S07/20240110/00018,3,P105294,2,119.55,SALE,10-01-2024 18:26:26,S07,20240110
S07/20240110/00018,4,TAX,1,185.89,TAX,10-01-2024 18:26:26,S07,20240110
S07/20240110/00018,5,TENDER,1,1405.23,TENDER,10-01-2024 18:26:26,S07,20240110
S07/20240110/00019,1,P108131,2,611.06,SALE,10-01-2024 14:00:10,S07,20240110
S07/20240110/00019,2,P107320,2,223.25,SALE,10-01-2024 14:00:10,S07,20240110
S07/20240110/00019,3,P100428,3,122.83,SALE,10-01-2024 14:00:10,S07,20240110
S07/20240110/00019,4,P104462,3,79.95,SALE,10-01-2024 14:00:10,S07,20240110
S07/20240110/00019,5,P101339,6,222.95,SALE,10-01-2024 14:00:10,S07,20240110
S07/20240110/00019,6,P105775,1,104.41,SALE,10-01-2024 14:00:10,S07,20240110
S07/20240110/00019,7,TAX,1,193.56,TAX,10-01-2024 14:00:10,S07,20240110
S07/20240110/00019,8,TENDER,1,3912.63,TENDER,10-01-2024 14:00:10,S07,20240110
S07/20240110/00020,1,P100428,3,122.83,SALE,10-01-2024 07:29:23,S07,20240110
S07/20240110/00020,2,P102263,1,116.79,SALE,10-01-2024 07:29:23,S07,20240110
S07/20240110/00020,3,P102175,2,171.07,SALE,10-01-2024 07:29:23,S07,20240110
S07/20240110/00020,4,P106151,1,289.47,SALE,10-01-2024 07:29:23,S07,20240110
S07/20240110/00020,5,P102014,3,244.80,SALE,10-01-2024 07:29:23,S07,20240110
S07/20240110/00020,6,TAX,1,180.94,TAX,10-01-2024 07:29:23,S07,20240110
S07/20240110/00020,7,TENDER,1,2032.23,TENDER,10-01-2024 07:29:23,S07,20240110
S07/20240111/00001,1,P107837,1,94.99,SALE,11-01-2024 16:18:56,S07,20240111
S07/20240111/00001,2,P104975,2,474.17,SALE,11-01-2024 16:18:56,S07,20240111
S07/20240111/00001,3,TAX,1,17.10,TAX,11-01-2024 16:18:56,S07,20240111
S07/20240111/00001,4,TENDER,1,1060.43,TENDER,11-01-2024 16:18:56,S07,20240111
S07/20240111/00002,1,P103178,1,21.49,SALE,11-01-2024 21:12:10,S07,20240111
S07/20240111/00002,2,P106209,4,182.34,SALE,11-01-2024 21:12:10,S07,20240111
S07/20240111/00002,3,P103413,2,1296.43,SALE,11-01-2024 21:12:10,S07,20240111
S07/20240111/00002,4,P100394,3,302.95,SALE,11-01-2024 21:12:10,S07,20240111
S07/20240111/00002,5,P104123,2,340.95,SALE,11-01-2024 21:12:10,S07,20240111
S07/20240111/00002,6,P101774,4,1121.41,SALE,11-01-2024 21:12:10,S07,20240111
S07/20240111/00002,7,TAX,1,950.20,TAX,11-01-2024 21:12:10,S07,20240111
S07/20240111/00002,8,TENDER,1,10370.30,TENDER,11-01-2024 21:12:10,S07,20240111
S07/20240111/00003,1,P104950,2,91.01,SALE,11-01-2024 14:52:49,S07,20240111
S07/20240111/00003,2,P101492,1,110.48,SALE,11-01-2024 14:52:49,S07,20240111
S07/20240111/00003,3,DISC,1,-22.99,DISCOUNT,11-01-2024 14:52:49,S07,20240111
S07/20240111/00003,4,TAX,1,48.51,TAX,11-01-2024 14:52:49,S07,20240111
S07/20240111/00003,5,TENDER,1,318.02,TENDER,11-01-2024 14:52:49,S07,20240111
S07/20240111/00004,1,P100463,-3,281.78,RETURN,11-01-2024 10:32:05,S07,20240111
S07/20240111/00004,2,P107178,-3,294.44,RETURN,11-01-2024 10:32:05,S07,20240111
S07/20240111/00004,3,P100879,-1,155.98,RETURN,11-01-2024 10:32:05,S07,20240111
S07/20240111/00004,4,P108135,-2,539.95,RETURN,11-01-2024 10:32:05,S07,20240111
S07/20240111/00004,5,P108118,-1,66.05,RETURN,11-01-2024 10:32:05,S07,20240111
S07/20240111/00004,6,TAX,1,-210.74,TAX,11-01-2024 10:32:05,S07,20240111
S07/20240111/00004,7,TENDER,1,-3241.33,TENDER,11-01-2024 10:32:05,S07,20240111
S07/20240111/00005,1,P108144,1,257.95,SALE,11-01-2024 13:16:48,S07,20240111
S07/20240111/00005,2,P106133,2,307.37,SALE,11-01-2024 13:16:48,S07,20240111
S07/20240111/00005,3,P100281,2,449.95,SALE,11-01-2024 13:16:48,S07,20240111
S07/20240111/00005,4,P106648,2,330.96,SALE,11-01-2024 13:16:48,S07,20240111
S07/20240111/00005,5,P104670,4,106.95,SALE,11-01-2024 13:16:48,S07,20240111
S07/20240111/00005,6,P107568,3,139.20,SALE,11-01-2024 13:16:48,S07,20240111
S07/20240111/00005,7,P103054,4,104.95,SALE,11-01-2024 13:16:48,S07,20240111
S07/20240111/00005,8,TAX,1,317.58,TAX,11-01-2024 13:16:48,S07,20240111
S07/20240111/00005,9,TENDER,1,4017.29,TENDER,11-01-2024 13:16:48,S07,20240111
S07/20240111/00006,1,P106512,1,364.95,SALE,11-01-2024 21:51:45,S07,20240111
S07/20240111/00006,2,P101428,1,394.08,SALE,11-01-2024 21:51:45,S07,20240111
S07/20240111/00006,3,P100453,2,195.74,SALE,11-01-2024 21:51:45,S07,20240111
S07/20240111/00006,4,P104572,3,179.13,SALE,11-01-2024 21:51:45,S07,20240111
S07/20240111/00006,5,P105331,2,270.95,SALE,11-01-2024 21:51:45,S07,20240111
S07/20240111/00006,6,P100555,2,435.03,SALE,11-01-2024 21:51:45,S07,20240111
S07/20240111/00006,7,P106891,3,642.78,SALE,11-01-2024 21:51:45,S07,20240111
S07/20240111/00006,8,P103197,2,292.95,SALE,11-01-2024 21:51:45,S07,20240111
S07/20240111/00006,9,TAX,1,560.90,TAX,11-01-2024 21:51:45,S07,20240111
S07/20240111/00006,10,TENDER,1,6175.00,TENDER,11-01-2024 21:51:45,S07,20240111
S07/20240111/00007,1,P101134,1,1001.95,SALE,11-01-2024 13:59:54,S07,20240111
S07/20240111/00007,2,P103704,2,164.95,SALE,11-01-2024 13:59:54,S07,20240111
S07/20240111/00007,3,P107784,3,245.59,SALE,11-01-2024 13:59:54,S07,20240111
S07/20240111/00007,4,P101311,1,481.74,SALE,11-01-2024 13:59:54,S07,20240111
S07/20240111/00007,5,P106783,2,87.95,SALE,11-01-2024 13:59:54,S07,20240111
S07/20240111/00007,6,P100463,2,281.78,SALE,11-01-2024 13:59:54,S07,20240111
S07/20240111/00007,7,P103159,1,1147.59,SALE,11-01-2024 13:59:54,S07,20240111
S07/20240111/00007,8,TAX,1,271.17,TAX,11-01-2024 13:59:54,S07,20240111
S07/20240111/00007,9,TENDER,1,4708.58,TENDER,11-01-2024 13:59:54,S07,20240111
S07/20240111/00008,1,P107925,1,1023.82,SALE,11-01-2024 12:54:16,S07,20240111
S07/20240111/00008,2,P106542,3,107.95,SALE,11-01-2024 12:54:16,S07,20240111
S07/20240111/00008,3,P107012,1,110.95,SALE,11-01-2024 12:54:16,S07,20240111
S07/20240111/00008,4,TAX,1,115.03,TAX,11-01-2024 12:54:16,S07,20240111
S07/20240111/00008,5,TENDER,1,1573.65,TENDER,11-01-2024 12:54:16,S07,20240111
S07/20240111/00009,1,P103096,2,277.95,SALE,11-01-2024 15:23:35,S07,20240111
S07/20240111/00009,2,P100007,2,129.42,SALE,11-01-2024 15:23:35,S07,20240111
S07/20240111/00009,3,P105937,4,264.27,SALE,11-01-2024 15:23:35,S07,20240111
S07/20240111/00009,4,TAX,1,336.93,TAX,11-01-2024 15:23:35,S07,20240111
S07/20240111/00009,5,TENDER,1,2208.75,TENDER,11-01-2024 15:23:35,S07,20240111
S07/20240111/00010,1,P100260,3,947.15,SALE,11-01-2024 18:42:01,S07,20240111
S07/20240111/00010,2,P102364,1,104.57,SALE,11-01-2024 18:42:01,S07,20240111
S07/20240111/00010,3,TAX,1,18.82,TAX,11-01-2024 18:42:01,S07,20240111
S07/20240111/00010,4,TENDER,1,2964.84,TENDER,11-01-2024 18:42:01,S07,20240111
S07/20240111/00011,1,P105405,2,389.95,SALE,11-01-2024 14:24:07,S07,20240111
S07/20240111/00011,2,P102794,1,396.95,SALE,11-01-2024 14:24:07,S07,20240111
S07/20240111/00011,3,P108239,1,238.81,SALE,11-01-2024 14:24:07,S07,20240111
S07/20240111/00011,4,TAX,1,81.98,TAX,11-01-2024 14:24:07,S07,20240111
S07/20240111/00011,5,TENDER,1,1497.64,TENDER,11-01-2024 14:24:07,S07,20240111
S07/20240111/00012,1,P104617,1,101.65,SALE,11-01-2024 14:10:59,S07,20240111
S07/20240111/00012,2,P104097,1,294.95,SALE,11-01-2024 14:10:59,S07,20240111
S07/20240111/00012,3,P106454,1,118.78,SALE,11-01-2024 14:10:59,S07,20240111
S07/20240111/00012,4,P103124,3,478.95,SALE,11-01-2024 14:10:59,S07,20240111
S07/20240111/00012,5,P101515,1,53.95,SALE,11-01-2024 14:10:59,S07,20240111
S07/20240111/00012,6,TAX,1,318.26,TAX,11-01-2024 14:10:59,S07,20240111
S07/20240111/00012,7,TENDER,1,2324.44,TENDER,11-01-2024 14:10:59,S07,20240111
S07/20240111/00013,1,P107278,2,51.95,SALE,11-01-2024 10:39:09,S07,20240111
S07/20240111/00013,2,P100044,2,668.09,SALE,11-01-2024 10:39:09,S07,20240111
S07/20240111/00013,3,DISC,1,-64.62,DISCOUNT,11-01-2024 10:39:09,S07,20240111
S07/20240111/00013,4,TAX,1,165.06,TAX,11-01-2024 10:39:09,S07,20240111
S07/20240111/00013,5,TENDER,1,1540.52,TENDER,11-01-2024 10:39:09,S07,20240111
S07/20240111/00014,1,P102305,2,116.95,SALE,11-01-2024 15:39:52,S07,20240111
S07/20240111/00014,2,P103525,3,219.41,SALE,11-01-2024 15:39:52,S07,20240111
S07/20240111/00014,3,P107880,2,307.95,SALE,11-01-2024 15:39:52,S07,20240111
S07/20240111/00014,4,TAX,1,91.77,TAX,11-01-2024 15:39:52,S07,20240111
S07/20240111/00014,5,TENDER,1,1599.80,TENDER,11-01-2024 15:39:52,S07,20240111
S07/20240111/00015,1,P107115,2,173.36,SALE,11-01-2024 13:21:50,S07,20240111
S07/20240111/00015,2,P100577,3,277.95,SALE,11-01-2024 13:21:50,S07,20240111
S07/20240111/00015,3,P102931,2,737.59,SALE,11-01-2024 13:21:50,S07,20240111
S07/20240111/00015,4,P100595,2,388.65,SALE,11-01-2024 13:21:50,S07,20240111
S07/20240111/00015,5,P105057,3,253.95,SALE,11-01-2024 13:21:50,S07,20240111
S07/20240111/00015,6,TAX,1,471.60,TAX,11-01-2024 13:21:50,S07,20240111
S07/20240111/00015,7,TENDER,1,4666.50,TENDER,11-01-2024 13:21:50,S07,20240111
S07/20240111/00016,1,P108262,4,588.95,SALE,11-01-2024 18:50:19,S07,20240111
S07/20240111/00016,2,P107354,3,205.43,SALE,11-01-2024 18:50:19,S07,20240111
S07/20240111/00016,3,P101345,4,69.59,SALE,11-01-2024 18:50:19,S07,20240111
S07/20240111/00016,4,TAX,1,511.92,TAX,11-01-2024 18:50:19,S07,20240111
S07/20240111/00016,5,TENDER,1,3762.37,TENDER,11-01-2024 18:50:19,S07,20240111
S07/20240112/00001,1,P102311,3,284.95,SALE,12-01-2024 14:04:40,S07,20240112
S07/20240112/00001,2,P100406,1,342.13,SALE,12-01-2024 14:04:40,S07,20240112
S07/20240112/00001,3,P100549,1,301.95,SALE,12-01-2024 14:04:40,S07,20240112
S07/20240112/00001,4,P104938,1,999.94,SALE,12-01-2024 14:04:40,S07,20240112
S07/20240112/00001,5,TAX,1,216.08,TAX,12-01-2024 14:04:40,S07,20240112
S07/20240112/00001,6,TENDER,1,2714.95,TENDER,12-01-2024 14:04:40,S07,20240112
S07/20240112/00002,1,P100609,1,76.13,SALE,12-01-2024 16:48:48,S07,20240112
S07/20240112/00002,2,P103777,3,42.58,SALE,12-01-2024 16:48:48,S07,20240112
S07/20240112/00002,3,TAX,1,15.52,TAX,12-01-2024 16:48:48,S07,20240112
S07/20240112/00002,4,TENDER,1,219.39,TENDER,12-01-2024 16:48:48,S07,20240112
S07/20240112/00003,1,P102445,2,28.95,SALE,12-01-2024 13:48:16,S07,20240112
S07/20240112/00003,2,P106659,3,88.95,SALE,12-01-2024 13:48:16,S07,20240112
S07/20240112/00003,3,TAX,1,42.44,TAX,12-01-2024 13:48:16,S07,20240112
S07/20240112/00003,4,TENDER,1,367.19,TENDER,12-01-2024 13:48:16,S07,20240112
S07/20240112/00004,1,P106528,3,832.82,SALE,12-01-2024 12:11:43,S07,20240112
S07/20240112/00004,2,P102184,1,336.95,SALE,12-01-2024 12:11:43,S07,20240112
S07/20240112/00004,3,P100883,2,715.55,SALE,12-01-2024 12:11:43,S07,20240112
S07/20240112/00004,4,P106207,3,459.95,SALE,12-01-2024 12:11:43,S07,20240112
S07/20240112/00004,5,P102255,1,149.81,SALE,12-01-2024 12:11:43,S07,20240112
S07/20240112/00004,6,P105923,3,242.95,SALE,12-01-2024 12:11:43,S07,20240112
S07/20240112/00004,7,P107047,1,396.95,SALE,12-01-2024 12:11:43,S07,20240112
S07/20240112/00004,8,P104909,2,303.38,SALE,12-01-2024 12:11:43,S07,20240112
S07/20240112/00004,9,P102857,2,114.95,SALE,12-01-2024 12:11:43,S07,20240112
S07/20240112/00004,10,TAX,1,745.20,TAX,12-01-2024 12:11:43,S07,20240112
S07/20240112/00004,11,TENDER,1,8503.83,TENDER,12-01-2024 12:11:43,S07,20240112
S07/20240112/00005,1,P106357,1,1078.45,SALE,12-01-2024 15:00:09,S07,20240112
S07/20240112/00005,2,P104725,3,163.86,SALE,12-01-2024 15:00:09,S07,20240112
S07/20240112/00005,3,P105524,3,73.83,SALE,12-01-2024 15:00:09,S07,20240112
S07/20240112/00005,4,P102656,2,176.92,SALE,12-01-2024 15:00:09,S07,20240112
S07/20240112/00005,5,DISC,1,-87.15,DISCOUNT,12-01-2024 15:00:09,S07,20240112
S07/20240112/00005,6,TAX,1,264.27,TAX,12-01-2024 15:00:09,S07,20240112
S07/20240112/00005,7,TENDER,1,2322.48,TENDER,12-01-2024 15:00:09,S07,20240112
S07/20240112/00006,1,P106671,2,101.77,SALE,12-01-2024 19:36:26,S07,20240112
S07/20240112/00006,2,P104121,1,130.95,SALE,12-01-2024 19:36:26,S07,20240112
S07/20240112/00006,3,P101076,2,606.89,SALE,12-01-2024 19:36:26,S07,20240112
S07/20240112/00006,4,P104517,1,1474.90,SALE,12-01-2024 19:36:26,S07,20240112
S07/20240112/00006,5,P101332,3,400.98,SALE,12-01-2024 19:36:26,S07,20240112
S07/20240112/00006,6,P104708,1,22.95,SALE,12-01-2024 19:36:26,S07,20240112
S07/20240112/00006,7,P102465,2,1321.88,SALE,12-01-2024 19:36:26,S07,20240112
S07/20240112/00006,8,TAX,1,447.29,TAX,12-01-2024 19:36:26,S07,20240112
S07/20240112/00006,9,TENDER,1,7340.11,TENDER,12-01-2024 19:36:26,S07,20240112
S07/20240112/00007,1,P106703,1,74.15,SALE,12-01-2024 11:47:08,S07,20240112
S07/20240112/00007,2,P102290,1,547.95,SALE,12-01-2024 11:47:08,S07,20240112
S07/20240112/00007,3,P100150,2,280.80,SALE,12-01-2024 11:47:08,S07,20240112
S07/20240112/00007,4,P100999,1,153.43,SALE,12-01-2024 11:47:08,S07,20240112
S07/20240112/00007,5,TAX,1,97.54,TAX,12-01-2024 11:47:08,S07,20240112
S07/20240112/00007,6,TENDER,1,1434.67,TENDER,12-01-2024 11:47:08,S07,20240112
S07/20240112/00008,1,P107542,2,163.06,SALE,12-01-2024 20:50:24,S07,20240112
S07/20240112/00008,2,P101298,3,190.95,SALE,12-01-2024 20:50:24,S07,20240112
S07/20240112/00008,3,P107320,1,223.25,SALE,12-01-2024 20:50:24,S07,20240112
S07/20240112/00008,4,DISC,1,-32.63,DISCOUNT,12-01-2024 20:50:24,S07,20240112
S07/20240112/00008,5,TAX,1,92.75,TAX,12-01-2024 20:50:24,S07,20240112
S07/20240112/00008,6,TENDER,1,1182.34,TENDER,12-01-2024 20:50:24,S07,20240112
S07/20240112/00009,1,P106833,1,367.84,SALE,12-01-2024 13:14:36,S07,20240112
S07/20240112/00009,2,P106599,2,224.95,SALE,12-01-2024 13:14:36,S07,20240112
S07/20240112/00009,3,P100577,2,277.95,SALE,12-01-2024 13:14:36,S07,20240112
S07/20240112/00009,4,P106528,1,832.82,SALE,12-01-2024 13:14:36,S07,20240112
S07/20240112/00009,5,P104266,4,386.95,SALE,12-01-2024 13:14:36,S07,20240112
S07/20240112/00009,6,P106833,-1,367.84,VOID,12-01-2024 13:14:36,S07,20240112
S07/20240112/00009,7,P106599,-2,224.95,VOID,12-01-2024 13:14:36,S07,20240112
S07/20240112/00009,8,P100577,-2,277.95,VOID,12-01-2024 13:14:36,S07,20240112
S07/20240112/00009,9,P106528,-1,832.82,VOID,12-01-2024 13:14:36,S07,20240112
S07/20240112/00009,10,P104266,-4,386.95,VOID,12-01-2024 13:14:36,S07,20240112
S07/20240112/00009,11,TAX,1,0.00,TAX,12-01-2024 13:14:36,S07,20240112
S07/20240112/00009,12,TENDER,1,0.00,TENDER,12-01-2024 13:14:36,S07,20240112
S07/20240112/00010,1,P101374,2,49.36,SALE,12-01-2024 16:39:24,S07,20240112
S07/20240112/00010,2,P102045,1,21.31,SALE,12-01-2024 16:39:24,S07,20240112
S07/20240112/00010,3,P101940,2,185.49,SALE,12-01-2024 16:39:24,S07,20240112
S07/20240112/00010,4,P106703,3,74.15,SALE,12-01-2024 16:39:24,S07,20240112
S07/20240112/00010,5,P105897,3,225.21,SALE,12-01-2024 16:39:24,S07,20240112
S07/20240112/00010,6,P105272,2,340.95,SALE,12-01-2024 16:39:24,S07,20240112
S07/20240112/00010,7,TAX,1,240.15,TAX,12-01-2024 16:39:24,S07,20240112
S07/20240112/00010,8,TENDER,1,2311.14,TENDER,12-01-2024 16:39:24,S07,20240112
S07/20240112/00011,1,P106512,1,364.95,SALE,12-01-2024 15:07:56,S07,20240112
S07/20240112/00011,2,P100946,2,73.95,SALE,12-01-2024 15:07:56,S07,20240112
S07/20240112/00011,3,P105092,1,421.74,SALE,12-01-2024 15:07:56,S07,20240112
S07/20240112/00011,4,P106270,1,307.95,SALE,12-01-2024 15:07:56,S07,20240112
S07/20240112/00011,5,TAX,1,168.23,TAX,12-01-2024 15:07:56,S07,20240112
S07/20240112/00011,6,TENDER,1,1410.77,TENDER,12-01-2024 15:07:56,S07,20240112
S07/20240112/00012,1,P105720,2,67.32,SALE,12-01-2024 13:31:09,S07,20240112
S07/20240112/00012,2,P105950,2,1437.88,SALE,12-01-2024 13:31:09,S07,20240112
S07/20240112/00012,3,P105345,1,295.95,SALE,12-01-2024 13:31:09,S07,20240112
S07/20240112/00012,4,TAX,1,14.80,TAX,12-01-2024 13:31:09,S07,20240112
S07/20240112/00012,5,TENDER,1,3321.15,TENDER,12-01-2024 13:31:09,S07,20240112
S07/20240112/00013,1,P102931,3,737.59,SALE,12-01-2024 17:46:00,S07,20240112
S07/20240112/00013,2,P106072,2,78.69,SALE,12-01-2024 17:46:00,S07,20240112
S07/20240112/00013,3,P107989,1,184.95,SALE,12-01-2024 17:46:00,S07,20240112
S07/20240112/00013,4,DISC,1,-105.70,DISCOUNT,12-01-2024 17:46:00,S07,20240112
S07/20240112/00013,5,TAX,1,156.08,TAX,12-01-2024 17:46:00,S07,20240112
S07/20240112/00013,6,TENDER,1,2605.48,TENDER,12-01-2024 17:46:00,S07,20240112
S07/20240112/00014,1,P103374,4,34.95,SALE,12-01-2024 15:39:30,S07,20240112
S07/20240112/00014,2,P102975,3,226.32,SALE,12-01-2024 15:39:30,S07,20240112
S07/20240112/00014,3,P104454,2,47.84,SALE,12-01-2024 15:39:30,S07,20240112
S07/20240112/00014,4,P100879,1,155.98,SALE,12-01-2024 15:39:30,S07,20240112
S07/20240112/00014,5,P105017,2,193.22,SALE,12-01-2024 15:39:30,S07,20240112
S07/20240112/00014,6,DISC,1,-109.71,DISCOUNT,12-01-2024 15:39:30,S07,20240112
S07/20240112/00014,7,TAX,1,205.02,TAX,12-01-2024 15:39:30,S07,20240112
S07/20240112/00014,8,TENDER,1,1552.17,TENDER,12-01-2024 15:39:30,S07,20240112
S07/20240112/00015,1,P106710,3,93.71,SALE,12-01-2024 15:30:29,S07,20240112
S07/20240112/00015,2,P101796,1,948.95,SALE,12-01-2024 15:30:29,S07,20240112
S07/20240112/00015,3,P107555,1,1399.95,SALE,12-01-2024 15:30:29,S07,20240112
S07/20240112/00015,4,P101374,1,49.36,SALE,12-01-2024 15:30:29,S07,20240112
S07/20240112/00015,5,P102160,2,221.62,SALE,12-01-2024 15:30:29,S07,20240112
S07/20240112/00015,6,TAX,1,160.12,TAX,12-01-2024 15:30:29,S07,20240112
S07/20240112/00015,7,TENDER,1,3282.75,TENDER,12-01-2024 15:30:29,S07,20240112
S07/20240112/00016,1,P105890,2,1102.54,SALE,12-01-2024 19:16:25,S07,20240112
S07/20240112/00016,2,P107872,3,554.95,SALE,12-01-2024 19:16:25,S07,20240112
S07/20240112/00016,3,P101751,2,460.11,SALE,12-01-2024 19:16:25,S07,20240112
S07/20240112/00016,4,P101106,2,415.95,SALE,12-01-2024 19:16:25,S07,20240112
S07/20240112/00016,5,P103273,3,340.81,SALE,12-01-2024 19:16:25,S07,20240112
S07/20240112/00016,6,P103281,3,163.32,SALE,12-01-2024 19:16:25,S07,20240112
S07/20240112/00016,7,TAX,1,611.62,TAX,12-01-2024 19:16:25,S07,20240112
S07/20240112/00016,8,TENDER,1,7746.06,TENDER,12-01-2024 19:16:25,S07,20240112
S07/20240112/00017,1,P107564,3,278.95,SALE,12-01-2024 13:47:41,S07,20240112
S07/20240112/00017,2,P100810,2,200.65,SALE,12-01-2024 13:47:41,S07,20240112
S07/20240112/00017,3,P106405,2,39.79,SALE,12-01-2024 13:47:41,S07,20240112
S07/20240112/00017,4,P104344,3,367.50,SALE,12-01-2024 13:47:41,S07,20240112
S07/20240112/00017,5,P107903,3,144.89,SALE,12-01-2024 13:47:41,S07,20240112
S07/20240112/00017,6,P102886,2,148.35,SALE,12-01-2024 13:47:41,S07,20240112
S07/20240112/00017,7,TAX,1,426.34,TAX,12-01-2024 13:47:41,S07,20240112
S07/20240112/00017,8,TENDER,1,3577.94,TENDER,12-01-2024 13:47:41,S07,20240112
S07/20240112/00018,1,P107686,2,334.95,SALE,13-01-2024 00:26:12,S07,20240112
S07/20240112/00018,2,P105835,1,243.66,SALE,13-01-2024 00:26:12,S07,20240112
S07/20240112/00018,3,P102772,5,151.97,SALE,13-01-2024 00:26:12,S07,20240112
S07/20240112/00018,4,P105878,1,275.95,SALE,13-01-2024 00:26:12,S07,20240112
S07/20240112/00018,5,P106710,5,93.71,SALE,13-01-2024 00:26:12,S07,20240112
S07/20240112/00018,6,P104517,1,1474.90,SALE,13-01-2024 00:26:12,S07,20240112
S07/20240112/00018,7,P100057,3,215.95,SALE,13-01-2024 00:26:12,S07,20240112
S07/20240112/00018,8,TAX,1,346.64,TAX,13-01-2024 00:26:12,S07,20240112
S07/20240112/00018,9,TENDER,1,4887.30,TENDER,13-01-2024 00:26:12,S07,20240112
S07/20240112/00019,1,P101298,2,190.95,SALE,12-01-2024 21:02:13,S07,20240112
S07/20240112/00019,2,P105345,3,295.95,SALE,12-01-2024 21:02:13,S07,20240112
S07/20240112/00019,3,P102151,2,935.36,SALE,12-01-2024 21:02:13,S07,20240112
S07/20240112/00019,4,P104404,3,877.95,SALE,12-01-2024 21:02:13,S07,20240112
S07/20240112/00019,5,P101356,2,1054.95,SALE,12-01-2024 21:02:13,S07,20240112
S07/20240112/00019,6,P106942,1,169.95,SALE,12-01-2024 21:02:13,S07,20240112
S07/20240112/00019,7,TAX,1,613.81,TAX,12-01-2024 21:02:13,S07,20240112
S07/20240112/00019,8,TENDER,1,8667.98,TENDER,12-01-2024 21:02:13,S07,20240112
S07/20240112/00020,1,P108060,2,217.09,SALE,12-01-2024 17:40:57,S07,20240112
S07/20240112/00020,2,P101796,2,948.95,SALE,12-01-2024 17:40:57,S07,20240112
S07/20240112/00020,3,P105351,2,102.95,SALE,12-01-2024 17:40:57,S07,20240112
S07/20240112/00020,4,P102913,3,306.95,SALE,12-01-2024 17:40:57,S07,20240112
S07/20240112/00020,5,P108319,4,262.51,SALE,12-01-2024 17:40:57,S07,20240112
S07/20240112/00020,6,P103822,5,512.89,SALE,12-01-2024 17:40:57,S07,20240112
S07/20240112/00020,7,P100250,1,526.95,SALE,12-01-2024 17:40:57,S07,20240112
S07/20240112/00020,8,TAX,1,861.06,TAX,12-01-2024 17:40:57,S07,20240112
S07/20240112/00020,9,TENDER,1,8461.33,TENDER,12-01-2024 17:40:57,S07,20240112
S07/20240112/00021,1,P101321,1,24.76,SALE,12-01-2024 15:33:18,S07,20240112
S07/20240112/00021,2,P106765,1,270.40,SALE,12-01-2024 15:33:18,S07,20240112
S07/20240112/00021,3,TAX,1,53.13,TAX,12-01-2024 15:33:18,S07,20240112
S07/20240112/00021,4,TENDER,1,348.29,TENDER,12-01-2024 15:33:18,S07,20240112
S07/20240112/00022,1,P108076,1,145.31,SALE,12-01-2024 10:09:43,S07,20240112
S07/20240112/00022,2,P104637,1,294.49,SALE,12-01-2024 10:09:43,S07,20240112
S07/20240112/00022,3,P104139,2,202.92,SALE,12-01-2024 10:09:43,S07,20240112
S07/20240112/00022,4,TAX,1,61.49,TAX,12-01-2024 10:09:43,S07,20240112
S07/20240112/00022,5,TENDER,1,907.13,TENDER,12-01-2024 10:09:43,S07,20240112
S07/20240112/00023,1,P105377,1,262.95,SALE,12-01-2024 12:06:23,S07,20240112
S07/20240112/00023,2,P107435,3,549.51,SALE,12-01-2024 12:06:23,S07,20240112
S07/20240112/00023,3,P100308,1,277.54,SALE,12-01-2024 12:06:23,S07,20240112
S07/20240112/00023,4,P106452,1,27.95,SALE,12-01-2024 12:06:23,S07,20240112
S07/20240112/00023,5,P105965,7,61.37,SALE,12-01-2024 12:06:23,S07,20240112
S07/20240112/00023,6,P102081,2,164.15,SALE,12-01-2024 12:06:23,S07,20240112
S07/20240112/00023,7,TAX,1,443.57,TAX,12-01-2024 12:06:23,S07,20240112
S07/20240112/00023,8,TENDER,1,3418.43,TENDER,12-01-2024 12:06:23,S07,20240112
S07/20240112/00024,1,P100511,3,407.54,SALE,12-01-2024 13:33:50,S07,20240112
S07/20240112/00024,2,P101374,2,49.36,SALE,12-01-2024 13:33:50,S07,20240112
S07/20240112/00024,3,P101839,2,408.40,SALE,12-01-2024 13:33:50,S07,20240112
S07/20240112/00024,4,P105890,2,1102.54,SALE,12-01-2024 13:33:50,S07,20240112
S07/20240112/00024,5,P104139,2,202.92,SALE,12-01-2024 13:33:50,S07,20240112
S07/20240112/00024,6,TAX,1,372.75,TAX,12-01-2024 13:33:50,S07,20240112
S07/20240112/00024,7,TENDER,1,5121.81,TENDER,12-01-2024 13:33:50,S07,20240112
S07/20240112/00025,1,P102202,4,184.86,SALE,12-01-2024 12:24:37,S07,20240112
S07/20240112/00025,2,P105440,3,107.89,SALE,12-01-2024 12:24:37,S07,20240112
S07/20240112/00025,3,P101272,4,87.22,SALE,12-01-2024 12:24:37,S07,20240112
S07/20240112/00025,4,P100499,1,234.95,SALE,12-01-2024 12:24:37,S07,20240112
S07/20240112/00025,5,P101949,3,857.51,SALE,12-01-2024 12:24:37,S07,20240112
S07/20240112/00025,6,DISC,1,-446.60,DISCOUNT,12-01-2024 12:24:37,S07,20240112
S07/20240112/00025,7,TAX,1,289.30,TAX,12-01-2024 12:24:37,S07,20240112
S07/20240112/00025,8,TENDER,1,4062.17,TENDER,12-01-2024 12:24:37,S07,20240112
S07/20240112/00026,1,P107171,1,295.77,SALE,12-01-2024 13:05:41,S07,20240112
S07/20240112/00026,2,P103896,6,200.95,SALE,12-01-2024 13:05:41,S07,20240112
S07/20240112/00026,3,P107056,1,341.76,SALE,12-01-2024 13:05:41,S07,20240112
S07/20240112/00026,4,P106059,1,271.95,SALE,12-01-2024 13:05:41,S07,20240112
S07/20240112/00026,5,P100428,2,122.83,SALE,12-01-2024 13:05:41,S07,20240112
S07/20240112/00026,6,P107488,2,303.21,SALE,12-01-2024 13:05:41,S07,20240112
S07/20240112/00026,7,P106270,2,307.95,SALE,12-01-2024 13:05:41,S07,20240112
S07/20240112/00026,8,P103364,1,105.92,SALE,12-01-2024 13:05:41,S07,20240112
S07/20240112/00026,9,P100178,1,427.16,SALE,12-01-2024 13:05:41,S07,20240112
S07/20240112/00026,10,P100940,3,171.39,SALE,12-01-2024 13:05:41,S07,20240112
S07/20240112/00026,11,TAX,1,641.58,TAX,12-01-2024 13:05:41,S07,20240112
S07/20240112/00026,12,TENDER,1,5271.99,TENDER,12-01-2024 13:05:41,S07,20240112
S07/20240112/00027,1,P106718,3,392.95,SALE,12-01-2024 15:40:02,S07,20240112
S07/20240112/00027,2,P100233,2,58.95,SALE,12-01-2024 15:40:02,S07,20240112
S07/20240112/00027,3,P107989,2,184.95,SALE,12-01-2024 15:40:02,S07,20240112
S07/20240112/00027,4,P107264,2,181.93,SALE,12-01-2024 15:40:02,S07,20240112
S07/20240112/00027,5,TAX,1,350.16,TAX,12-01-2024 15:40:02,S07,20240112
S07/20240112/00027,6,TENDER,1,2380.67,TENDER,12-01-2024 15:40:02,S07,20240112
S07/20240112/00028,1,P105460,1,145.95,SALE,12-01-2024 14:31:06,S07,20240112
S07/20240112/00028,2,P108017,2,103.22,SALE,12-01-2024 14:31:06,S07,20240112
S07/20240112/00028,3,P106848,1,16.02,SALE,12-01-2024 14:31:06,S07,20240112
S07/20240112/00028,4,P104802,1,194.24,SALE,12-01-2024 14:31:06,S07,20240112
S07/20240112/00028,5,P101613,3,104.34,SALE,12-01-2024 14:31:06,S07,20240112
S07/20240112/00028,6,TAX,1,117.58,TAX,12-01-2024 14:31:06,S07,20240112
S07/20240112/00028,7,TENDER,1,993.25,TENDER,12-01-2024 14:31:06,S07,20240112
S07/20240112/00029,1,P103577,3,108.85,SALE,12-01-2024 15:08:27,S07,20240112
S07/20240112/00029,2,P101884,1,352.98,SALE,12-01-2024 15:08:27,S07,20240112
S07/20240112/00029,3,P105547,1,406.95,SALE,12-01-2024 15:08:27,S07,20240112
S07/20240112/00029,4,P104593,3,867.34,SALE,12-01-2024 15:08:27,S07,20240112
S07/20240112/00029,5,TAX,1,442.62,TAX,12-01-2024 15:08:27,S07,20240112
S07/20240112/00029,6,TENDER,1,4131.12,TENDER,12-01-2024 15:08:27,S07,20240112
S07/20240112/00030,1,P101622,3,259.77,SALE,12-01-2024 13:12:12,S07,20240112
S07/20240112/00030,2,P102305,2,116.95,SALE,12-01-2024 13:12:12,S07,20240112
S07/20240112/00030,3,P106629,3,51.04,SALE,12-01-2024 13:12:12,S07,20240112
S07/20240112/00030,4,P101339,1,222.95,SALE,12-01-2024 13:12:12,S07,20240112
S07/20240112/00030,5,DISC,1,-124.87,DISCOUNT,12-01-2024 13:12:12,S07,20240112
S07/20240112/00030,6,TAX,1,96.24,TAX,12-01-2024 13:12:12,S07,20240112
S07/20240112/00030,7,TENDER,1,1360.65,TENDER,12-01-2024 13:12:12,S07,20240112
S07/20240112/00031,1,P102346,1,79.95,SALE,12-01-2024 21:04:44,S07,20240112
S07/20240112/00031,2,P107190,3,223.50,SALE,12-01-2024 21:04:44,S07,20240112
S07/20240112/00031,3,P103424,4,235.87,SALE,12-01-2024 21:04:44,S07,20240112
S07/20240112/00031,4,TAX,1,243.50,TAX,12-01-2024 21:04:44,S07,20240112
S07/20240112/00031,5,TENDER,1,1937.43,TENDER,12-01-2024 21:04:44,S07,20240112
S07/20240112/00032,1,P106686,2,275.45,SALE,12-01-2024 16:19:34,S07,20240112
S07/20240112/00032,2,TAX,1,27.55,TAX,12-01-2024 16:19:34,S07,20240112
S07/20240112/00032,3,TENDER,1,578.45,TENDER,12-01-2024 16:19:34,S07,20240112
S07/20240112/00033,1,P106620,-2,296.41,RETURN,12-01-2024 16:25:05,S07,20240112
S07/20240112/00033,2,P102581,-1,191.05,RETURN,12-01-2024 16:25:05,S07,20240112
S07/20240112/00033,3,P106703,-2,74.15,RETURN,12-01-2024 16:25:05,S07,20240112
S07/20240112/00033,4,TAX,1,-88.11,TAX,12-01-2024 16:25:05,S07,20240112
S07/20240112/00033,5,TENDER,1,-1020.28,TENDER,12-01-2024 16:25:05,S07,20240112
S07/20240112/00034,1,P102801,3,99.95,SALE,12-01-2024 16:53:07,S07,20240112
S07/20240112/00034,2,P100100,3,328.99,SALE,12-01-2024 16:53:07,S07,20240112
S07/20240112/00034,3,P102616,2,81.45,SALE,12-01-2024 16:53:07,S07,20240112
S07/20240112/00034,4,P103732,2,94.74,SALE,12-01-2024 16:53:07,S07,20240112
S07/20240112/00034,5,P103727,3,116.95,SALE,12-01-2024 16:53:07,S07,20240112
S07/20240112/00034,6,P101802,2,41.95,SALE,12-01-2024 16:53:07,S07,20240112
S07/20240112/00034,7,P107365,2,934.48,SALE,12-01-2024 16:53:07,S07,20240112
S07/20240112/00034,8,TAX,1,481.78,TAX,12-01-2024 16:53:07,S07,20240112
S07/20240112/00034,9,TENDER,1,4424.69,TENDER,12-01-2024 16:53:07,S07,20240112
S07/20240112/00035,1,P105440,2,107.89,SALE,12-01-2024 09:49:16,S07,20240112
S07/20240112/00035,2,P107654,3,363.70,SALE,12-01-2024 09:49:16,S07,20240112
S07/20240112/00035,3,P105553,4,739.86,SALE,12-01-2024 09:49:16,S07,20240112
S07/20240112/00035,4,P106858,2,216.14,SALE,12-01-2024 09:49:16,S07,20240112
S07/20240112/00035,5,P105965,4,61.37,SALE,12-01-2024 09:49:16,S07,20240112
S07/20240112/00035,6,P107354,1,205.43,SALE,12-01-2024 09:49:16,S07,20240112
S07/20240112/00035,7,P108379,3,284.84,SALE,12-01-2024 09:49:16,S07,20240112
S07/20240112/00035,8,P102096,4,1067.74,SALE,12-01-2024 09:49:16,S07,20240112
S07/20240112/00035,9,P101095,1,205.38,SALE,12-01-2024 09:49:16,S07,20240112
S07/20240112/00035,10,TAX,1,1226.65,TAX,12-01-2024 09:49:16,S07,20240112
S07/20240112/00035,11,TENDER,1,11707.02,TENDER,12-01-2024 09:49:16,S07,20240112
S07/20240112/00036,1,P106209,2,182.34,SALE,12-01-2024 12:44:17,S07,20240112
S07/20240112/00036,2,P107575,3,65.95,SALE,12-01-2024 12:44:17,S07,20240112
S07/20240112/00036,3,P105878,2,275.95,SALE,12-01-2024 12:44:17,S07,20240112
S07/20240112/00036,4,P106639,1,406.04,SALE,12-01-2024 12:44:17,S07,20240112
S07/20240112/00036,5,TAX,1,120.08,TAX,12-01-2024 12:44:17,S07,20240112
S07/20240112/00036,6,TENDER,1,1640.55,TENDER,12-01-2024 12:44:17,S07,20240112
S07/20240112/00037,1,P103364,2,105.92,SALE,12-01-2024 16:03:08,S07,20240112
S07/20240112/00037,2,P102151,5,935.36,SALE,12-01-2024 16:03:08,S07,20240112
S07/20240112/00037,3,P103606,2,178.05,SALE,12-01-2024 16:03:08,S07,20240112
S07/20240112/00037,4,P101648,1,334.22,SALE,12-01-2024 16:03:08,S07,20240112
S07/20240112/00037,5,P102520,2,597.95,SALE,12-01-2024 16:03:08,S07,20240112
S07/20240112/00037,6,TAX,1,328.15,TAX,12-01-2024 16:03:08,S07,20240112
S07/20240112/00037,7,TENDER,1,7103.01,TENDER,12-01-2024 16:03:08,S07,20240112
S07/20240112/00038,1,P107740,5,1341.95,SALE,12-01-2024 18:13:06,S07,20240112
S07/20240112/00038,2,P101492,2,110.48,SALE,12-01-2024 18:13:06,S07,20240112
S07/20240112/00038,3,P103811,1,801.95,SALE,12-01-2024 18:13:06,S07,20240112
S07/20240112/00038,4,P107282,1,1189.20,SALE,12-01-2024 18:13:06,S07,20240112
S07/20240112/00038,5,P104462,4,79.95,SALE,12-01-2024 18:13:06,S07,20240112
S07/20240112/00038,6,P107681,2,179.95,SALE,12-01-2024 18:13:06,S07,20240112
S07/20240112/00038,7,P100593,3,27.42,SALE,12-01-2024 18:13:06,S07,20240112
S07/20240112/00038,8,TAX,1,929.83,TAX,12-01-2024 18:13:06,S07,20240112
S07/20240112/00038,9,TENDER,1,10613.65,TENDER,12-01-2024 18:13:06,S07,20240112
S07/20240112/00039,1,P106651,2,855.95,SALE,12-01-2024 16:34:14,S07,20240112
S07/20240112/00039,2,P102623,5,110.85,SALE,12-01-2024 16:34:14,S07,20240112
S07/20240112/00039,3,P104902,3,383.95,SALE,12-01-2024 16:34:14,S07,20240112
S07/20240112/00039,4,P107925,1,1023.82,SALE,12-01-2024 16:34:14,S07,20240112
S07/20240112/00039,5,TAX,1,325.03,TAX,12-01-2024 16:34:14,S07,20240112
S07/20240112/00039,6,TENDER,1,4766.85,TENDER,12-01-2024 16:34:14,S07,20240112
S07/20240113/00001,1,P103517,2,165.73,SALE,13-01-2024 16:22:24,S07,20240113
S07/20240113/00001,2,P100946,3,73.95,SALE,13-01-2024 16:22:24,S07,20240113
S07/20240113/00001,3,P103273,2,340.81,SALE,13-01-2024 16:22:24,S07,20240113
S07/20240113/00001,4,TAX,1,121.73,TAX,13-01-2024 16:22:24,S07,20240113
S07/20240113/00001,5,TENDER,1,1356.66,TENDER,13-01-2024 16:22:24,S07,20240113
S07/20240113/00002,1,P107536,2,1495.35,SALE,13-01-2024 18:12:47,S07,20240113
S07/20240113/00002,2,P104715,4,136.85,SALE,13-01-2024 18:12:47,S07,20240113
S07/20240113/00002,3,TAX,1,98.53,TAX,13-01-2024 18:12:47,S07,20240113
S07/20240113/00002,4,TENDER,1,3636.63,TENDER,13-01-2024 18:12:47,S07,20240113
S07/20240113/00003,1,P103620,2,468.18,SALE,13-01-2024 22:54:16,S07,20240113
S07/20240113/00003,2,P107597,3,519.83,SALE,13-01-2024 22:54:16,S07,20240113
S07/20240113/00003,3,P104462,2,79.95,SALE,13-01-2024 22:54:16,S07,20240113
S07/20240113/00003,4,P101710,2,307.38,SALE,13-01-2024 22:54:16,S07,20240113
S07/20240113/00003,5,TAX,1,159.74,TAX,13-01-2024 22:54:16,S07,20240113
S07/20240113/00003,6,TENDER,1,3430.25,TENDER,13-01-2024 22:54:16,S07,20240113
S07/20240113/00004,1,P107795,5,286.95,SALE,13-01-2024 17:25:16,S07,20240113
S07/20240113/00004,2,P102166,1,45.95,SALE,13-01-2024 17:25:16,S07,20240113
S07/20240113/00004,3,P104811,3,113.95,SALE,13-01-2024 17:25:16,S07,20240113
S07/20240113/00004,4,P102397,2,355.28,SALE,13-01-2024 17:25:16,S07,20240113
S07/20240113/00004,5,P106934,1,1554.16,SALE,13-01-2024 17:25:16,S07,20240113
S07/20240113/00004,6,P103701,1,1171.33,SALE,13-01-2024 17:25:16,S07,20240113
S07/20240113/00004,7,TAX,1,385.81,TAX,13-01-2024 17:25:16,S07,20240113
S07/20240113/00004,8,TENDER,1,5644.41,TENDER,13-01-2024 17:25:16,S07,20240113
S07/20240113/00005,1,P103645,1,241.18,SALE,13-01-2024 15:08:40,S07,20240113
S07/20240113/00005,2,P102305,2,116.95,SALE,13-01-2024 15:08:40,S07,20240113
S07/20240113/00005,3,P101305,1,119.82,SALE,13-01-2024 15:08:40,S07,20240113
S07/20240113/00005,4,P100438,2,64.40,SALE,13-01-2024 15:08:40,S07,20240113
S07/20240113/00005,5,DISC,1,-46.84,DISCOUNT,13-01-2024 15:08:40,S07,20240113
S07/20240113/00005,6,TAX,1,52.45,TAX,13-01-2024 15:08:40,S07,20240113
S07/20240113/00005,7,TENDER,1,729.31,TENDER,13-01-2024 15:08:40,S07,20240113
S07/20240113/00006,1,P104139,1,202.92,SALE,13-01-2024 17:56:02,S07,20240113
S07/20240113/00006,2,P102922,2,109.03,SALE,13-01-2024 17:56:02,S07,20240113
S07/20240113/00006,3,P106336,4,456.47,SALE,13-01-2024 17:56:02,S07,20240113
S07/20240113/00006,4,TAX,1,367.91,TAX,13-01-2024 17:56:02,S07,20240113
S07/20240113/00006,5,TENDER,1,2614.77,TENDER,13-01-2024 17:56:02,S07,20240113
S07/20240113/00007,1,P101622,1,259.77,SALE,13-01-2024 15:02:55,S07,20240113
S07/20240113/00007,2,P103616,2,621.95,SALE,13-01-2024 15:02:55,S07,20240113
S07/20240113/00007,3,P106629,2,51.04,SALE,13-01-2024 15:02:55,S07,20240113
S07/20240113/00007,4,TAX,1,93.56,TAX,13-01-2024 15:02:55,S07,20240113
S07/20240113/00007,5,TENDER,1,1699.31,TENDER,13-01-2024 15:02:55,S07,20240113
S07/20240113/00008,1,P102954,3,119.54,SALE,13-01-2024 17:50:22,S07,20240113
S07/20240113/00008,2,P102184,2,336.95,SALE,13-01-2024 17:50:22,S07,20240113
S07/20240113/00008,3,P101292,3,364.42,SALE,13-01-2024 17:50:22,S07,20240113
S07/20240113/00008,4,P102181,2,1394.08,SALE,13-01-2024 17:50:22,S07,20240113
S07/20240113/00008,5,P102623,2,110.85,SALE,13-01-2024 17:50:22,S07,20240113
S07/20240113/00008,6,TAX,1,124.30,TAX,13-01-2024 17:50:22,S07,20240113
S07/20240113/00008,7,TENDER,1,5259.94,TENDER,13-01-2024 17:50:22,S07,20240113
S07/20240113/00009,1,P101990,1,352.58,SALE,13-01-2024 11:03:56,S07,20240113
S07/20240113/00009,2,P100221,3,140.95,SALE,13-01-2024 11:03:56,S07,20240113
S07/20240113/00009,3,P104439,1,109.14,SALE,13-01-2024 11:03:56,S07,20240113
S07/20240113/00009,4,P101156,2,91.80,SALE,13-01-2024 11:03:56,S07,20240113
S07/20240113/00009,5,TAX,1,121.88,TAX,13-01-2024 11:03:56,S07,20240113
S07/20240113/00009,6,TENDER,1,1190.05,TENDER,13-01-2024 11:03:56,S07,20240113
S07/20240113/00010,1,P103449,4,373.19,SALE,13-01-2024 15:46:12,S07,20240113
S07/20240113/00010,2,P100571,2,117.95,SALE,13-01-2024 15:46:12,S07,20240113
S07/20240113/00010,3,DISC,1,-187.38,DISCOUNT,13-01-2024 15:46:12,S07,20240113
S07/20240113/00010,4,TAX,1,104.41,TAX,13-01-2024 15:46:12,S07,20240113
S07/20240113/00010,5,TENDER,1,1645.69,TENDER,13-01-2024 15:46:12,S07,20240113
S07/20240113/00011,1,P102671,3,231.95,SALE,13-01-2024 14:46:53,S07,20240113
S07/20240113/00011,2,P106731,5,156.85,SALE,13-01-2024 14:46:53,S07,20240113
S07/20240113/00011,3,TAX,1,125.25,TAX,13-01-2024 14:46:53,S07,20240113
S07/20240113/00011,4,TENDER,1,1605.35,TENDER,13-01-2024 14:46:53,S07,20240113
S07/20240113/00012,1,P101127,3,45.95,SALE,13-01-2024 22:30:31,S07,20240113
S07/20240113/00012,2,P101404,4,214.54,SALE,13-01-2024 22:30:31,S07,20240113
S07/20240113/00012,3,P106639,2,406.04,SALE,13-01-2024 22:30:31,S07,20240113
S07/20240113/00012,4,P102383,3,9.95,SALE,13-01-2024 22:30:31,S07,20240113
S07/20240113/00012,5,P106550,2,27.06,SALE,13-01-2024 22:30:31,S07,20240113
S07/20240113/00012,6,P100354,1,182.63,SALE,13-01-2024 22:30:31,S07,20240113
S07/20240113/00012,7,TAX,1,177.39,TAX,13-01-2024 22:30:31,S07,20240113
S07/20240113/00012,8,TENDER,1,2252.08,TENDER,13-01-2024 22:30:31,S07,20240113
S07/20240113/00013,1,P101272,3,87.22,SALE,13-01-2024 21:11:31,S07,20240113
S07/20240113/00013,2,P101190,1,84.60,SALE,13-01-2024 21:11:31,S07,20240113
S07/20240113/00013,3,P105268,5,255.65,SALE,13-01-2024 21:11:31,S07,20240113
S07/20240113/00013,4,P100239,2,352.95,SALE,13-01-2024 21:11:31,S07,20240113
S07/20240113/00013,5,P106015,2,147.48,SALE,13-01-2024 21:11:31,S07,20240113
S07/20240113/00013,6,P105656,3,438.95,SALE,13-01-2024 21:11:31,S07,20240113
S07/20240113/00013,7,TAX,1,378.50,TAX,13-01-2024 21:11:31,S07,20240113
S07/20240113/00013,8,TENDER,1,4320.72,TENDER,13-01-2024 21:11:31,S07,20240113
S07/20240113/00014,1,P100850,2,166.95,SALE,13-01-2024 15:37:17,S07,20240113
S07/20240113/00014,2,P101899,2,349.72,SALE,13-01-2024 15:37:17,S07,20240113
S07/20240113/00014,3,P103259,2,298.27,SALE,13-01-2024 15:37:17,S07,20240113
S07/20240113/00014,4,P102364,1,104.57,SALE,13-01-2024 15:37:17,S07,20240113
S07/20240113/00014,5,P105280,2,220.35,SALE,13-01-2024 15:37:17,S07,20240113
S07/20240113/00014,6,P102480,3,186.53,SALE,13-01-2024 15:37:17,S07,20240113
S07/20240113/00014,7,DISC,1,-213.54,DISCOUNT,13-01-2024 15:37:17,S07,20240113
S07/20240113/00014,8,TAX,1,216.47,TAX,13-01-2024 15:37:17,S07,20240113
S07/20240113/00014,9,TENDER,1,2737.67,TENDER,13-01-2024 15:37:17,S07,20240113
S07/20240113/00015,1,P108032,2,660.37,SALE,13-01-2024 12:41:30,S07,20240113
S07/20240113/00015,2,P105815,1,303.95,SALE,13-01-2024 12:41:30,S07,20240113
S07/20240113/00015,3,TAX,1,194.96,TAX,13-01-2024 12:41:30,S07,20240113
S07/20240113/00015,4,TENDER,1,1819.65,TENDER,13-01-2024 12:41:30,S07,20240113
S07/20240113/00016,1,P106004,2,137.38,SALE,13-01-2024 16:21:31,S07,20240113
S07/20240113/00016,2,P104965,3,81.82,SALE,13-01-2024 16:21:31,S07,20240113
S07/20240113/00016,3,P101810,3,757.60,SALE,13-01-2024 16:21:31,S07,20240113
S07/20240113/00016,4,TAX,1,298.75,TAX,13-01-2024 16:21:31,S07,20240113
S07/20240113/00016,5,TENDER,1,3091.77,TENDER,13-01-2024 16:21:31,S07,20240113
S07/20240113/00017,1,P104410,2,418.95,SALE,13-01-2024 12:24:12,S07,20240113
S07/20240113/00017,2,P105775,3,104.41,SALE,13-01-2024 12:24:12,S07,20240113
S07/20240113/00017,3,P103118,1,40.95,SALE,13-01-2024 12:24:12,S07,20240113
S07/20240113/00017,4,P101489,2,493.95,SALE,13-01-2024 12:24:12,S07,20240113
S07/20240113/00017,5,P102707,2,405.95,SALE,13-01-2024 12:24:12,S07,20240113
S07/20240113/00017,6,TAX,1,250.30,TAX,13-01-2024 12:24:12,S07,20240113
S07/20240113/00017,7,TENDER,1,3242.18,TENDER,13-01-2024 12:24:12,S07,20240113
S07/20240113/00018,1,P104645,2,1066.03,SALE,13-01-2024 22:16:26,S07,20240113
S07/20240113/00018,2,P103525,2,219.41,SALE,13-01-2024 22:16:26,S07,20240113
S07/20240113/00018,3,P100066,2,251.22,SALE,13-01-2024 22:16:26,S07,20240113
S07/20240113/00018,4,P100026,3,296.84,SALE,13-01-2024 22:16:26,S07,20240113
S07/20240113/00018,5,P105805,2,111.39,SALE,13-01-2024 22:16:26,S07,20240113
S07/20240113/00018,6,P100095,2,92.95,SALE,13-01-2024 22:16:26,S07,20240113
S07/20240113/00018,7,P107346,2,449.29,SALE,13-01-2024 22:16:26,S07,20240113
S07/20240113/00018,8,TAX,1,211.13,TAX,13-01-2024 22:16:26,S07,20240113
S07/20240113/00018,9,TENDER,1,5482.23,TENDER,13-01-2024 22:16:26,S07,20240113
S07/20240113/00019,1,P100999,1,153.43,SALE,13-01-2024 20:41:09,S07,20240113
S07/20240113/00019,2,P100571,2,117.95,SALE,13-01-2024 20:41:09,S07,20240113
S07/20240113/00019,3,TAX,1,42.46,TAX,13-01-2024 20:41:09,S07,20240113
S07/20240113/00019,4,TENDER,1,431.79,TENDER,13-01-2024 20:41:09,S07,20240113
S07/20240113/00020,1,P106473,1,296.95,SALE,13-01-2024 14:42:08,S07,20240113
S07/20240113/00020,2,P104676,2,81.62,SALE,13-01-2024 14:42:08,S07,20240113
S07/20240113/00020,3,P107414,2,496.09,SALE,13-01-2024 14:42:08,S07,20240113
S07/20240113/00020,4,P108275,1,477.08,SALE,13-01-2024 14:42:08,S07,20240113
S07/20240113/00020,5,P104765,3,405.96,SALE,13-01-2024 14:42:08,S07,20240113
S07/20240113/00020,6,TAX,1,364.46,TAX,13-01-2024 14:42:08,S07,20240113
S07/20240113/00020,7,TENDER,1,3511.79,TENDER,13-01-2024 14:42:08,S07,20240113
S07/20240113/00021,1,P103645,2,241.18,SALE,13-01-2024 16:06:19,S07,20240113
S07/20240113/00021,2,P103766,3,191.95,SALE,13-01-2024 16:06:19,S07,20240113
S07/20240113/00021,3,P105345,2,295.95,SALE,13-01-2024 16:06:19,S07,20240113
S07/20240113/00021,4,P108118,2,66.05,SALE,13-01-2024 16:06:19,S07,20240113
S07/20240113/00021,5,P105729,3,68.08,SALE,13-01-2024 16:06:19,S07,20240113
S07/20240113/00021,6,P101827,3,139.26,SALE,13-01-2024 16:06:19,S07,20240113
S07/20240113/00021,7,P107435,3,549.51,SALE,13-01-2024 16:06:19,S07,20240113
S07/20240113/00021,8,P105547,1,406.95,SALE,13-01-2024 16:06:19,S07,20240113
S07/20240113/00021,9,P107414,1,539.23,SALE,13-01-2024 16:06:19,S07,20240113
S07/20240113/00021,10,P102166,1,45.95,SALE,13-01-2024 16:06:19,S07,20240113
S07/20240113/00021,11,TAX,1,503.45,TAX,13-01-2024 16:06:19,S07,20240113
S07/20240113/00021,12,TENDER,1,5548.34,TENDER,13-01-2024 16:06:19,S07,20240113
S07/20240113/00022,1,P102311,1,284.95,SALE,13-01-2024 14:39:50,S07,20240113
S07/20240113/00022,2,P106833,1,367.84,SALE,13-01-2024 14:39:50,S07,20240113
S07/20240113/00022,3,P104765,3,405.96,SALE,13-01-2024 14:39:50,S07,20240113
S07/20240113/00022,4,P104544,1,93.89,SALE,13-01-2024 14:39:50,S07,20240113
S07/20240113/00022,5,P106651,1,855.95,SALE,13-01-2024 14:39:50,S07,20240113
S07/20240113/00022,6,P102664,1,256.95,SALE,13-01-2024 14:39:50,S07,20240113
S07/20240113/00022,7,P102779,2,23.95,SALE,13-01-2024 14:39:50,S07,20240113
S07/20240113/00022,8,P100582,1,150.30,SALE,13-01-2024 14:39:50,S07,20240113
S07/20240113/00022,9,TAX,1,310.35,TAX,13-01-2024 14:39:50,S07,20240113
S07/20240113/00022,10,TENDER,1,3586.01,TENDER,13-01-2024 14:39:50,S07,20240113
S07/20240113/00023,1,P103855,1,276.95,SALE,14-01-2024 00:30:02,S07,20240113
S07/20240113/00023,2,P106927,1,140.95,SALE,14-01-2024 00:30:02,S07,20240113
S07/20240113/00023,3,P107564,1,278.95,SALE,14-01-2024 00:30:02,S07,20240113
S07/20240113/00023,4,P104194,3,109.52,SALE,14-01-2024 00:30:02,S07,20240113
S07/20240113/00023,5,P105835,2,243.66,SALE,14-01-2024 00:30:02,S07,20240113
S07/20240113/00023,6,DISC,1,-120.80,DISCOUNT,14-01-2024 00:30:02,S07,20240113
S07/20240113/00023,7,TAX,1,159.99,TAX,14-01-2024 00:30:02,S07,20240113
S07/20240113/00023,8,TENDER,1,1551.92,TENDER,14-01-2024 00:30:02,S07,20240113
S07/20240113/00024,1,P102375,2,487.64,SALE,13-01-2024 14:00:21,S07,20240113
S07/20240113/00024,2,P105219,3,653.26,SALE,13-01-2024 14:00:21,S07,20240113
S07/20240113/00024,3,P108179,2,284.95,SALE,13-01-2024 14:00:21,S07,20240113
S07/20240113/00024,4,TAX,1,596.70,TAX,13-01-2024 14:00:21,S07,20240113
S07/20240113/00024,5,TENDER,1,4101.66,TENDER,13-01-2024 14:00:21,S07,20240113
S07/20240113/00025,1,P106528,1,832.82,SALE,13-01-2024 15:05:31,S07,20240113
S07/20240113/00025,2,P108174,2,235.92,SALE,13-01-2024 15:05:31,S07,20240113
S07/20240113/00025,3,P100380,2,134.99,SALE,13-01-2024 15:05:31,S07,20240113
S07/20240113/00025,4,P108206,1,609.36,SALE,13-01-2024 15:05:31,S07,20240113
S07/20240113/00025,5,TAX,1,155.93,TAX,13-01-2024 15:05:31,S07,20240113
S07/20240113/00025,6,TENDER,1,2339.93,TENDER,13-01-2024 15:05:31,S07,20240113
S07/20240113/00026,1,P104579,1,67.48,SALE,13-01-2024 17:22:33,S07,20240113
S07/20240113/00026,2,P102931,2,737.59,SALE,13-01-2024 17:22:33,S07,20240113
S07/20240113/00026,3,P107264,2,181.93,SALE,13-01-2024 17:22:33,S07,20240113
S07/20240113/00026,4,P102096,3,1067.74,SALE,13-01-2024 17:22:33,S07,20240113
S07/20240113/00026,5,TAX,1,523.64,TAX,13-01-2024 17:22:33,S07,20240113
S07/20240113/00026,6,TENDER,1,5633.38,TENDER,13-01-2024 17:22:33,S07,20240113
S07/20240113/00027,1,P101722,3,1331.86,SALE,13-01-2024 12:11:28,S07,20240113
S07/20240113/00027,2,TAX,1,199.78,TAX,13-01-2024 12:11:28,S07,20240113
S07/20240113/00027,3,TENDER,1,4195.36,TENDER,13-01-2024 12:11:28,S07,20240113
S07/20240113/00028,1,P100380,2,134.99,SALE,13-01-2024 17:29:18,S07,20240113
S07/20240113/00028,2,P107502,4,272.03,SALE,13-01-2024 17:29:18,S07,20240113
S07/20240113/00028,3,TAX,1,228.26,TAX,13-01-2024 17:29:18,S07,20240113
S07/20240113/00028,4,TENDER,1,1586.36,TENDER,13-01-2024 17:29:18,S07,20240113
S07/20240113/00029,1,P102067,2,144.78,SALE,13-01-2024 16:16:38,S07,20240113
S07/20240113/00029,2,P106620,3,296.41,SALE,13-01-2024 16:16:38,S07,20240113
S07/20240113/00029,3,P106563,4,426.95,SALE,13-01-2024 16:16:38,S07,20240113
S07/20240113/00029,4,P100250,1,526.95,SALE,13-01-2024 16:16:38,S07,20240113
S07/20240113/00029,5,P106710,4,93.71,SALE,13-01-2024 16:16:38,S07,20240113
S07/20240113/00029,6,P102042,2,540.93,SALE,13-01-2024 16:16:38,S07,20240113
S07/20240113/00029,7,TAX,1,474.03,TAX,13-01-2024 16:16:38,S07,20240113
S07/20240113/00029,8,TENDER,1,5344.27,TENDER,13-01-2024 16:16:38,S07,20240113
S07/20240113/00030,1,P101152,2,478.44,SALE,13-01-2024 18:01:57,S07,20240113
S07/20240113/00030,2,P107226,1,86.90,SALE,13-01-2024 18:01:57,S07,20240113
S07/20240113/00030,3,P103794,2,729.86,SALE,13-01-2024 18:01:57,S07,20240113
S07/20240113/00030,4,P108097,2,84.95,SALE,13-01-2024 18:01:57,S07,20240113
S07/20240113/00030,5,P105209,1,367.95,SALE,13-01-2024 18:01:57,S07,20240113
S07/20240113/00030,6,TAX,1,347.49,TAX,13-01-2024 18:01:57,S07,20240113
S07/20240113/00030,7,TENDER,1,3388.84,TENDER,13-01-2024 18:01:57,S07,20240113
S07/20240113/00031,1,P107458,1,1239.88,SALE,13-01-2024 14:04:26,S07,20240113
S07/20240113/00031,2,P100276,2,937.37,SALE,13-01-2024 14:04:26,S07,20240113
S07/20240113/00031,3,P103004,2,72.83,SALE,13-01-2024 14:04:26,S07,20240113
S07/20240113/00031,4,P102744,2,86.95,SALE,13-01-2024 14:04:26,S07,20240113
S07/20240113/00031,5,P105369,2,135.84,SALE,13-01-2024 14:04:26,S07,20240113
S07/20240113/00031,6,TAX,1,158.62,TAX,13-01-2024 14:04:26,S07,20240113
S07/20240113/00031,7,TENDER,1,3864.48,TENDER,13-01-2024 14:04:26,S07,20240113
S07/20240113/00032,1,P107667,4,338.95,SALE,13-01-2024 13:01:40,S07,20240113
S07/20240113/00032,2,P104168,2,512.27,SALE,13-01-2024 13:01:40,S07,20240113
S07/20240113/00032,3,P107880,2,307.95,SALE,13-01-2024 13:01:40,S07,20240113
S07/20240113/00032,4,P101779,1,197.95,SALE,13-01-2024 13:01:40,S07,20240113
S07/20240113/00032,5,P103701,2,1171.33,SALE,13-01-2024 13:01:40,S07,20240113
S07/20240113/00032,6,P103682,2,372.67,SALE,13-01-2024 13:01:40,S07,20240113
S07/20240113/00032,7,TAX,1,505.91,TAX,13-01-2024 13:01:40,S07,20240113
S07/20240113/00032,8,TENDER,1,6788.10,TENDER,13-01-2024 13:01:40,S07,20240113
S07/20240113/00033,1,P107960,2,983.57,SALE,13-01-2024 15:06:32,S07,20240113
S07/20240113/00033,2,P100627,3,415.95,SALE,13-01-2024 15:06:32,S07,20240113
S07/20240113/00033,3,P106735,2,320.99,SALE,13-01-2024 15:06:32,S07,20240113
S07/20240113/00033,4,P108258,4,54.39,SALE,13-01-2024 15:06:32,S07,20240113
S07/20240113/00033,5,TAX,1,453.17,TAX,13-01-2024 15:06:32,S07,20240113
S07/20240113/00033,6,TENDER,1,4527.70,TENDER,13-01-2024 15:06:32,S07,20240113
S07/20240113/00034,1,P107914,1,231.95,SALE,13-01-2024 13:49:56,S07,20240113
S07/20240113/00034,2,P107516,3,598.37,SALE,13-01-2024 13:49:56,S07,20240113
S07/20240113/00034,3,P107414,2,539.23,SALE,13-01-2024 13:49:56,S07,20240113
S07/20240113/00034,4,P105797,1,243.46,SALE,13-01-2024 13:49:56,S07,20240113
S07/20240113/00034,5,P106550,1,27.06,SALE,13-01-2024 13:49:56,S07,20240113
S07/20240113/00034,6,P105860,1,141.88,SALE,13-01-2024 13:49:56,S07,20240113
S07/20240113/00034,7,P107568,3,139.20,SALE,13-01-2024 13:49:56,S07,20240113
S07/20240113/00034,8,P101356,2,1054.95,SALE,13-01-2024 13:49:56,S07,20240113
S07/20240113/00034,9,TAX,1,593.86,TAX,13-01-2024 13:49:56,S07,20240113
S07/20240113/00034,10,TENDER,1,6639.28,TENDER,13-01-2024 13:49:56,S07,20240113
S07/20240113/00035,1,P100057,3,215.95,SALE,13-01-2024 09:35:18,S07,20240113
S07/20240113/00035,2,TAX,1,77.74,TAX,13-01-2024 09:35:18,S07,20240113
S07/20240113/00035,3,TENDER,1,725.59,TENDER,13-01-2024 09:35:18,S07,20240113
S07/20240113/00036,1,P103591,2,102.70,SALE,13-01-2024 14:58:48,S07,20240113
S07/20240113/00036,2,P100044,1,668.09,SALE,13-01-2024 14:58:48,S07,20240113
S07/20240113/00036,3,P104756,2,334.95,SALE,13-01-2024 14:58:48,S07,20240113
S07/20240113/00036,4,P104008,1,107.37,SALE,13-01-2024 14:58:48,S07,20240113
S07/20240113/00036,5,P100555,2,435.03,SALE,13-01-2024 14:58:48,S07,20240113
S07/20240113/00036,6,TAX,1,359.51,TAX,13-01-2024 14:58:48,S07,20240113
S07/20240113/00036,7,TENDER,1,2880.33,TENDER,13-01-2024 14:58:48,S07,20240113
S07/20240113/00037,1,P102531,2,152.69,SALE,13-01-2024 13:50:11,S07,20240113
S07/20240113/00037,2,P106751,2,125.89,SALE,13-01-2024 13:50:11,S07,20240113
S07/20240113/00037,3,P101796,1,948.95,SALE,13-01-2024 13:50:11,S07,20240113
S07/20240113/00037,4,P102364,4,104.57,SALE,13-01-2024 13:50:11,S07,20240113
S07/20240113/00037,5,P106106,3,245.50,SALE,13-01-2024 13:50:11,S07,20240113
S07/20240113/00037,6,P104097,1,294.95,SALE,13-01-2024 13:50:11,S07,20240113
S07/20240113/00037,7,P108144,1,257.95,SALE,13-01-2024 13:50:11,S07,20240113
S07/20240113/00037,8,TAX,1,370.89,TAX,13-01-2024 13:50:11,S07,20240113
S07/20240113/00037,9,TENDER,1,3584.68,TENDER,13-01-2024 13:50:11,S07,20240113
S07/20240113/00038,1,P100999,3,153.43,SALE,13-01-2024 14:15:51,S07,20240113
S07/20240113/00038,2,P106024,2,378.95,SALE,13-01-2024 14:15:51,S07,20240113
S07/20240113/00038,3,P102794,2,396.95,SALE,13-01-2024 14:15:51,S07,20240113
S07/20240113/00038,4,P103234,1,121.56,SALE,13-01-2024 14:15:51,S07,20240113
S07/20240113/00038,5,TAX,1,158.30,TAX,13-01-2024 14:15:51,S07,20240113
S07/20240113/00038,6,TENDER,1,2291.95,TENDER,13-01-2024 14:15:51,S07,20240113
S07/20240113/00039,1,P101507,3,619.87,SALE,13-01-2024 12:26:36,S07,20240113
S07/20240113/00039,2,P100106,2,287.42,SALE,13-01-2024 12:26:36,S07,20240113
S07/20240113/00039,3,TAX,1,196.45,TAX,13-01-2024 12:26:36,S07,20240113
S07/20240113/00039,4,TENDER,1,2630.90,TENDER,13-01-2024 12:26:36,S07,20240113
S07/20240114/00001,1,P107555,1,1399.95,SALE,14-01-2024 20:47:49,S07,20240114
S07/20240114/00001,2,P100609,3,76.13,SALE,14-01-2024 20:47:49,S07,20240114
S07/20240114/00001,3,P104058,2,344.73,SALE,14-01-2024 20:47:49,S07,20240114
S07/20240114/00001,4,P103096,3,277.95,SALE,14-01-2024 20:47:49,S07,20240114
S07/20240114/00001,5,P103340,1,466.84,SALE,14-01-2024 20:47:49,S07,20240114
S07/20240114/00001,6,TAX,1,385.63,TAX,14-01-2024 20:47:49,S07,20240114
S07/20240114/00001,7,TENDER,1,4004.12,TENDER,14-01-2024 20:47:49,S07,20240114
S07/20240114/00002,1,P107385,3,797.95,SALE,14-01-2024 15:15:25,S07,20240114
S07/20240114/00002,2,P103559,2,370.21,SALE,14-01-2024 15:15:25,S07,20240114
S07/20240114/00002,3,P102096,2,1067.74,SALE,14-01-2024 15:15:25,S07,20240114
S07/20240114/00002,4,P107110,1,76.95,SALE,14-01-2024 15:15:25,S07,20240114
S07/20240114/00002,5,P106473,3,296.95,SALE,14-01-2024 15:15:25,S07,20240114
S07/20240114/00002,6,P104212,5,401.95,SALE,14-01-2024 15:15:25,S07,20240114
S07/20240114/00002,7,P106009,1,301.95,SALE,14-01-2024 15:15:25,S07,20240114
S07/20240114/00002,8,P102664,2,256.95,SALE,14-01-2024 15:15:25,S07,20240114
S07/20240114/00002,9,TAX,1,1056.53,TAX,14-01-2024 15:15:25,S07,20240114
S07/20240114/00002,10,TENDER,1,10119.68,TENDER,14-01-2024 15:15:25,S07,20240114
S07/20240114/00003,1,P106757,4,398.95,SALE,14-01-2024 15:55:02,S07,20240114
S07/20240114/00003,2,P107733,1,55.17,SALE,14-01-2024 15:55:02,S07,20240114
S07/20240114/00003,3,P101339,2,222.95,SALE,14-01-2024 15:55:02,S07,20240114
S07/20240114/00003,4,TAX,1,104.84,TAX,14-01-2024 15:55:02,S07,20240114
S07/20240114/00003,5,TENDER,1,2201.71,TENDER,14-01-2024 15:55:02,S07,20240114
S07/20240114/00004,1,P102166,1,45.95,SALE,14-01-2024 15:09:36,S07,20240114
S07/20240114/00004,2,P101076,2,606.89,SALE,14-01-2024 15:09:36,S07,20240114
S07/20240114/00004,3,P100528,2,541.30,SALE,14-01-2024 15:09:36,S07,20240114
S07/20240114/00004,4,DISC,1,-238.71,DISCOUNT,14-01-2024 15:09:36,S07,20240114
S07/20240114/00004,5,TAX,1,61.93,TAX,14-01-2024 15:09:36,S07,20240114
S07/20240114/00004,6,TENDER,1,2165.55,TENDER,14-01-2024 15:09:36,S07,20240114
S07/20240114/00005,1,P103637,2,338.13,SALE,14-01-2024 19:38:59,S07,20240114
S07/20240114/00005,2,P104181,3,279.95,SALE,14-01-2024 19:38:59,S07,20240114
S07/20240114/00005,3,P102945,2,47.95,SALE,14-01-2024 19:38:59,S07,20240114
S07/20240114/00005,4,P105890,1,1102.54,SALE,14-01-2024 19:38:59,S07,20240114
S07/20240114/00005,5,P107508,1,1450.59,SALE,14-01-2024 19:38:59,S07,20240114
S07/20240114/00005,6,TAX,1,468.97,TAX,14-01-2024 19:38:59,S07,20240114
S07/20240114/00005,7,TENDER,1,4634.11,TENDER,14-01-2024 19:38:59,S07,20240114
S07/20240114/00006,1,P103416,1,68.95,SALE,14-01-2024 15:04:12,S07,20240114
S07/20240114/00006,2,P103273,1,340.81,SALE,14-01-2024 15:04:12,S07,20240114
S07/20240114/00006,3,TAX,1,53.31,TAX,14-01-2024 15:04:12,S07,20240114
S07/20240114/00006,4,TENDER,1,463.07,TENDER,14-01-2024 15:04:12,S07,20240114
S07/20240114/00007,1,P104202,2,132.95,SALE,14-01-2024 17:10:29,S07,20240114
S07/20240114/00007,2,P103068,1,137.26,SALE,14-01-2024 17:10:29,S07,20240114
S07/20240114/00007,3,P105775,2,104.41,SALE,14-01-2024 17:10:29,S07,20240114
S07/20240114/00007,4,P102569,2,119.46,SALE,14-01-2024 17:10:29,S07,20240114
S07/20240114/00007,5,P104600,2,48.49,SALE,14-01-2024 17:10:29,S07,20240114
S07/20240114/00007,6,TAX,1,40.38,TAX,14-01-2024 17:10:29,S07,20240114
S07/20240114/00007,7,TENDER,1,988.26,TENDER,14-01-2024 17:10:29,S07,20240114
S07/20240114/00008,1,P106297,2,139.95,SALE,14-01-2024 12:20:39,S07,20240114
S07/20240114/00008,2,P101810,1,757.60,SALE,14-01-2024 12:20:39,S07,20240114
S07/20240114/00008,3,P103328,3,236.27,SALE,14-01-2024 12:20:39,S07,20240114
S07/20240114/00008,4,P104097,1,294.95,SALE,14-01-2024 12:20:39,S07,20240114
S07/20240114/00008,5,TAX,1,304.27,TAX,14-01-2024 12:20:39,S07,20240114
S07/20240114/00008,6,TENDER,1,2345.53,TENDER,14-01-2024 12:20:39,S07,20240114
S07/20240114/00009,1,P103243,1,195.61,SALE,14-01-2024 19:48:43,S07,20240114
S07/20240114/00009,2,P103299,1,220.95,SALE,14-01-2024 19:48:43,S07,20240114
S07/20240114/00009,3,P101762,4,529.95,SALE,14-01-2024 19:48:43,S07,20240114
S07/20240114/00009,4,P100086,3,88.95,SALE,14-01-2024 19:48:43,S07,20240114
S07/20240114/00009,5,P105280,2,220.35,SALE,14-01-2024 19:48:43,S07,20240114
S07/20240114/00009,6,P101923,3,484.95,SALE,14-01-2024 19:48:43,S07,20240114
S07/20240114/00009,7,TAX,1,601.18,TAX,14-01-2024 19:48:43,S07,20240114
S07/20240114/00009,8,TENDER,1,5299.94,TENDER,14-01-2024 19:48:43,S07,20240114
S07/20240114/00010,1,P101339,2,222.95,SALE,14-01-2024 17:16:32,S07,20240114
S07/20240114/00010,2,P100722,1,287.33,SALE,14-01-2024 17:16:32,S07,20240114
S07/20240114/00010,3,P104898,1,161.27,SALE,14-01-2024 17:16:32,S07,20240114
S07/20240114/00010,4,P105003,3,285.67,SALE,14-01-2024 17:16:32,S07,20240114
S07/20240114/00010,5,TAX,1,184.62,TAX,14-01-2024 17:16:32,S07,20240114
S07/20240114/00010,6,TENDER,1,1936.13,TENDER,14-01-2024 17:16:32,S07,20240114
S07/20240114/00011,1,P102833,1,644.60,SALE,14-01-2024 17:30:04,S07,20240114
S07/20240114/00011,2,P105219,1,653.26,SALE,14-01-2024 17:30:04,S07,20240114
S07/20240114/00011,3,P104454,1,47.84,SALE,14-01-2024 17:30:04,S07,20240114
S07/20240114/00011,4,P106629,2,51.04,SALE,14-01-2024 17:30:04,S07,20240114
S07/20240114/00011,5,P106813,3,241.11,SALE,14-01-2024 17:30:04,S07,20240114
S07/20240114/00011,6,TAX,1,257.38,TAX,14-01-2024 17:30:04,S07,20240114
S07/20240114/00011,7,TENDER,1,2428.49,TENDER,14-01-2024 17:30:04,S07,20240114
S07/20240114/00012,1,P105323,2,73.95,SALE,14-01-2024 19:36:17,S07,20240114
S07/20240114/00012,2,P103129,5,79.05,SALE,14-01-2024 19:36:17,S07,20240114
S07/20240114/00012,3,P103202,4,262.95,SALE,14-01-2024 19:36:17,S07,20240114
S07/20240114/00012,4,P105313,6,51.83,SALE,14-01-2024 19:36:17,S07,20240114
S07/20240114/00012,5,P102794,4,396.95,SALE,14-01-2024 19:36:17,S07,20240114
S07/20240114/00012,6,TAX,1,204.76,TAX,14-01-2024 19:36:17,S07,20240114
S07/20240114/00012,7,TENDER,1,3698.49,TENDER,14-01-2024 19:36:17,S07,20240114
S07/20240114/00013,1,P106927,1,140.95,SALE,14-01-2024 17:33:40,S07,20240114
S07/20240114/00013,2,P102648,3,435.00,SALE,14-01-2024 17:33:40,S07,20240114
S07/20240114/00013,3,P106900,2,179.85,SALE,14-01-2024 17:33:40,S07,20240114
S07/20240114/00013,4,P100421,2,129.94,SALE,14-01-2024 17:33:40,S07,20240114
S07/20240114/00013,5,P103606,2,178.05,SALE,14-01-2024 17:33:40,S07,20240114
S07/20240114/00013,6,P103542,2,398.89,SALE,14-01-2024 17:33:40,S07,20240114
S07/20240114/00013,7,DISC,1,-108.78,DISCOUNT,14-01-2024 17:33:40,S07,20240114
S07/20240114/00013,8,TAX,1,360.85,TAX,14-01-2024 17:33:40,S07,20240114
S07/20240114/00013,9,TENDER,1,3471.48,TENDER,14-01-2024 17:33:40,S07,20240114
S07/20240114/00014,1,P103413,7,1296.43,SALE,14-01-2024 08:42:43,S07,20240114
S07/20240114/00014,2,P108097,2,84.95,SALE,14-01-2024 08:42:43,S07,20240114
S07/20240114/00014,3,P102471,2,137.95,SALE,14-01-2024 08:42:43,S07,20240114
S07/20240114/00014,4,P105460,2,145.95,SALE,14-01-2024 08:42:43,S07,20240114
S07/20240114/00014,5,P105651,1,110.95,SALE,14-01-2024 08:42:43,S07,20240114
S07/20240114/00014,6,TAX,1,596.31,TAX,14-01-2024 08:42:43,S07,20240114
S07/20240114/00014,7,TENDER,1,10519.97,TENDER,14-01-2024 08:42:43,S07,20240114
S07/20240114/00015,1,P105950,3,1356.49,SALE,14-01-2024 15:54:37,S07,20240114
S07/20240114/00015,2,P103620,3,468.18,SALE,14-01-2024 15:54:37,S07,20240114
S07/20240114/00015,3,P108379,4,284.84,SALE,14-01-2024 15:54:37,S07,20240114
S07/20240114/00015,4,TAX,1,136.72,TAX,14-01-2024 15:54:37,S07,20240114
S07/20240114/00015,5,TENDER,1,6750.09,TENDER,14-01-2024 15:54:37,S07,20240114
S07/20240114/00016,1,P105136,1,158.61,SALE,14-01-2024 16:41:33,S07,20240114
S07/20240114/00016,2,P104032,2,568.95,SALE,14-01-2024 16:41:33,S07,20240114
S07/20240114/00016,3,P102311,3,284.95,SALE,14-01-2024 16:41:33,S07,20240114
S07/20240114/00016,4,P104579,3,67.48,SALE,14-01-2024 16:41:33,S07,20240114
S07/20240114/00016,5,P103629,1,57.95,SALE,14-01-2024 16:41:33,S07,20240114
S07/20240114/00016,6,TAX,1,258.00,TAX,14-01-2024 16:41:33,S07,20240114
S07/20240114/00016,7,TENDER,1,2669.75,TENDER,14-01-2024 16:41:33,S07,20240114
S07/20240114/00017,1,P102175,3,171.07,SALE,14-01-2024 11:16:10,S07,20240114
S07/20240114/00017,2,P101859,2,64.95,SALE,14-01-2024 11:16:10,S07,20240114
S07/20240114/00017,3,P104541,2,144.95,SALE,14-01-2024 11:16:10,S07,20240114
S07/20240114/00017,4,TAX,1,30.08,TAX,14-01-2024 11:16:10,S07,20240114
S07/20240114/00017,5,TENDER,1,963.09,TENDER,14-01-2024 11:16:10,S07,20240114
S07/20240114/00018,1,P105507,5,19.95,SALE,14-01-2024 15:00:43,S07,20240114
S07/20240114/00018,2,P101213,1,232.84,SALE,14-01-2024 15:00:43,S07,20240114
S07/20240114/00018,3,P104842,1,357.87,SALE,14-01-2024 15:00:43,S07,20240114
S07/20240114/00018,4,P103749,3,13.83,SALE,14-01-2024 15:00:43,S07,20240114
S07/20240114/00018,5,TAX,1,92.32,TAX,14-01-2024 15:00:43,S07,20240114
S07/20240114/00018,6,TENDER,1,824.27,TENDER,14-01-2024 15:00:43,S07,20240114
S07/20240114/00019,1,P104194,2,119.04,SALE,14-01-2024 15:17:00,S07,20240114
S07/20240114/00019,2,P107435,2,549.51,SALE,14-01-2024 15:17:00,S07,20240114
S07/20240114/00019,3,P102892,1,220.95,SALE,14-01-2024 15:17:00,S07,20240114
S07/20240114/00019,4,P105479,4,237.28,SALE,14-01-2024 15:17:00,S07,20240114
S07/20240114/00019,5,P100362,3,270.89,SALE,14-01-2024 15:17:00,S07,20240114
S07/20240114/00019,6,P103281,3,163.32,SALE,14-01-2024 15:17:00,S07,20240114
S07/20240114/00019,7,TAX,1,482.54,TAX,14-01-2024 15:17:00,S07,20240114
S07/20240114/00019,8,TENDER,1,4292.34,TENDER,14-01-2024 15:17:00,S07,20240114
S07/20240114/00020,1,P107526,2,42.95,SALE,14-01-2024 19:59:51,S07,20240114
S07/20240114/00020,2,P105112,3,179.95,SALE,14-01-2024 19:59:51,S07,20240114
S07/20240114/00020,3,P108067,2,621.95,SALE,14-01-2024 19:59:51,S07,20240114
S07/20240114/00020,4,P107327,2,1146.95,SALE,14-01-2024 19:59:51,S07,20240114
S07/20240114/00020,5,TAX,1,42.45,TAX,14-01-2024 19:59:51,S07,20240114
S07/20240114/00020,6,TENDER,1,4206.00,TENDER,14-01-2024 19:59:51,S07,20240114
S07/20240114/00021,1,P103155,2,243.23,SALE,14-01-2024 16:38:40,S07,20240114
S07/20240114/00021,2,P100210,1,1071.95,SALE,14-01-2024 16:38:40,S07,20240114
S07/20240114/00021,3,P107623,2,414.95,SALE,14-01-2024 16:38:40,S07,20240114
S07/20240114/00021,4,P108258,1,54.39,SALE,14-01-2024 16:38:40,S07,20240114
S07/20240114/00021,5,P107859,4,130.84,SALE,14-01-2024 16:38:40,S07,20240114
S07/20240114/00021,6,TAX,1,401.54,TAX,14-01-2024 16:38:40,S07,20240114
S07/20240114/00021,7,TENDER,1,3367.60,TENDER,14-01-2024 16:38:40,S07,20240114
S07/20240114/00022,1,P100658,2,46.95,SALE,14-01-2024 15:32:31,S07,20240114
S07/20240114/00022,2,P102272,2,373.95,SALE,14-01-2024 15:32:31,S07,20240114
S07/20240114/00022,3,P102006,3,1424.95,SALE,14-01-2024 15:32:31,S07,20240114
S07/20240114/00022,4,P104772,3,277.95,SALE,14-01-2024 15:32:31,S07,20240114
S07/20240114/00022,5,P100940,2,171.39,SALE,14-01-2024 15:32:31,S07,20240114
S07/20240114/00022,6,P108234,2,31.46,SALE,14-01-2024 15:32:31,S07,20240114
S07/20240114/00022,7,TAX,1,312.87,TAX,14-01-2024 15:32:31,S07,20240114
S07/20240114/00022,8,TENDER,1,6669.07,TENDER,14-01-2024 15:32:31,S07,20240114
S07/20240114/00023,1,P105698,2,177.90,SALE,14-01-2024 13:08:28,S07,20240114
S07/20240114/00023,2,P105069,2,162.60,SALE,14-01-2024 13:08:28,S07,20240114
S07/20240114/00023,3,P100911,1,70.70,SALE,14-01-2024 13:08:28,S07,20240114
S07/20240114/00023,4,P101884,1,352.98,SALE,14-01-2024 13:08:28,S07,20240114
S07/20240114/00023,5,P101626,2,941.95,SALE,14-01-2024 13:08:28,S07,20240114
S07/20240114/00023,6,P100183,3,1426.11,SALE,14-01-2024 13:08:28,S07,20240114
S07/20240114/00023,7,P100819,2,1140.00,SALE,14-01-2024 13:08:28,S07,20240114
S07/20240114/00023,8,TAX,1,907.94,TAX,14-01-2024 13:08:28,S07,20240114
S07/20240114/00023,9,TENDER,1,10454.85,TENDER,14-01-2024 13:08:28,S07,20240114
S07/20240114/00024,1,P100582,4,150.30,SALE,14-01-2024 19:33:36,S07,20240114
S07/20240114/00024,2,P102397,1,355.28,SALE,14-01-2024 19:33:36,S07,20240114
S07/20240114/00024,3,P100621,5,226.51,SALE,14-01-2024 19:33:36,S07,20240114
S07/20240114/00024,4,P107989,1,184.95,SALE,14-01-2024 19:33:36,S07,20240114
S07/20240114/00024,5,TAX,1,240.77,TAX,14-01-2024 19:33:36,S07,20240114
S07/20240114/00024,6,TENDER,1,2514.75,TENDER,14-01-2024 19:33:36,S07,20240114
S07/20240114/00025,1,P100210,3,1071.95,SALE,14-01-2024 18:47:16,S07,20240114
S07/20240114/00025,2,P106844,1,22.95,SALE,14-01-2024 18:47:16,S07,20240114
S07/20240114/00025,3,P102849,3,641.17,SALE,14-01-2024 18:47:16,S07,20240114
S07/20240114/00025,4,P101796,1,948.95,SALE,14-01-2024 18:47:16,S07,20240114
S07/20240114/00025,5,P104236,5,274.58,SALE,14-01-2024 18:47:16,S07,20240114
S07/20240114/00025,6,P108227,4,551.58,SALE,14-01-2024 18:47:16,S07,20240114
S07/20240114/00025,7,TAX,1,915.42,TAX,14-01-2024 18:47:16,S07,20240114
S07/20240114/00025,8,TENDER,1,10605.90,TENDER,14-01-2024 18:47:16,S07,20240114
S07/20240114/00026,1,P104891,3,692.94,SALE,14-01-2024 15:00:56,S07,20240114
S07/20240114/00026,2,P106035,3,89.95,SALE,14-01-2024 15:00:56,S07,20240114
S07/20240114/00026,3,P108179,1,284.95,SALE,14-01-2024 15:00:56,S07,20240114
S07/20240114/00026,4,P101404,2,214.54,SALE,14-01-2024 15:00:56,S07,20240114
S07/20240114/00026,5,TAX,1,353.68,TAX,14-01-2024 15:00:56,S07,20240114
S07/20240114/00026,6,TENDER,1,3416.38,TENDER,14-01-2024 15:00:56,S07,20240114
S07/20240114/00027,1,P100582,4,150.30,SALE,14-01-2024 22:46:58,S07,20240114
S07/20240114/00027,2,P108258,3,54.39,SALE,14-01-2024 22:46:58,S07,20240114
S07/20240114/00027,3,P101201,3,41.95,SALE,14-01-2024 22:46:58,S07,20240114
S07/20240114/00027,4,P100106,2,287.42,SALE,14-01-2024 22:46:58,S07,20240114
S07/20240114/00027,5,P101384,4,43.95,SALE,14-01-2024 22:46:58,S07,20240114
S07/20240114/00027,6,P104872,1,132.95,SALE,14-01-2024 22:46:58,S07,20240114
S07/20240114/00027,7,P102054,3,133.39,SALE,14-01-2024 22:46:58,S07,20240114
S07/20240114/00027,8,TAX,1,292.10,TAX,14-01-2024 22:46:58,S07,20240114
S07/20240114/00027,9,TENDER,1,2466.08,TENDER,14-01-2024 22:46:58,S07,20240114
S07/20240114/00028,1,P103843,2,656.62,SALE,14-01-2024 19:54:26,S07,20240114
S07/20240114/00028,2,P107526,1,42.95,SALE,14-01-2024 19:54:26,S07,20240114
S07/20240114/00028,3,P107799,2,738.35,SALE,14-01-2024 19:54:26,S07,20240114
S07/20240114/00028,4,P107575,1,65.95,SALE,14-01-2024 19:54:26,S07,20240114
S07/20240114/00028,5,P102114,1,128.95,SALE,14-01-2024 19:54:26,S07,20240114
S07/20240114/00028,6,P100855,2,290.71,SALE,14-01-2024 19:54:26,S07,20240114
S07/20240114/00028,7,P108221,2,51.41,SALE,14-01-2024 19:54:26,S07,20240114
S07/20240114/00028,8,P106399,3,1107.95,SALE,14-01-2024 19:54:26,S07,20240114
S07/20240114/00028,9,TAX,1,846.42,TAX,14-01-2024 19:54:26,S07,20240114
S07/20240114/00028,10,TENDER,1,7882.30,TENDER,14-01-2024 19:54:26,S07,20240114
S07/20240114/00029,1,P103234,3,121.56,SALE,14-01-2024 11:35:20,S07,20240114
S07/20240114/00029,2,P107115,2,173.36,SALE,14-01-2024 11:35:20,S07,20240114
S07/20240114/00029,3,P106059,3,271.95,SALE,14-01-2024 11:35:20,S07,20240114
S07/20240114/00029,4,P100074,2,54.95,SALE,14-01-2024 11:35:20,S07,20240114
S07/20240114/00029,5,TAX,1,235.33,TAX,14-01-2024 11:35:20,S07,20240114
S07/20240114/00029,6,TENDER,1,1872.48,TENDER,14-01-2024 11:35:20,S07,20240114
S07/20240114/00030,1,P103973,2,103.20,SALE,14-01-2024 14:32:54,S07,20240114
S07/20240114/00030,2,P101842,5,210.53,SALE,14-01-2024 14:32:54,S07,20240114
S07/20240114/00030,3,P106735,1,320.99,SALE,14-01-2024 14:32:54,S07,20240114
S07/20240114/00030,4,P100210,3,1071.95,SALE,14-01-2024 14:32:54,S07,20240114
S07/20240114/00030,5,P105145,5,645.03,SALE,14-01-2024 14:32:54,S07,20240114
S07/20240114/00030,6,P104042,5,346.95,SALE,14-01-2024 14:32:54,S07,20240114
S07/20240114/00030,7,P107072,1,193.95,SALE,14-01-2024 14:32:54,S07,20240114
S07/20240114/00030,8,TAX,1,764.91,TAX,14-01-2024 14:32:54,S07,20240114
S07/20240114/00030,9,TENDER,1,10714.65,TENDER,14-01-2024 14:32:54,S07,20240114
S07/20240114/00031,1,P103843,1,656.62,SALE,14-01-2024 16:57:05,S07,20240114
S07/20240114/00031,2,P108292,3,104.02,SALE,14-01-2024 16:57:05,S07,20240114
S07/20240114/00031,3,DISC,1,-28.30,DISCOUNT,14-01-2024 16:57:05,S07,20240114
S07/20240114/00031,4,TAX,1,114.74,TAX,14-01-2024 16:57:05,S07,20240114
S07/20240114/00031,5,TENDER,1,1055.12,TENDER,14-01-2024 16:57:05,S07,20240114
S07/20240114/00032,1,P102243,3,133.95,SALE,14-01-2024 17:46:36,S07,20240114
S07/20240114/00032,2,P103760,3,94.95,SALE,14-01-2024 17:46:36,S07,20240114
S07/20240114/00032,3,TAX,1,71.37,TAX,14-01-2024 17:46:36,S07,20240114
S07/20240114/00032,4,TENDER,1,758.07,TENDER,14-01-2024 17:46:36,S07,20240114
S07/20240114/00033,1,P108338,3,218.68,SALE,14-01-2024 18:48:43,S07,20240114
S07/20240114/00033,2,P107226,3,86.90,SALE,14-01-2024 18:48:43,S07,20240114
S07/20240114/00033,3,P102993,2,293.96,SALE,14-01-2024 18:48:43,S07,20240114
S07/20240114/00033,4,DISC,1,-147.80,DISCOUNT,14-01-2024 18:48:43,S07,20240114
S07/20240114/00033,5,TAX,1,175.31,TAX,14-01-2024 18:48:43,S07,20240114
S07/20240114/00033,6,TENDER,1,1532.17,TENDER,14-01-2024 18:48:43,S07,20240114
S07/20240114/00034,1,P102531,1,152.69,SALE,14-01-2024 22:21:34,S07,20240114
S07/20240114/00034,2,P106813,3,241.11,SALE,14-01-2024 22:21:34,S07,20240114
S07/20240114/00034,3,P104950,4,91.01,SALE,14-01-2024 22:21:34,S07,20240114
S07/20240114/00034,4,TAX,1,170.65,TAX,14-01-2024 22:21:34,S07,20240114
S07/20240114/00034,5,TENDER,1,1410.71,TENDER,14-01-2024 22:21:34,S07,20240114
S07/20240115/00001,1,P104358,1,1189.17,SALE,15-01-2024 19:32:55,S07,20240115
S07/20240115/00001,2,P100140,4,57.95,SALE,15-01-2024 19:32:55,S07,20240115
S07/20240115/00001,3,P102217,2,65.41,SALE,15-01-2024 19:32:55,S07,20240115
S07/20240115/00001,4,TAX,1,184.42,TAX,15-01-2024 19:32:55,S07,20240115
S07/20240115/00001,5,TENDER,1,1736.21,TENDER,15-01-2024 19:32:55,S07,20240115
S07/20240115/00002,1,P102531,4,152.69,SALE,15-01-2024 16:11:13,S07,20240115
S07/20240115/00002,2,P106254,2,1091.24,SALE,15-01-2024 16:11:13,S07,20240115
S07/20240115/00002,3,P103111,1,36.75,SALE,15-01-2024 16:11:13,S07,20240115
S07/20240115/00002,4,P107899,1,197.21,SALE,15-01-2024 16:11:13,S07,20240115
S07/20240115/00002,5,TAX,1,84.99,TAX,15-01-2024 16:11:13,S07,20240115
S07/20240115/00002,6,TENDER,1,3112.19,TENDER,15-01-2024 16:11:13,S07,20240115
S07/20240115/00003,1,P102404,2,338.70,SALE,15-01-2024 16:16:53,S07,20240115
S07/20240115/00003,2,P100387,3,108.70,SALE,15-01-2024 16:16:53,S07,20240115
S07/20240115/00003,3,TAX,1,16.31,TAX,15-01-2024 16:16:53,S07,20240115
S07/20240115/00003,4,TENDER,1,1019.81,TENDER,15-01-2024 16:16:53,S07,20240115
S07/20240115/00004,1,P108221,2,51.41,SALE,15-01-2024 16:17:44,S07,20240115
S07/20240115/00004,2,P106648,3,330.96,SALE,15-01-2024 16:17:44,S07,20240115
S07/20240115/00004,3,P102346,1,79.95,SALE,15-01-2024 16:17:44,S07,20240115
S07/20240115/00004,4,TAX,1,77.75,TAX,15-01-2024 16:17:44,S07,20240115
S07/20240115/00004,5,TENDER,1,1253.40,TENDER,15-01-2024 16:17:44,S07,20240115
S07/20240115/00005,1,P106679,2,172.95,SALE,15-01-2024 09:52:21,S07,20240115
S07/20240115/00005,2,P108302,2,855.55,SALE,15-01-2024 09:52:21,S07,20240115
S07/20240115/00005,3,P107026,1,65.23,SALE,15-01-2024 09:52:21,S07,20240115
S07/20240115/00005,4,P104526,1,332.95,SALE,15-01-2024 09:52:21,S07,20240115
S07/20240115/00005,5,TAX,1,113.94,TAX,15-01-2024 09:52:21,S07,20240115
S07/20240115/00005,6,TENDER,1,2569.12,TENDER,15-01-2024 09:52:21,S07,20240115
S07/20240115/00006,1,P103004,2,72.83,SALE,15-01-2024 17:40:10,S07,20240115
S07/20240115/00006,2,P108186,3,315.95,SALE,15-01-2024 17:40:10,S07,20240115
S07/20240115/00006,3,P104048,2,155.95,SALE,15-01-2024 17:40:10,S07,20240115
S07/20240115/00006,4,P103259,2,298.27,SALE,15-01-2024 17:40:10,S07,20240115
S07/20240115/00006,5,TAX,1,158.45,TAX,15-01-2024 17:40:10,S07,20240115
S07/20240115/00006,6,TENDER,1,2160.40,TENDER,15-01-2024 17:40:10,S07,20240115
S07/20240115/00007,1,P101359,1,438.42,SALE,15-01-2024 07:36:07,S07,20240115
S07/20240115/00007,2,P100260,4,947.15,SALE,15-01-2024 07:36:07,S07,20240115
S07/20240115/00007,3,P103111,2,36.75,SALE,15-01-2024 07:36:07,S07,20240115
S07/20240115/00007,4,P104944,3,42.95,SALE,15-01-2024 07:36:07,S07,20240115
S07/20240115/00007,5,P105313,2,51.83,SALE,15-01-2024 07:36:07,S07,20240115
S07/20240115/00007,6,P100221,3,140.95,SALE,15-01-2024 07:36:07,S07,20240115
S07/20240115/00007,7,P105838,2,594.50,SALE,15-01-2024 07:36:07,S07,20240115
S07/20240115/00007,8,P106123,2,244.95,SALE,15-01-2024 07:36:07,S07,20240115
S07/20240115/00007,9,P101884,1,352.98,SALE,15-01-2024 07:36:07,S07,20240115
S07/20240115/00007,10,P104133,1,247.95,SALE,15-01-2024 07:36:07,S07,20240115
S07/20240115/00007,11,TAX,1,198.88,TAX,15-01-2024 07:36:07,S07,20240115
S07/20240115/00007,12,TENDER,1,7434.59,TENDER,15-01-2024 07:36:07,S07,20240115
S07/20240115/00008,1,P103364,1,105.92,SALE,15-01-2024 13:38:59,S07,20240115
S07/20240115/00008,2,P106553,1,125.08,SALE,15-01-2024 13:38:59,S07,20240115
S07/20240115/00008,3,P103559,2,370.21,SALE,15-01-2024 13:38:59,S07,20240115
S07/20240115/00008,4,TAX,1,59.54,TAX,15-01-2024 13:38:59,S07,20240115
S07/20240115/00008,5,TENDER,1,1030.96,TENDER,15-01-2024 13:38:59,S07,20240115
S07/20240115/00009,1,P103074,1,52.85,SALE,15-01-2024 14:17:26,S07,20240115
S07/20240115/00009,2,P107767,2,468.44,SALE,15-01-2024 14:17:26,S07,20240115
S07/20240115/00009,3,P107018,3,179.95,SALE,15-01-2024 14:17:26,S07,20240115
S07/20240115/00009,4,P108032,3,660.37,SALE,15-01-2024 14:17:26,S07,20240115
S07/20240115/00009,5,P107996,4,211.95,SALE,15-01-2024 14:17:26,S07,20240115
S07/20240115/00009,6,TAX,1,363.47,TAX,15-01-2024 14:17:26,S07,20240115
S07/20240115/00009,7,TENDER,1,4721.96,TENDER,15-01-2024 14:17:26,S07,20240115
S07/20240115/00010,1,P107365,2,934.48,SALE,15-01-2024 09:27:46,S07,20240115
S07/20240115/00010,2,TAX,1,224.28,TAX,15-01-2024 09:27:46,S07,20240115
S07/20240115/00010,3,TENDER,1,2093.24,TENDER,15-01-2024 09:27:46,S07,20240115
S07/20240115/00011,1,P103654,2,424.48,SALE,15-01-2024 13:37:58,S07,20240115
S07/20240115/00011,2,P108346,3,478.23,SALE,15-01-2024 13:37:58,S07,20240115
S07/20240115/00011,3,P102975,1,226.32,SALE,15-01-2024 13:37:58,S07,20240115
S07/20240115/00011,4,TAX,1,154.92,TAX,15-01-2024 13:37:58,S07,20240115
S07/20240115/00011,5,TENDER,1,2664.89,TENDER,15-01-2024 13:37:58,S07,20240115
S07/20240115/00012,1,P101279,2,217.77,SALE,15-01-2024 14:13:23,S07,20240115
S07/20240115/00012,2,P105656,1,438.95,SALE,15-01-2024 14:13:23,S07,20240115
S07/20240115/00012,3,P103908,1,104.62,SALE,15-01-2024 14:13:23,S07,20240115
S07/20240115/00012,4,P108397,1,272.95,SALE,15-01-2024 14:13:23,S07,20240115
S07/20240115/00012,5,DISC,1,-37.74,DISCOUNT,15-01-2024 14:13:23,S07,20240115
S07/20240115/00012,6,TAX,1,43.94,TAX,15-01-2024 14:13:23,S07,20240115
S07/20240115/00012,7,TENDER,1,1258.26,TENDER,15-01-2024 14:13:23,S07,20240115
S07/20240115/00013,1,P106848,2,16.02,SALE,15-01-2024 11:31:47,S07,20240115
S07/20240115/00013,2,P105937,1,267.29,SALE,15-01-2024 11:31:47,S07,20240115
S07/20240115/00013,3,P105923,1,242.95,SALE,15-01-2024 11:31:47,S07,20240115
S07/20240115/00013,4,DISC,1,-48.02,DISCOUNT,15-01-2024 11:31:47,S07,20240115
S07/20240115/00013,5,TAX,1,54.92,TAX,15-01-2024 11:31:47,S07,20240115
S07/20240115/00013,6,TENDER,1,549.18,TENDER,15-01-2024 11:31:47,S07,20240115
S07/20240115/00014,1,P104517,2,1474.90,SALE,15-01-2024 13:48:32,S07,20240115
S07/20240115/00014,2,P103668,1,1416.40,SALE,15-01-2024 13:48:32,S07,20240115
S07/20240115/00014,3,P103882,2,269.95,SALE,15-01-2024 13:48:32,S07,20240115
S07/20240115/00014,4,P107047,1,396.95,SALE,15-01-2024 13:48:32,S07,20240115
S07/20240115/00014,5,P106254,2,1091.24,SALE,15-01-2024 13:48:32,S07,20240115
S07/20240115/00014,6,TAX,1,215.64,TAX,15-01-2024 13:48:32,S07,20240115
S07/20240115/00014,7,TENDER,1,7701.17,TENDER,15-01-2024 13:48:32,S07,20240115
S07/20240115/00015,1,P107449,5,1182.44,SALE,15-01-2024 12:40:19,S07,20240115
S07/20240115/00015,2,P100453,1,195.74,SALE,15-01-2024 12:40:19,S07,20240115
S07/20240115/00015,3,TAX,1,732.95,TAX,15-01-2024 12:40:19,S07,20240115
S07/20240115/00015,4,TENDER,1,6840.89,TENDER,15-01-2024 12:40:19,S07,20240115
S07/20240115/00016,1,P106703,2,74.15,SALE,15-01-2024 13:29:23,S07,20240115
S07/20240115/00016,2,P101613,2,109.83,SALE,15-01-2024 13:29:23,S07,20240115
S07/20240115/00016,3,P101859,2,64.95,SALE,15-01-2024 13:29:23,S07,20240115
S07/20240115/00016,4,P100198,2,156.66,SALE,15-01-2024 13:29:23,S07,20240115
S07/20240115/00016,5,DISC,1,-72.13,DISCOUNT,15-01-2024 13:29:23,S07,20240115
S07/20240115/00016,6,TAX,1,71.25,TAX,15-01-2024 13:29:23,S07,20240115
S07/20240115/00016,7,TENDER,1,810.30,TENDER,15-01-2024 13:29:23,S07,20240115
S07/20240115/00017,1,P101023,3,193.95,SALE,15-01-2024 17:22:01,S07,20240115
S07/20240115/00017,2,P101321,2,24.76,SALE,15-01-2024 17:22:01,S07,20240115
S07/20240115/00017,3,P106353,1,244.95,SALE,15-01-2024 17:22:01,S07,20240115
S07/20240115/00017,4,P101404,2,214.54,SALE,15-01-2024 17:22:01,S07,20240115
S07/20240115/00017,5,P105651,2,110.95,SALE,15-01-2024 17:22:01,S07,20240115
S07/20240115/00017,6,P101789,4,336.02,SALE,15-01-2024 17:22:01,S07,20240115
S07/20240115/00017,7,TAX,1,210.70,TAX,15-01-2024 17:22:01,S07,20240115
S07/20240115/00017,8,TENDER,1,3082.08,TENDER,15-01-2024 17:22:01,S07,20240115
S07/20240115/00018,1,P104789,2,65.95,SALE,16-01-2024 00:38:53,S07,20240115
S07/20240115/00018,2,P100287,1,218.95,SALE,16-01-2024 00:38:53,S07,20240115
S07/20240115/00018,3,P107327,4,1146.95,SALE,16-01-2024 00:38:53,S07,20240115
S07/20240115/00018,4,P104541,2,144.95,SALE,16-01-2024 00:38:53,S07,20240115
S07/20240115/00018,5,P100781,1,611.95,SALE,16-01-2024 00:38:53,S07,20240115
S07/20240115/00018,6,TAX,1,150.92,TAX,16-01-2024 00:38:53,S07,20240115
S07/20240115/00018,7,TENDER,1,5991.42,TENDER,16-01-2024 00:38:53,S07,20240115
S07/20240115/00019,1,P107589,3,251.81,SALE,15-01-2024 17:35:34,S07,20240115
S07/20240115/00019,2,P104558,2,396.14,SALE,15-01-2024 17:35:34,S07,20240115
S07/20240115/00019,3,P100722,4,287.33,SALE,15-01-2024 17:35:34,S07,20240115
S07/20240115/00019,4,P101842,1,210.53,SALE,15-01-2024 17:35:34,S07,20240115
S07/20240115/00019,5,P101925,2,164.95,SALE,15-01-2024 17:35:34,S07,20240115
S07/20240115/00019,6,TAX,1,300.96,TAX,15-01-2024 17:35:34,S07,20240115
S07/20240115/00019,7,TENDER,1,3538.42,TENDER,15-01-2024 17:35:34,S07,20240115
S07/20240115/00020,1,P102534,1,98.12,SALE,15-01-2024 20:19:17,S07,20240115
S07/20240115/00020,2,P103584,3,402.02,SALE,15-01-2024 20:19:17,S07,20240115
S07/20240115/00020,3,P107767,1,468.44,SALE,15-01-2024 20:19:17,S07,20240115
S07/20240115/00020,4,P103449,2,373.19,SALE,15-01-2024 20:19:17,S07,20240115
S07/20240115/00020,5,P100007,2,129.42,SALE,15-01-2024 20:19:17,S07,20240115
S07/20240115/00020,6,P101292,1,364.42,SALE,15-01-2024 20:19:17,S07,20240115
S07/20240115/00020,7,P107508,3,1450.59,SALE,15-01-2024 20:19:17,S07,20240115
S07/20240115/00020,8,TAX,1,882.52,TAX,15-01-2024 20:19:17,S07,20240115
S07/20240115/00020,9,TENDER,1,8376.55,TENDER,15-01-2024 20:19:17,S07,20240115
S07/20240116/00001,1,P105797,1,243.46,SALE,16-01-2024 11:00:27,S07,20240116
S07/20240116/00001,2,P103155,1,243.23,SALE,16-01-2024 11:00:27,S07,20240116
S07/20240116/00001,3,P107549,1,47.87,SALE,16-01-2024 11:00:27,S07,20240116
S07/20240116/00001,4,P105553,1,739.86,SALE,16-01-2024 11:00:27,S07,20240116
S07/20240116/00001,5,P105209,1,367.95,SALE,16-01-2024 11:00:27,S07,20240116
S07/20240116/00001,6,TAX,1,251.24,TAX,16-01-2024 11:00:27,S07,20240116
S07/20240116/00001,7,TENDER,1,1893.61,TENDER,16-01-2024 11:00:27,S07,20240116
S07/20240116/00002,1,P102857,2,114.95,SALE,16-01-2024 13:57:28,S07,20240116
S07/20240116/00002,2,P107822,3,68.95,SALE,16-01-2024 13:57:28,S07,20240116
S07/20240116/00002,3,TAX,1,78.62,TAX,16-01-2024 13:57:28,S07,20240116
S07/20240116/00002,4,TENDER,1,515.37,TENDER,16-01-2024 13:57:28,S07,20240116
S07/20240116/00003,1,P101710,1,307.38,SALE,16-01-2024 08:53:25,S07,20240116
S07/20240116/00003,2,P107952,3,1852.40,SALE,16-01-2024 08:53:25,S07,20240116
S07/20240116/00003,3,P102175,1,171.07,SALE,16-01-2024 08:53:25,S07,20240116
S07/20240116/00003,4,TAX,1,36.89,TAX,16-01-2024 08:53:25,S07,20240116
S07/20240116/00003,5,TENDER,1,6072.54,TENDER,16-01-2024 08:53:25,S07,20240116
S07/20240116/00004,1,P105136,2,158.61,SALE,16-01-2024 16:42:23,S07,20240116
S07/20240116/00004,2,P100543,1,123.06,SALE,16-01-2024 16:42:23,S07,20240116
S07/20240116/00004,3,P100260,1,947.15,SALE,16-01-2024 16:42:23,S07,20240116
S07/20240116/00004,4,TAX,1,0.00,TAX,16-01-2024 16:42:23,S07,20240116
S07/20240116/00004,5,TENDER,1,1387.43,TENDER,16-01-2024 16:42:23,S07,20240116
S07/20240116/00005,1,P106512,1,364.95,SALE,16-01-2024 20:40:17,S07,20240116
S07/20240116/00005,2,P102129,1,252.76,SALE,16-01-2024 20:40:17,S07,20240116
S07/20240116/00005,3,P106757,2,398.95,SALE,16-01-2024 20:40:17,S07,20240116
S07/20240116/00005,4,P102397,3,355.28,SALE,16-01-2024 20:40:17,S07,20240116
S07/20240116/00005,5,TAX,1,246.12,TAX,16-01-2024 20:40:17,S07,20240116
S07/20240116/00005,6,TENDER,1,2727.57,TENDER,16-01-2024 20:40:17,S07,20240116
S07/20240116/00006,1,P108239,1,238.81,SALE,16-01-2024 17:15:54,S07,20240116
S07/20240116/00006,2,P101225,2,452.38,SALE,16-01-2024 17:15:54,S07,20240116
S07/20240116/00006,3,P103777,2,44.82,SALE,16-01-2024 17:15:54,S07,20240116
S07/20240116/00006,4,P107446,1,561.07,SALE,16-01-2024 17:15:54,S07,20240116
S07/20240116/00006,5,P107623,3,414.95,SALE,16-01-2024 17:15:54,S07,20240116
S07/20240116/00006,6,TAX,1,481.10,TAX,16-01-2024 17:15:54,S07,20240116
S07/20240116/00006,7,TENDER,1,3520.23,TENDER,16-01-2024 17:15:54,S07,20240116
S07/20240116/00007,1,P104789,2,65.95,SALE,16-01-2024 15:06:00,S07,20240116
S07/20240116/00007,2,P107662,1,249.95,SALE,16-01-2024 15:06:00,S07,20240116
S07/20240116/00007,3,P101345,2,69.59,SALE,16-01-2024 15:06:00,S07,20240116
S07/20240116/00007,4,P102549,1,114.02,SALE,16-01-2024 15:06:00,S07,20240116
S07/20240116/00007,5,P103978,2,347.08,SALE,16-01-2024 15:06:00,S07,20240116
S07/20240116/00007,6,P103484,2,109.59,SALE,16-01-2024 15:06:00,S07,20240116
S07/20240116/00007,7,DISC,1,-69.82,DISCOUNT,16-01-2024 15:06:00,S07,20240116
S07/20240116/00007,8,TAX,1,125.87,TAX,16-01-2024 15:06:00,S07,20240116
S07/20240116/00007,9,TENDER,1,1604.44,TENDER,16-01-2024 15:06:00,S07,20240116
S07/20240116/00008,1,P100959,1,244.95,SALE,16-01-2024 19:13:30,S07,20240116
S07/20240116/00008,2,P108026,1,81.25,SALE,16-01-2024 19:13:30,S07,20240116
S07/20240116/00008,3,P105490,2,149.44,SALE,16-01-2024 19:13:30,S07,20240116
S07/20240116/00008,4,P107409,3,419.09,SALE,16-01-2024 19:13:30,S07,20240116
S07/20240116/00008,5,P104417,3,322.95,SALE,16-01-2024 19:13:30,S07,20240116
S07/20240116/00008,6,TAX,1,291.64,TAX,16-01-2024 19:13:30,S07,20240116
S07/20240116/00008,7,TENDER,1,3142.84,TENDER,16-01-2024 19:13:30,S07,20240116
S07/20240116/00009,1,P107463,2,177.06,SALE,16-01-2024 14:42:01,S07,20240116
S07/20240116/00009,2,P106776,4,404.48,SALE,16-01-2024 14:42:01,S07,20240116
S07/20240116/00009,3,P105838,2,594.50,SALE,16-01-2024 14:42:01,S07,20240116
S07/20240116/00009,4,TAX,1,144.64,TAX,16-01-2024 14:42:01,S07,20240116
S07/20240116/00009,5,TENDER,1,3305.68,TENDER,16-01-2024 14:42:01,S07,20240116
S07/20240116/00010,1,P100380,2,134.99,SALE,16-01-2024 16:25:55,S07,20240116
S07/20240116/00010,2,P100494,5,64.52,SALE,16-01-2024 16:25:55,S07,20240116
S07/20240116/00010,3,P102035,1,493.95,SALE,16-01-2024 16:25:55,S07,20240116
S07/20240116/00010,4,P106336,5,456.47,SALE,16-01-2024 16:25:55,S07,20240116
S07/20240116/00010,5,P102480,3,186.53,SALE,16-01-2024 16:25:55,S07,20240116
S07/20240116/00010,6,P104107,4,475.22,SALE,16-01-2024 16:25:55,S07,20240116
S07/20240116/00010,7,TAX,1,896.12,TAX,16-01-2024 16:25:55,S07,20240116
S07/20240116/00010,8,TENDER,1,6725.47,TENDER,16-01-2024 16:25:55,S07,20240116
S07/20240116/00011,1,P101004,1,700.09,SALE,16-01-2024 19:51:36,S07,20240116
S07/20240116/00011,2,P107409,4,419.09,SALE,16-01-2024 19:51:36,S07,20240116
S07/20240116/00011,3,P106035,3,89.95,SALE,16-01-2024 19:51:36,S07,20240116
S07/20240116/00011,4,P102096,4,1067.74,SALE,16-01-2024 19:51:36,S07,20240116
S07/20240116/00011,5,DISC,1,-317.57,DISCOUNT,16-01-2024 19:51:36,S07,20240116
S07/20240116/00011,6,TAX,1,695.45,TAX,16-01-2024 19:51:36,S07,20240116
S07/20240116/00011,7,TENDER,1,7295.14,TENDER,16-01-2024 19:51:36,S07,20240116
S07/20240116/00012,1,P106602,3,120.10,SALE,16-01-2024 15:35:22,S07,20240116
S07/20240116/00012,2,P103542,3,398.89,SALE,16-01-2024 15:35:22,S07,20240116
S07/20240116/00012,3,P101208,1,521.19,SALE,16-01-2024 15:35:22,S07,20240116
S07/20240116/00012,4,P104072,4,650.20,SALE,16-01-2024 15:35:22,S07,20240116
S07/20240116/00012,5,P107575,1,65.95,SALE,16-01-2024 15:35:22,S07,20240116
S07/20240116/00012,6,P101090,2,22.95,SALE,16-01-2024 15:35:22,S07,20240116
S07/20240116/00012,7,TAX,1,299.92,TAX,16-01-2024 15:35:22,S07,20240116
S07/20240116/00012,8,TENDER,1,5090.73,TENDER,16-01-2024 15:35:22,S07,20240116
S07/20240116/00013,1,P104827,1,146.13,SALE,16-01-2024 17:43:12,S07,20240116
S07/20240116/00013,2,P103262,3,54.76,SALE,16-01-2024 17:43:12,S07,20240116
S07/20240116/00013,3,P102160,2,221.62,SALE,16-01-2024 17:43:12,S07,20240116
S07/20240116/00013,4,P100744,2,61.87,SALE,16-01-2024 17:43:12,S07,20240116
S07/20240116/00013,5,P105246,2,827.34,SALE,16-01-2024 17:43:12,S07,20240116
S07/20240116/00013,6,P107984,2,340.95,SALE,16-01-2024 17:43:12,S07,20240116
S07/20240116/00013,7,TAX,1,273.07,TAX,16-01-2024 17:43:12,S07,20240116
S07/20240116/00013,8,TENDER,1,3487.04,TENDER,16-01-2024 17:43:12,S07,20240116
S07/20240116/00014,1,P103496,2,70.71,SALE,16-01-2024 12:31:35,S07,20240116
S07/20240116/00014,2,P106151,1,289.47,SALE,16-01-2024 12:31:35,S07,20240116
S07/20240116/00014,3,P104462,2,79.95,SALE,16-01-2024 12:31:35,S07,20240116
S07/20240116/00014,4,P107094,1,87.94,SALE,16-01-2024 12:31:35,S07,20240116
S07/20240116/00014,5,P102485,3,202.08,SALE,16-01-2024 12:31:35,S07,20240116
S07/20240116/00014,6,TAX,1,114.33,TAX,16-01-2024 12:31:35,S07,20240116
S07/20240116/00014,7,TENDER,1,1399.30,TENDER,16-01-2024 12:31:35,S07,20240116
S07/20240116/00015,1,P108001,5,87.00,SALE,16-01-2024 13:59:28,S07,20240116
S07/20240116/00015,2,P100453,4,195.74,SALE,16-01-2024 13:59:28,S07,20240116
S07/20240116/00015,3,P107100,2,171.95,SALE,16-01-2024 13:59:28,S07,20240116
S07/20240116/00015,4,DISC,1,-62.61,DISCOUNT,16-01-2024 13:59:28,S07,20240116
S07/20240116/00015,5,TAX,1,129.80,TAX,16-01-2024 13:59:28,S07,20240116
S07/20240116/00015,6,TENDER,1,1629.05,TENDER,16-01-2024 13:59:28,S07,20240116
S07/20240116/00016,1,P100974,4,39.19,SALE,16-01-2024 12:22:44,S07,20240116
S07/20240116/00016,2,P102151,2,935.36,SALE,16-01-2024 12:22:44,S07,20240116
S07/20240116/00016,3,P107884,2,29.54,SALE,16-01-2024 12:22:44,S07,20240116
S07/20240116/00016,4,P105201,1,280.95,SALE,16-01-2024 12:22:44,S07,20240116
S07/20240116/00016,5,P103896,1,200.95,SALE,16-01-2024 12:22:44,S07,20240116
S07/20240116/00016,6,DISC,1,-279.26,DISCOUNT,16-01-2024 12:22:44,S07,20240116
S07/20240116/00016,7,TAX,1,144.59,TAX,16-01-2024 12:22:44,S07,20240116
S07/20240116/00016,8,TENDER,1,2433.79,TENDER,16-01-2024 12:22:44,S07,20240116
S07/20240116/00017,1,P105127,2,62.95,SALE,16-01-2024 13:36:32,S07,20240116
S07/20240116/00017,2,P102954,2,119.54,SALE,16-01-2024 13:36:32,S07,20240116
S07/20240116/00017,3,P105377,1,262.95,SALE,16-01-2024 13:36:32,S07,20240116
S07/20240116/00017,4,P101122,2,70.95,SALE,16-01-2024 13:36:32,S07,20240116
S07/20240116/00017,5,TAX,1,92.08,TAX,16-01-2024 13:36:32,S07,20240116
S07/20240116/00017,6,TENDER,1,861.91,TENDER,16-01-2024 13:36:32,S07,20240116
S07/20240116/00018,1,P101547,1,57.95,SALE,16-01-2024 13:55:53,S07,20240116
S07/20240116/00018,2,P104587,2,252.25,SALE,16-01-2024 13:55:53,S07,20240116
S07/20240116/00018,3,P105230,3,107.33,SALE,16-01-2024 13:55:53,S07,20240116
S07/20240116/00018,4,P105672,1,62.95,SALE,16-01-2024 13:55:53,S07,20240116
S07/20240116/00018,5,P104072,2,650.20,SALE,16-01-2024 13:55:53,S07,20240116
S07/20240116/00018,6,P105518,2,729.30,SALE,16-01-2024 13:55:53,S07,20240116
S07/20240116/00018,7,TAX,1,394.33,TAX,16-01-2024 13:55:53,S07,20240116
S07/20240116/00018,8,TENDER,1,4100.72,TENDER,16-01-2024 13:55:53,S07,20240116
S07/20240116/00019,1,P107966,1,391.71,SALE,16-01-2024 13:33:05,S07,20240116
S07/20240116/00019,2,P103389,3,251.95,SALE,16-01-2024 13:33:05,S07,20240116
S07/20240116/00019,3,P100593,3,27.42,SALE,16-01-2024 13:33:05,S07,20240116
S07/20240116/00019,4,P106639,1,406.04,SALE,16-01-2024 13:33:05,S07,20240116
S07/20240116/00019,5,P107705,1,706.38,SALE,16-01-2024 13:33:05,S07,20240116
S07/20240116/00019,6,P107686,1,334.95,SALE,16-01-2024 13:33:05,S07,20240116
S07/20240116/00019,7,P102217,3,65.41,SALE,16-01-2024 13:33:05,S07,20240116
S07/20240116/00019,8,DISC,1,-105.51,DISCOUNT,16-01-2024 13:33:05,S07,20240116
S07/20240116/00019,9,TAX,1,321.69,TAX,16-01-2024 13:33:05,S07,20240116
S07/20240116/00019,10,TENDER,1,3089.60,TENDER,16-01-2024 13:33:05,S07,20240116
S07/20240117/00001,1,P107182,1,109.95,SALE,17-01-2024 19:03:33,S07,20240117
S07/20240117/00001,2,P106258,2,423.67,SALE,17-01-2024 19:03:33,S07,20240117
S07/20240117/00001,3,TAX,1,62.16,TAX,17-01-2024 19:03:33,S07,20240117
S07/20240117/00001,4,TENDER,1,1019.45,TENDER,17-01-2024 19:03:33,S07,20240117
S07/20240117/00002,1,P101127,1,45.95,SALE,17-01-2024 14:46:20,S07,20240117
S07/20240117/00002,2,P104567,3,121.23,SALE,17-01-2024 14:46:20,S07,20240117
S07/20240117/00002,3,P102243,1,133.95,SALE,17-01-2024 14:46:20,S07,20240117
S07/20240117/00002,4,P101955,2,356.95,SALE,17-01-2024 14:46:20,S07,20240117
S07/20240117/00002,5,DISC,1,-72.83,DISCOUNT,17-01-2024 14:46:20,S07,20240117
S07/20240117/00002,6,TAX,1,168.48,TAX,17-01-2024 14:46:20,S07,20240117
S07/20240117/00002,7,TENDER,1,1353.14,TENDER,17-01-2024 14:46:20,S07,20240117
S07/20240117/00003,1,P101428,1,394.08,SALE,17-01-2024 19:28:33,S07,20240117
S07/20240117/00003,2,P105518,2,729.30,SALE,17-01-2024 19:28:33,S07,20240117
S07/20240117/00003,3,P105651,2,110.95,SALE,17-01-2024 19:28:33,S07,20240117
S07/20240117/00003,4,P104266,2,386.95,SALE,17-01-2024 19:28:33,S07,20240117
S07/20240117/00003,5,P103299,2,220.95,SALE,17-01-2024 19:28:33,S07,20240117
S07/20240117/00003,6,P101263,1,561.95,SALE,17-01-2024 19:28:33,S07,20240117
S07/20240117/00003,7,P100421,1,129.94,SALE,17-01-2024 19:28:33,S07,20240117
S07/20240117/00003,8,P105106,1,101.21,SALE,17-01-2024 19:28:33,S07,20240117
S07/20240117/00003,9,DISC,1,-471.10,DISCOUNT,17-01-2024 19:28:33,S07,20240117
S07/20240117/00003,10,P101428,-1,394.08,VOID,17-01-2024 19:28:33,S07,20240117
S07/20240117/00003,11,P105518,-2,729.30,VOID,17-01-2024 19:28:33,S07,20240117
S07/20240117/00003,12,P105651,-2,110.95,VOID,17-01-2024 19:28:33,S07,20240117
S07/20240117/00003,13,P104266,-2,386.95,VOID,17-01-2024 19:28:33,S07,20240117
S07/20240117/00003,14,P103299,-2,220.95,VOID,17-01-2024 19:28:33,S07,20240117
S07/20240117/00003,15,P101263,-1,561.95,VOID,17-01-2024 19:28:33,S07,20240117
S07/20240117/00003,16,P100421,-1,129.94,VOID,17-01-2024 19:28:33,S07,20240117
S07/20240117/00003,17,P105106,-1,101.21,VOID,17-01-2024 19:28:33,S07,20240117
S07/20240117/00003,18,DISC,1,471.10,VOID,17-01-2024 19:28:33,S07,20240117
S07/20240117/00003,19,TAX,1,0.00,TAX,17-01-2024 19:28:33,S07,20240117
S07/20240117/00003,20,TENDER,1,0.00,TENDER,17-01-2024 19:28:33,S07,20240117
S07/20240117/00004,1,P106162,2,527.95,SALE,17-01-2024 16:20:08,S07,20240117
S07/20240117/00004,2,P103552,3,120.81,SALE,17-01-2024 16:20:08,S07,20240117
S07/20240117/00004,3,P107393,1,413.95,SALE,17-01-2024 16:20:08,S07,20240117
S07/20240117/00004,4,P103785,4,491.90,SALE,17-01-2024 16:20:08,S07,20240117
S07/20240117/00004,5,DISC,1,-387.16,DISCOUNT,17-01-2024 16:20:08,S07,20240117
S07/20240117/00004,6,TAX,1,256.67,TAX,17-01-2024 16:20:08,S07,20240117
S07/20240117/00004,7,TENDER,1,3669.39,TENDER,17-01-2024 16:20:08,S07,20240117
S07/20240117/00005,1,P108026,4,81.25,SALE,17-01-2024 18:59:29,S07,20240117
S07/20240117/00005,2,P108227,1,551.58,SALE,17-01-2024 18:59:29,S07,20240117
S07/20240117/00005,3,P104512,2,94.53,SALE,17-01-2024 18:59:29,S07,20240117
S07/20240117/00005,4,P106731,2,142.59,SALE,17-01-2024 18:59:29,S07,20240117
S07/20240117/00005,5,P104058,4,344.73,SALE,17-01-2024 18:59:29,S07,20240117
S07/20240117/00005,6,TAX,1,316.16,TAX,17-01-2024 18:59:29,S07,20240117
S07/20240117/00005,7,TENDER,1,3045.90,TENDER,17-01-2024 18:59:29,S07,20240117
S07/20240117/00006,1,P102122,1,126.23,SALE,17-01-2024 14:11:51,S07,20240117
S07/20240117/00006,2,P101095,3,205.38,SALE,17-01-2024 14:11:51,S07,20240117
S07/20240117/00006,3,P107381,2,179.61,SALE,17-01-2024 14:11:51,S07,20240117
S07/20240117/00006,4,P100441,2,419.95,SALE,17-01-2024 14:11:51,S07,20240117
S07/20240117/00006,5,TAX,1,166.62,TAX,17-01-2024 14:11:51,S07,20240117
S07/20240117/00006,6,TENDER,1,2108.11,TENDER,17-01-2024 14:11:51,S07,20240117
S07/20240117/00007,1,P101037,1,532.57,SALE,17-01-2024 17:40:59,S07,20240117
S07/20240117/00007,2,P101507,3,619.87,SALE,17-01-2024 17:40:59,S07,20240117
S07/20240117/00007,3,P107422,2,173.95,SALE,17-01-2024 17:40:59,S07,20240117
S07/20240117/00007,4,P104277,3,136.95,SALE,17-01-2024 17:40:59,S07,20240117
S07/20240117/00007,5,TAX,1,255.54,TAX,17-01-2024 17:40:59,S07,20240117
S07/20240117/00007,6,TENDER,1,3406.47,TENDER,17-01-2024 17:40:59,S07,20240117
S07/20240117/00008,1,P104827,3,146.13,SALE,17-01-2024 14:47:20,S07,20240117
S07/20240117/00008,2,P100276,3,937.37,SALE,17-01-2024 14:47:20,S07,20240117
S07/20240117/00008,3,P102142,1,90.71,SALE,17-01-2024 14:47:20,S07,20240117
S07/20240117/00008,4,TAX,1,145.14,TAX,17-01-2024 14:47:20,S07,20240117
S07/20240117/00008,5,TENDER,1,3486.35,TENDER,17-01-2024 14:47:20,S07,20240117
S07/20240117/00009,1,P101272,1,87.22,SALE,17-01-2024 14:11:50,S07,20240117
S07/20240117/00009,2,P106434,1,165.67,SALE,17-01-2024 14:11:50,S07,20240117
S07/20240117/00009,3,P106751,1,125.89,SALE,17-01-2024 14:11:50,S07,20240117
S07/20240117/00009,4,P105384,2,300.95,SALE,17-01-2024 14:11:50,S07,20240117
S07/20240117/00009,5,P107362,1,61.09,SALE,17-01-2024 14:11:50,S07,20240117
S07/20240117/00009,6,TAX,1,113.76,TAX,17-01-2024 14:11:50,S07,20240117
S07/20240117/00009,7,TENDER,1,1155.53,TENDER,17-01-2024 14:11:50,S07,20240117
S07/20240117/00010,1,P106297,4,139.95,SALE,17-01-2024 20:58:15,S07,20240117
S07/20240117/00010,2,P106130,3,1254.95,SALE,17-01-2024 20:58:15,S07,20240117
S07/20240117/00010,3,P106735,2,320.99,SALE,17-01-2024 20:58:15,S07,20240117
S07/20240117/00010,4,TAX,1,216.32,TAX,17-01-2024 20:58:15,S07,20240117
S07/20240117/00010,5,TENDER,1,5182.95,TENDER,17-01-2024 20:58:15,S07,20240117
S07/20240117/00011,1,P100005,1,103.45,SALE,17-01-2024 16:59:32,S07,20240117
S07/20240117/00011,2,P106934,2,1554.16,SALE,17-01-2024 16:59:32,S07,20240117
S07/20240117/00011,3,P105479,3,237.28,SALE,17-01-2024 16:59:32,S07,20240117
S07/20240117/00011,4,P101339,5,222.95,SALE,17-01-2024 16:59:32,S07,20240117
S07/20240117/00011,5,P102845,2,80.09,SALE,17-01-2024 16:59:32,S07,20240117
S07/20240117/00011,6,P102674,3,450.95,SALE,17-01-2024 16:59:32,S07,20240117
S07/20240117/00011,7,P104938,3,999.94,SALE,17-01-2024 16:59:32,S07,20240117
S07/20240117/00011,8,TAX,1,771.28,TAX,17-01-2024 16:59:32,S07,20240117
S07/20240117/00011,9,TENDER,1,10322.49,TENDER,17-01-2024 16:59:32,S07,20240117
S07/20240117/00012,1,P104334,2,258.22,SALE,17-01-2024 19:25:23,S07,20240117
S07/20240117/00012,2,P105400,2,48.10,SALE,17-01-2024 19:25:23,S07,20240117
S07/20240117/00012,3,P104921,2,398.95,SALE,17-01-2024 19:25:23,S07,20240117
S07/20240117/00012,4,P100178,2,427.16,SALE,17-01-2024 19:25:23,S07,20240117
S07/20240117/00012,5,P105057,2,253.95,SALE,17-01-2024 19:25:23,S07,20240117
S07/20240117/00012,6,P100380,3,134.99,SALE,17-01-2024 19:25:23,S07,20240117
S07/20240117/00012,7,P108239,3,238.81,SALE,17-01-2024 19:25:23,S07,20240117
S07/20240117/00012,8,TAX,1,609.51,TAX,17-01-2024 19:25:23,S07,20240117
S07/20240117/00012,9,TENDER,1,4503.67,TENDER,17-01-2024 19:25:23,S07,20240117
S07/20240117/00013,1,P105468,2,994.58,SALE,17-01-2024 22:00:08,S07,20240117
S07/20240117/00013,2,P102311,1,284.95,SALE,17-01-2024 22:00:08,S07,20240117
S07/20240117/00013,3,P104975,3,474.17,SALE,17-01-2024 22:00:08,S07,20240117
S07/20240117/00013,4,P107943,3,252.32,SALE,17-01-2024 22:00:08,S07,20240117
S07/20240117/00013,5,P102129,3,252.76,SALE,17-01-2024 22:00:08,S07,20240117
S07/20240117/00013,6,P107330,5,115.95,SALE,17-01-2024 22:00:08,S07,20240117
S07/20240117/00013,7,TAX,1,392.23,TAX,17-01-2024 22:00:08,S07,20240117
S07/20240117/00013,8,TENDER,1,6183.84,TENDER,17-01-2024 22:00:08,S07,20240117
S07/20240117/00014,1,P106942,3,169.95,SALE,17-01-2024 14:17:04,S07,20240117
S07/20240117/00014,2,P107018,1,179.95,SALE,17-01-2024 14:17:04,S07,20240117
S07/20240117/00014,3,P102735,4,535.82,SALE,17-01-2024 14:17:04,S07,20240117
S07/20240117/00014,4,P104992,2,828.19,SALE,17-01-2024 14:17:04,S07,20240117
S07/20240117/00014,5,P103792,2,26.45,SALE,17-01-2024 14:17:04,S07,20240117
S07/20240117/00014,6,P103637,1,338.13,SALE,17-01-2024 14:17:04,S07,20240117
S07/20240117/00014,7,P104526,1,332.95,SALE,17-01-2024 14:17:04,S07,20240117
S07/20240117/00014,8,P103155,3,243.23,SALE,17-01-2024 14:17:04,S07,20240117
S07/20240117/00014,9,TAX,1,631.78,TAX,17-01-2024 14:17:04,S07,20240117
S07/20240117/00014,10,TENDER,1,6574.91,TENDER,17-01-2024 14:17:04,S07,20240117
S07/20240117/00015,1,P101592,2,280.95,SALE,17-01-2024 15:35:05,S07,20240117
S07/20240117/00015,2,P107337,1,324.16,SALE,17-01-2024 15:35:05,S07,20240117
S07/20240117/00015,3,P105860,2,141.88,SALE,17-01-2024 15:35:05,S07,20240117
S07/20240117/00015,4,DISC,1,-132.41,DISCOUNT,17-01-2024 15:35:05,S07,20240117
S07/20240117/00015,5,TAX,1,104.07,TAX,17-01-2024 15:35:05,S07,20240117
S07/20240117/00015,6,TENDER,1,1141.48,TENDER,17-01-2024 15:35:05,S07,20240117
S07/20240117/00016,1,P104334,1,258.22,SALE,17-01-2024 17:48:24,S07,20240117
S07/20240117/00016,2,P105450,2,267.28,SALE,17-01-2024 17:48:24,S07,20240117
S07/20240117/00016,3,P107984,2,340.95,SALE,17-01-2024 17:48:24,S07,20240117
S07/20240117/00016,4,TAX,1,135.65,TAX,17-01-2024 17:48:24,S07,20240117
S07/20240117/00016,5,TENDER,1,1610.33,TENDER,17-01-2024 17:48:24,S07,20240117
S07/20240117/00017,1,P101023,4,193.95,SALE,17-01-2024 15:54:16,S07,20240117
S07/20240117/00017,2,P100418,1,204.95,SALE,17-01-2024 15:54:16,S07,20240117
S07/20240117/00017,3,P100074,3,52.20,SALE,17-01-2024 15:54:16,S07,20240117
S07/20240117/00017,4,P106757,1,398.95,SALE,17-01-2024 15:54:16,S07,20240117
S07/20240117/00017,5,TAX,1,66.57,TAX,17-01-2024 15:54:16,S07,20240117
S07/20240117/00017,6,TENDER,1,1602.87,TENDER,17-01-2024 15:54:16,S07,20240117
S07/20240117/00018,1,P104123,1,340.95,SALE,17-01-2024 23:56:07,S07,20240117
S07/20240117/00018,2,P102718,5,287.95,SALE,17-01-2024 23:56:07,S07,20240117
S07/20240117/00018,3,P104389,3,169.98,SALE,17-01-2024 23:56:07,S07,20240117
S07/20240117/00018,4,TAX,1,391.86,TAX,17-01-2024 23:56:07,S07,20240117
S07/20240117/00018,5,TENDER,1,2682.50,TENDER,17-01-2024 23:56:07,S07,20240117
S07/20240118/00001,1,P106367,3,650.25,SALE,18-01-2024 17:12:10,S07,20240118
S07/20240118/00001,2,P106297,1,139.95,SALE,18-01-2024 17:12:10,S07,20240118
S07/20240118/00001,3,P107089,1,192.10,SALE,18-01-2024 17:12:10,S07,20240118
S07/20240118/00001,4,P105136,1,158.61,SALE,18-01-2024 17:12:10,S07,20240118
S07/20240118/00001,5,P103413,3,1296.43,SALE,18-01-2024 17:12:10,S07,20240118
S07/20240118/00001,6,P106277,3,395.95,SALE,18-01-2024 17:12:10,S07,20240118
S07/20240118/00001,7,TAX,1,386.19,TAX,18-01-2024 17:12:10,S07,20240118
S07/20240118/00001,8,TENDER,1,7904.74,TENDER,18-01-2024 17:12:10,S07,20240118
S07/20240118/00002,1,P105643,4,1294.23,SALE,18-01-2024 13:38:27,S07,20240118
S07/20240118/00002,2,P105562,2,128.95,SALE,18-01-2024 13:38:27,S07,20240118
S07/20240118/00002,3,P104756,2,334.95,SALE,18-01-2024 13:38:27,S07,20240118
S07/20240118/00002,4,P106123,1,244.95,SALE,18-01-2024 13:38:27,S07,20240118
S07/20240118/00002,5,P108131,3,611.06,SALE,18-01-2024 13:38:27,S07,20240118
S07/20240118/00002,6,P103050,2,543.63,SALE,18-01-2024 13:38:27,S07,20240118
S07/20240118/00002,7,P100528,2,541.30,SALE,18-01-2024 13:38:27,S07,20240118
S07/20240118/00002,8,P102779,1,23.95,SALE,18-01-2024 13:38:27,S07,20240118
S07/20240118/00002,9,TAX,1,205.87,TAX,18-01-2024 13:38:27,S07,20240118
S07/20240118/00002,10,TENDER,1,10582.53,TENDER,18-01-2024 13:38:27,S07,20240118
S07/20240118/00003,1,P103701,3,1171.33,SALE,18-01-2024 15:21:45,S07,20240118
S07/20240118/00003,2,P107063,2,374.87,SALE,18-01-2024 15:21:45,S07,20240118
S07/20240118/00003,3,P107056,2,341.76,SALE,18-01-2024 15:21:45,S07,20240118
S07/20240118/00003,4,P103413,1,1231.61,SALE,18-01-2024 15:21:45,S07,20240118
S07/20240118/00003,5,P103950,2,1095.36,SALE,18-01-2024 15:21:45,S07,20240118
S07/20240118/00003,6,P105413,2,1243.79,SALE,18-01-2024 15:21:45,S07,20240118
S07/20240118/00003,7,DISC,1,-1124.14,DISCOUNT,18-01-2024 15:21:45,S07,20240118
S07/20240118/00003,8,TAX,1,769.46,TAX,18-01-2024 15:21:45,S07,20240118
S07/20240118/00003,9,TENDER,1,10502.48,TENDER,18-01-2024 15:21:45,S07,20240118
S07/20240118/00004,1,P100044,3,668.09,SALE,18-01-2024 17:29:12,S07,20240118
S07/20240118/00004,2,P105562,2,128.95,SALE,18-01-2024 17:29:12,S07,20240118
S07/20240118/00004,3,P107477,2,116.95,SALE,18-01-2024 17:29:12,S07,20240118
S07/20240118/00004,4,P108046,1,95.35,SALE,18-01-2024 17:29:12,S07,20240118
S07/20240118/00004,5,TAX,1,300.32,TAX,18-01-2024 17:29:12,S07,20240118
S07/20240118/00004,6,TENDER,1,2891.74,TENDER,18-01-2024 17:29:12,S07,20240118
S07/20240118/00005,1,P101127,2,45.95,SALE,18-01-2024 17:27:45,S07,20240118
S07/20240118/00005,2,P107158,1,142.95,SALE,18-01-2024 17:27:45,S07,20240118
S07/20240118/00005,3,P108191,3,301.95,SALE,18-01-2024 17:27:45,S07,20240118
S07/20240118/00005,4,P108017,1,103.22,SALE,18-01-2024 17:27:45,S07,20240118
S07/20240118/00005,5,P108326,1,439.67,SALE,18-01-2024 17:27:45,S07,20240118
S07/20240118/00005,6,P104242,1,275.95,SALE,18-01-2024 17:27:45,S07,20240118
S07/20240118/00005,7,P104316,3,406.45,SALE,18-01-2024 17:27:45,S07,20240118
S07/20240118/00005,8,P108247,1,242.95,SALE,18-01-2024 17:27:45,S07,20240118
S07/20240118/00005,9,P103637,1,338.13,SALE,18-01-2024 17:27:45,S07,20240118
S07/20240118/00005,10,P106133,2,307.37,SALE,18-01-2024 17:27:45,S07,20240118
S07/20240118/00005,11,TAX,1,591.63,TAX,18-01-2024 17:27:45,S07,20240118
S07/20240118/00005,12,TENDER,1,4966.34,TENDER,18-01-2024 17:27:45,S07,20240118
S07/20240118/00006,1,P100194,1,42.41,SALE,18-01-2024 19:05:28,S07,20240118
S07/20240118/00006,2,P104921,3,398.95,SALE,18-01-2024 19:05:28,S07,20240118
S07/20240118/00006,3,P102452,1,169.06,SALE,18-01-2024 19:05:28,S07,20240118
S07/20240118/00006,4,P106434,3,165.67,SALE,18-01-2024 19:05:28,S07,20240118
S07/20240118/00006,5,P102874,1,123.94,SALE,18-01-2024 19:05:28,S07,20240118
S07/20240118/00006,6,P104251,1,79.68,SALE,18-01-2024 19:05:28,S07,20240118
S07/20240118/00006,7,P101520,2,148.18,SALE,18-01-2024 19:05:28,S07,20240118
S07/20240118/00006,8,P104800,2,692.51,SALE,18-01-2024 19:05:28,S07,20240118
S07/20240118/00006,9,DISC,1,-161.18,DISCOUNT,18-01-2024 19:05:28,S07,20240118
S07/20240118/00006,10,TAX,1,471.77,TAX,18-01-2024 19:05:28,S07,20240118
S07/20240118/00006,11,TENDER,1,4100.92,TENDER,18-01-2024 19:05:28,S07,20240118
S07/20240118/00007,1,P106783,2,87.95,SALE,18-01-2024 11:27:30,S07,20240118
S07/20240118/00007,2,P104133,5,247.95,SALE,18-01-2024 11:27:30,S07,20240118
S07/20240118/00007,3,DISC,1,-104.81,DISCOUNT,18-01-2024 11:27:30,S07,20240118
S07/20240118/00007,4,TAX,1,29.32,TAX,18-01-2024 11:27:30,S07,20240118
S07/20240118/00007,5,TENDER,1,1340.16,TENDER,18-01-2024 11:27:30,S07,20240118
S07/20240118/00008,1,P108149,1,985.90,SALE,18-01-2024 10:12:23,S07,20240118
S07/20240118/00008,2,P103645,1,241.18,SALE,18-01-2024 10:12:23,S07,20240118
S07/20240118/00008,3,P102494,3,11.95,SALE,18-01-2024 10:12:23,S07,20240118
S07/20240118/00008,4,P102296,2,43.24,SALE,18-01-2024 10:12:23,S07,20240118
S07/20240118/00008,5,P100640,5,330.95,SALE,18-01-2024 10:12:23,S07,20240118
S07/20240118/00008,6,P107733,2,55.17,SALE,18-01-2024 10:12:23,S07,20240118
S07/20240118/00008,7,DISC,1,-252.88,DISCOUNT,18-01-2024 10:12:23,S07,20240118
S07/20240118/00008,8,TAX,1,207.75,TAX,18-01-2024 10:12:23,S07,20240118
S07/20240118/00008,9,TENDER,1,3069.37,TENDER,18-01-2024 10:12:23,S07,20240118
S07/20240118/00009,1,P102263,3,116.79,SALE,18-01-2024 20:55:29,S07,20240118
S07/20240118/00009,2,P107072,2,193.95,SALE,18-01-2024 20:55:29,S07,20240118
S07/20240118/00009,3,P105252,3,10.95,SALE,18-01-2024 20:55:29,S07,20240118
S07/20240118/00009,4,P103111,2,36.75,SALE,18-01-2024 20:55:29,S07,20240118
S07/20240118/00009,5,TAX,1,98.18,TAX,18-01-2024 20:55:29,S07,20240118
S07/20240118/00009,6,TENDER,1,942.80,TENDER,18-01-2024 20:55:29,S07,20240118
S07/20240118/00010,1,P108275,4,477.08,SALE,18-01-2024 14:45:40,S07,20240118
S07/20240118/00010,2,P103068,1,137.26,SALE,18-01-2024 14:45:40,S07,20240118
S07/20240118/00010,3,P107178,1,294.44,SALE,18-01-2024 14:45:40,S07,20240118
S07/20240118/00010,4,TAX,1,385.69,TAX,18-01-2024 14:45:40,S07,20240118
S07/20240118/00010,5,TENDER,1,2725.71,TENDER,18-01-2024 14:45:40,S07,20240118
S07/20240118/00011,1,P100956,2,415.95,SALE,18-01-2024 15:05:53,S07,20240118
S07/20240118/00011,2,P104382,5,58.95,SALE,18-01-2024 15:05:53,S07,20240118
S07/20240118/00011,3,P107890,2,133.07,SALE,18-01-2024 15:05:53,S07,20240118
S07/20240118/00011,4,P101766,2,189.95,SALE,18-01-2024 15:05:53,S07,20240118
S07/20240118/00011,5,P104168,2,512.27,SALE,18-01-2024 15:05:53,S07,20240118
S07/20240118/00011,6,P106984,4,26.90,SALE,18-01-2024 15:05:53,S07,20240118
S07/20240118/00011,7,P107822,2,68.95,SALE,18-01-2024 15:05:53,S07,20240118
S07/20240118/00011,8,P101779,1,197.95,SALE,18-01-2024 15:05:53,S07,20240118
S07/20240118/00011,9,P101117,3,195.82,SALE,18-01-2024 15:05:53,S07,20240118
S07/20240118/00011,10,P101899,3,332.23,SALE,18-01-2024 15:05:53,S07,20240118
S07/20240118/00011,11,TAX,1,385.96,TAX,18-01-2024 15:05:53,S07,20240118
S07/20240118/00011,12,TENDER,1,5210.79,TENDER,18-01-2024 15:05:53,S07,20240118
S07/20240118/00012,1,P108082,1,218.64,SALE,18-01-2024 16:12:43,S07,20240118
S07/20240118/00012,2,P100287,1,218.95,SALE,18-01-2024 16:12:43,S07,20240118
S07/20240118/00012,3,P102364,1,104.57,SALE,18-01-2024 16:12:43,S07,20240118
S07/20240118/00012,4,P101533,1,1020.37,SALE,18-01-2024 16:12:43,S07,20240118
S07/20240118/00012,5,TAX,1,206.90,TAX,18-01-2024 16:12:43,S07,20240118
S07/20240118/00012,6,TENDER,1,1769.43,TENDER,18-01-2024 16:12:43,S07,20240118
S07/20240118/00013,1,P106244,2,73.94,SALE,18-01-2024 15:26:37,S07,20240118
S07/20240118/00013,2,P104316,4,406.45,SALE,18-01-2024 15:26:37,S07,20240118
S07/20240118/00013,3,P106765,2,270.40,SALE,18-01-2024 15:26:37,S07,20240118
S07/20240118/00013,4,P103435,3,421.33,SALE,18-01-2024 15:26:37,S07,20240118
S07/20240118/00013,5,TAX,1,635.25,TAX,18-01-2024 15:26:37,S07,20240118
S07/20240118/00013,6,TENDER,1,4213.72,TENDER,18-01-2024 15:26:37,S07,20240118
S07/20240118/00014,1,P102744,1,86.95,SALE,18-01-2024 18:09:20,S07,20240118
S07/20240118/00014,2,P106009,1,320.74,SALE,18-01-2024 18:09:20,S07,20240118
S07/20240118/00014,3,P106731,1,142.59,SALE,18-01-2024 18:09:20,S07,20240118
S07/20240118/00014,4,P102184,2,336.95,SALE,18-01-2024 18:09:20,S07,20240118
S07/20240118/00014,5,TAX,1,20.38,TAX,18-01-2024 18:09:20,S07,20240118
S07/20240118/00014,6,TENDER,1,1244.56,TENDER,18-01-2024 18:09:20,S07,20240118
S07/20240118/00015,1,P103886,1,301.95,SALE,18-01-2024 19:25:16,S07,20240118
S07/20240118/00015,2,P105062,3,15.04,SALE,18-01-2024 19:25:16,S07,20240118
S07/20240118/00015,3,TAX,1,8.12,TAX,18-01-2024 19:25:16,S07,20240118
S07/20240118/00015,4,TENDER,1,355.19,TENDER,18-01-2024 19:25:16,S07,20240118
S07/20240118/00016,1,P104236,1,274.58,SALE,18-01-2024 12:49:23,S07,20240118
S07/20240118/00016,2,P104121,2,130.95,SALE,18-01-2024 12:49:23,S07,20240118
S07/20240118/00016,3,P104212,4,401.95,SALE,18-01-2024 12:49:23,S07,20240118
S07/20240118/00016,4,TAX,1,385.97,TAX,18-01-2024 12:49:23,S07,20240118
S07/20240118/00016,5,TENDER,1,2530.25,TENDER,18-01-2024 12:49:23,S07,20240118
S07/20240118/00017,1,P108179,1,284.95,SALE,18-01-2024 21:28:20,S07,20240118
S07/20240118/00017,2,P102744,2,86.95,SALE,18-01-2024 21:28:20,S07,20240118
S07/20240118/00017,3,P107182,3,109.95,SALE,18-01-2024 21:28:20,S07,20240118
S07/20240118/00017,4,P101710,1,307.38,SALE,18-01-2024 21:28:20,S07,20240118
S07/20240118/00017,5,P106703,2,74.15,SALE,18-01-2024 21:28:20,S07,20240118
S07/20240118/00017,6,P107414,3,539.23,SALE,18-01-2024 21:28:20,S07,20240118
S07/20240118/00017,7,TAX,1,227.45,TAX,18-01-2024 21:28:20,S07,20240118
S07/20240118/00017,8,TENDER,1,3089.52,TENDER,18-01-2024 21:28:20,S07,20240118
S07/20240118/00018,1,P101740,3,684.95,SALE,18-01-2024 13:05:59,S07,20240118
S07/20240118/00018,2,P106885,1,126.37,SALE,18-01-2024 13:05:59,S07,20240118
S07/20240118/00018,3,P100577,1,277.95,SALE,18-01-2024 13:05:59,S07,20240118
S07/20240118/00018,4,TAX,1,72.78,TAX,18-01-2024 13:05:59,S07,20240118
S07/20240118/00018,5,TENDER,1,2531.95,TENDER,18-01-2024 13:05:59,S07,20240118
S07/20240118/00019,1,P102436,2,216.95,SALE,18-01-2024 17:18:20,S07,20240118
S07/20240118/00019,2,P107549,1,47.87,SALE,18-01-2024 17:18:20,S07,20240118
S07/20240118/00019,3,P104811,2,113.95,SALE,18-01-2024 17:18:20,S07,20240118
S07/20240118/00019,4,TAX,1,127.74,TAX,18-01-2024 17:18:20,S07,20240118
S07/20240118/00019,5,TENDER,1,837.41,TENDER,18-01-2024 17:18:20,S07,20240118
S07/20240118/00020,1,P104478,3,16.95,SALE,18-01-2024 14:49:14,S07,20240118
S07/20240118/00020,2,P105609,1,817.71,SALE,18-01-2024 14:49:14,S07,20240118
S07/20240118/00020,3,P108076,2,145.31,SALE,18-01-2024 14:49:14,S07,20240118
S07/20240118/00020,4,P105553,1,739.86,SALE,18-01-2024 14:49:14,S07,20240118
S07/20240118/00020,5,P105136,3,158.61,SALE,18-01-2024 14:49:14,S07,20240118
S07/20240118/00020,6,DISC,1,-283.69,DISCOUNT,18-01-2024 14:49:14,S07,20240118
S07/20240118/00020,7,TAX,1,132.30,TAX,18-01-2024 14:49:14,S07,20240118
S07/20240118/00020,8,TENDER,1,2223.48,TENDER,18-01-2024 14:49:14,S07,20240118
S07/20240118/00021,1,P100469,1,46.95,SALE,18-01-2024 15:48:15,S07,20240118
S07/20240118/00021,2,P107472,3,60.81,SALE,18-01-2024 15:48:15,S07,20240118
S07/20240118/00021,3,P104058,1,344.73,SALE,18-01-2024 15:48:15,S07,20240118
S07/20240118/00021,4,P103654,1,424.48,SALE,18-01-2024 15:48:15,S07,20240118
S07/20240118/00021,5,P101774,1,1121.41,SALE,18-01-2024 15:48:15,S07,20240118
S07/20240118/00021,6,P105180,2,103.95,SALE,18-01-2024 15:48:15,S07,20240118
S07/20240118/00021,7,P108326,1,439.67,SALE,18-01-2024 15:48:15,S07,20240118
S07/20240118/00021,8,TAX,1,319.50,TAX,18-01-2024 15:48:15,S07,20240118
S07/20240118/00021,9,TENDER,1,3087.07,TENDER,18-01-2024 15:48:15,S07,20240118
S07/20240118/00022,1,P103144,1,145.27,SALE,18-01-2024 17:41:42,S07,20240118
S07/20240118/00022,2,P101064,4,35.56,SALE,18-01-2024 17:41:42,S07,20240118
S07/20240118/00022,3,P106534,5,78.95,SALE,18-01-2024 17:41:42,S07,20240118
S07/20240118/00022,4,P101547,1,57.95,SALE,18-01-2024 17:41:42,S07,20240118
S07/20240118/00022,5,TAX,1,106.82,TAX,18-01-2024 17:41:42,S07,20240118
S07/20240118/00022,6,TENDER,1,847.03,TENDER,18-01-2024 17:41:42,S07,20240118
S07/20240118/00023,1,P103654,-1,424.48,RETURN,18-01-2024 17:45:46,S07,20240118
S07/20240118/00023,2,P101674,-2,373.95,RETURN,18-01-2024 17:45:46,S07,20240118
S07/20240118/00023,3,P107215,-1,145.82,RETURN,18-01-2024 17:45:46,S07,20240118
S07/20240118/00023,4,P103833,-3,1136.81,RETURN,18-01-2024 17:45:46,S07,20240118
S07/20240118/00023,5,P100555,-3,435.03,RETURN,18-01-2024 17:45:46,S07,20240118
S07/20240118/00023,6,P104827,-3,146.13,RETURN,18-01-2024 17:45:46,S07,20240118
S07/20240118/00023,7,P107564,-2,278.95,RETURN,18-01-2024 17:45:46,S07,20240118
S07/20240118/00023,8,TAX,1,-645.73,TAX,18-01-2024 17:45:46,S07,20240118
S07/20240118/00023,9,TENDER,1,-7675.74,TENDER,18-01-2024 17:45:46,S07,20240118
S07/20240118/00024,1,P106162,2,527.95,SALE,18-01-2024 19:39:17,S07,20240118
S07/20240118/00024,2,P100268,2,184.95,SALE,18-01-2024 19:39:17,S07,20240118
S07/20240118/00024,3,P102142,1,90.71,SALE,18-01-2024 19:39:17,S07,20240118
S07/20240118/00024,4,P107721,2,90.66,SALE,18-01-2024 19:39:17,S07,20240118
S07/20240118/00024,5,P102931,3,737.59,SALE,18-01-2024 19:39:17,S07,20240118
S07/20240118/00024,6,TAX,1,133.67,TAX,18-01-2024 19:39:17,S07,20240118
S07/20240118/00024,7,TENDER,1,4044.27,TENDER,18-01-2024 19:39:17,S07,20240118
S07/20240118/00025,1,P103283,1,145.09,SALE,18-01-2024 15:48:19,S07,20240118
S07/20240118/00025,2,P107715,2,241.95,SALE,18-01-2024 15:48:19,S07,20240118
S07/20240118/00025,3,P107264,2,181.93,SALE,18-01-2024 15:48:19,S07,20240118
S07/20240118/00025,4,P108313,2,372.95,SALE,18-01-2024 15:48:19,S07,20240118
S07/20240118/00025,5,TAX,1,249.36,TAX,18-01-2024 15:48:19,S07,20240118
S07/20240118/00025,6,TENDER,1,1988.11,TENDER,18-01-2024 15:48:19,S07,20240118
S07/20240118/00026,1,P101533,3,1020.37,SALE,18-01-2024 14:36:22,S07,20240118
S07/20240118/00026,2,P102045,4,21.31,SALE,18-01-2024 14:36:22,S07,20240118
S07/20240118/00026,3,P104187,1,86.95,SALE,18-01-2024 14:36:22,S07,20240118
S07/20240118/00026,4,P106015,2,147.48,SALE,18-01-2024 14:36:22,S07,20240118
S07/20240118/00026,5,TAX,1,422.42,TAX,18-01-2024 14:36:22,S07,20240118
S07/20240118/00026,6,TENDER,1,3950.68,TENDER,18-01-2024 14:36:22,S07,20240118
S07/20240118/00027,1,P104572,1,179.13,SALE,18-01-2024 12:47:37,S07,20240118
S07/20240118/00027,2,P107488,1,303.21,SALE,18-01-2024 12:47:37,S07,20240118
S07/20240118/00027,3,P106550,4,27.06,SALE,18-01-2024 12:47:37,S07,20240118
S07/20240118/00027,4,TAX,1,83.02,TAX,18-01-2024 12:47:37,S07,20240118
S07/20240118/00027,5,TENDER,1,673.60,TENDER,18-01-2024 12:47:37,S07,20240118
S07/20240118/00028,1,P104800,3,692.51,SALE,18-01-2024 17:54:32,S07,20240118
S07/20240118/00028,2,P104439,2,109.14,SALE,18-01-2024 17:54:32,S07,20240118
S07/20240118/00028,3,P103839,2,202.77,SALE,18-01-2024 17:54:32,S07,20240118
S07/20240118/00028,4,P101894,1,662.70,SALE,18-01-2024 17:54:32,S07,20240118
S07/20240118/00028,5,P107996,2,211.95,SALE,18-01-2024 17:54:32,S07,20240118
S07/20240118/00028,6,P104219,4,230.95,SALE,18-01-2024 17:54:32,S07,20240118
S07/20240118/00028,7,TAX,1,573.17,TAX,18-01-2024 17:54:32,S07,20240118
S07/20240118/00028,8,TENDER,1,5284.92,TENDER,18-01-2024 17:54:32,S07,20240118
S07/20240118/00029,1,P101164,1,305.19,SALE,18-01-2024 17:05:29,S07,20240118
S07/20240118/00029,2,P106948,3,160.95,SALE,18-01-2024 17:05:29,S07,20240118
S07/20240118/00029,3,TAX,1,79.08,TAX,18-01-2024 17:05:29,S07,20240118
S07/20240118/00029,4,TENDER,1,867.12,TENDER,18-01-2024 17:05:29,S07,20240118
S07/20240119/00001,1,P103559,3,370.21,SALE,19-01-2024 17:44:43,S07,20240119
S07/20240119/00001,2,P102821,1,1356.95,SALE,19-01-2024 17:44:43,S07,20240119
S07/20240119/00001,3,P101127,2,45.95,SALE,19-01-2024 17:44:43,S07,20240119
S07/20240119/00001,4,TAX,1,55.53,TAX,19-01-2024 17:44:43,S07,20240119
S07/20240119/00001,5,TENDER,1,2615.01,TENDER,19-01-2024 17:44:43,S07,20240119
S07/20240119/00002,1,P101444,2,834.95,SALE,19-01-2024 14:22:42,S07,20240119
S07/20240119/00002,2,P103062,3,177.19,SALE,19-01-2024 14:22:42,S07,20240119
S07/20240119/00002,3,P106522,2,208.95,SALE,19-01-2024 14:22:42,S07,20240119
S07/20240119/00002,4,P101722,3,1331.86,SALE,19-01-2024 14:22:42,S07,20240119
S07/20240119/00002,5,DISC,1,-358.12,DISCOUNT,19-01-2024 14:22:42,S07,20240119
S07/20240119/00002,6,TAX,1,312.84,TAX,19-01-2024 14:22:42,S07,20240119
S07/20240119/00002,7,TENDER,1,6569.67,TENDER,19-01-2024 14:22:42,S07,20240119
S07/20240119/00003,1,P103575,2,51.88,SALE,19-01-2024 14:20:42,S07,20240119
S07/20240119/00003,2,P100483,3,819.95,SALE,19-01-2024 14:20:42,S07,20240119
S07/20240119/00003,3,P106027,2,1436.61,SALE,19-01-2024 14:20:42,S07,20240119
S07/20240119/00003,4,P102219,3,726.06,SALE,19-01-2024 14:20:42,S07,20240119
S07/20240119/00003,5,P100855,1,290.71,SALE,19-01-2024 14:20:42,S07,20240119
S07/20240119/00003,6,TAX,1,166.42,TAX,19-01-2024 14:20:42,S07,20240119
S07/20240119/00003,7,TENDER,1,8072.14,TENDER,19-01-2024 14:20:42,S07,20240119
S07/20240119/00004,1,P105835,1,243.66,SALE,19-01-2024 15:31:36,S07,20240119
S07/20240119/00004,2,P106506,2,91.95,SALE,19-01-2024 15:31:36,S07,20240119
S07/20240119/00004,3,P102801,2,99.95,SALE,19-01-2024 15:31:36,S07,20240119
S07/20240119/00004,4,P107946,1,303.95,SALE,19-01-2024 15:31:36,S07,20240119
S07/20240119/00004,5,P103606,3,178.05,SALE,19-01-2024 15:31:36,S07,20240119
S07/20240119/00004,6,P102945,1,47.95,SALE,19-01-2024 15:31:36,S07,20240119
S07/20240119/00004,7,TAX,1,116.61,TAX,19-01-2024 15:31:36,S07,20240119
S07/20240119/00004,8,TENDER,1,1630.12,TENDER,19-01-2024 15:31:36,S07,20240119
S07/20240119/00005,1,P108206,1,609.36,SALE,19-01-2024 16:52:28,S07,20240119
S07/20240119/00005,2,P108313,6,372.95,SALE,19-01-2024 16:52:28,S07,20240119
S07/20240119/00005,3,P106757,1,398.95,SALE,19-01-2024 16:52:28,S07,20240119
S07/20240119/00005,4,P101603,4,887.87,SALE,19-01-2024 16:52:28,S07,20240119
S07/20240119/00005,5,P101090,1,22.95,SALE,19-01-2024 16:52:28,S07,20240119
S07/20240119/00005,6,P105835,2,224.17,SALE,19-01-2024 16:52:28,S07,20240119
S07/20240119/00005,7,TAX,1,741.20,TAX,19-01-2024 16:52:28,S07,20240119
S07/20240119/00005,8,TENDER,1,8009.98,TENDER,19-01-2024 16:52:28,S07,20240119
S07/20240119/00006,1,P104802,1,194.24,SALE,19-01-2024 14:53:32,S07,20240119
S07/20240119/00006,2,P104909,4,303.38,SALE,19-01-2024 14:53:32,S07,20240119
S07/20240119/00006,3,P101489,2,543.35,SALE,19-01-2024 14:53:32,S07,20240119
S07/20240119/00006,4,P103757,2,147.98,SALE,19-01-2024 14:53:32,S07,20240119
S07/20240119/00006,5,P102640,1,241.34,SALE,19-01-2024 14:53:32,S07,20240119
S07/20240119/00006,6,DISC,1,-275.63,DISCOUNT,19-01-2024 14:53:32,S07,20240119
S07/20240119/00006,7,TAX,1,84.73,TAX,19-01-2024 14:53:32,S07,20240119
S07/20240119/00006,8,TENDER,1,2840.86,TENDER,19-01-2024 14:53:32,S07,20240119
S07/20240119/00007,1,P105139,1,99.95,SALE,19-01-2024 16:48:22,S07,20240119
S07/20240119/00007,2,P100035,2,1456.57,SALE,19-01-2024 16:48:22,S07,20240119
S07/20240119/00007,3,TAX,1,361.57,TAX,19-01-2024 16:48:22,S07,20240119
S07/20240119/00007,4,TENDER,1,3374.66,TENDER,19-01-2024 16:48:22,S07,20240119
S07/20240119/00008,1,P107984,2,340.95,SALE,19-01-2024 13:22:33,S07,20240119
S07/20240119/00008,2,P106323,2,196.60,SALE,19-01-2024 13:22:33,S07,20240119
S07/20240119/00008,3,P105418,2,240.95,SALE,19-01-2024 13:22:33,S07,20240119
S07/20240119/00008,4,TAX,1,229.14,TAX,19-01-2024 13:22:33,S07,20240119
S07/20240119/00008,5,TENDER,1,1786.14,TENDER,19-01-2024 13:22:33,S07,20240119
S07/20240119/00009,1,P101660,3,193.14,SALE,19-01-2024 15:19:35,S07,20240119
S07/20240119/00009,2,P104316,1,406.45,SALE,19-01-2024 15:19:35,S07,20240119
S07/20240119/00009,3,P104344,3,404.25,SALE,19-01-2024 15:19:35,S07,20240119
S07/20240119/00009,4,TAX,1,320.43,TAX,19-01-2024 15:19:35,S07,20240119
S07/20240119/00009,5,TENDER,1,2519.05,TENDER,19-01-2024 15:19:35,S07,20240119
S07/20240119/00010,1,P107581,1,225.95,SALE,19-01-2024 17:24:12,S07,20240119
S07/20240119/00010,2,P106300,1,387.92,SALE,19-01-2024 17:24:12,S07,20240119
S07/20240119/00010,3,P105531,1,471.98,SALE,19-01-2024 17:24:12,S07,20240119
S07/20240119/00010,4,P104688,2,178.09,SALE,19-01-2024 17:24:12,S07,20240119
S07/20240119/00010,5,P100394,2,302.95,SALE,19-01-2024 17:24:12,S07,20240119
S07/20240119/00010,6,P100940,3,171.39,SALE,19-01-2024 17:24:12,S07,20240119
S07/20240119/00010,7,P100864,1,193.24,SALE,19-01-2024 17:24:12,S07,20240119
S07/20240119/00010,8,TAX,1,348.15,TAX,19-01-2024 17:24:12,S07,20240119
S07/20240119/00010,9,TENDER,1,3103.49,TENDER,19-01-2024 17:24:12,S07,20240119
S07/20240119/00011,1,P102993,2,293.96,SALE,19-01-2024 17:31:02,S07,20240119
S07/20240119/00011,2,P108302,2,855.55,SALE,19-01-2024 17:31:02,S07,20240119
S07/20240119/00011,3,TAX,1,114.95,TAX,19-01-2024 17:31:02,S07,20240119
S07/20240119/00011,4,TENDER,1,2413.97,TENDER,19-01-2024 17:31:02,S07,20240119
S07/20240119/00012,1,P100354,2,182.63,SALE,19-01-2024 14:44:59,S07,20240119
S07/20240119/00012,2,P101242,2,80.24,SALE,19-01-2024 14:44:59,S07,20240119
S07/20240119/00012,3,P100621,1,226.51,SALE,19-01-2024 14:44:59,S07,20240119
S07/20240119/00012,4,P104417,1,322.95,SALE,19-01-2024 14:44:59,S07,20240119
S07/20240119/00012,5,P107100,3,171.95,SALE,19-01-2024 14:44:59,S07,20240119
S07/20240119/00012,6,P103647,1,37.95,SALE,19-01-2024 14:44:59,S07,20240119
S07/20240119/00012,7,TAX,1,184.70,TAX,19-01-2024 14:44:59,S07,20240119
S07/20240119/00012,8,TENDER,1,1813.70,TENDER,19-01-2024 14:44:59,S07,20240119
S07/20240119/00013,1,P102460,3,548.91,SALE,19-01-2024 15:47:11,S07,20240119
S07/20240119/00013,2,P101722,2,1331.86,SALE,19-01-2024 15:47:11,S07,20240119
S07/20240119/00013,3,TAX,1,215.52,TAX,19-01-2024 15:47:11,S07,20240119
S07/20240119/00013,4,TENDER,1,4525.97,TENDER,19-01-2024 15:47:11,S07,20240119
S07/20240119/00014,1,P108144,2,257.95,SALE,19-01-2024 16:16:09,S07,20240119
S07/20240119/00014,2,P108162,3,221.93,SALE,19-01-2024 16:16:09,S07,20240119
S07/20240119/00014,3,P108335,2,153.41,SALE,19-01-2024 16:16:09,S07,20240119
S07/20240119/00014,4,P103364,1,105.92,SALE,19-01-2024 16:16:09,S07,20240119
S07/20240119/00014,5,P102794,3,396.95,SALE,19-01-2024 16:16:09,S07,20240119
S07/20240119/00014,6,P102067,1,151.39,SALE,19-01-2024 16:16:09,S07,20240119
S07/20240119/00014,7,TAX,1,102.77,TAX,19-01-2024 16:16:09,S07,20240119
S07/20240119/00014,8,TENDER,1,3039.44,TENDER,19-01-2024 16:16:09,S07,20240119
S07/20240119/00015,1,P104526,2,332.95,SALE,19-01-2024 12:35:06,S07,20240119
S07/20240119/00015,2,P105713,2,327.34,SALE,19-01-2024 12:35:06,S07,20240119
S07/20240119/00015,3,P108186,2,315.95,SALE,19-01-2024 12:35:06,S07,20240119
S07/20240119/00015,4,P103081,2,448.85,SALE,19-01-2024 12:35:06,S07,20240119
S07/20240119/00015,5,P105511,2,270.77,SALE,19-01-2024 12:35:06,S07,20240119
S07/20240119/00015,6,P107662,2,249.95,SALE,19-01-2024 12:35:06,S07,20240119
S07/20240119/00015,7,P100744,3,61.87,SALE,19-01-2024 12:35:06,S07,20240119
S07/20240119/00015,8,TAX,1,500.18,TAX,19-01-2024 12:35:06,S07,20240119
S07/20240119/00015,9,TENDER,1,4577.41,TENDER,19-01-2024 12:35:06,S07,20240119
S07/20240119/00016,1,P101884,2,352.98,SALE,19-01-2024 15:32:27,S07,20240119
S07/20240119/00016,2,P106200,2,117.95,SALE,19-01-2024 15:32:27,S07,20240119
S07/20240119/00016,3,P104725,2,163.86,SALE,19-01-2024 15:32:27,S07,20240119
S07/20240119/00016,4,TAX,1,172.01,TAX,19-01-2024 15:32:27,S07,20240119
S07/20240119/00016,5,TENDER,1,1441.59,TENDER,19-01-2024 15:32:27,S07,20240119
S07/20240119/00017,1,P107320,1,223.25,SALE,19-01-2024 14:00:43,S07,20240119
S07/20240119/00017,2,P100711,1,91.95,SALE,19-01-2024 14:00:43,S07,20240119
S07/20240119/00017,3,P100677,3,227.95,SALE,19-01-2024 14:00:43,S07,20240119
S07/20240119/00017,4,P102772,3,151.97,SALE,19-01-2024 14:00:43,S07,20240119
S07/20240119/00017,5,P103416,1,68.95,SALE,19-01-2024 14:00:43,S07,20240119
S07/20240119/00017,6,DISC,1,-117.59,DISCOUNT,19-01-2024 14:00:43,S07,20240119
S07/20240119/00017,7,TAX,1,186.08,TAX,19-01-2024 14:00:43,S07,20240119
S07/20240119/00017,8,TENDER,1,1592.40,TENDER,19-01-2024 14:00:43,S07,20240119
S07/20240119/00018,1,P106024,1,378.95,SALE,19-01-2024 15:08:35,S07,20240119
S07/20240119/00018,2,P105345,1,295.95,SALE,19-01-2024 15:08:35,S07,20240119
S07/20240119/00018,3,P102202,2,184.86,SALE,19-01-2024 15:08:35,S07,20240119
S07/20240119/00018,4,P107542,1,163.06,SALE,19-01-2024 15:08:35,S07,20240119
S07/20240119/00018,5,P101134,4,1001.95,SALE,19-01-2024 15:08:35,S07,20240119
S07/20240119/00018,6,TAX,1,149.56,TAX,19-01-2024 15:08:35,S07,20240119
S07/20240119/00018,7,TENDER,1,5365.04,TENDER,19-01-2024 15:08:35,S07,20240119
S07/20240119/00019,1,P101242,1,80.24,SALE,19-01-2024 19:30:53,S07,20240119
S07/20240119/00019,2,P100140,1,57.95,SALE,19-01-2024 19:30:53,S07,20240119
S07/20240119/00019,3,TAX,1,24.87,TAX,19-01-2024 19:30:53,S07,20240119
S07/20240119/00019,4,TENDER,1,163.06,TENDER,19-01-2024 19:30:53,S07,20240119
S07/20240119/00020,1,P105260,1,72.61,SALE,19-01-2024 14:03:59,S07,20240119
S07/20240119/00020,2,P105562,2,128.95,SALE,19-01-2024 14:03:59,S07,20240119
S07/20240119/00020,3,P104587,4,252.25,SALE,19-01-2024 14:03:59,S07,20240119
S07/20240119/00020,4,P106464,1,271.59,SALE,19-01-2024 14:03:59,S07,20240119
S07/20240119/00020,5,TAX,1,122.70,TAX,19-01-2024 14:03:59,S07,20240119
S07/20240119/00020,6,TENDER,1,1733.80,TENDER,19-01-2024 14:03:59,S07,20240119
S07/20240119/00021,1,P104950,2,91.01,SALE,19-01-2024 22:13:08,S07,20240119
S07/20240119/00021,2,P102471,1,137.95,SALE,19-01-2024 22:13:08,S07,20240119
S07/20240119/00021,3,P101389,1,368.82,SALE,19-01-2024 22:13:08,S07,20240119
S07/20240119/00021,4,TAX,1,123.98,TAX,19-01-2024 22:13:08,S07,20240119
S07/20240119/00021,5,TENDER,1,812.77,TENDER,19-01-2024 22:13:08,S07,20240119
S07/20240120/00001,1,P105531,3,471.98,SALE,20-01-2024 18:34:20,S07,20240120
S07/20240120/00001,2,P107422,2,173.95,SALE,20-01-2024 18:34:20,S07,20240120
S07/20240120/00001,3,P105294,2,129.95,SALE,20-01-2024 18:34:20,S07,20240120
S07/20240120/00001,4,P100543,3,123.06,SALE,20-01-2024 18:34:20,S07,20240120
S07/20240120/00001,5,P106773,2,371.20,SALE,20-01-2024 18:34:20,S07,20240120
S07/20240120/00001,6,P100456,2,949.95,SALE,20-01-2024 18:34:20,S07,20240120
S07/20240120/00001,7,P100112,1,91.95,SALE,20-01-2024 18:34:20,S07,20240120
S07/20240120/00001,8,TAX,1,479.27,TAX,20-01-2024 18:34:20,S07,20240120
S07/20240120/00001,9,TENDER,1,5606.44,TENDER,20-01-2024 18:34:20,S07,20240120
S07/20240120/00002,1,P100354,3,182.63,SALE,20-01-2024 18:40:35,S07,20240120
S07/20240120/00002,2,P101339,1,222.95,SALE,20-01-2024 18:40:35,S07,20240120
S07/20240120/00002,3,P101533,2,1020.37,SALE,20-01-2024 18:40:35,S07,20240120
S07/20240120/00002,4,P105351,1,102.95,SALE,20-01-2024 18:40:35,S07,20240120
S07/20240120/00002,5,P105384,1,300.95,SALE,20-01-2024 18:40:35,S07,20240120
S07/20240120/00002,6,P103525,3,219.41,SALE,20-01-2024 18:40:35,S07,20240120
S07/20240120/00002,7,TAX,1,409.34,TAX,20-01-2024 18:40:35,S07,20240120
S07/20240120/00002,8,TENDER,1,4283.05,TENDER,20-01-2024 18:40:35,S07,20240120
S07/20240120/00003,1,P100112,2,91.95,SALE,20-01-2024 15:35:24,S07,20240120
S07/20240120/00003,2,P106015,3,147.48,SALE,20-01-2024 15:35:24,S07,20240120
S07/20240120/00003,3,P105062,3,15.04,SALE,20-01-2024 15:35:24,S07,20240120
S07/20240120/00003,4,P107422,2,173.95,SALE,20-01-2024 15:35:24,S07,20240120
S07/20240120/00003,5,P104072,4,650.20,SALE,20-01-2024 15:35:24,S07,20240120
S07/20240120/00003,6,P102272,2,373.95,SALE,20-01-2024 15:35:24,S07,20240120
S07/20240120/00003,7,P105698,3,177.90,SALE,20-01-2024 15:35:24,S07,20240120
S07/20240120/00003,8,P103950,1,1095.36,SALE,20-01-2024 15:35:24,S07,20240120
S07/20240120/00003,9,TAX,1,482.33,TAX,20-01-2024 15:35:24,S07,20240120
S07/20240120/00003,10,TENDER,1,6479.45,TENDER,20-01-2024 15:35:24,S07,20240120
S07/20240120/00004,1,P105260,2,72.61,SALE,20-01-2024 15:25:12,S07,20240120
S07/20240120/00004,2,P106542,1,107.95,SALE,20-01-2024 15:25:12,S07,20240120
S07/20240120/00004,3,P101444,3,834.95,SALE,20-01-2024 15:25:12,S07,20240120
S07/20240120/00004,4,P101766,2,189.95,SALE,20-01-2024 15:25:12,S07,20240120
S07/20240120/00004,5,DISC,1,-211.67,DISCOUNT,20-01-2024 15:25:12,S07,20240120
S07/20240120/00004,6,TAX,1,193.68,TAX,20-01-2024 15:25:12,S07,20240120
S07/20240120/00004,7,TENDER,1,3119.93,TENDER,20-01-2024 15:25:12,S07,20240120
S07/20240120/00005,1,P105268,-2,255.65,RETURN,20-01-2024 15:23:18,S07,20240120
S07/20240120/00005,2,P102975,-4,226.32,RETURN,20-01-2024 15:23:18,S07,20240120
S07/20240120/00005,3,TAX,1,-254.98,TAX,20-01-2024 15:23:18,S07,20240120
S07/20240120/00005,4,TENDER,1,-1671.56,TENDER,20-01-2024 15:23:18,S07,20240120
S07/20240120/00006,1,P105450,3,252.15,SALE,20-01-2024 19:22:36,S07,20240120
S07/20240120/00006,2,P100703,2,164.26,SALE,20-01-2024 19:22:36,S07,20240120
S07/20240120/00006,3,TAX,1,39.42,TAX,20-01-2024 19:22:36,S07,20240120
S07/20240120/00006,4,TENDER,1,1124.39,TENDER,20-01-2024 19:22:36,S07,20240120
S07/20240120/00007,1,P104160,5,243.35,SALE,20-01-2024 22:05:32,S07,20240120
S07/20240120/00007,2,P107899,2,197.21,SALE,20-01-2024 22:05:32,S07,20240120
S07/20240120/00007,3,P108118,4,66.05,SALE,20-01-2024 22:05:32,S07,20240120
S07/20240120/00007,4,P107914,1,231.95,SALE,20-01-2024 22:05:32,S07,20240120
S07/20240120/00007,5,P101697,1,85.25,SALE,20-01-2024 22:05:32,S07,20240120
S07/20240120/00007,6,P100330,1,188.77,SALE,20-01-2024 22:05:32,S07,20240120
S07/20240120/00007,7,TAX,1,84.12,TAX,20-01-2024 22:05:32,S07,20240120
S07/20240120/00007,8,TENDER,1,2465.46,TENDER,20-01-2024 22:05:32,S07,20240120
S07/20240120/00008,1,P100494,2,64.52,SALE,20-01-2024 17:00:35,S07,20240120
S07/20240120/00008,2,P100387,1,104.82,SALE,20-01-2024 17:00:35,S07,20240120
S07/20240120/00008,3,P102857,2,114.95,SALE,20-01-2024 17:00:35,S07,20240120
S07/20240120/00008,4,P108144,2,257.95,SALE,20-01-2024 17:00:35,S07,20240120
S07/20240120/00008,5,P106802,3,689.06,SALE,20-01-2024 17:00:35,S07,20240120
S07/20240120/00008,6,P105288,2,250.09,SALE,20-01-2024 17:00:35,S07,20240120
S07/20240120/00008,7,P105775,2,104.41,SALE,20-01-2024 17:00:35,S07,20240120
S07/20240120/00008,8,P107863,1,449.95,SALE,20-01-2024 17:00:35,S07,20240120
S07/20240120/00008,9,P107126,4,75.95,SALE,20-01-2024 17:00:35,S07,20240120
S07/20240120/00008,10,TAX,1,352.56,TAX,20-01-2024 17:00:35,S07,20240120
S07/20240120/00008,11,TENDER,1,4862.15,TENDER,20-01-2024 17:00:35,S07,20240120
S07/20240120/00009,1,P107880,1,307.95,SALE,20-01-2024 13:01:12,S07,20240120
S07/20240120/00009,2,P104454,1,47.84,SALE,20-01-2024 13:01:12,S07,20240120
S07/20240120/00009,3,P102409,1,381.29,SALE,20-01-2024 13:01:12,S07,20240120
S07/20240120/00009,4,P106258,2,423.67,SALE,20-01-2024 13:01:12,S07,20240120
S07/20240120/00009,5,P100640,1,330.95,SALE,20-01-2024 13:01:12,S07,20240120
S07/20240120/00009,6,P102193,2,343.13,SALE,20-01-2024 13:01:12,S07,20240120
S07/20240120/00009,7,DISC,1,-100.37,DISCOUNT,20-01-2024 13:01:12,S07,20240120
S07/20240120/00009,8,TAX,1,233.11,TAX,20-01-2024 13:01:12,S07,20240120
S07/20240120/00009,9,TENDER,1,2734.37,TENDER,20-01-2024 13:01:12,S07,20240120
S07/20240120/00010,1,P102520,2,597.95,SALE,20-01-2024 08:32:24,S07,20240120
S07/20240120/00010,2,P107609,2,100.54,SALE,20-01-2024 08:32:24,S07,20240120
S07/20240120/00010,3,P106048,1,310.59,SALE,20-01-2024 08:32:24,S07,20240120
S07/20240120/00010,4,P103600,2,98.96,SALE,20-01-2024 08:32:24,S07,20240120
S07/20240120/00010,5,P108067,2,621.95,SALE,20-01-2024 08:32:24,S07,20240120
S07/20240120/00010,6,P100850,1,166.95,SALE,20-01-2024 08:32:24,S07,20240120
S07/20240120/00010,7,TAX,1,163.19,TAX,20-01-2024 08:32:24,S07,20240120
S07/20240120/00010,8,TENDER,1,3479.53,TENDER,20-01-2024 08:32:24,S07,20240120
S07/20240120/00011,1,P100549,2,301.95,SALE,20-01-2024 11:32:13,S07,20240120
S07/20240120/00011,2,P106671,4,101.77,SALE,20-01-2024 11:32:13,S07,20240120
S07/20240120/00011,3,TAX,1,92.82,TAX,20-01-2024 11:32:13,S07,20240120
S07/20240120/00011,4,TENDER,1,1103.80,TENDER,20-01-2024 11:32:13,S07,20240120
S07/20240120/00012,1,P103178,2,21.49,SALE,20-01-2024 13:46:52,S07,20240120
S07/20240120/00012,2,P101283,3,263.48,SALE,20-01-2024 13:46:52,S07,20240120
S07/20240120/00012,3,P105775,1,104.41,SALE,20-01-2024 13:46:52,S07,20240120
S07/20240120/00012,4,P108335,2,162.61,SALE,20-01-2024 13:46:52,S07,20240120
S07/20240120/00012,5,TAX,1,150.02,TAX,20-01-2024 13:46:52,S07,20240120
S07/20240120/00012,6,TENDER,1,1413.07,TENDER,20-01-2024 13:46:52,S07,20240120
S07/20240120/00013,1,P106731,2,142.59,SALE,20-01-2024 12:52:18,S07,20240120
S07/20240120/00013,2,P105988,1,26.95,SALE,20-01-2024 12:52:18,S07,20240120
S07/20240120/00013,3,P102598,3,132.95,SALE,20-01-2024 12:52:18,S07,20240120
S07/20240120/00013,4,P101543,2,196.46,SALE,20-01-2024 12:52:18,S07,20240120
S07/20240120/00013,5,TAX,1,72.07,TAX,20-01-2024 12:52:18,S07,20240120
S07/20240120/00013,6,TENDER,1,1175.97,TENDER,20-01-2024 12:52:18,S07,20240120
S07/20240120/00014,1,P106015,1,147.48,SALE,20-01-2024 12:46:15,S07,20240120
S07/20240120/00014,2,P106373,3,46.84,SALE,20-01-2024 12:46:15,S07,20240120
S07/20240120/00014,3,P104404,3,877.95,SALE,20-01-2024 12:46:15,S07,20240120
S07/20240120/00014,4,P100736,2,700.87,SALE,20-01-2024 12:46:15,S07,20240120
S07/20240120/00014,5,P104107,1,475.22,SALE,20-01-2024 12:46:15,S07,20240120
S07/20240120/00014,6,P101884,4,352.98,SALE,20-01-2024 12:46:15,S07,20240120
S07/20240120/00014,7,P108060,1,217.09,SALE,20-01-2024 12:46:15,S07,20240120
S07/20240120/00014,8,DISC,1,-423.74,DISCOUNT,20-01-2024 12:46:15,S07,20240120
S07/20240120/00014,9,TAX,1,750.10,TAX,20-01-2024 12:46:15,S07,20240120
S07/20240120/00014,10,TENDER,1,6754.18,TENDER,20-01-2024 12:46:15,S07,20240120
S07/20240120/00015,1,P104842,2,357.87,SALE,20-01-2024 21:18:34,S07,20240120
S07/20240120/00015,2,P107327,2,1146.95,SALE,20-01-2024 21:18:34,S07,20240120
S07/20240120/00015,3,P103424,2,235.87,SALE,20-01-2024 21:18:34,S07,20240120
S07/20240120/00015,4,P102045,3,21.31,SALE,20-01-2024 21:18:34,S07,20240120
S07/20240120/00015,5,P101990,3,352.58,SALE,20-01-2024 21:18:34,S07,20240120
S07/20240120/00015,6,P101339,1,222.95,SALE,20-01-2024 21:18:34,S07,20240120
S07/20240120/00015,7,P103137,1,218.09,SALE,20-01-2024 21:18:34,S07,20240120
S07/20240120/00015,8,TAX,1,318.25,TAX,20-01-2024 21:18:34,S07,20240120
S07/20240120/00015,9,TENDER,1,5362.34,TENDER,20-01-2024 21:18:34,S07,20240120
S07/20240120/00016,1,P102585,3,459.16,SALE,20-01-2024 12:22:04,S07,20240120
S07/20240120/00016,2,P103155,2,243.23,SALE,20-01-2024 12:22:04,S07,20240120
S07/20240120/00016,3,P106310,2,462.95,SALE,20-01-2024 12:22:04,S07,20240120
S07/20240120/00016,4,TAX,1,323.10,TAX,20-01-2024 12:22:04,S07,20240120
S07/20240120/00016,5,TENDER,1,3112.94,TENDER,20-01-2024 12:22:04,S07,20240120
S07/20240120/00017,1,P105021,1,1099.18,SALE,20-01-2024 13:31:40,S07,20240120
S07/20240120/00017,2,P107872,2,510.55,SALE,20-01-2024 13:31:40,S07,20240120
S07/20240120/00017,3,P106620,4,296.41,SALE,20-01-2024 13:31:40,S07,20240120
S07/20240120/00017,4,P103155,1,243.23,SALE,20-01-2024 13:31:40,S07,20240120
S07/20240120/00017,5,P107278,3,51.95,SALE,20-01-2024 13:31:40,S07,20240120
S07/20240120/00017,6,P108247,1,242.95,SALE,20-01-2024 13:31:40,S07,20240120
S07/20240120/00017,7,TAX,1,431.45,TAX,20-01-2024 13:31:40,S07,20240120
S07/20240120/00017,8,TENDER,1,4379.40,TENDER,20-01-2024 13:31:40,S07,20240120
S07/20240120/00018,1,P102436,-1,216.95,RETURN,20-01-2024 12:06:10,S07,20240120
S07/20240120/00018,2,P107564,-1,278.95,RETURN,20-01-2024 12:06:10,S07,20240120
S07/20240120/00018,3,P106059,-2,271.95,RETURN,20-01-2024 12:06:10,S07,20240120
S07/20240120/00018,4,P100940,-1,171.39,RETURN,20-01-2024 12:06:10,S07,20240120
S07/20240120/00018,5,TAX,1,-201.28,TAX,20-01-2024 12:06:10,S07,20240120
S07/20240120/00018,6,TENDER,1,-1412.47,TENDER,20-01-2024 12:06:10,S07,20240120
S07/20240120/00019,1,P106297,1,139.95,SALE,20-01-2024 13:22:54,S07,20240120
S07/20240120/00019,2,P102640,2,241.34,SALE,20-01-2024 13:22:54,S07,20240120
S07/20240120/00019,3,DISC,1,-60.03,DISCOUNT,20-01-2024 13:22:54,S07,20240120
S07/20240120/00019,4,TAX,1,101.27,TAX,20-01-2024 13:22:54,S07,20240120
S07/20240120/00019,5,TENDER,1,663.87,TENDER,20-01-2024 13:22:54,S07,20240120
S07/20240120/00020,1,P100007,2,129.42,SALE,20-01-2024 21:56:09,S07,20240120
S07/20240120/00020,2,P106405,1,39.79,SALE,20-01-2024 21:56:09,S07,20240120
S07/20240120/00020,3,TAX,1,53.75,TAX,20-01-2024 21:56:09,S07,20240120
S07/20240120/00020,4,TENDER,1,352.38,TENDER,20-01-2024 21:56:09,S07,20240120
S07/20240120/00021,1,P101213,2,232.84,SALE,20-01-2024 15:42:12,S07,20240120
S07/20240120/00021,2,P100838,1,37.95,SALE,20-01-2024 15:42:12,S07,20240120
S07/20240120/00021,3,P104965,2,81.82,SALE,20-01-2024 15:42:12,S07,20240120
S07/20240120/00021,4,TAX,1,93.90,TAX,20-01-2024 15:42:12,S07,20240120
S07/20240120/00021,5,TENDER,1,761.17,TENDER,20-01-2024 15:42:12,S07,20240120
S07/20240120/00022,1,P105450,1,252.15,SALE,20-01-2024 14:53:01,S07,20240120
S07/20240120/00022,2,P101156,2,91.80,SALE,20-01-2024 14:53:01,S07,20240120
S07/20240120/00022,3,P103243,1,195.61,SALE,20-01-2024 14:53:01,S07,20240120
S07/20240120/00022,4,P102202,2,184.86,SALE,20-01-2024 14:53:01,S07,20240120
S07/20240120/00022,5,P107472,2,60.81,SALE,20-01-2024 14:53:01,S07,20240120
S07/20240120/00022,6,P104202,3,132.95,SALE,20-01-2024 14:53:01,S07,20240120
S07/20240120/00022,7,P106720,2,126.28,SALE,20-01-2024 14:53:01,S07,20240120
S07/20240120/00022,8,TAX,1,137.05,TAX,20-01-2024 14:53:01,S07,20240120
S07/20240120/00022,9,TENDER,1,1911.16,TENDER,20-01-2024 14:53:01,S07,20240120
S07/20240120/00023,1,P102166,2,48.71,SALE,20-01-2024 15:48:14,S07,20240120
S07/20240120/00023,2,P101894,3,662.70,SALE,20-01-2024 15:48:14,S07,20240120
S07/20240120/00023,3,TAX,1,256.11,TAX,20-01-2024 15:48:14,S07,20240120
S07/20240120/00023,4,TENDER,1,2341.63,TENDER,20-01-2024 15:48:14,S07,20240120
S07/20240120/00024,1,P106651,1,855.95,SALE,20-01-2024 21:45:48,S07,20240120
S07/20240120/00024,2,P107743,2,206.95,SALE,20-01-2024 21:45:48,S07,20240120
S07/20240120/00024,3,P107018,4,179.95,SALE,20-01-2024 21:45:48,S07,20240120
S07/20240120/00024,4,P102389,3,73.06,SALE,20-01-2024 21:45:48,S07,20240120
S07/20240120/00024,5,TAX,1,125.11,TAX,20-01-2024 21:45:48,S07,20240120
S07/20240120/00024,6,TENDER,1,2333.94,TENDER,20-01-2024 21:45:48,S07,20240120
S07/20240120/00025,1,P100543,1,123.06,SALE,20-01-2024 19:18:41,S07,20240120
S07/20240120/00025,2,P103616,1,621.95,SALE,20-01-2024 19:18:41,S07,20240120
S07/20240120/00025,3,P103496,2,70.71,SALE,20-01-2024 19:18:41,S07,20240120
S07/20240120/00025,4,P102585,1,459.16,SALE,20-01-2024 19:18:41,S07,20240120
S07/20240120/00025,5,P106464,4,271.59,SALE,20-01-2024 19:18:41,S07,20240120
S07/20240120/00025,6,P107536,3,1495.35,SALE,20-01-2024 19:18:41,S07,20240120
S07/20240120/00025,7,P106130,3,1254.95,SALE,20-01-2024 19:18:41,S07,20240120
S07/20240120/00025,8,DISC,1,-890.67,DISCOUNT,20-01-2024 19:18:41,S07,20240120
S07/20240120/00025,9,TAX,1,192.38,TAX,20-01-2024 19:18:41,S07,20240120
S07/20240120/00025,10,TENDER,1,9984.56,TENDER,20-01-2024 19:18:41,S07,20240120
S07/20240120/00026,1,P104517,1,1474.90,SALE,20-01-2024 23:53:20,S07,20240120
S07/20240120/00026,2,P105092,3,421.74,SALE,20-01-2024 23:53:20,S07,20240120
S07/20240120/00026,3,P101656,1,262.95,SALE,20-01-2024 23:53:20,S07,20240120
S07/20240120/00026,4,TAX,1,259.29,TAX,20-01-2024 23:53:20,S07,20240120
S07/20240120/00026,5,TENDER,1,3262.36,TENDER,20-01-2024 23:53:20,S07,20240120
S07/20240120/00027,1,P106522,3,208.95,SALE,20-01-2024 17:25:13,S07,20240120
S07/20240120/00027,2,P108356,2,189.09,SALE,20-01-2024 17:25:13,S07,20240120
S07/20240120/00027,3,P105272,3,340.95,SALE,20-01-2024 17:25:13,S07,20240120
S07/20240120/00027,4,P105021,3,1099.18,SALE,20-01-2024 17:25:13,S07,20240120
S07/20240120/00027,5,P105425,3,146.30,SALE,20-01-2024 17:25:13,S07,20240120
S07/20240120/00027,6,TAX,1,617.12,TAX,20-01-2024 17:25:13,S07,20240120
S07/20240120/00027,7,TENDER,1,6381.44,TENDER,20-01-2024 17:25:13,S07,20240120
S07/20240120/00028,1,P103811,1,801.95,SALE,20-01-2024 18:10:30,S07,20240120
S07/20240120/00028,2,P100362,1,270.89,SALE,20-01-2024 18:10:30,S07,20240120
S07/20240120/00028,3,P102219,2,726.06,SALE,20-01-2024 18:10:30,S07,20240120
S07/20240120/00028,4,P101766,1,189.95,SALE,20-01-2024 18:10:30,S07,20240120
S07/20240120/00028,5,P102674,2,450.95,SALE,20-01-2024 18:10:30,S07,20240120
S07/20240120/00028,6,P103449,4,373.19,SALE,20-01-2024 18:10:30,S07,20240120
S07/20240120/00028,7,P107365,2,934.48,SALE,20-01-2024 18:10:30,S07,20240120
S07/20240120/00028,8,P103861,3,52.95,SALE,20-01-2024 18:10:30,S07,20240120
S07/20240120/00028,9,P107933,1,1175.95,SALE,20-01-2024 18:10:30,S07,20240120
S07/20240120/00028,10,TAX,1,705.71,TAX,20-01-2024 18:10:30,S07,20240120
S07/20240120/00028,11,TENDER,1,9019.04,TENDER,20-01-2024 18:10:30,S07,20240120
S07/20240120/00029,1,P100183,4,1426.11,SALE,20-01-2024 16:09:57,S07,20240120
S07/20240120/00029,2,P107414,4,539.23,SALE,20-01-2024 16:09:57,S07,20240120
S07/20240120/00029,3,P102424,4,333.88,SALE,20-01-2024 16:09:57,S07,20240120
S07/20240120/00029,4,P106004,3,137.38,SALE,20-01-2024 16:09:57,S07,20240120
S07/20240120/00029,5,TAX,1,879.76,TAX,20-01-2024 16:09:57,S07,20240120
S07/20240120/00029,6,TENDER,1,10488.78,TENDER,20-01-2024 16:09:57,S07,20240120
S07/20240120/00030,1,P105666,2,1064.29,SALE,20-01-2024 14:26:57,S07,20240120
S07/20240120/00030,2,P107012,3,110.95,SALE,20-01-2024 14:26:57,S07,20240120
S07/20240120/00030,3,P100869,3,56.95,SALE,20-01-2024 14:26:57,S07,20240120
S07/20240120/00030,4,P104554,1,437.01,SALE,20-01-2024 14:26:57,S07,20240120
S07/20240120/00030,5,TAX,1,89.59,TAX,20-01-2024 14:26:57,S07,20240120
S07/20240120/00030,6,TENDER,1,3158.88,TENDER,20-01-2024 14:26:57,S07,20240120
S07/20240120/00031,1,P101940,3,185.49,SALE,20-01-2024 18:29:08,S07,20240120
S07/20240120/00031,2,P107848,2,267.41,SALE,20-01-2024 18:29:08,S07,20240120
S07/20240120/00031,3,P103882,3,269.95,SALE,20-01-2024 18:29:08,S07,20240120
S07/20240120/00031,4,P108206,6,609.36,SALE,20-01-2024 18:29:08,S07,20240120
S07/20240120/00031,5,TAX,1,239.29,TAX,20-01-2024 18:29:08,S07,20240120
S07/20240120/00031,6,TENDER,1,5796.59,TENDER,20-01-2024 18:29:08,S07,20240120
S07/20240120/00032,1,P102913,3,317.07,SALE,20-01-2024 21:51:08,S07,20240120
S07/20240120/00032,2,P102353,2,141.95,SALE,20-01-2024 21:51:08,S07,20240120
S07/20240120/00032,3,P106072,2,78.69,SALE,20-01-2024 21:51:08,S07,20240120
S07/20240120/00032,4,P102342,2,99.85,SALE,20-01-2024 21:51:08,S07,20240120
S07/20240120/00032,5,P108397,1,272.95,SALE,20-01-2024 21:51:08,S07,20240120
S07/20240120/00032,6,P100850,1,166.95,SALE,20-01-2024 21:51:08,S07,20240120
S07/20240120/00032,7,TAX,1,223.98,TAX,20-01-2024 21:51:08,S07,20240120
S07/20240120/00032,8,TENDER,1,2256.07,TENDER,20-01-2024 21:51:08,S07,20240120
S07/20240120/00033,1,P104107,-1,475.22,RETURN,20-01-2024 16:32:43,S07,20240120
S07/20240120/00033,2,P107996,-1,211.95,RETURN,20-01-2024 16:32:43,S07,20240120
S07/20240120/00033,3,P101656,-1,262.95,RETURN,20-01-2024 16:32:43,S07,20240120
S07/20240120/00033,4,P101339,-1,222.95,RETURN,20-01-2024 16:32:43,S07,20240120
S07/20240120/00033,5,P102042,-2,540.93,RETURN,20-01-2024 16:32:43,S07,20240120
S07/20240120/00033,6,TAX,1,-192.93,TAX,20-01-2024 16:32:43,S07,20240120
S07/20240120/00033,7,TENDER,1,-2447.86,TENDER,20-01-2024 16:32:43,S07,20240120
S07/20240120/00034,1,P108356,3,208.00,SALE,20-01-2024 13:21:52,S07,20240120
S07/20240120/00034,2,P102811,3,199.15,SALE,20-01-2024 13:21:52,S07,20240120
S07/20240120/00034,3,P107458,2,1239.88,SALE,20-01-2024 13:21:52,S07,20240120
S07/20240120/00034,4,P101332,1,400.98,SALE,20-01-2024 13:21:52,S07,20240120
S07/20240120/00034,5,P105733,2,135.79,SALE,20-01-2024 13:21:52,S07,20240120
S07/20240120/00034,6,TAX,1,225.81,TAX,20-01-2024 13:21:52,S07,20240120
S07/20240120/00034,7,TENDER,1,4599.58,TENDER,20-01-2024 13:21:52,S07,20240120
S07/20240120/00035,1,P104446,1,52.95,SALE,20-01-2024 09:35:07,S07,20240120
S07/20240120/00035,2,P100693,1,99.05,SALE,20-01-2024 09:35:07,S07,20240120
S07/20240120/00035,3,P101710,2,307.38,SALE,20-01-2024 09:35:07,S07,20240120
S07/20240120/00035,4,P107145,1,235.69,SALE,20-01-2024 09:35:07,S07,20240120
S07/20240120/00035,5,P100005,2,103.45,SALE,20-01-2024 09:35:07,S07,20240120
S07/20240120/00035,6,TAX,1,166.66,TAX,20-01-2024 09:35:07,S07,20240120
S07/20240120/00035,7,TENDER,1,1376.01,TENDER,20-01-2024 09:35:07,S07,20240120
S07/20240120/00036,1,P100035,2,1456.57,SALE,20-01-2024 20:33:36,S07,20240120
S07/20240120/00036,2,P105636,1,526.95,SALE,20-01-2024 20:33:36,S07,20240120
S07/20240120/00036,3,P106151,2,289.47,SALE,20-01-2024 20:33:36,S07,20240120
S07/20240120/00036,4,P106793,2,287.78,SALE,20-01-2024 20:33:36,S07,20240120
S07/20240120/00036,5,P100112,3,91.95,SALE,20-01-2024 20:33:36,S07,20240120
S07/20240120/00036,6,TAX,1,497.48,TAX,20-01-2024 20:33:36,S07,20240120
S07/20240120/00036,7,TENDER,1,5367.92,TENDER,20-01-2024 20:33:36,S07,20240120
S07/20240121/00001,1,P102671,2,231.95,SALE,21-01-2024 15:16:32,S07,20240121
S07/20240121/00001,2,P103090,2,805.95,SALE,21-01-2024 15:16:32,S07,20240121
S07/20240121/00001,3,TAX,1,164.10,TAX,21-01-2024 15:16:32,S07,20240121
S07/20240121/00001,4,TENDER,1,2239.90,TENDER,21-01-2024 15:16:32,S07,20240121
S07/20240121/00002,1,P107996,2,211.95,SALE,21-01-2024 17:43:54,S07,20240121
S07/20240121/00002,2,P102074,2,415.90,SALE,21-01-2024 17:43:54,S07,20240121
S07/20240121/00002,3,P103283,2,145.09,SALE,21-01-2024 17:43:54,S07,20240121
S07/20240121/00002,4,P106566,2,210.17,SALE,21-01-2024 17:43:54,S07,20240121
S07/20240121/00002,5,P105112,2,179.95,SALE,21-01-2024 17:43:54,S07,20240121
S07/20240121/00002,6,P105713,2,327.34,SALE,21-01-2024 17:43:54,S07,20240121
S07/20240121/00002,7,P106388,1,1042.36,SALE,21-01-2024 17:43:54,S07,20240121
S07/20240121/00002,8,P106209,2,182.34,SALE,21-01-2024 17:43:54,S07,20240121
S07/20240121/00002,9,P106015,3,147.48,SALE,21-01-2024 17:43:54,S07,20240121
S07/20240121/00002,10,TAX,1,300.54,TAX,21-01-2024 17:43:54,S07,20240121
S07/20240121/00002,11,TENDER,1,5130.82,TENDER,21-01-2024 17:43:54,S07,20240121
S07/20240121/00003,1,P104676,2,81.62,SALE,21-01-2024 19:30:05,S07,20240121
S07/20240121/00003,2,P105988,1,26.95,SALE,21-01-2024 19:30:05,S07,20240121
S07/20240121/00003,3,P107190,7,223.50,SALE,21-01-2024 19:30:05,S07,20240121
S07/20240121/00003,4,P105035,2,158.77,SALE,21-01-2024 19:30:05,S07,20240121
S07/20240121/00003,5,P106084,2,592.14,SALE,21-01-2024 19:30:05,S07,20240121
S07/20240121/00003,6,TAX,1,371.55,TAX,21-01-2024 19:30:05,S07,20240121
S07/20240121/00003,7,TENDER,1,3628.06,TENDER,21-01-2024 19:30:05,S07,20240121
S07/20240121/00004,1,P103372,3,43.95,SALE,21-01-2024 15:17:39,S07,20240121
S07/20240121/00004,2,P106848,3,16.02,SALE,21-01-2024 15:17:39,S07,20240121
S07/20240121/00004,3,P104902,2,383.95,SALE,21-01-2024 15:17:39,S07,20240121
S07/20240121/00004,4,TAX,1,161.96,TAX,21-01-2024 15:17:39,S07,20240121
S07/20240121/00004,5,TENDER,1,1109.77,TENDER,21-01-2024 15:17:39,S07,20240121
S07/20240121/00005,1,P100754,4,81.86,SALE,21-01-2024 13:34:12,S07,20240121
S07/20240121/00005,2,P104975,3,474.17,SALE,21-01-2024 13:34:12,S07,20240121
S07/20240121/00005,3,P102656,6,176.92,SALE,21-01-2024 13:34:12,S07,20240121
S07/20240121/00005,4,P103222,4,317.95,SALE,21-01-2024 13:34:12,S07,20240121
S07/20240121/00005,5,P106997,3,39.70,SALE,21-01-2024 13:34:12,S07,20240121
S07/20240121/00005,6,DISC,1,-326.08,DISCOUNT,21-01-2024 13:34:12,S07,20240121
S07/20240121/00005,7,TAX,1,218.02,TAX,21-01-2024 13:34:12,S07,20240121
S07/20240121/00005,8,TENDER,1,4094.31,TENDER,21-01-2024 13:34:12,S07,20240121
S07/20240121/00006,1,P107759,2,229.95,SALE,21-01-2024 15:59:39,S07,20240121
S07/20240121/00006,2,P101156,3,91.80,SALE,21-01-2024 15:59:39,S07,20240121
S07/20240121/00006,3,P101722,4,1331.86,SALE,21-01-2024 15:59:39,S07,20240121
S07/20240121/00006,4,P104194,3,119.04,SALE,21-01-2024 15:59:39,S07,20240121
S07/20240121/00006,5,P104831,4,1472.59,SALE,21-01-2024 15:59:39,S07,20240121
S07/20240121/00006,6,P105384,1,300.95,SALE,21-01-2024 15:59:39,S07,20240121
S07/20240121/00006,7,TAX,1,1087.38,TAX,21-01-2024 15:59:39,S07,20240121
S07/20240121/00006,8,TENDER,1,13698.55,TENDER,21-01-2024 15:59:39,S07,20240121
S07/20240121/00007,1,P102972,2,212.89,SALE,21-01-2024 15:36:36,S07,20240121
S07/20240121/00007,2,P102724,1,354.69,SALE,21-01-2024 15:36:36,S07,20240121
S07/20240121/00007,3,P102151,4,935.36,SALE,21-01-2024 15:36:36,S07,20240121
S07/20240121/00007,4,P103243,6,195.61,SALE,21-01-2024 15:36:36,S07,20240121
S07/20240121/00007,5,TAX,1,360.69,TAX,21-01-2024 15:36:36,S07,20240121
S07/20240121/00007,6,TENDER,1,6056.26,TENDER,21-01-2024 15:36:36,S07,20240121
S07/20240121/00008,1,P108216,2,71.71,SALE,21-01-2024 11:52:21,S07,20240121
S07/20240121/00008,2,P101702,1,483.95,SALE,21-01-2024 11:52:21,S07,20240121
S07/20240121/00008,3,P103197,3,292.95,SALE,21-01-2024 11:52:21,S07,20240121
S07/20240121/00008,4,TAX,1,199.74,TAX,21-01-2024 11:52:21,S07,20240121
S07/20240121/00008,5,TENDER,1,1705.96,TENDER,21-01-2024 11:52:21,S07,20240121
S07/20240121/00009,1,P104168,2,512.27,SALE,21-01-2024 17:52:46,S07,20240121
S07/20240121/00009,2,P104831,2,1472.59,SALE,21-01-2024 17:52:46,S07,20240121
S07/20240121/00009,3,P102255,2,149.81,SALE,21-01-2024 17:52:46,S07,20240121
S07/20240121/00009,4,TAX,1,404.65,TAX,21-01-2024 17:52:46,S07,20240121
S07/20240121/00009,5,TENDER,1,4673.99,TENDER,21-01-2024 17:52:46,S07,20240121
S07/20240121/00010,1,P104187,4,86.95,SALE,21-01-2024 10:46:56,S07,20240121
S07/20240121/00010,2,P100838,1,37.95,SALE,21-01-2024 10:46:56,S07,20240121
S07/20240121/00010,3,P105890,1,1102.54,SALE,21-01-2024 10:46:56,S07,20240121
S07/20240121/00010,4,P101634,3,25.05,SALE,21-01-2024 10:46:56,S07,20240121
S07/20240121/00010,5,P103861,1,52.95,SALE,21-01-2024 10:46:56,S07,20240121
S07/20240121/00010,6,TAX,1,90.59,TAX,21-01-2024 10:46:56,S07,20240121
S07/20240121/00010,7,TENDER,1,1706.98,TENDER,21-01-2024 10:46:56,S07,20240121
S07/20240121/00011,1,P101813,3,237.06,SALE,21-01-2024 18:05:11,S07,20240121
S07/20240121/00011,2,P104236,3,252.61,SALE,21-01-2024 18:05:11,S07,20240121
S07/20240121/00011,3,P105246,2,827.34,SALE,21-01-2024 18:05:11,S07,20240121
S07/20240121/00011,4,P107526,4,42.95,SALE,21-01-2024 18:05:11,S07,20240121
S07/20240121/00011,5,P103413,2,1296.43,SALE,21-01-2024 18:05:11,S07,20240121
S07/20240121/00011,6,TAX,1,379.71,TAX,21-01-2024 18:05:11,S07,20240121
S07/20240121/00011,7,TENDER,1,6268.06,TENDER,21-01-2024 18:05:11,S07,20240121
S07/20240121/00012,1,P102114,2,128.95,SALE,21-01-2024 17:38:36,S07,20240121
S07/20240121/00012,2,P100156,1,1576.32,SALE,21-01-2024 17:38:36,S07,20240121
S07/20240121/00012,3,P102436,4,216.95,SALE,21-01-2024 17:38:36,S07,20240121
S07/20240121/00012,4,P102166,1,45.95,SALE,21-01-2024 17:38:36,S07,20240121
S07/20240121/00012,5,P105106,2,101.21,SALE,21-01-2024 17:38:36,S07,20240121
S07/20240121/00012,6,P100731,3,268.30,SALE,21-01-2024 17:38:36,S07,20240121
S07/20240121/00012,7,TAX,1,358.69,TAX,21-01-2024 17:38:36,S07,20240121
S07/20240121/00012,8,TENDER,1,4113.98,TENDER,21-01-2024 17:38:36,S07,20240121
S07/20240121/00013,1,P107799,1,738.35,SALE,21-01-2024 18:45:13,S07,20240121
S07/20240121/00013,2,P103577,2,108.85,SALE,21-01-2024 18:45:13,S07,20240121
S07/20240121/00013,3,P105453,2,393.95,SALE,21-01-2024 18:45:13,S07,20240121
S07/20240121/00013,4,P101037,1,532.57,SALE,21-01-2024 18:45:13,S07,20240121
S07/20240121/00013,5,P103792,2,26.45,SALE,21-01-2024 18:45:13,S07,20240121
S07/20240121/00013,6,P106506,1,91.95,SALE,21-01-2024 18:45:13,S07,20240121
S07/20240121/00013,7,TAX,1,319.92,TAX,21-01-2024 18:45:13,S07,20240121
S07/20240121/00013,8,TENDER,1,2741.29,TENDER,21-01-2024 18:45:13,S07,20240121
S07/20240121/00014,1,P101052,3,198.99,SALE,21-01-2024 15:52:11,S07,20240121
S07/20240121/00014,2,P102640,2,241.34,SALE,21-01-2024 15:52:11,S07,20240121
S07/20240121/00014,3,P106353,3,244.95,SALE,21-01-2024 15:52:11,S07,20240121
S07/20240121/00014,4,P108076,2,145.31,SALE,21-01-2024 15:52:11,S07,20240121
S07/20240121/00014,5,P102296,2,43.24,SALE,21-01-2024 15:52:11,S07,20240121
S07/20240121/00014,6,P106501,1,165.98,SALE,21-01-2024 15:52:11,S07,20240121
S07/20240121/00014,7,P101507,4,619.87,SALE,21-01-2024 15:52:11,S07,20240121
S07/20240121/00014,8,P104756,2,334.95,SALE,21-01-2024 15:52:11,S07,20240121
S07/20240121/00014,9,P107989,2,184.95,SALE,21-01-2024 15:52:11,S07,20240121
S07/20240121/00014,10,P104302,1,1205.95,SALE,21-01-2024 15:52:11,S07,20240121
S07/20240121/00014,11,TAX,1,840.02,TAX,21-01-2024 15:52:11,S07,20240121
S07/20240121/00014,12,TENDER,1,7922.83,TENDER,21-01-2024 15:52:11,S07,20240121
S07/20240121/00015,1,P106258,1,423.67,SALE,21-01-2024 16:26:28,S07,20240121
S07/20240121/00015,2,P107294,3,83.95,SALE,21-01-2024 16:26:28,S07,20240121
S07/20240121/00015,3,P106424,1,535.14,SALE,21-01-2024 16:26:28,S07,20240121
S07/20240121/00015,4,P103413,4,1296.43,SALE,21-01-2024 16:26:28,S07,20240121
S07/20240121/00015,5,P102623,4,110.85,SALE,21-01-2024 16:26:28,S07,20240121
S07/20240121/00015,6,TAX,1,373.03,TAX,21-01-2024 16:26:28,S07,20240121
S07/20240121/00015,7,TENDER,1,7212.81,TENDER,21-01-2024 16:26:28,S07,20240121
S07/20240121/00016,1,P102207,2,348.89,SALE,21-01-2024 16:24:20,S07,20240121
S07/20240121/00016,2,P108247,1,242.95,SALE,21-01-2024 16:24:20,S07,20240121
S07/20240121/00016,3,TAX,1,127.46,TAX,21-01-2024 16:24:20,S07,20240121
S07/20240121/00016,4,TENDER,1,1068.19,TENDER,21-01-2024 16:24:20,S07,20240121
S07/20240121/00017,1,P108300,4,260.37,SALE,21-01-2024 15:03:17,S07,20240121
S07/20240121/00017,2,P100106,2,287.42,SALE,21-01-2024 15:03:17,S07,20240121
S07/20240121/00017,3,P104469,1,1383.23,SALE,21-01-2024 15:03:17,S07,20240121
S07/20240121/00017,4,P106927,4,140.95,SALE,21-01-2024 15:03:17,S07,20240121
S07/20240121/00017,5,P104844,3,530.87,SALE,21-01-2024 15:03:17,S07,20240121
S07/20240121/00017,6,P100281,3,449.95,SALE,21-01-2024 15:03:17,S07,20240121
S07/20240121/00017,7,P103946,1,339.95,SALE,21-01-2024 15:03:17,S07,20240121
S07/20240121/00017,8,TAX,1,632.24,TAX,21-01-2024 15:03:17,S07,20240121
S07/20240121/00017,9,TENDER,1,7478.00,TENDER,21-01-2024 15:03:17,S07,20240121
S07/20240121/00018,1,P104772,3,277.95,SALE,21-01-2024 19:27:51,S07,20240121
S07/20240121/00018,2,P105819,2,66.64,SALE,21-01-2024 19:27:51,S07,20240121
S07/20240121/00018,3,P104637,2,294.49,SALE,21-01-2024 19:27:51,S07,20240121
S07/20240121/00018,4,P103081,2,448.85,SALE,21-01-2024 19:27:51,S07,20240121
S07/20240121/00018,5,TAX,1,406.35,TAX,21-01-2024 19:27:51,S07,20240121
S07/20240121/00018,6,TENDER,1,2860.16,TENDER,21-01-2024 19:27:51,S07,20240121
S07/20240121/00019,1,P106035,1,89.95,SALE,21-01-2024 13:51:05,S07,20240121
S07/20240121/00019,2,P100511,2,407.54,SALE,21-01-2024 13:51:05,S07,20240121
S07/20240121/00019,3,P103202,2,262.95,SALE,21-01-2024 13:51:05,S07,20240121
S07/20240121/00019,4,P101127,3,45.95,SALE,21-01-2024 13:51:05,S07,20240121
S07/20240121/00019,5,TAX,1,177.11,TAX,21-01-2024 13:51:05,S07,20240121
S07/20240121/00019,6,TENDER,1,1745.89,TENDER,21-01-2024 13:51:05,S07,20240121
S07/20240121/00020,1,P105030,2,211.39,SALE,21-01-2024 15:38:38,S07,20240121
S07/20240121/00020,2,P106900,2,179.85,SALE,21-01-2024 15:38:38,S07,20240121
S07/20240121/00020,3,P100889,2,976.95,SALE,21-01-2024 15:38:38,S07,20240121
S07/20240121/00020,4,P100609,2,76.13,SALE,21-01-2024 15:38:38,S07,20240121
S07/20240121/00020,5,TAX,1,210.05,TAX,21-01-2024 15:38:38,S07,20240121
S07/20240121/00020,6,TENDER,1,3098.69,TENDER,21-01-2024 15:38:38,S07,20240121
S07/20240121/00021,1,P103416,1,68.95,SALE,21-01-2024 10:26:10,S07,20240121
S07/20240121/00021,2,P102404,4,338.70,SALE,21-01-2024 10:26:10,S07,20240121
S07/20240121/00021,3,P100761,2,51.26,SALE,21-01-2024 10:26:10,S07,20240121
S07/20240121/00021,4,P100268,2,184.95,SALE,21-01-2024 10:26:10,S07,20240121
S07/20240121/00021,5,TAX,1,36.03,TAX,21-01-2024 10:26:10,S07,20240121
S07/20240121/00021,6,TENDER,1,1932.20,TENDER,21-01-2024 10:26:10,S07,20240121
S07/20240121/00022,1,P107502,3,272.03,SALE,21-01-2024 15:24:51,S07,20240121
S07/20240121/00022,2,P104175,2,803.25,SALE,21-01-2024 15:24:51,S07,20240121
S07/20240121/00022,3,P107197,4,568.08,SALE,21-01-2024 15:24:51,S07,20240121
S07/20240121/00022,4,P101283,1,263.48,SALE,21-01-2024 15:24:51,S07,20240121
S07/20240121/00022,5,P104226,1,303.01,SALE,21-01-2024 15:24:51,S07,20240121
S07/20240121/00022,6,P101184,1,54.95,SALE,21-01-2024 15:24:51,S07,20240121
S07/20240121/00022,7,P101940,2,185.49,SALE,21-01-2024 15:24:51,S07,20240121
S07/20240121/00022,8,TAX,1,654.45,TAX,21-01-2024 15:24:51,S07,20240121
S07/20240121/00022,9,TENDER,1,6341.78,TENDER,21-01-2024 15:24:51,S07,20240121
S07/20240121/00023,1,P106872,1,73.31,SALE,21-01-2024 18:16:48,S07,20240121
S07/20240121/00023,2,P103986,5,434.95,SALE,21-01-2024 18:16:48,S07,20240121
S07/20240121/00023,3,P104670,1,106.95,SALE,21-01-2024 18:16:48,S07,20240121
S07/20240121/00023,4,P104320,4,128.95,SALE,21-01-2024 18:16:48,S07,20240121
S07/20240121/00023,5,P102880,4,547.95,SALE,21-01-2024 18:16:48,S07,20240121
S07/20240121/00023,6,P101626,2,941.95,SALE,21-01-2024 18:16:48,S07,20240121
S07/20240121/00023,7,P104651,1,480.20,SALE,21-01-2024 18:16:48,S07,20240121
S07/20240121/00023,8,TAX,1,817.18,TAX,21-01-2024 18:16:48,S07,20240121
S07/20240121/00023,9,TENDER,1,8243.89,TENDER,21-01-2024 18:16:48,S07,20240121
S07/20240121/00024,1,P105908,-4,638.48,RETURN,21-01-2024 14:29:47,S07,20240121
S07/20240121/00024,2,P104270,-1,1036.53,RETURN,21-01-2024 14:29:47,S07,20240121
S07/20240121/00024,3,P105198,-2,12.65,RETURN,21-01-2024 14:29:47,S07,20240121
S07/20240121/00024,4,P106388,-1,1042.36,RETURN,21-01-2024 14:29:47,S07,20240121
S07/20240121/00024,5,P106757,-3,398.95,RETURN,21-01-2024 14:29:47,S07,20240121
S07/20240121/00024,6,P101034,-2,85.95,RETURN,21-01-2024 14:29:47,S07,20240121
S07/20240121/00024,7,TAX,1,-263.03,TAX,21-01-2024 14:29:47,S07,20240121
S07/20240121/00024,8,TENDER,1,-6289.89,TENDER,21-01-2024 14:29:47,S07,20240121
S07/20240121/00025,1,P104558,2,396.14,SALE,21-01-2024 15:46:28,S07,20240121
S07/20240121/00025,2,P103197,3,292.95,SALE,21-01-2024 15:46:28,S07,20240121
S07/20240121/00025,3,P101899,4,349.72,SALE,21-01-2024 15:46:28,S07,20240121
S07/20240121/00025,4,P108319,2,262.51,SALE,21-01-2024 15:46:28,S07,20240121
S07/20240121/00025,5,TAX,1,478.59,TAX,21-01-2024 15:46:28,S07,20240121
S07/20240121/00025,6,TENDER,1,4073.62,TENDER,21-01-2024 15:46:28,S07,20240121
S07/20240121/00026,1,P104226,1,303.01,SALE,21-01-2024 12:42:58,S07,20240121
S07/20240121/00026,2,P107003,2,1091.33,SALE,21-01-2024 12:42:58,S07,20240121
S07/20240121/00026,3,P103575,1,51.88,SALE,21-01-2024 12:42:58,S07,20240121
S07/20240121/00026,4,P105733,1,135.79,SALE,21-01-2024 12:42:58,S07,20240121
S07/20240121/00026,5,TAX,1,27.04,TAX,21-01-2024 12:42:58,S07,20240121
S07/20240121/00026,6,TENDER,1,2700.38,TENDER,21-01-2024 12:42:58,S07,20240121
S07/20240121/00027,1,P103316,3,1749.88,SALE,21-01-2024 23:29:17,S07,20240121
S07/20240121/00027,2,P104965,3,81.82,SALE,21-01-2024 23:29:17,S07,20240121
S07/20240121/00027,3,P104334,2,258.22,SALE,21-01-2024 23:29:17,S07,20240121
S07/20240121/00027,4,TAX,1,668.05,TAX,21-01-2024 23:29:17,S07,20240121
S07/20240121/00027,5,TENDER,1,6679.59,TENDER,21-01-2024 23:29:17,S07,20240121
S07/20240121/00028,1,P100281,1,449.95,SALE,21-01-2024 15:58:16,S07,20240121
S07/20240121/00028,2,P105845,1,96.95,SALE,21-01-2024 15:58:16,S07,20240121
S07/20240121/00028,3,P101774,2,1121.41,SALE,21-01-2024 15:58:16,S07,20240121
S07/20240121/00028,4,P108097,1,84.95,SALE,21-01-2024 15:58:16,S07,20240121
S07/20240121/00028,5,P102963,1,354.95,SALE,21-01-2024 15:58:16,S07,20240121
S07/20240121/00028,6,P102290,3,547.95,SALE,21-01-2024 15:58:16,S07,20240121
S07/20240121/00028,7,P108221,1,51.41,SALE,21-01-2024 15:58:16,S07,20240121
S07/20240121/00028,8,TAX,1,589.69,TAX,21-01-2024 15:58:16,S07,20240121
S07/20240121/00028,9,TENDER,1,5514.57,TENDER,21-01-2024 15:58:16,S07,20240121
S07/20240121/00029,1,P100632,2,331.55,SALE,21-01-2024 16:43:18,S07,20240121
S07/20240121/00029,2,P103374,3,34.95,SALE,21-01-2024 16:43:18,S07,20240121
S07/20240121/00029,3,P100203,1,241.95,SALE,21-01-2024 16:43:18,S07,20240121
S07/20240121/00029,4,P108338,1,218.68,SALE,21-01-2024 16:43:18,S07,20240121
S07/20240121/00029,5,P104867,2,190.50,SALE,21-01-2024 16:43:18,S07,20240121
S07/20240121/00029,6,P100250,1,526.95,SALE,21-01-2024 16:43:18,S07,20240121
S07/20240121/00029,7,TAX,1,235.09,TAX,21-01-2024 16:43:18,S07,20240121
S07/20240121/00029,8,TENDER,1,2371.62,TENDER,21-01-2024 16:43:18,S07,20240121
S07/20240121/00030,1,P101117,3,195.82,SALE,21-01-2024 18:10:48,S07,20240121
S07/20240121/00030,2,P101492,2,110.48,SALE,21-01-2024 18:10:48,S07,20240121
S07/20240121/00030,3,P103231,1,219.95,SALE,21-01-2024 18:10:48,S07,20240121
S07/20240121/00030,4,TAX,1,50.77,TAX,21-01-2024 18:10:48,S07,20240121
S07/20240121/00030,5,TENDER,1,1079.14,TENDER,21-01-2024 18:10:48,S07,20240121
S07/20240121/00031,1,P107242,1,589.95,SALE,21-01-2024 22:08:39,S07,20240121
S07/20240121/00031,2,TAX,1,29.50,TAX,21-01-2024 22:08:39,S07,20240121
S07/20240121/00031,3,TENDER,1,619.45,TENDER,21-01-2024 22:08:39,S07,20240121
S07/20240121/00032,1,P107564,3,278.95,SALE,21-01-2024 12:07:12,S07,20240121
S07/20240121/00032,2,P106391,2,747.95,SALE,21-01-2024 12:07:12,S07,20240121
S07/20240121/00032,3,P102389,2,73.06,SALE,21-01-2024 12:07:12,S07,20240121
S07/20240121/00032,4,P106844,2,22.95,SALE,21-01-2024 12:07:12,S07,20240121
S07/20240121/00032,5,DISC,1,-255.44,DISCOUNT,21-01-2024 12:07:12,S07,20240121
S07/20240121/00032,6,TAX,1,188.56,TAX,21-01-2024 12:07:12,S07,20240121
S07/20240121/00032,7,TENDER,1,2457.89,TENDER,21-01-2024 12:07:12,S07,20240121
S07/20240121/00033,1,P107639,2,128.49,SALE,21-01-2024 17:09:36,S07,20240121
S07/20240121/00033,2,P101208,3,521.19,SALE,21-01-2024 17:09:36,S07,20240121
S07/20240121/00033,3,P106443,3,53.05,SALE,21-01-2024 17:09:36,S07,20240121
S07/20240121/00033,4,P105860,1,141.88,SALE,21-01-2024 17:09:36,S07,20240121
S07/20240121/00033,5,P107721,4,90.66,SALE,21-01-2024 17:09:36,S07,20240121
S07/20240121/00033,6,TAX,1,38.80,TAX,21-01-2024 17:09:36,S07,20240121
S07/20240121/00033,7,TENDER,1,2523.02,TENDER,21-01-2024 17:09:36,S07,20240121
S07/20240121/00034,1,P107872,1,554.95,SALE,21-01-2024 17:17:12,S07,20240121
S07/20240121/00034,2,P105815,3,303.95,SALE,21-01-2024 17:17:12,S07,20240121
S07/20240121/00034,3,P106577,3,46.90,SALE,21-01-2024 17:17:12,S07,20240121
S07/20240121/00034,4,P102230,4,313.70,SALE,21-01-2024 17:17:12,S07,20240121
S07/20240121/00034,5,TAX,1,370.07,TAX,21-01-2024 17:17:12,S07,20240121
S07/20240121/00034,6,TENDER,1,3232.37,TENDER,21-01-2024 17:17:12,S07,20240121
S07/20240121/00035,1,P105518,2,729.30,SALE,21-01-2024 18:27:38,S07,20240121
S07/20240121/00035,2,P106872,2,73.31,SALE,21-01-2024 18:27:38,S07,20240121
S07/20240121/00035,3,P101339,3,222.95,SALE,21-01-2024 18:27:38,S07,20240121
S07/20240121/00035,4,P106907,1,294.95,SALE,21-01-2024 18:27:38,S07,20240121
S07/20240121/00035,5,TAX,1,322.38,TAX,21-01-2024 18:27:38,S07,20240121
S07/20240121/00035,6,TENDER,1,2891.40,TENDER,21-01-2024 18:27:38,S07,20240121
S07/20240121/00036,1,P100135,1,67.67,SALE,21-01-2024 16:52:01,S07,20240121
S07/20240121/00036,2,P105868,2,70.72,SALE,21-01-2024 16:52:01,S07,20240121
S07/20240121/00036,3,P104079,1,72.20,SALE,21-01-2024 16:52:01,S07,20240121
S07/20240121/00036,4,P106773,5,371.20,SALE,21-01-2024 16:52:01,S07,20240121
S07/20240121/00036,5,P102933,1,614.03,SALE,21-01-2024 16:52:01,S07,20240121
S07/20240121/00036,6,P101037,5,532.57,SALE,21-01-2024 16:52:01,S07,20240121
S07/20240121/00036,7,P106162,1,527.95,SALE,21-01-2024 16:52:01,S07,20240121
S07/20240121/00036,8,P102874,3,123.94,SALE,21-01-2024 16:52:01,S07,20240121
S07/20240121/00036,9,TAX,1,916.12,TAX,21-01-2024 16:52:01,S07,20240121
S07/20240121/00036,10,TENDER,1,7230.08,TENDER,21-01-2024 16:52:01,S07,20240121
S07/20240121/00037,1,P103144,4,145.27,SALE,21-01-2024 13:59:55,S07,20240121
S07/20240121/00037,2,P105541,4,201.95,SALE,21-01-2024 13:59:55,S07,20240121
S07/20240121/00037,3,P102166,3,45.95,SALE,21-01-2024 13:59:55,S07,20240121
S07/20240121/00037,4,P101933,5,1168.09,SALE,21-01-2024 13:59:55,S07,20240121
S07/20240121/00037,5,TAX,1,900.13,TAX,21-01-2024 13:59:55,S07,20240121
S07/20240121/00037,6,TENDER,1,8267.31,TENDER,21-01-2024 13:59:55,S07,20240121
S07/20240121/00038,1,P103105,2,29.46,SALE,21-01-2024 14:36:43,S07,20240121
S07/20240121/00038,2,P104554,2,437.01,SALE,21-01-2024 14:36:43,S07,20240121
S07/20240121/00038,3,TAX,1,115.49,TAX,21-01-2024 14:36:43,S07,20240121
S07/20240121/00038,4,TENDER,1,1048.43,TENDER,21-01-2024 14:36:43,S07,20240121
S07/20240121/00039,1,P108282,2,360.34,SALE,21-01-2024 15:32:09,S07,20240121
S07/20240121/00039,2,P107026,3,65.23,SALE,21-01-2024 15:32:09,S07,20240121
S07/20240121/00039,3,P101440,1,234.68,SALE,21-01-2024 15:32:09,S07,20240121
S07/20240121/00039,4,TAX,1,71.26,TAX,21-01-2024 15:32:09,S07,20240121
S07/20240121/00039,5,TENDER,1,1222.31,TENDER,21-01-2024 15:32:09,S07,20240121
S07/20240121/00040,1,P105589,2,83.95,SALE,21-01-2024 20:17:09,S07,20240121
S07/20240121/00040,2,P107681,3,179.95,SALE,21-01-2024 20:17:09,S07,20240121
S07/20240121/00040,3,P105789,2,46.48,SALE,21-01-2024 20:17:09,S07,20240121
S07/20240121/00040,4,P106718,2,392.95,SALE,21-01-2024 20:17:09,S07,20240121
S07/20240121/00040,5,P104784,3,370.89,SALE,21-01-2024 20:17:09,S07,20240121
S07/20240121/00040,6,P104789,1,65.95,SALE,21-01-2024 20:17:09,S07,20240121
S07/20240121/00040,7,P104219,2,230.95,SALE,21-01-2024 20:17:09,S07,20240121
S07/20240121/00040,8,P102598,2,132.95,SALE,21-01-2024 20:17:09,S07,20240121
S07/20240121/00040,9,P101023,3,193.95,SALE,21-01-2024 20:17:09,S07,20240121
S07/20240121/00040,10,TAX,1,503.63,TAX,21-01-2024 20:17:09,S07,20240121
S07/20240121/00040,11,TENDER,1,4578.51,TENDER,21-01-2024 20:17:09,S07,20240121
S07/20240121/00041,1,P100469,4,46.95,SALE,21-01-2024 17:13:40,S07,20240121
S07/20240121/00041,2,P103465,2,26.95,SALE,21-01-2024 17:13:40,S07,20240121
S07/20240121/00041,3,P107630,2,275.41,SALE,21-01-2024 17:13:40,S07,20240121
S07/20240121/00041,4,P102648,1,435.00,SALE,21-01-2024 17:13:40,S07,20240121
S07/20240121/00041,5,P106745,2,518.86,SALE,21-01-2024 17:13:40,S07,20240121
S07/20240121/00041,6,TAX,1,383.33,TAX,21-01-2024 17:13:40,S07,20240121
S07/20240121/00041,7,TENDER,1,2648.57,TENDER,21-01-2024 17:13:40,S07,20240121
S07/20240121/00042,1,P106009,-1,320.74,RETURN,21-01-2024 12:05:10,S07,20240121
S07/20240121/00042,2,P103309,-2,59.57,RETURN,21-01-2024 12:05:10,S07,20240121
S07/20240121/00042,3,P103206,-2,417.11,RETURN,21-01-2024 12:05:10,S07,20240121
S07/20240121/00042,4,P104328,-3,66.17,RETURN,21-01-2024 12:05:10,S07,20240121
S07/20240121/00042,5,P100203,-2,241.95,RETURN,21-01-2024 12:05:10,S07,20240121
S07/20240121/00042,6,P107231,-3,1193.22,RETURN,21-01-2024 12:05:10,S07,20240121
S07/20240121/00042,7,TAX,1,-206.27,TAX,21-01-2024 12:05:10,S07,20240121
S07/20240121/00042,8,TENDER,1,-5742.44,TENDER,21-01-2024 12:05:10,S07,20240121
S07/20240121/00043,1,P106093,2,315.93,SALE,21-01-2024 13:50:44,S07,20240121
S07/20240121/00043,2,P105651,2,110.95,SALE,21-01-2024 13:50:44,S07,20240121
S07/20240121/00043,3,P100840,1,248.08,SALE,21-01-2024 13:50:44,S07,20240121
S07/20240121/00043,4,TAX,1,160.42,TAX,21-01-2024 13:50:44,S07,20240121
S07/20240121/00043,5,TENDER,1,1262.26,TENDER,21-01-2024 13:50:44,S07,20240121
S07/20240121/00044,1,P104011,1,655.99,SALE,21-01-2024 17:49:59,S07,20240121
S07/20240121/00044,2,TAX,1,32.80,TAX,21-01-2024 17:49:59,S07,20240121
S07/20240121/00044,3,TENDER,1,688.79,TENDER,21-01-2024 17:49:59,S07,20240121
S07/20240121/00045,1,P106848,2,16.02,SALE,21-01-2024 08:41:57,S07,20240121
S07/20240121/00045,2,P107381,2,179.61,SALE,21-01-2024 08:41:57,S07,20240121
S07/20240121/00045,3,TAX,1,43.11,TAX,21-01-2024 08:41:57,S07,20240121
S07/20240121/00045,4,TENDER,1,434.37,TENDER,21-01-2024 08:41:57,S07,20240121
S07/20240121/00046,1,P102006,1,1424.95,SALE,21-01-2024 15:04:40,S07,20240121
S07/20240121/00046,2,P107327,2,1146.95,SALE,21-01-2024 15:04:40,S07,20240121
S07/20240121/00046,3,P105695,3,131.95,SALE,21-01-2024 15:04:40,S07,20240121
S07/20240121/00046,4,P100268,2,184.95,SALE,21-01-2024 15:04:40,S07,20240121
S07/20240121/00046,5,TAX,1,38.29,TAX,21-01-2024 15:04:40,S07,20240121
S07/20240121/00046,6,TENDER,1,4522.89,TENDER,21-01-2024 15:04:40,S07,20240121
S07/20240121/00047,1,P104867,3,190.50,SALE,21-01-2024 12:42:42,S07,20240121
S07/20240121/00047,2,P100406,2,342.13,SALE,21-01-2024 12:42:42,S07,20240121
S07/20240121/00047,3,P101747,3,245.75,SALE,21-01-2024 12:42:42,S07,20240121
S07/20240121/00047,4,TAX,1,99.65,TAX,21-01-2024 12:42:42,S07,20240121
S07/20240121/00047,5,TENDER,1,2092.66,TENDER,21-01-2024 12:42:42,S07,20240121
S07/20240121/00048,1,P105944,3,985.47,SALE,21-01-2024 23:52:51,S07,20240121
S07/20240121/00048,2,P107575,3,65.95,SALE,21-01-2024 23:52:51,S07,20240121
S07/20240121/00048,3,P100403,2,69.37,SALE,21-01-2024 23:52:51,S07,20240121
S07/20240121/00048,4,TAX,1,371.42,TAX,21-01-2024 23:52:51,S07,20240121
S07/20240121/00048,5,TENDER,1,3664.42,TENDER,21-01-2024 23:52:51,S07,20240121
S07/20240121/00049,1,P108041,2,368.87,SALE,21-01-2024 17:21:08,S07,20240121
S07/20240121/00049,2,P105971,2,1110.95,SALE,21-01-2024 17:21:08,S07,20240121
S07/20240121/00049,3,P103510,3,180.28,SALE,21-01-2024 17:21:08,S07,20240121
S07/20240121/00049,4,P101626,3,941.95,SALE,21-01-2024 17:21:08,S07,20240121
S07/20240121/00049,5,P107056,2,341.76,SALE,21-01-2024 17:21:08,S07,20240121
S07/20240121/00049,6,DISC,1,-592.89,DISCOUNT,21-01-2024 17:21:08,S07,20240121
S07/20240121/00049,7,TAX,1,630.54,TAX,21-01-2024 17:21:08,S07,20240121
S07/20240121/00049,8,TENDER,1,7047.50,TENDER,21-01-2024 17:21:08,S07,20240121
S07/20240121/00050,1,P105747,2,226.78,SALE,21-01-2024 18:10:50,S07,20240121
S07/20240121/00050,2,P103299,3,220.95,SALE,21-01-2024 18:10:50,S07,20240121
S07/20240121/00050,3,P106454,3,118.78,SALE,21-01-2024 18:10:50,S07,20240121
S07/20240121/00050,4,P106710,2,93.71,SALE,21-01-2024 18:10:50,S07,20240121
S07/20240121/00050,5,P105369,1,135.84,SALE,21-01-2024 18:10:50,S07,20240121
S07/20240121/00050,6,P107072,1,193.95,SALE,21-01-2024 18:10:50,S07,20240121
S07/20240121/00050,7,P105562,1,128.95,SALE,21-01-2024 18:10:50,S07,20240121
S07/20240121/00050,8,P106877,1,1114.25,SALE,21-01-2024 18:10:50,S07,20240121
S07/20240121/00050,9,TAX,1,315.71,TAX,21-01-2024 18:10:50,S07,20240121
S07/20240121/00050,10,TENDER,1,3548.87,TENDER,21-01-2024 18:10:50,S07,20240121
S07/20240121/00051,1,P107536,2,1495.35,SALE,21-01-2024 11:59:29,S07,20240121
S07/20240121/00051,2,P106330,4,177.64,SALE,21-01-2024 11:59:29,S07,20240121
S07/20240121/00051,3,P105280,1,220.35,SALE,21-01-2024 11:59:29,S07,20240121
S07/20240121/00051,4,P105609,2,817.71,SALE,21-01-2024 11:59:29,S07,20240121
S07/20240121/00051,5,P100571,1,117.95,SALE,21-01-2024 11:59:29,S07,20240121
S07/20240121/00051,6,TAX,1,160.15,TAX,21-01-2024 11:59:29,S07,20240121
S07/20240121/00051,7,TENDER,1,5835.13,TENDER,21-01-2024 11:59:29,S07,20240121
S07/20240121/00052,1,P107946,1,303.95,SALE,21-01-2024 19:35:15,S07,20240121
S07/20240121/00052,2,P104715,2,136.85,SALE,21-01-2024 19:35:15,S07,20240121
S07/20240121/00052,3,P103340,2,466.84,SALE,21-01-2024 19:35:15,S07,20240121
S07/20240121/00052,4,P103171,2,56.95,SALE,21-01-2024 19:35:15,S07,20240121
S07/20240121/00052,5,P105280,1,220.35,SALE,21-01-2024 19:35:15,S07,20240121
S07/20240121/00052,6,P101949,2,857.51,SALE,21-01-2024 19:35:15,S07,20240121
S07/20240121/00052,7,TAX,1,319.79,TAX,21-01-2024 19:35:15,S07,20240121
S07/20240121/00052,8,TENDER,1,3880.39,TENDER,21-01-2024 19:35:15,S07,20240121
S07/20240122/00001,1,P105553,4,739.86,SALE,22-01-2024 14:40:00,S07,20240122
S07/20240122/00001,2,P103096,3,277.95,SALE,22-01-2024 14:40:00,S07,20240122
S07/20240122/00001,3,P106106,1,245.50,SALE,22-01-2024 14:40:00,S07,20240122
S07/20240122/00001,4,P104676,2,81.62,SALE,22-01-2024 14:40:00,S07,20240122
S07/20240122/00001,5,TAX,1,578.80,TAX,22-01-2024 14:40:00,S07,20240122
S07/20240122/00001,6,TENDER,1,4780.83,TENDER,22-01-2024 14:40:00,S07,20240122
S07/20240122/00002,1,P106773,4,371.20,SALE,22-01-2024 19:01:06,S07,20240122
S07/20240122/00002,2,P107115,3,173.36,SALE,22-01-2024 19:01:06,S07,20240122
S07/20240122/00002,3,P105057,3,253.95,SALE,22-01-2024 19:01:06,S07,20240122
S07/20240122/00002,4,P101292,2,377.27,SALE,22-01-2024 19:01:06,S07,20240122
S07/20240122/00002,5,TAX,1,468.13,TAX,22-01-2024 19:01:06,S07,20240122
S07/20240122/00002,6,TENDER,1,3989.40,TENDER,22-01-2024 19:01:06,S07,20240122
S07/20240122/00003,1,P103606,4,178.05,SALE,22-01-2024 17:35:28,S07,20240122
S07/20240122/00003,2,P104541,2,144.95,SALE,22-01-2024 17:35:28,S07,20240122
S07/20240122/00003,3,P107872,2,554.95,SALE,22-01-2024 17:35:28,S07,20240122
S07/20240122/00003,4,P102006,1,1424.95,SALE,22-01-2024 17:35:28,S07,20240122
S07/20240122/00003,5,P101933,5,1168.09,SALE,22-01-2024 17:35:28,S07,20240122
S07/20240122/00003,6,TAX,1,806.45,TAX,22-01-2024 17:35:28,S07,20240122
S07/20240122/00003,7,TENDER,1,10183.85,TENDER,22-01-2024 17:35:28,S07,20240122
S07/20240122/00004,1,P100387,2,104.82,SALE,22-01-2024 22:29:43,S07,20240122
S07/20240122/00004,2,P105923,4,242.95,SALE,22-01-2024 22:29:43,S07,20240122
S07/20240122/00004,3,TAX,1,59.07,TAX,22-01-2024 22:29:43,S07,20240122
S07/20240122/00004,4,TENDER,1,1240.51,TENDER,22-01-2024 22:29:43,S07,20240122
S07/20240122/00005,1,P104194,2,119.04,SALE,22-01-2024 14:11:12,S07,20240122
S07/20240122/00005,2,P101164,3,305.19,SALE,22-01-2024 14:11:12,S07,20240122
S07/20240122/00005,3,TAX,1,207.66,TAX,22-01-2024 14:11:12,S07,20240122
S07/20240122/00005,4,TENDER,1,1361.31,TENDER,22-01-2024 14:11:12,S07,20240122
S07/20240122/00006,1,P107568,2,139.20,SALE,22-01-2024 20:46:30,S07,20240122
S07/20240122/00006,2,P101961,1,679.58,SALE,22-01-2024 20:46:30,S07,20240122
S07/20240122/00006,3,P102811,2,199.15,SALE,22-01-2024 20:46:30,S07,20240122
S07/20240122/00006,4,P107012,2,110.95,SALE,22-01-2024 20:46:30,S07,20240122
S07/20240122/00006,5,P100536,1,471.52,SALE,22-01-2024 20:46:30,S07,20240122
S07/20240122/00006,6,P107639,2,128.49,SALE,22-01-2024 20:46:30,S07,20240122
S07/20240122/00006,7,P104628,1,196.55,SALE,22-01-2024 20:46:30,S07,20240122
S07/20240122/00006,8,TAX,1,318.34,TAX,22-01-2024 20:46:30,S07,20240122
S07/20240122/00006,9,TENDER,1,2821.57,TENDER,22-01-2024 20:46:30,S07,20240122
S07/20240122/00007,1,P103054,1,104.95,SALE,22-01-2024 18:31:55,S07,20240122
S07/20240122/00007,2,P100781,2,611.95,SALE,22-01-2024 18:31:55,S07,20240122
S07/20240122/00007,3,P104554,2,437.01,SALE,22-01-2024 18:31:55,S07,20240122
S07/20240122/00007,4,P104733,1,627.95,SALE,22-01-2024 18:31:55,S07,20240122
S07/20240122/00007,5,DISC,1,-164.66,DISCOUNT,22-01-2024 18:31:55,S07,20240122
S07/20240122/00007,6,TAX,1,412.73,TAX,22-01-2024 18:31:55,S07,20240122
S07/20240122/00007,7,TENDER,1,3078.89,TENDER,22-01-2024 18:31:55,S07,20240122
S07/20240122/00008,1,P100784,3,197.95,SALE,22-01-2024 11:18:51,S07,20240122
S07/20240122/00008,2,P105819,2,66.64,SALE,22-01-2024 11:18:51,S07,20240122
S07/20240122/00008,3,P101356,3,1054.95,SALE,22-01-2024 11:18:51,S07,20240122
S07/20240122/00008,4,P103760,2,94.95,SALE,22-01-2024 11:18:51,S07,20240122
S07/20240122/00008,5,P108300,1,260.37,SALE,22-01-2024 11:18:51,S07,20240122
S07/20240122/00008,6,TAX,1,370.17,TAX,22-01-2024 11:18:51,S07,20240122
S07/20240122/00008,7,TENDER,1,4712.42,TENDER,22-01-2024 11:18:51,S07,20240122
S07/20240122/00009,1,P101961,2,679.58,SALE,22-01-2024 13:47:27,S07,20240122
S07/20240122/00009,2,P108397,4,272.95,SALE,22-01-2024 13:47:27,S07,20240122
S07/20240122/00009,3,P103382,1,187.59,SALE,22-01-2024 13:47:27,S07,20240122
S07/20240122/00009,4,P100609,1,76.13,SALE,22-01-2024 13:47:27,S07,20240122
S07/20240122/00009,5,TAX,1,394.18,TAX,22-01-2024 13:47:27,S07,20240122
S07/20240122/00009,6,TENDER,1,3108.86,TENDER,22-01-2024 13:47:27,S07,20240122
S07/20240122/00010,1,P102035,3,493.95,SALE,22-01-2024 16:37:03,S07,20240122
S07/20240122/00010,2,P106592,2,680.95,SALE,22-01-2024 16:37:03,S07,20240122
S07/20240122/00010,3,P107078,3,111.95,SALE,22-01-2024 16:37:03,S07,20240122
S07/20240122/00010,4,P102404,1,338.70,SALE,22-01-2024 16:37:03,S07,20240122
S07/20240122/00010,5,P102835,2,101.19,SALE,22-01-2024 16:37:03,S07,20240122
S07/20240122/00010,6,TAX,1,166.47,TAX,22-01-2024 16:37:03,S07,20240122
S07/20240122/00010,7,TENDER,1,3887.15,TENDER,22-01-2024 16:37:03,S07,20240122
S07/20240122/00011,1,P100869,1,56.95,SALE,22-01-2024 14:10:46,S07,20240122
S07/20240122/00011,2,P102081,4,164.15,SALE,22-01-2024 14:10:46,S07,20240122
S07/20240122/00011,3,P107623,4,414.95,SALE,22-01-2024 14:10:46,S07,20240122
S07/20240122/00011,4,TAX,1,423.79,TAX,22-01-2024 14:10:46,S07,20240122
S07/20240122/00011,5,TENDER,1,2797.14,TENDER,22-01-2024 14:10:46,S07,20240122
S07/20240122/00012,1,P102353,1,141.95,SALE,22-01-2024 19:49:45,S07,20240122
S07/20240122/00012,2,P106629,3,51.04,SALE,22-01-2024 19:49:45,S07,20240122
S07/20240122/00012,3,P107422,3,173.95,SALE,22-01-2024 19:49:45,S07,20240122
S07/20240122/00012,4,P107047,3,396.95,SALE,22-01-2024 19:49:45,S07,20240122
S07/20240122/00012,5,DISC,1,-60.07,DISCOUNT,22-01-2024 19:49:45,S07,20240122
S07/20240122/00012,6,TAX,1,197.56,TAX,22-01-2024 19:49:45,S07,20240122
S07/20240122/00012,7,TENDER,1,2145.26,TENDER,22-01-2024 19:49:45,S07,20240122
S07/20240122/00013,1,P101533,1,1020.37,SALE,22-01-2024 13:01:27,S07,20240122
S07/20240122/00013,2,P100308,1,277.54,SALE,22-01-2024 13:01:27,S07,20240122
S07/20240122/00013,3,P100991,3,147.89,SALE,22-01-2024 13:01:27,S07,20240122
S07/20240122/00013,4,P107330,2,115.95,SALE,22-01-2024 13:01:27,S07,20240122
S07/20240122/00013,5,P103918,2,534.07,SALE,22-01-2024 13:01:27,S07,20240122
S07/20240122/00013,6,P103496,1,70.71,SALE,22-01-2024 13:01:27,S07,20240122
S07/20240122/00013,7,P105453,2,393.95,SALE,22-01-2024 13:01:27,S07,20240122
S07/20240122/00013,8,P101305,2,119.82,SALE,22-01-2024 13:01:27,S07,20240122
S07/20240122/00013,9,TAX,1,470.77,TAX,22-01-2024 13:01:27,S07,20240122
S07/20240122/00013,10,TENDER,1,4610.64,TENDER,22-01-2024 13:01:27,S07,20240122
S07/20240122/00014,1,P104242,2,275.95,SALE,22-01-2024 12:10:20,S07,20240122
S07/20240122/00014,2,P102947,1,59.21,SALE,22-01-2024 12:10:20,S07,20240122
S07/20240122/00014,3,DISC,1,-68.11,DISCOUNT,22-01-2024 12:10:20,S07,20240122
S07/20240122/00014,4,TAX,1,58.85,TAX,22-01-2024 12:10:20,S07,20240122
S07/20240122/00014,5,TENDER,1,601.85,TENDER,22-01-2024 12:10:20,S07,20240122
S07/20240122/00015,1,P104733,3,627.95,SALE,22-01-2024 13:03:47,S07,20240122
S07/20240122/00015,2,P104219,2,230.95,SALE,22-01-2024 13:03:47,S07,20240122
S07/20240122/00015,3,P100883,2,715.55,SALE,22-01-2024 13:03:47,S07,20240122
S07/20240122/00015,4,P107463,1,177.06,SALE,22-01-2024 13:03:47,S07,20240122
S07/20240122/00015,5,P105819,1,66.64,SALE,22-01-2024 13:03:47,S07,20240122
S07/20240122/00015,6,P107654,2,363.70,SALE,22-01-2024 13:03:47,S07,20240122
S07/20240122/00015,7,TAX,1,597.23,TAX,22-01-2024 13:03:47,S07,20240122
S07/20240122/00015,8,TENDER,1,5345.18,TENDER,22-01-2024 13:03:47,S07,20240122
S07/20240122/00016,1,P107775,3,733.56,SALE,22-01-2024 21:26:38,S07,20240122
S07/20240122/00016,2,P102485,3,202.08,SALE,22-01-2024 21:26:38,S07,20240122
S07/20240122/00016,3,P106106,1,245.50,SALE,22-01-2024 21:26:38,S07,20240122
S07/20240122/00016,4,P102738,1,481.95,SALE,22-01-2024 21:26:38,S07,20240122
S07/20240122/00016,5,P101242,2,80.24,SALE,22-01-2024 21:26:38,S07,20240122
S07/20240122/00016,6,P100233,1,58.95,SALE,22-01-2024 21:26:38,S07,20240122
S07/20240122/00016,7,TAX,1,274.20,TAX,22-01-2024 21:26:38,S07,20240122
S07/20240122/00016,8,TENDER,1,4028.00,TENDER,22-01-2024 21:26:38,S07,20240122
S07/20240122/00017,1,P107799,1,738.35,SALE,22-01-2024 22:14:56,S07,20240122
S07/20240122/00017,2,P103637,2,338.13,SALE,22-01-2024 22:14:56,S07,20240122
S07/20240122/00017,3,P101142,3,95.95,SALE,22-01-2024 22:14:56,S07,20240122
S07/20240122/00017,4,P102305,2,116.95,SALE,22-01-2024 22:14:56,S07,20240122
S07/20240122/00017,5,P102801,1,99.95,SALE,22-01-2024 22:14:56,S07,20240122
S07/20240122/00017,6,TAX,1,239.25,TAX,22-01-2024 22:14:56,S07,20240122
S07/20240122/00017,7,TENDER,1,2275.56,TENDER,22-01-2024 22:14:56,S07,20240122
S07/20240122/00018,1,P104975,1,474.17,SALE,22-01-2024 16:29:21,S07,20240122
S07/20240122/00018,2,P104739,3,172.21,SALE,22-01-2024 16:29:21,S07,20240122
S07/20240122/00018,3,P100428,3,122.83,SALE,22-01-2024 16:29:21,S07,20240122
S07/20240122/00018,4,P104344,2,367.50,SALE,22-01-2024 16:29:21,S07,20240122
S07/20240122/00018,5,P104628,3,196.55,SALE,22-01-2024 16:29:21,S07,20240122
S07/20240122/00018,6,P105227,1,259.95,SALE,22-01-2024 16:29:21,S07,20240122
S07/20240122/00018,7,P107777,2,192.88,SALE,22-01-2024 16:29:21,S07,20240122
S07/20240122/00018,8,P103364,2,105.92,SALE,22-01-2024 16:29:21,S07,20240122
S07/20240122/00018,9,P105198,1,12.65,SALE,22-01-2024 16:29:21,S07,20240122
S07/20240122/00018,10,P100135,1,67.67,SALE,22-01-2024 16:29:21,S07,20240122
S07/20240122/00018,11,TAX,1,367.53,TAX,22-01-2024 16:29:21,S07,20240122
S07/20240122/00018,12,TENDER,1,3989.34,TENDER,22-01-2024 16:29:21,S07,20240122
S07/20240122/00019,1,P102874,2,123.94,SALE,22-01-2024 23:14:43,S07,20240122
S07/20240122/00019,2,P102947,1,59.21,SALE,22-01-2024 23:14:43,S07,20240122
S07/20240122/00019,3,P103273,2,340.81,SALE,22-01-2024 23:14:43,S07,20240122
S07/20240122/00019,4,P102383,2,9.95,SALE,22-01-2024 23:14:43,S07,20240122
S07/20240122/00019,5,P100761,1,51.26,SALE,22-01-2024 23:14:43,S07,20240122
S07/20240122/00019,6,TAX,1,100.33,TAX,22-01-2024 23:14:43,S07,20240122
S07/20240122/00019,7,TENDER,1,1160.20,TENDER,22-01-2024 23:14:43,S07,20240122
S07/20240122/00020,1,P106639,2,415.94,SALE,22-01-2024 16:10:52,S07,20240122
S07/20240122/00020,2,P101732,2,1250.95,SALE,22-01-2024 16:10:52,S07,20240122
S07/20240122/00020,3,P107859,3,130.84,SALE,22-01-2024 16:10:52,S07,20240122
S07/20240122/00020,4,P108097,2,84.95,SALE,22-01-2024 16:10:52,S07,20240122
S07/20240122/00020,5,P102531,3,152.69,SALE,22-01-2024 16:10:52,S07,20240122
S07/20240122/00020,6,TAX,1,495.04,TAX,22-01-2024 16:10:52,S07,20240122
S07/20240122/00020,7,TENDER,1,4849.31,TENDER,22-01-2024 16:10:52,S07,20240122
S07/20240122/00021,1,P108200,1,336.95,SALE,22-01-2024 20:33:36,S07,20240122
S07/20240122/00021,2,P107215,3,145.82,SALE,22-01-2024 20:33:36,S07,20240122
S07/20240122/00021,3,P107100,3,171.95,SALE,22-01-2024 20:33:36,S07,20240122
S07/20240122/00021,4,TAX,1,154.83,TAX,22-01-2024 20:33:36,S07,20240122
S07/20240122/00021,5,TENDER,1,1445.09,TENDER,22-01-2024 20:33:36,S07,20240122
S07/20240123/00001,1,P101083,1,312.05,SALE,23-01-2024 16:23:21,S07,20240123
S07/20240123/00001,2,P101762,2,529.95,SALE,23-01-2024 16:23:21,S07,20240123
S07/20240123/00001,3,P102510,2,28.95,SALE,23-01-2024 16:23:21,S07,20240123
S07/20240123/00001,4,TAX,1,190.31,TAX,23-01-2024 16:23:21,S07,20240123
S07/20240123/00001,5,TENDER,1,1620.16,TENDER,23-01-2024 16:23:21,S07,20240123
S07/20240123/00002,1,P101710,3,307.38,SALE,23-01-2024 11:02:04,S07,20240123
S07/20240123/00002,2,P106592,3,680.95,SALE,23-01-2024 11:02:04,S07,20240123
S07/20240123/00002,3,P105307,2,863.64,SALE,23-01-2024 11:02:04,S07,20240123
S07/20240123/00002,4,P106004,3,137.38,SALE,23-01-2024 11:02:04,S07,20240123
S07/20240123/00002,5,P104236,2,274.58,SALE,23-01-2024 11:02:04,S07,20240123
S07/20240123/00002,6,P102452,3,169.06,SALE,23-01-2024 11:02:04,S07,20240123
S07/20240123/00002,7,P103496,1,70.71,SALE,23-01-2024 11:02:04,S07,20240123
S07/20240123/00002,8,P108067,4,621.95,SALE,23-01-2024 11:02:04,S07,20240123
S07/20240123/00002,9,TAX,1,456.71,TAX,23-01-2024 11:02:04,S07,20240123
S07/20240123/00002,10,TENDER,1,9175.97,TENDER,23-01-2024 11:02:04,S07,20240123
S07/20240123/00003,1,P105167,1,771.95,SALE,23-01-2024 17:29:00,S07,20240123
S07/20240123/00003,2,P101052,1,198.99,SALE,23-01-2024 17:29:00,S07,20240123
S07/20240123/00003,3,P101489,5,493.95,SALE,23-01-2024 17:29:00,S07,20240123
S07/20240123/00003,4,P107094,2,87.94,SALE,23-01-2024 17:29:00,S07,20240123
S07/20240123/00003,5,P107178,3,294.44,SALE,23-01-2024 17:29:00,S07,20240123
S07/20240123/00003,6,P106942,1,169.95,SALE,23-01-2024 17:29:00,S07,20240123
S07/20240123/00003,7,P101010,1,71.39,SALE,23-01-2024 17:29:00,S07,20240123
S07/20240123/00003,8,P106282,3,440.95,SALE,23-01-2024 17:29:00,S07,20240123
S07/20240123/00003,9,TAX,1,467.25,TAX,23-01-2024 17:29:00,S07,20240123
S07/20240123/00003,10,TENDER,1,6531.33,TENDER,23-01-2024 17:29:00,S07,20240123
S07/20240123/00004,1,P106731,1,142.59,SALE,23-01-2024 13:27:57,S07,20240123
S07/20240123/00004,2,TAX,1,0.00,TAX,23-01-2024 13:27:57,S07,20240123
S07/20240123/00004,3,TENDER,1,142.59,TENDER,23-01-2024 13:27:57,S07,20240123
S07/20240123/00005,1,P102175,2,171.07,SALE,23-01-2024 18:24:42,S07,20240123
S07/20240123/00005,2,P106300,2,387.92,SALE,23-01-2024 18:24:42,S07,20240123
S07/20240123/00005,3,P103806,1,305.95,SALE,23-01-2024 18:24:42,S07,20240123
S07/20240123/00005,4,P104665,2,217.71,SALE,23-01-2024 18:24:42,S07,20240123
S07/20240123/00005,5,P100549,3,301.95,SALE,23-01-2024 18:24:42,S07,20240123
S07/20240123/00005,6,P106648,1,330.96,SALE,23-01-2024 18:24:42,S07,20240123
S07/20240123/00005,7,P108346,3,478.23,SALE,23-01-2024 18:24:42,S07,20240123
S07/20240123/00005,8,P103629,2,57.95,SALE,23-01-2024 18:24:42,S07,20240123
S07/20240123/00005,9,P103040,5,402.85,SALE,23-01-2024 18:24:42,S07,20240123
S07/20240123/00005,10,TAX,1,725.76,TAX,23-01-2024 18:24:42,S07,20240123
S07/20240123/00005,11,TENDER,1,7386.76,TENDER,23-01-2024 18:24:42,S07,20240123
S07/20240123/00006,1,P105479,3,237.28,SALE,23-01-2024 20:12:41,S07,20240123
S07/20240123/00006,2,P104302,2,1205.95,SALE,23-01-2024 20:12:41,S07,20240123
S07/20240123/00006,3,P101507,1,619.87,SALE,23-01-2024 20:12:41,S07,20240123
S07/20240123/00006,4,TAX,1,405.84,TAX,23-01-2024 20:12:41,S07,20240123
S07/20240123/00006,5,TENDER,1,4149.45,TENDER,23-01-2024 20:12:41,S07,20240123
S07/20240123/00007,1,P100339,1,278.86,SALE,23-01-2024 15:03:20,S07,20240123
S07/20240123/00007,2,P103389,1,251.95,SALE,23-01-2024 15:03:20,S07,20240123
S07/20240123/00007,3,P102581,1,189.36,SALE,23-01-2024 15:03:20,S07,20240123
S07/20240123/00007,4,TAX,1,105.01,TAX,23-01-2024 15:03:20,S07,20240123
S07/20240123/00007,5,TENDER,1,825.18,TENDER,23-01-2024 15:03:20,S07,20240123
S07/20240123/00008,1,P105112,-3,179.95,RETURN,23-01-2024 18:36:24,S07,20240123
S07/20240123/00008,2,P106200,-2,117.95,RETURN,23-01-2024 18:36:24,S07,20240123
S07/20240123/00008,3,P108026,-3,81.25,RETURN,23-01-2024 18:36:24,S07,20240123
S07/20240123/00008,4,P101747,-2,245.75,RETURN,23-01-2024 18:36:24,S07,20240123
S07/20240123/00008,5,P100810,-4,200.65,RETURN,23-01-2024 18:36:24,S07,20240123
S07/20240123/00008,6,P100210,-1,1071.95,RETURN,23-01-2024 18:36:24,S07,20240123
S07/20240123/00008,7,TAX,1,-292.51,TAX,23-01-2024 18:36:24,S07,20240123
S07/20240123/00008,8,TENDER,1,-3678.06,TENDER,23-01-2024 18:36:24,S07,20240123
S07/20240123/00009,1,P103137,2,218.09,SALE,23-01-2024 15:49:22,S07,20240123
S07/20240123/00009,2,P103637,1,338.13,SALE,23-01-2024 15:49:22,S07,20240123
S07/20240123/00009,3,P106639,1,415.94,SALE,23-01-2024 15:49:22,S07,20240123
S07/20240123/00009,4,P107373,1,86.15,SALE,23-01-2024 15:49:22,S07,20240123
S07/20240123/00009,5,TAX,1,163.12,TAX,23-01-2024 15:49:22,S07,20240123
S07/20240123/00009,6,TENDER,1,1439.52,TENDER,23-01-2024 15:49:22,S07,20240123
S07/20240123/00010,1,P107149,1,141.95,SALE,23-01-2024 12:34:59,S07,20240123
S07/20240123/00010,2,P104789,2,65.95,SALE,23-01-2024 12:34:59,S07,20240123
S07/20240123/00010,3,P105302,2,265.96,SALE,23-01-2024 12:34:59,S07,20240123
S07/20240123/00010,4,P104854,3,35.76,SALE,23-01-2024 12:34:59,S07,20240123
S07/20240123/00010,5,TAX,1,52.15,TAX,23-01-2024 12:34:59,S07,20240123
S07/20240123/00010,6,TENDER,1,965.20,TENDER,23-01-2024 12:34:59,S07,20240123
S07/20240123/00011,1,P106209,2,182.34,SALE,23-01-2024 19:16:03,S07,20240123
S07/20240123/00011,2,P105127,3,62.95,SALE,23-01-2024 19:16:03,S07,20240123
S07/20240123/00011,3,P102415,2,1074.95,SALE,23-01-2024 19:16:03,S07,20240123
S07/20240123/00011,4,P102931,1,737.59,SALE,23-01-2024 19:16:03,S07,20240123
S07/20240123/00011,5,TAX,1,197.58,TAX,23-01-2024 19:16:03,S07,20240123
S07/20240123/00011,6,TENDER,1,3638.60,TENDER,23-01-2024 19:16:03,S07,20240123
S07/20240123/00012,1,P103792,2,26.45,SALE,23-01-2024 13:46:32,S07,20240123
S07/20240123/00012,2,TAX,1,2.65,TAX,23-01-2024 13:46:32,S07,20240123
S07/20240123/00012,3,TENDER,1,55.55,TENDER,23-01-2024 13:46:32,S07,20240123
S07/20240123/00013,1,P100686,2,787.42,SALE,23-01-2024 12:10:02,S07,20240123
S07/20240123/00013,2,P107508,2,1450.59,SALE,23-01-2024 12:10:02,S07,20240123
S07/20240123/00013,3,P106151,3,289.47,SALE,23-01-2024 12:10:02,S07,20240123
S07/20240123/00013,4,P103806,5,305.95,SALE,23-01-2024 12:10:02,S07,20240123
S07/20240123/00013,5,P100911,1,70.70,SALE,23-01-2024 12:10:02,S07,20240123
S07/20240123/00013,6,P105145,2,645.03,SALE,23-01-2024 12:10:02,S07,20240123
S07/20240123/00013,7,TAX,1,455.89,TAX,23-01-2024 12:10:02,S07,20240123
S07/20240123/00013,8,TENDER,1,8690.83,TENDER,23-01-2024 12:10:02,S07,20240123
S07/20240123/00014,1,P103908,1,104.62,SALE,23-01-2024 16:03:01,S07,20240123
S07/20240123/00014,2,P101327,2,233.22,SALE,23-01-2024 16:03:01,S07,20240123
S07/20240123/00014,3,P102122,2,126.23,SALE,23-01-2024 16:03:01,S07,20240123
S07/20240123/00014,4,TAX,1,141.96,TAX,23-01-2024 16:03:01,S07,20240123
S07/20240123/00014,5,TENDER,1,965.48,TENDER,23-01-2024 16:03:01,S07,20240123
S07/20240123/00015,1,P105835,1,243.66,SALE,23-01-2024 17:38:09,S07,20240123
S07/20240123/00015,2,TAX,1,12.18,TAX,23-01-2024 17:38:09,S07,20240123
S07/20240123/00015,3,TENDER,1,255.84,TENDER,23-01-2024 17:38:09,S07,20240123
S07/20240123/00016,1,P101470,3,145.95,SALE,23-01-2024 07:19:42,S07,20240123
S07/20240123/00016,2,P104139,1,202.92,SALE,23-01-2024 07:19:42,S07,20240123
S07/20240123/00016,3,P104909,3,303.38,SALE,23-01-2024 07:19:42,S07,20240123
S07/20240123/00016,4,P108162,1,221.93,SALE,23-01-2024 07:19:42,S07,20240123
S07/20240123/00016,5,P104285,2,582.95,SALE,23-01-2024 07:19:42,S07,20240123
S07/20240123/00016,6,P100183,1,1426.11,SALE,23-01-2024 07:19:42,S07,20240123
S07/20240123/00016,7,TAX,1,240.52,TAX,23-01-2024 07:19:42,S07,20240123
S07/20240123/00016,8,TENDER,1,4605.37,TENDER,23-01-2024 07:19:42,S07,20240123
S07/20240123/00017,1,P106577,1,46.90,SALE,23-01-2024 16:26:46,S07,20240123
S07/20240123/00017,2,P104097,1,294.95,SALE,23-01-2024 16:26:46,S07,20240123
S07/20240123/00017,3,P101710,3,307.38,SALE,23-01-2024 16:26:46,S07,20240123
S07/20240123/00017,4,TAX,1,148.40,TAX,23-01-2024 16:26:46,S07,20240123
S07/20240123/00017,5,TENDER,1,1412.39,TENDER,23-01-2024 16:26:46,S07,20240123
S07/20240123/00018,1,P102648,1,435.00,SALE,23-01-2024 19:08:37,S07,20240123
S07/20240123/00018,2,P108247,1,242.95,SALE,23-01-2024 19:08:37,S07,20240123
S07/20240123/00018,3,P107903,3,144.89,SALE,23-01-2024 19:08:37,S07,20240123
S07/20240123/00018,4,TAX,1,200.27,TAX,23-01-2024 19:08:37,S07,20240123
S07/20240123/00018,5,TENDER,1,1312.89,TENDER,23-01-2024 19:08:37,S07,20240123
S07/20240124/00001,1,P104361,1,1350.95,SALE,24-01-2024 16:37:28,S07,20240124
S07/20240124/00001,2,P104404,1,877.95,SALE,24-01-2024 16:37:28,S07,20240124
S07/20240124/00001,3,P104842,2,357.87,SALE,24-01-2024 16:37:28,S07,20240124
S07/20240124/00001,4,P107346,2,449.29,SALE,24-01-2024 16:37:28,S07,20240124
S07/20240124/00001,5,P105713,1,327.34,SALE,24-01-2024 16:37:28,S07,20240124
S07/20240124/00001,6,P105017,2,193.22,SALE,24-01-2024 16:37:28,S07,20240124
S07/20240124/00001,7,P107952,2,1852.40,SALE,24-01-2024 16:37:28,S07,20240124
S07/20240124/00001,8,TAX,1,484.21,TAX,24-01-2024 16:37:28,S07,20240124
S07/20240124/00001,9,TENDER,1,8746.01,TENDER,24-01-2024 16:37:28,S07,20240124
S07/20240124/00002,1,P101500,3,352.82,SALE,24-01-2024 16:05:09,S07,20240124
S07/20240124/00002,2,P102067,1,151.39,SALE,24-01-2024 16:05:09,S07,20240124
S07/20240124/00002,3,P103337,1,84.75,SALE,24-01-2024 16:05:09,S07,20240124
S07/20240124/00002,4,P107190,3,223.50,SALE,24-01-2024 16:05:09,S07,20240124
S07/20240124/00002,5,P105280,1,220.35,SALE,24-01-2024 16:05:09,S07,20240124
S07/20240124/00002,6,TAX,1,143.51,TAX,24-01-2024 16:05:09,S07,20240124
S07/20240124/00002,7,TENDER,1,2328.96,TENDER,24-01-2024 16:05:09,S07,20240124
S07/20240124/00003,1,P107320,3,223.25,SALE,24-01-2024 15:07:25,S07,20240124
S07/20240124/00003,2,P102184,2,336.95,SALE,24-01-2024 15:07:25,S07,20240124
S07/20240124/00003,3,P102397,1,355.28,SALE,24-01-2024 15:07:25,S07,20240124
S07/20240124/00003,4,TAX,1,123.00,TAX,24-01-2024 15:07:25,S07,20240124
S07/20240124/00003,5,TENDER,1,1821.93,TENDER,24-01-2024 15:07:25,S07,20240124
S07/20240124/00004,1,P102868,4,471.29,SALE,24-01-2024 19:43:41,S07,20240124
S07/20240124/00004,2,P104628,1,196.55,SALE,24-01-2024 19:43:41,S07,20240124
S07/20240124/00004,3,P103137,1,218.09,SALE,24-01-2024 19:43:41,S07,20240124
S07/20240124/00004,4,P100380,2,134.99,SALE,24-01-2024 19:43:41,S07,20240124
S07/20240124/00004,5,P105918,1,315.80,SALE,24-01-2024 19:43:41,S07,20240124
S07/20240124/00004,6,TAX,1,490.12,TAX,24-01-2024 19:43:41,S07,20240124
S07/20240124/00004,7,TENDER,1,3375.70,TENDER,24-01-2024 19:43:41,S07,20240124
S07/20240124/00005,1,P100255,2,1240.42,SALE,24-01-2024 18:18:37,S07,20240124
S07/20240124/00005,2,P101359,1,438.42,SALE,24-01-2024 18:18:37,S07,20240124
S07/20240124/00005,3,P102892,1,220.95,SALE,24-01-2024 18:18:37,S07,20240124
S07/20240124/00005,4,P100791,2,40.18,SALE,24-01-2024 18:18:37,S07,20240124
S07/20240124/00005,5,P103794,1,729.86,SALE,24-01-2024 18:18:37,S07,20240124
S07/20240124/00005,6,P102151,2,935.36,SALE,24-01-2024 18:18:37,S07,20240124
S07/20240124/00005,7,TAX,1,376.78,TAX,24-01-2024 18:18:37,S07,20240124
S07/20240124/00005,8,TENDER,1,6197.93,TENDER,24-01-2024 18:18:37,S07,20240124
S07/20240124/00006,1,P106181,2,885.95,SALE,24-01-2024 17:58:45,S07,20240124
S07/20240124/00006,2,TAX,1,0.00,TAX,24-01-2024 17:58:45,S07,20240124
S07/20240124/00006,3,TENDER,1,1771.90,TENDER,24-01-2024 17:58:45,S07,20240124
S07/20240124/00007,1,P100086,1,88.95,SALE,24-01-2024 15:26:09,S07,20240124
S07/20240124/00007,2,P102371,3,58.36,SALE,24-01-2024 15:26:09,S07,20240124
S07/20240124/00007,3,P106207,2,459.95,SALE,24-01-2024 15:26:09,S07,20240124
S07/20240124/00007,4,TAX,1,170.03,TAX,24-01-2024 15:26:09,S07,20240124
S07/20240124/00007,5,TENDER,1,1353.96,TENDER,24-01-2024 15:26:09,S07,20240124
S07/20240124/00008,1,P102023,2,425.67,SALE,24-01-2024 19:35:53,S07,20240124
S07/20240124/00008,2,P100819,1,1140.00,SALE,24-01-2024 19:35:53,S07,20240124
S07/20240124/00008,3,TAX,1,102.16,TAX,24-01-2024 19:35:53,S07,20240124
S07/20240124/00008,4,TENDER,1,2093.50,TENDER,24-01-2024 19:35:53,S07,20240124
S07/20240124/00009,1,P104600,3,48.49,SALE,24-01-2024 17:31:32,S07,20240124
S07/20240124/00009,2,P101613,2,109.83,SALE,24-01-2024 17:31:32,S07,20240124
S07/20240124/00009,3,P100268,3,184.95,SALE,24-01-2024 17:31:32,S07,20240124
S07/20240124/00009,4,TAX,1,74.55,TAX,24-01-2024 17:31:32,S07,20240124
S07/20240124/00009,5,TENDER,1,994.53,TENDER,24-01-2024 17:31:32,S07,20240124
S07/20240124/00010,1,P107933,2,1175.95,SALE,24-01-2024 17:08:23,S07,20240124
S07/20240124/00010,2,P106151,2,289.47,SALE,24-01-2024 17:08:23,S07,20240124
S07/20240124/00010,3,P105757,1,243.43,SALE,24-01-2024 17:08:23,S07,20240124
S07/20240124/00010,4,P105490,1,149.44,SALE,24-01-2024 17:08:23,S07,20240124
S07/20240124/00010,5,P107848,3,267.41,SALE,24-01-2024 17:08:23,S07,20240124
S07/20240124/00010,6,P101690,1,1048.95,SALE,24-01-2024 17:08:23,S07,20240124
S07/20240124/00010,7,P104651,3,540.51,SALE,24-01-2024 17:08:23,S07,20240124
S07/20240124/00010,8,P101648,2,334.22,SALE,24-01-2024 17:08:23,S07,20240124
S07/20240124/00010,9,P108361,4,69.61,SALE,24-01-2024 17:08:23,S07,20240124
S07/20240124/00010,10,P105890,1,1102.54,SALE,24-01-2024 17:08:23,S07,20240124
S07/20240124/00010,11,TAX,1,766.46,TAX,24-01-2024 17:08:23,S07,20240124
S07/20240124/00010,12,TENDER,1,9612.30,TENDER,24-01-2024 17:08:23,S07,20240124
S07/20240124/00011,1,P105155,3,317.12,SALE,24-01-2024 15:48:31,S07,20240124
S07/20240124/00011,2,P102671,2,231.95,SALE,24-01-2024 15:48:31,S07,20240124
S07/20240124/00011,3,P107100,2,171.95,SALE,24-01-2024 15:48:31,S07,20240124
S07/20240124/00011,4,P108076,3,145.31,SALE,24-01-2024 15:48:31,S07,20240124
S07/20240124/00011,5,TAX,1,250.81,TAX,24-01-2024 15:48:31,S07,20240124
S07/20240124/00011,6,TENDER,1,2445.90,TENDER,24-01-2024 15:48:31,S07,20240124
S07/20240124/00012,1,P107028,4,53.95,SALE,24-01-2024 11:52:17,S07,20240124
S07/20240124/00012,2,P105713,2,327.34,SALE,24-01-2024 11:52:17,S07,20240124
S07/20240124/00012,3,P107028,-4,53.95,VOID,24-01-2024 11:52:17,S07,20240124
S07/20240124/00012,4,P105713,-2,327.34,VOID,24-01-2024 11:52:17,S07,20240124
S07/20240124/00012,5,TAX,1,0.00,TAX,24-01-2024 11:52:17,S07,20240124
S07/20240124/00012,6,TENDER,1,0.00,TENDER,24-01-2024 11:52:17,S07,20240124
S07/20240124/00013,1,P106872,1,73.31,SALE,24-01-2024 17:47:02,S07,20240124
S07/20240124/00013,2,P105252,2,11.31,SALE,24-01-2024 17:47:02,S07,20240124
S07/20240124/00013,3,P101190,3,84.60,SALE,24-01-2024 17:47:02,S07,20240124
S07/20240124/00013,4,P100991,2,147.89,SALE,24-01-2024 17:47:02,S07,20240124
S07/20240124/00013,5,P104294,3,115.73,SALE,24-01-2024 17:47:02,S07,20240124
S07/20240124/00013,6,P103719,3,957.52,SALE,24-01-2024 17:47:02,S07,20240124
S07/20240124/00013,7,P107373,1,86.15,SALE,24-01-2024 17:47:02,S07,20240124
S07/20240124/00013,8,TAX,1,464.11,TAX,24-01-2024 17:47:02,S07,20240124
S07/20240124/00013,9,TENDER,1,4415.52,TENDER,24-01-2024 17:47:02,S07,20240124
S07/20240124/00014,1,P100850,4,166.95,SALE,24-01-2024 19:39:02,S07,20240124
S07/20240124/00014,2,P105092,1,421.74,SALE,24-01-2024 19:39:02,S07,20240124
S07/20240124/00014,3,P103575,1,51.88,SALE,24-01-2024 19:39:02,S07,20240124
S07/20240124/00014,4,P103785,4,491.90,SALE,24-01-2024 19:39:02,S07,20240124
S07/20240124/00014,5,P105236,2,511.25,SALE,24-01-2024 19:39:02,S07,20240124
S07/20240124/00014,6,TAX,1,517.46,TAX,24-01-2024 19:39:02,S07,20240124
S07/20240124/00014,7,TENDER,1,4648.98,TENDER,24-01-2024 19:39:02,S07,20240124
S07/20240124/00015,1,P103950,1,1095.36,SALE,24-01-2024 15:24:30,S07,20240124
S07/20240124/00015,2,P100767,3,269.95,SALE,24-01-2024 15:24:30,S07,20240124
S07/20240124/00015,3,P103068,2,137.26,SALE,24-01-2024 15:24:30,S07,20240124
S07/20240124/00015,4,P102202,2,184.86,SALE,24-01-2024 15:24:30,S07,20240124
S07/20240124/00015,5,P101543,1,196.46,SALE,24-01-2024 15:24:30,S07,20240124
S07/20240124/00015,6,TAX,1,267.59,TAX,24-01-2024 15:24:30,S07,20240124
S07/20240124/00015,7,TENDER,1,3013.50,TENDER,24-01-2024 15:24:30,S07,20240124
S07/20240124/00016,1,P101404,1,214.54,SALE,24-01-2024 11:16:13,S07,20240124
S07/20240124/00016,2,P102460,3,548.91,SALE,24-01-2024 11:16:13,S07,20240124
S07/20240124/00016,3,TAX,1,93.06,TAX,24-01-2024 11:16:13,S07,20240124
S07/20240124/00016,4,TENDER,1,1954.33,TENDER,24-01-2024 11:16:13,S07,20240124
S07/20240124/00017,1,P107568,1,139.20,SALE,24-01-2024 11:31:19,S07,20240124
S07/20240124/00017,2,P105302,3,265.96,SALE,24-01-2024 11:31:19,S07,20240124
S07/20240124/00017,3,P106813,2,241.11,SALE,24-01-2024 11:31:19,S07,20240124
S07/20240124/00017,4,P106611,3,348.85,SALE,24-01-2024 11:31:19,S07,20240124
S07/20240124/00017,5,TAX,1,230.31,TAX,24-01-2024 11:31:19,S07,20240124
S07/20240124/00017,6,TENDER,1,2696.16,TENDER,24-01-2024 11:31:19,S07,20240124
S07/20240124/00018,1,P100519,1,365.61,SALE,24-01-2024 15:59:58,S07,20240124
S07/20240124/00018,2,P103337,1,79.95,SALE,24-01-2024 15:59:58,S07,20240124
S07/20240124/00018,3,P101454,3,130.95,SALE,24-01-2024 15:59:58,S07,20240124
S07/20240124/00018,4,TAX,1,95.01,TAX,24-01-2024 15:59:58,S07,20240124
S07/20240124/00018,5,TENDER,1,933.42,TENDER,24-01-2024 15:59:58,S07,20240124
S07/20240124/00019,1,P106669,1,102.72,SALE,24-01-2024 12:46:21,S07,20240124
S07/20240124/00019,2,TAX,1,5.14,TAX,24-01-2024 12:46:21,S07,20240124
S07/20240124/00019,3,TENDER,1,107.86,TENDER,24-01-2024 12:46:21,S07,20240124
S07/20240124/00020,1,P102272,-1,373.95,RETURN,24-01-2024 15:25:52,S07,20240124
S07/20240124/00020,2,P102772,-4,151.97,RETURN,24-01-2024 15:25:52,S07,20240124
S07/20240124/00020,3,P101208,-1,521.19,RETURN,24-01-2024 15:25:52,S07,20240124
S07/20240124/00020,4,TAX,1,-75.27,TAX,24-01-2024 15:25:52,S07,20240124
S07/20240124/00020,5,TENDER,1,-1578.29,TENDER,24-01-2024 15:25:52,S07,20240124
S07/20240124/00021,1,P104361,2,1350.95,SALE,25-01-2024 00:46:08,S07,20240124
S07/20240124/00021,2,P105030,2,211.39,SALE,25-01-2024 00:46:08,S07,20240124
S07/20240124/00021,3,P104715,1,136.85,SALE,25-01-2024 00:46:08,S07,20240124
S07/20240124/00021,4,P107282,1,1189.20,SALE,25-01-2024 00:46:08,S07,20240124
S07/20240124/00021,5,P102160,2,221.62,SALE,25-01-2024 00:46:08,S07,20240124
S07/20240124/00021,6,P104361,-2,1350.95,VOID,25-01-2024 00:46:08,S07,20240124
S07/20240124/00021,7,P105030,-2,211.39,VOID,25-01-2024 00:46:08,S07,20240124
S07/20240124/00021,8,P104715,-1,136.85,VOID,25-01-2024 00:46:08,S07,20240124
S07/20240124/00021,9,P107282,-1,1189.20,VOID,25-01-2024 00:46:08,S07,20240124
S07/20240124/00021,10,P102160,-2,221.62,VOID,25-01-2024 00:46:08,S07,20240124
S07/20240124/00021,11,TAX,1,0.00,TAX,25-01-2024 00:46:08,S07,20240124
S07/20240124/00021,12,TENDER,1,0.00,TENDER,25-01-2024 00:46:08,S07,20240124
S07/20240124/00022,1,P106885,1,126.37,SALE,24-01-2024 09:45:11,S07,20240124
S07/20240124/00022,2,P101090,2,22.95,SALE,24-01-2024 09:45:11,S07,20240124
S07/20240124/00022,3,P105747,3,226.78,SALE,24-01-2024 09:45:11,S07,20240124
S07/20240124/00022,4,TAX,1,153.47,TAX,24-01-2024 09:45:11,S07,20240124
S07/20240124/00022,5,TENDER,1,1006.08,TENDER,24-01-2024 09:45:11,S07,20240124
S07/20240124/00023,1,P104867,2,190.50,SALE,24-01-2024 11:41:30,S07,20240124
S07/20240124/00023,2,P107899,2,197.21,SALE,24-01-2024 11:41:30,S07,20240124
S07/20240124/00023,3,P102415,3,1074.95,SALE,24-01-2024 11:41:30,S07,20240124
S07/20240124/00023,4,P100536,2,471.52,SALE,24-01-2024 11:41:30,S07,20240124
S07/20240124/00023,5,P104149,2,85.95,SALE,24-01-2024 11:41:30,S07,20240124
S07/20240124/00023,6,TAX,1,378.36,TAX,24-01-2024 11:41:30,S07,20240124
S07/20240124/00023,7,TENDER,1,5493.57,TENDER,24-01-2024 11:41:30,S07,20240124
S07/20240124/00024,1,P105083,3,245.38,SALE,24-01-2024 13:16:53,S07,20240124
S07/20240124/00024,2,P104651,2,540.51,SALE,24-01-2024 13:16:53,S07,20240124
S07/20240124/00024,3,P100203,1,241.95,SALE,24-01-2024 13:16:53,S07,20240124
S07/20240124/00024,4,P105609,1,817.71,SALE,24-01-2024 13:16:53,S07,20240124
S07/20240124/00024,5,P101825,2,168.15,SALE,24-01-2024 13:16:53,S07,20240124
S07/20240124/00024,6,P104842,1,357.87,SALE,24-01-2024 13:16:53,S07,20240124
S07/20240124/00024,7,P107605,1,1290.76,SALE,24-01-2024 13:16:53,S07,20240124
S07/20240124/00024,8,TAX,1,488.98,TAX,24-01-2024 13:16:53,S07,20240124
S07/20240124/00024,9,TENDER,1,5350.73,TENDER,24-01-2024 13:16:53,S07,20240124
S07/20240124/00025,1,P102845,2,80.09,SALE,24-01-2024 15:44:11,S07,20240124
S07/20240124/00025,2,P105384,1,300.95,SALE,24-01-2024 15:44:11,S07,20240124
S07/20240124/00025,3,P107137,1,31.95,SALE,24-01-2024 15:44:11,S07,20240124
S07/20240124/00025,4,P105042,2,58.95,SALE,24-01-2024 15:44:11,S07,20240124
S07/20240124/00025,5,TAX,1,65.35,TAX,24-01-2024 15:44:11,S07,20240124
S07/20240124/00025,6,TENDER,1,676.33,TENDER,24-01-2024 15:44:11,S07,20240124
S07/20240125/00001,1,P105219,3,653.26,SALE,25-01-2024 20:40:24,S07,20240125
S07/20240125/00001,2,P103749,2,13.83,SALE,25-01-2024 20:40:24,S07,20240125
S07/20240125/00001,3,P108101,2,1603.81,SALE,25-01-2024 20:40:24,S07,20240125
S07/20240125/00001,4,TAX,1,742.65,TAX,25-01-2024 20:40:24,S07,20240125
S07/20240125/00001,5,TENDER,1,5937.71,TENDER,25-01-2024 20:40:24,S07,20240125
S07/20240125/00002,1,P107294,2,83.95,SALE,25-01-2024 11:10:26,S07,20240125
S07/20240125/00002,2,P100511,3,407.54,SALE,25-01-2024 11:10:26,S07,20240125
S07/20240125/00002,3,P103337,1,75.95,SALE,25-01-2024 11:10:26,S07,20240125
S07/20240125/00002,4,DISC,1,-121.80,DISCOUNT,25-01-2024 11:10:26,S07,20240125
S07/20240125/00002,5,TAX,1,145.71,TAX,25-01-2024 11:10:26,S07,20240125
S07/20240125/00002,6,TENDER,1,1490.38,TENDER,25-01-2024 11:10:26,S07,20240125
S07/20240125/00003,1,P105531,2,471.98,SALE,25-01-2024 16:02:04,S07,20240125
S07/20240125/00003,2,P102471,3,137.95,SALE,25-01-2024 16:02:04,S07,20240125
S07/20240125/00003,3,P101710,4,307.38,SALE,25-01-2024 16:02:04,S07,20240125
S07/20240125/00003,4,P103712,2,481.86,SALE,25-01-2024 16:02:04,S07,20240125
S07/20240125/00003,5,TAX,1,450.96,TAX,25-01-2024 16:02:04,S07,20240125
S07/20240125/00003,6,TENDER,1,4002.01,TENDER,25-01-2024 16:02:04,S07,20240125
S07/20240125/00004,1,P104081,5,601.49,SALE,25-01-2024 16:42:56,S07,20240125
S07/20240125/00004,2,P100287,5,218.95,SALE,25-01-2024 16:42:56,S07,20240125
S07/20240125/00004,3,TAX,1,131.37,TAX,25-01-2024 16:42:56,S07,20240125
S07/20240125/00004,4,TENDER,1,4233.57,TENDER,25-01-2024 16:42:56,S07,20240125
S07/20240125/00005,1,P100007,2,129.42,SALE,25-01-2024 17:10:54,S07,20240125
S07/20240125/00005,2,P100172,2,171.71,SALE,25-01-2024 17:10:54,S07,20240125
S07/20240125/00005,3,P101825,1,168.15,SALE,25-01-2024 17:10:54,S07,20240125
S07/20240125/00005,4,TAX,1,72.17,TAX,25-01-2024 17:10:54,S07,20240125
S07/20240125/00005,5,TENDER,1,842.58,TENDER,25-01-2024 17:10:54,S07,20240125
S07/20240125/00006,1,P102849,1,641.17,SALE,25-01-2024 14:30:20,S07,20240125
S07/20240125/00006,2,P107952,2,1852.40,SALE,25-01-2024 14:30:20,S07,20240125
S07/20240125/00006,3,P108389,2,793.52,SALE,25-01-2024 14:30:20,S07,20240125
S07/20240125/00006,4,P100609,3,76.13,SALE,25-01-2024 14:30:20,S07,20240125
S07/20240125/00006,5,P104187,1,86.95,SALE,25-01-2024 14:30:20,S07,20240125
S07/20240125/00006,6,TAX,1,188.05,TAX,25-01-2024 14:30:20,S07,20240125
S07/20240125/00006,7,TENDER,1,6436.40,TENDER,25-01-2024 14:30:20,S07,20240125
S07/20240125/00007,1,P101961,1,679.58,SALE,25-01-2024 15:01:03,S07,20240125
S07/20240125/00007,2,P100904,2,68.79,SALE,25-01-2024 15:01:03,S07,20240125
S07/20240125/00007,3,P101722,1,1331.86,SALE,25-01-2024 15:01:03,S07,20240125
S07/20240125/00007,4,P108008,1,111.10,SALE,25-01-2024 15:01:03,S07,20240125
S07/20240125/00007,5,TAX,1,233.68,TAX,25-01-2024 15:01:03,S07,20240125
S07/20240125/00007,6,TENDER,1,2493.80,TENDER,25-01-2024 15:01:03,S07,20240125
S07/20240125/00008,1,P103886,2,301.95,SALE,25-01-2024 16:26:53,S07,20240125
S07/20240125/00008,2,P104747,3,336.91,SALE,25-01-2024 16:26:53,S07,20240125
S07/20240125/00008,3,TAX,1,121.29,TAX,25-01-2024 16:26:53,S07,20240125
S07/20240125/00008,4,TENDER,1,1735.92,TENDER,25-01-2024 16:26:53,S07,20240125
S07/20240125/00009,1,P102845,3,80.09,SALE,25-01-2024 13:01:30,S07,20240125
S07/20240125/00009,2,P105965,1,61.37,SALE,25-01-2024 13:01:30,S07,20240125
S07/20240125/00009,3,P101851,3,1750.29,SALE,25-01-2024 13:01:30,S07,20240125
S07/20240125/00009,4,P105950,3,1356.49,SALE,25-01-2024 13:01:30,S07,20240125
S07/20240125/00009,5,P102311,2,284.95,SALE,25-01-2024 13:01:30,S07,20240125
S07/20240125/00009,6,P106783,2,87.95,SALE,25-01-2024 13:01:30,S07,20240125
S07/20240125/00009,7,P102516,1,1272.67,SALE,25-01-2024 13:01:30,S07,20240125
S07/20240125/00009,8,DISC,1,-1126.12,DISCOUNT,25-01-2024 13:01:30,S07,20240125
S07/20240125/00009,9,TAX,1,125.44,TAX,25-01-2024 13:01:30,S07,20240125
S07/20240125/00009,10,TENDER,1,10639.77,TENDER,25-01-2024 13:01:30,S07,20240125
S07/20240125/00010,1,P100375,1,163.45,SALE,25-01-2024 16:23:24,S07,20240125
S07/20240125/00010,2,P105695,1,119.95,SALE,25-01-2024 16:23:24,S07,20240125
S07/20240125/00010,3,P105868,1,70.72,SALE,25-01-2024 16:23:24,S07,20240125
S07/20240125/00010,4,P106710,1,93.71,SALE,25-01-2024 16:23:24,S07,20240125
S07/20240125/00010,5,P101393,2,32.95,SALE,25-01-2024 16:23:24,S07,20240125
S07/20240125/00010,6,DISC,1,-52.23,DISCOUNT,25-01-2024 16:23:24,S07,20240125
S07/20240125/00010,7,TAX,1,34.02,TAX,25-01-2024 16:23:24,S07,20240125
S07/20240125/00010,8,TENDER,1,495.52,TENDER,25-01-2024 16:23:24,S07,20240125
S07/20240125/00011,1,P106067,2,448.95,SALE,25-01-2024 18:56:34,S07,20240125
S07/20240125/00011,2,P101982,1,366.95,SALE,25-01-2024 18:56:34,S07,20240125
S07/20240125/00011,3,TAX,1,110.95,TAX,25-01-2024 18:56:34,S07,20240125
S07/20240125/00011,4,TENDER,1,1375.80,TENDER,25-01-2024 18:56:34,S07,20240125
S07/20240125/00012,1,P101037,1,532.57,SALE,25-01-2024 15:22:27,S07,20240125
S07/20240125/00012,2,P102674,3,450.95,SALE,25-01-2024 15:22:27,S07,20240125
S07/20240125/00012,3,P101052,3,198.99,SALE,25-01-2024 15:22:27,S07,20240125
S07/20240125/00012,4,P100463,1,281.78,SALE,25-01-2024 15:22:27,S07,20240125
S07/20240125/00012,5,TAX,1,480.64,TAX,25-01-2024 15:22:27,S07,20240125
S07/20240125/00012,6,TENDER,1,3244.81,TENDER,25-01-2024 15:22:27,S07,20240125
S07/20240125/00013,1,P102081,1,164.15,SALE,25-01-2024 13:54:49,S07,20240125
S07/20240125/00013,2,P101813,4,237.06,SALE,25-01-2024 13:54:49,S07,20240125
S07/20240125/00013,3,P104800,1,692.51,SALE,25-01-2024 13:54:49,S07,20240125
S07/20240125/00013,4,P106858,2,245.00,SALE,25-01-2024 13:54:49,S07,20240125
S07/20240125/00013,5,TAX,1,200.85,TAX,25-01-2024 13:54:49,S07,20240125
S07/20240125/00013,6,TENDER,1,2495.75,TENDER,25-01-2024 13:54:49,S07,20240125
S07/20240125/00014,1,P100577,1,277.95,SALE,25-01-2024 14:18:22,S07,20240125
S07/20240125/00014,2,P103794,1,729.86,SALE,25-01-2024 14:18:22,S07,20240125
S07/20240125/00014,3,P104802,5,194.24,SALE,25-01-2024 14:18:22,S07,20240125
S07/20240125/00014,4,P104079,4,72.20,SALE,25-01-2024 14:18:22,S07,20240125
S07/20240125/00014,5,P100394,2,320.36,SALE,25-01-2024 14:18:22,S07,20240125
S07/20240125/00014,6,P101851,3,1750.29,SALE,25-01-2024 14:18:22,S07,20240125
S07/20240125/00014,7,P101802,3,41.95,SALE,25-01-2024 14:18:22,S07,20240125
S07/20240125/00014,8,P105139,4,99.95,SALE,25-01-2024 14:18:22,S07,20240125
S07/20240125/00014,9,DISC,1,-965.21,DISCOUNT,25-01-2024 14:18:22,S07,20240125
S07/20240125/00014,10,TAX,1,348.88,TAX,25-01-2024 14:18:22,S07,20240125
S07/20240125/00014,11,TENDER,1,8068.72,TENDER,25-01-2024 14:18:22,S07,20240125
S07/20240125/00015,1,P107182,4,109.95,SALE,25-01-2024 15:12:59,S07,20240125
S07/20240125/00015,2,P106200,3,117.95,SALE,25-01-2024 15:12:59,S07,20240125
S07/20240125/00015,3,P106891,2,642.78,SALE,25-01-2024 15:12:59,S07,20240125
S07/20240125/00015,4,P105069,1,162.60,SALE,25-01-2024 15:12:59,S07,20240125
S07/20240125/00015,5,TAX,1,215.17,TAX,25-01-2024 15:12:59,S07,20240125
S07/20240125/00015,6,TENDER,1,2456.98,TENDER,25-01-2024 15:12:59,S07,20240125
S07/20240125/00016,1,P106813,2,241.11,SALE,25-01-2024 13:04:34,S07,20240125
S07/20240125/00016,2,P104600,1,48.49,SALE,25-01-2024 13:04:34,S07,20240125
S07/20240125/00016,3,P107589,2,251.81,SALE,25-01-2024 13:04:34,S07,20240125
S07/20240125/00016,4,TAX,1,150.94,TAX,25-01-2024 13:04:34,S07,20240125
S07/20240125/00016,5,TENDER,1,1185.27,TENDER,25-01-2024 13:04:34,S07,20240125
S07/20240125/00017,1,P106336,1,456.47,SALE,25-01-2024 17:41:43,S07,20240125
S07/20240125/00017,2,P100198,1,156.66,SALE,25-01-2024 17:41:43,S07,20240125
S07/20240125/00017,3,P107089,2,192.10,SALE,25-01-2024 17:41:43,S07,20240125
S07/20240125/00017,4,P103839,1,202.77,SALE,25-01-2024 17:41:43,S07,20240125
S07/20240125/00017,5,P100879,2,155.98,SALE,25-01-2024 17:41:43,S07,20240125
S07/20240125/00017,6,P102415,2,1074.95,SALE,25-01-2024 17:41:43,S07,20240125
S07/20240125/00017,7,TAX,1,253.20,TAX,25-01-2024 17:41:43,S07,20240125
S07/20240125/00017,8,TENDER,1,3915.16,TENDER,25-01-2024 17:41:43,S07,20240125
S07/20240125/00018,1,P106802,3,689.06,SALE,25-01-2024 12:22:40,S07,20240125
S07/20240125/00018,2,P100855,2,290.71,SALE,25-01-2024 12:22:40,S07,20240125
S07/20240125/00018,3,P104512,2,94.53,SALE,25-01-2024 12:22:40,S07,20240125
S07/20240125/00018,4,P105589,4,83.95,SALE,25-01-2024 12:22:40,S07,20240125
S07/20240125/00018,5,TAX,1,277.91,TAX,25-01-2024 12:22:40,S07,20240125
S07/20240125/00018,6,TENDER,1,3451.37,TENDER,25-01-2024 12:22:40,S07,20240125
S07/20240125/00019,1,P100703,2,164.26,SALE,25-01-2024 17:59:00,S07,20240125
S07/20240125/00019,2,P102886,2,139.95,SALE,25-01-2024 17:59:00,S07,20240125
S07/20240125/00019,3,P101585,2,10.83,SALE,25-01-2024 17:59:00,S07,20240125
S07/20240125/00019,4,P100049,1,66.95,SALE,25-01-2024 17:59:00,S07,20240125
S07/20240125/00019,5,P103950,1,1095.36,SALE,25-01-2024 17:59:00,S07,20240125
S07/20240125/00019,6,P107695,1,282.58,SALE,25-01-2024 17:59:00,S07,20240125
S07/20240125/00019,7,TAX,1,175.00,TAX,25-01-2024 17:59:00,S07,20240125
S07/20240125/00019,8,TENDER,1,2249.97,TENDER,25-01-2024 17:59:00,S07,20240125
S07/20240125/00020,1,P101603,2,887.87,SALE,25-01-2024 19:37:22,S07,20240125
S07/20240125/00020,2,P100362,2,270.89,SALE,25-01-2024 19:37:22,S07,20240125
S07/20240125/00020,3,P105365,1,399.23,SALE,25-01-2024 19:37:22,S07,20240125
S07/20240125/00020,4,P102998,3,137.95,SALE,25-01-2024 19:37:22,S07,20240125
S07/20240125/00020,5,TAX,1,335.49,TAX,25-01-2024 19:37:22,S07,20240125
S07/20240125/00020,6,TENDER,1,3466.09,TENDER,25-01-2024 19:37:22,S07,20240125
S07/20240125/00021,1,P107028,4,53.95,SALE,25-01-2024 16:30:34,S07,20240125
S07/20240125/00021,2,P101810,5,757.60,SALE,25-01-2024 16:30:34,S07,20240125
S07/20240125/00021,3,P104123,2,340.95,SALE,25-01-2024 16:30:34,S07,20240125
S07/20240125/00021,4,P107226,2,86.90,SALE,25-01-2024 16:30:34,S07,20240125
S07/20240125/00021,5,P104308,3,53.87,SALE,25-01-2024 16:30:34,S07,20240125
S07/20240125/00021,6,P108149,1,985.90,SALE,25-01-2024 16:30:34,S07,20240125
S07/20240125/00021,7,DISC,1,-271.56,DISCOUNT,25-01-2024 16:30:34,S07,20240125
S07/20240125/00021,8,TAX,1,606.87,TAX,25-01-2024 16:30:34,S07,20240125
S07/20240125/00021,9,TENDER,1,6342.32,TENDER,25-01-2024 16:30:34,S07,20240125
S07/20240125/00022,1,P107047,4,396.95,SALE,25-01-2024 15:46:25,S07,20240125
S07/20240125/00022,2,P101458,2,1309.22,SALE,25-01-2024 15:46:25,S07,20240125
S07/20240125/00022,3,P105684,3,1096.95,SALE,25-01-2024 15:46:25,S07,20240125
S07/20240125/00022,4,P107549,1,50.74,SALE,25-01-2024 15:46:25,S07,20240125
S07/20240125/00022,5,P103908,1,104.62,SALE,25-01-2024 15:46:25,S07,20240125
S07/20240125/00022,6,P100239,3,352.95,SALE,25-01-2024 15:46:25,S07,20240125
S07/20240125/00022,7,TAX,1,503.83,TAX,25-01-2024 15:46:25,S07,20240125
S07/20240125/00022,8,TENDER,1,9215.13,TENDER,25-01-2024 15:46:25,S07,20240125
S07/20240125/00023,1,P101925,4,164.95,SALE,25-01-2024 18:14:36,S07,20240125
S07/20240125/00023,2,P100840,2,248.08,SALE,25-01-2024 18:14:36,S07,20240125
S07/20240125/00023,3,P105145,2,645.03,SALE,25-01-2024 18:14:36,S07,20240125
S07/20240125/00023,4,TAX,1,208.07,TAX,25-01-2024 18:14:36,S07,20240125
S07/20240125/00023,5,TENDER,1,2654.09,TENDER,25-01-2024 18:14:36,S07,20240125
S07/20240125/00024,1,P101876,1,71.32,SALE,25-01-2024 12:53:37,S07,20240125
S07/20240125/00024,2,P100511,1,407.54,SALE,25-01-2024 12:53:37,S07,20240125
S07/20240125/00024,3,P103262,3,54.76,SALE,25-01-2024 12:53:37,S07,20240125
S07/20240125/00024,4,P101156,1,91.80,SALE,25-01-2024 12:53:37,S07,20240125
S07/20240125/00024,5,TAX,1,65.27,TAX,25-01-2024 12:53:37,S07,20240125
S07/20240125/00024,6,TENDER,1,800.21,TENDER,25-01-2024 12:53:37,S07,20240125
S07/20240125/00025,1,P108356,2,189.09,SALE,25-01-2024 08:09:13,S07,20240125
S07/20240125/00025,2,P107807,2,103.95,SALE,25-01-2024 08:09:13,S07,20240125
S07/20240125/00025,3,P100026,3,296.84,SALE,25-01-2024 08:09:13,S07,20240125
S07/20240125/00025,4,P102510,6,31.85,SALE,25-01-2024 08:09:13,S07,20240125
S07/20240125/00025,5,P102236,4,933.52,SALE,25-01-2024 08:09:13,S07,20240125
S07/20240125/00025,6,TAX,1,309.94,TAX,25-01-2024 08:09:13,S07,20240125
S07/20240125/00025,7,TENDER,1,5711.72,TENDER,25-01-2024 08:09:13,S07,20240125
S07/20240125/00026,1,P105198,4,12.65,SALE,25-01-2024 17:17:38,S07,20240125
S07/20240125/00026,2,P102695,2,1254.95,SALE,25-01-2024 17:17:38,S07,20240125
S07/20240125/00026,3,P102023,1,425.67,SALE,25-01-2024 17:17:38,S07,20240125
S07/20240125/00026,4,P105176,2,499.95,SALE,25-01-2024 17:17:38,S07,20240125
S07/20240125/00026,5,P103382,1,187.59,SALE,25-01-2024 17:17:38,S07,20240125
S07/20240125/00026,6,P106015,4,147.48,SALE,25-01-2024 17:17:38,S07,20240125
S07/20240125/00026,7,P103584,4,402.02,SALE,25-01-2024 17:17:38,S07,20240125
S07/20240125/00026,8,DISC,1,-691.93,DISCOUNT,25-01-2024 17:17:38,S07,20240125
S07/20240125/00026,9,TAX,1,809.35,TAX,25-01-2024 17:17:38,S07,20240125
S07/20240125/00026,10,TENDER,1,6489.08,TENDER,25-01-2024 17:17:38,S07,20240125
S07/20240125/00027,1,P103309,5,59.57,SALE,25-01-2024 19:19:30,S07,20240125
S07/20240125/00027,2,P106891,3,642.78,SALE,25-01-2024 19:19:30,S07,20240125
S07/20240125/00027,3,P105201,1,297.81,SALE,25-01-2024 19:19:30,S07,20240125
S07/20240125/00027,4,P107446,3,561.07,SALE,25-01-2024 19:19:30,S07,20240125
S07/20240125/00027,5,P103354,1,782.27,SALE,25-01-2024 19:19:30,S07,20240125
S07/20240125/00027,6,P101184,1,54.95,SALE,25-01-2024 19:19:30,S07,20240125
S07/20240125/00027,7,P107197,4,568.08,SALE,25-01-2024 19:19:30,S07,20240125
S07/20240125/00027,8,DISC,1,-169.44,DISCOUNT,25-01-2024 19:19:30,S07,20240125
S07/20240125/00027,9,TAX,1,825.23,TAX,25-01-2024 19:19:30,S07,20240125
S07/20240125/00027,10,TENDER,1,7972.54,TENDER,25-01-2024 19:19:30,S07,20240125
S07/20240125/00028,1,P102616,1,81.45,SALE,25-01-2024 13:49:24,S07,20240125
S07/20240125/00028,2,P107126,3,75.95,SALE,25-01-2024 13:49:24,S07,20240125
S07/20240125/00028,3,P107520,3,136.95,SALE,25-01-2024 13:49:24,S07,20240125
S07/20240125/00028,4,P101974,5,321.95,SALE,25-01-2024 13:49:24,S07,20240125
S07/20240125/00028,5,TAX,1,352.30,TAX,25-01-2024 13:49:24,S07,20240125
S07/20240125/00028,6,TENDER,1,2682.20,TENDER,25-01-2024 13:49:24,S07,20240125
S07/20240125/00029,1,P103168,1,923.59,SALE,25-01-2024 08:06:06,S07,20240125
S07/20240125/00029,2,DISC,1,-39.15,DISCOUNT,25-01-2024 08:06:06,S07,20240125
S07/20240125/00029,3,TAX,1,106.13,TAX,25-01-2024 08:06:06,S07,20240125
S07/20240125/00029,4,TENDER,1,990.57,TENDER,25-01-2024 08:06:06,S07,20240125
S07/20240125/00030,1,P105950,2,1356.49,SALE,25-01-2024 14:59:08,S07,20240125
S07/20240125/00030,2,P101603,2,887.87,SALE,25-01-2024 14:59:08,S07,20240125
S07/20240125/00030,3,P100883,2,723.68,SALE,25-01-2024 14:59:08,S07,20240125
S07/20240125/00030,4,TAX,1,285.46,TAX,25-01-2024 14:59:08,S07,20240125
S07/20240125/00030,5,TENDER,1,6221.54,TENDER,25-01-2024 14:59:08,S07,20240125
S07/20240125/00031,1,P103090,1,805.95,SALE,25-01-2024 15:42:06,S07,20240125
S07/20240125/00031,2,P101656,3,278.73,SALE,25-01-2024 15:42:06,S07,20240125
S07/20240125/00031,3,P100560,4,192.67,SALE,25-01-2024 15:42:06,S07,20240125
S07/20240125/00031,4,P106288,2,42.41,SALE,25-01-2024 15:42:06,S07,20240125
S07/20240125/00031,5,P103040,2,402.85,SALE,25-01-2024 15:42:06,S07,20240125
S07/20240125/00031,6,TAX,1,382.39,TAX,25-01-2024 15:42:06,S07,20240125
S07/20240125/00031,7,TENDER,1,3685.73,TENDER,25-01-2024 15:42:06,S07,20240125
S07/20240125/00032,1,P108186,1,315.95,SALE,25-01-2024 17:52:06,S07,20240125
S07/20240125/00032,2,P100499,2,234.95,SALE,25-01-2024 17:52:06,S07,20240125
S07/20240125/00032,3,TAX,1,94.30,TAX,25-01-2024 17:52:06,S07,20240125
S07/20240125/00032,4,TENDER,1,880.15,TENDER,25-01-2024 17:52:06,S07,20240125
S07/20240125/00033,1,P100086,5,88.95,SALE,25-01-2024 16:15:48,S07,20240125
S07/20240125/00033,2,P102768,2,152.65,SALE,25-01-2024 16:15:48,S07,20240125
S07/20240125/00033,3,P103701,1,1171.33,SALE,25-01-2024 16:15:48,S07,20240125
S07/20240125/00033,4,P107984,2,340.95,SALE,25-01-2024 16:15:48,S07,20240125
S07/20240125/00033,5,P101062,3,47.97,SALE,25-01-2024 16:15:48,S07,20240125
S07/20240125/00033,6,TAX,1,265.70,TAX,25-01-2024 16:15:48,S07,20240125
S07/20240125/00033,7,TENDER,1,3012.89,TENDER,25-01-2024 16:15:48,S07,20240125
S07/20240125/00034,1,P102045,4,21.31,SALE,25-01-2024 11:13:45,S07,20240125
S07/20240125/00034,2,P106629,2,51.04,SALE,25-01-2024 11:13:45,S07,20240125
S07/20240125/00034,3,TAX,1,33.72,TAX,25-01-2024 11:13:45,S07,20240125
S07/20240125/00034,4,TENDER,1,221.04,TENDER,25-01-2024 11:13:45,S07,20240125
S07/20240125/00035,1,P106506,2,91.95,SALE,25-01-2024 20:41:21,S07,20240125
S07/20240125/00035,2,P101638,2,373.95,SALE,25-01-2024 20:41:21,S07,20240125
S07/20240125/00035,3,P101515,3,53.95,SALE,25-01-2024 20:41:21,S07,20240125
S07/20240125/00035,4,P101592,3,297.81,SALE,25-01-2024 20:41:21,S07,20240125
S07/20240125/00035,5,P101599,1,387.95,SALE,25-01-2024 20:41:21,S07,20240125
S07/20240125/00035,6,TAX,1,353.50,TAX,25-01-2024 20:41:21,S07,20240125
S07/20240125/00035,7,TENDER,1,2728.53,TENDER,25-01-2024 20:41:21,S07,20240125
S07/20240125/00036,1,P102772,4,151.97,SALE,25-01-2024 16:43:19,S07,20240125
S07/20240125/00036,2,P103435,3,421.33,SALE,25-01-2024 16:43:19,S07,20240125
S07/20240125/00036,3,P102480,2,198.67,SALE,25-01-2024 16:43:19,S07,20240125
S07/20240125/00036,4,P106528,3,832.82,SALE,25-01-2024 16:43:19,S07,20240125
S07/20240125/00036,5,P100354,1,182.63,SALE,25-01-2024 16:43:19,S07,20240125
S07/20240125/00036,6,TAX,1,599.51,TAX,25-01-2024 16:43:19,S07,20240125
S07/20240125/00036,7,TENDER,1,5549.81,TENDER,25-01-2024 16:43:19,S07,20240125
S07/20240125/00037,1,P104567,1,141.21,SALE,25-01-2024 12:50:01,S07,20240125
S07/20240125/00037,2,P104328,2,66.17,SALE,25-01-2024 12:50:01,S07,20240125
S07/20240125/00037,3,P106004,2,137.38,SALE,25-01-2024 12:50:01,S07,20240125
S07/20240125/00037,4,TAX,1,37.30,TAX,25-01-2024 12:50:01,S07,20240125
S07/20240125/00037,5,TENDER,1,585.61,TENDER,25-01-2024 12:50:01,S07,20240125
S07/20240126/00001,1,P101037,1,532.57,SALE,26-01-2024 08:30:15,S07,20240126
S07/20240126/00001,2,P105479,2,237.28,SALE,26-01-2024 08:30:15,S07,20240126
S07/20240126/00001,3,P107215,2,145.82,SALE,26-01-2024 08:30:15,S07,20240126
S07/20240126/00001,4,P101515,1,53.95,SALE,26-01-2024 08:30:15,S07,20240126
S07/20240126/00001,5,P104891,2,692.94,SALE,26-01-2024 08:30:15,S07,20240126
S07/20240126/00001,6,TAX,1,354.11,TAX,26-01-2024 08:30:15,S07,20240126
S07/20240126/00001,7,TENDER,1,3092.71,TENDER,26-01-2024 08:30:15,S07,20240126
S07/20240126/00002,1,P107056,-3,341.76,RETURN,26-01-2024 15:49:22,S07,20240126
S07/20240126/00002,2,P104708,-2,22.95,RETURN,26-01-2024 15:49:22,S07,20240126
S07/20240126/00002,3,P104372,-3,105.38,RETURN,26-01-2024 15:49:22,S07,20240126
S07/20240126/00002,4,P101298,-2,190.95,RETURN,26-01-2024 15:49:22,S07,20240126
S07/20240126/00002,5,P103727,-3,116.95,RETURN,26-01-2024 15:49:22,S07,20240126
S07/20240126/00002,6,P104980,-2,69.95,RETURN,26-01-2024 15:49:22,S07,20240126
S07/20240126/00002,7,P100810,-2,200.65,RETURN,26-01-2024 15:49:22,S07,20240126
S07/20240126/00002,8,P106550,-1,27.06,RETURN,26-01-2024 15:49:22,S07,20240126
S07/20240126/00002,9,P101218,-3,59.95,RETURN,26-01-2024 15:49:22,S07,20240126
S07/20240126/00002,10,P101894,-3,662.70,RETURN,26-01-2024 15:49:22,S07,20240126
S07/20240126/00002,11,TAX,1,-599.43,TAX,26-01-2024 15:49:22,S07,20240126
S07/20240126/00002,12,TENDER,1,-5455.71,TENDER,26-01-2024 15:49:22,S07,20240126
S07/20240126/00003,1,P101603,2,887.87,SALE,26-01-2024 21:36:44,S07,20240126
S07/20240126/00003,2,P106344,1,817.92,SALE,26-01-2024 21:36:44,S07,20240126
S07/20240126/00003,3,P104637,1,294.49,SALE,26-01-2024 21:36:44,S07,20240126
S07/20240126/00003,4,P104665,3,217.71,SALE,26-01-2024 21:36:44,S07,20240126
S07/20240126/00003,5,P104950,2,91.01,SALE,26-01-2024 21:36:44,S07,20240126
S07/20240126/00003,6,P103309,3,59.57,SALE,26-01-2024 21:36:44,S07,20240126
S07/20240126/00003,7,DISC,1,-189.43,DISCOUNT,26-01-2024 21:36:44,S07,20240126
S07/20240126/00003,8,TAX,1,350.61,TAX,26-01-2024 21:36:44,S07,20240126
S07/20240126/00003,9,TENDER,1,4063.19,TENDER,26-01-2024 21:36:44,S07,20240126
S07/20240126/00004,1,P106718,1,392.95,SALE,26-01-2024 15:07:18,S07,20240126
S07/20240126/00004,2,P104658,1,73.05,SALE,26-01-2024 15:07:18,S07,20240126
S07/20240126/00004,3,P103249,1,521.24,SALE,26-01-2024 15:07:18,S07,20240126
S07/20240126/00004,4,P105541,1,201.95,SALE,26-01-2024 15:07:18,S07,20240126
S07/20240126/00004,5,P106697,4,342.69,SALE,26-01-2024 15:07:18,S07,20240126
S07/20240126/00004,6,P108082,2,218.64,SALE,26-01-2024 15:07:18,S07,20240126
S07/20240126/00004,7,P101142,2,95.95,SALE,26-01-2024 15:07:18,S07,20240126
S07/20240126/00004,8,TAX,1,403.03,TAX,26-01-2024 15:07:18,S07,20240126
S07/20240126/00004,9,TENDER,1,3592.16,TENDER,26-01-2024 15:07:18,S07,20240126
S07/20240126/00005,1,P102913,3,317.07,SALE,26-01-2024 08:39:39,S07,20240126
S07/20240126/00005,2,P103299,1,220.95,SALE,26-01-2024 08:39:39,S07,20240126
S07/20240126/00005,3,P104236,2,274.58,SALE,26-01-2024 08:39:39,S07,20240126
S07/20240126/00005,4,P103719,2,957.52,SALE,26-01-2024 08:39:39,S07,20240126
S07/20240126/00005,5,P104512,2,94.53,SALE,26-01-2024 08:39:39,S07,20240126
S07/20240126/00005,6,P107502,1,272.03,SALE,26-01-2024 08:39:39,S07,20240126
S07/20240126/00005,7,P107158,2,142.95,SALE,26-01-2024 08:39:39,S07,20240126
S07/20240126/00005,8,TAX,1,592.45,TAX,26-01-2024 08:39:39,S07,20240126
S07/20240126/00005,9,TENDER,1,4975.80,TENDER,26-01-2024 08:39:39,S07,20240126
S07/20240126/00006,1,P101083,1,312.05,SALE,26-01-2024 17:41:43,S07,20240126
S07/20240126/00006,2,P108302,1,855.55,SALE,26-01-2024 17:41:43,S07,20240126
S07/20240126/00006,3,TAX,1,98.95,TAX,26-01-2024 17:41:43,S07,20240126
S07/20240126/00006,4,TENDER,1,1266.55,TENDER,26-01-2024 17:41:43,S07,20240126
S07/20240126/00007,1,P101356,4,1054.95,SALE,26-01-2024 23:52:52,S07,20240126
S07/20240126/00007,2,P106424,2,535.14,SALE,26-01-2024 23:52:52,S07,20240126
S07/20240126/00007,3,P108017,1,103.22,SALE,26-01-2024 23:52:52,S07,20240126
S07/20240126/00007,4,P103022,1,47.95,SALE,26-01-2024 23:52:52,S07,20240126
S07/20240126/00007,5,P106200,3,117.95,SALE,26-01-2024 23:52:52,S07,20240126
S07/20240126/00007,6,P106718,3,392.95,SALE,26-01-2024 23:52:52,S07,20240126
S07/20240126/00007,7,TAX,1,524.91,TAX,26-01-2024 23:52:52,S07,20240126
S07/20240126/00007,8,TENDER,1,7498.86,TENDER,26-01-2024 23:52:52,S07,20240126
S07/20240126/00008,1,P107190,1,223.50,SALE,26-01-2024 16:41:05,S07,20240126
S07/20240126/00008,2,P101543,3,196.46,SALE,26-01-2024 16:41:05,S07,20240126
S07/20240126/00008,3,P105937,1,267.29,SALE,26-01-2024 16:41:05,S07,20240126
S07/20240126/00008,4,TAX,1,194.43,TAX,26-01-2024 16:41:05,S07,20240126
S07/20240126/00008,5,TENDER,1,1274.60,TENDER,26-01-2024 16:41:05,S07,20240126
S07/20240126/00009,1,P100140,4,57.95,SALE,26-01-2024 18:38:33,S07,20240126
S07/20240126/00009,2,P100940,2,171.39,SALE,26-01-2024 18:38:33,S07,20240126
S07/20240126/00009,3,P100233,2,62.93,SALE,26-01-2024 18:38:33,S07,20240126
S07/20240126/00009,4,P106718,2,392.95,SALE,26-01-2024 18:38:33,S07,20240126
S07/20240126/00009,5,TAX,1,251.18,TAX,26-01-2024 18:38:33,S07,20240126
S07/20240126/00009,6,TENDER,1,1737.52,TENDER,26-01-2024 18:38:33,S07,20240126
S07/20240126/00010,1,P102534,2,98.12,SALE,26-01-2024 15:27:58,S07,20240126
S07/20240126/00010,2,P107843,2,440.95,SALE,26-01-2024 15:27:58,S07,20240126
S07/20240126/00010,3,P102510,3,28.95,SALE,26-01-2024 15:27:58,S07,20240126
S07/20240126/00010,4,P107414,1,539.23,SALE,26-01-2024 15:27:58,S07,20240126
S07/20240126/00010,5,TAX,1,231.45,TAX,26-01-2024 15:27:58,S07,20240126
S07/20240126/00010,6,TENDER,1,1935.67,TENDER,26-01-2024 15:27:58,S07,20240126
S07/20240126/00011,1,P104042,3,346.95,SALE,26-01-2024 15:09:45,S07,20240126
S07/20240126/00011,2,P105988,1,29.65,SALE,26-01-2024 15:09:45,S07,20240126
S07/20240126/00011,3,P103054,3,104.95,SALE,26-01-2024 15:09:45,S07,20240126
S07/20240126/00011,4,P102585,2,459.16,SALE,26-01-2024 15:09:45,S07,20240126
S07/20240126/00011,5,P101876,1,71.32,SALE,26-01-2024 15:09:45,S07,20240126
S07/20240126/00011,6,P105997,2,115.85,SALE,26-01-2024 15:09:45,S07,20240126
S07/20240126/00011,7,P100784,4,197.95,SALE,26-01-2024 15:09:45,S07,20240126
S07/20240126/00011,8,P106454,1,118.78,SALE,26-01-2024 15:09:45,S07,20240126
S07/20240126/00011,9,P107208,5,302.95,SALE,26-01-2024 15:09:45,S07,20240126
S07/20240126/00011,10,TAX,1,411.65,TAX,26-01-2024 15:09:45,S07,20240126
S07/20240126/00011,11,TENDER,1,5443.67,TENDER,26-01-2024 15:09:45,S07,20240126
S07/20240126/00012,1,P104389,-1,169.98,RETURN,26-01-2024 16:22:08,S07,20240126
S07/20240126/00012,2,P100483,-1,819.95,RETURN,26-01-2024 16:22:08,S07,20240126
S07/20240126/00012,3,TAX,1,-30.60,TAX,26-01-2024 16:22:08,S07,20240126
S07/20240126/00012,4,TENDER,1,-1020.53,TENDER,26-01-2024 16:22:08,S07,20240126
S07/20240126/00013,1,P103354,3,782.27,SALE,26-01-2024 15:10:37,S07,20240126
S07/20240126/00013,2,P101710,1,307.38,SALE,26-01-2024 15:10:37,S07,20240126
S07/20240126/00013,3,P101884,1,352.98,SALE,26-01-2024 15:10:37,S07,20240126
S07/20240126/00013,4,P103424,1,235.87,SALE,26-01-2024 15:10:37,S07,20240126
S07/20240126/00013,5,P104526,1,332.95,SALE,26-01-2024 15:10:37,S07,20240126
S07/20240126/00013,6,P108174,3,235.92,SALE,26-01-2024 15:10:37,S07,20240126
S07/20240126/00013,7,TAX,1,159.58,TAX,26-01-2024 15:10:37,S07,20240126
S07/20240126/00013,8,TENDER,1,4443.33,TENDER,26-01-2024 15:10:37,S07,20240126
S07/20240126/00014,1,P107508,2,1450.59,SALE,26-01-2024 14:07:38,S07,20240126
S07/20240126/00014,2,P103760,1,94.95,SALE,26-01-2024 14:07:38,S07,20240126
S07/20240126/00014,3,P108097,2,84.95,SALE,26-01-2024 14:07:38,S07,20240126
S07/20240126/00014,4,P105713,2,327.34,SALE,26-01-2024 14:07:38,S07,20240126
S07/20240126/00014,5,TAX,1,418.35,TAX,26-01-2024 14:07:38,S07,20240126
S07/20240126/00014,6,TENDER,1,4239.06,TENDER,26-01-2024 14:07:38,S07,20240126
S07/20240126/00015,1,P105083,1,245.38,SALE,26-01-2024 16:19:11,S07,20240126
S07/20240126/00015,2,P107495,2,368.95,SALE,26-01-2024 16:19:11,S07,20240126
S07/20240126/00015,3,P107393,4,413.95,SALE,26-01-2024 16:19:11,S07,20240126
S07/20240126/00015,4,TAX,1,331.41,TAX,26-01-2024 16:19:11,S07,20240126
S07/20240126/00015,5,TENDER,1,2970.49,TENDER,26-01-2024 16:19:11,S07,20240126
S07/20240126/00016,1,P105331,2,270.95,SALE,26-01-2024 20:49:36,S07,20240126
S07/20240126/00016,2,P108159,3,457.97,SALE,26-01-2024 20:49:36,S07,20240126
S07/20240126/00016,3,P104784,2,370.89,SALE,26-01-2024 20:49:36,S07,20240126
S07/20240126/00016,4,TAX,1,116.11,TAX,26-01-2024 20:49:36,S07,20240126
S07/20240126/00016,5,TENDER,1,2773.70,TENDER,26-01-2024 20:49:36,S07,20240126
S07/20240126/00017,1,P107605,1,1290.76,SALE,26-01-2024 20:20:49,S07,20240126
S07/20240126/00017,2,P100985,1,233.06,SALE,26-01-2024 20:20:49,S07,20240126
S07/20240126/00017,3,P107231,2,1193.22,SALE,26-01-2024 20:20:49,S07,20240126
S07/20240126/00017,4,DISC,1,-117.47,DISCOUNT,26-01-2024 20:20:49,S07,20240126
S07/20240126/00017,5,TAX,1,190.93,TAX,26-01-2024 20:20:49,S07,20240126
S07/20240126/00017,6,TENDER,1,3983.72,TENDER,26-01-2024 20:20:49,S07,20240126
S07/20240126/00018,1,P102296,2,43.24,SALE,26-01-2024 13:26:38,S07,20240126
S07/20240126/00018,2,P107282,1,1189.20,SALE,26-01-2024 13:26:38,S07,20240126
S07/20240126/00018,3,P104372,1,105.38,SALE,26-01-2024 13:26:38,S07,20240126
S07/20240126/00018,4,P107056,2,341.76,SALE,26-01-2024 13:26:38,S07,20240126
S07/20240126/00018,5,P103654,1,424.48,SALE,26-01-2024 13:26:38,S07,20240126
S07/20240126/00018,6,TAX,1,165.09,TAX,26-01-2024 13:26:38,S07,20240126
S07/20240126/00018,7,TENDER,1,2654.15,TENDER,26-01-2024 13:26:38,S07,20240126
S07/20240126/00019,1,P107346,5,449.29,SALE,26-01-2024 12:53:02,S07,20240126
S07/20240126/00019,2,P104089,4,316.95,SALE,26-01-2024 12:53:02,S07,20240126
S07/20240126/00019,3,P104212,2,401.95,SALE,26-01-2024 12:53:02,S07,20240126
S07/20240126/00019,4,P100375,3,163.45,SALE,26-01-2024 12:53:02,S07,20240126
S07/20240126/00019,5,TAX,1,509.75,TAX,26-01-2024 12:53:02,S07,20240126
S07/20240126/00019,6,TENDER,1,5318.25,TENDER,26-01-2024 12:53:02,S07,20240126
S07/20240126/00020,1,P106885,2,126.37,SALE,26-01-2024 14:29:31,S07,20240126
S07/20240126/00020,2,P105603,1,193.95,SALE,26-01-2024 14:29:31,S07,20240126
S07/20240126/00020,3,P107863,3,449.95,SALE,26-01-2024 14:29:31,S07,20240126
S07/20240126/00020,4,P100652,3,43.95,SALE,26-01-2024 14:29:31,S07,20240126
S07/20240126/00020,5,TAX,1,347.11,TAX,26-01-2024 14:29:31,S07,20240126
S07/20240126/00020,6,TENDER,1,2275.50,TENDER,26-01-2024 14:29:31,S07,20240126
S07/20240126/00021,1,P108338,2,218.68,SALE,26-01-2024 09:38:49,S07,20240126
S07/20240126/00021,2,P100560,1,192.67,SALE,26-01-2024 09:38:49,S07,20240126
S07/20240126/00021,3,P101164,1,322.78,SALE,26-01-2024 09:38:49,S07,20240126
S07/20240126/00021,4,TAX,1,159.95,TAX,26-01-2024 09:38:49,S07,20240126
S07/20240126/00021,5,TENDER,1,1112.76,TENDER,26-01-2024 09:38:49,S07,20240126
S07/20240126/00022,1,P102913,-2,317.07,RETURN,26-01-2024 16:13:50,S07,20240126
S07/20240126/00022,2,P108356,-2,189.09,RETURN,26-01-2024 16:13:50,S07,20240126
S07/20240126/00022,3,P104389,-2,169.98,RETURN,26-01-2024 16:13:50,S07,20240126
S07/20240126/00022,4,TAX,1,-182.67,TAX,26-01-2024 16:13:50,S07,20240126
S07/20240126/00022,5,TENDER,1,-1534.95,TENDER,26-01-2024 16:13:50,S07,20240126
S07/20240126/00023,1,P105180,4,103.95,SALE,26-01-2024 16:32:09,S07,20240126
S07/20240126/00023,2,P104512,1,94.53,SALE,26-01-2024 16:32:09,S07,20240126
S07/20240126/00023,3,P100665,1,281.09,SALE,26-01-2024 16:32:09,S07,20240126
S07/20240126/00023,4,P105490,1,149.44,SALE,26-01-2024 16:32:09,S07,20240126
S07/20240126/00023,5,P101393,1,32.95,SALE,26-01-2024 16:32:09,S07,20240126
S07/20240126/00023,6,TAX,1,141.85,TAX,26-01-2024 16:32:09,S07,20240126
S07/20240126/00023,7,TENDER,1,1115.66,TENDER,26-01-2024 16:32:09,S07,20240126
S07/20240126/00024,1,P102549,2,114.02,SALE,26-01-2024 15:31:05,S07,20240126
S07/20240126/00024,2,P107890,3,133.07,SALE,26-01-2024 15:31:05,S07,20240126
S07/20240126/00024,3,P106639,4,415.94,SALE,26-01-2024 15:31:05,S07,20240126
S07/20240126/00024,4,P104401,1,221.49,SALE,26-01-2024 15:31:05,S07,20240126
S07/20240126/00024,5,P105838,2,594.50,SALE,26-01-2024 15:31:05,S07,20240126
S07/20240126/00024,6,TAX,1,257.59,TAX,26-01-2024 15:31:05,S07,20240126
S07/20240126/00024,7,TENDER,1,3959.09,TENDER,26-01-2024 15:31:05,S07,20240126
S07/20240126/00025,1,P105713,2,327.34,SALE,26-01-2024 18:58:38,S07,20240126
S07/20240126/00025,2,P100221,3,140.95,SALE,26-01-2024 18:58:38,S07,20240126
S07/20240126/00025,3,DISC,1,-54.45,DISCOUNT,26-01-2024 18:58:38,S07,20240126
S07/20240126/00025,4,TAX,1,79.26,TAX,26-01-2024 18:58:38,S07,20240126
S07/20240126/00025,5,TENDER,1,1102.34,TENDER,26-01-2024 18:58:38,S07,20240126
S07/20240126/00026,1,P104072,3,650.20,SALE,26-01-2024 15:03:43,S07,20240126
S07/20240126/00026,2,DISC,1,-181.69,DISCOUNT,26-01-2024 15:03:43,S07,20240126
S07/20240126/00026,3,TAX,1,88.45,TAX,26-01-2024 15:03:43,S07,20240126
S07/20240126/00026,4,TENDER,1,1857.36,TENDER,26-01-2024 15:03:43,S07,20240126
S07/20240126/00027,1,P108174,1,235.92,SALE,26-01-2024 20:44:53,S07,20240126
S07/20240126/00027,2,P101248,1,458.95,SALE,26-01-2024 20:44:53,S07,20240126
S07/20240126/00027,3,P101374,1,49.36,SALE,26-01-2024 20:44:53,S07,20240126
S07/20240126/00027,4,P106004,1,137.38,SALE,26-01-2024 20:44:53,S07,20240126
S07/20240126/00027,5,P106592,5,680.95,SALE,26-01-2024 20:44:53,S07,20240126
S07/20240126/00027,6,P102272,1,373.95,SALE,26-01-2024 20:44:53,S07,20240126
S07/20240126/00027,7,TAX,1,325.27,TAX,26-01-2024 20:44:53,S07,20240126
S07/20240126/00027,8,TENDER,1,4985.58,TENDER,26-01-2024 20:44:53,S07,20240126
S07/20240126/00028,1,P106424,1,535.14,SALE,26-01-2024 17:13:03,S07,20240126
S07/20240126/00028,2,P100731,2,268.30,SALE,26-01-2024 17:13:03,S07,20240126
S07/20240126/00028,3,P102060,1,155.69,SALE,26-01-2024 17:13:03,S07,20240126
S07/20240126/00028,4,P103461,1,104.95,SALE,26-01-2024 17:13:03,S07,20240126
S07/20240126/00028,5,TAX,1,135.94,TAX,26-01-2024 17:13:03,S07,20240126
S07/20240126/00028,6,TENDER,1,1468.32,TENDER,26-01-2024 17:13:03,S07,20240126
S07/20240126/00029,1,P106807,2,322.15,SALE,26-01-2024 16:19:33,S07,20240126
S07/20240126/00029,2,P107373,2,86.15,SALE,26-01-2024 16:19:33,S07,20240126
S07/20240126/00029,3,P105980,4,263.95,SALE,26-01-2024 16:19:33,S07,20240126
S07/20240126/00029,4,P104554,1,437.01,SALE,26-01-2024 16:19:33,S07,20240126
S07/20240126/00029,5,P101156,1,91.80,SALE,26-01-2024 16:19:33,S07,20240126
S07/20240126/00029,6,TAX,1,299.70,TAX,26-01-2024 16:19:33,S07,20240126
S07/20240126/00029,7,TENDER,1,2700.91,TENDER,26-01-2024 16:19:33,S07,20240126
S07/20240126/00030,1,P107330,3,115.95,SALE,26-01-2024 12:39:38,S07,20240126
S07/20240126/00030,2,P101142,1,95.95,SALE,26-01-2024 12:39:38,S07,20240126
S07/20240126/00030,3,TAX,1,74.13,TAX,26-01-2024 12:39:38,S07,20240126
S07/20240126/00030,4,TENDER,1,517.93,TENDER,26-01-2024 12:39:38,S07,20240126
S07/20240126/00031,1,P103096,2,277.95,SALE,26-01-2024 14:29:59,S07,20240126
S07/20240126/00031,2,P103552,2,120.81,SALE,26-01-2024 14:29:59,S07,20240126
S07/20240126/00031,3,P100026,1,296.84,SALE,26-01-2024 14:29:59,S07,20240126
S07/20240126/00031,4,TAX,1,114.90,TAX,26-01-2024 14:29:59,S07,20240126
S07/20240126/00031,5,TENDER,1,1209.26,TENDER,26-01-2024 14:29:59,S07,20240126
S07/20240126/00032,1,P104358,2,1189.17,SALE,26-01-2024 13:25:16,S07,20240126
S07/20240126/00032,2,DISC,1,-81.34,DISCOUNT,26-01-2024 13:25:16,S07,20240126
S07/20240126/00032,3,TAX,1,275.64,TAX,26-01-2024 13:25:16,S07,20240126
S07/20240126/00032,4,TENDER,1,2572.64,TENDER,26-01-2024 13:25:16,S07,20240126
S07/20240126/00033,1,P106679,1,172.95,SALE,26-01-2024 08:29:20,S07,20240126
S07/20240126/00033,2,P101389,1,368.82,SALE,26-01-2024 08:29:20,S07,20240126
S07/20240126/00033,3,P105819,3,66.64,SALE,26-01-2024 08:29:20,S07,20240126
S07/20240126/00033,4,P105878,3,268.52,SALE,26-01-2024 08:29:20,S07,20240126
S07/20240126/00033,5,P105280,1,220.35,SALE,26-01-2024 08:29:20,S07,20240126
S07/20240126/00033,6,P104986,2,215.50,SALE,26-01-2024 08:29:20,S07,20240126
S07/20240126/00033,7,TAX,1,231.25,TAX,26-01-2024 08:29:20,S07,20240126
S07/20240126/00033,8,TENDER,1,2429.85,TENDER,26-01-2024 08:29:20,S07,20240126
S07/20240126/00034,1,P102626,1,344.82,SALE,26-01-2024 14:44:38,S07,20240126
S07/20240126/00034,2,P101638,2,373.95,SALE,26-01-2024 14:44:38,S07,20240126
S07/20240126/00034,3,P102263,3,116.79,SALE,26-01-2024 14:44:38,S07,20240126
S07/20240126/00034,4,P100838,1,37.95,SALE,26-01-2024 14:44:38,S07,20240126
S07/20240126/00034,5,P106599,4,224.95,SALE,26-01-2024 14:44:38,S07,20240126
S07/20240126/00034,6,P102674,3,450.95,SALE,26-01-2024 14:44:38,S07,20240126
S07/20240126/00034,7,P101533,2,1020.37,SALE,26-01-2024 14:44:38,S07,20240126
S07/20240126/00034,8,TAX,1,708.46,TAX,26-01-2024 14:44:38,S07,20240126
S07/20240126/00034,9,TENDER,1,6482.89,TENDER,26-01-2024 14:44:38,S07,20240126
S07/20240126/00035,1,P101410,2,805.24,SALE,26-01-2024 13:22:05,S07,20240126
S07/20240126/00035,2,DISC,1,-49.61,DISCOUNT,26-01-2024 13:22:05,S07,20240126
S07/20240126/00035,3,TAX,1,187.30,TAX,26-01-2024 13:22:05,S07,20240126
S07/20240126/00035,4,TENDER,1,1748.17,TENDER,26-01-2024 13:22:05,S07,20240126
S07/20240126/00036,1,P100627,3,415.95,SALE,26-01-2024 15:54:33,S07,20240126
S07/20240126/00036,2,P101428,1,394.08,SALE,26-01-2024 15:54:33,S07,20240126
S07/20240126/00036,3,P108346,1,478.23,SALE,26-01-2024 15:54:33,S07,20240126
S07/20240126/00036,4,P102371,2,58.36,SALE,26-01-2024 15:54:33,S07,20240126
S07/20240126/00036,5,P108008,1,111.10,SALE,26-01-2024 15:54:33,S07,20240126
S07/20240126/00036,6,P107863,1,449.95,SALE,26-01-2024 15:54:33,S07,20240126
S07/20240126/00036,7,P104747,1,336.91,SALE,26-01-2024 15:54:33,S07,20240126
S07/20240126/00036,8,TAX,1,298.66,TAX,26-01-2024 15:54:33,S07,20240126
S07/20240126/00036,9,TENDER,1,3433.50,TENDER,26-01-2024 15:54:33,S07,20240126
S07/20240126/00037,1,P100827,3,1218.17,SALE,26-01-2024 21:26:20,S07,20240126
S07/20240126/00037,2,P100387,2,104.82,SALE,26-01-2024 21:26:20,S07,20240126
S07/20240126/00037,3,P106035,3,89.95,SALE,26-01-2024 21:26:20,S07,20240126
S07/20240126/00037,4,P108090,3,129.95,SALE,26-01-2024 21:26:20,S07,20240126
S07/20240126/00037,5,P100210,5,1071.95,SALE,26-01-2024 21:26:20,S07,20240126
S07/20240126/00037,6,P107753,2,56.95,SALE,26-01-2024 21:26:20,S07,20240126
S07/20240126/00037,7,P104695,3,66.60,SALE,26-01-2024 21:26:20,S07,20240126
S07/20240126/00037,8,TAX,1,731.71,TAX,26-01-2024 21:26:20,S07,20240126
S07/20240126/00037,9,TENDER,1,10929.01,TENDER,26-01-2024 21:26:20,S07,20240126
S07/20240126/00038,1,P100375,2,163.45,SALE,26-01-2024 23:57:24,S07,20240126
S07/20240126/00038,2,TAX,1,16.35,TAX,26-01-2024 23:57:24,S07,20240126
S07/20240126/00038,3,TENDER,1,343.25,TENDER,26-01-2024 23:57:24,S07,20240126
S07/20240126/00039,1,P105507,2,19.95,SALE,26-01-2024 20:08:17,S07,20240126
S07/20240126/00039,2,P104789,2,65.95,SALE,26-01-2024 20:08:17,S07,20240126
S07/20240126/00039,3,P102035,3,493.95,SALE,26-01-2024 20:08:17,S07,20240126
S07/20240126/00039,4,DISC,1,-62.20,DISCOUNT,26-01-2024 20:08:17,S07,20240126
S07/20240126/00039,5,TAX,1,71.31,TAX,26-01-2024 20:08:17,S07,20240126
S07/20240126/00039,6,TENDER,1,1662.76,TENDER,26-01-2024 20:08:17,S07,20240126
S07/20240126/00040,1,P101825,1,168.15,SALE,26-01-2024 14:54:29,S07,20240126
S07/20240126/00040,2,P100985,3,233.06,SALE,26-01-2024 14:54:29,S07,20240126
S07/20240126/00040,3,P108239,3,238.81,SALE,26-01-2024 14:54:29,S07,20240126
S07/20240126/00040,4,P107119,3,15.87,SALE,26-01-2024 14:54:29,S07,20240126
S07/20240126/00040,5,P108060,3,217.09,SALE,26-01-2024 14:54:29,S07,20240126
S07/20240126/00040,6,TAX,1,389.02,TAX,26-01-2024 14:54:29,S07,20240126
S07/20240126/00040,7,TENDER,1,2671.66,TENDER,26-01-2024 14:54:29,S07,20240126
S07/20240126/00041,1,P103178,3,21.49,SALE,26-01-2024 14:29:11,S07,20240126
S07/20240126/00041,2,P107807,5,103.95,SALE,26-01-2024 14:29:11,S07,20240126
S07/20240126/00041,3,P103701,2,1171.33,SALE,26-01-2024 14:29:11,S07,20240126
S07/20240126/00041,4,P102903,2,51.46,SALE,26-01-2024 14:29:11,S07,20240126
S07/20240126/00041,5,TAX,1,173.25,TAX,26-01-2024 14:29:11,S07,20240126
S07/20240126/00041,6,TENDER,1,3203.05,TENDER,26-01-2024 14:29:11,S07,20240126
S07/20240127/00001,1,P104517,1,1474.90,SALE,27-01-2024 18:01:29,S07,20240127
S07/20240127/00001,2,P101796,2,948.95,SALE,27-01-2024 18:01:29,S07,20240127
S07/20240127/00001,3,P100577,1,277.95,SALE,27-01-2024 18:01:29,S07,20240127
S07/20240127/00001,4,P107520,2,136.95,SALE,27-01-2024 18:01:29,S07,20240127
S07/20240127/00001,5,P107226,1,86.90,SALE,27-01-2024 18:01:29,S07,20240127
S07/20240127/00001,6,TAX,1,174.26,TAX,27-01-2024 18:01:29,S07,20240127
S07/20240127/00001,7,TENDER,1,4185.81,TENDER,27-01-2024 18:01:29,S07,20240127
S07/20240127/00002,1,P106550,1,27.06,SALE,27-01-2024 18:59:01,S07,20240127
S07/20240127/00002,2,P106024,2,378.95,SALE,27-01-2024 18:59:01,S07,20240127
S07/20240127/00002,3,P100682,3,325.28,SALE,27-01-2024 18:59:01,S07,20240127
S07/20240127/00002,4,TAX,1,258.39,TAX,27-01-2024 18:59:01,S07,20240127
S07/20240127/00002,5,TENDER,1,2019.19,TENDER,27-01-2024 18:59:01,S07,20240127
S07/20240127/00003,1,P105959,2,479.13,SALE,27-01-2024 18:26:42,S07,20240127
S07/20240127/00003,2,P102432,1,819.74,SALE,27-01-2024 18:26:42,S07,20240127
S07/20240127/00003,3,P102833,3,644.60,SALE,27-01-2024 18:26:42,S07,20240127
S07/20240127/00003,4,P106659,2,88.95,SALE,27-01-2024 18:26:42,S07,20240127
S07/20240127/00003,5,P107966,2,391.71,SALE,27-01-2024 18:26:42,S07,20240127
S07/20240127/00003,6,TAX,1,388.89,TAX,27-01-2024 18:26:42,S07,20240127
S07/20240127/00003,7,TENDER,1,5062.01,TENDER,27-01-2024 18:26:42,S07,20240127
S07/20240127/00004,1,P106793,2,287.78,SALE,27-01-2024 17:21:32,S07,20240127
S07/20240127/00004,2,P100308,1,277.54,SALE,27-01-2024 17:21:32,S07,20240127
S07/20240127/00004,3,P103197,4,292.95,SALE,27-01-2024 17:21:32,S07,20240127
S07/20240127/00004,4,P104872,1,132.95,SALE,27-01-2024 17:21:32,S07,20240127
S07/20240127/00004,5,TAX,1,218.65,TAX,27-01-2024 17:21:32,S07,20240127
S07/20240127/00004,6,TENDER,1,2376.50,TENDER,27-01-2024 17:21:32,S07,20240127
S07/20240127/00005,1,P107686,2,347.22,SALE,27-01-2024 14:53:31,S07,20240127
S07/20240127/00005,2,P100326,2,44.54,SALE,27-01-2024 14:53:31,S07,20240127
S07/20240127/00005,3,P105747,4,226.78,SALE,27-01-2024 14:53:31,S07,20240127
S07/20240127/00005,4,TAX,1,304.32,TAX,27-01-2024 14:53:31,S07,20240127
S07/20240127/00005,5,TENDER,1,1994.96,TENDER,27-01-2024 14:53:31,S07,20240127
S07/20240127/00006,1,P106651,3,855.95,SALE,27-01-2024 11:16:26,S07,20240127
S07/20240127/00006,2,P108001,1,87.00,SALE,27-01-2024 11:16:26,S07,20240127
S07/20240127/00006,3,TAX,1,0.00,TAX,27-01-2024 11:16:26,S07,20240127
S07/20240127/00006,4,TENDER,1,2654.85,TENDER,27-01-2024 11:16:26,S07,20240127
S07/20240127/00007,1,P108258,1,54.39,SALE,27-01-2024 11:03:02,S07,20240127
S07/20240127/00007,2,P100394,3,320.36,SALE,27-01-2024 11:03:02,S07,20240127
S07/20240127/00007,3,P104212,3,381.85,SALE,27-01-2024 11:03:02,S07,20240127
S07/20240127/00007,4,P104784,1,370.89,SALE,27-01-2024 11:03:02,S07,20240127
S07/20240127/00007,5,P102998,2,137.95,SALE,27-01-2024 11:03:02,S07,20240127
S07/20240127/00007,6,P102972,2,212.89,SALE,27-01-2024 11:03:02,S07,20240127
S07/20240127/00007,7,P101648,3,334.22,SALE,27-01-2024 11:03:02,S07,20240127
S07/20240127/00007,8,DISC,1,-122.49,DISCOUNT,27-01-2024 11:03:02,S07,20240127
S07/20240127/00007,9,TAX,1,511.48,TAX,27-01-2024 11:03:02,S07,20240127
S07/20240127/00007,10,TENDER,1,4625.24,TENDER,27-01-2024 11:03:02,S07,20240127
S07/20240127/00008,1,P103178,3,21.49,SALE,27-01-2024 09:33:54,S07,20240127
S07/20240127/00008,2,P107581,1,225.95,SALE,27-01-2024 09:33:54,S07,20240127
S07/20240127/00008,3,P108247,1,242.95,SALE,27-01-2024 09:33:54,S07,20240127
S07/20240127/00008,4,P105433,1,126.03,SALE,27-01-2024 09:33:54,S07,20240127
S07/20240127/00008,5,P105624,2,380.06,SALE,27-01-2024 09:33:54,S07,20240127
S07/20240127/00008,6,DISC,1,-72.32,DISCOUNT,27-01-2024 09:33:54,S07,20240127
S07/20240127/00008,7,TAX,1,135.85,TAX,27-01-2024 09:33:54,S07,20240127
S07/20240127/00008,8,TENDER,1,1483.05,TENDER,27-01-2024 09:33:54,S07,20240127
S07/20240127/00009,1,P107308,1,207.74,SALE,27-01-2024 14:07:21,S07,20240127
S07/20240127/00009,2,P103999,4,100.52,SALE,27-01-2024 14:07:21,S07,20240127
S07/20240127/00009,3,P105541,1,201.95,SALE,27-01-2024 14:07:21,S07,20240127
S07/20240127/00009,4,P100816,2,742.63,SALE,27-01-2024 14:07:21,S07,20240127
S07/20240127/00009,5,P104572,1,179.13,SALE,27-01-2024 14:07:21,S07,20240127
S07/20240127/00009,6,P101332,2,400.98,SALE,27-01-2024 14:07:21,S07,20240127
S07/20240127/00009,7,P100441,1,419.95,SALE,27-01-2024 14:07:21,S07,20240127
S07/20240127/00009,8,DISC,1,-243.98,DISCOUNT,27-01-2024 14:07:21,S07,20240127
S07/20240127/00009,9,TAX,1,444.39,TAX,27-01-2024 14:07:21,S07,20240127
S07/20240127/00009,10,TENDER,1,3898.48,TENDER,27-01-2024 14:07:21,S07,20240127
S07/20240127/00010,1,P105119,2,91.19,SALE,27-01-2024 20:05:16,S07,20240127
S07/20240127/00010,2,P102559,2,86.19,SALE,27-01-2024 20:05:16,S07,20240127
S07/20240127/00010,3,P100609,1,76.13,SALE,27-01-2024 20:05:16,S07,20240127
S07/20240127/00010,4,P104921,4,398.95,SALE,27-01-2024 20:05:16,S07,20240127
S07/20240127/00010,5,P100933,1,257.95,SALE,27-01-2024 20:05:16,S07,20240127
S07/20240127/00010,6,P105468,3,994.58,SALE,27-01-2024 20:05:16,S07,20240127
S07/20240127/00010,7,P105119,-2,91.19,VOID,27-01-2024 20:05:16,S07,20240127
S07/20240127/00010,8,P102559,-2,86.19,VOID,27-01-2024 20:05:16,S07,20240127
S07/20240127/00010,9,P100609,-1,76.13,VOID,27-01-2024 20:05:16,S07,20240127
S07/20240127/00010,10,P104921,-4,398.95,VOID,27-01-2024 20:05:16,S07,20240127
S07/20240127/00010,11,P100933,-1,257.95,VOID,27-01-2024 20:05:16,S07,20240127
S07/20240127/00010,12,P105468,-3,994.58,VOID,27-01-2024 20:05:16,S07,20240127
S07/20240127/00010,13,TAX,1,0.00,TAX,27-01-2024 20:05:16,S07,20240127
S07/20240127/00010,14,TENDER,1,0.00,TENDER,27-01-2024 20:05:16,S07,20240127
S07/20240127/00011,1,P104658,6,73.05,SALE,27-01-2024 14:11:39,S07,20240127
S07/20240127/00011,2,P105980,3,263.95,SALE,27-01-2024 14:11:39,S07,20240127
S07/20240127/00011,3,P105483,2,153.63,SALE,27-01-2024 14:11:39,S07,20240127
S07/20240127/00011,4,P106300,4,387.92,SALE,27-01-2024 14:11:39,S07,20240127
S07/20240127/00011,5,P104236,3,274.58,SALE,27-01-2024 14:11:39,S07,20240127
S07/20240127/00011,6,TAX,1,506.72,TAX,27-01-2024 14:11:39,S07,20240127
S07/20240127/00011,7,TENDER,1,4419.55,TENDER,27-01-2024 14:11:39,S07,20240127
S07/20240127/00012,1,P103525,2,219.41,SALE,27-01-2024 18:53:36,S07,20240127
S07/20240127/00012,2,P101842,1,210.53,SALE,27-01-2024 18:53:36,S07,20240127
S07/20240127/00012,3,P103374,2,34.95,SALE,27-01-2024 18:53:36,S07,20240127
S07/20240127/00012,4,P107381,1,179.61,SALE,27-01-2024 18:53:36,S07,20240127
S07/20240127/00012,5,TAX,1,66.60,TAX,27-01-2024 18:53:36,S07,20240127
S07/20240127/00012,6,TENDER,1,965.46,TENDER,27-01-2024 18:53:36,S07,20240127
S07/20240127/00013,1,P101751,5,460.11,SALE,27-01-2024 14:01:52,S07,20240127
S07/20240127/00013,2,P106807,1,322.15,SALE,27-01-2024 14:01:52,S07,20240127
S07/20240127/00013,3,P107190,3,223.50,SALE,27-01-2024 14:01:52,S07,20240127
S07/20240127/00013,4,P100604,3,154.60,SALE,27-01-2024 14:01:52,S07,20240127
S07/20240127/00013,5,P101152,1,478.44,SALE,27-01-2024 14:01:52,S07,20240127
S07/20240127/00013,6,P103504,1,342.59,SALE,27-01-2024 14:01:52,S07,20240127
S07/20240127/00013,7,P101884,2,352.98,SALE,27-01-2024 14:01:52,S07,20240127
S07/20240127/00013,8,TAX,1,804.72,TAX,27-01-2024 14:01:52,S07,20240127
S07/20240127/00013,9,TENDER,1,6088.71,TENDER,27-01-2024 14:01:52,S07,20240127
S07/20240127/00014,1,P107933,1,1175.95,SALE,27-01-2024 11:21:39,S07,20240127
S07/20240127/00014,2,P106669,1,102.72,SALE,27-01-2024 11:21:39,S07,20240127
S07/20240127/00014,3,P102353,1,141.95,SALE,27-01-2024 11:21:39,S07,20240127
S07/20240127/00014,4,P101258,4,208.34,SALE,27-01-2024 11:21:39,S07,20240127
S07/20240127/00014,5,TAX,1,303.35,TAX,27-01-2024 11:21:39,S07,20240127
S07/20240127/00014,6,TENDER,1,2557.33,TENDER,27-01-2024 11:21:39,S07,20240127
S07/20240127/00015,1,P100627,2,415.95,SALE,27-01-2024 14:45:21,S07,20240127
S07/20240127/00015,2,P107458,1,1239.88,SALE,27-01-2024 14:45:21,S07,20240127
S07/20240127/00015,3,TAX,1,41.60,TAX,27-01-2024 14:45:21,S07,20240127
S07/20240127/00015,4,TENDER,1,2113.38,TENDER,27-01-2024 14:45:21,S07,20240127
S07/20240127/00016,1,P108144,1,257.95,SALE,27-01-2024 22:21:59,S07,20240127
S07/20240127/00016,2,P105003,2,285.67,SALE,27-01-2024 22:21:59,S07,20240127
S07/20240127/00016,3,TAX,1,133.80,TAX,27-01-2024 22:21:59,S07,20240127
S07/20240127/00016,4,TENDER,1,963.09,TENDER,27-01-2024 22:21:59,S07,20240127
S07/20240127/00017,1,P107327,3,1146.95,SALE,27-01-2024 21:39:53,S07,20240127
S07/20240127/00017,2,P102346,1,79.95,SALE,27-01-2024 21:39:53,S07,20240127
S07/20240127/00017,3,P106830,1,103.94,SALE,27-01-2024 21:39:53,S07,20240127
S07/20240127/00017,4,P102383,3,9.95,SALE,27-01-2024 21:39:53,S07,20240127
S07/20240127/00017,5,P101702,3,483.95,SALE,27-01-2024 21:39:53,S07,20240127
S07/20240127/00017,6,P105570,1,345.21,SALE,27-01-2024 21:39:53,S07,20240127
S07/20240127/00017,7,P107795,2,286.95,SALE,27-01-2024 21:39:53,S07,20240127
S07/20240127/00017,8,P103397,2,371.02,SALE,27-01-2024 21:39:53,S07,20240127
S07/20240127/00017,9,P105868,2,70.72,SALE,27-01-2024 21:39:53,S07,20240127
S07/20240127/00017,10,P106501,1,165.98,SALE,27-01-2024 21:39:53,S07,20240127
S07/20240127/00017,11,P103693,2,97.06,SALE,27-01-2024 21:39:53,S07,20240127
S07/20240127/00017,12,P104950,3,91.01,SALE,27-01-2024 21:39:53,S07,20240127
S07/20240127/00017,13,TAX,1,467.23,TAX,27-01-2024 21:39:53,S07,20240127
S07/20240127/00017,14,TENDER,1,8009.39,TENDER,27-01-2024 21:39:53,S07,20240127
S07/20240127/00018,1,P105280,2,220.35,SALE,27-01-2024 14:24:25,S07,20240127
S07/20240127/00018,2,P102922,2,120.11,SALE,27-01-2024 14:24:25,S07,20240127
S07/20240127/00018,3,P103600,2,93.36,SALE,27-01-2024 14:24:25,S07,20240127
S07/20240127/00018,4,P104316,1,406.45,SALE,27-01-2024 14:24:25,S07,20240127
S07/20240127/00018,5,DISC,1,-40.84,DISCOUNT,27-01-2024 14:24:25,S07,20240127
S07/20240127/00018,6,TAX,1,143.03,TAX,27-01-2024 14:24:25,S07,20240127
S07/20240127/00018,7,TENDER,1,1376.28,TENDER,27-01-2024 14:24:25,S07,20240127
S07/20240127/00019,1,P106415,2,911.99,SALE,27-01-2024 20:38:06,S07,20240127
S07/20240127/00019,2,P100135,1,67.67,SALE,27-01-2024 20:38:06,S07,20240127
S07/20240127/00019,3,P105562,3,128.95,SALE,27-01-2024 20:38:06,S07,20240127
S07/20240127/00019,4,TAX,1,268.68,TAX,27-01-2024 20:38:06,S07,20240127
S07/20240127/00019,5,TENDER,1,2547.18,TENDER,27-01-2024 20:38:06,S07,20240127
S07/20240127/00020,1,P103231,3,219.95,SALE,27-01-2024 13:28:55,S07,20240127
S07/20240127/00020,2,P100784,2,197.95,SALE,27-01-2024 13:28:55,S07,20240127
S07/20240127/00020,3,TAX,1,104.25,TAX,27-01-2024 13:28:55,S07,20240127
S07/20240127/00020,4,TENDER,1,1160.00,TENDER,27-01-2024 13:28:55,S07,20240127
S07/20240127/00021,1,P100904,1,68.79,SALE,27-01-2024 18:12:12,S07,20240127
S07/20240127/00021,2,P100057,3,215.95,SALE,27-01-2024 18:12:12,S07,20240127
S07/20240127/00021,3,P104478,5,16.95,SALE,27-01-2024 18:12:12,S07,20240127
S07/20240127/00021,4,TAX,1,105.38,TAX,27-01-2024 18:12:12,S07,20240127
S07/20240127/00021,5,TENDER,1,906.77,TENDER,27-01-2024 18:12:12,S07,20240127
S07/20240127/00022,1,P107126,2,75.95,SALE,27-01-2024 11:03:47,S07,20240127
S07/20240127/00022,2,P105603,1,193.95,SALE,27-01-2024 11:03:47,S07,20240127
S07/20240127/00022,3,P103904,1,1066.24,SALE,27-01-2024 11:03:47,S07,20240127
S07/20240127/00022,4,TAX,1,106.45,TAX,27-01-2024 11:03:47,S07,20240127
S07/20240127/00022,5,TENDER,1,1518.54,TENDER,27-01-2024 11:03:47,S07,20240127
S07/20240127/00023,1,P102445,2,28.95,SALE,27-01-2024 17:38:56,S07,20240127
S07/20240127/00023,2,P102593,1,84.95,SALE,27-01-2024 17:38:56,S07,20240127
S07/20240127/00023,3,P105453,2,393.95,SALE,27-01-2024 17:38:56,S07,20240127
S07/20240127/00023,4,DISC,1,-62.06,DISCOUNT,27-01-2024 17:38:56,S07,20240127
S07/20240127/00023,5,TAX,1,156.36,TAX,27-01-2024 17:38:56,S07,20240127
S07/20240127/00023,6,TENDER,1,1025.05,TENDER,27-01-2024 17:38:56,S07,20240127
S07/20240127/00024,1,P102122,4,126.23,SALE,27-01-2024 17:59:24,S07,20240127
S07/20240127/00024,2,P104202,2,132.95,SALE,27-01-2024 17:59:24,S07,20240127
S07/20240127/00024,3,P101656,3,262.95,SALE,27-01-2024 17:59:24,S07,20240127
S07/20240127/00024,4,P101774,5,1121.41,SALE,27-01-2024 17:59:24,S07,20240127
S07/20240127/00024,5,P102623,1,110.85,SALE,27-01-2024 17:59:24,S07,20240127
S07/20240127/00024,6,P104544,2,93.89,SALE,27-01-2024 17:59:24,S07,20240127
S07/20240127/00024,7,P104032,2,568.95,SALE,27-01-2024 17:59:24,S07,20240127
S07/20240127/00024,8,DISC,1,-943.33,DISCOUNT,27-01-2024 17:59:24,S07,20240127
S07/20240127/00024,9,TAX,1,966.84,TAX,27-01-2024 17:59:24,S07,20240127
S07/20240127/00024,10,TENDER,1,8626.76,TENDER,27-01-2024 17:59:24,S07,20240127
S07/20240127/00025,1,P105835,2,243.66,SALE,27-01-2024 17:55:36,S07,20240127
S07/20240127/00025,2,P105252,2,11.31,SALE,27-01-2024 17:55:36,S07,20240127
S07/20240127/00025,3,P104898,1,161.27,SALE,27-01-2024 17:55:36,S07,20240127
S07/20240127/00025,4,P100438,2,59.25,SALE,27-01-2024 17:55:36,S07,20240127
S07/20240127/00025,5,P104725,2,163.86,SALE,27-01-2024 17:55:36,S07,20240127
S07/20240127/00025,6,TAX,1,101.42,TAX,27-01-2024 17:55:36,S07,20240127
S07/20240127/00025,7,TENDER,1,1218.85,TENDER,27-01-2024 17:55:36,S07,20240127
S07/20240127/00026,1,P104975,2,474.17,SALE,27-01-2024 21:42:50,S07,20240127
S07/20240127/00026,2,P106984,1,26.90,SALE,27-01-2024 21:42:50,S07,20240127
S07/20240127/00026,3,P105003,1,285.67,SALE,27-01-2024 21:42:50,S07,20240127
S07/20240127/00026,4,P107920,2,100.63,SALE,27-01-2024 21:42:50,S07,20240127
S07/20240127/00026,5,P104533,2,256.47,SALE,27-01-2024 21:42:50,S07,20240127
S07/20240127/00026,6,TAX,1,114.64,TAX,27-01-2024 21:42:50,S07,20240127
S07/20240127/00026,7,TENDER,1,2089.75,TENDER,27-01-2024 21:42:50,S07,20240127
S07/20240127/00027,1,P100899,1,131.46,SALE,27-01-2024 17:55:16,S07,20240127
S07/20240127/00027,2,P103249,2,521.24,SALE,27-01-2024 17:55:16,S07,20240127
S07/20240127/00027,3,P102811,1,199.15,SALE,27-01-2024 17:55:16,S07,20240127
S07/20240127/00027,4,P102845,3,80.09,SALE,27-01-2024 17:55:16,S07,20240127
S07/20240127/00027,5,P104827,4,146.13,SALE,27-01-2024 17:55:16,S07,20240127
S07/20240127/00027,6,P104800,3,692.51,SALE,27-01-2024 17:55:16,S07,20240127
S07/20240127/00027,7,P106506,2,91.95,SALE,27-01-2024 17:55:16,S07,20240127
S07/20240127/00027,8,P104844,2,530.87,SALE,27-01-2024 17:55:16,S07,20240127
S07/20240127/00027,9,P107589,1,251.81,SALE,27-01-2024 17:55:16,S07,20240127
S07/20240127/00027,10,TAX,1,454.91,TAX,27-01-2024 17:55:16,S07,20240127
S07/20240127/00027,11,TENDER,1,6227.77,TENDER,27-01-2024 17:55:16,S07,20240127
S07/20240127/00028,1,P103645,1,241.18,SALE,27-01-2024 14:10:58,S07,20240127
S07/20240127/00028,2,P103178,4,21.49,SALE,27-01-2024 14:10:58,S07,20240127
S07/20240127/00028,3,P107933,2,1175.95,SALE,27-01-2024 14:10:58,S07,20240127
S07/20240127/00028,4,TAX,1,297.70,TAX,27-01-2024 14:10:58,S07,20240127
S07/20240127/00028,5,TENDER,1,2976.74,TENDER,27-01-2024 14:10:58,S07,20240127
S07/20240127/00029,1,P102531,2,152.69,SALE,27-01-2024 13:25:28,S07,20240127
S07/20240127/00029,2,P100479,3,342.53,SALE,27-01-2024 13:25:28,S07,20240127
S07/20240127/00029,3,P105603,2,193.95,SALE,27-01-2024 13:25:28,S07,20240127
S07/20240127/00029,4,TAX,1,229.78,TAX,27-01-2024 13:25:28,S07,20240127
S07/20240127/00029,5,TENDER,1,1950.65,TENDER,27-01-2024 13:25:28,S07,20240127
S07/20240127/00030,1,P100453,2,195.74,SALE,27-01-2024 19:47:46,S07,20240127
S07/20240127/00030,2,P105897,1,225.21,SALE,27-01-2024 19:47:46,S07,20240127
S07/20240127/00030,3,P102342,2,99.85,SALE,27-01-2024 19:47:46,S07,20240127
S07/20240127/00030,4,P100879,2,155.98,SALE,27-01-2024 19:47:46,S07,20240127
S07/20240127/00030,5,TAX,1,97.97,TAX,27-01-2024 19:47:46,S07,20240127
S07/20240127/00030,6,TENDER,1,1226.32,TENDER,27-01-2024 19:47:46,S07,20240127
S07/20240127/00031,1,P107623,1,414.95,SALE,27-01-2024 10:30:23,S07,20240127
S07/20240127/00031,2,P106424,1,535.14,SALE,27-01-2024 10:30:23,S07,20240127
S07/20240127/00031,3,P103243,2,195.61,SALE,27-01-2024 10:30:23,S07,20240127
S07/20240127/00031,4,TAX,1,121.01,TAX,27-01-2024 10:30:23,S07,20240127
S07/20240127/00031,5,TENDER,1,1462.32,TENDER,27-01-2024 10:30:23,S07,20240127
S07/20240127/00032,1,P100571,4,117.95,SALE,27-01-2024 23:40:48,S07,20240127
S07/20240127/00032,2,P105651,4,110.95,SALE,27-01-2024 23:40:48,S07,20240127
S07/20240127/00032,3,P107508,2,1450.59,SALE,27-01-2024 23:40:48,S07,20240127
S07/20240127/00032,4,P105901,4,73.95,SALE,27-01-2024 23:40:48,S07,20240127
S07/20240127/00032,5,P102874,3,123.94,SALE,27-01-2024 23:40:48,S07,20240127
S07/20240127/00032,6,TAX,1,567.04,TAX,27-01-2024 23:40:48,S07,20240127
S07/20240127/00032,7,TENDER,1,5051.44,TENDER,27-01-2024 23:40:48,S07,20240127
S07/20240127/00033,1,P104139,1,202.92,SALE,27-01-2024 13:55:44,S07,20240127
S07/20240127/00033,2,P106997,3,39.70,SALE,27-01-2024 13:55:44,S07,20240127
S07/20240127/00033,3,P102248,1,21.80,SALE,27-01-2024 13:55:44,S07,20240127
S07/20240127/00033,4,P101004,2,700.09,SALE,27-01-2024 13:55:44,S07,20240127
S07/20240127/00033,5,TAX,1,182.31,TAX,27-01-2024 13:55:44,S07,20240127
S07/20240127/00033,6,TENDER,1,1926.31,TENDER,27-01-2024 13:55:44,S07,20240127
S07/20240127/00034,1,P101702,1,483.95,SALE,27-01-2024 14:44:13,S07,20240127
S07/20240127/00034,2,P107294,3,83.95,SALE,27-01-2024 14:44:13,S07,20240127
S07/20240127/00034,3,P102129,4,252.76,SALE,27-01-2024 14:44:13,S07,20240127
S07/20240127/00034,4,P106464,1,271.59,SALE,27-01-2024 14:44:13,S07,20240127
S07/20240127/00034,5,TAX,1,182.85,TAX,27-01-2024 14:44:13,S07,20240127
S07/20240127/00034,6,TENDER,1,2201.28,TENDER,27-01-2024 14:44:13,S07,20240127
S07/20240127/00035,1,P106399,5,1107.95,SALE,27-01-2024 21:58:13,S07,20240127
S07/20240127/00035,2,P107914,2,231.95,SALE,27-01-2024 21:58:13,S07,20240127
S07/20240127/00035,3,P106151,1,289.47,SALE,27-01-2024 21:58:13,S07,20240127
S07/20240127/00035,4,TAX,1,783.01,TAX,27-01-2024 21:58:13,S07,20240127
S07/20240127/00035,5,TENDER,1,7076.13,TENDER,27-01-2024 21:58:13,S07,20240127
S07/20240127/00036,1,P101660,3,193.14,SALE,27-01-2024 18:30:31,S07,20240127
S07/20240127/00036,2,P105713,2,327.34,SALE,27-01-2024 18:30:31,S07,20240127
S07/20240127/00036,3,P101570,1,263.95,SALE,27-01-2024 18:30:31,S07,20240127
S07/20240127/00036,4,P105139,5,99.95,SALE,27-01-2024 18:30:31,S07,20240127
S07/20240127/00036,5,P101592,2,280.95,SALE,27-01-2024 18:30:31,S07,20240127
S07/20240127/00036,6,P106244,2,73.94,SALE,27-01-2024 18:30:31,S07,20240127
S07/20240127/00036,7,TAX,1,272.24,TAX,27-01-2024 18:30:31,S07,20240127
S07/20240127/00036,8,TENDER,1,2979.82,TENDER,27-01-2024 18:30:31,S07,20240127
S07/20240127/00037,1,P105356,2,221.75,SALE,27-01-2024 13:08:25,S07,20240127
S07/20240127/00037,2,P104089,1,316.95,SALE,27-01-2024 13:08:25,S07,20240127
S07/20240127/00037,3,TAX,1,79.23,TAX,27-01-2024 13:08:25,S07,20240127
S07/20240127/00037,4,TENDER,1,839.68,TENDER,27-01-2024 13:08:25,S07,20240127
S07/20240127/00038,1,P106550,2,27.06,SALE,27-01-2024 11:29:40,S07,20240127
S07/20240127/00038,2,P107884,2,29.54,SALE,27-01-2024 11:29:40,S07,20240127
S07/20240127/00038,3,P108335,2,153.41,SALE,27-01-2024 11:29:40,S07,20240127
S07/20240127/00038,4,P108275,3,477.08,SALE,27-01-2024 11:29:40,S07,20240127
S07/20240127/00038,5,P104544,2,93.89,SALE,27-01-2024 11:29:40,S07,20240127
S07/20240127/00038,6,TAX,1,287.39,TAX,27-01-2024 11:29:40,S07,20240127
S07/20240127/00038,7,TENDER,1,2326.43,TENDER,27-01-2024 11:29:40,S07,20240127
S07/20240127/00039,1,P101101,2,74.25,SALE,27-01-2024 14:10:17,S07,20240127
S07/20240127/00039,2,P108356,1,189.09,SALE,27-01-2024 14:10:17,S07,20240127
S07/20240127/00039,3,P101037,2,532.57,SALE,27-01-2024 14:10:17,S07,20240127
S07/20240127/00039,4,P105365,3,399.23,SALE,27-01-2024 14:10:17,S07,20240127
S07/20240127/00039,5,P100652,1,43.95,SALE,27-01-2024 14:10:17,S07,20240127
S07/20240127/00039,6,TAX,1,383.87,TAX,27-01-2024 14:10:17,S07,20240127
S07/20240127/00039,7,TENDER,1,3028.24,TENDER,27-01-2024 14:10:17,S07,20240127
S07/20240127/00040,1,P108282,1,360.34,SALE,27-01-2024 17:13:10,S07,20240127
S07/20240127/00040,2,P107266,3,69.30,SALE,27-01-2024 17:13:10,S07,20240127
S07/20240127/00040,3,P105624,2,380.06,SALE,27-01-2024 17:13:10,S07,20240127
S07/20240127/00040,4,TAX,1,66.42,TAX,27-01-2024 17:13:10,S07,20240127
S07/20240127/00040,5,TENDER,1,1394.78,TENDER,27-01-2024 17:13:10,S07,20240127
S07/20240127/00041,1,P108356,3,189.09,SALE,27-01-2024 18:59:43,S07,20240127
S07/20240127/00041,2,P106710,2,93.71,SALE,27-01-2024 18:59:43,S07,20240127
S07/20240127/00041,3,P103214,3,279.95,SALE,27-01-2024 18:59:43,S07,20240127
S07/20240127/00041,4,P100744,1,61.87,SALE,27-01-2024 18:59:43,S07,20240127
S07/20240127/00041,5,P103484,2,109.59,SALE,27-01-2024 18:59:43,S07,20240127
S07/20240127/00041,6,P103757,2,147.98,SALE,27-01-2024 18:59:43,S07,20240127
S07/20240127/00041,7,P104975,3,474.17,SALE,27-01-2024 18:59:43,S07,20240127
S07/20240127/00041,8,P104242,3,275.95,SALE,27-01-2024 18:59:43,S07,20240127
S07/20240127/00041,9,TAX,1,300.49,TAX,27-01-2024 18:59:43,S07,20240127
S07/20240127/00041,10,TENDER,1,4722.40,TENDER,27-01-2024 18:59:43,S07,20240127
S07/20240128/00001,1,P105553,1,739.86,SALE,28-01-2024 18:39:15,S07,20240128
S07/20240128/00001,2,P101923,2,484.95,SALE,28-01-2024 18:39:15,S07,20240128
S07/20240128/00001,3,P104517,1,1474.90,SALE,28-01-2024 18:39:15,S07,20240128
S07/20240128/00001,4,P103197,2,292.95,SALE,28-01-2024 18:39:15,S07,20240128
S07/20240128/00001,5,P106528,3,832.82,SALE,28-01-2024 18:39:15,S07,20240128
S07/20240128/00001,6,P104820,2,207.26,SALE,28-01-2024 18:39:15,S07,20240128
S07/20240128/00001,7,P102636,1,114.77,SALE,28-01-2024 18:39:15,S07,20240128
S07/20240128/00001,8,TAX,1,713.84,TAX,28-01-2024 18:39:15,S07,20240128
S07/20240128/00001,9,TENDER,1,7512.15,TENDER,28-01-2024 18:39:15,S07,20240128
S07/20240128/00002,1,P107362,2,61.09,SALE,28-01-2024 19:08:24,S07,20240128
S07/20240128/00002,2,P103062,3,177.19,SALE,28-01-2024 19:08:24,S07,20240128
S07/20240128/00002,3,P103871,1,186.42,SALE,28-01-2024 19:08:24,S07,20240128
S07/20240128/00002,4,P100767,4,269.95,SALE,28-01-2024 19:08:24,S07,20240128
S07/20240128/00002,5,TAX,1,187.47,TAX,28-01-2024 19:08:24,S07,20240128
S07/20240128/00002,6,TENDER,1,2107.44,TENDER,28-01-2024 19:08:24,S07,20240128
S07/20240128/00003,1,P101925,1,164.95,SALE,28-01-2024 18:57:36,S07,20240128
S07/20240128/00003,2,P100816,5,742.63,SALE,28-01-2024 18:57:36,S07,20240128
S07/20240128/00003,3,DISC,1,-427.93,DISCOUNT,28-01-2024 18:57:36,S07,20240128
S07/20240128/00003,4,TAX,1,422.83,TAX,28-01-2024 18:57:36,S07,20240128
S07/20240128/00003,5,TENDER,1,3873.00,TENDER,28-01-2024 18:57:36,S07,20240128
S07/20240128/00004,1,P104747,1,336.91,SALE,28-01-2024 19:58:12,S07,20240128
S07/20240128/00004,2,P100112,3,91.95,SALE,28-01-2024 19:58:12,S07,20240128
S07/20240128/00004,3,TAX,1,90.08,TAX,28-01-2024 19:58:12,S07,20240128
S07/20240128/00004,4,TENDER,1,702.84,TENDER,28-01-2024 19:58:12,S07,20240128
S07/20240128/00005,1,P101911,1,1431.80,SALE,28-01-2024 15:04:48,S07,20240128
S07/20240128/00005,2,P102122,1,126.23,SALE,28-01-2024 15:04:48,S07,20240128
S07/20240128/00005,3,P102903,2,51.46,SALE,28-01-2024 15:04:48,S07,20240128
S07/20240128/00005,4,P105819,1,66.64,SALE,28-01-2024 15:04:48,S07,20240128
S07/20240128/00005,5,P100469,3,46.95,SALE,28-01-2024 15:04:48,S07,20240128
S07/20240128/00005,6,TAX,1,60.28,TAX,28-01-2024 15:04:48,S07,20240128
S07/20240128/00005,7,TENDER,1,1928.72,TENDER,28-01-2024 15:04:48,S07,20240128
S07/20240128/00006,1,P101004,1,700.09,SALE,28-01-2024 23:30:05,S07,20240128
S07/20240128/00006,2,P106877,1,1012.95,SALE,28-01-2024 23:30:05,S07,20240128
S07/20240128/00006,3,P102886,2,139.95,SALE,28-01-2024 23:30:05,S07,20240128
S07/20240128/00006,4,TAX,1,98.01,TAX,28-01-2024 23:30:05,S07,20240128
S07/20240128/00006,5,TENDER,1,2090.95,TENDER,28-01-2024 23:30:05,S07,20240128
S07/20240128/00007,1,P102248,1,21.80,SALE,28-01-2024 13:44:37,S07,20240128
S07/20240128/00007,2,P101134,2,1001.95,SALE,28-01-2024 13:44:37,S07,20240128
S07/20240128/00007,3,P102849,2,679.64,SALE,28-01-2024 13:44:37,S07,20240128
S07/20240128/00007,4,P101648,4,334.22,SALE,28-01-2024 13:44:37,S07,20240128
S07/20240128/00007,5,TAX,1,229.96,TAX,28-01-2024 13:44:37,S07,20240128
S07/20240128/00007,6,TENDER,1,4951.82,TENDER,28-01-2024 13:44:37,S07,20240128
S07/20240128/00008,1,P102375,3,487.64,SALE,28-01-2024 08:03:18,S07,20240128
S07/20240128/00008,2,P102000,2,79.16,SALE,28-01-2024 08:03:18,S07,20240128
S07/20240128/00008,3,P102801,1,99.95,SALE,28-01-2024 08:03:18,S07,20240128
S07/20240128/00008,4,P105236,1,511.25,SALE,28-01-2024 08:03:18,S07,20240128
S07/20240128/00008,5,P108326,4,439.67,SALE,28-01-2024 08:03:18,S07,20240128
S07/20240128/00008,6,P105083,3,245.38,SALE,28-01-2024 08:03:18,S07,20240128
S07/20240128/00008,7,P100665,1,281.09,SALE,28-01-2024 08:03:18,S07,20240128
S07/20240128/00008,8,P100899,2,131.46,SALE,28-01-2024 08:03:18,S07,20240128
S07/20240128/00008,9,TAX,1,748.44,TAX,28-01-2024 08:03:18,S07,20240128
S07/20240128/00008,10,TENDER,1,6019.71,TENDER,28-01-2024 08:03:18,S07,20240128
S07/20240128/00009,1,P106833,3,397.38,SALE,28-01-2024 13:15:56,S07,20240128
S07/20240128/00009,2,P101292,3,377.27,SALE,28-01-2024 13:15:56,S07,20240128
S07/20240128/00009,3,P104048,1,155.95,SALE,28-01-2024 13:15:56,S07,20240128
S07/20240128/00009,4,P100767,3,269.95,SALE,28-01-2024 13:15:56,S07,20240128
S07/20240128/00009,5,TAX,1,387.07,TAX,28-01-2024 13:15:56,S07,20240128
S07/20240128/00009,6,TENDER,1,3676.82,TENDER,28-01-2024 13:15:56,S07,20240128
S07/20240128/00010,1,P103222,2,317.95,SALE,28-01-2024 14:09:08,S07,20240128
S07/20240128/00010,2,P102598,2,132.95,SALE,28-01-2024 14:09:08,S07,20240128
S07/20240128/00010,3,P104739,1,172.21,SALE,28-01-2024 14:09:08,S07,20240128
S07/20240128/00010,4,P104541,1,144.95,SALE,28-01-2024 14:09:08,S07,20240128
S07/20240128/00010,5,P101489,2,493.95,SALE,28-01-2024 14:09:08,S07,20240128
S07/20240128/00010,6,TAX,1,114.55,TAX,28-01-2024 14:09:08,S07,20240128
S07/20240128/00010,7,TENDER,1,2321.41,TENDER,28-01-2024 14:09:08,S07,20240128
S07/20240128/00011,1,P106115,3,128.36,SALE,28-01-2024 16:10:40,S07,20240128
S07/20240128/00011,2,P105490,4,149.44,SALE,28-01-2024 16:10:40,S07,20240128
S07/20240128/00011,3,P106512,1,418.86,SALE,28-01-2024 16:10:40,S07,20240128
S07/20240128/00011,4,P102296,1,43.24,SALE,28-01-2024 16:10:40,S07,20240128
S07/20240128/00011,5,P106454,1,118.78,SALE,28-01-2024 16:10:40,S07,20240128
S07/20240128/00011,6,P106288,1,42.41,SALE,28-01-2024 16:10:40,S07,20240128
S07/20240128/00011,7,TAX,1,268.15,TAX,28-01-2024 16:10:40,S07,20240128
S07/20240128/00011,8,TENDER,1,1874.28,TENDER,28-01-2024 16:10:40,S07,20240128
S07/20240128/00012,1,P106592,3,680.95,SALE,28-01-2024 19:15:28,S07,20240128
S07/20240128/00012,2,P103484,2,109.59,SALE,28-01-2024 19:15:28,S07,20240128
S07/20240128/00012,3,P104658,2,73.05,SALE,28-01-2024 19:15:28,S07,20240128
S07/20240128/00012,4,P100577,3,277.95,SALE,28-01-2024 19:15:28,S07,20240128
S07/20240128/00012,5,P104242,3,275.95,SALE,28-01-2024 19:15:28,S07,20240128
S07/20240128/00012,6,TAX,1,398.33,TAX,28-01-2024 19:15:28,S07,20240128
S07/20240128/00012,7,TENDER,1,4468.16,TENDER,28-01-2024 19:15:28,S07,20240128
S07/20240128/00013,1,P100438,1,64.40,SALE,28-01-2024 17:29:39,S07,20240128
S07/20240128/00013,2,P107733,1,55.17,SALE,28-01-2024 17:29:39,S07,20240128
S07/20240128/00013,3,P108131,2,611.06,SALE,28-01-2024 17:29:39,S07,20240128
S07/20240128/00013,4,TAX,1,67.08,TAX,28-01-2024 17:29:39,S07,20240128
S07/20240128/00013,5,TENDER,1,1408.77,TENDER,28-01-2024 17:29:39,S07,20240128
S07/20240128/00014,1,P106885,4,126.37,SALE,28-01-2024 15:03:35,S07,20240128
S07/20240128/00014,2,P100555,6,435.03,SALE,28-01-2024 15:03:35,S07,20240128
S07/20240128/00014,3,P105845,2,96.95,SALE,28-01-2024 15:03:35,S07,20240128
S07/20240128/00014,4,P108200,3,336.95,SALE,28-01-2024 15:03:35,S07,20240128
S07/20240128/00014,5,P105698,2,177.90,SALE,28-01-2024 15:03:35,S07,20240128
S07/20240128/00014,6,P107089,3,192.10,SALE,28-01-2024 15:03:35,S07,20240128
S07/20240128/00014,7,P107320,6,223.25,SALE,28-01-2024 15:03:35,S07,20240128
S07/20240128/00014,8,P103719,7,957.52,SALE,28-01-2024 15:03:35,S07,20240128
S07/20240128/00014,9,P103743,1,1117.90,SALE,28-01-2024 15:03:35,S07,20240128
S07/20240128/00014,10,TAX,1,1774.94,TAX,28-01-2024 15:03:35,S07,20240128
S07/20240128/00014,11,TENDER,1,16187.49,TENDER,28-01-2024 15:03:35,S07,20240128
S07/20240128/00015,1,P102857,1,114.95,SALE,28-01-2024 08:55:53,S07,20240128
S07/20240128/00015,2,P103922,2,45.95,SALE,28-01-2024 08:55:53,S07,20240128
S07/20240128/00015,3,P102160,3,221.62,SALE,28-01-2024 08:55:53,S07,20240128
S07/20240128/00015,4,P106310,1,462.03,SALE,28-01-2024 08:55:53,S07,20240128
S07/20240128/00015,5,P105835,2,268.03,SALE,28-01-2024 08:55:53,S07,20240128
S07/20240128/00015,6,TAX,1,226.98,TAX,28-01-2024 08:55:53,S07,20240128
S07/20240128/00015,7,TENDER,1,2096.78,TENDER,28-01-2024 08:55:53,S07,20240128
S07/20240128/00016,1,P107495,2,402.26,SALE,28-01-2024 18:05:02,S07,20240128
S07/20240128/00016,2,P106975,2,136.95,SALE,28-01-2024 18:05:02,S07,20240128
S07/20240128/00016,3,P107231,2,1193.22,SALE,28-01-2024 18:05:02,S07,20240128
S07/20240128/00016,4,P100380,1,136.58,SALE,28-01-2024 18:05:02,S07,20240128
S07/20240128/00016,5,P104526,2,332.95,SALE,28-01-2024 18:05:02,S07,20240128
S07/20240128/00016,6,P107137,4,31.95,SALE,28-01-2024 18:05:02,S07,20240128
S07/20240128/00016,7,P104123,1,340.95,SALE,28-01-2024 18:05:02,S07,20240128
S07/20240128/00016,8,TAX,1,236.44,TAX,28-01-2024 18:05:02,S07,20240128
S07/20240128/00016,9,TENDER,1,4972.53,TENDER,28-01-2024 18:05:02,S07,20240128
S07/20240128/00017,1,P100135,1,67.67,SALE,28-01-2024 19:42:24,S07,20240128
S07/20240128/00017,2,P107630,3,275.41,SALE,28-01-2024 19:42:24,S07,20240128
S07/20240128/00017,3,P100463,2,281.78,SALE,28-01-2024 19:42:24,S07,20240128
S07/20240128/00017,4,P107848,1,267.41,SALE,28-01-2024 19:42:24,S07,20240128
S07/20240128/00017,5,TAX,1,233.10,TAX,28-01-2024 19:42:24,S07,20240128
S07/20240128/00017,6,TENDER,1,1957.97,TENDER,28-01-2024 19:42:24,S07,20240128
S07/20240128/00018,1,P100035,2,1456.57,SALE,28-01-2024 20:49:13,S07,20240128
S07/20240128/00018,2,P104789,2,65.95,SALE,28-01-2024 20:49:13,S07,20240128
S07/20240128/00018,3,P102321,1,27.09,SALE,28-01-2024 20:49:13,S07,20240128
S07/20240128/00018,4,TAX,1,352.83,TAX,28-01-2024 20:49:13,S07,20240128
S07/20240128/00018,5,TENDER,1,3424.96,TENDER,28-01-2024 20:49:13,S07,20240128
S07/20240128/00019,1,P105035,1,158.77,SALE,28-01-2024 10:08:40,S07,20240128
S07/20240128/00019,2,P106353,3,244.95,SALE,28-01-2024 10:08:40,S07,20240128
S07/20240128/00019,3,P105838,2,594.50,SALE,28-01-2024 10:08:40,S07,20240128
S07/20240128/00019,4,P106207,2,459.95,SALE,28-01-2024 10:08:40,S07,20240128
S07/20240128/00019,5,P102531,2,152.69,SALE,28-01-2024 10:08:40,S07,20240128
S07/20240128/00019,6,DISC,1,-106.04,DISCOUNT,28-01-2024 10:08:40,S07,20240128
S07/20240128/00019,7,TAX,1,323.78,TAX,28-01-2024 10:08:40,S07,20240128
S07/20240128/00019,8,TENDER,1,3525.64,TENDER,28-01-2024 10:08:40,S07,20240128
S07/20240128/00020,1,P100339,3,278.86,SALE,28-01-2024 13:08:31,S07,20240128
S07/20240128/00020,2,P100066,3,251.22,SALE,28-01-2024 13:08:31,S07,20240128
S07/20240128/00020,3,DISC,1,-108.27,DISCOUNT,28-01-2024 13:08:31,S07,20240128
S07/20240128/00020,4,TAX,1,266.75,TAX,28-01-2024 13:08:31,S07,20240128
S07/20240128/00020,5,TENDER,1,1748.72,TENDER,28-01-2024 13:08:31,S07,20240128
S07/20240128/00021,1,P101842,2,210.53,SALE,28-01-2024 19:07:04,S07,20240128
S07/20240128/00021,2,P104233,2,1232.09,SALE,28-01-2024 19:07:04,S07,20240128
S07/20240128/00021,3,P105603,2,193.95,SALE,28-01-2024 19:07:04,S07,20240128
S07/20240128/00021,4,P100999,1,153.43,SALE,28-01-2024 19:07:04,S07,20240128
S07/20240128/00021,5,P104469,2,1383.23,SALE,28-01-2024 19:07:04,S07,20240128
S07/20240128/00021,6,P106501,1,165.98,SALE,28-01-2024 19:07:04,S07,20240128
S07/20240128/00021,7,P102931,1,737.59,SALE,28-01-2024 19:07:04,S07,20240128
S07/20240128/00021,8,P104541,2,144.95,SALE,28-01-2024 19:07:04,S07,20240128
S07/20240128/00021,9,TAX,1,627.31,TAX,28-01-2024 19:07:04,S07,20240128
S07/20240128/00021,10,TENDER,1,8013.81,TENDER,28-01-2024 19:07:04,S07,20240128
S07/20240128/00022,1,P100298,3,47.87,SALE,28-01-2024 23:19:36,S07,20240128
S07/20240128/00022,2,P103214,3,279.95,SALE,28-01-2024 23:19:36,S07,20240128
S07/20240128/00022,3,P103299,1,220.95,SALE,28-01-2024 23:19:36,S07,20240128
S07/20240128/00022,4,TAX,1,88.94,TAX,28-01-2024 23:19:36,S07,20240128
S07/20240128/00022,5,TENDER,1,1293.35,TENDER,28-01-2024 23:19:36,S07,20240128
S07/20240128/00023,1,P106563,1,426.95,SALE,28-01-2024 14:43:53,S07,20240128
S07/20240128/00023,2,P101321,1,24.76,SALE,28-01-2024 14:43:53,S07,20240128
S07/20240128/00023,3,TAX,1,55.69,TAX,28-01-2024 14:43:53,S07,20240128
S07/20240128/00023,4,TENDER,1,507.40,TENDER,28-01-2024 14:43:53,S07,20240128
S07/20240128/00024,1,P103986,4,434.95,SALE,28-01-2024 15:46:47,S07,20240128
S07/20240128/00024,2,P103111,2,40.41,SALE,28-01-2024 15:46:47,S07,20240128
S07/20240128/00024,3,P102569,2,119.46,SALE,28-01-2024 15:46:47,S07,20240128
S07/20240128/00024,4,TAX,1,345.88,TAX,28-01-2024 15:46:47,S07,20240128
S07/20240128/00024,5,TENDER,1,2405.42,TENDER,28-01-2024 15:46:47,S07,20240128
S07/20240128/00025,1,P104774,2,81.88,SALE,28-01-2024 17:08:00,S07,20240128
S07/20240128/00025,2,P106317,2,423.01,SALE,28-01-2024 17:08:00,S07,20240128
S07/20240128/00025,3,P107100,1,171.95,SALE,28-01-2024 17:08:00,S07,20240128
S07/20240128/00025,4,P106288,2,42.41,SALE,28-01-2024 17:08:00,S07,20240128
S07/20240128/00025,5,P103294,1,67.95,SALE,28-01-2024 17:08:00,S07,20240128
S07/20240128/00025,6,P104294,1,115.73,SALE,28-01-2024 17:08:00,S07,20240128
S07/20240128/00025,7,P106566,4,210.17,SALE,28-01-2024 17:08:00,S07,20240128
S07/20240128/00025,8,TAX,1,303.19,TAX,28-01-2024 17:08:00,S07,20240128
S07/20240128/00025,9,TENDER,1,2594.10,TENDER,28-01-2024 17:08:00,S07,20240128
S07/20240128/00026,1,P108302,2,855.55,SALE,28-01-2024 16:44:08,S07,20240128
S07/20240128/00026,2,P108338,2,218.68,SALE,28-01-2024 16:44:08,S07,20240128
S07/20240128/00026,3,P103871,3,186.42,SALE,28-01-2024 16:44:08,S07,20240128
S07/20240128/00026,4,P102656,2,176.92,SALE,28-01-2024 16:44:08,S07,20240128
S07/20240128/00026,5,P100879,2,155.98,SALE,28-01-2024 16:44:08,S07,20240128
S07/20240128/00026,6,P103766,2,191.95,SALE,28-01-2024 16:44:08,S07,20240128
S07/20240128/00026,7,TAX,1,229.13,TAX,28-01-2024 16:44:08,S07,20240128
S07/20240128/00026,8,TENDER,1,3986.55,TENDER,28-01-2024 16:44:08,S07,20240128
S07/20240128/00027,1,P100086,3,88.95,SALE,28-01-2024 13:47:38,S07,20240128
S07/20240128/00027,2,P104670,1,106.95,SALE,28-01-2024 13:47:38,S07,20240128
S07/20240128/00027,3,P104032,2,568.95,SALE,28-01-2024 13:47:38,S07,20240128
S07/20240128/00027,4,P103843,2,636.12,SALE,28-01-2024 13:47:38,S07,20240128
S07/20240128/00027,5,P102609,3,162.43,SALE,28-01-2024 13:47:38,S07,20240128
S07/20240128/00027,6,TAX,1,524.89,TAX,28-01-2024 13:47:38,S07,20240128
S07/20240128/00027,7,TENDER,1,3796.12,TENDER,28-01-2024 13:47:38,S07,20240128
S07/20240128/00028,1,P103144,1,145.27,SALE,28-01-2024 15:05:21,S07,20240128
S07/20240128/00028,2,P101955,2,356.95,SALE,28-01-2024 15:05:21,S07,20240128
S07/20240128/00028,3,P103273,2,340.81,SALE,28-01-2024 15:05:21,S07,20240128
S07/20240128/00028,4,DISC,1,-81.89,DISCOUNT,28-01-2024 15:05:21,S07,20240128
S07/20240128/00028,5,TAX,1,206.00,TAX,28-01-2024 15:05:21,S07,20240128
S07/20240128/00028,6,TENDER,1,1664.90,TENDER,28-01-2024 15:05:21,S07,20240128
S07/20240128/00029,1,P103309,1,59.57,SALE,28-01-2024 10:54:40,S07,20240128
S07/20240128/00029,2,P102598,3,132.95,SALE,28-01-2024 10:54:40,S07,20240128
S07/20240128/00029,3,TAX,1,2.98,TAX,28-01-2024 10:54:40,S07,20240128
S07/20240128/00029,4,TENDER,1,461.40,TENDER,28-01-2024 10:54:40,S07,20240128
S07/20240128/00030,1,P107516,2,598.37,SALE,28-01-2024 11:01:31,S07,20240128
S07/20240128/00030,2,P108118,3,66.05,SALE,28-01-2024 11:01:31,S07,20240128
S07/20240128/00030,3,P104320,3,128.95,SALE,28-01-2024 11:01:31,S07,20240128
S07/20240128/00030,4,P107597,1,519.83,SALE,28-01-2024 11:01:31,S07,20240128
S07/20240128/00030,5,TAX,1,251.31,TAX,28-01-2024 11:01:31,S07,20240128
S07/20240128/00030,6,TENDER,1,2552.88,TENDER,28-01-2024 11:01:31,S07,20240128
S07/20240128/00031,1,P106490,1,557.13,SALE,28-01-2024 14:44:48,S07,20240128
S07/20240128/00031,2,P100767,3,269.95,SALE,28-01-2024 14:44:48,S07,20240128
S07/20240128/00031,3,P105230,2,107.33,SALE,28-01-2024 14:44:48,S07,20240128
S07/20240128/00031,4,P105789,1,46.48,SALE,28-01-2024 14:44:48,S07,20240128
S07/20240128/00031,5,P107115,4,173.36,SALE,28-01-2024 14:44:48,S07,20240128
S07/20240128/00031,6,P103262,3,54.76,SALE,28-01-2024 14:44:48,S07,20240128
S07/20240128/00031,7,P104944,1,42.95,SALE,28-01-2024 14:44:48,S07,20240128
S07/20240128/00031,8,P105541,3,201.95,SALE,28-01-2024 14:44:48,S07,20240128
S07/20240128/00031,9,P100210,1,1071.95,SALE,28-01-2024 14:44:48,S07,20240128
S07/20240128/00031,10,TAX,1,419.61,TAX,28-01-2024 14:44:48,S07,20240128
S07/20240128/00031,11,TENDER,1,4626.20,TENDER,28-01-2024 14:44:48,S07,20240128
S07/20240128/00032,1,P100869,2,56.95,SALE,28-01-2024 11:54:03,S07,20240128
S07/20240128/00032,2,P101500,3,352.82,SALE,28-01-2024 11:54:03,S07,20240128
S07/20240128/00032,3,P103012,2,266.62,SALE,28-01-2024 11:54:03,S07,20240128
S07/20240128/00032,4,P101428,2,394.08,SALE,28-01-2024 11:54:03,S07,20240128
S07/20240128/00032,5,TAX,1,219.53,TAX,28-01-2024 11:54:03,S07,20240128
S07/20240128/00032,6,TENDER,1,2713.29,TENDER,28-01-2024 11:54:03,S07,20240128
S07/20240128/00033,1,P103719,2,957.52,SALE,28-01-2024 12:23:04,S07,20240128
S07/20240128/00033,2,P106344,6,817.92,SALE,28-01-2024 12:23:04,S07,20240128
S07/20240128/00033,3,TAX,1,229.80,TAX,28-01-2024 12:23:04,S07,20240128
S07/20240128/00033,4,TENDER,1,7052.36,TENDER,28-01-2024 12:23:04,S07,20240128
S07/20240128/00034,1,P101218,1,59.95,SALE,28-01-2024 13:03:52,S07,20240128
S07/20240128/00034,2,P106080,1,342.95,SALE,28-01-2024 13:03:52,S07,20240128
S07/20240128/00034,3,P103316,2,1749.88,SALE,28-01-2024 13:03:52,S07,20240128
S07/20240128/00034,4,TAX,1,471.92,TAX,28-01-2024 13:03:52,S07,20240128
S07/20240128/00034,5,TENDER,1,4374.58,TENDER,28-01-2024 13:03:52,S07,20240128
S07/20240128/00035,1,P103833,2,1136.81,SALE,28-01-2024 17:48:49,S07,20240128
S07/20240128/00035,2,P104133,1,247.95,SALE,28-01-2024 17:48:49,S07,20240128
S07/20240128/00035,3,P105331,1,270.95,SALE,28-01-2024 17:48:49,S07,20240128
S07/20240128/00035,4,P104718,3,364.54,SALE,28-01-2024 17:48:49,S07,20240128
S07/20240128/00035,5,TAX,1,258.46,TAX,28-01-2024 17:48:49,S07,20240128
S07/20240128/00035,6,TENDER,1,4144.60,TENDER,28-01-2024 17:48:49,S07,20240128
S07/20240128/00036,1,P101410,2,805.24,SALE,28-01-2024 17:34:20,S07,20240128
S07/20240128/00036,2,P102623,2,110.85,SALE,28-01-2024 17:34:20,S07,20240128
S07/20240128/00036,3,TAX,1,219.86,TAX,28-01-2024 17:34:20,S07,20240128
S07/20240128/00036,4,TENDER,1,2052.04,TENDER,28-01-2024 17:34:20,S07,20240128
S07/20240128/00037,1,P107292,5,324.95,SALE,28-01-2024 09:14:44,S07,20240128
S07/20240128/00037,2,P100106,2,287.42,SALE,28-01-2024 09:14:44,S07,20240128
S07/20240128/00037,3,P104160,1,243.35,SALE,28-01-2024 09:14:44,S07,20240128
S07/20240128/00037,4,P107695,2,282.58,SALE,28-01-2024 09:14:44,S07,20240128
S07/20240128/00037,5,P100387,3,104.82,SALE,28-01-2024 09:14:44,S07,20240128
S07/20240128/00037,6,P107115,4,173.36,SALE,28-01-2024 09:14:44,S07,20240128
S07/20240128/00037,7,P102081,2,164.15,SALE,28-01-2024 09:14:44,S07,20240128
S07/20240128/00037,8,P104435,3,407.95,SALE,28-01-2024 09:14:44,S07,20240128
S07/20240128/00037,9,TAX,1,656.52,TAX,28-01-2024 09:14:44,S07,20240128
S07/20240128/00037,10,TENDER,1,6224.67,TENDER,28-01-2024 09:14:44,S07,20240128
S07/20240129/00001,1,P100005,2,103.45,SALE,29-01-2024 08:41:04,S07,20240129
S07/20240129/00001,2,P101864,3,101.95,SALE,29-01-2024 08:41:04,S07,20240129
S07/20240129/00001,3,P104011,1,655.99,SALE,29-01-2024 08:41:04,S07,20240129
S07/20240129/00001,4,P105167,1,771.95,SALE,29-01-2024 08:41:04,S07,20240129
S07/20240129/00001,5,P104427,2,462.16,SALE,29-01-2024 08:41:04,S07,20240129
S07/20240129/00001,6,TAX,1,330.07,TAX,29-01-2024 08:41:04,S07,20240129
S07/20240129/00001,7,TENDER,1,3195.08,TENDER,29-01-2024 08:41:04,S07,20240129
S07/20240129/00002,1,P102874,2,123.94,SALE,29-01-2024 19:22:53,S07,20240129
S07/20240129/00002,2,P104294,2,115.73,SALE,29-01-2024 19:22:53,S07,20240129
S07/20240129/00002,3,P105167,4,771.95,SALE,29-01-2024 19:22:53,S07,20240129
S07/20240129/00002,4,P103864,1,424.35,SALE,29-01-2024 19:22:53,S07,20240129
S07/20240129/00002,5,TAX,1,215.78,TAX,29-01-2024 19:22:53,S07,20240129
S07/20240129/00002,6,TENDER,1,4207.27,TENDER,29-01-2024 19:22:53,S07,20240129
S07/20240129/00003,1,P106975,5,136.95,SALE,29-01-2024 17:38:46,S07,20240129
S07/20240129/00003,2,P103563,1,21.95,SALE,29-01-2024 17:38:46,S07,20240129
S07/20240129/00003,3,P103530,4,427.69,SALE,29-01-2024 17:38:46,S07,20240129
S07/20240129/00003,4,P100658,2,46.95,SALE,29-01-2024 17:38:46,S07,20240129
S07/20240129/00003,5,P103294,1,67.95,SALE,29-01-2024 17:38:46,S07,20240129
S07/20240129/00003,6,P106885,2,126.37,SALE,29-01-2024 17:38:46,S07,20240129
S07/20240129/00003,7,P104625,3,220.95,SALE,29-01-2024 17:38:46,S07,20240129
S07/20240129/00003,8,P104328,2,66.17,SALE,29-01-2024 17:38:46,S07,20240129
S07/20240129/00003,9,TAX,1,490.65,TAX,29-01-2024 17:38:46,S07,20240129
S07/20240129/00003,10,TENDER,1,4117.89,TENDER,29-01-2024 17:38:46,S07,20240129
S07/20240129/00004,1,P105418,3,240.95,SALE,29-01-2024 17:44:18,S07,20240129
S07/20240129/00004,2,P102811,2,199.15,SALE,29-01-2024 17:44:18,S07,20240129
S07/20240129/00004,3,P107733,2,55.17,SALE,29-01-2024 17:44:18,S07,20240129
S07/20240129/00004,4,P102217,2,65.41,SALE,29-01-2024 17:44:18,S07,20240129
S07/20240129/00004,5,P100677,2,227.95,SALE,29-01-2024 17:44:18,S07,20240129
S07/20240129/00004,6,P103542,2,398.89,SALE,29-01-2024 17:44:18,S07,20240129
S07/20240129/00004,7,P104487,2,359.81,SALE,29-01-2024 17:44:18,S07,20240129
S07/20240129/00004,8,TAX,1,419.70,TAX,29-01-2024 17:44:18,S07,20240129
S07/20240129/00004,9,TENDER,1,3755.31,TENDER,29-01-2024 17:44:18,S07,20240129
S07/20240129/00005,1,P108001,1,87.00,SALE,29-01-2024 18:18:38,S07,20240129
S07/20240129/00005,2,P104986,1,215.50,SALE,29-01-2024 18:18:38,S07,20240129
S07/20240129/00005,3,P106415,3,911.99,SALE,29-01-2024 18:18:38,S07,20240129
S07/20240129/00005,4,P103973,3,103.20,SALE,29-01-2024 18:18:38,S07,20240129
S07/20240129/00005,5,P100850,2,166.95,SALE,29-01-2024 18:18:38,S07,20240129
S07/20240129/00005,6,P105929,3,11.18,SALE,29-01-2024 18:18:38,S07,20240129
S07/20240129/00005,7,TAX,1,468.94,TAX,29-01-2024 18:18:38,S07,20240129
S07/20240129/00005,8,TENDER,1,4184.45,TENDER,29-01-2024 18:18:38,S07,20240129
S07/20240129/00006,1,P101968,3,9.95,SALE,29-01-2024 07:34:34,S07,20240129
S07/20240129/00006,2,P105112,3,179.95,SALE,29-01-2024 07:34:34,S07,20240129
S07/20240129/00006,3,TAX,1,32.37,TAX,29-01-2024 07:34:34,S07,20240129
S07/20240129/00006,4,TENDER,1,602.07,TENDER,29-01-2024 07:34:34,S07,20240129
S07/20240129/00007,1,P101603,1,887.87,SALE,29-01-2024 11:58:23,S07,20240129
S07/20240129/00007,2,P104637,1,294.49,SALE,29-01-2024 11:58:23,S07,20240129
S07/20240129/00007,3,P105507,1,19.95,SALE,29-01-2024 11:58:23,S07,20240129
S07/20240129/00007,4,P102280,3,561.95,SALE,29-01-2024 11:58:23,S07,20240129
S07/20240129/00007,5,TAX,1,445.34,TAX,29-01-2024 11:58:23,S07,20240129
S07/20240129/00007,6,TENDER,1,3333.50,TENDER,29-01-2024 11:58:23,S07,20240129
S07/20240129/00008,1,P105747,3,226.78,SALE,29-01-2024 18:18:22,S07,20240129
S07/20240129/00008,2,P101292,1,377.27,SALE,29-01-2024 18:18:22,S07,20240129
S07/20240129/00008,3,P102042,1,540.93,SALE,29-01-2024 18:18:22,S07,20240129
S07/20240129/00008,4,P100571,2,117.95,SALE,29-01-2024 18:18:22,S07,20240129
S07/20240129/00008,5,P103777,1,44.82,SALE,29-01-2024 18:18:22,S07,20240129
S07/20240129/00008,6,P105377,1,262.95,SALE,29-01-2024 18:18:22,S07,20240129
S07/20240129/00008,7,TAX,1,244.63,TAX,29-01-2024 18:18:22,S07,20240129
S07/20240129/00008,8,TENDER,1,2386.84,TENDER,29-01-2024 18:18:22,S07,20240129
S07/20240129/00009,1,P101747,2,245.75,SALE,29-01-2024 17:38:14,S07,20240129
S07/20240129/00009,2,P108302,1,855.55,SALE,29-01-2024 17:38:14,S07,20240129
S07/20240129/00009,3,P106209,2,182.34,SALE,29-01-2024 17:38:14,S07,20240129
S07/20240129/00009,4,P104986,3,215.50,SALE,29-01-2024 17:38:14,S07,20240129
S07/20240129/00009,5,P107508,3,1450.59,SALE,29-01-2024 17:38:14,S07,20240129
S07/20240129/00009,6,TAX,1,749.70,TAX,29-01-2024 17:38:14,S07,20240129
S07/20240129/00009,7,TENDER,1,7459.70,TENDER,29-01-2024 17:38:14,S07,20240129
S07/20240129/00010,1,P101648,2,334.22,SALE,29-01-2024 08:49:43,S07,20240129
S07/20240129/00010,2,P106989,2,24.76,SALE,29-01-2024 08:49:43,S07,20240129
S07/20240129/00010,3,P104048,2,155.95,SALE,29-01-2024 08:49:43,S07,20240129
S07/20240129/00010,4,P106044,2,37.47,SALE,29-01-2024 08:49:43,S07,20240129
S07/20240129/00010,5,P101810,3,757.60,SALE,29-01-2024 08:49:43,S07,20240129
S07/20240129/00010,6,P105139,3,99.95,SALE,29-01-2024 08:49:43,S07,20240129
S07/20240129/00010,7,P105609,1,817.71,SALE,29-01-2024 08:49:43,S07,20240129
S07/20240129/00010,8,DISC,1,-434.39,DISCOUNT,29-01-2024 08:49:43,S07,20240129
S07/20240129/00010,9,TAX,1,363.13,TAX,29-01-2024 08:49:43,S07,20240129
S07/20240129/00010,10,TENDER,1,4423.90,TENDER,29-01-2024 08:49:43,S07,20240129
S07/20240129/00011,1,P105980,1,263.95,SALE,29-01-2024 18:10:48,S07,20240129
S07/20240129/00011,2,P105345,1,295.95,SALE,29-01-2024 18:10:48,S07,20240129
S07/20240129/00011,3,P102324,2,194.59,SALE,29-01-2024 18:10:48,S07,20240129
S07/20240129/00011,4,P104112,2,425.51,SALE,29-01-2024 18:10:48,S07,20240129
S07/20240129/00011,5,TAX,1,168.05,TAX,29-01-2024 18:10:48,S07,20240129
S07/20240129/00011,6,TENDER,1,1968.15,TENDER,29-01-2024 18:10:48,S07,20240129
S07/20240129/00012,1,P105187,3,1057.95,SALE,29-01-2024 14:51:30,S07,20240129
S07/20240129/00012,2,P107346,2,449.29,SALE,29-01-2024 14:51:30,S07,20240129
S07/20240129/00012,3,P101656,1,262.95,SALE,29-01-2024 14:51:30,S07,20240129
S07/20240129/00012,4,P105252,2,11.31,SALE,29-01-2024 14:51:30,S07,20240129
S07/20240129/00012,5,P108008,1,111.10,SALE,29-01-2024 14:51:30,S07,20240129
S07/20240129/00012,6,P106486,2,1348.95,SALE,29-01-2024 14:51:30,S07,20240129
S07/20240129/00012,7,TAX,1,424.30,TAX,29-01-2024 14:51:30,S07,20240129
S07/20240129/00012,8,TENDER,1,7591.30,TENDER,29-01-2024 14:51:30,S07,20240129
S07/20240129/00013,1,P108159,1,457.97,SALE,29-01-2024 10:14:56,S07,20240129
S07/20240129/00013,2,P100005,4,103.45,SALE,29-01-2024 10:14:56,S07,20240129
S07/20240129/00013,3,P103637,2,338.13,SALE,29-01-2024 10:14:56,S07,20240129
S07/20240129/00013,4,P103449,1,373.19,SALE,29-01-2024 10:14:56,S07,20240129
S07/20240129/00013,5,P107178,3,294.44,SALE,29-01-2024 10:14:56,S07,20240129
S07/20240129/00013,6,TAX,1,320.87,TAX,29-01-2024 10:14:56,S07,20240129
S07/20240129/00013,7,TENDER,1,3125.41,TENDER,29-01-2024 10:14:56,S07,20240129
S07/20240129/00014,1,P100640,2,330.95,SALE,29-01-2024 20:01:28,S07,20240129
S07/20240129/00014,2,P102006,1,1424.95,SALE,29-01-2024 20:01:28,S07,20240129
S07/20240129/00014,3,P104042,1,346.95,SALE,29-01-2024 20:01:28,S07,20240129
S07/20240129/00014,4,P101543,1,196.46,SALE,29-01-2024 20:01:28,S07,20240129
S07/20240129/00014,5,P100150,2,280.80,SALE,29-01-2024 20:01:28,S07,20240129
S07/20240129/00014,6,P107208,1,302.95,SALE,29-01-2024 20:01:28,S07,20240129
S07/20240129/00014,7,TAX,1,199.65,TAX,29-01-2024 20:01:28,S07,20240129
S07/20240129/00014,8,TENDER,1,3694.46,TENDER,29-01-2024 20:01:28,S07,20240129
S07/20240129/00015,1,P100221,1,140.95,SALE,29-01-2024 16:47:42,S07,20240129
S07/20240129/00015,2,P102616,1,81.45,SALE,29-01-2024 16:47:42,S07,20240129
S07/20240129/00015,3,P106592,1,680.95,SALE,29-01-2024 16:47:42,S07,20240129
S07/20240129/00015,4,P105050,2,103.36,SALE,29-01-2024 16:47:42,S07,20240129
S07/20240129/00015,5,TAX,1,75.96,TAX,29-01-2024 16:47:42,S07,20240129
S07/20240129/00015,6,TENDER,1,1186.03,TENDER,29-01-2024 16:47:42,S07,20240129
S07/20240129/00016,1,P102404,2,338.70,SALE,29-01-2024 19:27:27,S07,20240129
S07/20240129/00016,2,P101779,3,197.95,SALE,29-01-2024 19:27:27,S07,20240129
S07/20240129/00016,3,P103538,2,246.95,SALE,29-01-2024 19:27:27,S07,20240129
S07/20240129/00016,4,P103749,4,13.83,SALE,29-01-2024 19:27:27,S07,20240129
S07/20240129/00016,5,P104011,3,655.99,SALE,29-01-2024 19:27:27,S07,20240129
S07/20240129/00016,6,TAX,1,162.74,TAX,29-01-2024 19:27:27,S07,20240129
S07/20240129/00016,7,TENDER,1,3951.18,TENDER,29-01-2024 19:27:27,S07,20240129
S07/20240129/00017,1,P107708,1,163.95,SALE,29-01-2024 13:29:21,S07,20240129
S07/20240129/00017,2,P104842,4,357.87,SALE,29-01-2024 13:29:21,S07,20240129
S07/20240129/00017,3,P107053,2,524.95,SALE,29-01-2024 13:29:21,S07,20240129
S07/20240129/00017,4,P100609,3,76.13,SALE,29-01-2024 13:29:21,S07,20240129
S07/20240129/00017,5,P107477,2,116.95,SALE,29-01-2024 13:29:21,S07,20240129
S07/20240129/00017,6,P107826,3,161.95,SALE,29-01-2024 13:29:21,S07,20240129
S07/20240129/00017,7,P101940,3,185.49,SALE,29-01-2024 13:29:21,S07,20240129
S07/20240129/00017,8,P101393,1,32.95,SALE,29-01-2024 13:29:21,S07,20240129
S07/20240129/00017,9,P107126,2,75.95,SALE,29-01-2024 13:29:21,S07,20240129
S07/20240129/00017,10,TAX,1,437.48,TAX,29-01-2024 13:29:21,S07,20240129
S07/20240129/00017,11,TENDER,1,4772.27,TENDER,29-01-2024 13:29:21,S07,20240129
S07/20240129/00018,1,P105765,1,439.90,SALE,29-01-2024 17:37:13,S07,20240129
S07/20240129/00018,2,P105636,2,526.95,SALE,29-01-2024 17:37:13,S07,20240129
S07/20240129/00018,3,P104212,2,401.95,SALE,29-01-2024 17:37:13,S07,20240129
S07/20240129/00018,4,P100604,2,154.60,SALE,29-01-2024 17:37:13,S07,20240129
S07/20240129/00018,5,TAX,1,223.88,TAX,29-01-2024 17:37:13,S07,20240129
S07/20240129/00018,6,TENDER,1,2830.78,TENDER,29-01-2024 17:37:13,S07,20240129
S07/20240129/00019,1,P104725,1,163.86,SALE,29-01-2024 18:22:30,S07,20240129
S07/20240129/00019,2,P104820,1,207.26,SALE,29-01-2024 18:22:30,S07,20240129
S07/20240129/00019,3,TAX,1,66.80,TAX,29-01-2024 18:22:30,S07,20240129
S07/20240129/00019,4,TENDER,1,437.92,TENDER,29-01-2024 18:22:30,S07,20240129
S07/20240129/00020,1,P104334,1,258.22,SALE,29-01-2024 19:38:43,S07,20240129
S07/20240129/00020,2,P107695,1,282.58,SALE,29-01-2024 19:38:43,S07,20240129
S07/20240129/00020,3,P107920,3,100.63,SALE,29-01-2024 19:38:43,S07,20240129
S07/20240129/00020,4,P104501,1,449.67,SALE,29-01-2024 19:38:43,S07,20240129
S07/20240129/00020,5,TAX,1,118.12,TAX,29-01-2024 19:38:43,S07,20240129
S07/20240129/00020,6,TENDER,1,1410.48,TENDER,29-01-2024 19:38:43,S07,20240129
S07/20240129/00021,1,P106629,3,51.04,SALE,29-01-2024 11:25:34,S07,20240129
S07/20240129/00021,2,P101564,3,154.29,SALE,29-01-2024 11:25:34,S07,20240129
S07/20240129/00021,3,TAX,1,110.88,TAX,29-01-2024 11:25:34,S07,20240129
S07/20240129/00021,4,TENDER,1,726.87,TENDER,29-01-2024 11:25:34,S07,20240129
S07/20240129/00022,1,P100074,2,57.78,SALE,29-01-2024 15:16:50,S07,20240129
S07/20240129/00022,2,P108046,3,95.35,SALE,29-01-2024 15:16:50,S07,20240129
S07/20240129/00022,3,P105757,2,243.43,SALE,29-01-2024 15:16:50,S07,20240129
S07/20240129/00022,4,P100339,3,278.86,SALE,29-01-2024 15:16:50,S07,20240129
S07/20240129/00022,5,P104544,1,93.89,SALE,29-01-2024 15:16:50,S07,20240129
S07/20240129/00022,6,P103861,2,52.95,SALE,29-01-2024 15:16:50,S07,20240129
S07/20240129/00022,7,P103449,3,373.19,SALE,29-01-2024 15:16:50,S07,20240129
S07/20240129/00022,8,P101489,1,493.95,SALE,29-01-2024 15:16:50,S07,20240129
S07/20240129/00022,9,P101218,2,59.95,SALE,29-01-2024 15:16:50,S07,20240129
S07/20240129/00022,10,TAX,1,319.74,TAX,29-01-2024 15:16:50,S07,20240129
S07/20240129/00022,11,TENDER,1,3978.00,TENDER,29-01-2024 15:16:50,S07,20240129
S07/20240129/00023,1,P103354,3,782.27,SALE,29-01-2024 20:27:15,S07,20240129
S07/20240129/00023,2,P104121,3,130.95,SALE,29-01-2024 20:27:15,S07,20240129
S07/20240129/00023,3,P105923,3,242.95,SALE,29-01-2024 20:27:15,S07,20240129
S07/20240129/00023,4,P103035,1,1076.61,SALE,29-01-2024 20:27:15,S07,20240129
S07/20240129/00023,5,P103129,3,79.05,SALE,29-01-2024 20:27:15,S07,20240129
S07/20240129/00023,6,P106907,1,294.95,SALE,29-01-2024 20:27:15,S07,20240129
S07/20240129/00023,7,P100057,2,215.95,SALE,29-01-2024 20:27:15,S07,20240129
S07/20240129/00023,8,P100330,3,188.77,SALE,29-01-2024 20:27:15,S07,20240129
S07/20240129/00023,9,TAX,1,283.82,TAX,29-01-2024 20:27:15,S07,20240129
S07/20240129/00023,10,TENDER,1,6359.25,TENDER,29-01-2024 20:27:15,S07,20240129
S07/20240129/00024,1,P107435,3,549.51,SALE,29-01-2024 19:03:30,S07,20240129
S07/20240129/00024,2,TAX,1,296.74,TAX,29-01-2024 19:03:30,S07,20240129
S07/20240129/00024,3,TENDER,1,1945.27,TENDER,29-01-2024 19:03:30,S07,20240129
S07/20240129/00025,1,P107784,3,245.59,SALE,29-01-2024 15:48:20,S07,20240129
S07/20240129/00025,2,P107028,1,53.95,SALE,29-01-2024 15:48:20,S07,20240129
S07/20240129/00025,3,P102892,1,220.95,SALE,29-01-2024 15:48:20,S07,20240129
S07/20240129/00025,4,P102296,2,43.24,SALE,29-01-2024 15:48:20,S07,20240129
S07/20240129/00025,5,P107807,3,103.95,SALE,29-01-2024 15:48:20,S07,20240129
S07/20240129/00025,6,TAX,1,169.05,TAX,29-01-2024 15:48:20,S07,20240129
S07/20240129/00025,7,TENDER,1,1579.05,TENDER,29-01-2024 15:48:20,S07,20240129
S07/20240129/00026,1,P107575,3,65.95,SALE,29-01-2024 16:48:06,S07,20240129
S07/20240129/00026,2,P103348,4,369.50,SALE,29-01-2024 16:48:06,S07,20240129
S07/20240129/00026,3,P101076,2,606.89,SALE,29-01-2024 16:48:06,S07,20240129
S07/20240129/00026,4,P105860,1,141.88,SALE,29-01-2024 16:48:06,S07,20240129
S07/20240129/00026,5,P102445,1,28.95,SALE,29-01-2024 16:48:06,S07,20240129
S07/20240129/00026,6,P103299,1,220.95,SALE,29-01-2024 16:48:06,S07,20240129
S07/20240129/00026,7,TAX,1,179.57,TAX,29-01-2024 16:48:06,S07,20240129
S07/20240129/00026,8,TENDER,1,3460.98,TENDER,29-01-2024 16:48:06,S07,20240129
S07/20240129/00027,1,P107040,1,474.18,SALE,29-01-2024 19:20:07,S07,20240129
S07/20240129/00027,2,P104320,2,128.95,SALE,29-01-2024 19:20:07,S07,20240129
S07/20240129/00027,3,P100298,2,47.87,SALE,29-01-2024 19:20:07,S07,20240129
S07/20240129/00027,4,P100007,3,129.42,SALE,29-01-2024 19:20:07,S07,20240129
S07/20240129/00027,5,P101465,1,498.53,SALE,29-01-2024 19:20:07,S07,20240129
S07/20240129/00027,6,P106599,1,224.95,SALE,29-01-2024 19:20:07,S07,20240129
S07/20240129/00027,7,TAX,1,199.37,TAX,29-01-2024 19:20:07,S07,20240129
S07/20240129/00027,8,TENDER,1,2138.93,TENDER,29-01-2024 19:20:07,S07,20240129
S07/20240129/00028,1,P103693,5,97.06,SALE,29-01-2024 21:48:13,S07,20240129
S07/20240129/00028,2,P107158,1,142.95,SALE,29-01-2024 21:48:13,S07,20240129
S07/20240129/00028,3,P101410,3,805.24,SALE,29-01-2024 21:48:13,S07,20240129
S07/20240129/00028,4,P105845,2,96.95,SALE,29-01-2024 21:48:13,S07,20240129
S07/20240129/00028,5,P107292,3,324.95,SALE,29-01-2024 21:48:13,S07,20240129
S07/20240129/00028,6,TAX,1,467.50,TAX,29-01-2024 21:48:13,S07,20240129
S07/20240129/00028,7,TENDER,1,4680.22,TENDER,29-01-2024 21:48:13,S07,20240129
S07/20240130/00001,1,P106872,2,73.31,SALE,30-01-2024 16:26:16,S07,20240130
S07/20240130/00001,2,P102432,3,819.74,SALE,30-01-2024 16:26:16,S07,20240130
S07/20240130/00001,3,P106751,2,125.89,SALE,30-01-2024 16:26:16,S07,20240130
S07/20240130/00001,4,P104334,1,258.22,SALE,30-01-2024 16:26:16,S07,20240130
S07/20240130/00001,5,P102207,1,348.89,SALE,30-01-2024 16:26:16,S07,20240130
S07/20240130/00001,6,TAX,1,388.86,TAX,30-01-2024 16:26:16,S07,20240130
S07/20240130/00001,7,TENDER,1,3853.59,TENDER,30-01-2024 16:26:16,S07,20240130
S07/20240130/00002,1,P106553,-3,125.08,RETURN,30-01-2024 19:14:36,S07,20240130
S07/20240130/00002,2,P102581,-4,189.36,RETURN,30-01-2024 19:14:36,S07,20240130
S07/20240130/00002,3,P105643,-4,1294.23,RETURN,30-01-2024 19:14:36,S07,20240130
S07/20240130/00002,4,P108125,-3,129.06,RETURN,30-01-2024 19:14:36,S07,20240130
S07/20240130/00002,5,P104637,-1,294.49,RETURN,30-01-2024 19:14:36,S07,20240130
S07/20240130/00002,6,P101774,-5,1121.41,RETURN,30-01-2024 19:14:36,S07,20240130
S07/20240130/00002,7,P100652,-2,43.95,RETURN,30-01-2024 19:14:36,S07,20240130
S07/20240130/00002,8,P106984,-2,26.90,RETURN,30-01-2024 19:14:36,S07,20240130
S07/20240130/00002,9,TAX,1,-832.11,TAX,30-01-2024 19:14:36,S07,20240130
S07/20240130/00002,10,TENDER,1,-13572.13,TENDER,30-01-2024 19:14:36,S07,20240130
S07/20240130/00003,1,P104023,2,553.55,SALE,30-01-2024 11:40:18,S07,20240130
S07/20240130/00003,2,P106934,2,1554.16,SALE,30-01-2024 11:40:18,S07,20240130
S07/20240130/00003,3,P100007,3,129.42,SALE,30-01-2024 11:40:18,S07,20240130
S07/20240130/00003,4,P100421,2,129.94,SALE,30-01-2024 11:40:18,S07,20240130
S07/20240130/00003,5,P106865,2,299.72,SALE,30-01-2024 11:40:18,S07,20240130
S07/20240130/00003,6,P107589,2,251.81,SALE,30-01-2024 11:40:18,S07,20240130
S07/20240130/00003,7,P107488,4,303.21,SALE,30-01-2024 11:40:18,S07,20240130
S07/20240130/00003,8,DISC,1,-717.88,DISCOUNT,30-01-2024 11:40:18,S07,20240130
S07/20240130/00003,9,TAX,1,487.90,TAX,30-01-2024 11:40:18,S07,20240130
S07/20240130/00003,10,TENDER,1,6949.48,TENDER,30-01-2024 11:40:18,S07,20240130
S07/20240130/00004,1,P101923,1,484.95,SALE,30-01-2024 21:47:20,S07,20240130
S07/20240130/00004,2,P105365,2,399.23,SALE,30-01-2024 21:47:20,S07,20240130
S07/20240130/00004,3,P102112,2,389.72,SALE,30-01-2024 21:47:20,S07,20240130
S07/20240130/00004,4,P106877,3,1012.95,SALE,30-01-2024 21:47:20,S07,20240130
S07/20240130/00004,5,P107215,2,145.82,SALE,30-01-2024 21:47:20,S07,20240130
S07/20240130/00004,6,P100394,3,320.36,SALE,30-01-2024 21:47:20,S07,20240130
S07/20240130/00004,7,TAX,1,426.97,TAX,30-01-2024 21:47:20,S07,20240130
S07/20240130/00004,8,TENDER,1,6781.39,TENDER,30-01-2024 21:47:20,S07,20240130
S07/20240130/00005,1,P103811,1,801.95,SALE,30-01-2024 15:08:28,S07,20240130
S07/20240130/00005,2,P101592,3,280.95,SALE,30-01-2024 15:08:28,S07,20240130
S07/20240130/00005,3,P100519,1,365.61,SALE,30-01-2024 15:08:28,S07,20240130
S07/20240130/00005,4,P100924,4,46.14,SALE,30-01-2024 15:08:28,S07,20240130
S07/20240130/00005,5,P101279,2,217.77,SALE,30-01-2024 15:08:28,S07,20240130
S07/20240130/00005,6,P101213,3,232.84,SALE,30-01-2024 15:08:28,S07,20240130
S07/20240130/00005,7,P106454,3,118.78,SALE,30-01-2024 15:08:28,S07,20240130
S07/20240130/00005,8,DISC,1,-155.04,DISCOUNT,30-01-2024 15:08:28,S07,20240130
S07/20240130/00005,9,TAX,1,356.69,TAX,30-01-2024 15:08:28,S07,20240130
S07/20240130/00005,10,TENDER,1,3887.02,TENDER,30-01-2024 15:08:28,S07,20240130
S07/20240130/00006,1,P107026,1,65.23,SALE,30-01-2024 12:39:14,S07,20240130
S07/20240130/00006,2,P106948,4,160.95,SALE,30-01-2024 12:39:14,S07,20240130
S07/20240130/00006,3,P100717,2,505.95,SALE,30-01-2024 12:39:14,S07,20240130
S07/20240130/00006,4,P106927,1,140.95,SALE,30-01-2024 12:39:14,S07,20240130
S07/20240130/00006,5,TAX,1,233.12,TAX,30-01-2024 12:39:14,S07,20240130
S07/20240130/00006,6,TENDER,1,2095.00,TENDER,30-01-2024 12:39:14,S07,20240130
S07/20240130/00007,1,P105882,1,221.21,SALE,30-01-2024 10:36:45,S07,20240130
S07/20240130/00007,2,P104733,1,627.95,SALE,30-01-2024 10:36:45,S07,20240130
S07/20240130/00007,3,P105765,1,439.90,SALE,30-01-2024 10:36:45,S07,20240130
S07/20240130/00007,4,P102735,1,535.82,SALE,30-01-2024 10:36:45,S07,20240130
S07/20240130/00007,5,TAX,1,328.48,TAX,30-01-2024 10:36:45,S07,20240130
S07/20240130/00007,6,TENDER,1,2153.36,TENDER,30-01-2024 10:36:45,S07,20240130
S07/20240130/00008,1,P106234,4,69.95,SALE,30-01-2024 15:40:10,S07,20240130
S07/20240130/00008,2,P103563,1,21.95,SALE,30-01-2024 15:40:10,S07,20240130
S07/20240130/00008,3,P101766,1,189.95,SALE,30-01-2024 15:40:10,S07,20240130
S07/20240130/00008,4,P104579,1,67.48,SALE,30-01-2024 15:40:10,S07,20240130
S07/20240130/00008,5,TAX,1,60.32,TAX,30-01-2024 15:40:10,S07,20240130
S07/20240130/00008,6,TENDER,1,619.50,TENDER,30-01-2024 15:40:10,S07,20240130
S07/20240130/00009,1,P106907,2,294.95,SALE,30-01-2024 17:58:41,S07,20240130
S07/20240130/00009,2,P100686,1,787.42,SALE,30-01-2024 17:58:41,S07,20240130
S07/20240130/00009,3,P100418,1,204.95,SALE,30-01-2024 17:58:41,S07,20240130
S07/20240130/00009,4,P100677,2,227.95,SALE,30-01-2024 17:58:41,S07,20240130
S07/20240130/00009,5,P105747,1,226.78,SALE,30-01-2024 17:58:41,S07,20240130
S07/20240130/00009,6,P101190,5,84.60,SALE,30-01-2024 17:58:41,S07,20240130
S07/20240130/00009,7,P103504,4,342.59,SALE,30-01-2024 17:58:41,S07,20240130
S07/20240130/00009,8,TAX,1,363.47,TAX,30-01-2024 17:58:41,S07,20240130
S07/20240130/00009,9,TENDER,1,4421.78,TENDER,30-01-2024 17:58:41,S07,20240130
S07/20240130/00010,1,P101925,1,164.95,SALE,30-01-2024 17:26:45,S07,20240130
S07/20240130/00010,2,P100406,2,342.13,SALE,30-01-2024 17:26:45,S07,20240130
S07/20240130/00010,3,P104986,1,215.50,SALE,30-01-2024 17:26:45,S07,20240130
S07/20240130/00010,4,TAX,1,102.69,TAX,30-01-2024 17:26:45,S07,20240130
S07/20240130/00010,5,TENDER,1,1167.40,TENDER,30-01-2024 17:26:45,S07,20240130
S07/20240130/00011,1,P104139,4,202.92,SALE,30-01-2024 21:36:04,S07,20240130
S07/20240130/00011,2,P107933,2,1175.95,SALE,30-01-2024 21:36:04,S07,20240130
S07/20240130/00011,3,P104469,4,1383.23,SALE,30-01-2024 21:36:04,S07,20240130
S07/20240130/00011,4,DISC,1,-996.10,DISCOUNT,30-01-2024 21:36:04,S07,20240130
S07/20240130/00011,5,TAX,1,837.80,TAX,30-01-2024 21:36:04,S07,20240130
S07/20240130/00011,6,TENDER,1,8538.20,TENDER,30-01-2024 21:36:04,S07,20240130
S07/20240130/00012,1,P106084,1,592.14,SALE,30-01-2024 11:47:54,S07,20240130
S07/20240130/00012,2,P102280,2,561.95,SALE,30-01-2024 11:47:54,S07,20240130
S07/20240130/00012,3,P105971,3,1110.95,SALE,30-01-2024 11:47:54,S07,20240130
S07/20240130/00012,4,P104308,1,53.87,SALE,30-01-2024 11:47:54,S07,20240130
S07/20240130/00012,5,P101599,1,387.95,SALE,30-01-2024 11:47:54,S07,20240130
S07/20240130/00012,6,P100463,3,281.78,SALE,30-01-2024 11:47:54,S07,20240130
S07/20240130/00012,7,P101851,4,1750.29,SALE,30-01-2024 11:47:54,S07,20240130
S07/20240130/00012,8,TAX,1,579.52,TAX,30-01-2024 11:47:54,S07,20240130
S07/20240130/00012,9,TENDER,1,13916.73,TENDER,30-01-2024 11:47:54,S07,20240130
S07/20240130/00013,1,P104194,1,119.04,SALE,30-01-2024 18:17:35,S07,20240130
S07/20240130/00013,2,P107094,2,87.94,SALE,30-01-2024 18:17:35,S07,20240130
S07/20240130/00013,3,TAX,1,53.09,TAX,30-01-2024 18:17:35,S07,20240130
S07/20240130/00013,4,TENDER,1,348.01,TENDER,30-01-2024 18:17:35,S07,20240130
S07/20240130/00014,1,P108282,2,360.34,SALE,30-01-2024 14:44:21,S07,20240130
S07/20240130/00014,2,P104858,5,297.94,SALE,30-01-2024 14:44:21,S07,20240130
S07/20240130/00014,3,P101190,2,84.60,SALE,30-01-2024 14:44:21,S07,20240130
S07/20240130/00014,4,P102074,2,415.90,SALE,30-01-2024 14:44:21,S07,20240130
S07/20240130/00014,5,DISC,1,-311.82,DISCOUNT,30-01-2024 14:44:21,S07,20240130
S07/20240130/00014,6,TAX,1,258.99,TAX,30-01-2024 14:44:21,S07,20240130
S07/20240130/00014,7,TENDER,1,3158.55,TENDER,30-01-2024 14:44:21,S07,20240130
S07/20240130/00015,1,P100509,1,143.38,SALE,30-01-2024 12:04:19,S07,20240130
S07/20240130/00015,2,P103743,1,1117.90,SALE,30-01-2024 12:04:19,S07,20240130
S07/20240130/00015,3,P101507,2,619.87,SALE,30-01-2024 12:04:19,S07,20240130
S07/20240130/00015,4,TAX,1,69.16,TAX,30-01-2024 12:04:19,S07,20240130
S07/20240130/00015,5,TENDER,1,2570.18,TENDER,30-01-2024 12:04:19,S07,20240130
S07/20240130/00016,1,P105460,1,145.95,SALE,30-01-2024 18:02:03,S07,20240130
S07/20240130/00016,2,P104820,4,207.26,SALE,30-01-2024 18:02:03,S07,20240130
S07/20240130/00016,3,P100057,3,215.95,SALE,30-01-2024 18:02:03,S07,20240130
S07/20240130/00016,4,P104756,2,334.95,SALE,30-01-2024 18:02:03,S07,20240130
S07/20240130/00016,5,P102415,1,1074.95,SALE,30-01-2024 18:02:03,S07,20240130
S07/20240130/00016,6,P103188,2,29.57,SALE,30-01-2024 18:02:03,S07,20240130
S07/20240130/00016,7,P107472,4,60.81,SALE,30-01-2024 18:02:03,S07,20240130
S07/20240130/00016,8,P105280,3,220.35,SALE,30-01-2024 18:02:03,S07,20240130
S07/20240130/00016,9,P105453,3,393.95,SALE,30-01-2024 18:02:03,S07,20240130
S07/20240130/00016,10,P105479,2,237.28,SALE,30-01-2024 18:02:03,S07,20240130
S07/20240130/00016,11,TAX,1,712.92,TAX,30-01-2024 18:02:03,S07,20240130
S07/20240130/00016,12,TENDER,1,6700.45,TENDER,30-01-2024 18:02:03,S07,20240130
S07/20240130/00017,1,P105483,1,153.63,SALE,30-01-2024 17:05:40,S07,20240130
S07/20240130/00017,2,P103792,1,26.45,SALE,30-01-2024 17:05:40,S07,20240130
S07/20240130/00017,3,P100754,3,81.86,SALE,30-01-2024 17:05:40,S07,20240130
S07/20240130/00017,4,TAX,1,41.25,TAX,30-01-2024 17:05:40,S07,20240130
S07/20240130/00017,5,TENDER,1,466.91,TENDER,30-01-2024 17:05:40,S07,20240130
S07/20240130/00018,1,P104774,2,81.88,SALE,30-01-2024 12:35:34,S07,20240130
S07/20240130/00018,2,P100974,1,39.19,SALE,30-01-2024 12:35:34,S07,20240130
S07/20240130/00018,3,P104121,2,130.95,SALE,30-01-2024 12:35:34,S07,20240130
S07/20240130/00018,4,P102811,3,199.15,SALE,30-01-2024 12:35:34,S07,20240130
S07/20240130/00018,5,TAX,1,87.16,TAX,30-01-2024 12:35:34,S07,20240130
S07/20240130/00018,6,TENDER,1,1149.46,TENDER,30-01-2024 12:35:34,S07,20240130
S07/20240130/00019,1,P104715,1,136.85,SALE,30-01-2024 16:30:45,S07,20240130
S07/20240130/00019,2,P106651,1,855.95,SALE,30-01-2024 16:30:45,S07,20240130
S07/20240130/00019,3,P102933,2,614.03,SALE,30-01-2024 16:30:45,S07,20240130
S07/20240130/00019,4,P101603,3,887.87,SALE,30-01-2024 16:30:45,S07,20240130
S07/20240130/00019,5,TAX,1,491.63,TAX,30-01-2024 16:30:45,S07,20240130
S07/20240130/00019,6,TENDER,1,5376.10,TENDER,30-01-2024 16:30:45,S07,20240130
S07/20240130/00020,1,P101779,2,197.95,SALE,30-01-2024 20:24:20,S07,20240130
S07/20240130/00020,2,P100649,1,592.52,SALE,30-01-2024 20:24:20,S07,20240130
S07/20240130/00020,3,P104844,1,530.87,SALE,30-01-2024 20:24:20,S07,20240130
S07/20240130/00020,4,P101530,1,562.39,SALE,30-01-2024 20:24:20,S07,20240130
S07/20240130/00020,5,TAX,1,177.19,TAX,30-01-2024 20:24:20,S07,20240130
S07/20240130/00020,6,TENDER,1,2258.87,TENDER,30-01-2024 20:24:20,S07,20240130
S07/20240130/00021,1,P108234,2,31.46,SALE,30-01-2024 17:21:44,S07,20240130
S07/20240130/00021,2,P106443,2,53.05,SALE,30-01-2024 17:21:44,S07,20240130
S07/20240130/00021,3,P101547,2,57.95,SALE,30-01-2024 17:21:44,S07,20240130
S07/20240130/00021,4,P105819,1,66.64,SALE,30-01-2024 17:21:44,S07,20240130
S07/20240130/00021,5,P107623,2,414.95,SALE,30-01-2024 17:21:44,S07,20240130
S07/20240130/00021,6,TAX,1,183.80,TAX,30-01-2024 17:21:44,S07,20240130
S07/20240130/00021,7,TENDER,1,1365.26,TENDER,30-01-2024 17:21:44,S07,20240130
S07/20240130/00022,1,P107872,2,554.95,SALE,30-01-2024 15:06:24,S07,20240130
S07/20240130/00022,2,P105784,1,116.81,SALE,30-01-2024 15:06:24,S07,20240130
S07/20240130/00022,3,P100348,1,478.95,SALE,30-01-2024 15:06:24,S07,20240130
S07/20240130/00022,4,P101305,2,119.82,SALE,30-01-2024 15:06:24,S07,20240130
S07/20240130/00022,5,TAX,1,122.58,TAX,30-01-2024 15:06:24,S07,20240130
S07/20240130/00022,6,TENDER,1,2067.88,TENDER,30-01-2024 15:06:24,S07,20240130
S07/20240130/00023,1,P100924,3,46.14,SALE,30-01-2024 18:57:27,S07,20240130
S07/20240130/00023,2,P104554,2,437.01,SALE,30-01-2024 18:57:27,S07,20240130
S07/20240130/00023,3,TAX,1,129.80,TAX,30-01-2024 18:57:27,S07,20240130
S07/20240130/00023,4,TENDER,1,1142.24,TENDER,30-01-2024 18:57:27,S07,20240130
S07/20240130/00024,1,P100203,2,241.95,SALE,30-01-2024 09:23:28,S07,20240130
S07/20240130/00024,2,P101766,3,189.95,SALE,30-01-2024 09:23:28,S07,20240130
S07/20240130/00024,3,P103281,1,163.32,SALE,30-01-2024 09:23:28,S07,20240130
S07/20240130/00024,4,P106123,2,244.95,SALE,30-01-2024 09:23:28,S07,20240130
S07/20240130/00024,5,P104233,2,1232.09,SALE,30-01-2024 09:23:28,S07,20240130
S07/20240130/00024,6,TAX,1,245.18,TAX,30-01-2024 09:23:28,S07,20240130
S07/20240130/00024,7,TENDER,1,4416.33,TENDER,30-01-2024 09:23:28,S07,20240130
S07/20240130/00025,1,P100519,2,365.61,SALE,30-01-2024 10:37:42,S07,20240130
S07/20240130/00025,2,P103243,1,195.61,SALE,30-01-2024 10:37:42,S07,20240130
S07/20240130/00025,3,P100150,2,280.80,SALE,30-01-2024 10:37:42,S07,20240130
S07/20240130/00025,4,TAX,1,125.61,TAX,30-01-2024 10:37:42,S07,20240130
S07/20240130/00025,5,TENDER,1,1614.04,TENDER,30-01-2024 10:37:42,S07,20240130
S07/20240130/00026,1,P104733,1,627.95,SALE,30-01-2024 15:10:11,S07,20240130
S07/20240130/00026,2,P101156,2,91.80,SALE,30-01-2024 15:10:11,S07,20240130
S07/20240130/00026,3,P102963,1,354.95,SALE,30-01-2024 15:10:11,S07,20240130
S07/20240130/00026,4,TAX,1,186.10,TAX,30-01-2024 15:10:11,S07,20240130
S07/20240130/00026,5,TENDER,1,1352.60,TENDER,30-01-2024 15:10:11,S07,20240130
S07/20240130/00027,1,P104700,1,1300.32,SALE,30-01-2024 15:04:22,S07,20240130
S07/20240130/00027,2,P105868,3,70.72,SALE,30-01-2024 15:04:22,S07,20240130
S07/20240130/00027,3,P103283,1,145.09,SALE,30-01-2024 15:04:22,S07,20240130
S07/20240130/00027,4,P100362,4,270.89,SALE,30-01-2024 15:04:22,S07,20240130
S07/20240130/00027,5,DISC,1,-227.35,DISCOUNT,30-01-2024 15:04:22,S07,20240130
S07/20240130/00027,6,TAX,1,16.38,TAX,30-01-2024 15:04:22,S07,20240130
S07/20240130/00027,7,TENDER,1,2530.16,TENDER,30-01-2024 15:04:22,S07,20240130
S07/20240130/00028,1,P105405,3,389.95,SALE,30-01-2024 16:50:45,S07,20240130
S07/20240130/00028,2,P106757,2,398.95,SALE,30-01-2024 16:50:45,S07,20240130
S07/20240130/00028,3,P107100,1,171.95,SALE,30-01-2024 16:50:45,S07,20240130
S07/20240130/00028,4,TAX,1,119.02,TAX,30-01-2024 16:50:45,S07,20240130
S07/20240130/00028,5,TENDER,1,2258.72,TENDER,30-01-2024 16:50:45,S07,20240130
S07/20240130/00029,1,P101740,1,684.95,SALE,30-01-2024 16:54:57,S07,20240130
S07/20240130/00029,2,P108272,2,101.95,SALE,30-01-2024 16:54:57,S07,20240130
S07/20240130/00029,3,P108397,1,272.95,SALE,30-01-2024 16:54:57,S07,20240130
S07/20240130/00029,4,P102656,2,176.92,SALE,30-01-2024 16:54:57,S07,20240130
S07/20240130/00029,5,TAX,1,74.91,TAX,30-01-2024 16:54:57,S07,20240130
S07/20240130/00029,6,TENDER,1,1590.55,TENDER,30-01-2024 16:54:57,S07,20240130
S07/20240130/00030,1,P105570,1,345.21,SALE,30-01-2024 13:12:25,S07,20240130
S07/20240130/00030,2,P102014,2,261.84,SALE,30-01-2024 13:12:25,S07,20240130
S07/20240130/00030,3,P106669,2,102.72,SALE,30-01-2024 13:12:25,S07,20240130
S07/20240130/00030,4,TAX,1,121.79,TAX,30-01-2024 13:12:25,S07,20240130
S07/20240130/00030,5,TENDER,1,1196.12,TENDER,30-01-2024 13:12:25,S07,20240130
S07/20240130/00031,1,P107708,2,163.95,SALE,30-01-2024 17:04:24,S07,20240130
S07/20240130/00031,2,TAX,1,0.00,TAX,30-01-2024 17:04:24,S07,20240130
S07/20240130/00031,3,TENDER,1,327.90,TENDER,30-01-2024 17:04:24,S07,20240130
S07/20240130/00032,1,P105377,2,262.95,SALE,30-01-2024 13:47:10,S07,20240130
S07/20240130/00032,2,P102947,4,59.21,SALE,30-01-2024 13:47:10,S07,20240130
S07/20240130/00032,3,P104658,1,73.05,SALE,30-01-2024 13:47:10,S07,20240130
S07/20240130/00032,4,P101949,4,857.51,SALE,30-01-2024 13:47:10,S07,20240130
S07/20240130/00032,5,P105562,1,128.95,SALE,30-01-2024 13:47:10,S07,20240130
S07/20240130/00032,6,DISC,1,-188.95,DISCOUNT,30-01-2024 13:47:10,S07,20240130
S07/20240130/00032,7,TAX,1,242.83,TAX,30-01-2024 13:47:10,S07,20240130
S07/20240130/00032,8,TENDER,1,4448.66,TENDER,30-01-2024 13:47:10,S07,20240130
S07/20240130/00033,1,P103584,1,402.02,SALE,30-01-2024 16:19:53,S07,20240130
S07/20240130/00033,2,P105827,1,96.95,SALE,30-01-2024 16:19:53,S07,20240130
S07/20240130/00033,3,P101592,1,280.95,SALE,30-01-2024 16:19:53,S07,20240130
S07/20240130/00033,4,P100348,3,478.95,SALE,30-01-2024 16:19:53,S07,20240130
S07/20240130/00033,5,P108191,1,301.95,SALE,30-01-2024 16:19:53,S07,20240130
S07/20240130/00033,6,P104789,3,65.95,SALE,30-01-2024 16:19:53,S07,20240130
S07/20240130/00033,7,P105497,1,72.95,SALE,30-01-2024 16:19:53,S07,20240130
S07/20240130/00033,8,P105425,2,146.30,SALE,30-01-2024 16:19:53,S07,20240130
S07/20240130/00033,9,P103680,3,206.25,SALE,30-01-2024 16:19:53,S07,20240130
S07/20240130/00033,10,P100305,1,724.08,SALE,30-01-2024 16:19:53,S07,20240130
S07/20240130/00033,11,TAX,1,238.11,TAX,30-01-2024 16:19:53,S07,20240130
S07/20240130/00033,12,TENDER,1,4663.06,TENDER,30-01-2024 16:19:53,S07,20240130
S07/20240130/00034,1,P106221,3,31.65,SALE,30-01-2024 14:05:30,S07,20240130
S07/20240130/00034,2,P103424,3,235.87,SALE,30-01-2024 14:05:30,S07,20240130
S07/20240130/00034,3,P104058,4,344.73,SALE,30-01-2024 14:05:30,S07,20240130
S07/20240130/00034,4,P101332,1,400.98,SALE,30-01-2024 14:05:30,S07,20240130
S07/20240130/00034,5,P104401,1,208.95,SALE,30-01-2024 14:05:30,S07,20240130
S07/20240130/00034,6,TAX,1,447.46,TAX,30-01-2024 14:05:30,S07,20240130
S07/20240130/00034,7,TENDER,1,3238.87,TENDER,30-01-2024 14:05:30,S07,20240130
S07/20240130/00035,1,P104526,4,332.95,SALE,30-01-2024 16:05:31,S07,20240130
S07/20240130/00035,2,P102886,1,139.95,SALE,30-01-2024 16:05:31,S07,20240130
S07/20240130/00035,3,P105302,2,265.96,SALE,30-01-2024 16:05:31,S07,20240130
S07/20240130/00035,4,P100319,1,48.05,SALE,30-01-2024 16:05:31,S07,20240130
S07/20240130/00035,5,P107799,1,738.35,SALE,30-01-2024 16:05:31,S07,20240130
S07/20240130/00035,6,P105479,1,237.28,SALE,30-01-2024 16:05:31,S07,20240130
S07/20240130/00035,7,TAX,1,167.98,TAX,30-01-2024 16:05:31,S07,20240130
S07/20240130/00035,8,TENDER,1,3195.33,TENDER,30-01-2024 16:05:31,S07,20240130
S07/20240130/00036,1,P100543,1,123.06,SALE,30-01-2024 19:55:53,S07,20240130
S07/20240130/00036,2,P103144,2,145.27,SALE,30-01-2024 19:55:53,S07,20240130
S07/20240130/00036,3,P106942,2,169.95,SALE,30-01-2024 19:55:53,S07,20240130
S07/20240130/00036,4,P100250,1,526.95,SALE,30-01-2024 19:55:53,S07,20240130
S07/20240130/00036,5,TAX,1,57.87,TAX,30-01-2024 19:55:53,S07,20240130
S07/20240130/00036,6,TENDER,1,1338.32,TENDER,30-01-2024 19:55:53,S07,20240130
S07/20240130/00037,1,P102054,1,133.39,SALE,30-01-2024 15:19:38,S07,20240130
S07/20240130/00037,2,P103757,1,147.98,SALE,30-01-2024 15:19:38,S07,20240130
S07/20240130/00037,3,P102375,2,487.64,SALE,30-01-2024 15:19:38,S07,20240130
S07/20240130/00037,4,P103299,2,220.95,SALE,30-01-2024 15:19:38,S07,20240130
S07/20240130/00037,5,P106697,1,342.69,SALE,30-01-2024 15:19:38,S07,20240130
S07/20240130/00037,6,TAX,1,310.28,TAX,30-01-2024 15:19:38,S07,20240130
S07/20240130/00037,7,TENDER,1,2351.52,TENDER,30-01-2024 15:19:38,S07,20240130
S07/20240131/00001,1,P101851,1,1750.29,SALE,31-01-2024 11:25:11,S07,20240131
S07/20240131/00001,2,P106965,2,78.22,SALE,31-01-2024 11:25:11,S07,20240131
S07/20240131/00001,3,TAX,1,7.82,TAX,31-01-2024 11:25:11,S07,20240131
S07/20240131/00001,4,TENDER,1,1914.55,TENDER,31-01-2024 11:25:11,S07,20240131
S07/20240131/00002,1,P107292,3,324.95,SALE,31-01-2024 14:15:41,S07,20240131
S07/20240131/00002,2,P105944,2,985.47,SALE,31-01-2024 14:15:41,S07,20240131
S07/20240131/00002,3,P107903,2,144.89,SALE,31-01-2024 14:15:41,S07,20240131
S07/20240131/00002,4,P100198,3,156.66,SALE,31-01-2024 14:15:41,S07,20240131
S07/20240131/00002,5,P107072,2,197.46,SALE,31-01-2024 14:15:41,S07,20240131
S07/20240131/00002,6,P103299,3,220.95,SALE,31-01-2024 14:15:41,S07,20240131
S07/20240131/00002,7,DISC,1,-151.00,DISCOUNT,31-01-2024 14:15:41,S07,20240131
S07/20240131/00002,8,TAX,1,576.97,TAX,31-01-2024 14:15:41,S07,20240131
S07/20240131/00002,9,TENDER,1,5189.29,TENDER,31-01-2024 14:15:41,S07,20240131
S07/20240131/00003,1,P104718,2,364.54,SALE,31-01-2024 14:54:26,S07,20240131
S07/20240131/00003,2,P102963,2,354.95,SALE,31-01-2024 14:54:26,S07,20240131
S07/20240131/00003,3,P103337,1,79.95,SALE,31-01-2024 14:54:26,S07,20240131
S07/20240131/00003,4,P104358,4,1189.17,SALE,31-01-2024 14:54:26,S07,20240131
S07/20240131/00003,5,TAX,1,790.07,TAX,31-01-2024 14:54:26,S07,20240131
S07/20240131/00003,6,TENDER,1,7065.68,TENDER,31-01-2024 14:54:26,S07,20240131
S07/20240131/00004,1,P101164,1,322.78,SALE,31-01-2024 19:34:01,S07,20240131
S07/20240131/00004,2,P106745,1,518.86,SALE,31-01-2024 19:34:01,S07,20240131
S07/20240131/00004,3,P106955,4,203.91,SALE,31-01-2024 19:34:01,S07,20240131
S07/20240131/00004,4,P106174,2,229.89,SALE,31-01-2024 19:34:01,S07,20240131
S07/20240131/00004,5,TAX,1,192.28,TAX,31-01-2024 19:34:01,S07,20240131
S07/20240131/00004,6,TENDER,1,2309.34,TENDER,31-01-2024 19:34:01,S07,20240131
S07/20240131/00005,1,P108186,2,315.95,SALE,31-01-2024 20:25:47,S07,20240131
S07/20240131/00005,2,P107555,5,1314.43,SALE,31-01-2024 20:25:47,S07,20240131
S07/20240131/00005,3,P106669,1,102.72,SALE,31-01-2024 20:25:47,S07,20240131
S07/20240131/00005,4,P100469,1,46.95,SALE,31-01-2024 20:25:47,S07,20240131
S07/20240131/00005,5,P106207,3,459.95,SALE,31-01-2024 20:25:47,S07,20240131
S07/20240131/00005,6,P104155,1,137.26,SALE,31-01-2024 20:25:47,S07,20240131
S07/20240131/00005,7,TAX,1,331.68,TAX,31-01-2024 20:25:47,S07,20240131
S07/20240131/00005,8,TENDER,1,9202.51,TENDER,31-01-2024 20:25:47,S07,20240131
S07/20240131/00006,1,P107182,2,109.95,SALE,31-01-2024 17:10:01,S07,20240131
S07/20240131/00006,2,P105323,4,73.95,SALE,31-01-2024 17:10:01,S07,20240131
S07/20240131/00006,3,P103273,1,340.81,SALE,31-01-2024 17:10:01,S07,20240131
S07/20240131/00006,4,P107028,2,53.95,SALE,31-01-2024 17:10:01,S07,20240131
S07/20240131/00006,5,P102534,1,98.12,SALE,31-01-2024 17:10:01,S07,20240131
S07/20240131/00006,6,P107278,1,51.95,SALE,31-01-2024 17:10:01,S07,20240131
S07/20240131/00006,7,DISC,1,-28.83,DISCOUNT,31-01-2024 17:10:01,S07,20240131
S07/20240131/00006,8,TAX,1,135.00,TAX,31-01-2024 17:10:01,S07,20240131
S07/20240131/00006,9,TENDER,1,1220.65,TENDER,31-01-2024 17:10:01,S07,20240131
S07/20240131/00007,1,P104361,2,1350.95,SALE,31-01-2024 11:51:42,S07,20240131
S07/20240131/00007,2,P105400,4,48.10,SALE,31-01-2024 11:51:42,S07,20240131
S07/20240131/00007,3,P101911,1,1431.80,SALE,31-01-2024 11:51:42,S07,20240131
S07/20240131/00007,4,P106942,1,169.95,SALE,31-01-2024 11:51:42,S07,20240131
S07/20240131/00007,5,P107495,1,402.26,SALE,31-01-2024 11:51:42,S07,20240131
S07/20240131/00007,6,P106703,4,74.15,SALE,31-01-2024 11:51:42,S07,20240131
S07/20240131/00007,7,DISC,1,-454.76,DISCOUNT,31-01-2024 11:51:42,S07,20240131
S07/20240131/00007,8,TAX,1,392.78,TAX,31-01-2024 11:51:42,S07,20240131
S07/20240131/00007,9,TENDER,1,5132.93,TENDER,31-01-2024 11:51:42,S07,20240131
S07/20240131/00008,1,P100869,1,56.95,SALE,31-01-2024 15:18:06,S07,20240131
S07/20240131/00008,2,P104072,5,650.20,SALE,31-01-2024 15:18:06,S07,20240131
S07/20240131/00008,3,P107848,1,267.41,SALE,31-01-2024 15:18:06,S07,20240131
S07/20240131/00008,4,P101990,1,373.10,SALE,31-01-2024 15:18:06,S07,20240131
S07/20240131/00008,5,P100604,3,154.60,SALE,31-01-2024 15:18:06,S07,20240131
S07/20240131/00008,6,P100956,3,415.95,SALE,31-01-2024 15:18:06,S07,20240131
S07/20240131/00008,7,P106997,2,39.70,SALE,31-01-2024 15:18:06,S07,20240131
S07/20240131/00008,8,DISC,1,-619.90,DISCOUNT,31-01-2024 15:18:06,S07,20240131
S07/20240131/00008,9,TAX,1,267.11,TAX,31-01-2024 15:18:06,S07,20240131
S07/20240131/00008,10,TENDER,1,5386.72,TENDER,31-01-2024 15:18:06,S07,20240131
S07/20240131/00009,1,P105252,4,11.31,SALE,31-01-2024 17:49:10,S07,20240131
S07/20240131/00009,2,P101156,3,91.80,SALE,31-01-2024 17:49:10,S07,20240131
S07/20240131/00009,3,P101339,3,222.95,SALE,31-01-2024 17:49:10,S07,20240131
S07/20240131/00009,4,P107414,1,539.23,SALE,31-01-2024 17:49:10,S07,20240131
S07/20240131/00009,5,P104765,2,405.96,SALE,31-01-2024 17:49:10,S07,20240131
S07/20240131/00009,6,P100308,1,277.54,SALE,31-01-2024 17:49:10,S07,20240131
S07/20240131/00009,7,TAX,1,213.05,TAX,31-01-2024 17:49:10,S07,20240131
S07/20240131/00009,8,TENDER,1,2831.23,TENDER,31-01-2024 17:49:10,S07,20240131
S07/20240131/00010,1,P102909,2,48.95,SALE,31-01-2024 16:54:52,S07,20240131
S07/20240131/00010,2,P107695,1,282.58,SALE,31-01-2024 16:54:52,S07,20240131
S07/20240131/00010,3,P106424,1,535.14,SALE,31-01-2024 16:54:52,S07,20240131
S07/20240131/00010,4,P102886,3,139.95,SALE,31-01-2024 16:54:52,S07,20240131
S07/20240131/00010,5,P104891,1,692.94,SALE,31-01-2024 16:54:52,S07,20240131
S07/20240131/00010,6,P104733,2,627.95,SALE,31-01-2024 16:54:52,S07,20240131
S07/20240131/00010,7,P102909,-2,48.95,VOID,31-01-2024 16:54:52,S07,20240131
S07/20240131/00010,8,P107695,-1,282.58,VOID,31-01-2024 16:54:52,S07,20240131
S07/20240131/00010,9,P106424,-1,535.14,VOID,31-01-2024 16:54:52,S07,20240131
S07/20240131/00010,10,P102886,-3,139.95,VOID,31-01-2024 16:54:52,S07,20240131
S07/20240131/00010,11,P104891,-1,692.94,VOID,31-01-2024 16:54:52,S07,20240131
S07/20240131/00010,12,P104733,-2,627.95,VOID,31-01-2024 16:54:52,S07,20240131
S07/20240131/00010,13,TAX,1,0.00,TAX,31-01-2024 16:54:52,S07,20240131
S07/20240131/00010,14,TENDER,1,0.00,TENDER,31-01-2024 16:54:52,S07,20240131
S07/20240131/00011,1,P106872,2,73.31,SALE,31-01-2024 16:40:53,S07,20240131
S07/20240131/00011,2,P103978,2,347.08,SALE,31-01-2024 16:40:53,S07,20240131
S07/20240131/00011,3,P101884,3,352.98,SALE,31-01-2024 16:40:53,S07,20240131
S07/20240131/00011,4,P100711,2,92.21,SALE,31-01-2024 16:40:53,S07,20240131
S07/20240131/00011,5,TAX,1,221.37,TAX,31-01-2024 16:40:53,S07,20240131
S07/20240131/00011,6,TENDER,1,2305.51,TENDER,31-01-2024 16:40:53,S07,20240131
S07/20240131/00012,1,P100819,1,1140.00,SALE,31-01-2024 13:48:57,S07,20240131
S07/20240131/00012,2,P106234,1,69.95,SALE,31-01-2024 13:48:57,S07,20240131
S07/20240131/00012,3,P103074,3,52.85,SALE,31-01-2024 13:48:57,S07,20240131
S07/20240131/00012,4,TAX,1,36.93,TAX,31-01-2024 13:48:57,S07,20240131
S07/20240131/00012,5,TENDER,1,1405.43,TENDER,31-01-2024 13:48:57,S07,20240131
S07/20240131/00013,1,P107354,1,205.43,SALE,31-01-2024 22:51:27,S07,20240131
S07/20240131/00013,2,P101982,2,366.95,SALE,31-01-2024 22:51:27,S07,20240131
S07/20240131/00013,3,P106528,4,832.82,SALE,31-01-2024 22:51:27,S07,20240131
S07/20240131/00013,4,P108046,2,95.35,SALE,31-01-2024 22:51:27,S07,20240131
S07/20240131/00013,5,TAX,1,590.83,TAX,31-01-2024 22:51:27,S07,20240131
S07/20240131/00013,6,TENDER,1,5052.14,TENDER,31-01-2024 22:51:27,S07,20240131
S07/20240131/00014,1,P102892,2,220.95,SALE,31-01-2024 10:18:18,S07,20240131
S07/20240131/00014,2,P103661,1,118.10,SALE,31-01-2024 10:18:18,S07,20240131
S07/20240131/00014,3,P103231,1,219.95,SALE,31-01-2024 10:18:18,S07,20240131
S07/20240131/00014,4,DISC,1,-28.38,DISCOUNT,31-01-2024 10:18:18,S07,20240131
S07/20240131/00014,5,TAX,1,107.73,TAX,31-01-2024 10:18:18,S07,20240131
S07/20240131/00014,6,TENDER,1,859.30,TENDER,31-01-2024 10:18:18,S07,20240131
S07/20240131/00015,1,P100921,1,435.95,SALE,31-01-2024 20:54:12,S07,20240131
S07/20240131/00015,2,P104485,1,582.09,SALE,31-01-2024 20:54:12,S07,20240131
S07/20240131/00015,3,P105594,2,317.30,SALE,31-01-2024 20:54:12,S07,20240131
S07/20240131/00015,4,TAX,1,224.47,TAX,31-01-2024 20:54:12,S07,20240131
S07/20240131/00015,5,TENDER,1,1877.11,TENDER,31-01-2024 20:54:12,S07,20240131
S07/20240131/00016,1,P107330,3,115.95,SALE,31-01-2024 15:41:41,S07,20240131
S07/20240131/00016,2,P105845,2,102.36,SALE,31-01-2024 15:41:41,S07,20240131
S07/20240131/00016,3,P107063,1,374.87,SALE,31-01-2024 15:41:41,S07,20240131
S07/20240131/00016,4,TAX,1,144.45,TAX,31-01-2024 15:41:41,S07,20240131
S07/20240131/00016,5,TENDER,1,1071.89,TENDER,31-01-2024 15:41:41,S07,20240131
S07/20240131/00017,1,P105908,2,638.48,SALE,31-01-2024 12:32:09,S07,20240131
S07/20240131/00017,2,P100367,1,541.84,SALE,31-01-2024 12:32:09,S07,20240131
S07/20240131/00017,3,P103934,4,250.41,SALE,31-01-2024 12:32:09,S07,20240131
S07/20240131/00017,4,P104858,4,297.94,SALE,31-01-2024 12:32:09,S07,20240131
S07/20240131/00017,5,TAX,1,484.69,TAX,31-01-2024 12:32:09,S07,20240131
S07/20240131/00017,6,TENDER,1,4496.89,TENDER,31-01-2024 12:32:09,S07,20240131
