bill_no,line_no,product_code,qty,unit_price,line_type,ts,store_id,business_date
S06/20241201/00001,1,P103168,3,980.21,SALE,01-12-2024 13:15:36,S06,20241201
S06/20241201/00001,2,P103732,2,94.74,SALE,01-12-2024 13:15:36,S06,20241201
S06/20241201/00001,3,P100509,2,143.57,SALE,01-12-2024 13:15:36,S06,20241201
S06/20241201/00001,4,DISC,1,-345.54,DISCOUNT,01-12-2024 13:15:36,S06,20241201
S06/20241201/00001,5,TAX,1,338.62,TAX,01-12-2024 13:15:36,S06,20241201
S06/20241201/00001,6,TENDER,1,3410.33,TENDER,01-12-2024 13:15:36,S06,20241201
S06/20241201/00002,1,P103661,1,125.81,SALE,01-12-2024 14:21:06,S06,20241201
S06/20241201/00002,2,P101454,1,148.61,SALE,01-12-2024 14:21:06,S06,20241201
S06/20241201/00002,3,P103435,1,443.24,SALE,01-12-2024 14:21:06,S06,20241201
S06/20241201/00002,4,P106282,2,448.43,SALE,01-12-2024 14:21:06,S06,20241201
S06/20241201/00002,5,TAX,1,281.70,TAX,01-12-2024 14:21:06,S06,20241201
S06/20241201/00002,6,TENDER,1,1896.22,TENDER,01-12-2024 14:21:06,S06,20241201
S06/20241201/00003,1,P105136,5,158.61,SALE,01-12-2024 16:16:14,S06,20241201
S06/20241201/00003,2,P102998,4,158.64,SALE,01-12-2024 16:16:14,S06,20241201
S06/20241201/00003,3,TAX,1,114.22,TAX,01-12-2024 16:16:14,S06,20241201
S06/20241201/00003,4,TENDER,1,1541.83,TENDER,01-12-2024 16:16:14,S06,20241201
S06/20241201/00004,1,P101037,2,613.83,SALE,01-12-2024 17:59:41,S06,20241201
S06/20241201/00004,2,P107639,1,128.49,SALE,01-12-2024 17:59:41,S06,20241201
S06/20241201/00004,3,P107815,2,106.85,SALE,01-12-2024 17:59:41,S06,20241201
S06/20241201/00004,4,P104048,2,193.57,SALE,01-12-2024 17:59:41,S06,20241201
S06/20241201/00004,5,P103054,1,145.96,SALE,01-12-2024 17:59:41,S06,20241201
S06/20241201/00004,6,TAX,1,308.50,TAX,01-12-2024 17:59:41,S06,20241201
S06/20241201/00004,7,TENDER,1,2411.45,TENDER,01-12-2024 17:59:41,S06,20241201
S06/20241201/00005,1,P101489,1,555.59,SALE,01-12-2024 16:10:36,S06,20241201
S06/20241201/00005,2,P102724,2,391.04,SALE,01-12-2024 16:10:36,S06,20241201
S06/20241201/00005,3,P103682,2,372.67,SALE,01-12-2024 16:10:36,S06,20241201
S06/20241201/00005,4,TAX,1,274.94,TAX,01-12-2024 16:10:36,S06,20241201
S06/20241201/00005,5,TENDER,1,2357.95,TENDER,01-12-2024 16:10:36,S06,20241201
S06/20241201/00006,1,P101339,2,230.61,SALE,01-12-2024 15:29:02,S06,20241201
S06/20241201/00006,2,P100850,3,172.84,SALE,01-12-2024 15:29:02,S06,20241201
S06/20241201/00006,3,P102436,3,243.03,SALE,01-12-2024 15:29:02,S06,20241201
S06/20241201/00006,4,P100652,1,45.46,SALE,01-12-2024 15:29:02,S06,20241201
S06/20241201/00006,5,P105562,1,422.85,SALE,01-12-2024 15:29:02,S06,20241201
S06/20241201/00006,6,P107775,1,737.39,SALE,01-12-2024 15:29:02,S06,20241201
S06/20241201/00006,7,P102945,2,43.42,SALE,01-12-2024 15:29:02,S06,20241201
S06/20241201/00006,8,P103178,2,21.89,SALE,01-12-2024 15:29:02,S06,20241201
S06/20241201/00006,9,TAX,1,361.20,TAX,01-12-2024 15:29:02,S06,20241201
S06/20241201/00006,10,TENDER,1,3406.35,TENDER,01-12-2024 15:29:02,S06,20241201
S06/20241201/00007,1,P100281,2,460.87,SALE,01-12-2024 15:12:10,S06,20241201
S06/20241201/00007,2,P100840,1,248.08,SALE,01-12-2024 15:12:10,S06,20241201
S06/20241201/00007,3,P106648,2,339.01,SALE,01-12-2024 15:12:10,S06,20241201
S06/20241201/00007,4,P106927,3,156.05,SALE,01-12-2024 15:12:10,S06,20241201
S06/20241201/00007,5,P102465,3,1410.14,SALE,01-12-2024 15:12:10,S06,20241201
S06/20241201/00007,6,P105980,3,288.70,SALE,01-12-2024 15:12:10,S06,20241201
S06/20241201/00007,7,P105740,2,103.24,SALE,01-12-2024 15:12:10,S06,20241201
S06/20241201/00007,8,P101004,1,357.75,SALE,01-12-2024 15:12:10,S06,20241201
S06/20241201/00007,9,TAX,1,518.56,TAX,01-12-2024 15:12:10,S06,20241201
S06/20241201/00007,10,TENDER,1,8495.30,TENDER,01-12-2024 15:12:10,S06,20241201
S06/20241201/00008,1,P100582,5,170.67,SALE,01-12-2024 16:47:07,S06,20241201
S06/20241201/00008,2,P104251,4,79.68,SALE,01-12-2024 16:47:07,S06,20241201
S06/20241201/00008,3,P103950,2,1283.54,SALE,01-12-2024 16:47:07,S06,20241201
S06/20241201/00008,4,TAX,1,339.33,TAX,01-12-2024 16:47:07,S06,20241201
S06/20241201/00008,5,TENDER,1,4078.48,TENDER,01-12-2024 16:47:07,S06,20241201
S06/20241201/00009,1,P104023,2,630.48,SALE,01-12-2024 15:07:25,S06,20241201
S06/20241201/00009,2,P102534,4,98.12,SALE,01-12-2024 15:07:25,S06,20241201
S06/20241201/00009,3,P101720,3,44.26,SALE,01-12-2024 15:07:25,S06,20241201
S06/20241201/00009,4,P105112,1,194.64,SALE,01-12-2024 15:07:25,S06,20241201
S06/20241201/00009,5,P106830,3,103.94,SALE,01-12-2024 15:07:25,S06,20241201
S06/20241201/00009,6,P104187,2,86.95,SALE,01-12-2024 15:07:25,S06,20241201
S06/20241201/00009,7,TAX,1,214.89,TAX,01-12-2024 15:07:25,S06,20241201
S06/20241201/00009,8,TENDER,1,2681.47,TENDER,01-12-2024 15:07:25,S06,20241201
S06/20241201/00010,1,P102035,2,518.27,SALE,01-12-2024 17:38:40,S06,20241201
S06/20241201/00010,2,P103806,2,319.17,SALE,01-12-2024 17:38:40,S06,20241201
S06/20241201/00010,3,P103029,1,11.28,SALE,01-12-2024 17:38:40,S06,20241201
S06/20241201/00010,4,P106872,1,73.12,SALE,01-12-2024 17:38:40,S06,20241201
S06/20241201/00010,5,TAX,1,67.02,TAX,01-12-2024 17:38:40,S06,20241201
S06/20241201/00010,6,TENDER,1,1826.30,TENDER,01-12-2024 17:38:40,S06,20241201
S06/20241201/00011,1,P107400,4,273.33,SALE,01-12-2024 11:59:21,S06,20241201
S06/20241201/00011,2,TAX,1,196.80,TAX,01-12-2024 11:59:21,S06,20241201
S06/20241201/00011,3,TENDER,1,1290.12,TENDER,01-12-2024 11:59:21,S06,20241201
S06/20241201/00012,1,P101961,1,767.84,SALE,01-12-2024 18:25:27,S06,20241201
S06/20241201/00012,2,P107899,1,197.21,SALE,01-12-2024 18:25:27,S06,20241201
S06/20241201/00012,3,P104181,1,298.55,SALE,01-12-2024 18:25:27,S06,20241201
S06/20241201/00012,4,P105483,2,160.65,SALE,01-12-2024 18:25:27,S06,20241201
S06/20241201/00012,5,P104898,1,181.50,SALE,01-12-2024 18:25:27,S06,20241201
S06/20241201/00012,6,TAX,1,250.81,TAX,01-12-2024 18:25:27,S06,20241201
S06/20241201/00012,7,TENDER,1,2017.21,TENDER,01-12-2024 18:25:27,S06,20241201
S06/20241201/00013,1,P104439,2,123.98,SALE,01-12-2024 16:04:12,S06,20241201
S06/20241201/00013,2,P100135,2,72.29,SALE,01-12-2024 16:04:12,S06,20241201
S06/20241201/00013,3,P103525,1,252.51,SALE,01-12-2024 16:04:12,S06,20241201
S06/20241201/00013,4,P102664,2,261.47,SALE,01-12-2024 16:04:12,S06,20241201
S06/20241201/00013,5,P103616,3,662.98,SALE,01-12-2024 16:04:12,S06,20241201
S06/20241201/00013,6,P101968,2,12.46,SALE,01-12-2024 16:04:12,S06,20241201
S06/20241201/00013,7,TAX,1,262.55,TAX,01-12-2024 16:04:12,S06,20241201
S06/20241201/00013,8,TENDER,1,3444.40,TENDER,01-12-2024 16:04:12,S06,20241201
S06/20241201/00014,1,P100463,1,290.57,SALE,01-12-2024 19:34:02,S06,20241201
S06/20241201/00014,2,P104219,1,249.74,SALE,01-12-2024 19:34:02,S06,20241201
S06/20241201/00014,3,P105479,3,253.92,SALE,01-12-2024 19:34:02,S06,20241201
S06/20241201/00014,4,P100967,2,969.23,SALE,01-12-2024 19:34:02,S06,20241201
S06/20241201/00014,5,P100736,1,700.87,SALE,01-12-2024 19:34:02,S06,20241201
S06/20241201/00014,6,DISC,1,-384.55,DISCOUNT,01-12-2024 19:34:02,S06,20241201
S06/20241201/00014,7,TAX,1,426.82,TAX,01-12-2024 19:34:02,S06,20241201
S06/20241201/00014,8,TENDER,1,3983.67,TENDER,01-12-2024 19:34:02,S06,20241201
S06/20241201/00015,1,P106434,5,178.02,SALE,01-12-2024 14:07:03,S06,20241201
S06/20241201/00015,2,P103096,1,315.47,SALE,01-12-2024 14:07:03,S06,20241201
S06/20241201/00015,3,P100736,2,700.87,SALE,01-12-2024 14:07:03,S06,20241201
S06/20241201/00015,4,DISC,1,-96.79,DISCOUNT,01-12-2024 14:07:03,S06,20241201
S06/20241201/00015,5,TAX,1,319.49,TAX,01-12-2024 14:07:03,S06,20241201
S06/20241201/00015,6,TENDER,1,2830.01,TENDER,01-12-2024 14:07:03,S06,20241201
S06/20241201/00016,1,P100677,1,256.17,SALE,01-12-2024 13:49:20,S06,20241201
S06/20241201/00016,2,P105030,4,224.07,SALE,01-12-2024 13:49:20,S06,20241201
S06/20241201/00016,3,P104676,2,87.52,SALE,01-12-2024 13:49:20,S06,20241201
S06/20241201/00016,4,P100889,3,1028.39,SALE,01-12-2024 13:49:20,S06,20241201
S06/20241201/00016,5,P105331,2,308.39,SALE,01-12-2024 13:49:20,S06,20241201
S06/20241201/00016,6,TAX,1,424.05,TAX,01-12-2024 13:49:20,S06,20241201
S06/20241201/00016,7,TENDER,1,5453.49,TENDER,01-12-2024 13:49:20,S06,20241201
S06/20241201/00017,1,P101117,1,208.14,SALE,01-12-2024 21:29:44,S06,20241201
S06/20241201/00017,2,P108131,2,627.37,SALE,01-12-2024 21:29:44,S06,20241201
S06/20241201/00017,3,P105838,4,594.50,SALE,01-12-2024 21:29:44,S06,20241201
S06/20241201/00017,4,P108247,2,252.59,SALE,01-12-2024 21:29:44,S06,20241201
S06/20241201/00017,5,TAX,1,153.67,TAX,01-12-2024 21:29:44,S06,20241201
S06/20241201/00017,6,TENDER,1,4499.73,TENDER,01-12-2024 21:29:44,S06,20241201
S06/20241201/00018,1,P108041,1,368.87,SALE,01-12-2024 17:46:12,S06,20241201
S06/20241201/00018,2,P106830,1,103.94,SALE,01-12-2024 17:46:12,S06,20241201
S06/20241201/00018,3,P108369,1,343.20,SALE,01-12-2024 17:46:12,S06,20241201
S06/20241201/00018,4,TAX,1,124.75,TAX,01-12-2024 17:46:12,S06,20241201
S06/20241201/00018,5,TENDER,1,940.76,TENDER,01-12-2024 17:46:12,S06,20241201
S06/20241201/00019,1,P107795,2,284.47,SALE,01-12-2024 12:12:43,S06,20241201
S06/20241201/00019,2,P103904,2,1081.09,SALE,01-12-2024 12:12:43,S06,20241201
S06/20241201/00019,3,DISC,1,-212.41,DISCOUNT,01-12-2024 12:12:43,S06,20241201
S06/20241201/00019,4,TAX,1,162.66,TAX,01-12-2024 12:12:43,S06,20241201
S06/20241201/00019,5,TENDER,1,2681.37,TENDER,01-12-2024 12:12:43,S06,20241201
S06/20241201/00020,1,P102035,2,471.15,SALE,01-12-2024 20:01:56,S06,20241201
S06/20241201/00020,2,P101076,2,606.89,SALE,01-12-2024 20:01:56,S06,20241201
S06/20241201/00020,3,TAX,1,107.80,TAX,01-12-2024 20:01:56,S06,20241201
S06/20241201/00020,4,TENDER,1,2263.88,TENDER,01-12-2024 20:01:56,S06,20241201
S06/20241201/00021,1,P103413,2,1352.06,SALE,01-12-2024 19:50:10,S06,20241201
S06/20241201/00021,2,P103645,1,285.25,SALE,01-12-2024 19:50:10,S06,20241201
S06/20241201/00021,3,P101174,2,57.43,SALE,01-12-2024 19:50:10,S06,20241201
S06/20241201/00021,4,P104427,2,506.64,SALE,01-12-2024 19:50:10,S06,20241201
S06/20241201/00021,5,P100463,2,290.57,SALE,01-12-2024 19:50:10,S06,20241201
S06/20241201/00021,6,P100156,2,1528.63,SALE,01-12-2024 19:50:10,S06,20241201
S06/20241201/00021,7,TAX,1,393.08,TAX,01-12-2024 19:50:10,S06,20241201
S06/20241201/00021,8,TENDER,1,8148.99,TENDER,01-12-2024 19:50:10,S06,20241201
S06/20241201/00022,1,P100026,2,315.91,SALE,01-12-2024 17:49:26,S06,20241201
S06/20241201/00022,2,P101585,1,10.45,SALE,01-12-2024 17:49:26,S06,20241201
S06/20241201/00022,3,P108247,1,252.59,SALE,01-12-2024 17:49:26,S06,20241201
S06/20241201/00022,4,P104168,3,512.27,SALE,01-12-2024 17:49:26,S06,20241201
S06/20241201/00022,5,P101174,3,57.43,SALE,01-12-2024 17:49:26,S06,20241201
S06/20241201/00022,6,P102236,3,928.51,SALE,01-12-2024 17:49:26,S06,20241201
S06/20241201/00022,7,P106745,2,621.98,SALE,01-12-2024 17:49:26,S06,20241201
S06/20241201/00022,8,P103806,1,319.17,SALE,01-12-2024 17:49:26,S06,20241201
S06/20241201/00022,9,P100693,1,107.22,SALE,01-12-2024 17:49:26,S06,20241201
S06/20241201/00022,10,TAX,1,546.88,TAX,01-12-2024 17:49:26,S06,20241201
S06/20241201/00022,11,TENDER,1,7606.72,TENDER,01-12-2024 17:49:26,S06,20241201
S06/20241201/00023,1,P104308,1,53.24,SALE,01-12-2024 15:00:00,S06,20241201
S06/20241201/00023,2,P104784,3,370.89,SALE,01-12-2024 15:00:00,S06,20241201
S06/20241201/00023,3,P108008,3,128.46,SALE,01-12-2024 15:00:00,S06,20241201
S06/20241201/00023,4,P100816,2,806.93,SALE,01-12-2024 15:00:00,S06,20241201
S06/20241201/00023,5,TAX,1,406.14,TAX,01-12-2024 15:00:00,S06,20241201
S06/20241201/00023,6,TENDER,1,3571.29,TENDER,01-12-2024 15:00:00,S06,20241201
S06/20241201/00024,1,P104765,2,369.25,SALE,01-12-2024 19:03:28,S06,20241201
S06/20241201/00024,2,P106584,1,247.63,SALE,01-12-2024 19:03:28,S06,20241201
S06/20241201/00024,3,P101359,3,49.69,SALE,01-12-2024 19:03:28,S06,20241201
S06/20241201/00024,4,TAX,1,115.45,TAX,01-12-2024 19:03:28,S06,20241201
S06/20241201/00024,5,TENDER,1,1250.65,TENDER,01-12-2024 19:03:28,S06,20241201
S06/20241201/00025,1,P102857,1,116.85,SALE,01-12-2024 15:59:47,S06,20241201
S06/20241201/00025,2,P106506,1,125.80,SALE,01-12-2024 15:59:47,S06,20241201
S06/20241201/00025,3,P100131,1,667.83,SALE,01-12-2024 15:59:47,S06,20241201
S06/20241201/00025,4,P105440,2,107.89,SALE,01-12-2024 15:59:47,S06,20241201
S06/20241201/00025,5,TAX,1,134.61,TAX,01-12-2024 15:59:47,S06,20241201
S06/20241201/00025,6,TENDER,1,1260.87,TENDER,01-12-2024 15:59:47,S06,20241201
S06/20241201/00026,1,P107759,3,257.69,SALE,01-12-2024 16:24:23,S06,20241201
S06/20241201/00026,2,P106130,4,1317.16,SALE,01-12-2024 16:24:23,S06,20241201
S06/20241201/00026,3,P102424,2,333.88,SALE,01-12-2024 16:24:23,S06,20241201
S06/20241201/00026,4,P107414,1,565.57,SALE,01-12-2024 16:24:23,S06,20241201
S06/20241201/00026,5,P104909,3,363.10,SALE,01-12-2024 16:24:23,S06,20241201
S06/20241201/00026,6,P100781,1,654.99,SALE,01-12-2024 16:24:23,S06,20241201
S06/20241201/00026,7,P102432,3,895.86,SALE,01-12-2024 16:24:23,S06,20241201
S06/20241201/00026,8,P101940,3,201.44,SALE,01-12-2024 16:24:23,S06,20241201
S06/20241201/00026,9,DISC,1,-283.11,DISCOUNT,01-12-2024 16:24:23,S06,20241201
S06/20241201/00026,10,TAX,1,561.38,TAX,01-12-2024 16:24:23,S06,20241201
S06/20241201/00026,11,TENDER,1,12589.50,TENDER,01-12-2024 16:24:23,S06,20241201
S06/20241201/00027,1,P104107,2,479.48,SALE,01-12-2024 15:51:15,S06,20241201
S06/20241201/00027,2,P103986,1,495.05,SALE,01-12-2024 15:51:15,S06,20241201
S06/20241201/00027,3,P101010,2,71.39,SALE,01-12-2024 15:51:15,S06,20241201
S06/20241201/00027,4,DISC,1,-156.21,DISCOUNT,01-12-2024 15:51:15,S06,20241201
S06/20241201/00027,5,TAX,1,251.58,TAX,01-12-2024 15:51:15,S06,20241201
S06/20241201/00027,6,TENDER,1,1692.16,TENDER,01-12-2024 15:51:15,S06,20241201
S06/20241201/00028,1,P107775,1,737.39,SALE,01-12-2024 12:10:15,S06,20241201
S06/20241201/00028,2,P108110,1,16.57,SALE,01-12-2024 12:10:15,S06,20241201
S06/20241201/00028,3,P100049,2,68.93,SALE,01-12-2024 12:10:15,S06,20241201
S06/20241201/00028,4,P105819,4,66.64,SALE,01-12-2024 12:10:15,S06,20241201
S06/20241201/00028,5,TAX,1,112.65,TAX,01-12-2024 12:10:15,S06,20241201
S06/20241201/00028,6,TENDER,1,1271.03,TENDER,01-12-2024 12:10:15,S06,20241201
S06/20241201/00029,1,P107775,3,737.39,SALE,01-12-2024 08:09:50,S06,20241201
S06/20241201/00029,2,P106106,2,219.14,SALE,01-12-2024 08:09:50,S06,20241201
S06/20241201/00029,3,P106942,2,206.70,SALE,01-12-2024 08:09:50,S06,20241201
S06/20241201/00029,4,P103234,3,128.39,SALE,01-12-2024 08:09:50,S06,20241201
S06/20241201/00029,5,P102520,2,731.86,SALE,01-12-2024 08:09:50,S06,20241201
S06/20241201/00029,6,P103316,2,1774.02,SALE,01-12-2024 08:09:50,S06,20241201
S06/20241201/00029,7,P102424,2,333.88,SALE,01-12-2024 08:09:50,S06,20241201
S06/20241201/00029,8,P104302,1,1255.97,SALE,01-12-2024 08:09:50,S06,20241201
S06/20241201/00029,9,TAX,1,962.55,TAX,01-12-2024 08:09:50,S06,20241201
S06/20241201/00029,10,TENDER,1,11347.06,TENDER,01-12-2024 08:09:50,S06,20241201
S06/20241201/00030,1,P101564,-2,172.72,RETURN,01-12-2024 15:30:58,S06,20241201
S06/20241201/00030,2,P104909,-1,363.10,RETURN,01-12-2024 15:30:58,S06,20241201
S06/20241201/00030,3,P108239,-2,256.06,RETURN,01-12-2024 15:30:58,S06,20241201
S06/20241201/00030,4,P100582,-2,170.67,RETURN,01-12-2024 15:30:58,S06,20241201
S06/20241201/00030,5,P103606,-2,185.94,RETURN,01-12-2024 15:30:58,S06,20241201
S06/20241201/00030,6,P106927,-3,156.05,RETURN,01-12-2024 15:30:58,S06,20241201
S06/20241201/00030,7,P106405,-1,40.51,RETURN,01-12-2024 15:30:58,S06,20241201
S06/20241201/00030,8,P108275,-1,504.53,RETURN,01-12-2024 15:30:58,S06,20241201
S06/20241201/00030,9,TAX,1,-355.91,TAX,01-12-2024 15:30:58,S06,20241201
S06/20241201/00030,10,TENDER,1,-3302.98,TENDER,01-12-2024 15:30:58,S06,20241201
S06/20241201/00031,1,P105720,1,69.64,SALE,01-12-2024 17:31:08,S06,20241201
S06/20241201/00031,2,P105272,1,351.65,SALE,01-12-2024 17:31:08,S06,20241201
S06/20241201/00031,3,P100627,1,440.29,SALE,01-12-2024 17:31:08,S06,20241201
S06/20241201/00031,4,P104404,2,890.27,SALE,01-12-2024 17:31:08,S06,20241201
S06/20241201/00031,5,TAX,1,277.88,TAX,01-12-2024 17:31:08,S06,20241201
S06/20241201/00031,6,TENDER,1,2920.00,TENDER,01-12-2024 17:31:08,S06,20241201
S06/20241201/00032,1,P108186,3,324.50,SALE,01-12-2024 23:44:44,S06,20241201
S06/20241201/00032,2,P104361,1,1519.18,SALE,01-12-2024 23:44:44,S06,20241201
S06/20241201/00032,3,P101564,1,172.72,SALE,01-12-2024 23:44:44,S06,20241201
S06/20241201/00032,4,DISC,1,-292.38,DISCOUNT,01-12-2024 23:44:44,S06,20241201
S06/20241201/00032,5,TAX,1,293.99,TAX,01-12-2024 23:44:44,S06,20241201
S06/20241201/00032,6,TENDER,1,2667.01,TENDER,01-12-2024 23:44:44,S06,20241201
S06/20241201/00033,1,P108206,2,81.62,SALE,01-12-2024 16:58:57,S06,20241201
S06/20241201/00033,2,P105684,2,1114.27,SALE,01-12-2024 16:58:57,S06,20241201
S06/20241201/00033,3,P101384,2,42.99,SALE,01-12-2024 16:58:57,S06,20241201
S06/20241201/00033,4,P106669,2,102.72,SALE,01-12-2024 16:58:57,S06,20241201
S06/20241201/00033,5,TAX,1,126.00,TAX,01-12-2024 16:58:57,S06,20241201
S06/20241201/00033,6,TENDER,1,2809.20,TENDER,01-12-2024 16:58:57,S06,20241201
S06/20241201/00034,1,P102311,2,308.69,SALE,01-12-2024 12:04:40,S06,20241201
S06/20241201/00034,2,P101884,3,352.98,SALE,01-12-2024 12:04:40,S06,20241201
S06/20241201/00034,3,P106848,2,17.39,SALE,01-12-2024 12:04:40,S06,20241201
S06/20241201/00034,4,P101023,2,213.62,SALE,01-12-2024 12:04:40,S06,20241201
S06/20241201/00034,5,P102581,1,185.56,SALE,01-12-2024 12:04:40,S06,20241201
S06/20241201/00034,6,DISC,1,-244.58,DISCOUNT,01-12-2024 12:04:40,S06,20241201
S06/20241201/00034,7,TAX,1,168.73,TAX,01-12-2024 12:04:40,S06,20241201
S06/20241201/00034,8,TENDER,1,2248.05,TENDER,01-12-2024 12:04:40,S06,20241201
S06/20241201/00035,1,P107119,2,18.29,SALE,01-12-2024 19:03:41,S06,20241201
S06/20241201/00035,2,P107409,1,486.68,SALE,01-12-2024 19:03:41,S06,20241201
S06/20241201/00035,3,P105198,1,15.39,SALE,01-12-2024 19:03:41,S06,20241201
S06/20241201/00035,4,P101004,2,357.75,SALE,01-12-2024 19:03:41,S06,20241201
S06/20241201/00035,5,P103197,2,339.40,SALE,01-12-2024 19:03:41,S06,20241201
S06/20241201/00035,6,TAX,1,150.00,TAX,01-12-2024 19:03:41,S06,20241201
S06/20241201/00035,7,TENDER,1,2082.95,TENDER,01-12-2024 19:03:41,S06,20241201
S06/20241201/00036,1,P103299,1,238.05,SALE,01-12-2024 14:51:13,S06,20241201
S06/20241201/00036,2,P105136,3,158.61,SALE,01-12-2024 14:51:13,S06,20241201
S06/20241201/00036,3,P106162,1,534.57,SALE,01-12-2024 14:51:13,S06,20241201
S06/20241201/00036,4,P107555,5,1314.43,SALE,01-12-2024 14:51:13,S06,20241201
S06/20241201/00036,5,TAX,1,42.85,TAX,01-12-2024 14:51:13,S06,20241201
S06/20241201/00036,6,TENDER,1,7863.45,TENDER,01-12-2024 14:51:13,S06,20241201
S06/20241201/00037,1,P104187,2,86.95,SALE,01-12-2024 17:41:37,S06,20241201
S06/20241201/00037,2,P105201,2,365.02,SALE,01-12-2024 17:41:37,S06,20241201
S06/20241201/00037,3,P101090,1,24.06,SALE,01-12-2024 17:41:37,S06,20241201
S06/20241201/00037,4,TAX,1,49.53,TAX,01-12-2024 17:41:37,S06,20241201
S06/20241201/00037,5,TENDER,1,977.53,TENDER,01-12-2024 17:41:37,S06,20241201
S06/20241201/00038,1,P103416,2,73.27,SALE,01-12-2024 16:20:52,S06,20241201
S06/20241201/00038,2,P104827,1,168.97,SALE,01-12-2024 16:20:52,S06,20241201
S06/20241201/00038,3,P102067,2,181.50,SALE,01-12-2024 16:20:52,S06,20241201
S06/20241201/00038,4,DISC,1,-66.19,DISCOUNT,01-12-2024 16:20:52,S06,20241201
S06/20241201/00038,5,TAX,1,40.18,TAX,01-12-2024 16:20:52,S06,20241201
S06/20241201/00038,6,TENDER,1,652.50,TENDER,01-12-2024 16:20:52,S06,20241201
S06/20241201/00039,1,P101106,1,543.49,SALE,01-12-2024 12:57:48,S06,20241201
S06/20241201/00039,2,P105511,2,310.12,SALE,01-12-2024 12:57:48,S06,20241201
S06/20241201/00039,3,P104965,1,88.50,SALE,01-12-2024 12:57:48,S06,20241201
S06/20241201/00039,4,P103262,2,54.76,SALE,01-12-2024 12:57:48,S06,20241201
S06/20241201/00039,5,TAX,1,148.72,TAX,01-12-2024 12:57:48,S06,20241201
S06/20241201/00039,6,TENDER,1,1510.47,TENDER,01-12-2024 12:57:48,S06,20241201
S06/20241201/00040,1,P105882,2,222.02,SALE,01-12-2024 18:06:17,S06,20241201
S06/20241201/00040,2,P104956,1,141.84,SALE,01-12-2024 18:06:17,S06,20241201
S06/20241201/00040,3,P106080,2,361.06,SALE,01-12-2024 18:06:17,S06,20241201
S06/20241201/00040,4,P103637,1,338.13,SALE,01-12-2024 18:06:17,S06,20241201
S06/20241201/00040,5,P108216,4,69.70,SALE,01-12-2024 18:06:17,S06,20241201
S06/20241201/00040,6,TAX,1,266.92,TAX,01-12-2024 18:06:17,S06,20241201
S06/20241201/00040,7,TENDER,1,2191.85,TENDER,01-12-2024 18:06:17,S06,20241201
S06/20241201/00041,1,P100819,2,1109.59,SALE,01-12-2024 17:32:19,S06,20241201
S06/20241201/00041,2,P106731,1,153.24,SALE,01-12-2024 17:32:19,S06,20241201
S06/20241201/00041,3,P102993,1,318.19,SALE,01-12-2024 17:32:19,S06,20241201
S06/20241201/00041,4,P106024,2,472.89,SALE,01-12-2024 17:32:19,S06,20241201
S06/20241201/00041,5,P103090,3,841.97,SALE,01-12-2024 17:32:19,S06,20241201
S06/20241201/00041,6,P103749,2,17.91,SALE,01-12-2024 17:32:19,S06,20241201
S06/20241201/00041,7,P101156,3,95.07,SALE,01-12-2024 17:32:19,S06,20241201
S06/20241201/00041,8,P103413,2,1352.06,SALE,01-12-2024 17:32:19,S06,20241201
S06/20241201/00041,9,P100453,1,207.31,SALE,01-12-2024 17:32:19,S06,20241201
S06/20241201/00041,10,TAX,1,493.24,TAX,01-12-2024 17:32:19,S06,20241201
S06/20241201/00041,11,TENDER,1,9888.00,TENDER,01-12-2024 17:32:19,S06,20241201
S06/20241201/00042,1,P103484,2,109.59,SALE,01-12-2024 09:48:20,S06,20241201
S06/20241201/00042,2,P103616,1,662.98,SALE,01-12-2024 09:48:20,S06,20241201
S06/20241201/00042,3,P101242,3,92.35,SALE,01-12-2024 09:48:20,S06,20241201
S06/20241201/00042,4,TAX,1,122.47,TAX,01-12-2024 09:48:20,S06,20241201
S06/20241201/00042,5,TENDER,1,1281.68,TENDER,01-12-2024 09:48:20,S06,20241201
S06/20241201/00043,1,P107178,1,298.69,SALE,01-12-2024 11:29:32,S06,20241201
S06/20241201/00043,2,P105805,4,110.21,SALE,01-12-2024 11:29:32,S06,20241201
S06/20241201/00043,3,P105483,2,160.65,SALE,01-12-2024 11:29:32,S06,20241201
S06/20241201/00043,4,P103090,2,841.97,SALE,01-12-2024 11:29:32,S06,20241201
S06/20241201/00043,5,P101894,2,668.48,SALE,01-12-2024 11:29:32,S06,20241201
S06/20241201/00043,6,TAX,1,338.31,TAX,01-12-2024 11:29:32,S06,20241201
S06/20241201/00043,7,TENDER,1,4420.04,TENDER,01-12-2024 11:29:32,S06,20241201
S06/20241201/00044,1,P102389,1,84.91,SALE,01-12-2024 18:19:50,S06,20241201
S06/20241201/00044,2,P105497,2,70.98,SALE,01-12-2024 18:19:50,S06,20241201
S06/20241201/00044,3,P102485,2,208.13,SALE,01-12-2024 18:19:50,S06,20241201
S06/20241201/00044,4,P101470,1,196.94,SALE,01-12-2024 18:19:50,S06,20241201
S06/20241201/00044,5,TAX,1,53.13,TAX,01-12-2024 18:19:50,S06,20241201
S06/20241201/00044,6,TENDER,1,893.20,TENDER,01-12-2024 18:19:50,S06,20241201
S06/20241201/00045,1,P101859,1,66.16,SALE,01-12-2024 21:04:58,S06,20241201
S06/20241201/00045,2,P105057,1,294.62,SALE,01-12-2024 21:04:58,S06,20241201
S06/20241201/00045,3,P104676,1,87.52,SALE,01-12-2024 21:04:58,S06,20241201
S06/20241201/00045,4,TAX,1,76.72,TAX,01-12-2024 21:04:58,S06,20241201
S06/20241201/00045,5,TENDER,1,525.02,TENDER,01-12-2024 21:04:58,S06,20241201
S06/20241201/00046,1,P103178,3,21.89,SALE,01-12-2024 11:27:52,S06,20241201
S06/20241201/00046,2,DISC,1,-3.55,DISCOUNT,01-12-2024 11:27:52,S06,20241201
S06/20241201/00046,3,TAX,1,11.18,TAX,01-12-2024 11:27:52,S06,20241201
S06/20241201/00046,4,TENDER,1,73.30,TENDER,01-12-2024 11:27:52,S06,20241201
S06/20241201/00047,1,P104831,3,1516.75,SALE,01-12-2024 14:43:17,S06,20241201
S06/20241201/00047,2,P103749,4,17.91,SALE,01-12-2024 14:43:17,S06,20241201
S06/20241201/00047,3,P104089,1,358.58,SALE,01-12-2024 14:43:17,S06,20241201
S06/20241201/00047,4,P104909,1,363.10,SALE,01-12-2024 14:43:17,S06,20241201
S06/20241201/00047,5,TAX,1,623.47,TAX,01-12-2024 14:43:17,S06,20241201
S06/20241201/00047,6,TENDER,1,5967.04,TENDER,01-12-2024 14:43:17,S06,20241201
S06/20241201/00048,1,P106865,1,299.72,SALE,01-12-2024 19:35:35,S06,20241201
S06/20241201/00048,2,P102014,5,261.84,SALE,01-12-2024 19:35:35,S06,20241201
S06/20241201/00048,3,P105180,3,102.63,SALE,01-12-2024 19:35:35,S06,20241201
S06/20241201/00048,4,P106773,2,397.71,SALE,01-12-2024 19:35:35,S06,20241201
S06/20241201/00048,5,P107914,2,244.98,SALE,01-12-2024 19:35:35,S06,20241201
S06/20241201/00048,6,P100339,6,299.99,SALE,01-12-2024 19:35:35,S06,20241201
S06/20241201/00048,7,P100946,1,81.33,SALE,01-12-2024 19:35:35,S06,20241201
S06/20241201/00048,8,P101599,1,417.76,SALE,01-12-2024 19:35:35,S06,20241201
S06/20241201/00048,9,P106584,2,247.63,SALE,01-12-2024 19:35:35,S06,20241201
S06/20241201/00048,10,TAX,1,990.22,TAX,01-12-2024 19:35:35,S06,20241201
S06/20241201/00048,11,TENDER,1,6986.70,TENDER,01-12-2024 19:35:35,S06,20241201
S06/20241201/00049,1,P102067,1,181.50,SALE,01-12-2024 17:02:21,S06,20241201
S06/20241201/00049,2,P101237,1,278.87,SALE,01-12-2024 17:02:21,S06,20241201
S06/20241201/00049,3,P101454,2,148.61,SALE,01-12-2024 17:02:21,S06,20241201
S06/20241201/00049,4,P100722,3,330.17,SALE,01-12-2024 17:02:21,S06,20241201
S06/20241201/00049,5,P105890,5,1196.88,SALE,01-12-2024 17:02:21,S06,20241201
S06/20241201/00049,6,P106048,5,310.59,SALE,01-12-2024 17:02:21,S06,20241201
S06/20241201/00049,7,TAX,1,563.78,TAX,01-12-2024 17:02:21,S06,20241201
S06/20241201/00049,8,TENDER,1,9849.23,TENDER,01-12-2024 17:02:21,S06,20241201
S06/20241201/00050,1,P102768,1,158.73,SALE,01-12-2024 13:11:45,S06,20241201
S06/20241201/00050,2,P106534,1,96.00,SALE,01-12-2024 13:11:45,S06,20241201
S06/20241201/00050,3,P101428,2,431.72,SALE,01-12-2024 13:11:45,S06,20241201
S06/20241201/00050,4,P105331,2,308.39,SALE,01-12-2024 13:11:45,S06,20241201
S06/20241201/00050,5,P103693,4,102.71,SALE,01-12-2024 13:11:45,S06,20241201
S06/20241201/00050,6,TAX,1,232.11,TAX,01-12-2024 13:11:45,S06,20241201
S06/20241201/00050,7,TENDER,1,2377.90,TENDER,01-12-2024 13:11:45,S06,20241201
S06/20241201/00051,1,P106566,2,239.10,SALE,01-12-2024 19:02:22,S06,20241201
S06/20241201/00051,2,P100819,1,1109.59,SALE,01-12-2024 19:02:22,S06,20241201
S06/20241201/00051,3,P101766,2,220.67,SALE,01-12-2024 19:02:22,S06,20241201
S06/20241201/00051,4,P100627,1,440.29,SALE,01-12-2024 19:02:22,S06,20241201
S06/20241201/00051,5,P104784,1,370.89,SALE,01-12-2024 19:02:22,S06,20241201
S06/20241201/00051,6,P103178,1,21.89,SALE,01-12-2024 19:02:22,S06,20241201
S06/20241201/00051,7,TAX,1,209.50,TAX,01-12-2024 19:02:22,S06,20241201
S06/20241201/00051,8,TENDER,1,3071.70,TENDER,01-12-2024 19:02:22,S06,20241201
S06/20241201/00052,1,P105227,4,292.54,SALE,01-12-2024 14:48:27,S06,20241201
S06/20241201/00052,2,P104149,2,88.07,SALE,01-12-2024 14:48:27,S06,20241201
S06/20241201/00052,3,TAX,1,149.23,TAX,01-12-2024 14:48:27,S06,20241201
S06/20241201/00052,4,TENDER,1,1495.53,TENDER,01-12-2024 14:48:27,S06,20241201
S06/20241201/00053,1,P102280,2,644.81,SALE,01-12-2024 20:49:24,S06,20241201
S06/20241201/00053,2,P102768,1,158.73,SALE,01-12-2024 20:49:24,S06,20241201
S06/20241201/00053,3,P105400,2,53.13,SALE,01-12-2024 20:49:24,S06,20241201
S06/20241201/00053,4,P103978,2,347.08,SALE,01-12-2024 20:49:24,S06,20241201
S06/20241201/00053,5,P103833,2,1136.81,SALE,01-12-2024 20:49:24,S06,20241201
S06/20241201/00053,6,P107346,1,449.29,SALE,01-12-2024 20:49:24,S06,20241201
S06/20241201/00053,7,TAX,1,450.68,TAX,01-12-2024 20:49:24,S06,20241201
S06/20241201/00053,8,TENDER,1,5422.36,TENDER,01-12-2024 20:49:24,S06,20241201
S06/20241201/00054,1,P104670,1,108.77,SALE,01-12-2024 14:20:19,S06,20241201
S06/20241201/00054,2,TAX,1,19.58,TAX,01-12-2024 14:20:19,S06,20241201
S06/20241201/00054,3,TENDER,1,128.35,TENDER,01-12-2024 14:20:19,S06,20241201
S06/20241201/00055,1,P100319,3,54.97,SALE,01-12-2024 09:17:17,S06,20241201
S06/20241201/00055,2,P105331,1,308.39,SALE,01-12-2024 09:17:17,S06,20241201
S06/20241201/00055,3,P103577,2,100.44,SALE,01-12-2024 09:17:17,S06,20241201
S06/20241201/00055,4,P103105,1,34.12,SALE,01-12-2024 09:17:17,S06,20241201
S06/20241201/00055,5,TAX,1,53.91,TAX,01-12-2024 09:17:17,S06,20241201
S06/20241201/00055,6,TENDER,1,762.21,TENDER,01-12-2024 09:17:17,S06,20241201
S06/20241201/00056,1,P105944,2,985.47,SALE,01-12-2024 21:09:19,S06,20241201
S06/20241201/00056,2,P107686,4,347.22,SALE,01-12-2024 21:09:19,S06,20241201
S06/20241201/00056,3,P106773,1,397.71,SALE,01-12-2024 21:09:19,S06,20241201
S06/20241201/00056,4,P106258,1,423.67,SALE,01-12-2024 21:09:19,S06,20241201
S06/20241201/00056,5,P106098,2,334.84,SALE,01-12-2024 21:09:19,S06,20241201
S06/20241201/00056,6,P102738,4,236.55,SALE,01-12-2024 21:09:19,S06,20241201
S06/20241201/00056,7,TAX,1,773.19,TAX,01-12-2024 21:09:19,S06,20241201
S06/20241201/00056,8,TENDER,1,6570.27,TENDER,01-12-2024 21:09:19,S06,20241201
S06/20241201/00057,1,P101272,2,96.70,SALE,01-12-2024 20:26:10,S06,20241201
S06/20241201/00057,2,P103743,4,1117.90,SALE,01-12-2024 20:26:10,S06,20241201
S06/20241201/00057,3,P105400,2,53.13,SALE,01-12-2024 20:26:10,S06,20241201
S06/20241201/00057,4,P100456,2,982.47,SALE,01-12-2024 20:26:10,S06,20241201
S06/20241201/00057,5,TAX,1,127.04,TAX,01-12-2024 20:26:10,S06,20241201
S06/20241201/00057,6,TENDER,1,6863.24,TENDER,01-12-2024 20:26:10,S06,20241201
S06/20241201/00058,1,P100287,2,240.45,SALE,01-12-2024 10:58:58,S06,20241201
S06/20241201/00058,2,P106388,3,1120.55,SALE,01-12-2024 10:58:58,S06,20241201
S06/20241201/00058,3,P101904,3,644.38,SALE,01-12-2024 10:58:58,S06,20241201
S06/20241201/00058,4,P103281,1,172.43,SALE,01-12-2024 10:58:58,S06,20241201
S06/20241201/00058,5,P104334,5,294.34,SALE,01-12-2024 10:58:58,S06,20241201
S06/20241201/00058,6,TAX,1,510.30,TAX,01-12-2024 10:58:58,S06,20241201
S06/20241201/00058,7,TENDER,1,7930.12,TENDER,01-12-2024 10:58:58,S06,20241201
S06/20241201/00059,1,P104587,3,252.25,SALE,01-12-2024 13:31:48,S06,20241201
S06/20241201/00059,2,P102112,2,389.72,SALE,01-12-2024 13:31:48,S06,20241201
S06/20241201/00059,3,P107966,1,391.71,SALE,01-12-2024 13:31:48,S06,20241201
S06/20241201/00059,4,P108338,1,218.68,SALE,01-12-2024 13:31:48,S06,20241201
S06/20241201/00059,5,P102768,5,158.73,SALE,01-12-2024 13:31:48,S06,20241201
S06/20241201/00059,6,P100394,1,320.36,SALE,01-12-2024 13:31:48,S06,20241201
S06/20241201/00059,7,P106151,3,298.42,SALE,01-12-2024 13:31:48,S06,20241201
S06/20241201/00059,8,P107759,3,257.69,SALE,01-12-2024 13:31:48,S06,20241201
S06/20241201/00059,9,TAX,1,459.46,TAX,01-12-2024 13:31:48,S06,20241201
S06/20241201/00059,10,TENDER,1,5388.38,TENDER,01-12-2024 13:31:48,S06,20241201
S06/20241201/00060,1,P103843,3,660.15,SALE,01-12-2024 13:11:28,S06,20241201
S06/20241201/00060,2,P106745,2,621.98,SALE,01-12-2024 13:11:28,S06,20241201
S06/20241201/00060,3,P101779,3,209.76,SALE,01-12-2024 13:11:28,S06,20241201
S06/20241201/00060,4,TAX,1,611.86,TAX,01-12-2024 13:11:28,S06,20241201
S06/20241201/00060,5,TENDER,1,4465.55,TENDER,01-12-2024 13:11:28,S06,20241201
S06/20241201/00061,1,P101884,1,352.98,SALE,01-12-2024 16:43:54,S06,20241201
S06/20241201/00061,2,P107549,3,47.87,SALE,01-12-2024 16:43:54,S06,20241201
S06/20241201/00061,3,DISC,1,-13.08,DISCOUNT,01-12-2024 16:43:54,S06,20241201
S06/20241201/00061,4,TAX,1,66.41,TAX,01-12-2024 16:43:54,S06,20241201
S06/20241201/00061,5,TENDER,1,549.92,TENDER,01-12-2024 16:43:54,S06,20241201
S06/20241201/00062,1,P108110,2,15.74,SALE,01-12-2024 22:19:55,S06,20241201
S06/20241201/00062,2,P108186,2,324.50,SALE,01-12-2024 22:19:55,S06,20241201
S06/20241201/00062,3,P100652,3,45.46,SALE,01-12-2024 22:19:55,S06,20241201
S06/20241201/00062,4,TAX,1,108.09,TAX,01-12-2024 22:19:55,S06,20241201
S06/20241201/00062,5,TENDER,1,924.95,TENDER,01-12-2024 22:19:55,S06,20241201
S06/20241201/00063,1,P100375,1,163.45,SALE,01-12-2024 17:42:23,S06,20241201
S06/20241201/00063,2,P101184,1,64.09,SALE,01-12-2024 17:42:23,S06,20241201
S06/20241201/00063,3,P101899,1,326.35,SALE,01-12-2024 17:42:23,S06,20241201
S06/20241201/00063,4,P102415,1,1245.81,SALE,01-12-2024 17:42:23,S06,20241201
S06/20241201/00063,5,P106686,2,324.48,SALE,01-12-2024 17:42:23,S06,20241201
S06/20241201/00063,6,P107564,1,325.35,SALE,01-12-2024 17:42:23,S06,20241201
S06/20241201/00063,7,TAX,1,208.39,TAX,01-12-2024 17:42:23,S06,20241201
S06/20241201/00063,8,TENDER,1,2982.40,TENDER,01-12-2024 17:42:23,S06,20241201
S06/20241201/00064,1,P102014,-1,261.84,RETURN,01-12-2024 21:41:23,S06,20241201
S06/20241201/00064,2,P104501,-2,413.53,RETURN,01-12-2024 21:41:23,S06,20241201
S06/20241201/00064,3,P101492,-3,113.44,RETURN,01-12-2024 21:41:23,S06,20241201
S06/20241201/00064,4,P100112,-1,95.15,RETURN,01-12-2024 21:41:23,S06,20241201
S06/20241201/00064,5,P105765,-1,529.25,RETURN,01-12-2024 21:41:23,S06,20241201
S06/20241201/00064,6,P107435,-2,636.54,RETURN,01-12-2024 21:41:23,S06,20241201
S06/20241201/00064,7,P104226,-3,303.01,RETURN,01-12-2024 21:41:23,S06,20241201
S06/20241201/00064,8,TAX,1,-449.94,TAX,01-12-2024 21:41:23,S06,20241201
S06/20241201/00064,9,TENDER,1,-4685.67,TENDER,01-12-2024 21:41:23,S06,20241201
S06/20241201/00065,1,P107536,3,1613.47,SALE,01-12-2024 14:49:39,S06,20241201
S06/20241201/00065,2,P100924,2,50.37,SALE,01-12-2024 14:49:39,S06,20241201
S06/20241201/00065,3,P100005,3,114.37,SALE,01-12-2024 14:49:39,S06,20241201
S06/20241201/00065,4,P101740,1,855.00,SALE,01-12-2024 14:49:39,S06,20241201
S06/20241201/00065,5,P107621,3,119.64,SALE,01-12-2024 14:49:39,S06,20241201
S06/20241201/00065,6,TAX,1,79.89,TAX,01-12-2024 14:49:39,S06,20241201
S06/20241201/00065,7,TENDER,1,6578.07,TENDER,01-12-2024 14:49:39,S06,20241201
S06/20241201/00066,1,P105965,1,66.08,SALE,01-12-2024 14:02:48,S06,20241201
S06/20241201/00066,2,P104628,3,196.55,SALE,01-12-2024 14:02:48,S06,20241201
S06/20241201/00066,3,P104351,2,1128.29,SALE,01-12-2024 14:02:48,S06,20241201
S06/20241201/00066,4,TAX,1,222.27,TAX,01-12-2024 14:02:48,S06,20241201
S06/20241201/00066,5,TENDER,1,3134.58,TENDER,01-12-2024 14:02:48,S06,20241201
S06/20241201/00067,1,P108131,1,627.37,SALE,01-12-2024 16:25:30,S06,20241201
S06/20241201/00067,2,P106624,2,98.44,SALE,01-12-2024 16:25:30,S06,20241201
S06/20241201/00067,3,P106620,2,273.19,SALE,01-12-2024 16:25:30,S06,20241201
S06/20241201/00067,4,P107282,2,1189.20,SALE,01-12-2024 16:25:30,S06,20241201
S06/20241201/00067,5,TAX,1,96.93,TAX,01-12-2024 16:25:30,S06,20241201
S06/20241201/00067,6,TENDER,1,3845.96,TENDER,01-12-2024 16:25:30,S06,20241201
S06/20241201/00068,1,P101359,1,49.69,SALE,01-12-2024 21:56:46,S06,20241201
S06/20241201/00068,2,P102255,2,167.76,SALE,01-12-2024 21:56:46,S06,20241201
S06/20241201/00068,3,P107759,2,257.69,SALE,01-12-2024 21:56:46,S06,20241201
S06/20241201/00068,4,TAX,1,8.94,TAX,01-12-2024 21:56:46,S06,20241201
S06/20241201/00068,5,TENDER,1,909.53,TENDER,01-12-2024 21:56:46,S06,20241201
S06/20241201/00069,1,P103629,1,60.58,SALE,01-12-2024 13:03:59,S06,20241201
S06/20241201/00069,2,P106528,3,832.82,SALE,01-12-2024 13:03:59,S06,20241201
S06/20241201/00069,3,P105009,1,65.38,SALE,01-12-2024 13:03:59,S06,20241201
S06/20241201/00069,4,TAX,1,322.49,TAX,01-12-2024 13:03:59,S06,20241201
S06/20241201/00069,5,TENDER,1,2946.91,TENDER,01-12-2024 13:03:59,S06,20241201
S06/20241201/00070,1,P100767,4,277.22,SALE,01-12-2024 20:40:53,S06,20241201
S06/20241201/00070,2,P104916,2,340.18,SALE,01-12-2024 20:40:53,S06,20241201
S06/20241201/00070,3,TAX,1,255.53,TAX,01-12-2024 20:40:53,S06,20241201
S06/20241201/00070,4,TENDER,1,2044.77,TENDER,01-12-2024 20:40:53,S06,20241201
S06/20241201/00071,1,P105176,1,509.66,SALE,01-12-2024 13:11:18,S06,20241201
S06/20241201/00071,2,P101393,4,36.64,SALE,01-12-2024 13:11:18,S06,20241201
S06/20241201/00071,3,TAX,1,99.07,TAX,01-12-2024 13:11:18,S06,20241201
S06/20241201/00071,4,TENDER,1,755.29,TENDER,01-12-2024 13:11:18,S06,20241201
S06/20241202/00001,1,P102903,2,51.46,SALE,02-12-2024 20:54:00,S06,20241202
S06/20241202/00001,2,P103908,2,104.62,SALE,02-12-2024 20:54:00,S06,20241202
S06/20241202/00001,3,TAX,1,43.63,TAX,02-12-2024 20:54:00,S06,20241202
S06/20241202/00001,4,TENDER,1,355.79,TENDER,02-12-2024 20:54:00,S06,20241202
S06/20241202/00002,1,P106697,3,342.69,SALE,02-12-2024 20:05:05,S06,20241202
S06/20241202/00002,2,P101564,2,172.72,SALE,02-12-2024 20:05:05,S06,20241202
S06/20241202/00002,3,P107549,1,47.87,SALE,02-12-2024 20:05:05,S06,20241202
S06/20241202/00002,4,P106258,1,423.67,SALE,02-12-2024 20:05:05,S06,20241202
S06/20241202/00002,5,P102566,1,414.37,SALE,02-12-2024 20:05:05,S06,20241202
S06/20241202/00002,6,P101410,3,958.72,SALE,02-12-2024 20:05:05,S06,20241202
S06/20241202/00002,7,P107705,1,763.24,SALE,02-12-2024 20:05:05,S06,20241202
S06/20241202/00002,8,P102671,3,252.00,SALE,02-12-2024 20:05:05,S06,20241202
S06/20241202/00002,9,P107973,2,271.93,SALE,02-12-2024 20:05:05,S06,20241202
S06/20241202/00002,10,P104992,2,979.87,SALE,02-12-2024 20:05:05,S06,20241202
S06/20241202/00002,11,TAX,1,836.07,TAX,02-12-2024 20:05:05,S06,20241202
S06/20241202/00002,12,TENDER,1,9994.49,TENDER,02-12-2024 20:05:05,S06,20241202
S06/20241202/00003,1,P105112,2,194.64,SALE,02-12-2024 12:10:00,S06,20241202
S06/20241202/00003,2,P105937,4,259.08,SALE,02-12-2024 12:10:00,S06,20241202
S06/20241202/00003,3,P105377,3,275.11,SALE,02-12-2024 12:10:00,S06,20241202
S06/20241202/00003,4,P104708,4,487.33,SALE,02-12-2024 12:10:00,S06,20241202
S06/20241202/00003,5,P108206,5,81.62,SALE,02-12-2024 12:10:00,S06,20241202
S06/20241202/00003,6,P104774,3,81.81,SALE,02-12-2024 12:10:00,S06,20241202
S06/20241202/00003,7,P106270,3,308.83,SALE,02-12-2024 12:10:00,S06,20241202
S06/20241202/00003,8,P101876,2,68.16,SALE,02-12-2024 12:10:00,S06,20241202
S06/20241202/00003,9,TAX,1,421.59,TAX,02-12-2024 12:10:00,S06,20241202
S06/20241202/00003,10,TENDER,1,6338.18,TENDER,02-12-2024 12:10:00,S06,20241202
S06/20241202/00004,1,P104139,1,249.08,SALE,02-12-2024 15:35:15,S06,20241202
S06/20241202/00004,2,P105272,3,351.65,SALE,02-12-2024 15:35:15,S06,20241202
S06/20241202/00004,3,P102000,4,82.98,SALE,02-12-2024 15:35:15,S06,20241202
S06/20241202/00004,4,P100074,2,57.78,SALE,02-12-2024 15:35:15,S06,20241202
S06/20241202/00004,5,DISC,1,-174.21,DISCOUNT,02-12-2024 15:35:15,S06,20241202
S06/20241202/00004,6,TAX,1,173.01,TAX,02-12-2024 15:35:15,S06,20241202
S06/20241202/00004,7,TENDER,1,1750.31,TENDER,02-12-2024 15:35:15,S06,20241202
S06/20241202/00005,1,P107409,1,486.68,SALE,02-12-2024 17:41:47,S06,20241202
S06/20241202/00005,2,P101570,3,298.03,SALE,02-12-2024 17:41:47,S06,20241202
S06/20241202/00005,3,P100771,1,820.85,SALE,02-12-2024 17:41:47,S06,20241202
S06/20241202/00005,4,TAX,1,230.13,TAX,02-12-2024 17:41:47,S06,20241202
S06/20241202/00005,5,TENDER,1,2431.75,TENDER,02-12-2024 17:41:47,S06,20241202
S06/20241202/00006,1,P102520,2,731.86,SALE,02-12-2024 14:21:05,S06,20241202
S06/20241202/00006,2,P106858,1,281.23,SALE,02-12-2024 14:21:05,S06,20241202
S06/20241202/00006,3,P104909,6,363.10,SALE,02-12-2024 14:21:05,S06,20241202
S06/20241202/00006,4,TAX,1,123.81,TAX,02-12-2024 14:21:05,S06,20241202
S06/20241202/00006,5,TENDER,1,4047.36,TENDER,02-12-2024 14:21:05,S06,20241202
S06/20241202/00007,1,P103197,3,339.40,SALE,02-12-2024 11:17:24,S06,20241202
S06/20241202/00007,2,P100233,3,67.07,SALE,02-12-2024 11:17:24,S06,20241202
S06/20241202/00007,3,P105460,1,148.47,SALE,02-12-2024 11:17:24,S06,20241202
S06/20241202/00007,4,P106602,1,122.17,SALE,02-12-2024 11:17:24,S06,20241202
S06/20241202/00007,5,P107784,2,245.59,SALE,02-12-2024 11:17:24,S06,20241202
S06/20241202/00007,6,P103406,3,1248.48,SALE,02-12-2024 11:17:24,S06,20241202
S06/20241202/00007,7,P107308,1,226.19,SALE,02-12-2024 11:17:24,S06,20241202
S06/20241202/00007,8,P102674,1,515.88,SALE,02-12-2024 11:17:24,S06,20241202
S06/20241202/00007,9,TAX,1,807.04,TAX,02-12-2024 11:17:24,S06,20241202
S06/20241202/00007,10,TENDER,1,7275.78,TENDER,02-12-2024 11:17:24,S06,20241202
S06/20241202/00008,1,P107623,2,468.34,SALE,02-12-2024 11:14:14,S06,20241202
S06/20241202/00008,2,P105797,2,254.07,SALE,02-12-2024 11:14:14,S06,20241202
S06/20241202/00008,3,P100339,1,299.99,SALE,02-12-2024 11:14:14,S06,20241202
S06/20241202/00008,4,TAX,1,314.07,TAX,02-12-2024 11:14:14,S06,20241202
S06/20241202/00008,5,TENDER,1,2058.88,TENDER,02-12-2024 11:14:14,S06,20241202
S06/20241202/00009,1,P103973,3,108.48,SALE,02-12-2024 14:58:34,S06,20241202
S06/20241202/00009,2,P105035,2,159.58,SALE,02-12-2024 14:58:34,S06,20241202
S06/20241202/00009,3,P100250,3,544.91,SALE,02-12-2024 14:58:34,S06,20241202
S06/20241202/00009,4,P100210,1,1073.90,SALE,02-12-2024 14:58:34,S06,20241202
S06/20241202/00009,5,P107145,2,235.69,SALE,02-12-2024 14:58:34,S06,20241202
S06/20241202/00009,6,P106357,2,1078.45,SALE,02-12-2024 14:58:34,S06,20241202
S06/20241202/00009,7,P105119,3,106.45,SALE,02-12-2024 14:58:34,S06,20241202
S06/20241202/00009,8,P100469,3,49.98,SALE,02-12-2024 14:58:34,S06,20241202
S06/20241202/00009,9,TAX,1,649.56,TAX,02-12-2024 14:58:34,S06,20241202
S06/20241202/00009,10,TENDER,1,7100.36,TENDER,02-12-2024 14:58:34,S06,20241202
S06/20241202/00010,1,P105624,4,380.06,SALE,02-12-2024 21:49:50,S06,20241202
S06/20241202/00010,2,P105589,5,90.25,SALE,02-12-2024 21:49:50,S06,20241202
S06/20241202/00010,3,P104389,1,169.98,SALE,02-12-2024 21:49:50,S06,20241202
S06/20241202/00010,4,P103168,2,980.21,SALE,02-12-2024 21:49:50,S06,20241202
S06/20241202/00010,5,TAX,1,423.08,TAX,02-12-2024 21:49:50,S06,20241202
S06/20241202/00010,6,TENDER,1,4524.97,TENDER,02-12-2024 21:49:50,S06,20241202
S06/20241202/00011,1,P102520,-3,731.86,RETURN,02-12-2024 15:36:05,S06,20241202
S06/20241202/00011,2,P103124,-2,523.92,RETURN,02-12-2024 15:36:05,S06,20241202
S06/20241202/00011,3,P101356,-3,1264.05,RETURN,02-12-2024 15:36:05,S06,20241202
S06/20241202/00011,4,P105805,-1,110.21,RETURN,02-12-2024 15:36:05,S06,20241202
S06/20241202/00011,5,P105468,-3,1100.43,RETURN,02-12-2024 15:36:05,S06,20241202
S06/20241202/00011,6,TAX,1,-653.06,TAX,02-12-2024 15:36:05,S06,20241202
S06/20241202/00011,7,TENDER,1,-11100.13,TENDER,02-12-2024 15:36:05,S06,20241202
S06/20241202/00012,1,P101813,2,273.64,SALE,02-12-2024 15:27:28,S06,20241202
S06/20241202/00012,2,P105176,1,509.66,SALE,02-12-2024 15:27:28,S06,20241202
S06/20241202/00012,3,P103050,5,569.48,SALE,02-12-2024 15:27:28,S06,20241202
S06/20241202/00012,4,TAX,1,91.74,TAX,02-12-2024 15:27:28,S06,20241202
S06/20241202/00012,5,TENDER,1,3996.08,TENDER,02-12-2024 15:27:28,S06,20241202
S06/20241202/00013,1,P104688,2,178.09,SALE,02-12-2024 22:13:58,S06,20241202
S06/20241202/00013,2,P104902,2,516.78,SALE,02-12-2024 22:13:58,S06,20241202
S06/20241202/00013,3,P105729,1,75.27,SALE,02-12-2024 22:13:58,S06,20241202
S06/20241202/00013,4,P103413,2,1352.06,SALE,02-12-2024 22:13:58,S06,20241202
S06/20241202/00013,5,P105351,6,109.14,SALE,02-12-2024 22:13:58,S06,20241202
S06/20241202/00013,6,P100781,2,654.99,SALE,02-12-2024 22:13:58,S06,20241202
S06/20241202/00013,7,P105908,1,698.64,SALE,02-12-2024 22:13:58,S06,20241202
S06/20241202/00013,8,TAX,1,741.20,TAX,02-12-2024 22:13:58,S06,20241202
S06/20241202/00013,9,TENDER,1,7573.79,TENDER,02-12-2024 22:13:58,S06,20241202
S06/20241202/00014,1,P105377,2,275.11,SALE,02-12-2024 14:57:27,S06,20241202
S06/20241202/00014,2,P103234,3,128.39,SALE,02-12-2024 14:57:27,S06,20241202
S06/20241202/00014,3,P104168,3,512.27,SALE,02-12-2024 14:57:27,S06,20241202
S06/20241202/00014,4,P101117,3,208.14,SALE,02-12-2024 14:57:27,S06,20241202
S06/20241202/00014,5,P100268,3,197.00,SALE,02-12-2024 14:57:27,S06,20241202
S06/20241202/00014,6,DISC,1,-221.10,DISCOUNT,02-12-2024 14:57:27,S06,20241202
S06/20241202/00014,7,TAX,1,227.25,TAX,02-12-2024 14:57:27,S06,20241202
S06/20241202/00014,8,TENDER,1,3693.77,TENDER,02-12-2024 14:57:27,S06,20241202
S06/20241202/00015,1,P102346,3,89.47,SALE,02-12-2024 17:36:21,S06,20241202
S06/20241202/00015,2,P101558,2,52.58,SALE,02-12-2024 17:36:21,S06,20241202
S06/20241202/00015,3,P100744,2,61.70,SALE,02-12-2024 17:36:21,S06,20241202
S06/20241202/00015,4,P107952,1,1964.70,SALE,02-12-2024 17:36:21,S06,20241202
S06/20241202/00015,5,P104854,2,35.80,SALE,02-12-2024 17:36:21,S06,20241202
S06/20241202/00015,6,TAX,1,57.31,TAX,02-12-2024 17:36:21,S06,20241202
S06/20241202/00015,7,TENDER,1,2590.58,TENDER,02-12-2024 17:36:21,S06,20241202
S06/20241202/00016,1,P102480,4,198.67,SALE,02-12-2024 20:44:20,S06,20241202
S06/20241202/00016,2,P102230,1,335.28,SALE,02-12-2024 20:44:20,S06,20241202
S06/20241202/00016,3,P103413,2,1352.06,SALE,02-12-2024 20:44:20,S06,20241202
S06/20241202/00016,4,P104344,3,390.44,SALE,02-12-2024 20:44:20,S06,20241202
S06/20241202/00016,5,P102954,2,129.98,SALE,02-12-2024 20:44:20,S06,20241202
S06/20241202/00016,6,P101751,2,477.38,SALE,02-12-2024 20:44:20,S06,20241202
S06/20241202/00016,7,P103864,2,540.44,SALE,02-12-2024 20:44:20,S06,20241202
S06/20241202/00016,8,TAX,1,703.22,TAX,02-12-2024 20:44:20,S06,20241202
S06/20241202/00016,9,TENDER,1,8004.22,TENDER,02-12-2024 20:44:20,S06,20241202
S06/20241202/00017,1,P100221,2,139.88,SALE,02-12-2024 13:23:14,S06,20241202
S06/20241202/00017,2,P102286,2,281.91,SALE,02-12-2024 13:23:14,S06,20241202
S06/20241202/00017,3,P101048,3,219.90,SALE,02-12-2024 13:23:14,S06,20241202
S06/20241202/00017,4,P101864,4,112.21,SALE,02-12-2024 13:23:14,S06,20241202
S06/20241202/00017,5,P100511,1,442.66,SALE,02-12-2024 13:23:14,S06,20241202
S06/20241202/00017,6,P106865,3,299.72,SALE,02-12-2024 13:23:14,S06,20241202
S06/20241202/00017,7,P104802,3,213.28,SALE,02-12-2024 13:23:14,S06,20241202
S06/20241202/00017,8,TAX,1,578.97,TAX,02-12-2024 13:23:14,S06,20241202
S06/20241202/00017,9,TENDER,1,4512.75,TENDER,02-12-2024 13:23:14,S06,20241202
S06/20241202/00018,1,P105139,1,119.64,SALE,02-12-2024 13:07:34,S06,20241202
S06/20241202/00018,2,P107409,2,486.68,SALE,02-12-2024 13:07:34,S06,20241202
S06/20241202/00018,3,P102616,3,82.31,SALE,02-12-2024 13:07:34,S06,20241202
S06/20241202/00018,4,TAX,1,107.47,TAX,02-12-2024 13:07:34,S06,20241202
S06/20241202/00018,5,TENDER,1,1447.40,TENDER,02-12-2024 13:07:34,S06,20241202
S06/20241202/00019,1,P101090,1,24.06,SALE,02-12-2024 16:14:08,S06,20241202
S06/20241202/00019,2,P107843,2,486.47,SALE,02-12-2024 16:14:08,S06,20241202
S06/20241202/00019,3,P106415,1,911.99,SALE,02-12-2024 16:14:08,S06,20241202
S06/20241202/00019,4,DISC,1,-107.91,DISCOUNT,02-12-2024 16:14:08,S06,20241202
S06/20241202/00019,5,TAX,1,272.57,TAX,02-12-2024 16:14:08,S06,20241202
S06/20241202/00019,6,TENDER,1,2073.65,TENDER,02-12-2024 16:14:08,S06,20241202
S06/20241202/00020,1,P100549,4,320.43,SALE,02-12-2024 18:07:00,S06,20241202
S06/20241202/00020,2,TAX,1,153.81,TAX,02-12-2024 18:07:00,S06,20241202
S06/20241202/00020,3,TENDER,1,1435.53,TENDER,02-12-2024 18:07:00,S06,20241202
S06/20241202/00021,1,P100604,3,167.40,SALE,02-12-2024 11:13:52,S06,20241202
S06/20241202/00021,2,P101117,3,208.14,SALE,02-12-2024 11:13:52,S06,20241202
S06/20241202/00021,3,P105997,2,124.60,SALE,02-12-2024 11:13:52,S06,20241202
S06/20241202/00021,4,P108179,1,307.53,SALE,02-12-2024 11:13:52,S06,20241202
S06/20241202/00021,5,P101218,1,61.39,SALE,02-12-2024 11:13:52,S06,20241202
S06/20241202/00021,6,TAX,1,60.41,TAX,02-12-2024 11:13:52,S06,20241202
S06/20241202/00021,7,TENDER,1,1805.15,TENDER,02-12-2024 11:13:52,S06,20241202
S06/20241202/00022,1,P106234,3,79.42,SALE,02-12-2024 14:57:50,S06,20241202
S06/20241202/00022,2,P103040,3,410.59,SALE,02-12-2024 14:57:50,S06,20241202
S06/20241202/00022,3,P107581,4,287.09,SALE,02-12-2024 14:57:50,S06,20241202
S06/20241202/00022,4,P105878,2,282.51,SALE,02-12-2024 14:57:50,S06,20241202
S06/20241202/00022,5,P101018,5,141.83,SALE,02-12-2024 14:57:50,S06,20241202
S06/20241202/00022,6,TAX,1,416.36,TAX,02-12-2024 14:57:50,S06,20241202
S06/20241202/00022,7,TENDER,1,4308.92,TENDER,02-12-2024 14:57:50,S06,20241202
S06/20241202/00023,1,P106067,1,444.09,SALE,02-12-2024 18:26:18,S06,20241202
S06/20241202/00023,2,P105740,2,103.24,SALE,02-12-2024 18:26:18,S06,20241202
S06/20241202/00023,3,P102880,3,575.53,SALE,02-12-2024 18:26:18,S06,20241202
S06/20241202/00023,4,TAX,1,145.70,TAX,02-12-2024 18:26:18,S06,20241202
S06/20241202/00023,5,TENDER,1,2522.86,TENDER,02-12-2024 18:26:18,S06,20241202
S06/20241202/00024,1,P101248,2,497.50,SALE,02-12-2024 20:17:16,S06,20241202
S06/20241202/00024,2,P107100,1,200.76,SALE,02-12-2024 20:17:16,S06,20241202
S06/20241202/00024,3,P107984,2,357.15,SALE,02-12-2024 20:17:16,S06,20241202
S06/20241202/00024,4,P103374,2,38.02,SALE,02-12-2024 20:17:16,S06,20241202
S06/20241202/00024,5,P100421,2,121.56,SALE,02-12-2024 20:17:16,S06,20241202
S06/20241202/00024,6,TAX,1,345.45,TAX,02-12-2024 20:17:16,S06,20241202
S06/20241202/00024,7,TENDER,1,2574.67,TENDER,02-12-2024 20:17:16,S06,20241202
S06/20241202/00025,1,P102397,3,355.28,SALE,02-12-2024 19:42:12,S06,20241202
S06/20241202/00025,2,P107026,2,69.10,SALE,02-12-2024 19:42:12,S06,20241202
S06/20241202/00025,3,P104544,3,104.46,SALE,02-12-2024 19:42:12,S06,20241202
S06/20241202/00025,4,P106907,2,321.26,SALE,02-12-2024 19:42:12,S06,20241202
S06/20241202/00025,5,P106162,3,534.57,SALE,02-12-2024 19:42:12,S06,20241202
S06/20241202/00025,6,TAX,1,168.45,TAX,02-12-2024 19:42:12,S06,20241202
S06/20241202/00025,7,TENDER,1,3932.10,TENDER,02-12-2024 19:42:12,S06,20241202
S06/20241202/00026,1,P100308,3,328.66,SALE,02-12-2024 18:45:22,S06,20241202
S06/20241202/00026,2,P101751,3,477.38,SALE,02-12-2024 18:45:22,S06,20241202
S06/20241202/00026,3,P100210,3,1073.90,SALE,02-12-2024 18:45:22,S06,20241202
S06/20241202/00026,4,P101374,2,55.98,SALE,02-12-2024 18:45:22,S06,20241202
S06/20241202/00026,5,P107158,1,147.89,SALE,02-12-2024 18:45:22,S06,20241202
S06/20241202/00026,6,P105531,5,502.91,SALE,02-12-2024 18:45:22,S06,20241202
S06/20241202/00026,7,P105209,1,399.92,SALE,02-12-2024 18:45:22,S06,20241202
S06/20241202/00026,8,TAX,1,1183.21,TAX,02-12-2024 18:45:22,S06,20241202
S06/20241202/00026,9,TENDER,1,9997.35,TENDER,02-12-2024 18:45:22,S06,20241202
S06/20241202/00027,1,P101458,3,1365.07,SALE,02-12-2024 19:43:57,S06,20241202
S06/20241202/00027,2,P101507,3,635.95,SALE,02-12-2024 19:43:57,S06,20241202
S06/20241202/00027,3,P105164,2,242.35,SALE,02-12-2024 19:43:57,S06,20241202
S06/20241202/00027,4,P104139,2,249.08,SALE,02-12-2024 19:43:57,S06,20241202
S06/20241202/00027,5,P107872,1,650.85,SALE,02-12-2024 19:43:57,S06,20241202
S06/20241202/00027,6,P101884,1,352.98,SALE,02-12-2024 19:43:57,S06,20241202
S06/20241202/00027,7,P100074,1,57.78,SALE,02-12-2024 19:43:57,S06,20241202
S06/20241202/00027,8,TAX,1,173.18,TAX,02-12-2024 19:43:57,S06,20241202
S06/20241202/00027,9,TENDER,1,8220.71,TENDER,02-12-2024 19:43:57,S06,20241202
S06/20241202/00028,1,P108200,5,333.41,SALE,02-12-2024 15:37:53,S06,20241202
S06/20241202/00028,2,P100483,1,933.37,SALE,02-12-2024 15:37:53,S06,20241202
S06/20241202/00028,3,P101720,3,44.26,SALE,02-12-2024 15:37:53,S06,20241202
S06/20241202/00028,4,TAX,1,206.69,TAX,02-12-2024 15:37:53,S06,20241202
S06/20241202/00028,5,TENDER,1,2939.89,TENDER,02-12-2024 15:37:53,S06,20241202
S06/20241202/00029,1,P105100,1,270.01,SALE,02-12-2024 14:33:04,S06,20241202
S06/20241202/00029,2,P100536,2,471.52,SALE,02-12-2024 14:33:04,S06,20241202
S06/20241202/00029,3,P100007,3,155.06,SALE,02-12-2024 14:33:04,S06,20241202
S06/20241202/00029,4,P106490,1,671.88,SALE,02-12-2024 14:33:04,S06,20241202
S06/20241202/00029,5,TAX,1,302.08,TAX,02-12-2024 14:33:04,S06,20241202
S06/20241202/00029,6,TENDER,1,2652.19,TENDER,02-12-2024 14:33:04,S06,20241202
S06/20241202/00030,1,P103732,4,94.74,SALE,02-12-2024 15:19:14,S06,20241202
S06/20241202/00030,2,P103168,4,980.21,SALE,02-12-2024 15:19:14,S06,20241202
S06/20241202/00030,3,P102054,4,142.99,SALE,02-12-2024 15:19:14,S06,20241202
S06/20241202/00030,4,P106353,1,267.43,SALE,02-12-2024 15:19:14,S06,20241202
S06/20241202/00030,5,P102480,1,198.67,SALE,02-12-2024 15:19:14,S06,20241202
S06/20241202/00030,6,P106877,1,998.48,SALE,02-12-2024 15:19:14,S06,20241202
S06/20241202/00030,7,P104718,2,364.54,SALE,02-12-2024 15:19:14,S06,20241202
S06/20241202/00030,8,P100682,3,337.76,SALE,02-12-2024 15:19:14,S06,20241202
S06/20241202/00030,9,P100879,1,159.99,SALE,02-12-2024 15:19:14,S06,20241202
S06/20241202/00030,10,TAX,1,785.20,TAX,02-12-2024 15:19:14,S06,20241202
S06/20241202/00030,11,TENDER,1,9023.89,TENDER,02-12-2024 15:19:14,S06,20241202
S06/20241202/00031,1,P105855,3,123.28,SALE,02-12-2024 14:05:43,S06,20241202
S06/20241202/00031,2,P104800,1,692.51,SALE,02-12-2024 14:05:43,S06,20241202
S06/20241202/00031,3,P103950,3,1283.54,SALE,02-12-2024 14:05:43,S06,20241202
S06/20241202/00031,4,P100268,3,197.00,SALE,02-12-2024 14:05:43,S06,20241202
S06/20241202/00031,5,TAX,1,323.67,TAX,02-12-2024 14:05:43,S06,20241202
S06/20241202/00031,6,TENDER,1,5827.64,TENDER,02-12-2024 14:05:43,S06,20241202
S06/20241202/00032,1,P103068,2,153.43,SALE,02-12-2024 15:44:22,S06,20241202
S06/20241202/00032,2,P105747,2,287.56,SALE,02-12-2024 15:44:22,S06,20241202
S06/20241202/00032,3,P104802,1,213.28,SALE,02-12-2024 15:44:22,S06,20241202
S06/20241202/00032,4,P107767,2,510.38,SALE,02-12-2024 15:44:22,S06,20241202
S06/20241202/00032,5,P108282,1,472.97,SALE,02-12-2024 15:44:22,S06,20241202
S06/20241202/00032,6,P101802,4,44.15,SALE,02-12-2024 15:44:22,S06,20241202
S06/20241202/00032,7,DISC,1,-142.49,DISCOUNT,02-12-2024 15:44:22,S06,20241202
S06/20241202/00032,8,TAX,1,228.37,TAX,02-12-2024 15:44:22,S06,20241202
S06/20241202/00032,9,TENDER,1,2851.47,TENDER,02-12-2024 15:44:22,S06,20241202
S06/20241202/00033,1,P100838,1,38.03,SALE,02-12-2024 21:55:35,S06,20241202
S06/20241202/00033,2,P107115,1,172.62,SALE,02-12-2024 21:55:35,S06,20241202
S06/20241202/00033,3,P105313,3,51.83,SALE,02-12-2024 21:55:35,S06,20241202
S06/20241202/00033,4,TAX,1,10.53,TAX,02-12-2024 21:55:35,S06,20241202
S06/20241202/00033,5,TENDER,1,376.67,TENDER,02-12-2024 21:55:35,S06,20241202
S06/20241202/00034,1,P105707,1,130.64,SALE,02-12-2024 18:01:17,S06,20241202
S06/20241202/00034,2,P106629,3,57.49,SALE,02-12-2024 18:01:17,S06,20241202
S06/20241202/00034,3,P100453,3,207.31,SALE,02-12-2024 18:01:17,S06,20241202
S06/20241202/00034,4,TAX,1,121.35,TAX,02-12-2024 18:01:17,S06,20241202
S06/20241202/00034,5,TENDER,1,1046.39,TENDER,02-12-2024 18:01:17,S06,20241202
S06/20241202/00035,1,P101592,3,295.58,SALE,02-12-2024 16:56:17,S06,20241202
S06/20241202/00035,2,P108191,3,328.29,SALE,02-12-2024 16:56:17,S06,20241202
S06/20241202/00035,3,P101208,2,593.86,SALE,02-12-2024 16:56:17,S06,20241202
S06/20241202/00035,4,P104700,4,1425.82,SALE,02-12-2024 16:56:17,S06,20241202
S06/20241202/00035,5,TAX,1,208.86,TAX,02-12-2024 16:56:17,S06,20241202
S06/20241202/00035,6,TENDER,1,8971.47,TENDER,02-12-2024 16:56:17,S06,20241202
S06/20241202/00036,1,P105187,1,1046.11,SALE,02-12-2024 21:51:29,S06,20241202
S06/20241202/00036,2,P103542,5,398.89,SALE,02-12-2024 21:51:29,S06,20241202
S06/20241202/00036,3,P102714,3,86.80,SALE,02-12-2024 21:51:29,S06,20241202
S06/20241202/00036,4,P106989,2,26.75,SALE,02-12-2024 21:51:29,S06,20241202
S06/20241202/00036,5,TAX,1,280.21,TAX,02-12-2024 21:51:29,S06,20241202
S06/20241202/00036,6,TENDER,1,3634.67,TENDER,02-12-2024 21:51:29,S06,20241202
S06/20241203/00001,1,P101242,1,92.35,SALE,03-12-2024 18:51:40,S06,20241203
S06/20241203/00001,2,P100761,2,51.26,SALE,03-12-2024 18:51:40,S06,20241203
S06/20241203/00001,3,TAX,1,21.75,TAX,03-12-2024 18:51:40,S06,20241203
S06/20241203/00001,4,TENDER,1,216.62,TENDER,03-12-2024 18:51:40,S06,20241203
S06/20241203/00002,1,P100057,3,233.39,SALE,03-12-2024 14:43:11,S06,20241203
S06/20241203/00002,2,P108001,2,96.97,SALE,03-12-2024 14:43:11,S06,20241203
S06/20241203/00002,3,P108050,1,1166.49,SALE,03-12-2024 14:43:11,S06,20241203
S06/20241203/00002,4,P102714,5,86.80,SALE,03-12-2024 14:43:11,S06,20241203
S06/20241203/00002,5,TAX,1,194.42,TAX,03-12-2024 14:43:11,S06,20241203
S06/20241203/00002,6,TENDER,1,2689.02,TENDER,03-12-2024 14:43:11,S06,20241203
S06/20241203/00003,1,P102616,2,82.31,SALE,03-12-2024 13:55:54,S06,20241203
S06/20241203/00003,2,P106745,1,621.98,SALE,03-12-2024 13:55:54,S06,20241203
S06/20241203/00003,3,TAX,1,141.59,TAX,03-12-2024 13:55:54,S06,20241203
S06/20241203/00003,4,TENDER,1,928.19,TENDER,03-12-2024 13:55:54,S06,20241203
S06/20241203/00004,1,P107301,2,945.94,SALE,03-12-2024 12:48:39,S06,20241203
S06/20241203/00004,2,P100850,3,172.84,SALE,03-12-2024 12:48:39,S06,20241203
S06/20241203/00004,3,P101925,2,186.54,SALE,03-12-2024 12:48:39,S06,20241203
S06/20241203/00004,4,P100652,1,45.46,SALE,03-12-2024 12:48:39,S06,20241203
S06/20241203/00004,5,TAX,1,137.56,TAX,03-12-2024 12:48:39,S06,20241203
S06/20241203/00004,6,TENDER,1,2966.50,TENDER,03-12-2024 12:48:39,S06,20241203
S06/20241203/00005,1,P103504,2,366.55,SALE,03-12-2024 18:21:11,S06,20241203
S06/20241203/00005,2,P102738,1,236.55,SALE,03-12-2024 18:21:11,S06,20241203
S06/20241203/00005,3,P101101,2,74.25,SALE,03-12-2024 18:21:11,S06,20241203
S06/20241203/00005,4,P101500,3,330.53,SALE,03-12-2024 18:21:11,S06,20241203
S06/20241203/00005,5,P100677,1,256.17,SALE,03-12-2024 18:21:11,S06,20241203
S06/20241203/00005,6,TAX,1,180.29,TAX,03-12-2024 18:21:11,S06,20241203
S06/20241203/00005,7,TENDER,1,2546.20,TENDER,03-12-2024 18:21:11,S06,20241203
S06/20241203/00006,1,P102023,2,425.67,SALE,03-12-2024 18:14:39,S06,20241203
S06/20241203/00006,2,P100869,1,62.15,SALE,03-12-2024 18:14:39,S06,20241203
S06/20241203/00006,3,P105570,1,345.21,SALE,03-12-2024 18:14:39,S06,20241203
S06/20241203/00006,4,P100164,2,594.91,SALE,03-12-2024 18:14:39,S06,20241203
S06/20241203/00006,5,TAX,1,341.05,TAX,03-12-2024 18:14:39,S06,20241203
S06/20241203/00006,6,TENDER,1,2789.57,TENDER,03-12-2024 18:14:39,S06,20241203
S06/20241203/00007,1,P102460,2,582.21,SALE,03-12-2024 08:51:43,S06,20241203
S06/20241203/00007,2,P102788,3,920.26,SALE,03-12-2024 08:51:43,S06,20241203
S06/20241203/00007,3,P105280,2,220.35,SALE,03-12-2024 08:51:43,S06,20241203
S06/20241203/00007,4,TAX,1,218.30,TAX,03-12-2024 08:51:43,S06,20241203
S06/20241203/00007,5,TENDER,1,4584.20,TENDER,03-12-2024 08:51:43,S06,20241203
S06/20241203/00008,1,P107040,5,474.18,SALE,03-12-2024 19:28:43,S06,20241203
S06/20241203/00008,2,P102682,1,95.00,SALE,03-12-2024 19:28:43,S06,20241203
S06/20241203/00008,3,P107137,2,32.59,SALE,03-12-2024 19:28:43,S06,20241203
S06/20241203/00008,4,P100582,3,170.67,SALE,03-12-2024 19:28:43,S06,20241203
S06/20241203/00008,5,TAX,1,215.46,TAX,03-12-2024 19:28:43,S06,20241203
S06/20241203/00008,6,TENDER,1,3258.55,TENDER,03-12-2024 19:28:43,S06,20241203
S06/20241203/00009,1,P104372,2,100.11,SALE,03-12-2024 23:52:21,S06,20241203
S06/20241203/00009,2,P107119,1,18.29,SALE,03-12-2024 23:52:21,S06,20241203
S06/20241203/00009,3,P106405,2,40.51,SALE,03-12-2024 23:52:21,S06,20241203
S06/20241203/00009,4,TAX,1,27.89,TAX,03-12-2024 23:52:21,S06,20241203
S06/20241203/00009,5,TENDER,1,327.42,TENDER,03-12-2024 23:52:21,S06,20241203
S06/20241203/00010,1,P101923,2,527.50,SALE,03-12-2024 18:22:06,S06,20241203
S06/20241203/00010,2,P104308,2,53.24,SALE,03-12-2024 18:22:06,S06,20241203
S06/20241203/00010,3,TAX,1,209.07,TAX,03-12-2024 18:22:06,S06,20241203
S06/20241203/00010,4,TENDER,1,1370.55,TENDER,03-12-2024 18:22:06,S06,20241203
S06/20241203/00011,1,P101681,6,139.09,SALE,03-12-2024 17:53:31,S06,20241203
S06/20241203/00011,2,P106399,2,198.14,SALE,03-12-2024 17:53:31,S06,20241203
S06/20241203/00011,3,P100595,3,404.82,SALE,03-12-2024 17:53:31,S06,20241203
S06/20241203/00011,4,TAX,1,265.69,TAX,03-12-2024 17:53:31,S06,20241203
S06/20241203/00011,5,TENDER,1,2710.97,TENDER,03-12-2024 17:53:31,S06,20241203
S06/20241203/00012,1,P107197,3,669.72,SALE,03-12-2024 16:58:49,S06,20241203
S06/20241203/00012,2,P106317,2,485.55,SALE,03-12-2024 16:58:49,S06,20241203
S06/20241203/00012,3,P108135,2,562.62,SALE,03-12-2024 16:58:49,S06,20241203
S06/20241203/00012,4,P101410,2,958.72,SALE,03-12-2024 16:58:49,S06,20241203
S06/20241203/00012,5,DISC,1,-617.37,DISCOUNT,03-12-2024 16:58:49,S06,20241203
S06/20241203/00012,6,TAX,1,635.67,TAX,03-12-2024 16:58:49,S06,20241203
S06/20241203/00012,7,TENDER,1,6041.24,TENDER,03-12-2024 16:58:49,S06,20241203
S06/20241203/00013,1,P102142,2,93.89,SALE,03-12-2024 17:32:30,S06,20241203
S06/20241203/00013,2,P102534,1,98.12,SALE,03-12-2024 17:32:30,S06,20241203
S06/20241203/00013,3,P105882,1,222.02,SALE,03-12-2024 17:32:30,S06,20241203
S06/20241203/00013,4,P106997,2,42.42,SALE,03-12-2024 17:32:30,S06,20241203
S06/20241203/00013,5,P101419,3,202.93,SALE,03-12-2024 17:32:30,S06,20241203
S06/20241203/00013,6,P102724,2,391.04,SALE,03-12-2024 17:32:30,S06,20241203
S06/20241203/00013,7,P101533,2,975.60,SALE,03-12-2024 17:32:30,S06,20241203
S06/20241203/00013,8,TAX,1,525.17,TAX,03-12-2024 17:32:30,S06,20241203
S06/20241203/00013,9,TENDER,1,4460.00,TENDER,03-12-2024 17:32:30,S06,20241203
S06/20241203/00014,1,P103777,2,44.82,SALE,03-12-2024 17:29:37,S06,20241203
S06/20241203/00014,2,P107708,3,167.35,SALE,03-12-2024 17:29:37,S06,20241203
S06/20241203/00014,3,P104079,1,75.55,SALE,03-12-2024 17:29:37,S06,20241203
S06/20241203/00014,4,TAX,1,4.48,TAX,03-12-2024 17:29:37,S06,20241203
S06/20241203/00014,5,TENDER,1,671.72,TENDER,03-12-2024 17:29:37,S06,20241203
S06/20241203/00015,1,P104328,2,64.22,SALE,04-12-2024 00:20:55,S06,20241203
S06/20241203/00015,2,P105075,1,49.58,SALE,04-12-2024 00:20:55,S06,20241203
S06/20241203/00015,3,P104344,1,390.44,SALE,04-12-2024 00:20:55,S06,20241203
S06/20241203/00015,4,TAX,1,85.63,TAX,04-12-2024 00:20:55,S06,20241203
S06/20241203/00015,5,TENDER,1,654.09,TENDER,04-12-2024 00:20:55,S06,20241203
S06/20241203/00016,1,P102648,3,389.80,SALE,03-12-2024 20:52:53,S06,20241203
S06/20241203/00016,2,P100946,4,81.33,SALE,03-12-2024 20:52:53,S06,20241203
S06/20241203/00016,3,P106133,2,370.91,SALE,03-12-2024 20:52:53,S06,20241203
S06/20241203/00016,4,P103129,1,84.49,SALE,03-12-2024 20:52:53,S06,20241203
S06/20241203/00016,5,P102616,2,82.31,SALE,03-12-2024 20:52:53,S06,20241203
S06/20241203/00016,6,P103348,3,485.60,SALE,03-12-2024 20:52:53,S06,20241203
S06/20241203/00016,7,P105890,2,1196.88,SALE,03-12-2024 20:52:53,S06,20241203
S06/20241203/00016,8,P103629,1,60.58,SALE,03-12-2024 20:52:53,S06,20241203
S06/20241203/00016,9,TAX,1,650.85,TAX,03-12-2024 20:52:53,S06,20241203
S06/20241203/00016,10,TENDER,1,7047.64,TENDER,03-12-2024 20:52:53,S06,20241203
S06/20241203/00017,1,P106282,4,448.43,SALE,03-12-2024 21:01:34,S06,20241203
S06/20241203/00017,2,P106405,1,40.51,SALE,03-12-2024 21:01:34,S06,20241203
S06/20241203/00017,3,P100066,4,251.22,SALE,03-12-2024 21:01:34,S06,20241203
S06/20241203/00017,4,P104665,3,217.71,SALE,03-12-2024 21:01:34,S06,20241203
S06/20241203/00017,5,P103994,1,148.39,SALE,03-12-2024 21:01:34,S06,20241203
S06/20241203/00017,6,P103654,3,481.76,SALE,03-12-2024 21:01:34,S06,20241203
S06/20241203/00017,7,TAX,1,661.68,TAX,03-12-2024 21:01:34,S06,20241203
S06/20241203/00017,8,TENDER,1,5747.59,TENDER,03-12-2024 21:01:34,S06,20241203
S06/20241203/00018,1,P102311,2,308.69,SALE,04-12-2024 00:16:00,S06,20241203
S06/20241203/00018,2,TAX,1,30.87,TAX,04-12-2024 00:16:00,S06,20241203
S06/20241203/00018,3,TENDER,1,648.25,TENDER,04-12-2024 00:16:00,S06,20241203
S06/20241203/00019,1,P101174,2,57.43,SALE,03-12-2024 18:41:32,S06,20241203
S06/20241203/00019,2,P100354,1,182.63,SALE,03-12-2024 18:41:32,S06,20241203
S06/20241203/00019,3,P102656,2,194.33,SALE,03-12-2024 18:41:32,S06,20241203
S06/20241203/00019,4,P105819,3,66.64,SALE,03-12-2024 18:41:32,S06,20241203
S06/20241203/00019,5,P102569,1,116.37,SALE,03-12-2024 18:41:32,S06,20241203
S06/20241203/00019,6,P105747,5,287.56,SALE,03-12-2024 18:41:32,S06,20241203
S06/20241203/00019,7,TAX,1,355.85,TAX,03-12-2024 18:41:32,S06,20241203
S06/20241203/00019,8,TENDER,1,2796.09,TENDER,03-12-2024 18:41:32,S06,20241203
S06/20241203/00020,1,P108060,2,217.09,SALE,03-12-2024 21:05:38,S06,20241203
S06/20241203/00020,2,P108067,2,640.50,SALE,03-12-2024 21:05:38,S06,20241203
S06/20241203/00020,3,TAX,1,78.15,TAX,03-12-2024 21:05:38,S06,20241203
S06/20241203/00020,4,TENDER,1,1793.33,TENDER,03-12-2024 21:05:38,S06,20241203
S06/20241203/00021,1,P100194,3,46.79,SALE,03-12-2024 11:24:58,S06,20241203
S06/20241203/00021,2,P102175,2,191.56,SALE,03-12-2024 11:24:58,S06,20241203
S06/20241203/00021,3,TAX,1,25.27,TAX,03-12-2024 11:24:58,S06,20241203
S06/20241203/00021,4,TENDER,1,548.76,TENDER,03-12-2024 11:24:58,S06,20241203
S06/20241203/00022,1,P104579,2,67.48,SALE,03-12-2024 21:30:15,S06,20241203
S06/20241203/00022,2,P104107,1,479.48,SALE,03-12-2024 21:30:15,S06,20241203
S06/20241203/00022,3,P101410,2,958.72,SALE,03-12-2024 21:30:15,S06,20241203
S06/20241203/00022,4,P103283,2,166.64,SALE,03-12-2024 21:30:15,S06,20241203
S06/20241203/00022,5,TAX,1,333.06,TAX,03-12-2024 21:30:15,S06,20241203
S06/20241203/00022,6,TENDER,1,3198.22,TENDER,03-12-2024 21:30:15,S06,20241203
S06/20241203/00023,1,P103449,2,381.08,SALE,03-12-2024 18:43:14,S06,20241203
S06/20241203/00023,2,P100367,2,537.90,SALE,03-12-2024 18:43:14,S06,20241203
S06/20241203/00023,3,P103273,2,356.86,SALE,03-12-2024 18:43:14,S06,20241203
S06/20241203/00023,4,P101634,2,25.05,SALE,03-12-2024 18:43:14,S06,20241203
S06/20241203/00023,5,P105209,2,399.92,SALE,03-12-2024 18:43:14,S06,20241203
S06/20241203/00023,6,TAX,1,470.39,TAX,03-12-2024 18:43:14,S06,20241203
S06/20241203/00023,7,TENDER,1,3872.01,TENDER,03-12-2024 18:43:14,S06,20241203
S06/20241203/00024,1,P100609,3,75.79,SALE,03-12-2024 16:55:48,S06,20241203
S06/20241203/00024,2,P102768,2,158.73,SALE,03-12-2024 16:55:48,S06,20241203
S06/20241203/00024,3,TAX,1,84.43,TAX,03-12-2024 16:55:48,S06,20241203
S06/20241203/00024,4,TENDER,1,629.26,TENDER,03-12-2024 16:55:48,S06,20241203
S06/20241203/00025,1,P104593,1,867.34,SALE,03-12-2024 15:27:45,S06,20241203
S06/20241203/00025,2,P101690,1,1044.81,SALE,03-12-2024 15:27:45,S06,20241203
S06/20241203/00025,3,P104266,1,431.11,SALE,03-12-2024 15:27:45,S06,20241203
S06/20241203/00025,4,P100086,2,89.00,SALE,03-12-2024 15:27:45,S06,20241203
S06/20241203/00025,5,P104747,1,342.93,SALE,03-12-2024 15:27:45,S06,20241203
S06/20241203/00025,6,P100418,2,213.97,SALE,03-12-2024 15:27:45,S06,20241203
S06/20241203/00025,7,P107777,2,222.77,SALE,03-12-2024 15:27:45,S06,20241203
S06/20241203/00025,8,TAX,1,283.97,TAX,03-12-2024 15:27:45,S06,20241203
S06/20241203/00025,9,TENDER,1,4021.64,TENDER,03-12-2024 15:27:45,S06,20241203
S06/20241203/00026,1,P107549,3,47.87,SALE,03-12-2024 15:02:08,S06,20241203
S06/20241203/00026,2,P103040,1,410.59,SALE,03-12-2024 15:02:08,S06,20241203
S06/20241203/00026,3,P100736,2,700.87,SALE,03-12-2024 15:02:08,S06,20241203
S06/20241203/00026,4,P104831,5,1516.75,SALE,03-12-2024 15:02:08,S06,20241203
S06/20241203/00026,5,P104587,1,252.25,SALE,03-12-2024 15:02:08,S06,20241203
S06/20241203/00026,6,P105164,3,242.35,SALE,03-12-2024 15:02:08,S06,20241203
S06/20241203/00026,7,TAX,1,1190.63,TAX,03-12-2024 15:02:08,S06,20241203
S06/20241203/00026,8,TENDER,1,11709.62,TENDER,03-12-2024 15:02:08,S06,20241203
S06/20241203/00027,1,P101339,2,230.61,SALE,03-12-2024 12:47:50,S06,20241203
S06/20241203/00027,2,P101925,2,186.54,SALE,03-12-2024 12:47:50,S06,20241203
S06/20241203/00027,3,TAX,1,90.22,TAX,03-12-2024 12:47:50,S06,20241203
S06/20241203/00027,4,TENDER,1,924.52,TENDER,03-12-2024 12:47:50,S06,20241203
S06/20241203/00028,1,P101321,2,24.76,SALE,03-12-2024 14:57:51,S06,20241203
S06/20241203/00028,2,P104593,3,867.34,SALE,03-12-2024 14:57:51,S06,20241203
S06/20241203/00028,3,P104058,1,351.54,SALE,03-12-2024 14:57:51,S06,20241203
S06/20241203/00028,4,P100394,1,320.36,SALE,03-12-2024 14:57:51,S06,20241203
S06/20241203/00028,5,TAX,1,422.88,TAX,03-12-2024 14:57:51,S06,20241203
S06/20241203/00028,6,TENDER,1,3746.32,TENDER,03-12-2024 14:57:51,S06,20241203
S06/20241203/00029,1,P102744,2,98.75,SALE,03-12-2024 11:47:06,S06,20241203
S06/20241203/00029,2,P105479,2,253.92,SALE,03-12-2024 11:47:06,S06,20241203
S06/20241203/00029,3,P101766,2,220.67,SALE,03-12-2024 11:47:06,S06,20241203
S06/20241203/00029,4,TAX,1,123.78,TAX,03-12-2024 11:47:06,S06,20241203
S06/20241203/00029,5,TENDER,1,1270.46,TENDER,03-12-2024 11:47:06,S06,20241203
S06/20241203/00030,1,P100621,2,134.28,SALE,03-12-2024 16:08:12,S06,20241203
S06/20241203/00030,2,P108135,2,562.62,SALE,03-12-2024 16:08:12,S06,20241203
S06/20241203/00030,3,P107178,3,298.69,SALE,03-12-2024 16:08:12,S06,20241203
S06/20241203/00030,4,P105733,1,151.69,SALE,03-12-2024 16:08:12,S06,20241203
S06/20241203/00030,5,P104417,3,332.65,SALE,03-12-2024 16:08:12,S06,20241203
S06/20241203/00030,6,TAX,1,302.93,TAX,03-12-2024 16:08:12,S06,20241203
S06/20241203/00030,7,TENDER,1,3742.44,TENDER,03-12-2024 16:08:12,S06,20241203
S06/20241203/00031,1,P102023,1,425.67,SALE,03-12-2024 17:09:40,S06,20241203
S06/20241203/00031,2,P105695,2,158.81,SALE,03-12-2024 17:09:40,S06,20241203
S06/20241203/00031,3,P106984,2,28.34,SALE,03-12-2024 17:09:40,S06,20241203
S06/20241203/00031,4,TAX,1,69.80,TAX,03-12-2024 17:09:40,S06,20241203
S06/20241203/00031,5,TENDER,1,869.77,TENDER,03-12-2024 17:09:40,S06,20241203
S06/20241203/00032,1,P100803,3,278.56,SALE,03-12-2024 16:45:44,S06,20241203
S06/20241203/00032,2,P100627,2,440.29,SALE,03-12-2024 16:45:44,S06,20241203
S06/20241203/00032,3,P106174,2,229.89,SALE,03-12-2024 16:45:44,S06,20241203
S06/20241203/00032,4,P107890,4,133.07,SALE,03-12-2024 16:45:44,S06,20241203
S06/20241203/00032,5,TAX,1,112.43,TAX,03-12-2024 16:45:44,S06,20241203
S06/20241203/00032,6,TENDER,1,2820.75,TENDER,03-12-2024 16:45:44,S06,20241203
S06/20241203/00033,1,P102480,4,198.67,SALE,03-12-2024 13:21:53,S06,20241203
S06/20241203/00033,2,P104121,3,131.32,SALE,03-12-2024 13:21:53,S06,20241203
S06/20241203/00033,3,P106877,1,1085.30,SALE,03-12-2024 13:21:53,S06,20241203
S06/20241203/00033,4,P103206,2,450.05,SALE,03-12-2024 13:21:53,S06,20241203
S06/20241203/00033,5,DISC,1,-104.63,DISCOUNT,03-12-2024 13:21:53,S06,20241203
S06/20241203/00033,6,TAX,1,263.68,TAX,03-12-2024 13:21:53,S06,20241203
S06/20241203/00033,7,TENDER,1,3333.09,TENDER,03-12-2024 13:21:53,S06,20241203
S06/20241203/00034,1,P101851,1,1750.29,SALE,03-12-2024 16:16:37,S06,20241203
S06/20241203/00034,2,P107320,3,231.92,SALE,03-12-2024 16:16:37,S06,20241203
S06/20241203/00034,3,P100033,3,828.62,SALE,03-12-2024 16:16:37,S06,20241203
S06/20241203/00034,4,P105575,2,513.17,SALE,03-12-2024 16:16:37,S06,20241203
S06/20241203/00034,5,P104526,2,363.05,SALE,03-12-2024 16:16:37,S06,20241203
S06/20241203/00034,6,P102581,2,185.56,SALE,03-12-2024 16:16:37,S06,20241203
S06/20241203/00034,7,TAX,1,313.96,TAX,03-12-2024 16:16:37,S06,20241203
S06/20241203/00034,8,TENDER,1,7369.43,TENDER,03-12-2024 16:16:37,S06,20241203
S06/20241203/00035,1,P102963,2,415.64,SALE,03-12-2024 17:49:09,S06,20241203
S06/20241203/00035,2,P105057,3,294.62,SALE,03-12-2024 17:49:09,S06,20241203
S06/20241203/00035,3,TAX,1,308.73,TAX,03-12-2024 17:49:09,S06,20241203
S06/20241203/00035,4,TENDER,1,2023.87,TENDER,03-12-2024 17:49:09,S06,20241203
S06/20241203/00036,1,P101851,3,1750.29,SALE,03-12-2024 19:17:13,S06,20241203
S06/20241203/00036,2,P106735,1,320.99,SALE,03-12-2024 19:17:13,S06,20241203
S06/20241203/00036,3,P101697,1,102.34,SALE,03-12-2024 19:17:13,S06,20241203
S06/20241203/00036,4,P105418,2,257.82,SALE,03-12-2024 19:17:13,S06,20241203
S06/20241203/00036,5,P101367,3,512.46,SALE,03-12-2024 19:17:13,S06,20241203
S06/20241203/00036,6,P103382,1,196.46,SALE,03-12-2024 19:17:13,S06,20241203
S06/20241203/00036,7,TAX,1,437.14,TAX,03-12-2024 19:17:13,S06,20241203
S06/20241203/00036,8,TENDER,1,8360.82,TENDER,03-12-2024 19:17:13,S06,20241203
S06/20241203/00037,1,P107226,3,88.38,SALE,03-12-2024 13:06:10,S06,20241203
S06/20241203/00037,2,P102000,3,82.98,SALE,03-12-2024 13:06:10,S06,20241203
S06/20241203/00037,3,P105698,3,194.14,SALE,03-12-2024 13:06:10,S06,20241203
S06/20241203/00037,4,P102886,4,139.22,SALE,03-12-2024 13:06:10,S06,20241203
S06/20241203/00037,5,P107815,2,106.85,SALE,03-12-2024 13:06:10,S06,20241203
S06/20241203/00037,6,TAX,1,250.86,TAX,03-12-2024 13:06:10,S06,20241203
S06/20241203/00037,7,TENDER,1,2117.94,TENDER,03-12-2024 13:06:10,S06,20241203
S06/20241203/00038,1,P107393,3,469.90,SALE,03-12-2024 20:57:25,S06,20241203
S06/20241203/00038,2,P103822,3,594.96,SALE,03-12-2024 20:57:25,S06,20241203
S06/20241203/00038,3,P106989,2,25.41,SALE,03-12-2024 20:57:25,S06,20241203
S06/20241203/00038,4,P105394,1,327.72,SALE,03-12-2024 20:57:25,S06,20241203
S06/20241203/00038,5,P103629,2,60.58,SALE,03-12-2024 20:57:25,S06,20241203
S06/20241203/00038,6,P107516,1,565.20,SALE,03-12-2024 20:57:25,S06,20241203
S06/20241203/00038,7,TAX,1,682.12,TAX,03-12-2024 20:57:25,S06,20241203
S06/20241203/00038,8,TENDER,1,4941.60,TENDER,03-12-2024 20:57:25,S06,20241203
S06/20241204/00001,1,P102913,3,375.37,SALE,04-12-2024 20:11:24,S06,20241204
S06/20241204/00001,2,P107686,2,347.22,SALE,04-12-2024 20:11:24,S06,20241204
S06/20241204/00001,3,P107003,2,1218.85,SALE,04-12-2024 20:11:24,S06,20241204
S06/20241204/00001,4,P103757,2,159.40,SALE,04-12-2024 20:11:24,S06,20241204
S06/20241204/00001,5,P104933,2,560.59,SALE,04-12-2024 20:11:24,S06,20241204
S06/20241204/00001,6,P102342,4,107.02,SALE,04-12-2024 20:11:24,S06,20241204
S06/20241204/00001,7,TAX,1,529.25,TAX,04-12-2024 20:11:24,S06,20241204
S06/20241204/00001,8,TENDER,1,6655.56,TENDER,04-12-2024 20:11:24,S06,20241204
S06/20241204/00002,1,P104725,1,507.27,SALE,04-12-2024 23:22:11,S06,20241204
S06/20241204/00002,2,P101876,4,68.16,SALE,04-12-2024 23:22:11,S06,20241204
S06/20241204/00002,3,P102868,3,471.29,SALE,04-12-2024 23:22:11,S06,20241204
S06/20241204/00002,4,P107056,2,341.76,SALE,04-12-2024 23:22:11,S06,20241204
S06/20241204/00002,5,P102738,3,236.55,SALE,04-12-2024 23:22:11,S06,20241204
S06/20241204/00002,6,P102263,2,116.79,SALE,04-12-2024 23:22:11,S06,20241204
S06/20241204/00002,7,TAX,1,595.66,TAX,04-12-2024 23:22:11,S06,20241204
S06/20241204/00002,8,TENDER,1,4416.19,TENDER,04-12-2024 23:22:11,S06,20241204
S06/20241204/00003,1,P106599,2,245.11,SALE,04-12-2024 14:19:13,S06,20241204
S06/20241204/00003,2,P104404,2,890.27,SALE,04-12-2024 14:19:13,S06,20241204
S06/20241204/00003,3,P107190,2,223.50,SALE,04-12-2024 14:19:13,S06,20241204
S06/20241204/00003,4,P107362,2,75.90,SALE,04-12-2024 14:19:13,S06,20241204
S06/20241204/00003,5,P106592,2,815.90,SALE,04-12-2024 14:19:13,S06,20241204
S06/20241204/00003,6,P100781,3,654.99,SALE,04-12-2024 14:19:13,S06,20241204
S06/20241204/00003,7,DISC,1,-207.14,DISCOUNT,04-12-2024 14:19:13,S06,20241204
S06/20241204/00003,8,TAX,1,756.22,TAX,04-12-2024 14:19:13,S06,20241204
S06/20241204/00003,9,TENDER,1,7015.41,TENDER,04-12-2024 14:19:13,S06,20241204
S06/20241204/00004,1,P103978,3,347.08,SALE,04-12-2024 18:05:27,S06,20241204
S06/20241204/00004,2,P103449,1,381.08,SALE,04-12-2024 18:05:27,S06,20241204
S06/20241204/00004,3,P104294,2,115.73,SALE,04-12-2024 18:05:27,S06,20241204
S06/20241204/00004,4,P103839,2,226.78,SALE,04-12-2024 18:05:27,S06,20241204
S06/20241204/00004,5,P107807,3,118.66,SALE,04-12-2024 18:05:27,S06,20241204
S06/20241204/00004,6,P102585,3,516.36,SALE,04-12-2024 18:05:27,S06,20241204
S06/20241204/00004,7,P101374,2,55.98,SALE,04-12-2024 18:05:27,S06,20241204
S06/20241204/00004,8,P104302,2,1255.97,SALE,04-12-2024 18:05:27,S06,20241204
S06/20241204/00004,9,TAX,1,597.37,TAX,04-12-2024 18:05:27,S06,20241204
S06/20241204/00004,10,TENDER,1,7233.67,TENDER,04-12-2024 18:05:27,S06,20241204
S06/20241204/00005,1,P101578,2,44.18,SALE,04-12-2024 13:33:21,S06,20241204
S06/20241204/00005,2,P106353,2,267.43,SALE,04-12-2024 13:33:21,S06,20241204
S06/20241204/00005,3,P103487,1,361.14,SALE,04-12-2024 13:33:21,S06,20241204
S06/20241204/00005,4,P106877,1,1085.30,SALE,04-12-2024 13:33:21,S06,20241204
S06/20241204/00005,5,P100991,2,173.46,SALE,04-12-2024 13:33:21,S06,20241204
S06/20241204/00005,6,TAX,1,161.38,TAX,04-12-2024 13:33:21,S06,20241204
S06/20241204/00005,7,TENDER,1,2577.96,TENDER,04-12-2024 13:33:21,S06,20241204
S06/20241204/00006,1,P105815,1,320.65,SALE,04-12-2024 21:49:25,S06,20241204
S06/20241204/00006,2,P101543,3,178.10,SALE,04-12-2024 21:49:25,S06,20241204
S06/20241204/00006,3,P102724,2,391.04,SALE,04-12-2024 21:49:25,S06,20241204
S06/20241204/00006,4,P105757,1,248.44,SALE,04-12-2024 21:49:25,S06,20241204
S06/20241204/00006,5,TAX,1,287.85,TAX,04-12-2024 21:49:25,S06,20241204
S06/20241204/00006,6,TENDER,1,2173.32,TENDER,04-12-2024 21:49:25,S06,20241204
S06/20241204/00007,1,P106133,2,370.91,SALE,04-12-2024 15:59:55,S06,20241204
S06/20241204/00007,2,P106807,1,322.15,SALE,04-12-2024 15:59:55,S06,20241204
S06/20241204/00007,3,P107089,1,208.86,SALE,04-12-2024 15:59:55,S06,20241204
S06/20241204/00007,4,P107385,2,811.35,SALE,04-12-2024 15:59:55,S06,20241204
S06/20241204/00007,5,P104233,1,1271.89,SALE,04-12-2024 15:59:55,S06,20241204
S06/20241204/00007,6,P104277,2,128.39,SALE,04-12-2024 15:59:55,S06,20241204
S06/20241204/00007,7,P105260,1,72.61,SALE,04-12-2024 15:59:55,S06,20241204
S06/20241204/00007,8,P106975,1,143.78,SALE,04-12-2024 15:59:55,S06,20241204
S06/20241204/00007,9,P100652,1,45.46,SALE,04-12-2024 15:59:55,S06,20241204
S06/20241204/00007,10,P106344,2,801.30,SALE,04-12-2024 15:59:55,S06,20241204
S06/20241204/00007,11,TAX,1,420.28,TAX,04-12-2024 15:59:55,S06,20241204
S06/20241204/00007,12,TENDER,1,6708.93,TENDER,04-12-2024 15:59:55,S06,20241204
S06/20241204/00008,1,P104980,4,92.75,SALE,04-12-2024 13:55:36,S06,20241204
S06/20241204/00008,2,TAX,1,18.55,TAX,04-12-2024 13:55:36,S06,20241204
S06/20241204/00008,3,TENDER,1,389.55,TENDER,04-12-2024 13:55:36,S06,20241204
S06/20241204/00009,1,P105507,2,22.07,SALE,04-12-2024 17:54:12,S06,20241204
S06/20241204/00009,2,P104212,1,426.07,SALE,04-12-2024 17:54:12,S06,20241204
S06/20241204/00009,3,P106300,3,425.27,SALE,04-12-2024 17:54:12,S06,20241204
S06/20241204/00009,4,TAX,1,229.79,TAX,04-12-2024 17:54:12,S06,20241204
S06/20241204/00009,5,TENDER,1,1975.81,TENDER,04-12-2024 17:54:12,S06,20241204
S06/20241204/00010,1,P107346,1,449.29,SALE,04-12-2024 18:54:40,S06,20241204
S06/20241204/00010,2,P104844,2,553.13,SALE,04-12-2024 18:54:40,S06,20241204
S06/20241204/00010,3,P105511,1,310.12,SALE,04-12-2024 18:54:40,S06,20241204
S06/20241204/00010,4,P101585,3,10.45,SALE,04-12-2024 18:54:40,S06,20241204
S06/20241204/00010,5,TAX,1,139.24,TAX,04-12-2024 18:54:40,S06,20241204
S06/20241204/00010,6,TENDER,1,2036.26,TENDER,04-12-2024 18:54:40,S06,20241204
S06/20241204/00011,1,P107028,2,56.60,SALE,04-12-2024 16:02:48,S06,20241204
S06/20241204/00011,2,P101242,2,92.35,SALE,04-12-2024 16:02:48,S06,20241204
S06/20241204/00011,3,P100686,3,800.21,SALE,04-12-2024 16:02:48,S06,20241204
S06/20241204/00011,4,TAX,1,53.62,TAX,04-12-2024 16:02:48,S06,20241204
S06/20241204/00011,5,TENDER,1,2752.15,TENDER,04-12-2024 16:02:48,S06,20241204
S06/20241204/00012,1,P107463,2,188.92,SALE,04-12-2024 11:01:40,S06,20241204
S06/20241204/00012,2,P103050,2,569.48,SALE,04-12-2024 11:01:40,S06,20241204
S06/20241204/00012,3,P105092,4,57.00,SALE,04-12-2024 11:01:40,S06,20241204
S06/20241204/00012,4,TAX,1,109.05,TAX,04-12-2024 11:01:40,S06,20241204
S06/20241204/00012,5,TENDER,1,1853.85,TENDER,04-12-2024 11:01:40,S06,20241204
S06/20241204/00013,1,P101796,2,990.67,SALE,04-12-2024 18:42:06,S06,20241204
S06/20241204/00013,2,P100956,3,421.98,SALE,04-12-2024 18:42:06,S06,20241204
S06/20241204/00013,3,P102593,1,92.93,SALE,04-12-2024 18:42:06,S06,20241204
S06/20241204/00013,4,TAX,1,179.09,TAX,04-12-2024 18:42:06,S06,20241204
S06/20241204/00013,5,TENDER,1,3519.30,TENDER,04-12-2024 18:42:06,S06,20241204
S06/20241204/00014,1,P105272,1,351.65,SALE,04-12-2024 16:16:10,S06,20241204
S06/20241204/00014,2,DISC,1,-8.87,DISCOUNT,04-12-2024 16:16:10,S06,20241204
S06/20241204/00014,3,TAX,1,41.13,TAX,04-12-2024 16:16:10,S06,20241204
S06/20241204/00014,4,TENDER,1,383.91,TENDER,04-12-2024 16:16:10,S06,20241204
S06/20241204/00015,1,P103337,1,94.03,SALE,04-12-2024 18:09:43,S06,20241204
S06/20241204/00015,2,P106207,3,564.89,SALE,04-12-2024 18:09:43,S06,20241204
S06/20241204/00015,3,P102060,3,165.83,SALE,04-12-2024 18:09:43,S06,20241204
S06/20241204/00015,4,TAX,1,309.74,TAX,04-12-2024 18:09:43,S06,20241204
S06/20241204/00015,5,TENDER,1,2595.93,TENDER,04-12-2024 18:09:43,S06,20241204
S06/20241204/00016,1,P100840,3,248.08,SALE,04-12-2024 12:26:12,S06,20241204
S06/20241204/00016,2,P108397,1,286.03,SALE,04-12-2024 12:26:12,S06,20241204
S06/20241204/00016,3,P102581,2,185.56,SALE,04-12-2024 12:26:12,S06,20241204
S06/20241204/00016,4,TAX,1,186.84,TAX,04-12-2024 12:26:12,S06,20241204
S06/20241204/00016,5,TENDER,1,1588.23,TENDER,04-12-2024 12:26:12,S06,20241204
S06/20241204/00017,1,P105805,-4,110.21,RETURN,04-12-2024 22:31:35,S06,20241204
S06/20241204/00017,2,P103785,-3,606.71,RETURN,04-12-2024 22:31:35,S06,20241204
S06/20241204/00017,3,TAX,1,-218.42,TAX,04-12-2024 22:31:35,S06,20241204
S06/20241204/00017,4,TENDER,1,-2479.39,TENDER,04-12-2024 22:31:35,S06,20241204
S06/20241204/00018,1,P105351,1,109.14,SALE,04-12-2024 15:32:35,S06,20241204
S06/20241204/00018,2,P104160,1,256.98,SALE,04-12-2024 15:32:35,S06,20241204
S06/20241204/00018,3,P107520,1,139.81,SALE,04-12-2024 15:32:35,S06,20241204
S06/20241204/00018,4,P102081,1,164.15,SALE,04-12-2024 15:32:35,S06,20241204
S06/20241204/00018,5,TAX,1,56.18,TAX,04-12-2024 15:32:35,S06,20241204
S06/20241204/00018,6,TENDER,1,726.26,TENDER,04-12-2024 15:32:35,S06,20241204
S06/20241204/00019,1,P107960,2,1191.78,SALE,04-12-2024 19:11:06,S06,20241204
S06/20241204/00019,2,P100026,4,315.91,SALE,04-12-2024 19:11:06,S06,20241204
S06/20241204/00019,3,P100791,2,46.20,SALE,04-12-2024 19:11:06,S06,20241204
S06/20241204/00019,4,TAX,1,353.83,TAX,04-12-2024 19:11:06,S06,20241204
S06/20241204/00019,5,TENDER,1,4093.43,TENDER,04-12-2024 19:11:06,S06,20241204
S06/20241204/00020,1,P108389,4,837.30,SALE,04-12-2024 19:26:08,S06,20241204
S06/20241204/00020,2,P104708,2,487.33,SALE,04-12-2024 19:26:08,S06,20241204
S06/20241204/00020,3,P102814,3,543.91,SALE,04-12-2024 19:26:08,S06,20241204
S06/20241204/00020,4,P104257,2,42.95,SALE,04-12-2024 19:26:08,S06,20241204
S06/20241204/00020,5,P104844,1,553.13,SALE,04-12-2024 19:26:08,S06,20241204
S06/20241204/00020,6,TAX,1,329.73,TAX,04-12-2024 19:26:08,S06,20241204
S06/20241204/00020,7,TENDER,1,6924.35,TENDER,04-12-2024 19:26:08,S06,20241204
S06/20241204/00021,1,P106115,2,128.36,SALE,04-12-2024 15:31:20,S06,20241204
S06/20241204/00021,2,P107126,3,68.67,SALE,04-12-2024 15:31:20,S06,20241204
S06/20241204/00021,3,P104572,4,182.16,SALE,04-12-2024 15:31:20,S06,20241204
S06/20241204/00021,4,TAX,1,107.36,TAX,04-12-2024 15:31:20,S06,20241204
S06/20241204/00021,5,TENDER,1,1298.73,TENDER,04-12-2024 15:31:20,S06,20241204
S06/20241204/00022,1,P107822,3,69.77,SALE,04-12-2024 16:02:13,S06,20241204
S06/20241204/00022,2,P102042,3,151.18,SALE,04-12-2024 16:02:13,S06,20241204
S06/20241204/00022,3,TAX,1,92.10,TAX,04-12-2024 16:02:13,S06,20241204
S06/20241204/00022,4,TENDER,1,754.95,TENDER,04-12-2024 16:02:13,S06,20241204
S06/20241204/00023,1,P100100,1,435.38,SALE,04-12-2024 18:51:08,S06,20241204
S06/20241204/00023,2,P106221,2,31.65,SALE,04-12-2024 18:51:08,S06,20241204
S06/20241204/00023,3,P100682,1,337.76,SALE,04-12-2024 18:51:08,S06,20241204
S06/20241204/00023,4,P102465,1,1410.14,SALE,04-12-2024 18:51:08,S06,20241204
S06/20241204/00023,5,P107330,1,134.92,SALE,04-12-2024 18:51:08,S06,20241204
S06/20241204/00023,6,P107282,2,1189.20,SALE,04-12-2024 18:51:08,S06,20241204
S06/20241204/00023,7,TAX,1,198.96,TAX,04-12-2024 18:51:08,S06,20241204
S06/20241204/00023,8,TENDER,1,4958.86,TENDER,04-12-2024 18:51:08,S06,20241204
S06/20241204/00024,1,P106027,2,1548.23,SALE,04-12-2024 15:30:04,S06,20241204
S06/20241204/00024,2,P105918,4,294.44,SALE,04-12-2024 15:30:04,S06,20241204
S06/20241204/00024,3,P104294,3,115.73,SALE,04-12-2024 15:30:04,S06,20241204
S06/20241204/00024,4,P101367,2,512.46,SALE,04-12-2024 15:30:04,S06,20241204
S06/20241204/00024,5,P108097,2,89.01,SALE,04-12-2024 15:30:04,S06,20241204
S06/20241204/00024,6,TAX,1,459.51,TAX,04-12-2024 15:30:04,S06,20241204
S06/20241204/00024,7,TENDER,1,6283.86,TENDER,04-12-2024 15:30:04,S06,20241204
S06/20241204/00025,1,P103484,1,109.59,SALE,04-12-2024 18:14:47,S06,20241204
S06/20241204/00025,2,P103727,1,116.88,SALE,04-12-2024 18:14:47,S06,20241204
S06/20241204/00025,3,P102181,5,1615.15,SALE,04-12-2024 18:14:47,S06,20241204
S06/20241204/00025,4,P100889,1,1028.39,SALE,04-12-2024 18:14:47,S06,20241204
S06/20241204/00025,5,P107449,3,1375.97,SALE,04-12-2024 18:14:47,S06,20241204
S06/20241204/00025,6,P103785,1,606.71,SALE,04-12-2024 18:14:47,S06,20241204
S06/20241204/00025,7,P103950,2,1283.54,SALE,04-12-2024 18:14:47,S06,20241204
S06/20241204/00025,8,TAX,1,781.68,TAX,04-12-2024 18:14:47,S06,20241204
S06/20241204/00025,9,TENDER,1,17413.99,TENDER,04-12-2024 18:14:47,S06,20241204
S06/20241204/00026,1,P105594,2,321.63,SALE,04-12-2024 14:05:50,S06,20241204
S06/20241204/00026,2,P103861,3,57.59,SALE,04-12-2024 14:05:50,S06,20241204
S06/20241204/00026,3,P106920,2,1398.34,SALE,04-12-2024 14:05:50,S06,20241204
S06/20241204/00026,4,TAX,1,85.83,TAX,04-12-2024 14:05:50,S06,20241204
S06/20241204/00026,5,TENDER,1,3698.54,TENDER,04-12-2024 14:05:50,S06,20241204
S06/20241204/00027,1,P104965,1,88.50,SALE,04-12-2024 16:08:02,S06,20241204
S06/20241204/00027,2,P104665,4,217.71,SALE,04-12-2024 16:08:02,S06,20241204
S06/20241204/00027,3,P105772,3,576.55,SALE,04-12-2024 16:08:02,S06,20241204
S06/20241204/00027,4,P100140,3,58.05,SALE,04-12-2024 16:08:02,S06,20241204
S06/20241204/00027,5,TAX,1,451.61,TAX,04-12-2024 16:08:02,S06,20241204
S06/20241204/00027,6,TENDER,1,3314.75,TENDER,04-12-2024 16:08:02,S06,20241204
S06/20241204/00028,1,P102531,2,160.54,SALE,04-12-2024 14:05:29,S06,20241204
S06/20241204/00028,2,P101825,2,183.68,SALE,04-12-2024 14:05:29,S06,20241204
S06/20241204/00028,3,P105633,3,46.25,SALE,04-12-2024 14:05:29,S06,20241204
S06/20241204/00028,4,P105227,6,292.54,SALE,04-12-2024 14:05:29,S06,20241204
S06/20241204/00028,5,P106130,2,1317.16,SALE,04-12-2024 14:05:29,S06,20241204
S06/20241204/00028,6,TAX,1,274.46,TAX,04-12-2024 14:05:29,S06,20241204
S06/20241204/00028,7,TENDER,1,5491.21,TENDER,04-12-2024 14:05:29,S06,20241204
S06/20241204/00029,1,P104909,2,363.10,SALE,04-12-2024 15:02:31,S06,20241204
S06/20241204/00029,2,P102280,1,644.81,SALE,04-12-2024 15:02:31,S06,20241204
S06/20241204/00029,3,P101134,3,1071.76,SALE,04-12-2024 15:02:31,S06,20241204
S06/20241204/00029,4,TAX,1,116.07,TAX,04-12-2024 15:02:31,S06,20241204
S06/20241204/00029,5,TENDER,1,4702.36,TENDER,04-12-2024 15:02:31,S06,20241204
S06/20241204/00030,1,P102903,4,54.55,SALE,04-12-2024 15:39:27,S06,20241204
S06/20241204/00030,2,P102755,1,75.17,SALE,04-12-2024 15:39:27,S06,20241204
S06/20241204/00030,3,P100106,2,318.86,SALE,04-12-2024 15:39:27,S06,20241204
S06/20241204/00030,4,P107137,2,32.59,SALE,04-12-2024 15:39:27,S06,20241204
S06/20241204/00030,5,P106181,2,778.60,SALE,04-12-2024 15:39:27,S06,20241204
S06/20241204/00030,6,TAX,1,157.82,TAX,04-12-2024 15:39:27,S06,20241204
S06/20241204/00030,7,TENDER,1,2711.29,TENDER,04-12-2024 15:39:27,S06,20241204
S06/20241204/00031,1,P101923,2,527.50,SALE,04-12-2024 21:58:19,S06,20241204
S06/20241204/00031,2,P102874,1,142.11,SALE,04-12-2024 21:58:19,S06,20241204
S06/20241204/00031,3,P101292,4,380.75,SALE,04-12-2024 21:58:19,S06,20241204
S06/20241204/00031,4,TAX,1,273.16,TAX,04-12-2024 21:58:19,S06,20241204
S06/20241204/00031,5,TENDER,1,2993.27,TENDER,04-12-2024 21:58:19,S06,20241204
S06/20241204/00032,1,P107676,2,213.04,SALE,04-12-2024 18:22:15,S06,20241204
S06/20241204/00032,2,P106015,2,148.43,SALE,04-12-2024 18:22:15,S06,20241204
S06/20241204/00032,3,P100281,2,485.13,SALE,04-12-2024 18:22:15,S06,20241204
S06/20241204/00032,4,P104285,3,683.70,SALE,04-12-2024 18:22:15,S06,20241204
S06/20241204/00032,5,P108200,1,333.41,SALE,04-12-2024 18:22:15,S06,20241204
S06/20241204/00032,6,TAX,1,248.00,TAX,04-12-2024 18:22:15,S06,20241204
S06/20241204/00032,7,TENDER,1,4325.71,TENDER,04-12-2024 18:22:15,S06,20241204
S06/20241204/00033,1,P105656,3,516.52,SALE,04-12-2024 11:41:37,S06,20241204
S06/20241204/00033,2,P100767,2,277.22,SALE,04-12-2024 11:41:37,S06,20241204
S06/20241204/00033,3,P103487,3,361.14,SALE,04-12-2024 11:41:37,S06,20241204
S06/20241204/00033,4,P101851,3,1750.29,SALE,04-12-2024 11:41:37,S06,20241204
S06/20241204/00033,5,P100959,1,320.67,SALE,04-12-2024 11:41:37,S06,20241204
S06/20241204/00033,6,DISC,1,-204.10,DISCOUNT,04-12-2024 11:41:37,S06,20241204
S06/20241204/00033,7,TAX,1,248.34,TAX,04-12-2024 11:41:37,S06,20241204
S06/20241204/00033,8,TENDER,1,8803.20,TENDER,04-12-2024 11:41:37,S06,20241204
S06/20241204/00034,1,P107646,2,225.19,SALE,04-12-2024 18:57:15,S06,20241204
S06/20241204/00034,2,P103496,1,70.71,SALE,04-12-2024 18:57:15,S06,20241204
S06/20241204/00034,3,P107089,3,208.86,SALE,04-12-2024 18:57:15,S06,20241204
S06/20241204/00034,4,P101697,3,102.34,SALE,04-12-2024 18:57:15,S06,20241204
S06/20241204/00034,5,DISC,1,-79.11,DISCOUNT,04-12-2024 18:57:15,S06,20241204
S06/20241204/00034,6,TAX,1,62.96,TAX,04-12-2024 18:57:15,S06,20241204
S06/20241204/00034,7,TENDER,1,1438.54,TENDER,04-12-2024 18:57:15,S06,20241204
S06/20241204/00035,1,P105835,2,238.39,SALE,04-12-2024 14:51:20,S06,20241204
S06/20241204/00035,2,P102814,1,543.91,SALE,04-12-2024 14:51:20,S06,20241204
S06/20241204/00035,3,P106357,4,1078.45,SALE,04-12-2024 14:51:20,S06,20241204
S06/20241204/00035,4,P107859,2,136.84,SALE,04-12-2024 14:51:20,S06,20241204
S06/20241204/00035,5,TAX,1,582.37,TAX,04-12-2024 14:51:20,S06,20241204
S06/20241204/00035,6,TENDER,1,6190.54,TENDER,04-12-2024 14:51:20,S06,20241204
S06/20241204/00036,1,P101751,2,477.38,SALE,04-12-2024 13:01:16,S06,20241204
S06/20241204/00036,2,P100375,1,163.45,SALE,04-12-2024 13:01:16,S06,20241204
S06/20241204/00036,3,P105950,1,1356.49,SALE,04-12-2024 13:01:16,S06,20241204
S06/20241204/00036,4,P100260,3,1120.33,SALE,04-12-2024 13:01:16,S06,20241204
S06/20241204/00036,5,P105302,4,281.37,SALE,04-12-2024 13:01:16,S06,20241204
S06/20241204/00036,6,P102857,2,116.85,SALE,04-12-2024 13:01:16,S06,20241204
S06/20241204/00036,7,TAX,1,278.37,TAX,04-12-2024 13:01:16,S06,20241204
S06/20241204/00036,8,TENDER,1,7473.24,TENDER,04-12-2024 13:01:16,S06,20241204
S06/20241205/00001,1,P104155,2,144.69,SALE,05-12-2024 14:21:25,S06,20241205
S06/20241205/00001,2,P108239,3,256.06,SALE,05-12-2024 14:21:25,S06,20241205
S06/20241205/00001,3,P105180,2,102.63,SALE,05-12-2024 14:21:25,S06,20241205
S06/20241205/00001,4,TAX,1,175.22,TAX,05-12-2024 14:21:25,S06,20241205
S06/20241205/00001,5,TENDER,1,1438.04,TENDER,05-12-2024 14:21:25,S06,20241205
S06/20241205/00002,1,P108258,2,54.62,SALE,05-12-2024 09:11:44,S06,20241205
S06/20241205/00002,2,P101164,2,401.86,SALE,05-12-2024 09:11:44,S06,20241205
S06/20241205/00002,3,P107605,1,1129.73,SALE,05-12-2024 09:11:44,S06,20241205
S06/20241205/00002,4,P104316,2,489.63,SALE,05-12-2024 09:11:44,S06,20241205
S06/20241205/00002,5,TAX,1,476.17,TAX,05-12-2024 09:11:44,S06,20241205
S06/20241205/00002,6,TENDER,1,3498.12,TENDER,05-12-2024 09:11:44,S06,20241205
S06/20241205/00003,1,P100483,1,933.37,SALE,05-12-2024 11:48:13,S06,20241205
S06/20241205/00003,2,P102389,1,84.91,SALE,05-12-2024 11:48:13,S06,20241205
S06/20241205/00003,3,P108239,3,256.06,SALE,05-12-2024 11:48:13,S06,20241205
S06/20241205/00003,4,TAX,1,153.56,TAX,05-12-2024 11:48:13,S06,20241205
S06/20241205/00003,5,TENDER,1,1940.02,TENDER,05-12-2024 11:48:13,S06,20241205
S06/20241205/00004,1,P100791,2,46.20,SALE,05-12-2024 17:50:03,S06,20241205
S06/20241205/00004,2,P104462,2,86.38,SALE,05-12-2024 17:50:03,S06,20241205
S06/20241205/00004,3,P101990,2,408.52,SALE,05-12-2024 17:50:03,S06,20241205
S06/20241205/00004,4,P102598,2,133.17,SALE,05-12-2024 17:50:03,S06,20241205
S06/20241205/00004,5,TAX,1,111.30,TAX,05-12-2024 17:50:03,S06,20241205
S06/20241205/00004,6,TENDER,1,1459.84,TENDER,05-12-2024 17:50:03,S06,20241205
S06/20241205/00005,1,P107385,1,811.35,SALE,05-12-2024 11:53:38,S06,20241205
S06/20241205/00005,2,P106735,2,320.99,SALE,05-12-2024 11:53:38,S06,20241205
S06/20241205/00005,3,P100686,2,800.21,SALE,05-12-2024 11:53:38,S06,20241205
S06/20241205/00005,4,P101444,4,838.86,SALE,05-12-2024 11:53:38,S06,20241205
S06/20241205/00005,5,P101851,3,1750.29,SALE,05-12-2024 11:53:38,S06,20241205
S06/20241205/00005,6,TAX,1,323.90,TAX,05-12-2024 11:53:38,S06,20241205
S06/20241205/00005,7,TENDER,1,11983.96,TENDER,05-12-2024 11:53:38,S06,20241205
S06/20241205/00006,1,P103202,3,295.26,SALE,05-12-2024 16:34:34,S06,20241205
S06/20241205/00006,2,P102160,1,221.62,SALE,05-12-2024 16:34:34,S06,20241205
S06/20241205/00006,3,P104236,1,289.43,SALE,05-12-2024 16:34:34,S06,20241205
S06/20241205/00006,4,P104334,1,294.34,SALE,05-12-2024 16:34:34,S06,20241205
S06/20241205/00006,5,P102714,1,86.80,SALE,05-12-2024 16:34:34,S06,20241205
S06/20241205/00006,6,P106783,1,94.23,SALE,05-12-2024 16:34:34,S06,20241205
S06/20241205/00006,7,P107960,1,1191.78,SALE,05-12-2024 16:34:34,S06,20241205
S06/20241205/00006,8,DISC,1,-289.43,DISCOUNT,05-12-2024 16:34:34,S06,20241205
S06/20241205/00006,9,TAX,1,335.13,TAX,05-12-2024 16:34:34,S06,20241205
S06/20241205/00006,10,TENDER,1,3109.68,TENDER,05-12-2024 16:34:34,S06,20241205
S06/20241205/00007,1,P101174,1,57.43,SALE,05-12-2024 20:08:33,S06,20241205
S06/20241205/00007,2,P100326,4,47.79,SALE,05-12-2024 20:08:33,S06,20241205
S06/20241205/00007,3,P101940,2,201.44,SALE,05-12-2024 20:08:33,S06,20241205
S06/20241205/00007,4,P105167,1,826.20,SALE,05-12-2024 20:08:33,S06,20241205
S06/20241205/00007,5,P107630,1,309.72,SALE,05-12-2024 20:08:33,S06,20241205
S06/20241205/00007,6,P106611,1,341.44,SALE,05-12-2024 20:08:33,S06,20241205
S06/20241205/00007,7,DISC,1,-123.16,DISCOUNT,05-12-2024 20:08:33,S06,20241205
S06/20241205/00007,8,TAX,1,210.72,TAX,05-12-2024 20:08:33,S06,20241205
S06/20241205/00007,9,TENDER,1,2216.39,TENDER,05-12-2024 20:08:33,S06,20241205
S06/20241205/00008,1,P104975,1,568.03,SALE,05-12-2024 10:01:40,S06,20241205
S06/20241205/00008,2,P101656,4,324.95,SALE,05-12-2024 10:01:40,S06,20241205
S06/20241205/00008,3,P103525,2,252.51,SALE,05-12-2024 10:01:40,S06,20241205
S06/20241205/00008,4,P102569,2,116.37,SALE,05-12-2024 10:01:40,S06,20241205
S06/20241205/00008,5,P105323,2,84.67,SALE,05-12-2024 10:01:40,S06,20241205
S06/20241205/00008,6,P105479,3,253.92,SALE,05-12-2024 10:01:40,S06,20241205
S06/20241205/00008,7,P106405,2,40.51,SALE,05-12-2024 10:01:40,S06,20241205
S06/20241205/00008,8,TAX,1,323.62,TAX,05-12-2024 10:01:40,S06,20241205
S06/20241205/00008,9,TENDER,1,3941.33,TENDER,05-12-2024 10:01:40,S06,20241205
S06/20241205/00009,1,P104079,4,75.55,SALE,05-12-2024 22:03:27,S06,20241205
S06/20241205/00009,2,P103040,2,410.59,SALE,05-12-2024 22:03:27,S06,20241205
S06/20241205/00009,3,P106942,3,206.70,SALE,05-12-2024 22:03:27,S06,20241205
S06/20241205/00009,4,P101899,1,326.35,SALE,05-12-2024 22:03:27,S06,20241205
S06/20241205/00009,5,TAX,1,237.56,TAX,05-12-2024 22:03:27,S06,20241205
S06/20241205/00009,6,TENDER,1,2307.39,TENDER,05-12-2024 22:03:27,S06,20241205
S06/20241205/00010,1,P101648,1,334.22,SALE,05-12-2024 19:00:32,S06,20241205
S06/20241205/00010,2,P100686,3,800.21,SALE,05-12-2024 19:00:32,S06,20241205
S06/20241205/00010,3,P105164,2,242.35,SALE,05-12-2024 19:00:32,S06,20241205
S06/20241205/00010,4,P101940,3,201.44,SALE,05-12-2024 19:00:32,S06,20241205
S06/20241205/00010,5,P103704,5,188.13,SALE,05-12-2024 19:00:32,S06,20241205
S06/20241205/00010,6,P102903,3,51.46,SALE,05-12-2024 19:00:32,S06,20241205
S06/20241205/00010,7,TAX,1,286.33,TAX,05-12-2024 19:00:32,S06,20241205
S06/20241205/00010,8,TENDER,1,5205.23,TENDER,05-12-2024 19:00:32,S06,20241205
S06/20241205/00011,1,P108326,2,472.80,SALE,05-12-2024 14:07:01,S06,20241205
S06/20241205/00011,2,P102616,1,82.31,SALE,05-12-2024 14:07:01,S06,20241205
S06/20241205/00011,3,P104802,2,213.28,SALE,05-12-2024 14:07:01,S06,20241205
S06/20241205/00011,4,TAX,1,205.07,TAX,05-12-2024 14:07:01,S06,20241205
S06/20241205/00011,5,TENDER,1,1659.54,TENDER,05-12-2024 14:07:01,S06,20241205
S06/20241205/00012,1,P105609,3,817.71,SALE,05-12-2024 11:55:08,S06,20241205
S06/20241205/00012,2,P100827,4,1218.17,SALE,05-12-2024 11:55:08,S06,20241205
S06/20241205/00012,3,P101152,4,490.05,SALE,05-12-2024 11:55:08,S06,20241205
S06/20241205/00012,4,TAX,1,352.84,TAX,05-12-2024 11:55:08,S06,20241205
S06/20241205/00012,5,TENDER,1,9638.85,TENDER,05-12-2024 11:55:08,S06,20241205
S06/20241205/00013,1,P107446,2,593.14,SALE,05-12-2024 14:15:47,S06,20241205
S06/20241205/00013,2,P105337,4,35.20,SALE,05-12-2024 14:15:47,S06,20241205
S06/20241205/00013,3,P107759,2,257.69,SALE,05-12-2024 14:15:47,S06,20241205
S06/20241205/00013,4,TAX,1,220.57,TAX,05-12-2024 14:15:47,S06,20241205
S06/20241205/00013,5,TENDER,1,2063.03,TENDER,05-12-2024 14:15:47,S06,20241205
S06/20241205/00014,1,P103081,1,480.46,SALE,05-12-2024 10:34:13,S06,20241205
S06/20241205/00014,2,P101533,2,975.60,SALE,05-12-2024 10:34:13,S06,20241205
S06/20241205/00014,3,P108131,1,627.37,SALE,05-12-2024 10:34:13,S06,20241205
S06/20241205/00014,4,P104389,2,169.98,SALE,05-12-2024 10:34:13,S06,20241205
S06/20241205/00014,5,P100640,1,379.48,SALE,05-12-2024 10:34:13,S06,20241205
S06/20241205/00014,6,TAX,1,458.73,TAX,05-12-2024 10:34:13,S06,20241205
S06/20241205/00014,7,TENDER,1,4237.20,TENDER,05-12-2024 10:34:13,S06,20241205
S06/20241205/00015,1,P107740,3,1366.88,SALE,05-12-2024 17:24:52,S06,20241205
S06/20241205/00015,2,P108258,4,54.62,SALE,05-12-2024 17:24:52,S06,20241205
S06/20241205/00015,3,P105227,1,292.54,SALE,05-12-2024 17:24:52,S06,20241205
S06/20241205/00015,4,P108389,3,837.30,SALE,05-12-2024 17:24:52,S06,20241205
S06/20241205/00015,5,TAX,1,692.10,TAX,05-12-2024 17:24:52,S06,20241205
S06/20241205/00015,6,TENDER,1,7815.66,TENDER,05-12-2024 17:24:52,S06,20241205
S06/20241205/00016,1,P108346,1,534.07,SALE,05-12-2024 20:07:34,S06,20241205
S06/20241205/00016,2,P103449,2,381.08,SALE,05-12-2024 20:07:34,S06,20241205
S06/20241205/00016,3,P107292,4,372.98,SALE,05-12-2024 20:07:34,S06,20241205
S06/20241205/00016,4,P102081,2,164.15,SALE,05-12-2024 20:07:34,S06,20241205
S06/20241205/00016,5,TAX,1,302.94,TAX,05-12-2024 20:07:34,S06,20241205
S06/20241205/00016,6,TENDER,1,3419.39,TENDER,05-12-2024 20:07:34,S06,20241205
S06/20241205/00017,1,P104358,3,1243.57,SALE,05-12-2024 15:37:55,S06,20241205
S06/20241205/00017,2,P103374,2,38.02,SALE,05-12-2024 15:37:55,S06,20241205
S06/20241205/00017,3,P103794,3,785.54,SALE,05-12-2024 15:37:55,S06,20241205
S06/20241205/00017,4,DISC,1,-248.81,DISCOUNT,05-12-2024 15:37:55,S06,20241205
S06/20241205/00017,5,TAX,1,555.82,TAX,05-12-2024 15:37:55,S06,20241205
S06/20241205/00017,6,TENDER,1,6470.38,TENDER,05-12-2024 15:37:55,S06,20241205
S06/20241205/00018,1,P102371,3,59.77,SALE,05-12-2024 13:50:14,S06,20241205
S06/20241205/00018,2,P102021,5,90.22,SALE,05-12-2024 13:50:14,S06,20241205
S06/20241205/00018,3,TAX,1,54.13,TAX,05-12-2024 13:50:14,S06,20241205
S06/20241205/00018,4,TENDER,1,684.54,TENDER,05-12-2024 13:50:14,S06,20241205
S06/20241205/00019,1,P100221,1,139.88,SALE,05-12-2024 21:40:26,S06,20241205
S06/20241205/00019,2,P100380,2,136.58,SALE,05-12-2024 21:40:26,S06,20241205
S06/20241205/00019,3,P104344,1,390.44,SALE,05-12-2024 21:40:26,S06,20241205
S06/20241205/00019,4,P105890,1,1196.88,SALE,05-12-2024 21:40:26,S06,20241205
S06/20241205/00019,5,P100577,3,300.10,SALE,05-12-2024 21:40:26,S06,20241205
S06/20241205/00019,6,P104251,2,79.68,SALE,05-12-2024 21:40:26,S06,20241205
S06/20241205/00019,7,P105583,2,179.43,SALE,05-12-2024 21:40:26,S06,20241205
S06/20241205/00019,8,TAX,1,435.02,TAX,05-12-2024 21:40:26,S06,20241205
S06/20241205/00019,9,TENDER,1,3853.90,TENDER,05-12-2024 21:40:26,S06,20241205
S06/20241205/00020,1,P106942,1,206.70,SALE,05-12-2024 17:55:56,S06,20241205
S06/20241205/00020,2,P105479,1,253.92,SALE,05-12-2024 17:55:56,S06,20241205
S06/20241205/00020,3,P103262,1,54.76,SALE,05-12-2024 17:55:56,S06,20241205
S06/20241205/00020,4,P102707,3,425.19,SALE,05-12-2024 17:55:56,S06,20241205
S06/20241205/00020,5,DISC,1,-197.96,DISCOUNT,05-12-2024 17:55:56,S06,20241205
S06/20241205/00020,6,TAX,1,174.88,TAX,05-12-2024 17:55:56,S06,20241205
S06/20241205/00020,7,TENDER,1,1767.87,TENDER,05-12-2024 17:55:56,S06,20241205
S06/20241205/00021,1,P102035,1,471.15,SALE,05-12-2024 18:56:02,S06,20241205
S06/20241205/00021,2,P104986,2,221.68,SALE,05-12-2024 18:56:02,S06,20241205
S06/20241205/00021,3,P108076,1,151.55,SALE,05-12-2024 18:56:02,S06,20241205
S06/20241205/00021,4,P103701,1,1171.33,SALE,05-12-2024 18:56:02,S06,20241205
S06/20241205/00021,5,P106948,1,209.81,SALE,05-12-2024 18:56:02,S06,20241205
S06/20241205/00021,6,P100239,3,360.16,SALE,05-12-2024 18:56:02,S06,20241205
S06/20241205/00021,7,TAX,1,329.36,TAX,05-12-2024 18:56:02,S06,20241205
S06/20241205/00021,8,TENDER,1,3857.04,TENDER,05-12-2024 18:56:02,S06,20241205
S06/20241205/00022,1,P108247,1,252.59,SALE,05-12-2024 23:30:18,S06,20241205
S06/20241205/00022,2,P103922,3,51.00,SALE,05-12-2024 23:30:18,S06,20241205
S06/20241205/00022,3,P102129,2,241.90,SALE,05-12-2024 23:30:18,S06,20241205
S06/20241205/00022,4,P104446,2,66.45,SALE,05-12-2024 23:30:18,S06,20241205
S06/20241205/00022,5,TAX,1,121.12,TAX,05-12-2024 23:30:18,S06,20241205
S06/20241205/00022,6,TENDER,1,1143.41,TENDER,05-12-2024 23:30:18,S06,20241205
S06/20241205/00023,1,P106731,1,153.24,SALE,05-12-2024 17:51:27,S06,20241205
S06/20241205/00023,2,P101064,4,33.84,SALE,05-12-2024 17:51:27,S06,20241205
S06/20241205/00023,3,P108162,2,257.55,SALE,05-12-2024 17:51:27,S06,20241205
S06/20241205/00023,4,TAX,1,50.12,TAX,05-12-2024 17:51:27,S06,20241205
S06/20241205/00023,5,TENDER,1,853.82,TENDER,05-12-2024 17:51:27,S06,20241205
S06/20241205/00024,1,P101311,2,481.74,SALE,05-12-2024 15:48:47,S06,20241205
S06/20241205/00024,2,P106745,3,621.98,SALE,05-12-2024 15:48:47,S06,20241205
S06/20241205/00024,3,P107605,2,1129.73,SALE,05-12-2024 15:48:47,S06,20241205
S06/20241205/00024,4,P108389,1,837.30,SALE,05-12-2024 15:48:47,S06,20241205
S06/20241205/00024,5,P102324,1,194.59,SALE,05-12-2024 15:48:47,S06,20241205
S06/20241205/00024,6,P101332,1,400.98,SALE,05-12-2024 15:48:47,S06,20241205
S06/20241205/00024,7,TAX,1,778.95,TAX,05-12-2024 15:48:47,S06,20241205
S06/20241205/00024,8,TENDER,1,7300.70,TENDER,05-12-2024 15:48:47,S06,20241205
S06/20241205/00025,1,P100827,1,1218.17,SALE,05-12-2024 10:58:39,S06,20241205
S06/20241205/00025,2,P103004,1,82.09,SALE,05-12-2024 10:58:39,S06,20241205
S06/20241205/00025,3,P103727,4,116.88,SALE,05-12-2024 10:58:39,S06,20241205
S06/20241205/00025,4,P102217,3,68.46,SALE,05-12-2024 10:58:39,S06,20241205
S06/20241205/00025,5,TAX,1,60.21,TAX,05-12-2024 10:58:39,S06,20241205
S06/20241205/00025,6,TENDER,1,2033.37,TENDER,05-12-2024 10:58:39,S06,20241205
S06/20241205/00026,1,P107449,2,1495.62,SALE,05-12-2024 12:43:04,S06,20241205
S06/20241205/00026,2,P104389,3,169.98,SALE,05-12-2024 12:43:04,S06,20241205
S06/20241205/00026,3,P104112,1,52.93,SALE,05-12-2024 12:43:04,S06,20241205
S06/20241205/00026,4,P100354,3,182.63,SALE,05-12-2024 12:43:04,S06,20241205
S06/20241205/00026,5,P105331,2,308.39,SALE,05-12-2024 12:43:04,S06,20241205
S06/20241205/00026,6,TAX,1,549.97,TAX,05-12-2024 12:43:04,S06,20241205
S06/20241205/00026,7,TENDER,1,5268.75,TENDER,05-12-2024 12:43:04,S06,20241205
S06/20241205/00027,1,P103159,4,1193.28,SALE,05-12-2024 17:39:25,S06,20241205
S06/20241205/00027,2,P107294,3,85.13,SALE,05-12-2024 17:39:25,S06,20241205
S06/20241205/00027,3,P105959,1,513.93,SALE,05-12-2024 17:39:25,S06,20241205
S06/20241205/00027,4,P108125,4,118.74,SALE,05-12-2024 17:39:25,S06,20241205
S06/20241205/00027,5,P101911,2,1431.80,SALE,05-12-2024 17:39:25,S06,20241205
S06/20241205/00027,6,P104123,2,432.72,SALE,05-12-2024 17:39:25,S06,20241205
S06/20241205/00027,7,DISC,1,-1095.44,DISCOUNT,05-12-2024 17:39:25,S06,20241205
S06/20241205/00027,8,TAX,1,185.62,TAX,05-12-2024 17:39:25,S06,20241205
S06/20241205/00027,9,TENDER,1,8836.62,TENDER,05-12-2024 17:39:25,S06,20241205
S06/20241205/00028,1,P102219,4,780.86,SALE,05-12-2024 18:38:13,S06,20241205
S06/20241205/00028,2,P106044,2,40.72,SALE,05-12-2024 18:38:13,S06,20241205
S06/20241205/00028,3,P107242,1,635.24,SALE,05-12-2024 18:38:13,S06,20241205
S06/20241205/00028,4,P102129,5,241.90,SALE,05-12-2024 18:38:13,S06,20241205
S06/20241205/00028,5,TAX,1,263.07,TAX,05-12-2024 18:38:13,S06,20241205
S06/20241205/00028,6,TENDER,1,5312.69,TENDER,05-12-2024 18:38:13,S06,20241205
S06/20241205/00029,1,P103530,1,427.69,SALE,05-12-2024 14:08:26,S06,20241205
S06/20241205/00029,2,P107859,1,136.84,SALE,05-12-2024 14:08:26,S06,20241205
S06/20241205/00029,3,P102874,1,142.11,SALE,05-12-2024 14:08:26,S06,20241205
S06/20241205/00029,4,P106133,2,370.91,SALE,05-12-2024 14:08:26,S06,20241205
S06/20241205/00029,5,P107899,1,197.21,SALE,05-12-2024 14:08:26,S06,20241205
S06/20241205/00029,6,TAX,1,234.32,TAX,05-12-2024 14:08:26,S06,20241205
S06/20241205/00029,7,TENDER,1,1879.99,TENDER,05-12-2024 14:08:26,S06,20241205
S06/20241205/00030,1,P105394,1,327.72,SALE,05-12-2024 15:52:11,S06,20241205
S06/20241205/00030,2,P104658,1,75.90,SALE,05-12-2024 15:52:11,S06,20241205
S06/20241205/00030,3,P102042,2,151.18,SALE,05-12-2024 15:52:11,S06,20241205
S06/20241205/00030,4,P103461,2,109.46,SALE,05-12-2024 15:52:11,S06,20241205
S06/20241205/00030,5,P104891,4,757.22,SALE,05-12-2024 15:52:11,S06,20241205
S06/20241205/00030,6,TAX,1,488.80,TAX,05-12-2024 15:52:11,S06,20241205
S06/20241205/00030,7,TENDER,1,4442.58,TENDER,05-12-2024 15:52:11,S06,20241205
S06/20241205/00031,1,P103766,2,212.45,SALE,05-12-2024 13:38:56,S06,20241205
S06/20241205/00031,2,P100640,2,379.48,SALE,05-12-2024 13:38:56,S06,20241205
S06/20241205/00031,3,P101810,2,793.98,SALE,05-12-2024 13:38:56,S06,20241205
S06/20241205/00031,4,P105609,2,817.71,SALE,05-12-2024 13:38:56,S06,20241205
S06/20241205/00031,5,P104902,3,516.78,SALE,05-12-2024 13:38:56,S06,20241205
S06/20241205/00031,6,P105440,4,107.89,SALE,05-12-2024 13:38:56,S06,20241205
S06/20241205/00031,7,TAX,1,603.51,TAX,05-12-2024 13:38:56,S06,20241205
S06/20241205/00031,8,TENDER,1,6992.65,TENDER,05-12-2024 13:38:56,S06,20241205
S06/20241205/00032,1,P103559,3,370.21,SALE,05-12-2024 16:36:10,S06,20241205
S06/20241205/00032,2,P102744,2,98.75,SALE,05-12-2024 16:36:10,S06,20241205
S06/20241205/00032,3,P105497,3,70.98,SALE,05-12-2024 16:36:10,S06,20241205
S06/20241205/00032,4,P105268,1,300.66,SALE,05-12-2024 16:36:10,S06,20241205
S06/20241205/00032,5,P108282,3,472.97,SALE,05-12-2024 16:36:10,S06,20241205
S06/20241205/00032,6,P101374,2,55.98,SALE,05-12-2024 16:36:10,S06,20241205
S06/20241205/00032,7,TAX,1,236.18,TAX,05-12-2024 16:36:10,S06,20241205
S06/20241205/00032,8,TENDER,1,3588.78,TENDER,05-12-2024 16:36:10,S06,20241205
S06/20241205/00033,1,P106793,1,303.65,SALE,05-12-2024 21:31:48,S06,20241205
S06/20241205/00033,2,P106004,3,137.38,SALE,05-12-2024 21:31:48,S06,20241205
S06/20241205/00033,3,P106848,1,17.39,SALE,05-12-2024 21:31:48,S06,20241205
S06/20241205/00033,4,P104112,2,52.93,SALE,05-12-2024 21:31:48,S06,20241205
S06/20241205/00033,5,P105772,2,576.55,SALE,05-12-2024 21:31:48,S06,20241205
S06/20241205/00033,6,DISC,1,-121.47,DISCOUNT,05-12-2024 21:31:48,S06,20241205
S06/20241205/00033,7,TAX,1,233.48,TAX,05-12-2024 21:31:48,S06,20241205
S06/20241205/00033,8,TENDER,1,2104.15,TENDER,05-12-2024 21:31:48,S06,20241205
S06/20241205/00034,1,P106336,4,452.43,SALE,05-12-2024 13:20:30,S06,20241205
S06/20241205/00034,2,P104123,2,432.72,SALE,05-12-2024 13:20:30,S06,20241205
S06/20241205/00034,3,TAX,1,429.60,TAX,05-12-2024 13:20:30,S06,20241205
S06/20241205/00034,4,TENDER,1,3104.76,TENDER,05-12-2024 13:20:30,S06,20241205
S06/20241206/00001,1,P105030,3,224.07,SALE,06-12-2024 20:46:02,S06,20241206
S06/20241206/00001,2,P101454,1,148.61,SALE,06-12-2024 20:46:02,S06,20241206
S06/20241206/00001,3,P102811,2,199.78,SALE,06-12-2024 20:46:02,S06,20241206
S06/20241206/00001,4,P103606,3,185.94,SALE,06-12-2024 20:46:02,S06,20241206
S06/20241206/00001,5,P102849,3,682.39,SALE,06-12-2024 20:46:02,S06,20241206
S06/20241206/00001,6,P103882,3,273.56,SALE,06-12-2024 20:46:02,S06,20241206
S06/20241206/00001,7,TAX,1,580.08,TAX,06-12-2024 20:46:02,S06,20241206
S06/20241206/00001,8,TENDER,1,5226.13,TENDER,06-12-2024 20:46:02,S06,20241206
S06/20241206/00002,1,P105531,1,502.91,SALE,06-12-2024 12:14:56,S06,20241206
S06/20241206/00002,2,P105980,2,288.70,SALE,06-12-2024 12:14:56,S06,20241206
S06/20241206/00002,3,P106367,1,650.25,SALE,06-12-2024 12:14:56,S06,20241206
S06/20241206/00002,4,P101218,1,61.39,SALE,06-12-2024 12:14:56,S06,20241206
S06/20241206/00002,5,P103299,2,238.05,SALE,06-12-2024 12:14:56,S06,20241206
S06/20241206/00002,6,P107843,1,486.47,SALE,06-12-2024 12:14:56,S06,20241206
S06/20241206/00002,7,P105988,2,29.57,SALE,06-12-2024 12:14:56,S06,20241206
S06/20241206/00002,8,TAX,1,349.42,TAX,06-12-2024 12:14:56,S06,20241206
S06/20241206/00002,9,TENDER,1,3163.08,TENDER,06-12-2024 12:14:56,S06,20241206
S06/20241206/00003,1,P106765,3,279.73,SALE,06-12-2024 14:58:46,S06,20241206
S06/20241206/00003,2,P107432,1,45.60,SALE,06-12-2024 14:58:46,S06,20241206
S06/20241206/00003,3,P100210,1,1073.90,SALE,06-12-2024 14:58:46,S06,20241206
S06/20241206/00003,4,P107837,3,104.51,SALE,06-12-2024 14:58:46,S06,20241206
S06/20241206/00003,5,P106802,1,739.16,SALE,06-12-2024 14:58:46,S06,20241206
S06/20241206/00003,6,P103496,1,70.71,SALE,06-12-2024 14:58:46,S06,20241206
S06/20241206/00003,7,P104909,7,363.10,SALE,06-12-2024 14:58:46,S06,20241206
S06/20241206/00003,8,TAX,1,388.32,TAX,06-12-2024 14:58:46,S06,20241206
S06/20241206/00003,9,TENDER,1,6012.11,TENDER,06-12-2024 14:58:46,S06,20241206
S06/20241206/00004,1,P101884,2,352.98,SALE,06-12-2024 15:21:55,S06,20241206
S06/20241206/00004,2,P108110,3,16.57,SALE,06-12-2024 15:21:55,S06,20241206
S06/20241206/00004,3,TAX,1,93.66,TAX,06-12-2024 15:21:55,S06,20241206
S06/20241206/00004,4,TENDER,1,849.33,TENDER,06-12-2024 15:21:55,S06,20241206
S06/20241206/00005,1,P105524,1,81.14,SALE,06-12-2024 19:25:41,S06,20241206
S06/20241206/00005,2,P104938,3,999.94,SALE,06-12-2024 19:25:41,S06,20241206
S06/20241206/00005,3,P102845,1,261.08,SALE,06-12-2024 19:25:41,S06,20241206
S06/20241206/00005,4,P107100,4,200.76,SALE,06-12-2024 19:25:41,S06,20241206
S06/20241206/00005,5,P106802,1,739.16,SALE,06-12-2024 19:25:41,S06,20241206
S06/20241206/00005,6,TAX,1,520.96,TAX,06-12-2024 19:25:41,S06,20241206
S06/20241206/00005,7,TENDER,1,5405.20,TENDER,06-12-2024 19:25:41,S06,20241206
S06/20241206/00006,1,P103661,1,125.81,SALE,06-12-2024 13:11:03,S06,20241206
S06/20241206/00006,2,P101470,2,196.94,SALE,06-12-2024 13:11:03,S06,20241206
S06/20241206/00006,3,P107536,2,1613.47,SALE,06-12-2024 13:11:03,S06,20241206
S06/20241206/00006,4,P100260,2,1120.33,SALE,06-12-2024 13:11:03,S06,20241206
S06/20241206/00006,5,P103081,2,480.46,SALE,06-12-2024 13:11:03,S06,20241206
S06/20241206/00006,6,P103068,4,153.43,SALE,06-12-2024 13:11:03,S06,20241206
S06/20241206/00006,7,TAX,1,226.30,TAX,06-12-2024 13:11:03,S06,20241206
S06/20241206/00006,8,TENDER,1,7788.23,TENDER,06-12-2024 13:11:03,S06,20241206
S06/20241206/00007,1,P100164,2,594.91,SALE,06-12-2024 14:00:06,S06,20241206
S06/20241206/00007,2,TAX,1,214.17,TAX,06-12-2024 14:00:06,S06,20241206
S06/20241206/00007,3,TENDER,1,1403.99,TENDER,06-12-2024 14:00:06,S06,20241206
S06/20241206/00008,1,P102695,3,1277.24,SALE,06-12-2024 17:00:10,S06,20241206
S06/20241206/00008,2,TAX,1,459.81,TAX,06-12-2024 17:00:10,S06,20241206
S06/20241206/00008,3,TENDER,1,4291.53,TENDER,06-12-2024 17:00:10,S06,20241206
S06/20241206/00009,1,P106710,1,98.77,SALE,06-12-2024 20:43:05,S06,20241206
S06/20241206/00009,2,TAX,1,17.78,TAX,06-12-2024 20:43:05,S06,20241206
S06/20241206/00009,3,TENDER,1,116.55,TENDER,06-12-2024 20:43:05,S06,20241206
S06/20241206/00010,1,P108032,1,648.04,SALE,06-12-2024 18:01:17,S06,20241206
S06/20241206/00010,2,P105729,3,75.27,SALE,06-12-2024 18:01:17,S06,20241206
S06/20241206/00010,3,P106651,2,900.59,SALE,06-12-2024 18:01:17,S06,20241206
S06/20241206/00010,4,P103319,2,356.46,SALE,06-12-2024 18:01:17,S06,20241206
S06/20241206/00010,5,TAX,1,154.06,TAX,06-12-2024 18:01:17,S06,20241206
S06/20241206/00010,6,TENDER,1,3542.01,TENDER,06-12-2024 18:01:17,S06,20241206
S06/20241206/00011,1,P102296,2,48.88,SALE,06-12-2024 17:24:32,S06,20241206
S06/20241206/00011,2,P108369,5,343.20,SALE,06-12-2024 17:24:32,S06,20241206
S06/20241206/00011,3,P102184,4,101.58,SALE,06-12-2024 17:24:32,S06,20241206
S06/20241206/00011,4,P101899,1,326.35,SALE,06-12-2024 17:24:32,S06,20241206
S06/20241206/00011,5,P104081,3,652.80,SALE,06-12-2024 17:24:32,S06,20241206
S06/20241206/00011,6,P105331,2,308.39,SALE,06-12-2024 17:24:32,S06,20241206
S06/20241206/00011,7,P102724,1,391.04,SALE,06-12-2024 17:24:32,S06,20241206
S06/20241206/00011,8,TAX,1,559.58,TAX,06-12-2024 17:24:32,S06,20241206
S06/20241206/00011,9,TENDER,1,6072.23,TENDER,06-12-2024 17:24:32,S06,20241206
S06/20241206/00012,1,P100112,2,95.15,SALE,06-12-2024 14:34:31,S06,20241206
S06/20241206/00012,2,P106382,1,81.60,SALE,06-12-2024 14:34:31,S06,20241206
S06/20241206/00012,3,P101974,4,302.00,SALE,06-12-2024 14:34:31,S06,20241206
S06/20241206/00012,4,P105450,1,252.15,SALE,06-12-2024 14:34:31,S06,20241206
S06/20241206/00012,5,TAX,1,251.69,TAX,06-12-2024 14:34:31,S06,20241206
S06/20241206/00012,6,TENDER,1,1983.74,TENDER,06-12-2024 14:34:31,S06,20241206
S06/20241206/00013,1,P106865,3,299.72,SALE,06-12-2024 11:59:20,S06,20241206
S06/20241206/00013,2,TAX,1,161.85,TAX,06-12-2024 11:59:20,S06,20241206
S06/20241206/00013,3,TENDER,1,1061.01,TENDER,06-12-2024 11:59:20,S06,20241206
S06/20241206/00014,1,P107294,2,85.13,SALE,06-12-2024 12:33:25,S06,20241206
S06/20241206/00014,2,P106679,2,181.66,SALE,06-12-2024 12:33:25,S06,20241206
S06/20241206/00014,3,P101592,2,295.58,SALE,06-12-2024 12:33:25,S06,20241206
S06/20241206/00014,4,P104081,1,652.80,SALE,06-12-2024 12:33:25,S06,20241206
S06/20241206/00014,5,DISC,1,-177.16,DISCOUNT,06-12-2024 12:33:25,S06,20241206
S06/20241206/00014,6,TAX,1,103.47,TAX,06-12-2024 12:33:25,S06,20241206
S06/20241206/00014,7,TENDER,1,1703.85,TENDER,06-12-2024 12:33:25,S06,20241206
S06/20241206/00015,1,P108131,3,627.37,SALE,06-12-2024 15:22:31,S06,20241206
S06/20241206/00015,2,P105511,2,310.12,SALE,06-12-2024 15:22:31,S06,20241206
S06/20241206/00015,3,DISC,1,-117.07,DISCOUNT,06-12-2024 15:22:31,S06,20241206
S06/20241206/00015,4,TAX,1,196.12,TAX,06-12-2024 15:22:31,S06,20241206
S06/20241206/00015,5,TENDER,1,2581.40,TENDER,06-12-2024 15:22:31,S06,20241206
S06/20241206/00016,1,P101827,2,155.74,SALE,06-12-2024 18:55:48,S06,20241206
S06/20241206/00016,2,P107639,1,128.49,SALE,06-12-2024 18:55:48,S06,20241206
S06/20241206/00016,3,P103704,1,188.13,SALE,06-12-2024 18:55:48,S06,20241206
S06/20241206/00016,4,P102616,1,82.31,SALE,06-12-2024 18:55:48,S06,20241206
S06/20241206/00016,5,TAX,1,79.67,TAX,06-12-2024 18:55:48,S06,20241206
S06/20241206/00016,6,TENDER,1,790.08,TENDER,06-12-2024 18:55:48,S06,20241206
S06/20241206/00017,1,P107282,2,1189.20,SALE,06-12-2024 11:45:18,S06,20241206
S06/20241206/00017,2,P106151,2,298.42,SALE,06-12-2024 11:45:18,S06,20241206
S06/20241206/00017,3,P100421,3,121.56,SALE,06-12-2024 11:45:18,S06,20241206
S06/20241206/00017,4,P105468,3,1100.43,SALE,06-12-2024 11:45:18,S06,20241206
S06/20241206/00017,5,TAX,1,236.69,TAX,06-12-2024 11:45:18,S06,20241206
S06/20241206/00017,6,TENDER,1,6877.90,TENDER,06-12-2024 11:45:18,S06,20241206
S06/20241206/00018,1,P101458,2,1365.07,SALE,06-12-2024 13:39:03,S06,20241206
S06/20241206/00018,2,P101201,2,48.42,SALE,06-12-2024 13:39:03,S06,20241206
S06/20241206/00018,3,P101367,3,512.46,SALE,06-12-2024 13:39:03,S06,20241206
S06/20241206/00018,4,P107686,2,347.22,SALE,06-12-2024 13:39:03,S06,20241206
S06/20241206/00018,5,P100194,1,46.79,SALE,06-12-2024 13:39:03,S06,20241206
S06/20241206/00018,6,DISC,1,-520.82,DISCOUNT,06-12-2024 13:39:03,S06,20241206
S06/20241206/00018,7,TAX,1,372.66,TAX,06-12-2024 13:39:03,S06,20241206
S06/20241206/00018,8,TENDER,1,4957.43,TENDER,06-12-2024 13:39:03,S06,20241206
S06/20241206/00019,1,P100308,1,328.66,SALE,06-12-2024 07:46:18,S06,20241206
S06/20241206/00019,2,P100555,2,435.03,SALE,06-12-2024 07:46:18,S06,20241206
S06/20241206/00019,3,P108374,5,1417.29,SALE,06-12-2024 07:46:18,S06,20241206
S06/20241206/00019,4,P101507,1,635.95,SALE,06-12-2024 07:46:18,S06,20241206
S06/20241206/00019,5,P102160,3,221.62,SALE,06-12-2024 07:46:18,S06,20241206
S06/20241206/00019,6,TAX,1,307.63,TAX,06-12-2024 07:46:18,S06,20241206
S06/20241206/00019,7,TENDER,1,9893.61,TENDER,06-12-2024 07:46:18,S06,20241206
S06/20241206/00020,1,P105331,3,308.39,SALE,06-12-2024 13:39:31,S06,20241206
S06/20241206/00020,2,P103416,2,73.27,SALE,06-12-2024 13:39:31,S06,20241206
S06/20241206/00020,3,P100686,2,800.21,SALE,06-12-2024 13:39:31,S06,20241206
S06/20241206/00020,4,P105313,2,51.83,SALE,06-12-2024 13:39:31,S06,20241206
S06/20241206/00020,5,P103855,2,322.11,SALE,06-12-2024 13:39:31,S06,20241206
S06/20241206/00020,6,P107589,2,257.75,SALE,06-12-2024 13:39:31,S06,20241206
S06/20241206/00020,7,P102485,1,208.13,SALE,06-12-2024 13:39:31,S06,20241206
S06/20241206/00020,8,P103538,3,265.96,SALE,06-12-2024 13:39:31,S06,20241206
S06/20241206/00020,9,P106501,6,164.07,SALE,06-12-2024 13:39:31,S06,20241206
S06/20241206/00020,10,TAX,1,508.88,TAX,06-12-2024 13:39:31,S06,20241206
S06/20241206/00020,11,TENDER,1,6434.82,TENDER,06-12-2024 13:39:31,S06,20241206
S06/20241206/00021,1,P102616,2,82.31,SALE,06-12-2024 12:23:19,S06,20241206
S06/20241206/00021,2,P103978,1,347.08,SALE,06-12-2024 12:23:19,S06,20241206
S06/20241206/00021,3,P104831,3,1516.75,SALE,06-12-2024 12:23:19,S06,20241206
S06/20241206/00021,4,P102415,1,1245.81,SALE,06-12-2024 12:23:19,S06,20241206
S06/20241206/00021,5,TAX,1,655.31,TAX,06-12-2024 12:23:19,S06,20241206
S06/20241206/00021,6,TENDER,1,6963.07,TENDER,06-12-2024 12:23:19,S06,20241206
S06/20241206/00022,1,P106035,1,86.76,SALE,06-12-2024 16:15:17,S06,20241206
S06/20241206/00022,2,P105187,1,1046.11,SALE,06-12-2024 16:15:17,S06,20241206
S06/20241206/00022,3,P103777,3,44.82,SALE,06-12-2024 16:15:17,S06,20241206
S06/20241206/00022,4,P104351,1,1128.29,SALE,06-12-2024 16:15:17,S06,20241206
S06/20241206/00022,5,P106611,2,341.44,SALE,06-12-2024 16:15:17,S06,20241206
S06/20241206/00022,6,P105365,2,420.06,SALE,06-12-2024 16:15:17,S06,20241206
S06/20241206/00022,7,TAX,1,261.51,TAX,06-12-2024 16:15:17,S06,20241206
S06/20241206/00022,8,TENDER,1,4180.13,TENDER,06-12-2024 16:15:17,S06,20241206
S06/20241206/00023,1,P101213,3,232.84,SALE,06-12-2024 10:50:59,S06,20241206
S06/20241206/00023,2,P100999,4,171.06,SALE,06-12-2024 10:50:59,S06,20241206
S06/20241206/00023,3,P100511,1,442.66,SALE,06-12-2024 10:50:59,S06,20241206
S06/20241206/00023,4,TAX,1,178.85,TAX,06-12-2024 10:50:59,S06,20241206
S06/20241206/00023,5,TENDER,1,2004.27,TENDER,06-12-2024 10:50:59,S06,20241206
S06/20241206/00024,1,P106209,1,199.51,SALE,06-12-2024 08:22:19,S06,20241206
S06/20241206/00024,2,P103081,2,480.46,SALE,06-12-2024 08:22:19,S06,20241206
S06/20241206/00024,3,P101530,1,576.50,SALE,06-12-2024 08:22:19,S06,20241206
S06/20241206/00024,4,P100754,3,91.60,SALE,06-12-2024 08:22:19,S06,20241206
S06/20241206/00024,5,TAX,1,314.42,TAX,06-12-2024 08:22:19,S06,20241206
S06/20241206/00024,6,TENDER,1,2326.15,TENDER,06-12-2024 08:22:19,S06,20241206
S06/20241206/00025,1,P107753,1,73.61,SALE,06-12-2024 19:34:57,S06,20241206
S06/20241206/00025,2,P101305,2,114.22,SALE,06-12-2024 19:34:57,S06,20241206
S06/20241206/00025,3,P106844,3,23.44,SALE,06-12-2024 19:34:57,S06,20241206
S06/20241206/00025,4,TAX,1,53.78,TAX,06-12-2024 19:34:57,S06,20241206
S06/20241206/00025,5,TENDER,1,426.15,TENDER,06-12-2024 19:34:57,S06,20241206
S06/20241206/00026,1,P100686,1,800.21,SALE,06-12-2024 13:12:19,S06,20241206
S06/20241206/00026,2,P101851,1,1750.29,SALE,06-12-2024 13:12:19,S06,20241206
S06/20241206/00026,3,P106080,3,361.06,SALE,06-12-2024 13:12:19,S06,20241206
S06/20241206/00026,4,P108090,2,139.96,SALE,06-12-2024 13:12:19,S06,20241206
S06/20241206/00026,5,DISC,1,-221.83,DISCOUNT,06-12-2024 13:12:19,S06,20241206
S06/20241206/00026,6,TAX,1,135.82,TAX,06-12-2024 13:12:19,S06,20241206
S06/20241206/00026,7,TENDER,1,3827.59,TENDER,06-12-2024 13:12:19,S06,20241206
S06/20241206/00027,1,P103855,3,322.11,SALE,06-12-2024 12:59:27,S06,20241206
S06/20241206/00027,2,P100005,3,114.37,SALE,06-12-2024 12:59:27,S06,20241206
S06/20241206/00027,3,P104800,2,692.51,SALE,06-12-2024 12:59:27,S06,20241206
S06/20241206/00027,4,P106718,2,525.27,SALE,06-12-2024 12:59:27,S06,20241206
S06/20241206/00027,5,P105868,1,68.91,SALE,06-12-2024 12:59:27,S06,20241206
S06/20241206/00027,6,P102811,4,199.78,SALE,06-12-2024 12:59:27,S06,20241206
S06/20241206/00027,7,P100150,2,280.80,SALE,06-12-2024 12:59:27,S06,20241206
S06/20241206/00027,8,P105570,2,345.21,SALE,06-12-2024 12:59:27,S06,20241206
S06/20241206/00027,9,P107662,2,330.01,SALE,06-12-2024 12:59:27,S06,20241206
S06/20241206/00027,10,TAX,1,815.80,TAX,06-12-2024 12:59:27,S06,20241206
S06/20241206/00027,11,TENDER,1,7340.87,TENDER,06-12-2024 12:59:27,S06,20241206
S06/20241206/00028,1,P102142,2,89.20,SALE,06-12-2024 19:04:32,S06,20241206
S06/20241206/00028,2,P105100,4,270.01,SALE,06-12-2024 19:04:32,S06,20241206
S06/20241206/00028,3,P103792,2,25.06,SALE,06-12-2024 19:04:32,S06,20241206
S06/20241206/00028,4,P105575,1,513.17,SALE,06-12-2024 19:04:32,S06,20241206
S06/20241206/00028,5,TAX,1,231.49,TAX,06-12-2024 19:04:32,S06,20241206
S06/20241206/00028,6,TENDER,1,2053.22,TENDER,06-12-2024 19:04:32,S06,20241206
S06/20241206/00029,1,P106234,3,79.42,SALE,06-12-2024 15:48:25,S06,20241206
S06/20241206/00029,2,P105698,1,178.61,SALE,06-12-2024 15:48:25,S06,20241206
S06/20241206/00029,3,P100722,1,330.17,SALE,06-12-2024 15:48:25,S06,20241206
S06/20241206/00029,4,P106611,3,341.44,SALE,06-12-2024 15:48:25,S06,20241206
S06/20241206/00029,5,P103168,1,980.21,SALE,06-12-2024 15:48:25,S06,20241206
S06/20241206/00029,6,P107414,2,565.57,SALE,06-12-2024 15:48:25,S06,20241206
S06/20241206/00029,7,P103654,1,481.76,SALE,06-12-2024 15:48:25,S06,20241206
S06/20241206/00029,8,P102531,2,160.54,SALE,06-12-2024 15:48:25,S06,20241206
S06/20241206/00029,9,TAX,1,420.46,TAX,06-12-2024 15:48:25,S06,20241206
S06/20241206/00029,10,TENDER,1,5106.01,TENDER,06-12-2024 15:48:25,S06,20241206
S06/20241206/00030,1,P106490,4,671.88,SALE,06-12-2024 16:33:04,S06,20241206
S06/20241206/00030,2,P105252,4,12.09,SALE,06-12-2024 16:33:04,S06,20241206
S06/20241206/00030,3,P108008,3,128.46,SALE,06-12-2024 16:33:04,S06,20241206
S06/20241206/00030,4,P101592,3,295.58,SALE,06-12-2024 16:33:04,S06,20241206
S06/20241206/00030,5,TAX,1,237.69,TAX,06-12-2024 16:33:04,S06,20241206
S06/20241206/00030,6,TENDER,1,4245.69,TENDER,06-12-2024 16:33:04,S06,20241206
S06/20241206/00031,1,P105959,2,513.93,SALE,06-12-2024 17:39:46,S06,20241206
S06/20241206/00031,2,TAX,1,185.01,TAX,06-12-2024 17:39:46,S06,20241206
S06/20241206/00031,3,TENDER,1,1212.87,TENDER,06-12-2024 17:39:46,S06,20241206
S06/20241206/00032,1,P107446,2,593.14,SALE,06-12-2024 17:07:49,S06,20241206
S06/20241206/00032,2,P103843,3,660.15,SALE,06-12-2024 17:07:49,S06,20241206
S06/20241206/00032,3,TAX,1,570.01,TAX,06-12-2024 17:07:49,S06,20241206
S06/20241206/00032,4,TENDER,1,3736.74,TENDER,06-12-2024 17:07:49,S06,20241206
S06/20241206/00033,1,P108234,2,33.09,SALE,06-12-2024 10:39:50,S06,20241206
S06/20241206/00033,2,P101489,3,555.59,SALE,06-12-2024 10:39:50,S06,20241206
S06/20241206/00033,3,P100281,1,485.13,SALE,06-12-2024 10:39:50,S06,20241206
S06/20241206/00033,4,P104658,3,75.90,SALE,06-12-2024 10:39:50,S06,20241206
S06/20241206/00033,5,P107409,3,486.68,SALE,06-12-2024 10:39:50,S06,20241206
S06/20241206/00033,6,P105252,1,12.09,SALE,06-12-2024 10:39:50,S06,20241206
S06/20241206/00033,7,TAX,1,122.73,TAX,06-12-2024 10:39:50,S06,20241206
S06/20241206/00033,8,TENDER,1,4040.64,TENDER,06-12-2024 10:39:50,S06,20241206
S06/20241206/00034,1,P102761,2,170.84,SALE,06-12-2024 17:38:29,S06,20241206
S06/20241206/00034,2,P100494,1,67.32,SALE,06-12-2024 17:38:29,S06,20241206
S06/20241206/00034,3,P106048,2,310.59,SALE,06-12-2024 17:38:29,S06,20241206
S06/20241206/00034,4,P101339,1,230.61,SALE,06-12-2024 17:38:29,S06,20241206
S06/20241206/00034,5,P102290,2,587.69,SALE,06-12-2024 17:38:29,S06,20241206
S06/20241206/00034,6,TAX,1,239.24,TAX,06-12-2024 17:38:29,S06,20241206
S06/20241206/00034,7,TENDER,1,2675.41,TENDER,06-12-2024 17:38:29,S06,20241206
S06/20241206/00035,1,P107733,1,56.44,SALE,06-12-2024 15:48:00,S06,20241206
S06/20241206/00035,2,P102874,1,142.11,SALE,06-12-2024 15:48:00,S06,20241206
S06/20241206/00035,3,P106207,4,564.89,SALE,06-12-2024 15:48:00,S06,20241206
S06/20241206/00035,4,P101732,2,1390.76,SALE,06-12-2024 15:48:00,S06,20241206
S06/20241206/00035,5,P101010,1,71.39,SALE,06-12-2024 15:48:00,S06,20241206
S06/20241206/00035,6,TAX,1,759.00,TAX,06-12-2024 15:48:00,S06,20241206
S06/20241206/00035,7,TENDER,1,6070.02,TENDER,06-12-2024 15:48:00,S06,20241206
S06/20241206/00036,1,P102849,1,682.39,SALE,06-12-2024 14:32:21,S06,20241206
S06/20241206/00036,2,P105413,1,168.78,SALE,06-12-2024 14:32:21,S06,20241206
S06/20241206/00036,3,TAX,1,102.14,TAX,06-12-2024 14:32:21,S06,20241206
S06/20241206/00036,4,TENDER,1,953.31,TENDER,06-12-2024 14:32:21,S06,20241206
S06/20241206/00037,1,P106067,2,444.09,SALE,06-12-2024 16:08:21,S06,20241206
S06/20241206/00037,2,P100156,1,1528.63,SALE,06-12-2024 16:08:21,S06,20241206
S06/20241206/00037,3,P103319,1,356.46,SALE,06-12-2024 16:08:21,S06,20241206
S06/20241206/00037,4,P104844,1,553.13,SALE,06-12-2024 16:08:21,S06,20241206
S06/20241206/00037,5,P102480,2,198.67,SALE,06-12-2024 16:08:21,S06,20241206
S06/20241206/00037,6,P105400,2,53.13,SALE,06-12-2024 16:08:21,S06,20241206
S06/20241206/00037,7,TAX,1,128.88,TAX,06-12-2024 16:08:21,S06,20241206
S06/20241206/00037,8,TENDER,1,3958.88,TENDER,06-12-2024 16:08:21,S06,20241206
S06/20241206/00038,1,P105440,1,107.89,SALE,06-12-2024 14:59:30,S06,20241206
S06/20241206/00038,2,P105594,3,321.63,SALE,06-12-2024 14:59:30,S06,20241206
S06/20241206/00038,3,P102738,2,236.55,SALE,06-12-2024 14:59:30,S06,20241206
S06/20241206/00038,4,P105855,1,123.28,SALE,06-12-2024 14:59:30,S06,20241206
S06/20241206/00038,5,P101062,2,52.38,SALE,06-12-2024 14:59:30,S06,20241206
S06/20241206/00038,6,P101802,4,44.15,SALE,06-12-2024 14:59:30,S06,20241206
S06/20241206/00038,7,P101690,3,1044.81,SALE,06-12-2024 14:59:30,S06,20241206
S06/20241206/00038,8,TAX,1,354.91,TAX,06-12-2024 14:59:30,S06,20241206
S06/20241206/00038,9,TENDER,1,5439.86,TENDER,06-12-2024 14:59:30,S06,20241206
S06/20241206/00039,1,P107208,4,323.06,SALE,06-12-2024 17:27:27,S06,20241206
S06/20241206/00039,2,P107100,1,200.76,SALE,06-12-2024 17:27:27,S06,20241206
S06/20241206/00039,3,P104257,1,42.95,SALE,06-12-2024 17:27:27,S06,20241206
S06/20241206/00039,4,TAX,1,90.85,TAX,06-12-2024 17:27:27,S06,20241206
S06/20241206/00039,5,TENDER,1,1626.80,TENDER,06-12-2024 17:27:27,S06,20241206
S06/20241206/00040,1,P107354,1,227.60,SALE,06-12-2024 17:29:17,S06,20241206
S06/20241206/00040,2,P100649,4,618.96,SALE,06-12-2024 17:29:17,S06,20241206
S06/20241206/00040,3,P106399,1,198.14,SALE,06-12-2024 17:29:17,S06,20241206
S06/20241206/00040,4,P100864,2,208.63,SALE,06-12-2024 17:29:17,S06,20241206
S06/20241206/00040,5,P102122,2,138.84,SALE,06-12-2024 17:29:17,S06,20241206
S06/20241206/00040,6,P100582,1,170.67,SALE,06-12-2024 17:29:17,S06,20241206
S06/20241206/00040,7,DISC,1,-416.66,DISCOUNT,06-12-2024 17:29:17,S06,20241206
S06/20241206/00040,8,TAX,1,281.78,TAX,06-12-2024 17:29:17,S06,20241206
S06/20241206/00040,9,TENDER,1,3632.31,TENDER,06-12-2024 17:29:17,S06,20241206
S06/20241206/00041,1,P100649,1,618.96,SALE,06-12-2024 11:42:51,S06,20241206
S06/20241206/00041,2,P108361,1,73.59,SALE,06-12-2024 11:42:51,S06,20241206
S06/20241206/00041,3,P107381,2,195.99,SALE,06-12-2024 11:42:51,S06,20241206
S06/20241206/00041,4,TAX,1,77.99,TAX,06-12-2024 11:42:51,S06,20241206
S06/20241206/00041,5,TENDER,1,1162.52,TENDER,06-12-2024 11:42:51,S06,20241206
S06/20241206/00042,1,P101925,3,186.54,SALE,06-12-2024 18:15:50,S06,20241206
S06/20241206/00042,2,P100595,5,404.82,SALE,06-12-2024 18:15:50,S06,20241206
S06/20241206/00042,3,P103022,3,60.43,SALE,06-12-2024 18:15:50,S06,20241206
S06/20241206/00042,4,TAX,1,365.38,TAX,06-12-2024 18:15:50,S06,20241206
S06/20241206/00042,5,TENDER,1,3130.39,TENDER,06-12-2024 18:15:50,S06,20241206
S06/20241206/00043,1,P106004,3,137.38,SALE,06-12-2024 19:23:17,S06,20241206
S06/20241206/00043,2,P107686,3,347.22,SALE,06-12-2024 19:23:17,S06,20241206
S06/20241206/00043,3,P108060,2,217.09,SALE,06-12-2024 19:23:17,S06,20241206
S06/20241206/00043,4,P106405,1,40.51,SALE,06-12-2024 19:23:17,S06,20241206
S06/20241206/00043,5,P105119,2,106.45,SALE,06-12-2024 19:23:17,S06,20241206
S06/20241206/00043,6,TAX,1,331.87,TAX,06-12-2024 19:23:17,S06,20241206
S06/20241206/00043,7,TENDER,1,2473.26,TENDER,06-12-2024 19:23:17,S06,20241206
S06/20241206/00044,1,P105377,2,275.11,SALE,06-12-2024 18:27:04,S06,20241206
S06/20241206/00044,2,P100967,3,969.23,SALE,06-12-2024 18:27:04,S06,20241206
S06/20241206/00044,3,TAX,1,414.95,TAX,06-12-2024 18:27:04,S06,20241206
S06/20241206/00044,4,TENDER,1,3872.86,TENDER,06-12-2024 18:27:04,S06,20241206
S06/20241206/00045,1,P103712,2,481.86,SALE,06-12-2024 12:54:33,S06,20241206
S06/20241206/00045,2,P103328,1,228.35,SALE,06-12-2024 12:54:33,S06,20241206
S06/20241206/00045,3,P103727,4,116.88,SALE,06-12-2024 12:54:33,S06,20241206
S06/20241206/00045,4,P106599,2,245.11,SALE,06-12-2024 12:54:33,S06,20241206
S06/20241206/00045,5,TAX,1,237.36,TAX,06-12-2024 12:54:33,S06,20241206
S06/20241206/00045,6,TENDER,1,2387.17,TENDER,06-12-2024 12:54:33,S06,20241206
S06/20241206/00046,1,P106629,3,57.49,SALE,06-12-2024 09:17:32,S06,20241206
S06/20241206/00046,2,P107301,2,945.94,SALE,06-12-2024 09:17:32,S06,20241206
S06/20241206/00046,3,P104645,2,1052.62,SALE,06-12-2024 09:17:32,S06,20241206
S06/20241206/00046,4,P100156,3,1528.63,SALE,06-12-2024 09:17:32,S06,20241206
S06/20241206/00046,5,P106478,2,56.12,SALE,06-12-2024 09:17:32,S06,20241206
S06/20241206/00046,6,TAX,1,36.66,TAX,06-12-2024 09:17:32,S06,20241206
S06/20241206/00046,7,TENDER,1,8904.38,TENDER,06-12-2024 09:17:32,S06,20241206
S06/20241206/00047,1,P107623,4,468.34,SALE,06-12-2024 16:55:23,S06,20241206
S06/20241206/00047,2,P105030,1,224.07,SALE,06-12-2024 16:55:23,S06,20241206
S06/20241206/00047,3,TAX,1,377.54,TAX,06-12-2024 16:55:23,S06,20241206
S06/20241206/00047,4,TENDER,1,2474.97,TENDER,06-12-2024 16:55:23,S06,20241206
S06/20241206/00048,1,P102963,3,415.64,SALE,06-12-2024 17:08:54,S06,20241206
S06/20241206/00048,2,P102821,3,1314.43,SALE,06-12-2024 17:08:54,S06,20241206
S06/20241206/00048,3,P101367,1,512.46,SALE,06-12-2024 17:08:54,S06,20241206
S06/20241206/00048,4,P102857,2,116.85,SALE,06-12-2024 17:08:54,S06,20241206
S06/20241206/00048,5,TAX,1,358.75,TAX,06-12-2024 17:08:54,S06,20241206
S06/20241206/00048,6,TENDER,1,6295.12,TENDER,06-12-2024 17:08:54,S06,20241206
S06/20241206/00049,1,P106550,2,29.54,SALE,06-12-2024 21:12:12,S06,20241206
S06/20241206/00049,2,P107472,2,64.61,SALE,06-12-2024 21:12:12,S06,20241206
S06/20241206/00049,3,P100305,3,771.81,SALE,06-12-2024 21:12:12,S06,20241206
S06/20241206/00049,4,P106035,2,86.76,SALE,06-12-2024 21:12:12,S06,20241206
S06/20241206/00049,5,P105227,2,292.54,SALE,06-12-2024 21:12:12,S06,20241206
S06/20241206/00049,6,P106009,4,372.60,SALE,06-12-2024 21:12:12,S06,20241206
S06/20241206/00049,7,P101603,4,965.71,SALE,06-12-2024 21:12:12,S06,20241206
S06/20241206/00049,8,P101789,3,391.48,SALE,06-12-2024 21:12:12,S06,20241206
S06/20241206/00049,9,TAX,1,819.65,TAX,06-12-2024 21:12:12,S06,20241206
S06/20241206/00049,10,TENDER,1,10609.66,TENDER,06-12-2024 21:12:12,S06,20241206
S06/20241206/00050,1,P103354,2,894.50,SALE,06-12-2024 21:57:50,S06,20241206
S06/20241206/00050,2,P105272,4,351.65,SALE,06-12-2024 21:57:50,S06,20241206
S06/20241206/00050,3,P102324,2,194.59,SALE,06-12-2024 21:57:50,S06,20241206
S06/20241206/00050,4,P106776,2,445.40,SALE,06-12-2024 21:57:50,S06,20241206
S06/20241206/00050,5,P107767,3,510.38,SALE,06-12-2024 21:57:50,S06,20241206
S06/20241206/00050,6,DISC,1,-583.58,DISCOUNT,06-12-2024 21:57:50,S06,20241206
S06/20241206/00050,7,TAX,1,279.29,TAX,06-12-2024 21:57:50,S06,20241206
S06/20241206/00050,8,TENDER,1,5702.43,TENDER,06-12-2024 21:57:50,S06,20241206
S06/20241206/00051,1,P106162,3,534.57,SALE,06-12-2024 14:46:33,S06,20241206
S06/20241206/00051,2,P106391,2,795.61,SALE,06-12-2024 14:46:33,S06,20241206
S06/20241206/00051,3,TAX,1,79.56,TAX,06-12-2024 14:46:33,S06,20241206
S06/20241206/00051,4,TENDER,1,3274.49,TENDER,06-12-2024 14:46:33,S06,20241206
S06/20241206/00052,1,P102342,2,107.02,SALE,06-12-2024 13:27:55,S06,20241206
S06/20241206/00052,2,P103096,1,315.47,SALE,06-12-2024 13:27:55,S06,20241206
S06/20241206/00052,3,TAX,1,82.47,TAX,06-12-2024 13:27:55,S06,20241206
S06/20241206/00052,4,TENDER,1,611.98,TENDER,06-12-2024 13:27:55,S06,20241206
S06/20241206/00053,1,P106542,2,139.24,SALE,06-12-2024 16:43:34,S06,20241206
S06/20241206/00053,2,P104175,1,814.13,SALE,06-12-2024 16:43:34,S06,20241206
S06/20241206/00053,3,TAX,1,50.13,TAX,06-12-2024 16:43:34,S06,20241206
S06/20241206/00053,4,TENDER,1,1142.74,TENDER,06-12-2024 16:43:34,S06,20241206
S06/20241206/00054,1,P104202,3,166.10,SALE,06-12-2024 14:31:00,S06,20241206
S06/20241206/00054,2,P102835,1,101.19,SALE,06-12-2024 14:31:00,S06,20241206
S06/20241206/00054,3,P106093,3,315.93,SALE,06-12-2024 14:31:00,S06,20241206
S06/20241206/00054,4,P102516,3,1272.67,SALE,06-12-2024 14:31:00,S06,20241206
S06/20241206/00054,5,P103811,2,778.90,SALE,06-12-2024 14:31:00,S06,20241206
S06/20241206/00054,6,TAX,1,316.78,TAX,06-12-2024 14:31:00,S06,20241206
S06/20241206/00054,7,TENDER,1,7239.87,TENDER,06-12-2024 14:31:00,S06,20241206
S06/20241207/00001,1,P102954,1,129.98,SALE,07-12-2024 11:43:40,S06,20241207
S06/20241207/00001,2,P101990,2,408.52,SALE,07-12-2024 11:43:40,S06,20241207
S06/20241207/00001,3,P103600,3,107.84,SALE,07-12-2024 11:43:40,S06,20241207
S06/20241207/00001,4,P108313,2,455.94,SALE,07-12-2024 11:43:40,S06,20241207
S06/20241207/00001,5,P101603,1,965.71,SALE,07-12-2024 11:43:40,S06,20241207
S06/20241207/00001,6,TAX,1,355.13,TAX,07-12-2024 11:43:40,S06,20241207
S06/20241207/00001,7,TENDER,1,3503.26,TENDER,07-12-2024 11:43:40,S06,20241207
S06/20241207/00002,1,P102520,2,731.86,SALE,07-12-2024 07:10:53,S06,20241207
S06/20241207/00002,2,P107190,1,223.50,SALE,07-12-2024 07:10:53,S06,20241207
S06/20241207/00002,3,P103004,2,82.09,SALE,07-12-2024 07:10:53,S06,20241207
S06/20241207/00002,4,P105112,1,194.64,SALE,07-12-2024 07:10:53,S06,20241207
S06/20241207/00002,5,P106059,2,313.87,SALE,07-12-2024 07:10:53,S06,20241207
S06/20241207/00002,6,DISC,1,-203.33,DISCOUNT,07-12-2024 07:10:53,S06,20241207
S06/20241207/00002,7,TAX,1,225.77,TAX,07-12-2024 07:10:53,S06,20241207
S06/20241207/00002,8,TENDER,1,2696.22,TENDER,07-12-2024 07:10:53,S06,20241207
S06/20241207/00003,1,P106415,2,911.99,SALE,07-12-2024 19:51:29,S06,20241207
S06/20241207/00003,2,P103374,1,38.02,SALE,07-12-2024 19:51:29,S06,20241207
S06/20241207/00003,3,P107952,1,1964.70,SALE,07-12-2024 19:51:29,S06,20241207
S06/20241207/00003,4,TAX,1,225.72,TAX,07-12-2024 19:51:29,S06,20241207
S06/20241207/00003,5,TENDER,1,4052.42,TENDER,07-12-2024 19:51:29,S06,20241207
S06/20241207/00004,1,P104351,4,1128.29,SALE,07-12-2024 11:45:38,S06,20241207
S06/20241207/00004,2,P106669,4,102.72,SALE,07-12-2024 11:45:38,S06,20241207
S06/20241207/00004,3,P103682,1,372.67,SALE,07-12-2024 11:45:38,S06,20241207
S06/20241207/00004,4,P106651,2,900.59,SALE,07-12-2024 11:45:38,S06,20241207
S06/20241207/00004,5,P105268,3,300.66,SALE,07-12-2024 11:45:38,S06,20241207
S06/20241207/00004,6,TAX,1,475.64,TAX,07-12-2024 11:45:38,S06,20241207
S06/20241207/00004,7,TENDER,1,8475.51,TENDER,07-12-2024 11:45:38,S06,20241207
S06/20241207/00005,1,P101968,4,12.46,SALE,07-12-2024 19:35:24,S06,20241207
S06/20241207/00005,2,P102735,2,534.08,SALE,07-12-2024 19:35:24,S06,20241207
S06/20241207/00005,3,P106443,3,52.87,SALE,07-12-2024 19:35:24,S06,20241207
S06/20241207/00005,4,P107231,2,1193.22,SALE,07-12-2024 19:35:24,S06,20241207
S06/20241207/00005,5,P106336,3,452.43,SALE,07-12-2024 19:35:24,S06,20241207
S06/20241207/00005,6,P106833,1,446.47,SALE,07-12-2024 19:35:24,S06,20241207
S06/20241207/00005,7,P103833,2,1136.81,SALE,07-12-2024 19:35:24,S06,20241207
S06/20241207/00005,8,DISC,1,-560.39,DISCOUNT,07-12-2024 19:35:24,S06,20241207
S06/20241207/00005,9,TAX,1,600.65,TAX,07-12-2024 19:35:24,S06,20241207
S06/20241207/00005,10,TENDER,1,7780.69,TENDER,07-12-2024 19:35:24,S06,20241207
S06/20241207/00006,1,P107264,2,190.99,SALE,07-12-2024 15:32:15,S06,20241207
S06/20241207/00006,2,P105288,3,271.73,SALE,07-12-2024 15:32:15,S06,20241207
S06/20241207/00006,3,P102409,3,326.59,SALE,07-12-2024 15:32:15,S06,20241207
S06/20241207/00006,4,P105313,3,51.83,SALE,07-12-2024 15:32:15,S06,20241207
S06/20241207/00006,5,P105733,1,151.69,SALE,07-12-2024 15:32:15,S06,20241207
S06/20241207/00006,6,DISC,1,-154.69,DISCOUNT,07-12-2024 15:32:15,S06,20241207
S06/20241207/00006,7,TAX,1,255.46,TAX,07-12-2024 15:32:15,S06,20241207
S06/20241207/00006,8,TENDER,1,2584.89,TENDER,07-12-2024 15:32:15,S06,20241207
S06/20241207/00007,1,P101419,4,202.93,SALE,07-12-2024 15:21:33,S06,20241207
S06/20241207/00007,2,P107231,1,1193.22,SALE,07-12-2024 15:21:33,S06,20241207
S06/20241207/00007,3,P103484,4,109.59,SALE,07-12-2024 15:21:33,S06,20241207
S06/20241207/00007,4,P108379,3,300.71,SALE,07-12-2024 15:21:33,S06,20241207
S06/20241207/00007,5,P104676,2,87.52,SALE,07-12-2024 15:21:33,S06,20241207
S06/20241207/00007,6,P106958,1,125.66,SALE,07-12-2024 15:21:33,S06,20241207
S06/20241207/00007,7,P107149,3,145.83,SALE,07-12-2024 15:21:33,S06,20241207
S06/20241207/00007,8,TAX,1,417.44,TAX,07-12-2024 15:21:33,S06,20241207
S06/20241207/00007,9,TENDER,1,4501.06,TENDER,07-12-2024 15:21:33,S06,20241207
S06/20241207/00008,1,P105815,1,320.65,SALE,07-12-2024 18:35:24,S06,20241207
S06/20241207/00008,2,P100172,1,205.47,SALE,07-12-2024 18:35:24,S06,20241207
S06/20241207/00008,3,P103178,3,21.89,SALE,07-12-2024 18:35:24,S06,20241207
S06/20241207/00008,4,P107630,1,309.72,SALE,07-12-2024 18:35:24,S06,20241207
S06/20241207/00008,5,P100555,2,435.03,SALE,07-12-2024 18:35:24,S06,20241207
S06/20241207/00008,6,P105553,1,764.76,SALE,07-12-2024 18:35:24,S06,20241207
S06/20241207/00008,7,P106035,1,86.76,SALE,07-12-2024 18:35:24,S06,20241207
S06/20241207/00008,8,P102609,1,183.47,SALE,07-12-2024 18:35:24,S06,20241207
S06/20241207/00008,9,DISC,1,-186.70,DISCOUNT,07-12-2024 18:35:24,S06,20241207
S06/20241207/00008,10,TAX,1,375.57,TAX,07-12-2024 18:35:24,S06,20241207
S06/20241207/00008,11,TENDER,1,2995.43,TENDER,07-12-2024 18:35:24,S06,20241207
S06/20241207/00009,1,P102922,1,120.15,SALE,07-12-2024 14:20:01,S06,20241207
S06/20241207/00009,2,P101955,1,364.45,SALE,07-12-2024 14:20:01,S06,20241207
S06/20241207/00009,3,P105003,2,323.64,SALE,07-12-2024 14:20:01,S06,20241207
S06/20241207/00009,4,P107526,2,54.94,SALE,07-12-2024 14:20:01,S06,20241207
S06/20241207/00009,5,TAX,1,223.52,TAX,07-12-2024 14:20:01,S06,20241207
S06/20241207/00009,6,TENDER,1,1465.28,TENDER,07-12-2024 14:20:01,S06,20241207
S06/20241207/00010,1,P107385,2,811.35,SALE,07-12-2024 19:40:04,S06,20241207
S06/20241207/00010,2,P105609,3,817.71,SALE,07-12-2024 19:40:04,S06,20241207
S06/20241207/00010,3,P107320,5,231.92,SALE,07-12-2024 19:40:04,S06,20241207
S06/20241207/00010,4,TAX,1,220.29,TAX,07-12-2024 19:40:04,S06,20241207
S06/20241207/00010,5,TENDER,1,5455.72,TENDER,07-12-2024 19:40:04,S06,20241207
S06/20241207/00011,1,P105003,1,323.64,SALE,07-12-2024 19:07:39,S06,20241207
S06/20241207/00011,2,P106848,2,17.39,SALE,07-12-2024 19:07:39,S06,20241207
S06/20241207/00011,3,P102103,3,400.89,SALE,07-12-2024 19:07:39,S06,20241207
S06/20241207/00011,4,TAX,1,274.74,TAX,07-12-2024 19:07:39,S06,20241207
S06/20241207/00011,5,TENDER,1,1835.83,TENDER,07-12-2024 19:07:39,S06,20241207
S06/20241207/00012,1,P100100,3,435.38,SALE,07-12-2024 16:24:18,S06,20241207
S06/20241207/00012,2,P104526,2,363.05,SALE,07-12-2024 16:24:18,S06,20241207
S06/20241207/00012,3,P108234,3,33.09,SALE,07-12-2024 16:24:18,S06,20241207
S06/20241207/00012,4,P106059,2,313.87,SALE,07-12-2024 16:24:18,S06,20241207
S06/20241207/00012,5,P104975,2,568.03,SALE,07-12-2024 16:24:18,S06,20241207
S06/20241207/00012,6,TAX,1,323.90,TAX,07-12-2024 16:24:18,S06,20241207
S06/20241207/00012,7,TENDER,1,4219.21,TENDER,07-12-2024 16:24:18,S06,20241207
S06/20241207/00013,1,P104909,3,363.10,SALE,07-12-2024 17:15:36,S06,20241207
S06/20241207/00013,2,P105518,2,729.30,SALE,07-12-2024 17:15:36,S06,20241207
S06/20241207/00013,3,P100536,4,471.52,SALE,07-12-2024 17:15:36,S06,20241207
S06/20241207/00013,4,TAX,1,602.04,TAX,07-12-2024 17:15:36,S06,20241207
S06/20241207/00013,5,TENDER,1,5036.02,TENDER,07-12-2024 17:15:36,S06,20241207
S06/20241207/00014,1,P106323,2,218.99,SALE,07-12-2024 17:37:48,S06,20241207
S06/20241207/00014,2,P102724,2,391.04,SALE,07-12-2024 17:37:48,S06,20241207
S06/20241207/00014,3,P108090,4,139.96,SALE,07-12-2024 17:37:48,S06,20241207
S06/20241207/00014,4,TAX,1,190.67,TAX,07-12-2024 17:37:48,S06,20241207
S06/20241207/00014,5,TENDER,1,1970.57,TENDER,07-12-2024 17:37:48,S06,20241207
S06/20241207/00015,1,P106955,2,204.37,SALE,07-12-2024 19:31:55,S06,20241207
S06/20241207/00015,2,P100528,4,595.90,SALE,07-12-2024 19:31:55,S06,20241207
S06/20241207/00015,3,P102761,1,170.84,SALE,07-12-2024 19:31:55,S06,20241207
S06/20241207/00015,4,P106669,2,102.72,SALE,07-12-2024 19:31:55,S06,20241207
S06/20241207/00015,5,DISC,1,-226.62,DISCOUNT,07-12-2024 19:31:55,S06,20241207
S06/20241207/00015,6,TAX,1,28.51,TAX,07-12-2024 19:31:55,S06,20241207
S06/20241207/00015,7,TENDER,1,2970.51,TENDER,07-12-2024 19:31:55,S06,20241207
S06/20241207/00016,1,P107149,3,145.83,SALE,07-12-2024 16:34:31,S06,20241207
S06/20241207/00016,2,P108300,2,286.59,SALE,07-12-2024 16:34:31,S06,20241207
S06/20241207/00016,3,P104011,3,657.72,SALE,07-12-2024 16:34:31,S06,20241207
S06/20241207/00016,4,P102569,3,116.37,SALE,07-12-2024 16:34:31,S06,20241207
S06/20241207/00016,5,P106620,2,273.19,SALE,07-12-2024 16:34:31,S06,20241207
S06/20241207/00016,6,P106813,2,257.87,SALE,07-12-2024 16:34:31,S06,20241207
S06/20241207/00016,7,TAX,1,449.93,TAX,07-12-2024 16:34:31,S06,20241207
S06/20241207/00016,8,TENDER,1,4844.99,TENDER,07-12-2024 16:34:31,S06,20241207
S06/20241207/00017,1,P101048,1,219.90,SALE,07-12-2024 14:02:55,S06,20241207
S06/20241207/00017,2,P100577,3,300.10,SALE,07-12-2024 14:02:55,S06,20241207
S06/20241207/00017,3,P102404,1,370.32,SALE,07-12-2024 14:02:55,S06,20241207
S06/20241207/00017,4,TAX,1,173.05,TAX,07-12-2024 14:02:55,S06,20241207
S06/20241207/00017,5,TENDER,1,1663.57,TENDER,07-12-2024 14:02:55,S06,20241207
S06/20241207/00018,1,P101533,2,975.60,SALE,07-12-2024 13:09:27,S06,20241207
S06/20241207/00018,2,P105570,2,345.21,SALE,07-12-2024 13:09:27,S06,20241207
S06/20241207/00018,3,P106353,2,267.43,SALE,07-12-2024 13:09:27,S06,20241207
S06/20241207/00018,4,P106130,2,1317.16,SALE,07-12-2024 13:09:27,S06,20241207
S06/20241207/00018,5,P100974,1,41.35,SALE,07-12-2024 13:09:27,S06,20241207
S06/20241207/00018,6,P100483,3,933.37,SALE,07-12-2024 13:09:27,S06,20241207
S06/20241207/00018,7,DISC,1,-455.13,DISCOUNT,07-12-2024 13:09:27,S06,20241207
S06/20241207/00018,8,TAX,1,347.70,TAX,07-12-2024 13:09:27,S06,20241207
S06/20241207/00018,9,TENDER,1,8544.83,TENDER,07-12-2024 13:09:27,S06,20241207
S06/20241207/00019,1,P105733,1,151.69,SALE,07-12-2024 15:32:52,S06,20241207
S06/20241207/00019,2,P103843,2,660.15,SALE,07-12-2024 15:32:52,S06,20241207
S06/20241207/00019,3,P100035,1,1810.38,SALE,07-12-2024 15:32:52,S06,20241207
S06/20241207/00019,4,P101876,3,68.16,SALE,07-12-2024 15:32:52,S06,20241207
S06/20241207/00019,5,P107003,2,1218.85,SALE,07-12-2024 15:32:52,S06,20241207
S06/20241207/00019,6,TAX,1,492.43,TAX,07-12-2024 15:32:52,S06,20241207
S06/20241207/00019,7,TENDER,1,6416.98,TENDER,07-12-2024 15:32:52,S06,20241207
S06/20241207/00020,1,P104351,1,1128.29,SALE,07-12-2024 10:51:01,S06,20241207
S06/20241207/00020,2,P105405,1,430.78,SALE,07-12-2024 10:51:01,S06,20241207
S06/20241207/00020,3,P105127,5,77.13,SALE,07-12-2024 10:51:01,S06,20241207
S06/20241207/00020,4,P108159,1,488.81,SALE,07-12-2024 10:51:01,S06,20241207
S06/20241207/00020,5,TAX,1,97.24,TAX,07-12-2024 10:51:01,S06,20241207
S06/20241207/00020,6,TENDER,1,2530.77,TENDER,07-12-2024 10:51:01,S06,20241207
S06/20241207/00021,1,P104308,4,53.24,SALE,07-12-2024 17:42:26,S06,20241207
S06/20241207/00021,2,P103510,2,196.86,SALE,07-12-2024 17:42:26,S06,20241207
S06/20241207/00021,3,P102593,3,92.93,SALE,07-12-2024 17:42:26,S06,20241207
S06/20241207/00021,4,P106454,1,127.35,SALE,07-12-2024 17:42:26,S06,20241207
S06/20241207/00021,5,P102636,3,113.15,SALE,07-12-2024 17:42:26,S06,20241207
S06/20241207/00021,6,P105805,2,110.21,SALE,07-12-2024 17:42:26,S06,20241207
S06/20241207/00021,7,P105656,1,516.52,SALE,07-12-2024 17:42:26,S06,20241207
S06/20241207/00021,8,P106004,1,137.38,SALE,07-12-2024 17:42:26,S06,20241207
S06/20241207/00021,9,TAX,1,138.41,TAX,07-12-2024 17:42:26,S06,20241207
S06/20241207/00021,10,TENDER,1,2365.00,TENDER,07-12-2024 17:42:26,S06,20241207
S06/20241207/00022,1,P101925,2,186.54,SALE,07-12-2024 16:30:44,S06,20241207
S06/20241207/00022,2,P106009,4,372.60,SALE,07-12-2024 16:30:44,S06,20241207
S06/20241207/00022,3,P100339,3,299.99,SALE,07-12-2024 16:30:44,S06,20241207
S06/20241207/00022,4,P105562,3,422.85,SALE,07-12-2024 16:30:44,S06,20241207
S06/20241207/00022,5,P103348,4,485.60,SALE,07-12-2024 16:30:44,S06,20241207
S06/20241207/00022,6,P100035,1,1810.38,SALE,07-12-2024 16:30:44,S06,20241207
S06/20241207/00022,7,TAX,1,950.70,TAX,07-12-2024 16:30:44,S06,20241207
S06/20241207/00022,8,TENDER,1,8735.48,TENDER,07-12-2024 16:30:44,S06,20241207
S06/20241207/00023,1,P104160,2,256.98,SALE,07-12-2024 20:30:03,S06,20241207
S06/20241207/00023,2,P105294,2,143.55,SALE,07-12-2024 20:30:03,S06,20241207
S06/20241207/00023,3,P104593,2,867.34,SALE,07-12-2024 20:30:03,S06,20241207
S06/20241207/00023,4,P106907,2,321.26,SALE,07-12-2024 20:30:03,S06,20241207
S06/20241207/00023,5,P101311,1,481.74,SALE,07-12-2024 20:30:03,S06,20241207
S06/20241207/00023,6,TAX,1,283.93,TAX,07-12-2024 20:30:03,S06,20241207
S06/20241207/00023,7,TENDER,1,3943.93,TENDER,07-12-2024 20:30:03,S06,20241207
S06/20241207/00024,1,P103839,2,226.78,SALE,07-12-2024 15:01:49,S06,20241207
S06/20241207/00024,2,P105624,1,380.06,SALE,07-12-2024 15:01:49,S06,20241207
S06/20241207/00024,3,P103510,3,196.86,SALE,07-12-2024 15:01:49,S06,20241207
S06/20241207/00024,4,P102054,1,142.99,SALE,07-12-2024 15:01:49,S06,20241207
S06/20241207/00024,5,P105021,1,1246.70,SALE,07-12-2024 15:01:49,S06,20241207
S06/20241207/00024,6,P104718,4,364.54,SALE,07-12-2024 15:01:49,S06,20241207
S06/20241207/00024,7,P105950,1,1356.49,SALE,07-12-2024 15:01:49,S06,20241207
S06/20241207/00024,8,P108191,2,309.71,SALE,07-12-2024 15:01:49,S06,20241207
S06/20241207/00024,9,P102432,4,895.86,SALE,07-12-2024 15:01:49,S06,20241207
S06/20241207/00024,10,DISC,1,-514.34,DISCOUNT,07-12-2024 15:01:49,S06,20241207
S06/20241207/00024,11,TAX,1,874.61,TAX,07-12-2024 15:01:49,S06,20241207
S06/20241207/00024,12,TENDER,1,10191.67,TENDER,07-12-2024 15:01:49,S06,20241207
S06/20241207/00025,1,P102480,1,198.67,SALE,08-12-2024 00:00:45,S06,20241207
S06/20241207/00025,2,P103743,1,1117.90,SALE,08-12-2024 00:00:45,S06,20241207
S06/20241207/00025,3,P100463,2,290.57,SALE,08-12-2024 00:00:45,S06,20241207
S06/20241207/00025,4,P106282,1,448.43,SALE,08-12-2024 00:00:45,S06,20241207
S06/20241207/00025,5,TAX,1,160.39,TAX,08-12-2024 00:00:45,S06,20241207
S06/20241207/00025,6,TENDER,1,2506.53,TENDER,08-12-2024 00:00:45,S06,20241207
S06/20241207/00026,1,P104572,3,182.16,SALE,07-12-2024 15:43:48,S06,20241207
S06/20241207/00026,2,P100924,1,50.37,SALE,07-12-2024 15:43:48,S06,20241207
S06/20241207/00026,3,P100418,3,213.97,SALE,07-12-2024 15:43:48,S06,20241207
S06/20241207/00026,4,P104933,2,560.59,SALE,07-12-2024 15:43:48,S06,20241207
S06/20241207/00026,5,P102193,2,343.13,SALE,07-12-2024 15:43:48,S06,20241207
S06/20241207/00026,6,P100677,4,256.17,SALE,07-12-2024 15:43:48,S06,20241207
S06/20241207/00026,7,TAX,1,546.17,TAX,07-12-2024 15:43:48,S06,20241207
S06/20241207/00026,8,TENDER,1,4617.05,TENDER,07-12-2024 15:43:48,S06,20241207
S06/20241207/00027,1,P108001,3,96.97,SALE,07-12-2024 20:35:16,S06,20241207
S06/20241207/00027,2,P105236,1,552.60,SALE,07-12-2024 20:35:16,S06,20241207
S06/20241207/00027,3,P105890,5,1196.88,SALE,07-12-2024 20:35:16,S06,20241207
S06/20241207/00027,4,TAX,1,365.53,TAX,07-12-2024 20:35:16,S06,20241207
S06/20241207/00027,5,TENDER,1,7193.44,TENDER,07-12-2024 20:35:16,S06,20241207
S06/20241207/00028,1,P103449,1,381.08,SALE,07-12-2024 14:36:55,S06,20241207
S06/20241207/00028,2,P106027,2,1548.23,SALE,07-12-2024 14:36:55,S06,20241207
S06/20241207/00028,3,P103654,3,481.76,SALE,07-12-2024 14:36:55,S06,20241207
S06/20241207/00028,4,P103487,2,361.14,SALE,07-12-2024 14:36:55,S06,20241207
S06/20241207/00028,5,P101283,3,263.48,SALE,07-12-2024 14:36:55,S06,20241207
S06/20241207/00028,6,P103178,3,21.89,SALE,07-12-2024 14:36:55,S06,20241207
S06/20241207/00028,7,P106093,1,315.93,SALE,07-12-2024 14:36:55,S06,20241207
S06/20241207/00028,8,DISC,1,-172.46,DISCOUNT,07-12-2024 14:36:55,S06,20241207
S06/20241207/00028,9,TAX,1,360.64,TAX,07-12-2024 14:36:55,S06,20241207
S06/20241207/00028,10,TENDER,1,7005.32,TENDER,07-12-2024 14:36:55,S06,20241207
S06/20241207/00029,1,P105765,1,529.25,SALE,07-12-2024 19:19:25,S06,20241207
S06/20241207/00029,2,P108090,2,139.96,SALE,07-12-2024 19:19:25,S06,20241207
S06/20241207/00029,3,P101722,1,1460.17,SALE,07-12-2024 19:19:25,S06,20241207
S06/20241207/00029,4,TAX,1,182.27,TAX,07-12-2024 19:19:25,S06,20241207
S06/20241207/00029,5,TENDER,1,2451.61,TENDER,07-12-2024 19:19:25,S06,20241207
S06/20241207/00030,1,P107182,2,112.81,SALE,07-12-2024 11:18:58,S06,20241207
S06/20241207/00030,2,P106300,2,425.27,SALE,07-12-2024 11:18:58,S06,20241207
S06/20241207/00030,3,P106297,1,169.05,SALE,07-12-2024 11:18:58,S06,20241207
S06/20241207/00030,4,P102549,2,139.23,SALE,07-12-2024 11:18:58,S06,20241207
S06/20241207/00030,5,P100131,2,667.83,SALE,07-12-2024 11:18:58,S06,20241207
S06/20241207/00030,6,P106072,1,78.69,SALE,07-12-2024 11:18:58,S06,20241207
S06/20241207/00030,7,DISC,1,-106.60,DISCOUNT,07-12-2024 11:18:58,S06,20241207
S06/20241207/00030,8,TAX,1,330.39,TAX,07-12-2024 11:18:58,S06,20241207
S06/20241207/00030,9,TENDER,1,3161.81,TENDER,07-12-2024 11:18:58,S06,20241207
S06/20241207/00031,1,P107903,1,22.86,SALE,07-12-2024 07:51:37,S06,20241207
S06/20241207/00031,2,P101789,2,391.48,SALE,07-12-2024 07:51:37,S06,20241207
S06/20241207/00031,3,P101095,1,205.38,SALE,07-12-2024 07:51:37,S06,20241207
S06/20241207/00031,4,P100456,2,982.47,SALE,07-12-2024 07:51:37,S06,20241207
S06/20241207/00031,5,TAX,1,141.51,TAX,07-12-2024 07:51:37,S06,20241207
S06/20241207/00031,6,TENDER,1,3117.65,TENDER,07-12-2024 07:51:37,S06,20241207
S06/20241207/00032,1,P105575,1,513.17,SALE,07-12-2024 16:44:18,S06,20241207
S06/20241207/00032,2,P106486,1,1837.06,SALE,07-12-2024 16:44:18,S06,20241207
S06/20241207/00032,3,P100441,2,509.29,SALE,07-12-2024 16:44:18,S06,20241207
S06/20241207/00032,4,TAX,1,368.34,TAX,07-12-2024 16:44:18,S06,20241207
S06/20241207/00032,5,TENDER,1,3737.15,TENDER,07-12-2024 16:44:18,S06,20241207
S06/20241207/00033,1,P106200,2,119.89,SALE,07-12-2024 12:46:20,S06,20241207
S06/20241207/00033,2,P104670,1,108.77,SALE,07-12-2024 12:46:20,S06,20241207
S06/20241207/00033,3,P100005,2,114.37,SALE,07-12-2024 12:46:20,S06,20241207
S06/20241207/00033,4,P107308,2,226.19,SALE,07-12-2024 12:46:20,S06,20241207
S06/20241207/00033,5,P107676,3,213.04,SALE,07-12-2024 12:46:20,S06,20241207
S06/20241207/00033,6,P104270,3,1153.64,SALE,07-12-2024 12:46:20,S06,20241207
S06/20241207/00033,7,TAX,1,375.96,TAX,07-12-2024 12:46:20,S06,20241207
S06/20241207/00033,8,TENDER,1,5505.67,TENDER,07-12-2024 12:46:20,S06,20241207
S06/20241207/00034,1,P105765,1,529.25,SALE,07-12-2024 12:54:38,S06,20241207
S06/20241207/00034,2,P102311,1,308.69,SALE,07-12-2024 12:54:38,S06,20241207
S06/20241207/00034,3,P103743,3,1117.90,SALE,07-12-2024 12:54:38,S06,20241207
S06/20241207/00034,4,P104541,3,149.08,SALE,07-12-2024 12:54:38,S06,20241207
S06/20241207/00034,5,P106669,1,102.72,SALE,07-12-2024 12:54:38,S06,20241207
S06/20241207/00034,6,DISC,1,-429.46,DISCOUNT,07-12-2024 12:54:38,S06,20241207
S06/20241207/00034,7,TAX,1,125.68,TAX,07-12-2024 12:54:38,S06,20241207
S06/20241207/00034,8,TENDER,1,4437.82,TENDER,07-12-2024 12:54:38,S06,20241207
S06/20241207/00035,1,P105636,2,558.71,SALE,07-12-2024 12:24:31,S06,20241207
S06/20241207/00035,2,P104898,2,181.50,SALE,07-12-2024 12:24:31,S06,20241207
S06/20241207/00035,3,P107880,2,347.04,SALE,07-12-2024 12:24:31,S06,20241207
S06/20241207/00035,4,P103822,2,594.96,SALE,07-12-2024 12:24:31,S06,20241207
S06/20241207/00035,5,P100298,1,53.95,SALE,07-12-2024 12:24:31,S06,20241207
S06/20241207/00035,6,DISC,1,-192.80,DISCOUNT,07-12-2024 12:24:31,S06,20241207
S06/20241207/00035,7,TAX,1,254.52,TAX,07-12-2024 12:24:31,S06,20241207
S06/20241207/00035,8,TENDER,1,3480.09,TENDER,07-12-2024 12:24:31,S06,20241207
S06/20241207/00036,1,P102181,2,1615.15,SALE,07-12-2024 22:25:58,S06,20241207
S06/20241207/00036,2,P107880,3,347.04,SALE,07-12-2024 22:25:58,S06,20241207
S06/20241207/00036,3,TAX,1,52.06,TAX,07-12-2024 22:25:58,S06,20241207
S06/20241207/00036,4,TENDER,1,4323.48,TENDER,07-12-2024 22:25:58,S06,20241207
S06/20241207/00037,1,P100463,1,290.57,SALE,07-12-2024 15:49:44,S06,20241207
S06/20241207/00037,2,P101465,1,573.89,SALE,07-12-2024 15:49:44,S06,20241207
S06/20241207/00037,3,TAX,1,138.17,TAX,07-12-2024 15:49:44,S06,20241207
S06/20241207/00037,4,TENDER,1,1002.63,TENDER,07-12-2024 15:49:44,S06,20241207
S06/20241207/00038,1,P105490,2,154.49,SALE,07-12-2024 18:02:22,S06,20241207
S06/20241207/00038,2,P106035,2,86.76,SALE,07-12-2024 18:02:22,S06,20241207
S06/20241207/00038,3,P104593,2,867.34,SALE,07-12-2024 18:02:22,S06,20241207
S06/20241207/00038,4,TAX,1,295.01,TAX,07-12-2024 18:02:22,S06,20241207
S06/20241207/00038,5,TENDER,1,2512.19,TENDER,07-12-2024 18:02:22,S06,20241207
S06/20241207/00039,1,P104285,3,683.70,SALE,07-12-2024 18:17:24,S06,20241207
S06/20241207/00039,2,P107435,4,636.54,SALE,07-12-2024 18:17:24,S06,20241207
S06/20241207/00039,3,P107242,2,635.24,SALE,07-12-2024 18:17:24,S06,20241207
S06/20241207/00039,4,P105176,3,509.66,SALE,07-12-2024 18:17:24,S06,20241207
S06/20241207/00039,5,P106464,2,277.18,SALE,07-12-2024 18:17:24,S06,20241207
S06/20241207/00039,6,P103757,4,159.40,SALE,07-12-2024 18:17:24,S06,20241207
S06/20241207/00039,7,TAX,1,998.01,TAX,07-12-2024 18:17:24,S06,20241207
S06/20241207/00039,8,TENDER,1,9586.69,TENDER,07-12-2024 18:17:24,S06,20241207
S06/20241207/00040,1,P105997,3,124.60,SALE,07-12-2024 11:52:04,S06,20241207
S06/20241207/00040,2,P106911,4,232.77,SALE,07-12-2024 11:52:04,S06,20241207
S06/20241207/00040,3,P102801,1,108.87,SALE,07-12-2024 11:52:04,S06,20241207
S06/20241207/00040,4,TAX,1,38.29,TAX,07-12-2024 11:52:04,S06,20241207
S06/20241207/00040,5,TENDER,1,1452.04,TENDER,07-12-2024 11:52:04,S06,20241207
S06/20241207/00041,1,P100210,1,1073.90,SALE,07-12-2024 12:48:06,S06,20241207
S06/20241207/00041,2,P107266,2,71.89,SALE,07-12-2024 12:48:06,S06,20241207
S06/20241207/00041,3,P101374,2,55.98,SALE,07-12-2024 12:48:06,S06,20241207
S06/20241207/00041,4,P101656,4,324.95,SALE,07-12-2024 12:48:06,S06,20241207
S06/20241207/00041,5,P102779,1,25.62,SALE,07-12-2024 12:48:06,S06,20241207
S06/20241207/00041,6,P101702,2,491.39,SALE,07-12-2024 12:48:06,S06,20241207
S06/20241207/00041,7,P107078,2,98.82,SALE,07-12-2024 12:48:06,S06,20241207
S06/20241207/00041,8,TAX,1,492.16,TAX,07-12-2024 12:48:06,S06,20241207
S06/20241207/00041,9,TENDER,1,4327.64,TENDER,07-12-2024 12:48:06,S06,20241207
S06/20241207/00042,1,P103542,2,398.89,SALE,07-12-2024 15:45:13,S06,20241207
S06/20241207/00042,2,P106997,3,42.42,SALE,07-12-2024 15:45:13,S06,20241207
S06/20241207/00042,3,P102549,3,139.23,SALE,07-12-2024 15:45:13,S06,20241207
S06/20241207/00042,4,DISC,1,-33.42,DISCOUNT,07-12-2024 15:45:13,S06,20241207
S06/20241207/00042,5,TAX,1,108.24,TAX,07-12-2024 15:45:13,S06,20241207
S06/20241207/00042,6,TENDER,1,1417.55,TENDER,07-12-2024 15:45:13,S06,20241207
S06/20241207/00043,1,P100380,3,136.58,SALE,07-12-2024 13:06:21,S06,20241207
S06/20241207/00043,2,P105057,1,294.62,SALE,07-12-2024 13:06:21,S06,20241207
S06/20241207/00043,3,P102626,2,416.91,SALE,07-12-2024 13:06:21,S06,20241207
S06/20241207/00043,4,P107946,2,313.77,SALE,07-12-2024 13:06:21,S06,20241207
S06/20241207/00043,5,TAX,1,202.26,TAX,07-12-2024 13:06:21,S06,20241207
S06/20241207/00043,6,TENDER,1,2367.98,TENDER,07-12-2024 13:06:21,S06,20241207
S06/20241207/00044,1,P107400,1,273.33,SALE,07-12-2024 16:01:00,S06,20241207
S06/20241207/00044,2,P103111,2,40.41,SALE,07-12-2024 16:01:00,S06,20241207
S06/20241207/00044,3,TAX,1,53.24,TAX,07-12-2024 16:01:00,S06,20241207
S06/20241207/00044,4,TENDER,1,407.39,TENDER,07-12-2024 16:01:00,S06,20241207
S06/20241207/00045,1,P105868,2,68.91,SALE,07-12-2024 17:24:48,S06,20241207
S06/20241207/00045,2,P100156,1,1528.63,SALE,07-12-2024 17:24:48,S06,20241207
S06/20241207/00045,3,P107903,2,22.86,SALE,07-12-2024 17:24:48,S06,20241207
S06/20241207/00045,4,P108067,2,640.50,SALE,07-12-2024 17:24:48,S06,20241207
S06/20241207/00045,5,P102193,2,343.13,SALE,07-12-2024 17:24:48,S06,20241207
S06/20241207/00045,6,P100479,2,342.92,SALE,07-12-2024 17:24:48,S06,20241207
S06/20241207/00045,7,TAX,1,220.95,TAX,07-12-2024 17:24:48,S06,20241207
S06/20241207/00045,8,TENDER,1,4586.22,TENDER,07-12-2024 17:24:48,S06,20241207
S06/20241207/00046,1,P101454,2,148.61,SALE,07-12-2024 12:21:24,S06,20241207
S06/20241207/00046,2,P105541,1,189.75,SALE,07-12-2024 12:21:24,S06,20241207
S06/20241207/00046,3,P105460,7,148.47,SALE,07-12-2024 12:21:24,S06,20241207
S06/20241207/00046,4,TAX,1,256.89,TAX,07-12-2024 12:21:24,S06,20241207
S06/20241207/00046,5,TENDER,1,1783.15,TENDER,07-12-2024 12:21:24,S06,20241207
S06/20241207/00047,1,P103693,2,102.71,SALE,07-12-2024 10:12:54,S06,20241207
S06/20241207/00047,2,P108097,3,93.69,SALE,07-12-2024 10:12:54,S06,20241207
S06/20241207/00047,3,TAX,1,33.73,TAX,07-12-2024 10:12:54,S06,20241207
S06/20241207/00047,4,TENDER,1,520.22,TENDER,07-12-2024 10:12:54,S06,20241207
S06/20241207/00048,1,P107414,1,565.57,SALE,07-12-2024 16:46:13,S06,20241207
S06/20241207/00048,2,P108082,2,236.40,SALE,07-12-2024 16:46:13,S06,20241207
S06/20241207/00048,3,P108346,1,534.07,SALE,07-12-2024 16:46:13,S06,20241207
S06/20241207/00048,4,P100791,4,46.20,SALE,07-12-2024 16:46:13,S06,20241207
S06/20241207/00048,5,P101367,1,512.46,SALE,07-12-2024 16:46:13,S06,20241207
S06/20241207/00048,6,P108135,2,562.62,SALE,07-12-2024 16:46:13,S06,20241207
S06/20241207/00048,7,TAX,1,241.57,TAX,07-12-2024 16:46:13,S06,20241207
S06/20241207/00048,8,TENDER,1,3636.51,TENDER,07-12-2024 16:46:13,S06,20241207
S06/20241207/00049,1,P102160,1,221.62,SALE,07-12-2024 20:43:54,S06,20241207
S06/20241207/00049,2,P107446,4,593.14,SALE,07-12-2024 20:43:54,S06,20241207
S06/20241207/00049,3,P104233,1,1271.89,SALE,07-12-2024 20:43:54,S06,20241207
S06/20241207/00049,4,P106317,1,485.55,SALE,07-12-2024 20:43:54,S06,20241207
S06/20241207/00049,5,TAX,1,575.52,TAX,07-12-2024 20:43:54,S06,20241207
S06/20241207/00049,6,TENDER,1,4927.14,TENDER,07-12-2024 20:43:54,S06,20241207
S06/20241207/00050,1,P107242,3,635.24,SALE,07-12-2024 07:22:49,S06,20241207
S06/20241207/00050,2,P100803,1,278.56,SALE,07-12-2024 07:22:49,S06,20241207
S06/20241207/00050,3,P104344,1,390.44,SALE,07-12-2024 07:22:49,S06,20241207
S06/20241207/00050,4,TAX,1,179.49,TAX,07-12-2024 07:22:49,S06,20241207
S06/20241207/00050,5,TENDER,1,2754.21,TENDER,07-12-2024 07:22:49,S06,20241207
S06/20241207/00051,1,P105369,6,143.76,SALE,07-12-2024 13:57:45,S06,20241207
S06/20241207/00051,2,P107597,1,562.77,SALE,07-12-2024 13:57:45,S06,20241207
S06/20241207/00051,3,P104469,3,1631.11,SALE,07-12-2024 13:57:45,S06,20241207
S06/20241207/00051,4,TAX,1,770.60,TAX,07-12-2024 13:57:45,S06,20241207
S06/20241207/00051,5,TENDER,1,7089.26,TENDER,07-12-2024 13:57:45,S06,20241207
S06/20241207/00052,1,P103973,1,108.48,SALE,07-12-2024 17:51:22,S06,20241207
S06/20241207/00052,2,P102000,1,82.98,SALE,07-12-2024 17:51:22,S06,20241207
S06/20241207/00052,3,P100298,1,53.95,SALE,07-12-2024 17:51:22,S06,20241207
S06/20241207/00052,4,P106765,1,279.73,SALE,07-12-2024 17:51:22,S06,20241207
S06/20241207/00052,5,TAX,1,87.51,TAX,07-12-2024 17:51:22,S06,20241207
S06/20241207/00052,6,TENDER,1,612.65,TENDER,07-12-2024 17:51:22,S06,20241207
S06/20241207/00053,1,P107365,3,978.42,SALE,07-12-2024 21:36:51,S06,20241207
S06/20241207/00053,2,P102674,3,515.88,SALE,07-12-2024 21:36:51,S06,20241207
S06/20241207/00053,3,P103129,1,84.49,SALE,07-12-2024 21:36:51,S06,20241207
S06/20241207/00053,4,P100112,3,95.15,SALE,07-12-2024 21:36:51,S06,20241207
S06/20241207/00053,5,TAX,1,697.40,TAX,07-12-2024 21:36:51,S06,20241207
S06/20241207/00053,6,TENDER,1,5550.24,TENDER,07-12-2024 21:36:51,S06,20241207
S06/20241207/00054,1,P106330,2,218.33,SALE,07-12-2024 17:44:31,S06,20241207
S06/20241207/00054,2,P106035,2,86.76,SALE,07-12-2024 17:44:31,S06,20241207
S06/20241207/00054,3,P101311,1,481.74,SALE,07-12-2024 17:44:31,S06,20241207
S06/20241207/00054,4,TAX,1,133.92,TAX,07-12-2024 17:44:31,S06,20241207
S06/20241207/00054,5,TENDER,1,1225.84,TENDER,07-12-2024 17:44:31,S06,20241207
S06/20241207/00055,1,P107012,3,109.16,SALE,07-12-2024 16:25:35,S06,20241207
S06/20241207/00055,2,P103760,1,98.49,SALE,07-12-2024 16:25:35,S06,20241207
S06/20241207/00055,3,P106310,3,462.03,SALE,07-12-2024 16:25:35,S06,20241207
S06/20241207/00055,4,P105672,1,69.48,SALE,07-12-2024 16:25:35,S06,20241207
S06/20241207/00055,5,TAX,1,283.60,TAX,07-12-2024 16:25:35,S06,20241207
S06/20241207/00055,6,TENDER,1,2165.14,TENDER,07-12-2024 16:25:35,S06,20241207
S06/20241207/00056,1,P101558,1,52.58,SALE,07-12-2024 11:10:21,S06,20241207
S06/20241207/00056,2,P107381,3,195.99,SALE,07-12-2024 11:10:21,S06,20241207
S06/20241207/00056,3,P106813,2,257.87,SALE,07-12-2024 11:10:21,S06,20241207
S06/20241207/00056,4,P100632,1,331.55,SALE,07-12-2024 11:10:21,S06,20241207
S06/20241207/00056,5,P100560,2,180.90,SALE,07-12-2024 11:10:21,S06,20241207
S06/20241207/00056,6,TAX,1,245.00,TAX,07-12-2024 11:10:21,S06,20241207
S06/20241207/00056,7,TENDER,1,2094.64,TENDER,07-12-2024 11:10:21,S06,20241207
S06/20241207/00057,1,P103994,3,148.39,SALE,07-12-2024 16:27:52,S06,20241207
S06/20241207/00057,2,P106174,1,229.89,SALE,07-12-2024 16:27:52,S06,20241207
S06/20241207/00057,3,P103606,1,185.94,SALE,07-12-2024 16:27:52,S06,20241207
S06/20241207/00057,4,P104435,4,477.09,SALE,07-12-2024 16:27:52,S06,20241207
S06/20241207/00057,5,P103124,1,523.92,SALE,07-12-2024 16:27:52,S06,20241207
S06/20241207/00057,6,P105603,3,202.29,SALE,07-12-2024 16:27:52,S06,20241207
S06/20241207/00057,7,DISC,1,-277.20,DISCOUNT,07-12-2024 16:27:52,S06,20241207
S06/20241207/00057,8,TAX,1,410.44,TAX,07-12-2024 16:27:52,S06,20241207
S06/20241207/00057,9,TENDER,1,4033.39,TENDER,07-12-2024 16:27:52,S06,20241207
S06/20241207/00058,1,P107597,2,562.77,SALE,07-12-2024 14:52:37,S06,20241207
S06/20241207/00058,2,P104123,1,432.72,SALE,07-12-2024 14:52:37,S06,20241207
S06/20241207/00058,3,P102626,1,416.91,SALE,07-12-2024 14:52:37,S06,20241207
S06/20241207/00058,4,TAX,1,158.23,TAX,07-12-2024 14:52:37,S06,20241207
S06/20241207/00058,5,TENDER,1,2133.40,TENDER,07-12-2024 14:52:37,S06,20241207
S06/20241207/00059,1,P105797,1,254.07,SALE,07-12-2024 17:14:37,S06,20241207
S06/20241207/00059,2,P101779,3,209.76,SALE,07-12-2024 17:14:37,S06,20241207
S06/20241207/00059,3,P101681,3,139.09,SALE,07-12-2024 17:14:37,S06,20241207
S06/20241207/00059,4,P103760,3,103.67,SALE,07-12-2024 17:14:37,S06,20241207
S06/20241207/00059,5,P107028,1,56.60,SALE,07-12-2024 17:14:37,S06,20241207
S06/20241207/00059,6,P100453,1,207.31,SALE,07-12-2024 17:14:37,S06,20241207
S06/20241207/00059,7,P104725,2,551.38,SALE,07-12-2024 17:14:37,S06,20241207
S06/20241207/00059,8,TAX,1,416.81,TAX,07-12-2024 17:14:37,S06,20241207
S06/20241207/00059,9,TENDER,1,3395.11,TENDER,07-12-2024 17:14:37,S06,20241207
S06/20241207/00060,1,P105959,1,513.93,SALE,07-12-2024 14:32:01,S06,20241207
S06/20241207/00060,2,P105570,1,345.21,SALE,07-12-2024 14:32:01,S06,20241207
S06/20241207/00060,3,P101410,2,958.72,SALE,07-12-2024 14:32:01,S06,20241207
S06/20241207/00060,4,P106080,2,361.06,SALE,07-12-2024 14:32:01,S06,20241207
S06/20241207/00060,5,P106059,3,313.87,SALE,07-12-2024 14:32:01,S06,20241207
S06/20241207/00060,6,P104026,5,152.97,SALE,07-12-2024 14:32:01,S06,20241207
S06/20241207/00060,7,P105490,1,154.49,SALE,07-12-2024 14:32:01,S06,20241207
S06/20241207/00060,8,TAX,1,662.06,TAX,07-12-2024 14:32:01,S06,20241207
S06/20241207/00060,9,TENDER,1,6021.71,TENDER,07-12-2024 14:32:01,S06,20241207
S06/20241207/00061,1,P108326,1,472.80,SALE,07-12-2024 14:02:08,S06,20241207
S06/20241207/00061,2,P106872,3,73.12,SALE,07-12-2024 14:02:08,S06,20241207
S06/20241207/00061,3,P105021,4,1246.70,SALE,07-12-2024 14:02:08,S06,20241207
S06/20241207/00061,4,P108369,1,343.20,SALE,07-12-2024 14:02:08,S06,20241207
S06/20241207/00061,5,P106629,1,57.49,SALE,07-12-2024 14:02:08,S06,20241207
S06/20241207/00061,6,P104064,2,326.15,SALE,07-12-2024 14:02:08,S06,20241207
S06/20241207/00061,7,P101933,1,1344.63,SALE,07-12-2024 14:02:08,S06,20241207
S06/20241207/00061,8,TAX,1,1006.39,TAX,07-12-2024 14:02:08,S06,20241207
S06/20241207/00061,9,TENDER,1,9082.97,TENDER,07-12-2024 14:02:08,S06,20241207
S06/20241207/00062,1,P105815,3,320.65,SALE,07-12-2024 23:52:42,S06,20241207
S06/20241207/00062,2,P106080,2,361.06,SALE,07-12-2024 23:52:42,S06,20241207
S06/20241207/00062,3,P104487,3,388.90,SALE,07-12-2024 23:52:42,S06,20241207
S06/20241207/00062,4,DISC,1,-259.17,DISCOUNT,07-12-2024 23:52:42,S06,20241207
S06/20241207/00062,5,TAX,1,310.99,TAX,07-12-2024 23:52:42,S06,20241207
S06/20241207/00062,6,TENDER,1,2902.59,TENDER,07-12-2024 23:52:42,S06,20241207
S06/20241207/00063,1,P103882,1,273.56,SALE,07-12-2024 20:08:22,S06,20241207
S06/20241207/00063,2,P102335,4,94.24,SALE,07-12-2024 20:08:22,S06,20241207
S06/20241207/00063,3,TAX,1,117.09,TAX,07-12-2024 20:08:22,S06,20241207
S06/20241207/00063,4,TENDER,1,767.61,TENDER,07-12-2024 20:08:22,S06,20241207
S06/20241207/00064,1,P104270,2,1153.64,SALE,07-12-2024 16:09:14,S06,20241207
S06/20241207/00064,2,P106009,1,372.60,SALE,07-12-2024 16:09:14,S06,20241207
S06/20241207/00064,3,P105272,5,351.65,SALE,07-12-2024 16:09:14,S06,20241207
S06/20241207/00064,4,P107253,2,249.41,SALE,07-12-2024 16:09:14,S06,20241207
S06/20241207/00064,5,P101570,1,298.03,SALE,07-12-2024 16:09:14,S06,20241207
S06/20241207/00064,6,TAX,1,406.83,TAX,07-12-2024 16:09:14,S06,20241207
S06/20241207/00064,7,TENDER,1,5641.81,TENDER,07-12-2024 16:09:14,S06,20241207
S06/20241207/00065,1,P107516,1,565.20,SALE,07-12-2024 13:34:18,S06,20241207
S06/20241207/00065,2,P107872,2,650.85,SALE,07-12-2024 13:34:18,S06,20241207
S06/20241207/00065,3,P108389,2,837.30,SALE,07-12-2024 13:34:18,S06,20241207
S06/20241207/00065,4,P102436,2,243.03,SALE,07-12-2024 13:34:18,S06,20241207
S06/20241207/00065,5,DISC,1,-427.44,DISCOUNT,07-12-2024 13:34:18,S06,20241207
S06/20241207/00065,6,TAX,1,302.17,TAX,07-12-2024 13:34:18,S06,20241207
S06/20241207/00065,7,TENDER,1,3902.29,TENDER,07-12-2024 13:34:18,S06,20241207
S06/20241207/00066,1,P103004,3,82.09,SALE,07-12-2024 17:43:21,S06,20241207
S06/20241207/00066,2,P101827,1,155.74,SALE,07-12-2024 17:43:21,S06,20241207
S06/20241207/00066,3,P105384,2,315.25,SALE,07-12-2024 17:43:21,S06,20241207
S06/20241207/00066,4,P103364,1,118.90,SALE,07-12-2024 17:43:21,S06,20241207
S06/20241207/00066,5,TAX,1,95.76,TAX,07-12-2024 17:43:21,S06,20241207
S06/20241207/00066,6,TENDER,1,1247.17,TENDER,07-12-2024 17:43:21,S06,20241207
S06/20241208/00001,1,P100609,2,75.79,SALE,08-12-2024 11:56:17,S06,20241208
S06/20241208/00001,2,P108097,1,99.31,SALE,08-12-2024 11:56:17,S06,20241208
S06/20241208/00001,3,P105965,1,66.08,SALE,08-12-2024 11:56:17,S06,20241208
S06/20241208/00001,4,P107264,1,190.99,SALE,08-12-2024 11:56:17,S06,20241208
S06/20241208/00001,5,P104733,1,669.60,SALE,08-12-2024 11:56:17,S06,20241208
S06/20241208/00001,6,P101201,1,48.42,SALE,08-12-2024 11:56:17,S06,20241208
S06/20241208/00001,7,DISC,1,-51.23,DISCOUNT,08-12-2024 11:56:17,S06,20241208
S06/20241208/00001,8,TAX,1,182.77,TAX,08-12-2024 11:56:17,S06,20241208
S06/20241208/00001,9,TENDER,1,1357.52,TENDER,08-12-2024 11:56:17,S06,20241208
S06/20241208/00002,1,P104916,1,340.18,SALE,08-12-2024 16:11:44,S06,20241208
S06/20241208/00002,2,P106686,1,324.48,SALE,08-12-2024 16:11:44,S06,20241208
S06/20241208/00002,3,P107984,1,357.15,SALE,08-12-2024 16:11:44,S06,20241208
S06/20241208/00002,4,TAX,1,141.74,TAX,08-12-2024 16:11:44,S06,20241208
S06/20241208/00002,5,TENDER,1,1163.55,TENDER,08-12-2024 16:11:44,S06,20241208
S06/20241208/00003,1,P102346,1,89.47,SALE,08-12-2024 19:29:04,S06,20241208
S06/20241208/00003,2,P100924,1,50.37,SALE,08-12-2024 19:29:04,S06,20241208
S06/20241208/00003,3,P105139,1,119.64,SALE,08-12-2024 19:29:04,S06,20241208
S06/20241208/00003,4,P105541,3,189.75,SALE,08-12-2024 19:29:04,S06,20241208
S06/20241208/00003,5,P104328,2,64.22,SALE,08-12-2024 19:29:04,S06,20241208
S06/20241208/00003,6,P100991,4,173.46,SALE,08-12-2024 19:29:04,S06,20241208
S06/20241208/00003,7,P105313,2,51.83,SALE,08-12-2024 19:29:04,S06,20241208
S06/20241208/00003,8,TAX,1,177.74,TAX,08-12-2024 19:29:04,S06,20241208
S06/20241208/00003,9,TENDER,1,1932.41,TENDER,08-12-2024 19:29:04,S06,20241208
S06/20241208/00004,1,P105845,4,121.94,SALE,08-12-2024 21:58:56,S06,20241208
S06/20241208/00004,2,P101974,3,302.00,SALE,08-12-2024 21:58:56,S06,20241208
S06/20241208/00004,3,P103118,2,47.89,SALE,08-12-2024 21:58:56,S06,20241208
S06/20241208/00004,4,P106336,2,452.43,SALE,08-12-2024 21:58:56,S06,20241208
S06/20241208/00004,5,DISC,1,-172.02,DISCOUNT,08-12-2024 21:58:56,S06,20241208
S06/20241208/00004,6,TAX,1,388.47,TAX,08-12-2024 21:58:56,S06,20241208
S06/20241208/00004,7,TENDER,1,2610.85,TENDER,08-12-2024 21:58:56,S06,20241208
S06/20241208/00005,1,P101095,3,205.38,SALE,08-12-2024 10:03:52,S06,20241208
S06/20241208/00005,2,P106426,3,154.27,SALE,08-12-2024 10:03:52,S06,20241208
S06/20241208/00005,3,P104606,3,98.45,SALE,08-12-2024 10:03:52,S06,20241208
S06/20241208/00005,4,P107681,2,193.13,SALE,08-12-2024 10:03:52,S06,20241208
S06/20241208/00005,5,P103927,3,206.11,SALE,08-12-2024 10:03:52,S06,20241208
S06/20241208/00005,6,P102103,4,400.89,SALE,08-12-2024 10:03:52,S06,20241208
S06/20241208/00005,7,TAX,1,507.83,TAX,08-12-2024 10:03:52,S06,20241208
S06/20241208/00005,8,TENDER,1,4490.28,TENDER,08-12-2024 10:03:52,S06,20241208
S06/20241208/00006,1,P107799,1,751.07,SALE,08-12-2024 15:02:25,S06,20241208
S06/20241208/00006,2,P101481,3,55.03,SALE,08-12-2024 15:02:25,S06,20241208
S06/20241208/00006,3,P103354,1,894.50,SALE,08-12-2024 15:02:25,S06,20241208
S06/20241208/00006,4,DISC,1,-170.01,DISCOUNT,08-12-2024 15:02:25,S06,20241208
S06/20241208/00006,5,TAX,1,41.51,TAX,08-12-2024 15:02:25,S06,20241208
S06/20241208/00006,6,TENDER,1,1682.16,TENDER,08-12-2024 15:02:25,S06,20241208
S06/20241208/00007,1,P107003,-1,1218.85,RETURN,08-12-2024 12:17:25,S06,20241208
S06/20241208/00007,2,P104462,-3,86.38,RETURN,08-12-2024 12:17:25,S06,20241208
S06/20241208/00007,3,P103806,-3,319.17,RETURN,08-12-2024 12:17:25,S06,20241208
S06/20241208/00007,4,P105268,-2,300.66,RETURN,08-12-2024 12:17:25,S06,20241208
S06/20241208/00007,5,P103413,-4,1352.06,RETURN,08-12-2024 12:17:25,S06,20241208
S06/20241208/00007,6,P100511,-4,442.66,RETURN,08-12-2024 12:17:25,S06,20241208
S06/20241208/00007,7,TAX,1,-604.08,TAX,08-12-2024 12:17:25,S06,20241208
S06/20241208/00007,8,TENDER,1,-10819.78,TENDER,08-12-2024 12:17:25,S06,20241208
S06/20241208/00008,1,P101470,2,196.94,SALE,08-12-2024 21:09:44,S06,20241208
S06/20241208/00008,2,P104637,2,353.99,SALE,08-12-2024 21:09:44,S06,20241208
S06/20241208/00008,3,P107903,2,22.86,SALE,08-12-2024 21:09:44,S06,20241208
S06/20241208/00008,4,TAX,1,93.19,TAX,08-12-2024 21:09:44,S06,20241208
S06/20241208/00008,5,TENDER,1,1240.77,TENDER,08-12-2024 21:09:44,S06,20241208
S06/20241208/00009,1,P106174,2,229.89,SALE,08-12-2024 14:41:50,S06,20241208
S06/20241208/00009,2,P105835,4,238.39,SALE,08-12-2024 14:41:50,S06,20241208
S06/20241208/00009,3,P104975,1,568.03,SALE,08-12-2024 14:41:50,S06,20241208
S06/20241208/00009,4,P103973,1,108.48,SALE,08-12-2024 14:41:50,S06,20241208
S06/20241208/00009,5,P107549,3,47.87,SALE,08-12-2024 14:41:50,S06,20241208
S06/20241208/00009,6,TAX,1,93.05,TAX,08-12-2024 14:41:50,S06,20241208
S06/20241208/00009,7,TENDER,1,2326.51,TENDER,08-12-2024 14:41:50,S06,20241208
S06/20241208/00010,1,P105547,4,431.77,SALE,08-12-2024 18:11:27,S06,20241208
S06/20241208/00010,2,P105356,3,232.26,SALE,08-12-2024 18:11:27,S06,20241208
S06/20241208/00010,3,P103231,1,241.80,SALE,08-12-2024 18:11:27,S06,20241208
S06/20241208/00010,4,P100268,3,197.00,SALE,08-12-2024 18:11:27,S06,20241208
S06/20241208/00010,5,P101974,5,302.00,SALE,08-12-2024 18:11:27,S06,20241208
S06/20241208/00010,6,TAX,1,555.53,TAX,08-12-2024 18:11:27,S06,20241208
S06/20241208/00010,7,TENDER,1,5322.19,TENDER,08-12-2024 18:11:27,S06,20241208
S06/20241208/00011,1,P102874,3,142.11,SALE,08-12-2024 16:29:15,S06,20241208
S06/20241208/00011,2,P102014,2,261.84,SALE,08-12-2024 16:29:15,S06,20241208
S06/20241208/00011,3,TAX,1,115.58,TAX,08-12-2024 16:29:15,S06,20241208
S06/20241208/00011,4,TENDER,1,1065.59,TENDER,08-12-2024 16:29:15,S06,20241208
S06/20241208/00012,1,P103105,4,34.12,SALE,08-12-2024 22:25:12,S06,20241208
S06/20241208/00012,2,P103168,1,980.21,SALE,08-12-2024 22:25:12,S06,20241208
S06/20241208/00012,3,TAX,1,142.19,TAX,08-12-2024 22:25:12,S06,20241208
S06/20241208/00012,4,TENDER,1,1258.88,TENDER,08-12-2024 22:25:12,S06,20241208
S06/20241208/00013,1,P100593,1,32.38,SALE,08-12-2024 20:53:36,S06,20241208
S06/20241208/00013,2,P103389,1,239.67,SALE,08-12-2024 20:53:36,S06,20241208
S06/20241208/00013,3,P105331,4,308.39,SALE,08-12-2024 20:53:36,S06,20241208
S06/20241208/00013,4,P100693,2,107.22,SALE,08-12-2024 20:53:36,S06,20241208
S06/20241208/00013,5,P106802,1,739.16,SALE,08-12-2024 20:53:36,S06,20241208
S06/20241208/00013,6,TAX,1,181.99,TAX,08-12-2024 20:53:36,S06,20241208
S06/20241208/00013,7,TENDER,1,2641.20,TENDER,08-12-2024 20:53:36,S06,20241208
S06/20241208/00014,1,P106027,1,1548.23,SALE,08-12-2024 14:28:14,S06,20241208
S06/20241208/00014,2,P106629,1,57.49,SALE,08-12-2024 14:28:14,S06,20241208
S06/20241208/00014,3,P100074,2,57.78,SALE,08-12-2024 14:28:14,S06,20241208
S06/20241208/00014,4,P105524,1,81.14,SALE,08-12-2024 14:28:14,S06,20241208
S06/20241208/00014,5,TAX,1,30.73,TAX,08-12-2024 14:28:14,S06,20241208
S06/20241208/00014,6,TENDER,1,1833.15,TENDER,08-12-2024 14:28:14,S06,20241208
S06/20241208/00015,1,P101660,1,193.14,SALE,08-12-2024 16:53:23,S06,20241208
S06/20241208/00015,2,TAX,1,9.66,TAX,08-12-2024 16:53:23,S06,20241208
S06/20241208/00015,3,TENDER,1,202.80,TENDER,08-12-2024 16:53:23,S06,20241208
S06/20241208/00016,1,P102779,3,25.62,SALE,08-12-2024 13:55:42,S06,20241208
S06/20241208/00016,2,P105468,3,1100.43,SALE,08-12-2024 13:55:42,S06,20241208
S06/20241208/00016,3,P103364,3,118.90,SALE,08-12-2024 13:55:42,S06,20241208
S06/20241208/00016,4,P101134,3,1071.76,SALE,08-12-2024 13:55:42,S06,20241208
S06/20241208/00016,5,P106207,2,598.78,SALE,08-12-2024 13:55:42,S06,20241208
S06/20241208/00016,6,P106563,1,469.90,SALE,08-12-2024 13:55:42,S06,20241208
S06/20241208/00016,7,P100946,3,81.33,SALE,08-12-2024 13:55:42,S06,20241208
S06/20241208/00016,8,DISC,1,-323.45,DISCOUNT,08-12-2024 13:55:42,S06,20241208
S06/20241208/00016,9,TAX,1,472.26,TAX,08-12-2024 13:55:42,S06,20241208
S06/20241208/00016,10,TENDER,1,9010.39,TENDER,08-12-2024 13:55:42,S06,20241208
S06/20241208/00017,1,P106813,1,257.87,SALE,08-12-2024 17:45:58,S06,20241208
S06/20241208/00017,2,P103197,2,339.40,SALE,08-12-2024 17:45:58,S06,20241208
S06/20241208/00017,3,P101911,1,1431.80,SALE,08-12-2024 17:45:58,S06,20241208
S06/20241208/00017,4,P108118,3,66.05,SALE,08-12-2024 17:45:58,S06,20241208
S06/20241208/00017,5,P100717,1,561.52,SALE,08-12-2024 17:45:58,S06,20241208
S06/20241208/00017,6,TAX,1,223.38,TAX,08-12-2024 17:45:58,S06,20241208
S06/20241208/00017,7,TENDER,1,3351.52,TENDER,08-12-2024 17:45:58,S06,20241208
S06/20241208/00018,1,P106426,1,154.27,SALE,08-12-2024 14:54:00,S06,20241208
S06/20241208/00018,2,P105035,1,159.58,SALE,08-12-2024 14:54:00,S06,20241208
S06/20241208/00018,3,P101899,5,326.35,SALE,08-12-2024 14:54:00,S06,20241208
S06/20241208/00018,4,P105180,2,102.63,SALE,08-12-2024 14:54:00,S06,20241208
S06/20241208/00018,5,P100203,3,272.10,SALE,08-12-2024 14:54:00,S06,20241208
S06/20241208/00018,6,P102880,3,575.53,SALE,08-12-2024 14:54:00,S06,20241208
S06/20241208/00018,7,TAX,1,485.57,TAX,08-12-2024 14:54:00,S06,20241208
S06/20241208/00018,8,TENDER,1,5179.32,TENDER,08-12-2024 14:54:00,S06,20241208
S06/20241208/00019,1,P100250,3,544.91,SALE,08-12-2024 12:33:21,S06,20241208
S06/20241208/00019,2,P103319,2,356.46,SALE,08-12-2024 12:33:21,S06,20241208
S06/20241208/00019,3,P104212,2,426.07,SALE,08-12-2024 12:33:21,S06,20241208
S06/20241208/00019,4,P100183,2,1466.16,SALE,08-12-2024 12:33:21,S06,20241208
S06/20241208/00019,5,P101681,1,139.09,SALE,08-12-2024 12:33:21,S06,20241208
S06/20241208/00019,6,P104933,3,560.59,SALE,08-12-2024 12:33:21,S06,20241208
S06/20241208/00019,7,P106143,1,61.74,SALE,08-12-2024 12:33:21,S06,20241208
S06/20241208/00019,8,P102021,1,90.22,SALE,08-12-2024 12:33:21,S06,20241208
S06/20241208/00019,9,P102833,2,680.71,SALE,08-12-2024 12:33:21,S06,20241208
S06/20241208/00019,10,P106443,1,52.87,SALE,08-12-2024 12:33:21,S06,20241208
S06/20241208/00019,11,TAX,1,1034.71,TAX,08-12-2024 12:33:21,S06,20241208
S06/20241208/00019,12,TENDER,1,10553.93,TENDER,08-12-2024 12:33:21,S06,20241208
S06/20241208/00020,1,P101622,3,272.35,SALE,08-12-2024 19:56:01,S06,20241208
S06/20241208/00020,2,P106989,1,26.75,SALE,08-12-2024 19:56:01,S06,20241208
S06/20241208/00020,3,P105720,1,69.64,SALE,08-12-2024 19:56:01,S06,20241208
S06/20241208/00020,4,P100899,1,131.46,SALE,08-12-2024 19:56:01,S06,20241208
S06/20241208/00020,5,P104651,1,540.51,SALE,08-12-2024 19:56:01,S06,20241208
S06/20241208/00020,6,TAX,1,110.53,TAX,08-12-2024 19:56:01,S06,20241208
S06/20241208/00020,7,TENDER,1,1695.94,TENDER,08-12-2024 19:56:01,S06,20241208
S06/20241208/00021,1,P101578,3,44.18,SALE,08-12-2024 13:25:47,S06,20241208
S06/20241208/00021,2,P101010,2,71.39,SALE,08-12-2024 13:25:47,S06,20241208
S06/20241208/00021,3,P100511,1,442.66,SALE,08-12-2024 13:25:47,S06,20241208
S06/20241208/00021,4,TAX,1,76.88,TAX,08-12-2024 13:25:47,S06,20241208
S06/20241208/00021,5,TENDER,1,794.86,TENDER,08-12-2024 13:25:47,S06,20241208
S06/20241208/00022,1,P104302,1,1255.97,SALE,08-12-2024 13:48:27,S06,20241208
S06/20241208/00022,2,P108338,4,218.68,SALE,08-12-2024 13:48:27,S06,20241208
S06/20241208/00022,3,TAX,1,308.17,TAX,08-12-2024 13:48:27,S06,20241208
S06/20241208/00022,4,TENDER,1,2438.86,TENDER,08-12-2024 13:48:27,S06,20241208
S06/20241208/00023,1,P106399,2,198.14,SALE,08-12-2024 18:23:21,S06,20241208
S06/20241208/00023,2,P108319,2,262.79,SALE,08-12-2024 18:23:21,S06,20241208
S06/20241208/00023,3,P103484,2,109.59,SALE,08-12-2024 18:23:21,S06,20241208
S06/20241208/00023,4,P104802,1,213.28,SALE,08-12-2024 18:23:21,S06,20241208
S06/20241208/00023,5,P101134,1,1071.76,SALE,08-12-2024 18:23:21,S06,20241208
S06/20241208/00023,6,P105176,2,509.66,SALE,08-12-2024 18:23:21,S06,20241208
S06/20241208/00023,7,P100736,6,700.87,SALE,08-12-2024 18:23:21,S06,20241208
S06/20241208/00023,8,TAX,1,812.04,TAX,08-12-2024 18:23:21,S06,20241208
S06/20241208/00023,9,TENDER,1,8462.66,TENDER,08-12-2024 18:23:21,S06,20241208
S06/20241208/00024,1,P100362,2,282.80,SALE,08-12-2024 18:47:39,S06,20241208
S06/20241208/00024,2,P108191,5,309.71,SALE,08-12-2024 18:47:39,S06,20241208
S06/20241208/00024,3,P104446,2,66.45,SALE,08-12-2024 18:47:39,S06,20241208
S06/20241208/00024,4,P104747,1,342.93,SALE,08-12-2024 18:47:39,S06,20241208
S06/20241208/00024,5,TAX,1,142.50,TAX,08-12-2024 18:47:39,S06,20241208
S06/20241208/00024,6,TENDER,1,2732.48,TENDER,08-12-2024 18:47:39,S06,20241208
S06/20241208/00025,1,P104625,1,296.80,SALE,08-12-2024 09:20:03,S06,20241208
S06/20241208/00025,2,P104572,2,182.16,SALE,08-12-2024 09:20:03,S06,20241208
S06/20241208/00025,3,TAX,1,18.22,TAX,08-12-2024 09:20:03,S06,20241208
S06/20241208/00025,4,TENDER,1,679.34,TENDER,08-12-2024 09:20:03,S06,20241208
S06/20241208/00026,1,P106997,2,42.42,SALE,08-12-2024 19:31:54,S06,20241208
S06/20241208/00026,2,P102014,1,261.84,SALE,08-12-2024 19:31:54,S06,20241208
S06/20241208/00026,3,P105950,2,1356.49,SALE,08-12-2024 19:31:54,S06,20241208
S06/20241208/00026,4,TAX,1,57.31,TAX,08-12-2024 19:31:54,S06,20241208
S06/20241208/00026,5,TENDER,1,3116.97,TENDER,08-12-2024 19:31:54,S06,20241208
S06/20241208/00027,1,P107354,2,227.60,SALE,08-12-2024 13:44:55,S06,20241208
S06/20241208/00027,2,P108162,3,257.55,SALE,08-12-2024 13:44:55,S06,20241208
S06/20241208/00027,3,P104651,1,540.51,SALE,08-12-2024 13:44:55,S06,20241208
S06/20241208/00027,4,P100260,3,1120.33,SALE,08-12-2024 13:44:55,S06,20241208
S06/20241208/00027,5,P101384,1,42.99,SALE,08-12-2024 13:44:55,S06,20241208
S06/20241208/00027,6,P100499,2,258.12,SALE,08-12-2024 13:44:55,S06,20241208
S06/20241208/00027,7,P107826,4,136.08,SALE,08-12-2024 13:44:55,S06,20241208
S06/20241208/00027,8,P108292,1,104.02,SALE,08-12-2024 13:44:55,S06,20241208
S06/20241208/00027,9,TAX,1,287.53,TAX,08-12-2024 13:44:55,S06,20241208
S06/20241208/00027,10,TENDER,1,6624.45,TENDER,08-12-2024 13:44:55,S06,20241208
S06/20241208/00028,1,P106776,1,445.40,SALE,08-12-2024 15:49:24,S06,20241208
S06/20241208/00028,2,P100438,3,66.55,SALE,08-12-2024 15:49:24,S06,20241208
S06/20241208/00028,3,P101722,2,1460.17,SALE,08-12-2024 15:49:24,S06,20241208
S06/20241208/00028,4,P107432,3,45.60,SALE,08-12-2024 15:49:24,S06,20241208
S06/20241208/00028,5,P102933,3,610.87,SALE,08-12-2024 15:49:24,S06,20241208
S06/20241208/00028,6,P102219,5,780.86,SALE,08-12-2024 15:49:24,S06,20241208
S06/20241208/00028,7,TAX,1,600.24,TAX,08-12-2024 15:49:24,S06,20241208
S06/20241208/00028,8,TENDER,1,10039.34,TENDER,08-12-2024 15:49:24,S06,20241208
S06/20241208/00029,1,P106563,2,469.90,SALE,08-12-2024 13:21:06,S06,20241208
S06/20241208/00029,2,P107056,3,341.76,SALE,08-12-2024 13:21:06,S06,20241208
S06/20241208/00029,3,P100298,1,53.95,SALE,08-12-2024 13:21:06,S06,20241208
S06/20241208/00029,4,DISC,1,-130.76,DISCOUNT,08-12-2024 13:21:06,S06,20241208
S06/20241208/00029,5,TAX,1,280.59,TAX,08-12-2024 13:21:06,S06,20241208
S06/20241208/00029,6,TENDER,1,2168.86,TENDER,08-12-2024 13:21:06,S06,20241208
S06/20241208/00030,1,P101062,1,52.38,SALE,08-12-2024 13:52:03,S06,20241208
S06/20241208/00030,2,P107026,1,69.10,SALE,08-12-2024 13:52:03,S06,20241208
S06/20241208/00030,3,DISC,1,-8.24,DISCOUNT,08-12-2024 13:52:03,S06,20241208
S06/20241208/00030,4,TAX,1,14.04,TAX,08-12-2024 13:52:03,S06,20241208
S06/20241208/00030,5,TENDER,1,127.28,TENDER,08-12-2024 13:52:03,S06,20241208
S06/20241208/00031,1,P108008,1,128.46,SALE,08-12-2024 13:42:20,S06,20241208
S06/20241208/00031,2,P100418,3,213.97,SALE,08-12-2024 13:42:20,S06,20241208
S06/20241208/00031,3,P101766,2,220.67,SALE,08-12-2024 13:42:20,S06,20241208
S06/20241208/00031,4,P105541,1,189.75,SALE,08-12-2024 13:42:20,S06,20241208
S06/20241208/00031,5,P106948,1,209.81,SALE,08-12-2024 13:42:20,S06,20241208
S06/20241208/00031,6,P101064,1,33.84,SALE,08-12-2024 13:42:20,S06,20241208
S06/20241208/00031,7,P103563,2,26.76,SALE,08-12-2024 13:42:20,S06,20241208
S06/20241208/00031,8,TAX,1,136.45,TAX,08-12-2024 13:42:20,S06,20241208
S06/20241208/00031,9,TENDER,1,1835.08,TENDER,08-12-2024 13:42:20,S06,20241208
S06/20241208/00032,1,P100198,1,162.72,SALE,08-12-2024 20:21:04,S06,20241208
S06/20241208/00032,2,P106443,2,52.87,SALE,08-12-2024 20:21:04,S06,20241208
S06/20241208/00032,3,P106106,2,219.14,SALE,08-12-2024 20:21:04,S06,20241208
S06/20241208/00032,4,P103129,3,84.49,SALE,08-12-2024 20:21:04,S06,20241208
S06/20241208/00032,5,TAX,1,137.94,TAX,08-12-2024 20:21:04,S06,20241208
S06/20241208/00032,6,TENDER,1,1098.15,TENDER,08-12-2024 20:21:04,S06,20241208
S06/20241208/00033,1,P106336,1,452.43,SALE,08-12-2024 19:34:47,S06,20241208
S06/20241208/00033,2,P105775,2,104.41,SALE,08-12-2024 19:34:47,S06,20241208
S06/20241208/00033,3,P105450,1,252.15,SALE,08-12-2024 19:34:47,S06,20241208
S06/20241208/00033,4,P107208,3,323.06,SALE,08-12-2024 19:34:47,S06,20241208
S06/20241208/00033,5,P101842,1,227.96,SALE,08-12-2024 19:34:47,S06,20241208
S06/20241208/00033,6,P106997,1,42.42,SALE,08-12-2024 19:34:47,S06,20241208
S06/20241208/00033,7,P107777,2,222.77,SALE,08-12-2024 19:34:47,S06,20241208
S06/20241208/00033,8,DISC,1,-182.68,DISCOUNT,08-12-2024 19:34:47,S06,20241208
S06/20241208/00033,9,TAX,1,136.09,TAX,08-12-2024 19:34:47,S06,20241208
S06/20241208/00033,10,TENDER,1,2551.91,TENDER,08-12-2024 19:34:47,S06,20241208
S06/20241208/00034,1,P100172,1,205.47,SALE,08-12-2024 15:13:02,S06,20241208
S06/20241208/00034,2,P107119,5,18.29,SALE,08-12-2024 15:13:02,S06,20241208
S06/20241208/00034,3,DISC,1,-34.74,DISCOUNT,08-12-2024 15:13:02,S06,20241208
S06/20241208/00034,4,TAX,1,23.61,TAX,08-12-2024 15:13:02,S06,20241208
S06/20241208/00034,5,TENDER,1,285.79,TENDER,08-12-2024 15:13:02,S06,20241208
S06/20241208/00035,1,P100287,1,240.45,SALE,08-12-2024 14:07:24,S06,20241208
S06/20241208/00035,2,P106323,2,218.99,SALE,08-12-2024 14:07:24,S06,20241208
S06/20241208/00035,3,P105897,2,249.03,SALE,08-12-2024 14:07:24,S06,20241208
S06/20241208/00035,4,TAX,1,110.52,TAX,08-12-2024 14:07:24,S06,20241208
S06/20241208/00035,5,TENDER,1,1287.01,TENDER,08-12-2024 14:07:24,S06,20241208
S06/20241208/00036,1,P100387,2,116.37,SALE,08-12-2024 12:48:29,S06,20241208
S06/20241208/00036,2,P105450,2,252.15,SALE,08-12-2024 12:48:29,S06,20241208
S06/20241208/00036,3,P107767,3,510.38,SALE,08-12-2024 12:48:29,S06,20241208
S06/20241208/00036,4,P105507,2,22.07,SALE,08-12-2024 12:48:29,S06,20241208
S06/20241208/00036,5,P102280,4,644.81,SALE,08-12-2024 12:48:29,S06,20241208
S06/20241208/00036,6,TAX,1,552.46,TAX,08-12-2024 12:48:29,S06,20241208
S06/20241208/00036,7,TENDER,1,5444.02,TENDER,08-12-2024 12:48:29,S06,20241208
S06/20241208/00037,1,P106948,2,209.81,SALE,08-12-2024 20:06:18,S06,20241208
S06/20241208/00037,2,P102081,2,164.15,SALE,08-12-2024 20:06:18,S06,20241208
S06/20241208/00037,3,P102060,2,165.83,SALE,08-12-2024 20:06:18,S06,20241208
S06/20241208/00037,4,P106934,3,1604.94,SALE,08-12-2024 20:06:18,S06,20241208
S06/20241208/00037,5,P102375,4,509.34,SALE,08-12-2024 20:06:18,S06,20241208
S06/20241208/00037,6,DISC,1,-278.11,DISCOUNT,08-12-2024 20:06:18,S06,20241208
S06/20241208/00037,7,TAX,1,431.13,TAX,08-12-2024 20:06:18,S06,20241208
S06/20241208/00037,8,TENDER,1,8084.78,TENDER,08-12-2024 20:06:18,S06,20241208
S06/20241208/00038,1,P106584,1,247.63,SALE,08-12-2024 13:26:50,S06,20241208
S06/20241208/00038,2,P105331,3,308.39,SALE,08-12-2024 13:26:50,S06,20241208
S06/20241208/00038,3,P103871,1,220.55,SALE,08-12-2024 13:26:50,S06,20241208
S06/20241208/00038,4,P104023,2,630.48,SALE,08-12-2024 13:26:50,S06,20241208
S06/20241208/00038,5,P100156,4,1528.63,SALE,08-12-2024 13:26:50,S06,20241208
S06/20241208/00038,6,P103188,1,30.16,SALE,08-12-2024 13:26:50,S06,20241208
S06/20241208/00038,7,P101034,2,94.74,SALE,08-12-2024 13:26:50,S06,20241208
S06/20241208/00038,8,TAX,1,148.50,TAX,08-12-2024 13:26:50,S06,20241208
S06/20241208/00038,9,TENDER,1,9136.97,TENDER,08-12-2024 13:26:50,S06,20241208
S06/20241208/00039,1,P105524,1,81.14,SALE,08-12-2024 13:13:52,S06,20241208
S06/20241208/00039,2,P104112,3,52.93,SALE,08-12-2024 13:13:52,S06,20241208
S06/20241208/00039,3,P105227,3,292.54,SALE,08-12-2024 13:13:52,S06,20241208
S06/20241208/00039,4,P108369,2,343.20,SALE,08-12-2024 13:13:52,S06,20241208
S06/20241208/00039,5,TAX,1,251.41,TAX,08-12-2024 13:13:52,S06,20241208
S06/20241208/00039,6,TENDER,1,2055.36,TENDER,08-12-2024 13:13:52,S06,20241208
S06/20241208/00040,1,P106757,2,387.95,SALE,08-12-2024 13:15:25,S06,20241208
S06/20241208/00040,2,P104854,3,35.80,SALE,08-12-2024 13:15:25,S06,20241208
S06/20241208/00040,3,P100281,1,485.13,SALE,08-12-2024 13:15:25,S06,20241208
S06/20241208/00040,4,P103465,2,32.05,SALE,08-12-2024 13:15:25,S06,20241208
S06/20241208/00040,5,P102397,3,355.28,SALE,08-12-2024 13:15:25,S06,20241208
S06/20241208/00040,6,TAX,1,202.49,TAX,08-12-2024 13:15:25,S06,20241208
S06/20241208/00040,7,TENDER,1,2700.86,TENDER,08-12-2024 13:15:25,S06,20241208
S06/20241208/00041,1,P102626,3,416.91,SALE,08-12-2024 14:21:18,S06,20241208
S06/20241208/00041,2,P101272,2,96.70,SALE,08-12-2024 14:21:18,S06,20241208
S06/20241208/00041,3,P106353,5,267.43,SALE,08-12-2024 14:21:18,S06,20241208
S06/20241208/00041,4,P101925,1,186.54,SALE,08-12-2024 14:21:18,S06,20241208
S06/20241208/00041,5,DISC,1,-304.04,DISCOUNT,08-12-2024 14:21:18,S06,20241208
S06/20241208/00041,6,TAX,1,389.56,TAX,08-12-2024 14:21:18,S06,20241208
S06/20241208/00041,7,TENDER,1,3053.34,TENDER,08-12-2024 14:21:18,S06,20241208
S06/20241208/00042,1,P102849,2,682.39,SALE,08-12-2024 18:23:48,S06,20241208
S06/20241208/00042,2,P102998,3,158.64,SALE,08-12-2024 18:23:48,S06,20241208
S06/20241208/00042,3,P106270,2,308.83,SALE,08-12-2024 18:23:48,S06,20241208
S06/20241208/00042,4,P107880,2,347.04,SALE,08-12-2024 18:23:48,S06,20241208
S06/20241208/00042,5,P104266,1,431.11,SALE,08-12-2024 18:23:48,S06,20241208
S06/20241208/00042,6,P104226,3,303.01,SALE,08-12-2024 18:23:48,S06,20241208
S06/20241208/00042,7,P106464,1,277.18,SALE,08-12-2024 18:23:48,S06,20241208
S06/20241208/00042,8,TAX,1,395.00,TAX,08-12-2024 18:23:48,S06,20241208
S06/20241208/00042,9,TENDER,1,5164.76,TENDER,08-12-2024 18:23:48,S06,20241208
S06/20241208/00043,1,P100921,2,441.43,SALE,08-12-2024 15:45:35,S06,20241208
S06/20241208/00043,2,P105294,3,143.55,SALE,08-12-2024 15:45:35,S06,20241208
S06/20241208/00043,3,P101470,1,196.94,SALE,08-12-2024 15:45:35,S06,20241208
S06/20241208/00043,4,P106900,1,179.85,SALE,08-12-2024 15:45:35,S06,20241208
S06/20241208/00043,5,TAX,1,245.42,TAX,08-12-2024 15:45:35,S06,20241208
S06/20241208/00043,6,TENDER,1,1935.72,TENDER,08-12-2024 15:45:35,S06,20241208
S06/20241208/00044,1,P101603,1,965.71,SALE,08-12-2024 15:48:35,S06,20241208
S06/20241208/00044,2,P101263,2,684.55,SALE,08-12-2024 15:48:35,S06,20241208
S06/20241208/00044,3,P100326,3,47.79,SALE,08-12-2024 15:48:35,S06,20241208
S06/20241208/00044,4,TAX,1,388.13,TAX,08-12-2024 15:48:35,S06,20241208
S06/20241208/00044,5,TENDER,1,2866.31,TENDER,08-12-2024 15:48:35,S06,20241208
S06/20241208/00045,1,P102335,3,94.24,SALE,08-12-2024 14:36:09,S06,20241208
S06/20241208/00045,2,P103461,2,109.46,SALE,08-12-2024 14:36:09,S06,20241208
S06/20241208/00045,3,P105624,3,380.06,SALE,08-12-2024 14:36:09,S06,20241208
S06/20241208/00045,4,P106405,4,40.51,SALE,08-12-2024 14:36:09,S06,20241208
S06/20241208/00045,5,TAX,1,163.34,TAX,08-12-2024 14:36:09,S06,20241208
S06/20241208/00045,6,TENDER,1,1967.20,TENDER,08-12-2024 14:36:09,S06,20241208
S06/20241208/00046,1,P104446,3,66.45,SALE,08-12-2024 21:11:50,S06,20241208
S06/20241208/00046,2,P100543,2,123.06,SALE,08-12-2024 21:11:50,S06,20241208
S06/20241208/00046,3,P105180,1,102.63,SALE,08-12-2024 21:11:50,S06,20241208
S06/20241208/00046,4,P103822,3,594.96,SALE,08-12-2024 21:11:50,S06,20241208
S06/20241208/00046,5,P102636,1,113.15,SALE,08-12-2024 21:11:50,S06,20241208
S06/20241208/00046,6,P102389,2,84.91,SALE,08-12-2024 21:11:50,S06,20241208
S06/20241208/00046,7,P104526,2,363.05,SALE,08-12-2024 21:11:50,S06,20241208
S06/20241208/00046,8,TAX,1,448.16,TAX,08-12-2024 21:11:50,S06,20241208
S06/20241208/00046,9,TENDER,1,3790.21,TENDER,08-12-2024 21:11:50,S06,20241208
S06/20241208/00047,1,P105835,2,238.39,SALE,08-12-2024 17:14:37,S06,20241208
S06/20241208/00047,2,P108191,2,309.71,SALE,08-12-2024 17:14:37,S06,20241208
S06/20241208/00047,3,P101747,1,245.75,SALE,08-12-2024 17:14:37,S06,20241208
S06/20241208/00047,4,P100106,1,318.86,SALE,08-12-2024 17:14:37,S06,20241208
S06/20241208/00047,5,P104517,2,1474.90,SALE,08-12-2024 17:14:37,S06,20241208
S06/20241208/00047,6,TAX,1,124.49,TAX,08-12-2024 17:14:37,S06,20241208
S06/20241208/00047,7,TENDER,1,4735.10,TENDER,08-12-2024 17:14:37,S06,20241208
S06/20241208/00048,1,P101332,1,400.98,SALE,08-12-2024 12:40:32,S06,20241208
S06/20241208/00048,2,P103864,3,540.44,SALE,08-12-2024 12:40:32,S06,20241208
S06/20241208/00048,3,TAX,1,153.24,TAX,08-12-2024 12:40:32,S06,20241208
S06/20241208/00048,4,TENDER,1,2175.54,TENDER,08-12-2024 12:40:32,S06,20241208
S06/20241208/00049,1,P101470,1,196.94,SALE,08-12-2024 21:10:44,S06,20241208
S06/20241208/00049,2,P104544,2,104.46,SALE,08-12-2024 21:10:44,S06,20241208
S06/20241208/00049,3,P104194,1,119.04,SALE,08-12-2024 21:10:44,S06,20241208
S06/20241208/00049,4,P101489,4,555.59,SALE,08-12-2024 21:10:44,S06,20241208
S06/20241208/00049,5,P106592,1,815.90,SALE,08-12-2024 21:10:44,S06,20241208
S06/20241208/00049,6,TAX,1,72.67,TAX,08-12-2024 21:10:44,S06,20241208
S06/20241208/00049,7,TENDER,1,3635.83,TENDER,08-12-2024 21:10:44,S06,20241208
S06/20241208/00050,1,P103806,2,319.17,SALE,08-12-2024 16:53:50,S06,20241208
S06/20241208/00050,2,P105450,2,252.15,SALE,08-12-2024 16:53:50,S06,20241208
S06/20241208/00050,3,P103144,1,145.27,SALE,08-12-2024 16:53:50,S06,20241208
S06/20241208/00050,4,P100509,3,143.57,SALE,08-12-2024 16:53:50,S06,20241208
S06/20241208/00050,5,TAX,1,28.80,TAX,08-12-2024 16:53:50,S06,20241208
S06/20241208/00050,6,TENDER,1,1747.42,TENDER,08-12-2024 16:53:50,S06,20241208
S06/20241208/00051,1,P100582,2,170.67,SALE,08-12-2024 16:11:28,S06,20241208
S06/20241208/00051,2,P107826,2,136.08,SALE,08-12-2024 16:11:28,S06,20241208
S06/20241208/00051,3,P100999,1,171.06,SALE,08-12-2024 16:11:28,S06,20241208
S06/20241208/00051,4,P107253,3,249.41,SALE,08-12-2024 16:11:28,S06,20241208
S06/20241208/00051,5,P104226,2,303.01,SALE,08-12-2024 16:11:28,S06,20241208
S06/20241208/00051,6,TAX,1,94.10,TAX,08-12-2024 16:11:28,S06,20241208
S06/20241208/00051,7,TENDER,1,2232.91,TENDER,08-12-2024 16:11:28,S06,20241208
S06/20241208/00052,1,P106473,2,273.39,SALE,08-12-2024 16:45:59,S06,20241208
S06/20241208/00052,2,P104058,3,351.54,SALE,08-12-2024 16:45:59,S06,20241208
S06/20241208/00052,3,P101961,1,767.84,SALE,08-12-2024 16:45:59,S06,20241208
S06/20241208/00052,4,P108247,1,252.59,SALE,08-12-2024 16:45:59,S06,20241208
S06/20241208/00052,5,P103530,2,427.69,SALE,08-12-2024 16:45:59,S06,20241208
S06/20241208/00052,6,DISC,1,-379.98,DISCOUNT,08-12-2024 16:45:59,S06,20241208
S06/20241208/00052,7,TAX,1,557.50,TAX,08-12-2024 16:45:59,S06,20241208
S06/20241208/00052,8,TENDER,1,3654.73,TENDER,08-12-2024 16:45:59,S06,20241208
S06/20241208/00053,1,P106258,2,423.67,SALE,08-12-2024 10:25:25,S06,20241208
S06/20241208/00053,2,DISC,1,-34.50,DISCOUNT,08-12-2024 10:25:25,S06,20241208
S06/20241208/00053,3,TAX,1,40.64,TAX,08-12-2024 10:25:25,S06,20241208
S06/20241208/00053,4,TENDER,1,853.48,TENDER,08-12-2024 10:25:25,S06,20241208
S06/20241208/00054,1,P105164,2,242.35,SALE,08-12-2024 09:53:37,S06,20241208
S06/20241208/00054,2,P101864,2,112.21,SALE,08-12-2024 09:53:37,S06,20241208
S06/20241208/00054,3,P102954,2,129.98,SALE,08-12-2024 09:53:37,S06,20241208
S06/20241208/00054,4,P106454,1,127.35,SALE,08-12-2024 09:53:37,S06,20241208
S06/20241208/00054,5,TAX,1,77.96,TAX,08-12-2024 09:53:37,S06,20241208
S06/20241208/00054,6,TENDER,1,1174.39,TENDER,08-12-2024 09:53:37,S06,20241208
S06/20241208/00055,1,P100479,1,342.92,SALE,08-12-2024 14:39:10,S06,20241208
S06/20241208/00055,2,P105425,3,153.55,SALE,08-12-2024 14:39:10,S06,20241208
S06/20241208/00055,3,P106671,4,90.38,SALE,08-12-2024 14:39:10,S06,20241208
S06/20241208/00055,4,P106669,2,102.72,SALE,08-12-2024 14:39:10,S06,20241208
S06/20241208/00055,5,P102042,2,151.18,SALE,08-12-2024 14:39:10,S06,20241208
S06/20241208/00055,6,TAX,1,128.81,TAX,08-12-2024 14:39:10,S06,20241208
S06/20241208/00055,7,TENDER,1,1801.70,TENDER,08-12-2024 14:39:10,S06,20241208
S06/20241208/00056,1,P105083,3,245.38,SALE,08-12-2024 14:22:39,S06,20241208
S06/20241208/00056,2,P101697,1,102.34,SALE,08-12-2024 14:22:39,S06,20241208
S06/20241208/00056,3,P107753,3,73.61,SALE,08-12-2024 14:22:39,S06,20241208
S06/20241208/00056,4,P103096,1,315.47,SALE,08-12-2024 14:22:39,S06,20241208
S06/20241208/00056,5,P102389,1,84.91,SALE,08-12-2024 14:22:39,S06,20241208
S06/20241208/00056,6,P103777,2,44.82,SALE,08-12-2024 14:22:39,S06,20241208
S06/20241208/00056,7,DISC,1,-135.43,DISCOUNT,08-12-2024 14:22:39,S06,20241208
S06/20241208/00056,8,TAX,1,190.78,TAX,08-12-2024 14:22:39,S06,20241208
S06/20241208/00056,9,TENDER,1,1604.68,TENDER,08-12-2024 14:22:39,S06,20241208
S06/20241208/00057,1,P102656,3,194.33,SALE,08-12-2024 11:10:35,S06,20241208
S06/20241208/00057,2,P103473,1,428.66,SALE,08-12-2024 11:10:35,S06,20241208
S06/20241208/00057,3,P105057,1,294.62,SALE,08-12-2024 11:10:35,S06,20241208
S06/20241208/00057,4,P100375,3,163.45,SALE,08-12-2024 11:10:35,S06,20241208
S06/20241208/00057,5,TAX,1,158.14,TAX,08-12-2024 11:10:35,S06,20241208
S06/20241208/00057,6,TENDER,1,1954.76,TENDER,08-12-2024 11:10:35,S06,20241208
S06/20241208/00058,1,P107040,1,474.18,SALE,08-12-2024 18:47:36,S06,20241208
S06/20241208/00058,2,P108361,4,73.59,SALE,08-12-2024 18:47:36,S06,20241208
S06/20241208/00058,3,P103843,3,660.15,SALE,08-12-2024 18:47:36,S06,20241208
S06/20241208/00058,4,P103999,1,120.61,SALE,08-12-2024 18:47:36,S06,20241208
S06/20241208/00058,5,TAX,1,386.22,TAX,08-12-2024 18:47:36,S06,20241208
S06/20241208/00058,6,TENDER,1,3255.82,TENDER,08-12-2024 18:47:36,S06,20241208
S06/20241208/00059,1,P101911,2,1431.80,SALE,08-12-2024 10:34:28,S06,20241208
S06/20241208/00059,2,P101292,1,380.75,SALE,08-12-2024 10:34:28,S06,20241208
S06/20241208/00059,3,P101410,2,958.72,SALE,08-12-2024 10:34:28,S06,20241208
S06/20241208/00059,4,P104579,4,67.48,SALE,08-12-2024 10:34:28,S06,20241208
S06/20241208/00059,5,P103693,1,102.71,SALE,08-12-2024 10:34:28,S06,20241208
S06/20241208/00059,6,TAX,1,249.13,TAX,08-12-2024 10:34:28,S06,20241208
S06/20241208/00059,7,TENDER,1,5783.55,TENDER,08-12-2024 10:34:28,S06,20241208
S06/20241208/00060,1,P105337,1,35.20,SALE,08-12-2024 20:19:10,S06,20241208
S06/20241208/00060,2,P104544,1,104.46,SALE,08-12-2024 20:19:10,S06,20241208
S06/20241208/00060,3,P102814,3,543.91,SALE,08-12-2024 20:19:10,S06,20241208
S06/20241208/00060,4,P100250,2,544.91,SALE,08-12-2024 20:19:10,S06,20241208
S06/20241208/00060,5,P102566,1,414.37,SALE,08-12-2024 20:19:10,S06,20241208
S06/20241208/00060,6,TAX,1,163.78,TAX,08-12-2024 20:19:10,S06,20241208
S06/20241208/00060,7,TENDER,1,3439.36,TENDER,08-12-2024 20:19:10,S06,20241208
S06/20241208/00061,1,P106720,2,126.28,SALE,08-12-2024 08:07:12,S06,20241208
S06/20241208/00061,2,P103654,4,510.67,SALE,08-12-2024 08:07:12,S06,20241208
S06/20241208/00061,3,P103035,4,1333.74,SALE,08-12-2024 08:07:12,S06,20241208
S06/20241208/00061,4,P107589,6,257.75,SALE,08-12-2024 08:07:12,S06,20241208
S06/20241208/00061,5,P102060,3,165.83,SALE,08-12-2024 08:07:12,S06,20241208
S06/20241208/00061,6,P107056,2,341.76,SALE,08-12-2024 08:07:12,S06,20241208
S06/20241208/00061,7,TAX,1,815.75,TAX,08-12-2024 08:07:12,S06,20241208
S06/20241208/00061,8,TENDER,1,11173.46,TENDER,08-12-2024 08:07:12,S06,20241208
S06/20241208/00062,1,P104497,1,229.16,SALE,08-12-2024 18:04:54,S06,20241208
S06/20241208/00062,2,P107526,1,54.94,SALE,08-12-2024 18:04:54,S06,20241208
S06/20241208/00062,3,DISC,1,-15.00,DISCOUNT,08-12-2024 18:04:54,S06,20241208
S06/20241208/00062,4,TAX,1,20.22,TAX,08-12-2024 18:04:54,S06,20241208
S06/20241208/00062,5,TENDER,1,289.32,TENDER,08-12-2024 18:04:54,S06,20241208
S06/20241209/00001,1,P105483,2,160.65,SALE,09-12-2024 19:57:09,S06,20241209
S06/20241209/00001,2,P107920,4,109.22,SALE,09-12-2024 19:57:09,S06,20241209
S06/20241209/00001,3,TAX,1,136.47,TAX,09-12-2024 19:57:09,S06,20241209
S06/20241209/00001,4,TENDER,1,894.65,TENDER,09-12-2024 19:57:09,S06,20241209
S06/20241209/00002,1,P104226,1,303.01,SALE,09-12-2024 20:24:11,S06,20241209
S06/20241209/00002,2,P101851,2,1750.29,SALE,09-12-2024 20:24:11,S06,20241209
S06/20241209/00002,3,TAX,1,0.00,TAX,09-12-2024 20:24:11,S06,20241209
S06/20241209/00002,4,TENDER,1,3803.59,TENDER,09-12-2024 20:24:11,S06,20241209
S06/20241209/00003,1,P101142,4,102.04,SALE,09-12-2024 16:43:51,S06,20241209
S06/20241209/00003,2,P107721,1,92.25,SALE,09-12-2024 16:43:51,S06,20241209
S06/20241209/00003,3,P107890,2,133.07,SALE,09-12-2024 16:43:51,S06,20241209
S06/20241209/00003,4,P103999,3,120.61,SALE,09-12-2024 16:43:51,S06,20241209
S06/20241209/00003,5,P101515,2,57.17,SALE,09-12-2024 16:43:51,S06,20241209
S06/20241209/00003,6,TAX,1,80.38,TAX,09-12-2024 16:43:51,S06,20241209
S06/20241209/00003,7,TENDER,1,1323.10,TENDER,09-12-2024 16:43:51,S06,20241209
S06/20241209/00004,1,P101740,3,855.00,SALE,09-12-2024 18:13:58,S06,20241209
S06/20241209/00004,2,P102772,1,151.97,SALE,09-12-2024 18:13:58,S06,20241209
S06/20241209/00004,3,P102801,3,108.87,SALE,09-12-2024 18:13:58,S06,20241209
S06/20241209/00004,4,P105959,1,472.82,SALE,09-12-2024 18:13:58,S06,20241209
S06/20241209/00004,5,P102975,1,234.92,SALE,09-12-2024 18:13:58,S06,20241209
S06/20241209/00004,6,DISC,1,-163.90,DISCOUNT,09-12-2024 18:13:58,S06,20241209
S06/20241209/00004,7,TAX,1,185.31,TAX,09-12-2024 18:13:58,S06,20241209
S06/20241209/00004,8,TENDER,1,3772.73,TENDER,09-12-2024 18:13:58,S06,20241209
S06/20241209/00005,1,P101327,3,233.22,SALE,09-12-2024 15:28:02,S06,20241209
S06/20241209/00005,2,P105483,3,160.65,SALE,09-12-2024 15:28:02,S06,20241209
S06/20241209/00005,3,P100049,1,68.93,SALE,09-12-2024 15:28:02,S06,20241209
S06/20241209/00005,4,P107822,5,69.77,SALE,09-12-2024 15:28:02,S06,20241209
S06/20241209/00005,5,TAX,1,287.89,TAX,09-12-2024 15:28:02,S06,20241209
S06/20241209/00005,6,TENDER,1,1887.28,TENDER,09-12-2024 15:28:02,S06,20241209
S06/20241209/00006,1,P107149,1,145.83,SALE,09-12-2024 16:33:04,S06,20241209
S06/20241209/00006,2,P103465,1,32.05,SALE,09-12-2024 16:33:04,S06,20241209
S06/20241209/00006,3,P103214,1,283.38,SALE,09-12-2024 16:33:04,S06,20241209
S06/20241209/00006,4,P101940,2,201.44,SALE,09-12-2024 16:33:04,S06,20241209
S06/20241209/00006,5,P105838,1,594.50,SALE,09-12-2024 16:33:04,S06,20241209
S06/20241209/00006,6,P102272,3,389.34,SALE,09-12-2024 16:33:04,S06,20241209
S06/20241209/00006,7,TAX,1,234.70,TAX,09-12-2024 16:33:04,S06,20241209
S06/20241209/00006,8,TENDER,1,2861.36,TENDER,09-12-2024 16:33:04,S06,20241209
S06/20241209/00007,1,P102788,2,920.26,SALE,09-12-2024 15:33:17,S06,20241209
S06/20241209/00007,2,P100260,2,1120.33,SALE,09-12-2024 15:33:17,S06,20241209
S06/20241209/00007,3,P104410,3,541.11,SALE,09-12-2024 15:33:17,S06,20241209
S06/20241209/00007,4,P103871,1,220.55,SALE,09-12-2024 15:33:17,S06,20241209
S06/20241209/00007,5,P103559,3,370.21,SALE,09-12-2024 15:33:17,S06,20241209
S06/20241209/00007,6,P107880,2,347.04,SALE,09-12-2024 15:33:17,S06,20241209
S06/20241209/00007,7,P102772,2,151.97,SALE,09-12-2024 15:33:17,S06,20241209
S06/20241209/00007,8,TAX,1,500.69,TAX,09-12-2024 15:33:17,S06,20241209
S06/20241209/00007,9,TENDER,1,8534.40,TENDER,09-12-2024 15:33:17,S06,20241209
S06/20241209/00008,1,P103062,2,173.63,SALE,09-12-2024 20:38:12,S06,20241209
S06/20241209/00008,2,P100985,4,327.15,SALE,09-12-2024 20:38:12,S06,20241209
S06/20241209/00008,3,P105775,2,104.41,SALE,09-12-2024 20:38:12,S06,20241209
S06/20241209/00008,4,P101789,4,391.48,SALE,09-12-2024 20:38:12,S06,20241209
S06/20241209/00008,5,P105656,2,516.52,SALE,09-12-2024 20:38:12,S06,20241209
S06/20241209/00008,6,DISC,1,-275.73,DISCOUNT,09-12-2024 20:38:12,S06,20241209
S06/20241209/00008,7,TAX,1,310.75,TAX,09-12-2024 20:38:12,S06,20241209
S06/20241209/00008,8,TENDER,1,4498.66,TENDER,09-12-2024 20:38:12,S06,20241209
S06/20241209/00009,1,P101134,1,986.02,SALE,09-12-2024 18:28:48,S06,20241209
S06/20241209/00009,2,P101894,1,668.48,SALE,09-12-2024 18:28:48,S06,20241209
S06/20241209/00009,3,P104294,2,115.73,SALE,09-12-2024 18:28:48,S06,20241209
S06/20241209/00009,4,P103319,4,356.46,SALE,09-12-2024 18:28:48,S06,20241209
S06/20241209/00009,5,TAX,1,179.28,TAX,09-12-2024 18:28:48,S06,20241209
S06/20241209/00009,6,TENDER,1,3491.08,TENDER,09-12-2024 18:28:48,S06,20241209
S06/20241209/00010,1,P101142,2,102.04,SALE,09-12-2024 15:38:05,S06,20241209
S06/20241209/00010,2,P105092,6,57.00,SALE,09-12-2024 15:38:05,S06,20241209
S06/20241209/00010,3,P107654,2,409.57,SALE,09-12-2024 15:38:05,S06,20241209
S06/20241209/00010,4,TAX,1,184.35,TAX,09-12-2024 15:38:05,S06,20241209
S06/20241209/00010,5,TENDER,1,1549.57,TENDER,09-12-2024 15:38:05,S06,20241209
S06/20241209/00011,1,P106357,1,1078.45,SALE,09-12-2024 20:31:45,S06,20241209
S06/20241209/00011,2,P107018,1,187.58,SALE,09-12-2024 20:31:45,S06,20241209
S06/20241209/00011,3,P101974,1,302.00,SALE,09-12-2024 20:31:45,S06,20241209
S06/20241209/00011,4,P101421,2,119.60,SALE,09-12-2024 20:31:45,S06,20241209
S06/20241209/00011,5,P105698,1,194.14,SALE,09-12-2024 20:31:45,S06,20241209
S06/20241209/00011,6,TAX,1,271.15,TAX,09-12-2024 20:31:45,S06,20241209
S06/20241209/00011,7,TENDER,1,2272.52,TENDER,09-12-2024 20:31:45,S06,20241209
S06/20241209/00012,1,P104011,2,657.72,SALE,09-12-2024 18:46:50,S06,20241209
S06/20241209/00012,2,P108335,2,187.61,SALE,09-12-2024 18:46:50,S06,20241209
S06/20241209/00012,3,P104517,3,1474.90,SALE,09-12-2024 18:46:50,S06,20241209
S06/20241209/00012,4,P107920,1,109.22,SALE,09-12-2024 18:46:50,S06,20241209
S06/20241209/00012,5,TAX,1,85.43,TAX,09-12-2024 18:46:50,S06,20241209
S06/20241209/00012,6,TENDER,1,6310.01,TENDER,09-12-2024 18:46:50,S06,20241209
S06/20241209/00013,1,P104251,3,79.68,SALE,09-12-2024 16:26:05,S06,20241209
S06/20241209/00013,2,P106942,1,206.70,SALE,09-12-2024 16:26:05,S06,20241209
S06/20241209/00013,3,P102142,1,93.89,SALE,09-12-2024 16:26:05,S06,20241209
S06/20241209/00013,4,P106528,2,832.82,SALE,09-12-2024 16:26:05,S06,20241209
S06/20241209/00013,5,P106720,3,126.28,SALE,09-12-2024 16:26:05,S06,20241209
S06/20241209/00013,6,TAX,1,326.12,TAX,09-12-2024 16:26:05,S06,20241209
S06/20241209/00013,7,TENDER,1,2910.23,TENDER,09-12-2024 16:26:05,S06,20241209
S06/20241209/00014,1,P106067,1,444.09,SALE,09-12-2024 13:39:13,S06,20241209
S06/20241209/00014,2,P105643,2,1294.23,SALE,09-12-2024 13:39:13,S06,20241209
S06/20241209/00014,3,P106254,2,1282.79,SALE,09-12-2024 13:39:13,S06,20241209
S06/20241209/00014,4,P102566,2,414.37,SALE,09-12-2024 13:39:13,S06,20241209
S06/20241209/00014,5,TAX,1,63.64,TAX,09-12-2024 13:39:13,S06,20241209
S06/20241209/00014,6,TENDER,1,6490.51,TENDER,09-12-2024 13:39:13,S06,20241209
S06/20241209/00015,1,P106648,1,339.01,SALE,09-12-2024 15:28:34,S06,20241209
S06/20241209/00015,2,P107843,1,486.47,SALE,09-12-2024 15:28:34,S06,20241209
S06/20241209/00015,3,P105145,3,763.65,SALE,09-12-2024 15:28:34,S06,20241209
S06/20241209/00015,4,TAX,1,104.52,TAX,09-12-2024 15:28:34,S06,20241209
S06/20241209/00015,5,TENDER,1,3220.95,TENDER,09-12-2024 15:28:34,S06,20241209
S06/20241209/00016,1,P101018,1,141.83,SALE,09-12-2024 20:26:45,S06,20241209
S06/20241209/00016,2,P106720,2,126.28,SALE,09-12-2024 20:26:45,S06,20241209
S06/20241209/00016,3,P102648,4,389.80,SALE,09-12-2024 20:26:45,S06,20241209
S06/20241209/00016,4,DISC,1,-216.78,DISCOUNT,09-12-2024 20:26:45,S06,20241209
S06/20241209/00016,5,TAX,1,289.93,TAX,09-12-2024 20:26:45,S06,20241209
S06/20241209/00016,6,TENDER,1,2026.74,TENDER,09-12-2024 20:26:45,S06,20241209
S06/20241209/00017,1,P105497,2,70.98,SALE,09-12-2024 15:48:56,S06,20241209
S06/20241209/00017,2,P101122,3,69.38,SALE,09-12-2024 15:48:56,S06,20241209
S06/20241209/00017,3,P108282,3,472.97,SALE,09-12-2024 15:48:56,S06,20241209
S06/20241209/00017,4,P107996,2,224.54,SALE,09-12-2024 15:48:56,S06,20241209
S06/20241209/00017,5,DISC,1,-211.98,DISCOUNT,09-12-2024 15:48:56,S06,20241209
S06/20241209/00017,6,TAX,1,133.77,TAX,09-12-2024 15:48:56,S06,20241209
S06/20241209/00017,7,TENDER,1,2139.88,TENDER,09-12-2024 15:48:56,S06,20241209
S06/20241209/00018,1,P105997,3,124.60,SALE,09-12-2024 23:19:55,S06,20241209
S06/20241209/00018,2,P105784,3,116.81,SALE,09-12-2024 23:19:55,S06,20241209
S06/20241209/00018,3,P101106,2,543.49,SALE,09-12-2024 23:19:55,S06,20241209
S06/20241209/00018,4,P106228,5,44.54,SALE,09-12-2024 23:19:55,S06,20241209
S06/20241209/00018,5,TAX,1,113.13,TAX,09-12-2024 23:19:55,S06,20241209
S06/20241209/00018,6,TENDER,1,2147.04,TENDER,09-12-2024 23:19:55,S06,20241209
S06/20241209/00019,1,P101851,1,1750.29,SALE,09-12-2024 13:47:36,S06,20241209
S06/20241209/00019,2,P104774,1,81.81,SALE,09-12-2024 13:47:36,S06,20241209
S06/20241209/00019,3,P103757,1,159.40,SALE,09-12-2024 13:47:36,S06,20241209
S06/20241209/00019,4,TAX,1,12.06,TAX,09-12-2024 13:47:36,S06,20241209
S06/20241209/00019,5,TENDER,1,2003.56,TENDER,09-12-2024 13:47:36,S06,20241209
S06/20241209/00020,1,P104975,2,568.03,SALE,09-12-2024 20:45:55,S06,20241209
S06/20241209/00020,2,P105971,3,1150.46,SALE,09-12-2024 20:45:55,S06,20241209
S06/20241209/00020,3,P107381,3,195.99,SALE,09-12-2024 20:45:55,S06,20241209
S06/20241209/00020,4,TAX,1,243.13,TAX,09-12-2024 20:45:55,S06,20241209
S06/20241209/00020,5,TENDER,1,5418.54,TENDER,09-12-2024 20:45:55,S06,20241209
S06/20241209/00021,1,P106357,1,1078.45,SALE,09-12-2024 14:59:51,S06,20241209
S06/20241209/00021,2,P101751,1,477.38,SALE,09-12-2024 14:59:51,S06,20241209
S06/20241209/00021,3,P104149,1,88.07,SALE,09-12-2024 14:59:51,S06,20241209
S06/20241209/00021,4,P101201,1,48.42,SALE,09-12-2024 14:59:51,S06,20241209
S06/20241209/00021,5,P108275,3,504.53,SALE,09-12-2024 14:59:51,S06,20241209
S06/20241209/00021,6,P102255,3,167.76,SALE,09-12-2024 14:59:51,S06,20241209
S06/20241209/00021,7,DISC,1,-81.38,DISCOUNT,09-12-2024 14:59:51,S06,20241209
S06/20241209/00021,8,TAX,1,483.76,TAX,09-12-2024 14:59:51,S06,20241209
S06/20241209/00021,9,TENDER,1,4111.57,TENDER,09-12-2024 14:59:51,S06,20241209
S06/20241209/00022,1,P106686,2,324.48,SALE,09-12-2024 11:16:54,S06,20241209
S06/20241209/00022,2,P101367,2,512.46,SALE,09-12-2024 11:16:54,S06,20241209
S06/20241209/00022,3,TAX,1,216.93,TAX,09-12-2024 11:16:54,S06,20241209
S06/20241209/00022,4,TENDER,1,1890.81,TENDER,09-12-2024 11:16:54,S06,20241209
S06/20241209/00023,1,P102626,1,416.91,SALE,09-12-2024 20:49:47,S06,20241209
S06/20241209/00023,2,TAX,1,50.03,TAX,09-12-2024 20:49:47,S06,20241209
S06/20241209/00023,3,TENDER,1,466.94,TENDER,09-12-2024 20:49:47,S06,20241209
S06/20241209/00024,1,P100582,2,170.67,SALE,09-12-2024 14:10:32,S06,20241209
S06/20241209/00024,2,P104081,1,652.80,SALE,09-12-2024 14:10:32,S06,20241209
S06/20241209/00024,3,P104842,3,352.80,SALE,09-12-2024 14:10:32,S06,20241209
S06/20241209/00024,4,TAX,1,188.45,TAX,09-12-2024 14:10:32,S06,20241209
S06/20241209/00024,5,TENDER,1,2240.99,TENDER,09-12-2024 14:10:32,S06,20241209
S06/20241209/00025,1,P106563,2,469.90,SALE,09-12-2024 18:03:27,S06,20241209
S06/20241209/00025,2,P105302,5,281.37,SALE,09-12-2024 18:03:27,S06,20241209
S06/20241209/00025,3,TAX,1,183.12,TAX,09-12-2024 18:03:27,S06,20241209
S06/20241209/00025,4,TENDER,1,2529.77,TENDER,09-12-2024 18:03:27,S06,20241209
S06/20241209/00026,1,P106093,1,315.93,SALE,09-12-2024 16:06:05,S06,20241209
S06/20241209/00026,2,P103413,2,1352.06,SALE,09-12-2024 16:06:05,S06,20241209
S06/20241209/00026,3,P107630,2,309.72,SALE,09-12-2024 16:06:05,S06,20241209
S06/20241209/00026,4,P101681,1,139.09,SALE,09-12-2024 16:06:05,S06,20241209
S06/20241209/00026,5,P105236,1,552.60,SALE,09-12-2024 16:06:05,S06,20241209
S06/20241209/00026,6,P108174,2,235.92,SALE,09-12-2024 16:06:05,S06,20241209
S06/20241209/00026,7,P102471,2,151.71,SALE,09-12-2024 16:06:05,S06,20241209
S06/20241209/00026,8,P106602,1,122.17,SALE,09-12-2024 16:06:05,S06,20241209
S06/20241209/00026,9,TAX,1,451.94,TAX,09-12-2024 16:06:05,S06,20241209
S06/20241209/00026,10,TENDER,1,5680.55,TENDER,09-12-2024 16:06:05,S06,20241209
S06/20241209/00027,1,P105570,4,345.21,SALE,09-12-2024 19:59:27,S06,20241209
S06/20241209/00027,2,P107925,2,992.11,SALE,09-12-2024 19:59:27,S06,20241209
S06/20241209/00027,3,P102975,1,234.92,SALE,09-12-2024 19:59:27,S06,20241209
S06/20241209/00027,4,P105890,2,1196.88,SALE,09-12-2024 19:59:27,S06,20241209
S06/20241209/00027,5,TAX,1,330.23,TAX,09-12-2024 19:59:27,S06,20241209
S06/20241209/00027,6,TENDER,1,6323.97,TENDER,09-12-2024 19:59:27,S06,20241209
S06/20241209/00028,1,P106773,2,397.71,SALE,09-12-2024 10:08:58,S06,20241209
S06/20241209/00028,2,P105230,4,123.72,SALE,09-12-2024 10:08:58,S06,20241209
S06/20241209/00028,3,P102581,2,185.56,SALE,09-12-2024 10:08:58,S06,20241209
S06/20241209/00028,4,P104361,2,1519.18,SALE,09-12-2024 10:08:58,S06,20241209
S06/20241209/00028,5,P104715,1,162.67,SALE,09-12-2024 10:08:58,S06,20241209
S06/20241209/00028,6,P100406,2,435.20,SALE,09-12-2024 10:08:58,S06,20241209
S06/20241209/00028,7,P105570,3,345.21,SALE,09-12-2024 10:08:58,S06,20241209
S06/20241209/00028,8,TAX,1,710.30,TAX,09-12-2024 10:08:58,S06,20241209
S06/20241209/00028,9,TENDER,1,7478.78,TENDER,09-12-2024 10:08:58,S06,20241209
S06/20241209/00029,1,P100233,1,67.07,SALE,09-12-2024 12:39:15,S06,20241209
S06/20241209/00029,2,P104121,1,131.32,SALE,09-12-2024 12:39:15,S06,20241209
S06/20241209/00029,3,P102738,2,236.55,SALE,09-12-2024 12:39:15,S06,20241209
S06/20241209/00029,4,TAX,1,83.76,TAX,09-12-2024 12:39:15,S06,20241209
S06/20241209/00029,5,TENDER,1,755.25,TENDER,09-12-2024 12:39:15,S06,20241209
S06/20241209/00030,1,P102954,2,129.98,SALE,09-12-2024 21:24:01,S06,20241209
S06/20241209/00030,2,P107822,1,69.77,SALE,09-12-2024 21:24:01,S06,20241209
S06/20241209/00030,3,P102520,1,731.86,SALE,09-12-2024 21:24:01,S06,20241209
S06/20241209/00030,4,P101374,2,55.98,SALE,09-12-2024 21:24:01,S06,20241209
S06/20241209/00030,5,P101982,1,428.91,SALE,09-12-2024 21:24:01,S06,20241209
S06/20241209/00030,6,TAX,1,177.70,TAX,09-12-2024 21:24:01,S06,20241209
S06/20241209/00030,7,TENDER,1,1780.16,TENDER,09-12-2024 21:24:01,S06,20241209
S06/20241209/00031,1,P101940,2,201.44,SALE,09-12-2024 21:14:00,S06,20241209
S06/20241209/00031,2,P103188,2,30.16,SALE,09-12-2024 21:14:00,S06,20241209
S06/20241209/00031,3,P103712,2,481.86,SALE,09-12-2024 21:14:00,S06,20241209
S06/20241209/00031,4,P107597,3,562.77,SALE,09-12-2024 21:14:00,S06,20241209
S06/20241209/00031,5,P102060,2,165.83,SALE,09-12-2024 21:14:00,S06,20241209
S06/20241209/00031,6,P100595,3,404.82,SALE,09-12-2024 21:14:00,S06,20241209
S06/20241209/00031,7,TAX,1,405.00,TAX,09-12-2024 21:14:00,S06,20241209
S06/20241209/00031,8,TENDER,1,5066.35,TENDER,09-12-2024 21:14:00,S06,20241209
S06/20241209/00032,1,P103530,2,427.69,SALE,09-12-2024 12:17:04,S06,20241209
S06/20241209/00032,2,P107063,1,387.93,SALE,09-12-2024 12:17:04,S06,20241209
S06/20241209/00032,3,P106584,2,247.63,SALE,09-12-2024 12:17:04,S06,20241209
S06/20241209/00032,4,TAX,1,200.52,TAX,09-12-2024 12:17:04,S06,20241209
S06/20241209/00032,5,TENDER,1,1939.09,TENDER,09-12-2024 12:17:04,S06,20241209
S06/20241209/00033,1,P105294,1,143.55,SALE,09-12-2024 15:21:27,S06,20241209
S06/20241209/00033,2,P107056,1,341.76,SALE,09-12-2024 15:21:27,S06,20241209
S06/20241209/00033,3,P105069,1,168.30,SALE,09-12-2024 15:21:27,S06,20241209
S06/20241209/00033,4,P103600,3,107.84,SALE,09-12-2024 15:21:27,S06,20241209
S06/20241209/00033,5,DISC,1,-82.65,DISCOUNT,09-12-2024 15:21:27,S06,20241209
S06/20241209/00033,6,TAX,1,122.51,TAX,09-12-2024 15:21:27,S06,20241209
S06/20241209/00033,7,TENDER,1,1016.99,TENDER,09-12-2024 15:21:27,S06,20241209
S06/20241209/00034,1,P107621,2,119.64,SALE,09-12-2024 13:43:49,S06,20241209
S06/20241209/00034,2,P107508,3,1577.69,SALE,09-12-2024 13:43:49,S06,20241209
S06/20241209/00034,3,TAX,1,567.97,TAX,09-12-2024 13:43:49,S06,20241209
S06/20241209/00034,4,TENDER,1,5540.32,TENDER,09-12-2024 13:43:49,S06,20241209
S06/20241209/00035,1,P105356,2,232.26,SALE,09-12-2024 14:31:53,S06,20241209
S06/20241209/00035,2,P103105,3,34.12,SALE,09-12-2024 14:31:53,S06,20241209
S06/20241209/00035,3,P101599,4,417.76,SALE,09-12-2024 14:31:53,S06,20241209
S06/20241209/00035,4,P102626,2,416.91,SALE,09-12-2024 14:31:53,S06,20241209
S06/20241209/00035,5,P102321,3,35.15,SALE,09-12-2024 14:31:53,S06,20241209
S06/20241209/00035,6,TAX,1,455.15,TAX,09-12-2024 14:31:53,S06,20241209
S06/20241209/00035,7,TENDER,1,3632.34,TENDER,09-12-2024 14:31:53,S06,20241209
S06/20241209/00036,1,P102585,1,516.36,SALE,09-12-2024 18:34:07,S06,20241209
S06/20241209/00036,2,P107053,1,457.07,SALE,09-12-2024 18:34:07,S06,20241209
S06/20241209/00036,3,P100326,3,47.79,SALE,09-12-2024 18:34:07,S06,20241209
S06/20241209/00036,4,TAX,1,74.48,TAX,09-12-2024 18:34:07,S06,20241209
S06/20241209/00036,5,TENDER,1,1191.28,TENDER,09-12-2024 18:34:07,S06,20241209
S06/20241209/00037,1,P100850,2,172.84,SALE,09-12-2024 15:18:20,S06,20241209
S06/20241209/00037,2,P107158,3,147.89,SALE,09-12-2024 15:18:20,S06,20241209
S06/20241209/00037,3,P100319,1,54.97,SALE,09-12-2024 15:18:20,S06,20241209
S06/20241209/00037,4,P100035,1,1810.38,SALE,09-12-2024 15:18:20,S06,20241209
S06/20241209/00037,5,TAX,1,341.34,TAX,09-12-2024 15:18:20,S06,20241209
S06/20241209/00037,6,TENDER,1,2996.04,TENDER,09-12-2024 15:18:20,S06,20241209
S06/20241209/00038,1,P106669,2,102.72,SALE,09-12-2024 15:03:52,S06,20241209
S06/20241209/00038,2,P104389,3,169.98,SALE,09-12-2024 15:03:52,S06,20241209
S06/20241209/00038,3,P102321,3,35.15,SALE,09-12-2024 15:03:52,S06,20241209
S06/20241209/00038,4,TAX,1,114.72,TAX,09-12-2024 15:03:52,S06,20241209
S06/20241209/00038,5,TENDER,1,935.55,TENDER,09-12-2024 15:03:52,S06,20241209
S06/20241209/00039,1,P107472,1,64.61,SALE,09-12-2024 11:20:40,S06,20241209
S06/20241209/00039,2,P101813,2,273.64,SALE,09-12-2024 11:20:40,S06,20241209
S06/20241209/00039,3,P105453,2,465.18,SALE,09-12-2024 11:20:40,S06,20241209
S06/20241209/00039,4,P104541,2,149.08,SALE,09-12-2024 11:20:40,S06,20241209
S06/20241209/00039,5,P101796,2,990.67,SALE,09-12-2024 11:20:40,S06,20241209
S06/20241209/00039,6,P101732,2,1390.76,SALE,09-12-2024 11:20:40,S06,20241209
S06/20241209/00039,7,P104123,1,432.72,SALE,09-12-2024 11:20:40,S06,20241209
S06/20241209/00039,8,P105511,1,310.12,SALE,09-12-2024 11:20:40,S06,20241209
S06/20241209/00039,9,TAX,1,726.20,TAX,09-12-2024 11:20:40,S06,20241209
S06/20241209/00039,10,TENDER,1,8072.31,TENDER,09-12-2024 11:20:40,S06,20241209
S06/20241209/00040,1,P107028,-2,56.60,RETURN,09-12-2024 15:01:10,S06,20241209
S06/20241209/00040,2,P102096,-2,982.72,RETURN,09-12-2024 15:01:10,S06,20241209
S06/20241209/00040,3,P102566,-2,414.37,RETURN,09-12-2024 15:01:10,S06,20241209
S06/20241209/00040,4,P105075,-2,49.58,RETURN,09-12-2024 15:01:10,S06,20241209
S06/20241209/00040,5,P104404,-1,890.27,RETURN,09-12-2024 15:01:10,S06,20241209
S06/20241209/00040,6,TAX,1,-422.35,TAX,09-12-2024 15:01:10,S06,20241209
S06/20241209/00040,7,TENDER,1,-4319.16,TENDER,09-12-2024 15:01:10,S06,20241209
S06/20241209/00041,1,P105729,1,75.27,SALE,09-12-2024 15:15:19,S06,20241209
S06/20241209/00041,2,P103946,2,338.64,SALE,09-12-2024 15:15:19,S06,20241209
S06/20241209/00041,3,P103283,1,166.64,SALE,09-12-2024 15:15:19,S06,20241209
S06/20241209/00041,4,P107654,1,409.57,SALE,09-12-2024 15:15:19,S06,20241209
S06/20241209/00041,5,TAX,1,71.03,TAX,09-12-2024 15:15:19,S06,20241209
S06/20241209/00041,6,TENDER,1,1399.79,TENDER,09-12-2024 15:15:19,S06,20241209
S06/20241209/00042,1,P102534,1,98.12,SALE,09-12-2024 16:26:02,S06,20241209
S06/20241209/00042,2,P103871,2,220.55,SALE,09-12-2024 16:26:02,S06,20241209
S06/20241209/00042,3,P100911,3,67.40,SALE,09-12-2024 16:26:02,S06,20241209
S06/20241209/00042,4,P104302,4,1255.97,SALE,09-12-2024 16:26:02,S06,20241209
S06/20241209/00042,5,P106158,3,507.58,SALE,09-12-2024 16:26:02,S06,20241209
S06/20241209/00042,6,P100339,2,299.99,SALE,09-12-2024 16:26:02,S06,20241209
S06/20241209/00042,7,TAX,1,836.83,TAX,09-12-2024 16:26:02,S06,20241209
S06/20241209/00042,8,TENDER,1,8724.85,TENDER,09-12-2024 16:26:02,S06,20241209
S06/20241209/00043,1,P106067,1,444.09,SALE,09-12-2024 15:54:40,S06,20241209
S06/20241209/00043,2,P105176,1,509.66,SALE,09-12-2024 15:54:40,S06,20241209
S06/20241209/00043,3,P100203,5,272.10,SALE,09-12-2024 15:54:40,S06,20241209
S06/20241209/00043,4,P103886,2,312.24,SALE,09-12-2024 15:54:40,S06,20241209
S06/20241209/00043,5,P107508,2,1577.69,SALE,09-12-2024 15:54:40,S06,20241209
S06/20241209/00043,6,DISC,1,-641.55,DISCOUNT,09-12-2024 15:54:40,S06,20241209
S06/20241209/00043,7,TAX,1,501.60,TAX,09-12-2024 15:54:40,S06,20241209
S06/20241209/00043,8,TENDER,1,5954.16,TENDER,09-12-2024 15:54:40,S06,20241209
S06/20241209/00044,1,P105882,2,222.02,SALE,09-12-2024 12:50:33,S06,20241209
S06/20241209/00044,2,P103749,1,17.91,SALE,09-12-2024 12:50:33,S06,20241209
S06/20241209/00044,3,P104733,3,669.60,SALE,09-12-2024 12:50:33,S06,20241209
S06/20241209/00044,4,P102060,1,165.83,SALE,09-12-2024 12:50:33,S06,20241209
S06/20241209/00044,5,TAX,1,444.74,TAX,09-12-2024 12:50:33,S06,20241209
S06/20241209/00044,6,TENDER,1,3081.32,TENDER,09-12-2024 12:50:33,S06,20241209
S06/20241209/00045,1,P101393,1,36.64,SALE,09-12-2024 16:53:27,S06,20241209
S06/20241209/00045,2,P106174,2,229.89,SALE,09-12-2024 16:53:27,S06,20241209
S06/20241209/00045,3,P104695,1,80.54,SALE,09-12-2024 16:53:27,S06,20241209
S06/20241209/00045,4,P100198,1,162.72,SALE,09-12-2024 16:53:27,S06,20241209
S06/20241209/00045,5,P105603,2,202.29,SALE,09-12-2024 16:53:27,S06,20241209
S06/20241209/00045,6,P103908,1,104.62,SALE,09-12-2024 16:53:27,S06,20241209
S06/20241209/00045,7,P102248,3,22.39,SALE,09-12-2024 16:53:27,S06,20241209
S06/20241209/00045,8,P103111,4,40.41,SALE,09-12-2024 16:53:27,S06,20241209
S06/20241209/00045,9,TAX,1,107.46,TAX,09-12-2024 16:53:27,S06,20241209
S06/20241209/00045,10,TENDER,1,1585.15,TENDER,09-12-2024 16:53:27,S06,20241209
S06/20241209/00046,1,P100911,4,67.40,SALE,09-12-2024 19:50:08,S06,20241209
S06/20241209/00046,2,P101470,2,196.94,SALE,09-12-2024 19:50:08,S06,20241209
S06/20241209/00046,3,P106191,3,1230.97,SALE,09-12-2024 19:50:08,S06,20241209
S06/20241209/00046,4,P102755,1,75.17,SALE,09-12-2024 19:50:08,S06,20241209
S06/20241209/00046,5,P105740,1,103.24,SALE,09-12-2024 19:50:08,S06,20241209
S06/20241209/00046,6,P101311,1,529.91,SALE,09-12-2024 19:50:08,S06,20241209
S06/20241209/00046,7,TAX,1,62.32,TAX,09-12-2024 19:50:08,S06,20241209
S06/20241209/00046,8,TENDER,1,5127.03,TENDER,09-12-2024 19:50:08,S06,20241209
S06/20241209/00047,1,P108206,2,81.62,SALE,09-12-2024 14:03:04,S06,20241209
S06/20241209/00047,2,P100319,3,54.97,SALE,09-12-2024 14:03:04,S06,20241209
S06/20241209/00047,3,P104891,1,757.22,SALE,09-12-2024 14:03:04,S06,20241209
S06/20241209/00047,4,P100418,2,213.97,SALE,09-12-2024 14:03:04,S06,20241209
S06/20241209/00047,5,TAX,1,99.11,TAX,09-12-2024 14:03:04,S06,20241209
S06/20241209/00047,6,TENDER,1,1612.42,TENDER,09-12-2024 14:03:04,S06,20241209
S06/20241210/00001,1,P108135,2,618.88,SALE,10-12-2024 14:13:47,S06,20241210
S06/20241210/00001,2,P103406,4,1248.48,SALE,10-12-2024 14:13:47,S06,20241210
S06/20241210/00001,3,P103354,4,894.50,SALE,10-12-2024 14:13:47,S06,20241210
S06/20241210/00001,4,TAX,1,599.27,TAX,10-12-2024 14:13:47,S06,20241210
S06/20241210/00001,5,TENDER,1,10408.95,TENDER,10-12-2024 14:13:47,S06,20241210
S06/20241210/00002,1,P106434,2,178.02,SALE,10-12-2024 15:41:31,S06,20241210
S06/20241210/00002,2,P104236,1,274.96,SALE,10-12-2024 15:41:31,S06,20241210
S06/20241210/00002,3,P106310,2,462.03,SALE,10-12-2024 15:41:31,S06,20241210
S06/20241210/00002,4,TAX,1,258.55,TAX,10-12-2024 15:41:31,S06,20241210
S06/20241210/00002,5,TENDER,1,1813.61,TENDER,10-12-2024 15:41:31,S06,20241210
S06/20241210/00003,1,P101489,4,555.59,SALE,10-12-2024 18:24:33,S06,20241210
S06/20241210/00003,2,P100819,3,1109.59,SALE,10-12-2024 18:24:33,S06,20241210
S06/20241210/00003,3,P102335,2,94.24,SALE,10-12-2024 18:24:33,S06,20241210
S06/20241210/00003,4,P100260,4,1120.33,SALE,10-12-2024 18:24:33,S06,20241210
S06/20241210/00003,5,TAX,1,33.93,TAX,10-12-2024 18:24:33,S06,20241210
S06/20241210/00003,6,TENDER,1,10254.86,TENDER,10-12-2024 18:24:33,S06,20241210
S06/20241210/00004,1,P100693,1,107.22,SALE,10-12-2024 14:50:06,S06,20241210
S06/20241210/00004,2,P107759,1,257.69,SALE,10-12-2024 14:50:06,S06,20241210
S06/20241210/00004,3,P106080,5,361.06,SALE,10-12-2024 14:50:06,S06,20241210
S06/20241210/00004,4,P100904,3,68.79,SALE,10-12-2024 14:50:06,S06,20241210
S06/20241210/00004,5,P103054,2,145.96,SALE,10-12-2024 14:50:06,S06,20241210
S06/20241210/00004,6,P104042,2,365.03,SALE,10-12-2024 14:50:06,S06,20241210
S06/20241210/00004,7,TAX,1,360.69,TAX,10-12-2024 14:50:06,S06,20241210
S06/20241210/00004,8,TENDER,1,3759.25,TENDER,10-12-2024 14:50:06,S06,20241210
S06/20241210/00005,1,P105009,-2,65.38,RETURN,10-12-2024 15:42:57,S06,20241210
S06/20241210/00005,2,P107495,-4,448.19,RETURN,10-12-2024 15:42:57,S06,20241210
S06/20241210/00005,3,P100658,-3,50.53,RETURN,10-12-2024 15:42:57,S06,20241210
S06/20241210/00005,4,P101839,-2,442.92,RETURN,10-12-2024 15:42:57,S06,20241210
S06/20241210/00005,5,P106534,-1,96.00,RETURN,10-12-2024 15:42:57,S06,20241210
S06/20241210/00005,6,TAX,1,-362.25,TAX,10-12-2024 15:42:57,S06,20241210
S06/20241210/00005,7,TENDER,1,-3419.20,TENDER,10-12-2024 15:42:57,S06,20241210
S06/20241210/00006,1,P100131,1,707.90,SALE,10-12-2024 13:33:39,S06,20241210
S06/20241210/00006,2,P100827,1,1218.17,SALE,10-12-2024 13:33:39,S06,20241210
S06/20241210/00006,3,P106093,3,315.93,SALE,10-12-2024 13:33:39,S06,20241210
S06/20241210/00006,4,P105997,1,124.60,SALE,10-12-2024 13:33:39,S06,20241210
S06/20241210/00006,5,TAX,1,204.91,TAX,10-12-2024 13:33:39,S06,20241210
S06/20241210/00006,6,TENDER,1,3203.37,TENDER,10-12-2024 13:33:39,S06,20241210
S06/20241210/00007,1,P103999,2,120.61,SALE,10-12-2024 09:28:25,S06,20241210
S06/20241210/00007,2,P101974,1,302.00,SALE,10-12-2024 09:28:25,S06,20241210
S06/20241210/00007,3,P100536,2,471.52,SALE,10-12-2024 09:28:25,S06,20241210
S06/20241210/00007,4,P103712,3,481.86,SALE,10-12-2024 09:28:25,S06,20241210
S06/20241210/00007,5,P106823,3,148.11,SALE,10-12-2024 09:28:25,S06,20241210
S06/20241210/00007,6,TAX,1,462.96,TAX,10-12-2024 09:28:25,S06,20241210
S06/20241210/00007,7,TENDER,1,3839.13,TENDER,10-12-2024 09:28:25,S06,20241210
S06/20241210/00008,1,P107759,2,257.69,SALE,10-12-2024 19:51:25,S06,20241210
S06/20241210/00008,2,P107301,1,945.94,SALE,10-12-2024 19:51:25,S06,20241210
S06/20241210/00008,3,P103111,1,40.41,SALE,10-12-2024 19:51:25,S06,20241210
S06/20241210/00008,4,P101592,2,295.58,SALE,10-12-2024 19:51:25,S06,20241210
S06/20241210/00008,5,DISC,1,-54.56,DISCOUNT,10-12-2024 19:51:25,S06,20241210
S06/20241210/00008,6,TAX,1,105.60,TAX,10-12-2024 19:51:25,S06,20241210
S06/20241210/00008,7,TENDER,1,2143.93,TENDER,10-12-2024 19:51:25,S06,20241210
S06/20241210/00009,1,P104688,2,178.09,SALE,10-12-2024 21:14:11,S06,20241210
S06/20241210/00009,2,P102998,1,158.64,SALE,10-12-2024 21:14:11,S06,20241210
S06/20241210/00009,3,P106920,2,1398.34,SALE,10-12-2024 21:14:11,S06,20241210
S06/20241210/00009,4,TAX,1,46.36,TAX,10-12-2024 21:14:11,S06,20241210
S06/20241210/00009,5,TENDER,1,3357.86,TENDER,10-12-2024 21:14:11,S06,20241210
S06/20241210/00010,1,P102286,1,281.91,SALE,10-12-2024 13:32:57,S06,20241210
S06/20241210/00010,2,P106004,2,137.38,SALE,10-12-2024 13:32:57,S06,20241210
S06/20241210/00010,3,P100911,6,67.40,SALE,10-12-2024 13:32:57,S06,20241210
S06/20241210/00010,4,P102074,2,415.90,SALE,10-12-2024 13:32:57,S06,20241210
S06/20241210/00010,5,P102972,2,227.38,SALE,10-12-2024 13:32:57,S06,20241210
S06/20241210/00010,6,P107385,1,746.44,SALE,10-12-2024 13:32:57,S06,20241210
S06/20241210/00010,7,P106382,2,81.60,SALE,10-12-2024 13:32:57,S06,20241210
S06/20241210/00010,8,P102998,2,158.64,SALE,10-12-2024 13:32:57,S06,20241210
S06/20241210/00010,9,TAX,1,275.30,TAX,10-12-2024 13:32:57,S06,20241210
S06/20241210/00010,10,TENDER,1,3749.85,TENDER,10-12-2024 13:32:57,S06,20241210
S06/20241210/00011,1,P106357,2,1078.45,SALE,10-12-2024 14:16:51,S06,20241210
S06/20241210/00011,2,P103337,1,94.03,SALE,10-12-2024 14:16:51,S06,20241210
S06/20241210/00011,3,P106391,1,795.61,SALE,10-12-2024 14:16:51,S06,20241210
S06/20241210/00011,4,P101864,1,112.21,SALE,10-12-2024 14:16:51,S06,20241210
S06/20241210/00011,5,P108227,2,551.58,SALE,10-12-2024 14:16:51,S06,20241210
S06/20241210/00011,6,TAX,1,323.51,TAX,10-12-2024 14:16:51,S06,20241210
S06/20241210/00011,7,TENDER,1,4585.42,TENDER,10-12-2024 14:16:51,S06,20241210
S06/20241210/00012,1,P106528,2,832.82,SALE,10-12-2024 14:29:03,S06,20241210
S06/20241210/00012,2,P105230,1,123.72,SALE,10-12-2024 14:29:03,S06,20241210
S06/20241210/00012,3,P101062,2,49.76,SALE,10-12-2024 14:29:03,S06,20241210
S06/20241210/00012,4,TAX,1,219.70,TAX,10-12-2024 14:29:03,S06,20241210
S06/20241210/00012,5,TENDER,1,2108.58,TENDER,10-12-2024 14:29:03,S06,20241210
S06/20241210/00013,1,P102460,1,582.21,SALE,10-12-2024 17:40:53,S06,20241210
S06/20241210/00013,2,P102014,2,261.84,SALE,10-12-2024 17:40:53,S06,20241210
S06/20241210/00013,3,P105747,2,287.56,SALE,10-12-2024 17:40:53,S06,20241210
S06/20241210/00013,4,TAX,1,226.89,TAX,10-12-2024 17:40:53,S06,20241210
S06/20241210/00013,5,TENDER,1,1907.90,TENDER,10-12-2024 17:40:53,S06,20241210
S06/20241210/00014,1,P102656,1,194.33,SALE,10-12-2024 15:14:59,S06,20241210
S06/20241210/00014,2,P106415,1,911.99,SALE,10-12-2024 15:14:59,S06,20241210
S06/20241210/00014,3,P103934,2,284.79,SALE,10-12-2024 15:14:59,S06,20241210
S06/20241210/00014,4,P105280,2,220.35,SALE,10-12-2024 15:14:59,S06,20241210
S06/20241210/00014,5,P105937,2,284.99,SALE,10-12-2024 15:14:59,S06,20241210
S06/20241210/00014,6,DISC,1,-78.45,DISCOUNT,10-12-2024 15:14:59,S06,20241210
S06/20241210/00014,7,TAX,1,336.20,TAX,10-12-2024 15:14:59,S06,20241210
S06/20241210/00014,8,TENDER,1,2944.33,TENDER,10-12-2024 15:14:59,S06,20241210
S06/20241210/00015,1,P102691,1,219.72,SALE,10-12-2024 14:38:08,S06,20241210
S06/20241210/00015,2,TAX,1,10.99,TAX,10-12-2024 14:38:08,S06,20241210
S06/20241210/00015,3,TENDER,1,230.71,TENDER,10-12-2024 14:38:08,S06,20241210
S06/20241210/00016,1,P106399,3,198.14,SALE,10-12-2024 09:31:06,S06,20241210
S06/20241210/00016,2,P108356,3,234.68,SALE,10-12-2024 09:31:06,S06,20241210
S06/20241210/00016,3,TAX,1,114.21,TAX,10-12-2024 09:31:06,S06,20241210
S06/20241210/00016,4,TENDER,1,1412.67,TENDER,10-12-2024 09:31:06,S06,20241210
S06/20241210/00017,1,P101894,4,668.48,SALE,10-12-2024 14:41:32,S06,20241210
S06/20241210/00017,2,P106191,2,1230.97,SALE,10-12-2024 14:41:32,S06,20241210
S06/20241210/00017,3,TAX,1,320.87,TAX,10-12-2024 14:41:32,S06,20241210
S06/20241210/00017,4,TENDER,1,5456.73,TENDER,10-12-2024 14:41:32,S06,20241210
S06/20241210/00018,1,P100044,3,737.05,SALE,10-12-2024 15:11:45,S06,20241210
S06/20241210/00018,2,P106697,2,342.69,SALE,10-12-2024 15:11:45,S06,20241210
S06/20241210/00018,3,P106958,5,125.66,SALE,10-12-2024 15:11:45,S06,20241210
S06/20241210/00018,4,P106123,2,248.44,SALE,10-12-2024 15:11:45,S06,20241210
S06/20241210/00018,5,P102811,4,199.78,SALE,10-12-2024 15:11:45,S06,20241210
S06/20241210/00018,6,TAX,1,500.63,TAX,10-12-2024 15:11:45,S06,20241210
S06/20241210/00018,7,TENDER,1,5321.46,TENDER,10-12-2024 15:11:45,S06,20241210
S06/20241210/00019,1,P102248,2,20.60,SALE,10-12-2024 16:05:32,S06,20241210
S06/20241210/00019,2,P101842,2,227.96,SALE,10-12-2024 16:05:32,S06,20241210
S06/20241210/00019,3,TAX,1,22.80,TAX,10-12-2024 16:05:32,S06,20241210
S06/20241210/00019,4,TENDER,1,519.92,TENDER,10-12-2024 16:05:32,S06,20241210
S06/20241210/00020,1,P106584,2,247.63,SALE,10-12-2024 14:21:24,S06,20241210
S06/20241210/00020,2,P106048,2,310.59,SALE,10-12-2024 14:21:24,S06,20241210
S06/20241210/00020,3,P100693,1,107.22,SALE,10-12-2024 14:21:24,S06,20241210
S06/20241210/00020,4,P101367,2,512.46,SALE,10-12-2024 14:21:24,S06,20241210
S06/20241210/00020,5,P107217,1,293.45,SALE,10-12-2024 14:21:24,S06,20241210
S06/20241210/00020,6,TAX,1,313.54,TAX,10-12-2024 14:21:24,S06,20241210
S06/20241210/00020,7,TENDER,1,2855.57,TENDER,10-12-2024 14:21:24,S06,20241210
S06/20241210/00021,1,P104155,1,144.69,SALE,11-12-2024 00:49:28,S06,20241210
S06/20241210/00021,2,P105901,1,80.48,SALE,11-12-2024 00:49:28,S06,20241210
S06/20241210/00021,3,P102432,3,895.86,SALE,11-12-2024 00:49:28,S06,20241210
S06/20241210/00021,4,P105227,3,292.54,SALE,11-12-2024 00:49:28,S06,20241210
S06/20241210/00021,5,P102598,2,133.17,SALE,11-12-2024 00:49:28,S06,20241210
S06/20241210/00021,6,P100367,2,537.90,SALE,11-12-2024 00:49:28,S06,20241210
S06/20241210/00021,7,TAX,1,631.13,TAX,11-12-2024 00:49:28,S06,20241210
S06/20241210/00021,8,TENDER,1,5763.64,TENDER,11-12-2024 00:49:28,S06,20241210
S06/20241210/00022,1,P102738,3,236.55,SALE,10-12-2024 19:37:04,S06,20241210
S06/20241210/00022,2,P101827,4,155.74,SALE,10-12-2024 19:37:04,S06,20241210
S06/20241210/00022,3,P107393,2,469.90,SALE,10-12-2024 19:37:04,S06,20241210
S06/20241210/00022,4,P102502,5,408.64,SALE,10-12-2024 19:37:04,S06,20241210
S06/20241210/00022,5,TAX,1,596.86,TAX,10-12-2024 19:37:04,S06,20241210
S06/20241210/00022,6,TENDER,1,4912.47,TENDER,10-12-2024 19:37:04,S06,20241210
S06/20241210/00023,1,P106443,3,52.87,SALE,10-12-2024 18:48:21,S06,20241210
S06/20241210/00023,2,P100754,2,91.60,SALE,10-12-2024 18:48:21,S06,20241210
S06/20241210/00023,3,P104121,2,131.32,SALE,10-12-2024 18:48:21,S06,20241210
S06/20241210/00023,4,P102880,4,575.53,SALE,10-12-2024 18:48:21,S06,20241210
S06/20241210/00023,5,P102707,2,425.19,SALE,10-12-2024 18:48:21,S06,20241210
S06/20241210/00023,6,P104372,2,105.38,SALE,10-12-2024 18:48:21,S06,20241210
S06/20241210/00023,7,P107145,3,235.69,SALE,10-12-2024 18:48:21,S06,20241210
S06/20241210/00023,8,DISC,1,-231.40,DISCOUNT,10-12-2024 18:48:21,S06,20241210
S06/20241210/00023,9,TAX,1,358.25,TAX,10-12-2024 18:48:21,S06,20241210
S06/20241210/00023,10,TENDER,1,4801.63,TENDER,10-12-2024 18:48:21,S06,20241210
S06/20241210/00024,1,P105950,2,1356.49,SALE,10-12-2024 21:12:44,S06,20241210
S06/20241210/00024,2,P106143,3,61.74,SALE,10-12-2024 21:12:44,S06,20241210
S06/20241210/00024,3,P107973,1,271.93,SALE,10-12-2024 21:12:44,S06,20241210
S06/20241210/00024,4,P108247,3,252.59,SALE,10-12-2024 21:12:44,S06,20241210
S06/20241210/00024,5,TAX,1,183.33,TAX,10-12-2024 21:12:44,S06,20241210
S06/20241210/00024,6,TENDER,1,4111.23,TENDER,10-12-2024 21:12:44,S06,20241210
S06/20241210/00025,1,P101164,2,401.86,SALE,10-12-2024 19:46:55,S06,20241210
S06/20241210/00025,2,P105997,2,124.60,SALE,10-12-2024 19:46:55,S06,20241210
S06/20241210/00025,3,P107837,2,104.51,SALE,10-12-2024 19:46:55,S06,20241210
S06/20241210/00025,4,P102364,4,104.57,SALE,10-12-2024 19:46:55,S06,20241210
S06/20241210/00025,5,P107775,2,737.39,SALE,10-12-2024 19:46:55,S06,20241210
S06/20241210/00025,6,TAX,1,343.78,TAX,10-12-2024 19:46:55,S06,20241210
S06/20241210/00025,7,TENDER,1,3498.78,TENDER,10-12-2024 19:46:55,S06,20241210
S06/20241210/00026,1,P104462,2,86.38,SALE,10-12-2024 16:00:36,S06,20241210
S06/20241210/00026,2,P104587,1,252.25,SALE,10-12-2024 16:00:36,S06,20241210
S06/20241210/00026,3,P103575,3,54.47,SALE,10-12-2024 16:00:36,S06,20241210
S06/20241210/00026,4,P104802,2,213.28,SALE,10-12-2024 16:00:36,S06,20241210
S06/20241210/00026,5,P105707,3,130.64,SALE,10-12-2024 16:00:36,S06,20241210
S06/20241210/00026,6,P104042,3,365.03,SALE,10-12-2024 16:00:36,S06,20241210
S06/20241210/00026,7,P103319,2,356.46,SALE,10-12-2024 16:00:36,S06,20241210
S06/20241210/00026,8,TAX,1,320.29,TAX,10-12-2024 16:00:36,S06,20241210
S06/20241210/00026,9,TENDER,1,3535.20,TENDER,10-12-2024 16:00:36,S06,20241210
S06/20241210/00027,1,P105176,4,509.66,SALE,10-12-2024 15:18:00,S06,20241210
S06/20241210/00027,2,P101384,3,42.99,SALE,10-12-2024 15:18:00,S06,20241210
S06/20241210/00027,3,P103504,3,366.55,SALE,10-12-2024 15:18:00,S06,20241210
S06/20241210/00027,4,P106221,1,31.65,SALE,10-12-2024 15:18:00,S06,20241210
S06/20241210/00027,5,P105518,2,802.23,SALE,10-12-2024 15:18:00,S06,20241210
S06/20241210/00027,6,P107053,3,457.07,SALE,10-12-2024 15:18:00,S06,20241210
S06/20241210/00027,7,TAX,1,868.42,TAX,10-12-2024 15:18:00,S06,20241210
S06/20241210/00027,8,TENDER,1,7143.00,TENDER,10-12-2024 15:18:00,S06,20241210
S06/20241210/00028,1,P103231,1,241.80,SALE,10-12-2024 12:19:57,S06,20241210
S06/20241210/00028,2,P107609,3,108.46,SALE,10-12-2024 12:19:57,S06,20241210
S06/20241210/00028,3,P100441,2,509.29,SALE,10-12-2024 12:19:57,S06,20241210
S06/20241210/00028,4,P103022,2,60.43,SALE,10-12-2024 12:19:57,S06,20241210
S06/20241210/00028,5,P107743,1,197.87,SALE,10-12-2024 12:19:57,S06,20241210
S06/20241210/00028,6,P100781,4,654.99,SALE,10-12-2024 12:19:57,S06,20241210
S06/20241210/00028,7,P102868,1,499.57,SALE,10-12-2024 12:19:57,S06,20241210
S06/20241210/00028,8,TAX,1,792.65,TAX,10-12-2024 12:19:57,S06,20241210
S06/20241210/00028,9,TENDER,1,5816.67,TENDER,10-12-2024 12:19:57,S06,20241210
S06/20241210/00029,1,P107381,2,195.99,SALE,10-12-2024 13:16:51,S06,20241210
S06/20241210/00029,2,P106297,1,169.05,SALE,10-12-2024 13:16:51,S06,20241210
S06/20241210/00029,3,P105468,2,1100.43,SALE,10-12-2024 13:16:51,S06,20241210
S06/20241210/00029,4,P100511,2,442.66,SALE,10-12-2024 13:16:51,S06,20241210
S06/20241210/00029,5,P102874,5,142.11,SALE,10-12-2024 13:16:51,S06,20241210
S06/20241210/00029,6,TAX,1,329.28,TAX,10-12-2024 13:16:51,S06,20241210
S06/20241210/00029,7,TENDER,1,4687.04,TENDER,10-12-2024 13:16:51,S06,20241210
S06/20241210/00030,1,P103283,4,166.64,SALE,10-12-2024 15:37:04,S06,20241210
S06/20241210/00030,2,P100693,1,107.22,SALE,10-12-2024 15:37:04,S06,20241210
S06/20241210/00030,3,P108097,2,93.69,SALE,10-12-2024 15:37:04,S06,20241210
S06/20241210/00030,4,TAX,1,75.11,TAX,10-12-2024 15:37:04,S06,20241210
S06/20241210/00030,5,TENDER,1,1036.27,TENDER,10-12-2024 15:37:04,S06,20241210
S06/20241210/00031,1,P101410,1,958.72,SALE,10-12-2024 15:10:52,S06,20241210
S06/20241210/00031,2,P100528,1,595.90,SALE,10-12-2024 15:10:52,S06,20241210
S06/20241210/00031,3,P105541,2,189.75,SALE,10-12-2024 15:10:52,S06,20241210
S06/20241210/00031,4,TAX,1,183.36,TAX,10-12-2024 15:10:52,S06,20241210
S06/20241210/00031,5,TENDER,1,2117.48,TENDER,10-12-2024 15:10:52,S06,20241210
S06/20241210/00032,1,P101258,1,216.42,SALE,10-12-2024 16:51:56,S06,20241210
S06/20241210/00032,2,P103668,1,1530.18,SALE,10-12-2024 16:51:56,S06,20241210
S06/20241210/00032,3,P100640,3,379.48,SALE,10-12-2024 16:51:56,S06,20241210
S06/20241210/00032,4,TAX,1,252.08,TAX,10-12-2024 16:51:56,S06,20241210
S06/20241210/00032,5,TENDER,1,3137.12,TENDER,10-12-2024 16:51:56,S06,20241210
S06/20241210/00033,1,P106900,1,179.85,SALE,10-12-2024 17:43:57,S06,20241210
S06/20241210/00033,2,P103197,3,339.40,SALE,10-12-2024 17:43:57,S06,20241210
S06/20241210/00033,3,P106911,3,232.77,SALE,10-12-2024 17:43:57,S06,20241210
S06/20241210/00033,4,P107446,2,593.14,SALE,10-12-2024 17:43:57,S06,20241210
S06/20241210/00033,5,P103155,1,270.20,SALE,10-12-2024 17:43:57,S06,20241210
S06/20241210/00033,6,TAX,1,393.34,TAX,10-12-2024 17:43:57,S06,20241210
S06/20241210/00033,7,TENDER,1,3746.18,TENDER,10-12-2024 17:43:57,S06,20241210
S06/20241210/00034,1,P105908,2,698.64,SALE,10-12-2024 19:39:57,S06,20241210
S06/20241210/00034,2,P108206,4,81.62,SALE,10-12-2024 19:39:57,S06,20241210
S06/20241210/00034,3,TAX,1,69.86,TAX,10-12-2024 19:39:57,S06,20241210
S06/20241210/00034,4,TENDER,1,1793.62,TENDER,10-12-2024 19:39:57,S06,20241210
S06/20241210/00035,1,P100483,-1,933.37,RETURN,10-12-2024 16:26:32,S06,20241210
S06/20241210/00035,2,P104123,-1,432.72,RETURN,10-12-2024 16:26:32,S06,20241210
S06/20241210/00035,3,P107549,-2,47.87,RETURN,10-12-2024 16:26:32,S06,20241210
S06/20241210/00035,4,P102103,-1,400.89,RETURN,10-12-2024 16:26:32,S06,20241210
S06/20241210/00035,5,P108060,-2,217.09,RETURN,10-12-2024 16:26:32,S06,20241210
S06/20241210/00035,6,P104462,-2,86.38,RETURN,10-12-2024 16:26:32,S06,20241210
S06/20241210/00035,7,P103654,-1,481.76,RETURN,10-12-2024 16:26:32,S06,20241210
S06/20241210/00035,8,P105570,-5,345.21,RETURN,10-12-2024 16:26:32,S06,20241210
S06/20241210/00035,9,P105624,-2,380.06,RETURN,10-12-2024 16:26:32,S06,20241210
S06/20241210/00035,10,P104708,-4,487.33,RETURN,10-12-2024 16:26:32,S06,20241210
S06/20241210/00035,11,TAX,1,-473.97,TAX,10-12-2024 16:26:32,S06,20241210
S06/20241210/00035,12,TENDER,1,-7860.88,TENDER,10-12-2024 16:26:32,S06,20241210
S06/20241211/00001,1,P100959,1,320.67,SALE,11-12-2024 11:55:44,S06,20241211
S06/20241211/00001,2,P106473,4,297.16,SALE,11-12-2024 11:55:44,S06,20241211
S06/20241211/00001,3,P100791,3,46.20,SALE,11-12-2024 11:55:44,S06,20241211
S06/20241211/00001,4,P107784,2,245.59,SALE,11-12-2024 11:55:44,S06,20241211
S06/20241211/00001,5,P107542,2,162.57,SALE,11-12-2024 11:55:44,S06,20241211
S06/20241211/00001,6,TAX,1,337.55,TAX,11-12-2024 11:55:44,S06,20241211
S06/20241211/00001,7,TENDER,1,2801.78,TENDER,11-12-2024 11:55:44,S06,20241211
S06/20241211/00002,1,P101177,2,166.36,SALE,11-12-2024 19:16:09,S06,20241211
S06/20241211/00002,2,P105553,4,764.76,SALE,11-12-2024 19:16:09,S06,20241211
S06/20241211/00002,3,TAX,1,383.72,TAX,11-12-2024 19:16:09,S06,20241211
S06/20241211/00002,4,TENDER,1,3775.48,TENDER,11-12-2024 19:16:09,S06,20241211
S06/20241211/00003,1,P100511,1,442.66,SALE,11-12-2024 16:04:39,S06,20241211
S06/20241211/00003,2,P106920,3,1398.34,SALE,11-12-2024 16:04:39,S06,20241211
S06/20241211/00003,3,P108319,1,262.79,SALE,11-12-2024 16:04:39,S06,20241211
S06/20241211/00003,4,P102682,1,95.00,SALE,11-12-2024 16:04:39,S06,20241211
S06/20241211/00003,5,P100057,3,233.39,SALE,11-12-2024 16:04:39,S06,20241211
S06/20241211/00003,6,P100494,2,74.05,SALE,11-12-2024 16:04:39,S06,20241211
S06/20241211/00003,7,P100499,3,258.12,SALE,11-12-2024 16:04:39,S06,20241211
S06/20241211/00003,8,P107012,4,109.16,SALE,11-12-2024 16:04:39,S06,20241211
S06/20241211/00003,9,TAX,1,296.44,TAX,11-12-2024 16:04:39,S06,20241211
S06/20241211/00003,10,TENDER,1,7351.18,TENDER,11-12-2024 16:04:39,S06,20241211
S06/20241211/00004,1,P107056,1,341.76,SALE,11-12-2024 17:09:55,S06,20241211
S06/20241211/00004,2,P100717,1,561.52,SALE,11-12-2024 17:09:55,S06,20241211
S06/20241211/00004,3,P101122,2,69.38,SALE,11-12-2024 17:09:55,S06,20241211
S06/20241211/00004,4,TAX,1,187.57,TAX,11-12-2024 17:09:55,S06,20241211
S06/20241211/00004,5,TENDER,1,1229.61,TENDER,11-12-2024 17:09:55,S06,20241211
S06/20241211/00005,1,P102982,3,255.95,SALE,11-12-2024 13:18:18,S06,20241211
S06/20241211/00005,2,P105127,4,77.13,SALE,11-12-2024 13:18:18,S06,20241211
S06/20241211/00005,3,P100100,3,435.38,SALE,11-12-2024 13:18:18,S06,20241211
S06/20241211/00005,4,P107072,1,75.15,SALE,11-12-2024 13:18:18,S06,20241211
S06/20241211/00005,5,P107715,2,241.95,SALE,11-12-2024 13:18:18,S06,20241211
S06/20241211/00005,6,DISC,1,-285.71,DISCOUNT,11-12-2024 13:18:18,S06,20241211
S06/20241211/00005,7,TAX,1,358.87,TAX,11-12-2024 13:18:18,S06,20241211
S06/20241211/00005,8,TENDER,1,3014.72,TENDER,11-12-2024 13:18:18,S06,20241211
S06/20241211/00006,1,P103958,3,32.46,SALE,11-12-2024 18:03:06,S06,20241211
S06/20241211/00006,2,P100803,2,278.56,SALE,11-12-2024 18:03:06,S06,20241211
S06/20241211/00006,3,DISC,1,-32.51,DISCOUNT,11-12-2024 18:03:06,S06,20241211
S06/20241211/00006,4,TAX,1,43.13,TAX,11-12-2024 18:03:06,S06,20241211
S06/20241211/00006,5,TENDER,1,665.12,TENDER,11-12-2024 18:03:06,S06,20241211
S06/20241211/00007,1,P108067,2,640.50,SALE,11-12-2024 15:16:55,S06,20241211
S06/20241211/00007,2,P102112,1,389.72,SALE,11-12-2024 15:16:55,S06,20241211
S06/20241211/00007,3,P101311,2,481.74,SALE,11-12-2024 15:16:55,S06,20241211
S06/20241211/00007,4,P105356,3,232.26,SALE,11-12-2024 15:16:55,S06,20241211
S06/20241211/00007,5,P101933,2,1344.63,SALE,11-12-2024 15:16:55,S06,20241211
S06/20241211/00007,6,TAX,1,452.49,TAX,11-12-2024 15:16:55,S06,20241211
S06/20241211/00007,7,TENDER,1,6472.73,TENDER,11-12-2024 15:16:55,S06,20241211
S06/20241211/00008,1,P103249,3,521.24,SALE,11-12-2024 07:36:13,S06,20241211
S06/20241211/00008,2,P101933,3,1344.63,SALE,11-12-2024 07:36:13,S06,20241211
S06/20241211/00008,3,P100899,3,131.46,SALE,11-12-2024 07:36:13,S06,20241211
S06/20241211/00008,4,P104308,1,58.56,SALE,11-12-2024 07:36:13,S06,20241211
S06/20241211/00008,5,TAX,1,572.79,TAX,11-12-2024 07:36:13,S06,20241211
S06/20241211/00008,6,TENDER,1,6623.34,TENDER,11-12-2024 07:36:13,S06,20241211
S06/20241211/00009,1,P103374,3,38.02,SALE,11-12-2024 16:30:37,S06,20241211
S06/20241211/00009,2,P103896,2,203.30,SALE,11-12-2024 16:30:37,S06,20241211
S06/20241211/00009,3,P103461,2,109.46,SALE,11-12-2024 16:30:37,S06,20241211
S06/20241211/00009,4,P101404,1,228.51,SALE,11-12-2024 16:30:37,S06,20241211
S06/20241211/00009,5,P107621,2,119.64,SALE,11-12-2024 16:30:37,S06,20241211
S06/20241211/00009,6,P100276,4,965.56,SALE,11-12-2024 16:30:37,S06,20241211
S06/20241211/00009,7,TAX,1,324.53,TAX,11-12-2024 16:30:37,S06,20241211
S06/20241211/00009,8,TENDER,1,5394.14,TENDER,11-12-2024 16:30:37,S06,20241211
S06/20241211/00010,1,P101851,2,1750.29,SALE,11-12-2024 17:08:37,S06,20241211
S06/20241211/00010,2,P106720,1,126.28,SALE,11-12-2024 17:08:37,S06,20241211
S06/20241211/00010,3,P103668,3,1530.18,SALE,11-12-2024 17:08:37,S06,20241211
S06/20241211/00010,4,P102868,1,471.29,SALE,11-12-2024 17:08:37,S06,20241211
S06/20241211/00010,5,P103704,1,188.13,SALE,11-12-2024 17:08:37,S06,20241211
S06/20241211/00010,6,P107301,2,945.94,SALE,11-12-2024 17:08:37,S06,20241211
S06/20241211/00010,7,P101851,-2,1750.29,VOID,11-12-2024 17:08:37,S06,20241211
S06/20241211/00010,8,P106720,-1,126.28,VOID,11-12-2024 17:08:37,S06,20241211
S06/20241211/00010,9,P103668,-3,1530.18,VOID,11-12-2024 17:08:37,S06,20241211
S06/20241211/00010,10,P102868,-1,471.29,VOID,11-12-2024 17:08:37,S06,20241211
S06/20241211/00010,11,P103704,-1,188.13,VOID,11-12-2024 17:08:37,S06,20241211
S06/20241211/00010,12,P107301,-2,945.94,VOID,11-12-2024 17:08:37,S06,20241211
S06/20241211/00010,13,TAX,1,0.00,TAX,11-12-2024 17:08:37,S06,20241211
S06/20241211/00010,14,TENDER,1,0.00,TENDER,11-12-2024 17:08:37,S06,20241211
S06/20241211/00011,1,P108389,2,837.30,SALE,11-12-2024 19:50:10,S06,20241211
S06/20241211/00011,2,P102175,2,191.56,SALE,11-12-2024 19:50:10,S06,20241211
S06/20241211/00011,3,P107568,2,140.27,SALE,11-12-2024 19:50:10,S06,20241211
S06/20241211/00011,4,P100946,2,81.33,SALE,11-12-2024 19:50:10,S06,20241211
S06/20241211/00011,5,TAX,1,127.04,TAX,11-12-2024 19:50:10,S06,20241211
S06/20241211/00011,6,TENDER,1,2627.96,TENDER,11-12-2024 19:50:10,S06,20241211
S06/20241211/00012,1,P102342,2,107.02,SALE,11-12-2024 15:07:19,S06,20241211
S06/20241211/00012,2,P107063,2,387.93,SALE,11-12-2024 15:07:19,S06,20241211
S06/20241211/00012,3,P107449,1,1495.62,SALE,11-12-2024 15:07:19,S06,20241211
S06/20241211/00012,4,P101177,3,166.36,SALE,11-12-2024 15:07:19,S06,20241211
S06/20241211/00012,5,P100967,1,969.23,SALE,11-12-2024 15:07:19,S06,20241211
S06/20241211/00012,6,P106833,3,446.47,SALE,11-12-2024 15:07:19,S06,20241211
S06/20241211/00012,7,TAX,1,680.62,TAX,11-12-2024 15:07:19,S06,20241211
S06/20241211/00012,8,TENDER,1,5973.86,TENDER,11-12-2024 15:07:19,S06,20241211
S06/20241211/00013,1,P106602,1,122.17,SALE,11-12-2024 15:13:02,S06,20241211
S06/20241211/00013,2,P104567,3,141.21,SALE,11-12-2024 15:13:02,S06,20241211
S06/20241211/00013,3,TAX,1,56.94,TAX,11-12-2024 15:13:02,S06,20241211
S06/20241211/00013,4,TENDER,1,602.74,TENDER,11-12-2024 15:13:02,S06,20241211
S06/20241211/00014,1,P105490,1,154.49,SALE,11-12-2024 23:44:17,S06,20241211
S06/20241211/00014,2,P104194,1,119.04,SALE,11-12-2024 23:44:17,S06,20241211
S06/20241211/00014,3,P101201,2,48.42,SALE,11-12-2024 23:44:17,S06,20241211
S06/20241211/00014,4,P101327,1,233.22,SALE,11-12-2024 23:44:17,S06,20241211
S06/20241211/00014,5,P102404,3,370.32,SALE,11-12-2024 23:44:17,S06,20241211
S06/20241211/00014,6,TAX,1,96.06,TAX,11-12-2024 23:44:17,S06,20241211
S06/20241211/00014,7,TENDER,1,1810.61,TENDER,11-12-2024 23:44:17,S06,20241211
S06/20241211/00015,1,P105003,1,323.64,SALE,11-12-2024 12:01:57,S06,20241211
S06/20241211/00015,2,P105997,2,124.60,SALE,11-12-2024 12:01:57,S06,20241211
S06/20241211/00015,3,DISC,1,-43.24,DISCOUNT,11-12-2024 12:01:57,S06,20241211
S06/20241211/00015,4,TAX,1,65.38,TAX,11-12-2024 12:01:57,S06,20241211
S06/20241211/00015,5,TENDER,1,594.98,TENDER,11-12-2024 12:01:57,S06,20241211
S06/20241211/00016,1,P103243,1,231.63,SALE,11-12-2024 12:27:09,S06,20241211
S06/20241211/00016,2,P105384,1,315.25,SALE,11-12-2024 12:27:09,S06,20241211
S06/20241211/00016,3,DISC,1,-54.07,DISCOUNT,11-12-2024 12:27:09,S06,20241211
S06/20241211/00016,4,TAX,1,44.53,TAX,11-12-2024 12:27:09,S06,20241211
S06/20241211/00016,5,TENDER,1,537.34,TENDER,11-12-2024 12:27:09,S06,20241211
S06/20241211/00017,1,P107597,3,562.77,SALE,11-12-2024 16:22:55,S06,20241211
S06/20241211/00017,2,P105035,2,159.58,SALE,11-12-2024 16:22:55,S06,20241211
S06/20241211/00017,3,P103946,1,338.64,SALE,11-12-2024 16:22:55,S06,20241211
S06/20241211/00017,4,P105377,1,275.11,SALE,11-12-2024 16:22:55,S06,20241211
S06/20241211/00017,5,P107264,1,190.99,SALE,11-12-2024 16:22:55,S06,20241211
S06/20241211/00017,6,TAX,1,151.81,TAX,11-12-2024 16:22:55,S06,20241211
S06/20241211/00017,7,TENDER,1,2964.02,TENDER,11-12-2024 16:22:55,S06,20241211
S06/20241211/00018,1,P103538,1,265.96,SALE,11-12-2024 11:44:35,S06,20241211
S06/20241211/00018,2,P107740,2,1366.88,SALE,11-12-2024 11:44:35,S06,20241211
S06/20241211/00018,3,P104048,1,193.57,SALE,11-12-2024 11:44:35,S06,20241211
S06/20241211/00018,4,P106671,1,90.38,SALE,11-12-2024 11:44:35,S06,20241211
S06/20241211/00018,5,P101272,1,96.70,SALE,11-12-2024 11:44:35,S06,20241211
S06/20241211/00018,6,P103484,2,109.59,SALE,11-12-2024 11:44:35,S06,20241211
S06/20241211/00018,7,P103629,3,60.58,SALE,11-12-2024 11:44:35,S06,20241211
S06/20241211/00018,8,P105252,2,12.09,SALE,11-12-2024 11:44:35,S06,20241211
S06/20241211/00018,9,P106599,2,245.11,SALE,11-12-2024 11:44:35,S06,20241211
S06/20241211/00018,10,TAX,1,474.96,TAX,11-12-2024 11:44:35,S06,20241211
S06/20241211/00018,11,TENDER,1,4770.65,TENDER,11-12-2024 11:44:35,S06,20241211
S06/20241211/00019,1,P103950,2,1283.54,SALE,11-12-2024 21:23:54,S06,20241211
S06/20241211/00019,2,P103680,2,210.26,SALE,11-12-2024 21:23:54,S06,20241211
S06/20241211/00019,3,P102142,2,93.89,SALE,11-12-2024 21:23:54,S06,20241211
S06/20241211/00019,4,P102139,2,1710.06,SALE,11-12-2024 21:23:54,S06,20241211
S06/20241211/00019,5,P103704,1,188.13,SALE,11-12-2024 21:23:54,S06,20241211
S06/20241211/00019,6,P101048,4,219.90,SALE,11-12-2024 21:23:54,S06,20241211
S06/20241211/00019,7,P104872,3,132.45,SALE,11-12-2024 21:23:54,S06,20241211
S06/20241211/00019,8,P105468,2,1100.43,SALE,11-12-2024 21:23:54,S06,20241211
S06/20241211/00019,9,DISC,1,-1133.09,DISCOUNT,11-12-2024 21:23:54,S06,20241211
S06/20241211/00019,10,TAX,1,484.21,TAX,11-12-2024 21:23:54,S06,20241211
S06/20241211/00019,11,TENDER,1,9612.56,TENDER,11-12-2024 21:23:54,S06,20241211
S06/20241211/00020,1,P101208,1,593.86,SALE,12-12-2024 00:33:03,S06,20241211
S06/20241211/00020,2,TAX,1,0.00,TAX,12-12-2024 00:33:03,S06,20241211
S06/20241211/00020,3,TENDER,1,593.86,TENDER,12-12-2024 00:33:03,S06,20241211
S06/20241211/00021,1,P104358,1,1243.57,SALE,11-12-2024 14:44:04,S06,20241211
S06/20241211/00021,2,P104155,1,144.69,SALE,11-12-2024 14:44:04,S06,20241211
S06/20241211/00021,3,P105230,3,123.72,SALE,11-12-2024 14:44:04,S06,20241211
S06/20241211/00021,4,P105294,4,143.55,SALE,11-12-2024 14:44:04,S06,20241211
S06/20241211/00021,5,P102559,4,86.19,SALE,11-12-2024 14:44:04,S06,20241211
S06/20241211/00021,6,P103413,2,1352.06,SALE,11-12-2024 14:44:04,S06,20241211
S06/20241211/00021,7,TAX,1,449.57,TAX,11-12-2024 14:44:04,S06,20241211
S06/20241211/00021,8,TENDER,1,5832.07,TENDER,11-12-2024 14:44:04,S06,20241211
S06/20241211/00022,1,P102280,1,644.81,SALE,11-12-2024 21:09:22,S06,20241211
S06/20241211/00022,2,TAX,1,116.07,TAX,11-12-2024 21:09:22,S06,20241211
S06/20241211/00022,3,TENDER,1,760.88,TENDER,11-12-2024 21:09:22,S06,20241211
S06/20241211/00023,1,P105603,5,202.29,SALE,11-12-2024 17:18:26,S06,20241211
S06/20241211/00023,2,P100164,3,594.91,SALE,11-12-2024 17:18:26,S06,20241211
S06/20241211/00023,3,TAX,1,503.31,TAX,11-12-2024 17:18:26,S06,20241211
S06/20241211/00023,4,TENDER,1,3299.49,TENDER,11-12-2024 17:18:26,S06,20241211
S06/20241211/00024,1,P103155,3,270.20,SALE,11-12-2024 11:15:51,S06,20241211
S06/20241211/00024,2,P108227,1,551.58,SALE,11-12-2024 11:15:51,S06,20241211
S06/20241211/00024,3,P100194,2,46.79,SALE,11-12-2024 11:15:51,S06,20241211
S06/20241211/00024,4,TAX,1,162.75,TAX,11-12-2024 11:15:51,S06,20241211
S06/20241211/00024,5,TENDER,1,1618.51,TENDER,11-12-2024 11:15:51,S06,20241211
S06/20241211/00025,1,P102623,1,107.54,SALE,11-12-2024 10:28:57,S06,20241211
S06/20241211/00025,2,P104526,2,363.05,SALE,11-12-2024 10:28:57,S06,20241211
S06/20241211/00025,3,P106776,2,445.40,SALE,11-12-2024 10:28:57,S06,20241211
S06/20241211/00025,4,P101321,1,24.76,SALE,11-12-2024 10:28:57,S06,20241211
S06/20241211/00025,5,P100438,3,66.55,SALE,11-12-2024 10:28:57,S06,20241211
S06/20241211/00025,6,P101825,2,183.68,SALE,11-12-2024 10:28:57,S06,20241211
S06/20241211/00025,7,P106783,2,94.23,SALE,11-12-2024 10:28:57,S06,20241211
S06/20241211/00025,8,TAX,1,160.48,TAX,11-12-2024 10:28:57,S06,20241211
S06/20241211/00025,9,TENDER,1,2665.15,TENDER,11-12-2024 10:28:57,S06,20241211
S06/20241211/00026,1,P106686,4,324.48,SALE,11-12-2024 23:31:18,S06,20241211
S06/20241211/00026,2,P107182,5,112.81,SALE,11-12-2024 23:31:18,S06,20241211
S06/20241211/00026,3,TAX,1,166.43,TAX,11-12-2024 23:31:18,S06,20241211
S06/20241211/00026,4,TENDER,1,2028.40,TENDER,11-12-2024 23:31:18,S06,20241211
S06/20241211/00027,1,P101374,4,55.98,SALE,11-12-2024 11:17:46,S06,20241211
S06/20241211/00027,2,P102122,2,138.84,SALE,11-12-2024 11:17:46,S06,20241211
S06/20241211/00027,3,P100035,1,1810.38,SALE,11-12-2024 11:17:46,S06,20241211
S06/20241211/00027,4,P100210,2,1073.90,SALE,11-12-2024 11:17:46,S06,20241211
S06/20241211/00027,5,P103022,2,60.43,SALE,11-12-2024 11:17:46,S06,20241211
S06/20241211/00027,6,P103616,1,662.98,SALE,11-12-2024 11:17:46,S06,20241211
S06/20241211/00027,7,P103833,3,1045.87,SALE,11-12-2024 11:17:46,S06,20241211
S06/20241211/00027,8,TAX,1,769.80,TAX,11-12-2024 11:17:46,S06,20241211
S06/20241211/00027,9,TENDER,1,9151.03,TENDER,11-12-2024 11:17:46,S06,20241211
S06/20241211/00028,1,P103319,1,356.46,SALE,11-12-2024 18:08:38,S06,20241211
S06/20241211/00028,2,P104921,1,425.26,SALE,11-12-2024 18:08:38,S06,20241211
S06/20241211/00028,3,P103749,4,17.91,SALE,11-12-2024 18:08:38,S06,20241211
S06/20241211/00028,4,P104401,2,207.51,SALE,11-12-2024 18:08:38,S06,20241211
S06/20241211/00028,5,TAX,1,157.07,TAX,11-12-2024 18:08:38,S06,20241211
S06/20241211/00028,6,TENDER,1,1425.45,TENDER,11-12-2024 18:08:38,S06,20241211
S06/20241211/00029,1,P104501,-1,413.53,RETURN,11-12-2024 14:20:10,S06,20241211
S06/20241211/00029,2,P104417,-2,332.65,RETURN,11-12-2024 14:20:10,S06,20241211
S06/20241211/00029,3,P104462,-1,86.38,RETURN,11-12-2024 14:20:10,S06,20241211
S06/20241211/00029,4,TAX,1,-84.15,TAX,11-12-2024 14:20:10,S06,20241211
S06/20241211/00029,5,TENDER,1,-1249.36,TENDER,11-12-2024 14:20:10,S06,20241211
S06/20241211/00030,1,P104081,2,652.80,SALE,11-12-2024 13:05:01,S06,20241211
S06/20241211/00030,2,P106848,2,17.39,SALE,11-12-2024 13:05:01,S06,20241211
S06/20241211/00030,3,P106443,1,52.87,SALE,11-12-2024 13:05:01,S06,20241211
S06/20241211/00030,4,P105772,1,576.55,SALE,11-12-2024 13:05:01,S06,20241211
S06/20241211/00030,5,DISC,1,-169.49,DISCOUNT,11-12-2024 13:05:01,S06,20241211
S06/20241211/00030,6,TAX,1,97.27,TAX,11-12-2024 13:05:01,S06,20241211
S06/20241211/00030,7,TENDER,1,1897.58,TENDER,11-12-2024 13:05:01,S06,20241211
S06/20241211/00031,1,P102263,2,116.79,SALE,11-12-2024 20:48:21,S06,20241211
S06/20241211/00031,2,P101766,3,220.67,SALE,11-12-2024 20:48:21,S06,20241211
S06/20241211/00031,3,TAX,1,107.47,TAX,11-12-2024 20:48:21,S06,20241211
S06/20241211/00031,4,TENDER,1,1003.06,TENDER,11-12-2024 20:48:21,S06,20241211
S06/20241211/00032,1,P106955,4,204.37,SALE,11-12-2024 18:34:50,S06,20241211
S06/20241211/00032,2,P103661,2,125.81,SALE,11-12-2024 18:34:50,S06,20241211
S06/20241211/00032,3,TAX,1,86.17,TAX,11-12-2024 18:34:50,S06,20241211
S06/20241211/00032,4,TENDER,1,1155.27,TENDER,11-12-2024 18:34:50,S06,20241211
S06/20241211/00033,1,P104212,1,426.07,SALE,11-12-2024 20:58:05,S06,20241211
S06/20241211/00033,2,P102151,1,1117.25,SALE,11-12-2024 20:58:05,S06,20241211
S06/20241211/00033,3,P100086,4,89.00,SALE,11-12-2024 20:58:05,S06,20241211
S06/20241211/00033,4,P102353,3,139.83,SALE,11-12-2024 20:58:05,S06,20241211
S06/20241211/00033,5,TAX,1,171.33,TAX,11-12-2024 20:58:05,S06,20241211
S06/20241211/00033,6,TENDER,1,2490.14,TENDER,11-12-2024 20:58:05,S06,20241211
S06/20241211/00034,1,P103004,2,82.09,SALE,11-12-2024 12:27:22,S06,20241211
S06/20241211/00034,2,P102305,2,111.72,SALE,11-12-2024 12:27:22,S06,20241211
S06/20241211/00034,3,P104382,2,62.22,SALE,11-12-2024 12:27:22,S06,20241211
S06/20241211/00034,4,P102383,2,10.62,SALE,11-12-2024 12:27:22,S06,20241211
S06/20241211/00034,5,P106639,2,485.46,SALE,11-12-2024 12:27:22,S06,20241211
S06/20241211/00034,6,DISC,1,-70.97,DISCOUNT,11-12-2024 12:27:22,S06,20241211
S06/20241211/00034,7,TAX,1,153.95,TAX,11-12-2024 12:27:22,S06,20241211
S06/20241211/00034,8,TENDER,1,1587.20,TENDER,11-12-2024 12:27:22,S06,20241211
S06/20241211/00035,1,P103137,1,218.09,SALE,11-12-2024 11:22:20,S06,20241211
S06/20241211/00035,2,P104435,3,477.09,SALE,11-12-2024 11:22:20,S06,20241211
S06/20241211/00035,3,P102640,1,270.61,SALE,11-12-2024 11:22:20,S06,20241211
S06/20241211/00035,4,P102691,1,219.72,SALE,11-12-2024 11:22:20,S06,20241211
S06/20241211/00035,5,P105684,3,1114.27,SALE,11-12-2024 11:22:20,S06,20241211
S06/20241211/00035,6,TAX,1,424.76,TAX,11-12-2024 11:22:20,S06,20241211
S06/20241211/00035,7,TENDER,1,5907.26,TENDER,11-12-2024 11:22:20,S06,20241211
S06/20241211/00036,1,P103124,2,523.92,SALE,11-12-2024 13:17:31,S06,20241211
S06/20241211/00036,2,P101190,1,89.25,SALE,11-12-2024 13:17:31,S06,20241211
S06/20241211/00036,3,P100112,3,95.15,SALE,11-12-2024 13:17:31,S06,20241211
S06/20241211/00036,4,P102993,2,318.19,SALE,11-12-2024 13:17:31,S06,20241211
S06/20241211/00036,5,P105365,2,420.06,SALE,11-12-2024 13:17:31,S06,20241211
S06/20241211/00036,6,P100140,3,58.05,SALE,11-12-2024 13:17:31,S06,20241211
S06/20241211/00036,7,TAX,1,420.04,TAX,11-12-2024 13:17:31,S06,20241211
S06/20241211/00036,8,TENDER,1,3493.23,TENDER,11-12-2024 13:17:31,S06,20241211
S06/20241211/00037,1,P104334,3,294.34,SALE,11-12-2024 17:38:20,S06,20241211
S06/20241211/00037,2,P100086,2,89.00,SALE,11-12-2024 17:38:20,S06,20241211
S06/20241211/00037,3,P105878,3,282.51,SALE,11-12-2024 17:38:20,S06,20241211
S06/20241211/00037,4,P107242,1,635.24,SALE,11-12-2024 17:38:20,S06,20241211
S06/20241211/00037,5,P106512,1,467.07,SALE,11-12-2024 17:38:20,S06,20241211
S06/20241211/00037,6,P103504,2,366.55,SALE,11-12-2024 17:38:20,S06,20241211
S06/20241211/00037,7,P103559,3,370.21,SALE,11-12-2024 17:38:20,S06,20241211
S06/20241211/00037,8,TAX,1,354.77,TAX,11-12-2024 17:38:20,S06,20241211
S06/20241211/00037,9,TENDER,1,5209.36,TENDER,11-12-2024 17:38:20,S06,20241211
S06/20241211/00038,1,P102998,3,158.64,SALE,11-12-2024 13:35:05,S06,20241211
S06/20241211/00038,2,P102000,1,82.98,SALE,11-12-2024 13:35:05,S06,20241211
S06/20241211/00038,3,P107777,1,222.77,SALE,11-12-2024 13:35:05,S06,20241211
S06/20241211/00038,4,P104328,2,64.22,SALE,11-12-2024 13:35:05,S06,20241211
S06/20241211/00038,5,P102656,3,194.33,SALE,11-12-2024 13:35:05,S06,20241211
S06/20241211/00038,6,P105541,1,189.75,SALE,11-12-2024 13:35:05,S06,20241211
S06/20241211/00038,7,TAX,1,170.33,TAX,11-12-2024 13:35:05,S06,20241211
S06/20241211/00038,8,TENDER,1,1853.18,TENDER,11-12-2024 13:35:05,S06,20241211
S06/20241211/00039,1,P107989,2,189.72,SALE,11-12-2024 16:46:14,S06,20241211
S06/20241211/00039,2,P107686,2,347.22,SALE,11-12-2024 16:46:14,S06,20241211
S06/20241211/00039,3,P106958,2,125.66,SALE,11-12-2024 16:46:14,S06,20241211
S06/20241211/00039,4,P101690,1,1044.81,SALE,11-12-2024 16:46:14,S06,20241211
S06/20241211/00039,5,P103188,1,30.16,SALE,11-12-2024 16:46:14,S06,20241211
S06/20241211/00039,6,P107414,2,565.57,SALE,11-12-2024 16:46:14,S06,20241211
S06/20241211/00039,7,TAX,1,352.76,TAX,11-12-2024 16:46:14,S06,20241211
S06/20241211/00039,8,TENDER,1,3884.07,TENDER,11-12-2024 16:46:14,S06,20241211
S06/20241211/00040,1,P107301,3,945.94,SALE,11-12-2024 16:18:13,S06,20241211
S06/20241211/00040,2,P105531,3,502.91,SALE,11-12-2024 16:18:13,S06,20241211
S06/20241211/00040,3,P105772,6,576.55,SALE,11-12-2024 16:18:13,S06,20241211
S06/20241211/00040,4,P102945,2,43.42,SALE,11-12-2024 16:18:13,S06,20241211
S06/20241211/00040,5,P100827,4,1218.17,SALE,11-12-2024 16:18:13,S06,20241211
S06/20241211/00040,6,P101766,1,220.67,SALE,11-12-2024 16:18:13,S06,20241211
S06/20241211/00040,7,TAX,1,845.83,TAX,11-12-2024 16:18:13,S06,20241211
S06/20241211/00040,8,TENDER,1,13831.87,TENDER,11-12-2024 16:18:13,S06,20241211
S06/20241211/00041,1,P104107,1,479.48,SALE,11-12-2024 22:22:39,S06,20241211
S06/20241211/00041,2,P107362,3,75.90,SALE,11-12-2024 22:22:39,S06,20241211
S06/20241211/00041,3,P102166,3,52.54,SALE,11-12-2024 22:22:39,S06,20241211
S06/20241211/00041,4,P105490,2,154.49,SALE,11-12-2024 22:22:39,S06,20241211
S06/20241211/00041,5,TAX,1,211.28,TAX,11-12-2024 22:22:39,S06,20241211
S06/20241211/00041,6,TENDER,1,1385.06,TENDER,11-12-2024 22:22:39,S06,20241211
S06/20241211/00042,1,P101279,2,242.90,SALE,11-12-2024 17:47:09,S06,20241211
S06/20241211/00042,2,P106506,2,125.80,SALE,11-12-2024 17:47:09,S06,20241211
S06/20241211/00042,3,P105405,1,430.78,SALE,11-12-2024 17:47:09,S06,20241211
S06/20241211/00042,4,P106563,4,469.90,SALE,11-12-2024 17:47:09,S06,20241211
S06/20241211/00042,5,TAX,1,292.38,TAX,11-12-2024 17:47:09,S06,20241211
S06/20241211/00042,6,TENDER,1,3340.16,TENDER,11-12-2024 17:47:09,S06,20241211
S06/20241211/00043,1,P103616,3,702.76,SALE,11-12-2024 14:44:43,S06,20241211
S06/20241211/00043,2,P106522,3,203.79,SALE,11-12-2024 14:44:43,S06,20241211
S06/20241211/00043,3,P100326,1,47.79,SALE,11-12-2024 14:44:43,S06,20241211
S06/20241211/00043,4,P106813,1,257.87,SALE,11-12-2024 14:44:43,S06,20241211
S06/20241211/00043,5,P105897,1,249.03,SALE,11-12-2024 14:44:43,S06,20241211
S06/20241211/00043,6,P103749,1,17.91,SALE,11-12-2024 14:44:43,S06,20241211
S06/20241211/00043,7,P100339,2,299.99,SALE,11-12-2024 14:44:43,S06,20241211
S06/20241211/00043,8,TAX,1,316.63,TAX,11-12-2024 14:44:43,S06,20241211
S06/20241211/00043,9,TENDER,1,4208.86,TENDER,11-12-2024 14:44:43,S06,20241211
S06/20241211/00044,1,P100479,3,342.92,SALE,11-12-2024 18:05:04,S06,20241211
S06/20241211/00044,2,P104266,3,431.11,SALE,11-12-2024 18:05:04,S06,20241211
S06/20241211/00044,3,P106718,1,525.27,SALE,11-12-2024 18:05:04,S06,20241211
S06/20241211/00044,4,P107989,3,189.72,SALE,11-12-2024 18:05:04,S06,20241211
S06/20241211/00044,5,P105729,1,75.27,SALE,11-12-2024 18:05:04,S06,20241211
S06/20241211/00044,6,TAX,1,566.80,TAX,11-12-2024 18:05:04,S06,20241211
S06/20241211/00044,7,TENDER,1,4058.59,TENDER,11-12-2024 18:05:04,S06,20241211
S06/20241211/00045,1,P100260,1,1120.33,SALE,11-12-2024 18:53:55,S06,20241211
S06/20241211/00045,2,P105127,3,77.13,SALE,11-12-2024 18:53:55,S06,20241211
S06/20241211/00045,3,P103785,1,606.71,SALE,11-12-2024 18:53:55,S06,20241211
S06/20241211/00045,4,TAX,1,84.37,TAX,11-12-2024 18:53:55,S06,20241211
S06/20241211/00045,5,TENDER,1,2042.80,TENDER,11-12-2024 18:53:55,S06,20241211
S06/20241211/00046,1,P101810,3,793.98,SALE,11-12-2024 15:47:30,S06,20241211
S06/20241211/00046,2,P104233,1,1271.89,SALE,11-12-2024 15:47:30,S06,20241211
S06/20241211/00046,3,P104081,2,652.80,SALE,11-12-2024 15:47:30,S06,20241211
S06/20241211/00046,4,P102166,2,52.54,SALE,11-12-2024 15:47:30,S06,20241211
S06/20241211/00046,5,TAX,1,368.34,TAX,11-12-2024 15:47:30,S06,20241211
S06/20241211/00046,6,TENDER,1,5432.85,TENDER,11-12-2024 15:47:30,S06,20241211
S06/20241211/00047,1,P100924,1,50.37,SALE,11-12-2024 23:42:36,S06,20241211
S06/20241211/00047,2,P106885,1,137.92,SALE,11-12-2024 23:42:36,S06,20241211
S06/20241211/00047,3,P104909,2,363.10,SALE,11-12-2024 23:42:36,S06,20241211
S06/20241211/00047,4,TAX,1,33.89,TAX,11-12-2024 23:42:36,S06,20241211
S06/20241211/00047,5,TENDER,1,948.38,TENDER,11-12-2024 23:42:36,S06,20241211
S06/20241212/00001,1,P105433,2,144.32,SALE,12-12-2024 22:39:11,S06,20241212
S06/20241212/00001,2,P101762,3,528.36,SALE,12-12-2024 22:39:11,S06,20241212
S06/20241212/00001,3,P102415,3,1245.81,SALE,12-12-2024 22:39:11,S06,20241212
S06/20241212/00001,4,TAX,1,429.04,TAX,12-12-2024 22:39:11,S06,20241212
S06/20241212/00001,5,TENDER,1,6040.19,TENDER,12-12-2024 22:39:11,S06,20241212
S06/20241212/00002,1,P100499,2,258.12,SALE,12-12-2024 12:48:06,S06,20241212
S06/20241212/00002,2,P102151,1,1117.25,SALE,12-12-2024 12:48:06,S06,20241212
S06/20241212/00002,3,P100711,2,101.23,SALE,12-12-2024 12:48:06,S06,20241212
S06/20241212/00002,4,TAX,1,154.25,TAX,12-12-2024 12:48:06,S06,20241212
S06/20241212/00002,5,TENDER,1,1990.20,TENDER,12-12-2024 12:48:06,S06,20241212
S06/20241212/00003,1,P104212,1,426.07,SALE,12-12-2024 16:21:00,S06,20241212
S06/20241212/00003,2,P100066,2,251.22,SALE,12-12-2024 16:21:00,S06,20241212
S06/20241212/00003,3,P107231,1,1193.22,SALE,12-12-2024 16:21:00,S06,20241212
S06/20241212/00003,4,P104328,3,64.22,SALE,12-12-2024 16:21:00,S06,20241212
S06/20241212/00003,5,P105497,2,70.98,SALE,12-12-2024 16:21:00,S06,20241212
S06/20241212/00003,6,P107795,2,284.47,SALE,12-12-2024 16:21:00,S06,20241212
S06/20241212/00003,7,P101052,2,212.18,SALE,12-12-2024 16:21:00,S06,20241212
S06/20241212/00003,8,P102581,3,185.56,SALE,12-12-2024 16:21:00,S06,20241212
S06/20241212/00003,9,P101839,3,402.65,SALE,12-12-2024 16:21:00,S06,20241212
S06/20241212/00003,10,TAX,1,511.25,TAX,12-12-2024 16:21:00,S06,20241212
S06/20241212/00003,11,TENDER,1,5725.53,TENDER,12-12-2024 16:21:00,S06,20241212
S06/20241212/00004,1,P106084,3,592.14,SALE,12-12-2024 13:43:56,S06,20241212
S06/20241212/00004,2,P101669,2,56.49,SALE,12-12-2024 13:43:56,S06,20241212
S06/20241212/00004,3,P108275,2,504.53,SALE,12-12-2024 13:43:56,S06,20241212
S06/20241212/00004,4,TAX,1,276.10,TAX,12-12-2024 13:43:56,S06,20241212
S06/20241212/00004,5,TENDER,1,3174.56,TENDER,12-12-2024 13:43:56,S06,20241212
S06/20241212/00005,1,P107047,2,413.27,SALE,12-12-2024 11:32:23,S06,20241212
S06/20241212/00005,2,P105589,1,90.25,SALE,12-12-2024 11:32:23,S06,20241212
S06/20241212/00005,3,P104064,2,326.15,SALE,12-12-2024 11:32:23,S06,20241212
S06/20241212/00005,4,P102142,1,93.89,SALE,12-12-2024 11:32:23,S06,20241212
S06/20241212/00005,5,TAX,1,198.40,TAX,12-12-2024 11:32:23,S06,20241212
S06/20241212/00005,6,TENDER,1,1861.38,TENDER,12-12-2024 11:32:23,S06,20241212
S06/20241212/00006,1,P101766,1,220.67,SALE,12-12-2024 15:41:36,S06,20241212
S06/20241212/00006,2,P103886,1,312.24,SALE,12-12-2024 15:41:36,S06,20241212
S06/20241212/00006,3,P107393,1,469.90,SALE,12-12-2024 15:41:36,S06,20241212
S06/20241212/00006,4,TAX,1,82.87,TAX,12-12-2024 15:41:36,S06,20241212
S06/20241212/00006,5,TENDER,1,1085.68,TENDER,12-12-2024 15:41:36,S06,20241212
S06/20241212/00007,1,P101681,1,139.09,SALE,12-12-2024 19:44:21,S06,20241212
S06/20241212/00007,2,TAX,1,16.69,TAX,12-12-2024 19:44:21,S06,20241212
S06/20241212/00007,3,TENDER,1,155.78,TENDER,12-12-2024 19:44:21,S06,20241212
S06/20241212/00008,1,P104378,2,95.33,SALE,12-12-2024 15:19:38,S06,20241212
S06/20241212/00008,2,P101722,3,1460.17,SALE,12-12-2024 15:19:38,S06,20241212
S06/20241212/00008,3,P104883,3,370.64,SALE,12-12-2024 15:19:38,S06,20241212
S06/20241212/00008,4,P105740,1,103.24,SALE,12-12-2024 15:19:38,S06,20241212
S06/20241212/00008,5,P106357,2,1078.45,SALE,12-12-2024 15:19:38,S06,20241212
S06/20241212/00008,6,P107190,2,223.50,SALE,12-12-2024 15:19:38,S06,20241212
S06/20241212/00008,7,P103794,3,785.54,SALE,12-12-2024 15:19:38,S06,20241212
S06/20241212/00008,8,TAX,1,773.20,TAX,12-12-2024 15:19:38,S06,20241212
S06/20241212/00008,9,TENDER,1,11520.05,TENDER,12-12-2024 15:19:38,S06,20241212
S06/20241212/00009,1,P107178,2,298.69,SALE,12-12-2024 13:36:56,S06,20241212
S06/20241212/00009,2,P107943,4,252.32,SALE,12-12-2024 13:36:56,S06,20241212
S06/20241212/00009,3,TAX,1,253.36,TAX,12-12-2024 13:36:56,S06,20241212
S06/20241212/00009,4,TENDER,1,1860.02,TENDER,12-12-2024 13:36:56,S06,20241212
S06/20241212/00010,1,P100933,1,276.15,SALE,12-12-2024 14:41:24,S06,20241212
S06/20241212/00010,2,P101894,2,668.48,SALE,12-12-2024 14:41:24,S06,20241212
S06/20241212/00010,3,TAX,1,210.14,TAX,12-12-2024 14:41:24,S06,20241212
S06/20241212/00010,4,TENDER,1,1823.25,TENDER,12-12-2024 14:41:24,S06,20241212
S06/20241212/00011,1,P105050,3,109.65,SALE,12-12-2024 13:32:16,S06,20241212
S06/20241212/00011,2,P102404,1,370.32,SALE,12-12-2024 13:32:16,S06,20241212
S06/20241212/00011,3,P103050,3,569.48,SALE,12-12-2024 13:32:16,S06,20241212
S06/20241212/00011,4,P100686,3,800.21,SALE,12-12-2024 13:32:16,S06,20241212
S06/20241212/00011,5,TAX,1,16.45,TAX,12-12-2024 13:32:16,S06,20241212
S06/20241212/00011,6,TENDER,1,4824.79,TENDER,12-12-2024 13:32:16,S06,20241212
S06/20241212/00012,1,P107695,2,271.01,SALE,12-12-2024 15:08:20,S06,20241212
S06/20241212/00012,2,P101884,3,352.98,SALE,12-12-2024 15:08:20,S06,20241212
S06/20241212/00012,3,TAX,1,224.64,TAX,12-12-2024 15:08:20,S06,20241212
S06/20241212/00012,4,TENDER,1,1825.60,TENDER,12-12-2024 15:08:20,S06,20241212
S06/20241212/00013,1,P105219,3,763.15,SALE,12-12-2024 18:25:54,S06,20241212
S06/20241212/00013,2,P107094,1,97.95,SALE,12-12-2024 18:25:54,S06,20241212
S06/20241212/00013,3,P107662,4,330.01,SALE,12-12-2024 18:25:54,S06,20241212
S06/20241212/00013,4,TAX,1,667.34,TAX,12-12-2024 18:25:54,S06,20241212
S06/20241212/00013,5,TENDER,1,4374.78,TENDER,12-12-2024 18:25:54,S06,20241212
S06/20241212/00014,1,P103964,2,134.21,SALE,12-12-2024 14:26:50,S06,20241212
S06/20241212/00014,2,P101090,3,24.06,SALE,12-12-2024 14:26:50,S06,20241212
S06/20241212/00014,3,P103054,3,145.96,SALE,12-12-2024 14:26:50,S06,20241212
S06/20241212/00014,4,P107743,2,197.87,SALE,12-12-2024 14:26:50,S06,20241212
S06/20241212/00014,5,TAX,1,73.90,TAX,12-12-2024 14:26:50,S06,20241212
S06/20241212/00014,6,TENDER,1,1248.12,TENDER,12-12-2024 14:26:50,S06,20241212
S06/20241212/00015,1,P103171,3,68.42,SALE,12-12-2024 18:19:59,S06,20241212
S06/20241212/00015,2,P103022,4,66.47,SALE,12-12-2024 18:19:59,S06,20241212
S06/20241212/00015,3,P102691,2,219.72,SALE,12-12-2024 18:19:59,S06,20241212
S06/20241212/00015,4,P101899,1,326.35,SALE,12-12-2024 18:19:59,S06,20241212
S06/20241212/00015,5,TAX,1,122.88,TAX,12-12-2024 18:19:59,S06,20241212
S06/20241212/00015,6,TENDER,1,1359.81,TENDER,12-12-2024 18:19:59,S06,20241212
S06/20241212/00016,1,P102972,4,227.38,SALE,12-12-2024 13:27:04,S06,20241212
S06/20241212/00016,2,P107775,1,737.39,SALE,12-12-2024 13:27:04,S06,20241212
S06/20241212/00016,3,P103584,1,402.02,SALE,12-12-2024 13:27:04,S06,20241212
S06/20241212/00016,4,P104079,1,75.55,SALE,12-12-2024 13:27:04,S06,20241212
S06/20241212/00016,5,P104194,2,130.94,SALE,12-12-2024 13:27:04,S06,20241212
S06/20241212/00016,6,P100967,1,969.23,SALE,12-12-2024 13:27:04,S06,20241212
S06/20241212/00016,7,TAX,1,381.82,TAX,12-12-2024 13:27:04,S06,20241212
S06/20241212/00016,8,TENDER,1,3737.41,TENDER,12-12-2024 13:27:04,S06,20241212
S06/20241212/00017,1,P106793,1,303.65,SALE,12-12-2024 18:11:22,S06,20241212
S06/20241212/00017,2,P107639,2,128.49,SALE,12-12-2024 18:11:22,S06,20241212
S06/20241212/00017,3,P102219,2,780.86,SALE,12-12-2024 18:11:22,S06,20241212
S06/20241212/00017,4,DISC,1,-217.68,DISCOUNT,12-12-2024 18:11:22,S06,20241212
S06/20241212/00017,5,TAX,1,111.38,TAX,12-12-2024 18:11:22,S06,20241212
S06/20241212/00017,6,TENDER,1,2016.05,TENDER,12-12-2024 18:11:22,S06,20241212
S06/20241212/00018,1,P106080,2,361.06,SALE,12-12-2024 18:09:30,S06,20241212
S06/20241212/00018,2,P102383,3,10.62,SALE,12-12-2024 18:09:30,S06,20241212
S06/20241212/00018,3,P108144,1,253.94,SALE,12-12-2024 18:09:30,S06,20241212
S06/20241212/00018,4,TAX,1,122.86,TAX,12-12-2024 18:09:30,S06,20241212
S06/20241212/00018,5,TENDER,1,1130.78,TENDER,12-12-2024 18:09:30,S06,20241212
S06/20241212/00019,1,P108125,3,129.06,SALE,12-12-2024 14:42:13,S06,20241212
S06/20241212/00019,2,P105453,3,465.18,SALE,12-12-2024 14:42:13,S06,20241212
S06/20241212/00019,3,P102175,2,191.56,SALE,12-12-2024 14:42:13,S06,20241212
S06/20241212/00019,4,TAX,1,251.20,TAX,12-12-2024 14:42:13,S06,20241212
S06/20241212/00019,5,TENDER,1,2417.04,TENDER,12-12-2024 14:42:13,S06,20241212
S06/20241212/00020,1,P101990,2,408.52,SALE,12-12-2024 17:09:29,S06,20241212
S06/20241212/00020,2,P102280,2,644.81,SALE,12-12-2024 17:09:29,S06,20241212
S06/20241212/00020,3,P103259,4,298.27,SALE,12-12-2024 17:09:29,S06,20241212
S06/20241212/00020,4,DISC,1,-166.87,DISCOUNT,12-12-2024 17:09:29,S06,20241212
S06/20241212/00020,5,TAX,1,313.48,TAX,12-12-2024 17:09:29,S06,20241212
S06/20241212/00020,6,TENDER,1,3446.35,TENDER,12-12-2024 17:09:29,S06,20241212
S06/20241212/00021,1,P103435,1,443.24,SALE,12-12-2024 16:11:03,S06,20241212
S06/20241212/00021,2,P105127,1,77.13,SALE,12-12-2024 16:11:03,S06,20241212
S06/20241212/00021,3,P104168,1,512.27,SALE,12-12-2024 16:11:03,S06,20241212
S06/20241212/00021,4,P108046,1,101.85,SALE,12-12-2024 16:11:03,S06,20241212
S06/20241212/00021,5,P105021,4,1246.70,SALE,12-12-2024 16:11:03,S06,20241212
S06/20241212/00021,6,P101564,2,172.72,SALE,12-12-2024 16:11:03,S06,20241212
S06/20241212/00021,7,P102835,1,101.19,SALE,12-12-2024 16:11:03,S06,20241212
S06/20241212/00021,8,TAX,1,800.32,TAX,12-12-2024 16:11:03,S06,20241212
S06/20241212/00021,9,TENDER,1,7368.24,TENDER,12-12-2024 16:11:03,S06,20241212
S06/20241212/00022,1,P107920,1,109.22,SALE,12-12-2024 12:09:01,S06,20241212
S06/20241212/00022,2,P107767,1,510.38,SALE,12-12-2024 12:09:01,S06,20241212
S06/20241212/00022,3,P106793,3,303.65,SALE,12-12-2024 12:09:01,S06,20241212
S06/20241212/00022,4,P105400,6,53.13,SALE,12-12-2024 12:09:01,S06,20241212
S06/20241212/00022,5,TAX,1,148.11,TAX,12-12-2024 12:09:01,S06,20241212
S06/20241212/00022,6,TENDER,1,1997.44,TENDER,12-12-2024 12:09:01,S06,20241212
S06/20241212/00023,1,P103096,2,315.47,SALE,12-12-2024 14:42:22,S06,20241212
S06/20241212/00023,2,P106920,3,1398.34,SALE,12-12-2024 14:42:22,S06,20241212
S06/20241212/00023,3,P107715,2,241.95,SALE,12-12-2024 14:42:22,S06,20241212
S06/20241212/00023,4,P100026,1,315.91,SALE,12-12-2024 14:42:22,S06,20241212
S06/20241212/00023,5,P104526,3,363.05,SALE,12-12-2024 14:42:22,S06,20241212
S06/20241212/00023,6,TAX,1,270.92,TAX,12-12-2024 14:42:22,S06,20241212
S06/20241212/00023,7,TENDER,1,6985.84,TENDER,12-12-2024 14:42:22,S06,20241212
S06/20241212/00024,1,P105733,2,151.69,SALE,12-12-2024 15:33:55,S06,20241212
S06/20241212/00024,2,P106336,2,452.43,SALE,12-12-2024 15:33:55,S06,20241212
S06/20241212/00024,3,P104112,1,52.93,SALE,12-12-2024 15:33:55,S06,20241212
S06/20241212/00024,4,TAX,1,220.13,TAX,12-12-2024 15:33:55,S06,20241212
S06/20241212/00024,5,TENDER,1,1481.30,TENDER,12-12-2024 15:33:55,S06,20241212
S06/20241212/00025,1,P107589,2,257.75,SALE,12-12-2024 13:02:17,S06,20241212
S06/20241212/00025,2,P105021,3,1246.70,SALE,12-12-2024 13:02:17,S06,20241212
S06/20241212/00025,3,P108001,2,96.97,SALE,12-12-2024 13:02:17,S06,20241212
S06/20241212/00025,4,P106373,1,48.45,SALE,12-12-2024 13:02:17,S06,20241212
S06/20241212/00025,5,P106783,1,94.23,SALE,12-12-2024 13:02:17,S06,20241212
S06/20241212/00025,6,P106718,3,525.27,SALE,12-12-2024 13:02:17,S06,20241212
S06/20241212/00025,7,P106399,2,198.14,SALE,12-12-2024 13:02:17,S06,20241212
S06/20241212/00025,8,TAX,1,864.45,TAX,12-12-2024 13:02:17,S06,20241212
S06/20241212/00025,9,TENDER,1,7428.76,TENDER,12-12-2024 13:02:17,S06,20241212
S06/20241212/00026,1,P102074,2,415.90,SALE,12-12-2024 16:15:40,S06,20241212
S06/20241212/00026,2,P103922,1,51.00,SALE,12-12-2024 16:15:40,S06,20241212
S06/20241212/00026,3,P102353,1,139.83,SALE,12-12-2024 16:15:40,S06,20241212
S06/20241212/00026,4,TAX,1,57.76,TAX,12-12-2024 16:15:40,S06,20241212
S06/20241212/00026,5,TENDER,1,1080.39,TENDER,12-12-2024 16:15:40,S06,20241212
S06/20241212/00027,1,P108174,-2,235.92,RETURN,12-12-2024 19:04:36,S06,20241212
S06/20241212/00027,2,P108216,-2,69.70,RETURN,12-12-2024 19:04:36,S06,20241212
S06/20241212/00027,3,P101237,-2,278.87,RETURN,12-12-2024 19:04:36,S06,20241212
S06/20241212/00027,4,P103435,-3,443.24,RETURN,12-12-2024 19:04:36,S06,20241212
S06/20241212/00027,5,P102656,-1,194.33,RETURN,12-12-2024 19:04:36,S06,20241212
S06/20241212/00027,6,P100736,-2,700.87,RETURN,12-12-2024 19:04:36,S06,20241212
S06/20241212/00027,7,TAX,1,-514.77,TAX,12-12-2024 19:04:36,S06,20241212
S06/20241212/00027,8,TENDER,1,-4609.54,TENDER,12-12-2024 19:04:36,S06,20241212
S06/20241212/00028,1,P105479,2,233.61,SALE,12-12-2024 14:00:08,S06,20241212
S06/20241212/00028,2,P107446,1,593.14,SALE,12-12-2024 14:00:08,S06,20241212
S06/20241212/00028,3,P108234,4,33.09,SALE,12-12-2024 14:00:08,S06,20241212
S06/20241212/00028,4,TAX,1,186.66,TAX,12-12-2024 14:00:08,S06,20241212
S06/20241212/00028,5,TENDER,1,1379.38,TENDER,12-12-2024 14:00:08,S06,20241212
S06/20241212/00029,1,P103206,1,450.05,SALE,12-12-2024 13:29:31,S06,20241212
S06/20241212/00029,2,P105268,3,300.66,SALE,12-12-2024 13:29:31,S06,20241212
S06/20241212/00029,3,P105119,1,106.45,SALE,12-12-2024 13:29:31,S06,20241212
S06/20241212/00029,4,P101122,2,69.38,SALE,12-12-2024 13:29:31,S06,20241212
S06/20241212/00029,5,P108262,2,592.59,SALE,12-12-2024 13:29:31,S06,20241212
S06/20241212/00029,6,P104617,3,107.09,SALE,12-12-2024 13:29:31,S06,20241212
S06/20241212/00029,7,DISC,1,-285.44,DISCOUNT,12-12-2024 13:29:31,S06,20241212
S06/20241212/00029,8,TAX,1,507.29,TAX,12-12-2024 13:29:31,S06,20241212
S06/20241212/00029,9,TENDER,1,3325.54,TENDER,12-12-2024 13:29:31,S06,20241212
S06/20241212/00030,1,P103283,2,166.64,SALE,12-12-2024 07:13:47,S06,20241212
S06/20241212/00030,2,P102772,4,151.97,SALE,12-12-2024 07:13:47,S06,20241212
S06/20241212/00030,3,P103487,3,361.14,SALE,12-12-2024 07:13:47,S06,20241212
S06/20241212/00030,4,P104526,3,363.05,SALE,12-12-2024 07:13:47,S06,20241212
S06/20241212/00030,5,P103129,3,84.49,SALE,12-12-2024 07:13:47,S06,20241212
S06/20241212/00030,6,P101940,1,201.44,SALE,12-12-2024 07:13:47,S06,20241212
S06/20241212/00030,7,P102409,1,326.59,SALE,12-12-2024 07:13:47,S06,20241212
S06/20241212/00030,8,TAX,1,360.11,TAX,12-12-2024 07:13:47,S06,20241212
S06/20241212/00030,9,TENDER,1,4255.34,TENDER,12-12-2024 07:13:47,S06,20241212
S06/20241212/00031,1,P107966,3,391.71,SALE,12-12-2024 19:40:43,S06,20241212
S06/20241212/00031,2,P108135,3,562.62,SALE,12-12-2024 19:40:43,S06,20241212
S06/20241212/00031,3,TAX,1,0.00,TAX,12-12-2024 19:40:43,S06,20241212
S06/20241212/00031,4,TENDER,1,2862.99,TENDER,12-12-2024 19:40:43,S06,20241212
S06/20241212/00032,1,P107681,2,193.13,SALE,12-12-2024 12:47:43,S06,20241212
S06/20241212/00032,2,P105187,2,1046.11,SALE,12-12-2024 12:47:43,S06,20241212
S06/20241212/00032,3,P106639,2,485.46,SALE,12-12-2024 12:47:43,S06,20241212
S06/20241212/00032,4,P107621,1,119.64,SALE,12-12-2024 12:47:43,S06,20241212
S06/20241212/00032,5,TAX,1,186.04,TAX,12-12-2024 12:47:43,S06,20241212
S06/20241212/00032,6,TENDER,1,3755.08,TENDER,12-12-2024 12:47:43,S06,20241212
S06/20241212/00033,1,P101489,1,555.59,SALE,12-12-2024 18:58:52,S06,20241212
S06/20241212/00033,2,P107973,2,271.93,SALE,12-12-2024 18:58:52,S06,20241212
S06/20241212/00033,3,P100308,5,328.66,SALE,12-12-2024 18:58:52,S06,20241212
S06/20241212/00033,4,P106344,4,801.30,SALE,12-12-2024 18:58:52,S06,20241212
S06/20241212/00033,5,P102114,2,134.74,SALE,12-12-2024 18:58:52,S06,20241212
S06/20241212/00033,6,P103328,1,228.35,SALE,12-12-2024 18:58:52,S06,20241212
S06/20241212/00033,7,TAX,1,278.97,TAX,12-12-2024 18:58:52,S06,20241212
S06/20241212/00033,8,TENDER,1,6724.75,TENDER,12-12-2024 18:58:52,S06,20241212
S06/20241212/00034,1,P102531,5,160.54,SALE,12-12-2024 16:39:36,S06,20241212
S06/20241212/00034,2,P105351,2,109.14,SALE,12-12-2024 16:39:36,S06,20241212
S06/20241212/00034,3,P108216,1,69.70,SALE,12-12-2024 16:39:36,S06,20241212
S06/20241212/00034,4,P107381,2,195.99,SALE,12-12-2024 16:39:36,S06,20241212
S06/20241212/00034,5,P104026,1,152.97,SALE,12-12-2024 16:39:36,S06,20241212
S06/20241212/00034,6,TAX,1,193.79,TAX,12-12-2024 16:39:36,S06,20241212
S06/20241212/00034,7,TENDER,1,1829.42,TENDER,12-12-2024 16:39:36,S06,20241212
S06/20241212/00035,1,P102801,2,108.87,SALE,12-12-2024 21:27:38,S06,20241212
S06/20241212/00035,2,P108227,2,551.58,SALE,12-12-2024 21:27:38,S06,20241212
S06/20241212/00035,3,P101674,1,387.70,SALE,12-12-2024 21:27:38,S06,20241212
S06/20241212/00035,4,P107094,3,97.95,SALE,12-12-2024 21:27:38,S06,20241212
S06/20241212/00035,5,TAX,1,161.87,TAX,12-12-2024 21:27:38,S06,20241212
S06/20241212/00035,6,TENDER,1,2164.32,TENDER,12-12-2024 21:27:38,S06,20241212
S06/20241212/00036,1,P106027,6,1548.23,SALE,12-12-2024 23:44:24,S06,20241212
S06/20241212/00036,2,P107217,2,293.45,SALE,12-12-2024 23:44:24,S06,20241212
S06/20241212/00036,3,P102534,2,98.12,SALE,12-12-2024 23:44:24,S06,20241212
S06/20241212/00036,4,P105815,1,320.65,SALE,12-12-2024 23:44:24,S06,20241212
S06/20241212/00036,5,P105145,1,763.65,SALE,12-12-2024 23:44:24,S06,20241212
S06/20241212/00036,6,P107110,2,77.73,SALE,12-12-2024 23:44:24,S06,20241212
S06/20241212/00036,7,P100536,1,471.52,SALE,12-12-2024 23:44:24,S06,20241212
S06/20241212/00036,8,P106686,5,324.48,SALE,12-12-2024 23:44:24,S06,20241212
S06/20241212/00036,9,P102035,2,471.15,SALE,12-12-2024 23:44:24,S06,20241212
S06/20241212/00036,10,P107859,1,136.84,SALE,12-12-2024 23:44:24,S06,20241212
S06/20241212/00036,11,P103406,4,1248.48,SALE,12-12-2024 23:44:24,S06,20241212
S06/20241212/00036,12,TAX,1,991.43,TAX,12-12-2024 23:44:24,S06,20241212
S06/20241212/00036,13,TENDER,1,20470.69,TENDER,12-12-2024 23:44:24,S06,20241212
S06/20241212/00037,1,P100421,2,121.56,SALE,12-12-2024 18:16:33,S06,20241212
S06/20241212/00037,2,P106133,3,370.91,SALE,12-12-2024 18:16:33,S06,20241212
S06/20241212/00037,3,P107242,1,635.24,SALE,12-12-2024 18:16:33,S06,20241212
S06/20241212/00037,4,P106123,1,248.44,SALE,12-12-2024 18:16:33,S06,20241212
S06/20241212/00037,5,P106984,5,28.34,SALE,12-12-2024 18:16:33,S06,20241212
S06/20241212/00037,6,DISC,1,-186.82,DISCOUNT,12-12-2024 18:16:33,S06,20241212
S06/20241212/00037,7,TAX,1,220.38,TAX,12-12-2024 18:16:33,S06,20241212
S06/20241212/00037,8,TENDER,1,2414.79,TENDER,12-12-2024 18:16:33,S06,20241212
S06/20241213/00001,1,P103946,3,338.64,SALE,13-12-2024 12:18:56,S06,20241213
S06/20241213/00001,2,P102383,2,10.62,SALE,13-12-2024 12:18:56,S06,20241213
S06/20241213/00001,3,P101599,1,417.76,SALE,13-12-2024 12:18:56,S06,20241213
S06/20241213/00001,4,P103816,2,209.63,SALE,13-12-2024 12:18:56,S06,20241213
S06/20241213/00001,5,TAX,1,154.49,TAX,13-12-2024 12:18:56,S06,20241213
S06/20241213/00001,6,TENDER,1,2028.67,TENDER,13-12-2024 12:18:56,S06,20241213
S06/20241213/00002,1,P102219,2,780.86,SALE,13-12-2024 16:30:30,S06,20241213
S06/20241213/00002,2,P101242,2,97.89,SALE,13-12-2024 16:30:30,S06,20241213
S06/20241213/00002,3,P105413,1,168.78,SALE,13-12-2024 16:30:30,S06,20241213
S06/20241213/00002,4,TAX,1,133.58,TAX,13-12-2024 16:30:30,S06,20241213
S06/20241213/00002,5,TENDER,1,2059.86,TENDER,13-12-2024 16:30:30,S06,20241213
S06/20241213/00003,1,P101010,3,71.39,SALE,13-12-2024 12:06:58,S06,20241213
S06/20241213/00003,2,P103904,1,1081.09,SALE,13-12-2024 12:06:58,S06,20241213
S06/20241213/00003,3,P104842,2,352.80,SALE,13-12-2024 12:06:58,S06,20241213
S06/20241213/00003,4,P103661,1,125.81,SALE,13-12-2024 12:06:58,S06,20241213
S06/20241213/00003,5,P108275,1,504.53,SALE,13-12-2024 12:06:58,S06,20241213
S06/20241213/00003,6,P104517,5,1474.90,SALE,13-12-2024 12:06:58,S06,20241213
S06/20241213/00003,7,DISC,1,-405.60,DISCOUNT,13-12-2024 12:06:58,S06,20241213
S06/20241213/00003,8,TAX,1,266.62,TAX,13-12-2024 12:06:58,S06,20241213
S06/20241213/00003,9,TENDER,1,9866.72,TENDER,13-12-2024 12:06:58,S06,20241213
S06/20241213/00004,1,P104774,1,81.81,SALE,13-12-2024 13:46:51,S06,20241213
S06/20241213/00004,2,P100784,3,319.36,SALE,13-12-2024 13:46:51,S06,20241213
S06/20241213/00004,3,DISC,1,-50.99,DISCOUNT,13-12-2024 13:46:51,S06,20241213
S06/20241213/00004,4,TAX,1,113.22,TAX,13-12-2024 13:46:51,S06,20241213
S06/20241213/00004,5,TENDER,1,1102.12,TENDER,13-12-2024 13:46:51,S06,20241213
S06/20241213/00005,1,P104042,3,365.03,SALE,13-12-2024 14:43:12,S06,20241213
S06/20241213/00005,2,P108206,2,81.62,SALE,13-12-2024 14:43:12,S06,20241213
S06/20241213/00005,3,P105677,2,109.29,SALE,13-12-2024 14:43:12,S06,20241213
S06/20241213/00005,4,TAX,1,170.76,TAX,13-12-2024 14:43:12,S06,20241213
S06/20241213/00005,5,TENDER,1,1647.67,TENDER,13-12-2024 14:43:12,S06,20241213
S06/20241213/00006,1,P100911,2,67.40,SALE,13-12-2024 13:37:59,S06,20241213
S06/20241213/00006,2,P100135,2,72.29,SALE,13-12-2024 13:37:59,S06,20241213
S06/20241213/00006,3,P108313,3,455.94,SALE,13-12-2024 13:37:59,S06,20241213
S06/20241213/00006,4,TAX,1,178.11,TAX,13-12-2024 13:37:59,S06,20241213
S06/20241213/00006,5,TENDER,1,1825.31,TENDER,13-12-2024 13:37:59,S06,20241213
S06/20241213/00007,1,P102656,2,194.33,SALE,13-12-2024 19:56:51,S06,20241213
S06/20241213/00007,2,P100511,2,442.66,SALE,13-12-2024 19:56:51,S06,20241213
S06/20241213/00007,3,P100528,2,566.11,SALE,13-12-2024 19:56:51,S06,20241213
S06/20241213/00007,4,TAX,1,125.67,TAX,13-12-2024 19:56:51,S06,20241213
S06/20241213/00007,5,TENDER,1,2531.87,TENDER,13-12-2024 19:56:51,S06,20241213
S06/20241213/00008,1,P103090,2,841.97,SALE,13-12-2024 16:32:50,S06,20241213
S06/20241213/00008,2,P104820,5,207.26,SALE,13-12-2024 16:32:50,S06,20241213
S06/20241213/00008,3,P108174,3,224.12,SALE,13-12-2024 16:32:50,S06,20241213
S06/20241213/00008,4,TAX,1,304.35,TAX,13-12-2024 16:32:50,S06,20241213
S06/20241213/00008,5,TENDER,1,3696.95,TENDER,13-12-2024 16:32:50,S06,20241213
S06/20241213/00009,1,P108135,3,562.62,SALE,13-12-2024 12:57:08,S06,20241213
S06/20241213/00009,2,P105062,2,14.84,SALE,13-12-2024 12:57:08,S06,20241213
S06/20241213/00009,3,P100463,2,290.57,SALE,13-12-2024 12:57:08,S06,20241213
S06/20241213/00009,4,P107446,4,593.14,SALE,13-12-2024 12:57:08,S06,20241213
S06/20241213/00009,5,P106550,1,29.54,SALE,13-12-2024 12:57:08,S06,20241213
S06/20241213/00009,6,P103882,2,273.56,SALE,13-12-2024 12:57:08,S06,20241213
S06/20241213/00009,7,TAX,1,605.94,TAX,13-12-2024 12:57:08,S06,20241213
S06/20241213/00009,8,TENDER,1,5853.84,TENDER,13-12-2024 12:57:08,S06,20241213
S06/20241213/00010,1,P106506,1,138.38,SALE,13-12-2024 17:51:22,S06,20241213
S06/20241213/00010,2,P104236,2,289.43,SALE,13-12-2024 17:51:22,S06,20241213
S06/20241213/00010,3,P101697,3,102.34,SALE,13-12-2024 17:51:22,S06,20241213
S06/20241213/00010,4,P106989,4,26.75,SALE,13-12-2024 17:51:22,S06,20241213
S06/20241213/00010,5,TAX,1,148.36,TAX,13-12-2024 17:51:22,S06,20241213
S06/20241213/00010,6,TENDER,1,1279.62,TENDER,13-12-2024 17:51:22,S06,20241213
S06/20241213/00011,1,P104133,2,248.31,SALE,13-12-2024 22:18:35,S06,20241213
S06/20241213/00011,2,P101933,3,1344.63,SALE,13-12-2024 22:18:35,S06,20241213
S06/20241213/00011,3,P105666,3,1064.29,SALE,13-12-2024 22:18:35,S06,20241213
S06/20241213/00011,4,P100985,1,327.15,SALE,13-12-2024 22:18:35,S06,20241213
S06/20241213/00011,5,P103374,3,38.02,SALE,13-12-2024 22:18:35,S06,20241213
S06/20241213/00011,6,P104133,-2,248.31,VOID,13-12-2024 22:18:35,S06,20241213
S06/20241213/00011,7,P101933,-3,1344.63,VOID,13-12-2024 22:18:35,S06,20241213
S06/20241213/00011,8,P105666,-3,1064.29,VOID,13-12-2024 22:18:35,S06,20241213
S06/20241213/00011,9,P100985,-1,327.15,VOID,13-12-2024 22:18:35,S06,20241213
S06/20241213/00011,10,P103374,-3,38.02,VOID,13-12-2024 22:18:35,S06,20241213
S06/20241213/00011,11,TAX,1,0.00,TAX,13-12-2024 22:18:35,S06,20241213
S06/20241213/00011,12,TENDER,1,0.00,TENDER,13-12-2024 22:18:35,S06,20241213
S06/20241213/00012,1,P105918,2,294.44,SALE,13-12-2024 16:30:43,S06,20241213
S06/20241213/00012,2,P106221,2,31.65,SALE,13-12-2024 16:30:43,S06,20241213
S06/20241213/00012,3,TAX,1,117.39,TAX,13-12-2024 16:30:43,S06,20241213
S06/20241213/00012,4,TENDER,1,769.57,TENDER,13-12-2024 16:30:43,S06,20241213
S06/20241213/00013,1,P103904,2,1081.09,SALE,13-12-2024 17:01:31,S06,20241213
S06/20241213/00013,2,P102849,2,682.39,SALE,13-12-2024 17:01:31,S06,20241213
S06/20241213/00013,3,P103525,3,252.51,SALE,13-12-2024 17:01:31,S06,20241213
S06/20241213/00013,4,P102217,1,68.46,SALE,13-12-2024 17:01:31,S06,20241213
S06/20241213/00013,5,P103348,3,485.60,SALE,13-12-2024 17:01:31,S06,20241213
S06/20241213/00013,6,TAX,1,382.60,TAX,13-12-2024 17:01:31,S06,20241213
S06/20241213/00013,7,TENDER,1,6192.35,TENDER,13-12-2024 17:01:31,S06,20241213
S06/20241213/00014,1,P103577,2,100.44,SALE,13-12-2024 19:35:43,S06,20241213
S06/20241213/00014,2,P101634,5,25.05,SALE,13-12-2024 19:35:43,S06,20241213
S06/20241213/00014,3,P105918,3,294.44,SALE,13-12-2024 19:35:43,S06,20241213
S06/20241213/00014,4,P101374,2,55.98,SALE,13-12-2024 19:35:43,S06,20241213
S06/20241213/00014,5,TAX,1,225.80,TAX,13-12-2024 19:35:43,S06,20241213
S06/20241213/00014,6,TENDER,1,1547.21,TENDER,13-12-2024 19:35:43,S06,20241213
S06/20241213/00015,1,P108313,4,455.94,SALE,13-12-2024 11:39:15,S06,20241213
S06/20241213/00015,2,P101201,1,48.42,SALE,13-12-2024 11:39:15,S06,20241213
S06/20241213/00015,3,P104916,1,340.18,SALE,13-12-2024 11:39:15,S06,20241213
S06/20241213/00015,4,P106501,2,164.07,SALE,13-12-2024 11:39:15,S06,20241213
S06/20241213/00015,5,P107686,4,347.22,SALE,13-12-2024 11:39:15,S06,20241213
S06/20241213/00015,6,TAX,1,591.57,TAX,13-12-2024 11:39:15,S06,20241213
S06/20241213/00015,7,TENDER,1,4520.95,TENDER,13-12-2024 11:39:15,S06,20241213
S06/20241213/00016,1,P102193,1,343.13,SALE,13-12-2024 11:06:02,S06,20241213
S06/20241213/00016,2,TAX,1,61.76,TAX,13-12-2024 11:06:02,S06,20241213
S06/20241213/00016,3,TENDER,1,404.89,TENDER,13-12-2024 11:06:02,S06,20241213
S06/20241213/00017,1,P102656,3,194.33,SALE,13-12-2024 19:54:04,S06,20241213
S06/20241213/00017,2,P105860,4,674.13,SALE,13-12-2024 19:54:04,S06,20241213
S06/20241213/00017,3,P102975,1,234.92,SALE,13-12-2024 19:54:04,S06,20241213
S06/20241213/00017,4,P104410,4,541.11,SALE,13-12-2024 19:54:04,S06,20241213
S06/20241213/00017,5,P106566,4,251.68,SALE,13-12-2024 19:54:04,S06,20241213
S06/20241213/00017,6,TAX,1,777.07,TAX,13-12-2024 19:54:04,S06,20241213
S06/20241213/00017,7,TENDER,1,7462.66,TENDER,13-12-2024 19:54:04,S06,20241213
S06/20241213/00018,1,P103861,2,57.59,SALE,13-12-2024 17:13:40,S06,20241213
S06/20241213/00018,2,P100819,1,1109.59,SALE,13-12-2024 17:13:40,S06,20241213
S06/20241213/00018,3,P105092,2,57.00,SALE,13-12-2024 17:13:40,S06,20241213
S06/20241213/00018,4,P101796,1,990.67,SALE,13-12-2024 17:13:40,S06,20241213
S06/20241213/00018,5,P100044,2,737.05,SALE,13-12-2024 17:13:40,S06,20241213
S06/20241213/00018,6,TAX,1,252.70,TAX,13-12-2024 17:13:40,S06,20241213
S06/20241213/00018,7,TENDER,1,4056.24,TENDER,13-12-2024 17:13:40,S06,20241213
S06/20241213/00019,1,P106975,3,143.78,SALE,13-12-2024 14:57:35,S06,20241213
S06/20241213/00019,2,P105878,1,282.51,SALE,13-12-2024 14:57:35,S06,20241213
S06/20241213/00019,3,P104718,2,364.54,SALE,13-12-2024 14:57:35,S06,20241213
S06/20241213/00019,4,P100686,3,800.21,SALE,13-12-2024 14:57:35,S06,20241213
S06/20241213/00019,5,P101062,3,52.38,SALE,13-12-2024 14:57:35,S06,20241213
S06/20241213/00019,6,P108162,2,257.55,SALE,13-12-2024 14:57:35,S06,20241213
S06/20241213/00019,7,TAX,1,212.87,TAX,13-12-2024 14:57:35,S06,20241213
S06/20241213/00019,8,TENDER,1,4728.67,TENDER,13-12-2024 14:57:35,S06,20241213
S06/20241213/00020,1,P106975,2,143.78,SALE,13-12-2024 21:33:09,S06,20241213
S06/20241213/00020,2,P104058,3,351.54,SALE,13-12-2024 21:33:09,S06,20241213
S06/20241213/00020,3,P103647,3,42.08,SALE,13-12-2024 21:33:09,S06,20241213
S06/20241213/00020,4,TAX,1,241.59,TAX,13-12-2024 21:33:09,S06,20241213
S06/20241213/00020,5,TENDER,1,1710.01,TENDER,13-12-2024 21:33:09,S06,20241213
S06/20241213/00021,1,P107078,3,98.82,SALE,13-12-2024 17:45:00,S06,20241213
S06/20241213/00021,2,P105302,3,281.37,SALE,13-12-2024 17:45:00,S06,20241213
S06/20241213/00021,3,P100869,3,62.15,SALE,13-12-2024 17:45:00,S06,20241213
S06/20241213/00021,4,P104986,3,221.68,SALE,13-12-2024 17:45:00,S06,20241213
S06/20241213/00021,5,P100033,3,828.62,SALE,13-12-2024 17:45:00,S06,20241213
S06/20241213/00021,6,TAX,1,308.58,TAX,13-12-2024 17:45:00,S06,20241213
S06/20241213/00021,7,TENDER,1,4786.50,TENDER,13-12-2024 17:45:00,S06,20241213
S06/20241213/00022,1,P101263,2,684.55,SALE,13-12-2024 17:14:53,S06,20241213
S06/20241213/00022,2,P101298,2,224.87,SALE,13-12-2024 17:14:53,S06,20241213
S06/20241213/00022,3,P106452,3,31.15,SALE,13-12-2024 17:14:53,S06,20241213
S06/20241213/00022,4,P104439,3,123.98,SALE,13-12-2024 17:14:53,S06,20241213
S06/20241213/00022,5,TAX,1,372.03,TAX,13-12-2024 17:14:53,S06,20241213
S06/20241213/00022,6,TENDER,1,2656.26,TENDER,13-12-2024 17:14:53,S06,20241213
S06/20241213/00023,1,P102054,2,142.99,SALE,13-12-2024 08:23:50,S06,20241213
S06/20241213/00023,2,P103328,2,228.35,SALE,13-12-2024 08:23:50,S06,20241213
S06/20241213/00023,3,P106602,1,122.17,SALE,13-12-2024 08:23:50,S06,20241213
S06/20241213/00023,4,P102151,1,1117.25,SALE,13-12-2024 08:23:50,S06,20241213
S06/20241213/00023,5,P100394,1,320.36,SALE,13-12-2024 08:23:50,S06,20241213
S06/20241213/00023,6,P107266,2,71.89,SALE,13-12-2024 08:23:50,S06,20241213
S06/20241213/00023,7,P108262,3,592.59,SALE,13-12-2024 08:23:50,S06,20241213
S06/20241213/00023,8,P102744,1,98.75,SALE,13-12-2024 08:23:50,S06,20241213
S06/20241213/00023,9,TAX,1,529.04,TAX,13-12-2024 08:23:50,S06,20241213
S06/20241213/00023,10,TENDER,1,4851.80,TENDER,13-12-2024 08:23:50,S06,20241213
S06/20241213/00024,1,P108131,1,627.37,SALE,13-12-2024 14:22:33,S06,20241213
S06/20241213/00024,2,P101864,3,112.21,SALE,13-12-2024 14:22:33,S06,20241213
S06/20241213/00024,3,P105959,2,513.93,SALE,13-12-2024 14:22:33,S06,20241213
S06/20241213/00024,4,P103538,1,265.96,SALE,13-12-2024 14:22:33,S06,20241213
S06/20241213/00024,5,P105684,1,1114.27,SALE,13-12-2024 14:22:33,S06,20241213
S06/20241213/00024,6,P102219,2,780.86,SALE,13-12-2024 14:22:33,S06,20241213
S06/20241213/00024,7,TAX,1,424.07,TAX,13-12-2024 14:22:33,S06,20241213
S06/20241213/00024,8,TENDER,1,5357.88,TENDER,13-12-2024 14:22:33,S06,20241213
S06/20241213/00025,1,P101520,2,187.47,SALE,13-12-2024 16:39:28,S06,20241213
S06/20241213/00025,2,P107708,3,167.35,SALE,13-12-2024 16:39:28,S06,20241213
S06/20241213/00025,3,P107884,2,29.77,SALE,13-12-2024 16:39:28,S06,20241213
S06/20241213/00025,4,P100156,2,1528.63,SALE,13-12-2024 16:39:28,S06,20241213
S06/20241213/00025,5,TAX,1,29.46,TAX,13-12-2024 16:39:28,S06,20241213
S06/20241213/00025,6,TENDER,1,4023.25,TENDER,13-12-2024 16:39:28,S06,20241213
S06/20241213/00026,1,P104320,2,147.42,SALE,13-12-2024 17:20:12,S06,20241213
S06/20241213/00026,2,P108017,1,105.98,SALE,13-12-2024 17:20:12,S06,20241213
S06/20241213/00026,3,P108067,1,640.50,SALE,13-12-2024 17:20:12,S06,20241213
S06/20241213/00026,4,P102321,4,35.15,SALE,13-12-2024 17:20:12,S06,20241213
S06/20241213/00026,5,P104725,3,551.38,SALE,13-12-2024 17:20:12,S06,20241213
S06/20241213/00026,6,TAX,1,314.62,TAX,13-12-2024 17:20:12,S06,20241213
S06/20241213/00026,7,TENDER,1,3150.68,TENDER,13-12-2024 17:20:12,S06,20241213
S06/20241213/00027,1,P101367,4,512.46,SALE,13-12-2024 13:54:39,S06,20241213
S06/20241213/00027,2,P104572,2,182.16,SALE,13-12-2024 13:54:39,S06,20241213
S06/20241213/00027,3,TAX,1,387.19,TAX,13-12-2024 13:54:39,S06,20241213
S06/20241213/00027,4,TENDER,1,2801.35,TENDER,13-12-2024 13:54:39,S06,20241213
S06/20241213/00028,1,P101570,2,298.03,SALE,13-12-2024 18:10:55,S06,20241213
S06/20241213/00028,2,P106024,1,472.89,SALE,13-12-2024 18:10:55,S06,20241213
S06/20241213/00028,3,P105313,2,51.83,SALE,13-12-2024 18:10:55,S06,20241213
S06/20241213/00028,4,P101117,2,208.14,SALE,13-12-2024 18:10:55,S06,20241213
S06/20241213/00028,5,P103816,3,209.63,SALE,13-12-2024 18:10:55,S06,20241213
S06/20241213/00028,6,TAX,1,269.85,TAX,13-12-2024 18:10:55,S06,20241213
S06/20241213/00028,7,TENDER,1,2487.63,TENDER,13-12-2024 18:10:55,S06,20241213
S06/20241213/00029,1,P105890,1,1196.88,SALE,13-12-2024 13:07:17,S06,20241213
S06/20241213/00029,2,TAX,1,59.84,TAX,13-12-2024 13:07:17,S06,20241213
S06/20241213/00029,3,TENDER,1,1256.72,TENDER,13-12-2024 13:07:17,S06,20241213
S06/20241213/00030,1,P100260,1,1120.33,SALE,13-12-2024 15:30:02,S06,20241213
S06/20241213/00030,2,P108335,2,187.61,SALE,13-12-2024 15:30:02,S06,20241213
S06/20241213/00030,3,P103259,3,298.27,SALE,13-12-2024 15:30:02,S06,20241213
S06/20241213/00030,4,P104023,3,630.48,SALE,13-12-2024 15:30:02,S06,20241213
S06/20241213/00030,5,TAX,1,94.57,TAX,13-12-2024 15:30:02,S06,20241213
S06/20241213/00030,6,TENDER,1,4376.37,TENDER,13-12-2024 15:30:02,S06,20241213
S06/20241213/00031,1,P102738,1,236.55,SALE,13-12-2024 20:36:03,S06,20241213
S06/20241213/00031,2,P105030,3,224.07,SALE,13-12-2024 20:36:03,S06,20241213
S06/20241213/00031,3,P107373,2,96.28,SALE,13-12-2024 20:36:03,S06,20241213
S06/20241213/00031,4,P105176,2,509.66,SALE,13-12-2024 20:36:03,S06,20241213
S06/20241213/00031,5,P101321,2,24.76,SALE,13-12-2024 20:36:03,S06,20241213
S06/20241213/00031,6,P106336,4,452.43,SALE,13-12-2024 20:36:03,S06,20241213
S06/20241213/00031,7,TAX,1,667.52,TAX,13-12-2024 20:36:03,S06,20241213
S06/20241213/00031,8,TENDER,1,4647.40,TENDER,13-12-2024 20:36:03,S06,20241213
S06/20241213/00032,1,P101751,1,477.38,SALE,13-12-2024 18:28:04,S06,20241213
S06/20241213/00032,2,P104446,1,66.45,SALE,13-12-2024 18:28:04,S06,20241213
S06/20241213/00032,3,DISC,1,-22.37,DISCOUNT,13-12-2024 18:28:04,S06,20241213
S06/20241213/00032,4,TAX,1,93.86,TAX,13-12-2024 18:28:04,S06,20241213
S06/20241213/00032,5,TENDER,1,615.32,TENDER,13-12-2024 18:28:04,S06,20241213
S06/20241213/00033,1,P104572,3,182.16,SALE,13-12-2024 14:34:05,S06,20241213
S06/20241213/00033,2,P100761,1,51.26,SALE,13-12-2024 14:34:05,S06,20241213
S06/20241213/00033,3,P107294,1,85.13,SALE,13-12-2024 14:34:05,S06,20241213
S06/20241213/00033,4,P101327,2,233.22,SALE,13-12-2024 14:34:05,S06,20241213
S06/20241213/00033,5,P107733,3,56.44,SALE,13-12-2024 14:34:05,S06,20241213
S06/20241213/00033,6,TAX,1,126.57,TAX,13-12-2024 14:34:05,S06,20241213
S06/20241213/00033,7,TENDER,1,1445.20,TENDER,13-12-2024 14:34:05,S06,20241213
S06/20241213/00034,1,P101974,3,302.00,SALE,13-12-2024 15:25:00,S06,20241213
S06/20241213/00034,2,P102181,2,1615.15,SALE,13-12-2024 15:25:00,S06,20241213
S06/20241213/00034,3,P107667,2,367.93,SALE,13-12-2024 15:25:00,S06,20241213
S06/20241213/00034,4,P103452,1,1033.70,SALE,13-12-2024 15:25:00,S06,20241213
S06/20241213/00034,5,P101547,2,66.03,SALE,13-12-2024 15:25:00,S06,20241213
S06/20241213/00034,6,TAX,1,309.67,TAX,13-12-2024 15:25:00,S06,20241213
S06/20241213/00034,7,TENDER,1,6347.59,TENDER,13-12-2024 15:25:00,S06,20241213
S06/20241213/00035,1,P104567,1,141.21,SALE,13-12-2024 23:08:23,S06,20241213
S06/20241213/00035,2,P103973,2,108.48,SALE,13-12-2024 23:08:23,S06,20241213
S06/20241213/00035,3,P106671,2,90.38,SALE,13-12-2024 23:08:23,S06,20241213
S06/20241213/00035,4,P101174,1,57.43,SALE,13-12-2024 23:08:23,S06,20241213
S06/20241213/00035,5,P104469,2,1631.11,SALE,13-12-2024 23:08:23,S06,20241213
S06/20241213/00035,6,P102738,2,236.55,SALE,13-12-2024 23:08:23,S06,20241213
S06/20241213/00035,7,P108292,2,104.02,SALE,13-12-2024 23:08:23,S06,20241213
S06/20241213/00035,8,DISC,1,-179.25,DISCOUNT,13-12-2024 23:08:23,S06,20241213
S06/20241213/00035,9,TAX,1,495.77,TAX,13-12-2024 23:08:23,S06,20241213
S06/20241213/00035,10,TENDER,1,4856.24,TENDER,13-12-2024 23:08:23,S06,20241213
S06/20241213/00036,1,P105959,3,513.93,SALE,13-12-2024 17:52:55,S06,20241213
S06/20241213/00036,2,P108379,2,300.71,SALE,13-12-2024 17:52:55,S06,20241213
S06/20241213/00036,3,P108262,2,592.59,SALE,13-12-2024 17:52:55,S06,20241213
S06/20241213/00036,4,TAX,1,563.03,TAX,13-12-2024 17:52:55,S06,20241213
S06/20241213/00036,5,TENDER,1,3891.42,TENDER,13-12-2024 17:52:55,S06,20241213
S06/20241213/00037,1,P108282,1,472.97,SALE,13-12-2024 16:48:43,S06,20241213
S06/20241213/00037,2,P107115,3,172.62,SALE,13-12-2024 16:48:43,S06,20241213
S06/20241213/00037,3,TAX,1,49.54,TAX,13-12-2024 16:48:43,S06,20241213
S06/20241213/00037,4,TENDER,1,1040.37,TENDER,13-12-2024 16:48:43,S06,20241213
S06/20241213/00038,1,P105460,3,148.47,SALE,13-12-2024 18:05:44,S06,20241213
S06/20241213/00038,2,P103575,3,54.47,SALE,13-12-2024 18:05:44,S06,20241213
S06/20241213/00038,3,P102993,3,318.19,SALE,13-12-2024 18:05:44,S06,20241213
S06/20241213/00038,4,TAX,1,136.07,TAX,13-12-2024 18:05:44,S06,20241213
S06/20241213/00038,5,TENDER,1,1699.46,TENDER,13-12-2024 18:05:44,S06,20241213
S06/20241213/00039,1,P100281,3,485.13,SALE,13-12-2024 13:59:10,S06,20241213
S06/20241213/00039,2,P102998,1,158.64,SALE,13-12-2024 13:59:10,S06,20241213
S06/20241213/00039,3,P100933,2,276.15,SALE,13-12-2024 13:59:10,S06,20241213
S06/20241213/00039,4,P100019,1,74.65,SALE,13-12-2024 13:59:10,S06,20241213
S06/20241213/00039,5,TAX,1,214.18,TAX,13-12-2024 13:59:10,S06,20241213
S06/20241213/00039,6,TENDER,1,2455.16,TENDER,13-12-2024 13:59:10,S06,20241213
S06/20241213/00040,1,P100924,-2,50.37,RETURN,13-12-2024 20:39:44,S06,20241213
S06/20241213/00040,2,P107933,-1,1146.02,RETURN,13-12-2024 20:39:44,S06,20241213
S06/20241213/00040,3,P103760,-1,103.67,RETURN,13-12-2024 20:39:44,S06,20241213
S06/20241213/00040,4,P105294,-2,143.55,RETURN,13-12-2024 20:39:44,S06,20241213
S06/20241213/00040,5,P103530,-1,427.69,RETURN,13-12-2024 20:39:44,S06,20241213
S06/20241213/00040,6,TAX,1,-302.98,TAX,13-12-2024 20:39:44,S06,20241213
S06/20241213/00040,7,TENDER,1,-2368.20,TENDER,13-12-2024 20:39:44,S06,20241213
S06/20241213/00041,1,P107446,1,593.14,SALE,13-12-2024 13:57:43,S06,20241213
S06/20241213/00041,2,P102648,3,389.80,SALE,13-12-2024 13:57:43,S06,20241213
S06/20241213/00041,3,P107639,3,128.49,SALE,13-12-2024 13:57:43,S06,20241213
S06/20241213/00041,4,P105164,1,242.35,SALE,13-12-2024 13:57:43,S06,20241213
S06/20241213/00041,5,P101690,2,1044.81,SALE,13-12-2024 13:57:43,S06,20241213
S06/20241213/00041,6,P108338,1,218.68,SALE,13-12-2024 13:57:43,S06,20241213
S06/20241213/00041,7,P106720,1,126.28,SALE,13-12-2024 13:57:43,S06,20241213
S06/20241213/00041,8,P100693,3,107.22,SALE,13-12-2024 13:57:43,S06,20241213
S06/20241213/00041,9,TAX,1,587.99,TAX,13-12-2024 13:57:43,S06,20241213
S06/20241213/00041,10,TENDER,1,5734.59,TENDER,13-12-2024 13:57:43,S06,20241213
S06/20241213/00042,1,P103922,1,51.00,SALE,13-12-2024 18:11:31,S06,20241213
S06/20241213/00042,2,TAX,1,9.18,TAX,13-12-2024 18:11:31,S06,20241213
S06/20241213/00042,3,TENDER,1,60.18,TENDER,13-12-2024 18:11:31,S06,20241213
S06/20241213/00043,1,P100348,4,527.90,SALE,13-12-2024 11:01:28,S06,20241213
S06/20241213/00043,2,P100203,2,272.10,SALE,13-12-2024 11:01:28,S06,20241213
S06/20241213/00043,3,P104212,1,426.07,SALE,13-12-2024 11:01:28,S06,20241213
S06/20241213/00043,4,TAX,1,209.48,TAX,13-12-2024 11:01:28,S06,20241213
S06/20241213/00043,5,TENDER,1,3291.35,TENDER,13-12-2024 11:01:28,S06,20241213
S06/20241213/00044,1,P101923,1,527.50,SALE,13-12-2024 15:39:04,S06,20241213
S06/20241213/00044,2,P105369,2,143.76,SALE,13-12-2024 15:39:04,S06,20241213
S06/20241213/00044,3,P108262,1,592.59,SALE,13-12-2024 15:39:04,S06,20241213
S06/20241213/00044,4,P107753,1,73.61,SALE,13-12-2024 15:39:04,S06,20241213
S06/20241213/00044,5,P108319,1,262.79,SALE,13-12-2024 15:39:04,S06,20241213
S06/20241213/00044,6,TAX,1,266.51,TAX,13-12-2024 15:39:04,S06,20241213
S06/20241213/00044,7,TENDER,1,2010.52,TENDER,13-12-2024 15:39:04,S06,20241213
S06/20241213/00045,1,P101747,4,245.75,SALE,13-12-2024 23:24:17,S06,20241213
S06/20241213/00045,2,P100326,3,47.79,SALE,13-12-2024 23:24:17,S06,20241213
S06/20241213/00045,3,P106130,3,1317.16,SALE,13-12-2024 23:24:17,S06,20241213
S06/20241213/00045,4,P107026,2,69.10,SALE,13-12-2024 23:24:17,S06,20241213
S06/20241213/00045,5,P100100,1,435.38,SALE,13-12-2024 23:24:17,S06,20241213
S06/20241213/00045,6,P100178,2,480.34,SALE,13-12-2024 23:24:17,S06,20241213
S06/20241213/00045,7,DISC,1,-228.92,DISCOUNT,13-12-2024 23:24:17,S06,20241213
S06/20241213/00045,8,TAX,1,313.75,TAX,13-12-2024 23:24:17,S06,20241213
S06/20241213/00045,9,TENDER,1,6696.94,TENDER,13-12-2024 23:24:17,S06,20241213
S06/20241213/00046,1,P102460,3,582.21,SALE,13-12-2024 11:57:41,S06,20241213
S06/20241213/00046,2,P104202,4,166.10,SALE,13-12-2024 11:57:41,S06,20241213
S06/20241213/00046,3,P103517,4,177.49,SALE,13-12-2024 11:57:41,S06,20241213
S06/20241213/00046,4,P104435,4,477.09,SALE,13-12-2024 11:57:41,S06,20241213
S06/20241213/00046,5,DISC,1,-323.46,DISCOUNT,13-12-2024 11:57:41,S06,20241213
S06/20241213/00046,6,TAX,1,295.99,TAX,13-12-2024 11:57:41,S06,20241213
S06/20241213/00046,7,TENDER,1,5001.88,TENDER,13-12-2024 11:57:41,S06,20241213
S06/20241213/00047,1,P104593,4,867.34,SALE,13-12-2024 20:06:32,S06,20241213
S06/20241213/00047,2,TAX,1,416.32,TAX,13-12-2024 20:06:32,S06,20241213
S06/20241213/00047,3,TENDER,1,3885.68,TENDER,13-12-2024 20:06:32,S06,20241213
S06/20241213/00048,1,P106920,3,1398.34,SALE,13-12-2024 14:45:04,S06,20241213
S06/20241213/00048,2,P101710,3,345.87,SALE,13-12-2024 14:45:04,S06,20241213
S06/20241213/00048,3,P101106,4,543.49,SALE,13-12-2024 14:45:04,S06,20241213
S06/20241213/00048,4,TAX,1,233.21,TAX,13-12-2024 14:45:04,S06,20241213
S06/20241213/00048,5,TENDER,1,7639.80,TENDER,13-12-2024 14:45:04,S06,20241213
S06/20241213/00049,1,P106300,1,425.27,SALE,13-12-2024 17:56:25,S06,20241213
S06/20241213/00049,2,P103105,1,34.12,SALE,13-12-2024 17:56:25,S06,20241213
S06/20241213/00049,3,P101048,1,219.90,SALE,13-12-2024 17:56:25,S06,20241213
S06/20241213/00049,4,P103273,2,356.86,SALE,13-12-2024 17:56:25,S06,20241213
S06/20241213/00049,5,TAX,1,153.82,TAX,13-12-2024 17:56:25,S06,20241213
S06/20241213/00049,6,TENDER,1,1546.83,TENDER,13-12-2024 17:56:25,S06,20241213
S06/20241213/00050,1,P101367,3,512.46,SALE,13-12-2024 13:00:34,S06,20241213
S06/20241213/00050,2,TAX,1,276.73,TAX,13-12-2024 13:00:34,S06,20241213
S06/20241213/00050,3,TENDER,1,1814.11,TENDER,13-12-2024 13:00:34,S06,20241213
S06/20241213/00051,1,P103504,2,366.55,SALE,13-12-2024 14:12:29,S06,20241213
S06/20241213/00051,2,P105021,2,1246.70,SALE,13-12-2024 14:12:29,S06,20241213
S06/20241213/00051,3,P102674,2,515.88,SALE,13-12-2024 14:12:29,S06,20241213
S06/20241213/00051,4,P108221,2,50.44,SALE,13-12-2024 14:12:29,S06,20241213
S06/20241213/00051,5,TAX,1,591.06,TAX,13-12-2024 14:12:29,S06,20241213
S06/20241213/00051,6,TENDER,1,4950.20,TENDER,13-12-2024 14:12:29,S06,20241213
S06/20241213/00052,1,P107385,1,811.35,SALE,13-12-2024 19:22:39,S06,20241213
S06/20241213/00052,2,P102248,1,22.39,SALE,13-12-2024 19:22:39,S06,20241213
S06/20241213/00052,3,P106807,3,322.15,SALE,13-12-2024 19:22:39,S06,20241213
S06/20241213/00052,4,P105384,2,315.25,SALE,13-12-2024 19:22:39,S06,20241213
S06/20241213/00052,5,P108356,4,234.68,SALE,13-12-2024 19:22:39,S06,20241213
S06/20241213/00052,6,P106244,3,73.94,SALE,13-12-2024 19:22:39,S06,20241213
S06/20241213/00052,7,P107446,1,593.14,SALE,13-12-2024 19:22:39,S06,20241213
S06/20241213/00052,8,P103620,3,474.03,SALE,13-12-2024 19:22:39,S06,20241213
S06/20241213/00052,9,P102664,2,261.47,SALE,13-12-2024 19:22:39,S06,20241213
S06/20241213/00052,10,TAX,1,630.35,TAX,13-12-2024 19:22:39,S06,20241213
S06/20241213/00052,11,TENDER,1,6759.75,TENDER,13-12-2024 19:22:39,S06,20241213
S06/20241213/00053,1,P101626,2,1040.69,SALE,13-12-2024 13:56:58,S06,20241213
S06/20241213/00053,2,P100077,3,173.95,SALE,13-12-2024 13:56:58,S06,20241213
S06/20241213/00053,3,P102695,2,1277.24,SALE,13-12-2024 13:56:58,S06,20241213
S06/20241213/00053,4,P108234,3,33.09,SALE,13-12-2024 13:56:58,S06,20241213
S06/20241213/00053,5,P107472,1,64.61,SALE,13-12-2024 13:56:58,S06,20241213
S06/20241213/00053,6,TAX,1,603.49,TAX,13-12-2024 13:56:58,S06,20241213
S06/20241213/00053,7,TENDER,1,5925.08,TENDER,13-12-2024 13:56:58,S06,20241213
S06/20241213/00054,1,P103637,3,338.13,SALE,13-12-2024 16:14:08,S06,20241213
S06/20241213/00054,2,P105106,2,104.56,SALE,13-12-2024 16:14:08,S06,20241213
S06/20241213/00054,3,P102598,2,133.17,SALE,13-12-2024 16:14:08,S06,20241213
S06/20241213/00054,4,P104058,1,351.54,SALE,13-12-2024 16:14:08,S06,20241213
S06/20241213/00054,5,TAX,1,283.51,TAX,13-12-2024 16:14:08,S06,20241213
S06/20241213/00054,6,TENDER,1,2124.90,TENDER,13-12-2024 16:14:08,S06,20241213
S06/20241213/00055,1,P106382,3,81.60,SALE,13-12-2024 13:03:14,S06,20241213
S06/20241213/00055,2,P105720,1,69.64,SALE,13-12-2024 13:03:14,S06,20241213
S06/20241213/00055,3,P100869,2,62.15,SALE,13-12-2024 13:03:14,S06,20241213
S06/20241213/00055,4,TAX,1,14.92,TAX,13-12-2024 13:03:14,S06,20241213
S06/20241213/00055,5,TENDER,1,453.66,TENDER,13-12-2024 13:03:14,S06,20241213
S06/20241214/00001,1,P105603,2,202.29,SALE,14-12-2024 15:51:37,S06,20241214
S06/20241214/00001,2,P103243,2,231.63,SALE,14-12-2024 15:51:37,S06,20241214
S06/20241214/00001,3,P102931,1,185.66,SALE,14-12-2024 15:51:37,S06,20241214
S06/20241214/00001,4,P105614,1,652.27,SALE,14-12-2024 15:51:37,S06,20241214
S06/20241214/00001,5,P103530,2,427.69,SALE,14-12-2024 15:51:37,S06,20241214
S06/20241214/00001,6,P105583,3,179.43,SALE,14-12-2024 15:51:37,S06,20241214
S06/20241214/00001,7,P101458,1,1365.07,SALE,14-12-2024 15:51:37,S06,20241214
S06/20241214/00001,8,P106424,4,535.14,SALE,14-12-2024 15:51:37,S06,20241214
S06/20241214/00001,9,TAX,1,571.28,TAX,14-12-2024 15:51:37,S06,20241214
S06/20241214/00001,10,TENDER,1,7176.35,TENDER,14-12-2024 15:51:37,S06,20241214
S06/20241214/00002,1,P103281,4,172.43,SALE,14-12-2024 13:58:52,S06,20241214
S06/20241214/00002,2,P108125,2,129.06,SALE,14-12-2024 13:58:52,S06,20241214
S06/20241214/00002,3,P102243,1,145.61,SALE,14-12-2024 13:58:52,S06,20241214
S06/20241214/00002,4,DISC,1,-110.34,DISCOUNT,14-12-2024 13:58:52,S06,20241214
S06/20241214/00002,5,TAX,1,118.17,TAX,14-12-2024 13:58:52,S06,20241214
S06/20241214/00002,6,TENDER,1,1101.28,TENDER,14-12-2024 13:58:52,S06,20241214
S06/20241214/00003,1,P104175,2,814.13,SALE,14-12-2024 11:40:54,S06,20241214
S06/20241214/00003,2,P104802,1,213.28,SALE,14-12-2024 11:40:54,S06,20241214
S06/20241214/00003,3,P105201,2,365.02,SALE,14-12-2024 11:40:54,S06,20241214
S06/20241214/00003,4,TAX,1,74.89,TAX,14-12-2024 11:40:54,S06,20241214
S06/20241214/00003,5,TENDER,1,2646.47,TENDER,14-12-2024 11:40:54,S06,20241214
S06/20241214/00004,1,P102982,3,255.95,SALE,14-12-2024 15:03:50,S06,20241214
S06/20241214/00004,2,P107502,2,311.85,SALE,14-12-2024 15:03:50,S06,20241214
S06/20241214/00004,3,P100791,2,46.20,SALE,14-12-2024 15:03:50,S06,20241214
S06/20241214/00004,4,TAX,1,255.10,TAX,14-12-2024 15:03:50,S06,20241214
S06/20241214/00004,5,TENDER,1,1739.05,TENDER,14-12-2024 15:03:50,S06,20241214
S06/20241214/00005,1,P100985,1,327.15,SALE,14-12-2024 14:08:55,S06,20241214
S06/20241214/00005,2,P105845,3,121.94,SALE,14-12-2024 14:08:55,S06,20241214
S06/20241214/00005,3,P107646,1,225.19,SALE,14-12-2024 14:08:55,S06,20241214
S06/20241214/00005,4,P102598,2,133.17,SALE,14-12-2024 14:08:55,S06,20241214
S06/20241214/00005,5,P103374,1,38.02,SALE,14-12-2024 14:08:55,S06,20241214
S06/20241214/00005,6,P100150,2,280.80,SALE,14-12-2024 14:08:55,S06,20241214
S06/20241214/00005,7,P105164,2,242.35,SALE,14-12-2024 14:08:55,S06,20241214
S06/20241214/00005,8,P101702,1,491.39,SALE,14-12-2024 14:08:55,S06,20241214
S06/20241214/00005,9,P106958,2,133.20,SALE,14-12-2024 14:08:55,S06,20241214
S06/20241214/00005,10,P101690,2,1044.81,SALE,14-12-2024 14:08:55,S06,20241214
S06/20241214/00005,11,DISC,1,-575.01,DISCOUNT,14-12-2024 14:08:55,S06,20241214
S06/20241214/00005,12,TAX,1,365.52,TAX,14-12-2024 14:08:55,S06,20241214
S06/20241214/00005,13,TENDER,1,4906.74,TENDER,14-12-2024 14:08:55,S06,20241214
S06/20241214/00006,1,P108179,4,307.53,SALE,14-12-2024 18:57:02,S06,20241214
S06/20241214/00006,2,TAX,1,147.61,TAX,14-12-2024 18:57:02,S06,20241214
S06/20241214/00006,3,TENDER,1,1377.73,TENDER,14-12-2024 18:57:02,S06,20241214
S06/20241214/00007,1,P104401,2,207.51,SALE,14-12-2024 15:16:32,S06,20241214
S06/20241214/00007,2,P101720,1,44.26,SALE,14-12-2024 15:16:32,S06,20241214
S06/20241214/00007,3,TAX,1,52.02,TAX,14-12-2024 15:16:32,S06,20241214
S06/20241214/00007,4,TENDER,1,511.30,TENDER,14-12-2024 15:16:32,S06,20241214
S06/20241214/00008,1,P106084,1,592.14,SALE,15-12-2024 00:18:06,S06,20241214
S06/20241214/00008,2,P105302,2,281.37,SALE,15-12-2024 00:18:06,S06,20241214
S06/20241214/00008,3,P105518,3,729.30,SALE,15-12-2024 00:18:06,S06,20241214
S06/20241214/00008,4,P100736,1,700.87,SALE,15-12-2024 00:18:06,S06,20241214
S06/20241214/00008,5,DISC,1,-156.16,DISCOUNT,15-12-2024 00:18:06,S06,20241214
S06/20241214/00008,6,TAX,1,514.98,TAX,15-12-2024 00:18:06,S06,20241214
S06/20241214/00008,7,TENDER,1,4402.47,TENDER,15-12-2024 00:18:06,S06,20241214
S06/20241214/00009,1,P103096,2,315.47,SALE,14-12-2024 15:11:53,S06,20241214
S06/20241214/00009,2,P106270,1,308.83,SALE,14-12-2024 15:11:53,S06,20241214
S06/20241214/00009,3,P102305,2,111.72,SALE,14-12-2024 15:11:53,S06,20241214
S06/20241214/00009,4,P105145,2,763.65,SALE,14-12-2024 15:11:53,S06,20241214
S06/20241214/00009,5,P107078,3,98.82,SALE,14-12-2024 15:11:53,S06,20241214
S06/20241214/00009,6,P102207,1,342.36,SALE,14-12-2024 15:11:53,S06,20241214
S06/20241214/00009,7,P105695,3,158.81,SALE,14-12-2024 15:11:53,S06,20241214
S06/20241214/00009,8,P102993,1,318.19,SALE,14-12-2024 15:11:53,S06,20241214
S06/20241214/00009,9,TAX,1,221.20,TAX,14-12-2024 15:11:53,S06,20241214
S06/20241214/00009,10,TENDER,1,4345.15,TENDER,14-12-2024 15:11:53,S06,20241214
S06/20241214/00010,1,P106133,3,370.91,SALE,14-12-2024 15:02:19,S06,20241214
S06/20241214/00010,2,P107807,1,118.66,SALE,14-12-2024 15:02:19,S06,20241214
S06/20241214/00010,3,P100640,1,379.48,SALE,14-12-2024 15:02:19,S06,20241214
S06/20241214/00010,4,P101010,2,71.39,SALE,14-12-2024 15:02:19,S06,20241214
S06/20241214/00010,5,P101911,2,1431.80,SALE,14-12-2024 15:02:19,S06,20241214
S06/20241214/00010,6,TAX,1,268.90,TAX,14-12-2024 15:02:19,S06,20241214
S06/20241214/00010,7,TENDER,1,4886.15,TENDER,14-12-2024 15:02:19,S06,20241214
S06/20241214/00011,1,P108300,2,286.59,SALE,14-12-2024 15:30:42,S06,20241214
S06/20241214/00011,2,P101842,1,227.96,SALE,14-12-2024 15:30:42,S06,20241214
S06/20241214/00011,3,P106059,3,313.87,SALE,14-12-2024 15:30:42,S06,20241214
S06/20241214/00011,4,P101940,5,201.44,SALE,14-12-2024 15:30:42,S06,20241214
S06/20241214/00011,5,DISC,1,-100.02,DISCOUNT,14-12-2024 15:30:42,S06,20241214
S06/20241214/00011,6,TAX,1,390.20,TAX,14-12-2024 15:30:42,S06,20241214
S06/20241214/00011,7,TENDER,1,3040.13,TENDER,14-12-2024 15:30:42,S06,20241214
S06/20241214/00012,1,P105547,3,431.77,SALE,14-12-2024 10:36:30,S06,20241214
S06/20241214/00012,2,P100703,2,171.10,SALE,14-12-2024 10:36:30,S06,20241214
S06/20241214/00012,3,P104226,3,303.01,SALE,14-12-2024 10:36:30,S06,20241214
S06/20241214/00012,4,P107502,1,311.85,SALE,14-12-2024 10:36:30,S06,20241214
S06/20241214/00012,5,DISC,1,-305.05,DISCOUNT,14-12-2024 10:36:30,S06,20241214
S06/20241214/00012,6,TAX,1,225.67,TAX,14-12-2024 10:36:30,S06,20241214
S06/20241214/00012,7,TENDER,1,2779.01,TENDER,14-12-2024 10:36:30,S06,20241214
S06/20241214/00013,1,P107863,1,575.65,SALE,14-12-2024 20:23:49,S06,20241214
S06/20241214/00013,2,P101164,3,401.86,SALE,14-12-2024 20:23:49,S06,20241214
S06/20241214/00013,3,P101428,1,431.72,SALE,14-12-2024 20:23:49,S06,20241214
S06/20241214/00013,4,TAX,1,398.33,TAX,14-12-2024 20:23:49,S06,20241214
S06/20241214/00013,5,TENDER,1,2611.28,TENDER,14-12-2024 20:23:49,S06,20241214
S06/20241214/00014,1,P104645,2,1052.62,SALE,14-12-2024 16:47:19,S06,20241214
S06/20241214/00014,2,P105765,1,529.25,SALE,14-12-2024 16:47:19,S06,20241214
S06/20241214/00014,3,P102738,3,236.55,SALE,14-12-2024 16:47:19,S06,20241214
S06/20241214/00014,4,TAX,1,180.42,TAX,14-12-2024 16:47:19,S06,20241214
S06/20241214/00014,5,TENDER,1,3524.56,TENDER,14-12-2024 16:47:19,S06,20241214
S06/20241214/00015,1,P101142,3,102.04,SALE,14-12-2024 12:24:09,S06,20241214
S06/20241214/00015,2,P106277,4,416.62,SALE,14-12-2024 12:24:09,S06,20241214
S06/20241214/00015,3,TAX,1,120.06,TAX,14-12-2024 12:24:09,S06,20241214
S06/20241214/00015,4,TENDER,1,2092.66,TENDER,14-12-2024 12:24:09,S06,20241214
S06/20241214/00016,1,P108239,3,256.06,SALE,14-12-2024 11:33:42,S06,20241214
S06/20241214/00016,2,P105119,1,106.45,SALE,14-12-2024 11:33:42,S06,20241214
S06/20241214/00016,3,TAX,1,157.43,TAX,14-12-2024 11:33:42,S06,20241214
S06/20241214/00016,4,TENDER,1,1032.06,TENDER,14-12-2024 11:33:42,S06,20241214
S06/20241214/00017,1,P104133,3,248.31,SALE,14-12-2024 16:18:53,S06,20241214
S06/20241214/00017,2,P104316,4,489.63,SALE,14-12-2024 16:18:53,S06,20241214
S06/20241214/00017,3,P101393,1,36.64,SALE,14-12-2024 16:18:53,S06,20241214
S06/20241214/00017,4,P105483,3,160.65,SALE,14-12-2024 16:18:53,S06,20241214
S06/20241214/00017,5,P101083,2,349.65,SALE,14-12-2024 16:18:53,S06,20241214
S06/20241214/00017,6,P101122,1,69.38,SALE,14-12-2024 16:18:53,S06,20241214
S06/20241214/00017,7,TAX,1,579.48,TAX,14-12-2024 16:18:53,S06,20241214
S06/20241214/00017,8,TENDER,1,4570.20,TENDER,14-12-2024 16:18:53,S06,20241214
S06/20241214/00018,1,P105413,2,168.78,SALE,14-12-2024 16:07:18,S06,20241214
S06/20241214/00018,2,P101458,6,1365.07,SALE,14-12-2024 16:07:18,S06,20241214
S06/20241214/00018,3,P107966,4,391.71,SALE,14-12-2024 16:07:18,S06,20241214
S06/20241214/00018,4,TAX,1,40.51,TAX,14-12-2024 16:07:18,S06,20241214
S06/20241214/00018,5,TENDER,1,10135.33,TENDER,14-12-2024 16:07:18,S06,20241214
S06/20241214/00019,1,P106648,2,339.01,SALE,14-12-2024 19:39:49,S06,20241214
S06/20241214/00019,2,P100577,2,300.10,SALE,14-12-2024 19:39:49,S06,20241214
S06/20241214/00019,3,P107320,2,231.92,SALE,14-12-2024 19:39:49,S06,20241214
S06/20241214/00019,4,P104625,1,296.80,SALE,14-12-2024 19:39:49,S06,20241214
S06/20241214/00019,5,P107667,3,367.93,SALE,14-12-2024 19:39:49,S06,20241214
S06/20241214/00019,6,P104202,4,166.10,SALE,14-12-2024 19:39:49,S06,20241214
S06/20241214/00019,7,TAX,1,330.05,TAX,14-12-2024 19:39:49,S06,20241214
S06/20241214/00019,8,TENDER,1,4137.10,TENDER,14-12-2024 19:39:49,S06,20241214
S06/20241214/00020,1,P103510,1,196.86,SALE,14-12-2024 12:17:43,S06,20241214
S06/20241214/00020,2,P106989,5,26.75,SALE,14-12-2024 12:17:43,S06,20241214
S06/20241214/00020,3,P101674,1,387.70,SALE,14-12-2024 12:17:43,S06,20241214
S06/20241214/00020,4,P107137,2,32.59,SALE,14-12-2024 12:17:43,S06,20241214
S06/20241214/00020,5,P106629,2,57.49,SALE,14-12-2024 12:17:43,S06,20241214
S06/20241214/00020,6,P100956,1,421.98,SALE,14-12-2024 12:17:43,S06,20241214
S06/20241214/00020,7,TAX,1,145.50,TAX,14-12-2024 12:17:43,S06,20241214
S06/20241214/00020,8,TENDER,1,1465.95,TENDER,14-12-2024 12:17:43,S06,20241214
S06/20241214/00021,1,P102471,4,151.71,SALE,14-12-2024 20:05:11,S06,20241214
S06/20241214/00021,2,P107609,2,108.46,SALE,14-12-2024 20:05:11,S06,20241214
S06/20241214/00021,3,P106084,2,592.14,SALE,14-12-2024 20:05:11,S06,20241214
S06/20241214/00021,4,P103964,4,134.21,SALE,14-12-2024 20:05:11,S06,20241214
S06/20241214/00021,5,P104446,2,66.45,SALE,14-12-2024 20:05:11,S06,20241214
S06/20241214/00021,6,TAX,1,258.25,TAX,14-12-2024 20:05:11,S06,20241214
S06/20241214/00021,7,TENDER,1,2936.03,TENDER,14-12-2024 20:05:11,S06,20241214
S06/20241214/00022,1,P104485,2,643.04,SALE,14-12-2024 11:19:46,S06,20241214
S06/20241214/00022,2,TAX,1,154.33,TAX,14-12-2024 11:19:46,S06,20241214
S06/20241214/00022,3,TENDER,1,1440.41,TENDER,14-12-2024 11:19:46,S06,20241214
S06/20241214/00023,1,P101779,3,209.76,SALE,14-12-2024 16:19:13,S06,20241214
S06/20241214/00023,2,P103364,3,118.90,SALE,14-12-2024 16:19:13,S06,20241214
S06/20241214/00023,3,P104478,1,18.27,SALE,14-12-2024 16:19:13,S06,20241214
S06/20241214/00023,4,TAX,1,34.75,TAX,14-12-2024 16:19:13,S06,20241214
S06/20241214/00023,5,TENDER,1,1039.00,TENDER,14-12-2024 16:19:13,S06,20241214
S06/20241214/00024,1,P107294,3,85.13,SALE,14-12-2024 16:35:50,S06,20241214
S06/20241214/00024,2,P104739,2,172.21,SALE,14-12-2024 16:35:50,S06,20241214
S06/20241214/00024,3,P101925,2,186.54,SALE,14-12-2024 16:35:50,S06,20241214
S06/20241214/00024,4,P107056,2,341.76,SALE,14-12-2024 16:35:50,S06,20241214
S06/20241214/00024,5,P105797,3,254.07,SALE,14-12-2024 16:35:50,S06,20241214
S06/20241214/00024,6,P102219,1,780.86,SALE,14-12-2024 16:35:50,S06,20241214
S06/20241214/00024,7,P107943,4,252.32,SALE,14-12-2024 16:35:50,S06,20241214
S06/20241214/00024,8,DISC,1,-420.46,DISCOUNT,14-12-2024 16:35:50,S06,20241214
S06/20241214/00024,9,TAX,1,560.64,TAX,14-12-2024 16:35:50,S06,20241214
S06/20241214/00024,10,TENDER,1,4348.94,TENDER,14-12-2024 16:35:50,S06,20241214
S06/20241214/00025,1,P101389,1,430.39,SALE,14-12-2024 08:02:15,S06,20241214
S06/20241214/00025,2,P108216,1,69.70,SALE,14-12-2024 08:02:15,S06,20241214
S06/20241214/00025,3,P107226,1,88.38,SALE,14-12-2024 08:02:15,S06,20241214
S06/20241214/00025,4,P105747,2,287.56,SALE,14-12-2024 08:02:15,S06,20241214
S06/20241214/00025,5,DISC,1,-66.05,DISCOUNT,14-12-2024 08:02:15,S06,20241214
S06/20241214/00025,6,TAX,1,189.01,TAX,14-12-2024 08:02:15,S06,20241214
S06/20241214/00025,7,TENDER,1,1286.55,TENDER,14-12-2024 08:02:15,S06,20241214
S06/20241214/00026,1,P106522,1,203.79,SALE,14-12-2024 19:09:54,S06,20241214
S06/20241214/00026,2,P105042,1,66.53,SALE,14-12-2024 19:09:54,S06,20241214
S06/20241214/00026,3,P108326,1,472.80,SALE,14-12-2024 19:09:54,S06,20241214
S06/20241214/00026,4,P106080,2,361.06,SALE,14-12-2024 19:09:54,S06,20241214
S06/20241214/00026,5,P107026,1,69.10,SALE,14-12-2024 19:09:54,S06,20241214
S06/20241214/00026,6,P104831,3,1516.75,SALE,14-12-2024 19:09:54,S06,20241214
S06/20241214/00026,7,TAX,1,724.02,TAX,14-12-2024 19:09:54,S06,20241214
S06/20241214/00026,8,TENDER,1,6808.61,TENDER,14-12-2024 19:09:54,S06,20241214
S06/20241214/00027,1,P100677,2,256.17,SALE,14-12-2024 10:19:04,S06,20241214
S06/20241214/00027,2,P108397,3,286.03,SALE,14-12-2024 10:19:04,S06,20241214
S06/20241214/00027,3,P100682,3,337.76,SALE,14-12-2024 10:19:04,S06,20241214
S06/20241214/00027,4,P106143,3,61.74,SALE,14-12-2024 10:19:04,S06,20241214
S06/20241214/00027,5,P104058,2,351.54,SALE,14-12-2024 10:19:04,S06,20241214
S06/20241214/00027,6,P100511,2,442.66,SALE,14-12-2024 10:19:04,S06,20241214
S06/20241214/00027,7,TAX,1,582.92,TAX,14-12-2024 10:19:04,S06,20241214
S06/20241214/00027,8,TENDER,1,4740.25,TENDER,14-12-2024 10:19:04,S06,20241214
S06/20241214/00028,1,P105950,2,1356.49,SALE,14-12-2024 14:18:57,S06,20241214
S06/20241214/00028,2,P104187,3,86.95,SALE,14-12-2024 14:18:57,S06,20241214
S06/20241214/00028,3,P104410,2,541.11,SALE,14-12-2024 14:18:57,S06,20241214
S06/20241214/00028,4,P100348,1,527.90,SALE,14-12-2024 14:18:57,S06,20241214
S06/20241214/00028,5,P104181,2,298.55,SALE,14-12-2024 14:18:57,S06,20241214
S06/20241214/00028,6,P107890,3,133.07,SALE,14-12-2024 14:18:57,S06,20241214
S06/20241214/00028,7,TAX,1,325.85,TAX,14-12-2024 14:18:57,S06,20241214
S06/20241214/00028,8,TENDER,1,5906.11,TENDER,14-12-2024 14:18:57,S06,20241214
S06/20241214/00029,1,P106478,1,56.12,SALE,14-12-2024 18:03:57,S06,20241214
S06/20241214/00029,2,P102502,1,408.64,SALE,14-12-2024 18:03:57,S06,20241214
S06/20241214/00029,3,P105950,3,1356.49,SALE,14-12-2024 18:03:57,S06,20241214
S06/20241214/00029,4,P102833,2,680.71,SALE,14-12-2024 18:03:57,S06,20241214
S06/20241214/00029,5,P103449,2,381.08,SALE,14-12-2024 18:03:57,S06,20241214
S06/20241214/00029,6,P107815,1,106.85,SALE,14-12-2024 18:03:57,S06,20241214
S06/20241214/00029,7,P107502,2,311.85,SALE,14-12-2024 18:03:57,S06,20241214
S06/20241214/00029,8,DISC,1,-497.90,DISCOUNT,14-12-2024 18:03:57,S06,20241214
S06/20241214/00029,9,TAX,1,286.90,TAX,14-12-2024 18:03:57,S06,20241214
S06/20241214/00029,10,TENDER,1,7177.36,TENDER,14-12-2024 18:03:57,S06,20241214
S06/20241214/00030,1,P107843,5,486.47,SALE,14-12-2024 11:48:02,S06,20241214
S06/20241214/00030,2,P104404,1,890.27,SALE,14-12-2024 11:48:02,S06,20241214
S06/20241214/00030,3,P107056,2,341.76,SALE,14-12-2024 11:48:02,S06,20241214
S06/20241214/00030,4,P100744,2,67.07,SALE,14-12-2024 11:48:02,S06,20241214
S06/20241214/00030,5,TAX,1,674.40,TAX,14-12-2024 11:48:02,S06,20241214
S06/20241214/00030,6,TENDER,1,4814.68,TENDER,14-12-2024 11:48:02,S06,20241214
S06/20241214/00031,1,P106948,1,209.81,SALE,14-12-2024 14:07:05,S06,20241214
S06/20241214/00031,2,P100967,2,969.23,SALE,14-12-2024 14:07:05,S06,20241214
S06/20241214/00031,3,P103168,3,980.21,SALE,14-12-2024 14:07:05,S06,20241214
S06/20241214/00031,4,P103542,2,398.89,SALE,14-12-2024 14:07:05,S06,20241214
S06/20241214/00031,5,P101481,2,55.03,SALE,14-12-2024 14:07:05,S06,20241214
S06/20241214/00031,6,P106486,3,1837.06,SALE,14-12-2024 14:07:05,S06,20241214
S06/20241214/00031,7,P103262,1,54.76,SALE,14-12-2024 14:07:05,S06,20241214
S06/20241214/00031,8,P101208,3,593.86,SALE,14-12-2024 14:07:05,S06,20241214
S06/20241214/00031,9,TAX,1,1361.30,TAX,14-12-2024 14:07:05,S06,20241214
S06/20241214/00031,10,TENDER,1,14705.56,TENDER,14-12-2024 14:07:05,S06,20241214
S06/20241214/00032,1,P106620,4,273.19,SALE,14-12-2024 18:57:17,S06,20241214
S06/20241214/00032,2,P100682,1,337.76,SALE,14-12-2024 18:57:17,S06,20241214
S06/20241214/00032,3,P107777,3,222.77,SALE,14-12-2024 18:57:17,S06,20241214
S06/20241214/00032,4,TAX,1,171.66,TAX,14-12-2024 18:57:17,S06,20241214
S06/20241214/00032,5,TENDER,1,2270.49,TENDER,14-12-2024 18:57:17,S06,20241214
S06/20241214/00033,1,P100731,1,254.77,SALE,14-12-2024 10:30:18,S06,20241214
S06/20241214/00033,2,P108162,2,257.55,SALE,14-12-2024 10:30:18,S06,20241214
S06/20241214/00033,3,P107508,1,1577.69,SALE,14-12-2024 10:30:18,S06,20241214
S06/20241214/00033,4,P106599,2,245.11,SALE,14-12-2024 10:30:18,S06,20241214
S06/20241214/00033,5,P101547,1,66.03,SALE,14-12-2024 10:30:18,S06,20241214
S06/20241214/00033,6,P103354,2,894.50,SALE,14-12-2024 10:30:18,S06,20241214
S06/20241214/00033,7,P105707,3,130.64,SALE,14-12-2024 10:30:18,S06,20241214
S06/20241214/00033,8,P102280,1,644.81,SALE,14-12-2024 10:30:18,S06,20241214
S06/20241214/00033,9,TAX,1,451.85,TAX,14-12-2024 10:30:18,S06,20241214
S06/20241214/00033,10,TENDER,1,6181.39,TENDER,14-12-2024 10:30:18,S06,20241214
S06/20241214/00034,1,P106900,2,179.85,SALE,14-12-2024 12:45:23,S06,20241214
S06/20241214/00034,2,TAX,1,17.99,TAX,14-12-2024 12:45:23,S06,20241214
S06/20241214/00034,3,TENDER,1,377.69,TENDER,14-12-2024 12:45:23,S06,20241214
S06/20241214/00035,1,P103563,4,26.76,SALE,14-12-2024 18:11:46,S06,20241214
S06/20241214/00035,2,P105313,3,51.83,SALE,14-12-2024 18:11:46,S06,20241214
S06/20241214/00035,3,P105547,3,431.77,SALE,14-12-2024 18:11:46,S06,20241214
S06/20241214/00035,4,P108067,2,640.50,SALE,14-12-2024 18:11:46,S06,20241214
S06/20241214/00035,5,P101090,2,24.06,SALE,14-12-2024 18:11:46,S06,20241214
S06/20241214/00035,6,TAX,1,183.37,TAX,14-12-2024 18:11:46,S06,20241214
S06/20241214/00035,7,TENDER,1,3070.33,TENDER,14-12-2024 18:11:46,S06,20241214
S06/20241214/00036,1,P100362,2,282.80,SALE,14-12-2024 18:45:20,S06,20241214
S06/20241214/00036,2,P103732,2,94.74,SALE,14-12-2024 18:45:20,S06,20241214
S06/20241214/00036,3,P101174,1,57.43,SALE,14-12-2024 18:45:20,S06,20241214
S06/20241214/00036,4,P102585,1,516.36,SALE,14-12-2024 18:45:20,S06,20241214
S06/20241214/00036,5,TAX,1,38.16,TAX,14-12-2024 18:45:20,S06,20241214
S06/20241214/00036,6,TENDER,1,1367.03,TENDER,14-12-2024 18:45:20,S06,20241214
S06/20241214/00037,1,P105294,3,143.55,SALE,14-12-2024 13:00:53,S06,20241214
S06/20241214/00037,2,P102761,2,170.84,SALE,14-12-2024 13:00:53,S06,20241214
S06/20241214/00037,3,P102114,3,134.74,SALE,14-12-2024 13:00:53,S06,20241214
S06/20241214/00037,4,P105684,1,1114.27,SALE,14-12-2024 13:00:53,S06,20241214
S06/20241214/00037,5,P105827,1,124.38,SALE,14-12-2024 13:00:53,S06,20241214
S06/20241214/00037,6,P102718,2,356.09,SALE,14-12-2024 13:00:53,S06,20241214
S06/20241214/00037,7,P107639,2,128.49,SALE,14-12-2024 13:00:53,S06,20241214
S06/20241214/00037,8,P100731,1,254.77,SALE,14-12-2024 13:00:53,S06,20241214
S06/20241214/00037,9,TAX,1,364.55,TAX,14-12-2024 13:00:53,S06,20241214
S06/20241214/00037,10,TENDER,1,4003.68,TENDER,14-12-2024 13:00:53,S06,20241214
S06/20241214/00038,1,P100838,2,38.03,SALE,14-12-2024 16:36:54,S06,20241214
S06/20241214/00038,2,P101142,2,102.04,SALE,14-12-2024 16:36:54,S06,20241214
S06/20241214/00038,3,TAX,1,28.29,TAX,14-12-2024 16:36:54,S06,20241214
S06/20241214/00038,4,TENDER,1,308.43,TENDER,14-12-2024 16:36:54,S06,20241214
S06/20241214/00039,1,P103262,4,54.76,SALE,14-12-2024 18:27:54,S06,20241214
S06/20241214/00039,2,P107681,2,193.13,SALE,14-12-2024 18:27:54,S06,20241214
S06/20241214/00039,3,P102874,1,142.11,SALE,14-12-2024 18:27:54,S06,20241214
S06/20241214/00039,4,P101766,2,220.67,SALE,14-12-2024 18:27:54,S06,20241214
S06/20241214/00039,5,P103159,5,1193.28,SALE,14-12-2024 18:27:54,S06,20241214
S06/20241214/00039,6,TAX,1,140.55,TAX,14-12-2024 18:27:54,S06,20241214
S06/20241214/00039,7,TENDER,1,7295.70,TENDER,14-12-2024 18:27:54,S06,20241214
S06/20241214/00040,1,P100933,1,276.15,SALE,15-12-2024 00:47:09,S06,20241214
S06/20241214/00040,2,P100985,2,327.15,SALE,15-12-2024 00:47:09,S06,20241214
S06/20241214/00040,3,P107848,2,267.41,SALE,15-12-2024 00:47:09,S06,20241214
S06/20241214/00040,4,P104181,1,298.55,SALE,15-12-2024 00:47:09,S06,20241214
S06/20241214/00040,5,TAX,1,230.05,TAX,15-12-2024 00:47:09,S06,20241214
S06/20241214/00040,6,TENDER,1,1993.87,TENDER,15-12-2024 00:47:09,S06,20241214
S06/20241214/00041,1,P107984,1,357.15,SALE,14-12-2024 18:17:53,S06,20241214
S06/20241214/00041,2,P103575,3,54.47,SALE,14-12-2024 18:17:53,S06,20241214
S06/20241214/00041,3,P100140,1,58.05,SALE,14-12-2024 18:17:53,S06,20241214
S06/20241214/00041,4,P103299,1,238.05,SALE,14-12-2024 18:17:53,S06,20241214
S06/20241214/00041,5,P100095,2,100.57,SALE,14-12-2024 18:17:53,S06,20241214
S06/20241214/00041,6,TAX,1,135.81,TAX,14-12-2024 18:17:53,S06,20241214
S06/20241214/00041,7,TENDER,1,1153.61,TENDER,14-12-2024 18:17:53,S06,20241214
S06/20241214/00042,1,P101404,2,228.51,SALE,14-12-2024 20:55:37,S06,20241214
S06/20241214/00042,2,P108041,1,368.87,SALE,14-12-2024 20:55:37,S06,20241214
S06/20241214/00042,3,P101454,2,148.61,SALE,14-12-2024 20:55:37,S06,20241214
S06/20241214/00042,4,P103591,1,112.97,SALE,14-12-2024 20:55:37,S06,20241214
S06/20241214/00042,5,TAX,1,123.12,TAX,14-12-2024 20:55:37,S06,20241214
S06/20241214/00042,6,TENDER,1,1359.20,TENDER,14-12-2024 20:55:37,S06,20241214
S06/20241214/00043,1,P105030,4,224.07,SALE,14-12-2024 09:22:44,S06,20241214
S06/20241214/00043,2,P100940,2,199.52,SALE,14-12-2024 09:22:44,S06,20241214
S06/20241214/00043,3,P107549,2,47.87,SALE,14-12-2024 09:22:44,S06,20241214
S06/20241214/00043,4,P104965,1,88.50,SALE,14-12-2024 09:22:44,S06,20241214
S06/20241214/00043,5,P106434,2,178.02,SALE,14-12-2024 09:22:44,S06,20241214
S06/20241214/00043,6,P100974,1,41.35,SALE,14-12-2024 09:22:44,S06,20241214
S06/20241214/00043,7,P101332,2,400.98,SALE,14-12-2024 09:22:44,S06,20241214
S06/20241214/00043,8,P107581,1,287.09,SALE,14-12-2024 09:22:44,S06,20241214
S06/20241214/00043,9,DISC,1,-89.31,DISCOUNT,14-12-2024 09:22:44,S06,20241214
S06/20241214/00043,10,TAX,1,464.01,TAX,14-12-2024 09:22:44,S06,20241214
S06/20241214/00043,11,TENDER,1,3340.70,TENDER,14-12-2024 09:22:44,S06,20241214
S06/20241214/00044,1,P105425,2,153.55,SALE,14-12-2024 21:04:58,S06,20241214
S06/20241214/00044,2,P105531,2,502.91,SALE,14-12-2024 21:04:58,S06,20241214
S06/20241214/00044,3,P103766,2,212.45,SALE,14-12-2024 21:04:58,S06,20241214
S06/20241214/00044,4,P104302,2,1255.97,SALE,14-12-2024 21:04:58,S06,20241214
S06/20241214/00044,5,P104827,6,168.97,SALE,14-12-2024 21:04:58,S06,20241214
S06/20241214/00044,6,TAX,1,458.73,TAX,14-12-2024 21:04:58,S06,20241214
S06/20241214/00044,7,TENDER,1,5722.31,TENDER,14-12-2024 21:04:58,S06,20241214
S06/20241214/00045,1,P104358,2,1243.57,SALE,14-12-2024 16:16:36,S06,20241214
S06/20241214/00045,2,P103294,3,69.64,SALE,14-12-2024 16:16:36,S06,20241214
S06/20241214/00045,3,P103816,1,209.63,SALE,14-12-2024 16:16:36,S06,20241214
S06/20241214/00045,4,P100131,2,634.44,SALE,14-12-2024 16:16:36,S06,20241214
S06/20241214/00045,5,DISC,1,-332.07,DISCOUNT,14-12-2024 16:16:36,S06,20241214
S06/20241214/00045,6,TAX,1,459.22,TAX,14-12-2024 16:16:36,S06,20241214
S06/20241214/00045,7,TENDER,1,4301.72,TENDER,14-12-2024 16:16:36,S06,20241214
S06/20241214/00046,1,P102290,3,587.69,SALE,14-12-2024 14:12:29,S06,20241214
S06/20241214/00046,2,P107605,2,1129.73,SALE,14-12-2024 14:12:29,S06,20241214
S06/20241214/00046,3,P104242,2,308.27,SALE,14-12-2024 14:12:29,S06,20241214
S06/20241214/00046,4,P101570,1,298.03,SALE,14-12-2024 14:12:29,S06,20241214
S06/20241214/00046,5,TAX,1,592.45,TAX,14-12-2024 14:12:29,S06,20241214
S06/20241214/00046,6,TENDER,1,5529.55,TENDER,14-12-2024 14:12:29,S06,20241214
S06/20241214/00047,1,P103530,1,427.69,SALE,14-12-2024 11:49:10,S06,20241214
S06/20241214/00047,2,P107952,3,1964.70,SALE,14-12-2024 11:49:10,S06,20241214
S06/20241214/00047,3,P102566,1,414.37,SALE,14-12-2024 11:49:10,S06,20241214
S06/20241214/00047,4,TAX,1,97.70,TAX,14-12-2024 11:49:10,S06,20241214
S06/20241214/00047,5,TENDER,1,6833.86,TENDER,14-12-2024 11:49:10,S06,20241214
S06/20241214/00048,1,P104454,3,49.63,SALE,14-12-2024 12:36:28,S06,20241214
S06/20241214/00048,2,P105772,1,576.55,SALE,14-12-2024 12:36:28,S06,20241214
S06/20241214/00048,3,TAX,1,111.22,TAX,14-12-2024 12:36:28,S06,20241214
S06/20241214/00048,4,TENDER,1,836.66,TENDER,14-12-2024 12:36:28,S06,20241214
S06/20241214/00049,1,P106844,5,23.44,SALE,14-12-2024 23:05:34,S06,20241214
S06/20241214/00049,2,P102779,1,25.62,SALE,14-12-2024 23:05:34,S06,20241214
S06/20241214/00049,3,P101961,2,767.84,SALE,14-12-2024 23:05:34,S06,20241214
S06/20241214/00049,4,P100019,2,74.65,SALE,14-12-2024 23:05:34,S06,20241214
S06/20241214/00049,5,P107859,1,136.84,SALE,14-12-2024 23:05:34,S06,20241214
S06/20241214/00049,6,TAX,1,334.31,TAX,14-12-2024 23:05:34,S06,20241214
S06/20241214/00049,7,TENDER,1,2298.95,TENDER,14-12-2024 23:05:34,S06,20241214
S06/20241214/00050,1,P107630,1,309.72,SALE,14-12-2024 14:58:23,S06,20241214
S06/20241214/00050,2,P105729,1,75.27,SALE,14-12-2024 14:58:23,S06,20241214
S06/20241214/00050,3,P102389,1,84.91,SALE,14-12-2024 14:58:23,S06,20241214
S06/20241214/00050,4,P102014,2,261.84,SALE,14-12-2024 14:58:23,S06,20241214
S06/20241214/00050,5,P106512,2,467.07,SALE,14-12-2024 14:58:23,S06,20241214
S06/20241214/00050,6,P100074,3,57.78,SALE,14-12-2024 14:58:23,S06,20241214
S06/20241214/00050,7,TAX,1,355.66,TAX,14-12-2024 14:58:23,S06,20241214
S06/20241214/00050,8,TENDER,1,2456.72,TENDER,14-12-2024 14:58:23,S06,20241214
S06/20241214/00051,1,P102021,2,90.22,SALE,14-12-2024 16:03:57,S06,20241214
S06/20241214/00051,2,P107581,4,287.09,SALE,14-12-2024 16:03:57,S06,20241214
S06/20241214/00051,3,P105589,2,90.25,SALE,14-12-2024 16:03:57,S06,20241214
S06/20241214/00051,4,P100057,1,233.39,SALE,14-12-2024 16:03:57,S06,20241214
S06/20241214/00051,5,TAX,1,219.95,TAX,14-12-2024 16:03:57,S06,20241214
S06/20241214/00051,6,TENDER,1,1962.64,TENDER,14-12-2024 16:03:57,S06,20241214
S06/20241214/00052,1,P101393,4,36.64,SALE,14-12-2024 13:51:36,S06,20241214
S06/20241214/00052,2,P105589,3,90.25,SALE,14-12-2024 13:51:36,S06,20241214
S06/20241214/00052,3,P104404,4,890.27,SALE,14-12-2024 13:51:36,S06,20241214
S06/20241214/00052,4,P101258,2,216.42,SALE,14-12-2024 13:51:36,S06,20241214
S06/20241214/00052,5,P106592,1,815.90,SALE,14-12-2024 13:51:36,S06,20241214
S06/20241214/00052,6,P103843,1,660.15,SALE,14-12-2024 13:51:36,S06,20241214
S06/20241214/00052,7,TAX,1,720.93,TAX,14-12-2024 13:51:36,S06,20241214
S06/20241214/00052,8,TENDER,1,6608.21,TENDER,14-12-2024 13:51:36,S06,20241214
S06/20241214/00053,1,P101359,1,49.69,SALE,14-12-2024 11:05:02,S06,20241214
S06/20241214/00053,2,P103908,1,104.62,SALE,14-12-2024 11:05:02,S06,20241214
S06/20241214/00053,3,P106151,4,298.42,SALE,14-12-2024 11:05:02,S06,20241214
S06/20241214/00053,4,P101237,2,278.87,SALE,14-12-2024 11:05:02,S06,20241214
S06/20241214/00053,5,TAX,1,231.67,TAX,14-12-2024 11:05:02,S06,20241214
S06/20241214/00053,6,TENDER,1,2137.40,TENDER,14-12-2024 11:05:02,S06,20241214
S06/20241214/00054,1,P104212,3,426.07,SALE,14-12-2024 12:11:12,S06,20241214
S06/20241214/00054,2,P100665,2,305.11,SALE,14-12-2024 12:11:12,S06,20241214
S06/20241214/00054,3,P108221,1,50.44,SALE,14-12-2024 12:11:12,S06,20241214
S06/20241214/00054,4,P105511,2,310.12,SALE,14-12-2024 12:11:12,S06,20241214
S06/20241214/00054,5,TAX,1,424.03,TAX,14-12-2024 12:11:12,S06,20241214
S06/20241214/00054,6,TENDER,1,2983.14,TENDER,14-12-2024 12:11:12,S06,20241214
S06/20241214/00055,1,P101570,1,298.03,SALE,14-12-2024 15:27:20,S06,20241214
S06/20241214/00055,2,P106648,1,339.01,SALE,14-12-2024 15:27:20,S06,20241214
S06/20241214/00055,3,TAX,1,52.71,TAX,14-12-2024 15:27:20,S06,20241214
S06/20241214/00055,4,TENDER,1,689.75,TENDER,14-12-2024 15:27:20,S06,20241214
S06/20241214/00056,1,P108292,1,104.02,SALE,14-12-2024 19:45:33,S06,20241214
S06/20241214/00056,2,P100560,3,180.90,SALE,14-12-2024 19:45:33,S06,20241214
S06/20241214/00056,3,P100140,1,58.05,SALE,14-12-2024 19:45:33,S06,20241214
S06/20241214/00056,4,P104938,1,999.94,SALE,14-12-2024 19:45:33,S06,20241214
S06/20241214/00056,5,P105713,4,345.36,SALE,14-12-2024 19:45:33,S06,20241214
S06/20241214/00056,6,P106490,2,671.88,SALE,14-12-2024 19:45:33,S06,20241214
S06/20241214/00056,7,P107003,2,1218.85,SALE,14-12-2024 19:45:33,S06,20241214
S06/20241214/00056,8,TAX,1,264.64,TAX,14-12-2024 19:45:33,S06,20241214
S06/20241214/00056,9,TENDER,1,7132.25,TENDER,14-12-2024 19:45:33,S06,20241214
S06/20241214/00057,1,P103202,2,295.26,SALE,14-12-2024 12:40:10,S06,20241214
S06/20241214/00057,2,P100276,1,965.56,SALE,14-12-2024 12:40:10,S06,20241214
S06/20241214/00057,3,P102305,1,111.72,SALE,14-12-2024 12:40:10,S06,20241214
S06/20241214/00057,4,P107740,1,1366.88,SALE,14-12-2024 12:40:10,S06,20241214
S06/20241214/00057,5,TAX,1,296.57,TAX,14-12-2024 12:40:10,S06,20241214
S06/20241214/00057,6,TENDER,1,3331.25,TENDER,14-12-2024 12:40:10,S06,20241214
S06/20241214/00058,1,P105017,1,220.46,SALE,14-12-2024 12:21:42,S06,20241214
S06/20241214/00058,2,P101095,6,205.38,SALE,14-12-2024 12:21:42,S06,20241214
S06/20241214/00058,3,TAX,1,39.68,TAX,14-12-2024 12:21:42,S06,20241214
S06/20241214/00058,4,TENDER,1,1492.42,TENDER,14-12-2024 12:21:42,S06,20241214
S06/20241214/00059,1,P108001,5,96.97,SALE,14-12-2024 14:49:15,S06,20241214
S06/20241214/00059,2,P100810,1,200.65,SALE,14-12-2024 14:49:15,S06,20241214
S06/20241214/00059,3,P103794,1,785.54,SALE,14-12-2024 14:49:15,S06,20241214
S06/20241214/00059,4,P102103,4,400.89,SALE,14-12-2024 14:49:15,S06,20241214
S06/20241214/00059,5,TAX,1,337.95,TAX,14-12-2024 14:49:15,S06,20241214
S06/20241214/00059,6,TENDER,1,3412.55,TENDER,14-12-2024 14:49:15,S06,20241214
S06/20241214/00060,1,P106106,1,219.14,SALE,14-12-2024 16:54:14,S06,20241214
S06/20241214/00060,2,P104541,3,149.08,SALE,14-12-2024 16:54:14,S06,20241214
S06/20241214/00060,3,P101164,2,401.86,SALE,14-12-2024 16:54:14,S06,20241214
S06/20241214/00060,4,P100850,3,172.84,SALE,14-12-2024 16:54:14,S06,20241214
S06/20241214/00060,5,P102471,3,151.71,SALE,14-12-2024 16:54:14,S06,20241214
S06/20241214/00060,6,P102311,3,308.69,SALE,14-12-2024 16:54:14,S06,20241214
S06/20241214/00060,7,P107676,3,213.04,SALE,14-12-2024 16:54:14,S06,20241214
S06/20241214/00060,8,DISC,1,-264.98,DISCOUNT,14-12-2024 16:54:14,S06,20241214
S06/20241214/00060,9,TAX,1,400.53,TAX,14-12-2024 16:54:14,S06,20241214
S06/20241214/00060,10,TENDER,1,4144.49,TENDER,14-12-2024 16:54:14,S06,20241214
S06/20241214/00061,1,P102691,1,219.72,SALE,14-12-2024 12:00:17,S06,20241214
S06/20241214/00061,2,P101458,2,1365.07,SALE,14-12-2024 12:00:17,S06,20241214
S06/20241214/00061,3,P106282,3,448.43,SALE,14-12-2024 12:00:17,S06,20241214
S06/20241214/00061,4,P101634,2,25.05,SALE,14-12-2024 12:00:17,S06,20241214
S06/20241214/00061,5,P102640,1,270.61,SALE,14-12-2024 12:00:17,S06,20241214
S06/20241214/00061,6,TAX,1,310.87,TAX,14-12-2024 12:00:17,S06,20241214
S06/20241214/00061,7,TENDER,1,4926.73,TENDER,14-12-2024 12:00:17,S06,20241214
S06/20241214/00062,1,P104257,1,42.95,SALE,14-12-2024 16:45:06,S06,20241214
S06/20241214/00062,2,P101076,3,606.89,SALE,14-12-2024 16:45:06,S06,20241214
S06/20241214/00062,3,P104469,3,1631.11,SALE,14-12-2024 16:45:06,S06,20241214
S06/20241214/00062,4,P101515,2,60.18,SALE,14-12-2024 16:45:06,S06,20241214
S06/20241214/00062,5,P103811,2,778.90,SALE,14-12-2024 16:45:06,S06,20241214
S06/20241214/00062,6,DISC,1,-897.22,DISCOUNT,14-12-2024 16:45:06,S06,20241214
S06/20241214/00062,7,TAX,1,608.01,TAX,14-12-2024 16:45:06,S06,20241214
S06/20241214/00062,8,TENDER,1,8145.90,TENDER,14-12-2024 16:45:06,S06,20241214
S06/20241214/00063,1,P107646,3,225.19,SALE,14-12-2024 15:58:06,S06,20241214
S06/20241214/00063,2,P101106,1,543.49,SALE,14-12-2024 15:58:06,S06,20241214
S06/20241214/00063,3,P104251,1,79.68,SALE,14-12-2024 15:58:06,S06,20241214
S06/20241214/00063,4,P102761,2,170.84,SALE,14-12-2024 15:58:06,S06,20241214
S06/20241214/00063,5,P107308,3,226.19,SALE,14-12-2024 15:58:06,S06,20241214
S06/20241214/00063,6,P106106,2,219.14,SALE,14-12-2024 15:58:06,S06,20241214
S06/20241214/00063,7,TAX,1,276.33,TAX,14-12-2024 15:58:06,S06,20241214
S06/20241214/00063,8,TENDER,1,3033.60,TENDER,14-12-2024 15:58:06,S06,20241214
S06/20241214/00064,1,P106885,2,137.92,SALE,14-12-2024 12:41:22,S06,20241214
S06/20241214/00064,2,P104427,3,506.64,SALE,14-12-2024 12:41:22,S06,20241214
S06/20241214/00064,3,P101634,3,25.05,SALE,14-12-2024 12:41:22,S06,20241214
S06/20241214/00064,4,P105365,2,420.06,SALE,14-12-2024 12:41:22,S06,20241214
S06/20241214/00064,5,P103606,3,185.94,SALE,14-12-2024 12:41:22,S06,20241214
S06/20241214/00064,6,TAX,1,465.47,TAX,14-12-2024 12:41:22,S06,20241214
S06/20241214/00064,7,TENDER,1,3734.32,TENDER,14-12-2024 12:41:22,S06,20241214
S06/20241214/00065,1,P104320,4,147.42,SALE,14-12-2024 16:10:09,S06,20241214
S06/20241214/00065,2,P101638,1,402.54,SALE,14-12-2024 16:10:09,S06,20241214
S06/20241214/00065,3,TAX,1,48.30,TAX,14-12-2024 16:10:09,S06,20241214
S06/20241214/00065,4,TENDER,1,1040.52,TENDER,14-12-2024 16:10:09,S06,20241214
S06/20241214/00066,1,P106130,1,1317.16,SALE,14-12-2024 22:00:14,S06,20241214
S06/20241214/00066,2,P106277,2,416.62,SALE,14-12-2024 22:00:14,S06,20241214
S06/20241214/00066,3,P106344,2,801.30,SALE,14-12-2024 22:00:14,S06,20241214
S06/20241214/00066,4,P100348,4,527.90,SALE,14-12-2024 22:00:14,S06,20241214
S06/20241214/00066,5,P100086,1,89.00,SALE,14-12-2024 22:00:14,S06,20241214
S06/20241214/00066,6,P103309,4,59.95,SALE,14-12-2024 22:00:14,S06,20241214
S06/20241214/00066,7,P102263,2,116.79,SALE,14-12-2024 22:00:14,S06,20241214
S06/20241214/00066,8,TAX,1,191.71,TAX,14-12-2024 22:00:14,S06,20241214
S06/20241214/00066,9,TENDER,1,6618.69,TENDER,14-12-2024 22:00:14,S06,20241214
S06/20241214/00067,1,P102534,2,98.12,SALE,14-12-2024 21:28:46,S06,20241214
S06/20241214/00067,2,P102060,1,165.83,SALE,14-12-2024 21:28:46,S06,20241214
S06/20241214/00067,3,P100784,3,319.36,SALE,14-12-2024 21:28:46,S06,20241214
S06/20241214/00067,4,TAX,1,150.29,TAX,14-12-2024 21:28:46,S06,20241214
S06/20241214/00067,5,TENDER,1,1470.44,TENDER,14-12-2024 21:28:46,S06,20241214
S06/20241214/00068,1,P103062,1,173.63,SALE,14-12-2024 14:58:39,S06,20241214
S06/20241214/00068,2,P100156,4,1528.63,SALE,14-12-2024 14:58:39,S06,20241214
S06/20241214/00068,3,P102664,2,261.47,SALE,14-12-2024 14:58:39,S06,20241214
S06/20241214/00068,4,P103743,1,1117.90,SALE,14-12-2024 14:58:39,S06,20241214
S06/20241214/00068,5,P108282,2,472.97,SALE,14-12-2024 14:58:39,S06,20241214
S06/20241214/00068,6,P106710,1,98.77,SALE,14-12-2024 14:58:39,S06,20241214
S06/20241214/00068,7,TAX,1,167.89,TAX,14-12-2024 14:58:39,S06,20241214
S06/20241214/00068,8,TENDER,1,9141.59,TENDER,14-12-2024 14:58:39,S06,20241214
S06/20241214/00069,1,P107253,1,249.41,SALE,14-12-2024 17:49:11,S06,20241214
S06/20241214/00069,2,P106181,3,778.60,SALE,14-12-2024 17:49:11,S06,20241214
S06/20241214/00069,3,P103004,4,82.09,SALE,14-12-2024 17:49:11,S06,20241214
S06/20241214/00069,4,P108282,2,472.97,SALE,14-12-2024 17:49:11,S06,20241214
S06/20241214/00069,5,TAX,1,63.72,TAX,14-12-2024 17:49:11,S06,20241214
S06/20241214/00069,6,TENDER,1,3923.23,TENDER,14-12-2024 17:49:11,S06,20241214
S06/20241214/00070,1,P103234,1,128.39,SALE,14-12-2024 23:51:51,S06,20241214
S06/20241214/00070,2,P102060,2,165.83,SALE,14-12-2024 23:51:51,S06,20241214
S06/20241214/00070,3,P106773,2,397.71,SALE,14-12-2024 23:51:51,S06,20241214
S06/20241214/00070,4,P101095,3,205.38,SALE,14-12-2024 23:51:51,S06,20241214
S06/20241214/00070,5,TAX,1,166.29,TAX,14-12-2024 23:51:51,S06,20241214
S06/20241214/00070,6,TENDER,1,2037.90,TENDER,14-12-2024 23:51:51,S06,20241214
S06/20241214/00071,1,P104708,1,487.33,SALE,14-12-2024 13:55:33,S06,20241214
S06/20241214/00071,2,P101825,2,183.68,SALE,14-12-2024 13:55:33,S06,20241214
S06/20241214/00071,3,P107226,2,88.38,SALE,14-12-2024 13:55:33,S06,20241214
S06/20241214/00071,4,P102255,1,167.76,SALE,14-12-2024 13:55:33,S06,20241214
S06/20241214/00071,5,TAX,1,74.55,TAX,14-12-2024 13:55:33,S06,20241214
S06/20241214/00071,6,TENDER,1,1273.76,TENDER,14-12-2024 13:55:33,S06,20241214
S06/20241214/00072,1,P104242,2,308.27,SALE,14-12-2024 13:24:45,S06,20241214
S06/20241214/00072,2,P103029,2,11.28,SALE,14-12-2024 13:24:45,S06,20241214
S06/20241214/00072,3,P108101,3,1603.81,SALE,14-12-2024 13:24:45,S06,20241214
S06/20241214/00072,4,P103487,2,361.14,SALE,14-12-2024 13:24:45,S06,20241214
S06/20241214/00072,5,P100711,1,101.23,SALE,14-12-2024 13:24:45,S06,20241214
S06/20241214/00072,6,P105740,3,103.24,SALE,14-12-2024 13:24:45,S06,20241214
S06/20241214/00072,7,P101018,2,141.83,SALE,14-12-2024 13:24:45,S06,20241214
S06/20241214/00072,8,P108174,4,235.92,SALE,14-12-2024 13:24:45,S06,20241214
S06/20241214/00072,9,TAX,1,863.25,TAX,14-12-2024 13:24:45,S06,20241214
S06/20241214/00072,10,TENDER,1,8674.35,TENDER,14-12-2024 13:24:45,S06,20241214
S06/20241214/00073,1,P107137,2,32.59,SALE,14-12-2024 11:42:56,S06,20241214
S06/20241214/00073,2,P104512,2,94.53,SALE,14-12-2024 11:42:56,S06,20241214
S06/20241214/00073,3,P104344,1,390.44,SALE,14-12-2024 11:42:56,S06,20241214
S06/20241214/00073,4,P108001,2,96.97,SALE,14-12-2024 11:42:56,S06,20241214
S06/20241214/00073,5,P102849,1,682.39,SALE,14-12-2024 11:42:56,S06,20241214
S06/20241214/00073,6,TAX,1,161.62,TAX,14-12-2024 11:42:56,S06,20241214
S06/20241214/00073,7,TENDER,1,1682.63,TENDER,14-12-2024 11:42:56,S06,20241214
S06/20241215/00001,1,P108144,2,253.94,SALE,15-12-2024 11:34:53,S06,20241215
S06/20241215/00001,2,P106426,1,154.27,SALE,15-12-2024 11:34:53,S06,20241215
S06/20241215/00001,3,P108131,1,627.37,SALE,15-12-2024 11:34:53,S06,20241215
S06/20241215/00001,4,TAX,1,120.08,TAX,15-12-2024 11:34:53,S06,20241215
S06/20241215/00001,5,TENDER,1,1409.60,TENDER,15-12-2024 11:34:53,S06,20241215
S06/20241215/00002,1,P100380,2,136.58,SALE,15-12-2024 10:58:33,S06,20241215
S06/20241215/00002,2,P102296,3,48.88,SALE,15-12-2024 10:58:33,S06,20241215
S06/20241215/00002,3,P103973,1,108.48,SALE,15-12-2024 10:58:33,S06,20241215
S06/20241215/00002,4,P103542,2,398.89,SALE,15-12-2024 10:58:33,S06,20241215
S06/20241215/00002,5,P101272,1,96.70,SALE,15-12-2024 10:58:33,S06,20241215
S06/20241215/00002,6,P103004,1,82.09,SALE,15-12-2024 10:58:33,S06,20241215
S06/20241215/00002,7,P101740,4,855.00,SALE,15-12-2024 10:58:33,S06,20241215
S06/20241215/00002,8,P106731,1,153.24,SALE,15-12-2024 10:58:33,S06,20241215
S06/20241215/00002,9,TAX,1,183.37,TAX,15-12-2024 10:58:33,S06,20241215
S06/20241215/00002,10,TENDER,1,5261.46,TENDER,15-12-2024 10:58:33,S06,20241215
S06/20241215/00003,1,P100717,3,561.52,SALE,15-12-2024 19:38:11,S06,20241215
S06/20241215/00003,2,P105835,2,238.39,SALE,15-12-2024 19:38:11,S06,20241215
S06/20241215/00003,3,P106027,3,1548.23,SALE,15-12-2024 19:38:11,S06,20241215
S06/20241215/00003,4,P105882,4,222.02,SALE,15-12-2024 19:38:11,S06,20241215
S06/20241215/00003,5,TAX,1,486.91,TAX,15-12-2024 19:38:11,S06,20241215
S06/20241215/00003,6,TENDER,1,8181.02,TENDER,15-12-2024 19:38:11,S06,20241215
S06/20241215/00004,1,P100287,2,240.45,SALE,15-12-2024 15:48:14,S06,20241215
S06/20241215/00004,2,P102794,1,416.24,SALE,15-12-2024 15:48:14,S06,20241215
S06/20241215/00004,3,P105518,1,729.30,SALE,15-12-2024 15:48:14,S06,20241215
S06/20241215/00004,4,P107555,2,1314.43,SALE,15-12-2024 15:48:14,S06,20241215
S06/20241215/00004,5,TAX,1,188.98,TAX,15-12-2024 15:48:14,S06,20241215
S06/20241215/00004,6,TENDER,1,4444.28,TENDER,15-12-2024 15:48:14,S06,20241215
S06/20241215/00005,1,P106542,1,139.24,SALE,15-12-2024 21:35:59,S06,20241215
S06/20241215/00005,2,P100924,1,50.37,SALE,15-12-2024 21:35:59,S06,20241215
S06/20241215/00005,3,P102623,3,107.54,SALE,15-12-2024 21:35:59,S06,20241215
S06/20241215/00005,4,TAX,1,72.84,TAX,15-12-2024 21:35:59,S06,20241215
S06/20241215/00005,5,TENDER,1,585.07,TENDER,15-12-2024 21:35:59,S06,20241215
S06/20241215/00006,1,P103973,1,108.48,SALE,15-12-2024 16:29:42,S06,20241215
S06/20241215/00006,2,P100850,3,172.84,SALE,15-12-2024 16:29:42,S06,20241215
S06/20241215/00006,3,P105468,1,1100.43,SALE,15-12-2024 16:29:42,S06,20241215
S06/20241215/00006,4,P100543,1,123.06,SALE,15-12-2024 16:29:42,S06,20241215
S06/20241215/00006,5,P106258,1,423.67,SALE,15-12-2024 16:29:42,S06,20241215
S06/20241215/00006,6,P100418,2,213.97,SALE,15-12-2024 16:29:42,S06,20241215
S06/20241215/00006,7,P102460,3,582.21,SALE,15-12-2024 16:29:42,S06,20241215
S06/20241215/00006,8,TAX,1,245.29,TAX,15-12-2024 16:29:42,S06,20241215
S06/20241215/00006,9,TENDER,1,4694.02,TENDER,15-12-2024 16:29:42,S06,20241215
S06/20241215/00007,1,P107145,2,235.69,SALE,15-12-2024 16:37:10,S06,20241215
S06/20241215/00007,2,P103222,1,427.41,SALE,15-12-2024 16:37:10,S06,20241215
S06/20241215/00007,3,P100703,2,171.10,SALE,15-12-2024 16:37:10,S06,20241215
S06/20241215/00007,4,P101564,2,172.72,SALE,15-12-2024 16:37:10,S06,20241215
S06/20241215/00007,5,P105643,2,1294.23,SALE,15-12-2024 16:37:10,S06,20241215
S06/20241215/00007,6,P100677,2,256.17,SALE,15-12-2024 16:37:10,S06,20241215
S06/20241215/00007,7,TAX,1,303.32,TAX,15-12-2024 16:37:10,S06,20241215
S06/20241215/00007,8,TENDER,1,4990.55,TENDER,15-12-2024 16:37:10,S06,20241215
S06/20241215/00008,1,P107952,1,1964.70,SALE,15-12-2024 19:22:38,S06,20241215
S06/20241215/00008,2,P106357,2,1078.45,SALE,15-12-2024 19:22:38,S06,20241215
S06/20241215/00008,3,P100838,4,38.03,SALE,15-12-2024 19:22:38,S06,20241215
S06/20241215/00008,4,DISC,1,-183.21,DISCOUNT,15-12-2024 19:22:38,S06,20241215
S06/20241215/00008,5,TAX,1,255.01,TAX,15-12-2024 19:22:38,S06,20241215
S06/20241215/00008,6,TENDER,1,4345.52,TENDER,15-12-2024 19:22:38,S06,20241215
S06/20241215/00009,1,P100855,4,345.07,SALE,15-12-2024 17:27:14,S06,20241215
S06/20241215/00009,2,P104308,3,53.24,SALE,15-12-2024 17:27:14,S06,20241215
S06/20241215/00009,3,P105882,1,222.02,SALE,15-12-2024 17:27:14,S06,20241215
S06/20241215/00009,4,P101864,1,112.21,SALE,15-12-2024 17:27:14,S06,20241215
S06/20241215/00009,5,P106833,4,446.47,SALE,15-12-2024 17:27:14,S06,20241215
S06/20241215/00009,6,TAX,1,658.82,TAX,15-12-2024 17:27:14,S06,20241215
S06/20241215/00009,7,TENDER,1,4318.93,TENDER,15-12-2024 17:27:14,S06,20241215
S06/20241215/00010,1,P108258,3,54.62,SALE,15-12-2024 13:48:46,S06,20241215
S06/20241215/00010,2,P102636,2,113.15,SALE,15-12-2024 13:48:46,S06,20241215
S06/20241215/00010,3,P102184,2,101.58,SALE,15-12-2024 13:48:46,S06,20241215
S06/20241215/00010,4,TAX,1,77.38,TAX,15-12-2024 13:48:46,S06,20241215
S06/20241215/00010,5,TENDER,1,670.70,TENDER,15-12-2024 13:48:46,S06,20241215
S06/20241215/00011,1,P102335,1,94.24,SALE,15-12-2024 20:27:54,S06,20241215
S06/20241215/00011,2,P101393,2,36.64,SALE,15-12-2024 20:27:54,S06,20241215
S06/20241215/00011,3,P101242,4,92.35,SALE,15-12-2024 20:27:54,S06,20241215
S06/20241215/00011,4,P102947,2,59.21,SALE,15-12-2024 20:27:54,S06,20241215
S06/20241215/00011,5,TAX,1,87.12,TAX,15-12-2024 20:27:54,S06,20241215
S06/20241215/00011,6,TENDER,1,742.46,TENDER,15-12-2024 20:27:54,S06,20241215
S06/20241215/00012,1,P105868,1,68.91,SALE,15-12-2024 15:52:42,S06,20241215
S06/20241215/00012,2,P102516,2,1272.67,SALE,15-12-2024 15:52:42,S06,20241215
S06/20241215/00012,3,P100100,2,435.38,SALE,15-12-2024 15:52:42,S06,20241215
S06/20241215/00012,4,P107681,2,193.13,SALE,15-12-2024 15:52:42,S06,20241215
S06/20241215/00012,5,P101766,4,220.67,SALE,15-12-2024 15:52:42,S06,20241215
S06/20241215/00012,6,TAX,1,410.65,TAX,15-12-2024 15:52:42,S06,20241215
S06/20241215/00012,7,TENDER,1,5164.60,TENDER,15-12-2024 15:52:42,S06,20241215
S06/20241215/00013,1,P103496,5,70.71,SALE,15-12-2024 12:56:43,S06,20241215
S06/20241215/00013,2,P100543,1,123.06,SALE,15-12-2024 12:56:43,S06,20241215
S06/20241215/00013,3,P104361,4,1519.18,SALE,15-12-2024 12:56:43,S06,20241215
S06/20241215/00013,4,P106534,1,96.00,SALE,15-12-2024 12:56:43,S06,20241215
S06/20241215/00013,5,P103416,1,73.27,SALE,15-12-2024 12:56:43,S06,20241215
S06/20241215/00013,6,P108125,2,129.06,SALE,15-12-2024 12:56:43,S06,20241215
S06/20241215/00013,7,TAX,1,823.31,TAX,15-12-2024 12:56:43,S06,20241215
S06/20241215/00013,8,TENDER,1,7804.03,TENDER,15-12-2024 12:56:43,S06,20241215
S06/20241215/00014,1,P104933,2,560.59,SALE,15-12-2024 13:34:19,S06,20241215
S06/20241215/00014,2,P103159,3,1193.28,SALE,15-12-2024 13:34:19,S06,20241215
S06/20241215/00014,3,P107182,3,112.81,SALE,15-12-2024 13:34:19,S06,20241215
S06/20241215/00014,4,P105294,1,143.55,SALE,15-12-2024 13:34:19,S06,20241215
S06/20241215/00014,5,P100479,2,342.92,SALE,15-12-2024 13:34:19,S06,20241215
S06/20241215/00014,6,P106512,1,467.07,SALE,15-12-2024 13:34:19,S06,20241215
S06/20241215/00014,7,P104891,2,757.22,SALE,15-12-2024 13:34:19,S06,20241215
S06/20241215/00014,8,TAX,1,636.68,TAX,15-12-2024 13:34:19,S06,20241215
S06/20241215/00014,9,TENDER,1,8487.03,TENDER,15-12-2024 13:34:19,S06,20241215
S06/20241215/00015,1,P100121,2,113.08,SALE,15-12-2024 12:47:59,S06,20241215
S06/20241215/00015,2,P101152,2,490.05,SALE,15-12-2024 12:47:59,S06,20241215
S06/20241215/00015,3,P104606,2,98.45,SALE,15-12-2024 12:47:59,S06,20241215
S06/20241215/00015,4,P105507,1,22.07,SALE,15-12-2024 12:47:59,S06,20241215
S06/20241215/00015,5,P107246,2,313.74,SALE,15-12-2024 12:47:59,S06,20241215
S06/20241215/00015,6,TAX,1,324.30,TAX,15-12-2024 12:47:59,S06,20241215
S06/20241215/00015,7,TENDER,1,2377.01,TENDER,15-12-2024 12:47:59,S06,20241215
S06/20241215/00016,1,P101389,1,430.39,SALE,15-12-2024 16:38:05,S06,20241215
S06/20241215/00016,2,P101732,1,1390.76,SALE,15-12-2024 16:38:05,S06,20241215
S06/20241215/00016,3,TAX,1,244.36,TAX,15-12-2024 16:38:05,S06,20241215
S06/20241215/00016,4,TENDER,1,2065.51,TENDER,15-12-2024 16:38:05,S06,20241215
S06/20241215/00017,1,P102305,1,111.72,SALE,15-12-2024 08:52:53,S06,20241215
S06/20241215/00017,2,P100150,1,280.80,SALE,15-12-2024 08:52:53,S06,20241215
S06/20241215/00017,3,P107715,3,241.95,SALE,15-12-2024 08:52:53,S06,20241215
S06/20241215/00017,4,P106885,4,137.92,SALE,15-12-2024 08:52:53,S06,20241215
S06/20241215/00017,5,P101933,1,1344.63,SALE,15-12-2024 08:52:53,S06,20241215
S06/20241215/00017,6,DISC,1,-346.82,DISCOUNT,15-12-2024 08:52:53,S06,20241215
S06/20241215/00017,7,TAX,1,370.58,TAX,15-12-2024 08:52:53,S06,20241215
S06/20241215/00017,8,TENDER,1,3038.44,TENDER,15-12-2024 08:52:53,S06,20241215
S06/20241215/00018,1,P102353,2,139.83,SALE,15-12-2024 15:43:42,S06,20241215
S06/20241215/00018,2,P105583,1,179.43,SALE,15-12-2024 15:43:42,S06,20241215
S06/20241215/00018,3,P102691,2,219.72,SALE,15-12-2024 15:43:42,S06,20241215
S06/20241215/00018,4,TAX,1,68.25,TAX,15-12-2024 15:43:42,S06,20241215
S06/20241215/00018,5,TENDER,1,966.78,TENDER,15-12-2024 15:43:42,S06,20241215
S06/20241215/00019,1,P107119,3,18.29,SALE,15-12-2024 11:26:16,S06,20241215
S06/20241215/00019,2,P108206,1,81.62,SALE,15-12-2024 11:26:16,S06,20241215
S06/20241215/00019,3,DISC,1,-5.18,DISCOUNT,15-12-2024 11:26:16,S06,20241215
S06/20241215/00019,4,TAX,1,9.50,TAX,15-12-2024 11:26:16,S06,20241215
S06/20241215/00019,5,TENDER,1,140.81,TENDER,15-12-2024 11:26:16,S06,20241215
S06/20241215/00020,1,P105570,2,345.21,SALE,15-12-2024 20:17:28,S06,20241215
S06/20241215/00020,2,P103435,1,443.24,SALE,15-12-2024 20:17:28,S06,20241215
S06/20241215/00020,3,P107623,2,468.34,SALE,15-12-2024 20:17:28,S06,20241215
S06/20241215/00020,4,P107966,1,391.71,SALE,15-12-2024 20:17:28,S06,20241215
S06/20241215/00020,5,TAX,1,282.91,TAX,15-12-2024 20:17:28,S06,20241215
S06/20241215/00020,6,TENDER,1,2744.96,TENDER,15-12-2024 20:17:28,S06,20241215
S06/20241215/00021,1,P105541,2,189.75,SALE,15-12-2024 20:21:50,S06,20241215
S06/20241215/00021,2,TAX,1,68.31,TAX,15-12-2024 20:21:50,S06,20241215
S06/20241215/00021,3,TENDER,1,447.81,TENDER,15-12-2024 20:21:50,S06,20241215
S06/20241215/00022,1,P107639,2,128.49,SALE,15-12-2024 12:10:03,S06,20241215
S06/20241215/00022,2,P101547,2,66.03,SALE,15-12-2024 12:10:03,S06,20241215
S06/20241215/00022,3,TAX,1,37.44,TAX,15-12-2024 12:10:03,S06,20241215
S06/20241215/00022,4,TENDER,1,426.48,TENDER,15-12-2024 12:10:03,S06,20241215
S06/20241215/00023,1,P100121,-3,113.08,RETURN,15-12-2024 21:45:54,S06,20241215
S06/20241215/00023,2,P107047,-1,413.27,RETURN,15-12-2024 21:45:54,S06,20241215
S06/20241215/00023,3,P102432,-1,895.86,RETURN,15-12-2024 21:45:54,S06,20241215
S06/20241215/00023,4,P106200,-4,119.89,RETURN,15-12-2024 21:45:54,S06,20241215
S06/20241215/00023,5,P107089,-2,208.86,RETURN,15-12-2024 21:45:54,S06,20241215
S06/20241215/00023,6,P101034,-3,94.74,RETURN,15-12-2024 21:45:54,S06,20241215
S06/20241215/00023,7,TAX,1,-286.60,TAX,15-12-2024 21:45:54,S06,20241215
S06/20241215/00023,8,TENDER,1,-3116.47,TENDER,15-12-2024 21:45:54,S06,20241215
S06/20241215/00024,1,P101164,3,401.86,SALE,15-12-2024 10:38:30,S06,20241215
S06/20241215/00024,2,P101117,1,208.14,SALE,15-12-2024 10:38:30,S06,20241215
S06/20241215/00024,3,P108135,2,562.62,SALE,15-12-2024 10:38:30,S06,20241215
S06/20241215/00024,4,P100049,2,68.93,SALE,15-12-2024 10:38:30,S06,20241215
S06/20241215/00024,5,TAX,1,241.82,TAX,15-12-2024 10:38:30,S06,20241215
S06/20241215/00024,6,TENDER,1,2918.64,TENDER,15-12-2024 10:38:30,S06,20241215
S06/20241215/00025,1,P103792,1,25.06,SALE,15-12-2024 17:30:03,S06,20241215
S06/20241215/00025,2,P105965,2,66.08,SALE,15-12-2024 17:30:03,S06,20241215
S06/20241215/00025,3,TAX,1,7.86,TAX,15-12-2024 17:30:03,S06,20241215
S06/20241215/00025,4,TENDER,1,165.08,TENDER,15-12-2024 17:30:03,S06,20241215
S06/20241215/00026,1,P102903,1,51.46,SALE,15-12-2024 17:21:58,S06,20241215
S06/20241215/00026,2,P105988,1,29.57,SALE,15-12-2024 17:21:58,S06,20241215
S06/20241215/00026,3,P108067,1,640.50,SALE,15-12-2024 17:21:58,S06,20241215
S06/20241215/00026,4,P107863,3,575.65,SALE,15-12-2024 17:21:58,S06,20241215
S06/20241215/00026,5,P102060,2,165.83,SALE,15-12-2024 17:21:58,S06,20241215
S06/20241215/00026,6,TAX,1,321.59,TAX,15-12-2024 17:21:58,S06,20241215
S06/20241215/00026,7,TENDER,1,3101.73,TENDER,15-12-2024 17:21:58,S06,20241215
S06/20241215/00027,1,P102691,1,219.72,SALE,15-12-2024 11:47:33,S06,20241215
S06/20241215/00027,2,P101603,2,965.71,SALE,15-12-2024 11:47:33,S06,20241215
S06/20241215/00027,3,TAX,1,242.76,TAX,15-12-2024 11:47:33,S06,20241215
S06/20241215/00027,4,TENDER,1,2393.90,TENDER,15-12-2024 11:47:33,S06,20241215
S06/20241215/00028,1,P102593,2,92.93,SALE,15-12-2024 18:03:29,S06,20241215
S06/20241215/00028,2,P106773,1,397.71,SALE,15-12-2024 18:03:29,S06,20241215
S06/20241215/00028,3,P104079,1,75.55,SALE,15-12-2024 18:03:29,S06,20241215
S06/20241215/00028,4,TAX,1,105.04,TAX,15-12-2024 18:03:29,S06,20241215
S06/20241215/00028,5,TENDER,1,764.16,TENDER,15-12-2024 18:03:29,S06,20241215
S06/20241215/00029,1,P106802,1,739.16,SALE,15-12-2024 14:47:07,S06,20241215
S06/20241215/00029,2,P100855,1,345.07,SALE,15-12-2024 14:47:07,S06,20241215
S06/20241215/00029,3,P106151,1,298.42,SALE,15-12-2024 14:47:07,S06,20241215
S06/20241215/00029,4,P106501,1,164.07,SALE,15-12-2024 14:47:07,S06,20241215
S06/20241215/00029,5,TAX,1,164.41,TAX,15-12-2024 14:47:07,S06,20241215
S06/20241215/00029,6,TENDER,1,1711.13,TENDER,15-12-2024 14:47:07,S06,20241215
S06/20241215/00030,1,P106258,2,423.67,SALE,15-12-2024 17:29:03,S06,20241215
S06/20241215/00030,2,P101048,3,219.90,SALE,15-12-2024 17:29:03,S06,20241215
S06/20241215/00030,3,P101592,2,295.58,SALE,15-12-2024 17:29:03,S06,20241215
S06/20241215/00030,4,P104048,2,193.57,SALE,15-12-2024 17:29:03,S06,20241215
S06/20241215/00030,5,P105757,2,248.44,SALE,15-12-2024 17:29:03,S06,20241215
S06/20241215/00030,6,P106239,1,803.36,SALE,15-12-2024 17:29:03,S06,20241215
S06/20241215/00030,7,TAX,1,253.06,TAX,15-12-2024 17:29:03,S06,20241215
S06/20241215/00030,8,TENDER,1,4038.64,TENDER,15-12-2024 17:29:03,S06,20241215
S06/20241215/00031,1,P101083,1,349.65,SALE,15-12-2024 23:22:35,S06,20241215
S06/20241215/00031,2,P105356,2,232.26,SALE,15-12-2024 23:22:35,S06,20241215
S06/20241215/00031,3,P104670,2,108.77,SALE,15-12-2024 23:22:35,S06,20241215
S06/20241215/00031,4,P107089,3,208.86,SALE,15-12-2024 23:22:35,S06,20241215
S06/20241215/00031,5,P100767,1,277.22,SALE,15-12-2024 23:22:35,S06,20241215
S06/20241215/00031,6,P104747,2,342.93,SALE,15-12-2024 23:22:35,S06,20241215
S06/20241215/00031,7,TAX,1,272.22,TAX,15-12-2024 23:22:35,S06,20241215
S06/20241215/00031,8,TENDER,1,2893.59,TENDER,15-12-2024 23:22:35,S06,20241215
S06/20241215/00032,1,P106162,1,534.57,SALE,15-12-2024 16:22:27,S06,20241215
S06/20241215/00032,2,TAX,1,0.00,TAX,15-12-2024 16:22:27,S06,20241215
S06/20241215/00032,3,TENDER,1,534.57,TENDER,15-12-2024 16:22:27,S06,20241215
S06/20241215/00033,1,P107639,2,128.49,SALE,15-12-2024 19:10:13,S06,20241215
S06/20241215/00033,2,P105127,1,77.13,SALE,15-12-2024 19:10:13,S06,20241215
S06/20241215/00033,3,TAX,1,34.69,TAX,15-12-2024 19:10:13,S06,20241215
S06/20241215/00033,4,TENDER,1,368.80,TENDER,15-12-2024 19:10:13,S06,20241215
S06/20241215/00034,1,P104081,1,652.80,SALE,15-12-2024 17:50:07,S06,20241215
S06/20241215/00034,2,P104587,1,252.25,SALE,15-12-2024 17:50:07,S06,20241215
S06/20241215/00034,3,P103416,3,73.27,SALE,15-12-2024 17:50:07,S06,20241215
S06/20241215/00034,4,P100921,1,441.43,SALE,15-12-2024 17:50:07,S06,20241215
S06/20241215/00034,5,P106584,2,247.63,SALE,15-12-2024 17:50:07,S06,20241215
S06/20241215/00034,6,TAX,1,131.64,TAX,15-12-2024 17:50:07,S06,20241215
S06/20241215/00034,7,TENDER,1,2193.19,TENDER,15-12-2024 17:50:07,S06,20241215
S06/20241215/00035,1,P103484,2,109.59,SALE,15-12-2024 11:58:12,S06,20241215
S06/20241215/00035,2,P102494,2,14.54,SALE,15-12-2024 11:58:12,S06,20241215
S06/20241215/00035,3,P106927,3,156.05,SALE,15-12-2024 11:58:12,S06,20241215
S06/20241215/00035,4,P106490,1,671.88,SALE,15-12-2024 11:58:12,S06,20241215
S06/20241215/00035,5,P100974,2,41.35,SALE,15-12-2024 11:58:12,S06,20241215
S06/20241215/00035,6,TAX,1,72.23,TAX,15-12-2024 11:58:12,S06,20241215
S06/20241215/00035,7,TENDER,1,1543.22,TENDER,15-12-2024 11:58:12,S06,20241215
S06/20241215/00036,1,P108221,2,50.44,SALE,15-12-2024 13:16:51,S06,20241215
S06/20241215/00036,2,P100703,2,171.10,SALE,15-12-2024 13:16:51,S06,20241215
S06/20241215/00036,3,P106174,1,229.89,SALE,15-12-2024 13:16:51,S06,20241215
S06/20241215/00036,4,P106209,1,199.51,SALE,15-12-2024 13:16:51,S06,20241215
S06/20241215/00036,5,TAX,1,83.16,TAX,15-12-2024 13:16:51,S06,20241215
S06/20241215/00036,6,TENDER,1,955.64,TENDER,15-12-2024 13:16:51,S06,20241215
S06/20241215/00037,1,P103214,1,283.38,SALE,15-12-2024 20:11:54,S06,20241215
S06/20241215/00037,2,P102397,2,355.28,SALE,15-12-2024 20:11:54,S06,20241215
S06/20241215/00037,3,DISC,1,-69.63,DISCOUNT,15-12-2024 20:11:54,S06,20241215
S06/20241215/00037,4,TAX,1,92.47,TAX,15-12-2024 20:11:54,S06,20241215
S06/20241215/00037,5,TENDER,1,1016.78,TENDER,15-12-2024 20:11:54,S06,20241215
S06/20241215/00038,1,P105633,1,46.25,SALE,15-12-2024 20:41:29,S06,20241215
S06/20241215/00038,2,P107346,2,449.29,SALE,15-12-2024 20:41:29,S06,20241215
S06/20241215/00038,3,P103946,3,338.64,SALE,15-12-2024 20:41:29,S06,20241215
S06/20241215/00038,4,P100519,1,365.61,SALE,15-12-2024 20:41:29,S06,20241215
S06/20241215/00038,5,P107208,1,323.06,SALE,15-12-2024 20:41:29,S06,20241215
S06/20241215/00038,6,P101321,2,24.76,SALE,15-12-2024 20:41:29,S06,20241215
S06/20241215/00038,7,TAX,1,116.18,TAX,15-12-2024 20:41:29,S06,20241215
S06/20241215/00038,8,TENDER,1,2815.12,TENDER,15-12-2024 20:41:29,S06,20241215
S06/20241215/00039,1,P102404,1,370.32,SALE,15-12-2024 14:29:39,S06,20241215
S06/20241215/00039,2,P101208,2,593.86,SALE,15-12-2024 14:29:39,S06,20241215
S06/20241215/00039,3,P105944,2,985.47,SALE,15-12-2024 14:29:39,S06,20241215
S06/20241215/00039,4,TAX,1,236.51,TAX,15-12-2024 14:29:39,S06,20241215
S06/20241215/00039,5,TENDER,1,3765.49,TENDER,15-12-2024 14:29:39,S06,20241215
S06/20241215/00040,1,P105009,-1,65.38,RETURN,15-12-2024 14:15:25,S06,20241215
S06/20241215/00040,2,P106927,-1,156.05,RETURN,15-12-2024 14:15:25,S06,20241215
S06/20241215/00040,3,P105384,-4,315.25,RETURN,15-12-2024 14:15:25,S06,20241215
S06/20241215/00040,4,P102383,-2,10.62,RETURN,15-12-2024 14:15:25,S06,20241215
S06/20241215/00040,5,P103760,-2,103.67,RETURN,15-12-2024 14:15:25,S06,20241215
S06/20241215/00040,6,TAX,1,-212.04,TAX,15-12-2024 14:15:25,S06,20241215
S06/20241215/00040,7,TENDER,1,-1923.05,TENDER,15-12-2024 14:15:25,S06,20241215
S06/20241215/00041,1,P101634,3,25.05,SALE,15-12-2024 14:55:15,S06,20241215
S06/20241215/00041,2,P104975,3,568.03,SALE,15-12-2024 14:55:15,S06,20241215
S06/20241215/00041,3,P108067,5,640.50,SALE,15-12-2024 14:55:15,S06,20241215
S06/20241215/00041,4,P100057,3,233.39,SALE,15-12-2024 14:55:15,S06,20241215
S06/20241215/00041,5,P101213,3,232.84,SALE,15-12-2024 14:55:15,S06,20241215
S06/20241215/00041,6,TAX,1,223.28,TAX,15-12-2024 14:55:15,S06,20241215
S06/20241215/00041,7,TENDER,1,6603.71,TENDER,15-12-2024 14:55:15,S06,20241215
S06/20241215/00042,1,P100198,2,162.72,SALE,15-12-2024 17:24:51,S06,20241215
S06/20241215/00042,2,P107003,2,1218.85,SALE,15-12-2024 17:24:51,S06,20241215
S06/20241215/00042,3,P102609,2,183.47,SALE,15-12-2024 17:24:51,S06,20241215
S06/20241215/00042,4,P102042,3,151.18,SALE,15-12-2024 17:24:51,S06,20241215
S06/20241215/00042,5,TAX,1,114.73,TAX,15-12-2024 17:24:51,S06,20241215
S06/20241215/00042,6,TENDER,1,3698.35,TENDER,15-12-2024 17:24:51,S06,20241215
S06/20241215/00043,1,P107477,2,116.48,SALE,15-12-2024 18:19:22,S06,20241215
S06/20241215/00043,2,P102761,1,170.84,SALE,15-12-2024 18:19:22,S06,20241215
S06/20241215/00043,3,P100339,3,299.99,SALE,15-12-2024 18:19:22,S06,20241215
S06/20241215/00043,4,P107654,2,409.57,SALE,15-12-2024 18:19:22,S06,20241215
S06/20241215/00043,5,P100816,1,806.93,SALE,15-12-2024 18:19:22,S06,20241215
S06/20241215/00043,6,TAX,1,368.77,TAX,15-12-2024 18:19:22,S06,20241215
S06/20241215/00043,7,TENDER,1,3298.61,TENDER,15-12-2024 18:19:22,S06,20241215
S06/20241215/00044,1,P108356,3,234.68,SALE,15-12-2024 18:16:46,S06,20241215
S06/20241215/00044,2,P106009,2,372.60,SALE,15-12-2024 18:16:46,S06,20241215
S06/20241215/00044,3,P106288,1,48.38,SALE,15-12-2024 18:16:46,S06,20241215
S06/20241215/00044,4,P103012,3,240.75,SALE,15-12-2024 18:16:46,S06,20241215
S06/20241215/00044,5,P102598,2,133.17,SALE,15-12-2024 18:16:46,S06,20241215
S06/20241215/00044,6,TAX,1,263.00,TAX,15-12-2024 18:16:46,S06,20241215
S06/20241215/00044,7,TENDER,1,2749.21,TENDER,15-12-2024 18:16:46,S06,20241215
S06/20241215/00045,1,P102383,4,10.62,SALE,15-12-2024 11:41:28,S06,20241215
S06/20241215/00045,2,P104160,2,256.98,SALE,15-12-2024 11:41:28,S06,20241215
S06/20241215/00045,3,P100074,1,57.78,SALE,15-12-2024 11:41:28,S06,20241215
S06/20241215/00045,4,P103584,4,402.02,SALE,15-12-2024 11:41:28,S06,20241215
S06/20241215/00045,5,P101827,1,155.74,SALE,15-12-2024 11:41:28,S06,20241215
S06/20241215/00045,6,P100850,1,164.20,SALE,15-12-2024 11:41:28,S06,20241215
S06/20241215/00045,7,TAX,1,327.48,TAX,15-12-2024 11:41:28,S06,20241215
S06/20241215/00045,8,TENDER,1,2869.72,TENDER,15-12-2024 11:41:28,S06,20241215
S06/20241215/00046,1,P100609,1,75.79,SALE,15-12-2024 16:59:47,S06,20241215
S06/20241215/00046,2,P101359,1,49.69,SALE,15-12-2024 16:59:47,S06,20241215
S06/20241215/00046,3,TAX,1,18.04,TAX,15-12-2024 16:59:47,S06,20241215
S06/20241215/00046,4,TENDER,1,143.52,TENDER,15-12-2024 16:59:47,S06,20241215
S06/20241216/00001,1,P107047,2,413.27,SALE,16-12-2024 15:43:49,S06,20241216
S06/20241216/00001,2,P106563,2,469.90,SALE,16-12-2024 15:43:49,S06,20241216
S06/20241216/00001,3,P101925,2,186.54,SALE,16-12-2024 15:43:49,S06,20241216
S06/20241216/00001,4,P103389,2,239.67,SALE,16-12-2024 15:43:49,S06,20241216
S06/20241216/00001,5,P108346,1,534.07,SALE,16-12-2024 15:43:49,S06,20241216
S06/20241216/00001,6,TAX,1,392.10,TAX,16-12-2024 15:43:49,S06,20241216
S06/20241216/00001,7,TENDER,1,3544.93,TENDER,16-12-2024 15:43:49,S06,20241216
S06/20241216/00002,1,P102081,1,164.15,SALE,16-12-2024 23:04:40,S06,20241216
S06/20241216/00002,2,P107943,2,252.32,SALE,16-12-2024 23:04:40,S06,20241216
S06/20241216/00002,3,P107564,1,325.35,SALE,16-12-2024 23:04:40,S06,20241216
S06/20241216/00002,4,P100469,1,49.98,SALE,16-12-2024 23:04:40,S06,20241216
S06/20241216/00002,5,P107960,5,1191.78,SALE,16-12-2024 23:04:40,S06,20241216
S06/20241216/00002,6,P104277,1,128.39,SALE,16-12-2024 23:04:40,S06,20241216
S06/20241216/00002,7,P107182,2,112.81,SALE,16-12-2024 23:04:40,S06,20241216
S06/20241216/00002,8,DISC,1,-871.84,DISCOUNT,16-12-2024 23:04:40,S06,20241216
S06/20241216/00002,9,TAX,1,822.44,TAX,16-12-2024 23:04:40,S06,20241216
S06/20241216/00002,10,TENDER,1,7307.63,TENDER,16-12-2024 23:04:40,S06,20241216
S06/20241216/00003,1,P100703,2,171.10,SALE,16-12-2024 23:50:46,S06,20241216
S06/20241216/00003,2,P105272,3,351.65,SALE,16-12-2024 23:50:46,S06,20241216
S06/20241216/00003,3,P107952,2,1964.70,SALE,16-12-2024 23:50:46,S06,20241216
S06/20241216/00003,4,P108227,2,551.58,SALE,16-12-2024 23:50:46,S06,20241216
S06/20241216/00003,5,P105331,2,308.39,SALE,16-12-2024 23:50:46,S06,20241216
S06/20241216/00003,6,P107320,1,231.92,SALE,16-12-2024 23:50:46,S06,20241216
S06/20241216/00003,7,P108282,4,472.97,SALE,16-12-2024 23:50:46,S06,20241216
S06/20241216/00003,8,TAX,1,320.92,TAX,16-12-2024 23:50:46,S06,20241216
S06/20241216/00003,9,TENDER,1,9491.21,TENDER,16-12-2024 23:50:46,S06,20241216
S06/20241216/00004,1,P107662,2,330.01,SALE,16-12-2024 11:26:29,S06,20241216
S06/20241216/00004,2,P106629,2,57.49,SALE,16-12-2024 11:26:29,S06,20241216
S06/20241216/00004,3,TAX,1,139.50,TAX,16-12-2024 11:26:29,S06,20241216
S06/20241216/00004,4,TENDER,1,914.50,TENDER,16-12-2024 11:26:29,S06,20241216
S06/20241216/00005,1,P106388,2,1120.55,SALE,16-12-2024 15:54:20,S06,20241216
S06/20241216/00005,2,P106802,2,739.16,SALE,16-12-2024 15:54:20,S06,20241216
S06/20241216/00005,3,P102566,3,414.37,SALE,16-12-2024 15:54:20,S06,20241216
S06/20241216/00005,4,P100889,1,1028.39,SALE,16-12-2024 15:54:20,S06,20241216
S06/20241216/00005,5,P106288,1,48.38,SALE,16-12-2024 15:54:20,S06,20241216
S06/20241216/00005,6,TAX,1,189.91,TAX,16-12-2024 15:54:20,S06,20241216
S06/20241216/00005,7,TENDER,1,6229.21,TENDER,16-12-2024 15:54:20,S06,20241216
S06/20241216/00006,1,P108179,2,307.53,SALE,16-12-2024 13:36:42,S06,20241216
S06/20241216/00006,2,P107432,3,45.60,SALE,16-12-2024 13:36:42,S06,20241216
S06/20241216/00006,3,P106300,4,425.27,SALE,16-12-2024 13:36:42,S06,20241216
S06/20241216/00006,4,TAX,1,284.78,TAX,16-12-2024 13:36:42,S06,20241216
S06/20241216/00006,5,TENDER,1,2737.72,TENDER,16-12-2024 13:36:42,S06,20241216
S06/20241216/00007,1,P100239,1,360.16,SALE,16-12-2024 18:55:23,S06,20241216
S06/20241216/00007,2,P105827,2,124.38,SALE,16-12-2024 18:55:23,S06,20241216
S06/20241216/00007,3,P100609,1,75.79,SALE,16-12-2024 18:55:23,S06,20241216
S06/20241216/00007,4,TAX,1,64.75,TAX,16-12-2024 18:55:23,S06,20241216
S06/20241216/00007,5,TENDER,1,749.46,TENDER,16-12-2024 18:55:23,S06,20241216
S06/20241216/00008,1,P106254,2,1282.79,SALE,16-12-2024 13:27:22,S06,20241216
S06/20241216/00008,2,P101263,3,684.55,SALE,16-12-2024 13:27:22,S06,20241216
S06/20241216/00008,3,P100172,1,205.47,SALE,16-12-2024 13:27:22,S06,20241216
S06/20241216/00008,4,P107863,1,575.65,SALE,16-12-2024 13:27:22,S06,20241216
S06/20241216/00008,5,P104168,3,512.27,SALE,16-12-2024 13:27:22,S06,20241216
S06/20241216/00008,6,P107681,1,193.13,SALE,16-12-2024 13:27:22,S06,20241216
S06/20241216/00008,7,P100348,1,527.90,SALE,16-12-2024 13:27:22,S06,20241216
S06/20241216/00008,8,P108090,1,139.96,SALE,16-12-2024 13:27:22,S06,20241216
S06/20241216/00008,9,TAX,1,628.54,TAX,16-12-2024 13:27:22,S06,20241216
S06/20241216/00008,10,TENDER,1,8426.69,TENDER,16-12-2024 13:27:22,S06,20241216
S06/20241216/00009,1,P100019,2,74.65,SALE,16-12-2024 13:06:27,S06,20241216
S06/20241216/00009,2,P107903,2,22.86,SALE,16-12-2024 13:06:27,S06,20241216
S06/20241216/00009,3,P104404,4,890.27,SALE,16-12-2024 13:06:27,S06,20241216
S06/20241216/00009,4,P104372,1,105.38,SALE,16-12-2024 13:06:27,S06,20241216
S06/20241216/00009,5,DISC,1,-257.69,DISCOUNT,16-12-2024 13:06:27,S06,20241216
S06/20241216/00009,6,TAX,1,436.49,TAX,16-12-2024 13:06:27,S06,20241216
S06/20241216/00009,7,TENDER,1,4040.28,TENDER,16-12-2024 13:06:27,S06,20241216
S06/20241216/00010,1,P105119,1,106.45,SALE,16-12-2024 14:29:11,S06,20241216
S06/20241216/00010,2,P103525,3,252.51,SALE,16-12-2024 14:29:11,S06,20241216
S06/20241216/00010,3,P103231,5,241.80,SALE,16-12-2024 14:29:11,S06,20241216
S06/20241216/00010,4,P108135,1,562.62,SALE,16-12-2024 14:29:11,S06,20241216
S06/20241216/00010,5,TAX,1,117.49,TAX,16-12-2024 14:29:11,S06,20241216
S06/20241216/00010,6,TENDER,1,2753.09,TENDER,16-12-2024 14:29:11,S06,20241216
S06/20241216/00011,1,P106084,3,592.14,SALE,16-12-2024 14:46:39,S06,20241216
S06/20241216/00011,2,P105729,1,75.27,SALE,16-12-2024 14:46:39,S06,20241216
S06/20241216/00011,3,P103896,1,203.30,SALE,16-12-2024 14:46:39,S06,20241216
S06/20241216/00011,4,P106783,1,94.23,SALE,16-12-2024 14:46:39,S06,20241216
S06/20241216/00011,5,P106522,2,203.79,SALE,16-12-2024 14:46:39,S06,20241216
S06/20241216/00011,6,P101384,2,42.99,SALE,16-12-2024 14:46:39,S06,20241216
S06/20241216/00011,7,P102880,4,575.53,SALE,16-12-2024 14:46:39,S06,20241216
S06/20241216/00011,8,TAX,1,295.71,TAX,16-12-2024 14:46:39,S06,20241216
S06/20241216/00011,9,TENDER,1,5240.61,TENDER,16-12-2024 14:46:39,S06,20241216
S06/20241216/00012,1,P103364,1,118.90,SALE,16-12-2024 18:14:36,S06,20241216
S06/20241216/00012,2,P103999,2,120.61,SALE,16-12-2024 18:14:36,S06,20241216
S06/20241216/00012,3,P106004,1,137.38,SALE,16-12-2024 18:14:36,S06,20241216
S06/20241216/00012,4,TAX,1,18.93,TAX,16-12-2024 18:14:36,S06,20241216
S06/20241216/00012,5,TENDER,1,516.43,TENDER,16-12-2024 18:14:36,S06,20241216
S06/20241216/00013,1,P103129,1,84.49,SALE,16-12-2024 17:07:00,S06,20241216
S06/20241216/00013,2,P103839,1,226.78,SALE,16-12-2024 17:07:00,S06,20241216
S06/20241216/00013,3,P101321,3,24.76,SALE,16-12-2024 17:07:00,S06,20241216
S06/20241216/00013,4,P100781,1,654.99,SALE,16-12-2024 17:07:00,S06,20241216
S06/20241216/00013,5,P103727,3,116.88,SALE,16-12-2024 17:07:00,S06,20241216
S06/20241216/00013,6,P107028,1,56.60,SALE,16-12-2024 17:07:00,S06,20241216
S06/20241216/00013,7,P108239,3,256.06,SALE,16-12-2024 17:07:00,S06,20241216
S06/20241216/00013,8,TAX,1,377.83,TAX,16-12-2024 17:07:00,S06,20241216
S06/20241216/00013,9,TENDER,1,2593.79,TENDER,16-12-2024 17:07:00,S06,20241216
S06/20241216/00014,1,P101570,2,298.03,SALE,16-12-2024 23:42:46,S06,20241216
S06/20241216/00014,2,P100387,1,116.37,SALE,16-12-2024 23:42:46,S06,20241216
S06/20241216/00014,3,P104064,2,326.15,SALE,16-12-2024 23:42:46,S06,20241216
S06/20241216/00014,4,P106563,1,469.90,SALE,16-12-2024 23:42:46,S06,20241216
S06/20241216/00014,5,P107681,1,193.13,SALE,16-12-2024 23:42:46,S06,20241216
S06/20241216/00014,6,P106592,1,815.90,SALE,16-12-2024 23:42:46,S06,20241216
S06/20241216/00014,7,TAX,1,287.57,TAX,16-12-2024 23:42:46,S06,20241216
S06/20241216/00014,8,TENDER,1,3131.23,TENDER,16-12-2024 23:42:46,S06,20241216
S06/20241216/00015,1,P107996,2,224.54,SALE,16-12-2024 18:34:24,S06,20241216
S06/20241216/00015,2,P104820,2,207.26,SALE,16-12-2024 18:34:24,S06,20241216
S06/20241216/00015,3,P101142,2,102.04,SALE,16-12-2024 18:34:24,S06,20241216
S06/20241216/00015,4,TAX,1,121.56,TAX,16-12-2024 18:34:24,S06,20241216
S06/20241216/00015,5,TENDER,1,1189.24,TENDER,16-12-2024 18:34:24,S06,20241216
S06/20241216/00016,1,P103727,3,116.88,SALE,16-12-2024 17:59:49,S06,20241216
S06/20241216/00016,2,P104772,2,342.57,SALE,16-12-2024 17:59:49,S06,20241216
S06/20241216/00016,3,P104933,1,560.59,SALE,16-12-2024 17:59:49,S06,20241216
S06/20241216/00016,4,P103328,2,228.35,SALE,16-12-2024 17:59:49,S06,20241216
S06/20241216/00016,5,P100298,2,53.95,SALE,16-12-2024 17:59:49,S06,20241216
S06/20241216/00016,6,P107973,3,271.93,SALE,16-12-2024 17:59:49,S06,20241216
S06/20241216/00016,7,TAX,1,394.70,TAX,16-12-2024 17:59:49,S06,20241216
S06/20241216/00016,8,TENDER,1,3371.46,TENDER,16-12-2024 17:59:49,S06,20241216
S06/20241216/00017,1,P102945,1,43.42,SALE,16-12-2024 17:20:36,S06,20241216
S06/20241216/00017,2,P101201,1,48.42,SALE,16-12-2024 17:20:36,S06,20241216
S06/20241216/00017,3,P100305,2,771.81,SALE,16-12-2024 17:20:36,S06,20241216
S06/20241216/00017,4,P107018,2,187.58,SALE,16-12-2024 17:20:36,S06,20241216
S06/20241216/00017,5,P100744,2,67.07,SALE,16-12-2024 17:20:36,S06,20241216
S06/20241216/00017,6,TAX,1,35.70,TAX,16-12-2024 17:20:36,S06,20241216
S06/20241216/00017,7,TENDER,1,2180.46,TENDER,16-12-2024 17:20:36,S06,20241216
S06/20241216/00018,1,P103413,2,1352.06,SALE,16-12-2024 16:18:44,S06,20241216
S06/20241216/00018,2,P101876,4,68.16,SALE,16-12-2024 16:18:44,S06,20241216
S06/20241216/00018,3,P103159,1,1193.28,SALE,16-12-2024 16:18:44,S06,20241216
S06/20241216/00018,4,P106443,1,52.87,SALE,16-12-2024 16:18:44,S06,20241216
S06/20241216/00018,5,TAX,1,151.48,TAX,16-12-2024 16:18:44,S06,20241216
S06/20241216/00018,6,TENDER,1,4374.39,TENDER,16-12-2024 16:18:44,S06,20241216
S06/20241216/00019,1,P100974,1,41.35,SALE,16-12-2024 18:52:13,S06,20241216
S06/20241216/00019,2,P101690,1,1044.81,SALE,16-12-2024 18:52:13,S06,20241216
S06/20241216/00019,3,P104637,1,353.99,SALE,16-12-2024 18:52:13,S06,20241216
S06/20241216/00019,4,TAX,1,96.79,TAX,16-12-2024 18:52:13,S06,20241216
S06/20241216/00019,5,TENDER,1,1536.94,TENDER,16-12-2024 18:52:13,S06,20241216
S06/20241216/00020,1,P107018,3,187.58,SALE,16-12-2024 17:29:42,S06,20241216
S06/20241216/00020,2,P105021,5,1246.70,SALE,16-12-2024 17:29:42,S06,20241216
S06/20241216/00020,3,P107621,3,119.64,SALE,16-12-2024 17:29:42,S06,20241216
S06/20241216/00020,4,P101564,2,172.72,SALE,16-12-2024 17:29:42,S06,20241216
S06/20241216/00020,5,P100536,2,471.52,SALE,16-12-2024 17:29:42,S06,20241216
S06/20241216/00020,6,P105789,3,42.75,SALE,16-12-2024 17:29:42,S06,20241216
S06/20241216/00020,7,P108335,1,187.61,SALE,16-12-2024 17:29:42,S06,20241216
S06/20241216/00020,8,TAX,1,1031.17,TAX,16-12-2024 17:29:42,S06,20241216
S06/20241216/00020,9,TENDER,1,9790.67,TENDER,16-12-2024 17:29:42,S06,20241216
S06/20241216/00021,1,P102045,3,21.89,SALE,16-12-2024 20:58:27,S06,20241216
S06/20241216/00021,2,P101225,2,452.38,SALE,16-12-2024 20:58:27,S06,20241216
S06/20241216/00021,3,P102972,2,227.38,SALE,16-12-2024 20:58:27,S06,20241216
S06/20241216/00021,4,P106577,1,52.98,SALE,16-12-2024 20:58:27,S06,20241216
S06/20241216/00021,5,TAX,1,177.61,TAX,16-12-2024 20:58:27,S06,20241216
S06/20241216/00021,6,TENDER,1,1655.78,TENDER,16-12-2024 20:58:27,S06,20241216
S06/20241216/00022,1,P104194,-2,119.04,RETURN,16-12-2024 23:36:28,S06,20241216
S06/20241216/00022,2,P100693,-2,107.22,RETURN,16-12-2024 23:36:28,S06,20241216
S06/20241216/00022,3,TAX,1,-81.45,TAX,16-12-2024 23:36:28,S06,20241216
S06/20241216/00022,4,TENDER,1,-533.97,TENDER,16-12-2024 23:36:28,S06,20241216
S06/20241216/00023,1,P103986,5,495.05,SALE,16-12-2024 10:27:29,S06,20241216
S06/20241216/00023,2,P104541,1,149.08,SALE,16-12-2024 10:27:29,S06,20241216
S06/20241216/00023,3,P104658,4,75.90,SALE,16-12-2024 10:27:29,S06,20241216
S06/20241216/00023,4,P106534,1,96.00,SALE,16-12-2024 10:27:29,S06,20241216
S06/20241216/00023,5,P106059,2,313.87,SALE,16-12-2024 10:27:29,S06,20241216
S06/20241216/00023,6,P103178,2,21.89,SALE,16-12-2024 10:27:29,S06,20241216
S06/20241216/00023,7,TAX,1,606.33,TAX,16-12-2024 10:27:29,S06,20241216
S06/20241216/00023,8,TENDER,1,4301.78,TENDER,16-12-2024 10:27:29,S06,20241216
S06/20241216/00024,1,P104625,2,296.80,SALE,16-12-2024 20:15:27,S06,20241216
S06/20241216/00024,2,P100652,3,45.46,SALE,16-12-2024 20:15:27,S06,20241216
S06/20241216/00024,3,P106602,3,122.17,SALE,16-12-2024 20:15:27,S06,20241216
S06/20241216/00024,4,TAX,1,42.87,TAX,16-12-2024 20:15:27,S06,20241216
S06/20241216/00024,5,TENDER,1,1139.36,TENDER,16-12-2024 20:15:27,S06,20241216
S06/20241216/00025,1,P106027,2,1548.23,SALE,16-12-2024 12:12:14,S06,20241216
S06/20241216/00025,2,P104194,1,119.04,SALE,16-12-2024 12:12:14,S06,20241216
S06/20241216/00025,3,P100156,2,1528.63,SALE,16-12-2024 12:12:14,S06,20241216
S06/20241216/00025,4,P106563,1,469.90,SALE,16-12-2024 12:12:14,S06,20241216
S06/20241216/00025,5,P107126,2,68.67,SALE,16-12-2024 12:12:14,S06,20241216
S06/20241216/00025,6,P104872,1,132.45,SALE,16-12-2024 12:12:14,S06,20241216
S06/20241216/00025,7,DISC,1,-817.86,DISCOUNT,16-12-2024 12:12:14,S06,20241216
S06/20241216/00025,8,TAX,1,97.34,TAX,16-12-2024 12:12:14,S06,20241216
S06/20241216/00025,9,TENDER,1,6291.93,TENDER,16-12-2024 12:12:14,S06,20241216
S06/20241216/00026,1,P100899,1,131.46,SALE,16-12-2024 16:32:54,S06,20241216
S06/20241216/00026,2,P108272,2,121.99,SALE,16-12-2024 16:32:54,S06,20241216
S06/20241216/00026,3,P100816,1,806.93,SALE,16-12-2024 16:32:54,S06,20241216
S06/20241216/00026,4,P103946,2,358.96,SALE,16-12-2024 16:32:54,S06,20241216
S06/20241216/00026,5,TAX,1,126.11,TAX,16-12-2024 16:32:54,S06,20241216
S06/20241216/00026,6,TENDER,1,2026.40,TENDER,16-12-2024 16:32:54,S06,20241216
S06/20241216/00027,1,P100233,1,67.07,SALE,16-12-2024 12:38:54,S06,20241216
S06/20241216/00027,2,P106830,2,103.94,SALE,16-12-2024 12:38:54,S06,20241216
S06/20241216/00027,3,P103785,2,606.71,SALE,16-12-2024 12:38:54,S06,20241216
S06/20241216/00027,4,P100348,3,527.90,SALE,16-12-2024 12:38:54,S06,20241216
S06/20241216/00027,5,P103299,1,238.05,SALE,16-12-2024 12:38:54,S06,20241216
S06/20241216/00027,6,P104902,3,516.78,SALE,16-12-2024 12:38:54,S06,20241216
S06/20241216/00027,7,TAX,1,587.48,TAX,16-12-2024 12:38:54,S06,20241216
S06/20241216/00027,8,TENDER,1,5447.94,TENDER,16-12-2024 12:38:54,S06,20241216
S06/20241216/00028,1,P105433,2,144.32,SALE,16-12-2024 22:41:23,S06,20241216
S06/20241216/00028,2,P106542,2,139.24,SALE,16-12-2024 22:41:23,S06,20241216
S06/20241216/00028,3,P100305,2,771.81,SALE,16-12-2024 22:41:23,S06,20241216
S06/20241216/00028,4,P101656,4,324.95,SALE,16-12-2024 22:41:23,S06,20241216
S06/20241216/00028,5,P106731,1,153.24,SALE,16-12-2024 22:41:23,S06,20241216
S06/20241216/00028,6,P107463,2,188.92,SALE,16-12-2024 22:41:23,S06,20241216
S06/20241216/00028,7,P100007,2,155.06,SALE,16-12-2024 22:41:23,S06,20241216
S06/20241216/00028,8,TAX,1,381.89,TAX,16-12-2024 22:41:23,S06,20241216
S06/20241216/00028,9,TENDER,1,4633.63,TENDER,16-12-2024 22:41:23,S06,20241216
S06/20241216/00029,1,P101421,1,119.60,SALE,16-12-2024 22:47:28,S06,20241216
S06/20241216/00029,2,P100519,4,365.61,SALE,16-12-2024 22:47:28,S06,20241216
S06/20241216/00029,3,P107520,2,139.81,SALE,16-12-2024 22:47:28,S06,20241216
S06/20241216/00029,4,TAX,1,211.00,TAX,16-12-2024 22:47:28,S06,20241216
S06/20241216/00029,5,TENDER,1,2072.66,TENDER,16-12-2024 22:47:28,S06,20241216
S06/20241216/00030,1,P103328,-1,228.35,RETURN,16-12-2024 19:47:56,S06,20241216
S06/20241216/00030,2,P100483,-1,933.37,RETURN,16-12-2024 19:47:56,S06,20241216
S06/20241216/00030,3,P106553,-4,139.74,RETURN,16-12-2024 19:47:56,S06,20241216
S06/20241216/00030,4,P104194,-1,119.04,RETURN,16-12-2024 19:47:56,S06,20241216
S06/20241216/00030,5,TAX,1,-163.14,TAX,16-12-2024 19:47:56,S06,20241216
S06/20241216/00030,6,TENDER,1,-2002.86,TENDER,16-12-2024 19:47:56,S06,20241216
S06/20241216/00031,1,P104032,2,603.87,SALE,16-12-2024 18:19:57,S06,20241216
S06/20241216/00031,2,P103680,1,210.26,SALE,16-12-2024 18:19:57,S06,20241216
S06/20241216/00031,3,P108131,4,627.37,SALE,16-12-2024 18:19:57,S06,20241216
S06/20241216/00031,4,P107373,2,96.28,SALE,16-12-2024 18:19:57,S06,20241216
S06/20241216/00031,5,P104226,1,303.01,SALE,16-12-2024 18:19:57,S06,20241216
S06/20241216/00031,6,P104497,6,229.16,SALE,16-12-2024 18:19:57,S06,20241216
S06/20241216/00031,7,P100178,1,480.34,SALE,16-12-2024 18:19:57,S06,20241216
S06/20241216/00031,8,TAX,1,498.08,TAX,16-12-2024 18:19:57,S06,20241216
S06/20241216/00031,9,TENDER,1,6776.43,TENDER,16-12-2024 18:19:57,S06,20241216
S06/20241216/00032,1,P106115,1,128.36,SALE,16-12-2024 21:11:29,S06,20241216
S06/20241216/00032,2,P102023,2,425.67,SALE,16-12-2024 21:11:29,S06,20241216
S06/20241216/00032,3,P104316,4,489.63,SALE,16-12-2024 21:11:29,S06,20241216
S06/20241216/00032,4,P103416,3,73.27,SALE,16-12-2024 21:11:29,S06,20241216
S06/20241216/00032,5,P106783,1,94.23,SALE,16-12-2024 21:11:29,S06,20241216
S06/20241216/00032,6,P101740,2,855.00,SALE,16-12-2024 21:11:29,S06,20241216
S06/20241216/00032,7,P107040,2,474.18,SALE,16-12-2024 21:11:29,S06,20241216
S06/20241216/00032,8,TAX,1,581.74,TAX,16-12-2024 21:11:29,S06,20241216
S06/20241216/00032,9,TENDER,1,6492.36,TENDER,16-12-2024 21:11:29,S06,20241216
S06/20241216/00033,1,P105772,2,576.55,SALE,16-12-2024 20:43:06,S06,20241216
S06/20241216/00033,2,P106955,2,204.37,SALE,16-12-2024 20:43:06,S06,20241216
S06/20241216/00033,3,P106452,2,31.15,SALE,16-12-2024 20:43:06,S06,20241216
S06/20241216/00033,4,TAX,1,231.11,TAX,16-12-2024 20:43:06,S06,20241216
S06/20241216/00033,5,TENDER,1,1855.25,TENDER,16-12-2024 20:43:06,S06,20241216
S06/20241217/00001,1,P106415,1,911.99,SALE,17-12-2024 22:58:17,S06,20241217
S06/20241217/00001,2,P103973,1,108.48,SALE,17-12-2024 22:58:17,S06,20241217
S06/20241217/00001,3,P106639,2,485.46,SALE,17-12-2024 22:58:17,S06,20241217
S06/20241217/00001,4,P107837,1,104.51,SALE,17-12-2024 22:58:17,S06,20241217
S06/20241217/00001,5,P106399,3,198.14,SALE,17-12-2024 22:58:17,S06,20241217
S06/20241217/00001,6,TAX,1,294.01,TAX,17-12-2024 22:58:17,S06,20241217
S06/20241217/00001,7,TENDER,1,2984.33,TENDER,17-12-2024 22:58:17,S06,20241217
S06/20241217/00002,1,P101779,2,209.76,SALE,17-12-2024 16:36:33,S06,20241217
S06/20241217/00002,2,P100571,2,134.98,SALE,17-12-2024 16:36:33,S06,20241217
S06/20241217/00002,3,P104462,4,86.38,SALE,17-12-2024 16:36:33,S06,20241217
S06/20241217/00002,4,P106629,4,57.49,SALE,17-12-2024 16:36:33,S06,20241217
S06/20241217/00002,5,P105433,2,144.32,SALE,17-12-2024 16:36:33,S06,20241217
S06/20241217/00002,6,TAX,1,180.19,TAX,17-12-2024 16:36:33,S06,20241217
S06/20241217/00002,7,TENDER,1,1733.79,TENDER,17-12-2024 16:36:33,S06,20241217
S06/20241217/00003,1,P100703,2,171.10,SALE,17-12-2024 17:25:22,S06,20241217
S06/20241217/00003,2,P104695,2,80.54,SALE,17-12-2024 17:25:22,S06,20241217
S06/20241217/00003,3,P103461,1,109.46,SALE,17-12-2024 17:25:22,S06,20241217
S06/20241217/00003,4,P105384,4,315.25,SALE,17-12-2024 17:25:22,S06,20241217
S06/20241217/00003,5,P107848,3,267.41,SALE,17-12-2024 17:25:22,S06,20241217
S06/20241217/00003,6,TAX,1,253.68,TAX,17-12-2024 17:25:22,S06,20241217
S06/20241217/00003,7,TENDER,1,2929.65,TENDER,17-12-2024 17:25:22,S06,20241217
S06/20241217/00004,1,P101894,4,668.48,SALE,17-12-2024 23:45:32,S06,20241217
S06/20241217/00004,2,P107197,1,669.72,SALE,17-12-2024 23:45:32,S06,20241217
S06/20241217/00004,3,P106659,2,106.86,SALE,17-12-2024 23:45:32,S06,20241217
S06/20241217/00004,4,P107182,2,112.81,SALE,17-12-2024 23:45:32,S06,20241217
S06/20241217/00004,5,P104800,6,692.51,SALE,17-12-2024 23:45:32,S06,20241217
S06/20241217/00004,6,TAX,1,1006.29,TAX,17-12-2024 23:45:32,S06,20241217
S06/20241217/00004,7,TENDER,1,8944.33,TENDER,17-12-2024 23:45:32,S06,20241217
S06/20241217/00005,1,P102074,2,415.90,SALE,17-12-2024 12:47:25,S06,20241217
S06/20241217/00005,2,P107231,3,1193.22,SALE,17-12-2024 12:47:25,S06,20241217
S06/20241217/00005,3,P104149,2,88.07,SALE,17-12-2024 12:47:25,S06,20241217
S06/20241217/00005,4,P105050,1,109.65,SALE,17-12-2024 12:47:25,S06,20241217
S06/20241217/00005,5,TAX,1,55.88,TAX,17-12-2024 12:47:25,S06,20241217
S06/20241217/00005,6,TENDER,1,4753.13,TENDER,17-12-2024 12:47:25,S06,20241217
S06/20241217/00006,1,P104593,2,867.34,SALE,17-12-2024 20:54:36,S06,20241217
S06/20241217/00006,2,P105180,3,102.63,SALE,17-12-2024 20:54:36,S06,20241217
S06/20241217/00006,3,P107767,2,510.38,SALE,17-12-2024 20:54:36,S06,20241217
S06/20241217/00006,4,P104733,6,669.60,SALE,17-12-2024 20:54:36,S06,20241217
S06/20241217/00006,5,P103496,4,70.71,SALE,17-12-2024 20:54:36,S06,20241217
S06/20241217/00006,6,TAX,1,1088.70,TAX,17-12-2024 20:54:36,S06,20241217
S06/20241217/00006,7,TENDER,1,8452.47,TENDER,17-12-2024 20:54:36,S06,20241217
S06/20241217/00007,1,P105145,3,763.65,SALE,17-12-2024 10:03:54,S06,20241217
S06/20241217/00007,2,P107246,1,313.74,SALE,17-12-2024 10:03:54,S06,20241217
S06/20241217/00007,3,P103243,1,231.63,SALE,17-12-2024 10:03:54,S06,20241217
S06/20241217/00007,4,TAX,1,68.05,TAX,17-12-2024 10:03:54,S06,20241217
S06/20241217/00007,5,TENDER,1,2904.37,TENDER,17-12-2024 10:03:54,S06,20241217
S06/20241217/00008,1,P100761,2,51.26,SALE,17-12-2024 12:32:46,S06,20241217
S06/20241217/00008,2,P107385,3,811.35,SALE,17-12-2024 12:32:46,S06,20241217
S06/20241217/00008,3,P107807,2,118.66,SALE,17-12-2024 12:32:46,S06,20241217
S06/20241217/00008,4,P108060,4,217.09,SALE,17-12-2024 12:32:46,S06,20241217
S06/20241217/00008,5,P104160,1,256.98,SALE,17-12-2024 12:32:46,S06,20241217
S06/20241217/00008,6,P104844,4,553.13,SALE,17-12-2024 12:32:46,S06,20241217
S06/20241217/00008,7,TAX,1,405.63,TAX,17-12-2024 12:32:46,S06,20241217
S06/20241217/00008,8,TENDER,1,6517.38,TENDER,17-12-2024 12:32:46,S06,20241217
S06/20241217/00009,1,P101481,1,55.03,SALE,17-12-2024 18:32:14,S06,20241217
S06/20241217/00009,2,P104302,1,1255.97,SALE,17-12-2024 18:32:14,S06,20241217
S06/20241217/00009,3,P104058,1,351.54,SALE,17-12-2024 18:32:14,S06,20241217
S06/20241217/00009,4,P103259,2,298.27,SALE,17-12-2024 18:32:14,S06,20241217
S06/20241217/00009,5,P102353,5,139.83,SALE,17-12-2024 18:32:14,S06,20241217
S06/20241217/00009,6,P101813,3,273.64,SALE,17-12-2024 18:32:14,S06,20241217
S06/20241217/00009,7,P107621,2,119.64,SALE,17-12-2024 18:32:14,S06,20241217
S06/20241217/00009,8,TAX,1,251.70,TAX,17-12-2024 18:32:14,S06,20241217
S06/20241217/00009,9,TENDER,1,4270.13,TENDER,17-12-2024 18:32:14,S06,20241217
S06/20241217/00010,1,P108067,3,608.48,SALE,17-12-2024 13:06:00,S06,20241217
S06/20241217/00010,2,P103155,2,270.20,SALE,17-12-2024 13:06:00,S06,20241217
S06/20241217/00010,3,P105302,3,281.37,SALE,17-12-2024 13:06:00,S06,20241217
S06/20241217/00010,4,P101345,1,80.74,SALE,17-12-2024 13:06:00,S06,20241217
S06/20241217/00010,5,TAX,1,143.51,TAX,17-12-2024 13:06:00,S06,20241217
S06/20241217/00010,6,TENDER,1,3434.20,TENDER,17-12-2024 13:06:00,S06,20241217
S06/20241217/00011,1,P101564,1,172.72,SALE,17-12-2024 19:05:35,S06,20241217
S06/20241217/00011,2,P107217,3,293.45,SALE,17-12-2024 19:05:35,S06,20241217
S06/20241217/00011,3,P106776,4,445.40,SALE,17-12-2024 19:05:35,S06,20241217
S06/20241217/00011,4,P101062,2,52.38,SALE,17-12-2024 19:05:35,S06,20241217
S06/20241217/00011,5,P100761,2,51.26,SALE,17-12-2024 19:05:35,S06,20241217
S06/20241217/00011,6,P104048,1,193.57,SALE,17-12-2024 19:05:35,S06,20241217
S06/20241217/00011,7,P104772,2,342.57,SALE,17-12-2024 19:05:35,S06,20241217
S06/20241217/00011,8,P100172,1,205.47,SALE,17-12-2024 19:05:35,S06,20241217
S06/20241217/00011,9,DISC,1,-418.64,DISCOUNT,17-12-2024 19:05:35,S06,20241217
S06/20241217/00011,10,TAX,1,353.13,TAX,17-12-2024 19:05:35,S06,20241217
S06/20241217/00011,11,TENDER,1,4060.62,TENDER,17-12-2024 19:05:35,S06,20241217
S06/20241217/00012,1,P101599,1,417.76,SALE,17-12-2024 18:17:37,S06,20241217
S06/20241217/00012,2,P108379,3,300.71,SALE,17-12-2024 18:17:37,S06,20241217
S06/20241217/00012,3,P103525,1,252.51,SALE,17-12-2024 18:17:37,S06,20241217
S06/20241217/00012,4,P101279,1,242.90,SALE,17-12-2024 18:17:37,S06,20241217
S06/20241217/00012,5,P108216,4,69.70,SALE,17-12-2024 18:17:37,S06,20241217
S06/20241217/00012,6,TAX,1,210.02,TAX,17-12-2024 18:17:37,S06,20241217
S06/20241217/00012,7,TENDER,1,2304.12,TENDER,17-12-2024 18:17:37,S06,20241217
S06/20241217/00013,1,P104645,3,1052.62,SALE,17-12-2024 18:39:53,S06,20241217
S06/20241217/00013,2,P106072,2,78.69,SALE,17-12-2024 18:39:53,S06,20241217
S06/20241217/00013,3,P100178,4,480.34,SALE,17-12-2024 18:39:53,S06,20241217
S06/20241217/00013,4,P100791,2,46.20,SALE,17-12-2024 18:39:53,S06,20241217
S06/20241217/00013,5,TAX,1,369.35,TAX,17-12-2024 18:39:53,S06,20241217
S06/20241217/00013,6,TENDER,1,5698.35,TENDER,17-12-2024 18:39:53,S06,20241217
S06/20241217/00014,1,P104695,3,80.54,SALE,17-12-2024 16:35:00,S06,20241217
S06/20241217/00014,2,P105614,4,652.27,SALE,17-12-2024 16:35:00,S06,20241217
S06/20241217/00014,3,P102290,1,587.69,SALE,17-12-2024 16:35:00,S06,20241217
S06/20241217/00014,4,P106009,1,372.60,SALE,17-12-2024 16:35:00,S06,20241217
S06/20241217/00014,5,P104072,1,724.10,SALE,17-12-2024 16:35:00,S06,20241217
S06/20241217/00014,6,P108319,1,262.79,SALE,17-12-2024 16:35:00,S06,20241217
S06/20241217/00014,7,TAX,1,646.29,TAX,17-12-2024 16:35:00,S06,20241217
S06/20241217/00014,8,TENDER,1,5444.17,TENDER,17-12-2024 16:35:00,S06,20241217
S06/20241217/00015,1,P106336,3,452.43,SALE,17-12-2024 14:26:27,S06,20241217
S06/20241217/00015,2,P102166,3,52.54,SALE,17-12-2024 14:26:27,S06,20241217
S06/20241217/00015,3,P100999,1,162.51,SALE,17-12-2024 14:26:27,S06,20241217
S06/20241217/00015,4,TAX,1,272.68,TAX,17-12-2024 14:26:27,S06,20241217
S06/20241217/00015,5,TENDER,1,1950.10,TENDER,17-12-2024 14:26:27,S06,20241217
S06/20241217/00016,1,P108272,3,121.99,SALE,17-12-2024 11:18:39,S06,20241217
S06/20241217/00016,2,TAX,1,43.92,TAX,17-12-2024 11:18:39,S06,20241217
S06/20241217/00016,3,TENDER,1,409.89,TENDER,17-12-2024 11:18:39,S06,20241217
S06/20241217/00017,1,P106123,2,248.44,SALE,17-12-2024 19:18:51,S06,20241217
S06/20241217/00017,2,P107053,1,457.07,SALE,17-12-2024 19:18:51,S06,20241217
S06/20241217/00017,3,P105100,2,297.01,SALE,17-12-2024 19:18:51,S06,20241217
S06/20241217/00017,4,TAX,1,129.78,TAX,17-12-2024 19:18:51,S06,20241217
S06/20241217/00017,5,TENDER,1,1677.75,TENDER,17-12-2024 19:18:51,S06,20241217
S06/20241217/00018,1,P103661,1,125.81,SALE,18-12-2024 00:27:25,S06,20241217
S06/20241217/00018,2,P106710,1,98.77,SALE,18-12-2024 00:27:25,S06,20241217
S06/20241217/00018,3,P106443,2,52.87,SALE,18-12-2024 00:27:25,S06,20241217
S06/20241217/00018,4,TAX,1,45.71,TAX,18-12-2024 00:27:25,S06,20241217
S06/20241217/00018,5,TENDER,1,376.03,TENDER,18-12-2024 00:27:25,S06,20241217
S06/20241217/00019,1,P108101,2,1603.81,SALE,17-12-2024 13:20:01,S06,20241217
S06/20241217/00019,2,P103719,1,957.52,SALE,17-12-2024 13:20:01,S06,20241217
S06/20241217/00019,3,P103484,1,109.59,SALE,17-12-2024 13:20:01,S06,20241217
S06/20241217/00019,4,P103645,3,285.25,SALE,17-12-2024 13:20:01,S06,20241217
S06/20241217/00019,5,P104446,2,66.45,SALE,17-12-2024 13:20:01,S06,20241217
S06/20241217/00019,6,TAX,1,543.47,TAX,17-12-2024 13:20:01,S06,20241217
S06/20241217/00019,7,TENDER,1,5806.85,TENDER,17-12-2024 13:20:01,S06,20241217
S06/20241217/00020,1,P101955,3,364.45,SALE,17-12-2024 08:16:11,S06,20241217
S06/20241217/00020,2,P101564,1,172.72,SALE,17-12-2024 08:16:11,S06,20241217
S06/20241217/00020,3,P106958,2,125.66,SALE,17-12-2024 08:16:11,S06,20241217
S06/20241217/00020,4,P107381,2,195.99,SALE,17-12-2024 08:16:11,S06,20241217
S06/20241217/00020,5,P102122,2,138.84,SALE,17-12-2024 08:16:11,S06,20241217
S06/20241217/00020,6,P106563,2,469.90,SALE,17-12-2024 08:16:11,S06,20241217
S06/20241217/00020,7,TAX,1,482.93,TAX,17-12-2024 08:16:11,S06,20241217
S06/20241217/00020,8,TENDER,1,3609.78,TENDER,17-12-2024 08:16:11,S06,20241217
S06/20241217/00021,1,P103757,3,159.40,SALE,17-12-2024 11:42:35,S06,20241217
S06/20241217/00021,2,P100933,1,276.15,SALE,17-12-2024 11:42:35,S06,20241217
S06/20241217/00021,3,P108046,1,101.85,SALE,17-12-2024 11:42:35,S06,20241217
S06/20241217/00021,4,P108026,1,103.54,SALE,17-12-2024 11:42:35,S06,20241217
S06/20241217/00021,5,P105797,2,254.07,SALE,17-12-2024 11:42:35,S06,20241217
S06/20241217/00021,6,DISC,1,-87.68,DISCOUNT,17-12-2024 11:42:35,S06,20241217
S06/20241217/00021,7,TAX,1,189.98,TAX,17-12-2024 11:42:35,S06,20241217
S06/20241217/00021,8,TENDER,1,1570.18,TENDER,17-12-2024 11:42:35,S06,20241217
S06/20241217/00022,1,P104266,2,431.11,SALE,17-12-2024 20:39:40,S06,20241217
S06/20241217/00022,2,P101156,3,95.07,SALE,17-12-2024 20:39:40,S06,20241217
S06/20241217/00022,3,P105603,4,202.29,SALE,17-12-2024 20:39:40,S06,20241217
S06/20241217/00022,4,P107089,5,208.86,SALE,17-12-2024 20:39:40,S06,20241217
S06/20241217/00022,5,P100494,1,67.32,SALE,17-12-2024 20:39:40,S06,20241217
S06/20241217/00022,6,TAX,1,379.44,TAX,17-12-2024 20:39:40,S06,20241217
S06/20241217/00022,7,TENDER,1,3447.65,TENDER,17-12-2024 20:39:40,S06,20241217
S06/20241217/00023,1,P105201,1,365.02,SALE,17-12-2024 07:43:32,S06,20241217
S06/20241217/00023,2,P105575,2,513.17,SALE,17-12-2024 07:43:32,S06,20241217
S06/20241217/00023,3,P105246,2,840.69,SALE,17-12-2024 07:43:32,S06,20241217
S06/20241217/00023,4,P107966,2,391.71,SALE,17-12-2024 07:43:32,S06,20241217
S06/20241217/00023,5,TAX,1,153.64,TAX,17-12-2024 07:43:32,S06,20241217
S06/20241217/00023,6,TENDER,1,4009.80,TENDER,17-12-2024 07:43:32,S06,20241217
S06/20241217/00024,1,P100855,4,345.07,SALE,17-12-2024 08:10:13,S06,20241217
S06/20241217/00024,2,P100203,2,272.10,SALE,17-12-2024 08:10:13,S06,20241217
S06/20241217/00024,3,P104251,1,79.68,SALE,17-12-2024 08:10:13,S06,20241217
S06/20241217/00024,4,P101225,1,452.38,SALE,17-12-2024 08:10:13,S06,20241217
S06/20241217/00024,5,TAX,1,344.29,TAX,17-12-2024 08:10:13,S06,20241217
S06/20241217/00024,6,TENDER,1,2800.83,TENDER,17-12-2024 08:10:13,S06,20241217
S06/20241217/00025,1,P101899,2,326.35,SALE,17-12-2024 15:20:28,S06,20241217
S06/20241217/00025,2,P106317,2,485.55,SALE,17-12-2024 15:20:28,S06,20241217
S06/20241217/00025,3,P100652,2,45.46,SALE,17-12-2024 15:20:28,S06,20241217
S06/20241217/00025,4,P102364,2,104.57,SALE,17-12-2024 15:20:28,S06,20241217
S06/20241217/00025,5,P100479,1,342.92,SALE,17-12-2024 15:20:28,S06,20241217
S06/20241217/00025,6,P101095,3,205.38,SALE,17-12-2024 15:20:28,S06,20241217
S06/20241217/00025,7,P105017,3,220.46,SALE,17-12-2024 15:20:28,S06,20241217
S06/20241217/00025,8,DISC,1,-414.91,DISCOUNT,17-12-2024 15:20:28,S06,20241217
S06/20241217/00025,9,TAX,1,395.76,TAX,17-12-2024 15:20:28,S06,20241217
S06/20241217/00025,10,TENDER,1,3525.15,TENDER,17-12-2024 15:20:28,S06,20241217
S06/20241217/00026,1,P106098,1,334.84,SALE,17-12-2024 08:43:26,S06,20241217
S06/20241217/00026,2,P106093,2,347.52,SALE,17-12-2024 08:43:26,S06,20241217
S06/20241217/00026,3,TAX,1,123.59,TAX,17-12-2024 08:43:26,S06,20241217
S06/20241217/00026,4,TENDER,1,1153.47,TENDER,17-12-2024 08:43:26,S06,20241217
S06/20241217/00027,1,P102833,2,680.71,SALE,17-12-2024 13:06:10,S06,20241217
S06/20241217/00027,2,P103259,2,298.27,SALE,17-12-2024 13:06:10,S06,20241217
S06/20241217/00027,3,P103896,3,203.30,SALE,17-12-2024 13:06:10,S06,20241217
S06/20241217/00027,4,P102534,3,98.12,SALE,17-12-2024 13:06:10,S06,20241217
S06/20241217/00027,5,P102814,1,543.91,SALE,17-12-2024 13:06:10,S06,20241217
S06/20241217/00027,6,P103833,3,1136.81,SALE,17-12-2024 13:06:10,S06,20241217
S06/20241217/00027,7,P107996,3,224.54,SALE,17-12-2024 13:06:10,S06,20241217
S06/20241217/00027,8,TAX,1,462.24,TAX,17-12-2024 13:06:10,S06,20241217
S06/20241217/00027,9,TENDER,1,7952.42,TENDER,17-12-2024 13:06:10,S06,20241217
S06/20241217/00028,1,P101578,1,44.18,SALE,17-12-2024 14:56:32,S06,20241217
S06/20241217/00028,2,P103647,2,42.08,SALE,17-12-2024 14:56:32,S06,20241217
S06/20241217/00028,3,P106254,2,1282.79,SALE,17-12-2024 14:56:32,S06,20241217
S06/20241217/00028,4,P102975,3,234.92,SALE,17-12-2024 14:56:32,S06,20241217
S06/20241217/00028,5,TAX,1,129.07,TAX,17-12-2024 14:56:32,S06,20241217
S06/20241217/00028,6,TENDER,1,3527.75,TENDER,17-12-2024 14:56:32,S06,20241217
S06/20241217/00029,1,P104233,4,1271.89,SALE,17-12-2024 14:37:40,S06,20241217
S06/20241217/00029,2,P106288,4,48.38,SALE,17-12-2024 14:37:40,S06,20241217
S06/20241217/00029,3,P102566,3,414.37,SALE,17-12-2024 14:37:40,S06,20241217
S06/20241217/00029,4,DISC,1,-348.71,DISCOUNT,17-12-2024 14:37:40,S06,20241217
S06/20241217/00029,5,TAX,1,308.77,TAX,17-12-2024 14:37:40,S06,20241217
S06/20241217/00029,6,TENDER,1,6484.25,TENDER,17-12-2024 14:37:40,S06,20241217
S06/20241217/00030,1,P106553,2,139.74,SALE,17-12-2024 15:43:30,S06,20241217
S06/20241217/00030,2,P105227,1,292.54,SALE,17-12-2024 15:43:30,S06,20241217
S06/20241217/00030,3,P105882,4,222.02,SALE,17-12-2024 15:43:30,S06,20241217
S06/20241217/00030,4,P101762,3,528.36,SALE,17-12-2024 15:43:30,S06,20241217
S06/20241217/00030,5,TAX,1,435.48,TAX,17-12-2024 15:43:30,S06,20241217
S06/20241217/00030,6,TENDER,1,3480.66,TENDER,17-12-2024 15:43:30,S06,20241217
S06/20241217/00031,1,P101134,2,1071.76,SALE,17-12-2024 16:22:51,S06,20241217
S06/20241217/00031,2,P104645,5,1052.62,SALE,17-12-2024 16:22:51,S06,20241217
S06/20241217/00031,3,TAX,1,0.00,TAX,17-12-2024 16:22:51,S06,20241217
S06/20241217/00031,4,TENDER,1,7406.62,TENDER,17-12-2024 16:22:51,S06,20241217
S06/20241217/00032,1,P102779,3,25.62,SALE,17-12-2024 19:32:13,S06,20241217
S06/20241217/00032,2,P106130,2,1317.16,SALE,17-12-2024 19:32:13,S06,20241217
S06/20241217/00032,3,P100035,2,1810.38,SALE,17-12-2024 19:32:13,S06,20241217
S06/20241217/00032,4,P100074,1,57.78,SALE,17-12-2024 19:32:13,S06,20241217
S06/20241217/00032,5,P108110,3,16.57,SALE,17-12-2024 19:32:13,S06,20241217
S06/20241217/00032,6,TAX,1,455.55,TAX,17-12-2024 19:32:13,S06,20241217
S06/20241217/00032,7,TENDER,1,6894.98,TENDER,17-12-2024 19:32:13,S06,20241217
S06/20241217/00033,1,P106209,2,199.51,SALE,17-12-2024 22:21:00,S06,20241217
S06/20241217/00033,2,P102364,2,104.57,SALE,17-12-2024 22:21:00,S06,20241217
S06/20241217/00033,3,P100066,4,251.22,SALE,17-12-2024 22:21:00,S06,20241217
S06/20241217/00033,4,P107743,3,197.87,SALE,17-12-2024 22:21:00,S06,20241217
S06/20241217/00033,5,P107681,1,193.13,SALE,17-12-2024 22:21:00,S06,20241217
S06/20241217/00033,6,P106793,1,303.65,SALE,17-12-2024 22:21:00,S06,20241217
S06/20241217/00033,7,P100754,2,91.60,SALE,17-12-2024 22:21:00,S06,20241217
S06/20241217/00033,8,TAX,1,396.75,TAX,17-12-2024 22:21:00,S06,20241217
S06/20241217/00033,9,TENDER,1,3283.38,TENDER,17-12-2024 22:21:00,S06,20241217
S06/20241217/00034,1,P105272,1,351.65,SALE,17-12-2024 11:05:28,S06,20241217
S06/20241217/00034,2,P107362,2,75.90,SALE,17-12-2024 11:05:28,S06,20241217
S06/20241217/00034,3,TAX,1,69.52,TAX,17-12-2024 11:05:28,S06,20241217
S06/20241217/00034,4,TENDER,1,572.97,TENDER,17-12-2024 11:05:28,S06,20241217
S06/20241217/00035,1,P100298,1,53.95,SALE,17-12-2024 16:24:05,S06,20241217
S06/20241217/00035,2,P104600,2,56.45,SALE,17-12-2024 16:24:05,S06,20241217
S06/20241217/00035,3,P105707,1,130.64,SALE,17-12-2024 16:24:05,S06,20241217
S06/20241217/00035,4,P106989,2,26.75,SALE,17-12-2024 16:24:05,S06,20241217
S06/20241217/00035,5,P106911,2,232.77,SALE,17-12-2024 16:24:05,S06,20241217
S06/20241217/00035,6,P100178,3,480.34,SALE,17-12-2024 16:24:05,S06,20241217
S06/20241217/00035,7,DISC,1,-105.71,DISCOUNT,17-12-2024 16:24:05,S06,20241217
S06/20241217/00035,8,TAX,1,279.31,TAX,17-12-2024 16:24:05,S06,20241217
S06/20241217/00035,9,TENDER,1,2431.15,TENDER,17-12-2024 16:24:05,S06,20241217
S06/20241217/00036,1,P102947,4,59.21,SALE,17-12-2024 18:04:39,S06,20241217
S06/20241217/00036,2,P102616,4,82.31,SALE,17-12-2024 18:04:39,S06,20241217
S06/20241217/00036,3,P104695,1,80.54,SALE,17-12-2024 18:04:39,S06,20241217
S06/20241217/00036,4,P103144,2,145.27,SALE,17-12-2024 18:04:39,S06,20241217
S06/20241217/00036,5,TAX,1,77.82,TAX,17-12-2024 18:04:39,S06,20241217
S06/20241217/00036,6,TENDER,1,1014.98,TENDER,17-12-2024 18:04:39,S06,20241217
S06/20241217/00037,1,P106872,2,73.12,SALE,17-12-2024 17:36:57,S06,20241217
S06/20241217/00037,2,P101656,2,324.95,SALE,17-12-2024 17:36:57,S06,20241217
S06/20241217/00037,3,TAX,1,104.31,TAX,17-12-2024 17:36:57,S06,20241217
S06/20241217/00037,4,TENDER,1,900.45,TENDER,17-12-2024 17:36:57,S06,20241217
S06/20241217/00038,1,P106024,2,472.89,SALE,17-12-2024 23:06:50,S06,20241217
S06/20241217/00038,2,P106123,1,248.44,SALE,17-12-2024 23:06:50,S06,20241217
S06/20241217/00038,3,P103249,4,521.24,SALE,17-12-2024 23:06:50,S06,20241217
S06/20241217/00038,4,P104410,2,541.11,SALE,17-12-2024 23:06:50,S06,20241217
S06/20241217/00038,5,TAX,1,469.29,TAX,17-12-2024 23:06:50,S06,20241217
S06/20241217/00038,6,TENDER,1,4830.69,TENDER,17-12-2024 23:06:50,S06,20241217
S06/20241217/00039,1,P107330,1,134.92,SALE,17-12-2024 13:25:47,S06,20241217
S06/20241217/00039,2,P100121,2,113.08,SALE,17-12-2024 13:25:47,S06,20241217
S06/20241217/00039,3,P103035,2,1333.74,SALE,17-12-2024 13:25:47,S06,20241217
S06/20241217/00039,4,P100582,2,170.67,SALE,17-12-2024 13:25:47,S06,20241217
S06/20241217/00039,5,P103081,2,480.46,SALE,17-12-2024 13:25:47,S06,20241217
S06/20241217/00039,6,P104909,2,363.10,SALE,17-12-2024 13:25:47,S06,20241217
S06/20241217/00039,7,DISC,1,-410.20,DISCOUNT,17-12-2024 13:25:47,S06,20241217
S06/20241217/00039,8,TAX,1,370.65,TAX,17-12-2024 13:25:47,S06,20241217
S06/20241217/00039,9,TENDER,1,5017.47,TENDER,17-12-2024 13:25:47,S06,20241217
S06/20241217/00040,1,P106200,1,119.89,SALE,17-12-2024 17:50:02,S06,20241217
S06/20241217/00040,2,P100528,3,595.90,SALE,17-12-2024 17:50:02,S06,20241217
S06/20241217/00040,3,P102415,2,1245.81,SALE,17-12-2024 17:50:02,S06,20241217
S06/20241217/00040,4,P103416,2,73.27,SALE,17-12-2024 17:50:02,S06,20241217
S06/20241217/00040,5,TAX,1,165.35,TAX,17-12-2024 17:50:02,S06,20241217
S06/20241217/00040,6,TENDER,1,4711.10,TENDER,17-12-2024 17:50:02,S06,20241217
S06/20241217/00041,1,P105518,2,729.30,SALE,17-12-2024 17:59:21,S06,20241217
S06/20241217/00041,2,P103785,3,606.71,SALE,17-12-2024 17:59:21,S06,20241217
S06/20241217/00041,3,P106807,2,322.15,SALE,17-12-2024 17:59:21,S06,20241217
S06/20241217/00041,4,TAX,1,596.94,TAX,17-12-2024 17:59:21,S06,20241217
S06/20241217/00041,5,TENDER,1,4519.97,TENDER,17-12-2024 17:59:21,S06,20241217
S06/20241217/00042,1,P102000,4,82.98,SALE,17-12-2024 20:58:01,S06,20241217
S06/20241217/00042,2,P101740,3,855.00,SALE,17-12-2024 20:58:01,S06,20241217
S06/20241217/00042,3,P106391,2,795.61,SALE,17-12-2024 20:58:01,S06,20241217
S06/20241217/00042,4,TAX,1,139.31,TAX,17-12-2024 20:58:01,S06,20241217
S06/20241217/00042,5,TENDER,1,4627.45,TENDER,17-12-2024 20:58:01,S06,20241217
S06/20241218/00001,1,P100131,1,667.83,SALE,18-12-2024 18:54:10,S06,20241218
S06/20241218/00001,2,P107815,3,106.85,SALE,18-12-2024 18:54:10,S06,20241218
S06/20241218/00001,3,P105405,1,430.78,SALE,18-12-2024 18:54:10,S06,20241218
S06/20241218/00001,4,P103074,1,52.85,SALE,18-12-2024 18:54:10,S06,20241218
S06/20241218/00001,5,TAX,1,149.66,TAX,18-12-2024 18:54:10,S06,20241218
S06/20241218/00001,6,TENDER,1,1621.67,TENDER,18-12-2024 18:54:10,S06,20241218
S06/20241218/00002,1,P104670,1,108.77,SALE,18-12-2024 22:31:30,S06,20241218
S06/20241218/00002,2,P102707,2,425.19,SALE,18-12-2024 22:31:30,S06,20241218
S06/20241218/00002,3,P103452,1,1033.70,SALE,18-12-2024 22:31:30,S06,20241218
S06/20241218/00002,4,P101428,1,431.72,SALE,18-12-2024 22:31:30,S06,20241218
S06/20241218/00002,5,P105524,1,81.14,SALE,18-12-2024 22:31:30,S06,20241218
S06/20241218/00002,6,P105636,3,558.71,SALE,18-12-2024 22:31:30,S06,20241218
S06/20241218/00002,7,P103465,2,33.97,SALE,18-12-2024 22:31:30,S06,20241218
S06/20241218/00002,8,P100140,1,58.05,SALE,18-12-2024 22:31:30,S06,20241218
S06/20241218/00002,9,TAX,1,288.30,TAX,18-12-2024 22:31:30,S06,20241218
S06/20241218/00002,10,TENDER,1,4596.13,TENDER,18-12-2024 22:31:30,S06,20241218
S06/20241218/00003,1,P103749,1,17.91,SALE,18-12-2024 17:29:47,S06,20241218
S06/20241218/00003,2,P102480,1,198.67,SALE,18-12-2024 17:29:47,S06,20241218
S06/20241218/00003,3,P102982,3,255.95,SALE,18-12-2024 17:29:47,S06,20241218
S06/20241218/00003,4,P102598,4,133.17,SALE,18-12-2024 17:29:47,S06,20241218
S06/20241218/00003,5,TAX,1,151.37,TAX,18-12-2024 17:29:47,S06,20241218
S06/20241218/00003,6,TENDER,1,1668.48,TENDER,18-12-2024 17:29:47,S06,20241218
S06/20241218/00004,1,P104316,3,489.63,SALE,18-12-2024 09:09:11,S06,20241218
S06/20241218/00004,2,P106084,2,592.14,SALE,18-12-2024 09:09:11,S06,20241218
S06/20241218/00004,3,P102801,3,108.87,SALE,18-12-2024 09:09:11,S06,20241218
S06/20241218/00004,4,P104708,1,487.33,SALE,18-12-2024 09:09:11,S06,20241218
S06/20241218/00004,5,P102494,5,13.38,SALE,18-12-2024 09:09:11,S06,20241218
S06/20241218/00004,6,P102821,1,1314.43,SALE,18-12-2024 09:09:11,S06,20241218
S06/20241218/00004,7,TAX,1,418.81,TAX,18-12-2024 09:09:11,S06,20241218
S06/20241218/00004,8,TENDER,1,5267.25,TENDER,18-12-2024 09:09:11,S06,20241218
S06/20241218/00005,1,P102794,4,416.24,SALE,18-12-2024 21:38:32,S06,20241218
S06/20241218/00005,2,P102272,1,389.34,SALE,18-12-2024 21:38:32,S06,20241218
S06/20241218/00005,3,P102857,3,116.85,SALE,18-12-2024 21:38:32,S06,20241218
S06/20241218/00005,4,P107914,2,244.98,SALE,18-12-2024 21:38:32,S06,20241218
S06/20241218/00005,5,P107973,2,271.93,SALE,18-12-2024 21:38:32,S06,20241218
S06/20241218/00005,6,P107989,3,189.72,SALE,18-12-2024 21:38:32,S06,20241218
S06/20241218/00005,7,P108017,2,105.98,SALE,18-12-2024 21:38:32,S06,20241218
S06/20241218/00005,8,TAX,1,327.65,TAX,18-12-2024 21:38:32,S06,20241218
S06/20241218/00005,9,TENDER,1,4547.44,TENDER,18-12-2024 21:38:32,S06,20241218
S06/20241218/00006,1,P104454,2,49.63,SALE,18-12-2024 20:33:37,S06,20241218
S06/20241218/00006,2,P102674,1,515.88,SALE,18-12-2024 20:33:37,S06,20241218
S06/20241218/00006,3,P107966,1,391.71,SALE,18-12-2024 20:33:37,S06,20241218
S06/20241218/00006,4,P106093,1,315.93,SALE,18-12-2024 20:33:37,S06,20241218
S06/20241218/00006,5,P100555,3,435.03,SALE,18-12-2024 20:33:37,S06,20241218
S06/20241218/00006,6,P107414,1,565.57,SALE,18-12-2024 20:33:37,S06,20241218
S06/20241218/00006,7,TAX,1,398.93,TAX,18-12-2024 20:33:37,S06,20241218
S06/20241218/00006,8,TENDER,1,3592.37,TENDER,18-12-2024 20:33:37,S06,20241218
S06/20241218/00007,1,P102598,2,133.17,SALE,18-12-2024 17:50:33,S06,20241218
S06/20241218/00007,2,P100682,1,337.76,SALE,18-12-2024 17:50:33,S06,20241218
S06/20241218/00007,3,P103861,1,57.59,SALE,18-12-2024 17:50:33,S06,20241218
S06/20241218/00007,4,P105479,2,253.92,SALE,18-12-2024 17:50:33,S06,20241218
S06/20241218/00007,5,P102193,1,343.13,SALE,18-12-2024 17:50:33,S06,20241218
S06/20241218/00007,6,P102023,5,425.67,SALE,18-12-2024 17:50:33,S06,20241218
S06/20241218/00007,7,P104645,2,1052.62,SALE,18-12-2024 17:50:33,S06,20241218
S06/20241218/00007,8,P104579,1,67.48,SALE,18-12-2024 17:50:33,S06,20241218
S06/20241218/00007,9,TAX,1,421.52,TAX,18-12-2024 17:50:33,S06,20241218
S06/20241218/00007,10,TENDER,1,6235.25,TENDER,18-12-2024 17:50:33,S06,20241218
S06/20241218/00008,1,P102674,2,515.88,SALE,18-12-2024 11:13:27,S06,20241218
S06/20241218/00008,2,P102724,1,391.04,SALE,18-12-2024 11:13:27,S06,20241218
S06/20241218/00008,3,P101925,3,186.54,SALE,18-12-2024 11:13:27,S06,20241218
S06/20241218/00008,4,P100194,2,46.79,SALE,18-12-2024 11:13:27,S06,20241218
S06/20241218/00008,5,P101421,1,119.60,SALE,18-12-2024 11:13:27,S06,20241218
S06/20241218/00008,6,P107294,4,85.13,SALE,18-12-2024 11:13:27,S06,20241218
S06/20241218/00008,7,TAX,1,412.23,TAX,18-12-2024 11:13:27,S06,20241218
S06/20241218/00008,8,TENDER,1,2948.35,TENDER,18-12-2024 11:13:27,S06,20241218
S06/20241218/00009,1,P107520,1,139.81,SALE,18-12-2024 17:35:22,S06,20241218
S06/20241218/00009,2,P101923,4,527.50,SALE,18-12-2024 17:35:22,S06,20241218
S06/20241218/00009,3,TAX,1,386.79,TAX,18-12-2024 17:35:22,S06,20241218
S06/20241218/00009,4,TENDER,1,2636.60,TENDER,18-12-2024 17:35:22,S06,20241218
S06/20241218/00010,1,P100864,2,208.63,SALE,18-12-2024 17:19:44,S06,20241218
S06/20241218/00010,2,P106115,3,128.36,SALE,18-12-2024 17:19:44,S06,20241218
S06/20241218/00010,3,TAX,1,144.42,TAX,18-12-2024 17:19:44,S06,20241218
S06/20241218/00010,4,TENDER,1,946.76,TENDER,18-12-2024 17:19:44,S06,20241218
S06/20241218/00011,1,P105035,2,159.58,SALE,18-12-2024 15:53:21,S06,20241218
S06/20241218/00011,2,P100112,2,95.15,SALE,18-12-2024 15:53:21,S06,20241218
S06/20241218/00011,3,P100203,3,272.10,SALE,18-12-2024 15:53:21,S06,20241218
S06/20241218/00011,4,P102383,2,10.62,SALE,18-12-2024 15:53:21,S06,20241218
S06/20241218/00011,5,P100967,1,969.23,SALE,18-12-2024 15:53:21,S06,20241218
S06/20241218/00011,6,DISC,1,-158.97,DISCOUNT,18-12-2024 15:53:21,S06,20241218
S06/20241218/00011,7,TAX,1,181.80,TAX,18-12-2024 15:53:21,S06,20241218
S06/20241218/00011,8,TENDER,1,2339.06,TENDER,18-12-2024 15:53:21,S06,20241218
S06/20241218/00012,1,P100049,1,68.93,SALE,18-12-2024 15:27:00,S06,20241218
S06/20241218/00012,2,P102217,1,68.46,SALE,18-12-2024 15:27:00,S06,20241218
S06/20241218/00012,3,P107715,2,241.95,SALE,18-12-2024 15:27:00,S06,20241218
S06/20241218/00012,4,P107264,3,190.99,SALE,18-12-2024 15:27:00,S06,20241218
S06/20241218/00012,5,P106143,2,61.74,SALE,18-12-2024 15:27:00,S06,20241218
S06/20241218/00012,6,DISC,1,-64.50,DISCOUNT,18-12-2024 15:27:00,S06,20241218
S06/20241218/00012,7,TAX,1,213.86,TAX,18-12-2024 15:27:00,S06,20241218
S06/20241218/00012,8,TENDER,1,1467.10,TENDER,18-12-2024 15:27:00,S06,20241218
S06/20241218/00013,1,P104651,1,540.51,SALE,18-12-2024 18:24:08,S06,20241218
S06/20241218/00013,2,P101174,1,57.43,SALE,18-12-2024 18:24:08,S06,20241218
S06/20241218/00013,3,P101634,3,25.05,SALE,18-12-2024 18:24:08,S06,20241218
S06/20241218/00013,4,P101515,3,60.18,SALE,18-12-2024 18:24:08,S06,20241218
S06/20241218/00013,5,P100528,2,595.90,SALE,18-12-2024 18:24:08,S06,20241218
S06/20241218/00013,6,P102502,2,408.64,SALE,18-12-2024 18:24:08,S06,20241218
S06/20241218/00013,7,P105713,3,345.36,SALE,18-12-2024 18:24:08,S06,20241218
S06/20241218/00013,8,P101842,2,227.96,SALE,18-12-2024 18:24:08,S06,20241218
S06/20241218/00013,9,TAX,1,302.97,TAX,18-12-2024 18:24:08,S06,20241218
S06/20241218/00013,10,TENDER,1,4657.68,TENDER,18-12-2024 18:24:08,S06,20241218
S06/20241218/00014,1,P103861,1,57.59,SALE,18-12-2024 19:59:38,S06,20241218
S06/20241218/00014,2,P105775,2,104.41,SALE,18-12-2024 19:59:38,S06,20241218
S06/20241218/00014,3,P103645,2,285.25,SALE,18-12-2024 19:59:38,S06,20241218
S06/20241218/00014,4,P101190,4,89.25,SALE,18-12-2024 19:59:38,S06,20241218
S06/20241218/00014,5,DISC,1,-56.80,DISCOUNT,18-12-2024 19:59:38,S06,20241218
S06/20241218/00014,6,TAX,1,63.95,TAX,18-12-2024 19:59:38,S06,20241218
S06/20241218/00014,7,TENDER,1,1201.06,TENDER,18-12-2024 19:59:38,S06,20241218
S06/20241218/00015,1,P100224,2,79.22,SALE,18-12-2024 19:51:20,S06,20241218
S06/20241218/00015,2,P102546,2,74.67,SALE,18-12-2024 19:51:20,S06,20241218
S06/20241218/00015,3,P107621,1,119.64,SALE,18-12-2024 19:51:20,S06,20241218
S06/20241218/00015,4,P107282,2,1189.20,SALE,18-12-2024 19:51:20,S06,20241218
S06/20241218/00015,5,TAX,1,34.80,TAX,18-12-2024 19:51:20,S06,20241218
S06/20241218/00015,6,TENDER,1,2840.62,TENDER,18-12-2024 19:51:20,S06,20241218
S06/20241218/00016,1,P101419,4,202.93,SALE,18-12-2024 12:23:18,S06,20241218
S06/20241218/00016,2,TAX,1,97.41,TAX,18-12-2024 12:23:18,S06,20241218
S06/20241218/00016,3,TENDER,1,909.13,TENDER,18-12-2024 12:23:18,S06,20241218
S06/20241218/00017,1,P102947,2,59.21,SALE,18-12-2024 18:49:07,S06,20241218
S06/20241218/00017,2,P104541,3,149.08,SALE,18-12-2024 18:49:07,S06,20241218
S06/20241218/00017,3,P101492,3,113.44,SALE,18-12-2024 18:49:07,S06,20241218
S06/20241218/00017,4,P101564,1,172.72,SALE,18-12-2024 18:49:07,S06,20241218
S06/20241218/00017,5,DISC,1,-89.67,DISCOUNT,18-12-2024 18:49:07,S06,20241218
S06/20241218/00017,6,TAX,1,105.17,TAX,18-12-2024 18:49:07,S06,20241218
S06/20241218/00017,7,TENDER,1,1094.20,TENDER,18-12-2024 18:49:07,S06,20241218
S06/20241218/00018,1,P102913,2,375.37,SALE,18-12-2024 12:51:54,S06,20241218
S06/20241218/00018,2,P102788,2,920.26,SALE,18-12-2024 12:51:54,S06,20241218
S06/20241218/00018,3,P106399,2,198.14,SALE,18-12-2024 12:51:54,S06,20241218
S06/20241218/00018,4,P105819,1,66.64,SALE,18-12-2024 12:51:54,S06,20241218
S06/20241218/00018,5,TAX,1,213.92,TAX,18-12-2024 12:51:54,S06,20241218
S06/20241218/00018,6,TENDER,1,3268.10,TENDER,18-12-2024 12:51:54,S06,20241218
S06/20241218/00019,1,P104404,1,890.27,SALE,18-12-2024 14:14:42,S06,20241218
S06/20241218/00019,2,P104544,3,104.46,SALE,18-12-2024 14:14:42,S06,20241218
S06/20241218/00019,3,P105405,2,430.78,SALE,18-12-2024 14:14:42,S06,20241218
S06/20241218/00019,4,P101481,3,55.03,SALE,18-12-2024 14:14:42,S06,20241218
S06/20241218/00019,5,P107996,1,224.54,SALE,18-12-2024 14:14:42,S06,20241218
S06/20241218/00019,6,TAX,1,185.06,TAX,18-12-2024 14:14:42,S06,20241218
S06/20241218/00019,7,TENDER,1,2639.90,TENDER,18-12-2024 14:14:42,S06,20241218
S06/20241218/00020,1,P106234,-2,79.42,RETURN,18-12-2024 18:50:40,S06,20241218
S06/20241218/00020,2,P101279,-1,242.90,RETURN,18-12-2024 18:50:40,S06,20241218
S06/20241218/00020,3,TAX,1,-19.06,TAX,18-12-2024 18:50:40,S06,20241218
S06/20241218/00020,4,TENDER,1,-420.80,TENDER,18-12-2024 18:50:40,S06,20241218
S06/20241218/00021,1,P102014,1,261.84,SALE,18-12-2024 14:26:14,S06,20241218
S06/20241218/00021,2,P103214,3,283.38,SALE,18-12-2024 14:26:14,S06,20241218
S06/20241218/00021,3,P104902,1,516.78,SALE,18-12-2024 14:26:14,S06,20241218
S06/20241218/00021,4,P106234,1,79.42,SALE,18-12-2024 14:26:14,S06,20241218
S06/20241218/00021,5,TAX,1,192.19,TAX,18-12-2024 14:26:14,S06,20241218
S06/20241218/00021,6,TENDER,1,1900.37,TENDER,18-12-2024 14:26:14,S06,20241218
S06/20241218/00022,1,P101507,3,635.95,SALE,18-12-2024 12:49:44,S06,20241218
S06/20241218/00022,2,TAX,1,95.39,TAX,18-12-2024 12:49:44,S06,20241218
S06/20241218/00022,3,TENDER,1,2003.24,TENDER,18-12-2024 12:49:44,S06,20241218
S06/20241218/00023,1,P108125,2,129.06,SALE,18-12-2024 16:56:46,S06,20241218
S06/20241218/00023,2,P102236,1,928.51,SALE,18-12-2024 16:56:46,S06,20241218
S06/20241218/00023,3,P100026,2,315.91,SALE,18-12-2024 16:56:46,S06,20241218
S06/20241218/00023,4,P108191,2,309.71,SALE,18-12-2024 16:56:46,S06,20241218
S06/20241218/00023,5,P100711,1,101.23,SALE,18-12-2024 16:56:46,S06,20241218
S06/20241218/00023,6,P100621,2,134.28,SALE,18-12-2024 16:56:46,S06,20241218
S06/20241218/00023,7,P101904,2,607.91,SALE,18-12-2024 16:56:46,S06,20241218
S06/20241218/00023,8,P103645,1,285.25,SALE,18-12-2024 16:56:46,S06,20241218
S06/20241218/00023,9,TAX,1,394.40,TAX,18-12-2024 16:56:46,S06,20241218
S06/20241218/00023,10,TENDER,1,4703.13,TENDER,18-12-2024 16:56:46,S06,20241218
S06/20241218/00024,1,P104168,2,512.27,SALE,18-12-2024 19:35:30,S06,20241218
S06/20241218/00024,2,P103861,2,57.59,SALE,18-12-2024 19:35:30,S06,20241218
S06/20241218/00024,3,P106015,1,148.43,SALE,18-12-2024 19:35:30,S06,20241218
S06/20241218/00024,4,P100744,2,67.07,SALE,18-12-2024 19:35:30,S06,20241218
S06/20241218/00024,5,P101279,3,242.90,SALE,18-12-2024 19:35:30,S06,20241218
S06/20241218/00024,6,TAX,1,81.50,TAX,18-12-2024 19:35:30,S06,20241218
S06/20241218/00024,7,TENDER,1,2232.49,TENDER,18-12-2024 19:35:30,S06,20241218
S06/20241218/00025,1,P102151,1,1117.25,SALE,18-12-2024 10:42:05,S06,20241218
S06/20241218/00025,2,P104358,1,1243.57,SALE,18-12-2024 10:42:05,S06,20241218
S06/20241218/00025,3,P103727,2,116.88,SALE,18-12-2024 10:42:05,S06,20241218
S06/20241218/00025,4,P103068,1,153.43,SALE,18-12-2024 10:42:05,S06,20241218
S06/20241218/00025,5,TAX,1,240.81,TAX,18-12-2024 10:42:05,S06,20241218
S06/20241218/00025,6,TENDER,1,2988.82,TENDER,18-12-2024 10:42:05,S06,20241218
S06/20241218/00026,1,P101177,1,166.36,SALE,18-12-2024 18:30:05,S06,20241218
S06/20241218/00026,2,P105835,1,238.39,SALE,18-12-2024 18:30:05,S06,20241218
S06/20241218/00026,3,P102067,2,181.50,SALE,18-12-2024 18:30:05,S06,20241218
S06/20241218/00026,4,P107373,2,96.28,SALE,18-12-2024 18:30:05,S06,20241218
S06/20241218/00026,5,TAX,1,38.39,TAX,18-12-2024 18:30:05,S06,20241218
S06/20241218/00026,6,TENDER,1,998.70,TENDER,18-12-2024 18:30:05,S06,20241218
S06/20241218/00027,1,P104175,3,814.13,SALE,18-12-2024 10:09:02,S06,20241218
S06/20241218/00027,2,P103438,2,187.96,SALE,18-12-2024 10:09:02,S06,20241218
S06/20241218/00027,3,P101634,3,25.05,SALE,18-12-2024 10:09:02,S06,20241218
S06/20241218/00027,4,P108397,2,286.03,SALE,18-12-2024 10:09:02,S06,20241218
S06/20241218/00027,5,P102735,1,534.08,SALE,18-12-2024 10:09:02,S06,20241218
S06/20241218/00027,6,P106059,1,313.87,SALE,18-12-2024 10:09:02,S06,20241218
S06/20241218/00027,7,P104011,1,657.72,SALE,18-12-2024 10:09:02,S06,20241218
S06/20241218/00027,8,P101279,1,242.90,SALE,18-12-2024 10:09:02,S06,20241218
S06/20241218/00027,9,TAX,1,286.49,TAX,18-12-2024 10:09:02,S06,20241218
S06/20241218/00027,10,TENDER,1,5500.58,TENDER,18-12-2024 10:09:02,S06,20241218
S06/20241218/00028,1,P103861,2,57.59,SALE,18-12-2024 18:50:36,S06,20241218
S06/20241218/00028,2,P106975,2,143.78,SALE,18-12-2024 18:50:36,S06,20241218
S06/20241218/00028,3,TAX,1,57.52,TAX,18-12-2024 18:50:36,S06,20241218
S06/20241218/00028,4,TENDER,1,460.26,TENDER,18-12-2024 18:50:36,S06,20241218
S06/20241218/00029,1,P108361,3,73.59,SALE,18-12-2024 11:19:21,S06,20241218
S06/20241218/00029,2,P102286,4,281.91,SALE,18-12-2024 11:19:21,S06,20241218
S06/20241218/00029,3,TAX,1,202.98,TAX,18-12-2024 11:19:21,S06,20241218
S06/20241218/00029,4,TENDER,1,1551.39,TENDER,18-12-2024 11:19:21,S06,20241218
S06/20241218/00030,1,P100840,1,248.08,SALE,18-12-2024 21:29:23,S06,20241218
S06/20241218/00030,2,P103757,5,159.40,SALE,18-12-2024 21:29:23,S06,20241218
S06/20241218/00030,3,P108135,3,562.62,SALE,18-12-2024 21:29:23,S06,20241218
S06/20241218/00030,4,TAX,1,84.50,TAX,18-12-2024 21:29:23,S06,20241218
S06/20241218/00030,5,TENDER,1,2817.44,TENDER,18-12-2024 21:29:23,S06,20241218
S06/20241218/00031,1,P100803,3,278.56,SALE,18-12-2024 13:57:10,S06,20241218
S06/20241218/00031,2,P100693,3,107.22,SALE,18-12-2024 13:57:10,S06,20241218
S06/20241218/00031,3,P102623,3,107.54,SALE,18-12-2024 13:57:10,S06,20241218
S06/20241218/00031,4,P108017,4,105.98,SALE,18-12-2024 13:57:10,S06,20241218
S06/20241218/00031,5,P106639,2,485.46,SALE,18-12-2024 13:57:10,S06,20241218
S06/20241218/00031,6,DISC,1,-270.39,DISCOUNT,18-12-2024 13:57:10,S06,20241218
S06/20241218/00031,7,TAX,1,230.93,TAX,18-12-2024 13:57:10,S06,20241218
S06/20241218/00031,8,TENDER,1,2835.34,TENDER,18-12-2024 13:57:10,S06,20241218
S06/20241218/00032,1,P100838,3,38.03,SALE,18-12-2024 20:22:30,S06,20241218
S06/20241218/00032,2,P108335,1,187.61,SALE,18-12-2024 20:22:30,S06,20241218
S06/20241218/00032,3,P107400,2,273.33,SALE,18-12-2024 20:22:30,S06,20241218
S06/20241218/00032,4,DISC,1,-33.72,DISCOUNT,18-12-2024 20:22:30,S06,20241218
S06/20241218/00032,5,TAX,1,99.97,TAX,18-12-2024 20:22:30,S06,20241218
S06/20241218/00032,6,TENDER,1,914.61,TENDER,18-12-2024 20:22:30,S06,20241218
S06/20241218/00033,1,P100899,1,131.46,SALE,18-12-2024 16:07:32,S06,20241218
S06/20241218/00033,2,P101481,3,55.03,SALE,18-12-2024 16:07:32,S06,20241218
S06/20241218/00033,3,P100362,2,282.80,SALE,18-12-2024 16:07:32,S06,20241218
S06/20241218/00033,4,TAX,1,8.25,TAX,18-12-2024 16:07:32,S06,20241218
S06/20241218/00033,5,TENDER,1,870.40,TENDER,18-12-2024 16:07:32,S06,20241218
S06/20241218/00034,1,P105369,1,143.76,SALE,18-12-2024 16:35:36,S06,20241218
S06/20241218/00034,2,P107242,1,635.24,SALE,18-12-2024 16:35:36,S06,20241218
S06/20241218/00034,3,P100879,1,159.99,SALE,18-12-2024 16:35:36,S06,20241218
S06/20241218/00034,4,P107432,1,45.60,SALE,18-12-2024 16:35:36,S06,20241218
S06/20241218/00034,5,P102014,2,261.84,SALE,18-12-2024 16:35:36,S06,20241218
S06/20241218/00034,6,TAX,1,154.18,TAX,18-12-2024 16:35:36,S06,20241218
S06/20241218/00034,7,TENDER,1,1662.45,TENDER,18-12-2024 16:35:36,S06,20241218
S06/20241218/00035,1,P103137,1,218.09,SALE,18-12-2024 11:40:47,S06,20241218
S06/20241218/00035,2,P106592,1,815.90,SALE,18-12-2024 11:40:47,S06,20241218
S06/20241218/00035,3,P103090,1,841.97,SALE,18-12-2024 11:40:47,S06,20241218
S06/20241218/00035,4,DISC,1,-184.59,DISCOUNT,18-12-2024 11:40:47,S06,20241218
S06/20241218/00035,5,TAX,1,98.33,TAX,18-12-2024 11:40:47,S06,20241218
S06/20241218/00035,6,TENDER,1,1789.70,TENDER,18-12-2024 11:40:47,S06,20241218
S06/20241219/00001,1,P104257,1,42.95,SALE,19-12-2024 13:49:26,S06,20241219
S06/20241219/00001,2,P103777,1,44.82,SALE,19-12-2024 13:49:26,S06,20241219
S06/20241219/00001,3,P105713,1,345.36,SALE,19-12-2024 13:49:26,S06,20241219
S06/20241219/00001,4,P107989,2,189.72,SALE,19-12-2024 13:49:26,S06,20241219
S06/20241219/00001,5,P104048,2,193.57,SALE,19-12-2024 13:49:26,S06,20241219
S06/20241219/00001,6,P100387,2,116.37,SALE,19-12-2024 13:49:26,S06,20241219
S06/20241219/00001,7,TAX,1,148.05,TAX,19-12-2024 13:49:26,S06,20241219
S06/20241219/00001,8,TENDER,1,1580.50,TENDER,19-12-2024 13:49:26,S06,20241219
S06/20241219/00002,1,P105695,3,158.81,SALE,19-12-2024 23:13:59,S06,20241219
S06/20241219/00002,2,P100593,2,32.38,SALE,19-12-2024 23:13:59,S06,20241219
S06/20241219/00002,3,P106592,2,815.90,SALE,19-12-2024 23:13:59,S06,20241219
S06/20241219/00002,4,P106048,1,310.59,SALE,19-12-2024 23:13:59,S06,20241219
S06/20241219/00002,5,TAX,1,145.92,TAX,19-12-2024 23:13:59,S06,20241219
S06/20241219/00002,6,TENDER,1,2629.50,TENDER,19-12-2024 23:13:59,S06,20241219
S06/20241219/00003,1,P101751,3,477.38,SALE,19-12-2024 16:05:37,S06,20241219
S06/20241219/00003,2,P106955,2,204.37,SALE,19-12-2024 16:05:37,S06,20241219
S06/20241219/00003,3,P104688,2,178.09,SALE,19-12-2024 16:05:37,S06,20241219
S06/20241219/00003,4,P101648,2,334.22,SALE,19-12-2024 16:05:37,S06,20241219
S06/20241219/00003,5,P105460,1,148.47,SALE,19-12-2024 16:05:37,S06,20241219
S06/20241219/00003,6,P106048,2,310.59,SALE,19-12-2024 16:05:37,S06,20241219
S06/20241219/00003,7,TAX,1,430.72,TAX,19-12-2024 16:05:37,S06,20241219
S06/20241219/00003,8,TENDER,1,4065.87,TENDER,19-12-2024 16:05:37,S06,20241219
S06/20241219/00004,1,P104417,1,332.65,SALE,19-12-2024 13:31:50,S06,20241219
S06/20241219/00004,2,P106181,2,778.60,SALE,19-12-2024 13:31:50,S06,20241219
S06/20241219/00004,3,P105433,1,144.32,SALE,19-12-2024 13:31:50,S06,20241219
S06/20241219/00004,4,P106009,1,372.60,SALE,19-12-2024 13:31:50,S06,20241219
S06/20241219/00004,5,P106093,4,315.93,SALE,19-12-2024 13:31:50,S06,20241219
S06/20241219/00004,6,TAX,1,262.25,TAX,19-12-2024 13:31:50,S06,20241219
S06/20241219/00004,7,TENDER,1,3932.74,TENDER,19-12-2024 13:31:50,S06,20241219
S06/20241219/00005,1,P103004,2,82.09,SALE,19-12-2024 18:23:32,S06,20241219
S06/20241219/00005,2,P103259,1,298.27,SALE,19-12-2024 18:23:32,S06,20241219
S06/20241219/00005,3,P107880,3,347.04,SALE,19-12-2024 18:23:32,S06,20241219
S06/20241219/00005,4,P104378,2,95.33,SALE,19-12-2024 18:23:32,S06,20241219
S06/20241219/00005,5,P105119,1,106.45,SALE,19-12-2024 18:23:32,S06,20241219
S06/20241219/00005,6,P107301,6,945.94,SALE,19-12-2024 18:23:32,S06,20241219
S06/20241219/00005,7,TAX,1,102.31,TAX,19-12-2024 18:23:32,S06,20241219
S06/20241219/00005,8,TENDER,1,7578.63,TENDER,19-12-2024 18:23:32,S06,20241219
S06/20241219/00006,1,P104938,-3,999.94,RETURN,19-12-2024 18:59:28,S06,20241219
S06/20241219/00006,2,P101990,-1,408.52,RETURN,19-12-2024 18:59:28,S06,20241219
S06/20241219/00006,3,P107952,-1,1964.70,RETURN,19-12-2024 18:59:28,S06,20241219
S06/20241219/00006,4,P107508,-2,1577.69,RETURN,19-12-2024 18:59:28,S06,20241219
S06/20241219/00006,5,TAX,1,-787.65,TAX,19-12-2024 18:59:28,S06,20241219
S06/20241219/00006,6,TENDER,1,-9316.07,TENDER,19-12-2024 18:59:28,S06,20241219
S06/20241219/00007,1,P100810,3,200.65,SALE,19-12-2024 16:18:30,S06,20241219
S06/20241219/00007,2,P100156,1,1528.63,SALE,19-12-2024 16:18:30,S06,20241219
S06/20241219/00007,3,TAX,1,30.10,TAX,19-12-2024 16:18:30,S06,20241219
S06/20241219/00007,4,TENDER,1,2160.68,TENDER,19-12-2024 16:18:30,S06,20241219
S06/20241219/00008,1,P100693,2,98.64,SALE,19-12-2024 12:40:51,S06,20241219
S06/20241219/00008,2,P106592,1,815.90,SALE,19-12-2024 12:40:51,S06,20241219
S06/20241219/00008,3,P103950,2,1283.54,SALE,19-12-2024 12:40:51,S06,20241219
S06/20241219/00008,4,TAX,1,204.66,TAX,19-12-2024 12:40:51,S06,20241219
S06/20241219/00008,5,TENDER,1,3784.92,TENDER,19-12-2024 12:40:51,S06,20241219
S06/20241219/00009,1,P107654,3,409.57,SALE,19-12-2024 17:12:11,S06,20241219
S06/20241219/00009,2,P107826,1,136.08,SALE,19-12-2024 17:12:11,S06,20241219
S06/20241219/00009,3,P107872,1,650.85,SALE,19-12-2024 17:12:11,S06,20241219
S06/20241219/00009,4,DISC,1,-85.71,DISCOUNT,19-12-2024 17:12:11,S06,20241219
S06/20241219/00009,5,TAX,1,187.97,TAX,19-12-2024 17:12:11,S06,20241219
S06/20241219/00009,6,TENDER,1,2117.90,TENDER,19-12-2024 17:12:11,S06,20241219
S06/20241219/00010,1,P102305,3,111.72,SALE,19-12-2024 16:41:32,S06,20241219
S06/20241219/00010,2,P107516,2,565.20,SALE,19-12-2024 16:41:32,S06,20241219
S06/20241219/00010,3,P103927,2,206.11,SALE,19-12-2024 16:41:32,S06,20241219
S06/20241219/00010,4,P104194,1,119.04,SALE,19-12-2024 16:41:32,S06,20241219
S06/20241219/00010,5,P104497,2,229.16,SALE,19-12-2024 16:41:32,S06,20241219
S06/20241219/00010,6,TAX,1,308.65,TAX,19-12-2024 16:41:32,S06,20241219
S06/20241219/00010,7,TENDER,1,2763.79,TENDER,19-12-2024 16:41:32,S06,20241219
S06/20241219/00011,1,P102821,1,1314.43,SALE,19-12-2024 13:17:54,S06,20241219
S06/20241219/00011,2,P104867,1,190.50,SALE,19-12-2024 13:17:54,S06,20241219
S06/20241219/00011,3,P107477,3,116.48,SALE,19-12-2024 13:17:54,S06,20241219
S06/20241219/00011,4,P100604,1,167.40,SALE,19-12-2024 13:17:54,S06,20241219
S06/20241219/00011,5,P105009,1,65.38,SALE,19-12-2024 13:17:54,S06,20241219
S06/20241219/00011,6,TAX,1,38.77,TAX,19-12-2024 13:17:54,S06,20241219
S06/20241219/00011,7,TENDER,1,2125.92,TENDER,19-12-2024 13:17:54,S06,20241219
S06/20241219/00012,1,P100260,3,1120.33,SALE,19-12-2024 16:43:38,S06,20241219
S06/20241219/00012,2,P108174,3,235.92,SALE,19-12-2024 16:43:38,S06,20241219
S06/20241219/00012,3,P102122,3,138.84,SALE,19-12-2024 16:43:38,S06,20241219
S06/20241219/00012,4,P100609,1,75.79,SALE,19-12-2024 16:43:38,S06,20241219
S06/20241219/00012,5,P103096,2,315.47,SALE,19-12-2024 16:43:38,S06,20241219
S06/20241219/00012,6,P100494,1,67.32,SALE,19-12-2024 16:43:38,S06,20241219
S06/20241219/00012,7,P102640,3,270.61,SALE,19-12-2024 16:43:38,S06,20241219
S06/20241219/00012,8,P106024,1,472.89,SALE,19-12-2024 16:43:38,S06,20241219
S06/20241219/00012,9,TAX,1,476.39,TAX,19-12-2024 16:43:38,S06,20241219
S06/20241219/00012,10,TENDER,1,7020.43,TENDER,19-12-2024 16:43:38,S06,20241219
S06/20241219/00013,1,P102112,1,389.72,SALE,19-12-2024 15:31:16,S06,20241219
S06/20241219/00013,2,P101389,1,430.39,SALE,19-12-2024 15:31:16,S06,20241219
S06/20241219/00013,3,P105009,3,65.38,SALE,19-12-2024 15:31:16,S06,20241219
S06/20241219/00013,4,P103645,2,285.25,SALE,19-12-2024 15:31:16,S06,20241219
S06/20241219/00013,5,P102886,1,139.22,SALE,19-12-2024 15:31:16,S06,20241219
S06/20241219/00013,6,P105405,2,430.78,SALE,19-12-2024 15:31:16,S06,20241219
S06/20241219/00013,7,TAX,1,209.58,TAX,19-12-2024 15:31:16,S06,20241219
S06/20241219/00013,8,TENDER,1,2797.11,TENDER,19-12-2024 15:31:16,S06,20241219
S06/20241219/00014,1,P101884,2,352.98,SALE,19-12-2024 15:47:38,S06,20241219
S06/20241219/00014,2,P102744,2,98.75,SALE,19-12-2024 15:47:38,S06,20241219
S06/20241219/00014,3,P105323,2,84.67,SALE,19-12-2024 15:47:38,S06,20241219
S06/20241219/00014,4,P105337,3,35.20,SALE,19-12-2024 15:47:38,S06,20241219
S06/20241219/00014,5,P104789,2,67.52,SALE,19-12-2024 15:47:38,S06,20241219
S06/20241219/00014,6,DISC,1,-45.21,DISCOUNT,19-12-2024 15:47:38,S06,20241219
S06/20241219/00014,7,TAX,1,104.61,TAX,19-12-2024 15:47:38,S06,20241219
S06/20241219/00014,8,TENDER,1,1372.84,TENDER,19-12-2024 15:47:38,S06,20241219
S06/20241219/00015,1,P104811,2,108.16,SALE,19-12-2024 15:42:03,S06,20241219
S06/20241219/00015,2,P108389,4,837.30,SALE,19-12-2024 15:42:03,S06,20241219
S06/20241219/00015,3,P100889,2,1028.39,SALE,19-12-2024 15:42:03,S06,20241219
S06/20241219/00015,4,P100838,4,38.03,SALE,19-12-2024 15:42:03,S06,20241219
S06/20241219/00015,5,DISC,1,-229.31,DISCOUNT,19-12-2024 15:42:03,S06,20241219
S06/20241219/00015,6,TAX,1,304.26,TAX,19-12-2024 15:42:03,S06,20241219
S06/20241219/00015,7,TENDER,1,5849.37,TENDER,19-12-2024 15:42:03,S06,20241219
S06/20241219/00016,1,P106426,1,154.27,SALE,19-12-2024 20:08:20,S06,20241219
S06/20241219/00016,2,P107568,2,140.27,SALE,19-12-2024 20:08:20,S06,20241219
S06/20241219/00016,3,P107681,3,193.13,SALE,19-12-2024 20:08:20,S06,20241219
S06/20241219/00016,4,DISC,1,-102.54,DISCOUNT,19-12-2024 20:08:20,S06,20241219
S06/20241219/00016,5,TAX,1,131.32,TAX,19-12-2024 20:08:20,S06,20241219
S06/20241219/00016,6,TENDER,1,1042.98,TENDER,19-12-2024 20:08:20,S06,20241219
S06/20241219/00017,1,P104789,2,67.52,SALE,19-12-2024 20:41:02,S06,20241219
S06/20241219/00017,2,P105106,1,104.56,SALE,19-12-2024 20:41:02,S06,20241219
S06/20241219/00017,3,P100421,2,121.56,SALE,19-12-2024 20:41:02,S06,20241219
S06/20241219/00017,4,P102272,2,389.34,SALE,19-12-2024 20:41:02,S06,20241219
S06/20241219/00017,5,DISC,1,-119.37,DISCOUNT,19-12-2024 20:41:02,S06,20241219
S06/20241219/00017,6,TAX,1,101.64,TAX,19-12-2024 20:41:02,S06,20241219
S06/20241219/00017,7,TENDER,1,1243.67,TENDER,19-12-2024 20:41:02,S06,20241219
S06/20241219/00018,1,P101481,2,55.03,SALE,19-12-2024 13:01:29,S06,20241219
S06/20241219/00018,2,P103040,2,410.59,SALE,19-12-2024 13:01:29,S06,20241219
S06/20241219/00018,3,P101258,2,216.42,SALE,19-12-2024 13:01:29,S06,20241219
S06/20241219/00018,4,P105106,1,104.56,SALE,19-12-2024 13:01:29,S06,20241219
S06/20241219/00018,5,TAX,1,250.05,TAX,19-12-2024 13:01:29,S06,20241219
S06/20241219/00018,6,TENDER,1,1718.69,TENDER,19-12-2024 13:01:29,S06,20241219
S06/20241219/00019,1,P107026,2,69.10,SALE,19-12-2024 17:01:17,S06,20241219
S06/20241219/00019,2,P100693,1,107.22,SALE,19-12-2024 17:01:17,S06,20241219
S06/20241219/00019,3,TAX,1,44.18,TAX,19-12-2024 17:01:17,S06,20241219
S06/20241219/00019,4,TENDER,1,289.60,TENDER,19-12-2024 17:01:17,S06,20241219
S06/20241219/00020,1,P104844,1,553.13,SALE,19-12-2024 21:23:24,S06,20241219
S06/20241219/00020,2,P100682,1,337.76,SALE,19-12-2024 21:23:24,S06,20241219
S06/20241219/00020,3,P103575,1,54.47,SALE,19-12-2024 21:23:24,S06,20241219
S06/20241219/00020,4,P105860,1,674.13,SALE,19-12-2024 21:23:24,S06,20241219
S06/20241219/00020,5,TAX,1,104.62,TAX,19-12-2024 21:23:24,S06,20241219
S06/20241219/00020,6,TENDER,1,1724.11,TENDER,19-12-2024 21:23:24,S06,20241219
S06/20241219/00021,1,P104700,2,1425.82,SALE,19-12-2024 16:35:22,S06,20241219
S06/20241219/00021,2,P105136,2,158.61,SALE,19-12-2024 16:35:22,S06,20241219
S06/20241219/00021,3,P107646,1,225.19,SALE,19-12-2024 16:35:22,S06,20241219
S06/20241219/00021,4,P101134,5,1071.76,SALE,19-12-2024 16:35:22,S06,20241219
S06/20241219/00021,5,P102975,4,234.92,SALE,19-12-2024 16:35:22,S06,20241219
S06/20241219/00021,6,P105252,1,12.09,SALE,19-12-2024 16:35:22,S06,20241219
S06/20241219/00021,7,TAX,1,182.58,TAX,19-12-2024 16:35:22,S06,20241219
S06/20241219/00021,8,TENDER,1,9887.20,TENDER,19-12-2024 16:35:22,S06,20241219
S06/20241219/00022,1,P105562,1,422.85,SALE,19-12-2024 12:19:45,S06,20241219
S06/20241219/00022,2,TAX,1,76.11,TAX,19-12-2024 12:19:45,S06,20241219
S06/20241219/00022,3,TENDER,1,498.96,TENDER,19-12-2024 12:19:45,S06,20241219
S06/20241219/00023,1,P102821,1,1314.43,SALE,19-12-2024 20:25:13,S06,20241219
S06/20241219/00023,2,P100210,4,1073.90,SALE,19-12-2024 20:25:13,S06,20241219
S06/20241219/00023,3,P104916,1,340.18,SALE,19-12-2024 20:25:13,S06,20241219
S06/20241219/00023,4,P107063,2,387.93,SALE,19-12-2024 20:25:13,S06,20241219
S06/20241219/00023,5,TAX,1,669.81,TAX,19-12-2024 20:25:13,S06,20241219
S06/20241219/00023,6,TENDER,1,7395.88,TENDER,19-12-2024 20:25:13,S06,20241219
S06/20241219/00024,1,P103337,1,94.03,SALE,19-12-2024 18:01:20,S06,20241219
S06/20241219/00024,2,P101421,2,119.60,SALE,19-12-2024 18:01:20,S06,20241219
S06/20241219/00024,3,P103637,2,338.13,SALE,19-12-2024 18:01:20,S06,20241219
S06/20241219/00024,4,P105636,3,558.71,SALE,19-12-2024 18:01:20,S06,20241219
S06/20241219/00024,5,P101201,1,48.42,SALE,19-12-2024 18:01:20,S06,20241219
S06/20241219/00024,6,P106106,1,219.14,SALE,19-12-2024 18:01:20,S06,20241219
S06/20241219/00024,7,TAX,1,211.35,TAX,19-12-2024 18:01:20,S06,20241219
S06/20241219/00024,8,TENDER,1,3164.53,TENDER,19-12-2024 18:01:20,S06,20241219
S06/20241219/00025,1,P107555,1,1314.43,SALE,19-12-2024 14:18:00,S06,20241219
S06/20241219/00025,2,P103693,3,102.71,SALE,19-12-2024 14:18:00,S06,20241219
S06/20241219/00025,3,P104842,2,352.80,SALE,19-12-2024 14:18:00,S06,20241219
S06/20241219/00025,4,P103496,6,70.71,SALE,19-12-2024 14:18:00,S06,20241219
S06/20241219/00025,5,DISC,1,-223.96,DISCOUNT,19-12-2024 14:18:00,S06,20241219
S06/20241219/00025,6,TAX,1,147.94,TAX,19-12-2024 14:18:00,S06,20241219
S06/20241219/00025,7,TENDER,1,2676.40,TENDER,19-12-2024 14:18:00,S06,20241219
S06/20241219/00026,1,P101062,1,52.38,SALE,19-12-2024 12:09:00,S06,20241219
S06/20241219/00026,2,P102671,1,252.00,SALE,19-12-2024 12:09:00,S06,20241219
S06/20241219/00026,3,P102364,2,104.57,SALE,19-12-2024 12:09:00,S06,20241219
S06/20241219/00026,4,P107952,2,1964.70,SALE,19-12-2024 12:09:00,S06,20241219
S06/20241219/00026,5,TAX,1,85.62,TAX,19-12-2024 12:09:00,S06,20241219
S06/20241219/00026,6,TENDER,1,4528.54,TENDER,19-12-2024 12:09:00,S06,20241219
S06/20241219/00027,1,P101681,2,139.09,SALE,19-12-2024 15:56:07,S06,20241219
S06/20241219/00027,2,P100198,3,162.72,SALE,19-12-2024 15:56:07,S06,20241219
S06/20241219/00027,3,P100850,1,172.84,SALE,19-12-2024 15:56:07,S06,20241219
S06/20241219/00027,4,P103168,2,980.21,SALE,19-12-2024 15:56:07,S06,20241219
S06/20241219/00027,5,TAX,1,313.78,TAX,19-12-2024 15:56:07,S06,20241219
S06/20241219/00027,6,TENDER,1,3213.38,TENDER,19-12-2024 15:56:07,S06,20241219
S06/20241219/00028,1,P102945,1,43.42,SALE,19-12-2024 17:41:19,S06,20241219
S06/20241219/00028,2,P104921,3,425.26,SALE,19-12-2024 17:41:19,S06,20241219
S06/20241219/00028,3,P101037,1,613.83,SALE,19-12-2024 17:41:19,S06,20241219
S06/20241219/00028,4,P102801,3,108.87,SALE,19-12-2024 17:41:19,S06,20241219
S06/20241219/00028,5,TAX,1,406.74,TAX,19-12-2024 17:41:19,S06,20241219
S06/20241219/00028,6,TENDER,1,2666.38,TENDER,19-12-2024 17:41:19,S06,20241219
S06/20241219/00029,1,P103766,1,212.45,SALE,19-12-2024 23:18:02,S06,20241219
S06/20241219/00029,2,P106486,2,1837.06,SALE,19-12-2024 23:18:02,S06,20241219
S06/20241219/00029,3,P107880,2,347.04,SALE,19-12-2024 23:18:02,S06,20241219
S06/20241219/00029,4,P104168,1,512.27,SALE,19-12-2024 23:18:02,S06,20241219
S06/20241219/00029,5,TAX,1,511.83,TAX,19-12-2024 23:18:02,S06,20241219
S06/20241219/00029,6,TENDER,1,5604.75,TENDER,19-12-2024 23:18:02,S06,20241219
S06/20241219/00030,1,P103871,3,220.55,SALE,19-12-2024 17:33:17,S06,20241219
S06/20241219/00030,2,P106611,3,341.44,SALE,19-12-2024 17:33:17,S06,20241219
S06/20241219/00030,3,P107863,3,575.65,SALE,19-12-2024 17:33:17,S06,20241219
S06/20241219/00030,4,P100394,2,320.36,SALE,19-12-2024 17:33:17,S06,20241219
S06/20241219/00030,5,P101332,2,400.98,SALE,19-12-2024 17:33:17,S06,20241219
S06/20241219/00030,6,DISC,1,-555.86,DISCOUNT,19-12-2024 17:33:17,S06,20241219
S06/20241219/00030,7,TAX,1,609.32,TAX,19-12-2024 17:33:17,S06,20241219
S06/20241219/00030,8,TENDER,1,4909.06,TENDER,19-12-2024 17:33:17,S06,20241219
S06/20241219/00031,1,P107292,3,372.98,SALE,19-12-2024 13:58:16,S06,20241219
S06/20241219/00031,2,P106123,2,248.44,SALE,19-12-2024 13:58:16,S06,20241219
S06/20241219/00031,3,P106300,1,425.27,SALE,19-12-2024 13:58:16,S06,20241219
S06/20241219/00031,4,P105575,4,513.17,SALE,19-12-2024 13:58:16,S06,20241219
S06/20241219/00031,5,TAX,1,287.94,TAX,19-12-2024 13:58:16,S06,20241219
S06/20241219/00031,6,TENDER,1,4381.71,TENDER,19-12-2024 13:58:16,S06,20241219
S06/20241219/00032,1,P102375,2,509.34,SALE,19-12-2024 20:46:54,S06,20241219
S06/20241219/00032,2,P101242,1,92.35,SALE,19-12-2024 20:46:54,S06,20241219
S06/20241219/00032,3,P101933,3,1344.63,SALE,19-12-2024 20:46:54,S06,20241219
S06/20241219/00032,4,P107145,3,235.69,SALE,19-12-2024 20:46:54,S06,20241219
S06/20241219/00032,5,P105345,3,335.85,SALE,19-12-2024 20:46:54,S06,20241219
S06/20241219/00032,6,P101779,2,209.76,SALE,19-12-2024 20:46:54,S06,20241219
S06/20241219/00032,7,TAX,1,840.25,TAX,19-12-2024 20:46:54,S06,20241219
S06/20241219/00032,8,TENDER,1,8119.31,TENDER,19-12-2024 20:46:54,S06,20241219
S06/20241219/00033,1,P103999,1,120.61,SALE,19-12-2024 20:54:25,S06,20241219
S06/20241219/00033,2,P102181,2,1615.15,SALE,19-12-2024 20:54:25,S06,20241219
S06/20241219/00033,3,P102166,1,52.54,SALE,19-12-2024 20:54:25,S06,20241219
S06/20241219/00033,4,P106234,2,79.42,SALE,19-12-2024 20:54:25,S06,20241219
S06/20241219/00033,5,P107903,3,22.86,SALE,19-12-2024 20:54:25,S06,20241219
S06/20241219/00033,6,P100250,1,544.91,SALE,19-12-2024 20:54:25,S06,20241219
S06/20241219/00033,7,TAX,1,74.14,TAX,19-12-2024 20:54:25,S06,20241219
S06/20241219/00033,8,TENDER,1,4249.92,TENDER,19-12-2024 20:54:25,S06,20241219
S06/20241219/00034,1,P106553,5,139.74,SALE,19-12-2024 19:47:44,S06,20241219
S06/20241219/00034,2,P103206,7,450.05,SALE,19-12-2024 19:47:44,S06,20241219
S06/20241219/00034,3,P105695,2,158.81,SALE,19-12-2024 19:47:44,S06,20241219
S06/20241219/00034,4,P107667,3,367.93,SALE,19-12-2024 19:47:44,S06,20241219
S06/20241219/00034,5,P101500,1,330.53,SALE,19-12-2024 19:47:44,S06,20241219
S06/20241219/00034,6,TAX,1,841.16,TAX,19-12-2024 19:47:44,S06,20241219
S06/20241219/00034,7,TENDER,1,6442.15,TENDER,19-12-2024 19:47:44,S06,20241219
S06/20241219/00035,1,P105164,2,242.35,SALE,19-12-2024 18:15:31,S06,20241219
S06/20241219/00035,2,P103188,2,30.16,SALE,19-12-2024 18:15:31,S06,20241219
S06/20241219/00035,3,P103294,2,69.64,SALE,19-12-2024 18:15:31,S06,20241219
S06/20241219/00035,4,P100632,3,331.55,SALE,19-12-2024 18:15:31,S06,20241219
S06/20241219/00035,5,P107253,3,249.41,SALE,19-12-2024 18:15:31,S06,20241219
S06/20241219/00035,6,DISC,1,-51.89,DISCOUNT,19-12-2024 18:15:31,S06,20241219
S06/20241219/00035,7,TAX,1,192.65,TAX,19-12-2024 18:15:31,S06,20241219
S06/20241219/00035,8,TENDER,1,2567.94,TENDER,19-12-2024 18:15:31,S06,20241219
S06/20241219/00036,1,P105698,3,194.14,SALE,19-12-2024 17:15:47,S06,20241219
S06/20241219/00036,2,P107178,1,298.69,SALE,19-12-2024 17:15:47,S06,20241219
S06/20241219/00036,3,P103978,2,347.08,SALE,19-12-2024 17:15:47,S06,20241219
S06/20241219/00036,4,P107508,2,1577.69,SALE,19-12-2024 17:15:47,S06,20241219
S06/20241219/00036,5,P105636,3,558.71,SALE,19-12-2024 17:15:47,S06,20241219
S06/20241219/00036,6,P104302,1,1255.97,SALE,19-12-2024 17:15:47,S06,20241219
S06/20241219/00036,7,TAX,1,704.75,TAX,19-12-2024 17:15:47,S06,20241219
S06/20241219/00036,8,TENDER,1,8367.50,TENDER,19-12-2024 17:15:47,S06,20241219
S06/20241219/00037,1,P107208,3,323.06,SALE,19-12-2024 19:10:38,S06,20241219
S06/20241219/00037,2,P105252,2,12.09,SALE,19-12-2024 19:10:38,S06,20241219
S06/20241219/00037,3,P104378,2,95.33,SALE,19-12-2024 19:10:38,S06,20241219
S06/20241219/00037,4,P107775,4,737.39,SALE,19-12-2024 19:10:38,S06,20241219
S06/20241219/00037,5,P102290,2,587.69,SALE,19-12-2024 19:10:38,S06,20241219
S06/20241219/00037,6,P103496,1,70.71,SALE,19-12-2024 19:10:38,S06,20241219
S06/20241219/00037,7,P103054,1,145.96,SALE,19-12-2024 19:10:38,S06,20241219
S06/20241219/00037,8,P106357,1,1078.45,SALE,19-12-2024 19:10:38,S06,20241219
S06/20241219/00037,9,P105035,3,159.58,SALE,19-12-2024 19:10:38,S06,20241219
S06/20241219/00037,10,TAX,1,506.36,TAX,19-12-2024 19:10:38,S06,20241219
S06/20241219/00037,11,TENDER,1,7589.18,TENDER,19-12-2024 19:10:38,S06,20241219
S06/20241219/00038,1,P108300,1,286.59,SALE,19-12-2024 18:06:05,S06,20241219
S06/20241219/00038,2,P107217,3,293.45,SALE,19-12-2024 18:06:05,S06,20241219
S06/20241219/00038,3,P104526,1,363.05,SALE,19-12-2024 18:06:05,S06,20241219
S06/20241219/00038,4,P104435,3,477.09,SALE,19-12-2024 18:06:05,S06,20241219
S06/20241219/00038,5,P105106,1,104.56,SALE,19-12-2024 18:06:05,S06,20241219
S06/20241219/00038,6,P100967,1,969.23,SALE,19-12-2024 18:06:05,S06,20241219
S06/20241219/00038,7,P106501,1,164.07,SALE,19-12-2024 18:06:05,S06,20241219
S06/20241219/00038,8,P100816,2,806.93,SALE,19-12-2024 18:06:05,S06,20241219
S06/20241219/00038,9,P101384,1,42.99,SALE,19-12-2024 18:06:05,S06,20241219
S06/20241219/00038,10,P104089,3,358.58,SALE,19-12-2024 18:06:05,S06,20241219
S06/20241219/00038,11,DISC,1,-395.25,DISCOUNT,19-12-2024 18:06:05,S06,20241219
S06/20241219/00038,12,TAX,1,849.85,TAX,19-12-2024 18:06:05,S06,20241219
S06/20241219/00038,13,TENDER,1,7386.31,TENDER,19-12-2024 18:06:05,S06,20241219
S06/20241219/00039,1,P101710,2,345.87,SALE,19-12-2024 14:23:11,S06,20241219
S06/20241219/00039,2,P106207,2,564.89,SALE,19-12-2024 14:23:11,S06,20241219
S06/20241219/00039,3,TAX,1,286.37,TAX,19-12-2024 14:23:11,S06,20241219
S06/20241219/00039,4,TENDER,1,2107.89,TENDER,19-12-2024 14:23:11,S06,20241219
S06/20241219/00040,1,P106209,3,199.51,SALE,19-12-2024 23:59:52,S06,20241219
S06/20241219/00040,2,P104064,1,326.15,SALE,19-12-2024 23:59:52,S06,20241219
S06/20241219/00040,3,P105345,1,335.85,SALE,19-12-2024 23:59:52,S06,20241219
S06/20241219/00040,4,P101622,3,272.35,SALE,19-12-2024 23:59:52,S06,20241219
S06/20241219/00040,5,P107089,2,208.86,SALE,19-12-2024 23:59:52,S06,20241219
S06/20241219/00040,6,TAX,1,189.49,TAX,19-12-2024 23:59:52,S06,20241219
S06/20241219/00040,7,TENDER,1,2684.79,TENDER,19-12-2024 23:59:52,S06,20241219
S06/20241219/00041,1,P103496,3,70.71,SALE,19-12-2024 17:33:22,S06,20241219
S06/20241219/00041,2,P106353,1,267.43,SALE,19-12-2024 17:33:22,S06,20241219
S06/20241219/00041,3,P101064,2,33.84,SALE,19-12-2024 17:33:22,S06,20241219
S06/20241219/00041,4,P101530,1,576.50,SALE,19-12-2024 17:33:22,S06,20241219
S06/20241219/00041,5,P103871,2,220.55,SALE,19-12-2024 17:33:22,S06,20241219
S06/20241219/00041,6,P108227,1,551.58,SALE,19-12-2024 17:33:22,S06,20241219
S06/20241219/00041,7,TAX,1,224.33,TAX,19-12-2024 17:33:22,S06,20241219
S06/20241219/00041,8,TENDER,1,2340.75,TENDER,19-12-2024 17:33:22,S06,20241219
S06/20241219/00042,1,P104802,1,213.28,SALE,19-12-2024 15:24:01,S06,20241219
S06/20241219/00042,2,P107753,3,73.61,SALE,19-12-2024 15:24:01,S06,20241219
S06/20241219/00042,3,P106501,2,164.07,SALE,19-12-2024 15:24:01,S06,20241219
S06/20241219/00042,4,P105868,2,68.91,SALE,19-12-2024 15:24:01,S06,20241219
S06/20241219/00042,5,P104572,3,182.16,SALE,19-12-2024 15:24:01,S06,20241219
S06/20241219/00042,6,P103719,2,957.52,SALE,19-12-2024 15:24:01,S06,20241219
S06/20241219/00042,7,TAX,1,361.48,TAX,19-12-2024 15:24:01,S06,20241219
S06/20241219/00042,8,TENDER,1,3723.07,TENDER,19-12-2024 15:24:01,S06,20241219
S06/20241219/00043,1,P107581,2,287.09,SALE,19-12-2024 13:23:44,S06,20241219
S06/20241219/00043,2,P106907,4,321.26,SALE,19-12-2024 13:23:44,S06,20241219
S06/20241219/00043,3,P104417,2,332.65,SALE,19-12-2024 13:23:44,S06,20241219
S06/20241219/00043,4,TAX,1,148.74,TAX,19-12-2024 13:23:44,S06,20241219
S06/20241219/00043,5,TENDER,1,2673.26,TENDER,19-12-2024 13:23:44,S06,20241219
S06/20241219/00044,1,P103964,1,134.21,SALE,19-12-2024 14:08:04,S06,20241219
S06/20241219/00044,2,P107520,2,139.81,SALE,19-12-2024 14:08:04,S06,20241219
S06/20241219/00044,3,P101564,2,172.72,SALE,19-12-2024 14:08:04,S06,20241219
S06/20241219/00044,4,P106735,2,320.99,SALE,19-12-2024 14:08:04,S06,20241219
S06/20241219/00044,5,TAX,1,198.43,TAX,19-12-2024 14:08:04,S06,20241219
S06/20241219/00044,6,TENDER,1,1599.68,TENDER,19-12-2024 14:08:04,S06,20241219
S06/20241219/00045,1,P103168,1,980.21,SALE,19-12-2024 12:57:45,S06,20241219
S06/20241219/00045,2,P108101,4,1603.81,SALE,19-12-2024 12:57:45,S06,20241219
S06/20241219/00045,3,P107292,1,372.98,SALE,19-12-2024 12:57:45,S06,20241219
S06/20241219/00045,4,P100627,3,440.29,SALE,19-12-2024 12:57:45,S06,20241219
S06/20241219/00045,5,P102114,2,134.74,SALE,19-12-2024 12:57:45,S06,20241219
S06/20241219/00045,6,TAX,1,1011.73,TAX,19-12-2024 12:57:45,S06,20241219
S06/20241219/00045,7,TENDER,1,10370.51,TENDER,19-12-2024 12:57:45,S06,20241219
S06/20241219/00046,1,P107393,2,469.90,SALE,19-12-2024 22:15:13,S06,20241219
S06/20241219/00046,2,P100066,2,251.22,SALE,19-12-2024 22:15:13,S06,20241219
S06/20241219/00046,3,P103206,3,450.05,SALE,19-12-2024 22:15:13,S06,20241219
S06/20241219/00046,4,DISC,1,-240.76,DISCOUNT,19-12-2024 22:15:13,S06,20241219
S06/20241219/00046,5,TAX,1,407.77,TAX,19-12-2024 22:15:13,S06,20241219
S06/20241219/00046,6,TENDER,1,2959.40,TENDER,19-12-2024 22:15:13,S06,20241219
S06/20241220/00001,1,P107327,3,1138.42,SALE,20-12-2024 19:56:23,S06,20241220
S06/20241220/00001,2,P102184,2,101.58,SALE,20-12-2024 19:56:23,S06,20241220
S06/20241220/00001,3,P101470,2,196.94,SALE,20-12-2024 19:56:23,S06,20241220
S06/20241220/00001,4,P108356,2,234.68,SALE,20-12-2024 19:56:23,S06,20241220
S06/20241220/00001,5,TAX,1,92.89,TAX,20-12-2024 19:56:23,S06,20241220
S06/20241220/00001,6,TENDER,1,4574.55,TENDER,20-12-2024 19:56:23,S06,20241220
S06/20241220/00002,1,P103178,2,21.89,SALE,20-12-2024 15:05:53,S06,20241220
S06/20241220/00002,2,TAX,1,7.88,TAX,20-12-2024 15:05:53,S06,20241220
S06/20241220/00002,3,TENDER,1,51.66,TENDER,20-12-2024 15:05:53,S06,20241220
S06/20241220/00003,1,P105656,4,516.52,SALE,20-12-2024 10:37:46,S06,20241220
S06/20241220/00003,2,P104831,1,1516.75,SALE,20-12-2024 10:37:46,S06,20241220
S06/20241220/00003,3,P102139,4,1710.06,SALE,20-12-2024 10:37:46,S06,20241220
S06/20241220/00003,4,P101585,1,10.45,SALE,20-12-2024 10:37:46,S06,20241220
S06/20241220/00003,5,P104097,1,330.82,SALE,20-12-2024 10:37:46,S06,20241220
S06/20241220/00003,6,P102311,2,308.69,SALE,20-12-2024 10:37:46,S06,20241220
S06/20241220/00003,7,TAX,1,596.47,TAX,20-12-2024 10:37:46,S06,20241220
S06/20241220/00003,8,TENDER,1,11978.19,TENDER,20-12-2024 10:37:46,S06,20241220
S06/20241220/00004,1,P101283,1,263.48,SALE,20-12-2024 14:44:02,S06,20241220
S06/20241220/00004,2,P101626,3,1040.69,SALE,20-12-2024 14:44:02,S06,20241220
S06/20241220/00004,3,DISC,1,-70.18,DISCOUNT,20-12-2024 14:44:02,S06,20241220
S06/20241220/00004,4,TAX,1,413.33,TAX,20-12-2024 14:44:02,S06,20241220
S06/20241220/00004,5,TENDER,1,3728.70,TENDER,20-12-2024 14:44:02,S06,20241220
S06/20241220/00005,1,P108067,1,640.50,SALE,20-12-2024 18:52:32,S06,20241220
S06/20241220/00005,2,P100150,2,280.80,SALE,20-12-2024 18:52:32,S06,20241220
S06/20241220/00005,3,P101419,1,202.93,SALE,20-12-2024 18:52:32,S06,20241220
S06/20241220/00005,4,P100112,2,95.15,SALE,20-12-2024 18:52:32,S06,20241220
S06/20241220/00005,5,P101825,3,194.70,SALE,20-12-2024 18:52:32,S06,20241220
S06/20241220/00005,6,P108272,2,121.99,SALE,20-12-2024 18:52:32,S06,20241220
S06/20241220/00005,7,TAX,1,145.17,TAX,20-12-2024 18:52:32,S06,20241220
S06/20241220/00005,8,TENDER,1,2568.58,TENDER,20-12-2024 18:52:32,S06,20241220
S06/20241220/00006,1,P100682,1,337.76,SALE,20-12-2024 20:32:09,S06,20241220
S06/20241220/00006,2,P101622,3,272.35,SALE,20-12-2024 20:32:09,S06,20241220
S06/20241220/00006,3,P105384,1,315.25,SALE,20-12-2024 20:32:09,S06,20241220
S06/20241220/00006,4,P100940,2,199.52,SALE,20-12-2024 20:32:09,S06,20241220
S06/20241220/00006,5,TAX,1,191.04,TAX,20-12-2024 20:32:09,S06,20241220
S06/20241220/00006,6,TENDER,1,2060.14,TENDER,20-12-2024 20:32:09,S06,20241220
S06/20241220/00007,1,P106330,2,231.43,SALE,20-12-2024 14:38:43,S06,20241220
S06/20241220/00007,2,P105950,2,1356.49,SALE,20-12-2024 14:38:43,S06,20241220
S06/20241220/00007,3,P100665,1,305.11,SALE,20-12-2024 14:38:43,S06,20241220
S06/20241220/00007,4,P106169,1,221.89,SALE,20-12-2024 14:38:43,S06,20241220
S06/20241220/00007,5,P100883,1,723.68,SALE,20-12-2024 14:38:43,S06,20241220
S06/20241220/00007,6,P101298,2,224.87,SALE,20-12-2024 14:38:43,S06,20241220
S06/20241220/00007,7,DISC,1,-521.09,DISCOUNT,20-12-2024 14:38:43,S06,20241220
S06/20241220/00007,8,TAX,1,223.30,TAX,20-12-2024 14:38:43,S06,20241220
S06/20241220/00007,9,TENDER,1,4578.47,TENDER,20-12-2024 14:38:43,S06,20241220
S06/20241220/00008,1,P105042,2,66.53,SALE,20-12-2024 13:33:27,S06,20241220
S06/20241220/00008,2,P106651,1,900.59,SALE,20-12-2024 13:33:27,S06,20241220
S06/20241220/00008,3,P107253,3,249.41,SALE,20-12-2024 13:33:27,S06,20241220
S06/20241220/00008,4,P106297,3,169.05,SALE,20-12-2024 13:33:27,S06,20241220
S06/20241220/00008,5,TAX,1,115.24,TAX,20-12-2024 13:33:27,S06,20241220
S06/20241220/00008,6,TENDER,1,2404.27,TENDER,20-12-2024 13:33:27,S06,20241220
S06/20241220/00009,1,P100074,3,57.78,SALE,20-12-2024 20:12:06,S06,20241220
S06/20241220/00009,2,P101634,3,25.05,SALE,20-12-2024 20:12:06,S06,20241220
S06/20241220/00009,3,P108067,1,640.50,SALE,20-12-2024 20:12:06,S06,20241220
S06/20241220/00009,4,P103743,2,1117.90,SALE,20-12-2024 20:12:06,S06,20241220
S06/20241220/00009,5,P105351,1,109.14,SALE,20-12-2024 20:12:06,S06,20241220
S06/20241220/00009,6,P107996,3,224.54,SALE,20-12-2024 20:12:06,S06,20241220
S06/20241220/00009,7,TAX,1,75.52,TAX,20-12-2024 20:12:06,S06,20241220
S06/20241220/00009,8,TENDER,1,3983.07,TENDER,20-12-2024 20:12:06,S06,20241220
S06/20241220/00010,1,P107253,1,249.41,SALE,20-12-2024 16:44:27,S06,20241220
S06/20241220/00010,2,P102219,1,780.86,SALE,20-12-2024 16:44:27,S06,20241220
S06/20241220/00010,3,P103822,1,594.96,SALE,20-12-2024 16:44:27,S06,20241220
S06/20241220/00010,4,P104401,2,207.51,SALE,20-12-2024 16:44:27,S06,20241220
S06/20241220/00010,5,TAX,1,195.94,TAX,20-12-2024 16:44:27,S06,20241220
S06/20241220/00010,6,TENDER,1,2236.19,TENDER,20-12-2024 16:44:27,S06,20241220
S06/20241220/00011,1,P108046,1,101.85,SALE,20-12-2024 12:52:13,S06,20241220
S06/20241220/00011,2,P101037,4,613.83,SALE,20-12-2024 12:52:13,S06,20241220
S06/20241220/00011,3,P102342,2,107.02,SALE,20-12-2024 12:52:13,S06,20241220
S06/20241220/00011,4,P104533,1,313.53,SALE,20-12-2024 12:52:13,S06,20241220
S06/20241220/00011,5,P103449,2,381.08,SALE,20-12-2024 12:52:13,S06,20241220
S06/20241220/00011,6,P107414,5,565.57,SALE,20-12-2024 12:52:13,S06,20241220
S06/20241220/00011,7,P101156,2,95.07,SALE,20-12-2024 12:52:13,S06,20241220
S06/20241220/00011,8,TAX,1,690.66,TAX,20-12-2024 12:52:13,S06,20241220
S06/20241220/00011,9,TENDER,1,7555.55,TENDER,20-12-2024 12:52:13,S06,20241220
S06/20241220/00012,1,P106486,3,1837.06,SALE,20-12-2024 13:48:45,S06,20241220
S06/20241220/00012,2,P102397,1,355.28,SALE,20-12-2024 13:48:45,S06,20241220
S06/20241220/00012,3,P107686,1,347.22,SALE,20-12-2024 13:48:45,S06,20241220
S06/20241220/00012,4,P104831,2,1516.75,SALE,20-12-2024 13:48:45,S06,20241220
S06/20241220/00012,5,P100816,1,806.93,SALE,20-12-2024 13:48:45,S06,20241220
S06/20241220/00012,6,TAX,1,1227.33,TAX,20-12-2024 13:48:45,S06,20241220
S06/20241220/00012,7,TENDER,1,11281.44,TENDER,20-12-2024 13:48:45,S06,20241220
S06/20241220/00013,1,P106773,2,397.71,SALE,20-12-2024 13:28:29,S06,20241220
S06/20241220/00013,2,P100855,1,345.07,SALE,20-12-2024 13:28:29,S06,20241220
S06/20241220/00013,3,P104756,3,373.50,SALE,20-12-2024 13:28:29,S06,20241220
S06/20241220/00013,4,P106602,1,122.17,SALE,20-12-2024 13:28:29,S06,20241220
S06/20241220/00013,5,P101083,1,349.65,SALE,20-12-2024 13:28:29,S06,20241220
S06/20241220/00013,6,P106997,2,42.42,SALE,20-12-2024 13:28:29,S06,20241220
S06/20241220/00013,7,TAX,1,418.97,TAX,20-12-2024 13:28:29,S06,20241220
S06/20241220/00013,8,TENDER,1,3236.62,TENDER,20-12-2024 13:28:29,S06,20241220
S06/20241220/00014,1,P105965,2,66.08,SALE,20-12-2024 15:43:49,S06,20241220
S06/20241220/00014,2,P104233,1,1271.89,SALE,20-12-2024 15:43:49,S06,20241220
S06/20241220/00014,3,P103922,1,51.00,SALE,20-12-2024 15:43:49,S06,20241220
S06/20241220/00014,4,P104811,1,108.16,SALE,20-12-2024 15:43:49,S06,20241220
S06/20241220/00014,5,P108239,2,256.06,SALE,20-12-2024 15:43:49,S06,20241220
S06/20241220/00014,6,P101010,3,71.39,SALE,20-12-2024 15:43:49,S06,20241220
S06/20241220/00014,7,TAX,1,216.73,TAX,20-12-2024 15:43:49,S06,20241220
S06/20241220/00014,8,TENDER,1,2506.23,TENDER,20-12-2024 15:43:49,S06,20241220
S06/20241220/00015,1,P103487,2,361.14,SALE,20-12-2024 09:59:24,S06,20241220
S06/20241220/00015,2,P105209,1,399.92,SALE,20-12-2024 09:59:24,S06,20241220
S06/20241220/00015,3,P107190,1,223.50,SALE,20-12-2024 09:59:24,S06,20241220
S06/20241220/00015,4,TAX,1,198.89,TAX,20-12-2024 09:59:24,S06,20241220
S06/20241220/00015,5,TENDER,1,1544.59,TENDER,20-12-2024 09:59:24,S06,20241220
S06/20241220/00016,1,P103822,4,594.96,SALE,20-12-2024 16:36:27,S06,20241220
S06/20241220/00016,2,P104008,3,116.02,SALE,20-12-2024 16:36:27,S06,20241220
S06/20241220/00016,3,P102801,4,108.87,SALE,20-12-2024 16:36:27,S06,20241220
S06/20241220/00016,4,TAX,1,524.16,TAX,20-12-2024 16:36:27,S06,20241220
S06/20241220/00016,5,TENDER,1,3687.54,TENDER,20-12-2024 16:36:27,S06,20241220
S06/20241220/00017,1,P105897,2,249.03,SALE,20-12-2024 17:28:23,S06,20241220
S06/20241220/00017,2,P105145,2,763.65,SALE,20-12-2024 17:28:23,S06,20241220
S06/20241220/00017,3,P100883,2,723.68,SALE,20-12-2024 17:28:23,S06,20241220
S06/20241220/00017,4,P101048,2,219.90,SALE,20-12-2024 17:28:23,S06,20241220
S06/20241220/00017,5,P102735,2,534.08,SALE,20-12-2024 17:28:23,S06,20241220
S06/20241220/00017,6,P106382,2,81.60,SALE,20-12-2024 17:28:23,S06,20241220
S06/20241220/00017,7,DISC,1,-609.84,DISCOUNT,20-12-2024 17:28:23,S06,20241220
S06/20241220/00017,8,TAX,1,305.33,TAX,20-12-2024 17:28:23,S06,20241220
S06/20241220/00017,9,TENDER,1,4839.37,TENDER,20-12-2024 17:28:23,S06,20241220
S06/20241220/00018,1,P104980,2,92.75,SALE,20-12-2024 13:30:50,S06,20241220
S06/20241220/00018,2,P104933,4,560.59,SALE,20-12-2024 13:30:50,S06,20241220
S06/20241220/00018,3,P107047,1,413.27,SALE,20-12-2024 13:30:50,S06,20241220
S06/20241220/00018,4,P106391,3,795.61,SALE,20-12-2024 13:30:50,S06,20241220
S06/20241220/00018,5,P100722,1,330.17,SALE,20-12-2024 13:30:50,S06,20241220
S06/20241220/00018,6,TAX,1,581.83,TAX,20-12-2024 13:30:50,S06,20241220
S06/20241220/00018,7,TENDER,1,6139.96,TENDER,20-12-2024 13:30:50,S06,20241220
S06/20241220/00019,1,P106577,2,52.98,SALE,20-12-2024 22:43:50,S06,20241220
S06/20241220/00019,2,P107925,4,992.11,SALE,20-12-2024 22:43:50,S06,20241220
S06/20241220/00019,3,P104820,3,207.26,SALE,20-12-2024 22:43:50,S06,20241220
S06/20241220/00019,4,DISC,1,-327.41,DISCOUNT,20-12-2024 22:43:50,S06,20241220
S06/20241220/00019,5,TAX,1,293.63,TAX,20-12-2024 22:43:50,S06,20241220
S06/20241220/00019,6,TENDER,1,4662.40,TENDER,20-12-2024 22:43:50,S06,20241220
S06/20241220/00020,1,P107190,2,223.50,SALE,20-12-2024 10:36:24,S06,20241220
S06/20241220/00020,2,TAX,1,80.46,TAX,20-12-2024 10:36:24,S06,20241220
S06/20241220/00020,3,TENDER,1,527.46,TENDER,20-12-2024 10:36:24,S06,20241220
S06/20241220/00021,1,P103563,1,26.76,SALE,20-12-2024 13:48:04,S06,20241220
S06/20241220/00021,2,P100140,1,63.86,SALE,20-12-2024 13:48:04,S06,20241220
S06/20241220/00021,3,P106080,1,397.17,SALE,20-12-2024 13:48:04,S06,20241220
S06/20241220/00021,4,P101779,2,209.76,SALE,20-12-2024 13:48:04,S06,20241220
S06/20241220/00021,5,P104617,3,107.09,SALE,20-12-2024 13:48:04,S06,20241220
S06/20241220/00021,6,TAX,1,142.78,TAX,20-12-2024 13:48:04,S06,20241220
S06/20241220/00021,7,TENDER,1,1371.36,TENDER,20-12-2024 13:48:04,S06,20241220
S06/20241220/00022,1,P103946,3,338.64,SALE,20-12-2024 14:18:24,S06,20241220
S06/20241220/00022,2,P105307,1,818.25,SALE,20-12-2024 14:18:24,S06,20241220
S06/20241220/00022,3,P101520,4,187.47,SALE,20-12-2024 14:18:24,S06,20241220
S06/20241220/00022,4,P100933,4,276.15,SALE,20-12-2024 14:18:24,S06,20241220
S06/20241220/00022,5,P101410,1,958.72,SALE,20-12-2024 14:18:24,S06,20241220
S06/20241220/00022,6,P101184,1,64.09,SALE,20-12-2024 14:18:24,S06,20241220
S06/20241220/00022,7,P100221,3,139.88,SALE,20-12-2024 14:18:24,S06,20241220
S06/20241220/00022,8,TAX,1,450.33,TAX,20-12-2024 14:18:24,S06,20241220
S06/20241220/00022,9,TENDER,1,5581.43,TENDER,20-12-2024 14:18:24,S06,20241220
S06/20241220/00023,1,P102566,1,414.37,SALE,20-12-2024 14:24:17,S06,20241220
S06/20241220/00023,2,P101876,1,68.16,SALE,20-12-2024 14:24:17,S06,20241220
S06/20241220/00023,3,P106911,1,232.77,SALE,20-12-2024 14:24:17,S06,20241220
S06/20241220/00023,4,P100703,2,171.10,SALE,20-12-2024 14:24:17,S06,20241220
S06/20241220/00023,5,P106686,1,343.95,SALE,20-12-2024 14:24:17,S06,20241220
S06/20241220/00023,6,TAX,1,82.39,TAX,20-12-2024 14:24:17,S06,20241220
S06/20241220/00023,7,TENDER,1,1483.84,TENDER,20-12-2024 14:24:17,S06,20241220
S06/20241220/00024,1,P106900,1,179.85,SALE,20-12-2024 11:29:59,S06,20241220
S06/20241220/00024,2,P108159,3,488.81,SALE,20-12-2024 11:29:59,S06,20241220
S06/20241220/00024,3,P101052,2,212.18,SALE,20-12-2024 11:29:59,S06,20241220
S06/20241220/00024,4,P100131,1,667.83,SALE,20-12-2024 11:29:59,S06,20241220
S06/20241220/00024,5,P107654,5,409.57,SALE,20-12-2024 11:29:59,S06,20241220
S06/20241220/00024,6,P105062,2,14.84,SALE,20-12-2024 11:29:59,S06,20241220
S06/20241220/00024,7,P100985,1,327.15,SALE,20-12-2024 11:29:59,S06,20241220
S06/20241220/00024,8,TAX,1,475.49,TAX,20-12-2024 11:29:59,S06,20241220
S06/20241220/00024,9,TENDER,1,5618.64,TENDER,20-12-2024 11:29:59,S06,20241220
S06/20241220/00025,1,P104921,1,425.26,SALE,20-12-2024 13:05:32,S06,20241220
S06/20241220/00025,2,P101127,1,51.94,SALE,20-12-2024 13:05:32,S06,20241220
S06/20241220/00025,3,P103559,1,370.21,SALE,20-12-2024 13:05:32,S06,20241220
S06/20241220/00025,4,TAX,1,95.06,TAX,20-12-2024 13:05:32,S06,20241220
S06/20241220/00025,5,TENDER,1,942.47,TENDER,20-12-2024 13:05:32,S06,20241220
S06/20241220/00026,1,P107472,3,68.49,SALE,21-12-2024 00:25:05,S06,20241220
S06/20241220/00026,2,P106984,4,28.34,SALE,21-12-2024 00:25:05,S06,20241220
S06/20241220/00026,3,P101208,4,593.86,SALE,21-12-2024 00:25:05,S06,20241220
S06/20241220/00026,4,P108186,2,324.50,SALE,21-12-2024 00:25:05,S06,20241220
S06/20241220/00026,5,P100367,1,537.90,SALE,21-12-2024 00:25:05,S06,20241220
S06/20241220/00026,6,P100999,1,171.06,SALE,21-12-2024 00:25:05,S06,20241220
S06/20241220/00026,7,P100140,2,58.05,SALE,21-12-2024 00:25:05,S06,20241220
S06/20241220/00026,8,TAX,1,211.54,TAX,21-12-2024 00:25:05,S06,20241220
S06/20241220/00026,9,TENDER,1,4379.87,TENDER,21-12-2024 00:25:05,S06,20241220
S06/20241220/00027,1,P106686,2,324.48,SALE,20-12-2024 10:34:45,S06,20241220
S06/20241220/00027,2,P103896,3,203.30,SALE,20-12-2024 10:34:45,S06,20241220
S06/20241220/00027,3,P107053,2,457.07,SALE,20-12-2024 10:34:45,S06,20241220
S06/20241220/00027,4,TAX,1,187.94,TAX,20-12-2024 10:34:45,S06,20241220
S06/20241220/00027,5,TENDER,1,2360.94,TENDER,20-12-2024 10:34:45,S06,20241220
S06/20241220/00028,1,P105272,4,351.65,SALE,20-12-2024 18:33:49,S06,20241220
S06/20241220/00028,2,P106807,4,322.15,SALE,20-12-2024 18:33:49,S06,20241220
S06/20241220/00028,3,P100456,1,982.47,SALE,20-12-2024 18:33:49,S06,20241220
S06/20241220/00028,4,P102682,4,95.00,SALE,20-12-2024 18:33:49,S06,20241220
S06/20241220/00028,5,P104756,1,373.50,SALE,20-12-2024 18:33:49,S06,20241220
S06/20241220/00028,6,TAX,1,513.68,TAX,20-12-2024 18:33:49,S06,20241220
S06/20241220/00028,7,TENDER,1,4944.85,TENDER,20-12-2024 18:33:49,S06,20241220
S06/20241220/00029,1,P100711,1,96.17,SALE,20-12-2024 11:58:21,S06,20241220
S06/20241220/00029,2,P103111,2,40.41,SALE,20-12-2024 11:58:21,S06,20241220
S06/20241220/00029,3,P102640,3,270.61,SALE,20-12-2024 11:58:21,S06,20241220
S06/20241220/00029,4,P100406,2,435.20,SALE,20-12-2024 11:58:21,S06,20241220
S06/20241220/00029,5,TAX,1,211.00,TAX,20-12-2024 11:58:21,S06,20241220
S06/20241220/00029,6,TENDER,1,2070.22,TENDER,20-12-2024 11:58:21,S06,20241220
S06/20241220/00030,1,P100736,1,700.87,SALE,20-12-2024 16:57:50,S06,20241220
S06/20241220/00030,2,P104181,1,298.55,SALE,20-12-2024 16:57:50,S06,20241220
S06/20241220/00030,3,P104606,3,98.45,SALE,20-12-2024 16:57:50,S06,20241220
S06/20241220/00030,4,P104023,1,630.48,SALE,20-12-2024 16:57:50,S06,20241220
S06/20241220/00030,5,P101894,2,668.48,SALE,20-12-2024 16:57:50,S06,20241220
S06/20241220/00030,6,TAX,1,347.33,TAX,20-12-2024 16:57:50,S06,20241220
S06/20241220/00030,7,TENDER,1,3609.54,TENDER,20-12-2024 16:57:50,S06,20241220
S06/20241220/00031,1,P103413,6,1352.06,SALE,20-12-2024 09:49:20,S06,20241220
S06/20241220/00031,2,P108060,2,217.09,SALE,20-12-2024 09:49:20,S06,20241220
S06/20241220/00031,3,P106599,1,245.11,SALE,20-12-2024 09:49:20,S06,20241220
S06/20241220/00031,4,DISC,1,-863.60,DISCOUNT,20-12-2024 09:49:20,S06,20241220
S06/20241220/00031,5,TAX,1,447.30,TAX,20-12-2024 09:49:20,S06,20241220
S06/20241220/00031,6,TENDER,1,8375.35,TENDER,20-12-2024 09:49:20,S06,20241220
S06/20241220/00032,1,P105139,1,119.64,SALE,20-12-2024 22:28:32,S06,20241220
S06/20241220/00032,2,P104187,4,92.17,SALE,20-12-2024 22:28:32,S06,20241220
S06/20241220/00032,3,P104181,1,298.55,SALE,20-12-2024 22:28:32,S06,20241220
S06/20241220/00032,4,P101225,3,452.38,SALE,20-12-2024 22:28:32,S06,20241220
S06/20241220/00032,5,P104747,1,342.93,SALE,20-12-2024 22:28:32,S06,20241220
S06/20241220/00032,6,P101690,1,1044.81,SALE,20-12-2024 22:28:32,S06,20241220
S06/20241220/00032,7,P103124,1,523.92,SALE,20-12-2024 22:28:32,S06,20241220
S06/20241220/00032,8,TAX,1,419.17,TAX,20-12-2024 22:28:32,S06,20241220
S06/20241220/00032,9,TENDER,1,4474.84,TENDER,20-12-2024 22:28:32,S06,20241220
S06/20241220/00033,1,P106288,-1,48.38,RETURN,20-12-2024 23:24:48,S06,20241220
S06/20241220/00033,2,P105740,-3,103.24,RETURN,20-12-2024 23:24:48,S06,20241220
S06/20241220/00033,3,P103577,-3,100.44,RETURN,20-12-2024 23:24:48,S06,20241220
S06/20241220/00033,4,P105440,-2,107.89,RETURN,20-12-2024 23:24:48,S06,20241220
S06/20241220/00033,5,P105069,-3,168.30,RETURN,20-12-2024 23:24:48,S06,20241220
S06/20241220/00033,6,P104308,-1,53.24,RETURN,20-12-2024 23:24:48,S06,20241220
S06/20241220/00033,7,TAX,1,-205.58,TAX,20-12-2024 23:24:48,S06,20241220
S06/20241220/00033,8,TENDER,1,-1638.92,TENDER,20-12-2024 23:24:48,S06,20241220
S06/20241220/00034,1,P107646,1,225.19,SALE,20-12-2024 17:12:38,S06,20241220
S06/20241220/00034,2,P105302,2,281.37,SALE,20-12-2024 17:12:38,S06,20241220
S06/20241220/00034,3,P105747,3,287.56,SALE,20-12-2024 17:12:38,S06,20241220
S06/20241220/00034,4,P106599,3,245.11,SALE,20-12-2024 17:12:38,S06,20241220
S06/20241220/00034,5,P101090,1,24.06,SALE,20-12-2024 17:12:38,S06,20241220
S06/20241220/00034,6,P102471,1,151.71,SALE,20-12-2024 17:12:38,S06,20241220
S06/20241220/00034,7,TAX,1,263.08,TAX,20-12-2024 17:12:38,S06,20241220
S06/20241220/00034,8,TENDER,1,2824.79,TENDER,20-12-2024 17:12:38,S06,20241220
S06/20241220/00035,1,P105288,2,271.73,SALE,20-12-2024 18:26:14,S06,20241220
S06/20241220/00035,2,P105775,2,104.41,SALE,20-12-2024 18:26:14,S06,20241220
S06/20241220/00035,3,P104676,3,87.52,SALE,20-12-2024 18:26:14,S06,20241220
S06/20241220/00035,4,P102067,2,181.50,SALE,20-12-2024 18:26:14,S06,20241220
S06/20241220/00035,5,P106353,2,267.43,SALE,20-12-2024 18:26:14,S06,20241220
S06/20241220/00035,6,P107446,1,593.14,SALE,20-12-2024 18:26:14,S06,20241220
S06/20241220/00035,7,P103188,3,30.16,SALE,20-12-2024 18:26:14,S06,20241220
S06/20241220/00035,8,TAX,1,284.74,TAX,20-12-2024 18:26:14,S06,20241220
S06/20241220/00035,9,TENDER,1,2881.06,TENDER,20-12-2024 18:26:14,S06,20241220
S06/20241220/00036,1,P101272,2,96.70,SALE,20-12-2024 19:17:38,S06,20241220
S06/20241220/00036,2,P104938,1,999.94,SALE,20-12-2024 19:17:38,S06,20241220
S06/20241220/00036,3,TAX,1,129.66,TAX,20-12-2024 19:17:38,S06,20241220
S06/20241220/00036,4,TENDER,1,1323.00,TENDER,20-12-2024 19:17:38,S06,20241220
S06/20241220/00037,1,P100339,2,299.99,SALE,20-12-2024 14:38:15,S06,20241220
S06/20241220/00037,2,P107705,2,763.24,SALE,20-12-2024 14:38:15,S06,20241220
S06/20241220/00037,3,P105201,2,365.02,SALE,20-12-2024 14:38:15,S06,20241220
S06/20241220/00037,4,TAX,1,327.68,TAX,20-12-2024 14:38:15,S06,20241220
S06/20241220/00037,5,TENDER,1,3184.18,TENDER,20-12-2024 14:38:15,S06,20241220
S06/20241220/00038,1,P101762,1,528.36,SALE,20-12-2024 17:42:09,S06,20241220
S06/20241220/00038,2,P105136,1,158.61,SALE,20-12-2024 17:42:09,S06,20241220
S06/20241220/00038,3,P103234,3,128.39,SALE,20-12-2024 17:42:09,S06,20241220
S06/20241220/00038,4,P107495,3,448.19,SALE,20-12-2024 17:42:09,S06,20241220
S06/20241220/00038,5,P104992,2,979.87,SALE,20-12-2024 17:42:09,S06,20241220
S06/20241220/00038,6,P103062,3,173.63,SALE,20-12-2024 17:42:09,S06,20241220
S06/20241220/00038,7,TAX,1,320.13,TAX,20-12-2024 17:42:09,S06,20241220
S06/20241220/00038,8,TENDER,1,5217.47,TENDER,20-12-2024 17:42:09,S06,20241220
S06/20241220/00039,1,P104688,1,178.09,SALE,20-12-2024 19:33:15,S06,20241220
S06/20241220/00039,2,P101796,2,990.67,SALE,20-12-2024 19:33:15,S06,20241220
S06/20241220/00039,3,P105236,2,552.60,SALE,20-12-2024 19:33:15,S06,20241220
S06/20241220/00039,4,P107686,1,347.22,SALE,20-12-2024 19:33:15,S06,20241220
S06/20241220/00039,5,P100362,2,282.80,SALE,20-12-2024 19:33:15,S06,20241220
S06/20241220/00039,6,TAX,1,303.10,TAX,20-12-2024 19:33:15,S06,20241220
S06/20241220/00039,7,TENDER,1,4480.55,TENDER,20-12-2024 19:33:15,S06,20241220
S06/20241220/00040,1,P105944,3,985.47,SALE,20-12-2024 08:06:46,S06,20241220
S06/20241220/00040,2,P100019,1,74.65,SALE,20-12-2024 08:06:46,S06,20241220
S06/20241220/00040,3,P102849,4,682.39,SALE,20-12-2024 08:06:46,S06,20241220
S06/20241220/00040,4,P101339,1,230.61,SALE,20-12-2024 08:06:46,S06,20241220
S06/20241220/00040,5,P101321,2,22.78,SALE,20-12-2024 08:06:46,S06,20241220
S06/20241220/00040,6,TAX,1,715.48,TAX,20-12-2024 08:06:46,S06,20241220
S06/20241220/00040,7,TENDER,1,6752.27,TENDER,20-12-2024 08:06:46,S06,20241220
S06/20241220/00041,1,P103234,3,128.39,SALE,20-12-2024 10:03:03,S06,20241220
S06/20241220/00041,2,P104802,3,213.28,SALE,20-12-2024 10:03:03,S06,20241220
S06/20241220/00041,3,P107903,1,22.86,SALE,20-12-2024 10:03:03,S06,20241220
S06/20241220/00041,4,P100767,3,277.22,SALE,20-12-2024 10:03:03,S06,20241220
S06/20241220/00041,5,P102903,2,51.46,SALE,20-12-2024 10:03:03,S06,20241220
S06/20241220/00041,6,P107115,1,172.62,SALE,20-12-2024 10:03:03,S06,20241220
S06/20241220/00041,7,TAX,1,315.57,TAX,20-12-2024 10:03:03,S06,20241220
S06/20241220/00041,8,TENDER,1,2470.64,TENDER,20-12-2024 10:03:03,S06,20241220
S06/20241220/00042,1,P108313,3,455.94,SALE,20-12-2024 20:54:19,S06,20241220
S06/20241220/00042,2,P107925,1,992.11,SALE,20-12-2024 20:54:19,S06,20241220
S06/20241220/00042,3,P104992,2,979.87,SALE,20-12-2024 20:54:19,S06,20241220
S06/20241220/00042,4,P105651,3,108.83,SALE,20-12-2024 20:54:19,S06,20241220
S06/20241220/00042,5,P104670,3,108.77,SALE,20-12-2024 20:54:19,S06,20241220
S06/20241220/00042,6,P107047,2,413.27,SALE,20-12-2024 20:54:19,S06,20241220
S06/20241220/00042,7,P106004,3,137.38,SALE,20-12-2024 20:54:19,S06,20241220
S06/20241220/00042,8,DISC,1,-601.12,DISCOUNT,20-12-2024 20:54:19,S06,20241220
S06/20241220/00042,9,TAX,1,407.39,TAX,20-12-2024 20:54:19,S06,20241220
S06/20241220/00042,10,TENDER,1,6017.42,TENDER,20-12-2024 20:54:19,S06,20241220
S06/20241220/00043,1,P106151,3,298.42,SALE,20-12-2024 17:01:59,S06,20241220
S06/20241220/00043,2,P101955,2,364.45,SALE,20-12-2024 17:01:59,S06,20241220
S06/20241220/00043,3,P102122,2,138.84,SALE,20-12-2024 17:01:59,S06,20241220
S06/20241220/00043,4,TAX,1,288.62,TAX,20-12-2024 17:01:59,S06,20241220
S06/20241220/00043,5,TENDER,1,2190.46,TENDER,20-12-2024 17:01:59,S06,20241220
S06/20241220/00044,1,P105624,2,380.06,SALE,20-12-2024 18:00:21,S06,20241220
S06/20241220/00044,2,P104121,3,131.32,SALE,20-12-2024 18:00:21,S06,20241220
S06/20241220/00044,3,P107449,2,1495.62,SALE,20-12-2024 18:00:21,S06,20241220
S06/20241220/00044,4,P103833,3,1136.81,SALE,20-12-2024 18:00:21,S06,20241220
S06/20241220/00044,5,P103262,3,54.76,SALE,20-12-2024 18:00:21,S06,20241220
S06/20241220/00044,6,P102585,1,516.36,SALE,20-12-2024 18:00:21,S06,20241220
S06/20241220/00044,7,P107667,3,367.93,SALE,20-12-2024 18:00:21,S06,20241220
S06/20241220/00044,8,P105789,3,42.75,SALE,20-12-2024 18:00:21,S06,20241220
S06/20241220/00044,9,DISC,1,-475.45,DISCOUNT,20-12-2024 18:00:21,S06,20241220
S06/20241220/00044,10,TAX,1,786.39,TAX,20-12-2024 18:00:21,S06,20241220
S06/20241220/00044,11,TENDER,1,9779.37,TENDER,20-12-2024 18:00:21,S06,20241220
S06/20241220/00045,1,P106955,2,204.37,SALE,20-12-2024 11:40:28,S06,20241220
S06/20241220/00045,2,P103575,1,54.47,SALE,20-12-2024 11:40:28,S06,20241220
S06/20241220/00045,3,P106624,1,98.44,SALE,20-12-2024 11:40:28,S06,20241220
S06/20241220/00045,4,P102193,3,343.13,SALE,20-12-2024 11:40:28,S06,20241220
S06/20241220/00045,5,P103855,2,322.11,SALE,20-12-2024 11:40:28,S06,20241220
S06/20241220/00045,6,P102945,1,43.42,SALE,20-12-2024 11:40:28,S06,20241220
S06/20241220/00045,7,P105980,2,288.70,SALE,20-12-2024 11:40:28,S06,20241220
S06/20241220/00045,8,TAX,1,401.51,TAX,20-12-2024 11:40:28,S06,20241220
S06/20241220/00045,9,TENDER,1,3257.59,TENDER,20-12-2024 11:40:28,S06,20241220
S06/20241220/00046,1,P100803,4,278.56,SALE,20-12-2024 08:53:01,S06,20241220
S06/20241220/00046,2,P105209,1,399.92,SALE,20-12-2024 08:53:01,S06,20241220
S06/20241220/00046,3,P104181,3,298.55,SALE,20-12-2024 08:53:01,S06,20241220
S06/20241220/00046,4,P101904,3,607.91,SALE,20-12-2024 08:53:01,S06,20241220
S06/20241220/00046,5,TAX,1,563.45,TAX,20-12-2024 08:53:01,S06,20241220
S06/20241220/00046,6,TENDER,1,4796.99,TENDER,20-12-2024 08:53:01,S06,20241220
S06/20241220/00047,1,P106151,1,298.42,SALE,20-12-2024 20:08:05,S06,20241220
S06/20241220/00047,2,P105789,3,42.75,SALE,20-12-2024 20:08:05,S06,20241220
S06/20241220/00047,3,P100406,4,435.20,SALE,20-12-2024 20:08:05,S06,20241220
S06/20241220/00047,4,P101810,1,793.98,SALE,20-12-2024 20:08:05,S06,20241220
S06/20241220/00047,5,P106920,1,1398.34,SALE,20-12-2024 20:08:05,S06,20241220
S06/20241220/00047,6,TAX,1,241.21,TAX,20-12-2024 20:08:05,S06,20241220
S06/20241220/00047,7,TENDER,1,4601.00,TENDER,20-12-2024 20:08:05,S06,20241220
S06/20241220/00048,1,P103999,1,120.61,SALE,20-12-2024 12:52:11,S06,20241220
S06/20241220/00048,2,P108026,2,103.54,SALE,20-12-2024 12:52:11,S06,20241220
S06/20241220/00048,3,P107414,2,565.57,SALE,20-12-2024 12:52:11,S06,20241220
S06/20241220/00048,4,P101925,3,186.54,SALE,20-12-2024 12:52:11,S06,20241220
S06/20241220/00048,5,P107446,3,593.14,SALE,20-12-2024 12:52:11,S06,20241220
S06/20241220/00048,6,P100140,2,58.05,SALE,20-12-2024 12:52:11,S06,20241220
S06/20241220/00048,7,P105827,3,124.38,SALE,20-12-2024 12:52:11,S06,20241220
S06/20241220/00048,8,TAX,1,560.44,TAX,20-12-2024 12:52:11,S06,20241220
S06/20241220/00048,9,TENDER,1,4847.55,TENDER,20-12-2024 12:52:11,S06,20241220
S06/20241220/00049,1,P106891,2,642.78,SALE,20-12-2024 19:07:50,S06,20241220
S06/20241220/00049,2,P100999,1,171.06,SALE,20-12-2024 19:07:50,S06,20241220
S06/20241220/00049,3,TAX,1,64.28,TAX,20-12-2024 19:07:50,S06,20241220
S06/20241220/00049,4,TENDER,1,1520.90,TENDER,20-12-2024 19:07:50,S06,20241220
S06/20241220/00050,1,P102609,2,183.47,SALE,20-12-2024 14:55:46,S06,20241220
S06/20241220/00050,2,P107446,2,593.14,SALE,20-12-2024 14:55:46,S06,20241220
S06/20241220/00050,3,P100582,4,170.67,SALE,20-12-2024 14:55:46,S06,20241220
S06/20241220/00050,4,TAX,1,380.45,TAX,20-12-2024 14:55:46,S06,20241220
S06/20241220/00050,5,TENDER,1,2616.35,TENDER,20-12-2024 14:55:46,S06,20241220
S06/20241220/00051,1,P103654,1,481.76,SALE,20-12-2024 19:44:33,S06,20241220
S06/20241220/00051,2,P104427,4,506.64,SALE,20-12-2024 19:44:33,S06,20241220
S06/20241220/00051,3,TAX,1,388.87,TAX,20-12-2024 19:44:33,S06,20241220
S06/20241220/00051,4,TENDER,1,2897.19,TENDER,20-12-2024 19:44:33,S06,20241220
S06/20241220/00052,1,P104637,3,353.99,SALE,20-12-2024 19:10:49,S06,20241220
S06/20241220/00052,2,P102531,1,160.54,SALE,20-12-2024 19:10:49,S06,20241220
S06/20241220/00052,3,P104567,1,141.21,SALE,20-12-2024 19:10:49,S06,20241220
S06/20241220/00052,4,P101813,3,273.64,SALE,20-12-2024 19:10:49,S06,20241220
S06/20241220/00052,5,P101779,2,209.76,SALE,20-12-2024 19:10:49,S06,20241220
S06/20241220/00052,6,P104541,2,149.08,SALE,20-12-2024 19:10:49,S06,20241220
S06/20241220/00052,7,TAX,1,199.53,TAX,20-12-2024 19:10:49,S06,20241220
S06/20241220/00052,8,TENDER,1,3101.85,TENDER,20-12-2024 19:10:49,S06,20241220
S06/20241220/00053,1,P104469,2,1631.11,SALE,20-12-2024 19:48:56,S06,20241220
S06/20241220/00053,2,TAX,1,391.47,TAX,20-12-2024 19:48:56,S06,20241220
S06/20241220/00053,3,TENDER,1,3653.69,TENDER,20-12-2024 19:48:56,S06,20241220
S06/20241220/00054,1,P102566,1,414.37,SALE,20-12-2024 20:52:24,S06,20241220
S06/20241220/00054,2,P101152,2,490.05,SALE,20-12-2024 20:52:24,S06,20241220
S06/20241220/00054,3,P106773,3,397.71,SALE,20-12-2024 20:52:24,S06,20241220
S06/20241220/00054,4,TAX,1,411.90,TAX,20-12-2024 20:52:24,S06,20241220
S06/20241220/00054,5,TENDER,1,2999.50,TENDER,20-12-2024 20:52:24,S06,20241220
S06/20241220/00055,1,P106602,2,122.17,SALE,20-12-2024 20:51:49,S06,20241220
S06/20241220/00055,2,P101174,2,57.43,SALE,20-12-2024 20:51:49,S06,20241220
S06/20241220/00055,3,P103978,2,347.08,SALE,20-12-2024 20:51:49,S06,20241220
S06/20241220/00055,4,TAX,1,52.67,TAX,20-12-2024 20:51:49,S06,20241220
S06/20241220/00055,5,TENDER,1,1106.03,TENDER,20-12-2024 20:51:49,S06,20241220
S06/20241221/00001,1,P100198,2,162.72,SALE,21-12-2024 18:32:50,S06,20241221
S06/20241221/00001,2,P106158,1,507.58,SALE,21-12-2024 18:32:50,S06,20241221
S06/20241221/00001,3,P104277,2,128.39,SALE,21-12-2024 18:32:50,S06,20241221
S06/20241221/00001,4,P101827,2,155.74,SALE,21-12-2024 18:32:50,S06,20241221
S06/20241221/00001,5,TAX,1,88.04,TAX,21-12-2024 18:32:50,S06,20241221
S06/20241221/00001,6,TENDER,1,1489.32,TENDER,21-12-2024 18:32:50,S06,20241221
S06/20241221/00002,1,P104285,2,683.70,SALE,21-12-2024 17:39:15,S06,20241221
S06/20241221/00002,2,P107208,5,323.06,SALE,21-12-2024 17:39:15,S06,20241221
S06/20241221/00002,3,P105083,2,245.38,SALE,21-12-2024 17:39:15,S06,20241221
S06/20241221/00002,4,P104842,3,352.80,SALE,21-12-2024 17:39:15,S06,20241221
S06/20241221/00002,5,P105030,2,224.07,SALE,21-12-2024 17:39:15,S06,20241221
S06/20241221/00002,6,TAX,1,445.15,TAX,21-12-2024 17:39:15,S06,20241221
S06/20241221/00002,7,TENDER,1,5425.15,TENDER,21-12-2024 17:39:15,S06,20241221
S06/20241221/00003,1,P104718,2,364.54,SALE,21-12-2024 12:05:54,S06,20241221
S06/20241221/00003,2,P100999,2,171.06,SALE,21-12-2024 12:05:54,S06,20241221
S06/20241221/00003,3,P108144,1,253.94,SALE,21-12-2024 12:05:54,S06,20241221
S06/20241221/00003,4,P100536,1,471.52,SALE,21-12-2024 12:05:54,S06,20241221
S06/20241221/00003,5,P107056,2,341.76,SALE,21-12-2024 12:05:54,S06,20241221
S06/20241221/00003,6,P101152,2,490.05,SALE,21-12-2024 12:05:54,S06,20241221
S06/20241221/00003,7,P107508,1,1577.69,SALE,21-12-2024 12:05:54,S06,20241221
S06/20241221/00003,8,DISC,1,-288.77,DISCOUNT,21-12-2024 12:05:54,S06,20241221
S06/20241221/00003,9,TAX,1,651.97,TAX,21-12-2024 12:05:54,S06,20241221
S06/20241221/00003,10,TENDER,1,5401.17,TENDER,21-12-2024 12:05:54,S06,20241221
S06/20241221/00004,1,P105672,1,69.48,SALE,21-12-2024 13:35:17,S06,20241221
S06/20241221/00004,2,P102432,2,895.86,SALE,21-12-2024 13:35:17,S06,20241221
S06/20241221/00004,3,P102042,2,151.18,SALE,21-12-2024 13:35:17,S06,20241221
S06/20241221/00004,4,P105507,1,22.07,SALE,21-12-2024 13:35:17,S06,20241221
S06/20241221/00004,5,P105614,4,652.27,SALE,21-12-2024 13:35:17,S06,20241221
S06/20241221/00004,6,P103530,2,427.69,SALE,21-12-2024 13:35:17,S06,20241221
S06/20241221/00004,7,P105377,1,275.11,SALE,21-12-2024 13:35:17,S06,20241221
S06/20241221/00004,8,TAX,1,907.91,TAX,21-12-2024 13:35:17,S06,20241221
S06/20241221/00004,9,TENDER,1,6833.11,TENDER,21-12-2024 13:35:17,S06,20241221
S06/20241221/00005,1,P103563,2,26.76,SALE,21-12-2024 13:17:46,S06,20241221
S06/20241221/00005,2,P101681,3,139.09,SALE,21-12-2024 13:17:46,S06,20241221
S06/20241221/00005,3,P107100,1,200.76,SALE,21-12-2024 13:17:46,S06,20241221
S06/20241221/00005,4,TAX,1,83.80,TAX,21-12-2024 13:17:46,S06,20241221
S06/20241221/00005,5,TENDER,1,755.35,TENDER,21-12-2024 13:17:46,S06,20241221
S06/20241221/00006,1,P107215,2,153.85,SALE,21-12-2024 18:05:33,S06,20241221
S06/20241221/00006,2,P102460,3,582.21,SALE,21-12-2024 18:05:33,S06,20241221
S06/20241221/00006,3,P104965,2,88.50,SALE,21-12-2024 18:05:33,S06,20241221
S06/20241221/00006,4,P105479,5,253.92,SALE,21-12-2024 18:05:33,S06,20241221
S06/20241221/00006,5,P104277,2,128.39,SALE,21-12-2024 18:05:33,S06,20241221
S06/20241221/00006,6,P103159,1,1193.28,SALE,21-12-2024 18:05:33,S06,20241221
S06/20241221/00006,7,TAX,1,316.27,TAX,21-12-2024 18:05:33,S06,20241221
S06/20241221/00006,8,TENDER,1,5267.26,TENDER,21-12-2024 18:05:33,S06,20241221
S06/20241221/00007,1,P107110,2,77.73,SALE,21-12-2024 16:45:35,S06,20241221
S06/20241221/00007,2,P102636,3,113.15,SALE,21-12-2024 16:45:35,S06,20241221
S06/20241221/00007,3,P107899,3,197.21,SALE,21-12-2024 16:45:35,S06,20241221
S06/20241221/00007,4,P105729,1,75.27,SALE,21-12-2024 16:45:35,S06,20241221
S06/20241221/00007,5,P106751,2,134.60,SALE,21-12-2024 16:45:35,S06,20241221
S06/20241221/00007,6,TAX,1,101.55,TAX,21-12-2024 16:45:35,S06,20241221
S06/20241221/00007,7,TENDER,1,1532.56,TENDER,21-12-2024 16:45:35,S06,20241221
S06/20241221/00008,1,P102671,-3,252.00,RETURN,21-12-2024 16:19:48,S06,20241221
S06/20241221/00008,2,P103843,-3,660.15,RETURN,21-12-2024 16:19:48,S06,20241221
S06/20241221/00008,3,P104469,-1,1631.11,RETURN,21-12-2024 16:19:48,S06,20241221
S06/20241221/00008,4,TAX,1,-688.29,TAX,21-12-2024 16:19:48,S06,20241221
S06/20241221/00008,5,TENDER,1,-5055.85,TENDER,21-12-2024 16:19:48,S06,20241221
S06/20241221/00009,1,P103435,2,443.24,SALE,21-12-2024 13:32:30,S06,20241221
S06/20241221/00009,2,P106191,5,1230.97,SALE,21-12-2024 13:32:30,S06,20241221
S06/20241221/00009,3,P104883,3,370.64,SALE,21-12-2024 13:32:30,S06,20241221
S06/20241221/00009,4,P106310,4,462.03,SALE,21-12-2024 13:32:30,S06,20241221
S06/20241221/00009,5,P102534,2,98.12,SALE,21-12-2024 13:32:30,S06,20241221
S06/20241221/00009,6,DISC,1,-719.17,DISCOUNT,21-12-2024 13:32:30,S06,20241221
S06/20241221/00009,7,TAX,1,542.02,TAX,21-12-2024 13:32:30,S06,20241221
S06/20241221/00009,8,TENDER,1,10020.46,TENDER,21-12-2024 13:32:30,S06,20241221
S06/20241221/00010,1,P101774,3,1168.66,SALE,21-12-2024 14:17:12,S06,20241221
S06/20241221/00010,2,P107158,2,147.89,SALE,21-12-2024 14:17:12,S06,20241221
S06/20241221/00010,3,P101796,5,990.67,SALE,21-12-2024 14:17:12,S06,20241221
S06/20241221/00010,4,P100577,2,300.10,SALE,21-12-2024 14:17:12,S06,20241221
S06/20241221/00010,5,P101911,2,1431.80,SALE,21-12-2024 14:17:12,S06,20241221
S06/20241221/00010,6,P108162,1,257.55,SALE,21-12-2024 14:17:12,S06,20241221
S06/20241221/00010,7,P107018,1,187.58,SALE,21-12-2024 14:17:12,S06,20241221
S06/20241221/00010,8,TAX,1,851.92,TAX,21-12-2024 14:17:12,S06,20241221
S06/20241221/00010,9,TENDER,1,13515.96,TENDER,21-12-2024 14:17:12,S06,20241221
S06/20241221/00011,1,P106542,3,139.24,SALE,21-12-2024 19:20:04,S06,20241221
S06/20241221/00011,2,P103833,4,1136.81,SALE,21-12-2024 19:20:04,S06,20241221
S06/20241221/00011,3,P104733,5,669.60,SALE,21-12-2024 19:20:04,S06,20241221
S06/20241221/00011,4,DISC,1,-913.07,DISCOUNT,21-12-2024 19:20:04,S06,20241221
S06/20241221/00011,5,TAX,1,805.77,TAX,21-12-2024 19:20:04,S06,20241221
S06/20241221/00011,6,TENDER,1,8205.66,TENDER,21-12-2024 19:20:04,S06,20241221
S06/20241221/00012,1,P107472,1,64.61,SALE,21-12-2024 15:47:25,S06,20241221
S06/20241221/00012,2,P104858,2,331.88,SALE,21-12-2024 15:47:25,S06,20241221
S06/20241221/00012,3,P102640,6,270.61,SALE,21-12-2024 15:47:25,S06,20241221
S06/20241221/00012,4,P101515,2,60.18,SALE,21-12-2024 15:47:25,S06,20241221
S06/20241221/00012,5,TAX,1,375.14,TAX,21-12-2024 15:47:25,S06,20241221
S06/20241221/00012,6,TENDER,1,2847.53,TENDER,21-12-2024 15:47:25,S06,20241221
S06/20241221/00013,1,P101225,1,452.38,SALE,21-12-2024 13:12:13,S06,20241221
S06/20241221/00013,2,P106344,2,801.30,SALE,21-12-2024 13:12:13,S06,20241221
S06/20241221/00013,3,P102656,1,194.33,SALE,21-12-2024 13:12:13,S06,20241221
S06/20241221/00013,4,P106745,3,621.98,SALE,21-12-2024 13:12:13,S06,20241221
S06/20241221/00013,5,P104316,2,489.63,SALE,21-12-2024 13:12:13,S06,20241221
S06/20241221/00013,6,P106399,2,198.14,SALE,21-12-2024 13:12:13,S06,20241221
S06/20241221/00013,7,P107837,3,104.51,SALE,21-12-2024 13:12:13,S06,20241221
S06/20241221/00013,8,DISC,1,-623.08,DISCOUNT,21-12-2024 13:12:13,S06,20241221
S06/20241221/00013,9,TAX,1,582.36,TAX,21-12-2024 13:12:13,S06,20241221
S06/20241221/00013,10,TENDER,1,5763.60,TENDER,21-12-2024 13:12:13,S06,20241221
S06/20241221/00014,1,P107264,1,190.99,SALE,21-12-2024 14:10:25,S06,20241221
S06/20241221/00014,2,TAX,1,34.38,TAX,21-12-2024 14:10:25,S06,20241221
S06/20241221/00014,3,TENDER,1,225.37,TENDER,21-12-2024 14:10:25,S06,20241221
S06/20241221/00015,1,P102335,1,94.24,SALE,21-12-2024 20:00:30,S06,20241221
S06/20241221/00015,2,P108082,1,236.40,SALE,21-12-2024 20:00:30,S06,20241221
S06/20241221/00015,3,P107449,1,1495.62,SALE,21-12-2024 20:00:30,S06,20241221
S06/20241221/00015,4,P107884,1,29.77,SALE,21-12-2024 20:00:30,S06,20241221
S06/20241221/00015,5,P102566,3,414.37,SALE,21-12-2024 20:00:30,S06,20241221
S06/20241221/00015,6,P105651,3,108.83,SALE,21-12-2024 20:00:30,S06,20241221
S06/20241221/00015,7,P104501,1,413.53,SALE,21-12-2024 20:00:30,S06,20241221
S06/20241221/00015,8,TAX,1,365.27,TAX,21-12-2024 20:00:30,S06,20241221
S06/20241221/00015,9,TENDER,1,4204.43,TENDER,21-12-2024 20:00:30,S06,20241221
S06/20241221/00016,1,P104883,2,370.64,SALE,21-12-2024 20:05:06,S06,20241221
S06/20241221/00016,2,P101367,3,512.46,SALE,21-12-2024 20:05:06,S06,20241221
S06/20241221/00016,3,TAX,1,313.79,TAX,21-12-2024 20:05:06,S06,20241221
S06/20241221/00016,4,TENDER,1,2592.45,TENDER,21-12-2024 20:05:06,S06,20241221
S06/20241221/00017,1,P104139,3,249.08,SALE,21-12-2024 14:00:52,S06,20241221
S06/20241221/00017,2,P103591,1,102.70,SALE,21-12-2024 14:00:52,S06,20241221
S06/20241221/00017,3,P106373,4,48.45,SALE,21-12-2024 14:00:52,S06,20241221
S06/20241221/00017,4,P103090,2,841.97,SALE,21-12-2024 14:00:52,S06,20241221
S06/20241221/00017,5,TAX,1,112.37,TAX,21-12-2024 14:00:52,S06,20241221
S06/20241221/00017,6,TENDER,1,2840.05,TENDER,21-12-2024 14:00:52,S06,20241221
S06/20241221/00018,1,P102821,2,1314.43,SALE,21-12-2024 14:55:38,S06,20241221
S06/20241221/00018,2,P104478,1,18.27,SALE,21-12-2024 14:55:38,S06,20241221
S06/20241221/00018,3,P103188,2,30.16,SALE,21-12-2024 14:55:38,S06,20241221
S06/20241221/00018,4,P102755,2,75.17,SALE,21-12-2024 14:55:38,S06,20241221
S06/20241221/00018,5,TAX,1,21.66,TAX,21-12-2024 14:55:38,S06,20241221
S06/20241221/00018,6,TENDER,1,2879.45,TENDER,21-12-2024 14:55:38,S06,20241221
S06/20241221/00019,1,P104883,2,370.64,SALE,21-12-2024 18:02:30,S06,20241221
S06/20241221/00019,2,P107740,1,1366.88,SALE,21-12-2024 18:02:30,S06,20241221
S06/20241221/00019,3,P102129,2,241.90,SALE,21-12-2024 18:02:30,S06,20241221
S06/20241221/00019,4,TAX,1,225.28,TAX,21-12-2024 18:02:30,S06,20241221
S06/20241221/00019,5,TENDER,1,2817.24,TENDER,21-12-2024 18:02:30,S06,20241221
S06/20241221/00020,1,P101789,2,391.48,SALE,21-12-2024 13:51:39,S06,20241221
S06/20241221/00020,2,P100744,3,67.07,SALE,21-12-2024 13:51:39,S06,20241221
S06/20241221/00020,3,P103654,1,481.76,SALE,21-12-2024 13:51:39,S06,20241221
S06/20241221/00020,4,P101968,1,12.46,SALE,21-12-2024 13:51:39,S06,20241221
S06/20241221/00020,5,DISC,1,-41.76,DISCOUNT,21-12-2024 13:51:39,S06,20241221
S06/20241221/00020,6,TAX,1,73.41,TAX,21-12-2024 13:51:39,S06,20241221
S06/20241221/00020,7,TENDER,1,1510.04,TENDER,21-12-2024 13:51:39,S06,20241221
S06/20241221/00021,1,P108174,2,235.92,SALE,21-12-2024 17:17:00,S06,20241221
S06/20241221/00021,2,P105775,1,104.41,SALE,21-12-2024 17:17:00,S06,20241221
S06/20241221/00021,3,P105740,2,103.24,SALE,21-12-2024 17:17:00,S06,20241221
S06/20241221/00021,4,P106891,2,642.78,SALE,21-12-2024 17:17:00,S06,20241221
S06/20241221/00021,5,TAX,1,125.04,TAX,21-12-2024 17:17:00,S06,20241221
S06/20241221/00021,6,TENDER,1,2193.33,TENDER,21-12-2024 17:17:00,S06,20241221
S06/20241221/00022,1,P105988,1,29.57,SALE,21-12-2024 21:56:33,S06,20241221
S06/20241221/00022,2,P106958,1,125.66,SALE,21-12-2024 21:56:33,S06,20241221
S06/20241221/00022,3,P100074,3,57.78,SALE,21-12-2024 21:56:33,S06,20241221
S06/20241221/00022,4,P107996,2,224.54,SALE,21-12-2024 21:56:33,S06,20241221
S06/20241221/00022,5,TAX,1,55.22,TAX,21-12-2024 21:56:33,S06,20241221
S06/20241221/00022,6,TENDER,1,832.87,TENDER,21-12-2024 21:56:33,S06,20241221
S06/20241221/00023,1,P105155,3,350.84,SALE,21-12-2024 13:16:20,S06,20241221
S06/20241221/00023,2,P101864,1,112.21,SALE,21-12-2024 13:16:20,S06,20241221
S06/20241221/00023,3,P102193,3,343.13,SALE,21-12-2024 13:16:20,S06,20241221
S06/20241221/00023,4,P104688,2,178.09,SALE,21-12-2024 13:16:20,S06,20241221
S06/20241221/00023,5,TAX,1,275.92,TAX,21-12-2024 13:16:20,S06,20241221
S06/20241221/00023,6,TENDER,1,2826.22,TENDER,21-12-2024 13:16:20,S06,20241221
S06/20241221/00024,1,P100387,1,116.37,SALE,21-12-2024 16:27:05,S06,20241221
S06/20241221/00024,2,P100049,4,68.93,SALE,21-12-2024 16:27:05,S06,20241221
S06/20241221/00024,3,P102874,1,142.11,SALE,21-12-2024 16:27:05,S06,20241221
S06/20241221/00024,4,P105547,1,431.77,SALE,21-12-2024 16:27:05,S06,20241221
S06/20241221/00024,5,TAX,1,114.37,TAX,21-12-2024 16:27:05,S06,20241221
S06/20241221/00024,6,TENDER,1,1080.34,TENDER,21-12-2024 16:27:05,S06,20241221
S06/20241221/00025,1,P105497,3,70.98,SALE,21-12-2024 15:25:31,S06,20241221
S06/20241221/00025,2,P107646,1,225.19,SALE,21-12-2024 15:25:31,S06,20241221
S06/20241221/00025,3,P102432,4,895.86,SALE,21-12-2024 15:25:31,S06,20241221
S06/20241221/00025,4,P100649,4,618.96,SALE,21-12-2024 15:25:31,S06,20241221
S06/20241221/00025,5,P107973,1,271.93,SALE,21-12-2024 15:25:31,S06,20241221
S06/20241221/00025,6,P106084,3,592.14,SALE,21-12-2024 15:25:31,S06,20241221
S06/20241221/00025,7,P101732,2,1390.76,SALE,21-12-2024 15:25:31,S06,20241221
S06/20241221/00025,8,TAX,1,1026.82,TAX,21-12-2024 15:25:31,S06,20241221
S06/20241221/00025,9,TENDER,1,12354.10,TENDER,21-12-2024 15:25:31,S06,20241221
S06/20241221/00026,1,P104718,3,364.54,SALE,21-12-2024 12:36:10,S06,20241221
S06/20241221/00026,2,P101052,2,212.18,SALE,21-12-2024 12:36:10,S06,20241221
S06/20241221/00026,3,P107549,1,47.87,SALE,21-12-2024 12:36:10,S06,20241221
S06/20241221/00026,4,P104168,1,512.27,SALE,21-12-2024 12:36:10,S06,20241221
S06/20241221/00026,5,P100974,1,41.35,SALE,21-12-2024 12:36:10,S06,20241221
S06/20241221/00026,6,P103081,2,480.46,SALE,21-12-2024 12:36:10,S06,20241221
S06/20241221/00026,7,P103833,2,1136.81,SALE,21-12-2024 12:36:10,S06,20241221
S06/20241221/00026,8,P105575,1,513.17,SALE,21-12-2024 12:36:10,S06,20241221
S06/20241221/00026,9,TAX,1,556.22,TAX,21-12-2024 12:36:10,S06,20241221
S06/20241221/00026,10,TENDER,1,6423.40,TENDER,21-12-2024 12:36:10,S06,20241221
S06/20241221/00027,1,P107292,2,343.14,SALE,21-12-2024 14:41:39,S06,20241221
S06/20241221/00027,2,P107414,2,565.57,SALE,21-12-2024 14:41:39,S06,20241221
S06/20241221/00027,3,P100803,1,278.56,SALE,21-12-2024 14:41:39,S06,20241221
S06/20241221/00027,4,P104700,1,1425.82,SALE,21-12-2024 14:41:39,S06,20241221
S06/20241221/00027,5,P103319,3,356.46,SALE,21-12-2024 14:41:39,S06,20241221
S06/20241221/00027,6,P100771,5,820.85,SALE,21-12-2024 14:41:39,S06,20241221
S06/20241221/00027,7,P103484,2,109.59,SALE,21-12-2024 14:41:39,S06,20241221
S06/20241221/00027,8,TAX,1,738.27,TAX,21-12-2024 14:41:39,S06,20241221
S06/20241221/00027,9,TENDER,1,9652.88,TENDER,21-12-2024 14:41:39,S06,20241221
S06/20241221/00028,1,P106123,1,248.44,SALE,21-12-2024 09:26:20,S06,20241221
S06/20241221/00028,2,P106209,2,199.51,SALE,21-12-2024 09:26:20,S06,20241221
S06/20241221/00028,3,P104064,2,326.15,SALE,21-12-2024 09:26:20,S06,20241221
S06/20241221/00028,4,P103259,2,298.27,SALE,21-12-2024 09:26:20,S06,20241221
S06/20241221/00028,5,P106130,2,1317.16,SALE,21-12-2024 09:26:20,S06,20241221
S06/20241221/00028,6,DISC,1,-112.88,DISCOUNT,21-12-2024 09:26:20,S06,20241221
S06/20241221/00028,7,TAX,1,123.02,TAX,21-12-2024 09:26:20,S06,20241221
S06/20241221/00028,8,TENDER,1,4540.76,TENDER,21-12-2024 09:26:20,S06,20241221
S06/20241221/00029,1,P100933,3,276.15,SALE,21-12-2024 18:57:11,S06,20241221
S06/20241221/00029,2,P106592,3,815.90,SALE,21-12-2024 18:57:11,S06,20241221
S06/20241221/00029,3,P107843,3,486.47,SALE,21-12-2024 18:57:11,S06,20241221
S06/20241221/00029,4,P101827,1,155.74,SALE,21-12-2024 18:57:11,S06,20241221
S06/20241221/00029,5,P107308,3,226.19,SALE,21-12-2024 18:57:11,S06,20241221
S06/20241221/00029,6,P108247,1,252.59,SALE,21-12-2024 18:57:11,S06,20241221
S06/20241221/00029,7,P104593,2,867.34,SALE,21-12-2024 18:57:11,S06,20241221
S06/20241221/00029,8,TAX,1,917.76,TAX,21-12-2024 18:57:11,S06,20241221
S06/20241221/00029,9,TENDER,1,8474.90,TENDER,21-12-2024 18:57:11,S06,20241221
S06/20241221/00030,1,P104593,1,867.34,SALE,21-12-2024 20:07:03,S06,20241221
S06/20241221/00030,2,P100967,2,969.23,SALE,21-12-2024 20:07:03,S06,20241221
S06/20241221/00030,3,TAX,1,336.70,TAX,21-12-2024 20:07:03,S06,20241221
S06/20241221/00030,4,TENDER,1,3142.50,TENDER,21-12-2024 20:07:03,S06,20241221
S06/20241221/00031,1,P105677,1,109.29,SALE,21-12-2024 15:17:25,S06,20241221
S06/20241221/00031,2,P105155,2,350.84,SALE,21-12-2024 15:17:25,S06,20241221
S06/20241221/00031,3,P100850,5,172.84,SALE,21-12-2024 15:17:25,S06,20241221
S06/20241221/00031,4,P105450,2,252.15,SALE,21-12-2024 15:17:25,S06,20241221
S06/20241221/00031,5,P105413,2,168.78,SALE,21-12-2024 15:17:25,S06,20241221
S06/20241221/00031,6,P101345,1,80.74,SALE,21-12-2024 15:17:25,S06,20241221
S06/20241221/00031,7,P103934,3,284.79,SALE,21-12-2024 15:17:25,S06,20241221
S06/20241221/00031,8,P102054,1,142.99,SALE,21-12-2024 15:17:25,S06,20241221
S06/20241221/00031,9,P102321,1,35.15,SALE,21-12-2024 15:17:25,S06,20241221
S06/20241221/00031,10,TAX,1,368.16,TAX,21-12-2024 15:17:25,S06,20241221
S06/20241221/00031,11,TENDER,1,3998.44,TENDER,21-12-2024 15:17:25,S06,20241221
S06/20241221/00032,1,P106942,1,206.70,SALE,21-12-2024 19:09:21,S06,20241221
S06/20241221/00032,2,P107662,1,330.01,SALE,21-12-2024 19:09:21,S06,20241221
S06/20241221/00032,3,P105323,1,84.67,SALE,21-12-2024 19:09:21,S06,20241221
S06/20241221/00032,4,P103473,2,428.66,SALE,21-12-2024 19:09:21,S06,20241221
S06/20241221/00032,5,TAX,1,176.85,TAX,21-12-2024 19:09:21,S06,20241221
S06/20241221/00032,6,TENDER,1,1655.55,TENDER,21-12-2024 19:09:21,S06,20241221
S06/20241221/00033,1,P101940,3,201.44,SALE,21-12-2024 13:47:01,S06,20241221
S06/20241221/00033,2,P103054,1,145.96,SALE,21-12-2024 13:47:01,S06,20241221
S06/20241221/00033,3,P105633,2,46.25,SALE,21-12-2024 13:47:01,S06,20241221
S06/20241221/00033,4,P107266,4,71.89,SALE,21-12-2024 13:47:01,S06,20241221
S06/20241221/00033,5,P100536,3,471.52,SALE,21-12-2024 13:47:01,S06,20241221
S06/20241221/00033,6,DISC,1,-216.17,DISCOUNT,21-12-2024 13:47:01,S06,20241221
S06/20241221/00033,7,TAX,1,316.74,TAX,21-12-2024 13:47:01,S06,20241221
S06/20241221/00033,8,TENDER,1,2645.47,TENDER,21-12-2024 13:47:01,S06,20241221
S06/20241221/00034,1,P107435,3,636.54,SALE,21-12-2024 16:25:45,S06,20241221
S06/20241221/00034,2,P102724,5,391.04,SALE,21-12-2024 16:25:45,S06,20241221
S06/20241221/00034,3,P103654,3,481.76,SALE,21-12-2024 16:25:45,S06,20241221
S06/20241221/00034,4,P102364,3,104.57,SALE,21-12-2024 16:25:45,S06,20241221
S06/20241221/00034,5,TAX,1,824.40,TAX,21-12-2024 16:25:45,S06,20241221
S06/20241221/00034,6,TENDER,1,6448.21,TENDER,21-12-2024 16:25:45,S06,20241221
S06/20241221/00035,1,P103438,2,187.96,SALE,21-12-2024 13:23:20,S06,20241221
S06/20241221/00035,2,P104700,2,1425.82,SALE,21-12-2024 13:23:20,S06,20241221
S06/20241221/00035,3,P100536,2,471.52,SALE,21-12-2024 13:23:20,S06,20241221
S06/20241221/00035,4,P102794,5,416.24,SALE,21-12-2024 13:23:20,S06,20241221
S06/20241221/00035,5,P108046,2,101.85,SALE,21-12-2024 13:23:20,S06,20241221
S06/20241221/00035,6,P102718,3,356.09,SALE,21-12-2024 13:23:20,S06,20241221
S06/20241221/00035,7,TAX,1,417.50,TAX,21-12-2024 13:23:20,S06,20241221
S06/20241221/00035,8,TENDER,1,7941.27,TENDER,21-12-2024 13:23:20,S06,20241221
S06/20241221/00036,1,P101732,1,1390.76,SALE,21-12-2024 15:01:07,S06,20241221
S06/20241221/00036,2,P102122,1,138.84,SALE,21-12-2024 15:01:07,S06,20241221
S06/20241221/00036,3,P107966,2,391.71,SALE,21-12-2024 15:01:07,S06,20241221
S06/20241221/00036,4,P103004,2,82.09,SALE,21-12-2024 15:01:07,S06,20241221
S06/20241221/00036,5,P101520,3,187.47,SALE,21-12-2024 15:01:07,S06,20241221
S06/20241221/00036,6,P103647,3,42.08,SALE,21-12-2024 15:01:07,S06,20241221
S06/20241221/00036,7,TAX,1,228.21,TAX,21-12-2024 15:01:07,S06,20241221
S06/20241221/00036,8,TENDER,1,3394.06,TENDER,21-12-2024 15:01:07,S06,20241221
S06/20241221/00037,1,P106300,3,425.27,SALE,21-12-2024 13:40:14,S06,20241221
S06/20241221/00037,2,P103004,3,82.09,SALE,21-12-2024 13:40:14,S06,20241221
S06/20241221/00037,3,P100308,2,328.66,SALE,21-12-2024 13:40:14,S06,20241221
S06/20241221/00037,4,TAX,1,244.29,TAX,21-12-2024 13:40:14,S06,20241221
S06/20241221/00037,5,TENDER,1,2423.69,TENDER,21-12-2024 13:40:14,S06,20241221
S06/20241221/00038,1,P105227,4,292.54,SALE,21-12-2024 22:18:01,S06,20241221
S06/20241221/00038,2,P106004,1,137.38,SALE,21-12-2024 22:18:01,S06,20241221
S06/20241221/00038,3,P103871,2,220.55,SALE,21-12-2024 22:18:01,S06,20241221
S06/20241221/00038,4,P105553,1,764.76,SALE,21-12-2024 22:18:01,S06,20241221
S06/20241221/00038,5,TAX,1,261.11,TAX,21-12-2024 22:18:01,S06,20241221
S06/20241221/00038,6,TENDER,1,2774.51,TENDER,21-12-2024 22:18:01,S06,20241221
S06/20241221/00039,1,P102874,2,142.11,SALE,21-12-2024 12:52:13,S06,20241221
S06/20241221/00039,2,P100224,3,79.22,SALE,21-12-2024 12:52:13,S06,20241221
S06/20241221/00039,3,P108335,1,187.61,SALE,21-12-2024 12:52:13,S06,20241221
S06/20241221/00039,4,P108144,2,253.94,SALE,21-12-2024 12:52:13,S06,20241221
S06/20241221/00039,5,P101311,2,481.74,SALE,21-12-2024 12:52:13,S06,20241221
S06/20241221/00039,6,TAX,1,135.21,TAX,21-12-2024 12:52:13,S06,20241221
S06/20241221/00039,7,TENDER,1,2316.06,TENDER,21-12-2024 12:52:13,S06,20241221
S06/20241221/00040,1,P103022,2,60.43,SALE,21-12-2024 14:11:42,S06,20241221
S06/20241221/00040,2,P105988,2,29.57,SALE,21-12-2024 14:11:42,S06,20241221
S06/20241221/00040,3,P102160,2,221.62,SALE,21-12-2024 14:11:42,S06,20241221
S06/20241221/00040,4,P101237,1,278.87,SALE,21-12-2024 14:11:42,S06,20241221
S06/20241221/00040,5,P104517,2,1474.90,SALE,21-12-2024 14:11:42,S06,20241221
S06/20241221/00040,6,TAX,1,104.11,TAX,21-12-2024 14:11:42,S06,20241221
S06/20241221/00040,7,TENDER,1,3956.02,TENDER,21-12-2024 14:11:42,S06,20241221
S06/20241221/00041,1,P106965,1,89.01,SALE,21-12-2024 17:58:53,S06,20241221
S06/20241221/00041,2,P108090,3,139.96,SALE,21-12-2024 17:58:53,S06,20241221
S06/20241221/00041,3,P104544,2,104.46,SALE,21-12-2024 17:58:53,S06,20241221
S06/20241221/00041,4,TAX,1,35.89,TAX,21-12-2024 17:58:53,S06,20241221
S06/20241221/00041,5,TENDER,1,753.70,TENDER,21-12-2024 17:58:53,S06,20241221
S06/20241221/00042,1,P100276,2,965.56,SALE,21-12-2024 17:30:58,S06,20241221
S06/20241221/00042,2,P107946,3,313.77,SALE,21-12-2024 17:30:58,S06,20241221
S06/20241221/00042,3,P104417,1,332.65,SALE,21-12-2024 17:30:58,S06,20241221
S06/20241221/00042,4,P102166,1,52.54,SALE,21-12-2024 17:30:58,S06,20241221
S06/20241221/00042,5,P102664,1,261.47,SALE,21-12-2024 17:30:58,S06,20241221
S06/20241221/00042,6,TAX,1,193.00,TAX,21-12-2024 17:30:58,S06,20241221
S06/20241221/00042,7,TENDER,1,3712.09,TENDER,21-12-2024 17:30:58,S06,20241221
S06/20241221/00043,1,P101674,3,387.70,SALE,21-12-2024 19:19:33,S06,20241221
S06/20241221/00043,2,P101083,2,349.65,SALE,21-12-2024 19:19:33,S06,20241221
S06/20241221/00043,3,P107346,2,449.29,SALE,21-12-2024 19:19:33,S06,20241221
S06/20241221/00043,4,DISC,1,-264.15,DISCOUNT,21-12-2024 19:19:33,S06,20241221
S06/20241221/00043,5,TAX,1,343.79,TAX,21-12-2024 19:19:33,S06,20241221
S06/20241221/00043,6,TENDER,1,2840.62,TENDER,21-12-2024 19:19:33,S06,20241221
S06/20241221/00044,1,P104883,1,370.64,SALE,21-12-2024 11:36:49,S06,20241221
S06/20241221/00044,2,P105656,2,516.52,SALE,21-12-2024 11:36:49,S06,20241221
S06/20241221/00044,3,P103435,2,443.24,SALE,21-12-2024 11:36:49,S06,20241221
S06/20241221/00044,4,P100838,1,38.03,SALE,21-12-2024 11:36:49,S06,20241221
S06/20241221/00044,5,P106501,1,164.07,SALE,21-12-2024 11:36:49,S06,20241221
S06/20241221/00044,6,P106426,4,154.27,SALE,21-12-2024 11:36:49,S06,20241221
S06/20241221/00044,7,P100711,3,101.23,SALE,21-12-2024 11:36:49,S06,20241221
S06/20241221/00044,8,TAX,1,375.27,TAX,21-12-2024 11:36:49,S06,20241221
S06/20241221/00044,9,TENDER,1,3788.30,TENDER,21-12-2024 11:36:49,S06,20241221
S06/20241221/00045,1,P106865,1,299.72,SALE,21-12-2024 16:17:19,S06,20241221
S06/20241221/00045,2,P101283,2,263.48,SALE,21-12-2024 16:17:19,S06,20241221
S06/20241221/00045,3,P101774,2,1168.66,SALE,21-12-2024 16:17:19,S06,20241221
S06/20241221/00045,4,TAX,1,429.28,TAX,21-12-2024 16:17:19,S06,20241221
S06/20241221/00045,5,TENDER,1,3593.28,TENDER,21-12-2024 16:17:19,S06,20241221
S06/20241221/00046,1,P106697,5,342.69,SALE,21-12-2024 16:17:02,S06,20241221
S06/20241221/00046,2,P103206,2,450.05,SALE,21-12-2024 16:17:02,S06,20241221
S06/20241221/00046,3,P106679,2,172.58,SALE,21-12-2024 16:17:02,S06,20241221
S06/20241221/00046,4,TAX,1,367.63,TAX,21-12-2024 16:17:02,S06,20241221
S06/20241221/00046,5,TENDER,1,3326.34,TENDER,21-12-2024 16:17:02,S06,20241221
S06/20241221/00047,1,P104048,1,193.57,SALE,21-12-2024 17:23:23,S06,20241221
S06/20241221/00047,2,P107933,1,1146.02,SALE,21-12-2024 17:23:23,S06,20241221
S06/20241221/00047,3,TAX,1,160.75,TAX,21-12-2024 17:23:23,S06,20241221
S06/20241221/00047,4,TENDER,1,1500.34,TENDER,21-12-2024 17:23:23,S06,20241221
S06/20241221/00048,1,P105524,1,81.14,SALE,21-12-2024 15:22:49,S06,20241221
S06/20241221/00048,2,P106577,3,52.98,SALE,21-12-2024 15:22:49,S06,20241221
S06/20241221/00048,3,P103816,1,209.63,SALE,21-12-2024 15:22:49,S06,20241221
S06/20241221/00048,4,P105356,3,232.26,SALE,21-12-2024 15:22:49,S06,20241221
S06/20241221/00048,5,P102636,2,113.15,SALE,21-12-2024 15:22:49,S06,20241221
S06/20241221/00048,6,DISC,1,-156.01,DISCOUNT,21-12-2024 15:22:49,S06,20241221
S06/20241221/00048,7,TAX,1,94.34,TAX,21-12-2024 15:22:49,S06,20241221
S06/20241221/00048,8,TENDER,1,1311.12,TENDER,21-12-2024 15:22:49,S06,20241221
S06/20241221/00049,1,P101839,3,402.65,SALE,21-12-2024 16:05:52,S06,20241221
S06/20241221/00049,2,P101083,3,349.65,SALE,21-12-2024 16:05:52,S06,20241221
S06/20241221/00049,3,P105511,1,310.12,SALE,21-12-2024 16:05:52,S06,20241221
S06/20241221/00049,4,TAX,1,389.59,TAX,21-12-2024 16:05:52,S06,20241221
S06/20241221/00049,5,TENDER,1,2956.61,TENDER,21-12-2024 16:05:52,S06,20241221
S06/20241221/00050,1,P100463,4,290.57,SALE,21-12-2024 13:10:46,S06,20241221
S06/20241221/00050,2,P107330,3,134.92,SALE,21-12-2024 13:10:46,S06,20241221
S06/20241221/00050,3,P108227,1,551.58,SALE,21-12-2024 13:10:46,S06,20241221
S06/20241221/00050,4,P100621,3,134.28,SALE,21-12-2024 13:10:46,S06,20241221
S06/20241221/00050,5,P101626,4,1040.69,SALE,21-12-2024 13:10:46,S06,20241221
S06/20241221/00050,6,P107581,1,287.09,SALE,21-12-2024 13:10:46,S06,20241221
S06/20241221/00050,7,TAX,1,818.82,TAX,21-12-2024 13:10:46,S06,20241221
S06/20241221/00050,8,TENDER,1,7790.13,TENDER,21-12-2024 13:10:46,S06,20241221
S06/20241221/00051,1,P102471,1,151.71,SALE,21-12-2024 23:55:02,S06,20241221
S06/20241221/00051,2,P107952,2,1964.70,SALE,21-12-2024 23:55:02,S06,20241221
S06/20241221/00051,3,P105106,4,104.56,SALE,21-12-2024 23:55:02,S06,20241221
S06/20241221/00051,4,P101404,2,228.51,SALE,21-12-2024 23:55:02,S06,20241221
S06/20241221/00051,5,P104121,4,131.32,SALE,21-12-2024 23:55:02,S06,20241221
S06/20241221/00051,6,TAX,1,219.99,TAX,21-12-2024 23:55:02,S06,20241221
S06/20241221/00051,7,TENDER,1,5701.64,TENDER,21-12-2024 23:55:02,S06,20241221
S06/20241221/00052,1,P100121,2,113.08,SALE,21-12-2024 10:47:05,S06,20241221
S06/20241221/00052,2,P101010,2,71.39,SALE,21-12-2024 10:47:05,S06,20241221
S06/20241221/00052,3,P106004,2,137.38,SALE,21-12-2024 10:47:05,S06,20241221
S06/20241221/00052,4,P107914,1,244.98,SALE,21-12-2024 10:47:05,S06,20241221
S06/20241221/00052,5,TAX,1,86.28,TAX,21-12-2024 10:47:05,S06,20241221
S06/20241221/00052,6,TENDER,1,974.96,TENDER,21-12-2024 10:47:05,S06,20241221
S06/20241221/00053,1,P105531,2,502.91,SALE,21-12-2024 15:15:12,S06,20241221
S06/20241221/00053,2,P106254,1,1282.79,SALE,21-12-2024 15:15:12,S06,20241221
S06/20241221/00053,3,P100577,1,300.10,SALE,21-12-2024 15:15:12,S06,20241221
S06/20241221/00053,4,P105280,3,220.35,SALE,21-12-2024 15:15:12,S06,20241221
S06/20241221/00053,5,P103062,2,173.63,SALE,21-12-2024 15:15:12,S06,20241221
S06/20241221/00053,6,P100074,1,57.78,SALE,21-12-2024 15:15:12,S06,20241221
S06/20241221/00053,7,TAX,1,228.02,TAX,21-12-2024 15:15:12,S06,20241221
S06/20241221/00053,8,TENDER,1,3882.82,TENDER,21-12-2024 15:15:12,S06,20241221
S06/20241221/00054,1,P103214,3,283.38,SALE,21-12-2024 17:06:21,S06,20241221
S06/20241221/00054,2,P106254,4,1282.79,SALE,21-12-2024 17:06:21,S06,20241221
S06/20241221/00054,3,P101796,3,990.67,SALE,21-12-2024 17:06:21,S06,20241221
S06/20241221/00054,4,P100781,1,654.99,SALE,21-12-2024 17:06:21,S06,20241221
S06/20241221/00054,5,TAX,1,309.01,TAX,21-12-2024 17:06:21,S06,20241221
S06/20241221/00054,6,TENDER,1,9917.31,TENDER,21-12-2024 17:06:21,S06,20241221
S06/20241221/00055,1,P106989,1,26.75,SALE,21-12-2024 20:36:30,S06,20241221
S06/20241221/00055,2,P105057,6,294.62,SALE,21-12-2024 20:36:30,S06,20241221
S06/20241221/00055,3,P102096,2,982.72,SALE,21-12-2024 20:36:30,S06,20241221
S06/20241221/00055,4,P102081,2,164.15,SALE,21-12-2024 20:36:30,S06,20241221
S06/20241221/00055,5,P106072,3,78.69,SALE,21-12-2024 20:36:30,S06,20241221
S06/20241221/00055,6,P107646,1,225.19,SALE,21-12-2024 20:36:30,S06,20241221
S06/20241221/00055,7,P100686,2,800.21,SALE,21-12-2024 20:36:30,S06,20241221
S06/20241221/00055,8,TAX,1,657.54,TAX,21-12-2024 20:36:30,S06,20241221
S06/20241221/00055,9,TENDER,1,6807.43,TENDER,21-12-2024 20:36:30,S06,20241221
S06/20241221/00056,1,P105433,2,144.32,SALE,21-12-2024 12:42:13,S06,20241221
S06/20241221/00056,2,P101101,3,74.25,SALE,21-12-2024 12:42:13,S06,20241221
S06/20241221/00056,3,P107536,3,1613.47,SALE,21-12-2024 12:42:13,S06,20241221
S06/20241221/00056,4,P107526,1,54.94,SALE,21-12-2024 12:42:13,S06,20241221
S06/20241221/00056,5,P101404,2,228.51,SALE,21-12-2024 12:42:13,S06,20241221
S06/20241221/00056,6,P103682,3,372.67,SALE,21-12-2024 12:42:13,S06,20241221
S06/20241221/00056,7,P102460,2,582.21,SALE,21-12-2024 12:42:13,S06,20241221
S06/20241221/00056,8,P105897,1,249.03,SALE,21-12-2024 12:42:13,S06,20241221
S06/20241221/00056,9,TAX,1,400.77,TAX,21-12-2024 12:42:13,S06,20241221
S06/20241221/00056,10,TENDER,1,8795.99,TENDER,21-12-2024 12:42:13,S06,20241221
S06/20241221/00057,1,P106059,-1,313.87,RETURN,21-12-2024 18:27:19,S06,20241221
S06/20241221/00057,2,P101023,-3,213.62,RETURN,21-12-2024 18:27:19,S06,20241221
S06/20241221/00057,3,P100632,-1,331.55,RETURN,21-12-2024 18:27:19,S06,20241221
S06/20241221/00057,4,TAX,1,-148.22,TAX,21-12-2024 18:27:19,S06,20241221
S06/20241221/00057,5,TENDER,1,-1434.50,TENDER,21-12-2024 18:27:19,S06,20241221
S06/20241221/00058,1,P107872,2,650.85,SALE,21-12-2024 17:46:18,S06,20241221
S06/20241221/00058,2,P103452,3,1033.70,SALE,21-12-2024 17:46:18,S06,20241221
S06/20241221/00058,3,TAX,1,220.14,TAX,21-12-2024 17:46:18,S06,20241221
S06/20241221/00058,4,TENDER,1,4622.94,TENDER,21-12-2024 17:46:18,S06,20241221
S06/20241221/00059,1,P103129,1,84.49,SALE,21-12-2024 20:20:33,S06,20241221
S06/20241221/00059,2,P105965,7,66.08,SALE,21-12-2024 20:20:33,S06,20241221
S06/20241221/00059,3,P101152,1,490.05,SALE,21-12-2024 20:20:33,S06,20241221
S06/20241221/00059,4,P106577,2,52.98,SALE,21-12-2024 20:20:33,S06,20241221
S06/20241221/00059,5,P103231,2,241.80,SALE,21-12-2024 20:20:33,S06,20241221
S06/20241221/00059,6,P106174,3,229.89,SALE,21-12-2024 20:20:33,S06,20241221
S06/20241221/00059,7,P100736,2,700.87,SALE,21-12-2024 20:20:33,S06,20241221
S06/20241221/00059,8,P100019,2,74.65,SALE,21-12-2024 20:20:33,S06,20241221
S06/20241221/00059,9,P104389,2,169.98,SALE,21-12-2024 20:20:33,S06,20241221
S06/20241221/00059,10,TAX,1,412.30,TAX,21-12-2024 20:20:33,S06,20241221
S06/20241221/00059,11,TENDER,1,4619.63,TENDER,21-12-2024 20:20:33,S06,20241221
S06/20241221/00060,1,P100308,2,328.66,SALE,21-12-2024 16:29:44,S06,20241221
S06/20241221/00060,2,P102755,3,75.17,SALE,21-12-2024 16:29:44,S06,20241221
S06/20241221/00060,3,P101766,3,220.67,SALE,21-12-2024 16:29:44,S06,20241221
S06/20241221/00060,4,TAX,1,169.60,TAX,21-12-2024 16:29:44,S06,20241221
S06/20241221/00060,5,TENDER,1,1714.44,TENDER,21-12-2024 16:29:44,S06,20241221
S06/20241221/00061,1,P108272,2,121.99,SALE,21-12-2024 19:18:08,S06,20241221
S06/20241221/00061,2,P102811,3,199.78,SALE,21-12-2024 19:18:08,S06,20241221
S06/20241221/00061,3,P103259,3,298.27,SALE,21-12-2024 19:18:08,S06,20241221
S06/20241221/00061,4,P101339,1,230.61,SALE,21-12-2024 19:18:08,S06,20241221
S06/20241221/00061,5,P100509,2,143.57,SALE,21-12-2024 19:18:08,S06,20241221
S06/20241221/00061,6,P100172,3,205.47,SALE,21-12-2024 19:18:08,S06,20241221
S06/20241221/00061,7,P101864,3,112.21,SALE,21-12-2024 19:18:08,S06,20241221
S06/20241221/00061,8,P106648,3,339.01,SALE,21-12-2024 19:18:08,S06,20241221
S06/20241221/00061,9,TAX,1,227.40,TAX,21-12-2024 19:18:08,S06,20241221
S06/20241221/00061,10,TENDER,1,4453.35,TENDER,21-12-2024 19:18:08,S06,20241221
S06/20241221/00062,1,P103964,2,134.21,SALE,21-12-2024 19:21:39,S06,20241221
S06/20241221/00062,2,P101813,1,273.64,SALE,21-12-2024 19:21:39,S06,20241221
S06/20241221/00062,3,P104676,1,87.52,SALE,21-12-2024 19:21:39,S06,20241221
S06/20241221/00062,4,P107026,1,69.10,SALE,21-12-2024 19:21:39,S06,20241221
S06/20241221/00062,5,P102922,4,120.15,SALE,21-12-2024 19:21:39,S06,20241221
S06/20241221/00062,6,DISC,1,-106.29,DISCOUNT,21-12-2024 19:21:39,S06,20241221
S06/20241221/00062,7,TAX,1,116.57,TAX,21-12-2024 19:21:39,S06,20241221
S06/20241221/00062,8,TENDER,1,1189.56,TENDER,21-12-2024 19:21:39,S06,20241221
S06/20241221/00063,1,P107639,2,128.49,SALE,21-12-2024 18:39:05,S06,20241221
S06/20241221/00063,2,P107385,3,811.35,SALE,21-12-2024 18:39:05,S06,20241221
S06/20241221/00063,3,P101626,2,1040.69,SALE,21-12-2024 18:39:05,S06,20241221
S06/20241221/00063,4,P104891,1,757.22,SALE,21-12-2024 18:39:05,S06,20241221
S06/20241221/00063,5,P105127,2,77.13,SALE,21-12-2024 18:39:05,S06,20241221
S06/20241221/00063,6,TAX,1,500.89,TAX,21-12-2024 18:39:05,S06,20241221
S06/20241221/00063,7,TENDER,1,6184.78,TENDER,21-12-2024 18:39:05,S06,20241221
S06/20241221/00064,1,P103896,4,203.30,SALE,21-12-2024 11:42:38,S06,20241221
S06/20241221/00064,2,P106765,3,279.73,SALE,21-12-2024 11:42:38,S06,20241221
S06/20241221/00064,3,P103309,3,59.95,SALE,21-12-2024 11:42:38,S06,20241221
S06/20241221/00064,4,P107040,2,474.18,SALE,21-12-2024 11:42:38,S06,20241221
S06/20241221/00064,5,P106671,1,90.38,SALE,21-12-2024 11:42:38,S06,20241221
S06/20241221/00064,6,TAX,1,358.36,TAX,21-12-2024 11:42:38,S06,20241221
S06/20241221/00064,7,TENDER,1,3229.34,TENDER,21-12-2024 11:42:38,S06,20241221
S06/20241221/00065,1,P107777,2,222.77,SALE,22-12-2024 00:35:49,S06,20241221
S06/20241221/00065,2,P101127,2,51.94,SALE,22-12-2024 00:35:49,S06,20241221
S06/20241221/00065,3,P107708,2,167.35,SALE,22-12-2024 00:35:49,S06,20241221
S06/20241221/00065,4,P104772,1,342.57,SALE,22-12-2024 00:35:49,S06,20241221
S06/20241221/00065,5,DISC,1,-102.68,DISCOUNT,22-12-2024 00:35:49,S06,20241221
S06/20241221/00065,6,TAX,1,56.50,TAX,22-12-2024 00:35:49,S06,20241221
S06/20241221/00065,7,TENDER,1,1180.51,TENDER,22-12-2024 00:35:49,S06,20241221
S06/20241221/00066,1,P103234,1,128.39,SALE,21-12-2024 21:15:12,S06,20241221
S06/20241221/00066,2,P103701,6,1171.33,SALE,21-12-2024 21:15:12,S06,20241221
S06/20241221/00066,3,P107028,2,56.60,SALE,21-12-2024 21:15:12,S06,20241221
S06/20241221/00066,4,P103050,4,569.48,SALE,21-12-2024 21:15:12,S06,20241221
S06/20241221/00066,5,P103661,2,125.81,SALE,21-12-2024 21:15:12,S06,20241221
S06/20241221/00066,6,TAX,1,440.18,TAX,21-12-2024 21:15:12,S06,20241221
S06/20241221/00066,7,TENDER,1,10239.29,TENDER,21-12-2024 21:15:12,S06,20241221
S06/20241221/00067,1,P107308,2,226.19,SALE,21-12-2024 14:23:09,S06,20241221
S06/20241221/00067,2,P100441,1,509.29,SALE,21-12-2024 14:23:09,S06,20241221
S06/20241221/00067,3,P101481,2,55.03,SALE,21-12-2024 14:23:09,S06,20241221
S06/20241221/00067,4,TAX,1,148.05,TAX,21-12-2024 14:23:09,S06,20241221
S06/20241221/00067,5,TENDER,1,1219.78,TENDER,21-12-2024 14:23:09,S06,20241221
S06/20241221/00068,1,P103111,4,40.41,SALE,21-12-2024 16:25:48,S06,20241221
S06/20241221/00068,2,P100974,1,41.35,SALE,21-12-2024 16:25:48,S06,20241221
S06/20241221/00068,3,P102091,1,87.97,SALE,21-12-2024 16:25:48,S06,20241221
S06/20241221/00068,4,P103050,3,569.48,SALE,21-12-2024 16:25:48,S06,20241221
S06/20241221/00068,5,TAX,1,10.15,TAX,21-12-2024 16:25:48,S06,20241221
S06/20241221/00068,6,TENDER,1,2009.55,TENDER,21-12-2024 16:25:48,S06,20241221
S06/20241221/00069,1,P106234,4,79.42,SALE,21-12-2024 17:21:28,S06,20241221
S06/20241221/00069,2,P101384,1,42.99,SALE,21-12-2024 17:21:28,S06,20241221
S06/20241221/00069,3,P103973,2,108.48,SALE,21-12-2024 17:21:28,S06,20241221
S06/20241221/00069,4,DISC,1,-25.50,DISCOUNT,21-12-2024 17:21:28,S06,20241221
S06/20241221/00069,5,TAX,1,75.82,TAX,21-12-2024 17:21:28,S06,20241221
S06/20241221/00069,6,TENDER,1,627.95,TENDER,21-12-2024 17:21:28,S06,20241221
S06/20241221/00070,1,P105460,3,148.47,SALE,21-12-2024 17:01:45,S06,20241221
S06/20241221/00070,2,P101599,2,396.87,SALE,21-12-2024 17:01:45,S06,20241221
S06/20241221/00070,3,P101345,2,80.74,SALE,21-12-2024 17:01:45,S06,20241221
S06/20241221/00070,4,P101543,1,178.10,SALE,21-12-2024 17:01:45,S06,20241221
S06/20241221/00070,5,P108050,1,1166.49,SALE,21-12-2024 17:01:45,S06,20241221
S06/20241221/00070,6,TAX,1,321.50,TAX,21-12-2024 17:01:45,S06,20241221
S06/20241221/00070,7,TENDER,1,3066.72,TENDER,21-12-2024 17:01:45,S06,20241221
S06/20241222/00001,1,P100904,4,68.79,SALE,22-12-2024 09:24:53,S06,20241222
S06/20241222/00001,2,P102184,3,101.58,SALE,22-12-2024 09:24:53,S06,20241222
S06/20241222/00001,3,P101974,1,302.00,SALE,22-12-2024 09:24:53,S06,20241222
S06/20241222/00001,4,P107799,1,751.07,SALE,22-12-2024 09:24:53,S06,20241222
S06/20241222/00001,5,TAX,1,196.30,TAX,22-12-2024 09:24:53,S06,20241222
S06/20241222/00001,6,TENDER,1,1829.27,TENDER,22-12-2024 09:24:53,S06,20241222
S06/20241222/00002,1,P104478,2,18.27,SALE,22-12-2024 13:59:33,S06,20241222
S06/20241222/00002,2,P103575,6,54.47,SALE,22-12-2024 13:59:33,S06,20241222
S06/20241222/00002,3,P103461,4,109.46,SALE,22-12-2024 13:59:33,S06,20241222
S06/20241222/00002,4,P107149,3,145.83,SALE,22-12-2024 13:59:33,S06,20241222
S06/20241222/00002,5,P107308,1,226.19,SALE,22-12-2024 13:59:33,S06,20241222
S06/20241222/00002,6,P106254,2,1282.79,SALE,22-12-2024 13:59:33,S06,20241222
S06/20241222/00002,7,P102857,1,116.85,SALE,22-12-2024 13:59:33,S06,20241222
S06/20241222/00002,8,P100991,2,173.46,SALE,22-12-2024 13:59:33,S06,20241222
S06/20241222/00002,9,P101389,2,430.39,SALE,22-12-2024 13:59:33,S06,20241222
S06/20241222/00002,10,TAX,1,388.24,TAX,22-12-2024 13:59:33,S06,20241222
S06/20241222/00002,11,TENDER,1,5743.25,TENDER,22-12-2024 13:59:33,S06,20241222
S06/20241222/00003,1,P104867,1,190.50,SALE,22-12-2024 17:26:14,S06,20241222
S06/20241222/00003,2,P103340,3,537.50,SALE,22-12-2024 17:26:14,S06,20241222
S06/20241222/00003,3,P101968,3,12.46,SALE,22-12-2024 17:26:14,S06,20241222
S06/20241222/00003,4,TAX,1,306.50,TAX,22-12-2024 17:26:14,S06,20241222
S06/20241222/00003,5,TENDER,1,2146.88,TENDER,22-12-2024 17:26:14,S06,20241222
S06/20241222/00004,1,P106528,3,832.82,SALE,22-12-2024 13:46:03,S06,20241222
S06/20241222/00004,2,P103904,3,1081.09,SALE,22-12-2024 13:46:03,S06,20241222
S06/20241222/00004,3,P100731,2,254.77,SALE,22-12-2024 13:46:03,S06,20241222
S06/20241222/00004,4,TAX,1,553.70,TAX,22-12-2024 13:46:03,S06,20241222
S06/20241222/00004,5,TENDER,1,6804.97,TENDER,22-12-2024 13:46:03,S06,20241222
S06/20241222/00005,1,P102903,1,51.46,SALE,22-12-2024 18:16:04,S06,20241222
S06/20241222/00005,2,P107646,1,225.19,SALE,22-12-2024 18:16:04,S06,20241222
S06/20241222/00005,3,P103473,1,428.66,SALE,22-12-2024 18:16:04,S06,20241222
S06/20241222/00005,4,TAX,1,71.96,TAX,22-12-2024 18:16:04,S06,20241222
S06/20241222/00005,5,TENDER,1,777.27,TENDER,22-12-2024 18:16:04,S06,20241222
S06/20241222/00006,1,P104637,1,353.99,SALE,22-12-2024 18:41:35,S06,20241222
S06/20241222/00006,2,P101899,1,326.35,SALE,22-12-2024 18:41:35,S06,20241222
S06/20241222/00006,3,TAX,1,101.22,TAX,22-12-2024 18:41:35,S06,20241222
S06/20241222/00006,4,TENDER,1,781.56,TENDER,22-12-2024 18:41:35,S06,20241222
S06/20241222/00007,1,P105394,1,327.72,SALE,22-12-2024 18:49:02,S06,20241222
S06/20241222/00007,2,P108017,3,105.98,SALE,22-12-2024 18:49:02,S06,20241222
S06/20241222/00007,3,P108082,3,236.40,SALE,22-12-2024 18:49:02,S06,20241222
S06/20241222/00007,4,P104236,1,274.96,SALE,22-12-2024 18:49:02,S06,20241222
S06/20241222/00007,5,TAX,1,236.14,TAX,22-12-2024 18:49:02,S06,20241222
S06/20241222/00007,6,TENDER,1,1865.96,TENDER,22-12-2024 18:49:02,S06,20241222
S06/20241222/00008,1,P103904,1,1081.09,SALE,22-12-2024 12:32:58,S06,20241222
S06/20241222/00008,2,P101722,2,1460.17,SALE,22-12-2024 12:32:58,S06,20241222
S06/20241222/00008,3,P107063,4,387.93,SALE,22-12-2024 12:32:58,S06,20241222
S06/20241222/00008,4,P100899,1,131.46,SALE,22-12-2024 12:32:58,S06,20241222
S06/20241222/00008,5,P104558,3,440.08,SALE,22-12-2024 12:32:58,S06,20241222
S06/20241222/00008,6,TAX,1,544.71,TAX,22-12-2024 12:32:58,S06,20241222
S06/20241222/00008,7,TENDER,1,7549.56,TENDER,22-12-2024 12:32:58,S06,20241222
S06/20241222/00009,1,P100827,2,1218.17,SALE,22-12-2024 20:57:38,S06,20241222
S06/20241222/00009,2,P100005,3,114.37,SALE,22-12-2024 20:57:38,S06,20241222
S06/20241222/00009,3,P105827,2,124.38,SALE,22-12-2024 20:57:38,S06,20241222
S06/20241222/00009,4,P106434,3,178.02,SALE,22-12-2024 20:57:38,S06,20241222
S06/20241222/00009,5,P105288,3,271.73,SALE,22-12-2024 20:57:38,S06,20241222
S06/20241222/00009,6,P105227,2,292.54,SALE,22-12-2024 20:57:38,S06,20241222
S06/20241222/00009,7,P106671,3,90.38,SALE,22-12-2024 20:57:38,S06,20241222
S06/20241222/00009,8,P103712,3,481.86,SALE,22-12-2024 20:57:38,S06,20241222
S06/20241222/00009,9,P102892,1,227.52,SALE,22-12-2024 20:57:38,S06,20241222
S06/20241222/00009,10,TAX,1,436.47,TAX,22-12-2024 20:57:38,S06,20241222
S06/20241222/00009,11,TENDER,1,7343.25,TENDER,22-12-2024 20:57:38,S06,20241222
S06/20241222/00010,1,P106844,1,23.44,SALE,22-12-2024 14:37:54,S06,20241222
S06/20241222/00010,2,P100560,1,180.90,SALE,22-12-2024 14:37:54,S06,20241222
S06/20241222/00010,3,P100057,3,233.39,SALE,22-12-2024 14:37:54,S06,20241222
S06/20241222/00010,4,P103054,2,145.96,SALE,22-12-2024 14:37:54,S06,20241222
S06/20241222/00010,5,P102142,2,93.89,SALE,22-12-2024 14:37:54,S06,20241222
S06/20241222/00010,6,TAX,1,119.34,TAX,22-12-2024 14:37:54,S06,20241222
S06/20241222/00010,7,TENDER,1,1503.55,TENDER,22-12-2024 14:37:54,S06,20241222
S06/20241222/00011,1,P105075,1,49.58,SALE,22-12-2024 14:47:20,S06,20241222
S06/20241222/00011,2,P105075,-1,49.58,VOID,22-12-2024 14:47:20,S06,20241222
S06/20241222/00011,3,TAX,1,0.00,TAX,22-12-2024 14:47:20,S06,20241222
S06/20241222/00011,4,TENDER,1,0.00,TENDER,22-12-2024 14:47:20,S06,20241222
S06/20241222/00012,1,P106848,3,17.39,SALE,22-12-2024 18:54:06,S06,20241222
S06/20241222/00012,2,P100933,2,276.15,SALE,22-12-2024 18:54:06,S06,20241222
S06/20241222/00012,3,P101004,3,357.75,SALE,22-12-2024 18:54:06,S06,20241222
S06/20241222/00012,4,P107520,2,139.81,SALE,22-12-2024 18:54:06,S06,20241222
S06/20241222/00012,5,P104320,2,147.42,SALE,22-12-2024 18:54:06,S06,20241222
S06/20241222/00012,6,TAX,1,167.06,TAX,22-12-2024 18:54:06,S06,20241222
S06/20241222/00012,7,TENDER,1,2419.24,TENDER,22-12-2024 18:54:06,S06,20241222
S06/20241222/00013,1,P100354,3,182.63,SALE,22-12-2024 12:11:01,S06,20241222
S06/20241222/00013,2,P106357,2,1078.45,SALE,22-12-2024 12:11:01,S06,20241222
S06/20241222/00013,3,P100827,1,1218.17,SALE,22-12-2024 12:11:01,S06,20241222
S06/20241222/00013,4,P101813,2,273.64,SALE,22-12-2024 12:11:01,S06,20241222
S06/20241222/00013,5,P105021,2,1246.70,SALE,22-12-2024 12:11:01,S06,20241222
S06/20241222/00013,6,DISC,1,-400.37,DISCOUNT,22-12-2024 12:11:01,S06,20241222
S06/20241222/00013,7,TAX,1,587.92,TAX,22-12-2024 12:11:01,S06,20241222
S06/20241222/00013,8,TENDER,1,7151.19,TENDER,22-12-2024 12:11:01,S06,20241222
S06/20241222/00014,1,P100879,1,159.99,SALE,22-12-2024 17:06:24,S06,20241222
S06/20241222/00014,2,P101585,3,10.45,SALE,22-12-2024 17:06:24,S06,20241222
S06/20241222/00014,3,P100528,2,595.90,SALE,22-12-2024 17:06:24,S06,20241222
S06/20241222/00014,4,DISC,1,-112.55,DISCOUNT,22-12-2024 17:06:24,S06,20241222
S06/20241222/00014,5,TAX,1,5.18,TAX,22-12-2024 17:06:24,S06,20241222
S06/20241222/00014,6,TENDER,1,1275.77,TENDER,22-12-2024 17:06:24,S06,20241222
S06/20241222/00015,1,P105666,3,1064.29,SALE,22-12-2024 17:46:15,S06,20241222
S06/20241222/00015,2,P102671,2,252.00,SALE,22-12-2024 17:46:15,S06,20241222
S06/20241222/00015,3,P106297,2,169.05,SALE,22-12-2024 17:46:15,S06,20241222
S06/20241222/00015,4,P100019,3,74.65,SALE,22-12-2024 17:46:15,S06,20241222
S06/20241222/00015,5,P101520,3,187.47,SALE,22-12-2024 17:46:15,S06,20241222
S06/20241222/00015,6,P101327,1,233.22,SALE,22-12-2024 17:46:15,S06,20241222
S06/20241222/00015,7,P100112,4,95.15,SALE,22-12-2024 17:46:15,S06,20241222
S06/20241222/00015,8,P105589,3,90.25,SALE,22-12-2024 17:46:15,S06,20241222
S06/20241222/00015,9,P102217,2,68.46,SALE,22-12-2024 17:46:15,S06,20241222
S06/20241222/00015,10,P108206,1,81.62,SALE,22-12-2024 17:46:15,S06,20241222
S06/20241222/00015,11,TAX,1,379.23,TAX,22-12-2024 17:46:15,S06,20241222
S06/20241222/00015,12,TENDER,1,6303.67,TENDER,22-12-2024 17:46:15,S06,20241222
S06/20241222/00016,1,P103682,3,372.67,SALE,22-12-2024 16:29:53,S06,20241222
S06/20241222/00016,2,P100810,1,200.65,SALE,22-12-2024 16:29:53,S06,20241222
S06/20241222/00016,3,P101961,2,767.84,SALE,22-12-2024 16:29:53,S06,20241222
S06/20241222/00016,4,P104902,2,516.78,SALE,22-12-2024 16:29:53,S06,20241222
S06/20241222/00016,5,P106599,4,245.11,SALE,22-12-2024 16:29:53,S06,20241222
S06/20241222/00016,6,TAX,1,722.76,TAX,22-12-2024 16:29:53,S06,20241222
S06/20241222/00016,7,TENDER,1,5591.10,TENDER,22-12-2024 16:29:53,S06,20241222
S06/20241222/00017,1,P105209,2,399.92,SALE,22-12-2024 17:58:28,S06,20241222
S06/20241222/00017,2,P101117,3,208.14,SALE,22-12-2024 17:58:28,S06,20241222
S06/20241222/00017,3,P104410,3,541.11,SALE,22-12-2024 17:58:28,S06,20241222
S06/20241222/00017,4,P105201,2,365.02,SALE,22-12-2024 17:58:28,S06,20241222
S06/20241222/00017,5,P108179,3,307.53,SALE,22-12-2024 17:58:28,S06,20241222
S06/20241222/00017,6,TAX,1,583.38,TAX,22-12-2024 17:58:28,S06,20241222
S06/20241222/00017,7,TENDER,1,5283.60,TENDER,22-12-2024 17:58:28,S06,20241222
S06/20241222/00018,1,P103340,1,537.50,SALE,22-12-2024 14:50:18,S06,20241222
S06/20241222/00018,2,P107564,1,325.35,SALE,22-12-2024 14:50:18,S06,20241222
S06/20241222/00018,3,P104389,2,169.98,SALE,22-12-2024 14:50:18,S06,20241222
S06/20241222/00018,4,P106207,3,564.89,SALE,22-12-2024 14:50:18,S06,20241222
S06/20241222/00018,5,P105698,4,194.14,SALE,22-12-2024 14:50:18,S06,20241222
S06/20241222/00018,6,P105365,2,420.06,SALE,22-12-2024 14:50:18,S06,20241222
S06/20241222/00018,7,P103886,2,312.24,SALE,22-12-2024 14:50:18,S06,20241222
S06/20241222/00018,8,TAX,1,742.62,TAX,22-12-2024 14:50:18,S06,20241222
S06/20241222/00018,9,TENDER,1,5881.26,TENDER,22-12-2024 14:50:18,S06,20241222
S06/20241222/00019,1,P100035,1,1810.38,SALE,22-12-2024 22:44:09,S06,20241222
S06/20241222/00019,2,P100582,1,170.67,SALE,22-12-2024 22:44:09,S06,20241222
S06/20241222/00019,3,P106629,6,57.49,SALE,22-12-2024 22:44:09,S06,20241222
S06/20241222/00019,4,P101004,1,357.75,SALE,22-12-2024 22:44:09,S06,20241222
S06/20241222/00019,5,P104107,3,479.48,SALE,22-12-2024 22:44:09,S06,20241222
S06/20241222/00019,6,DISC,1,-206.86,DISCOUNT,22-12-2024 22:44:09,S06,20241222
S06/20241222/00019,7,TAX,1,557.41,TAX,22-12-2024 22:44:09,S06,20241222
S06/20241222/00019,8,TENDER,1,4472.73,TENDER,22-12-2024 22:44:09,S06,20241222
S06/20241222/00020,1,P106553,2,139.74,SALE,22-12-2024 15:46:16,S06,20241222
S06/20241222/00020,2,P106310,2,462.03,SALE,22-12-2024 15:46:16,S06,20241222
S06/20241222/00020,3,P106731,2,153.24,SALE,22-12-2024 15:46:16,S06,20241222
S06/20241222/00020,4,P107178,1,298.69,SALE,22-12-2024 15:46:16,S06,20241222
S06/20241222/00020,5,P105575,2,513.17,SALE,22-12-2024 15:46:16,S06,20241222
S06/20241222/00020,6,P108200,2,333.41,SALE,22-12-2024 15:46:16,S06,20241222
S06/20241222/00020,7,P102460,3,582.21,SALE,22-12-2024 15:46:16,S06,20241222
S06/20241222/00020,8,DISC,1,-165.11,DISCOUNT,22-12-2024 15:46:16,S06,20241222
S06/20241222/00020,9,TAX,1,456.33,TAX,22-12-2024 15:46:16,S06,20241222
S06/20241222/00020,10,TENDER,1,5539.72,TENDER,22-12-2024 15:46:16,S06,20241222
S06/20241222/00021,1,P108186,1,308.28,SALE,22-12-2024 15:49:01,S06,20241222
S06/20241222/00021,2,P107217,1,293.45,SALE,22-12-2024 15:49:01,S06,20241222
S06/20241222/00021,3,P100889,1,1028.39,SALE,22-12-2024 15:49:01,S06,20241222
S06/20241222/00021,4,P105057,1,294.62,SALE,22-12-2024 15:49:01,S06,20241222
S06/20241222/00021,5,DISC,1,-74.04,DISCOUNT,22-12-2024 15:49:01,S06,20241222
S06/20241222/00021,6,TAX,1,169.86,TAX,22-12-2024 15:49:01,S06,20241222
S06/20241222/00021,7,TENDER,1,2020.56,TENDER,22-12-2024 15:49:01,S06,20241222
S06/20241222/00022,1,P100621,2,134.28,SALE,22-12-2024 13:47:34,S06,20241222
S06/20241222/00022,2,P108292,4,104.02,SALE,22-12-2024 13:47:34,S06,20241222
S06/20241222/00022,3,P104194,4,119.04,SALE,22-12-2024 13:47:34,S06,20241222
S06/20241222/00022,4,P104202,2,166.10,SALE,22-12-2024 13:47:34,S06,20241222
S06/20241222/00022,5,P103222,2,427.41,SALE,22-12-2024 13:47:34,S06,20241222
S06/20241222/00022,6,TAX,1,236.63,TAX,22-12-2024 13:47:34,S06,20241222
S06/20241222/00022,7,TENDER,1,2584.45,TENDER,22-12-2024 13:47:34,S06,20241222
S06/20241222/00023,1,P106512,2,467.07,SALE,22-12-2024 11:03:43,S06,20241222
S06/20241222/00023,2,P104236,5,289.43,SALE,22-12-2024 11:03:43,S06,20241222
S06/20241222/00023,3,P107110,2,77.73,SALE,22-12-2024 11:03:43,S06,20241222
S06/20241222/00023,4,P107966,1,391.71,SALE,22-12-2024 11:03:43,S06,20241222
S06/20241222/00023,5,P107686,4,347.22,SALE,22-12-2024 11:03:43,S06,20241222
S06/20241222/00023,6,TAX,1,706.61,TAX,22-12-2024 11:03:43,S06,20241222
S06/20241222/00023,7,TENDER,1,5023.95,TENDER,22-12-2024 11:03:43,S06,20241222
S06/20241222/00024,1,P107137,1,32.59,SALE,22-12-2024 16:32:38,S06,20241222
S06/20241222/00024,2,P107463,2,188.92,SALE,22-12-2024 16:32:38,S06,20241222
S06/20241222/00024,3,P104986,5,221.68,SALE,22-12-2024 16:32:38,S06,20241222
S06/20241222/00024,4,P108032,2,648.04,SALE,22-12-2024 16:32:38,S06,20241222
S06/20241222/00024,5,TAX,1,423.05,TAX,22-12-2024 16:32:38,S06,20241222
S06/20241222/00024,6,TENDER,1,3237.96,TENDER,22-12-2024 16:32:38,S06,20241222
S06/20241222/00025,1,P101184,2,64.09,SALE,22-12-2024 13:33:50,S06,20241222
S06/20241222/00025,2,P104121,2,131.32,SALE,22-12-2024 13:33:50,S06,20241222
S06/20241222/00025,3,P101904,3,607.91,SALE,22-12-2024 13:33:50,S06,20241222
S06/20241222/00025,4,P105198,3,15.39,SALE,22-12-2024 13:33:50,S06,20241222
S06/20241222/00025,5,P106478,3,53.31,SALE,22-12-2024 13:33:50,S06,20241222
S06/20241222/00025,6,TAX,1,404.47,TAX,22-12-2024 13:33:50,S06,20241222
S06/20241222/00025,7,TENDER,1,2825.12,TENDER,22-12-2024 13:33:50,S06,20241222
S06/20241222/00026,1,P104266,3,431.11,SALE,22-12-2024 18:58:31,S06,20241222
S06/20241222/00026,2,P102193,4,343.13,SALE,22-12-2024 18:58:31,S06,20241222
S06/20241222/00026,3,TAX,1,479.85,TAX,22-12-2024 18:58:31,S06,20241222
S06/20241222/00026,4,TENDER,1,3145.70,TENDER,22-12-2024 18:58:31,S06,20241222
S06/20241222/00027,1,P100074,2,57.78,SALE,22-12-2024 14:46:38,S06,20241222
S06/20241222/00027,2,P108216,1,69.70,SALE,22-12-2024 14:46:38,S06,20241222
S06/20241222/00027,3,P107920,3,109.22,SALE,22-12-2024 14:46:38,S06,20241222
S06/20241222/00027,4,TAX,1,68.24,TAX,22-12-2024 14:46:38,S06,20241222
S06/20241222/00027,5,TENDER,1,581.16,TENDER,22-12-2024 14:46:38,S06,20241222
S06/20241222/00028,1,P107040,2,474.18,SALE,22-12-2024 07:40:21,S06,20241222
S06/20241222/00028,2,P104909,2,363.10,SALE,22-12-2024 07:40:21,S06,20241222
S06/20241222/00028,3,P108179,2,307.53,SALE,22-12-2024 07:40:21,S06,20241222
S06/20241222/00028,4,P103461,1,109.46,SALE,22-12-2024 07:40:21,S06,20241222
S06/20241222/00028,5,P101558,1,52.58,SALE,22-12-2024 07:40:21,S06,20241222
S06/20241222/00028,6,TAX,1,143.82,TAX,22-12-2024 07:40:21,S06,20241222
S06/20241222/00028,7,TENDER,1,2595.48,TENDER,22-12-2024 07:40:21,S06,20241222
S06/20241222/00029,1,P103766,2,212.45,SALE,22-12-2024 11:51:42,S06,20241222
S06/20241222/00029,2,P105483,1,160.65,SALE,22-12-2024 11:51:42,S06,20241222
S06/20241222/00029,3,P103882,4,273.56,SALE,22-12-2024 11:51:42,S06,20241222
S06/20241222/00029,4,P107488,1,303.21,SALE,22-12-2024 11:51:42,S06,20241222
S06/20241222/00029,5,DISC,1,-50.62,DISCOUNT,22-12-2024 11:51:42,S06,20241222
S06/20241222/00029,6,TAX,1,294.00,TAX,22-12-2024 11:51:42,S06,20241222
S06/20241222/00029,7,TENDER,1,2226.38,TENDER,22-12-2024 11:51:42,S06,20241222
S06/20241222/00030,1,P104404,2,890.27,SALE,22-12-2024 13:33:48,S06,20241222
S06/20241222/00030,2,P102868,1,471.29,SALE,22-12-2024 13:33:48,S06,20241222
S06/20241222/00030,3,P104389,4,169.98,SALE,22-12-2024 13:33:48,S06,20241222
S06/20241222/00030,4,TAX,1,420.88,TAX,22-12-2024 13:33:48,S06,20241222
S06/20241222/00030,5,TENDER,1,3352.63,TENDER,22-12-2024 13:33:48,S06,20241222
S06/20241222/00031,1,P105695,2,158.81,SALE,22-12-2024 10:32:18,S06,20241222
S06/20241222/00031,2,P102236,3,928.51,SALE,22-12-2024 10:32:18,S06,20241222
S06/20241222/00031,3,P107848,2,267.41,SALE,22-12-2024 10:32:18,S06,20241222
S06/20241222/00031,4,P106542,3,139.24,SALE,22-12-2024 10:32:18,S06,20241222
S06/20241222/00031,5,P106872,5,73.12,SALE,22-12-2024 10:32:18,S06,20241222
S06/20241222/00031,6,TAX,1,322.90,TAX,22-12-2024 10:32:18,S06,20241222
S06/20241222/00031,7,TENDER,1,4744.19,TENDER,22-12-2024 10:32:18,S06,20241222
S06/20241222/00032,1,P106858,1,281.23,SALE,22-12-2024 19:12:17,S06,20241222
S06/20241222/00032,2,P107178,1,298.69,SALE,22-12-2024 19:12:17,S06,20241222
S06/20241222/00032,3,P105155,1,350.84,SALE,22-12-2024 19:12:17,S06,20241222
S06/20241222/00032,4,P107946,4,313.77,SALE,22-12-2024 19:12:17,S06,20241222
S06/20241222/00032,5,P106434,2,178.02,SALE,22-12-2024 19:12:17,S06,20241222
S06/20241222/00032,6,P102868,1,471.29,SALE,22-12-2024 19:12:17,S06,20241222
S06/20241222/00032,7,P100140,2,58.05,SALE,22-12-2024 19:12:17,S06,20241222
S06/20241222/00032,8,TAX,1,252.46,TAX,22-12-2024 19:12:17,S06,20241222
S06/20241222/00032,9,TENDER,1,3381.73,TENDER,22-12-2024 19:12:17,S06,20241222
S06/20241222/00033,1,P107662,2,330.01,SALE,22-12-2024 16:33:24,S06,20241222
S06/20241222/00033,2,P100210,1,1073.90,SALE,22-12-2024 16:33:24,S06,20241222
S06/20241222/00033,3,P103416,4,73.27,SALE,22-12-2024 16:33:24,S06,20241222
S06/20241222/00033,4,P102993,1,318.19,SALE,22-12-2024 16:33:24,S06,20241222
S06/20241222/00033,5,P108046,2,101.85,SALE,22-12-2024 16:33:24,S06,20241222
S06/20241222/00033,6,TAX,1,353.00,TAX,22-12-2024 16:33:24,S06,20241222
S06/20241222/00033,7,TENDER,1,2901.89,TENDER,22-12-2024 16:33:24,S06,20241222
S06/20241222/00034,1,P105713,1,345.36,SALE,22-12-2024 18:22:37,S06,20241222
S06/20241222/00034,2,P101142,1,102.04,SALE,22-12-2024 18:22:37,S06,20241222
S06/20241222/00034,3,TAX,1,29.51,TAX,22-12-2024 18:22:37,S06,20241222
S06/20241222/00034,4,TENDER,1,476.91,TENDER,22-12-2024 18:22:37,S06,20241222
S06/20241222/00035,1,P103552,3,125.20,SALE,22-12-2024 19:16:10,S06,20241222
S06/20241222/00035,2,P102609,3,183.47,SALE,22-12-2024 19:16:10,S06,20241222
S06/20241222/00035,3,P100549,1,320.43,SALE,22-12-2024 19:16:10,S06,20241222
S06/20241222/00035,4,P102112,3,389.72,SALE,22-12-2024 19:16:10,S06,20241222
S06/20241222/00035,5,P102755,4,75.17,SALE,22-12-2024 19:16:10,S06,20241222
S06/20241222/00035,6,P101010,4,71.39,SALE,22-12-2024 19:16:10,S06,20241222
S06/20241222/00035,7,P105167,3,875.77,SALE,22-12-2024 19:16:10,S06,20241222
S06/20241222/00035,8,P107715,1,241.95,SALE,22-12-2024 19:16:10,S06,20241222
S06/20241222/00035,9,P107078,1,98.82,SALE,22-12-2024 19:16:10,S06,20241222
S06/20241222/00035,10,TAX,1,469.02,TAX,22-12-2024 19:16:10,S06,20241222
S06/20241222/00035,11,TENDER,1,6438.94,TENDER,22-12-2024 19:16:10,S06,20241222
S06/20241222/00036,1,P108067,1,640.50,SALE,22-12-2024 13:40:31,S06,20241222
S06/20241222/00036,2,P107056,1,341.76,SALE,22-12-2024 13:40:31,S06,20241222
S06/20241222/00036,3,P104435,3,477.09,SALE,22-12-2024 13:40:31,S06,20241222
S06/20241222/00036,4,P104965,1,88.50,SALE,22-12-2024 13:40:31,S06,20241222
S06/20241222/00036,5,P102397,2,355.28,SALE,22-12-2024 13:40:31,S06,20241222
S06/20241222/00036,6,TAX,1,322.96,TAX,22-12-2024 13:40:31,S06,20241222
S06/20241222/00036,7,TENDER,1,3535.55,TENDER,22-12-2024 13:40:31,S06,20241222
S06/20241222/00037,1,P104202,1,166.10,SALE,22-12-2024 16:05:09,S06,20241222
S06/20241222/00037,2,P106373,3,48.45,SALE,22-12-2024 16:05:09,S06,20241222
S06/20241222/00037,3,P100840,1,248.08,SALE,22-12-2024 16:05:09,S06,20241222
S06/20241222/00037,4,P104219,1,249.74,SALE,22-12-2024 16:05:09,S06,20241222
S06/20241222/00037,5,P102835,1,101.19,SALE,22-12-2024 16:05:09,S06,20241222
S06/20241222/00037,6,P107094,1,97.95,SALE,22-12-2024 16:05:09,S06,20241222
S06/20241222/00037,7,P101558,2,52.58,SALE,22-12-2024 16:05:09,S06,20241222
S06/20241222/00037,8,TAX,1,130.59,TAX,22-12-2024 16:05:09,S06,20241222
S06/20241222/00037,9,TENDER,1,1244.16,TENDER,22-12-2024 16:05:09,S06,20241222
S06/20241222/00038,1,P104992,3,979.87,SALE,22-12-2024 13:17:17,S06,20241222
S06/20241222/00038,2,P101404,2,228.51,SALE,22-12-2024 13:17:17,S06,20241222
S06/20241222/00038,3,P101656,2,324.95,SALE,22-12-2024 13:17:17,S06,20241222
S06/20241222/00038,4,P102972,1,227.38,SALE,22-12-2024 13:17:17,S06,20241222
S06/20241222/00038,5,P101720,3,44.26,SALE,22-12-2024 13:17:17,S06,20241222
S06/20241222/00038,6,P105021,2,1246.70,SALE,22-12-2024 13:17:17,S06,20241222
S06/20241222/00038,7,DISC,1,-539.37,DISCOUNT,22-12-2024 13:17:17,S06,20241222
S06/20241222/00038,8,TAX,1,400.05,TAX,22-12-2024 13:17:17,S06,20241222
S06/20241222/00038,9,TENDER,1,6760.77,TENDER,22-12-2024 13:17:17,S06,20241222
S06/20241222/00039,1,P104107,1,479.48,SALE,22-12-2024 15:58:37,S06,20241222
S06/20241222/00039,2,P106464,2,277.18,SALE,22-12-2024 15:58:37,S06,20241222
S06/20241222/00039,3,P101710,4,345.87,SALE,22-12-2024 15:58:37,S06,20241222
S06/20241222/00039,4,P103364,1,118.90,SALE,22-12-2024 15:58:37,S06,20241222
S06/20241222/00039,5,P102779,1,25.62,SALE,22-12-2024 15:58:37,S06,20241222
S06/20241222/00039,6,TAX,1,321.92,TAX,22-12-2024 15:58:37,S06,20241222
S06/20241222/00039,7,TENDER,1,2883.76,TENDER,22-12-2024 15:58:37,S06,20241222
S06/20241222/00040,1,P107639,2,128.49,SALE,22-12-2024 16:40:41,S06,20241222
S06/20241222/00040,2,P107890,1,133.07,SALE,22-12-2024 16:40:41,S06,20241222
S06/20241222/00040,3,P108326,3,472.80,SALE,22-12-2024 16:40:41,S06,20241222
S06/20241222/00040,4,P104587,5,252.25,SALE,22-12-2024 16:40:41,S06,20241222
S06/20241222/00040,5,P100967,1,969.23,SALE,22-12-2024 16:40:41,S06,20241222
S06/20241222/00040,6,TAX,1,387.07,TAX,22-12-2024 16:40:41,S06,20241222
S06/20241222/00040,7,TENDER,1,4426.00,TENDER,22-12-2024 16:40:41,S06,20241222
S06/20241222/00041,1,P100560,2,180.90,SALE,22-12-2024 23:16:30,S06,20241222
S06/20241222/00041,2,P104032,2,603.87,SALE,22-12-2024 23:16:30,S06,20241222
S06/20241222/00041,3,P107920,1,109.22,SALE,22-12-2024 23:16:30,S06,20241222
S06/20241222/00041,4,P101613,1,125.30,SALE,22-12-2024 23:16:30,S06,20241222
S06/20241222/00041,5,P107400,2,273.33,SALE,22-12-2024 23:16:30,S06,20241222
S06/20241222/00041,6,P102772,1,151.97,SALE,22-12-2024 23:16:30,S06,20241222
S06/20241222/00041,7,P108110,2,16.57,SALE,22-12-2024 23:16:30,S06,20241222
S06/20241222/00041,8,DISC,1,-111.12,DISCOUNT,22-12-2024 23:16:30,S06,20241222
S06/20241222/00041,9,TAX,1,396.80,TAX,22-12-2024 23:16:30,S06,20241222
S06/20241222/00041,10,TENDER,1,2821.51,TENDER,22-12-2024 23:16:30,S06,20241222
S06/20241222/00042,1,P100172,3,205.47,SALE,22-12-2024 19:54:39,S06,20241222
S06/20241222/00042,2,P104081,1,652.80,SALE,22-12-2024 19:54:39,S06,20241222
S06/20241222/00042,3,P106989,1,26.75,SALE,22-12-2024 19:54:39,S06,20241222
S06/20241222/00042,4,P100198,4,162.72,SALE,22-12-2024 19:54:39,S06,20241222
S06/20241222/00042,5,P100511,2,442.66,SALE,22-12-2024 19:54:39,S06,20241222
S06/20241222/00042,6,TAX,1,174.42,TAX,22-12-2024 19:54:39,S06,20241222
S06/20241222/00042,7,TENDER,1,3006.58,TENDER,22-12-2024 19:54:39,S06,20241222
S06/20241222/00043,1,P102248,3,22.39,SALE,22-12-2024 17:41:15,S06,20241222
S06/20241222/00043,2,P102714,1,86.80,SALE,22-12-2024 17:41:15,S06,20241222
S06/20241222/00043,3,P103484,5,109.59,SALE,22-12-2024 17:41:15,S06,20241222
S06/20241222/00043,4,P103822,3,594.96,SALE,22-12-2024 17:41:15,S06,20241222
S06/20241222/00043,5,P105720,5,69.64,SALE,22-12-2024 17:41:15,S06,20241222
S06/20241222/00043,6,P102546,1,74.67,SALE,22-12-2024 17:41:15,S06,20241222
S06/20241222/00043,7,P104784,3,370.89,SALE,22-12-2024 17:41:15,S06,20241222
S06/20241222/00043,8,P102248,-3,22.39,VOID,22-12-2024 17:41:15,S06,20241222
S06/20241222/00043,9,P102714,-1,86.80,VOID,22-12-2024 17:41:15,S06,20241222
S06/20241222/00043,10,P103484,-5,109.59,VOID,22-12-2024 17:41:15,S06,20241222
S06/20241222/00043,11,P103822,-3,594.96,VOID,22-12-2024 17:41:15,S06,20241222
S06/20241222/00043,12,P105720,-5,69.64,VOID,22-12-2024 17:41:15,S06,20241222
S06/20241222/00043,13,P102546,-1,74.67,VOID,22-12-2024 17:41:15,S06,20241222
S06/20241222/00043,14,P104784,-3,370.89,VOID,22-12-2024 17:41:15,S06,20241222
S06/20241222/00043,15,TAX,1,0.00,TAX,22-12-2024 17:41:15,S06,20241222
S06/20241222/00043,16,TENDER,1,0.00,TENDER,22-12-2024 17:41:15,S06,20241222
S06/20241222/00044,1,P105684,1,1114.27,SALE,22-12-2024 12:32:48,S06,20241222
S06/20241222/00044,2,P104219,2,249.74,SALE,22-12-2024 12:32:48,S06,20241222
S06/20241222/00044,3,P103680,3,210.26,SALE,22-12-2024 12:32:48,S06,20241222
S06/20241222/00044,4,P106911,1,232.77,SALE,22-12-2024 12:32:48,S06,20241222
S06/20241222/00044,5,P100250,2,544.91,SALE,22-12-2024 12:32:48,S06,20241222
S06/20241222/00044,6,P100183,2,1466.16,SALE,22-12-2024 12:32:48,S06,20241222
S06/20241222/00044,7,P101258,5,216.42,SALE,22-12-2024 12:32:48,S06,20241222
S06/20241222/00044,8,P107063,2,387.93,SALE,22-12-2024 12:32:48,S06,20241222
S06/20241222/00044,9,P107966,2,391.71,SALE,22-12-2024 12:32:48,S06,20241222
S06/20241222/00044,10,P100855,1,345.07,SALE,22-12-2024 12:32:48,S06,20241222
S06/20241222/00044,11,P107759,3,237.07,SALE,22-12-2024 12:32:48,S06,20241222
S06/20241222/00044,12,P101048,2,219.90,SALE,22-12-2024 12:32:48,S06,20241222
S06/20241222/00044,13,TAX,1,894.00,TAX,22-12-2024 12:32:48,S06,20241222
S06/20241222/00044,14,TENDER,1,11530.90,TENDER,22-12-2024 12:32:48,S06,20241222
S06/20241222/00045,1,P100224,2,79.22,SALE,22-12-2024 14:55:10,S06,20241222
S06/20241222/00045,2,P107890,2,133.07,SALE,22-12-2024 14:55:10,S06,20241222
S06/20241222/00045,3,P103397,3,371.02,SALE,22-12-2024 14:55:10,S06,20241222
S06/20241222/00045,4,P108389,3,837.30,SALE,22-12-2024 14:55:10,S06,20241222
S06/20241222/00045,5,TAX,1,146.82,TAX,22-12-2024 14:55:10,S06,20241222
S06/20241222/00045,6,TENDER,1,4196.36,TENDER,22-12-2024 14:55:10,S06,20241222
S06/20241222/00046,1,P106015,4,148.43,SALE,22-12-2024 15:44:34,S06,20241222
S06/20241222/00046,2,P103054,1,145.96,SALE,22-12-2024 15:44:34,S06,20241222
S06/20241222/00046,3,P102021,2,90.22,SALE,22-12-2024 15:44:34,S06,20241222
S06/20241222/00046,4,P101558,2,52.58,SALE,22-12-2024 15:44:34,S06,20241222
S06/20241222/00046,5,DISC,1,-27.54,DISCOUNT,22-12-2024 15:44:34,S06,20241222
S06/20241222/00046,6,TAX,1,108.82,TAX,22-12-2024 15:44:34,S06,20241222
S06/20241222/00046,7,TENDER,1,1106.56,TENDER,22-12-2024 15:44:34,S06,20241222
S06/20241222/00047,1,P103785,1,606.71,SALE,22-12-2024 12:59:57,S06,20241222
S06/20241222/00047,2,P100418,3,213.97,SALE,22-12-2024 12:59:57,S06,20241222
S06/20241222/00047,3,P106942,4,206.70,SALE,22-12-2024 12:59:57,S06,20241222
S06/20241222/00047,4,P101813,2,273.64,SALE,22-12-2024 12:59:57,S06,20241222
S06/20241222/00047,5,P102849,2,682.39,SALE,22-12-2024 12:59:57,S06,20241222
S06/20241222/00047,6,P102112,2,389.72,SALE,22-12-2024 12:59:57,S06,20241222
S06/20241222/00047,7,TAX,1,371.45,TAX,22-12-2024 12:59:57,S06,20241222
S06/20241222/00047,8,TENDER,1,5138.37,TENDER,22-12-2024 12:59:57,S06,20241222
S06/20241222/00048,1,P101842,2,227.96,SALE,22-12-2024 11:35:46,S06,20241222
S06/20241222/00048,2,P101095,3,205.38,SALE,22-12-2024 11:35:46,S06,20241222
S06/20241222/00048,3,P103886,1,312.24,SALE,22-12-2024 11:35:46,S06,20241222
S06/20241222/00048,4,P107246,2,313.74,SALE,22-12-2024 11:35:46,S06,20241222
S06/20241222/00048,5,DISC,1,-179.60,DISCOUNT,22-12-2024 11:35:46,S06,20241222
S06/20241222/00048,6,TAX,1,123.62,TAX,22-12-2024 11:35:46,S06,20241222
S06/20241222/00048,7,TENDER,1,1955.80,TENDER,22-12-2024 11:35:46,S06,20241222
S06/20241222/00049,1,P100007,2,155.06,SALE,22-12-2024 17:25:07,S06,20241222
S06/20241222/00049,2,P107301,1,945.94,SALE,22-12-2024 17:25:07,S06,20241222
S06/20241222/00049,3,P103487,1,361.14,SALE,22-12-2024 17:25:07,S06,20241222
S06/20241222/00049,4,P106151,2,298.42,SALE,22-12-2024 17:25:07,S06,20241222
S06/20241222/00049,5,TAX,1,170.78,TAX,22-12-2024 17:25:07,S06,20241222
S06/20241222/00049,6,TENDER,1,2384.82,TENDER,22-12-2024 17:25:07,S06,20241222
S06/20241222/00050,1,P105062,1,14.84,SALE,22-12-2024 09:40:39,S06,20241222
S06/20241222/00050,2,P102432,3,895.86,SALE,22-12-2024 09:40:39,S06,20241222
S06/20241222/00050,3,P100838,2,38.03,SALE,22-12-2024 09:40:39,S06,20241222
S06/20241222/00050,4,P106501,1,164.07,SALE,22-12-2024 09:40:39,S06,20241222
S06/20241222/00050,5,TAX,1,358.52,TAX,22-12-2024 09:40:39,S06,20241222
S06/20241222/00050,6,TENDER,1,3301.07,TENDER,22-12-2024 09:40:39,S06,20241222
S06/20241222/00051,1,P106620,3,273.19,SALE,22-12-2024 17:43:07,S06,20241222
S06/20241222/00051,2,P106151,6,298.42,SALE,22-12-2024 17:43:07,S06,20241222
S06/20241222/00051,3,P101864,2,112.21,SALE,22-12-2024 17:43:07,S06,20241222
S06/20241222/00051,4,P105405,3,430.78,SALE,22-12-2024 17:43:07,S06,20241222
S06/20241222/00051,5,P105497,2,70.98,SALE,22-12-2024 17:43:07,S06,20241222
S06/20241222/00051,6,P100593,2,32.38,SALE,22-12-2024 17:43:07,S06,20241222
S06/20241222/00051,7,P100946,2,81.33,SALE,22-12-2024 17:43:07,S06,20241222
S06/20241222/00051,8,TAX,1,467.78,TAX,22-12-2024 17:43:07,S06,20241222
S06/20241222/00051,9,TENDER,1,4964.01,TENDER,22-12-2024 17:43:07,S06,20241222
S06/20241222/00052,1,P105180,5,102.63,SALE,22-12-2024 16:24:04,S06,20241222
S06/20241222/00052,2,P100019,3,74.65,SALE,22-12-2024 16:24:04,S06,20241222
S06/20241222/00052,3,TAX,1,132.68,TAX,22-12-2024 16:24:04,S06,20241222
S06/20241222/00052,4,TENDER,1,869.78,TENDER,22-12-2024 16:24:04,S06,20241222
S06/20241222/00053,1,P104858,3,331.88,SALE,22-12-2024 11:02:09,S06,20241222
S06/20241222/00053,2,P105307,2,818.25,SALE,22-12-2024 11:02:09,S06,20241222
S06/20241222/00053,3,P104950,2,91.01,SALE,22-12-2024 11:02:09,S06,20241222
S06/20241222/00053,4,P106629,3,57.49,SALE,22-12-2024 11:02:09,S06,20241222
S06/20241222/00053,5,TAX,1,265.11,TAX,22-12-2024 11:02:09,S06,20241222
S06/20241222/00053,6,TENDER,1,3251.74,TENDER,22-12-2024 11:02:09,S06,20241222
S06/20241222/00054,1,P105351,3,109.14,SALE,22-12-2024 14:47:37,S06,20241222
S06/20241222/00054,2,P100203,3,272.10,SALE,22-12-2024 14:47:37,S06,20241222
S06/20241222/00054,3,P103606,2,185.94,SALE,22-12-2024 14:47:37,S06,20241222
S06/20241222/00054,4,TAX,1,118.34,TAX,22-12-2024 14:47:37,S06,20241222
S06/20241222/00054,5,TENDER,1,1633.94,TENDER,22-12-2024 14:47:37,S06,20241222
S06/20241222/00055,1,P103806,2,319.17,SALE,22-12-2024 15:01:16,S06,20241222
S06/20241222/00055,2,P104344,3,390.44,SALE,22-12-2024 15:01:16,S06,20241222
S06/20241222/00055,3,P107837,2,104.51,SALE,22-12-2024 15:01:16,S06,20241222
S06/20241222/00055,4,P106592,2,864.85,SALE,22-12-2024 15:01:16,S06,20241222
S06/20241222/00055,5,TAX,1,334.95,TAX,22-12-2024 15:01:16,S06,20241222
S06/20241222/00055,6,TENDER,1,4083.33,TENDER,22-12-2024 15:01:16,S06,20241222
S06/20241222/00056,1,P105878,3,282.51,SALE,22-12-2024 18:06:16,S06,20241222
S06/20241222/00056,2,P102142,3,93.89,SALE,22-12-2024 18:06:16,S06,20241222
S06/20241222/00056,3,P100827,2,1218.17,SALE,22-12-2024 18:06:16,S06,20241222
S06/20241222/00056,4,P104478,2,18.27,SALE,22-12-2024 18:06:16,S06,20241222
S06/20241222/00056,5,P105433,3,144.32,SALE,22-12-2024 18:06:16,S06,20241222
S06/20241222/00056,6,P107621,2,126.82,SALE,22-12-2024 18:06:16,S06,20241222
S06/20241222/00056,7,TAX,1,140.97,TAX,22-12-2024 18:06:16,S06,20241222
S06/20241222/00056,8,TENDER,1,4429.65,TENDER,22-12-2024 18:06:16,S06,20241222
S06/20241222/00057,1,P104558,1,440.08,SALE,22-12-2024 18:35:56,S06,20241222
S06/20241222/00057,2,P107575,2,82.07,SALE,22-12-2024 18:35:56,S06,20241222
S06/20241222/00057,3,P107100,2,200.76,SALE,22-12-2024 18:35:56,S06,20241222
S06/20241222/00057,4,P105651,4,108.83,SALE,22-12-2024 18:35:56,S06,20241222
S06/20241222/00057,5,P105855,1,123.28,SALE,22-12-2024 18:35:56,S06,20241222
S06/20241222/00057,6,P101578,4,44.18,SALE,22-12-2024 18:35:56,S06,20241222
S06/20241222/00057,7,P106720,1,126.28,SALE,22-12-2024 18:35:56,S06,20241222
S06/20241222/00057,8,P106927,1,156.05,SALE,22-12-2024 18:35:56,S06,20241222
S06/20241222/00057,9,TAX,1,224.88,TAX,22-12-2024 18:35:56,S06,20241222
S06/20241222/00057,10,TENDER,1,2248.27,TENDER,22-12-2024 18:35:56,S06,20241222
S06/20241222/00058,1,P103105,1,34.12,SALE,22-12-2024 16:35:57,S06,20241222
S06/20241222/00058,2,P103273,2,356.86,SALE,22-12-2024 16:35:57,S06,20241222
S06/20241222/00058,3,P105633,3,46.25,SALE,22-12-2024 16:35:57,S06,20241222
S06/20241222/00058,4,P103040,1,410.59,SALE,22-12-2024 16:35:57,S06,20241222
S06/20241222/00058,5,P103908,1,104.62,SALE,22-12-2024 16:35:57,S06,20241222
S06/20241222/00058,6,P106783,1,94.23,SALE,22-12-2024 16:35:57,S06,20241222
S06/20241222/00058,7,TAX,1,202.15,TAX,22-12-2024 16:35:57,S06,20241222
S06/20241222/00058,8,TENDER,1,1698.18,TENDER,22-12-2024 16:35:57,S06,20241222
S06/20241222/00059,1,P105733,4,151.69,SALE,22-12-2024 12:54:53,S06,20241222
S06/20241222/00059,2,P107767,1,510.38,SALE,22-12-2024 12:54:53,S06,20241222
S06/20241222/00059,3,P100864,1,208.63,SALE,22-12-2024 12:54:53,S06,20241222
S06/20241222/00059,4,P106234,2,79.42,SALE,22-12-2024 12:54:53,S06,20241222
S06/20241222/00059,5,P102353,1,139.83,SALE,22-12-2024 12:54:53,S06,20241222
S06/20241222/00059,6,TAX,1,198.34,TAX,22-12-2024 12:54:53,S06,20241222
S06/20241222/00059,7,TENDER,1,1822.78,TENDER,22-12-2024 12:54:53,S06,20241222
S06/20241222/00060,1,P106254,2,1282.79,SALE,22-12-2024 15:49:25,S06,20241222
S06/20241222/00060,2,P101489,2,555.59,SALE,22-12-2024 15:49:25,S06,20241222
S06/20241222/00060,3,P102972,3,227.38,SALE,22-12-2024 15:49:25,S06,20241222
S06/20241222/00060,4,P105127,2,77.13,SALE,22-12-2024 15:49:25,S06,20241222
S06/20241222/00060,5,TAX,1,89.57,TAX,22-12-2024 15:49:25,S06,20241222
S06/20241222/00060,6,TENDER,1,4602.73,TENDER,22-12-2024 15:49:25,S06,20241222
S06/20241222/00061,1,P106927,2,156.05,SALE,22-12-2024 15:58:43,S06,20241222
S06/20241222/00061,2,P106751,2,134.60,SALE,22-12-2024 15:58:43,S06,20241222
S06/20241222/00061,3,P104435,3,477.09,SALE,22-12-2024 15:58:43,S06,20241222
S06/20241222/00061,4,P101851,1,1750.29,SALE,22-12-2024 15:58:43,S06,20241222
S06/20241222/00061,5,P103178,2,21.89,SALE,22-12-2024 15:58:43,S06,20241222
S06/20241222/00061,6,P103022,1,60.43,SALE,22-12-2024 15:58:43,S06,20241222
S06/20241222/00061,7,P102626,3,416.91,SALE,22-12-2024 15:58:43,S06,20241222
S06/20241222/00061,8,TAX,1,366.04,TAX,22-12-2024 15:58:43,S06,20241222
S06/20241222/00061,9,TENDER,1,5483.84,TENDER,22-12-2024 15:58:43,S06,20241222
S06/20241222/00062,1,P100308,1,328.66,SALE,22-12-2024 15:57:29,S06,20241222
S06/20241222/00062,2,P106288,1,48.38,SALE,22-12-2024 15:57:29,S06,20241222
S06/20241222/00062,3,TAX,1,41.86,TAX,22-12-2024 15:57:29,S06,20241222
S06/20241222/00062,4,TENDER,1,418.90,TENDER,22-12-2024 15:57:29,S06,20241222
S06/20241222/00063,1,P105624,2,380.06,SALE,22-12-2024 15:55:45,S06,20241222
S06/20241222/00063,2,P101444,2,838.86,SALE,22-12-2024 15:55:45,S06,20241222
S06/20241222/00063,3,P105433,2,144.32,SALE,22-12-2024 15:55:45,S06,20241222
S06/20241222/00063,4,TAX,1,173.85,TAX,22-12-2024 15:55:45,S06,20241222
S06/20241222/00063,5,TENDER,1,2900.33,TENDER,22-12-2024 15:55:45,S06,20241222
S06/20241222/00064,1,P103896,3,203.30,SALE,22-12-2024 12:02:43,S06,20241222
S06/20241222/00064,2,P104236,1,289.43,SALE,22-12-2024 12:02:43,S06,20241222
S06/20241222/00064,3,P107301,2,945.94,SALE,22-12-2024 12:02:43,S06,20241222
S06/20241222/00064,4,P106221,2,31.65,SALE,22-12-2024 12:02:43,S06,20241222
S06/20241222/00064,5,P100298,2,53.95,SALE,22-12-2024 12:02:43,S06,20241222
S06/20241222/00064,6,TAX,1,178.67,TAX,22-12-2024 12:02:43,S06,20241222
S06/20241222/00064,7,TENDER,1,3141.08,TENDER,22-12-2024 12:02:43,S06,20241222
S06/20241223/00001,1,P107354,3,227.60,SALE,23-12-2024 16:25:53,S06,20241223
S06/20241223/00001,2,P102122,2,138.84,SALE,23-12-2024 16:25:53,S06,20241223
S06/20241223/00001,3,P102880,3,575.53,SALE,23-12-2024 16:25:53,S06,20241223
S06/20241223/00001,4,P100499,1,258.12,SALE,23-12-2024 16:25:53,S06,20241223
S06/20241223/00001,5,P104236,1,289.43,SALE,23-12-2024 16:25:53,S06,20241223
S06/20241223/00001,6,TAX,1,301.32,TAX,23-12-2024 16:25:53,S06,20241223
S06/20241223/00001,7,TENDER,1,3535.94,TENDER,23-12-2024 16:25:53,S06,20241223
S06/20241223/00002,1,P106009,3,372.60,SALE,23-12-2024 15:10:08,S06,20241223
S06/20241223/00002,2,P104358,2,1243.57,SALE,23-12-2024 15:10:08,S06,20241223
S06/20241223/00002,3,P103424,1,295.58,SALE,23-12-2024 15:10:08,S06,20241223
S06/20241223/00002,4,DISC,1,-373.02,DISCOUNT,23-12-2024 15:10:08,S06,20241223
S06/20241223/00002,5,TAX,1,423.30,TAX,23-12-2024 15:10:08,S06,20241223
S06/20241223/00002,6,TENDER,1,3950.80,TENDER,23-12-2024 15:10:08,S06,20241223
S06/20241223/00003,1,P100418,3,213.97,SALE,23-12-2024 10:27:08,S06,20241223
S06/20241223/00003,2,P105351,2,109.14,SALE,23-12-2024 10:27:08,S06,20241223
S06/20241223/00003,3,TAX,1,39.29,TAX,23-12-2024 10:27:08,S06,20241223
S06/20241223/00003,4,TENDER,1,899.48,TENDER,23-12-2024 10:27:08,S06,20241223
S06/20241223/00004,1,P101367,1,512.46,SALE,23-12-2024 19:14:44,S06,20241223
S06/20241223/00004,2,P104032,2,603.87,SALE,23-12-2024 19:14:44,S06,20241223
S06/20241223/00004,3,P105400,3,53.13,SALE,23-12-2024 19:14:44,S06,20241223
S06/20241223/00004,4,P105384,1,315.25,SALE,23-12-2024 19:14:44,S06,20241223
S06/20241223/00004,5,P106115,2,128.36,SALE,23-12-2024 19:14:44,S06,20241223
S06/20241223/00004,6,TAX,1,422.37,TAX,23-12-2024 19:14:44,S06,20241223
S06/20241223/00004,7,TENDER,1,2873.93,TENDER,23-12-2024 19:14:44,S06,20241223
S06/20241223/00005,1,P107526,1,54.94,SALE,23-12-2024 15:16:43,S06,20241223
S06/20241223/00005,2,P107759,4,257.69,SALE,23-12-2024 15:16:43,S06,20241223
S06/20241223/00005,3,P105003,1,323.64,SALE,23-12-2024 15:16:43,S06,20241223
S06/20241223/00005,4,DISC,1,-149.27,DISCOUNT,23-12-2024 15:16:43,S06,20241223
S06/20241223/00005,5,TAX,1,60.93,TAX,23-12-2024 15:16:43,S06,20241223
S06/20241223/00005,6,TENDER,1,1321.00,TENDER,23-12-2024 15:16:43,S06,20241223
S06/20241223/00006,1,P104637,2,353.99,SALE,23-12-2024 14:24:57,S06,20241223
S06/20241223/00006,2,P106015,3,148.43,SALE,23-12-2024 14:24:57,S06,20241223
S06/20241223/00006,3,P100044,3,737.05,SALE,23-12-2024 14:24:57,S06,20241223
S06/20241223/00006,4,P103864,2,540.44,SALE,23-12-2024 14:24:57,S06,20241223
S06/20241223/00006,5,P100203,2,272.10,SALE,23-12-2024 14:24:57,S06,20241223
S06/20241223/00006,6,P106239,2,803.36,SALE,23-12-2024 14:24:57,S06,20241223
S06/20241223/00006,7,P101095,2,205.38,SALE,23-12-2024 14:24:57,S06,20241223
S06/20241223/00006,8,DISC,1,-220.68,DISCOUNT,23-12-2024 14:24:57,S06,20241223
S06/20241223/00006,9,TAX,1,469.71,TAX,23-12-2024 14:24:57,S06,20241223
S06/20241223/00006,10,TENDER,1,7256.01,TENDER,23-12-2024 14:24:57,S06,20241223
S06/20241223/00007,1,P107320,2,231.92,SALE,23-12-2024 14:32:34,S06,20241223
S06/20241223/00007,2,P105937,2,259.08,SALE,23-12-2024 14:32:34,S06,20241223
S06/20241223/00007,3,P100946,1,81.33,SALE,23-12-2024 14:32:34,S06,20241223
S06/20241223/00007,4,P102129,1,241.90,SALE,23-12-2024 14:32:34,S06,20241223
S06/20241223/00007,5,TAX,1,175.66,TAX,23-12-2024 14:32:34,S06,20241223
S06/20241223/00007,6,TENDER,1,1480.89,TENDER,23-12-2024 14:32:34,S06,20241223
S06/20241223/00008,1,P104986,3,221.68,SALE,23-12-2024 14:30:01,S06,20241223
S06/20241223/00008,2,P101974,2,302.00,SALE,23-12-2024 14:30:01,S06,20241223
S06/20241223/00008,3,P104226,2,303.01,SALE,23-12-2024 14:30:01,S06,20241223
S06/20241223/00008,4,P106620,2,273.19,SALE,23-12-2024 14:30:01,S06,20241223
S06/20241223/00008,5,P107654,3,409.57,SALE,23-12-2024 14:30:01,S06,20241223
S06/20241223/00008,6,P103749,1,17.91,SALE,23-12-2024 14:30:01,S06,20241223
S06/20241223/00008,7,P105524,3,81.14,SALE,23-12-2024 14:30:01,S06,20241223
S06/20241223/00008,8,TAX,1,488.48,TAX,23-12-2024 14:30:01,S06,20241223
S06/20241223/00008,9,TENDER,1,4399.96,TENDER,23-12-2024 14:30:01,S06,20241223
S06/20241223/00009,1,P103861,1,57.59,SALE,23-12-2024 15:38:44,S06,20241223
S06/20241223/00009,2,P108356,3,234.68,SALE,23-12-2024 15:38:44,S06,20241223
S06/20241223/00009,3,P105227,3,292.54,SALE,23-12-2024 15:38:44,S06,20241223
S06/20241223/00009,4,P101515,2,60.18,SALE,23-12-2024 15:38:44,S06,20241223
S06/20241223/00009,5,P103661,2,125.81,SALE,23-12-2024 15:38:44,S06,20241223
S06/20241223/00009,6,TAX,1,237.97,TAX,23-12-2024 15:38:44,S06,20241223
S06/20241223/00009,7,TENDER,1,2249.20,TENDER,23-12-2024 15:38:44,S06,20241223
S06/20241223/00010,1,P104372,4,105.38,SALE,23-12-2024 21:08:35,S06,20241223
S06/20241223/00010,2,P103525,2,252.51,SALE,23-12-2024 21:08:35,S06,20241223
S06/20241223/00010,3,P107662,1,330.01,SALE,23-12-2024 21:08:35,S06,20241223
S06/20241223/00010,4,P103159,1,1133.62,SALE,23-12-2024 21:08:35,S06,20241223
S06/20241223/00010,5,P103062,1,173.63,SALE,23-12-2024 21:08:35,S06,20241223
S06/20241223/00010,6,TAX,1,114.41,TAX,23-12-2024 21:08:35,S06,20241223
S06/20241223/00010,7,TENDER,1,2678.21,TENDER,23-12-2024 21:08:35,S06,20241223
S06/20241223/00011,1,P107178,2,298.69,SALE,23-12-2024 19:03:52,S06,20241223
S06/20241223/00011,2,P104789,2,67.52,SALE,23-12-2024 19:03:52,S06,20241223
S06/20241223/00011,3,P102738,1,236.55,SALE,23-12-2024 19:03:52,S06,20241223
S06/20241223/00011,4,P107705,2,763.24,SALE,23-12-2024 19:03:52,S06,20241223
S06/20241223/00011,5,P107807,4,118.66,SALE,23-12-2024 19:03:52,S06,20241223
S06/20241223/00011,6,TAX,1,306.98,TAX,23-12-2024 19:03:52,S06,20241223
S06/20241223/00011,7,TENDER,1,3277.07,TENDER,23-12-2024 19:03:52,S06,20241223
S06/20241223/00012,1,P103012,1,240.75,SALE,23-12-2024 21:48:56,S06,20241223
S06/20241223/00012,2,P102724,3,391.04,SALE,23-12-2024 21:48:56,S06,20241223
S06/20241223/00012,3,P108162,2,257.55,SALE,23-12-2024 21:48:56,S06,20241223
S06/20241223/00012,4,P106044,2,40.72,SALE,23-12-2024 21:48:56,S06,20241223
S06/20241223/00012,5,P105100,4,270.01,SALE,23-12-2024 21:48:56,S06,20241223
S06/20241223/00012,6,TAX,1,474.87,TAX,23-12-2024 21:48:56,S06,20241223
S06/20241223/00012,7,TENDER,1,3565.32,TENDER,23-12-2024 21:48:56,S06,20241223
S06/20241223/00013,1,P103600,1,107.84,SALE,23-12-2024 22:45:25,S06,20241223
S06/20241223/00013,2,P108144,1,253.94,SALE,23-12-2024 22:45:25,S06,20241223
S06/20241223/00013,3,P104517,3,1474.90,SALE,23-12-2024 22:45:25,S06,20241223
S06/20241223/00013,4,P107178,2,298.69,SALE,23-12-2024 22:45:25,S06,20241223
S06/20241223/00013,5,P101622,1,272.35,SALE,23-12-2024 22:45:25,S06,20241223
S06/20241223/00013,6,P107946,2,313.77,SALE,23-12-2024 22:45:25,S06,20241223
S06/20241223/00013,7,P105583,1,179.43,SALE,23-12-2024 22:45:25,S06,20241223
S06/20241223/00013,8,TAX,1,153.47,TAX,23-12-2024 22:45:25,S06,20241223
S06/20241223/00013,9,TENDER,1,6616.65,TENDER,23-12-2024 22:45:25,S06,20241223
S06/20241223/00014,1,P104233,1,1271.89,SALE,23-12-2024 14:29:18,S06,20241223
S06/20241223/00014,2,P100239,4,360.16,SALE,23-12-2024 14:29:18,S06,20241223
S06/20241223/00014,3,P100140,2,58.05,SALE,23-12-2024 14:29:18,S06,20241223
S06/20241223/00014,4,P106611,3,341.44,SALE,23-12-2024 14:29:18,S06,20241223
S06/20241223/00014,5,TAX,1,380.29,TAX,23-12-2024 14:29:18,S06,20241223
S06/20241223/00014,6,TENDER,1,4233.24,TENDER,23-12-2024 14:29:18,S06,20241223
S06/20241223/00015,1,P100665,2,305.11,SALE,23-12-2024 16:22:50,S06,20241223
S06/20241223/00015,2,P106624,4,98.44,SALE,23-12-2024 16:22:50,S06,20241223
S06/20241223/00015,3,P101876,2,68.16,SALE,23-12-2024 16:22:50,S06,20241223
S06/20241223/00015,4,TAX,1,80.04,TAX,23-12-2024 16:22:50,S06,20241223
S06/20241223/00015,5,TENDER,1,1220.34,TENDER,23-12-2024 16:22:50,S06,20241223
S06/20241223/00016,1,P100959,1,320.67,SALE,23-12-2024 10:30:04,S06,20241223
S06/20241223/00016,2,P101839,4,402.65,SALE,23-12-2024 10:30:04,S06,20241223
S06/20241223/00016,3,P107495,3,448.19,SALE,23-12-2024 10:30:04,S06,20241223
S06/20241223/00016,4,P107542,1,162.57,SALE,23-12-2024 10:30:04,S06,20241223
S06/20241223/00016,5,TAX,1,412.34,TAX,23-12-2024 10:30:04,S06,20241223
S06/20241223/00016,6,TENDER,1,3850.75,TENDER,23-12-2024 10:30:04,S06,20241223
S06/20241223/00017,1,P107449,1,1495.62,SALE,23-12-2024 21:08:26,S06,20241223
S06/20241223/00017,2,P107231,2,1193.22,SALE,23-12-2024 21:08:26,S06,20241223
S06/20241223/00017,3,P100519,2,365.61,SALE,23-12-2024 21:08:26,S06,20241223
S06/20241223/00017,4,P103785,1,606.71,SALE,23-12-2024 21:08:26,S06,20241223
S06/20241223/00017,5,TAX,1,340.03,TAX,23-12-2024 21:08:26,S06,20241223
S06/20241223/00017,6,TENDER,1,5560.02,TENDER,23-12-2024 21:08:26,S06,20241223
S06/20241223/00018,1,P102794,4,416.24,SALE,23-12-2024 15:29:45,S06,20241223
S06/20241223/00018,2,P103517,1,177.49,SALE,23-12-2024 15:29:45,S06,20241223
S06/20241223/00018,3,P105057,5,294.62,SALE,23-12-2024 15:29:45,S06,20241223
S06/20241223/00018,4,P106059,2,313.87,SALE,23-12-2024 15:29:45,S06,20241223
S06/20241223/00018,5,DISC,1,-473.01,DISCOUNT,23-12-2024 15:29:45,S06,20241223
S06/20241223/00018,6,TAX,1,332.79,TAX,23-12-2024 15:29:45,S06,20241223
S06/20241223/00018,7,TENDER,1,3803.07,TENDER,23-12-2024 15:29:45,S06,20241223
S06/20241223/00019,1,P101489,2,555.59,SALE,23-12-2024 16:04:27,S06,20241223
S06/20241223/00019,2,P103231,2,241.80,SALE,23-12-2024 16:04:27,S06,20241223
S06/20241223/00019,3,P100074,2,57.78,SALE,23-12-2024 16:04:27,S06,20241223
S06/20241223/00019,4,TAX,1,29.96,TAX,23-12-2024 16:04:27,S06,20241223
S06/20241223/00019,5,TENDER,1,1740.30,TENDER,23-12-2024 16:04:27,S06,20241223
S06/20241223/00020,1,P105069,1,168.30,SALE,23-12-2024 17:04:03,S06,20241223
S06/20241223/00020,2,P102000,1,82.98,SALE,23-12-2024 17:04:03,S06,20241223
S06/20241223/00020,3,P103704,1,188.13,SALE,23-12-2024 17:04:03,S06,20241223
S06/20241223/00020,4,TAX,1,79.09,TAX,23-12-2024 17:04:03,S06,20241223
S06/20241223/00020,5,TENDER,1,518.50,TENDER,23-12-2024 17:04:03,S06,20241223
S06/20241223/00021,1,P100658,2,50.53,SALE,23-12-2024 14:34:45,S06,20241223
S06/20241223/00021,2,P106106,1,219.14,SALE,23-12-2024 14:34:45,S06,20241223
S06/20241223/00021,3,P103068,4,153.43,SALE,23-12-2024 14:34:45,S06,20241223
S06/20241223/00021,4,P105950,1,1356.49,SALE,23-12-2024 14:34:45,S06,20241223
S06/20241223/00021,5,TAX,1,70.13,TAX,23-12-2024 14:34:45,S06,20241223
S06/20241223/00021,6,TENDER,1,2360.54,TENDER,23-12-2024 14:34:45,S06,20241223
S06/20241223/00022,1,P104401,4,207.51,SALE,23-12-2024 18:13:06,S06,20241223
S06/20241223/00022,2,P104593,3,867.34,SALE,23-12-2024 18:13:06,S06,20241223
S06/20241223/00022,3,TAX,1,411.85,TAX,23-12-2024 18:13:06,S06,20241223
S06/20241223/00022,4,TENDER,1,3843.91,TENDER,23-12-2024 18:13:06,S06,20241223
S06/20241223/00023,1,P102383,2,10.62,SALE,24-12-2024 00:38:57,S06,20241223
S06/20241223/00023,2,P106072,1,78.69,SALE,24-12-2024 00:38:57,S06,20241223
S06/20241223/00023,3,DISC,1,-8.21,DISCOUNT,24-12-2024 00:38:57,S06,20241223
S06/20241223/00023,4,TAX,1,12.18,TAX,24-12-2024 00:38:57,S06,20241223
S06/20241223/00023,5,TENDER,1,103.90,TENDER,24-12-2024 00:38:57,S06,20241223
S06/20241223/00024,1,P103040,4,410.59,SALE,23-12-2024 21:38:17,S06,20241223
S06/20241223/00024,2,P102375,2,509.34,SALE,23-12-2024 21:38:17,S06,20241223
S06/20241223/00024,3,P106745,1,621.98,SALE,23-12-2024 21:38:17,S06,20241223
S06/20241223/00024,4,DISC,1,-366.30,DISCOUNT,23-12-2024 21:38:17,S06,20241223
S06/20241223/00024,5,TAX,1,525.01,TAX,23-12-2024 21:38:17,S06,20241223
S06/20241223/00024,6,TENDER,1,3441.73,TENDER,23-12-2024 21:38:17,S06,20241223
S06/20241223/00025,1,P108206,1,81.62,SALE,23-12-2024 20:08:05,S06,20241223
S06/20241223/00025,2,P106130,1,1317.16,SALE,23-12-2024 20:08:05,S06,20241223
S06/20241223/00025,3,P104233,2,1271.89,SALE,23-12-2024 20:08:05,S06,20241223
S06/20241223/00025,4,TAX,1,127.19,TAX,23-12-2024 20:08:05,S06,20241223
S06/20241223/00025,5,TENDER,1,4069.75,TENDER,23-12-2024 20:08:05,S06,20241223
S06/20241223/00026,1,P105997,2,124.60,SALE,23-12-2024 14:33:52,S06,20241223
S06/20241223/00026,2,P105260,1,72.61,SALE,23-12-2024 14:33:52,S06,20241223
S06/20241223/00026,3,P101272,2,96.70,SALE,23-12-2024 14:33:52,S06,20241223
S06/20241223/00026,4,P105937,1,259.08,SALE,23-12-2024 14:33:52,S06,20241223
S06/20241223/00026,5,TAX,1,77.48,TAX,23-12-2024 14:33:52,S06,20241223
S06/20241223/00026,6,TENDER,1,851.77,TENDER,23-12-2024 14:33:52,S06,20241223
S06/20241223/00027,1,P108149,3,1073.33,SALE,23-12-2024 18:47:59,S06,20241223
S06/20241223/00027,2,P101648,3,334.22,SALE,23-12-2024 18:47:59,S06,20241223
S06/20241223/00027,3,P106454,2,127.35,SALE,23-12-2024 18:47:59,S06,20241223
S06/20241223/00027,4,P105908,3,698.64,SALE,23-12-2024 18:47:59,S06,20241223
S06/20241223/00027,5,P101592,2,295.58,SALE,23-12-2024 18:47:59,S06,20241223
S06/20241223/00027,6,TAX,1,274.07,TAX,23-12-2024 18:47:59,S06,20241223
S06/20241223/00027,7,TENDER,1,7438.50,TENDER,23-12-2024 18:47:59,S06,20241223
S06/20241223/00028,1,P101465,4,573.89,SALE,23-12-2024 13:29:02,S06,20241223
S06/20241223/00028,2,P101356,2,1264.05,SALE,23-12-2024 13:29:02,S06,20241223
S06/20241223/00028,3,P106106,1,219.14,SALE,23-12-2024 13:29:02,S06,20241223
S06/20241223/00028,4,TAX,1,579.05,TAX,23-12-2024 13:29:02,S06,20241223
S06/20241223/00028,5,TENDER,1,5621.85,TENDER,23-12-2024 13:29:02,S06,20241223
S06/20241223/00029,1,P106181,4,778.60,SALE,23-12-2024 18:07:19,S06,20241223
S06/20241223/00029,2,P107053,1,457.07,SALE,23-12-2024 18:07:19,S06,20241223
S06/20241223/00029,3,P102874,2,142.11,SALE,23-12-2024 18:07:19,S06,20241223
S06/20241223/00029,4,P105227,3,269.14,SALE,23-12-2024 18:07:19,S06,20241223
S06/20241223/00029,5,TAX,1,133.95,TAX,23-12-2024 18:07:19,S06,20241223
S06/20241223/00029,6,TENDER,1,4797.06,TENDER,23-12-2024 18:07:19,S06,20241223
S06/20241223/00030,1,P106015,1,148.43,SALE,23-12-2024 14:49:32,S06,20241223
S06/20241223/00030,2,P103234,3,128.39,SALE,23-12-2024 14:49:32,S06,20241223
S06/20241223/00030,3,P102581,4,185.56,SALE,23-12-2024 14:49:32,S06,20241223
S06/20241223/00030,4,P106872,6,73.12,SALE,23-12-2024 14:49:32,S06,20241223
S06/20241223/00030,5,P108067,1,640.50,SALE,23-12-2024 14:49:32,S06,20241223
S06/20241223/00030,6,TAX,1,203.22,TAX,23-12-2024 14:49:32,S06,20241223
S06/20241223/00030,7,TENDER,1,2558.28,TENDER,23-12-2024 14:49:32,S06,20241223
S06/20241223/00031,1,P102409,2,326.59,SALE,23-12-2024 12:23:37,S06,20241223
S06/20241223/00031,2,P103197,2,339.40,SALE,23-12-2024 12:23:37,S06,20241223
S06/20241223/00031,3,P103090,3,841.97,SALE,23-12-2024 12:23:37,S06,20241223
S06/20241223/00031,4,P103577,3,100.44,SALE,23-12-2024 12:23:37,S06,20241223
S06/20241223/00031,5,P102023,1,425.67,SALE,23-12-2024 12:23:37,S06,20241223
S06/20241223/00031,6,P103616,4,662.98,SALE,23-12-2024 12:23:37,S06,20241223
S06/20241223/00031,7,TAX,1,545.16,TAX,23-12-2024 12:23:37,S06,20241223
S06/20241223/00031,8,TENDER,1,7781.96,TENDER,23-12-2024 12:23:37,S06,20241223
S06/20241223/00032,1,P101851,2,1750.29,SALE,23-12-2024 21:44:37,S06,20241223
S06/20241223/00032,2,P105944,2,985.47,SALE,23-12-2024 21:44:37,S06,20241223
S06/20241223/00032,3,P106802,4,739.16,SALE,23-12-2024 21:44:37,S06,20241223
S06/20241223/00032,4,P102707,1,425.19,SALE,23-12-2024 21:44:37,S06,20241223
S06/20241223/00032,5,TAX,1,435.37,TAX,23-12-2024 21:44:37,S06,20241223
S06/20241223/00032,6,TENDER,1,9288.72,TENDER,23-12-2024 21:44:37,S06,20241223
S06/20241224/00001,1,P106200,3,119.89,SALE,24-12-2024 13:49:46,S06,20241224
S06/20241224/00001,2,P102502,3,408.64,SALE,24-12-2024 13:49:46,S06,20241224
S06/20241224/00001,3,P106599,4,245.11,SALE,24-12-2024 13:49:46,S06,20241224
S06/20241224/00001,4,P100946,3,81.33,SALE,24-12-2024 13:49:46,S06,20241224
S06/20241224/00001,5,P102014,1,261.84,SALE,24-12-2024 13:49:46,S06,20241224
S06/20241224/00001,6,P107639,3,128.49,SALE,24-12-2024 13:49:46,S06,20241224
S06/20241224/00001,7,TAX,1,450.15,TAX,24-12-2024 13:49:46,S06,20241224
S06/20241224/00001,8,TENDER,1,3907.48,TENDER,24-12-2024 13:49:46,S06,20241224
S06/20241224/00002,1,P102814,5,516.71,SALE,24-12-2024 14:08:13,S06,20241224
S06/20241224/00002,2,P106501,1,164.07,SALE,24-12-2024 14:08:13,S06,20241224
S06/20241224/00002,3,P105729,1,75.27,SALE,24-12-2024 14:08:13,S06,20241224
S06/20241224/00002,4,P102436,2,243.03,SALE,24-12-2024 14:08:13,S06,20241224
S06/20241224/00002,5,TAX,1,259.75,TAX,24-12-2024 14:08:13,S06,20241224
S06/20241224/00002,6,TENDER,1,3568.70,TENDER,24-12-2024 14:08:13,S06,20241224
S06/20241224/00003,1,P100469,2,49.98,SALE,24-12-2024 11:35:48,S06,20241224
S06/20241224/00003,2,P103473,1,428.66,SALE,24-12-2024 11:35:48,S06,20241224
S06/20241224/00003,3,P101465,3,573.89,SALE,24-12-2024 11:35:48,S06,20241224
S06/20241224/00003,4,P101802,4,44.15,SALE,24-12-2024 11:35:48,S06,20241224
S06/20241224/00003,5,P106426,2,154.27,SALE,24-12-2024 11:35:48,S06,20241224
S06/20241224/00003,6,P106123,3,248.44,SALE,24-12-2024 11:35:48,S06,20241224
S06/20241224/00003,7,P100469,-2,49.98,VOID,24-12-2024 11:35:48,S06,20241224
S06/20241224/00003,8,P103473,-1,428.66,VOID,24-12-2024 11:35:48,S06,20241224
S06/20241224/00003,9,P101465,-3,573.89,VOID,24-12-2024 11:35:48,S06,20241224
S06/20241224/00003,10,P101802,-4,44.15,VOID,24-12-2024 11:35:48,S06,20241224
S06/20241224/00003,11,P106426,-2,154.27,VOID,24-12-2024 11:35:48,S06,20241224
S06/20241224/00003,12,P106123,-3,248.44,VOID,24-12-2024 11:35:48,S06,20241224
S06/20241224/00003,13,TAX,1,0.00,TAX,24-12-2024 11:35:48,S06,20241224
S06/20241224/00003,14,TENDER,1,0.00,TENDER,24-12-2024 11:35:48,S06,20241224
S06/20241224/00004,1,P102364,4,104.57,SALE,24-12-2024 13:31:07,S06,20241224
S06/20241224/00004,2,P106478,2,56.12,SALE,24-12-2024 13:31:07,S06,20241224
S06/20241224/00004,3,P101444,2,838.86,SALE,24-12-2024 13:31:07,S06,20241224
S06/20241224/00004,4,P107743,1,197.87,SALE,24-12-2024 13:31:07,S06,20241224
S06/20241224/00004,5,TAX,1,188.53,TAX,24-12-2024 13:31:07,S06,20241224
S06/20241224/00004,6,TENDER,1,2594.64,TENDER,24-12-2024 13:31:07,S06,20241224
S06/20241224/00005,1,P101404,2,228.51,SALE,24-12-2024 15:03:10,S06,20241224
S06/20241224/00005,2,P100287,3,240.45,SALE,24-12-2024 15:03:10,S06,20241224
S06/20241224/00005,3,P102465,2,1410.14,SALE,24-12-2024 15:03:10,S06,20241224
S06/20241224/00005,4,TAX,1,250.43,TAX,24-12-2024 15:03:10,S06,20241224
S06/20241224/00005,5,TENDER,1,4249.08,TENDER,24-12-2024 15:03:10,S06,20241224
S06/20241224/00006,1,P103839,1,226.78,SALE,24-12-2024 13:44:56,S06,20241224
S06/20241224/00006,2,P103159,2,1193.28,SALE,24-12-2024 13:44:56,S06,20241224
S06/20241224/00006,3,P103542,2,398.89,SALE,24-12-2024 13:44:56,S06,20241224
S06/20241224/00006,4,TAX,1,136.55,TAX,24-12-2024 13:44:56,S06,20241224
S06/20241224/00006,5,TENDER,1,3547.67,TENDER,24-12-2024 13:44:56,S06,20241224
S06/20241224/00007,1,P106648,1,339.01,SALE,24-12-2024 15:10:38,S06,20241224
S06/20241224/00007,2,P103994,3,148.39,SALE,24-12-2024 15:10:38,S06,20241224
S06/20241224/00007,3,P100609,1,75.79,SALE,24-12-2024 15:10:38,S06,20241224
S06/20241224/00007,4,P105651,3,108.83,SALE,24-12-2024 15:10:38,S06,20241224
S06/20241224/00007,5,DISC,1,-50.27,DISCOUNT,24-12-2024 15:10:38,S06,20241224
S06/20241224/00007,6,TAX,1,81.22,TAX,24-12-2024 15:10:38,S06,20241224
S06/20241224/00007,7,TENDER,1,1217.41,TENDER,24-12-2024 15:10:38,S06,20241224
S06/20241224/00008,1,P101842,2,227.96,SALE,24-12-2024 15:30:34,S06,20241224
S06/20241224/00008,2,P104316,1,489.63,SALE,24-12-2024 15:30:34,S06,20241224
S06/20241224/00008,3,P104417,2,332.65,SALE,24-12-2024 15:30:34,S06,20241224
S06/20241224/00008,4,P101603,2,965.71,SALE,24-12-2024 15:30:34,S06,20241224
S06/20241224/00008,5,P102217,2,68.46,SALE,24-12-2024 15:30:34,S06,20241224
S06/20241224/00008,6,P101681,3,139.09,SALE,24-12-2024 15:30:34,S06,20241224
S06/20241224/00008,7,P102112,2,389.72,SALE,24-12-2024 15:30:34,S06,20241224
S06/20241224/00008,8,P106927,3,156.05,SALE,24-12-2024 15:30:34,S06,20241224
S06/20241224/00008,9,TAX,1,589.55,TAX,24-12-2024 15:30:34,S06,20241224
S06/20241224/00008,10,TENDER,1,5933.60,TENDER,24-12-2024 15:30:34,S06,20241224
S06/20241224/00009,1,P107435,3,636.54,SALE,24-12-2024 18:41:46,S06,20241224
S06/20241224/00009,2,P100803,4,278.56,SALE,24-12-2024 18:41:46,S06,20241224
S06/20241224/00009,3,P107422,1,193.56,SALE,24-12-2024 18:41:46,S06,20241224
S06/20241224/00009,4,P107190,2,223.50,SALE,24-12-2024 18:41:46,S06,20241224
S06/20241224/00009,5,P101384,1,42.99,SALE,24-12-2024 18:41:46,S06,20241224
S06/20241224/00009,6,P106611,2,341.44,SALE,24-12-2024 18:41:46,S06,20241224
S06/20241224/00009,7,P101710,2,345.87,SALE,24-12-2024 18:41:46,S06,20241224
S06/20241224/00009,8,TAX,1,656.69,TAX,24-12-2024 18:41:46,S06,20241224
S06/20241224/00009,9,TENDER,1,5738.72,TENDER,24-12-2024 18:41:46,S06,20241224
S06/20241224/00010,1,P103606,3,185.94,SALE,24-12-2024 18:58:59,S06,20241224
S06/20241224/00010,2,P105965,1,66.08,SALE,24-12-2024 18:58:59,S06,20241224
S06/20241224/00010,3,P104700,2,1425.82,SALE,24-12-2024 18:58:59,S06,20241224
S06/20241224/00010,4,P105524,1,81.14,SALE,24-12-2024 18:58:59,S06,20241224
S06/20241224/00010,5,P100511,3,442.66,SALE,24-12-2024 18:58:59,S06,20241224
S06/20241224/00010,6,TAX,1,205.16,TAX,24-12-2024 18:58:59,S06,20241224
S06/20241224/00010,7,TENDER,1,5089.82,TENDER,24-12-2024 18:58:59,S06,20241224
S06/20241224/00011,1,P108174,6,235.92,SALE,24-12-2024 16:21:43,S06,20241224
S06/20241224/00011,2,P104739,2,172.21,SALE,24-12-2024 16:21:43,S06,20241224
S06/20241224/00011,3,P101292,3,380.75,SALE,24-12-2024 16:21:43,S06,20241224
S06/20241224/00011,4,P107759,8,257.69,SALE,24-12-2024 16:21:43,S06,20241224
S06/20241224/00011,5,P102383,3,10.62,SALE,24-12-2024 16:21:43,S06,20241224
S06/20241224/00011,6,P106464,5,277.18,SALE,24-12-2024 16:21:43,S06,20241224
S06/20241224/00011,7,TAX,1,361.93,TAX,24-12-2024 16:21:43,S06,20241224
S06/20241224/00011,8,TENDER,1,6743.40,TENDER,24-12-2024 16:21:43,S06,20241224
S06/20241224/00012,1,P102718,2,356.09,SALE,24-12-2024 17:54:07,S06,20241224
S06/20241224/00012,2,P106745,4,621.98,SALE,24-12-2024 17:54:07,S06,20241224
S06/20241224/00012,3,P106858,2,281.23,SALE,24-12-2024 17:54:07,S06,20241224
S06/20241224/00012,4,TAX,1,677.26,TAX,24-12-2024 17:54:07,S06,20241224
S06/20241224/00012,5,TENDER,1,4439.82,TENDER,24-12-2024 17:54:07,S06,20241224
S06/20241224/00013,1,P106942,4,206.70,SALE,24-12-2024 14:34:59,S06,20241224
S06/20241224/00013,2,P107581,1,287.09,SALE,24-12-2024 14:34:59,S06,20241224
S06/20241224/00013,3,P107568,2,140.27,SALE,24-12-2024 14:34:59,S06,20241224
S06/20241224/00013,4,TAX,1,89.82,TAX,24-12-2024 14:34:59,S06,20241224
S06/20241224/00013,5,TENDER,1,1484.25,TENDER,24-12-2024 14:34:59,S06,20241224
S06/20241224/00014,1,P106776,1,445.40,SALE,24-12-2024 19:28:48,S06,20241224
S06/20241224/00014,2,P107920,2,109.22,SALE,24-12-2024 19:28:48,S06,20241224
S06/20241224/00014,3,P103896,5,203.30,SALE,24-12-2024 19:28:48,S06,20241224
S06/20241224/00014,4,P103424,1,295.58,SALE,24-12-2024 19:28:48,S06,20241224
S06/20241224/00014,5,P106059,3,313.87,SALE,24-12-2024 19:28:48,S06,20241224
S06/20241224/00014,6,TAX,1,449.52,TAX,24-12-2024 19:28:48,S06,20241224
S06/20241224/00014,7,TENDER,1,3367.05,TENDER,24-12-2024 19:28:48,S06,20241224
S06/20241224/00015,1,P100005,1,114.37,SALE,24-12-2024 21:39:34,S06,20241224
S06/20241224/00015,2,P104765,2,401.36,SALE,24-12-2024 21:39:34,S06,20241224
S06/20241224/00015,3,P107639,2,128.49,SALE,24-12-2024 21:39:34,S06,20241224
S06/20241224/00015,4,P103978,1,347.08,SALE,24-12-2024 21:39:34,S06,20241224
S06/20241224/00015,5,P105009,2,65.38,SALE,24-12-2024 21:39:34,S06,20241224
S06/20241224/00015,6,P105127,1,77.13,SALE,24-12-2024 21:39:34,S06,20241224
S06/20241224/00015,7,TAX,1,192.50,TAX,24-12-2024 21:39:34,S06,20241224
S06/20241224/00015,8,TENDER,1,1921.54,TENDER,24-12-2024 21:39:34,S06,20241224
S06/20241224/00016,1,P108262,3,592.59,SALE,24-12-2024 11:18:51,S06,20241224
S06/20241224/00016,2,P107884,2,29.77,SALE,24-12-2024 11:18:51,S06,20241224
S06/20241224/00016,3,P107327,3,1138.42,SALE,24-12-2024 11:18:51,S06,20241224
S06/20241224/00016,4,P103299,2,238.05,SALE,24-12-2024 11:18:51,S06,20241224
S06/20241224/00016,5,DISC,1,-312.02,DISCOUNT,24-12-2024 11:18:51,S06,20241224
S06/20241224/00016,6,TAX,1,393.73,TAX,24-12-2024 11:18:51,S06,20241224
S06/20241224/00016,7,TENDER,1,5810.38,TENDER,24-12-2024 11:18:51,S06,20241224
S06/20241224/00017,1,P108082,4,236.40,SALE,24-12-2024 21:34:48,S06,20241224
S06/20241224/00017,2,P102081,2,164.15,SALE,24-12-2024 21:34:48,S06,20241224
S06/20241224/00017,3,P102342,1,107.02,SALE,24-12-2024 21:34:48,S06,20241224
S06/20241224/00017,4,P103035,2,1333.74,SALE,24-12-2024 21:34:48,S06,20241224
S06/20241224/00017,5,TAX,1,375.52,TAX,24-12-2024 21:34:48,S06,20241224
S06/20241224/00017,6,TENDER,1,4423.92,TENDER,24-12-2024 21:34:48,S06,20241224
S06/20241224/00018,1,P107414,3,565.57,SALE,24-12-2024 12:19:07,S06,20241224
S06/20241224/00018,2,P104558,3,440.08,SALE,24-12-2024 12:19:07,S06,20241224
S06/20241224/00018,3,P106629,1,57.49,SALE,24-12-2024 12:19:07,S06,20241224
S06/20241224/00018,4,P108369,3,343.20,SALE,24-12-2024 12:19:07,S06,20241224
S06/20241224/00018,5,P104517,2,1474.90,SALE,24-12-2024 12:19:07,S06,20241224
S06/20241224/00018,6,P106258,1,423.67,SALE,24-12-2024 12:19:07,S06,20241224
S06/20241224/00018,7,P101440,1,253.26,SALE,24-12-2024 12:19:07,S06,20241224
S06/20241224/00018,8,P105017,1,220.46,SALE,24-12-2024 12:19:07,S06,20241224
S06/20241224/00018,9,P105260,2,72.61,SALE,24-12-2024 12:19:07,S06,20241224
S06/20241224/00018,10,TAX,1,517.23,TAX,24-12-2024 12:19:07,S06,20241224
S06/20241224/00018,11,TENDER,1,8613.68,TENDER,24-12-2024 12:19:07,S06,20241224
S06/20241224/00019,1,P107320,1,231.92,SALE,24-12-2024 19:47:34,S06,20241224
S06/20241224/00019,2,P104026,2,152.97,SALE,24-12-2024 19:47:34,S06,20241224
S06/20241224/00019,3,P107639,3,128.49,SALE,24-12-2024 19:47:34,S06,20241224
S06/20241224/00019,4,P106522,2,203.79,SALE,24-12-2024 19:47:34,S06,20241224
S06/20241224/00019,5,TAX,1,109.76,TAX,24-12-2024 19:47:34,S06,20241224
S06/20241224/00019,6,TENDER,1,1440.67,TENDER,24-12-2024 19:47:34,S06,20241224
S06/20241224/00020,1,P107190,3,223.50,SALE,24-12-2024 13:28:24,S06,20241224
S06/20241224/00020,2,P103760,1,103.67,SALE,24-12-2024 13:28:24,S06,20241224
S06/20241224/00020,3,P101332,1,400.98,SALE,24-12-2024 13:28:24,S06,20241224
S06/20241224/00020,4,TAX,1,211.53,TAX,24-12-2024 13:28:24,S06,20241224
S06/20241224/00020,5,TENDER,1,1386.68,TENDER,24-12-2024 13:28:24,S06,20241224
S06/20241224/00021,1,P105313,1,51.83,SALE,24-12-2024 20:27:31,S06,20241224
S06/20241224/00021,2,P101122,1,69.38,SALE,24-12-2024 20:27:31,S06,20241224
S06/20241224/00021,3,P103168,1,980.21,SALE,24-12-2024 20:27:31,S06,20241224
S06/20241224/00021,4,P101626,1,1040.69,SALE,24-12-2024 20:27:31,S06,20241224
S06/20241224/00021,5,P101201,2,48.42,SALE,24-12-2024 20:27:31,S06,20241224
S06/20241224/00021,6,P102415,5,1245.81,SALE,24-12-2024 20:27:31,S06,20241224
S06/20241224/00021,7,TAX,1,571.29,TAX,24-12-2024 20:27:31,S06,20241224
S06/20241224/00021,8,TENDER,1,9039.29,TENDER,24-12-2024 20:27:31,S06,20241224
S06/20241224/00022,1,P101925,3,186.54,SALE,24-12-2024 17:05:21,S06,20241224
S06/20241224/00022,2,P103871,2,220.55,SALE,24-12-2024 17:05:21,S06,20241224
S06/20241224/00022,3,P101122,1,69.38,SALE,24-12-2024 17:05:21,S06,20241224
S06/20241224/00022,4,P107217,2,293.45,SALE,24-12-2024 17:05:21,S06,20241224
S06/20241224/00022,5,P100889,1,1028.39,SALE,24-12-2024 17:05:21,S06,20241224
S06/20241224/00022,6,P103168,1,980.21,SALE,24-12-2024 17:05:21,S06,20241224
S06/20241224/00022,7,TAX,1,374.75,TAX,24-12-2024 17:05:21,S06,20241224
S06/20241224/00022,8,TENDER,1,4040.35,TENDER,24-12-2024 17:05:21,S06,20241224
S06/20241224/00023,1,P102460,3,582.21,SALE,24-12-2024 11:20:01,S06,20241224
S06/20241224/00023,2,P105268,3,300.66,SALE,24-12-2024 11:20:01,S06,20241224
S06/20241224/00023,3,P101674,2,387.70,SALE,24-12-2024 11:20:01,S06,20241224
S06/20241224/00023,4,P101876,1,68.16,SALE,24-12-2024 11:20:01,S06,20241224
S06/20241224/00023,5,P101681,2,139.09,SALE,24-12-2024 11:20:01,S06,20241224
S06/20241224/00023,6,P104898,3,181.50,SALE,24-12-2024 11:20:01,S06,20241224
S06/20241224/00023,7,P105057,5,294.62,SALE,24-12-2024 11:20:01,S06,20241224
S06/20241224/00023,8,P107163,2,187.11,SALE,24-12-2024 11:20:01,S06,20241224
S06/20241224/00023,9,TAX,1,737.14,TAX,24-12-2024 11:20:01,S06,20241224
S06/20241224/00023,10,TENDER,1,6899.31,TENDER,24-12-2024 11:20:01,S06,20241224
S06/20241224/00024,1,P106059,3,313.87,SALE,24-12-2024 17:35:51,S06,20241224
S06/20241224/00024,2,P102559,1,86.19,SALE,24-12-2024 17:35:51,S06,20241224
S06/20241224/00024,3,TAX,1,173.80,TAX,24-12-2024 17:35:51,S06,20241224
S06/20241224/00024,4,TENDER,1,1201.60,TENDER,24-12-2024 17:35:51,S06,20241224
S06/20241224/00025,1,P102181,3,1615.15,SALE,24-12-2024 17:01:38,S06,20241224
S06/20241224/00025,2,P100100,2,435.38,SALE,24-12-2024 17:01:38,S06,20241224
S06/20241224/00025,3,P106620,1,273.19,SALE,24-12-2024 17:01:38,S06,20241224
S06/20241224/00025,4,P102021,2,90.22,SALE,24-12-2024 17:01:38,S06,20241224
S06/20241224/00025,5,P104718,3,364.54,SALE,24-12-2024 17:01:38,S06,20241224
S06/20241224/00025,6,P107264,2,190.99,SALE,24-12-2024 17:01:38,S06,20241224
S06/20241224/00025,7,TAX,1,358.92,TAX,24-12-2024 17:01:38,S06,20241224
S06/20241224/00025,8,TENDER,1,8004.36,TENDER,24-12-2024 17:01:38,S06,20241224
S06/20241224/00026,1,P106426,2,154.27,SALE,24-12-2024 18:31:57,S06,20241224
S06/20241224/00026,2,P103022,2,60.43,SALE,24-12-2024 18:31:57,S06,20241224
S06/20241224/00026,3,P102175,2,191.56,SALE,24-12-2024 18:31:57,S06,20241224
S06/20241224/00026,4,P105541,2,189.75,SALE,24-12-2024 18:31:57,S06,20241224
S06/20241224/00026,5,P103525,3,252.51,SALE,24-12-2024 18:31:57,S06,20241224
S06/20241224/00026,6,P102559,1,86.19,SALE,24-12-2024 18:31:57,S06,20241224
S06/20241224/00026,7,TAX,1,180.54,TAX,24-12-2024 18:31:57,S06,20241224
S06/20241224/00026,8,TENDER,1,2216.28,TENDER,24-12-2024 18:31:57,S06,20241224
S06/20241224/00027,1,P103871,1,220.55,SALE,24-12-2024 14:50:49,S06,20241224
S06/20241224/00027,2,P100784,2,319.36,SALE,24-12-2024 14:50:49,S06,20241224
S06/20241224/00027,3,P101851,1,1750.29,SALE,24-12-2024 14:50:49,S06,20241224
S06/20241224/00027,4,P100956,4,421.98,SALE,24-12-2024 14:50:49,S06,20241224
S06/20241224/00027,5,P102364,1,104.57,SALE,24-12-2024 14:50:49,S06,20241224
S06/20241224/00027,6,P100121,2,113.08,SALE,24-12-2024 14:50:49,S06,20241224
S06/20241224/00027,7,P107623,6,468.34,SALE,24-12-2024 14:50:49,S06,20241224
S06/20241224/00027,8,P102811,2,199.78,SALE,24-12-2024 14:50:49,S06,20241224
S06/20241224/00027,9,TAX,1,727.99,TAX,24-12-2024 14:50:49,S06,20241224
S06/20241224/00027,10,TENDER,1,8565.80,TENDER,24-12-2024 14:50:49,S06,20241224
S06/20241224/00028,1,P105684,1,1114.27,SALE,24-12-2024 15:23:00,S06,20241224
S06/20241224/00028,2,P107354,1,227.60,SALE,24-12-2024 15:23:00,S06,20241224
S06/20241224/00028,3,P108131,1,577.18,SALE,24-12-2024 15:23:00,S06,20241224
S06/20241224/00028,4,DISC,1,-169.49,DISCOUNT,24-12-2024 15:23:00,S06,20241224
S06/20241224/00028,5,TAX,1,102.00,TAX,24-12-2024 15:23:00,S06,20241224
S06/20241224/00028,6,TENDER,1,1851.56,TENDER,24-12-2024 15:23:00,S06,20241224
S06/20241224/00029,1,P100904,2,68.79,SALE,24-12-2024 15:17:47,S06,20241224
S06/20241224/00029,2,P104048,2,193.57,SALE,24-12-2024 15:17:47,S06,20241224
S06/20241224/00029,3,P107837,3,104.51,SALE,24-12-2024 15:17:47,S06,20241224
S06/20241224/00029,4,P101747,3,245.75,SALE,24-12-2024 15:17:47,S06,20241224
S06/20241224/00029,5,P107463,1,188.92,SALE,24-12-2024 15:17:47,S06,20241224
S06/20241224/00029,6,TAX,1,198.52,TAX,24-12-2024 15:17:47,S06,20241224
S06/20241224/00029,7,TENDER,1,1962.94,TENDER,24-12-2024 15:17:47,S06,20241224
S06/20241224/00030,1,P100469,1,49.98,SALE,24-12-2024 17:48:15,S06,20241224
S06/20241224/00030,2,P101520,4,187.47,SALE,24-12-2024 17:48:15,S06,20241224
S06/20241224/00030,3,P105180,5,102.63,SALE,24-12-2024 17:48:15,S06,20241224
S06/20241224/00030,4,P101421,2,119.60,SALE,24-12-2024 17:48:15,S06,20241224
S06/20241224/00030,5,P105733,3,151.69,SALE,24-12-2024 17:48:15,S06,20241224
S06/20241224/00030,6,DISC,1,-128.76,DISCOUNT,24-12-2024 17:48:15,S06,20241224
S06/20241224/00030,7,TAX,1,240.82,TAX,24-12-2024 17:48:15,S06,20241224
S06/20241224/00030,8,TENDER,1,2119.34,TENDER,24-12-2024 17:48:15,S06,20241224
S06/20241224/00031,1,P102142,1,93.89,SALE,24-12-2024 14:42:29,S06,20241224
S06/20241224/00031,2,P107914,2,244.98,SALE,24-12-2024 14:42:29,S06,20241224
S06/20241224/00031,3,P100632,2,331.55,SALE,24-12-2024 14:42:29,S06,20241224
S06/20241224/00031,4,P106084,2,592.14,SALE,24-12-2024 14:42:29,S06,20241224
S06/20241224/00031,5,P108335,1,187.61,SALE,24-12-2024 14:42:29,S06,20241224
S06/20241224/00031,6,TAX,1,271.46,TAX,24-12-2024 14:42:29,S06,20241224
S06/20241224/00031,7,TENDER,1,2890.30,TENDER,24-12-2024 14:42:29,S06,20241224
S06/20241224/00032,1,P100956,1,421.98,SALE,24-12-2024 19:25:03,S06,20241224
S06/20241224/00032,2,P106776,1,445.40,SALE,24-12-2024 19:25:03,S06,20241224
S06/20241224/00032,3,P100609,2,75.79,SALE,24-12-2024 19:25:03,S06,20241224
S06/20241224/00032,4,P105384,2,315.25,SALE,24-12-2024 19:25:03,S06,20241224
S06/20241224/00032,5,TAX,1,137.22,TAX,24-12-2024 19:25:03,S06,20241224
S06/20241224/00032,6,TENDER,1,1786.68,TENDER,24-12-2024 19:25:03,S06,20241224
S06/20241224/00033,1,P107294,2,85.13,SALE,24-12-2024 15:03:38,S06,20241224
S06/20241224/00033,2,P103259,2,298.27,SALE,24-12-2024 15:03:38,S06,20241224
S06/20241224/00033,3,P106534,1,96.00,SALE,24-12-2024 15:03:38,S06,20241224
S06/20241224/00033,4,P100855,1,345.07,SALE,24-12-2024 15:03:38,S06,20241224
S06/20241224/00033,5,P102593,1,92.93,SALE,24-12-2024 15:03:38,S06,20241224
S06/20241224/00033,6,TAX,1,104.63,TAX,24-12-2024 15:03:38,S06,20241224
S06/20241224/00033,7,TENDER,1,1405.43,TENDER,24-12-2024 15:03:38,S06,20241224
S06/20241224/00034,1,P103584,3,402.02,SALE,24-12-2024 16:30:43,S06,20241224
S06/20241224/00034,2,P104358,2,1243.57,SALE,24-12-2024 16:30:43,S06,20241224
S06/20241224/00034,3,P100394,4,320.36,SALE,24-12-2024 16:30:43,S06,20241224
S06/20241224/00034,4,P106907,2,321.26,SALE,24-12-2024 16:30:43,S06,20241224
S06/20241224/00034,5,P102886,2,139.22,SALE,24-12-2024 16:30:43,S06,20241224
S06/20241224/00034,6,P106697,1,342.69,SALE,24-12-2024 16:30:43,S06,20241224
S06/20241224/00034,7,TAX,1,724.37,TAX,24-12-2024 16:30:43,S06,20241224
S06/20241224/00034,8,TENDER,1,6962.66,TENDER,24-12-2024 16:30:43,S06,20241224
S06/20241224/00035,1,P106004,2,137.38,SALE,24-12-2024 17:21:41,S06,20241224
S06/20241224/00035,2,P102160,1,221.62,SALE,24-12-2024 17:21:41,S06,20241224
S06/20241224/00035,3,P108200,1,333.41,SALE,24-12-2024 17:21:41,S06,20241224
S06/20241224/00035,4,P101106,2,543.49,SALE,24-12-2024 17:21:41,S06,20241224
S06/20241224/00035,5,P106720,1,126.28,SALE,24-12-2024 17:21:41,S06,20241224
S06/20241224/00035,6,P101384,2,42.99,SALE,24-12-2024 17:21:41,S06,20241224
S06/20241224/00035,7,P103283,3,166.64,SALE,24-12-2024 17:21:41,S06,20241224
S06/20241224/00035,8,TAX,1,186.72,TAX,24-12-2024 17:21:41,S06,20241224
S06/20241224/00035,9,TENDER,1,2815.67,TENDER,24-12-2024 17:21:41,S06,20241224
S06/20241224/00036,1,P105965,1,66.08,SALE,24-12-2024 16:58:32,S06,20241224
S06/20241224/00036,2,P104149,2,88.07,SALE,24-12-2024 16:58:32,S06,20241224
S06/20241224/00036,3,TAX,1,12.11,TAX,24-12-2024 16:58:32,S06,20241224
S06/20241224/00036,4,TENDER,1,254.33,TENDER,24-12-2024 16:58:32,S06,20241224
S06/20241224/00037,1,P106277,1,416.62,SALE,24-12-2024 19:06:43,S06,20241224
S06/20241224/00037,2,P104628,1,196.55,SALE,24-12-2024 19:06:43,S06,20241224
S06/20241224/00037,3,P100819,3,1109.59,SALE,24-12-2024 19:06:43,S06,20241224
S06/20241224/00037,4,P103918,2,527.10,SALE,24-12-2024 19:06:43,S06,20241224
S06/20241224/00037,5,P107053,2,457.07,SALE,24-12-2024 19:06:43,S06,20241224
S06/20241224/00037,6,P103035,3,1333.74,SALE,24-12-2024 19:06:43,S06,20241224
S06/20241224/00037,7,TAX,1,354.69,TAX,24-12-2024 19:06:43,S06,20241224
S06/20241224/00037,8,TENDER,1,10266.19,TENDER,24-12-2024 19:06:43,S06,20241224
S06/20241224/00038,1,P100803,1,278.56,SALE,24-12-2024 15:20:21,S06,20241224
S06/20241224/00038,2,P100375,1,163.45,SALE,24-12-2024 15:20:21,S06,20241224
S06/20241224/00038,3,P100985,1,327.15,SALE,24-12-2024 15:20:21,S06,20241224
S06/20241224/00038,4,P101634,1,25.05,SALE,24-12-2024 15:20:21,S06,20241224
S06/20241224/00038,5,TAX,1,85.50,TAX,24-12-2024 15:20:21,S06,20241224
S06/20241224/00038,6,TENDER,1,879.71,TENDER,24-12-2024 15:20:21,S06,20241224
S06/20241224/00039,1,P105268,2,300.66,SALE,24-12-2024 15:01:10,S06,20241224
S06/20241224/00039,2,P106330,1,218.33,SALE,24-12-2024 15:01:10,S06,20241224
S06/20241224/00039,3,P108060,2,217.09,SALE,24-12-2024 15:01:10,S06,20241224
S06/20241224/00039,4,P103406,3,1248.48,SALE,24-12-2024 15:01:10,S06,20241224
S06/20241224/00039,5,P102255,2,167.76,SALE,24-12-2024 15:01:10,S06,20241224
S06/20241224/00039,6,TAX,1,675.14,TAX,24-12-2024 15:01:10,S06,20241224
S06/20241224/00039,7,TENDER,1,6009.93,TENDER,24-12-2024 15:01:10,S06,20241224
S06/20241224/00040,1,P100593,1,32.38,SALE,24-12-2024 15:08:30,S06,20241224
S06/20241224/00040,2,P103137,1,218.09,SALE,24-12-2024 15:08:30,S06,20241224
S06/20241224/00040,3,P103129,2,84.49,SALE,24-12-2024 15:08:30,S06,20241224
S06/20241224/00040,4,P105394,1,327.72,SALE,24-12-2024 15:08:30,S06,20241224
S06/20241224/00040,5,P108275,3,504.53,SALE,24-12-2024 15:08:30,S06,20241224
S06/20241224/00040,6,P104294,1,115.73,SALE,24-12-2024 15:08:30,S06,20241224
S06/20241224/00040,7,TAX,1,403.53,TAX,24-12-2024 15:08:30,S06,20241224
S06/20241224/00040,8,TENDER,1,2780.02,TENDER,24-12-2024 15:08:30,S06,20241224
S06/20241224/00041,1,P108046,1,101.85,SALE,24-12-2024 19:44:56,S06,20241224
S06/20241224/00041,2,P102364,1,104.57,SALE,24-12-2024 19:44:56,S06,20241224
S06/20241224/00041,3,P106765,4,279.73,SALE,24-12-2024 19:44:56,S06,20241224
S06/20241224/00041,4,P102494,4,14.54,SALE,24-12-2024 19:44:56,S06,20241224
S06/20241224/00041,5,P105855,2,123.28,SALE,24-12-2024 19:44:56,S06,20241224
S06/20241224/00041,6,DISC,1,-65.48,DISCOUNT,24-12-2024 19:44:56,S06,20241224
S06/20241224/00041,7,P108046,-1,101.85,VOID,24-12-2024 19:44:56,S06,20241224
S06/20241224/00041,8,P102364,-1,104.57,VOID,24-12-2024 19:44:56,S06,20241224
S06/20241224/00041,9,P106765,-4,279.73,VOID,24-12-2024 19:44:56,S06,20241224
S06/20241224/00041,10,P102494,-4,14.54,VOID,24-12-2024 19:44:56,S06,20241224
S06/20241224/00041,11,P105855,-2,123.28,VOID,24-12-2024 19:44:56,S06,20241224
S06/20241224/00041,12,DISC,1,65.48,VOID,24-12-2024 19:44:56,S06,20241224
S06/20241224/00041,13,TAX,1,0.00,TAX,24-12-2024 19:44:56,S06,20241224
S06/20241224/00041,14,TENDER,1,0.00,TENDER,24-12-2024 19:44:56,S06,20241224
S06/20241224/00042,1,P103406,2,1248.48,SALE,24-12-2024 07:41:32,S06,20241224
S06/20241224/00042,2,P101095,2,205.38,SALE,24-12-2024 07:41:32,S06,20241224
S06/20241224/00042,3,P104718,1,364.54,SALE,24-12-2024 07:41:32,S06,20241224
S06/20241224/00042,4,P102640,3,270.61,SALE,24-12-2024 07:41:32,S06,20241224
S06/20241224/00042,5,P105209,2,399.92,SALE,24-12-2024 07:41:32,S06,20241224
S06/20241224/00042,6,TAX,1,633.48,TAX,24-12-2024 07:41:32,S06,20241224
S06/20241224/00042,7,TENDER,1,5517.41,TENDER,24-12-2024 07:41:32,S06,20241224
S06/20241224/00043,1,P101585,-6,10.45,RETURN,24-12-2024 17:25:45,S06,20241224
S06/20241224/00043,2,P103144,-1,145.27,RETURN,24-12-2024 17:25:45,S06,20241224
S06/20241224/00043,3,P108179,-1,307.53,RETURN,24-12-2024 17:25:45,S06,20241224
S06/20241224/00043,4,TAX,1,-55.45,TAX,24-12-2024 17:25:45,S06,20241224
S06/20241224/00043,5,TENDER,1,-570.95,TENDER,24-12-2024 17:25:45,S06,20241224
S06/20241224/00044,1,P101184,2,64.09,SALE,24-12-2024 18:18:49,S06,20241224
S06/20241224/00044,2,P106098,1,334.84,SALE,24-12-2024 18:18:49,S06,20241224
S06/20241224/00044,3,TAX,1,55.56,TAX,24-12-2024 18:18:49,S06,20241224
S06/20241224/00044,4,TENDER,1,518.58,TENDER,24-12-2024 18:18:49,S06,20241224
S06/20241224/00045,1,P105971,2,1150.46,SALE,24-12-2024 19:12:21,S06,20241224
S06/20241224/00045,2,P102286,1,281.91,SALE,24-12-2024 19:12:21,S06,20241224
S06/20241224/00045,3,P105155,2,350.84,SALE,24-12-2024 19:12:21,S06,20241224
S06/20241224/00045,4,P104944,2,54.97,SALE,24-12-2024 19:12:21,S06,20241224
S06/20241224/00045,5,TAX,1,220.66,TAX,24-12-2024 19:12:21,S06,20241224
S06/20241224/00045,6,TENDER,1,3615.11,TENDER,24-12-2024 19:12:21,S06,20241224
S06/20241224/00046,1,P103760,1,103.67,SALE,24-12-2024 19:31:39,S06,20241224
S06/20241224/00046,2,P105198,2,15.39,SALE,24-12-2024 19:31:39,S06,20241224
S06/20241224/00046,3,P106659,1,106.86,SALE,24-12-2024 19:31:39,S06,20241224
S06/20241224/00046,4,P102006,1,1553.68,SALE,24-12-2024 19:31:39,S06,20241224
S06/20241224/00046,5,P100911,2,67.40,SALE,24-12-2024 19:31:39,S06,20241224
S06/20241224/00046,6,P104842,1,352.80,SALE,24-12-2024 19:31:39,S06,20241224
S06/20241224/00046,7,P106143,3,61.74,SALE,24-12-2024 19:31:39,S06,20241224
S06/20241224/00046,8,P107292,4,372.98,SALE,24-12-2024 19:31:39,S06,20241224
S06/20241224/00046,9,TAX,1,296.62,TAX,24-12-2024 19:31:39,S06,20241224
S06/20241224/00046,10,TENDER,1,4256.35,TENDER,24-12-2024 19:31:39,S06,20241224
S06/20241224/00047,1,P105198,3,15.39,SALE,24-12-2024 20:37:55,S06,20241224
S06/20241224/00047,2,P103950,4,1283.54,SALE,24-12-2024 20:37:55,S06,20241224
S06/20241224/00047,3,TAX,1,262.25,TAX,24-12-2024 20:37:55,S06,20241224
S06/20241224/00047,4,TENDER,1,5442.58,TENDER,24-12-2024 20:37:55,S06,20241224
S06/20241224/00048,1,P105405,2,430.78,SALE,24-12-2024 17:49:28,S06,20241224
S06/20241224/00048,2,P105589,4,90.25,SALE,24-12-2024 17:49:28,S06,20241224
S06/20241224/00048,3,TAX,1,108.06,TAX,24-12-2024 17:49:28,S06,20241224
S06/20241224/00048,4,TENDER,1,1330.62,TENDER,24-12-2024 17:49:28,S06,20241224
S06/20241224/00049,1,P103372,3,49.00,SALE,24-12-2024 14:15:34,S06,20241224
S06/20241224/00049,2,P102006,1,1553.68,SALE,24-12-2024 14:15:34,S06,20241224
S06/20241224/00049,3,P106239,3,803.36,SALE,24-12-2024 14:15:34,S06,20241224
S06/20241224/00049,4,P104921,1,425.26,SALE,24-12-2024 14:15:34,S06,20241224
S06/20241224/00049,5,P107775,1,737.39,SALE,24-12-2024 14:15:34,S06,20241224
S06/20241224/00049,6,TAX,1,139.88,TAX,24-12-2024 14:15:34,S06,20241224
S06/20241224/00049,7,TENDER,1,5413.29,TENDER,24-12-2024 14:15:34,S06,20241224
S06/20241224/00050,1,P105017,2,220.46,SALE,24-12-2024 14:29:36,S06,20241224
S06/20241224/00050,2,P101842,2,227.96,SALE,24-12-2024 14:29:36,S06,20241224
S06/20241224/00050,3,P100827,4,1218.17,SALE,24-12-2024 14:29:36,S06,20241224
S06/20241224/00050,4,P106234,2,79.42,SALE,24-12-2024 14:29:36,S06,20241224
S06/20241224/00050,5,P102724,1,391.04,SALE,24-12-2024 14:29:36,S06,20241224
S06/20241224/00050,6,P105450,1,252.15,SALE,24-12-2024 14:29:36,S06,20241224
S06/20241224/00050,7,P104427,1,506.64,SALE,24-12-2024 14:29:36,S06,20241224
S06/20241224/00050,8,DISC,1,-237.51,DISCOUNT,24-12-2024 14:29:36,S06,20241224
S06/20241224/00050,9,TAX,1,273.32,TAX,24-12-2024 14:29:36,S06,20241224
S06/20241224/00050,10,TENDER,1,7114.00,TENDER,24-12-2024 14:29:36,S06,20241224
S06/20241224/00051,1,P104700,2,1425.82,SALE,24-12-2024 09:20:18,S06,20241224
S06/20241224/00051,2,P105765,2,529.25,SALE,24-12-2024 09:20:18,S06,20241224
S06/20241224/00051,3,P106174,3,229.89,SALE,24-12-2024 09:20:18,S06,20241224
S06/20241224/00051,4,P107581,1,287.09,SALE,24-12-2024 09:20:18,S06,20241224
S06/20241224/00051,5,P102480,2,198.67,SALE,24-12-2024 09:20:18,S06,20241224
S06/20241224/00051,6,P100298,2,53.95,SALE,24-12-2024 09:20:18,S06,20241224
S06/20241224/00051,7,DISC,1,-325.00,DISCOUNT,24-12-2024 09:20:18,S06,20241224
S06/20241224/00051,8,TAX,1,235.16,TAX,24-12-2024 09:20:18,S06,20241224
S06/20241224/00051,9,TENDER,1,5302.30,TENDER,24-12-2024 09:20:18,S06,20241224
S06/20241225/00001,1,P105062,2,14.84,SALE,25-12-2024 19:42:20,S06,20241225
S06/20241225/00001,2,P105937,1,259.08,SALE,25-12-2024 19:42:20,S06,20241225
S06/20241225/00001,3,P108206,2,81.62,SALE,25-12-2024 19:42:20,S06,20241225
S06/20241225/00001,4,P101722,2,1460.17,SALE,25-12-2024 19:42:20,S06,20241225
S06/20241225/00001,5,TAX,1,197.99,TAX,25-12-2024 19:42:20,S06,20241225
S06/20241225/00001,6,TENDER,1,3570.33,TENDER,25-12-2024 19:42:20,S06,20241225
S06/20241225/00002,1,P108050,3,1166.49,SALE,25-12-2024 10:45:22,S06,20241225
S06/20241225/00002,2,P102112,4,389.72,SALE,25-12-2024 10:45:22,S06,20241225
S06/20241225/00002,3,P101428,2,431.72,SALE,25-12-2024 10:45:22,S06,20241225
S06/20241225/00002,4,P104382,2,62.22,SALE,25-12-2024 10:45:22,S06,20241225
S06/20241225/00002,5,TAX,1,523.68,TAX,25-12-2024 10:45:22,S06,20241225
S06/20241225/00002,6,TENDER,1,6569.91,TENDER,25-12-2024 10:45:22,S06,20241225
S06/20241225/00003,1,P100879,1,159.99,SALE,25-12-2024 15:43:19,S06,20241225
S06/20241225/00003,2,P105092,1,57.00,SALE,25-12-2024 15:43:19,S06,20241225
S06/20241225/00003,3,P105868,1,68.91,SALE,25-12-2024 15:43:19,S06,20241225
S06/20241225/00003,4,P104980,2,92.75,SALE,25-12-2024 15:43:19,S06,20241225
S06/20241225/00003,5,P103606,1,185.94,SALE,25-12-2024 15:43:19,S06,20241225
S06/20241225/00003,6,P108050,1,1166.49,SALE,25-12-2024 15:43:19,S06,20241225
S06/20241225/00003,7,TAX,1,90.60,TAX,25-12-2024 15:43:19,S06,20241225
S06/20241225/00003,8,TENDER,1,1914.43,TENDER,25-12-2024 15:43:19,S06,20241225
S06/20241225/00004,1,P103922,4,51.00,SALE,25-12-2024 20:24:42,S06,20241225
S06/20241225/00004,2,P105369,2,143.76,SALE,25-12-2024 20:24:42,S06,20241225
S06/20241225/00004,3,P101327,2,233.22,SALE,25-12-2024 20:24:42,S06,20241225
S06/20241225/00004,4,P101064,2,33.84,SALE,25-12-2024 20:24:42,S06,20241225
S06/20241225/00004,5,TAX,1,184.62,TAX,25-12-2024 20:24:42,S06,20241225
S06/20241225/00004,6,TENDER,1,1210.26,TENDER,25-12-2024 20:24:42,S06,20241225
S06/20241225/00005,1,P105838,2,594.50,SALE,25-12-2024 17:28:22,S06,20241225
S06/20241225/00005,2,P104891,2,757.22,SALE,25-12-2024 17:28:22,S06,20241225
S06/20241225/00005,3,TAX,1,181.73,TAX,25-12-2024 17:28:22,S06,20241225
S06/20241225/00005,4,TENDER,1,2885.17,TENDER,25-12-2024 17:28:22,S06,20241225
S06/20241225/00006,1,P108067,3,640.50,SALE,25-12-2024 12:29:16,S06,20241225
S06/20241225/00006,2,P103882,1,273.56,SALE,25-12-2024 12:29:16,S06,20241225
S06/20241225/00006,3,P103249,2,521.24,SALE,25-12-2024 12:29:16,S06,20241225
S06/20241225/00006,4,P103234,2,128.39,SALE,25-12-2024 12:29:16,S06,20241225
S06/20241225/00006,5,P108302,1,855.55,SALE,25-12-2024 12:29:16,S06,20241225
S06/20241225/00006,6,P103978,2,347.08,SALE,25-12-2024 12:29:16,S06,20241225
S06/20241225/00006,7,TAX,1,225.07,TAX,25-12-2024 12:29:16,S06,20241225
S06/20241225/00006,8,TENDER,1,5269.10,TENDER,25-12-2024 12:29:16,S06,20241225
S06/20241225/00007,1,P107056,2,341.76,SALE,25-12-2024 16:06:40,S06,20241225
S06/20241225/00007,2,P104909,2,363.10,SALE,25-12-2024 16:06:40,S06,20241225
S06/20241225/00007,3,P100999,4,171.06,SALE,25-12-2024 16:06:40,S06,20241225
S06/20241225/00007,4,P106745,2,621.98,SALE,25-12-2024 16:06:40,S06,20241225
S06/20241225/00007,5,P105789,1,42.75,SALE,25-12-2024 16:06:40,S06,20241225
S06/20241225/00007,6,TAX,1,354.64,TAX,25-12-2024 16:06:40,S06,20241225
S06/20241225/00007,7,TENDER,1,3735.31,TENDER,25-12-2024 16:06:40,S06,20241225
S06/20241225/00008,1,P101298,1,224.87,SALE,25-12-2024 18:48:59,S06,20241225
S06/20241225/00008,2,P103693,4,102.71,SALE,25-12-2024 18:48:59,S06,20241225
S06/20241225/00008,3,P102993,2,318.19,SALE,25-12-2024 18:48:59,S06,20241225
S06/20241225/00008,4,P106833,2,446.47,SALE,25-12-2024 18:48:59,S06,20241225
S06/20241225/00008,5,P103214,6,283.38,SALE,25-12-2024 18:48:59,S06,20241225
S06/20241225/00008,6,P101515,1,60.18,SALE,25-12-2024 18:48:59,S06,20241225
S06/20241225/00008,7,P101530,2,576.50,SALE,25-12-2024 18:48:59,S06,20241225
S06/20241225/00008,8,TAX,1,512.09,TAX,25-12-2024 18:48:59,S06,20241225
S06/20241225/00008,9,TENDER,1,5590.58,TENDER,25-12-2024 18:48:59,S06,20241225
S06/20241225/00009,1,P100933,2,276.15,SALE,25-12-2024 19:43:13,S06,20241225
S06/20241225/00009,2,P108389,3,837.30,SALE,25-12-2024 19:43:13,S06,20241225
S06/20241225/00009,3,P101690,3,1044.81,SALE,25-12-2024 19:43:13,S06,20241225
S06/20241225/00009,4,P106765,2,279.73,SALE,25-12-2024 19:43:13,S06,20241225
S06/20241225/00009,5,DISC,1,-672.38,DISCOUNT,25-12-2024 19:43:13,S06,20241225
S06/20241225/00009,6,TAX,1,434.43,TAX,25-12-2024 19:43:13,S06,20241225
S06/20241225/00009,7,TENDER,1,6520.14,TENDER,25-12-2024 19:43:13,S06,20241225
S06/20241225/00010,1,P100456,3,982.47,SALE,26-12-2024 00:02:18,S06,20241225
S06/20241225/00010,2,P107414,3,565.57,SALE,26-12-2024 00:02:18,S06,20241225
S06/20241225/00010,3,P102761,1,170.84,SALE,26-12-2024 00:02:18,S06,20241225
S06/20241225/00010,4,P102290,1,587.69,SALE,26-12-2024 00:02:18,S06,20241225
S06/20241225/00010,5,P106464,2,277.18,SALE,26-12-2024 00:02:18,S06,20241225
S06/20241225/00010,6,TAX,1,369.25,TAX,26-12-2024 00:02:18,S06,20241225
S06/20241225/00010,7,TENDER,1,6326.26,TENDER,26-12-2024 00:02:18,S06,20241225
S06/20241225/00011,1,P100494,4,67.32,SALE,25-12-2024 16:21:29,S06,20241225
S06/20241225/00011,2,P100276,2,965.56,SALE,25-12-2024 16:21:29,S06,20241225
S06/20241225/00011,3,P108159,1,488.81,SALE,25-12-2024 16:21:29,S06,20241225
S06/20241225/00011,4,P102286,2,281.91,SALE,25-12-2024 16:21:29,S06,20241225
S06/20241225/00011,5,P105272,3,351.65,SALE,25-12-2024 16:21:29,S06,20241225
S06/20241225/00011,6,TAX,1,373.11,TAX,25-12-2024 16:21:29,S06,20241225
S06/20241225/00011,7,TENDER,1,4681.09,TENDER,25-12-2024 16:21:29,S06,20241225
S06/20241225/00012,1,P103958,4,32.46,SALE,25-12-2024 20:03:45,S06,20241225
S06/20241225/00012,2,P108300,1,286.59,SALE,25-12-2024 20:03:45,S06,20241225
S06/20241225/00012,3,P104048,3,193.57,SALE,25-12-2024 20:03:45,S06,20241225
S06/20241225/00012,4,P108227,1,551.58,SALE,25-12-2024 20:03:45,S06,20241225
S06/20241225/00012,5,TAX,1,144.64,TAX,25-12-2024 20:03:45,S06,20241225
S06/20241225/00012,6,TENDER,1,1693.36,TENDER,25-12-2024 20:03:45,S06,20241225
S06/20241225/00013,1,P100879,1,159.99,SALE,25-12-2024 14:57:56,S06,20241225
S06/20241225/00013,2,P104121,2,131.32,SALE,25-12-2024 14:57:56,S06,20241225
S06/20241225/00013,3,P103575,2,54.47,SALE,25-12-2024 14:57:56,S06,20241225
S06/20241225/00013,4,P100394,1,320.36,SALE,25-12-2024 14:57:56,S06,20241225
S06/20241225/00013,5,DISC,1,-28.15,DISCOUNT,25-12-2024 14:57:56,S06,20241225
S06/20241225/00013,6,TAX,1,88.15,TAX,25-12-2024 14:57:56,S06,20241225
S06/20241225/00013,7,TENDER,1,911.93,TENDER,25-12-2024 14:57:56,S06,20241225
S06/20241225/00014,1,P107278,2,55.18,SALE,25-12-2024 22:40:14,S06,20241225
S06/20241225/00014,2,P107294,1,85.13,SALE,25-12-2024 22:40:14,S06,20241225
S06/20241225/00014,3,P104800,2,692.51,SALE,25-12-2024 22:40:14,S06,20241225
S06/20241225/00014,4,P103896,3,203.30,SALE,25-12-2024 22:40:14,S06,20241225
S06/20241225/00014,5,P105713,2,345.36,SALE,25-12-2024 22:40:14,S06,20241225
S06/20241225/00014,6,P100438,1,66.55,SALE,25-12-2024 22:40:14,S06,20241225
S06/20241225/00014,7,TAX,1,331.35,TAX,25-12-2024 22:40:14,S06,20241225
S06/20241225/00014,8,TENDER,1,3279.03,TENDER,25-12-2024 22:40:14,S06,20241225
S06/20241225/00015,1,P103168,1,980.21,SALE,25-12-2024 13:51:30,S06,20241225
S06/20241225/00015,2,P103413,2,1352.06,SALE,25-12-2024 13:51:30,S06,20241225
S06/20241225/00015,3,P101547,1,66.03,SALE,25-12-2024 13:51:30,S06,20241225
S06/20241225/00015,4,P103022,1,60.43,SALE,25-12-2024 13:51:30,S06,20241225
S06/20241225/00015,5,P107294,1,85.13,SALE,25-12-2024 13:51:30,S06,20241225
S06/20241225/00015,6,P104733,2,669.60,SALE,25-12-2024 13:51:30,S06,20241225
S06/20241225/00015,7,P100819,3,1109.59,SALE,25-12-2024 13:51:30,S06,20241225
S06/20241225/00015,8,TAX,1,508.70,TAX,25-12-2024 13:51:30,S06,20241225
S06/20241225/00015,9,TENDER,1,9072.59,TENDER,25-12-2024 13:51:30,S06,20241225
S06/20241225/00016,1,P101389,2,430.39,SALE,25-12-2024 10:23:18,S06,20241225
S06/20241225/00016,2,P108361,2,73.59,SALE,25-12-2024 10:23:18,S06,20241225
S06/20241225/00016,3,P104485,2,643.04,SALE,25-12-2024 10:23:18,S06,20241225
S06/20241225/00016,4,P102166,1,49.91,SALE,25-12-2024 10:23:18,S06,20241225
S06/20241225/00016,5,P107676,1,213.04,SALE,25-12-2024 10:23:18,S06,20241225
S06/20241225/00016,6,P105400,2,53.13,SALE,25-12-2024 10:23:18,S06,20241225
S06/20241225/00016,7,TAX,1,348.03,TAX,25-12-2024 10:23:18,S06,20241225
S06/20241225/00016,8,TENDER,1,3011.28,TENDER,25-12-2024 10:23:18,S06,20241225
S06/20241225/00017,1,P106751,2,134.60,SALE,25-12-2024 18:50:30,S06,20241225
S06/20241225/00017,2,P106955,3,204.37,SALE,25-12-2024 18:50:30,S06,20241225
S06/20241225/00017,3,P107149,3,145.83,SALE,25-12-2024 18:50:30,S06,20241225
S06/20241225/00017,4,TAX,1,122.86,TAX,25-12-2024 18:50:30,S06,20241225
S06/20241225/00017,5,TENDER,1,1442.66,TENDER,25-12-2024 18:50:30,S06,20241225
S06/20241225/00018,1,P108032,3,648.04,SALE,25-12-2024 13:58:21,S06,20241225
S06/20241225/00018,2,P106464,2,277.18,SALE,25-12-2024 13:58:21,S06,20241225
S06/20241225/00018,3,P105784,3,116.81,SALE,25-12-2024 13:58:21,S06,20241225
S06/20241225/00018,4,TAX,1,299.82,TAX,25-12-2024 13:58:21,S06,20241225
S06/20241225/00018,5,TENDER,1,3148.73,TENDER,25-12-2024 13:58:21,S06,20241225
S06/20241225/00019,1,P102738,3,236.55,SALE,25-12-2024 14:40:13,S06,20241225
S06/20241225/00019,2,P104587,1,252.25,SALE,25-12-2024 14:40:13,S06,20241225
S06/20241225/00019,3,P107837,3,104.51,SALE,25-12-2024 14:40:13,S06,20241225
S06/20241225/00019,4,P102404,2,370.32,SALE,25-12-2024 14:40:13,S06,20241225
S06/20241225/00019,5,TAX,1,154.21,TAX,25-12-2024 14:40:13,S06,20241225
S06/20241225/00019,6,TENDER,1,2170.28,TENDER,25-12-2024 14:40:13,S06,20241225
S06/20241225/00020,1,P102243,1,145.61,SALE,25-12-2024 20:47:03,S06,20241225
S06/20241225/00020,2,P102074,1,415.90,SALE,25-12-2024 20:47:03,S06,20241225
S06/20241225/00020,3,P106651,2,900.59,SALE,25-12-2024 20:47:03,S06,20241225
S06/20241225/00020,4,P104933,1,560.59,SALE,25-12-2024 20:47:03,S06,20241225
S06/20241225/00020,5,P102236,3,928.51,SALE,25-12-2024 20:47:03,S06,20241225
S06/20241225/00020,6,DISC,1,-164.16,DISCOUNT,25-12-2024 20:47:03,S06,20241225
S06/20241225/00020,7,TAX,1,260.54,TAX,25-12-2024 20:47:03,S06,20241225
S06/20241225/00020,8,TENDER,1,5805.19,TENDER,25-12-2024 20:47:03,S06,20241225
S06/20241225/00021,1,P107119,2,18.29,SALE,25-12-2024 16:00:16,S06,20241225
S06/20241225/00021,2,P104956,1,141.84,SALE,25-12-2024 16:00:16,S06,20241225
S06/20241225/00021,3,P105757,3,248.44,SALE,25-12-2024 16:00:16,S06,20241225
S06/20241225/00021,4,P102014,3,261.84,SALE,25-12-2024 16:00:16,S06,20241225
S06/20241225/00021,5,TAX,1,210.78,TAX,25-12-2024 16:00:16,S06,20241225
S06/20241225/00021,6,TENDER,1,1920.04,TENDER,25-12-2024 16:00:16,S06,20241225
S06/20241225/00022,1,P101374,4,55.98,SALE,25-12-2024 14:52:50,S06,20241225
S06/20241225/00022,2,P100387,3,116.37,SALE,25-12-2024 14:52:50,S06,20241225
S06/20241225/00022,3,P101911,1,1431.80,SALE,25-12-2024 14:52:50,S06,20241225
S06/20241225/00022,4,P106566,2,251.68,SALE,25-12-2024 14:52:50,S06,20241225
S06/20241225/00022,5,P101327,2,233.22,SALE,25-12-2024 14:52:50,S06,20241225
S06/20241225/00022,6,TAX,1,232.33,TAX,25-12-2024 14:52:50,S06,20241225
S06/20241225/00022,7,TENDER,1,3206.96,TENDER,25-12-2024 14:52:50,S06,20241225
S06/20241225/00023,1,P105017,1,220.46,SALE,25-12-2024 12:42:38,S06,20241225
S06/20241225/00023,2,P102674,2,515.88,SALE,25-12-2024 12:42:38,S06,20241225
S06/20241225/00023,3,P102874,5,142.11,SALE,25-12-2024 12:42:38,S06,20241225
S06/20241225/00023,4,P103757,2,159.40,SALE,25-12-2024 12:42:38,S06,20241225
S06/20241225/00023,5,TAX,1,276.87,TAX,25-12-2024 12:42:38,S06,20241225
S06/20241225/00023,6,TENDER,1,2558.44,TENDER,25-12-2024 12:42:38,S06,20241225
S06/20241225/00024,1,P102516,2,1272.67,SALE,25-12-2024 18:03:32,S06,20241225
S06/20241225/00024,2,P106174,2,229.89,SALE,25-12-2024 18:03:32,S06,20241225
S06/20241225/00024,3,P103364,1,118.90,SALE,25-12-2024 18:03:32,S06,20241225
S06/20241225/00024,4,TAX,1,127.27,TAX,25-12-2024 18:03:32,S06,20241225
S06/20241225/00024,5,TENDER,1,3251.29,TENDER,25-12-2024 18:03:32,S06,20241225
S06/20241225/00025,1,P107581,1,287.09,SALE,25-12-2024 18:51:03,S06,20241225
S06/20241225/00025,2,P103374,3,38.02,SALE,25-12-2024 18:51:03,S06,20241225
S06/20241225/00025,3,P104872,2,132.45,SALE,25-12-2024 18:51:03,S06,20241225
S06/20241225/00025,4,P105845,1,121.94,SALE,25-12-2024 18:51:03,S06,20241225
S06/20241225/00025,5,P102485,2,208.13,SALE,25-12-2024 18:51:03,S06,20241225
S06/20241225/00025,6,P103337,2,94.03,SALE,25-12-2024 18:51:03,S06,20241225
S06/20241225/00025,7,TAX,1,138.93,TAX,25-12-2024 18:51:03,S06,20241225
S06/20241225/00025,8,TENDER,1,1531.24,TENDER,25-12-2024 18:51:03,S06,20241225
S06/20241225/00026,1,P101428,3,410.13,SALE,25-12-2024 19:35:38,S06,20241225
S06/20241225/00026,2,P102534,2,98.12,SALE,25-12-2024 19:35:38,S06,20241225
S06/20241225/00026,3,P107178,2,298.69,SALE,25-12-2024 19:35:38,S06,20241225
S06/20241225/00026,4,P103397,1,371.02,SALE,25-12-2024 19:35:38,S06,20241225
S06/20241225/00026,5,P105280,2,220.35,SALE,25-12-2024 19:35:38,S06,20241225
S06/20241225/00026,6,P107759,1,257.69,SALE,25-12-2024 19:35:38,S06,20241225
S06/20241225/00026,7,P104107,2,479.48,SALE,25-12-2024 19:35:38,S06,20241225
S06/20241225/00026,8,P105765,1,529.25,SALE,25-12-2024 19:35:38,S06,20241225
S06/20241225/00026,9,P103712,3,481.86,SALE,25-12-2024 19:35:38,S06,20241225
S06/20241225/00026,10,P104872,1,132.45,SALE,25-12-2024 19:35:38,S06,20241225
S06/20241225/00026,11,TAX,1,807.76,TAX,25-12-2024 19:35:38,S06,20241225
S06/20241225/00026,12,TENDER,1,6967.42,TENDER,25-12-2024 19:35:38,S06,20241225
S06/20241225/00027,1,P108001,2,96.97,SALE,25-12-2024 18:55:28,S06,20241225
S06/20241225/00027,2,P101874,2,21.48,SALE,25-12-2024 18:55:28,S06,20241225
S06/20241225/00027,3,P107126,2,68.67,SALE,25-12-2024 18:55:28,S06,20241225
S06/20241225/00027,4,TAX,1,16.48,TAX,25-12-2024 18:55:28,S06,20241225
S06/20241225/00027,5,TENDER,1,390.72,TENDER,25-12-2024 18:55:28,S06,20241225
S06/20241225/00028,1,P101064,3,33.84,SALE,25-12-2024 18:17:37,S06,20241225
S06/20241225/00028,2,TAX,1,18.27,TAX,25-12-2024 18:17:37,S06,20241225
S06/20241225/00028,3,TENDER,1,119.79,TENDER,25-12-2024 18:17:37,S06,20241225
S06/20241225/00029,1,P102801,2,108.87,SALE,25-12-2024 18:03:17,S06,20241225
S06/20241225/00029,2,P106473,3,297.16,SALE,25-12-2024 18:03:17,S06,20241225
S06/20241225/00029,3,P105139,2,119.64,SALE,25-12-2024 18:03:17,S06,20241225
S06/20241225/00029,4,TAX,1,228.37,TAX,25-12-2024 18:03:17,S06,20241225
S06/20241225/00029,5,TENDER,1,1576.87,TENDER,25-12-2024 18:03:17,S06,20241225
S06/20241225/00030,1,P104123,2,432.72,SALE,25-12-2024 16:50:15,S06,20241225
S06/20241225/00030,2,P104921,2,425.26,SALE,25-12-2024 16:50:15,S06,20241225
S06/20241225/00030,3,P105950,1,1356.49,SALE,25-12-2024 16:50:15,S06,20241225
S06/20241225/00030,4,P102207,1,342.36,SALE,25-12-2024 16:50:15,S06,20241225
S06/20241225/00030,5,TAX,1,298.03,TAX,25-12-2024 16:50:15,S06,20241225
S06/20241225/00030,6,TENDER,1,3712.84,TENDER,25-12-2024 16:50:15,S06,20241225
S06/20241225/00031,1,P103833,2,1136.81,SALE,25-12-2024 18:47:55,S06,20241225
S06/20241225/00031,2,P102835,2,101.19,SALE,25-12-2024 18:47:55,S06,20241225
S06/20241225/00031,3,P104266,2,431.11,SALE,25-12-2024 18:47:55,S06,20241225
S06/20241225/00031,4,P100658,2,50.53,SALE,25-12-2024 18:47:55,S06,20241225
S06/20241225/00031,5,P100754,1,91.60,SALE,25-12-2024 18:47:55,S06,20241225
S06/20241225/00031,6,P101669,2,56.49,SALE,25-12-2024 18:47:55,S06,20241225
S06/20241225/00031,7,TAX,1,303.40,TAX,25-12-2024 18:47:55,S06,20241225
S06/20241225/00031,8,TENDER,1,3947.26,TENDER,25-12-2024 18:47:55,S06,20241225
S06/20241225/00032,1,P107365,4,978.42,SALE,25-12-2024 09:37:14,S06,20241225
S06/20241225/00032,2,P106200,2,119.89,SALE,25-12-2024 09:37:14,S06,20241225
S06/20241225/00032,3,P103806,1,319.17,SALE,25-12-2024 09:37:14,S06,20241225
S06/20241225/00032,4,P107516,5,565.20,SALE,25-12-2024 09:37:14,S06,20241225
S06/20241225/00032,5,P107488,3,303.21,SALE,25-12-2024 09:37:14,S06,20241225
S06/20241225/00032,6,P107848,2,267.41,SALE,25-12-2024 09:37:14,S06,20241225
S06/20241225/00032,7,TAX,1,1197.57,TAX,25-12-2024 09:37:14,S06,20241225
S06/20241225/00032,8,TENDER,1,9940.65,TENDER,25-12-2024 09:37:14,S06,20241225
S06/20241225/00033,1,P102103,2,440.98,SALE,25-12-2024 18:24:05,S06,20241225
S06/20241225/00033,2,P107863,4,575.65,SALE,25-12-2024 18:24:05,S06,20241225
S06/20241225/00033,3,P101010,2,71.39,SALE,25-12-2024 18:24:05,S06,20241225
S06/20241225/00033,4,TAX,1,590.35,TAX,25-12-2024 18:24:05,S06,20241225
S06/20241225/00033,5,TENDER,1,3917.69,TENDER,25-12-2024 18:24:05,S06,20241225
S06/20241225/00034,1,P100956,-1,421.98,RETURN,25-12-2024 12:12:32,S06,20241225
S06/20241225/00034,2,P107149,-2,145.83,RETURN,25-12-2024 12:12:32,S06,20241225
S06/20241225/00034,3,TAX,1,-73.60,TAX,25-12-2024 12:12:32,S06,20241225
S06/20241225/00034,4,TENDER,1,-787.24,TENDER,25-12-2024 12:12:32,S06,20241225
S06/20241225/00035,1,P104226,2,303.01,SALE,25-12-2024 15:11:30,S06,20241225
S06/20241225/00035,2,P106151,2,298.42,SALE,25-12-2024 15:11:30,S06,20241225
S06/20241225/00035,3,P100305,3,771.81,SALE,25-12-2024 15:11:30,S06,20241225
S06/20241225/00035,4,P107721,2,92.25,SALE,25-12-2024 15:11:30,S06,20241225
S06/20241225/00035,5,P103871,1,220.55,SALE,25-12-2024 15:11:30,S06,20241225
S06/20241225/00035,6,TAX,1,82.65,TAX,25-12-2024 15:11:30,S06,20241225
S06/20241225/00035,7,TENDER,1,4005.99,TENDER,25-12-2024 15:11:30,S06,20241225
S06/20241225/00036,1,P102494,2,14.54,SALE,25-12-2024 17:58:29,S06,20241225
S06/20241225/00036,2,P105988,1,29.57,SALE,25-12-2024 17:58:29,S06,20241225
S06/20241225/00036,3,P100095,3,100.57,SALE,25-12-2024 17:58:29,S06,20241225
S06/20241225/00036,4,P105042,2,66.53,SALE,25-12-2024 17:58:29,S06,20241225
S06/20241225/00036,5,P101037,3,613.83,SALE,25-12-2024 17:58:29,S06,20241225
S06/20241225/00036,6,TAX,1,377.22,TAX,25-12-2024 17:58:29,S06,20241225
S06/20241225/00036,7,TENDER,1,2712.13,TENDER,25-12-2024 17:58:29,S06,20241225
S06/20241225/00037,1,P104079,3,75.55,SALE,25-12-2024 19:23:11,S06,20241225
S06/20241225/00037,2,P102342,1,107.02,SALE,25-12-2024 19:23:11,S06,20241225
S06/20241225/00037,3,P103054,3,145.96,SALE,25-12-2024 19:23:11,S06,20241225
S06/20241225/00037,4,DISC,1,-41.78,DISCOUNT,25-12-2024 19:23:11,S06,20241225
S06/20241225/00037,5,TAX,1,12.15,TAX,25-12-2024 19:23:11,S06,20241225
S06/20241225/00037,6,TENDER,1,741.92,TENDER,25-12-2024 19:23:11,S06,20241225
S06/20241225/00038,1,P104023,1,630.48,SALE,25-12-2024 20:08:52,S06,20241225
S06/20241225/00038,2,P101428,3,431.72,SALE,25-12-2024 20:08:52,S06,20241225
S06/20241225/00038,3,P104811,1,108.16,SALE,25-12-2024 20:08:52,S06,20241225
S06/20241225/00038,4,P102880,1,575.53,SALE,25-12-2024 20:08:52,S06,20241225
S06/20241225/00038,5,P100348,4,527.90,SALE,25-12-2024 20:08:52,S06,20241225
S06/20241225/00038,6,P101697,2,102.34,SALE,25-12-2024 20:08:52,S06,20241225
S06/20241225/00038,7,TAX,1,418.48,TAX,25-12-2024 20:08:52,S06,20241225
S06/20241225/00038,8,TENDER,1,5344.09,TENDER,25-12-2024 20:08:52,S06,20241225
S06/20241225/00039,1,P101174,2,57.43,SALE,25-12-2024 18:16:03,S06,20241225
S06/20241225/00039,2,P101492,3,113.44,SALE,25-12-2024 18:16:03,S06,20241225
S06/20241225/00039,3,P102671,3,252.00,SALE,25-12-2024 18:16:03,S06,20241225
S06/20241225/00039,4,P105176,2,509.66,SALE,25-12-2024 18:16:03,S06,20241225
S06/20241225/00039,5,TAX,1,386.56,TAX,25-12-2024 18:16:03,S06,20241225
S06/20241225/00039,6,TENDER,1,2617.06,TENDER,25-12-2024 18:16:03,S06,20241225
S06/20241225/00040,1,P100140,3,58.05,SALE,25-12-2024 10:45:44,S06,20241225
S06/20241225/00040,2,P100855,1,345.07,SALE,25-12-2024 10:45:44,S06,20241225
S06/20241225/00040,3,P104676,3,87.52,SALE,25-12-2024 10:45:44,S06,20241225
S06/20241225/00040,4,P101134,2,1071.76,SALE,25-12-2024 10:45:44,S06,20241225
S06/20241225/00040,5,P103389,1,239.67,SALE,25-12-2024 10:45:44,S06,20241225
S06/20241225/00040,6,P105698,2,194.14,SALE,25-12-2024 10:45:44,S06,20241225
S06/20241225/00040,7,P103575,2,54.47,SALE,25-12-2024 10:45:44,S06,20241225
S06/20241225/00040,8,TAX,1,259.20,TAX,25-12-2024 10:45:44,S06,20241225
S06/20241225/00040,9,TENDER,1,3921.39,TENDER,25-12-2024 10:45:44,S06,20241225
S06/20241225/00041,1,P105901,1,80.48,SALE,25-12-2024 16:44:32,S06,20241225
S06/20241225/00041,2,TAX,1,9.66,TAX,25-12-2024 16:44:32,S06,20241225
S06/20241225/00041,3,TENDER,1,90.14,TENDER,25-12-2024 16:44:32,S06,20241225
S06/20241225/00042,1,P102880,1,575.53,SALE,25-12-2024 14:34:43,S06,20241225
S06/20241225/00042,2,P100456,3,982.47,SALE,25-12-2024 14:34:43,S06,20241225
S06/20241225/00042,3,P106563,1,469.90,SALE,25-12-2024 14:34:43,S06,20241225
S06/20241225/00042,4,P108313,1,455.94,SALE,25-12-2024 14:34:43,S06,20241225
S06/20241225/00042,5,P104316,2,489.63,SALE,25-12-2024 14:34:43,S06,20241225
S06/20241225/00042,6,TAX,1,463.51,TAX,25-12-2024 14:34:43,S06,20241225
S06/20241225/00042,7,TENDER,1,5891.55,TENDER,25-12-2024 14:34:43,S06,20241225
S06/20241225/00043,1,P106454,2,127.35,SALE,25-12-2024 11:02:32,S06,20241225
S06/20241225/00043,2,P104708,2,487.33,SALE,25-12-2024 11:02:32,S06,20241225
S06/20241225/00043,3,P103950,2,1283.54,SALE,25-12-2024 11:02:32,S06,20241225
S06/20241225/00043,4,P100354,1,182.63,SALE,25-12-2024 11:02:32,S06,20241225
S06/20241225/00043,5,P108135,3,562.62,SALE,25-12-2024 11:02:32,S06,20241225
S06/20241225/00043,6,TAX,1,211.74,TAX,25-12-2024 11:02:32,S06,20241225
S06/20241225/00043,7,TENDER,1,5878.67,TENDER,25-12-2024 11:02:32,S06,20241225
S06/20241225/00044,1,P105937,1,259.08,SALE,25-12-2024 16:18:29,S06,20241225
S06/20241225/00044,2,P107346,2,449.29,SALE,25-12-2024 16:18:29,S06,20241225
S06/20241225/00044,3,P103206,1,450.05,SALE,25-12-2024 16:18:29,S06,20241225
S06/20241225/00044,4,P106501,2,164.07,SALE,25-12-2024 16:18:29,S06,20241225
S06/20241225/00044,5,TAX,1,231.64,TAX,25-12-2024 16:18:29,S06,20241225
S06/20241225/00044,6,TENDER,1,2167.49,TENDER,25-12-2024 16:18:29,S06,20241225
S06/20241225/00045,1,P103283,3,166.64,SALE,25-12-2024 14:24:35,S06,20241225
S06/20241225/00045,2,P100380,3,136.58,SALE,25-12-2024 14:24:35,S06,20241225
S06/20241225/00045,3,P101421,1,119.60,SALE,25-12-2024 14:24:35,S06,20241225
S06/20241225/00045,4,P101925,2,186.54,SALE,25-12-2024 14:24:35,S06,20241225
S06/20241225/00045,5,DISC,1,-82.57,DISCOUNT,25-12-2024 14:24:35,S06,20241225
S06/20241225/00045,6,TAX,1,153.26,TAX,25-12-2024 14:24:35,S06,20241225
S06/20241225/00045,7,TENDER,1,1473.03,TENDER,25-12-2024 14:24:35,S06,20241225
S06/20241225/00046,1,P105230,1,123.72,SALE,25-12-2024 11:08:13,S06,20241225
S06/20241225/00046,2,P101470,1,196.94,SALE,25-12-2024 11:08:13,S06,20241225
S06/20241225/00046,3,TAX,1,14.85,TAX,25-12-2024 11:08:13,S06,20241225
S06/20241225/00046,4,TENDER,1,335.51,TENDER,25-12-2024 11:08:13,S06,20241225
S06/20241225/00047,1,P104718,4,364.54,SALE,25-12-2024 12:10:25,S06,20241225
S06/20241225/00047,2,P104986,3,221.68,SALE,25-12-2024 12:10:25,S06,20241225
S06/20241225/00047,3,P100326,1,47.79,SALE,25-12-2024 12:10:25,S06,20241225
S06/20241225/00047,4,P106048,2,310.59,SALE,25-12-2024 12:10:25,S06,20241225
S06/20241225/00047,5,P103294,3,69.64,SALE,25-12-2024 12:10:25,S06,20241225
S06/20241225/00047,6,P101722,3,1460.17,SALE,25-12-2024 12:10:25,S06,20241225
S06/20241225/00047,7,TAX,1,607.30,TAX,25-12-2024 12:10:25,S06,20241225
S06/20241225/00047,8,TENDER,1,7988.90,TENDER,25-12-2024 12:10:25,S06,20241225
S06/20241225/00048,1,P106773,4,397.71,SALE,25-12-2024 09:12:04,S06,20241225
S06/20241225/00048,2,TAX,1,286.35,TAX,25-12-2024 09:12:04,S06,20241225
S06/20241225/00048,3,TENDER,1,1877.19,TENDER,25-12-2024 09:12:04,S06,20241225
S06/20241225/00049,1,P104351,3,1128.29,SALE,25-12-2024 15:01:44,S06,20241225
S06/20241225/00049,2,P107435,1,636.54,SALE,25-12-2024 15:01:44,S06,20241225
S06/20241225/00049,3,P105805,1,110.21,SALE,25-12-2024 15:01:44,S06,20241225
S06/20241225/00049,4,P103794,2,785.54,SALE,25-12-2024 15:01:44,S06,20241225
S06/20241225/00049,5,P103473,3,428.66,SALE,25-12-2024 15:01:44,S06,20241225
S06/20241225/00049,6,P103704,1,188.13,SALE,25-12-2024 15:01:44,S06,20241225
S06/20241225/00049,7,TAX,1,550.56,TAX,25-12-2024 15:01:44,S06,20241225
S06/20241225/00049,8,TENDER,1,7727.37,TENDER,25-12-2024 15:01:44,S06,20241225
S06/20241225/00050,1,P107308,-2,226.19,RETURN,25-12-2024 18:03:31,S06,20241225
S06/20241225/00050,2,P100595,-2,404.82,RETURN,25-12-2024 18:03:31,S06,20241225
S06/20241225/00050,3,P105562,-1,422.85,RETURN,25-12-2024 18:03:31,S06,20241225
S06/20241225/00050,4,P101982,-2,428.91,RETURN,25-12-2024 18:03:31,S06,20241225
S06/20241225/00050,5,P100560,-2,180.90,RETURN,25-12-2024 18:03:31,S06,20241225
S06/20241225/00050,6,TAX,1,-452.52,TAX,25-12-2024 18:03:31,S06,20241225
S06/20241225/00050,7,TENDER,1,-3357.01,TENDER,25-12-2024 18:03:31,S06,20241225
S06/20241225/00051,1,P104270,5,1153.64,SALE,25-12-2024 14:22:33,S06,20241225
S06/20241225/00051,2,P107996,2,224.54,SALE,25-12-2024 14:22:33,S06,20241225
S06/20241225/00051,3,P107989,2,189.72,SALE,25-12-2024 14:22:33,S06,20241225
S06/20241225/00051,4,TAX,1,379.16,TAX,25-12-2024 14:22:33,S06,20241225
S06/20241225/00051,5,TENDER,1,6975.88,TENDER,25-12-2024 14:22:33,S06,20241225
S06/20241225/00052,1,P100889,1,1028.39,SALE,25-12-2024 15:59:24,S06,20241225
S06/20241225/00052,2,P103137,4,218.09,SALE,25-12-2024 15:59:24,S06,20241225
S06/20241225/00052,3,P105345,3,335.85,SALE,25-12-2024 15:59:24,S06,20241225
S06/20241225/00052,4,TAX,1,206.48,TAX,25-12-2024 15:59:24,S06,20241225
S06/20241225/00052,5,TENDER,1,3114.78,TENDER,25-12-2024 15:59:24,S06,20241225
S06/20241225/00053,1,P104226,1,303.01,SALE,25-12-2024 16:31:45,S06,20241225
S06/20241225/00053,2,P104921,1,425.26,SALE,25-12-2024 16:31:45,S06,20241225
S06/20241225/00053,3,TAX,1,76.55,TAX,25-12-2024 16:31:45,S06,20241225
S06/20241225/00053,4,TENDER,1,804.82,TENDER,25-12-2024 16:31:45,S06,20241225
S06/20241226/00001,1,P105950,1,1356.49,SALE,26-12-2024 11:40:08,S06,20241226
S06/20241226/00001,2,P104965,4,88.50,SALE,26-12-2024 11:40:08,S06,20241226
S06/20241226/00001,3,P101507,2,635.95,SALE,26-12-2024 11:40:08,S06,20241226
S06/20241226/00001,4,P102868,4,471.29,SALE,26-12-2024 11:40:08,S06,20241226
S06/20241226/00001,5,TAX,1,420.62,TAX,26-12-2024 11:40:08,S06,20241226
S06/20241226/00001,6,TENDER,1,5288.17,TENDER,26-12-2024 11:40:08,S06,20241226
S06/20241226/00002,1,P102280,1,644.81,SALE,26-12-2024 10:49:42,S06,20241226
S06/20241226/00002,2,P102616,3,82.31,SALE,26-12-2024 10:49:42,S06,20241226
S06/20241226/00002,3,P106330,2,218.33,SALE,26-12-2024 10:49:42,S06,20241226
S06/20241226/00002,4,P106158,2,507.58,SALE,26-12-2024 10:49:42,S06,20241226
S06/20241226/00002,5,P107884,2,29.77,SALE,26-12-2024 10:49:42,S06,20241226
S06/20241226/00002,6,P101923,2,527.50,SALE,26-12-2024 10:49:42,S06,20241226
S06/20241226/00002,7,TAX,1,490.49,TAX,26-12-2024 10:49:42,S06,20241226
S06/20241226/00002,8,TENDER,1,3948.59,TENDER,26-12-2024 10:49:42,S06,20241226
S06/20241226/00003,1,P104789,4,67.52,SALE,26-12-2024 17:53:56,S06,20241226
S06/20241226/00003,2,P106357,1,1078.45,SALE,26-12-2024 17:53:56,S06,20241226
S06/20241226/00003,3,P107753,2,73.61,SALE,26-12-2024 17:53:56,S06,20241226
S06/20241226/00003,4,TAX,1,129.41,TAX,26-12-2024 17:53:56,S06,20241226
S06/20241226/00003,5,TENDER,1,1625.16,TENDER,26-12-2024 17:53:56,S06,20241226
S06/20241226/00004,1,P102006,1,1553.68,SALE,26-12-2024 15:10:45,S06,20241226
S06/20241226/00004,2,P107477,1,116.48,SALE,26-12-2024 15:10:45,S06,20241226
S06/20241226/00004,3,P105433,1,144.32,SALE,26-12-2024 15:10:45,S06,20241226
S06/20241226/00004,4,P104593,1,867.34,SALE,26-12-2024 15:10:45,S06,20241226
S06/20241226/00004,5,P103661,2,125.81,SALE,26-12-2024 15:10:45,S06,20241226
S06/20241226/00004,6,P107435,2,636.54,SALE,26-12-2024 15:10:45,S06,20241226
S06/20241226/00004,7,P104139,4,249.08,SALE,26-12-2024 15:10:45,S06,20241226
S06/20241226/00004,8,TAX,1,410.33,TAX,26-12-2024 15:10:45,S06,20241226
S06/20241226/00004,9,TENDER,1,5613.17,TENDER,26-12-2024 15:10:45,S06,20241226
S06/20241226/00005,1,P100121,2,113.08,SALE,26-12-2024 11:00:14,S06,20241226
S06/20241226/00005,2,P100250,2,544.91,SALE,26-12-2024 11:00:14,S06,20241226
S06/20241226/00005,3,P101940,1,201.44,SALE,26-12-2024 11:00:14,S06,20241226
S06/20241226/00005,4,P101894,1,668.48,SALE,26-12-2024 11:00:14,S06,20241226
S06/20241226/00005,5,P106174,1,229.89,SALE,26-12-2024 11:00:14,S06,20241226
S06/20241226/00005,6,TAX,1,170.19,TAX,26-12-2024 11:00:14,S06,20241226
S06/20241226/00005,7,TENDER,1,2585.98,TENDER,26-12-2024 11:00:14,S06,20241226
S06/20241226/00006,1,P100781,2,654.99,SALE,26-12-2024 20:33:07,S06,20241226
S06/20241226/00006,2,P108313,3,455.94,SALE,26-12-2024 20:33:07,S06,20241226
S06/20241226/00006,3,P105805,1,110.21,SALE,26-12-2024 20:33:07,S06,20241226
S06/20241226/00006,4,P107564,2,325.35,SALE,26-12-2024 20:33:07,S06,20241226
S06/20241226/00006,5,TAX,1,478.02,TAX,26-12-2024 20:33:07,S06,20241226
S06/20241226/00006,6,TENDER,1,3916.73,TENDER,26-12-2024 20:33:07,S06,20241226
S06/20241226/00007,1,P103794,4,785.54,SALE,26-12-2024 17:27:52,S06,20241226
S06/20241226/00007,2,P102546,1,74.67,SALE,26-12-2024 17:27:52,S06,20241226
S06/20241226/00007,3,P101638,1,402.54,SALE,26-12-2024 17:27:52,S06,20241226
S06/20241226/00007,4,P105050,2,109.65,SALE,26-12-2024 17:27:52,S06,20241226
S06/20241226/00007,5,P104965,1,88.50,SALE,26-12-2024 17:27:52,S06,20241226
S06/20241226/00007,6,TAX,1,234.24,TAX,26-12-2024 17:27:52,S06,20241226
S06/20241226/00007,7,TENDER,1,4161.41,TENDER,26-12-2024 17:27:52,S06,20241226
S06/20241226/00008,1,P106648,2,339.01,SALE,26-12-2024 12:18:45,S06,20241226
S06/20241226/00008,2,P107575,2,82.07,SALE,26-12-2024 12:18:45,S06,20241226
S06/20241226/00008,3,P101543,1,178.10,SALE,26-12-2024 12:18:45,S06,20241226
S06/20241226/00008,4,DISC,1,-70.44,DISCOUNT,26-12-2024 12:18:45,S06,20241226
S06/20241226/00008,5,TAX,1,61.41,TAX,26-12-2024 12:18:45,S06,20241226
S06/20241226/00008,6,TENDER,1,1011.23,TENDER,26-12-2024 12:18:45,S06,20241226
S06/20241226/00009,1,P107662,2,330.01,SALE,26-12-2024 16:09:35,S06,20241226
S06/20241226/00009,2,P103452,2,1033.70,SALE,26-12-2024 16:09:35,S06,20241226
S06/20241226/00009,3,P100999,3,171.06,SALE,26-12-2024 16:09:35,S06,20241226
S06/20241226/00009,4,P106443,5,52.87,SALE,26-12-2024 16:09:35,S06,20241226
S06/20241226/00009,5,P101674,3,387.70,SALE,26-12-2024 16:09:35,S06,20241226
S06/20241226/00009,6,P105167,2,826.20,SALE,26-12-2024 16:09:35,S06,20241226
S06/20241226/00009,7,P103068,2,153.43,SALE,26-12-2024 16:09:35,S06,20241226
S06/20241226/00009,8,P105313,3,51.83,SALE,26-12-2024 16:09:35,S06,20241226
S06/20241226/00009,9,DISC,1,-528.17,DISCOUNT,26-12-2024 16:09:35,S06,20241226
S06/20241226/00009,10,TAX,1,500.45,TAX,26-12-2024 16:09:35,S06,20241226
S06/20241226/00009,11,TENDER,1,6755.08,TENDER,26-12-2024 16:09:35,S06,20241226
S06/20241226/00010,1,P104446,1,66.45,SALE,26-12-2024 13:30:22,S06,20241226
S06/20241226/00010,2,P104933,2,560.59,SALE,26-12-2024 13:30:22,S06,20241226
S06/20241226/00010,3,P101974,2,302.00,SALE,26-12-2024 13:30:22,S06,20241226
S06/20241226/00010,4,P104123,1,432.72,SALE,26-12-2024 13:30:22,S06,20241226
S06/20241226/00010,5,P100319,1,54.97,SALE,26-12-2024 13:30:22,S06,20241226
S06/20241226/00010,6,DISC,1,-63.80,DISCOUNT,26-12-2024 13:30:22,S06,20241226
S06/20241226/00010,7,TAX,1,366.61,TAX,26-12-2024 13:30:22,S06,20241226
S06/20241226/00010,8,TENDER,1,2582.13,TENDER,26-12-2024 13:30:22,S06,20241226
S06/20241226/00011,1,P107880,1,347.04,SALE,26-12-2024 16:14:15,S06,20241226
S06/20241226/00011,2,P104921,1,425.26,SALE,26-12-2024 16:14:15,S06,20241226
S06/20241226/00011,3,P105594,2,321.63,SALE,26-12-2024 16:14:15,S06,20241226
S06/20241226/00011,4,P108076,5,151.55,SALE,26-12-2024 16:14:15,S06,20241226
S06/20241226/00011,5,P101697,3,102.34,SALE,26-12-2024 16:14:15,S06,20241226
S06/20241226/00011,6,P100555,1,435.03,SALE,26-12-2024 16:14:15,S06,20241226
S06/20241226/00011,7,P107373,3,96.28,SALE,26-12-2024 16:14:15,S06,20241226
S06/20241226/00011,8,P100403,1,71.79,SALE,26-12-2024 16:14:15,S06,20241226
S06/20241226/00011,9,TAX,1,394.41,TAX,26-12-2024 16:14:15,S06,20241226
S06/20241226/00011,10,TENDER,1,3670.40,TENDER,26-12-2024 16:14:15,S06,20241226
S06/20241226/00012,1,P107100,1,200.76,SALE,26-12-2024 13:25:07,S06,20241226
S06/20241226/00012,2,P103249,3,479.54,SALE,26-12-2024 13:25:07,S06,20241226
S06/20241226/00012,3,P102724,2,391.04,SALE,26-12-2024 13:25:07,S06,20241226
S06/20241226/00012,4,P103159,2,1193.28,SALE,26-12-2024 13:25:07,S06,20241226
S06/20241226/00012,5,P103792,1,25.06,SALE,26-12-2024 13:25:07,S06,20241226
S06/20241226/00012,6,P101283,1,263.48,SALE,26-12-2024 13:25:07,S06,20241226
S06/20241226/00012,7,TAX,1,285.48,TAX,26-12-2024 13:25:07,S06,20241226
S06/20241226/00012,8,TENDER,1,5382.04,TENDER,26-12-2024 13:25:07,S06,20241226
S06/20241226/00013,1,P102534,2,98.12,SALE,26-12-2024 14:18:46,S06,20241226
S06/20241226/00013,2,P108397,3,286.03,SALE,26-12-2024 14:18:46,S06,20241226
S06/20241226/00013,3,P106566,1,251.68,SALE,26-12-2024 14:18:46,S06,20241226
S06/20241226/00013,4,P105918,2,294.44,SALE,26-12-2024 14:18:46,S06,20241226
S06/20241226/00013,5,P101747,1,245.75,SALE,26-12-2024 14:18:46,S06,20241226
S06/20241226/00013,6,P100921,3,441.43,SALE,26-12-2024 14:18:46,S06,20241226
S06/20241226/00013,7,P107488,3,303.21,SALE,26-12-2024 14:18:46,S06,20241226
S06/20241226/00013,8,TAX,1,703.99,TAX,26-12-2024 14:18:46,S06,20241226
S06/20241226/00013,9,TENDER,1,5078.55,TENDER,26-12-2024 14:18:46,S06,20241226
S06/20241226/00014,1,P100686,2,800.21,SALE,26-12-2024 15:30:24,S06,20241226
S06/20241226/00014,2,P104236,3,289.43,SALE,26-12-2024 15:30:24,S06,20241226
S06/20241226/00014,3,P103397,1,371.02,SALE,26-12-2024 15:30:24,S06,20241226
S06/20241226/00014,4,P105272,2,351.65,SALE,26-12-2024 15:30:24,S06,20241226
S06/20241226/00014,5,P108110,2,16.57,SALE,26-12-2024 15:30:24,S06,20241226
S06/20241226/00014,6,TAX,1,246.65,TAX,26-12-2024 15:30:24,S06,20241226
S06/20241226/00014,7,TENDER,1,3822.82,TENDER,26-12-2024 15:30:24,S06,20241226
S06/20241226/00015,1,P107733,2,56.44,SALE,26-12-2024 09:26:28,S06,20241226
S06/20241226/00015,2,P106745,1,684.18,SALE,26-12-2024 09:26:28,S06,20241226
S06/20241226/00015,3,P106044,3,40.72,SALE,26-12-2024 09:26:28,S06,20241226
S06/20241226/00015,4,TAX,1,150.79,TAX,26-12-2024 09:26:28,S06,20241226
S06/20241226/00015,5,TENDER,1,1070.01,TENDER,26-12-2024 09:26:28,S06,20241226
S06/20241226/00016,1,P101117,3,208.14,SALE,26-12-2024 11:25:22,S06,20241226
S06/20241226/00016,2,P101292,2,380.75,SALE,26-12-2024 11:25:22,S06,20241226
S06/20241226/00016,3,P106123,2,248.44,SALE,26-12-2024 11:25:22,S06,20241226
S06/20241226/00016,4,P105209,1,399.92,SALE,26-12-2024 11:25:22,S06,20241226
S06/20241226/00016,5,P107605,4,1129.73,SALE,26-12-2024 11:25:22,S06,20241226
S06/20241226/00016,6,TAX,1,652.33,TAX,26-12-2024 11:25:22,S06,20241226
S06/20241226/00016,7,TENDER,1,7453.97,TENDER,26-12-2024 11:25:22,S06,20241226
S06/20241226/00017,1,P103654,1,481.76,SALE,26-12-2024 10:57:02,S06,20241226
S06/20241226/00017,2,P102671,4,252.00,SALE,26-12-2024 10:57:02,S06,20241226
S06/20241226/00017,3,P101190,2,89.25,SALE,26-12-2024 10:57:02,S06,20241226
S06/20241226/00017,4,TAX,1,237.66,TAX,26-12-2024 10:57:02,S06,20241226
S06/20241226/00017,5,TENDER,1,1905.92,TENDER,26-12-2024 10:57:02,S06,20241226
S06/20241226/00018,1,P102000,1,82.98,SALE,26-12-2024 18:51:22,S06,20241226
S06/20241226/00018,2,P103416,1,73.27,SALE,26-12-2024 18:51:22,S06,20241226
S06/20241226/00018,3,P103822,1,594.96,SALE,26-12-2024 18:51:22,S06,20241226
S06/20241226/00018,4,P107040,2,474.18,SALE,26-12-2024 18:51:22,S06,20241226
S06/20241226/00018,5,P104725,2,551.38,SALE,26-12-2024 18:51:22,S06,20241226
S06/20241226/00018,6,P105345,2,335.85,SALE,26-12-2024 18:51:22,S06,20241226
S06/20241226/00018,7,DISC,1,-96.04,DISCOUNT,26-12-2024 18:51:22,S06,20241226
S06/20241226/00018,8,TAX,1,403.25,TAX,26-12-2024 18:51:22,S06,20241226
S06/20241226/00018,9,TENDER,1,3781.24,TENDER,26-12-2024 18:51:22,S06,20241226
S06/20241226/00019,1,P100121,1,113.08,SALE,26-12-2024 16:18:01,S06,20241226
S06/20241226/00019,2,P105740,1,103.24,SALE,26-12-2024 16:18:01,S06,20241226
S06/20241226/00019,3,P102286,4,281.91,SALE,26-12-2024 16:18:01,S06,20241226
S06/20241226/00019,4,P107463,2,188.92,SALE,26-12-2024 16:18:01,S06,20241226
S06/20241226/00019,5,P107253,2,249.41,SALE,26-12-2024 16:18:01,S06,20241226
S06/20241226/00019,6,P101864,1,112.21,SALE,26-12-2024 16:18:01,S06,20241226
S06/20241226/00019,7,TAX,1,315.42,TAX,26-12-2024 16:18:01,S06,20241226
S06/20241226/00019,8,TENDER,1,2648.25,TENDER,26-12-2024 16:18:01,S06,20241226
S06/20241226/00020,1,P100194,3,46.79,SALE,26-12-2024 14:46:23,S06,20241226
S06/20241226/00020,2,P107292,3,372.98,SALE,26-12-2024 14:46:23,S06,20241226
S06/20241226/00020,3,P105394,2,327.72,SALE,26-12-2024 14:46:23,S06,20241226
S06/20241226/00020,4,P105643,1,1294.23,SALE,26-12-2024 14:46:23,S06,20241226
S06/20241226/00020,5,P105547,2,431.77,SALE,26-12-2024 14:46:23,S06,20241226
S06/20241226/00020,6,P107536,2,1613.47,SALE,26-12-2024 14:46:23,S06,20241226
S06/20241226/00020,7,P100019,2,74.65,SALE,26-12-2024 14:46:23,S06,20241226
S06/20241226/00020,8,P101925,1,186.54,SALE,26-12-2024 14:46:23,S06,20241226
S06/20241226/00020,9,TAX,1,441.59,TAX,26-12-2024 14:46:23,S06,20241226
S06/20241226/00020,10,TENDER,1,8076.89,TENDER,26-12-2024 14:46:23,S06,20241226
S06/20241226/00021,1,P107171,2,335.20,SALE,26-12-2024 15:06:04,S06,20241226
S06/20241226/00021,2,P100239,2,360.16,SALE,26-12-2024 15:06:04,S06,20241226
S06/20241226/00021,3,P101681,4,139.09,SALE,26-12-2024 15:06:04,S06,20241226
S06/20241226/00021,4,P104975,1,568.03,SALE,26-12-2024 15:06:04,S06,20241226
S06/20241226/00021,5,P101444,2,838.86,SALE,26-12-2024 15:06:04,S06,20241226
S06/20241226/00021,6,TAX,1,317.54,TAX,26-12-2024 15:06:04,S06,20241226
S06/20241226/00021,7,TENDER,1,4510.37,TENDER,26-12-2024 15:06:04,S06,20241226
S06/20241226/00022,1,P104285,1,683.70,SALE,26-12-2024 18:57:53,S06,20241226
S06/20241226/00022,2,P104160,1,256.98,SALE,26-12-2024 18:57:53,S06,20241226
S06/20241226/00022,3,P100100,1,435.38,SALE,26-12-2024 18:57:53,S06,20241226
S06/20241226/00022,4,P106506,3,125.80,SALE,26-12-2024 18:57:53,S06,20241226
S06/20241226/00022,5,P104081,1,652.80,SALE,26-12-2024 18:57:53,S06,20241226
S06/20241226/00022,6,TAX,1,154.36,TAX,26-12-2024 18:57:53,S06,20241226
S06/20241226/00022,7,TENDER,1,2560.62,TENDER,26-12-2024 18:57:53,S06,20241226
S06/20241226/00023,1,P104718,1,364.54,SALE,26-12-2024 12:17:08,S06,20241226
S06/20241226/00023,2,P106130,2,1317.16,SALE,26-12-2024 12:17:08,S06,20241226
S06/20241226/00023,3,P101622,1,272.35,SALE,26-12-2024 12:17:08,S06,20241226
S06/20241226/00023,4,P103908,2,104.62,SALE,26-12-2024 12:17:08,S06,20241226
S06/20241226/00023,5,P105965,4,66.08,SALE,26-12-2024 12:17:08,S06,20241226
S06/20241226/00023,6,P106528,2,832.82,SALE,26-12-2024 12:17:08,S06,20241226
S06/20241226/00023,7,P107880,1,347.04,SALE,26-12-2024 12:17:08,S06,20241226
S06/20241226/00023,8,TAX,1,312.92,TAX,26-12-2024 12:17:08,S06,20241226
S06/20241226/00023,9,TENDER,1,6070.37,TENDER,26-12-2024 12:17:08,S06,20241226
S06/20241226/00024,1,P106802,1,739.16,SALE,26-12-2024 18:20:31,S06,20241226
S06/20241226/00024,2,P102321,2,35.15,SALE,26-12-2024 18:20:31,S06,20241226
S06/20241226/00024,3,P103231,3,241.80,SALE,26-12-2024 18:20:31,S06,20241226
S06/20241226/00024,4,P104651,5,540.51,SALE,26-12-2024 18:20:31,S06,20241226
S06/20241226/00024,5,TAX,1,405.97,TAX,26-12-2024 18:20:31,S06,20241226
S06/20241226/00024,6,TENDER,1,4643.38,TENDER,26-12-2024 18:20:31,S06,20241226
S06/20241226/00025,1,P100840,2,248.08,SALE,26-12-2024 18:51:04,S06,20241226
S06/20241226/00025,2,P103517,1,177.49,SALE,26-12-2024 18:51:04,S06,20241226
S06/20241226/00025,3,P100921,2,441.43,SALE,26-12-2024 18:51:04,S06,20241226
S06/20241226/00025,4,P108125,1,129.06,SALE,26-12-2024 18:51:04,S06,20241226
S06/20241226/00025,5,P102415,1,1245.81,SALE,26-12-2024 18:51:04,S06,20241226
S06/20241226/00025,6,TAX,1,310.51,TAX,26-12-2024 18:51:04,S06,20241226
S06/20241226/00025,7,TENDER,1,3241.89,TENDER,26-12-2024 18:51:04,S06,20241226
S06/20241226/00026,1,P105868,3,68.91,SALE,26-12-2024 16:14:31,S06,20241226
S06/20241226/00026,2,P104844,2,553.13,SALE,26-12-2024 16:14:31,S06,20241226
S06/20241226/00026,3,TAX,1,65.65,TAX,26-12-2024 16:14:31,S06,20241226
S06/20241226/00026,4,TENDER,1,1378.64,TENDER,26-12-2024 16:14:31,S06,20241226
S06/20241226/00027,1,P107903,3,22.86,SALE,26-12-2024 13:49:27,S06,20241226
S06/20241226/00027,2,P104902,3,516.78,SALE,26-12-2024 13:49:27,S06,20241226
S06/20241226/00027,3,P106115,4,128.36,SALE,26-12-2024 13:49:27,S06,20241226
S06/20241226/00027,4,P102874,1,142.11,SALE,26-12-2024 13:49:27,S06,20241226
S06/20241226/00027,5,P107078,1,98.82,SALE,26-12-2024 13:49:27,S06,20241226
S06/20241226/00027,6,P106174,3,229.89,SALE,26-12-2024 13:49:27,S06,20241226
S06/20241226/00027,7,P104485,1,643.04,SALE,26-12-2024 13:49:27,S06,20241226
S06/20241226/00027,8,TAX,1,468.10,TAX,26-12-2024 13:49:27,S06,20241226
S06/20241226/00027,9,TENDER,1,4174.10,TENDER,26-12-2024 13:49:27,S06,20241226
S06/20241226/00028,1,P100287,3,240.45,SALE,26-12-2024 18:45:49,S06,20241226
S06/20241226/00028,2,P105384,2,315.25,SALE,26-12-2024 18:45:49,S06,20241226
S06/20241226/00028,3,P100582,1,170.67,SALE,26-12-2024 18:45:49,S06,20241226
S06/20241226/00028,4,DISC,1,-94.14,DISCOUNT,26-12-2024 18:45:49,S06,20241226
S06/20241226/00028,5,TAX,1,181.01,TAX,26-12-2024 18:45:49,S06,20241226
S06/20241226/00028,6,TENDER,1,1609.39,TENDER,26-12-2024 18:45:49,S06,20241226
S06/20241226/00029,1,P100536,4,471.52,SALE,26-12-2024 15:52:44,S06,20241226
S06/20241226/00029,2,P108097,1,93.69,SALE,26-12-2024 15:52:44,S06,20241226
S06/20241226/00029,3,P103424,2,295.58,SALE,26-12-2024 15:52:44,S06,20241226
S06/20241226/00029,4,P105965,3,66.08,SALE,26-12-2024 15:52:44,S06,20241226
S06/20241226/00029,5,TAX,1,431.59,TAX,26-12-2024 15:52:44,S06,20241226
S06/20241226/00029,6,TENDER,1,3200.76,TENDER,26-12-2024 15:52:44,S06,20241226
S06/20241226/00030,1,P105547,2,431.77,SALE,27-12-2024 00:29:05,S06,20241226
S06/20241226/00030,2,P102593,2,92.93,SALE,27-12-2024 00:29:05,S06,20241226
S06/20241226/00030,3,P107943,1,252.32,SALE,27-12-2024 00:29:05,S06,20241226
S06/20241226/00030,4,P101332,3,400.98,SALE,27-12-2024 00:29:05,S06,20241226
S06/20241226/00030,5,P106942,1,206.70,SALE,27-12-2024 00:29:05,S06,20241226
S06/20241226/00030,6,TAX,1,409.36,TAX,27-12-2024 00:29:05,S06,20241226
S06/20241226/00030,7,TENDER,1,3120.72,TENDER,27-12-2024 00:29:05,S06,20241226
S06/20241226/00031,1,P100305,2,771.81,SALE,26-12-2024 10:25:40,S06,20241226
S06/20241226/00031,2,P104526,3,363.05,SALE,26-12-2024 10:25:40,S06,20241226
S06/20241226/00031,3,P100864,1,208.63,SALE,26-12-2024 10:25:40,S06,20241226
S06/20241226/00031,4,P106143,5,61.74,SALE,26-12-2024 10:25:40,S06,20241226
S06/20241226/00031,5,P106323,1,218.99,SALE,26-12-2024 10:25:40,S06,20241226
S06/20241226/00031,6,P106501,2,164.07,SALE,26-12-2024 10:25:40,S06,20241226
S06/20241226/00031,7,P100380,1,136.58,SALE,26-12-2024 10:25:40,S06,20241226
S06/20241226/00031,8,TAX,1,233.98,TAX,26-12-2024 10:25:40,S06,20241226
S06/20241226/00031,9,TENDER,1,4067.79,TENDER,26-12-2024 10:25:40,S06,20241226
S06/20241226/00032,1,P101367,2,512.46,SALE,26-12-2024 14:46:48,S06,20241226
S06/20241226/00032,2,P107859,1,136.84,SALE,26-12-2024 14:46:48,S06,20241226
S06/20241226/00032,3,P105997,1,124.60,SALE,26-12-2024 14:46:48,S06,20241226
S06/20241226/00032,4,P106486,4,1837.06,SALE,26-12-2024 14:46:48,S06,20241226
S06/20241226/00032,5,TAX,1,1079.35,TAX,26-12-2024 14:46:48,S06,20241226
S06/20241226/00032,6,TENDER,1,9713.95,TENDER,26-12-2024 14:46:48,S06,20241226
S06/20241226/00033,1,P103202,1,295.26,SALE,26-12-2024 22:11:29,S06,20241226
S06/20241226/00033,2,P104389,1,169.98,SALE,26-12-2024 22:11:29,S06,20241226
S06/20241226/00033,3,P105570,1,345.21,SALE,26-12-2024 22:11:29,S06,20241226
S06/20241226/00033,4,P106751,1,134.60,SALE,26-12-2024 22:11:29,S06,20241226
S06/20241226/00033,5,P104497,2,229.16,SALE,26-12-2024 22:11:29,S06,20241226
S06/20241226/00033,6,P101062,2,52.38,SALE,26-12-2024 22:11:29,S06,20241226
S06/20241226/00033,7,TAX,1,118.17,TAX,26-12-2024 22:11:29,S06,20241226
S06/20241226/00033,8,TENDER,1,1626.30,TENDER,26-12-2024 22:11:29,S06,20241226
S06/20241226/00034,1,P107100,2,200.76,SALE,26-12-2024 18:39:07,S06,20241226
S06/20241226/00034,2,P103105,1,34.12,SALE,26-12-2024 18:39:07,S06,20241226
S06/20241226/00034,3,P106757,2,387.95,SALE,26-12-2024 18:39:07,S06,20241226
S06/20241226/00034,4,P103882,1,273.56,SALE,26-12-2024 18:39:07,S06,20241226
S06/20241226/00034,5,DISC,1,-137.45,DISCOUNT,26-12-2024 18:39:07,S06,20241226
S06/20241226/00034,6,TAX,1,129.18,TAX,26-12-2024 18:39:07,S06,20241226
S06/20241226/00034,7,TENDER,1,1476.83,TENDER,26-12-2024 18:39:07,S06,20241226
S06/20241226/00035,1,P103096,3,315.47,SALE,26-12-2024 16:25:00,S06,20241226
S06/20241226/00035,2,P103316,3,1774.02,SALE,26-12-2024 16:25:00,S06,20241226
S06/20241226/00035,3,TAX,1,809.00,TAX,26-12-2024 16:25:00,S06,20241226
S06/20241226/00035,4,TENDER,1,7077.47,TENDER,26-12-2024 16:25:00,S06,20241226
S06/20241226/00036,1,P102255,6,167.76,SALE,26-12-2024 16:03:07,S06,20241226
S06/20241226/00036,2,P101190,2,89.25,SALE,26-12-2024 16:03:07,S06,20241226
S06/20241226/00036,3,P104242,2,308.27,SALE,26-12-2024 16:03:07,S06,20241226
S06/20241226/00036,4,P108067,4,640.50,SALE,26-12-2024 16:03:07,S06,20241226
S06/20241226/00036,5,P103096,4,315.47,SALE,26-12-2024 16:03:07,S06,20241226
S06/20241226/00036,6,P101142,5,102.04,SALE,26-12-2024 16:03:07,S06,20241226
S06/20241226/00036,7,P105772,1,611.14,SALE,26-12-2024 16:03:07,S06,20241226
S06/20241226/00036,8,P102445,3,31.53,SALE,26-12-2024 16:03:07,S06,20241226
S06/20241226/00036,9,P103871,2,220.55,SALE,26-12-2024 16:03:07,S06,20241226
S06/20241226/00036,10,TAX,1,543.56,TAX,26-12-2024 16:03:07,S06,20241226
S06/20241226/00036,11,TENDER,1,7826.07,TENDER,26-12-2024 16:03:07,S06,20241226
S06/20241226/00037,1,P106258,3,449.09,SALE,26-12-2024 22:14:56,S06,20241226
S06/20241226/00037,2,P104328,2,64.22,SALE,26-12-2024 22:14:56,S06,20241226
S06/20241226/00037,3,P107158,2,147.89,SALE,26-12-2024 22:14:56,S06,20241226
S06/20241226/00037,4,P107859,2,136.84,SALE,26-12-2024 22:14:56,S06,20241226
S06/20241226/00037,5,P103530,2,427.69,SALE,26-12-2024 22:14:56,S06,20241226
S06/20241226/00037,6,TAX,1,294.68,TAX,26-12-2024 22:14:56,S06,20241226
S06/20241226/00037,7,TENDER,1,3195.23,TENDER,26-12-2024 22:14:56,S06,20241226
S06/20241226/00038,1,P103904,4,1081.09,SALE,26-12-2024 15:22:52,S06,20241226
S06/20241226/00038,2,P100967,1,969.23,SALE,26-12-2024 15:22:52,S06,20241226
S06/20241226/00038,3,P107837,2,104.51,SALE,26-12-2024 15:22:52,S06,20241226
S06/20241226/00038,4,P101533,3,975.60,SALE,26-12-2024 15:22:52,S06,20241226
S06/20241226/00038,5,P105805,4,110.21,SALE,26-12-2024 15:22:52,S06,20241226
S06/20241226/00038,6,TAX,1,721.37,TAX,26-12-2024 15:22:52,S06,20241226
S06/20241226/00038,7,TENDER,1,9591.62,TENDER,26-12-2024 15:22:52,S06,20241226
S06/20241226/00039,1,P101208,2,593.86,SALE,26-12-2024 17:29:37,S06,20241226
S06/20241226/00039,2,P104042,2,365.03,SALE,26-12-2024 17:29:37,S06,20241226
S06/20241226/00039,3,P101961,1,767.84,SALE,26-12-2024 17:29:37,S06,20241226
S06/20241226/00039,4,TAX,1,225.82,TAX,26-12-2024 17:29:37,S06,20241226
S06/20241226/00039,5,TENDER,1,2911.44,TENDER,26-12-2024 17:29:37,S06,20241226
S06/20241226/00040,1,P101660,4,193.14,SALE,26-12-2024 14:29:15,S06,20241226
S06/20241226/00040,2,P107767,2,510.38,SALE,26-12-2024 14:29:15,S06,20241226
S06/20241226/00040,3,P102648,5,389.80,SALE,26-12-2024 14:29:15,S06,20241226
S06/20241226/00040,4,P106807,2,322.15,SALE,26-12-2024 14:29:15,S06,20241226
S06/20241226/00040,5,P107775,3,737.39,SALE,26-12-2024 14:29:15,S06,20241226
S06/20241226/00040,6,P107903,3,22.86,SALE,26-12-2024 14:29:15,S06,20241226
S06/20241226/00040,7,TAX,1,679.41,TAX,26-12-2024 14:29:15,S06,20241226
S06/20241226/00040,8,TENDER,1,7346.78,TENDER,26-12-2024 14:29:15,S06,20241226
S06/20241226/00041,1,P105394,4,327.72,SALE,26-12-2024 11:05:34,S06,20241226
S06/20241226/00041,2,P104155,2,144.69,SALE,26-12-2024 11:05:34,S06,20241226
S06/20241226/00041,3,P106720,1,126.28,SALE,26-12-2024 11:05:34,S06,20241226
S06/20241226/00041,4,P106004,1,137.38,SALE,26-12-2024 11:05:34,S06,20241226
S06/20241226/00041,5,TAX,1,265.56,TAX,26-12-2024 11:05:34,S06,20241226
S06/20241226/00041,6,TENDER,1,2129.48,TENDER,26-12-2024 11:05:34,S06,20241226
S06/20241226/00042,1,P106035,1,86.76,SALE,26-12-2024 19:28:51,S06,20241226
S06/20241226/00042,2,P106718,1,525.27,SALE,26-12-2024 19:28:51,S06,20241226
S06/20241226/00042,3,P106452,2,31.15,SALE,26-12-2024 19:28:51,S06,20241226
S06/20241226/00042,4,P105890,1,1196.88,SALE,26-12-2024 19:28:51,S06,20241226
S06/20241226/00042,5,TAX,1,173.12,TAX,26-12-2024 19:28:51,S06,20241226
S06/20241226/00042,6,TENDER,1,2044.33,TENDER,26-12-2024 19:28:51,S06,20241226
S06/20241226/00043,1,P107182,5,112.81,SALE,26-12-2024 16:22:53,S06,20241226
S06/20241226/00043,2,P106072,2,78.69,SALE,26-12-2024 16:22:53,S06,20241226
S06/20241226/00043,3,P100077,1,173.95,SALE,26-12-2024 16:22:53,S06,20241226
S06/20241226/00043,4,P100791,2,46.20,SALE,26-12-2024 16:22:53,S06,20241226
S06/20241226/00043,5,P102452,1,176.54,SALE,26-12-2024 16:22:53,S06,20241226
S06/20241226/00043,6,P103062,2,173.63,SALE,26-12-2024 16:22:53,S06,20241226
S06/20241226/00043,7,TAX,1,159.92,TAX,26-12-2024 16:22:53,S06,20241226
S06/20241226/00043,8,TENDER,1,1671.50,TENDER,26-12-2024 16:22:53,S06,20241226
S06/20241226/00044,1,P108097,1,93.69,SALE,26-12-2024 14:08:28,S06,20241226
S06/20241226/00044,2,P105490,2,154.49,SALE,26-12-2024 14:08:28,S06,20241226
S06/20241226/00044,3,P102913,3,375.37,SALE,26-12-2024 14:08:28,S06,20241226
S06/20241226/00044,4,P107432,1,45.60,SALE,26-12-2024 14:08:28,S06,20241226
S06/20241226/00044,5,TAX,1,204.27,TAX,26-12-2024 14:08:28,S06,20241226
S06/20241226/00044,6,TENDER,1,1778.65,TENDER,26-12-2024 14:08:28,S06,20241226
S06/20241226/00045,1,P100933,2,276.15,SALE,26-12-2024 14:09:00,S06,20241226
S06/20241226/00045,2,P108313,1,455.94,SALE,26-12-2024 14:09:00,S06,20241226
S06/20241226/00045,3,P102207,3,342.36,SALE,26-12-2024 14:09:00,S06,20241226
S06/20241226/00045,4,P101864,4,112.21,SALE,26-12-2024 14:09:00,S06,20241226
S06/20241226/00045,5,P103438,5,187.96,SALE,26-12-2024 14:09:00,S06,20241226
S06/20241226/00045,6,TAX,1,405.16,TAX,26-12-2024 14:09:00,S06,20241226
S06/20241226/00045,7,TENDER,1,3829.12,TENDER,26-12-2024 14:09:00,S06,20241226
S06/20241226/00046,1,P106323,2,218.99,SALE,26-12-2024 21:57:09,S06,20241226
S06/20241226/00046,2,P107163,3,187.11,SALE,26-12-2024 21:57:09,S06,20241226
S06/20241226/00046,3,P107695,4,271.01,SALE,26-12-2024 21:57:09,S06,20241226
S06/20241226/00046,4,P106783,2,94.23,SALE,26-12-2024 21:57:09,S06,20241226
S06/20241226/00046,5,P100438,2,66.55,SALE,26-12-2024 21:57:09,S06,20241226
S06/20241226/00046,6,P108110,3,16.57,SALE,26-12-2024 21:57:09,S06,20241226
S06/20241226/00046,7,TAX,1,294.62,TAX,26-12-2024 21:57:09,S06,20241226
S06/20241226/00046,8,TENDER,1,2749.24,TENDER,26-12-2024 21:57:09,S06,20241226
S06/20241226/00047,1,P107946,1,313.77,SALE,26-12-2024 11:37:45,S06,20241226
S06/20241226/00047,2,P105418,1,257.82,SALE,26-12-2024 11:37:45,S06,20241226
S06/20241226/00047,3,P103004,6,82.09,SALE,26-12-2024 11:37:45,S06,20241226
S06/20241226/00047,4,DISC,1,-101.25,DISCOUNT,26-12-2024 11:37:45,S06,20241226
S06/20241226/00047,5,TAX,1,64.28,TAX,26-12-2024 11:37:45,S06,20241226
S06/20241226/00047,6,TENDER,1,1027.16,TENDER,26-12-2024 11:37:45,S06,20241226
S06/20241226/00048,1,P103022,1,60.43,SALE,26-12-2024 14:38:11,S06,20241226
S06/20241226/00048,2,P104219,2,249.74,SALE,26-12-2024 14:38:11,S06,20241226
S06/20241226/00048,3,P104725,3,551.38,SALE,26-12-2024 14:38:11,S06,20241226
S06/20241226/00048,4,P103465,1,32.05,SALE,26-12-2024 14:38:11,S06,20241226
S06/20241226/00048,5,P103004,3,82.09,SALE,26-12-2024 14:38:11,S06,20241226
S06/20241226/00048,6,P108292,3,104.02,SALE,26-12-2024 14:38:11,S06,20241226
S06/20241226/00048,7,P107952,4,1964.70,SALE,26-12-2024 14:38:11,S06,20241226
S06/20241226/00048,8,P106323,3,218.99,SALE,26-12-2024 14:38:11,S06,20241226
S06/20241226/00048,9,TAX,1,415.87,TAX,26-12-2024 14:38:11,S06,20241226
S06/20241226/00048,10,TENDER,1,11736.07,TENDER,26-12-2024 14:38:11,S06,20241226
S06/20241226/00049,1,P107400,1,273.33,SALE,26-12-2024 18:14:01,S06,20241226
S06/20241226/00049,2,P104410,3,541.11,SALE,26-12-2024 18:14:01,S06,20241226
S06/20241226/00049,3,P107089,1,208.86,SALE,26-12-2024 18:14:01,S06,20241226
S06/20241226/00049,4,P100469,1,49.98,SALE,26-12-2024 18:14:01,S06,20241226
S06/20241226/00049,5,P102892,2,241.17,SALE,26-12-2024 18:14:01,S06,20241226
S06/20241226/00049,6,DISC,1,-281.24,DISCOUNT,26-12-2024 18:14:01,S06,20241226
S06/20241226/00049,7,TAX,1,394.13,TAX,26-12-2024 18:14:01,S06,20241226
S06/20241226/00049,8,TENDER,1,2750.73,TENDER,26-12-2024 18:14:01,S06,20241226
S06/20241226/00050,1,P101825,3,183.68,SALE,26-12-2024 13:22:26,S06,20241226
S06/20241226/00050,2,P105733,2,151.69,SALE,26-12-2024 13:22:26,S06,20241226
S06/20241226/00050,3,P106486,2,1837.06,SALE,26-12-2024 13:22:26,S06,20241226
S06/20241226/00050,4,P104023,4,630.48,SALE,26-12-2024 13:22:26,S06,20241226
S06/20241226/00050,5,P100593,3,32.38,SALE,26-12-2024 13:22:26,S06,20241226
S06/20241226/00050,6,P101638,1,402.54,SALE,26-12-2024 13:22:26,S06,20241226
S06/20241226/00050,7,TAX,1,702.31,TAX,26-12-2024 13:22:26,S06,20241226
S06/20241226/00050,8,TENDER,1,8252.45,TENDER,26-12-2024 13:22:26,S06,20241226
S06/20241227/00001,1,P106989,-3,26.75,RETURN,27-12-2024 14:41:29,S06,20241227
S06/20241227/00001,2,P101626,-1,1040.69,RETURN,27-12-2024 14:41:29,S06,20241227
S06/20241227/00001,3,P107337,-1,429.21,RETURN,27-12-2024 14:41:29,S06,20241227
S06/20241227/00001,4,P100233,-2,67.07,RETURN,27-12-2024 14:41:29,S06,20241227
S06/20241227/00001,5,TAX,1,-167.50,TAX,27-12-2024 14:41:29,S06,20241227
S06/20241227/00001,6,TENDER,1,-1851.79,TENDER,27-12-2024 14:41:29,S06,20241227
S06/20241227/00002,1,P102296,1,48.88,SALE,27-12-2024 17:51:01,S06,20241227
S06/20241227/00002,2,P100499,3,258.12,SALE,27-12-2024 17:51:01,S06,20241227
S06/20241227/00002,3,P101613,4,125.30,SALE,27-12-2024 17:51:01,S06,20241227
S06/20241227/00002,4,TAX,1,191.94,TAX,27-12-2024 17:51:01,S06,20241227
S06/20241227/00002,5,TENDER,1,1516.38,TENDER,27-12-2024 17:51:01,S06,20241227
S06/20241227/00003,1,P100233,1,67.07,SALE,27-12-2024 15:51:40,S06,20241227
S06/20241227/00003,2,P106599,3,245.11,SALE,27-12-2024 15:51:40,S06,20241227
S06/20241227/00003,3,P101305,2,114.22,SALE,27-12-2024 15:51:40,S06,20241227
S06/20241227/00003,4,P107890,4,133.07,SALE,27-12-2024 15:51:40,S06,20241227
S06/20241227/00003,5,TAX,1,107.85,TAX,27-12-2024 15:51:40,S06,20241227
S06/20241227/00003,6,TENDER,1,1670.97,TENDER,27-12-2024 15:51:40,S06,20241227
S06/20241227/00004,1,P105570,1,345.21,SALE,27-12-2024 22:33:29,S06,20241227
S06/20241227/00004,2,P101585,1,10.45,SALE,27-12-2024 22:33:29,S06,20241227
S06/20241227/00004,3,TAX,1,19.14,TAX,27-12-2024 22:33:29,S06,20241227
S06/20241227/00004,4,TENDER,1,374.80,TENDER,27-12-2024 22:33:29,S06,20241227
S06/20241227/00005,1,P107589,2,257.75,SALE,27-12-2024 18:51:45,S06,20241227
S06/20241227/00005,2,P102383,1,10.62,SALE,27-12-2024 18:51:45,S06,20241227
S06/20241227/00005,3,P100239,1,360.16,SALE,27-12-2024 18:51:45,S06,20241227
S06/20241227/00005,4,P104257,3,42.95,SALE,27-12-2024 18:51:45,S06,20241227
S06/20241227/00005,5,P100276,3,965.56,SALE,27-12-2024 18:51:45,S06,20241227
S06/20241227/00005,6,P107966,2,391.71,SALE,27-12-2024 18:51:45,S06,20241227
S06/20241227/00005,7,TAX,1,289.20,TAX,27-12-2024 18:51:45,S06,20241227
S06/20241227/00005,8,TENDER,1,4984.43,TENDER,27-12-2024 18:51:45,S06,20241227
S06/20241227/00006,1,P105413,3,168.78,SALE,28-12-2024 00:22:35,S06,20241227
S06/20241227/00006,2,P106270,1,308.83,SALE,28-12-2024 00:22:35,S06,20241227
S06/20241227/00006,3,P106473,3,297.16,SALE,28-12-2024 00:22:35,S06,20241227
S06/20241227/00006,4,P101292,1,380.75,SALE,28-12-2024 00:22:35,S06,20241227
S06/20241227/00006,5,TAX,1,240.26,TAX,28-12-2024 00:22:35,S06,20241227
S06/20241227/00006,6,TENDER,1,2327.66,TENDER,28-12-2024 00:22:35,S06,20241227
S06/20241227/00007,1,P102193,6,343.13,SALE,27-12-2024 11:06:58,S06,20241227
S06/20241227/00007,2,P104938,1,999.94,SALE,27-12-2024 11:06:58,S06,20241227
S06/20241227/00007,3,P105868,3,68.91,SALE,27-12-2024 11:06:58,S06,20241227
S06/20241227/00007,4,P106651,2,900.59,SALE,27-12-2024 11:06:58,S06,20241227
S06/20241227/00007,5,P102272,2,389.34,SALE,27-12-2024 11:06:58,S06,20241227
S06/20241227/00007,6,TAX,1,594.35,TAX,27-12-2024 11:06:58,S06,20241227
S06/20241227/00007,7,TENDER,1,6439.66,TENDER,27-12-2024 11:06:58,S06,20241227
S06/20241227/00008,1,P100112,3,95.15,SALE,27-12-2024 11:57:36,S06,20241227
S06/20241227/00008,2,P102636,4,113.15,SALE,27-12-2024 11:57:36,S06,20241227
S06/20241227/00008,3,P102585,1,516.36,SALE,27-12-2024 11:57:36,S06,20241227
S06/20241227/00008,4,P106528,3,832.82,SALE,27-12-2024 11:57:36,S06,20241227
S06/20241227/00008,5,P107859,2,136.84,SALE,27-12-2024 11:57:36,S06,20241227
S06/20241227/00008,6,P106084,2,592.14,SALE,27-12-2024 11:57:36,S06,20241227
S06/20241227/00008,7,P105468,3,1100.43,SALE,27-12-2024 11:57:36,S06,20241227
S06/20241227/00008,8,P101248,2,497.50,SALE,27-12-2024 11:57:36,S06,20241227
S06/20241227/00008,9,P104606,2,98.45,SALE,27-12-2024 11:57:36,S06,20241227
S06/20241227/00008,10,P102432,1,895.86,SALE,27-12-2024 11:57:36,S06,20241227
S06/20241227/00008,11,TAX,1,947.84,TAX,27-12-2024 11:57:36,S06,20241227
S06/20241227/00008,12,TENDER,1,11547.72,TENDER,27-12-2024 11:57:36,S06,20241227
S06/20241227/00009,1,P108272,2,121.99,SALE,27-12-2024 15:45:26,S06,20241227
S06/20241227/00009,2,P100677,1,256.17,SALE,27-12-2024 15:45:26,S06,20241227
S06/20241227/00009,3,P100354,4,182.63,SALE,27-12-2024 15:45:26,S06,20241227
S06/20241227/00009,4,P101018,1,141.83,SALE,27-12-2024 15:45:26,S06,20241227
S06/20241227/00009,5,P101547,2,66.03,SALE,27-12-2024 15:45:26,S06,20241227
S06/20241227/00009,6,P107178,2,298.69,SALE,27-12-2024 15:45:26,S06,20241227
S06/20241227/00009,7,P104469,1,1631.11,SALE,27-12-2024 15:45:26,S06,20241227
S06/20241227/00009,8,TAX,1,437.07,TAX,27-12-2024 15:45:26,S06,20241227
S06/20241227/00009,9,TENDER,1,4170.12,TENDER,27-12-2024 15:45:26,S06,20241227
S06/20241227/00010,1,P105369,3,143.76,SALE,27-12-2024 17:21:28,S06,20241227
S06/20241227/00010,2,P108159,1,488.81,SALE,27-12-2024 17:21:28,S06,20241227
S06/20241227/00010,3,P102389,1,84.91,SALE,27-12-2024 17:21:28,S06,20241227
S06/20241227/00010,4,P107740,4,1366.88,SALE,27-12-2024 17:21:28,S06,20241227
S06/20241227/00010,5,P100135,1,72.29,SALE,27-12-2024 17:21:28,S06,20241227
S06/20241227/00010,6,P104800,2,692.51,SALE,27-12-2024 17:21:28,S06,20241227
S06/20241227/00010,7,P108258,3,54.62,SALE,27-12-2024 17:21:28,S06,20241227
S06/20241227/00010,8,P108361,1,73.59,SALE,27-12-2024 17:21:28,S06,20241227
S06/20241227/00010,9,TAX,1,948.33,TAX,27-12-2024 17:21:28,S06,20241227
S06/20241227/00010,10,TENDER,1,9115.61,TENDER,27-12-2024 17:21:28,S06,20241227
S06/20241227/00011,1,P106710,1,98.77,SALE,27-12-2024 09:07:16,S06,20241227
S06/20241227/00011,2,P101444,2,838.86,SALE,27-12-2024 09:07:16,S06,20241227
S06/20241227/00011,3,P103273,3,356.86,SALE,27-12-2024 09:07:16,S06,20241227
S06/20241227/00011,4,P101023,5,213.62,SALE,27-12-2024 09:07:16,S06,20241227
S06/20241227/00011,5,P106592,3,815.90,SALE,27-12-2024 09:07:16,S06,20241227
S06/20241227/00011,6,P100499,1,258.12,SALE,27-12-2024 09:07:16,S06,20241227
S06/20241227/00011,7,TAX,1,436.90,TAX,27-12-2024 09:07:16,S06,20241227
S06/20241227/00011,8,TENDER,1,7057.89,TENDER,27-12-2024 09:07:16,S06,20241227
S06/20241227/00012,1,P101982,1,428.91,SALE,27-12-2024 16:22:16,S06,20241227
S06/20241227/00012,2,P102207,3,342.36,SALE,27-12-2024 16:22:16,S06,20241227
S06/20241227/00012,3,P101825,3,183.68,SALE,27-12-2024 16:22:16,S06,20241227
S06/20241227/00012,4,TAX,1,228.01,TAX,27-12-2024 16:22:16,S06,20241227
S06/20241227/00012,5,TENDER,1,2235.04,TENDER,27-12-2024 16:22:16,S06,20241227
S06/20241227/00013,1,P103616,2,662.98,SALE,27-12-2024 09:43:33,S06,20241227
S06/20241227/00013,2,P103743,1,1117.90,SALE,27-12-2024 09:43:33,S06,20241227
S06/20241227/00013,3,P105583,1,179.43,SALE,27-12-2024 09:43:33,S06,20241227
S06/20241227/00013,4,P103364,2,118.90,SALE,27-12-2024 09:43:33,S06,20241227
S06/20241227/00013,5,P106671,2,90.38,SALE,27-12-2024 09:43:33,S06,20241227
S06/20241227/00013,6,P100879,2,159.99,SALE,27-12-2024 09:43:33,S06,20241227
S06/20241227/00013,7,TAX,1,107.63,TAX,27-12-2024 09:43:33,S06,20241227
S06/20241227/00013,8,TENDER,1,3469.46,TENDER,27-12-2024 09:43:33,S06,20241227
S06/20241227/00014,1,P102485,2,208.13,SALE,27-12-2024 17:50:16,S06,20241227
S06/20241227/00014,2,P104902,1,516.78,SALE,27-12-2024 17:50:16,S06,20241227
S06/20241227/00014,3,P101507,1,635.95,SALE,27-12-2024 17:50:16,S06,20241227
S06/20241227/00014,4,TAX,1,145.63,TAX,27-12-2024 17:50:16,S06,20241227
S06/20241227/00014,5,TENDER,1,1714.62,TENDER,27-12-2024 17:50:16,S06,20241227
S06/20241227/00015,1,P100494,2,67.32,SALE,27-12-2024 14:33:19,S06,20241227
S06/20241227/00015,2,P100362,4,282.80,SALE,27-12-2024 14:33:19,S06,20241227
S06/20241227/00015,3,P105980,2,288.70,SALE,27-12-2024 14:33:19,S06,20241227
S06/20241227/00015,4,P103934,3,284.79,SALE,27-12-2024 14:33:19,S06,20241227
S06/20241227/00015,5,TAX,1,247.31,TAX,27-12-2024 14:33:19,S06,20241227
S06/20241227/00015,6,TENDER,1,2944.92,TENDER,27-12-2024 14:33:19,S06,20241227
S06/20241227/00016,1,P101681,1,139.09,SALE,27-12-2024 19:56:31,S06,20241227
S06/20241227/00016,2,P103806,2,319.17,SALE,27-12-2024 19:56:31,S06,20241227
S06/20241227/00016,3,P107914,2,244.98,SALE,27-12-2024 19:56:31,S06,20241227
S06/20241227/00016,4,P102067,3,181.50,SALE,27-12-2024 19:56:31,S06,20241227
S06/20241227/00016,5,TAX,1,132.11,TAX,27-12-2024 19:56:31,S06,20241227
S06/20241227/00016,6,TENDER,1,1944.00,TENDER,27-12-2024 19:56:31,S06,20241227
S06/20241227/00017,1,P103413,2,1352.06,SALE,27-12-2024 16:49:49,S06,20241227
S06/20241227/00017,2,P102207,1,342.36,SALE,27-12-2024 16:49:49,S06,20241227
S06/20241227/00017,3,P107409,2,486.68,SALE,27-12-2024 16:49:49,S06,20241227
S06/20241227/00017,4,P101458,2,1365.07,SALE,27-12-2024 16:49:49,S06,20241227
S06/20241227/00017,5,TAX,1,224.96,TAX,27-12-2024 16:49:49,S06,20241227
S06/20241227/00017,6,TENDER,1,6974.94,TENDER,27-12-2024 16:49:49,S06,20241227
S06/20241227/00018,1,P100921,2,441.43,SALE,27-12-2024 15:46:33,S06,20241227
S06/20241227/00018,2,P101117,2,208.14,SALE,27-12-2024 15:46:33,S06,20241227
S06/20241227/00018,3,P101899,1,326.35,SALE,27-12-2024 15:46:33,S06,20241227
S06/20241227/00018,4,P102494,2,14.54,SALE,27-12-2024 15:46:33,S06,20241227
S06/20241227/00018,5,P102581,1,185.56,SALE,27-12-2024 15:46:33,S06,20241227
S06/20241227/00018,6,P107721,3,92.25,SALE,27-12-2024 15:46:33,S06,20241227
S06/20241227/00018,7,P106833,3,446.47,SALE,27-12-2024 15:46:33,S06,20241227
S06/20241227/00018,8,P104277,1,128.39,SALE,27-12-2024 15:46:33,S06,20241227
S06/20241227/00018,9,P105747,1,287.56,SALE,27-12-2024 15:46:33,S06,20241227
S06/20241227/00018,10,P103811,1,778.90,SALE,27-12-2024 15:46:33,S06,20241227
S06/20241227/00018,11,TAX,1,540.43,TAX,27-12-2024 15:46:33,S06,20241227
S06/20241227/00018,12,TENDER,1,5191.57,TENDER,27-12-2024 15:46:33,S06,20241227
S06/20241227/00019,1,P104404,1,890.27,SALE,27-12-2024 16:39:18,S06,20241227
S06/20241227/00019,2,P100761,2,51.26,SALE,27-12-2024 16:39:18,S06,20241227
S06/20241227/00019,3,TAX,1,111.96,TAX,27-12-2024 16:39:18,S06,20241227
S06/20241227/00019,4,TENDER,1,1104.75,TENDER,27-12-2024 16:39:18,S06,20241227
S06/20241227/00020,1,P107795,6,284.47,SALE,27-12-2024 18:10:46,S06,20241227
S06/20241227/00020,2,P105136,1,158.61,SALE,27-12-2024 18:10:46,S06,20241227
S06/20241227/00020,3,P107330,1,134.92,SALE,27-12-2024 18:10:46,S06,20241227
S06/20241227/00020,4,P105433,3,144.32,SALE,27-12-2024 18:10:46,S06,20241227
S06/20241227/00020,5,TAX,1,307.04,TAX,27-12-2024 18:10:46,S06,20241227
S06/20241227/00020,6,TENDER,1,2740.35,TENDER,27-12-2024 18:10:46,S06,20241227
S06/20241227/00021,1,P105797,1,254.07,SALE,27-12-2024 11:08:30,S06,20241227
S06/20241227/00021,2,P106244,4,73.94,SALE,27-12-2024 11:08:30,S06,20241227
S06/20241227/00021,3,TAX,1,81.22,TAX,27-12-2024 11:08:30,S06,20241227
S06/20241227/00021,4,TENDER,1,631.05,TENDER,27-12-2024 11:08:30,S06,20241227
S06/20241227/00022,1,P101669,1,56.49,SALE,27-12-2024 17:59:43,S06,20241227
S06/20241227/00022,2,P103760,2,103.67,SALE,27-12-2024 17:59:43,S06,20241227
S06/20241227/00022,3,P101974,3,302.00,SALE,27-12-2024 17:59:43,S06,20241227
S06/20241227/00022,4,P100194,1,46.79,SALE,27-12-2024 17:59:43,S06,20241227
S06/20241227/00022,5,TAX,1,211.65,TAX,27-12-2024 17:59:43,S06,20241227
S06/20241227/00022,6,TENDER,1,1428.27,TENDER,27-12-2024 17:59:43,S06,20241227
S06/20241227/00023,1,P103129,3,84.49,SALE,27-12-2024 20:57:45,S06,20241227
S06/20241227/00023,2,TAX,1,45.62,TAX,27-12-2024 20:57:45,S06,20241227
S06/20241227/00023,3,TENDER,1,299.09,TENDER,27-12-2024 20:57:45,S06,20241227
S06/20241227/00024,1,P106989,2,26.75,SALE,27-12-2024 15:10:50,S06,20241227
S06/20241227/00024,2,P105575,5,513.17,SALE,27-12-2024 15:10:50,S06,20241227
S06/20241227/00024,3,TAX,1,137.92,TAX,27-12-2024 15:10:50,S06,20241227
S06/20241227/00024,4,TENDER,1,2757.27,TENDER,27-12-2024 15:10:50,S06,20241227
S06/20241227/00025,1,P107609,1,108.46,SALE,27-12-2024 15:38:12,S06,20241227
S06/20241227/00025,2,P102236,2,928.51,SALE,27-12-2024 15:38:12,S06,20241227
S06/20241227/00025,3,TAX,1,112.37,TAX,27-12-2024 15:38:12,S06,20241227
S06/20241227/00025,4,TENDER,1,2077.85,TENDER,27-12-2024 15:38:12,S06,20241227
S06/20241227/00026,1,P108001,3,96.97,SALE,27-12-2024 17:34:47,S06,20241227
S06/20241227/00026,2,P107815,2,106.85,SALE,27-12-2024 17:34:47,S06,20241227
S06/20241227/00026,3,P107516,6,565.20,SALE,27-12-2024 17:34:47,S06,20241227
S06/20241227/00026,4,P107217,3,293.45,SALE,27-12-2024 17:34:47,S06,20241227
S06/20241227/00026,5,P101048,3,219.90,SALE,27-12-2024 17:34:47,S06,20241227
S06/20241227/00026,6,P107171,1,335.20,SALE,27-12-2024 17:34:47,S06,20241227
S06/20241227/00026,7,P101492,1,113.44,SALE,27-12-2024 17:34:47,S06,20241227
S06/20241227/00026,8,TAX,1,835.33,TAX,27-12-2024 17:34:47,S06,20241227
S06/20241227/00026,9,TENDER,1,6719.83,TENDER,27-12-2024 17:34:47,S06,20241227
S06/20241227/00027,1,P104439,2,123.98,SALE,27-12-2024 15:58:44,S06,20241227
S06/20241227/00027,2,P100627,2,440.29,SALE,27-12-2024 15:58:44,S06,20241227
S06/20241227/00027,3,P106344,3,801.30,SALE,27-12-2024 15:58:44,S06,20241227
S06/20241227/00027,4,P107662,1,330.01,SALE,27-12-2024 15:58:44,S06,20241227
S06/20241227/00027,5,P104168,3,512.27,SALE,27-12-2024 15:58:44,S06,20241227
S06/20241227/00027,6,P102014,3,261.84,SALE,27-12-2024 15:58:44,S06,20241227
S06/20241227/00027,7,P108131,2,627.37,SALE,27-12-2024 15:58:44,S06,20241227
S06/20241227/00027,8,TAX,1,429.03,TAX,27-12-2024 15:58:44,S06,20241227
S06/20241227/00027,9,TENDER,1,7868.55,TENDER,27-12-2024 15:58:44,S06,20241227
S06/20241227/00028,1,P105684,3,1114.27,SALE,27-12-2024 16:34:26,S06,20241227
S06/20241227/00028,2,P103904,2,1081.09,SALE,27-12-2024 16:34:26,S06,20241227
S06/20241227/00028,3,P104435,1,477.09,SALE,27-12-2024 16:34:26,S06,20241227
S06/20241227/00028,4,P104008,2,116.02,SALE,27-12-2024 16:34:26,S06,20241227
S06/20241227/00028,5,TAX,1,344.10,TAX,27-12-2024 16:34:26,S06,20241227
S06/20241227/00028,6,TENDER,1,6558.22,TENDER,27-12-2024 16:34:26,S06,20241227
S06/20241227/00029,1,P107400,2,273.33,SALE,27-12-2024 16:59:41,S06,20241227
S06/20241227/00029,2,P103348,1,485.60,SALE,27-12-2024 16:59:41,S06,20241227
S06/20241227/00029,3,P102305,3,111.72,SALE,27-12-2024 16:59:41,S06,20241227
S06/20241227/00029,4,P103538,1,265.96,SALE,27-12-2024 16:59:41,S06,20241227
S06/20241227/00029,5,P108076,2,151.55,SALE,27-12-2024 16:59:41,S06,20241227
S06/20241227/00029,6,TAX,1,230.75,TAX,27-12-2024 16:59:41,S06,20241227
S06/20241227/00029,7,TENDER,1,2167.23,TENDER,27-12-2024 16:59:41,S06,20241227
S06/20241227/00030,1,P100744,1,67.07,SALE,27-12-2024 16:35:49,S06,20241227
S06/20241227/00030,2,P101225,2,452.38,SALE,27-12-2024 16:35:49,S06,20241227
S06/20241227/00030,3,P107226,2,88.38,SALE,27-12-2024 16:35:49,S06,20241227
S06/20241227/00030,4,P100838,2,38.03,SALE,27-12-2024 16:35:49,S06,20241227
S06/20241227/00030,5,P101404,1,228.51,SALE,27-12-2024 16:35:49,S06,20241227
S06/20241227/00030,6,P104572,4,182.16,SALE,27-12-2024 16:35:49,S06,20241227
S06/20241227/00030,7,P102648,4,389.80,SALE,27-12-2024 16:35:49,S06,20241227
S06/20241227/00030,8,P106776,2,445.40,SALE,27-12-2024 16:35:49,S06,20241227
S06/20241227/00030,9,P104658,1,75.90,SALE,27-12-2024 16:35:49,S06,20241227
S06/20241227/00030,10,TAX,1,524.39,TAX,27-12-2024 16:35:49,S06,20241227
S06/20241227/00030,11,TENDER,1,5232.09,TENDER,27-12-2024 16:35:49,S06,20241227
S06/20241227/00031,1,P101225,1,452.38,SALE,27-12-2024 18:28:00,S06,20241227
S06/20241227/00031,2,P102286,2,281.91,SALE,27-12-2024 18:28:00,S06,20241227
S06/20241227/00031,3,P103178,2,21.89,SALE,27-12-2024 18:28:00,S06,20241227
S06/20241227/00031,4,P106336,2,452.43,SALE,27-12-2024 18:28:00,S06,20241227
S06/20241227/00031,5,P107526,1,54.94,SALE,27-12-2024 18:28:00,S06,20241227
S06/20241227/00031,6,TAX,1,336.42,TAX,27-12-2024 18:28:00,S06,20241227
S06/20241227/00031,7,TENDER,1,2356.20,TENDER,27-12-2024 18:28:00,S06,20241227
S06/20241227/00032,1,P100421,2,121.56,SALE,27-12-2024 10:35:56,S06,20241227
S06/20241227/00032,2,P107018,2,187.58,SALE,27-12-2024 10:35:56,S06,20241227
S06/20241227/00032,3,DISC,1,-17.24,DISCOUNT,27-12-2024 10:35:56,S06,20241227
S06/20241227/00032,4,TAX,1,18.23,TAX,27-12-2024 10:35:56,S06,20241227
S06/20241227/00032,5,TENDER,1,619.27,TENDER,27-12-2024 10:35:56,S06,20241227
S06/20241227/00033,1,P107516,2,565.20,SALE,27-12-2024 20:51:14,S06,20241227
S06/20241227/00033,2,P106027,1,1548.23,SALE,27-12-2024 20:51:14,S06,20241227
S06/20241227/00033,3,P102691,2,219.72,SALE,27-12-2024 20:51:14,S06,20241227
S06/20241227/00033,4,P106072,1,78.69,SALE,27-12-2024 20:51:14,S06,20241227
S06/20241227/00033,5,TAX,1,234.89,TAX,27-12-2024 20:51:14,S06,20241227
S06/20241227/00033,6,TENDER,1,3431.65,TENDER,27-12-2024 20:51:14,S06,20241227
S06/20241227/00034,1,P107549,4,47.87,SALE,27-12-2024 15:05:42,S06,20241227
S06/20241227/00034,2,P107040,3,474.18,SALE,27-12-2024 15:05:42,S06,20241227
S06/20241227/00034,3,TAX,1,105.59,TAX,27-12-2024 15:05:42,S06,20241227
S06/20241227/00034,4,TENDER,1,1719.61,TENDER,27-12-2024 15:05:42,S06,20241227
S06/20241227/00035,1,P101101,2,74.25,SALE,27-12-2024 15:45:00,S06,20241227
S06/20241227/00035,2,P104328,1,64.22,SALE,27-12-2024 15:45:00,S06,20241227
S06/20241227/00035,3,P103654,1,481.76,SALE,27-12-2024 15:45:00,S06,20241227
S06/20241227/00035,4,P108008,2,128.46,SALE,27-12-2024 15:45:00,S06,20241227
S06/20241227/00035,5,P107952,3,1964.70,SALE,27-12-2024 15:45:00,S06,20241227
S06/20241227/00035,6,P103222,2,427.41,SALE,27-12-2024 15:45:00,S06,20241227
S06/20241227/00035,7,P104439,2,123.98,SALE,27-12-2024 15:45:00,S06,20241227
S06/20241227/00035,8,P101237,1,278.87,SALE,27-12-2024 15:45:00,S06,20241227
S06/20241227/00035,9,TAX,1,272.04,TAX,27-12-2024 15:45:00,S06,20241227
S06/20241227/00035,10,TENDER,1,8499.19,TENDER,27-12-2024 15:45:00,S06,20241227
S06/20241227/00036,1,P103316,3,1774.02,SALE,27-12-2024 19:10:07,S06,20241227
S06/20241227/00036,2,P102324,3,194.59,SALE,27-12-2024 19:10:07,S06,20241227
S06/20241227/00036,3,P105684,3,1114.27,SALE,27-12-2024 19:10:07,S06,20241227
S06/20241227/00036,4,P102945,1,43.42,SALE,27-12-2024 19:10:07,S06,20241227
S06/20241227/00036,5,P106911,2,232.77,SALE,27-12-2024 19:10:07,S06,20241227
S06/20241227/00036,6,P105106,1,104.56,SALE,27-12-2024 19:10:07,S06,20241227
S06/20241227/00036,7,P101990,4,408.52,SALE,27-12-2024 19:10:07,S06,20241227
S06/20241227/00036,8,P100005,1,114.37,SALE,27-12-2024 19:10:07,S06,20241227
S06/20241227/00036,9,TAX,1,1078.29,TAX,27-12-2024 19:10:07,S06,20241227
S06/20241227/00036,10,TENDER,1,12688.90,TENDER,27-12-2024 19:10:07,S06,20241227
S06/20241227/00037,1,P105017,3,220.46,SALE,27-12-2024 18:31:41,S06,20241227
S06/20241227/00037,2,P103337,2,94.03,SALE,27-12-2024 18:31:41,S06,20241227
S06/20241227/00037,3,P106209,2,199.51,SALE,27-12-2024 18:31:41,S06,20241227
S06/20241227/00037,4,P102280,3,644.81,SALE,27-12-2024 18:31:41,S06,20241227
S06/20241227/00037,5,DISC,1,-373.09,DISCOUNT,27-12-2024 18:31:41,S06,20241227
S06/20241227/00037,6,TAX,1,463.05,TAX,27-12-2024 18:31:41,S06,20241227
S06/20241227/00037,7,TENDER,1,3272.85,TENDER,27-12-2024 18:31:41,S06,20241227
S06/20241227/00038,1,P105009,2,65.38,SALE,27-12-2024 20:03:47,S06,20241227
S06/20241227/00038,2,P107040,2,474.18,SALE,27-12-2024 20:03:47,S06,20241227
S06/20241227/00038,3,P106297,1,169.05,SALE,27-12-2024 20:03:47,S06,20241227
S06/20241227/00038,4,TAX,1,101.38,TAX,27-12-2024 20:03:47,S06,20241227
S06/20241227/00038,5,TENDER,1,1349.55,TENDER,27-12-2024 20:03:47,S06,20241227
S06/20241227/00039,1,P102346,1,89.47,SALE,27-12-2024 15:47:43,S06,20241227
S06/20241227/00039,2,P105531,1,502.91,SALE,27-12-2024 15:47:43,S06,20241227
S06/20241227/00039,3,P102021,5,90.22,SALE,27-12-2024 15:47:43,S06,20241227
S06/20241227/00039,4,P108369,3,343.20,SALE,27-12-2024 15:47:43,S06,20241227
S06/20241227/00039,5,TAX,1,310.55,TAX,27-12-2024 15:47:43,S06,20241227
S06/20241227/00039,6,TENDER,1,2383.63,TENDER,27-12-2024 15:47:43,S06,20241227
S06/20241227/00040,1,P106181,1,778.60,SALE,27-12-2024 17:39:25,S06,20241227
S06/20241227/00040,2,P106599,6,245.11,SALE,27-12-2024 17:39:25,S06,20241227
S06/20241227/00040,3,P108369,1,343.20,SALE,27-12-2024 17:39:25,S06,20241227
S06/20241227/00040,4,P103004,2,82.09,SALE,27-12-2024 17:39:25,S06,20241227
S06/20241227/00040,5,P104160,3,256.98,SALE,27-12-2024 17:39:25,S06,20241227
S06/20241227/00040,6,P104097,1,330.82,SALE,27-12-2024 17:39:25,S06,20241227
S06/20241227/00040,7,P102849,2,682.39,SALE,27-12-2024 17:39:25,S06,20241227
S06/20241227/00040,8,P105929,5,10.29,SALE,27-12-2024 17:39:25,S06,20241227
S06/20241227/00040,9,P108338,2,218.68,SALE,27-12-2024 17:39:25,S06,20241227
S06/20241227/00040,10,P106323,2,218.99,SALE,27-12-2024 17:39:25,S06,20241227
S06/20241227/00040,11,TAX,1,456.87,TAX,27-12-2024 17:39:25,S06,20241227
S06/20241227/00040,12,TENDER,1,6606.84,TENDER,27-12-2024 17:39:25,S06,20241227
S06/20241227/00041,1,P100924,2,50.37,SALE,27-12-2024 15:03:10,S06,20241227
S06/20241227/00041,2,P102502,2,408.64,SALE,27-12-2024 15:03:10,S06,20241227
S06/20241227/00041,3,P100086,1,89.00,SALE,27-12-2024 15:03:10,S06,20241227
S06/20241227/00041,4,P105698,1,194.14,SALE,27-12-2024 15:03:10,S06,20241227
S06/20241227/00041,5,P106629,2,57.49,SALE,27-12-2024 15:03:10,S06,20241227
S06/20241227/00041,6,P102471,1,151.71,SALE,27-12-2024 15:03:10,S06,20241227
S06/20241227/00041,7,P106703,1,76.83,SALE,27-12-2024 15:03:10,S06,20241227
S06/20241227/00041,8,P104827,3,168.97,SALE,27-12-2024 15:03:10,S06,20241227
S06/20241227/00041,9,P103606,4,185.94,SALE,27-12-2024 15:03:10,S06,20241227
S06/20241227/00041,10,P107365,4,978.42,SALE,27-12-2024 15:03:10,S06,20241227
S06/20241227/00041,11,P103022,3,60.43,SALE,27-12-2024 15:03:10,S06,20241227
S06/20241227/00041,12,P105035,1,159.58,SALE,27-12-2024 15:03:10,S06,20241227
S06/20241227/00041,13,DISC,1,-497.88,DISCOUNT,27-12-2024 15:03:10,S06,20241227
S06/20241227/00041,14,TAX,1,729.63,TAX,27-12-2024 15:03:10,S06,20241227
S06/20241227/00041,15,TENDER,1,7281.65,TENDER,27-12-2024 15:03:10,S06,20241227
S06/20241227/00042,1,P106133,2,370.91,SALE,27-12-2024 15:25:55,S06,20241227
S06/20241227/00042,2,P101681,2,139.09,SALE,27-12-2024 15:25:55,S06,20241227
S06/20241227/00042,3,P108162,2,257.55,SALE,27-12-2024 15:25:55,S06,20241227
S06/20241227/00042,4,P106629,2,57.49,SALE,27-12-2024 15:25:55,S06,20241227
S06/20241227/00042,5,P104485,4,643.04,SALE,27-12-2024 15:25:55,S06,20241227
S06/20241227/00042,6,P104155,1,144.69,SALE,27-12-2024 15:25:55,S06,20241227
S06/20241227/00042,7,TAX,1,522.02,TAX,27-12-2024 15:25:55,S06,20241227
S06/20241227/00042,8,TENDER,1,4888.95,TENDER,27-12-2024 15:25:55,S06,20241227
S06/20241227/00043,1,P103206,3,450.05,SALE,27-12-2024 14:50:27,S06,20241227
S06/20241227/00043,2,P104026,3,152.97,SALE,27-12-2024 14:50:27,S06,20241227
S06/20241227/00043,3,DISC,1,-123.70,DISCOUNT,27-12-2024 14:50:27,S06,20241227
S06/20241227/00043,4,TAX,1,247.79,TAX,27-12-2024 14:50:27,S06,20241227
S06/20241227/00043,5,TENDER,1,1933.15,TENDER,27-12-2024 14:50:27,S06,20241227
S06/20241227/00044,1,P104956,2,141.84,SALE,27-12-2024 19:03:36,S06,20241227
S06/20241227/00044,2,P102424,1,333.88,SALE,27-12-2024 19:03:36,S06,20241227
S06/20241227/00044,3,P101117,1,208.14,SALE,27-12-2024 19:03:36,S06,20241227
S06/20241227/00044,4,P105280,3,220.35,SALE,27-12-2024 19:03:36,S06,20241227
S06/20241227/00044,5,P107884,4,29.77,SALE,27-12-2024 19:03:36,S06,20241227
S06/20241227/00044,6,DISC,1,-139.81,DISCOUNT,27-12-2024 19:03:36,S06,20241227
S06/20241227/00044,7,P104956,-2,141.84,VOID,27-12-2024 19:03:36,S06,20241227
S06/20241227/00044,8,P102424,-1,333.88,VOID,27-12-2024 19:03:36,S06,20241227
S06/20241227/00044,9,P101117,-1,208.14,VOID,27-12-2024 19:03:36,S06,20241227
S06/20241227/00044,10,P105280,-3,220.35,VOID,27-12-2024 19:03:36,S06,20241227
S06/20241227/00044,11,P107884,-4,29.77,VOID,27-12-2024 19:03:36,S06,20241227
S06/20241227/00044,12,DISC,1,139.81,VOID,27-12-2024 19:03:36,S06,20241227
S06/20241227/00044,13,TAX,1,0.00,TAX,27-12-2024 19:03:36,S06,20241227
S06/20241227/00044,14,TENDER,1,0.00,TENDER,27-12-2024 19:03:36,S06,20241227
S06/20241227/00045,1,P100456,-3,982.47,RETURN,27-12-2024 11:25:44,S06,20241227
S06/20241227/00045,2,P104417,-2,332.65,RETURN,27-12-2024 11:25:44,S06,20241227
S06/20241227/00045,3,P103704,-3,188.13,RETURN,27-12-2024 11:25:44,S06,20241227
S06/20241227/00045,4,P101237,-1,278.87,RETURN,27-12-2024 11:25:44,S06,20241227
S06/20241227/00045,5,P105009,-1,65.38,RETURN,27-12-2024 11:25:44,S06,20241227
S06/20241227/00045,6,P102982,-2,255.95,RETURN,27-12-2024 11:25:44,S06,20241227
S06/20241227/00045,7,P106067,-3,444.09,RETURN,27-12-2024 11:25:44,S06,20241227
S06/20241227/00045,8,P103552,-2,125.20,RETURN,27-12-2024 11:25:44,S06,20241227
S06/20241227/00045,9,TAX,1,-532.78,TAX,27-12-2024 11:25:44,S06,20241227
S06/20241227/00045,10,TENDER,1,-7148.70,TENDER,27-12-2024 11:25:44,S06,20241227
S06/20241227/00046,1,P102874,3,142.11,SALE,27-12-2024 17:45:30,S06,20241227
S06/20241227/00046,2,P105400,2,53.13,SALE,27-12-2024 17:45:30,S06,20241227
S06/20241227/00046,3,DISC,1,-52.48,DISCOUNT,27-12-2024 17:45:30,S06,20241227
S06/20241227/00046,4,TAX,1,36.46,TAX,27-12-2024 17:45:30,S06,20241227
S06/20241227/00046,5,TENDER,1,516.57,TENDER,27-12-2024 17:45:30,S06,20241227
S06/20241227/00047,1,P105413,3,168.78,SALE,27-12-2024 16:42:47,S06,20241227
S06/20241227/00047,2,P100560,4,180.90,SALE,27-12-2024 16:42:47,S06,20241227
S06/20241227/00047,3,P106534,5,96.00,SALE,27-12-2024 16:42:47,S06,20241227
S06/20241227/00047,4,P102342,2,107.02,SALE,27-12-2024 16:42:47,S06,20241227
S06/20241227/00047,5,P107695,1,271.01,SALE,27-12-2024 16:42:47,S06,20241227
S06/20241227/00047,6,TAX,1,308.46,TAX,27-12-2024 16:42:47,S06,20241227
S06/20241227/00047,7,TENDER,1,2503.45,TENDER,27-12-2024 16:42:47,S06,20241227
S06/20241227/00048,1,P106611,1,341.44,SALE,27-12-2024 15:12:39,S06,20241227
S06/20241227/00048,2,P102707,2,425.19,SALE,27-12-2024 15:12:39,S06,20241227
S06/20241227/00048,3,TAX,1,143.02,TAX,27-12-2024 15:12:39,S06,20241227
S06/20241227/00048,4,TENDER,1,1334.84,TENDER,27-12-2024 15:12:39,S06,20241227
S06/20241227/00049,1,P102598,2,133.17,SALE,27-12-2024 22:13:04,S06,20241227
S06/20241227/00049,2,P102913,2,375.37,SALE,27-12-2024 22:13:04,S06,20241227
S06/20241227/00049,3,TAX,1,90.09,TAX,27-12-2024 22:13:04,S06,20241227
S06/20241227/00049,4,TENDER,1,1107.17,TENDER,27-12-2024 22:13:04,S06,20241227
S06/20241227/00050,1,P100652,5,45.46,SALE,27-12-2024 09:25:17,S06,20241227
S06/20241227/00050,2,P103452,3,1033.70,SALE,27-12-2024 09:25:17,S06,20241227
S06/20241227/00050,3,P106942,3,206.70,SALE,27-12-2024 09:25:17,S06,20241227
S06/20241227/00050,4,P106004,1,137.38,SALE,27-12-2024 09:25:17,S06,20241227
S06/20241227/00050,5,P107115,2,172.62,SALE,27-12-2024 09:25:17,S06,20241227
S06/20241227/00050,6,DISC,1,-386.04,DISCOUNT,27-12-2024 09:25:17,S06,20241227
S06/20241227/00050,7,TAX,1,229.23,TAX,27-12-2024 09:25:17,S06,20241227
S06/20241227/00050,8,TENDER,1,4274.31,TENDER,27-12-2024 09:25:17,S06,20241227
S06/20241227/00051,1,P100855,4,345.07,SALE,27-12-2024 18:54:25,S06,20241227
S06/20241227/00051,2,P102768,2,158.73,SALE,27-12-2024 18:54:25,S06,20241227
S06/20241227/00051,3,P100441,1,560.22,SALE,27-12-2024 18:54:25,S06,20241227
S06/20241227/00051,4,P105531,2,502.91,SALE,27-12-2024 18:54:25,S06,20241227
S06/20241227/00051,5,P106353,2,267.43,SALE,27-12-2024 18:54:25,S06,20241227
S06/20241227/00051,6,P106158,1,507.58,SALE,27-12-2024 18:54:25,S06,20241227
S06/20241227/00051,7,TAX,1,615.17,TAX,27-12-2024 18:54:25,S06,20241227
S06/20241227/00051,8,TENDER,1,4921.39,TENDER,27-12-2024 18:54:25,S06,20241227
S06/20241227/00052,1,P107435,1,585.62,SALE,27-12-2024 13:30:06,S06,20241227
S06/20241227/00052,2,P103946,1,338.64,SALE,27-12-2024 13:30:06,S06,20241227
S06/20241227/00052,3,P102217,3,68.46,SALE,27-12-2024 13:30:06,S06,20241227
S06/20241227/00052,4,P102424,1,333.88,SALE,27-12-2024 13:30:06,S06,20241227
S06/20241227/00052,5,DISC,1,-125.67,DISCOUNT,27-12-2024 13:30:06,S06,20241227
S06/20241227/00052,6,TAX,1,111.62,TAX,27-12-2024 13:30:06,S06,20241227
S06/20241227/00052,7,TENDER,1,1449.47,TENDER,27-12-2024 13:30:06,S06,20241227
S06/20241227/00053,1,P101690,4,1044.81,SALE,27-12-2024 12:14:33,S06,20241227
S06/20241227/00053,2,P102788,3,920.26,SALE,27-12-2024 12:14:33,S06,20241227
S06/20241227/00053,3,TAX,1,347.00,TAX,27-12-2024 12:14:33,S06,20241227
S06/20241227/00053,4,TENDER,1,7287.02,TENDER,27-12-2024 12:14:33,S06,20241227
S06/20241227/00054,1,P107884,1,29.77,SALE,27-12-2024 14:23:00,S06,20241227
S06/20241227/00054,2,P104820,2,207.26,SALE,27-12-2024 14:23:00,S06,20241227
S06/20241227/00054,3,P103584,2,402.02,SALE,27-12-2024 14:23:00,S06,20241227
S06/20241227/00054,4,TAX,1,224.70,TAX,27-12-2024 14:23:00,S06,20241227
S06/20241227/00054,5,TENDER,1,1473.03,TENDER,27-12-2024 14:23:00,S06,20241227
S06/20241227/00055,1,P104747,1,342.93,SALE,27-12-2024 15:26:12,S06,20241227
S06/20241227/00055,2,P104270,2,1153.64,SALE,27-12-2024 15:26:12,S06,20241227
S06/20241227/00055,3,P105651,1,108.83,SALE,27-12-2024 15:26:12,S06,20241227
S06/20241227/00055,4,P104469,2,1631.11,SALE,27-12-2024 15:26:12,S06,20241227
S06/20241227/00055,5,DISC,1,-675.34,DISCOUNT,27-12-2024 15:26:12,S06,20241227
S06/20241227/00055,6,TAX,1,503.91,TAX,27-12-2024 15:26:12,S06,20241227
S06/20241227/00055,7,TENDER,1,5849.83,TENDER,27-12-2024 15:26:12,S06,20241227
S06/20241227/00056,1,P105609,1,817.71,SALE,27-12-2024 15:13:35,S06,20241227
S06/20241227/00056,2,P106885,5,137.92,SALE,27-12-2024 15:13:35,S06,20241227
S06/20241227/00056,3,P102886,2,139.22,SALE,27-12-2024 15:13:35,S06,20241227
S06/20241227/00056,4,P104844,2,553.13,SALE,27-12-2024 15:13:35,S06,20241227
S06/20241227/00056,5,P102452,1,176.54,SALE,27-12-2024 15:13:35,S06,20241227
S06/20241227/00056,6,TAX,1,202.19,TAX,27-12-2024 15:13:35,S06,20241227
S06/20241227/00056,7,TENDER,1,3270.74,TENDER,27-12-2024 15:13:35,S06,20241227
S06/20241227/00057,1,P106015,1,148.43,SALE,27-12-2024 14:15:29,S06,20241227
S06/20241227/00057,2,P101530,3,576.50,SALE,27-12-2024 14:15:29,S06,20241227
S06/20241227/00057,3,P106443,3,52.87,SALE,27-12-2024 14:15:29,S06,20241227
S06/20241227/00057,4,P108272,1,121.99,SALE,27-12-2024 14:15:29,S06,20241227
S06/20241227/00057,5,P101374,5,55.98,SALE,27-12-2024 14:15:29,S06,20241227
S06/20241227/00057,6,TAX,1,402.07,TAX,27-12-2024 14:15:29,S06,20241227
S06/20241227/00057,7,TENDER,1,2840.50,TENDER,27-12-2024 14:15:29,S06,20241227
S06/20241227/00058,1,P101327,-2,233.22,RETURN,27-12-2024 16:35:02,S06,20241227
S06/20241227/00058,2,P100791,-1,46.20,RETURN,27-12-2024 16:35:02,S06,20241227
S06/20241227/00058,3,P105609,-4,817.71,RETURN,27-12-2024 16:35:02,S06,20241227
S06/20241227/00058,4,P101458,-1,1365.07,RETURN,27-12-2024 16:35:02,S06,20241227
S06/20241227/00058,5,TAX,1,-86.27,TAX,27-12-2024 16:35:02,S06,20241227
S06/20241227/00058,6,TENDER,1,-5234.82,TENDER,27-12-2024 16:35:02,S06,20241227
S06/20241227/00059,1,P106254,2,1282.79,SALE,27-12-2024 21:36:52,S06,20241227
S06/20241227/00059,2,P101010,1,71.39,SALE,27-12-2024 21:36:52,S06,20241227
S06/20241227/00059,3,P106833,1,446.47,SALE,27-12-2024 21:36:52,S06,20241227
S06/20241227/00059,4,P100403,2,71.79,SALE,27-12-2024 21:36:52,S06,20241227
S06/20241227/00059,5,TAX,1,106.16,TAX,27-12-2024 21:36:52,S06,20241227
S06/20241227/00059,6,TENDER,1,3333.18,TENDER,27-12-2024 21:36:52,S06,20241227
S06/20241227/00060,1,P104454,2,49.63,SALE,27-12-2024 13:58:54,S06,20241227
S06/20241227/00060,2,P101720,2,44.26,SALE,27-12-2024 13:58:54,S06,20241227
S06/20241227/00060,3,P100057,3,233.39,SALE,27-12-2024 13:58:54,S06,20241227
S06/20241227/00060,4,P106024,2,472.89,SALE,27-12-2024 13:58:54,S06,20241227
S06/20241227/00060,5,TAX,1,263.65,TAX,27-12-2024 13:58:54,S06,20241227
S06/20241227/00060,6,TENDER,1,2097.38,TENDER,27-12-2024 13:58:54,S06,20241227
S06/20241227/00061,1,P101796,-2,990.67,RETURN,27-12-2024 15:29:03,S06,20241227
S06/20241227/00061,2,P101864,-2,112.21,RETURN,27-12-2024 15:29:03,S06,20241227
S06/20241227/00061,3,P102738,-2,236.55,RETURN,27-12-2024 15:29:03,S06,20241227
S06/20241227/00061,4,P104933,-1,560.59,RETURN,27-12-2024 15:29:03,S06,20241227
S06/20241227/00061,5,TAX,1,-297.14,TAX,27-12-2024 15:29:03,S06,20241227
S06/20241227/00061,6,TENDER,1,-3536.59,TENDER,27-12-2024 15:29:03,S06,20241227
S06/20241227/00062,1,P106123,3,248.44,SALE,27-12-2024 15:37:57,S06,20241227
S06/20241227/00062,2,P104725,1,551.38,SALE,27-12-2024 15:37:57,S06,20241227
S06/20241227/00062,3,P106426,1,154.27,SALE,27-12-2024 15:37:57,S06,20241227
S06/20241227/00062,4,P102397,2,355.28,SALE,27-12-2024 15:37:57,S06,20241227
S06/20241227/00062,5,P107568,2,140.27,SALE,27-12-2024 15:37:57,S06,20241227
S06/20241227/00062,6,P102922,1,120.15,SALE,27-12-2024 15:37:57,S06,20241227
S06/20241227/00062,7,DISC,1,-218.01,DISCOUNT,27-12-2024 15:37:57,S06,20241227
S06/20241227/00062,8,TAX,1,226.84,TAX,27-12-2024 15:37:57,S06,20241227
S06/20241227/00062,9,TENDER,1,2571.05,TENDER,27-12-2024 15:37:57,S06,20241227
S06/20241227/00063,1,P107654,1,409.57,SALE,27-12-2024 19:25:23,S06,20241227
S06/20241227/00063,2,P106813,1,257.87,SALE,27-12-2024 19:25:23,S06,20241227
S06/20241227/00063,3,TAX,1,80.09,TAX,27-12-2024 19:25:23,S06,20241227
S06/20241227/00063,4,TENDER,1,747.53,TENDER,27-12-2024 19:25:23,S06,20241227
S06/20241227/00064,1,P101258,3,216.42,SALE,27-12-2024 18:34:21,S06,20241227
S06/20241227/00064,2,P106629,2,57.49,SALE,27-12-2024 18:34:21,S06,20241227
S06/20241227/00064,3,TAX,1,137.56,TAX,27-12-2024 18:34:21,S06,20241227
S06/20241227/00064,4,TENDER,1,901.80,TENDER,27-12-2024 18:34:21,S06,20241227
S06/20241227/00065,1,P101732,3,1390.76,SALE,27-12-2024 16:30:17,S06,20241227
S06/20241227/00065,2,P100940,2,199.52,SALE,27-12-2024 16:30:17,S06,20241227
S06/20241227/00065,3,P102054,2,142.99,SALE,27-12-2024 16:30:17,S06,20241227
S06/20241227/00065,4,TAX,1,586.80,TAX,27-12-2024 16:30:17,S06,20241227
S06/20241227/00065,5,TENDER,1,5444.10,TENDER,27-12-2024 16:30:17,S06,20241227
S06/20241227/00066,1,P106300,3,425.27,SALE,27-12-2024 15:57:54,S06,20241227
S06/20241227/00066,2,P100693,3,107.22,SALE,27-12-2024 15:57:54,S06,20241227
S06/20241227/00066,3,P102768,2,158.73,SALE,27-12-2024 15:57:54,S06,20241227
S06/20241227/00066,4,P104233,2,1271.89,SALE,27-12-2024 15:57:54,S06,20241227
S06/20241227/00066,5,P103645,1,285.25,SALE,27-12-2024 15:57:54,S06,20241227
S06/20241227/00066,6,P101367,5,512.46,SALE,27-12-2024 15:57:54,S06,20241227
S06/20241227/00066,7,P104708,1,487.33,SALE,27-12-2024 15:57:54,S06,20241227
S06/20241227/00066,8,TAX,1,880.91,TAX,27-12-2024 15:57:54,S06,20241227
S06/20241227/00066,9,TENDER,1,8674.50,TENDER,27-12-2024 15:57:54,S06,20241227
S06/20241227/00067,1,P104587,4,252.25,SALE,27-12-2024 10:48:54,S06,20241227
S06/20241227/00067,2,P103155,3,270.20,SALE,27-12-2024 10:48:54,S06,20241227
S06/20241227/00067,3,P101440,2,253.26,SALE,27-12-2024 10:48:54,S06,20241227
S06/20241227/00067,4,P107960,1,1191.78,SALE,27-12-2024 10:48:54,S06,20241227
S06/20241227/00067,5,P104933,1,560.59,SALE,27-12-2024 10:48:54,S06,20241227
S06/20241227/00067,6,P108239,2,256.06,SALE,27-12-2024 10:48:54,S06,20241227
S06/20241227/00067,7,P100172,1,205.47,SALE,27-12-2024 10:48:54,S06,20241227
S06/20241227/00067,8,TAX,1,542.73,TAX,27-12-2024 10:48:54,S06,20241227
S06/20241227/00067,9,TENDER,1,5338.81,TENDER,27-12-2024 10:48:54,S06,20241227
S06/20241227/00068,1,P102691,1,219.72,SALE,27-12-2024 17:46:58,S06,20241227
S06/20241227/00068,2,P108067,1,640.50,SALE,27-12-2024 17:46:58,S06,20241227
S06/20241227/00068,3,P106181,2,778.60,SALE,27-12-2024 17:46:58,S06,20241227
S06/20241227/00068,4,TAX,1,10.99,TAX,27-12-2024 17:46:58,S06,20241227
S06/20241227/00068,5,TENDER,1,2428.41,TENDER,27-12-2024 17:46:58,S06,20241227
S06/20241228/00001,1,P101095,3,205.38,SALE,28-12-2024 13:26:33,S06,20241228
S06/20241228/00001,2,P104168,1,512.27,SALE,28-12-2024 13:26:33,S06,20241228
S06/20241228/00001,3,TAX,1,25.61,TAX,28-12-2024 13:26:33,S06,20241228
S06/20241228/00001,4,TENDER,1,1154.02,TENDER,28-12-2024 13:26:33,S06,20241228
S06/20241228/00002,1,P103927,2,206.11,SALE,28-12-2024 17:56:39,S06,20241228
S06/20241228/00002,2,P103354,2,894.50,SALE,28-12-2024 17:56:39,S06,20241228
S06/20241228/00002,3,P103487,2,361.14,SALE,28-12-2024 17:56:39,S06,20241228
S06/20241228/00002,4,P102691,2,219.72,SALE,28-12-2024 17:56:39,S06,20241228
S06/20241228/00002,5,P100652,2,45.46,SALE,28-12-2024 17:56:39,S06,20241228
S06/20241228/00002,6,TAX,1,145.62,TAX,28-12-2024 17:56:39,S06,20241228
S06/20241228/00002,7,TENDER,1,3599.48,TENDER,28-12-2024 17:56:39,S06,20241228
S06/20241228/00003,1,P105313,1,51.83,SALE,28-12-2024 19:33:48,S06,20241228
S06/20241228/00003,2,P102609,2,183.47,SALE,28-12-2024 19:33:48,S06,20241228
S06/20241228/00003,3,P105624,1,380.06,SALE,28-12-2024 19:33:48,S06,20241228
S06/20241228/00003,4,P102364,3,104.57,SALE,28-12-2024 19:33:48,S06,20241228
S06/20241228/00003,5,P106534,2,96.00,SALE,28-12-2024 19:33:48,S06,20241228
S06/20241228/00003,6,TAX,1,154.06,TAX,28-12-2024 19:33:48,S06,20241228
S06/20241228/00003,7,TENDER,1,1458.60,TENDER,28-12-2024 19:33:48,S06,20241228
S06/20241228/00004,1,P105740,1,103.24,SALE,28-12-2024 15:02:13,S06,20241228
S06/20241228/00004,2,P103262,1,54.76,SALE,28-12-2024 15:02:13,S06,20241228
S06/20241228/00004,3,P104938,3,999.94,SALE,28-12-2024 15:02:13,S06,20241228
S06/20241228/00004,4,P103202,2,295.26,SALE,28-12-2024 15:02:13,S06,20241228
S06/20241228/00004,5,P101327,3,233.22,SALE,28-12-2024 15:02:13,S06,20241228
S06/20241228/00004,6,P100418,2,213.97,SALE,28-12-2024 15:02:13,S06,20241228
S06/20241228/00004,7,TAX,1,578.10,TAX,28-12-2024 15:02:13,S06,20241228
S06/20241228/00004,8,TENDER,1,5454.04,TENDER,28-12-2024 15:02:13,S06,20241228
S06/20241228/00005,1,P101690,3,1044.81,SALE,28-12-2024 15:39:18,S06,20241228
S06/20241228/00005,2,P103137,4,218.09,SALE,28-12-2024 15:39:18,S06,20241228
S06/20241228/00005,3,TAX,1,261.40,TAX,28-12-2024 15:39:18,S06,20241228
S06/20241228/00005,4,TENDER,1,4268.19,TENDER,28-12-2024 15:39:18,S06,20241228
S06/20241228/00006,1,P104593,1,867.34,SALE,28-12-2024 10:12:32,S06,20241228
S06/20241228/00006,2,P105268,3,300.66,SALE,28-12-2024 10:12:32,S06,20241228
S06/20241228/00006,3,P103693,2,102.71,SALE,28-12-2024 10:12:32,S06,20241228
S06/20241228/00006,4,TAX,1,266.44,TAX,28-12-2024 10:12:32,S06,20241228
S06/20241228/00006,5,TENDER,1,2241.18,TENDER,28-12-2024 10:12:32,S06,20241228
S06/20241228/00007,1,P104328,1,64.22,SALE,28-12-2024 15:16:40,S06,20241228
S06/20241228/00007,2,P102738,1,236.55,SALE,28-12-2024 15:16:40,S06,20241228
S06/20241228/00007,3,P106602,2,122.17,SALE,28-12-2024 15:16:40,S06,20241228
S06/20241228/00007,4,DISC,1,-59.90,DISCOUNT,28-12-2024 15:16:40,S06,20241228
S06/20241228/00007,5,TAX,1,39.00,TAX,28-12-2024 15:16:40,S06,20241228
S06/20241228/00007,6,TENDER,1,524.21,TENDER,28-12-2024 15:16:40,S06,20241228
S06/20241228/00008,1,P105695,4,158.81,SALE,28-12-2024 16:09:39,S06,20241228
S06/20241228/00008,2,P100810,2,200.65,SALE,28-12-2024 16:09:39,S06,20241228
S06/20241228/00008,3,P107119,3,18.29,SALE,28-12-2024 16:09:39,S06,20241228
S06/20241228/00008,4,P101940,1,201.44,SALE,28-12-2024 16:09:39,S06,20241228
S06/20241228/00008,5,DISC,1,-82.21,DISCOUNT,28-12-2024 16:09:39,S06,20241228
S06/20241228/00008,6,TAX,1,80.42,TAX,28-12-2024 16:09:39,S06,20241228
S06/20241228/00008,7,TENDER,1,1291.06,TENDER,28-12-2024 16:09:39,S06,20241228
S06/20241228/00009,1,P107508,3,1577.69,SALE,28-12-2024 17:37:31,S06,20241228
S06/20241228/00009,2,P105252,1,12.09,SALE,28-12-2024 17:37:31,S06,20241228
S06/20241228/00009,3,P101547,1,66.03,SALE,28-12-2024 17:37:31,S06,20241228
S06/20241228/00009,4,P100479,1,342.92,SALE,28-12-2024 17:37:31,S06,20241228
S06/20241228/00009,5,TAX,1,614.60,TAX,28-12-2024 17:37:31,S06,20241228
S06/20241228/00009,6,TENDER,1,5768.71,TENDER,28-12-2024 17:37:31,S06,20241228
S06/20241228/00010,1,P105106,2,104.56,SALE,28-12-2024 13:44:21,S06,20241228
S06/20241228/00010,2,P101367,1,512.46,SALE,28-12-2024 13:44:21,S06,20241228
S06/20241228/00010,3,P105965,2,66.08,SALE,28-12-2024 13:44:21,S06,20241228
S06/20241228/00010,4,P104898,2,181.50,SALE,28-12-2024 13:44:21,S06,20241228
S06/20241228/00010,5,P102640,2,270.61,SALE,28-12-2024 13:44:21,S06,20241228
S06/20241228/00010,6,P101393,2,36.64,SALE,28-12-2024 13:44:21,S06,20241228
S06/20241228/00010,7,P105603,1,202.29,SALE,28-12-2024 13:44:21,S06,20241228
S06/20241228/00010,8,TAX,1,292.14,TAX,28-12-2024 13:44:21,S06,20241228
S06/20241228/00010,9,TENDER,1,2325.67,TENDER,28-12-2024 13:44:21,S06,20241228
S06/20241228/00011,1,P102389,1,84.91,SALE,28-12-2024 14:21:26,S06,20241228
S06/20241228/00011,2,P105835,4,238.39,SALE,28-12-2024 14:21:26,S06,20241228
S06/20241228/00011,3,TAX,1,62.96,TAX,28-12-2024 14:21:26,S06,20241228
S06/20241228/00011,4,TENDER,1,1101.43,TENDER,28-12-2024 14:21:26,S06,20241228
S06/20241228/00012,1,P104933,-2,560.59,RETURN,28-12-2024 12:47:35,S06,20241228
S06/20241228/00012,2,P103435,-1,443.24,RETURN,28-12-2024 12:47:35,S06,20241228
S06/20241228/00012,3,TAX,1,-281.60,TAX,28-12-2024 12:47:35,S06,20241228
S06/20241228/00012,4,TENDER,1,-1846.02,TENDER,28-12-2024 12:47:35,S06,20241228
S06/20241228/00013,1,P104181,1,298.55,SALE,28-12-2024 20:39:49,S06,20241228
S06/20241228/00013,2,P102963,2,415.64,SALE,28-12-2024 20:39:49,S06,20241228
S06/20241228/00013,3,P100456,1,982.47,SALE,28-12-2024 20:39:49,S06,20241228
S06/20241228/00013,4,TAX,1,234.58,TAX,28-12-2024 20:39:49,S06,20241228
S06/20241228/00013,5,TENDER,1,2346.88,TENDER,28-12-2024 20:39:49,S06,20241228
S06/20241228/00014,1,P105198,2,15.39,SALE,28-12-2024 15:39:51,S06,20241228
S06/20241228/00014,2,P101500,3,330.53,SALE,28-12-2024 15:39:51,S06,20241228
S06/20241228/00014,3,P101762,1,528.36,SALE,28-12-2024 15:39:51,S06,20241228
S06/20241228/00014,4,P103397,2,371.02,SALE,28-12-2024 15:39:51,S06,20241228
S06/20241228/00014,5,P103389,3,239.67,SALE,28-12-2024 15:39:51,S06,20241228
S06/20241228/00014,6,P101174,4,57.43,SALE,28-12-2024 15:39:51,S06,20241228
S06/20241228/00014,7,DISC,1,-269.83,DISCOUNT,28-12-2024 15:39:51,S06,20241228
S06/20241228/00014,8,TAX,1,190.69,TAX,28-12-2024 15:39:51,S06,20241228
S06/20241228/00014,9,TENDER,1,3162.36,TENDER,28-12-2024 15:39:51,S06,20241228
S06/20241228/00015,1,P106620,3,273.19,SALE,28-12-2024 10:22:34,S06,20241228
S06/20241228/00015,2,P100007,4,155.06,SALE,28-12-2024 10:22:34,S06,20241228
S06/20241228/00015,3,P107040,4,474.18,SALE,28-12-2024 10:22:34,S06,20241228
S06/20241228/00015,4,P108397,1,286.03,SALE,28-12-2024 10:22:34,S06,20241228
S06/20241228/00015,5,P102280,1,644.81,SALE,28-12-2024 10:22:34,S06,20241228
S06/20241228/00015,6,TAX,1,455.22,TAX,28-12-2024 10:22:34,S06,20241228
S06/20241228/00015,7,TENDER,1,4722.59,TENDER,28-12-2024 10:22:34,S06,20241228
S06/20241228/00016,1,P106244,2,73.94,SALE,28-12-2024 17:50:13,S06,20241228
S06/20241228/00016,2,P100057,3,233.39,SALE,28-12-2024 17:50:13,S06,20241228
S06/20241228/00016,3,P103206,1,450.05,SALE,28-12-2024 17:50:13,S06,20241228
S06/20241228/00016,4,P100418,3,213.97,SALE,28-12-2024 17:50:13,S06,20241228
S06/20241228/00016,5,TAX,1,182.78,TAX,28-12-2024 17:50:13,S06,20241228
S06/20241228/00016,6,TENDER,1,2122.79,TENDER,28-12-2024 17:50:13,S06,20241228
S06/20241228/00017,1,P104784,1,370.89,SALE,28-12-2024 17:45:47,S06,20241228
S06/20241228/00017,2,P102933,2,610.87,SALE,28-12-2024 17:45:47,S06,20241228
S06/20241228/00017,3,P107449,2,1495.62,SALE,28-12-2024 17:45:47,S06,20241228
S06/20241228/00017,4,P104950,2,91.01,SALE,28-12-2024 17:45:47,S06,20241228
S06/20241228/00017,5,P102874,1,142.11,SALE,28-12-2024 17:45:47,S06,20241228
S06/20241228/00017,6,P107686,2,347.22,SALE,28-12-2024 17:45:47,S06,20241228
S06/20241228/00017,7,P101298,2,224.87,SALE,28-12-2024 17:45:47,S06,20241228
S06/20241228/00017,8,DISC,1,-270.70,DISCOUNT,28-12-2024 17:45:47,S06,20241228
S06/20241228/00017,9,TAX,1,734.51,TAX,28-12-2024 17:45:47,S06,20241228
S06/20241228/00017,10,TENDER,1,6515.99,TENDER,28-12-2024 17:45:47,S06,20241228
S06/20241228/00018,1,P101722,2,1460.17,SALE,28-12-2024 11:26:22,S06,20241228
S06/20241228/00018,2,P101533,2,975.60,SALE,28-12-2024 11:26:22,S06,20241228
S06/20241228/00018,3,P103473,1,428.66,SALE,28-12-2024 11:26:22,S06,20241228
S06/20241228/00018,4,P102814,1,543.91,SALE,28-12-2024 11:26:22,S06,20241228
S06/20241228/00018,5,P103864,3,540.44,SALE,28-12-2024 11:26:22,S06,20241228
S06/20241228/00018,6,DISC,1,-342.99,DISCOUNT,28-12-2024 11:26:22,S06,20241228
S06/20241228/00018,7,TAX,1,515.06,TAX,28-12-2024 11:26:22,S06,20241228
S06/20241228/00018,8,TENDER,1,7637.50,TENDER,28-12-2024 11:26:22,S06,20241228
S06/20241228/00019,1,P100816,1,806.93,SALE,28-12-2024 17:12:53,S06,20241228
S06/20241228/00019,2,P102738,1,236.55,SALE,28-12-2024 17:12:53,S06,20241228
S06/20241228/00019,3,TAX,1,125.22,TAX,28-12-2024 17:12:53,S06,20241228
S06/20241228/00019,4,TENDER,1,1168.70,TENDER,28-12-2024 17:12:53,S06,20241228
S06/20241228/00020,1,P102772,1,151.97,SALE,28-12-2024 16:49:39,S06,20241228
S06/20241228/00020,2,P100791,3,46.20,SALE,28-12-2024 16:49:39,S06,20241228
S06/20241228/00020,3,TAX,1,14.53,TAX,28-12-2024 16:49:39,S06,20241228
S06/20241228/00020,4,TENDER,1,305.10,TENDER,28-12-2024 16:49:39,S06,20241228
S06/20241228/00021,1,P101751,2,477.38,SALE,28-12-2024 17:52:02,S06,20241228
S06/20241228/00021,2,P102042,1,151.18,SALE,28-12-2024 17:52:02,S06,20241228
S06/20241228/00021,3,P101982,3,428.91,SALE,28-12-2024 17:52:02,S06,20241228
S06/20241228/00021,4,P100406,1,435.20,SALE,28-12-2024 17:52:02,S06,20241228
S06/20241228/00021,5,P106027,3,1548.23,SALE,28-12-2024 17:52:02,S06,20241228
S06/20241228/00021,6,P102835,4,101.19,SALE,28-12-2024 17:52:02,S06,20241228
S06/20241228/00021,7,P105246,3,840.69,SALE,28-12-2024 17:52:02,S06,20241228
S06/20241228/00021,8,TAX,1,618.04,TAX,28-12-2024 17:52:02,S06,20241228
S06/20241228/00021,9,TENDER,1,11017.43,TENDER,28-12-2024 17:52:02,S06,20241228
S06/20241228/00022,1,P102880,1,575.53,SALE,28-12-2024 15:21:57,S06,20241228
S06/20241228/00022,2,P108300,2,286.59,SALE,28-12-2024 15:21:57,S06,20241228
S06/20241228/00022,3,TAX,1,131.95,TAX,28-12-2024 15:21:57,S06,20241228
S06/20241228/00022,4,TENDER,1,1280.66,TENDER,28-12-2024 15:21:57,S06,20241228
S06/20241228/00023,1,P100131,3,667.83,SALE,28-12-2024 15:55:12,S06,20241228
S06/20241228/00023,2,P103542,2,398.89,SALE,28-12-2024 15:55:12,S06,20241228
S06/20241228/00023,3,P105460,2,148.47,SALE,28-12-2024 15:55:12,S06,20241228
S06/20241228/00023,4,P101802,3,44.15,SALE,28-12-2024 15:55:12,S06,20241228
S06/20241228/00023,5,TAX,1,396.22,TAX,28-12-2024 15:55:12,S06,20241228
S06/20241228/00023,6,TENDER,1,3626.88,TENDER,28-12-2024 15:55:12,S06,20241228
S06/20241228/00024,1,P101796,1,990.67,SALE,29-12-2024 00:34:46,S06,20241228
S06/20241228/00024,2,P100665,1,305.11,SALE,29-12-2024 00:34:46,S06,20241228
S06/20241228/00024,3,P103050,1,569.48,SALE,29-12-2024 00:34:46,S06,20241228
S06/20241228/00024,4,P103374,1,38.02,SALE,29-12-2024 00:34:46,S06,20241228
S06/20241228/00024,5,TAX,1,92.99,TAX,29-12-2024 00:34:46,S06,20241228
S06/20241228/00024,6,TENDER,1,1996.27,TENDER,29-12-2024 00:34:46,S06,20241228
S06/20241228/00025,1,P103806,3,319.17,SALE,28-12-2024 18:37:21,S06,20241228
S06/20241228/00025,2,TAX,1,0.00,TAX,28-12-2024 18:37:21,S06,20241228
S06/20241228/00025,3,TENDER,1,957.51,TENDER,28-12-2024 18:37:21,S06,20241228
S06/20241228/00026,1,P102788,2,920.26,SALE,28-12-2024 10:20:13,S06,20241228
S06/20241228/00026,2,P101827,2,155.74,SALE,28-12-2024 10:20:13,S06,20241228
S06/20241228/00026,3,P101283,1,263.48,SALE,28-12-2024 10:20:13,S06,20241228
S06/20241228/00026,4,P100287,2,240.45,SALE,28-12-2024 10:20:13,S06,20241228
S06/20241228/00026,5,P107646,1,225.19,SALE,28-12-2024 10:20:13,S06,20241228
S06/20241228/00026,6,P102768,2,158.73,SALE,28-12-2024 10:20:13,S06,20241228
S06/20241228/00026,7,P108076,2,151.55,SALE,28-12-2024 10:20:13,S06,20241228
S06/20241228/00026,8,P101626,3,1040.69,SALE,28-12-2024 10:20:13,S06,20241228
S06/20241228/00026,9,P100869,2,62.15,SALE,28-12-2024 10:20:13,S06,20241228
S06/20241228/00026,10,P100319,3,54.97,SALE,28-12-2024 10:20:13,S06,20241228
S06/20241228/00026,11,P107393,3,469.90,SALE,28-12-2024 10:20:13,S06,20241228
S06/20241228/00026,12,TAX,1,902.67,TAX,28-12-2024 10:20:13,S06,20241228
S06/20241228/00026,13,TENDER,1,9465.78,TENDER,28-12-2024 10:20:13,S06,20241228
S06/20241228/00027,1,P105541,2,189.75,SALE,28-12-2024 16:10:05,S06,20241228
S06/20241228/00027,2,P106602,2,122.17,SALE,28-12-2024 16:10:05,S06,20241228
S06/20241228/00027,3,P105062,2,14.84,SALE,28-12-2024 16:10:05,S06,20241228
S06/20241228/00027,4,DISC,1,-15.89,DISCOUNT,28-12-2024 16:10:05,S06,20241228
S06/20241228/00027,5,TAX,1,83.78,TAX,28-12-2024 16:10:05,S06,20241228
S06/20241228/00027,6,TENDER,1,721.41,TENDER,28-12-2024 16:10:05,S06,20241228
S06/20241228/00028,1,P102814,3,543.91,SALE,28-12-2024 12:55:45,S06,20241228
S06/20241228/00028,2,P106452,2,31.15,SALE,28-12-2024 12:55:45,S06,20241228
S06/20241228/00028,3,P100528,1,595.90,SALE,28-12-2024 12:55:45,S06,20241228
S06/20241228/00028,4,P105405,1,430.78,SALE,28-12-2024 12:55:45,S06,20241228
S06/20241228/00028,5,P100549,4,320.43,SALE,28-12-2024 12:55:45,S06,20241228
S06/20241228/00028,6,DISC,1,-241.36,DISCOUNT,28-12-2024 12:55:45,S06,20241228
S06/20241228/00028,7,TAX,1,244.37,TAX,28-12-2024 12:55:45,S06,20241228
S06/20241228/00028,8,TENDER,1,4005.44,TENDER,28-12-2024 12:55:45,S06,20241228
S06/20241228/00029,1,P106671,1,90.38,SALE,28-12-2024 19:45:04,S06,20241228
S06/20241228/00029,2,P107354,1,227.60,SALE,28-12-2024 19:45:04,S06,20241228
S06/20241228/00029,3,P108026,1,103.54,SALE,28-12-2024 19:45:04,S06,20241228
S06/20241228/00029,4,P101648,2,334.22,SALE,28-12-2024 19:45:04,S06,20241228
S06/20241228/00029,5,P100281,2,485.13,SALE,28-12-2024 19:45:04,S06,20241228
S06/20241228/00029,6,TAX,1,132.40,TAX,28-12-2024 19:45:04,S06,20241228
S06/20241228/00029,7,TENDER,1,2192.62,TENDER,28-12-2024 19:45:04,S06,20241228
S06/20241228/00030,1,P108262,4,592.59,SALE,28-12-2024 15:05:41,S06,20241228
S06/20241228/00030,2,P100210,3,1073.90,SALE,28-12-2024 15:05:41,S06,20241228
S06/20241228/00030,3,P104956,2,141.84,SALE,28-12-2024 15:05:41,S06,20241228
S06/20241228/00030,4,P103435,2,443.24,SALE,28-12-2024 15:05:41,S06,20241228
S06/20241228/00030,5,P102664,2,261.47,SALE,28-12-2024 15:05:41,S06,20241228
S06/20241228/00030,6,TAX,1,1118.03,TAX,28-12-2024 15:05:41,S06,20241228
S06/20241228/00030,7,TENDER,1,8403.19,TENDER,28-12-2024 15:05:41,S06,20241228
S06/20241228/00031,1,P103816,2,209.63,SALE,28-12-2024 13:03:17,S06,20241228
S06/20241228/00031,2,P100959,1,320.67,SALE,28-12-2024 13:03:17,S06,20241228
S06/20241228/00031,3,P100956,3,421.98,SALE,28-12-2024 13:03:17,S06,20241228
S06/20241228/00031,4,P106802,2,739.16,SALE,28-12-2024 13:03:17,S06,20241228
S06/20241228/00031,5,P103188,3,30.16,SALE,28-12-2024 13:03:17,S06,20241228
S06/20241228/00031,6,P107354,3,227.60,SALE,28-12-2024 13:03:17,S06,20241228
S06/20241228/00031,7,DISC,1,-489.67,DISCOUNT,28-12-2024 13:03:17,S06,20241228
S06/20241228/00031,8,TAX,1,326.23,TAX,28-12-2024 13:03:17,S06,20241228
S06/20241228/00031,9,TENDER,1,4094.03,TENDER,28-12-2024 13:03:17,S06,20241228
S06/20241228/00032,1,P100456,1,982.47,SALE,28-12-2024 15:38:04,S06,20241228
S06/20241228/00032,2,P101367,2,512.46,SALE,28-12-2024 15:38:04,S06,20241228
S06/20241228/00032,3,P107767,2,510.38,SALE,28-12-2024 15:38:04,S06,20241228
S06/20241228/00032,4,P107973,1,271.93,SALE,28-12-2024 15:38:04,S06,20241228
S06/20241228/00032,5,P102311,1,308.69,SALE,28-12-2024 15:38:04,S06,20241228
S06/20241228/00032,6,P103262,3,54.76,SALE,28-12-2024 15:38:04,S06,20241228
S06/20241228/00032,7,DISC,1,-153.87,DISCOUNT,28-12-2024 15:38:04,S06,20241228
S06/20241228/00032,8,TAX,1,308.76,TAX,28-12-2024 15:38:04,S06,20241228
S06/20241228/00032,9,TENDER,1,3927.94,TENDER,28-12-2024 15:38:04,S06,20241228
S06/20241228/00033,1,P108131,1,627.37,SALE,28-12-2024 14:47:21,S06,20241228
S06/20241228/00033,2,P104811,3,108.16,SALE,28-12-2024 14:47:21,S06,20241228
S06/20241228/00033,3,P103606,6,185.94,SALE,28-12-2024 14:47:21,S06,20241228
S06/20241228/00033,4,P103616,3,662.98,SALE,28-12-2024 14:47:21,S06,20241228
S06/20241228/00033,5,P107984,2,357.15,SALE,28-12-2024 14:47:21,S06,20241228
S06/20241228/00033,6,TAX,1,373.58,TAX,28-12-2024 14:47:21,S06,20241228
S06/20241228/00033,7,TENDER,1,5144.31,TENDER,28-12-2024 14:47:21,S06,20241228
S06/20241228/00034,1,P101500,3,330.53,SALE,28-12-2024 21:03:52,S06,20241228
S06/20241228/00034,2,P103654,3,481.76,SALE,28-12-2024 21:03:52,S06,20241228
S06/20241228/00034,3,P103406,3,1248.48,SALE,28-12-2024 21:03:52,S06,20241228
S06/20241228/00034,4,P101599,3,417.76,SALE,28-12-2024 21:03:52,S06,20241228
S06/20241228/00034,5,P101218,1,61.39,SALE,28-12-2024 21:03:52,S06,20241228
S06/20241228/00034,6,TAX,1,758.36,TAX,28-12-2024 21:03:52,S06,20241228
S06/20241228/00034,7,TENDER,1,8255.34,TENDER,28-12-2024 21:03:52,S06,20241228
S06/20241228/00035,1,P100362,3,282.80,SALE,28-12-2024 17:14:30,S06,20241228
S06/20241228/00035,2,P107126,2,68.67,SALE,28-12-2024 17:14:30,S06,20241228
S06/20241228/00035,3,P100940,2,199.52,SALE,28-12-2024 17:14:30,S06,20241228
S06/20241228/00035,4,P107564,2,325.35,SALE,28-12-2024 17:14:30,S06,20241228
S06/20241228/00035,5,TAX,1,166.39,TAX,28-12-2024 17:14:30,S06,20241228
S06/20241228/00035,6,TENDER,1,2201.87,TENDER,28-12-2024 17:14:30,S06,20241228
S06/20241228/00036,1,P101974,2,302.00,SALE,28-12-2024 13:32:26,S06,20241228
S06/20241228/00036,2,P105400,3,53.13,SALE,28-12-2024 13:32:26,S06,20241228
S06/20241228/00036,3,P102485,3,208.13,SALE,28-12-2024 13:32:26,S06,20241228
S06/20241228/00036,4,P108060,1,217.09,SALE,28-12-2024 13:32:26,S06,20241228
S06/20241228/00036,5,TAX,1,207.71,TAX,28-12-2024 13:32:26,S06,20241228
S06/20241228/00036,6,TENDER,1,1812.58,TENDER,28-12-2024 13:32:26,S06,20241228
S06/20241228/00037,1,P101339,1,230.61,SALE,28-12-2024 17:41:50,S06,20241228
S06/20241228/00037,2,P101825,3,183.68,SALE,28-12-2024 17:41:50,S06,20241228
S06/20241228/00037,3,P107899,1,197.21,SALE,28-12-2024 17:41:50,S06,20241228
S06/20241228/00037,4,P106984,2,28.34,SALE,28-12-2024 17:41:50,S06,20241228
S06/20241228/00037,5,P102801,2,103.43,SALE,28-12-2024 17:41:50,S06,20241228
S06/20241228/00037,6,TAX,1,89.01,TAX,28-12-2024 17:41:50,S06,20241228
S06/20241228/00037,7,TENDER,1,1331.41,TENDER,28-12-2024 17:41:50,S06,20241228
S06/20241228/00038,1,P104233,2,1271.89,SALE,28-12-2024 12:23:29,S06,20241228
S06/20241228/00038,2,TAX,1,127.19,TAX,28-12-2024 12:23:29,S06,20241228
S06/20241228/00038,3,TENDER,1,2670.97,TENDER,28-12-2024 12:23:29,S06,20241228
S06/20241228/00039,1,P102096,2,982.72,SALE,28-12-2024 16:54:14,S06,20241228
S06/20241228/00039,2,P104133,2,248.31,SALE,28-12-2024 16:54:14,S06,20241228
S06/20241228/00039,3,P104417,3,332.65,SALE,28-12-2024 16:54:14,S06,20241228
S06/20241228/00039,4,P104916,1,340.18,SALE,28-12-2024 16:54:14,S06,20241228
S06/20241228/00039,5,P100095,4,100.57,SALE,28-12-2024 16:54:14,S06,20241228
S06/20241228/00039,6,P100924,2,50.37,SALE,28-12-2024 16:54:14,S06,20241228
S06/20241228/00039,7,TAX,1,455.09,TAX,28-12-2024 16:54:14,S06,20241228
S06/20241228/00039,8,TENDER,1,4758.30,TENDER,28-12-2024 16:54:14,S06,20241228
S06/20241228/00040,1,P101949,1,857.51,SALE,28-12-2024 17:11:08,S06,20241228
S06/20241228/00040,2,P107581,1,287.09,SALE,28-12-2024 17:11:08,S06,20241228
S06/20241228/00040,3,TAX,1,77.33,TAX,28-12-2024 17:11:08,S06,20241228
S06/20241228/00040,4,TENDER,1,1221.93,TENDER,28-12-2024 17:11:08,S06,20241228
S06/20241228/00041,1,P102023,-2,425.67,RETURN,28-12-2024 10:30:22,S06,20241228
S06/20241228/00041,2,P100224,-1,79.22,RETURN,28-12-2024 10:30:22,S06,20241228
S06/20241228/00041,3,P101311,-4,481.74,RETURN,28-12-2024 10:30:22,S06,20241228
S06/20241228/00041,4,P103620,-3,474.03,RETURN,28-12-2024 10:30:22,S06,20241228
S06/20241228/00041,5,P108275,-1,504.53,RETURN,28-12-2024 10:30:22,S06,20241228
S06/20241228/00041,6,TAX,1,-293.29,TAX,28-12-2024 10:30:22,S06,20241228
S06/20241228/00041,7,TENDER,1,-5077.43,TENDER,28-12-2024 10:30:22,S06,20241228
S06/20241228/00042,1,P103111,2,40.41,SALE,28-12-2024 17:26:04,S06,20241228
S06/20241228/00042,2,P105167,1,826.20,SALE,28-12-2024 17:26:04,S06,20241228
S06/20241228/00042,3,P107516,3,565.20,SALE,28-12-2024 17:26:04,S06,20241228
S06/20241228/00042,4,P101004,4,357.75,SALE,28-12-2024 17:26:04,S06,20241228
S06/20241228/00042,5,TAX,1,422.11,TAX,28-12-2024 17:26:04,S06,20241228
S06/20241228/00042,6,TENDER,1,4455.73,TENDER,28-12-2024 17:26:04,S06,20241228
S06/20241228/00043,1,P104765,5,401.36,SALE,28-12-2024 17:35:34,S06,20241228
S06/20241228/00043,2,P100224,2,79.22,SALE,28-12-2024 17:35:34,S06,20241228
S06/20241228/00043,3,P104123,1,432.72,SALE,28-12-2024 17:35:34,S06,20241228
S06/20241228/00043,4,TAX,1,300.66,TAX,28-12-2024 17:35:34,S06,20241228
S06/20241228/00043,5,TENDER,1,2898.62,TENDER,28-12-2024 17:35:34,S06,20241228
S06/20241228/00044,1,P108131,4,627.37,SALE,28-12-2024 15:52:56,S06,20241228
S06/20241228/00044,2,P107362,1,75.90,SALE,28-12-2024 15:52:56,S06,20241228
S06/20241228/00044,3,P107458,3,1239.88,SALE,28-12-2024 15:52:56,S06,20241228
S06/20241228/00044,4,P105307,2,818.25,SALE,28-12-2024 15:52:56,S06,20241228
S06/20241228/00044,5,P101279,2,242.90,SALE,28-12-2024 15:52:56,S06,20241228
S06/20241228/00044,6,P103416,3,73.27,SALE,28-12-2024 15:52:56,S06,20241228
S06/20241228/00044,7,TAX,1,260.53,TAX,28-12-2024 15:52:56,S06,20241228
S06/20241228/00044,8,TENDER,1,8907.66,TENDER,28-12-2024 15:52:56,S06,20241228
S06/20241228/00045,1,P104168,2,512.27,SALE,28-12-2024 10:55:07,S06,20241228
S06/20241228/00045,2,P101874,4,21.48,SALE,28-12-2024 10:55:07,S06,20241228
S06/20241228/00045,3,P107705,2,763.24,SALE,28-12-2024 10:55:07,S06,20241228
S06/20241228/00045,4,P106169,2,221.89,SALE,28-12-2024 10:55:07,S06,20241228
S06/20241228/00045,5,TAX,1,314.29,TAX,28-12-2024 10:55:07,S06,20241228
S06/20241228/00045,6,TENDER,1,3395.01,TENDER,28-12-2024 10:55:07,S06,20241228
S06/20241228/00046,1,P107740,1,1366.88,SALE,28-12-2024 17:06:37,S06,20241228
S06/20241228/00046,2,P103896,2,203.30,SALE,28-12-2024 17:06:37,S06,20241228
S06/20241228/00046,3,P100268,4,197.00,SALE,28-12-2024 17:06:37,S06,20241228
S06/20241228/00046,4,P106671,3,90.38,SALE,28-12-2024 17:06:37,S06,20241228
S06/20241228/00046,5,P107767,2,510.38,SALE,28-12-2024 17:06:37,S06,20241228
S06/20241228/00046,6,P104270,2,1153.64,SALE,28-12-2024 17:06:37,S06,20241228
S06/20241228/00046,7,TAX,1,456.57,TAX,28-12-2024 17:06:37,S06,20241228
S06/20241228/00046,8,TENDER,1,6617.23,TENDER,28-12-2024 17:06:37,S06,20241228
S06/20241228/00047,1,P108149,2,1073.33,SALE,28-12-2024 11:24:09,S06,20241228
S06/20241228/00047,2,P104042,2,365.03,SALE,28-12-2024 11:24:09,S06,20241228
S06/20241228/00047,3,P101298,1,224.87,SALE,28-12-2024 11:24:09,S06,20241228
S06/20241228/00047,4,P101961,2,767.84,SALE,28-12-2024 11:24:09,S06,20241228
S06/20241228/00047,5,P105460,3,148.47,SALE,28-12-2024 11:24:09,S06,20241228
S06/20241228/00047,6,TAX,1,471.19,TAX,28-12-2024 11:24:09,S06,20241228
S06/20241228/00047,7,TENDER,1,5553.87,TENDER,28-12-2024 11:24:09,S06,20241228
S06/20241228/00048,1,P102096,1,982.72,SALE,28-12-2024 22:27:46,S06,20241228
S06/20241228/00048,2,P106501,1,164.07,SALE,28-12-2024 22:27:46,S06,20241228
S06/20241228/00048,3,P104933,1,560.59,SALE,28-12-2024 22:27:46,S06,20241228
S06/20241228/00048,4,P102671,1,252.00,SALE,28-12-2024 22:27:46,S06,20241228
S06/20241228/00048,5,P104266,2,431.11,SALE,28-12-2024 22:27:46,S06,20241228
S06/20241228/00048,6,TAX,1,448.92,TAX,28-12-2024 22:27:46,S06,20241228
S06/20241228/00048,7,TENDER,1,3270.52,TENDER,28-12-2024 22:27:46,S06,20241228
S06/20241228/00049,1,P101732,2,1390.76,SALE,28-12-2024 13:03:35,S06,20241228
S06/20241228/00049,2,P100463,1,290.57,SALE,28-12-2024 13:03:35,S06,20241228
S06/20241228/00049,3,P100582,4,170.67,SALE,28-12-2024 13:03:35,S06,20241228
S06/20241228/00049,4,P104212,2,426.07,SALE,28-12-2024 13:03:35,S06,20241228
S06/20241228/00049,5,P107502,1,311.85,SALE,28-12-2024 13:03:35,S06,20241228
S06/20241228/00049,6,P106934,1,1604.94,SALE,28-12-2024 13:03:35,S06,20241228
S06/20241228/00049,7,TAX,1,701.05,TAX,28-12-2024 13:03:35,S06,20241228
S06/20241228/00049,8,TENDER,1,7224.75,TENDER,28-12-2024 13:03:35,S06,20241228
S06/20241228/00050,1,P106542,1,139.24,SALE,28-12-2024 18:17:22,S06,20241228
S06/20241228/00050,2,P106035,1,86.76,SALE,28-12-2024 18:17:22,S06,20241228
S06/20241228/00050,3,P105062,1,14.84,SALE,28-12-2024 18:17:22,S06,20241228
S06/20241228/00050,4,P105021,2,1246.70,SALE,28-12-2024 18:17:22,S06,20241228
S06/20241228/00050,5,TAX,1,342.56,TAX,28-12-2024 18:17:22,S06,20241228
S06/20241228/00050,6,TENDER,1,3076.80,TENDER,28-12-2024 18:17:22,S06,20241228
S06/20241228/00051,1,P101164,2,401.86,SALE,28-12-2024 13:51:59,S06,20241228
S06/20241228/00051,2,P108046,2,101.85,SALE,28-12-2024 13:51:59,S06,20241228
S06/20241228/00051,3,P101225,1,452.38,SALE,28-12-2024 13:51:59,S06,20241228
S06/20241228/00051,4,P100519,2,365.61,SALE,28-12-2024 13:51:59,S06,20241228
S06/20241228/00051,5,P107639,5,128.49,SALE,28-12-2024 13:51:59,S06,20241228
S06/20241228/00051,6,P102593,1,92.93,SALE,28-12-2024 13:51:59,S06,20241228
S06/20241228/00051,7,TAX,1,417.19,TAX,28-12-2024 13:51:59,S06,20241228
S06/20241228/00051,8,TENDER,1,3343.59,TENDER,28-12-2024 13:51:59,S06,20241228
S06/20241228/00052,1,P104800,3,692.51,SALE,28-12-2024 19:54:53,S06,20241228
S06/20241228/00052,2,P101766,2,220.67,SALE,28-12-2024 19:54:53,S06,20241228
S06/20241228/00052,3,TAX,1,302.26,TAX,28-12-2024 19:54:53,S06,20241228
S06/20241228/00052,4,TENDER,1,2821.13,TENDER,28-12-2024 19:54:53,S06,20241228
S06/20241228/00053,1,P106200,1,119.89,SALE,28-12-2024 10:11:59,S06,20241228
S06/20241228/00053,2,P103382,3,196.46,SALE,28-12-2024 10:11:59,S06,20241228
S06/20241228/00053,3,P107362,1,75.90,SALE,28-12-2024 10:11:59,S06,20241228
S06/20241228/00053,4,P108082,1,236.40,SALE,28-12-2024 10:11:59,S06,20241228
S06/20241228/00053,5,P101225,1,452.38,SALE,28-12-2024 10:11:59,S06,20241228
S06/20241228/00053,6,P103908,1,104.62,SALE,28-12-2024 10:11:59,S06,20241228
S06/20241228/00053,7,TAX,1,166.91,TAX,28-12-2024 10:11:59,S06,20241228
S06/20241228/00053,8,TENDER,1,1745.48,TENDER,28-12-2024 10:11:59,S06,20241228
S06/20241228/00054,1,P105323,1,84.67,SALE,28-12-2024 11:29:24,S06,20241228
S06/20241228/00054,2,P100308,2,328.66,SALE,28-12-2024 11:29:24,S06,20241228
S06/20241228/00054,3,P107158,5,147.89,SALE,28-12-2024 11:29:24,S06,20241228
S06/20241228/00054,4,P108216,2,69.70,SALE,28-12-2024 11:29:24,S06,20241228
S06/20241228/00054,5,P102664,4,261.47,SALE,28-12-2024 11:29:24,S06,20241228
S06/20241228/00054,6,TAX,1,411.44,TAX,28-12-2024 11:29:24,S06,20241228
S06/20241228/00054,7,TENDER,1,3078.16,TENDER,28-12-2024 11:29:24,S06,20241228
S06/20241228/00055,1,P107807,1,118.66,SALE,28-12-2024 18:00:56,S06,20241228
S06/20241228/00055,2,P105405,3,430.78,SALE,28-12-2024 18:00:56,S06,20241228
S06/20241228/00055,3,P105490,2,154.49,SALE,28-12-2024 18:00:56,S06,20241228
S06/20241228/00055,4,P102035,1,471.15,SALE,28-12-2024 18:00:56,S06,20241228
S06/20241228/00055,5,P101419,4,202.93,SALE,28-12-2024 18:00:56,S06,20241228
S06/20241228/00055,6,P108302,2,906.88,SALE,28-12-2024 18:00:56,S06,20241228
S06/20241228/00055,7,TAX,1,337.82,TAX,28-12-2024 18:00:56,S06,20241228
S06/20241228/00055,8,TENDER,1,5154.43,TENDER,28-12-2024 18:00:56,S06,20241228
S06/20241228/00056,1,P103484,4,109.59,SALE,28-12-2024 14:11:02,S06,20241228
S06/20241228/00056,2,P105468,4,1100.43,SALE,28-12-2024 14:11:02,S06,20241228
S06/20241228/00056,3,P107848,2,267.41,SALE,28-12-2024 14:11:02,S06,20241228
S06/20241228/00056,4,P103035,1,1333.74,SALE,28-12-2024 14:11:02,S06,20241228
S06/20241228/00056,5,P101842,1,227.96,SALE,28-12-2024 14:11:02,S06,20241228
S06/20241228/00056,6,TAX,1,403.82,TAX,28-12-2024 14:11:02,S06,20241228
S06/20241228/00056,7,TENDER,1,7340.42,TENDER,28-12-2024 14:11:02,S06,20241228
S06/20241228/00057,1,P107826,2,136.08,SALE,28-12-2024 17:18:17,S06,20241228
S06/20241228/00057,2,P108118,2,66.05,SALE,28-12-2024 17:18:17,S06,20241228
S06/20241228/00057,3,P100033,3,828.62,SALE,28-12-2024 17:18:17,S06,20241228
S06/20241228/00057,4,P100974,4,41.35,SALE,28-12-2024 17:18:17,S06,20241228
S06/20241228/00057,5,DISC,1,-272.42,DISCOUNT,28-12-2024 17:18:17,S06,20241228
S06/20241228/00057,6,TAX,1,156.51,TAX,28-12-2024 17:18:17,S06,20241228
S06/20241228/00057,7,TENDER,1,2939.61,TENDER,28-12-2024 17:18:17,S06,20241228
S06/20241228/00058,1,P102286,5,281.91,SALE,28-12-2024 14:52:47,S06,20241228
S06/20241228/00058,2,P107217,2,293.45,SALE,28-12-2024 14:52:47,S06,20241228
S06/20241228/00058,3,TAX,1,324.15,TAX,28-12-2024 14:52:47,S06,20241228
S06/20241228/00058,4,TENDER,1,2320.60,TENDER,28-12-2024 14:52:47,S06,20241228
S06/20241228/00059,1,P101690,1,1044.81,SALE,28-12-2024 21:17:16,S06,20241228
S06/20241228/00059,2,P102811,4,199.78,SALE,28-12-2024 21:17:16,S06,20241228
S06/20241228/00059,3,P103281,1,172.43,SALE,28-12-2024 21:17:16,S06,20241228
S06/20241228/00059,4,P106697,2,342.69,SALE,28-12-2024 21:17:16,S06,20241228
S06/20241228/00059,5,DISC,1,-298.51,DISCOUNT,28-12-2024 21:17:16,S06,20241228
S06/20241228/00059,6,TAX,1,182.78,TAX,28-12-2024 21:17:16,S06,20241228
S06/20241228/00059,7,TENDER,1,2586.01,TENDER,28-12-2024 21:17:16,S06,20241228
S06/20241228/00060,1,P107605,3,1129.73,SALE,28-12-2024 15:14:02,S06,20241228
S06/20241228/00060,2,P102821,2,1314.43,SALE,28-12-2024 15:14:02,S06,20241228
S06/20241228/00060,3,P101018,2,141.83,SALE,28-12-2024 15:14:02,S06,20241228
S06/20241228/00060,4,P103701,1,1171.33,SALE,28-12-2024 15:14:02,S06,20241228
S06/20241228/00060,5,P101810,2,793.98,SALE,28-12-2024 15:14:02,S06,20241228
S06/20241228/00060,6,DISC,1,-523.80,DISCOUNT,28-12-2024 15:14:02,S06,20241228
S06/20241228/00060,7,TAX,1,617.91,TAX,28-12-2024 15:14:02,S06,20241228
S06/20241228/00060,8,TENDER,1,9155.11,TENDER,28-12-2024 15:14:02,S06,20241228
S06/20241228/00061,1,P102874,2,142.11,SALE,28-12-2024 18:24:11,S06,20241228
S06/20241228/00061,2,P102166,3,52.54,SALE,28-12-2024 18:24:11,S06,20241228
S06/20241228/00061,3,P105331,3,308.39,SALE,28-12-2024 18:24:11,S06,20241228
S06/20241228/00061,4,P105057,2,294.62,SALE,28-12-2024 18:24:11,S06,20241228
S06/20241228/00061,5,P101940,3,201.44,SALE,28-12-2024 18:24:11,S06,20241228
S06/20241228/00061,6,P100911,1,67.40,SALE,28-12-2024 18:24:11,S06,20241228
S06/20241228/00061,7,P100348,4,527.90,SALE,28-12-2024 18:24:11,S06,20241228
S06/20241228/00061,8,P102648,3,389.80,SALE,28-12-2024 18:24:11,S06,20241228
S06/20241228/00061,9,P103081,1,480.46,SALE,28-12-2024 18:24:11,S06,20241228
S06/20241228/00061,10,P107110,4,77.73,SALE,28-12-2024 18:24:11,S06,20241228
S06/20241228/00061,11,P107899,5,197.21,SALE,28-12-2024 18:24:11,S06,20241228
S06/20241228/00061,12,DISC,1,-180.24,DISCOUNT,28-12-2024 18:24:11,S06,20241228
S06/20241228/00061,13,TAX,1,760.36,TAX,28-12-2024 18:24:11,S06,20241228
S06/20241228/00061,14,TENDER,1,8266.52,TENDER,28-12-2024 18:24:11,S06,20241228
S06/20241228/00062,1,P108026,2,103.54,SALE,28-12-2024 18:51:11,S06,20241228
S06/20241228/00062,2,P100640,3,379.48,SALE,28-12-2024 18:51:11,S06,20241228
S06/20241228/00062,3,P106115,1,128.36,SALE,28-12-2024 18:51:11,S06,20241228
S06/20241228/00062,4,P106865,3,299.72,SALE,28-12-2024 18:51:11,S06,20241228
S06/20241228/00062,5,P108001,1,96.97,SALE,28-12-2024 18:51:11,S06,20241228
S06/20241228/00062,6,P100543,1,123.06,SALE,28-12-2024 18:51:11,S06,20241228
S06/20241228/00062,7,DISC,1,-297.43,DISCOUNT,28-12-2024 18:51:11,S06,20241228
S06/20241228/00062,8,TAX,1,317.68,TAX,28-12-2024 18:51:11,S06,20241228
S06/20241228/00062,9,TENDER,1,2613.32,TENDER,28-12-2024 18:51:11,S06,20241228
S06/20241228/00063,1,P106807,3,322.15,SALE,28-12-2024 21:11:25,S06,20241228
S06/20241228/00063,2,P107458,3,1239.88,SALE,28-12-2024 21:11:25,S06,20241228
S06/20241228/00063,3,P104772,3,342.57,SALE,28-12-2024 21:11:25,S06,20241228
S06/20241228/00063,4,P105672,3,69.48,SALE,28-12-2024 21:11:25,S06,20241228
S06/20241228/00063,5,P102880,2,575.53,SALE,28-12-2024 21:11:25,S06,20241228
S06/20241228/00063,6,TAX,1,416.50,TAX,28-12-2024 21:11:25,S06,20241228
S06/20241228/00063,7,TENDER,1,7489.80,TENDER,28-12-2024 21:11:25,S06,20241228
S06/20241228/00064,1,P106823,2,148.11,SALE,28-12-2024 23:08:29,S06,20241228
S06/20241228/00064,2,P103096,3,315.47,SALE,28-12-2024 23:08:29,S06,20241228
S06/20241228/00064,3,P100940,2,199.52,SALE,28-12-2024 23:08:29,S06,20241228
S06/20241228/00064,4,P105897,3,249.03,SALE,28-12-2024 23:08:29,S06,20241228
S06/20241228/00064,5,P107373,2,96.28,SALE,28-12-2024 23:08:29,S06,20241228
S06/20241228/00064,6,TAX,1,367.38,TAX,28-12-2024 23:08:29,S06,20241228
S06/20241228/00064,7,TENDER,1,2948.70,TENDER,28-12-2024 23:08:29,S06,20241228
S06/20241228/00065,1,P102788,2,920.26,SALE,28-12-2024 13:40:19,S06,20241228
S06/20241228/00065,2,P103986,1,495.05,SALE,28-12-2024 13:40:19,S06,20241228
S06/20241228/00065,3,P105901,2,80.48,SALE,28-12-2024 13:40:19,S06,20241228
S06/20241228/00065,4,P106200,1,119.89,SALE,28-12-2024 13:40:19,S06,20241228
S06/20241228/00065,5,P101899,1,358.99,SALE,28-12-2024 13:40:19,S06,20241228
S06/20241228/00065,6,P107488,4,303.21,SALE,28-12-2024 13:40:19,S06,20241228
S06/20241228/00065,7,P101911,2,1431.80,SALE,28-12-2024 13:40:19,S06,20241228
S06/20241228/00065,8,DISC,1,-281.60,DISCOUNT,28-12-2024 13:40:19,S06,20241228
S06/20241228/00065,9,TAX,1,477.89,TAX,28-12-2024 13:40:19,S06,20241228
S06/20241228/00065,10,TENDER,1,7248.14,TENDER,28-12-2024 13:40:19,S06,20241228
S06/20241228/00066,1,P102744,3,98.75,SALE,28-12-2024 11:14:41,S06,20241228
S06/20241228/00066,2,P103452,1,1033.70,SALE,28-12-2024 11:14:41,S06,20241228
S06/20241228/00066,3,P105384,2,315.25,SALE,28-12-2024 11:14:41,S06,20241228
S06/20241228/00066,4,TAX,1,142.16,TAX,28-12-2024 11:14:41,S06,20241228
S06/20241228/00066,5,TENDER,1,2102.61,TENDER,28-12-2024 11:14:41,S06,20241228
S06/20241228/00067,1,P104891,2,757.22,SALE,28-12-2024 12:14:49,S06,20241228
S06/20241228/00067,2,P105733,2,151.69,SALE,28-12-2024 12:14:49,S06,20241228
S06/20241228/00067,3,P105707,3,130.64,SALE,28-12-2024 12:14:49,S06,20241228
S06/20241228/00067,4,P100106,2,318.86,SALE,28-12-2024 12:14:49,S06,20241228
S06/20241228/00067,5,P107472,2,64.61,SALE,28-12-2024 12:14:49,S06,20241228
S06/20241228/00067,6,TAX,1,404.62,TAX,28-12-2024 12:14:49,S06,20241228
S06/20241228/00067,7,TENDER,1,3381.30,TENDER,28-12-2024 12:14:49,S06,20241228
S06/20241228/00068,1,P103249,1,521.24,SALE,28-12-2024 23:34:33,S06,20241228
S06/20241228/00068,2,P103206,1,450.05,SALE,28-12-2024 23:34:33,S06,20241228
S06/20241228/00068,3,P100156,2,1528.63,SALE,28-12-2024 23:34:33,S06,20241228
S06/20241228/00068,4,P102691,1,219.72,SALE,28-12-2024 23:34:33,S06,20241228
S06/20241228/00068,5,P103124,2,523.92,SALE,28-12-2024 23:34:33,S06,20241228
S06/20241228/00068,6,DISC,1,-358.97,DISCOUNT,28-12-2024 23:34:33,S06,20241228
S06/20241228/00068,7,TAX,1,285.88,TAX,28-12-2024 23:34:33,S06,20241228
S06/20241228/00068,8,TENDER,1,5223.02,TENDER,28-12-2024 23:34:33,S06,20241228
S06/20241228/00069,1,P101558,1,52.58,SALE,28-12-2024 15:25:52,S06,20241228
S06/20241228/00069,2,P104497,1,229.16,SALE,28-12-2024 15:25:52,S06,20241228
S06/20241228/00069,3,P105698,3,194.14,SALE,28-12-2024 15:25:52,S06,20241228
S06/20241228/00069,4,P103452,1,1033.70,SALE,28-12-2024 15:25:52,S06,20241228
S06/20241228/00069,5,P100693,1,107.22,SALE,28-12-2024 15:25:52,S06,20241228
S06/20241228/00069,6,P102263,2,116.79,SALE,28-12-2024 15:25:52,S06,20241228
S06/20241228/00069,7,P102903,2,51.46,SALE,28-12-2024 15:25:52,S06,20241228
S06/20241228/00069,8,P104478,2,18.27,SALE,28-12-2024 15:25:52,S06,20241228
S06/20241228/00069,9,P101305,2,114.22,SALE,28-12-2024 15:25:52,S06,20241228
S06/20241228/00069,10,P104902,3,516.78,SALE,28-12-2024 15:25:52,S06,20241228
S06/20241228/00069,11,TAX,1,570.06,TAX,28-12-2024 15:25:52,S06,20241228
S06/20241228/00069,12,TENDER,1,4726.96,TENDER,28-12-2024 15:25:52,S06,20241228
S06/20241228/00070,1,P101384,5,42.99,SALE,28-12-2024 12:29:23,S06,20241228
S06/20241228/00070,2,TAX,1,10.75,TAX,28-12-2024 12:29:23,S06,20241228
S06/20241228/00070,3,TENDER,1,225.70,TENDER,28-12-2024 12:29:23,S06,20241228
S06/20241228/00071,1,P108162,2,257.55,SALE,28-12-2024 08:32:06,S06,20241228
S06/20241228/00071,2,P100066,3,251.22,SALE,28-12-2024 08:32:06,S06,20241228
S06/20241228/00071,3,TAX,1,161.41,TAX,28-12-2024 08:32:06,S06,20241228
S06/20241228/00071,4,TENDER,1,1430.17,TENDER,28-12-2024 08:32:06,S06,20241228
S06/20241228/00072,1,P105789,3,42.75,SALE,28-12-2024 14:35:58,S06,20241228
S06/20241228/00072,2,P103337,2,94.03,SALE,28-12-2024 14:35:58,S06,20241228
S06/20241228/00072,3,P107178,2,298.69,SALE,28-12-2024 14:35:58,S06,20241228
S06/20241228/00072,4,P106067,2,444.09,SALE,28-12-2024 14:35:58,S06,20241228
S06/20241228/00072,5,P100112,1,95.15,SALE,28-12-2024 14:35:58,S06,20241228
S06/20241228/00072,6,P107047,2,413.27,SALE,28-12-2024 14:35:58,S06,20241228
S06/20241228/00072,7,P100268,2,197.00,SALE,28-12-2024 14:35:58,S06,20241228
S06/20241228/00072,8,TAX,1,284.59,TAX,28-12-2024 14:35:58,S06,20241228
S06/20241228/00072,9,TENDER,1,3402.15,TENDER,28-12-2024 14:35:58,S06,20241228
S06/20241228/00073,1,P106751,1,134.60,SALE,28-12-2024 16:42:28,S06,20241228
S06/20241228/00073,2,P100999,5,171.06,SALE,28-12-2024 16:42:28,S06,20241228
S06/20241228/00073,3,P104628,2,196.55,SALE,28-12-2024 16:42:28,S06,20241228
S06/20241228/00073,4,P103843,3,660.15,SALE,28-12-2024 16:42:28,S06,20241228
S06/20241228/00073,5,P105400,2,53.13,SALE,28-12-2024 16:42:28,S06,20241228
S06/20241228/00073,6,TAX,1,453.10,TAX,28-12-2024 16:42:28,S06,20241228
S06/20241228/00073,7,TENDER,1,3922.81,TENDER,28-12-2024 16:42:28,S06,20241228
S06/20241228/00074,1,P105944,2,985.47,SALE,28-12-2024 16:03:18,S06,20241228
S06/20241228/00074,2,P107292,4,372.98,SALE,28-12-2024 16:03:18,S06,20241228
S06/20241228/00074,3,P102054,2,142.99,SALE,28-12-2024 16:03:18,S06,20241228
S06/20241228/00074,4,P102181,3,1615.15,SALE,28-12-2024 16:03:18,S06,20241228
S06/20241228/00074,5,TAX,1,429.84,TAX,28-12-2024 16:03:18,S06,20241228
S06/20241228/00074,6,TENDER,1,9024.13,TENDER,28-12-2024 16:03:18,S06,20241228
S06/20241228/00075,1,P101648,2,334.22,SALE,28-12-2024 15:06:11,S06,20241228
S06/20241228/00075,2,P102074,1,415.90,SALE,28-12-2024 15:06:11,S06,20241228
S06/20241228/00075,3,P103908,2,104.62,SALE,28-12-2024 15:06:11,S06,20241228
S06/20241228/00075,4,P104956,1,141.84,SALE,28-12-2024 15:06:11,S06,20241228
S06/20241228/00075,5,TAX,1,104.86,TAX,28-12-2024 15:06:11,S06,20241228
S06/20241228/00075,6,TENDER,1,1540.28,TENDER,28-12-2024 15:06:11,S06,20241228
S06/20241228/00076,1,P101272,1,96.70,SALE,28-12-2024 18:40:16,S06,20241228
S06/20241228/00076,2,P108174,3,235.92,SALE,28-12-2024 18:40:16,S06,20241228
S06/20241228/00076,3,P106353,2,267.43,SALE,28-12-2024 18:40:16,S06,20241228
S06/20241228/00076,4,DISC,1,-50.71,DISCOUNT,28-12-2024 18:40:16,S06,20241228
S06/20241228/00076,5,TAX,1,131.33,TAX,28-12-2024 18:40:16,S06,20241228
S06/20241228/00076,6,TENDER,1,1419.94,TENDER,28-12-2024 18:40:16,S06,20241228
S06/20241228/00077,1,P105901,1,80.48,SALE,28-12-2024 21:03:16,S06,20241228
S06/20241228/00077,2,P107784,2,245.59,SALE,28-12-2024 21:03:16,S06,20241228
S06/20241228/00077,3,P103525,2,252.51,SALE,28-12-2024 21:03:16,S06,20241228
S06/20241228/00077,4,TAX,1,93.85,TAX,28-12-2024 21:03:16,S06,20241228
S06/20241228/00077,5,TENDER,1,1170.53,TENDER,28-12-2024 21:03:16,S06,20241228
S06/20241228/00078,1,P104485,4,643.04,SALE,28-12-2024 19:34:44,S06,20241228
S06/20241228/00078,2,P107385,2,811.35,SALE,28-12-2024 19:34:44,S06,20241228
S06/20241228/00078,3,P100840,1,248.08,SALE,28-12-2024 19:34:44,S06,20241228
S06/20241228/00078,4,P107182,2,112.81,SALE,28-12-2024 19:34:44,S06,20241228
S06/20241228/00078,5,TAX,1,475.06,TAX,28-12-2024 19:34:44,S06,20241228
S06/20241228/00078,6,TENDER,1,5143.62,TENDER,28-12-2024 19:34:44,S06,20241228
S06/20241228/00079,1,P104554,1,437.01,SALE,28-12-2024 21:47:04,S06,20241228
S06/20241228/00079,2,P105570,2,345.21,SALE,28-12-2024 21:47:04,S06,20241228
S06/20241228/00079,3,TAX,1,86.96,TAX,28-12-2024 21:47:04,S06,20241228
S06/20241228/00079,4,TENDER,1,1214.39,TENDER,28-12-2024 21:47:04,S06,20241228
S06/20241228/00080,1,P106669,2,102.72,SALE,28-12-2024 19:46:02,S06,20241228
S06/20241228/00080,2,P106584,3,247.63,SALE,28-12-2024 19:46:02,S06,20241228
S06/20241228/00080,3,P103188,3,30.16,SALE,28-12-2024 19:46:02,S06,20241228
S06/20241228/00080,4,P103530,2,427.69,SALE,28-12-2024 19:46:02,S06,20241228
S06/20241228/00080,5,P100985,2,327.15,SALE,28-12-2024 19:46:02,S06,20241228
S06/20241228/00080,6,P101592,3,295.58,SALE,28-12-2024 19:46:02,S06,20241228
S06/20241228/00080,7,TAX,1,457.91,TAX,28-12-2024 19:46:02,S06,20241228
S06/20241228/00080,8,TENDER,1,3893.14,TENDER,28-12-2024 19:46:02,S06,20241228
S06/20241228/00081,1,P103922,1,51.00,SALE,28-12-2024 19:18:26,S06,20241228
S06/20241228/00081,2,P102656,2,194.33,SALE,28-12-2024 19:18:26,S06,20241228
S06/20241228/00081,3,P106200,1,119.89,SALE,28-12-2024 19:18:26,S06,20241228
S06/20241228/00081,4,P107327,2,1138.42,SALE,28-12-2024 19:18:26,S06,20241228
S06/20241228/00081,5,P100899,2,131.46,SALE,28-12-2024 19:18:26,S06,20241228
S06/20241228/00081,6,P105797,2,254.07,SALE,28-12-2024 19:18:26,S06,20241228
S06/20241228/00081,7,P102021,3,90.22,SALE,28-12-2024 19:18:26,S06,20241228
S06/20241228/00081,8,TAX,1,166.94,TAX,28-12-2024 19:18:26,S06,20241228
S06/20241228/00081,9,TENDER,1,4045.05,TENDER,28-12-2024 19:18:26,S06,20241228
S06/20241228/00082,1,P101933,1,1344.63,SALE,28-12-2024 13:04:46,S06,20241228
S06/20241228/00082,2,P103438,2,187.96,SALE,28-12-2024 13:04:46,S06,20241228
S06/20241228/00082,3,P106084,1,592.14,SALE,28-12-2024 13:04:46,S06,20241228
S06/20241228/00082,4,P105929,4,11.18,SALE,28-12-2024 13:04:46,S06,20241228
S06/20241228/00082,5,P107859,3,136.84,SALE,28-12-2024 13:04:46,S06,20241228
S06/20241228/00082,6,P106671,3,90.38,SALE,28-12-2024 13:04:46,S06,20241228
S06/20241228/00082,7,P105069,2,168.30,SALE,28-12-2024 13:04:46,S06,20241228
S06/20241228/00082,8,P102114,3,134.74,SALE,28-12-2024 13:04:46,S06,20241228
S06/20241228/00082,9,P102280,1,644.81,SALE,28-12-2024 13:04:46,S06,20241228
S06/20241228/00082,10,TAX,1,448.76,TAX,28-12-2024 13:04:46,S06,20241228
S06/20241228/00082,11,TENDER,1,4873.46,TENDER,28-12-2024 13:04:46,S06,20241228
S06/20241228/00083,1,P100511,2,442.66,SALE,28-12-2024 17:43:35,S06,20241228
S06/20241228/00083,2,P101421,2,119.60,SALE,28-12-2024 17:43:35,S06,20241228
S06/20241228/00083,3,P104187,1,86.95,SALE,28-12-2024 17:43:35,S06,20241228
S06/20241228/00083,4,P102531,1,160.54,SALE,28-12-2024 17:43:35,S06,20241228
S06/20241228/00083,5,P100991,2,173.46,SALE,28-12-2024 17:43:35,S06,20241228
S06/20241228/00083,6,P102982,2,255.95,SALE,28-12-2024 17:43:35,S06,20241228
S06/20241228/00083,7,P107903,4,22.86,SALE,28-12-2024 17:43:35,S06,20241228
S06/20241228/00083,8,TAX,1,298.85,TAX,28-12-2024 17:43:35,S06,20241228
S06/20241228/00083,9,TENDER,1,2621.12,TENDER,28-12-2024 17:43:35,S06,20241228
S06/20241228/00084,1,P100375,1,163.45,SALE,28-12-2024 12:46:50,S06,20241228
S06/20241228/00084,2,P106679,1,181.66,SALE,28-12-2024 12:46:50,S06,20241228
S06/20241228/00084,3,P105394,2,327.72,SALE,28-12-2024 12:46:50,S06,20241228
S06/20241228/00084,4,P104454,2,49.63,SALE,28-12-2024 12:46:50,S06,20241228
S06/20241228/00084,5,P100140,1,58.05,SALE,28-12-2024 12:46:50,S06,20241228
S06/20241228/00084,6,P101419,3,202.93,SALE,28-12-2024 12:46:50,S06,20241228
S06/20241228/00084,7,P101389,4,430.39,SALE,28-12-2024 12:46:50,S06,20241228
S06/20241228/00084,8,TAX,1,524.50,TAX,28-12-2024 12:46:50,S06,20241228
S06/20241228/00084,9,TENDER,1,4012.71,TENDER,28-12-2024 12:46:50,S06,20241228
S06/20241228/00085,1,P102626,2,416.91,SALE,28-12-2024 13:58:44,S06,20241228
S06/20241228/00085,2,P103068,1,153.43,SALE,28-12-2024 13:58:44,S06,20241228
S06/20241228/00085,3,P104718,1,364.54,SALE,28-12-2024 13:58:44,S06,20241228
S06/20241228/00085,4,P102397,5,355.28,SALE,28-12-2024 13:58:44,S06,20241228
S06/20241228/00085,5,DISC,1,-344.67,DISCOUNT,28-12-2024 13:58:44,S06,20241228
S06/20241228/00085,6,TAX,1,324.47,TAX,28-12-2024 13:58:44,S06,20241228
S06/20241228/00085,7,TENDER,1,3107.99,TENDER,28-12-2024 13:58:44,S06,20241228
S06/20241228/00086,1,P100761,2,51.26,SALE,28-12-2024 16:47:15,S06,20241228
S06/20241228/00086,2,P106697,3,342.69,SALE,28-12-2024 16:47:15,S06,20241228
S06/20241228/00086,3,TAX,1,128.49,TAX,28-12-2024 16:47:15,S06,20241228
S06/20241228/00086,4,TENDER,1,1259.08,TENDER,28-12-2024 16:47:15,S06,20241228
S06/20241228/00087,1,P101949,4,857.51,SALE,28-12-2024 19:57:42,S06,20241228
S06/20241228/00087,2,P102738,1,236.55,SALE,28-12-2024 19:57:42,S06,20241228
S06/20241228/00087,3,P107914,1,244.98,SALE,28-12-2024 19:57:42,S06,20241228
S06/20241228/00087,4,P102353,2,139.83,SALE,28-12-2024 19:57:42,S06,20241228
S06/20241228/00087,5,P106388,2,1120.55,SALE,28-12-2024 19:57:42,S06,20241228
S06/20241228/00087,6,DISC,1,-263.53,DISCOUNT,28-12-2024 19:57:42,S06,20241228
S06/20241228/00087,7,TAX,1,247.40,TAX,28-12-2024 19:57:42,S06,20241228
S06/20241228/00087,8,TENDER,1,6416.20,TENDER,28-12-2024 19:57:42,S06,20241228
S06/20241228/00088,1,P101732,2,1390.76,SALE,28-12-2024 18:14:58,S06,20241228
S06/20241228/00088,2,P105860,1,674.13,SALE,28-12-2024 18:14:58,S06,20241228
S06/20241228/00088,3,P106620,1,273.19,SALE,28-12-2024 18:14:58,S06,20241228
S06/20241228/00088,4,P102616,1,82.31,SALE,28-12-2024 18:14:58,S06,20241228
S06/20241228/00088,5,P104718,2,364.54,SALE,28-12-2024 18:14:58,S06,20241228
S06/20241228/00088,6,P105453,2,493.09,SALE,28-12-2024 18:14:58,S06,20241228
S06/20241228/00088,7,TAX,1,680.09,TAX,28-12-2024 18:14:58,S06,20241228
S06/20241228/00088,8,TENDER,1,6206.50,TENDER,28-12-2024 18:14:58,S06,20241228
S06/20241228/00089,1,P106975,1,143.78,SALE,28-12-2024 13:57:54,S06,20241228
S06/20241228/00089,2,TAX,1,25.88,TAX,28-12-2024 13:57:54,S06,20241228
S06/20241228/00089,3,TENDER,1,169.66,TENDER,28-12-2024 13:57:54,S06,20241228
S06/20241228/00090,1,P104579,1,67.48,SALE,28-12-2024 16:29:50,S06,20241228
S06/20241228/00090,2,P104149,1,88.07,SALE,28-12-2024 16:29:50,S06,20241228
S06/20241228/00090,3,P106191,1,1230.97,SALE,28-12-2024 16:29:50,S06,20241228
S06/20241228/00090,4,P105775,2,104.41,SALE,28-12-2024 16:29:50,S06,20241228
S06/20241228/00090,5,P105030,3,224.07,SALE,28-12-2024 16:29:50,S06,20241228
S06/20241228/00090,6,P106015,3,148.43,SALE,28-12-2024 16:29:50,S06,20241228
S06/20241228/00090,7,TAX,1,178.84,TAX,28-12-2024 16:29:50,S06,20241228
S06/20241228/00090,8,TENDER,1,2891.68,TENDER,28-12-2024 16:29:50,S06,20241228
S06/20241228/00091,1,P105345,4,335.85,SALE,28-12-2024 15:55:32,S06,20241228
S06/20241228/00091,2,P107495,1,448.19,SALE,28-12-2024 15:55:32,S06,20241228
S06/20241228/00091,3,P107089,5,208.86,SALE,28-12-2024 15:55:32,S06,20241228
S06/20241228/00091,4,P101702,1,491.39,SALE,28-12-2024 15:55:32,S06,20241228
S06/20241228/00091,5,P105384,2,315.25,SALE,28-12-2024 15:55:32,S06,20241228
S06/20241228/00091,6,P103262,2,54.76,SALE,28-12-2024 15:55:32,S06,20241228
S06/20241228/00091,7,P105219,3,763.15,SALE,28-12-2024 15:55:32,S06,20241228
S06/20241228/00091,8,TAX,1,754.86,TAX,28-12-2024 15:55:32,S06,20241228
S06/20241228/00091,9,TENDER,1,7111.61,TENDER,28-12-2024 15:55:32,S06,20241228
S06/20241228/00092,1,P100198,1,162.72,SALE,28-12-2024 19:23:57,S06,20241228
S06/20241228/00092,2,P103465,1,32.05,SALE,28-12-2024 19:23:57,S06,20241228
S06/20241228/00092,3,P104139,1,249.08,SALE,28-12-2024 19:23:57,S06,20241228
S06/20241228/00092,4,P106592,1,815.90,SALE,28-12-2024 19:23:57,S06,20241228
S06/20241228/00092,5,TAX,1,54.70,TAX,28-12-2024 19:23:57,S06,20241228
S06/20241228/00092,6,TENDER,1,1314.45,TENDER,28-12-2024 19:23:57,S06,20241228
S06/20241228/00093,1,P102811,1,199.78,SALE,28-12-2024 15:57:00,S06,20241228
S06/20241228/00093,2,P101076,1,606.89,SALE,28-12-2024 15:57:00,S06,20241228
S06/20241228/00093,3,P107899,1,197.21,SALE,28-12-2024 15:57:00,S06,20241228
S06/20241228/00093,4,P105838,1,594.50,SALE,28-12-2024 15:57:00,S06,20241228
S06/20241228/00093,5,TAX,1,50.19,TAX,28-12-2024 15:57:00,S06,20241228
S06/20241228/00093,6,TENDER,1,1648.57,TENDER,28-12-2024 15:57:00,S06,20241228
S06/20241228/00094,1,P101802,2,44.15,SALE,28-12-2024 19:32:37,S06,20241228
S06/20241228/00094,2,P106234,1,79.42,SALE,28-12-2024 19:32:37,S06,20241228
S06/20241228/00094,3,TAX,1,13.95,TAX,28-12-2024 19:32:37,S06,20241228
S06/20241228/00094,4,TENDER,1,181.67,TENDER,28-12-2024 19:32:37,S06,20241228
S06/20241229/00001,1,P103978,3,347.08,SALE,29-12-2024 19:19:26,S06,20241229
S06/20241229/00001,2,P102296,2,48.88,SALE,29-12-2024 19:19:26,S06,20241229
S06/20241229/00001,3,P105923,1,245.29,SALE,29-12-2024 19:19:26,S06,20241229
S06/20241229/00001,4,P106367,1,689.27,SALE,29-12-2024 19:19:26,S06,20241229
S06/20241229/00001,5,P100682,2,337.76,SALE,29-12-2024 19:19:26,S06,20241229
S06/20241229/00001,6,P108247,1,252.59,SALE,29-12-2024 19:19:26,S06,20241229
S06/20241229/00001,7,DISC,1,-314.31,DISCOUNT,29-12-2024 19:19:26,S06,20241229
S06/20241229/00001,8,TAX,1,217.48,TAX,29-12-2024 19:19:26,S06,20241229
S06/20241229/00001,9,TENDER,1,2904.84,TENDER,29-12-2024 19:19:26,S06,20241229
S06/20241229/00002,1,P104328,2,64.22,SALE,29-12-2024 21:43:31,S06,20241229
S06/20241229/00002,2,P103309,2,59.95,SALE,29-12-2024 21:43:31,S06,20241229
S06/20241229/00002,3,P101283,1,263.48,SALE,29-12-2024 21:43:31,S06,20241229
S06/20241229/00002,4,P106830,3,103.94,SALE,29-12-2024 21:43:31,S06,20241229
S06/20241229/00002,5,TAX,1,115.97,TAX,29-12-2024 21:43:31,S06,20241229
S06/20241229/00002,6,TENDER,1,939.61,TENDER,29-12-2024 21:43:31,S06,20241229
S06/20241229/00003,1,P102835,1,101.19,SALE,29-12-2024 07:26:59,S06,20241229
S06/20241229/00003,2,P106720,3,126.28,SALE,29-12-2024 07:26:59,S06,20241229
S06/20241229/00003,3,P107028,2,56.60,SALE,29-12-2024 07:26:59,S06,20241229
S06/20241229/00003,4,P101722,1,1460.17,SALE,29-12-2024 07:26:59,S06,20241229
S06/20241229/00003,5,P100035,3,1810.38,SALE,29-12-2024 07:26:59,S06,20241229
S06/20241229/00003,6,P105497,2,70.98,SALE,29-12-2024 07:26:59,S06,20241229
S06/20241229/00003,7,TAX,1,842.49,TAX,29-12-2024 07:26:59,S06,20241229
S06/20241229/00003,8,TENDER,1,8468.99,TENDER,29-12-2024 07:26:59,S06,20241229
S06/20241229/00004,1,P104236,2,289.43,SALE,29-12-2024 14:16:34,S06,20241229
S06/20241229/00004,2,TAX,1,104.19,TAX,29-12-2024 14:16:34,S06,20241229
S06/20241229/00004,3,TENDER,1,683.05,TENDER,29-12-2024 14:16:34,S06,20241229
S06/20241229/00005,1,P101410,1,958.72,SALE,29-12-2024 12:28:53,S06,20241229
S06/20241229/00005,2,P107292,3,372.98,SALE,29-12-2024 12:28:53,S06,20241229
S06/20241229/00005,3,TAX,1,249.32,TAX,29-12-2024 12:28:53,S06,20241229
S06/20241229/00005,4,TENDER,1,2326.98,TENDER,29-12-2024 12:28:53,S06,20241229
S06/20241229/00006,1,P105468,2,1100.43,SALE,29-12-2024 18:59:31,S06,20241229
S06/20241229/00006,2,P107215,2,153.85,SALE,29-12-2024 18:59:31,S06,20241229
S06/20241229/00006,3,P103606,2,185.94,SALE,29-12-2024 18:59:31,S06,20241229
S06/20241229/00006,4,TAX,1,165.56,TAX,29-12-2024 18:59:31,S06,20241229
S06/20241229/00006,5,TENDER,1,3046.00,TENDER,29-12-2024 18:59:31,S06,20241229
S06/20241229/00007,1,P103155,4,270.20,SALE,29-12-2024 13:55:59,S06,20241229
S06/20241229/00007,2,P101393,1,36.64,SALE,29-12-2024 13:55:59,S06,20241229
S06/20241229/00007,3,P106934,2,1604.94,SALE,29-12-2024 13:55:59,S06,20241229
S06/20241229/00007,4,P100771,2,820.85,SALE,29-12-2024 13:55:59,S06,20241229
S06/20241229/00007,5,TAX,1,393.38,TAX,29-12-2024 13:55:59,S06,20241229
S06/20241229/00007,6,TENDER,1,6362.40,TENDER,29-12-2024 13:55:59,S06,20241229
S06/20241229/00008,1,P103964,1,134.21,SALE,29-12-2024 14:00:17,S06,20241229
S06/20241229/00008,2,P104628,2,196.55,SALE,29-12-2024 14:00:17,S06,20241229
S06/20241229/00008,3,P104554,2,437.01,SALE,29-12-2024 14:00:17,S06,20241229
S06/20241229/00008,4,P106639,1,485.46,SALE,29-12-2024 14:00:17,S06,20241229
S06/20241229/00008,5,P104410,3,541.11,SALE,29-12-2024 14:00:17,S06,20241229
S06/20241229/00008,6,TAX,1,532.81,TAX,29-12-2024 14:00:17,S06,20241229
S06/20241229/00008,7,TENDER,1,4042.93,TENDER,29-12-2024 14:00:17,S06,20241229
S06/20241229/00009,1,P107549,1,47.87,SALE,29-12-2024 14:43:42,S06,20241229
S06/20241229/00009,2,P103727,2,116.88,SALE,29-12-2024 14:43:42,S06,20241229
S06/20241229/00009,3,P103337,3,94.03,SALE,29-12-2024 14:43:42,S06,20241229
S06/20241229/00009,4,P105268,1,300.66,SALE,29-12-2024 14:43:42,S06,20241229
S06/20241229/00009,5,TAX,1,104.89,TAX,29-12-2024 14:43:42,S06,20241229
S06/20241229/00009,6,TENDER,1,969.27,TENDER,29-12-2024 14:43:42,S06,20241229
S06/20241229/00010,1,P101669,1,56.49,SALE,29-12-2024 18:05:18,S06,20241229
S06/20241229/00010,2,P102404,2,370.32,SALE,29-12-2024 18:05:18,S06,20241229
S06/20241229/00010,3,P104567,1,141.21,SALE,29-12-2024 18:05:18,S06,20241229
S06/20241229/00010,4,TAX,1,19.77,TAX,29-12-2024 18:05:18,S06,20241229
S06/20241229/00010,5,TENDER,1,958.11,TENDER,29-12-2024 18:05:18,S06,20241229
S06/20241229/00011,1,P101515,1,60.18,SALE,29-12-2024 13:57:25,S06,20241229
S06/20241229/00011,2,TAX,1,0.00,TAX,29-12-2024 13:57:25,S06,20241229
S06/20241229/00011,3,TENDER,1,60.18,TENDER,29-12-2024 13:57:25,S06,20241229
S06/20241229/00012,1,P100469,2,49.98,SALE,29-12-2024 15:04:16,S06,20241229
S06/20241229/00012,2,P100198,3,162.72,SALE,29-12-2024 15:04:16,S06,20241229
S06/20241229/00012,3,P101533,3,975.60,SALE,29-12-2024 15:04:16,S06,20241229
S06/20241229/00012,4,P106751,1,134.60,SALE,29-12-2024 15:04:16,S06,20241229
S06/20241229/00012,5,P103214,3,283.38,SALE,29-12-2024 15:04:16,S06,20241229
S06/20241229/00012,6,P101813,2,273.64,SALE,29-12-2024 15:04:16,S06,20241229
S06/20241229/00012,7,P105483,3,160.65,SALE,29-12-2024 15:04:16,S06,20241229
S06/20241229/00012,8,TAX,1,516.61,TAX,29-12-2024 15:04:16,S06,20241229
S06/20241229/00012,9,TENDER,1,6045.50,TENDER,29-12-2024 15:04:16,S06,20241229
S06/20241229/00013,1,P100380,3,136.58,SALE,29-12-2024 16:02:57,S06,20241229
S06/20241229/00013,2,P106254,2,1282.79,SALE,29-12-2024 16:02:57,S06,20241229
S06/20241229/00013,3,P104181,4,298.55,SALE,29-12-2024 16:02:57,S06,20241229
S06/20241229/00013,4,P104956,1,141.84,SALE,29-12-2024 16:02:57,S06,20241229
S06/20241229/00013,5,P102311,2,308.69,SALE,29-12-2024 16:02:57,S06,20241229
S06/20241229/00013,6,P102485,5,208.13,SALE,29-12-2024 16:02:57,S06,20241229
S06/20241229/00013,7,TAX,1,300.91,TAX,29-12-2024 16:02:57,S06,20241229
S06/20241229/00013,8,TENDER,1,6270.30,TENDER,29-12-2024 16:02:57,S06,20241229
S06/20241229/00014,1,P100682,2,337.76,SALE,29-12-2024 14:05:50,S06,20241229
S06/20241229/00014,2,P106566,3,251.68,SALE,29-12-2024 14:05:50,S06,20241229
S06/20241229/00014,3,P108050,1,1166.49,SALE,29-12-2024 14:05:50,S06,20241229
S06/20241229/00014,4,DISC,1,-227.26,DISCOUNT,29-12-2024 14:05:50,S06,20241229
S06/20241229/00014,5,TAX,1,251.20,TAX,29-12-2024 14:05:50,S06,20241229
S06/20241229/00014,6,TENDER,1,2620.99,TENDER,29-12-2024 14:05:50,S06,20241229
S06/20241229/00015,1,P102432,4,895.86,SALE,29-12-2024 20:31:44,S06,20241229
S06/20241229/00015,2,P100840,2,248.08,SALE,29-12-2024 20:31:44,S06,20241229
S06/20241229/00015,3,P104285,1,683.70,SALE,29-12-2024 20:31:44,S06,20241229
S06/20241229/00015,4,P103105,3,34.12,SALE,29-12-2024 20:31:44,S06,20241229
S06/20241229/00015,5,P103616,2,662.98,SALE,29-12-2024 20:31:44,S06,20241229
S06/20241229/00015,6,P100453,2,207.31,SALE,29-12-2024 20:31:44,S06,20241229
S06/20241229/00015,7,P108300,2,286.59,SALE,29-12-2024 20:31:44,S06,20241229
S06/20241229/00015,8,DISC,1,-403.46,DISCOUNT,29-12-2024 20:31:44,S06,20241229
S06/20241229/00015,9,TAX,1,746.70,TAX,29-12-2024 20:31:44,S06,20241229
S06/20241229/00015,10,TENDER,1,7522.66,TENDER,29-12-2024 20:31:44,S06,20241229
S06/20241229/00016,1,P101990,2,408.52,SALE,29-12-2024 18:50:51,S06,20241229
S06/20241229/00016,2,P100889,2,1028.39,SALE,29-12-2024 18:50:51,S06,20241229
S06/20241229/00016,3,P104361,3,1519.18,SALE,29-12-2024 18:50:51,S06,20241229
S06/20241229/00016,4,P104351,2,1128.29,SALE,29-12-2024 18:50:51,S06,20241229
S06/20241229/00016,5,P103719,1,957.52,SALE,29-12-2024 18:50:51,S06,20241229
S06/20241229/00016,6,P100904,1,68.79,SALE,29-12-2024 18:50:51,S06,20241229
S06/20241229/00016,7,TAX,1,987.90,TAX,29-12-2024 18:50:51,S06,20241229
S06/20241229/00016,8,TENDER,1,11702.15,TENDER,29-12-2024 18:50:51,S06,20241229
S06/20241229/00017,1,P107149,4,145.83,SALE,29-12-2024 17:41:49,S06,20241229
S06/20241229/00017,2,TAX,1,105.00,TAX,29-12-2024 17:41:49,S06,20241229
S06/20241229/00017,3,TENDER,1,688.32,TENDER,29-12-2024 17:41:49,S06,20241229
S06/20241229/00018,1,P101142,1,102.04,SALE,29-12-2024 17:46:32,S06,20241229
S06/20241229/00018,2,P106174,3,229.89,SALE,29-12-2024 17:46:32,S06,20241229
S06/20241229/00018,3,P103406,1,1248.48,SALE,29-12-2024 17:46:32,S06,20241229
S06/20241229/00018,4,P106191,2,1230.97,SALE,29-12-2024 17:46:32,S06,20241229
S06/20241229/00018,5,TAX,1,162.06,TAX,29-12-2024 17:46:32,S06,20241229
S06/20241229/00018,6,TENDER,1,4664.19,TENDER,29-12-2024 17:46:32,S06,20241229
S06/20241229/00019,1,P102598,3,133.17,SALE,29-12-2024 19:37:29,S06,20241229
S06/20241229/00019,2,P100203,1,272.10,SALE,29-12-2024 19:37:29,S06,20241229
S06/20241229/00019,3,P100339,1,299.99,SALE,29-12-2024 19:37:29,S06,20241229
S06/20241229/00019,4,P108082,2,236.40,SALE,29-12-2024 19:37:29,S06,20241229
S06/20241229/00019,5,P103029,2,11.28,SALE,29-12-2024 19:37:29,S06,20241229
S06/20241229/00019,6,P107884,3,29.77,SALE,29-12-2024 19:37:29,S06,20241229
S06/20241229/00019,7,TAX,1,172.84,TAX,29-12-2024 19:37:29,S06,20241229
S06/20241229/00019,8,TENDER,1,1729.11,TENDER,29-12-2024 19:37:29,S06,20241229
S06/20241229/00020,1,P102857,2,116.85,SALE,29-12-2024 17:05:37,S06,20241229
S06/20241229/00020,2,P105468,2,1100.43,SALE,29-12-2024 17:05:37,S06,20241229
S06/20241229/00020,3,P103542,2,398.89,SALE,29-12-2024 17:05:37,S06,20241229
S06/20241229/00020,4,P104501,2,413.53,SALE,29-12-2024 17:05:37,S06,20241229
S06/20241229/00020,5,P104606,2,98.45,SALE,29-12-2024 17:05:37,S06,20241229
S06/20241229/00020,6,P106865,1,299.72,SALE,29-12-2024 17:05:37,S06,20241229
S06/20241229/00020,7,P101613,3,125.30,SALE,29-12-2024 17:05:37,S06,20241229
S06/20241229/00020,8,P107859,3,136.84,SALE,29-12-2024 17:05:37,S06,20241229
S06/20241229/00020,9,P101720,2,44.26,SALE,29-12-2024 17:05:37,S06,20241229
S06/20241229/00020,10,P105651,3,108.83,SALE,29-12-2024 17:05:37,S06,20241229
S06/20241229/00020,11,P107989,1,189.72,SALE,29-12-2024 17:05:37,S06,20241229
S06/20241229/00020,12,TAX,1,510.95,TAX,29-12-2024 17:05:37,S06,20241229
S06/20241229/00020,13,TENDER,1,6458.12,TENDER,29-12-2024 17:05:37,S06,20241229
S06/20241229/00021,1,P103105,2,34.12,SALE,29-12-2024 08:58:40,S06,20241229
S06/20241229/00021,2,P101208,2,593.86,SALE,29-12-2024 08:58:40,S06,20241229
S06/20241229/00021,3,P102432,2,895.86,SALE,29-12-2024 08:58:40,S06,20241229
S06/20241229/00021,4,DISC,1,-114.31,DISCOUNT,29-12-2024 08:58:40,S06,20241229
S06/20241229/00021,5,TAX,1,218.76,TAX,29-12-2024 08:58:40,S06,20241229
S06/20241229/00021,6,TENDER,1,3152.13,TENDER,29-12-2024 08:58:40,S06,20241229
S06/20241229/00022,1,P105666,1,1064.29,SALE,29-12-2024 14:04:51,S06,20241229
S06/20241229/00022,2,P101184,2,64.09,SALE,29-12-2024 14:04:51,S06,20241229
S06/20241229/00022,3,P101894,1,668.48,SALE,29-12-2024 14:04:51,S06,20241229
S06/20241229/00022,4,P108300,2,286.59,SALE,29-12-2024 14:04:51,S06,20241229
S06/20241229/00022,5,P100967,4,969.23,SALE,29-12-2024 14:04:51,S06,20241229
S06/20241229/00022,6,P102207,2,342.36,SALE,29-12-2024 14:04:51,S06,20241229
S06/20241229/00022,7,DISC,1,-758.83,DISCOUNT,29-12-2024 14:04:51,S06,20241229
S06/20241229/00022,8,TAX,1,665.23,TAX,29-12-2024 14:04:51,S06,20241229
S06/20241229/00022,9,TENDER,1,6902.17,TENDER,29-12-2024 14:04:51,S06,20241229
S06/20241229/00023,1,P105583,3,179.43,SALE,29-12-2024 13:08:25,S06,20241229
S06/20241229/00023,2,P107984,1,357.15,SALE,29-12-2024 13:08:25,S06,20241229
S06/20241229/00023,3,P106405,1,40.51,SALE,29-12-2024 13:08:25,S06,20241229
S06/20241229/00023,4,P106563,1,469.90,SALE,29-12-2024 13:08:25,S06,20241229
S06/20241229/00023,5,P101458,1,1365.07,SALE,29-12-2024 13:08:25,S06,20241229
S06/20241229/00023,6,TAX,1,224.86,TAX,29-12-2024 13:08:25,S06,20241229
S06/20241229/00023,7,TENDER,1,2995.78,TENDER,29-12-2024 13:08:25,S06,20241229
S06/20241229/00024,1,P100112,1,95.15,SALE,29-12-2024 18:50:16,S06,20241229
S06/20241229/00024,2,P104665,5,217.71,SALE,29-12-2024 18:50:16,S06,20241229
S06/20241229/00024,3,P100933,3,276.15,SALE,29-12-2024 18:50:16,S06,20241229
S06/20241229/00024,4,P106162,4,534.57,SALE,29-12-2024 18:50:16,S06,20241229
S06/20241229/00024,5,TAX,1,296.87,TAX,29-12-2024 18:50:16,S06,20241229
S06/20241229/00024,6,TENDER,1,4447.30,TENDER,29-12-2024 18:50:16,S06,20241229
S06/20241229/00025,1,P105155,1,350.84,SALE,29-12-2024 16:01:23,S06,20241229
S06/20241229/00025,2,P102305,1,111.72,SALE,29-12-2024 16:01:23,S06,20241229
S06/20241229/00025,3,P108292,1,104.02,SALE,29-12-2024 16:01:23,S06,20241229
S06/20241229/00025,4,P106566,2,251.68,SALE,29-12-2024 16:01:23,S06,20241229
S06/20241229/00025,5,P104427,1,506.64,SALE,29-12-2024 16:01:23,S06,20241229
S06/20241229/00025,6,TAX,1,212.75,TAX,29-12-2024 16:01:23,S06,20241229
S06/20241229/00025,7,TENDER,1,1789.33,TENDER,29-12-2024 16:01:23,S06,20241229
S06/20241229/00026,1,P104175,2,814.13,SALE,29-12-2024 16:40:20,S06,20241229
S06/20241229/00026,2,P102236,1,928.51,SALE,29-12-2024 16:40:20,S06,20241229
S06/20241229/00026,3,P104811,2,108.16,SALE,29-12-2024 16:40:20,S06,20241229
S06/20241229/00026,4,TAX,1,85.36,TAX,29-12-2024 16:40:20,S06,20241229
S06/20241229/00026,5,TENDER,1,2858.45,TENDER,29-12-2024 16:40:20,S06,20241229
S06/20241229/00027,1,P100652,1,45.46,SALE,29-12-2024 15:17:17,S06,20241229
S06/20241229/00027,2,P103231,1,241.80,SALE,29-12-2024 15:17:17,S06,20241229
S06/20241229/00027,3,TAX,1,20.27,TAX,29-12-2024 15:17:17,S06,20241229
S06/20241229/00027,4,TENDER,1,307.53,TENDER,29-12-2024 15:17:17,S06,20241229
S06/20241229/00028,1,P105167,2,826.20,SALE,29-12-2024 21:08:35,S06,20241229
S06/20241229/00028,2,P103861,4,57.59,SALE,29-12-2024 21:08:35,S06,20241229
S06/20241229/00028,3,TAX,1,94.14,TAX,29-12-2024 21:08:35,S06,20241229
S06/20241229/00028,4,TENDER,1,1976.90,TENDER,29-12-2024 21:08:35,S06,20241229
S06/20241229/00029,1,P102311,2,308.69,SALE,29-12-2024 18:11:01,S06,20241229
S06/20241229/00029,2,P101578,3,44.18,SALE,29-12-2024 18:11:01,S06,20241229
S06/20241229/00029,3,P101789,1,391.48,SALE,29-12-2024 18:11:01,S06,20241229
S06/20241229/00029,4,P105313,2,51.83,SALE,29-12-2024 18:11:01,S06,20241229
S06/20241229/00029,5,P108234,3,33.09,SALE,29-12-2024 18:11:01,S06,20241229
S06/20241229/00029,6,P103871,3,220.55,SALE,29-12-2024 18:11:01,S06,20241229
S06/20241229/00029,7,TAX,1,108.02,TAX,29-12-2024 18:11:01,S06,20241229
S06/20241229/00029,8,TENDER,1,2114.00,TENDER,29-12-2024 18:11:01,S06,20241229
S06/20241229/00030,1,P107597,1,562.77,SALE,29-12-2024 20:52:42,S06,20241229
S06/20241229/00030,2,P106731,2,153.24,SALE,29-12-2024 20:52:42,S06,20241229
S06/20241229/00030,3,P101127,2,51.94,SALE,29-12-2024 20:52:42,S06,20241229
S06/20241229/00030,4,TAX,1,28.14,TAX,29-12-2024 20:52:42,S06,20241229
S06/20241229/00030,5,TENDER,1,1001.27,TENDER,29-12-2024 20:52:42,S06,20241229
S06/20241229/00031,1,P107197,3,669.72,SALE,29-12-2024 19:38:26,S06,20241229
S06/20241229/00031,2,P107320,2,231.92,SALE,29-12-2024 19:38:26,S06,20241229
S06/20241229/00031,3,P102160,2,221.62,SALE,29-12-2024 19:38:26,S06,20241229
S06/20241229/00031,4,TAX,1,470.50,TAX,29-12-2024 19:38:26,S06,20241229
S06/20241229/00031,5,TENDER,1,3386.74,TENDER,29-12-2024 19:38:26,S06,20241229
S06/20241229/00032,1,P105468,1,1100.43,SALE,29-12-2024 16:58:50,S06,20241229
S06/20241229/00032,2,P103530,2,427.69,SALE,29-12-2024 16:58:50,S06,20241229
S06/20241229/00032,3,P106920,2,1398.34,SALE,29-12-2024 16:58:50,S06,20241229
S06/20241229/00032,4,TAX,1,208.99,TAX,29-12-2024 16:58:50,S06,20241229
S06/20241229/00032,5,TENDER,1,4961.48,TENDER,29-12-2024 16:58:50,S06,20241229
S06/20241229/00033,1,P103188,2,30.16,SALE,29-12-2024 21:26:10,S06,20241229
S06/20241229/00033,2,P105313,1,51.83,SALE,29-12-2024 21:26:10,S06,20241229
S06/20241229/00033,3,P104478,2,18.27,SALE,29-12-2024 21:26:10,S06,20241229
S06/20241229/00033,4,P104107,2,479.48,SALE,29-12-2024 21:26:10,S06,20241229
S06/20241229/00033,5,P105003,2,323.64,SALE,29-12-2024 21:26:10,S06,20241229
S06/20241229/00033,6,TAX,1,306.56,TAX,29-12-2024 21:26:10,S06,20241229
S06/20241229/00033,7,TENDER,1,2061.49,TENDER,29-12-2024 21:26:10,S06,20241229
S06/20241229/00034,1,P102531,3,160.54,SALE,29-12-2024 16:21:39,S06,20241229
S06/20241229/00034,2,P103178,2,21.89,SALE,29-12-2024 16:21:39,S06,20241229
S06/20241229/00034,3,P107435,4,636.54,SALE,29-12-2024 16:21:39,S06,20241229
S06/20241229/00034,4,P102335,1,94.24,SALE,29-12-2024 16:21:39,S06,20241229
S06/20241229/00034,5,TAX,1,540.95,TAX,29-12-2024 16:21:39,S06,20241229
S06/20241229/00034,6,TENDER,1,3706.75,TENDER,29-12-2024 16:21:39,S06,20241229
S06/20241229/00035,1,P104344,3,390.44,SALE,29-12-2024 16:49:43,S06,20241229
S06/20241229/00035,2,P103904,2,1081.09,SALE,29-12-2024 16:49:43,S06,20241229
S06/20241229/00035,3,P100985,2,327.15,SALE,29-12-2024 16:49:43,S06,20241229
S06/20241229/00035,4,TAX,1,436.72,TAX,29-12-2024 16:49:43,S06,20241229
S06/20241229/00035,5,TENDER,1,4424.52,TENDER,29-12-2024 16:49:43,S06,20241229
S06/20241229/00036,1,P100421,3,121.56,SALE,29-12-2024 12:49:03,S06,20241229
S06/20241229/00036,2,P102014,3,261.84,SALE,29-12-2024 12:49:03,S06,20241229
S06/20241229/00036,3,P103449,1,381.08,SALE,29-12-2024 12:49:03,S06,20241229
S06/20241229/00036,4,P104042,2,365.03,SALE,29-12-2024 12:49:03,S06,20241229
S06/20241229/00036,5,P104320,1,162.16,SALE,29-12-2024 12:49:03,S06,20241229
S06/20241229/00036,6,P105845,3,121.94,SALE,29-12-2024 12:49:03,S06,20241229
S06/20241229/00036,7,TAX,1,313.90,TAX,29-12-2024 12:49:03,S06,20241229
S06/20241229/00036,8,TENDER,1,3103.22,TENDER,29-12-2024 12:49:03,S06,20241229
S06/20241229/00037,1,P107301,1,945.94,SALE,29-12-2024 14:58:14,S06,20241229
S06/20241229/00037,2,P101481,3,55.03,SALE,29-12-2024 14:58:14,S06,20241229
S06/20241229/00037,3,P104187,3,86.95,SALE,29-12-2024 14:58:14,S06,20241229
S06/20241229/00037,4,P106602,3,122.17,SALE,29-12-2024 14:58:14,S06,20241229
S06/20241229/00037,5,DISC,1,-153.93,DISCOUNT,29-12-2024 14:58:14,S06,20241229
S06/20241229/00037,6,TAX,1,36.11,TAX,29-12-2024 14:58:14,S06,20241229
S06/20241229/00037,7,TENDER,1,1620.57,TENDER,29-12-2024 14:58:14,S06,20241229
S06/20241229/00038,1,P103927,1,206.11,SALE,29-12-2024 21:32:03,S06,20241229
S06/20241229/00038,2,P107715,2,241.95,SALE,29-12-2024 21:32:03,S06,20241229
S06/20241229/00038,3,TAX,1,97.41,TAX,29-12-2024 21:32:03,S06,20241229
S06/20241229/00038,4,TENDER,1,787.42,TENDER,29-12-2024 21:32:03,S06,20241229
S06/20241229/00039,1,P102045,1,21.89,SALE,29-12-2024 12:37:38,S06,20241229
S06/20241229/00039,2,P105624,4,380.06,SALE,29-12-2024 12:37:38,S06,20241229
S06/20241229/00039,3,P101842,2,227.96,SALE,29-12-2024 12:37:38,S06,20241229
S06/20241229/00039,4,P102868,2,471.29,SALE,29-12-2024 12:37:38,S06,20241229
S06/20241229/00039,5,P107880,4,381.74,SALE,29-12-2024 12:37:38,S06,20241229
S06/20241229/00039,6,P100658,2,50.53,SALE,29-12-2024 12:37:38,S06,20241229
S06/20241229/00039,7,TAX,1,348.76,TAX,29-12-2024 12:37:38,S06,20241229
S06/20241229/00039,8,TENDER,1,4917.41,TENDER,29-12-2024 12:37:38,S06,20241229
S06/20241229/00040,1,P100816,1,806.93,SALE,29-12-2024 13:46:19,S06,20241229
S06/20241229/00040,2,P104986,2,221.68,SALE,29-12-2024 13:46:19,S06,20241229
S06/20241229/00040,3,P103124,3,523.92,SALE,29-12-2024 13:46:19,S06,20241229
S06/20241229/00040,4,P106330,2,218.33,SALE,29-12-2024 13:46:19,S06,20241229
S06/20241229/00040,5,P104175,2,814.13,SALE,29-12-2024 13:46:19,S06,20241229
S06/20241229/00040,6,P102006,2,1553.68,SALE,29-12-2024 13:46:19,S06,20241229
S06/20241229/00040,7,P107446,4,593.14,SALE,29-12-2024 13:46:19,S06,20241229
S06/20241229/00040,8,DISC,1,-956.14,DISCOUNT,29-12-2024 13:46:19,S06,20241229
S06/20241229/00040,9,TAX,1,876.19,TAX,29-12-2024 13:46:19,S06,20241229
S06/20241229/00040,10,TENDER,1,10286.94,TENDER,29-12-2024 13:46:19,S06,20241229
S06/20241229/00041,1,P103413,2,1352.06,SALE,29-12-2024 23:20:06,S06,20241229
S06/20241229/00041,2,P102502,3,408.64,SALE,29-12-2024 23:20:06,S06,20241229
S06/20241229/00041,3,DISC,1,-188.57,DISCOUNT,29-12-2024 23:20:06,S06,20241229
S06/20241229/00041,4,TAX,1,338.80,TAX,29-12-2024 23:20:06,S06,20241229
S06/20241229/00041,5,TENDER,1,4080.27,TENDER,29-12-2024 23:20:06,S06,20241229
S06/20241229/00042,1,P107516,2,565.20,SALE,29-12-2024 15:05:18,S06,20241229
S06/20241229/00042,2,P104487,1,388.90,SALE,29-12-2024 15:05:18,S06,20241229
S06/20241229/00042,3,P102248,2,22.39,SALE,29-12-2024 15:05:18,S06,20241229
S06/20241229/00042,4,P108313,1,455.94,SALE,29-12-2024 15:05:18,S06,20241229
S06/20241229/00042,5,P106106,2,219.14,SALE,29-12-2024 15:05:18,S06,20241229
S06/20241229/00042,6,P101272,3,96.70,SALE,29-12-2024 15:05:18,S06,20241229
S06/20241229/00042,7,TAX,1,398.25,TAX,29-12-2024 15:05:18,S06,20241229
S06/20241229/00042,8,TENDER,1,3146.65,TENDER,29-12-2024 15:05:18,S06,20241229
S06/20241229/00043,1,P107119,1,18.29,SALE,29-12-2024 17:27:20,S06,20241229
S06/20241229/00043,2,P106731,4,153.24,SALE,29-12-2024 17:27:20,S06,20241229
S06/20241229/00043,3,P106602,2,122.17,SALE,29-12-2024 17:27:20,S06,20241229
S06/20241229/00043,4,DISC,1,-95.02,DISCOUNT,29-12-2024 17:27:20,S06,20241229
S06/20241229/00043,5,TAX,1,13.83,TAX,29-12-2024 17:27:20,S06,20241229
S06/20241229/00043,6,TENDER,1,794.40,TENDER,29-12-2024 17:27:20,S06,20241229
S06/20241229/00044,1,P104593,2,867.34,SALE,29-12-2024 12:13:04,S06,20241229
S06/20241229/00044,2,P104909,1,363.10,SALE,29-12-2024 12:13:04,S06,20241229
S06/20241229/00044,3,P107623,3,468.34,SALE,29-12-2024 12:13:04,S06,20241229
S06/20241229/00044,4,P103792,2,25.06,SALE,29-12-2024 12:13:04,S06,20241229
S06/20241229/00044,5,P106158,3,507.58,SALE,29-12-2024 12:13:04,S06,20241229
S06/20241229/00044,6,P105394,1,327.72,SALE,29-12-2024 12:13:04,S06,20241229
S06/20241229/00044,7,TAX,1,598.70,TAX,29-12-2024 12:13:04,S06,20241229
S06/20241229/00044,8,TENDER,1,6002.08,TENDER,29-12-2024 12:13:04,S06,20241229
S06/20241229/00045,1,P107182,1,112.81,SALE,29-12-2024 21:14:07,S06,20241229
S06/20241229/00045,2,P105838,1,594.50,SALE,29-12-2024 21:14:07,S06,20241229
S06/20241229/00045,3,TAX,1,20.31,TAX,29-12-2024 21:14:07,S06,20241229
S06/20241229/00045,4,TENDER,1,727.62,TENDER,29-12-2024 21:14:07,S06,20241229
S06/20241229/00046,1,P105698,2,194.14,SALE,29-12-2024 13:51:44,S06,20241229
S06/20241229/00046,2,P106563,2,469.90,SALE,29-12-2024 13:51:44,S06,20241229
S06/20241229/00046,3,P108067,2,640.50,SALE,29-12-2024 13:51:44,S06,20241229
S06/20241229/00046,4,P108356,1,234.68,SALE,29-12-2024 13:51:44,S06,20241229
S06/20241229/00046,5,P103517,3,177.49,SALE,29-12-2024 13:51:44,S06,20241229
S06/20241229/00046,6,TAX,1,210.83,TAX,29-12-2024 13:51:44,S06,20241229
S06/20241229/00046,7,TENDER,1,3587.06,TENDER,29-12-2024 13:51:44,S06,20241229
S06/20241229/00047,1,P102230,3,335.28,SALE,29-12-2024 16:38:34,S06,20241229
S06/20241229/00047,2,P101864,1,112.21,SALE,29-12-2024 16:38:34,S06,20241229
S06/20241229/00047,3,P104956,1,141.84,SALE,29-12-2024 16:38:34,S06,20241229
S06/20241229/00047,4,P102814,3,543.91,SALE,29-12-2024 16:38:34,S06,20241229
S06/20241229/00047,5,TAX,1,308.37,TAX,29-12-2024 16:38:34,S06,20241229
S06/20241229/00047,6,TENDER,1,3199.99,TENDER,29-12-2024 16:38:34,S06,20241229
S06/20241229/00048,1,P100509,4,143.57,SALE,29-12-2024 12:49:27,S06,20241229
S06/20241229/00048,2,P100921,1,441.43,SALE,29-12-2024 12:49:27,S06,20241229
S06/20241229/00048,3,P104718,1,364.54,SALE,29-12-2024 12:49:27,S06,20241229
S06/20241229/00048,4,P101779,1,209.76,SALE,29-12-2024 12:49:27,S06,20241229
S06/20241229/00048,5,TAX,1,162.40,TAX,29-12-2024 12:49:27,S06,20241229
S06/20241229/00048,6,TENDER,1,1752.41,TENDER,29-12-2024 12:49:27,S06,20241229
S06/20241229/00049,1,P106221,1,31.65,SALE,29-12-2024 14:30:08,S06,20241229
S06/20241229/00049,2,P105950,1,1356.49,SALE,29-12-2024 14:30:08,S06,20241229
S06/20241229/00049,3,P104883,2,370.64,SALE,29-12-2024 14:30:08,S06,20241229
S06/20241229/00049,4,P105603,3,202.29,SALE,29-12-2024 14:30:08,S06,20241229
S06/20241229/00049,5,P102656,1,194.33,SALE,29-12-2024 14:30:08,S06,20241229
S06/20241229/00049,6,TAX,1,161.71,TAX,29-12-2024 14:30:08,S06,20241229
S06/20241229/00049,7,TENDER,1,3092.33,TENDER,29-12-2024 14:30:08,S06,20241229
S06/20241229/00050,1,P100367,2,537.90,SALE,29-12-2024 17:20:08,S06,20241229
S06/20241229/00050,2,P107414,2,565.57,SALE,29-12-2024 17:20:08,S06,20241229
S06/20241229/00050,3,P100483,3,933.37,SALE,29-12-2024 17:20:08,S06,20241229
S06/20241229/00050,4,P107733,4,56.44,SALE,29-12-2024 17:20:08,S06,20241229
S06/20241229/00050,5,TAX,1,261.49,TAX,29-12-2024 17:20:08,S06,20241229
S06/20241229/00050,6,TENDER,1,5494.30,TENDER,29-12-2024 17:20:08,S06,20241229
S06/20241229/00051,1,P101507,1,635.95,SALE,29-12-2024 17:43:45,S06,20241229
S06/20241229/00051,2,P104902,2,516.78,SALE,29-12-2024 17:43:45,S06,20241229
S06/20241229/00051,3,P105252,2,13.30,SALE,29-12-2024 17:43:45,S06,20241229
S06/20241229/00051,4,TAX,1,222.63,TAX,29-12-2024 17:43:45,S06,20241229
S06/20241229/00051,5,TENDER,1,1918.74,TENDER,29-12-2024 17:43:45,S06,20241229
S06/20241229/00052,1,P103054,1,145.96,SALE,29-12-2024 10:34:27,S06,20241229
S06/20241229/00052,2,TAX,1,0.00,TAX,29-12-2024 10:34:27,S06,20241229
S06/20241229/00052,3,TENDER,1,145.96,TENDER,29-12-2024 10:34:27,S06,20241229
S06/20241229/00053,1,P101515,2,60.18,SALE,29-12-2024 14:41:46,S06,20241229
S06/20241229/00053,2,P103081,1,480.46,SALE,29-12-2024 14:41:46,S06,20241229
S06/20241229/00053,3,P102695,2,1277.24,SALE,29-12-2024 14:41:46,S06,20241229
S06/20241229/00053,4,P101851,1,1750.29,SALE,29-12-2024 14:41:46,S06,20241229
S06/20241229/00053,5,P100354,3,182.63,SALE,29-12-2024 14:41:46,S06,20241229
S06/20241229/00053,6,P105294,1,143.55,SALE,29-12-2024 14:41:46,S06,20241229
S06/20241229/00053,7,P106844,2,23.44,SALE,29-12-2024 14:41:46,S06,20241229
S06/20241229/00053,8,TAX,1,493.04,TAX,29-12-2024 14:41:46,S06,20241229
S06/20241229/00053,9,TENDER,1,6136.95,TENDER,29-12-2024 14:41:46,S06,20241229
S06/20241229/00054,1,P106865,3,299.72,SALE,29-12-2024 09:18:35,S06,20241229
S06/20241229/00054,2,P101796,2,990.67,SALE,29-12-2024 09:18:35,S06,20241229
S06/20241229/00054,3,P105965,3,66.08,SALE,29-12-2024 09:18:35,S06,20241229
S06/20241229/00054,4,P107623,1,468.34,SALE,29-12-2024 09:18:35,S06,20241229
S06/20241229/00054,5,TAX,1,355.13,TAX,29-12-2024 09:18:35,S06,20241229
S06/20241229/00054,6,TENDER,1,3902.21,TENDER,29-12-2024 09:18:35,S06,20241229
S06/20241229/00055,1,P108097,1,93.69,SALE,29-12-2024 13:45:29,S06,20241229
S06/20241229/00055,2,P104554,1,437.01,SALE,29-12-2024 13:45:29,S06,20241229
S06/20241229/00055,3,P103050,2,569.48,SALE,29-12-2024 13:45:29,S06,20241229
S06/20241229/00055,4,TAX,1,63.68,TAX,29-12-2024 13:45:29,S06,20241229
S06/20241229/00055,5,TENDER,1,1733.34,TENDER,29-12-2024 13:45:29,S06,20241229
S06/20241229/00056,1,P105127,3,77.13,SALE,29-12-2024 20:09:51,S06,20241229
S06/20241229/00056,2,P106757,3,387.95,SALE,29-12-2024 20:09:51,S06,20241229
S06/20241229/00056,3,P104811,1,108.16,SALE,29-12-2024 20:09:51,S06,20241229
S06/20241229/00056,4,P100703,2,171.10,SALE,29-12-2024 20:09:51,S06,20241229
S06/20241229/00056,5,TAX,1,130.29,TAX,29-12-2024 20:09:51,S06,20241229
S06/20241229/00056,6,TENDER,1,1975.89,TENDER,29-12-2024 20:09:51,S06,20241229
S06/20241229/00057,1,P106900,2,179.85,SALE,29-12-2024 17:19:00,S06,20241229
S06/20241229/00057,2,TAX,1,17.99,TAX,29-12-2024 17:19:00,S06,20241229
S06/20241229/00057,3,TENDER,1,377.69,TENDER,29-12-2024 17:19:00,S06,20241229
S06/20241229/00058,1,P108397,2,286.03,SALE,29-12-2024 16:50:48,S06,20241229
S06/20241229/00058,2,P108060,3,217.09,SALE,29-12-2024 16:50:48,S06,20241229
S06/20241229/00058,3,P105337,1,35.20,SALE,29-12-2024 16:50:48,S06,20241229
S06/20241229/00058,4,DISC,1,-87.12,DISCOUNT,29-12-2024 16:50:48,S06,20241229
S06/20241229/00058,5,TAX,1,174.65,TAX,29-12-2024 16:50:48,S06,20241229
S06/20241229/00058,6,TENDER,1,1346.06,TENDER,29-12-2024 16:50:48,S06,20241229
S06/20241229/00059,1,P104802,2,213.28,SALE,29-12-2024 17:57:51,S06,20241229
S06/20241229/00059,2,P100555,2,435.03,SALE,29-12-2024 17:57:51,S06,20241229
S06/20241229/00059,3,P106900,2,179.85,SALE,29-12-2024 17:57:51,S06,20241229
S06/20241229/00059,4,DISC,1,-46.74,DISCOUNT,29-12-2024 17:57:51,S06,20241229
S06/20241229/00059,5,TAX,1,244.28,TAX,29-12-2024 17:57:51,S06,20241229
S06/20241229/00059,6,TENDER,1,1853.86,TENDER,29-12-2024 17:57:51,S06,20241229
S06/20241229/00060,1,P104358,3,1243.57,SALE,29-12-2024 20:14:32,S06,20241229
S06/20241229/00060,2,P107472,2,64.61,SALE,29-12-2024 20:14:32,S06,20241229
S06/20241229/00060,3,P104980,3,92.75,SALE,29-12-2024 20:14:32,S06,20241229
S06/20241229/00060,4,P104938,3,999.94,SALE,29-12-2024 20:14:32,S06,20241229
S06/20241229/00060,5,TAX,1,828.04,TAX,29-12-2024 20:14:32,S06,20241229
S06/20241229/00060,6,TENDER,1,7966.04,TENDER,29-12-2024 20:14:32,S06,20241229
S06/20241229/00061,1,P107542,2,172.32,SALE,29-12-2024 15:34:54,S06,20241229
S06/20241229/00061,2,P103727,1,116.88,SALE,29-12-2024 15:34:54,S06,20241229
S06/20241229/00061,3,P101142,4,102.04,SALE,29-12-2024 15:34:54,S06,20241229
S06/20241229/00061,4,P106813,1,257.87,SALE,29-12-2024 15:34:54,S06,20241229
S06/20241229/00061,5,P104107,1,479.48,SALE,29-12-2024 15:34:54,S06,20241229
S06/20241229/00061,6,P103606,2,185.94,SALE,29-12-2024 15:34:54,S06,20241229
S06/20241229/00061,7,P100005,3,114.37,SALE,29-12-2024 15:34:54,S06,20241229
S06/20241229/00061,8,TAX,1,260.61,TAX,29-12-2024 15:34:54,S06,20241229
S06/20241229/00061,9,TENDER,1,2582.63,TENDER,29-12-2024 15:34:54,S06,20241229
S06/20241229/00062,1,P102761,1,170.84,SALE,29-12-2024 12:13:08,S06,20241229
S06/20241229/00062,2,P103206,2,450.05,SALE,29-12-2024 12:13:08,S06,20241229
S06/20241229/00062,3,P104236,3,289.43,SALE,29-12-2024 12:13:08,S06,20241229
S06/20241229/00062,4,TAX,1,318.31,TAX,29-12-2024 12:13:08,S06,20241229
S06/20241229/00062,5,TENDER,1,2257.54,TENDER,29-12-2024 12:13:08,S06,20241229
S06/20241229/00063,1,P108110,1,16.57,SALE,29-12-2024 21:15:17,S06,20241229
S06/20241229/00063,2,P106813,1,257.87,SALE,29-12-2024 21:15:17,S06,20241229
S06/20241229/00063,3,P100921,2,441.43,SALE,29-12-2024 21:15:17,S06,20241229
S06/20241229/00063,4,P104844,1,553.13,SALE,29-12-2024 21:15:17,S06,20241229
S06/20241229/00063,5,TAX,1,220.50,TAX,29-12-2024 21:15:17,S06,20241229
S06/20241229/00063,6,TENDER,1,1930.93,TENDER,29-12-2024 21:15:17,S06,20241229
S06/20241229/00064,1,P101648,1,334.22,SALE,29-12-2024 16:11:11,S06,20241229
S06/20241229/00064,2,P105062,2,14.84,SALE,29-12-2024 16:11:11,S06,20241229
S06/20241229/00064,3,P104715,3,162.67,SALE,29-12-2024 16:11:11,S06,20241229
S06/20241229/00064,4,P107047,2,413.27,SALE,29-12-2024 16:11:11,S06,20241229
S06/20241229/00064,5,TAX,1,209.08,TAX,29-12-2024 16:11:11,S06,20241229
S06/20241229/00064,6,TENDER,1,1887.53,TENDER,29-12-2024 16:11:11,S06,20241229
S06/20241229/00065,1,P103757,3,159.40,SALE,29-12-2024 15:33:56,S06,20241229
S06/20241229/00065,2,P106059,4,313.87,SALE,29-12-2024 15:33:56,S06,20241229
S06/20241229/00065,3,P102833,3,680.71,SALE,29-12-2024 15:33:56,S06,20241229
S06/20241229/00065,4,P102947,1,59.21,SALE,29-12-2024 15:33:56,S06,20241229
S06/20241229/00065,5,TAX,1,352.00,TAX,29-12-2024 15:33:56,S06,20241229
S06/20241229/00065,6,TENDER,1,4187.02,TENDER,29-12-2024 15:33:56,S06,20241229
S06/20241229/00066,1,P102892,3,227.52,SALE,29-12-2024 15:43:44,S06,20241229
S06/20241229/00066,2,P106920,1,1398.34,SALE,29-12-2024 15:43:44,S06,20241229
S06/20241229/00066,3,P101127,2,51.94,SALE,29-12-2024 15:43:44,S06,20241229
S06/20241229/00066,4,P100999,4,171.06,SALE,29-12-2024 15:43:44,S06,20241229
S06/20241229/00066,5,P107190,2,223.50,SALE,29-12-2024 15:43:44,S06,20241229
S06/20241229/00066,6,P104842,1,352.80,SALE,29-12-2024 15:43:44,S06,20241229
S06/20241229/00066,7,TAX,1,245.66,TAX,29-12-2024 15:43:44,S06,20241229
S06/20241229/00066,8,TENDER,1,3914.48,TENDER,29-12-2024 15:43:44,S06,20241229
S06/20241229/00067,1,P106611,1,341.44,SALE,29-12-2024 17:55:22,S06,20241229
S06/20241229/00067,2,P107654,2,409.57,SALE,29-12-2024 17:55:22,S06,20241229
S06/20241229/00067,3,P103155,2,270.20,SALE,29-12-2024 17:55:22,S06,20241229
S06/20241229/00067,4,P103449,4,381.08,SALE,29-12-2024 17:55:22,S06,20241229
S06/20241229/00067,5,P101018,1,141.83,SALE,29-12-2024 17:55:22,S06,20241229
S06/20241229/00067,6,P102272,1,389.34,SALE,29-12-2024 17:55:22,S06,20241229
S06/20241229/00067,7,TAX,1,359.48,TAX,29-12-2024 17:55:22,S06,20241229
S06/20241229/00067,8,TENDER,1,4115.95,TENDER,29-12-2024 17:55:22,S06,20241229
S06/20241229/00068,1,P101470,2,196.94,SALE,29-12-2024 16:29:32,S06,20241229
S06/20241229/00068,2,P107984,3,357.15,SALE,29-12-2024 16:29:32,S06,20241229
S06/20241229/00068,3,P107775,4,737.39,SALE,29-12-2024 16:29:32,S06,20241229
S06/20241229/00068,4,P106382,2,81.60,SALE,29-12-2024 16:29:32,S06,20241229
S06/20241229/00068,5,P105017,1,220.46,SALE,29-12-2024 16:29:32,S06,20241229
S06/20241229/00068,6,TAX,1,380.02,TAX,29-12-2024 16:29:32,S06,20241229
S06/20241229/00068,7,TENDER,1,5178.57,TENDER,29-12-2024 16:29:32,S06,20241229
S06/20241229/00069,1,P106942,1,206.70,SALE,29-12-2024 16:39:48,S06,20241229
S06/20241229/00069,2,P102794,2,416.24,SALE,29-12-2024 16:39:48,S06,20241229
S06/20241229/00069,3,P107516,3,565.20,SALE,29-12-2024 16:39:48,S06,20241229
S06/20241229/00069,4,P108159,2,488.81,SALE,29-12-2024 16:39:48,S06,20241229
S06/20241229/00069,5,P107163,3,187.11,SALE,29-12-2024 16:39:48,S06,20241229
S06/20241229/00069,6,P104956,1,141.84,SALE,29-12-2024 16:39:48,S06,20241229
S06/20241229/00069,7,TAX,1,369.14,TAX,29-12-2024 16:39:48,S06,20241229
S06/20241229/00069,8,TENDER,1,4784.71,TENDER,29-12-2024 16:39:48,S06,20241229
S06/20241229/00070,1,P104316,2,489.63,SALE,29-12-2024 19:43:31,S06,20241229
S06/20241229/00070,2,P102671,3,252.00,SALE,29-12-2024 19:43:31,S06,20241229
S06/20241229/00070,3,P102494,3,14.54,SALE,29-12-2024 19:43:31,S06,20241229
S06/20241229/00070,4,P101470,1,196.94,SALE,29-12-2024 19:43:31,S06,20241229
S06/20241229/00070,5,P106098,3,334.84,SALE,29-12-2024 19:43:31,S06,20241229
S06/20241229/00070,6,P105971,5,1150.46,SALE,29-12-2024 19:43:31,S06,20241229
S06/20241229/00070,7,TAX,1,728.36,TAX,29-12-2024 19:43:31,S06,20241229
S06/20241229/00070,8,TENDER,1,9461.00,TENDER,29-12-2024 19:43:31,S06,20241229
S06/20241229/00071,1,P108258,2,54.62,SALE,29-12-2024 22:42:02,S06,20241229
S06/20241229/00071,2,P105815,2,320.65,SALE,29-12-2024 22:42:02,S06,20241229
S06/20241229/00071,3,P105405,2,430.78,SALE,29-12-2024 22:42:02,S06,20241229
S06/20241229/00071,4,TAX,1,139.70,TAX,29-12-2024 22:42:02,S06,20241229
S06/20241229/00071,5,TENDER,1,1751.80,TENDER,29-12-2024 22:42:02,S06,20241229
S06/20241229/00072,1,P104831,1,1516.75,SALE,29-12-2024 07:56:25,S06,20241229
S06/20241229/00072,2,P102415,1,1245.81,SALE,29-12-2024 07:56:25,S06,20241229
S06/20241229/00072,3,P102023,2,425.67,SALE,29-12-2024 07:56:25,S06,20241229
S06/20241229/00072,4,P100904,1,68.79,SALE,29-12-2024 07:56:25,S06,20241229
S06/20241229/00072,5,P102114,1,134.74,SALE,29-12-2024 07:56:25,S06,20241229
S06/20241229/00072,6,TAX,1,365.58,TAX,29-12-2024 07:56:25,S06,20241229
S06/20241229/00072,7,TENDER,1,4183.01,TENDER,29-12-2024 07:56:25,S06,20241229
S06/20241229/00073,1,P100418,-3,213.97,RETURN,29-12-2024 14:07:44,S06,20241229
S06/20241229/00073,2,P108275,-1,504.53,RETURN,29-12-2024 14:07:44,S06,20241229
S06/20241229/00073,3,P101327,-2,233.22,RETURN,29-12-2024 14:07:44,S06,20241229
S06/20241229/00073,4,P108379,-2,300.71,RETURN,29-12-2024 14:07:44,S06,20241229
S06/20241229/00073,5,TAX,1,-246.94,TAX,29-12-2024 14:07:44,S06,20241229
S06/20241229/00073,6,TENDER,1,-2461.24,TENDER,29-12-2024 14:07:44,S06,20241229
S06/20241229/00074,1,P104042,1,365.03,SALE,29-12-2024 19:51:06,S06,20241229
S06/20241229/00074,2,P108292,2,104.02,SALE,29-12-2024 19:51:06,S06,20241229
S06/20241229/00074,3,P104139,2,249.08,SALE,29-12-2024 19:51:06,S06,20241229
S06/20241229/00074,4,P102714,2,95.48,SALE,29-12-2024 19:51:06,S06,20241229
S06/20241229/00074,5,P102691,3,219.72,SALE,29-12-2024 19:51:06,S06,20241229
S06/20241229/00074,6,P103871,2,220.55,SALE,29-12-2024 19:51:06,S06,20241229
S06/20241229/00074,7,TAX,1,121.73,TAX,29-12-2024 19:51:06,S06,20241229
S06/20241229/00074,8,TENDER,1,2484.18,TENDER,29-12-2024 19:51:06,S06,20241229
S06/20241230/00001,1,P101876,5,68.16,SALE,30-12-2024 16:53:30,S06,20241230
S06/20241230/00001,2,P100771,2,820.85,SALE,30-12-2024 16:53:30,S06,20241230
S06/20241230/00001,3,P100933,2,276.15,SALE,30-12-2024 16:53:30,S06,20241230
S06/20241230/00001,4,P107385,3,811.35,SALE,30-12-2024 16:53:30,S06,20241230
S06/20241230/00001,5,P107463,3,188.92,SALE,30-12-2024 16:53:30,S06,20241230
S06/20241230/00001,6,P108356,3,234.68,SALE,30-12-2024 16:53:30,S06,20241230
S06/20241230/00001,7,P100850,3,172.84,SALE,30-12-2024 16:53:30,S06,20241230
S06/20241230/00001,8,P107933,4,1146.02,SALE,30-12-2024 16:53:30,S06,20241230
S06/20241230/00001,9,TAX,1,1233.97,TAX,30-12-2024 16:53:30,S06,20241230
S06/20241230/00001,10,TENDER,1,12576.22,TENDER,30-12-2024 16:53:30,S06,20241230
S06/20241230/00002,1,P100198,2,162.72,SALE,30-12-2024 22:49:38,S06,20241230
S06/20241230/00002,2,P101410,1,958.72,SALE,30-12-2024 22:49:38,S06,20241230
S06/20241230/00002,3,P106783,1,94.23,SALE,30-12-2024 22:49:38,S06,20241230
S06/20241230/00002,4,P102023,1,425.67,SALE,30-12-2024 22:49:38,S06,20241230
S06/20241230/00002,5,TAX,1,199.36,TAX,30-12-2024 22:49:38,S06,20241230
S06/20241230/00002,6,TENDER,1,2003.42,TENDER,30-12-2024 22:49:38,S06,20241230
S06/20241230/00003,1,P100140,4,58.05,SALE,30-12-2024 16:32:17,S06,20241230
S06/20241230/00003,2,P107705,2,763.24,SALE,30-12-2024 16:32:17,S06,20241230
S06/20241230/00003,3,P106035,2,86.76,SALE,30-12-2024 16:32:17,S06,20241230
S06/20241230/00003,4,P101876,2,68.16,SALE,30-12-2024 16:32:17,S06,20241230
S06/20241230/00003,5,TAX,1,263.02,TAX,30-12-2024 16:32:17,S06,20241230
S06/20241230/00003,6,TENDER,1,2331.54,TENDER,30-12-2024 16:32:17,S06,20241230
S06/20241230/00004,1,P104026,1,152.97,SALE,30-12-2024 12:01:03,S06,20241230
S06/20241230/00004,2,P104358,2,1243.57,SALE,30-12-2024 12:01:03,S06,20241230
S06/20241230/00004,3,P102755,5,75.17,SALE,30-12-2024 12:01:03,S06,20241230
S06/20241230/00004,4,P102640,1,270.61,SALE,30-12-2024 12:01:03,S06,20241230
S06/20241230/00004,5,P101968,3,12.46,SALE,30-12-2024 12:01:03,S06,20241230
S06/20241230/00004,6,TAX,1,380.34,TAX,30-12-2024 12:01:03,S06,20241230
S06/20241230/00004,7,TENDER,1,3704.29,TENDER,30-12-2024 12:01:03,S06,20241230
S06/20241230/00005,1,P108186,3,324.50,SALE,30-12-2024 19:51:30,S06,20241230
S06/20241230/00005,2,P107623,1,468.34,SALE,30-12-2024 19:51:30,S06,20241230
S06/20241230/00005,3,P102409,1,326.59,SALE,30-12-2024 19:51:30,S06,20241230
S06/20241230/00005,4,DISC,1,-207.66,DISCOUNT,30-12-2024 19:51:30,S06,20241230
S06/20241230/00005,5,TAX,1,229.39,TAX,30-12-2024 19:51:30,S06,20241230
S06/20241230/00005,6,TENDER,1,1790.16,TENDER,30-12-2024 19:51:30,S06,20241230
S06/20241230/00006,1,P101327,3,233.22,SALE,30-12-2024 17:01:26,S06,20241230
S06/20241230/00006,2,P102502,3,408.64,SALE,30-12-2024 17:01:26,S06,20241230
S06/20241230/00006,3,P102913,2,375.37,SALE,30-12-2024 17:01:26,S06,20241230
S06/20241230/00006,4,P105651,1,108.83,SALE,30-12-2024 17:01:26,S06,20241230
S06/20241230/00006,5,P106093,3,315.93,SALE,30-12-2024 17:01:26,S06,20241230
S06/20241230/00006,6,TAX,1,570.02,TAX,30-12-2024 17:01:26,S06,20241230
S06/20241230/00006,7,TENDER,1,4302.96,TENDER,30-12-2024 17:01:26,S06,20241230
S06/20241230/00007,1,P101359,3,49.69,SALE,30-12-2024 23:06:06,S06,20241230
S06/20241230/00007,2,P106659,2,106.86,SALE,30-12-2024 23:06:06,S06,20241230
S06/20241230/00007,3,P100276,2,965.56,SALE,30-12-2024 23:06:06,S06,20241230
S06/20241230/00007,4,P108275,1,504.53,SALE,30-12-2024 23:06:06,S06,20241230
S06/20241230/00007,5,P105236,4,552.60,SALE,30-12-2024 23:06:06,S06,20241230
S06/20241230/00007,6,TAX,1,505.10,TAX,30-12-2024 23:06:06,S06,20241230
S06/20241230/00007,7,TENDER,1,5513.94,TENDER,30-12-2024 23:06:06,S06,20241230
S06/20241230/00008,1,P108313,1,455.94,SALE,30-12-2024 18:14:50,S06,20241230
S06/20241230/00008,2,P106802,2,739.16,SALE,30-12-2024 18:14:50,S06,20241230
S06/20241230/00008,3,P101810,3,793.98,SALE,30-12-2024 18:14:50,S06,20241230
S06/20241230/00008,4,P100791,1,46.20,SALE,30-12-2024 18:14:50,S06,20241230
S06/20241230/00008,5,DISC,1,-306.39,DISCOUNT,30-12-2024 18:14:50,S06,20241230
S06/20241230/00008,6,TAX,1,387.50,TAX,30-12-2024 18:14:50,S06,20241230
S06/20241230/00008,7,TENDER,1,4443.51,TENDER,30-12-2024 18:14:50,S06,20241230
S06/20241230/00009,1,P101242,1,92.35,SALE,30-12-2024 20:41:12,S06,20241230
S06/20241230/00009,2,P101592,1,295.58,SALE,30-12-2024 20:41:12,S06,20241230
S06/20241230/00009,3,P102103,1,400.89,SALE,30-12-2024 20:41:12,S06,20241230
S06/20241230/00009,4,P105740,2,103.24,SALE,30-12-2024 20:41:12,S06,20241230
S06/20241230/00009,5,P100781,2,654.99,SALE,30-12-2024 20:41:12,S06,20241230
S06/20241230/00009,6,P102129,1,241.90,SALE,30-12-2024 20:41:12,S06,20241230
S06/20241230/00009,7,TAX,1,427.05,TAX,30-12-2024 20:41:12,S06,20241230
S06/20241230/00009,8,TENDER,1,2974.23,TENDER,30-12-2024 20:41:12,S06,20241230
S06/20241230/00010,1,P107759,1,257.69,SALE,30-12-2024 18:59:21,S06,20241230
S06/20241230/00010,2,P106577,1,52.98,SALE,30-12-2024 18:59:21,S06,20241230
S06/20241230/00010,3,P106907,1,321.26,SALE,30-12-2024 18:59:21,S06,20241230
S06/20241230/00010,4,P108326,2,472.80,SALE,30-12-2024 18:59:21,S06,20241230
S06/20241230/00010,5,P107400,2,273.33,SALE,30-12-2024 18:59:21,S06,20241230
S06/20241230/00010,6,TAX,1,214.52,TAX,30-12-2024 18:59:21,S06,20241230
S06/20241230/00010,7,TENDER,1,2338.71,TENDER,30-12-2024 18:59:21,S06,20241230
S06/20241230/00011,1,P105860,1,674.13,SALE,30-12-2024 13:08:45,S06,20241230
S06/20241230/00011,2,P104625,1,296.80,SALE,30-12-2024 13:08:45,S06,20241230
S06/20241230/00011,3,P103517,1,177.49,SALE,30-12-2024 13:08:45,S06,20241230
S06/20241230/00011,4,P104725,1,551.38,SALE,30-12-2024 13:08:45,S06,20241230
S06/20241230/00011,5,P103950,2,1283.54,SALE,30-12-2024 13:08:45,S06,20241230
S06/20241230/00011,6,P103012,1,240.75,SALE,30-12-2024 13:08:45,S06,20241230
S06/20241230/00011,7,TAX,1,290.20,TAX,30-12-2024 13:08:45,S06,20241230
S06/20241230/00011,8,TENDER,1,4797.83,TENDER,30-12-2024 13:08:45,S06,20241230
S06/20241230/00012,1,P107308,1,226.19,SALE,30-12-2024 14:59:54,S06,20241230
S06/20241230/00012,2,P102021,3,90.22,SALE,30-12-2024 14:59:54,S06,20241230
S06/20241230/00012,3,P105017,3,220.46,SALE,30-12-2024 14:59:54,S06,20241230
S06/20241230/00012,4,P106955,1,204.37,SALE,30-12-2024 14:59:54,S06,20241230
S06/20241230/00012,5,P101018,3,141.83,SALE,30-12-2024 14:59:54,S06,20241230
S06/20241230/00012,6,P100298,2,53.95,SALE,30-12-2024 14:59:54,S06,20241230
S06/20241230/00012,7,P101048,1,219.90,SALE,30-12-2024 14:59:54,S06,20241230
S06/20241230/00012,8,P103012,2,228.71,SALE,30-12-2024 14:59:54,S06,20241230
S06/20241230/00012,9,TAX,1,273.74,TAX,30-12-2024 14:59:54,S06,20241230
S06/20241230/00012,10,TENDER,1,2847.05,TENDER,30-12-2024 14:59:54,S06,20241230
S06/20241230/00013,1,P100703,1,171.10,SALE,30-12-2024 21:22:18,S06,20241230
S06/20241230/00013,2,P103629,3,60.58,SALE,30-12-2024 21:22:18,S06,20241230
S06/20241230/00013,3,P104277,1,128.39,SALE,30-12-2024 21:22:18,S06,20241230
S06/20241230/00013,4,TAX,1,68.65,TAX,30-12-2024 21:22:18,S06,20241230
S06/20241230/00013,5,TENDER,1,549.88,TENDER,30-12-2024 21:22:18,S06,20241230
S06/20241230/00014,1,P104842,1,352.80,SALE,30-12-2024 16:39:22,S06,20241230
S06/20241230/00014,2,P107278,2,55.18,SALE,30-12-2024 16:39:22,S06,20241230
S06/20241230/00014,3,P102640,4,270.61,SALE,30-12-2024 16:39:22,S06,20241230
S06/20241230/00014,4,TAX,1,250.42,TAX,30-12-2024 16:39:22,S06,20241230
S06/20241230/00014,5,TENDER,1,1796.02,TENDER,30-12-2024 16:39:22,S06,20241230
S06/20241230/00015,1,P108101,4,1603.81,SALE,30-12-2024 09:28:34,S06,20241230
S06/20241230/00015,2,P103262,1,50.38,SALE,30-12-2024 09:28:34,S06,20241230
S06/20241230/00015,3,P103118,1,47.89,SALE,30-12-2024 09:28:34,S06,20241230
S06/20241230/00015,4,P104042,1,365.03,SALE,30-12-2024 09:28:34,S06,20241230
S06/20241230/00015,5,P107458,1,1239.88,SALE,30-12-2024 09:28:34,S06,20241230
S06/20241230/00015,6,P101603,2,965.71,SALE,30-12-2024 09:28:34,S06,20241230
S06/20241230/00015,7,TAX,1,1050.32,TAX,30-12-2024 09:28:34,S06,20241230
S06/20241230/00015,8,TENDER,1,11100.16,TENDER,30-12-2024 09:28:34,S06,20241230
S06/20241230/00016,1,P106659,1,106.86,SALE,30-12-2024 16:15:31,S06,20241230
S06/20241230/00016,2,P104950,1,91.01,SALE,30-12-2024 16:15:31,S06,20241230
S06/20241230/00016,3,P101321,2,24.76,SALE,30-12-2024 16:15:31,S06,20241230
S06/20241230/00016,4,P101766,1,220.67,SALE,30-12-2024 16:15:31,S06,20241230
S06/20241230/00016,5,P107676,1,213.04,SALE,30-12-2024 16:15:31,S06,20241230
S06/20241230/00016,6,TAX,1,75.25,TAX,30-12-2024 16:15:31,S06,20241230
S06/20241230/00016,7,TENDER,1,756.35,TENDER,30-12-2024 16:15:31,S06,20241230
S06/20241230/00017,1,P108046,2,101.85,SALE,30-12-2024 19:53:42,S06,20241230
S06/20241230/00017,2,P100621,2,134.28,SALE,30-12-2024 19:53:42,S06,20241230
S06/20241230/00017,3,P102516,3,1272.67,SALE,30-12-2024 19:53:42,S06,20241230
S06/20241230/00017,4,TAX,1,275.91,TAX,30-12-2024 19:53:42,S06,20241230
S06/20241230/00017,5,TENDER,1,4566.18,TENDER,30-12-2024 19:53:42,S06,20241230
S06/20241230/00018,1,P102534,2,98.12,SALE,30-12-2024 14:08:53,S06,20241230
S06/20241230/00018,2,P103124,2,523.92,SALE,30-12-2024 14:08:53,S06,20241230
S06/20241230/00018,3,P106669,2,102.72,SALE,30-12-2024 14:08:53,S06,20241230
S06/20241230/00018,4,P102389,1,84.91,SALE,30-12-2024 14:08:53,S06,20241230
S06/20241230/00018,5,TAX,1,249.49,TAX,30-12-2024 14:08:53,S06,20241230
S06/20241230/00018,6,TENDER,1,1783.92,TENDER,30-12-2024 14:08:53,S06,20241230
S06/20241230/00019,1,P107740,-1,1366.88,RETURN,30-12-2024 14:53:35,S06,20241230
S06/20241230/00019,2,P101961,-3,767.84,RETURN,30-12-2024 14:53:35,S06,20241230
S06/20241230/00019,3,P102922,-3,120.15,RETURN,30-12-2024 14:53:35,S06,20241230
S06/20241230/00019,4,P104294,-2,115.73,RETURN,30-12-2024 14:53:35,S06,20241230
S06/20241230/00019,5,P104700,-5,1425.82,RETURN,30-12-2024 14:53:35,S06,20241230
S06/20241230/00019,6,P102175,-2,191.56,RETURN,30-12-2024 14:53:35,S06,20241230
S06/20241230/00019,7,P105583,-2,179.43,RETURN,30-12-2024 14:53:35,S06,20241230
S06/20241230/00019,8,TAX,1,-735.91,TAX,30-12-2024 14:53:35,S06,20241230
S06/20241230/00019,9,TENDER,1,-12869.30,TENDER,30-12-2024 14:53:35,S06,20241230
S06/20241230/00020,1,P100308,4,328.66,SALE,30-12-2024 18:35:53,S06,20241230
S06/20241230/00020,2,P106592,4,815.90,SALE,30-12-2024 18:35:53,S06,20241230
S06/20241230/00020,3,P101184,1,64.09,SALE,30-12-2024 18:35:53,S06,20241230
S06/20241230/00020,4,P101564,2,172.72,SALE,30-12-2024 18:35:53,S06,20241230
S06/20241230/00020,5,P102181,3,1615.15,SALE,30-12-2024 18:35:53,S06,20241230
S06/20241230/00020,6,P108292,3,104.02,SALE,30-12-2024 18:35:53,S06,20241230
S06/20241230/00020,7,TAX,1,390.81,TAX,30-12-2024 18:35:53,S06,20241230
S06/20241230/00020,8,TENDER,1,10536.09,TENDER,30-12-2024 18:35:53,S06,20241230
S06/20241230/00021,1,P101656,5,324.95,SALE,30-12-2024 17:59:02,S06,20241230
S06/20241230/00021,2,P100604,2,167.40,SALE,30-12-2024 17:59:02,S06,20241230
S06/20241230/00021,3,P106602,2,122.17,SALE,30-12-2024 17:59:02,S06,20241230
S06/20241230/00021,4,P104277,1,128.39,SALE,30-12-2024 17:59:02,S06,20241230
S06/20241230/00021,5,P104233,1,1271.89,SALE,30-12-2024 17:59:02,S06,20241230
S06/20241230/00021,6,P106813,2,257.87,SALE,30-12-2024 17:59:02,S06,20241230
S06/20241230/00021,7,P107676,2,213.04,SALE,30-12-2024 17:59:02,S06,20241230
S06/20241230/00021,8,P103214,1,300.38,SALE,30-12-2024 17:59:02,S06,20241230
S06/20241230/00021,9,TAX,1,384.40,TAX,30-12-2024 17:59:02,S06,20241230
S06/20241230/00021,10,TENDER,1,5230.77,TENDER,30-12-2024 17:59:02,S06,20241230
S06/20241230/00022,1,P103461,2,109.46,SALE,30-12-2024 14:04:02,S06,20241230
S06/20241230/00022,2,TAX,1,26.27,TAX,30-12-2024 14:04:02,S06,20241230
S06/20241230/00022,3,TENDER,1,245.19,TENDER,30-12-2024 14:04:02,S06,20241230
S06/20241230/00023,1,P104487,2,388.90,SALE,30-12-2024 18:51:29,S06,20241230
S06/20241230/00023,2,P100183,4,1466.16,SALE,30-12-2024 18:51:29,S06,20241230
S06/20241230/00023,3,P104277,1,128.39,SALE,30-12-2024 18:51:29,S06,20241230
S06/20241230/00023,4,DISC,1,-457.85,DISCOUNT,30-12-2024 18:51:29,S06,20241230
S06/20241230/00023,5,TAX,1,757.56,TAX,30-12-2024 18:51:29,S06,20241230
S06/20241230/00023,6,TENDER,1,7070.54,TENDER,30-12-2024 18:51:29,S06,20241230
S06/20241230/00024,1,P105164,3,242.35,SALE,30-12-2024 20:08:19,S06,20241230
S06/20241230/00024,2,P106473,1,297.16,SALE,30-12-2024 20:08:19,S06,20241230
S06/20241230/00024,3,DISC,1,-39.81,DISCOUNT,30-12-2024 20:08:19,S06,20241230
S06/20241230/00024,4,TAX,1,51.41,TAX,30-12-2024 20:08:19,S06,20241230
S06/20241230/00024,5,TENDER,1,1035.81,TENDER,30-12-2024 20:08:19,S06,20241230
S06/20241230/00025,1,P104733,1,669.60,SALE,30-12-2024 12:24:54,S06,20241230
S06/20241230/00025,2,P103563,2,26.76,SALE,30-12-2024 12:24:54,S06,20241230
S06/20241230/00025,3,P101083,2,349.65,SALE,30-12-2024 12:24:54,S06,20241230
S06/20241230/00025,4,TAX,1,256.04,TAX,30-12-2024 12:24:54,S06,20241230
S06/20241230/00025,5,TENDER,1,1678.46,TENDER,30-12-2024 12:24:54,S06,20241230
S06/20241230/00026,1,P103904,4,1081.09,SALE,30-12-2024 18:47:21,S06,20241230
S06/20241230/00026,2,P108076,2,151.55,SALE,30-12-2024 18:47:21,S06,20241230
S06/20241230/00026,3,P103137,2,218.09,SALE,30-12-2024 18:47:21,S06,20241230
S06/20241230/00026,4,P103096,1,315.47,SALE,30-12-2024 18:47:21,S06,20241230
S06/20241230/00026,5,P107301,3,945.94,SALE,30-12-2024 18:47:21,S06,20241230
S06/20241230/00026,6,P107432,3,45.60,SALE,30-12-2024 18:47:21,S06,20241230
S06/20241230/00026,7,TAX,1,386.74,TAX,30-12-2024 18:47:21,S06,20241230
S06/20241230/00026,8,TENDER,1,8740.47,TENDER,30-12-2024 18:47:21,S06,20241230
S06/20241230/00027,1,P103004,2,82.09,SALE,30-12-2024 17:47:31,S06,20241230
S06/20241230/00027,2,P101570,1,298.03,SALE,30-12-2024 17:47:31,S06,20241230
S06/20241230/00027,3,P105855,2,123.28,SALE,30-12-2024 17:47:31,S06,20241230
S06/20241230/00027,4,TAX,1,56.30,TAX,30-12-2024 17:47:31,S06,20241230
S06/20241230/00027,5,TENDER,1,765.07,TENDER,30-12-2024 17:47:31,S06,20241230
S06/20241230/00028,1,P101470,3,196.94,SALE,30-12-2024 19:20:45,S06,20241230
S06/20241230/00028,2,P106911,1,232.77,SALE,30-12-2024 19:20:45,S06,20241230
S06/20241230/00028,3,P103600,1,107.84,SALE,30-12-2024 19:20:45,S06,20241230
S06/20241230/00028,4,P100869,3,62.15,SALE,30-12-2024 19:20:45,S06,20241230
S06/20241230/00028,5,P105789,3,42.75,SALE,30-12-2024 19:20:45,S06,20241230
S06/20241230/00028,6,DISC,1,-92.37,DISCOUNT,30-12-2024 19:20:45,S06,20241230
S06/20241230/00028,7,TAX,1,47.08,TAX,30-12-2024 19:20:45,S06,20241230
S06/20241230/00028,8,TENDER,1,1200.84,TENDER,30-12-2024 19:20:45,S06,20241230
S06/20241230/00029,1,P100869,2,62.15,SALE,30-12-2024 11:19:43,S06,20241230
S06/20241230/00029,2,P105845,1,121.94,SALE,30-12-2024 11:19:43,S06,20241230
S06/20241230/00029,3,P104212,2,426.07,SALE,30-12-2024 11:19:43,S06,20241230
S06/20241230/00029,4,P101876,2,68.16,SALE,30-12-2024 11:19:43,S06,20241230
S06/20241230/00029,5,P107178,2,298.69,SALE,30-12-2024 11:19:43,S06,20241230
S06/20241230/00029,6,P102139,4,1710.06,SALE,30-12-2024 11:19:43,S06,20241230
S06/20241230/00029,7,TAX,1,610.76,TAX,30-12-2024 11:19:43,S06,20241230
S06/20241230/00029,8,TENDER,1,9283.08,TENDER,30-12-2024 11:19:43,S06,20241230
S06/20241230/00030,1,P100640,1,379.48,SALE,30-12-2024 19:52:08,S06,20241230
S06/20241230/00030,2,P104854,1,35.80,SALE,30-12-2024 19:52:08,S06,20241230
S06/20241230/00030,3,P103986,2,495.05,SALE,30-12-2024 19:52:08,S06,20241230
S06/20241230/00030,4,P104617,2,107.09,SALE,30-12-2024 19:52:08,S06,20241230
S06/20241230/00030,5,P104462,3,86.38,SALE,30-12-2024 19:52:08,S06,20241230
S06/20241230/00030,6,TAX,1,275.27,TAX,30-12-2024 19:52:08,S06,20241230
S06/20241230/00030,7,TENDER,1,2153.97,TENDER,30-12-2024 19:52:08,S06,20241230
S06/20241230/00031,1,P101500,1,350.36,SALE,30-12-2024 12:52:41,S06,20241230
S06/20241230/00031,2,P102000,2,82.98,SALE,30-12-2024 12:52:41,S06,20241230
S06/20241230/00031,3,P105633,1,46.25,SALE,30-12-2024 12:52:41,S06,20241230
S06/20241230/00031,4,P107365,4,978.42,SALE,30-12-2024 12:52:41,S06,20241230
S06/20241230/00031,5,P102236,3,928.51,SALE,30-12-2024 12:52:41,S06,20241230
S06/20241230/00031,6,TAX,1,641.10,TAX,30-12-2024 12:52:41,S06,20241230
S06/20241230/00031,7,TENDER,1,7902.88,TENDER,30-12-2024 12:52:41,S06,20241230
S06/20241230/00032,1,P101710,1,345.87,SALE,30-12-2024 16:29:41,S06,20241230
S06/20241230/00032,2,P106958,3,125.66,SALE,30-12-2024 16:29:41,S06,20241230
S06/20241230/00032,3,P104435,1,477.09,SALE,30-12-2024 16:29:41,S06,20241230
S06/20241230/00032,4,P106093,1,315.93,SALE,30-12-2024 16:29:41,S06,20241230
S06/20241230/00032,5,P107795,2,284.47,SALE,30-12-2024 16:29:41,S06,20241230
S06/20241230/00032,6,P105236,1,552.60,SALE,30-12-2024 16:29:41,S06,20241230
S06/20241230/00032,7,P105307,2,818.25,SALE,30-12-2024 16:29:41,S06,20241230
S06/20241230/00032,8,P106143,1,61.74,SALE,30-12-2024 16:29:41,S06,20241230
S06/20241230/00032,9,P102534,2,98.12,SALE,30-12-2024 16:29:41,S06,20241230
S06/20241230/00032,10,P102874,3,142.11,SALE,30-12-2024 16:29:41,S06,20241230
S06/20241230/00032,11,P102081,2,164.15,SALE,30-12-2024 16:29:41,S06,20241230
S06/20241230/00032,12,P102880,2,575.53,SALE,30-12-2024 16:29:41,S06,20241230
S06/20241230/00032,13,P100686,2,800.21,SALE,30-12-2024 16:29:41,S06,20241230
S06/20241230/00032,14,TAX,1,605.33,TAX,30-12-2024 16:29:41,S06,20241230
S06/20241230/00032,15,TENDER,1,8643.33,TENDER,30-12-2024 16:29:41,S06,20241230
S06/20241230/00033,1,P106697,2,342.69,SALE,30-12-2024 18:20:46,S06,20241230
S06/20241230/00033,2,P104168,1,512.27,SALE,30-12-2024 18:20:46,S06,20241230
S06/20241230/00033,3,P107264,1,190.99,SALE,30-12-2024 18:20:46,S06,20241230
S06/20241230/00033,4,P104351,2,1128.29,SALE,30-12-2024 18:20:46,S06,20241230
S06/20241230/00033,5,P106793,4,303.65,SALE,30-12-2024 18:20:46,S06,20241230
S06/20241230/00033,6,DISC,1,-542.63,DISCOUNT,30-12-2024 18:20:46,S06,20241230
S06/20241230/00033,7,TAX,1,280.54,TAX,30-12-2024 18:20:46,S06,20241230
S06/20241230/00033,8,TENDER,1,4597.73,TENDER,30-12-2024 18:20:46,S06,20241230
S06/20241230/00034,1,P102142,1,93.89,SALE,30-12-2024 16:17:50,S06,20241230
S06/20241230/00034,2,P103319,1,356.46,SALE,30-12-2024 16:17:50,S06,20241230
S06/20241230/00034,3,P103461,3,109.46,SALE,30-12-2024 16:17:50,S06,20241230
S06/20241230/00034,4,TAX,1,61.92,TAX,30-12-2024 16:17:50,S06,20241230
S06/20241230/00034,5,TENDER,1,840.65,TENDER,30-12-2024 16:17:50,S06,20241230
S06/20241230/00035,1,P103792,1,25.06,SALE,30-12-2024 13:20:58,S06,20241230
S06/20241230/00035,2,P104695,1,80.54,SALE,30-12-2024 13:20:58,S06,20241230
S06/20241230/00035,3,P104844,1,553.13,SALE,30-12-2024 13:20:58,S06,20241230
S06/20241230/00035,4,P100736,2,700.87,SALE,30-12-2024 13:20:58,S06,20241230
S06/20241230/00035,5,P100595,2,404.82,SALE,30-12-2024 13:20:58,S06,20241230
S06/20241230/00035,6,TAX,1,298.30,TAX,30-12-2024 13:20:58,S06,20241230
S06/20241230/00035,7,TENDER,1,3168.41,TENDER,30-12-2024 13:20:58,S06,20241230
S06/20241230/00036,1,P107063,2,387.93,SALE,30-12-2024 12:35:05,S06,20241230
S06/20241230/00036,2,P103118,3,52.68,SALE,30-12-2024 12:35:05,S06,20241230
S06/20241230/00036,3,TAX,1,101.01,TAX,30-12-2024 12:35:05,S06,20241230
S06/20241230/00036,4,TENDER,1,1034.91,TENDER,30-12-2024 12:35:05,S06,20241230
S06/20241230/00037,1,P105468,3,1100.43,SALE,30-12-2024 10:16:58,S06,20241230
S06/20241230/00037,2,P106297,2,169.05,SALE,30-12-2024 10:16:58,S06,20241230
S06/20241230/00037,3,P101218,2,61.39,SALE,30-12-2024 10:16:58,S06,20241230
S06/20241230/00037,4,P102510,2,37.13,SALE,30-12-2024 10:16:58,S06,20241230
S06/20241230/00037,5,P104358,2,1243.57,SALE,30-12-2024 10:16:58,S06,20241230
S06/20241230/00037,6,TAX,1,555.39,TAX,30-12-2024 10:16:58,S06,20241230
S06/20241230/00037,7,TENDER,1,6878.96,TENDER,30-12-2024 10:16:58,S06,20241230
S06/20241230/00038,1,P105827,4,124.38,SALE,30-12-2024 15:43:10,S06,20241230
S06/20241230/00038,2,P103062,4,190.99,SALE,30-12-2024 15:43:10,S06,20241230
S06/20241230/00038,3,P101465,1,573.89,SALE,30-12-2024 15:43:10,S06,20241230
S06/20241230/00038,4,TAX,1,166.37,TAX,30-12-2024 15:43:10,S06,20241230
S06/20241230/00038,5,TENDER,1,2001.74,TENDER,30-12-2024 15:43:10,S06,20241230
S06/20241230/00039,1,P100536,2,471.52,SALE,30-12-2024 18:44:07,S06,20241230
S06/20241230/00039,2,P108239,1,256.06,SALE,30-12-2024 18:44:07,S06,20241230
S06/20241230/00039,3,P103389,2,239.67,SALE,30-12-2024 18:44:07,S06,20241230
S06/20241230/00039,4,P107676,2,213.04,SALE,30-12-2024 18:44:07,S06,20241230
S06/20241230/00039,5,P107784,2,245.59,SALE,30-12-2024 18:44:07,S06,20241230
S06/20241230/00039,6,P103105,1,34.12,SALE,30-12-2024 18:44:07,S06,20241230
S06/20241230/00039,7,TAX,1,388.51,TAX,30-12-2024 18:44:07,S06,20241230
S06/20241230/00039,8,TENDER,1,3018.33,TENDER,30-12-2024 18:44:07,S06,20241230
S06/20241230/00040,1,P100609,2,75.79,SALE,30-12-2024 17:43:57,S06,20241230
S06/20241230/00040,2,P106399,2,198.14,SALE,30-12-2024 17:43:57,S06,20241230
S06/20241230/00040,3,P104558,3,440.08,SALE,30-12-2024 17:43:57,S06,20241230
S06/20241230/00040,4,TAX,1,196.43,TAX,30-12-2024 17:43:57,S06,20241230
S06/20241230/00040,5,TENDER,1,2064.53,TENDER,30-12-2024 17:43:57,S06,20241230
S06/20241230/00041,1,P103354,2,894.50,SALE,30-12-2024 17:15:23,S06,20241230
S06/20241230/00041,2,P106048,2,310.59,SALE,30-12-2024 17:15:23,S06,20241230
S06/20241230/00041,3,P102801,2,108.87,SALE,30-12-2024 17:15:23,S06,20241230
S06/20241230/00041,4,P104266,3,431.11,SALE,30-12-2024 17:15:23,S06,20241230
S06/20241230/00041,5,P106865,2,299.72,SALE,30-12-2024 17:15:23,S06,20241230
S06/20241230/00041,6,P107282,1,1189.20,SALE,30-12-2024 17:15:23,S06,20241230
S06/20241230/00041,7,P101802,1,44.15,SALE,30-12-2024 17:15:23,S06,20241230
S06/20241230/00041,8,TAX,1,456.64,TAX,30-12-2024 17:15:23,S06,20241230
S06/20241230/00041,9,TENDER,1,6210.68,TENDER,30-12-2024 17:15:23,S06,20241230
S06/20241230/00042,1,P100156,1,1528.63,SALE,30-12-2024 21:02:48,S06,20241230
S06/20241230/00042,2,P107890,1,133.07,SALE,30-12-2024 21:02:48,S06,20241230
S06/20241230/00042,3,P100086,1,89.00,SALE,30-12-2024 21:02:48,S06,20241230
S06/20241230/00042,4,TAX,1,11.10,TAX,30-12-2024 21:02:48,S06,20241230
S06/20241230/00042,5,TENDER,1,1761.80,TENDER,30-12-2024 21:02:48,S06,20241230
S06/20241230/00043,1,P106542,3,139.24,SALE,30-12-2024 15:44:18,S06,20241230
S06/20241230/00043,2,P107028,2,56.60,SALE,30-12-2024 15:44:18,S06,20241230
S06/20241230/00043,3,P105575,2,513.17,SALE,30-12-2024 15:44:18,S06,20241230
S06/20241230/00043,4,P100519,2,365.61,SALE,30-12-2024 15:44:18,S06,20241230
S06/20241230/00043,5,TAX,1,234.63,TAX,30-12-2024 15:44:18,S06,20241230
S06/20241230/00043,6,TENDER,1,2523.11,TENDER,30-12-2024 15:44:18,S06,20241230
S06/20241230/00044,1,P103473,2,428.66,SALE,30-12-2024 13:37:40,S06,20241230
S06/20241230/00044,2,P104302,4,1255.97,SALE,30-12-2024 13:37:40,S06,20241230
S06/20241230/00044,3,P104558,3,440.08,SALE,30-12-2024 13:37:40,S06,20241230
S06/20241230/00044,4,P103374,2,38.02,SALE,30-12-2024 13:37:40,S06,20241230
S06/20241230/00044,5,P100112,1,95.15,SALE,30-12-2024 13:37:40,S06,20241230
S06/20241230/00044,6,TAX,1,894.99,TAX,30-12-2024 13:37:40,S06,20241230
S06/20241230/00044,7,TENDER,1,8267.62,TENDER,30-12-2024 13:37:40,S06,20241230
S06/20241230/00045,1,P107208,1,323.06,SALE,30-12-2024 17:37:03,S06,20241230
S06/20241230/00045,2,P107807,1,118.66,SALE,30-12-2024 17:37:03,S06,20241230
S06/20241230/00045,3,P100621,2,134.28,SALE,30-12-2024 17:37:03,S06,20241230
S06/20241230/00045,4,P107327,2,1138.42,SALE,30-12-2024 17:37:03,S06,20241230
S06/20241230/00045,5,P107542,2,162.57,SALE,30-12-2024 17:37:03,S06,20241230
S06/20241230/00045,6,P107385,1,811.35,SALE,30-12-2024 17:37:03,S06,20241230
S06/20241230/00045,7,P103927,4,206.11,SALE,30-12-2024 17:37:03,S06,20241230
S06/20241230/00045,8,P107946,3,313.77,SALE,30-12-2024 17:37:03,S06,20241230
S06/20241230/00045,9,DISC,1,-293.43,DISCOUNT,30-12-2024 17:37:03,S06,20241230
S06/20241230/00045,10,TAX,1,144.63,TAX,30-12-2024 17:37:03,S06,20241230
S06/20241230/00045,11,TENDER,1,5740.56,TENDER,30-12-2024 17:37:03,S06,20241230
S06/20241230/00046,1,P105695,2,158.81,SALE,30-12-2024 13:41:13,S06,20241230
S06/20241230/00046,2,P105400,2,53.13,SALE,30-12-2024 13:41:13,S06,20241230
S06/20241230/00046,3,P106885,2,137.92,SALE,30-12-2024 13:41:13,S06,20241230
S06/20241230/00046,4,P107053,1,457.07,SALE,30-12-2024 13:41:13,S06,20241230
S06/20241230/00046,5,P107705,2,763.24,SALE,30-12-2024 13:41:13,S06,20241230
S06/20241230/00046,6,TAX,1,290.69,TAX,30-12-2024 13:41:13,S06,20241230
S06/20241230/00046,7,TENDER,1,2973.96,TENDER,30-12-2024 13:41:13,S06,20241230
S06/20241230/00047,1,P104048,3,193.57,SALE,30-12-2024 17:14:03,S06,20241230
S06/20241230/00047,2,P106310,2,462.03,SALE,30-12-2024 17:14:03,S06,20241230
S06/20241230/00047,3,P108338,2,218.68,SALE,30-12-2024 17:14:03,S06,20241230
S06/20241230/00047,4,P105855,3,123.28,SALE,30-12-2024 17:14:03,S06,20241230
S06/20241230/00047,5,P104898,4,181.50,SALE,30-12-2024 17:14:03,S06,20241230
S06/20241230/00047,6,P104417,1,332.65,SALE,30-12-2024 17:14:03,S06,20241230
S06/20241230/00047,7,P102718,1,356.09,SALE,30-12-2024 17:14:03,S06,20241230
S06/20241230/00047,8,P103918,3,527.10,SALE,30-12-2024 17:14:03,S06,20241230
S06/20241230/00047,9,P102609,3,183.47,SALE,30-12-2024 17:14:03,S06,20241230
S06/20241230/00047,10,P100049,1,68.93,SALE,30-12-2024 17:14:03,S06,20241230
S06/20241230/00047,11,P108162,1,257.55,SALE,30-12-2024 17:14:03,S06,20241230
S06/20241230/00047,12,DISC,1,-543.97,DISCOUNT,30-12-2024 17:14:03,S06,20241230
S06/20241230/00047,13,TAX,1,587.31,TAX,30-12-2024 17:14:03,S06,20241230
S06/20241230/00047,14,TENDER,1,6228.24,TENDER,30-12-2024 17:14:03,S06,20241230
S06/20241230/00048,1,P100387,4,116.37,SALE,30-12-2024 14:20:20,S06,20241230
S06/20241230/00048,2,P102636,3,113.15,SALE,30-12-2024 14:20:20,S06,20241230
S06/20241230/00048,3,P108326,3,434.98,SALE,30-12-2024 14:20:20,S06,20241230
S06/20241230/00048,4,TAX,1,196.84,TAX,30-12-2024 14:20:20,S06,20241230
S06/20241230/00048,5,TENDER,1,2306.71,TENDER,30-12-2024 14:20:20,S06,20241230
S06/20241230/00049,1,P102371,2,59.77,SALE,30-12-2024 14:15:33,S06,20241230
S06/20241230/00049,2,P107581,2,287.09,SALE,30-12-2024 14:15:33,S06,20241230
S06/20241230/00049,3,P105784,1,116.81,SALE,30-12-2024 14:15:33,S06,20241230
S06/20241230/00049,4,P106317,2,485.55,SALE,30-12-2024 14:15:33,S06,20241230
S06/20241230/00049,5,DISC,1,-60.96,DISCOUNT,30-12-2024 14:15:33,S06,20241230
S06/20241230/00049,6,TAX,1,179.09,TAX,30-12-2024 14:15:33,S06,20241230
S06/20241230/00049,7,TENDER,1,1899.76,TENDER,30-12-2024 14:15:33,S06,20241230
S06/20241231/00001,1,P107815,2,106.85,SALE,31-12-2024 16:57:41,S06,20241231
S06/20241231/00001,2,P103484,2,109.59,SALE,31-12-2024 16:57:41,S06,20241231
S06/20241231/00001,3,P103680,2,210.26,SALE,31-12-2024 16:57:41,S06,20241231
S06/20241231/00001,4,P104820,2,207.26,SALE,31-12-2024 16:57:41,S06,20241231
S06/20241231/00001,5,P103438,1,187.96,SALE,31-12-2024 16:57:41,S06,20241231
S06/20241231/00001,6,TAX,1,149.11,TAX,31-12-2024 16:57:41,S06,20241231
S06/20241231/00001,7,TENDER,1,1604.99,TENDER,31-12-2024 16:57:41,S06,20241231
S06/20241231/00002,1,P100609,3,75.79,SALE,31-12-2024 23:13:04,S06,20241231
S06/20241231/00002,2,P103950,2,1180.86,SALE,31-12-2024 23:13:04,S06,20241231
S06/20241231/00002,3,P101859,1,66.16,SALE,31-12-2024 23:13:04,S06,20241231
S06/20241231/00002,4,P107654,1,409.57,SALE,31-12-2024 23:13:04,S06,20241231
S06/20241231/00002,5,P106592,2,815.90,SALE,31-12-2024 23:13:04,S06,20241231
S06/20241231/00002,6,P107393,1,469.90,SALE,31-12-2024 23:13:04,S06,20241231
S06/20241231/00002,7,P105331,2,308.39,SALE,31-12-2024 23:13:04,S06,20241231
S06/20241231/00002,8,P102735,6,534.08,SALE,31-12-2024 23:13:04,S06,20241231
S06/20241231/00002,9,DISC,1,-717.12,DISCOUNT,31-12-2024 23:13:04,S06,20241231
S06/20241231/00002,10,TAX,1,872.44,TAX,31-12-2024 23:13:04,S06,20241231
S06/20241231/00002,11,TENDER,1,9143.10,TENDER,31-12-2024 23:13:04,S06,20241231
S06/20241231/00003,1,P101421,3,119.60,SALE,31-12-2024 13:47:46,S06,20241231
S06/20241231/00003,2,P106277,2,416.62,SALE,31-12-2024 13:47:46,S06,20241231
S06/20241231/00003,3,P107708,2,167.35,SALE,31-12-2024 13:47:46,S06,20241231
S06/20241231/00003,4,P100519,2,365.61,SALE,31-12-2024 13:47:46,S06,20241231
S06/20241231/00003,5,P105971,1,1150.46,SALE,31-12-2024 13:47:46,S06,20241231
S06/20241231/00003,6,TAX,1,251.52,TAX,31-12-2024 13:47:46,S06,20241231
S06/20241231/00003,7,TENDER,1,3659.94,TENDER,31-12-2024 13:47:46,S06,20241231
S06/20241231/00004,1,P104554,6,437.01,SALE,31-12-2024 14:08:10,S06,20241231
S06/20241231/00004,2,P105136,3,158.61,SALE,31-12-2024 14:08:10,S06,20241231
S06/20241231/00004,3,P103249,1,521.24,SALE,31-12-2024 14:08:10,S06,20241231
S06/20241231/00004,4,P106399,2,198.14,SALE,31-12-2024 14:08:10,S06,20241231
S06/20241231/00004,5,TAX,1,360.52,TAX,31-12-2024 14:08:10,S06,20241231
S06/20241231/00004,6,TENDER,1,4375.93,TENDER,31-12-2024 14:08:10,S06,20241231
S06/20241231/00005,1,P102409,1,326.59,SALE,31-12-2024 17:26:28,S06,20241231
S06/20241231/00005,2,P106620,4,273.19,SALE,31-12-2024 17:26:28,S06,20241231
S06/20241231/00005,3,P100999,1,171.06,SALE,31-12-2024 17:26:28,S06,20241231
S06/20241231/00005,4,P101796,2,990.67,SALE,31-12-2024 17:26:28,S06,20241231
S06/20241231/00005,5,P100281,2,485.13,SALE,31-12-2024 17:26:28,S06,20241231
S06/20241231/00005,6,P107446,1,593.14,SALE,31-12-2024 17:26:28,S06,20241231
S06/20241231/00005,7,DISC,1,-369.13,DISCOUNT,31-12-2024 17:26:28,S06,20241231
S06/20241231/00005,8,TAX,1,412.33,TAX,31-12-2024 17:26:28,S06,20241231
S06/20241231/00005,9,TENDER,1,5178.35,TENDER,31-12-2024 17:26:28,S06,20241231
S06/20241231/00006,1,P103348,2,485.60,SALE,31-12-2024 20:56:51,S06,20241231
S06/20241231/00006,2,P106958,2,125.66,SALE,31-12-2024 20:56:51,S06,20241231
S06/20241231/00006,3,P104902,1,516.78,SALE,31-12-2024 20:56:51,S06,20241231
S06/20241231/00006,4,P100921,2,441.43,SALE,31-12-2024 20:56:51,S06,20241231
S06/20241231/00006,5,P108300,2,286.59,SALE,31-12-2024 20:56:51,S06,20241231
S06/20241231/00006,6,DISC,1,-198.81,DISCOUNT,31-12-2024 20:56:51,S06,20241231
S06/20241231/00006,7,TAX,1,420.97,TAX,31-12-2024 20:56:51,S06,20241231
S06/20241231/00006,8,TENDER,1,3417.50,TENDER,31-12-2024 20:56:51,S06,20241231
S06/20241231/00007,1,P107662,1,330.01,SALE,31-12-2024 19:15:59,S06,20241231
S06/20241231/00007,2,P102000,2,82.98,SALE,31-12-2024 19:15:59,S06,20241231
S06/20241231/00007,3,TAX,1,89.27,TAX,31-12-2024 19:15:59,S06,20241231
S06/20241231/00007,4,TENDER,1,585.24,TENDER,31-12-2024 19:15:59,S06,20241231
S06/20241231/00008,1,P102236,3,928.51,SALE,31-12-2024 23:59:39,S06,20241231
S06/20241231/00008,2,P101421,1,119.60,SALE,31-12-2024 23:59:39,S06,20241231
S06/20241231/00008,3,P100005,1,114.37,SALE,31-12-2024 23:59:39,S06,20241231
S06/20241231/00008,4,P100791,1,46.20,SALE,31-12-2024 23:59:39,S06,20241231
S06/20241231/00008,5,P106528,1,832.82,SALE,31-12-2024 23:59:39,S06,20241231
S06/20241231/00008,6,P105294,1,143.55,SALE,31-12-2024 23:59:39,S06,20241231
S06/20241231/00008,7,TAX,1,309.48,TAX,31-12-2024 23:59:39,S06,20241231
S06/20241231/00008,8,TENDER,1,4351.55,TENDER,31-12-2024 23:59:39,S06,20241231
S06/20241231/00009,1,P101899,4,326.35,SALE,31-12-2024 14:49:59,S06,20241231
S06/20241231/00009,2,P107549,3,47.87,SALE,31-12-2024 14:49:59,S06,20241231
S06/20241231/00009,3,P106191,1,1230.97,SALE,31-12-2024 14:49:59,S06,20241231
S06/20241231/00009,4,P104772,3,342.57,SALE,31-12-2024 14:49:59,S06,20241231
S06/20241231/00009,5,P105950,1,1356.49,SALE,31-12-2024 14:49:59,S06,20241231
S06/20241231/00009,6,P100731,1,242.03,SALE,31-12-2024 14:49:59,S06,20241231
S06/20241231/00009,7,P104079,2,69.51,SALE,31-12-2024 14:49:59,S06,20241231
S06/20241231/00009,8,TAX,1,489.38,TAX,31-12-2024 14:49:59,S06,20241231
S06/20241231/00009,9,TENDER,1,5934.61,TENDER,31-12-2024 14:49:59,S06,20241231
S06/20241231/00010,1,P106115,1,128.36,SALE,31-12-2024 16:01:45,S06,20241231
S06/20241231/00010,2,P102445,2,31.53,SALE,31-12-2024 16:01:45,S06,20241231
S06/20241231/00010,3,P101697,1,102.34,SALE,31-12-2024 16:01:45,S06,20241231
S06/20241231/00010,4,P100904,3,68.79,SALE,31-12-2024 16:01:45,S06,20241231
S06/20241231/00010,5,P103517,1,177.49,SALE,31-12-2024 16:01:45,S06,20241231
S06/20241231/00010,6,TAX,1,71.60,TAX,31-12-2024 16:01:45,S06,20241231
S06/20241231/00010,7,TENDER,1,749.22,TENDER,31-12-2024 16:01:45,S06,20241231
S06/20241231/00011,1,P108292,4,104.02,SALE,31-12-2024 23:18:31,S06,20241231
S06/20241231/00011,2,P100007,1,155.06,SALE,31-12-2024 23:18:31,S06,20241231
S06/20241231/00011,3,P102691,3,219.72,SALE,31-12-2024 23:18:31,S06,20241231
S06/20241231/00011,4,P101859,2,66.16,SALE,31-12-2024 23:18:31,S06,20241231
S06/20241231/00011,5,TAX,1,76.75,TAX,31-12-2024 23:18:31,S06,20241231
S06/20241231/00011,6,TENDER,1,1439.37,TENDER,31-12-2024 23:18:31,S06,20241231
S06/20241231/00012,1,P102520,2,731.86,SALE,31-12-2024 20:48:06,S06,20241231
S06/20241231/00012,2,P101990,2,408.52,SALE,31-12-2024 20:48:06,S06,20241231
S06/20241231/00012,3,TAX,1,171.23,TAX,31-12-2024 20:48:06,S06,20241231
S06/20241231/00012,4,TENDER,1,2451.99,TENDER,31-12-2024 20:48:06,S06,20241231
S06/20241231/00013,1,P104219,3,249.74,SALE,31-12-2024 17:37:21,S06,20241231
S06/20241231/00013,2,P104933,4,560.59,SALE,31-12-2024 17:37:21,S06,20241231
S06/20241231/00013,3,P106486,1,1837.06,SALE,31-12-2024 17:37:21,S06,20241231
S06/20241231/00013,4,P101106,2,543.49,SALE,31-12-2024 17:37:21,S06,20241231
S06/20241231/00013,5,P105583,2,179.43,SALE,31-12-2024 17:37:21,S06,20241231
S06/20241231/00013,6,TAX,1,832.92,TAX,31-12-2024 17:37:21,S06,20241231
S06/20241231/00013,7,TENDER,1,7107.40,TENDER,31-12-2024 17:37:21,S06,20241231
S06/20241231/00014,1,P107327,-3,1138.42,RETURN,31-12-2024 15:51:15,S06,20241231
S06/20241231/00014,2,P103760,-1,103.67,RETURN,31-12-2024 15:51:15,S06,20241231
S06/20241231/00014,3,P104081,-2,652.80,RETURN,31-12-2024 15:51:15,S06,20241231
S06/20241231/00014,4,P101083,-1,349.65,RETURN,31-12-2024 15:51:15,S06,20241231
S06/20241231/00014,5,P100418,-1,213.97,RETURN,31-12-2024 15:51:15,S06,20241231
S06/20241231/00014,6,P103197,-3,339.40,RETURN,31-12-2024 15:51:15,S06,20241231
S06/20241231/00014,7,P106948,-1,209.81,RETURN,31-12-2024 15:51:15,S06,20241231
S06/20241231/00014,8,TAX,1,-214.27,TAX,31-12-2024 15:51:15,S06,20241231
S06/20241231/00014,9,TENDER,1,-6830.43,TENDER,31-12-2024 15:51:15,S06,20241231
S06/20241231/00015,1,P102436,2,243.03,SALE,31-12-2024 18:48:34,S06,20241231
S06/20241231/00015,2,P103262,3,54.76,SALE,31-12-2024 18:48:34,S06,20241231
S06/20241231/00015,3,P107381,3,195.99,SALE,31-12-2024 18:48:34,S06,20241231
S06/20241231/00015,4,TAX,1,166.26,TAX,31-12-2024 18:48:34,S06,20241231
S06/20241231/00015,5,TENDER,1,1404.57,TENDER,31-12-2024 18:48:34,S06,20241231
S06/20241231/00016,1,P102761,2,170.84,SALE,31-12-2024 20:09:22,S06,20241231
S06/20241231/00016,2,P101292,2,380.75,SALE,31-12-2024 20:09:22,S06,20241231
S06/20241231/00016,3,TAX,1,38.08,TAX,31-12-2024 20:09:22,S06,20241231
S06/20241231/00016,4,TENDER,1,1141.26,TENDER,31-12-2024 20:09:22,S06,20241231
S06/20241231/00017,1,P107414,2,565.57,SALE,31-12-2024 15:57:57,S06,20241231
S06/20241231/00017,2,P100924,1,50.37,SALE,31-12-2024 15:57:57,S06,20241231
S06/20241231/00017,3,P104058,4,351.54,SALE,31-12-2024 15:57:57,S06,20241231
S06/20241231/00017,4,P107759,2,257.69,SALE,31-12-2024 15:57:57,S06,20241231
S06/20241231/00017,5,DISC,1,-107.88,DISCOUNT,31-12-2024 15:57:57,S06,20241231
S06/20241231/00017,6,TAX,1,307.65,TAX,31-12-2024 15:57:57,S06,20241231
S06/20241231/00017,7,TENDER,1,3302.82,TENDER,31-12-2024 15:57:57,S06,20241231
S06/20241231/00018,1,P108319,4,262.79,SALE,31-12-2024 16:41:32,S06,20241231
S06/20241231/00018,2,P101626,2,1040.69,SALE,31-12-2024 16:41:32,S06,20241231
S06/20241231/00018,3,P104975,2,568.03,SALE,31-12-2024 16:41:32,S06,20241231
S06/20241231/00018,4,P102236,5,928.51,SALE,31-12-2024 16:41:32,S06,20241231
S06/20241231/00018,5,TAX,1,534.45,TAX,31-12-2024 16:41:32,S06,20241231
S06/20241231/00018,6,TENDER,1,9445.60,TENDER,31-12-2024 16:41:32,S06,20241231
S06/20241231/00019,1,P107925,-2,992.11,RETURN,31-12-2024 10:27:06,S06,20241231
S06/20241231/00019,2,P102788,-1,920.26,RETURN,31-12-2024 10:27:06,S06,20241231
S06/20241231/00019,3,P100463,-1,290.57,RETURN,31-12-2024 10:27:06,S06,20241231
S06/20241231/00019,4,P103727,-5,116.88,RETURN,31-12-2024 10:27:06,S06,20241231
S06/20241231/00019,5,P105030,-1,224.07,RETURN,31-12-2024 10:27:06,S06,20241231
S06/20241231/00019,6,P104854,-2,35.80,RETURN,31-12-2024 10:27:06,S06,20241231
S06/20241231/00019,7,P106015,-1,148.43,RETURN,31-12-2024 10:27:06,S06,20241231
S06/20241231/00019,8,TAX,1,-308.36,TAX,31-12-2024 10:27:06,S06,20241231
S06/20241231/00019,9,TENDER,1,-4531.91,TENDER,31-12-2024 10:27:06,S06,20241231
S06/20241231/00020,1,P107605,2,1129.73,SALE,31-12-2024 13:02:23,S06,20241231
S06/20241231/00020,2,P102122,1,138.84,SALE,31-12-2024 13:02:23,S06,20241231
S06/20241231/00020,3,P104032,1,603.87,SALE,31-12-2024 13:02:23,S06,20241231
S06/20241231/00020,4,P100298,1,53.95,SALE,31-12-2024 13:02:23,S06,20241231
S06/20241231/00020,5,P103354,2,894.50,SALE,31-12-2024 13:02:23,S06,20241231
S06/20241231/00020,6,TAX,1,407.52,TAX,31-12-2024 13:02:23,S06,20241231
S06/20241231/00020,7,TENDER,1,5252.64,TENDER,31-12-2024 13:02:23,S06,20241231
S06/20241231/00021,1,P102682,1,95.00,SALE,31-12-2024 20:24:40,S06,20241231
S06/20241231/00021,2,P108389,2,837.30,SALE,31-12-2024 20:24:40,S06,20241231
S06/20241231/00021,3,P102779,2,25.62,SALE,31-12-2024 20:24:40,S06,20241231
S06/20241231/00021,4,P107884,2,29.77,SALE,31-12-2024 20:24:40,S06,20241231
S06/20241231/00021,5,P107564,3,325.35,SALE,31-12-2024 20:24:40,S06,20241231
S06/20241231/00021,6,TAX,1,222.47,TAX,31-12-2024 20:24:40,S06,20241231
S06/20241231/00021,7,TENDER,1,3078.90,TENDER,31-12-2024 20:24:40,S06,20241231
S06/20241231/00022,1,P106534,2,96.00,SALE,31-12-2024 18:48:18,S06,20241231
S06/20241231/00022,2,P101321,3,24.76,SALE,31-12-2024 18:48:18,S06,20241231
S06/20241231/00022,3,P102892,3,227.52,SALE,31-12-2024 18:48:18,S06,20241231
S06/20241231/00022,4,P101010,4,71.39,SALE,31-12-2024 18:48:18,S06,20241231
S06/20241231/00022,5,P103719,2,957.52,SALE,31-12-2024 18:48:18,S06,20241231
S06/20241231/00022,6,P100632,4,331.55,SALE,31-12-2024 18:48:18,S06,20241231
S06/20241231/00022,7,P105666,1,1064.29,SALE,31-12-2024 18:48:18,S06,20241231
S06/20241231/00022,8,TAX,1,673.58,TAX,31-12-2024 18:48:18,S06,20241231
S06/20241231/00022,9,TENDER,1,6213.51,TENDER,31-12-2024 18:48:18,S06,20241231
S06/20241231/00023,1,P101599,2,417.76,SALE,31-12-2024 22:51:38,S06,20241231
S06/20241231/00023,2,P107078,2,98.82,SALE,31-12-2024 22:51:38,S06,20241231
S06/20241231/00023,3,P101489,3,555.59,SALE,31-12-2024 22:51:38,S06,20241231
S06/20241231/00023,4,TAX,1,150.39,TAX,31-12-2024 22:51:38,S06,20241231
S06/20241231/00023,5,TENDER,1,2850.32,TENDER,31-12-2024 22:51:38,S06,20241231
S06/20241231/00024,1,P106885,2,137.92,SALE,31-12-2024 12:26:24,S06,20241231
S06/20241231/00024,2,P101626,1,1040.69,SALE,31-12-2024 12:26:24,S06,20241231
S06/20241231/00024,3,P107508,2,1577.69,SALE,31-12-2024 12:26:24,S06,20241231
S06/20241231/00024,4,P103918,5,527.10,SALE,31-12-2024 12:26:24,S06,20241231
S06/20241231/00024,5,P100469,3,49.98,SALE,31-12-2024 12:26:24,S06,20241231
S06/20241231/00024,6,DISC,1,-252.73,DISCOUNT,31-12-2024 12:26:24,S06,20241231
S06/20241231/00024,7,TAX,1,668.34,TAX,31-12-2024 12:26:24,S06,20241231
S06/20241231/00024,8,TENDER,1,7672.96,TENDER,31-12-2024 12:26:24,S06,20241231
S06/20241231/00025,1,P103934,1,284.79,SALE,31-12-2024 16:19:51,S06,20241231
S06/20241231/00025,2,P102324,1,194.59,SALE,31-12-2024 16:19:51,S06,20241231
S06/20241231/00025,3,P100883,1,723.68,SALE,31-12-2024 16:19:51,S06,20241231
S06/20241231/00025,4,P107899,2,197.21,SALE,31-12-2024 16:19:51,S06,20241231
S06/20241231/00025,5,P102160,1,221.62,SALE,31-12-2024 16:19:51,S06,20241231
S06/20241231/00025,6,P100183,3,1466.16,SALE,31-12-2024 16:19:51,S06,20241231
S06/20241231/00025,7,P102432,4,895.86,SALE,31-12-2024 16:19:51,S06,20241231
S06/20241231/00025,8,TAX,1,1101.32,TAX,31-12-2024 16:19:51,S06,20241231
S06/20241231/00025,9,TENDER,1,10902.34,TENDER,31-12-2024 16:19:51,S06,20241231
S06/20241231/00026,1,P100469,2,49.98,SALE,31-12-2024 11:45:28,S06,20241231
S06/20241231/00026,2,P104401,3,207.51,SALE,31-12-2024 11:45:28,S06,20241231
S06/20241231/00026,3,P102833,2,680.71,SALE,31-12-2024 11:45:28,S06,20241231
S06/20241231/00026,4,P100044,3,737.05,SALE,31-12-2024 11:45:28,S06,20241231
S06/20241231/00026,5,TAX,1,413.11,TAX,31-12-2024 11:45:28,S06,20241231
S06/20241231/00026,6,TENDER,1,4708.17,TENDER,31-12-2024 11:45:28,S06,20241231
S06/20241231/00027,1,P106443,3,52.87,SALE,31-12-2024 09:05:56,S06,20241231
S06/20241231/00027,2,P107715,2,241.95,SALE,31-12-2024 09:05:56,S06,20241231
S06/20241231/00027,3,P101279,1,242.90,SALE,31-12-2024 09:05:56,S06,20241231
S06/20241231/00027,4,P103364,2,118.90,SALE,31-12-2024 09:05:56,S06,20241231
S06/20241231/00027,5,P104123,2,432.72,SALE,31-12-2024 09:05:56,S06,20241231
S06/20241231/00027,6,P105775,2,104.41,SALE,31-12-2024 09:05:56,S06,20241231
S06/20241231/00027,7,P102516,2,1272.67,SALE,31-12-2024 09:05:56,S06,20241231
S06/20241231/00027,8,TAX,1,326.15,TAX,31-12-2024 09:05:56,S06,20241231
S06/20241231/00027,9,TENDER,1,5068.96,TENDER,31-12-2024 09:05:56,S06,20241231
S06/20241231/00028,1,P103839,2,226.78,SALE,31-12-2024 15:07:36,S06,20241231
S06/20241231/00028,2,P100640,1,379.48,SALE,31-12-2024 15:07:36,S06,20241231
S06/20241231/00028,3,P106388,1,1120.55,SALE,31-12-2024 15:07:36,S06,20241231
S06/20241231/00028,4,TAX,1,127.18,TAX,31-12-2024 15:07:36,S06,20241231
S06/20241231/00028,5,TENDER,1,2080.77,TENDER,31-12-2024 15:07:36,S06,20241231
S06/20241231/00029,1,P104372,2,105.38,SALE,31-12-2024 11:08:46,S06,20241231
S06/20241231/00029,2,P104270,1,1153.64,SALE,31-12-2024 11:08:46,S06,20241231
S06/20241231/00029,3,P102598,2,133.17,SALE,31-12-2024 11:08:46,S06,20241231
S06/20241231/00029,4,P100140,2,58.05,SALE,31-12-2024 11:08:46,S06,20241231
S06/20241231/00029,5,P106830,2,103.94,SALE,31-12-2024 11:08:46,S06,20241231
S06/20241231/00029,6,P102371,4,59.77,SALE,31-12-2024 11:08:46,S06,20241231
S06/20241231/00029,7,P100131,2,667.83,SALE,31-12-2024 11:08:46,S06,20241231
S06/20241231/00029,8,DISC,1,-354.73,DISCOUNT,31-12-2024 11:08:46,S06,20241231
S06/20241231/00029,9,TAX,1,257.99,TAX,31-12-2024 11:08:46,S06,20241231
S06/20241231/00029,10,TENDER,1,3432.72,TENDER,31-12-2024 11:08:46,S06,20241231
S06/20241231/00030,1,P104579,2,67.48,SALE,31-12-2024 20:46:18,S06,20241231
S06/20241231/00030,2,P106989,2,26.75,SALE,31-12-2024 20:46:18,S06,20241231
S06/20241231/00030,3,P104257,1,42.95,SALE,31-12-2024 20:46:18,S06,20241231
S06/20241231/00030,4,TAX,1,11.78,TAX,31-12-2024 20:46:18,S06,20241231
S06/20241231/00030,5,TENDER,1,243.19,TENDER,31-12-2024 20:46:18,S06,20241231
S06/20241231/00031,1,P108131,3,627.37,SALE,31-12-2024 18:56:14,S06,20241231
S06/20241231/00031,2,P105035,2,159.58,SALE,31-12-2024 18:56:14,S06,20241231
S06/20241231/00031,3,P104485,5,643.04,SALE,31-12-2024 18:56:14,S06,20241231
S06/20241231/00031,4,P107208,1,323.06,SALE,31-12-2024 18:56:14,S06,20241231
S06/20241231/00031,5,P101669,2,56.49,SALE,31-12-2024 18:56:14,S06,20241231
S06/20241231/00031,6,P105789,3,42.75,SALE,31-12-2024 18:56:14,S06,20241231
S06/20241231/00031,7,P101923,2,527.50,SALE,31-12-2024 18:56:14,S06,20241231
S06/20241231/00031,8,P108234,3,33.09,SALE,31-12-2024 18:56:14,S06,20241231
S06/20241231/00031,9,DISC,1,-712.19,DISCOUNT,31-12-2024 18:56:14,S06,20241231
S06/20241231/00031,10,TAX,1,659.46,TAX,31-12-2024 18:56:14,S06,20241231
S06/20241231/00031,11,TENDER,1,7082.30,TENDER,31-12-2024 18:56:14,S06,20241231
S06/20241231/00032,1,P103234,3,128.39,SALE,31-12-2024 13:41:08,S06,20241231
S06/20241231/00032,2,P102857,1,116.85,SALE,31-12-2024 13:41:08,S06,20241231
S06/20241231/00032,3,P100456,1,982.47,SALE,31-12-2024 13:41:08,S06,20241231
S06/20241231/00032,4,P101669,4,56.49,SALE,31-12-2024 13:41:08,S06,20241231
S06/20241231/00032,5,TAX,1,150.79,TAX,31-12-2024 13:41:08,S06,20241231
S06/20241231/00032,6,TENDER,1,1861.24,TENDER,31-12-2024 13:41:08,S06,20241231
S06/20241231/00033,1,P105589,3,90.25,SALE,31-12-2024 21:03:24,S06,20241231
S06/20241231/00033,2,P102691,2,219.72,SALE,31-12-2024 21:03:24,S06,20241231
S06/20241231/00033,3,P102184,2,101.58,SALE,31-12-2024 21:03:24,S06,20241231
S06/20241231/00033,4,P104891,4,757.22,SALE,31-12-2024 21:03:24,S06,20241231
S06/20241231/00033,5,P107217,3,293.45,SALE,31-12-2024 21:03:24,S06,20241231
S06/20241231/00033,6,P108131,4,627.37,SALE,31-12-2024 21:03:24,S06,20241231
S06/20241231/00033,7,P104175,2,814.13,SALE,31-12-2024 21:03:24,S06,20241231
S06/20241231/00033,8,TAX,1,701.86,TAX,31-12-2024 21:03:24,S06,20241231
S06/20241231/00033,9,TENDER,1,9662.18,TENDER,31-12-2024 21:03:24,S06,20241231
S06/20241231/00034,1,P106382,2,81.60,SALE,31-12-2024 18:53:29,S06,20241231
S06/20241231/00034,2,P106239,2,803.36,SALE,31-12-2024 18:53:29,S06,20241231
S06/20241231/00034,3,P103946,3,338.64,SALE,31-12-2024 18:53:29,S06,20241231
S06/20241231/00034,4,TAX,1,0.00,TAX,31-12-2024 18:53:29,S06,20241231
S06/20241231/00034,5,TENDER,1,2785.84,TENDER,31-12-2024 18:53:29,S06,20241231
S06/20241231/00035,1,P107208,2,323.06,SALE,31-12-2024 17:12:11,S06,20241231
S06/20241231/00035,2,P106434,4,178.02,SALE,31-12-2024 17:12:11,S06,20241231
S06/20241231/00035,3,P107740,3,1366.88,SALE,31-12-2024 17:12:11,S06,20241231
S06/20241231/00035,4,P106357,3,1078.45,SALE,31-12-2024 17:12:11,S06,20241231
S06/20241231/00035,5,TAX,1,998.07,TAX,31-12-2024 17:12:11,S06,20241231
S06/20241231/00035,6,TENDER,1,9692.26,TENDER,31-12-2024 17:12:11,S06,20241231
S06/20241231/00036,1,P103050,2,569.48,SALE,31-12-2024 17:48:22,S06,20241231
S06/20241231/00036,2,P105575,4,513.17,SALE,31-12-2024 17:48:22,S06,20241231
S06/20241231/00036,3,P101864,1,112.21,SALE,31-12-2024 17:48:22,S06,20241231
S06/20241231/00036,4,P102193,3,343.13,SALE,31-12-2024 17:48:22,S06,20241231
S06/20241231/00036,5,P103062,4,173.63,SALE,31-12-2024 17:48:22,S06,20241231
S06/20241231/00036,6,DISC,1,-500.87,DISCOUNT,31-12-2024 17:48:22,S06,20241231
S06/20241231/00036,7,TAX,1,308.69,TAX,31-12-2024 17:48:22,S06,20241231
S06/20241231/00036,8,TENDER,1,4835.58,TENDER,31-12-2024 17:48:22,S06,20241231
S06/20241231/00037,1,P106599,2,245.11,SALE,31-12-2024 20:23:02,S06,20241231
S06/20241231/00037,2,P100172,1,205.47,SALE,31-12-2024 20:23:02,S06,20241231
S06/20241231/00037,3,P102021,4,90.22,SALE,31-12-2024 20:23:02,S06,20241231
S06/20241231/00037,4,P105855,1,123.28,SALE,31-12-2024 20:23:02,S06,20241231
S06/20241231/00037,5,P101585,4,10.45,SALE,31-12-2024 20:23:02,S06,20241231
S06/20241231/00037,6,P100406,2,435.20,SALE,31-12-2024 20:23:02,S06,20241231
S06/20241231/00037,7,P102566,2,414.37,SALE,31-12-2024 20:23:02,S06,20241231
S06/20241231/00037,8,P107960,2,1191.78,SALE,31-12-2024 20:23:02,S06,20241231
S06/20241231/00037,9,TAX,1,462.76,TAX,31-12-2024 20:23:02,S06,20241231
S06/20241231/00037,10,TENDER,1,5767.11,TENDER,31-12-2024 20:23:02,S06,20241231
S06/20241231/00038,1,P101740,1,855.00,SALE,31-12-2024 17:35:00,S06,20241231
S06/20241231/00038,2,P106181,3,778.60,SALE,31-12-2024 17:35:00,S06,20241231
S06/20241231/00038,3,P104389,1,169.98,SALE,31-12-2024 17:35:00,S06,20241231
S06/20241231/00038,4,P102023,1,425.67,SALE,31-12-2024 17:35:00,S06,20241231
S06/20241231/00038,5,TAX,1,81.68,TAX,31-12-2024 17:35:00,S06,20241231
S06/20241231/00038,6,TENDER,1,3868.13,TENDER,31-12-2024 17:35:00,S06,20241231
S06/20241231/00039,1,P107178,5,298.69,SALE,31-12-2024 23:59:47,S06,20241231
S06/20241231/00039,2,P107520,2,139.81,SALE,31-12-2024 23:59:47,S06,20241231
S06/20241231/00039,3,P100761,2,51.26,SALE,31-12-2024 23:59:47,S06,20241231
S06/20241231/00039,4,P108076,1,151.55,SALE,31-12-2024 23:59:47,S06,20241231
S06/20241231/00039,5,TAX,1,225.60,TAX,31-12-2024 23:59:47,S06,20241231
S06/20241231/00039,6,TENDER,1,2252.74,TENDER,31-12-2024 23:59:47,S06,20241231
S06/20241231/00040,1,P106228,2,44.54,SALE,31-12-2024 12:42:09,S06,20241231
S06/20241231/00040,2,P105765,2,529.25,SALE,31-12-2024 12:42:09,S06,20241231
S06/20241231/00040,3,P107630,3,309.72,SALE,31-12-2024 12:42:09,S06,20241231
S06/20241231/00040,4,P101626,1,1040.69,SALE,31-12-2024 12:42:09,S06,20241231
S06/20241231/00040,5,P107843,4,486.47,SALE,31-12-2024 12:42:09,S06,20241231
S06/20241231/00040,6,TAX,1,848.95,TAX,31-12-2024 12:42:09,S06,20241231
S06/20241231/00040,7,TENDER,1,5912.26,TENDER,31-12-2024 12:42:09,S06,20241231
S06/20241231/00041,1,P100057,1,233.39,SALE,31-12-2024 15:58:33,S06,20241231
S06/20241231/00041,2,P100319,3,54.97,SALE,31-12-2024 15:58:33,S06,20241231
S06/20241231/00041,3,P107100,2,200.76,SALE,31-12-2024 15:58:33,S06,20241231
S06/20241231/00041,4,P101899,2,326.35,SALE,31-12-2024 15:58:33,S06,20241231
S06/20241231/00041,5,P102772,1,151.97,SALE,31-12-2024 15:58:33,S06,20241231
S06/20241231/00041,6,P100509,1,143.57,SALE,31-12-2024 15:58:33,S06,20241231
S06/20241231/00041,7,P100326,1,47.79,SALE,31-12-2024 15:58:33,S06,20241231
S06/20241231/00041,8,P100210,2,1073.90,SALE,31-12-2024 15:58:33,S06,20241231
S06/20241231/00041,9,P105106,2,104.56,SALE,31-12-2024 15:58:33,S06,20241231
S06/20241231/00041,10,P103986,2,495.05,SALE,31-12-2024 15:58:33,S06,20241231
S06/20241231/00041,11,TAX,1,698.90,TAX,31-12-2024 15:58:33,S06,20241231
S06/20241231/00041,12,TENDER,1,5841.77,TENDER,31-12-2024 15:58:33,S06,20241231
S06/20241231/00042,1,P102835,3,101.19,SALE,31-12-2024 15:32:33,S06,20241231
S06/20241231/00042,2,P105198,1,15.39,SALE,31-12-2024 15:32:33,S06,20241231
S06/20241231/00042,3,P100731,1,254.77,SALE,31-12-2024 15:32:33,S06,20241231
S06/20241231/00042,4,P108227,4,551.58,SALE,31-12-2024 15:32:33,S06,20241231
S06/20241231/00042,5,DISC,1,-153.83,DISCOUNT,31-12-2024 15:32:33,S06,20241231
S06/20241231/00042,6,TAX,1,79.48,TAX,31-12-2024 15:32:33,S06,20241231
S06/20241231/00042,7,TENDER,1,2705.70,TENDER,31-12-2024 15:32:33,S06,20241231
S06/20241231/00043,1,P105636,2,558.71,SALE,31-12-2024 15:28:49,S06,20241231
S06/20241231/00043,2,P107301,1,945.94,SALE,31-12-2024 15:28:49,S06,20241231
S06/20241231/00043,3,TAX,1,0.00,TAX,31-12-2024 15:28:49,S06,20241231
S06/20241231/00043,4,TENDER,1,2063.36,TENDER,31-12-2024 15:28:49,S06,20241231
S06/20241231/00044,1,P107799,2,751.07,SALE,31-12-2024 17:01:05,S06,20241231
S06/20241231/00044,2,P100453,1,207.31,SALE,31-12-2024 17:01:05,S06,20241231
S06/20241231/00044,3,TAX,1,99.98,TAX,31-12-2024 17:01:05,S06,20241231
S06/20241231/00044,4,TENDER,1,1809.43,TENDER,31-12-2024 17:01:05,S06,20241231
S06/20241231/00045,1,P101940,1,201.44,SALE,31-12-2024 19:08:37,S06,20241231
S06/20241231/00045,2,P106382,2,81.60,SALE,31-12-2024 19:08:37,S06,20241231
S06/20241231/00045,3,P108379,2,300.71,SALE,31-12-2024 19:08:37,S06,20241231
S06/20241231/00045,4,P104625,1,296.80,SALE,31-12-2024 19:08:37,S06,20241231
S06/20241231/00045,5,P107743,2,197.87,SALE,31-12-2024 19:08:37,S06,20241231
S06/20241231/00045,6,P103382,4,196.46,SALE,31-12-2024 19:08:37,S06,20241231
S06/20241231/00045,7,P101599,3,417.76,SALE,31-12-2024 19:08:37,S06,20241231
S06/20241231/00045,8,TAX,1,408.71,TAX,31-12-2024 19:08:37,S06,20241231
S06/20241231/00045,9,TENDER,1,4106.43,TENDER,31-12-2024 19:08:37,S06,20241231
S06/20241231/00046,1,P102263,1,116.79,SALE,31-12-2024 11:55:13,S06,20241231
S06/20241231/00046,2,P104593,1,867.34,SALE,31-12-2024 11:55:13,S06,20241231
S06/20241231/00046,3,P108135,3,562.62,SALE,31-12-2024 11:55:13,S06,20241231
S06/20241231/00046,4,P107743,1,197.87,SALE,31-12-2024 11:55:13,S06,20241231
S06/20241231/00046,5,P103504,2,366.55,SALE,31-12-2024 11:55:13,S06,20241231
S06/20241231/00046,6,P105201,3,365.02,SALE,31-12-2024 11:55:13,S06,20241231
S06/20241231/00046,7,TAX,1,284.57,TAX,31-12-2024 11:55:13,S06,20241231
S06/20241231/00046,8,TENDER,1,4982.59,TENDER,31-12-2024 11:55:13,S06,20241231
S06/20241231/00047,1,P102023,1,425.67,SALE,31-12-2024 14:00:08,S06,20241231
S06/20241231/00047,2,P106174,2,229.89,SALE,31-12-2024 14:00:08,S06,20241231
S06/20241231/00047,3,P107630,3,309.72,SALE,31-12-2024 14:00:08,S06,20241231
S06/20241231/00047,4,P106997,2,42.42,SALE,31-12-2024 14:00:08,S06,20241231
S06/20241231/00047,5,TAX,1,228.51,TAX,31-12-2024 14:00:08,S06,20241231
S06/20241231/00047,6,TENDER,1,2127.96,TENDER,31-12-2024 14:00:08,S06,20241231
S06/20241231/00048,1,P100940,3,199.52,SALE,31-12-2024 15:42:32,S06,20241231
S06/20241231/00048,2,P106344,4,801.30,SALE,31-12-2024 15:42:32,S06,20241231
S06/20241231/00048,3,P108135,1,562.62,SALE,31-12-2024 15:42:32,S06,20241231
S06/20241231/00048,4,P103202,2,295.26,SALE,31-12-2024 15:42:32,S06,20241231
S06/20241231/00048,5,P103273,4,356.86,SALE,31-12-2024 15:42:32,S06,20241231
S06/20241231/00048,6,P105280,4,220.35,SALE,31-12-2024 15:42:32,S06,20241231
S06/20241231/00048,7,P100609,2,75.79,SALE,31-12-2024 15:42:32,S06,20241231
S06/20241231/00048,8,P101603,1,965.71,SALE,31-12-2024 15:42:32,S06,20241231
S06/20241231/00048,9,DISC,1,-463.87,DISCOUNT,31-12-2024 15:42:32,S06,20241231
S06/20241231/00048,10,TAX,1,498.82,TAX,31-12-2024 15:42:32,S06,20241231
S06/20241231/00048,11,TENDER,1,8417.98,TENDER,31-12-2024 15:42:32,S06,20241231
S06/20241231/00049,1,P104725,1,551.38,SALE,31-12-2024 18:46:05,S06,20241231
S06/20241231/00049,2,P106602,1,122.17,SALE,31-12-2024 18:46:05,S06,20241231
S06/20241231/00049,3,P102534,4,98.12,SALE,31-12-2024 18:46:05,S06,20241231
S06/20241231/00049,4,TAX,1,176.00,TAX,31-12-2024 18:46:05,S06,20241231
S06/20241231/00049,5,TENDER,1,1242.03,TENDER,31-12-2024 18:46:05,S06,20241231
S06/20241231/00050,1,P101626,3,1040.69,SALE,31-12-2024 16:50:39,S06,20241231
S06/20241231/00050,2,P105075,2,49.58,SALE,31-12-2024 16:50:39,S06,20241231
S06/20241231/00050,3,P108221,3,50.44,SALE,31-12-2024 16:50:39,S06,20241231
S06/20241231/00050,4,P105997,1,124.60,SALE,31-12-2024 16:50:39,S06,20241231
S06/20241231/00050,5,TAX,1,425.96,TAX,31-12-2024 16:50:39,S06,20241231
S06/20241231/00050,6,TENDER,1,3923.11,TENDER,31-12-2024 16:50:39,S06,20241231
S06/20241231/00051,1,P103794,3,785.54,SALE,31-12-2024 21:47:37,S06,20241231
S06/20241231/00051,2,P104097,2,330.82,SALE,31-12-2024 21:47:37,S06,20241231
S06/20241231/00051,3,P103273,3,356.86,SALE,31-12-2024 21:47:37,S06,20241231
S06/20241231/00051,4,P101530,1,576.50,SALE,31-12-2024 21:47:37,S06,20241231
S06/20241231/00051,5,P103861,2,57.59,SALE,31-12-2024 21:47:37,S06,20241231
S06/20241231/00051,6,P107996,1,224.54,SALE,31-12-2024 21:47:37,S06,20241231
S06/20241231/00051,7,P107026,2,69.10,SALE,31-12-2024 21:47:37,S06,20241231
S06/20241231/00051,8,P103749,1,17.91,SALE,31-12-2024 21:47:37,S06,20241231
S06/20241231/00051,9,DISC,1,-426.83,DISCOUNT,31-12-2024 21:47:37,S06,20241231
S06/20241231/00051,10,TAX,1,435.31,TAX,31-12-2024 21:47:37,S06,20241231
S06/20241231/00051,11,TENDER,1,5169.65,TENDER,31-12-2024 21:47:37,S06,20241231
S06/20241231/00052,1,P104587,1,252.25,SALE,31-12-2024 14:54:41,S06,20241231
S06/20241231/00052,2,P106072,3,78.69,SALE,31-12-2024 14:54:41,S06,20241231
S06/20241231/00052,3,P106373,2,48.45,SALE,31-12-2024 14:54:41,S06,20241231
S06/20241231/00052,4,TAX,1,45.79,TAX,31-12-2024 14:54:41,S06,20241231
S06/20241231/00052,5,TENDER,1,631.01,TENDER,31-12-2024 14:54:41,S06,20241231
